`,метка,наименование,Заказчик,Цена контракта,аванс,Дата и время окончания подачи заявок,Срок исполнения контракта,закупки гов,контур,Тип закупки,адрес,контракт,причина / сумма контракта
03.08.26,дороги,Выполнение работ по ремонту автомобильной дороги Подгорное-Игнашкино на участке км 1+578-км 3+150 в Чаинском районе Томской области,Управление автомобильных дорог Томской области,"70 465 593,55 ₽","≈ 21 139 678,07 ₽ 30 %",11.08.2026,23.08.2027,https://zakupki.gov.ru/epz/order/notice/ea20/view/common-info.html?regNumber=0865200000326000979,https://zakupki.kontur.ru/0865200000326000979,,,да,"-24,5%
НДС"
03.08.26,дороги,"Выполнение работ по ремонту автомобильной дороги А-321 Барнаул - Павловск - граница с Республикой Казахстан на участке км 198+000 - км 201+000, Алтайский край",ФУАД,"95 912 220,00 ₽","≈ 22 059 810,60 ₽ 23 %",19.08.2026,01.11.2028,https://zakupki.gov.ru/epz/order/notice/ok20/view/common-info.html?regNumber=0351100008926000157,https://zakupki.kontur.ru/0351100008926000157,,,да,"-6,7%
Барнаульское Дсу № 4"
03.08.26,дороги,"Выполнение работ по ремонту автомобильной дороги А-321 Барнаул - Павловск - граница с Республикой Казахстан на участке км 201+000 - км 210+500, Алтайский край",ФУАД,"303 722 040,00 ₽","≈ 69 856 069,20 ₽ 23 %",19.08.2026,01.11.2028,https://zakupki.gov.ru/epz/order/notice/ok20/view/common-info.html?regNumber=0351100008926000156,https://zakupki.kontur.ru/0351100008926000156,,,да,"-5,5%
Центральное Дсу Алтайского Края"
03.08.26,разное,"Комплекс работ по модернизации зданий и сооружений для устройства антидроновой защиты объектов капитального строительства ""Котельный цех"", ""Склад сырьевой Н2SО4""

 г. Анжеро-Судженск, Ленина, 4","Акционерное общество «Каскад-Энерго»","11 604 246,07 
",-,12.08.2026,-,https://zakupki.gov.ru/epz/order/extendedsearch/results.html?searchString=32616253890,https://zakupki.kontur.ru/32616253890,,,да,-3%
03.08.26,дороги,"Выполнение работ по ремонту асфальтобетонного покрытия территории МБОУ «СОШ № 41» корпус № 1

Бийск",Средняя общеобразовательная школа №41,"5 507 567,60 ₽",-,07.08.2026,30.11.2026,https://zakupki.gov.ru/epz/order/notice/zk20/view/common-info.html?regNumber=0317300253026000015,https://zakupki.kontur.ru/0317300253026000015,,,да,"-12%
Мхитарян "
03.08.26,мост,На выполнение работ по капитальному ремонту мостового перехода через р. Олха на км 1+370 автомобильной дороги Смоленщина - Введенщина - Чистые Ключи в Иркутском районе Иркутской области,Дирекция по строительству и эксплуатации автомобильных дорог Иркутской области,"543 631 800,00 ₽","≈ 163 089 540,00 ₽ 30 %",12.08.2026,27.12.2027,https://zakupki.gov.ru/epz/order/notice/ea20/view/common-info.html?regNumber=0134200000126003416,https://zakupki.kontur.ru/0134200000126003416,,,да,"-0,5%
Дсио"
03.08.26,барьеры,"Выполнение работ по капитальному ремонту автомобильных дорог: замена барьерного ограждения на автомобильных дорогах общего пользования регионального или межмуниципального значения в Промышленновском муниципальном округе

Окунёво-Усть-Каменка-Абышево с подъездомк с.Титово км 2-3, подъезд (1) км 1-2; Промыщленная-Лебеди км 12-13.",Дирекция Автомобильных Дорог Кузбасса,"6 257 419,10 ₽",-,11.08.2026,04.12.2026,https://zakupki.gov.ru/epz/order/notice/ea20/view/common-info.html?regNumber=0139200000126009361,https://zakupki.kontur.ru/0139200000126009361,,,нет,нет допущенных
03.08.26,дороги,Выполнение работ по строительству автомобильной дороги «Обход г. Бийска в Бийском районе Алтайского края» с разработкой рабочей документации,Управление Автомобильных Дорог Алтайского Края,-,-,04.08.2026,-,https://zakupki.gov.ru/epz/pricereq/card/common-info.html?reestrNumber=0317200051726000233,https://zakupki.kontur.ru/RQ0317200051726000233,,,неизвестно,
03.08.26,дороги,"Выполнение работ по ремонту автомобильной дороги А-321 Барнаул - Павловск - граница с Республикой Казахстан на участке км 132+000 - км 142+250, Алтайский край",ФУАД,"327 700 090,00 ₽
","≈ 75 371 020,70 ₽ 23 %",19.08.2026,01.11.2028,https://zakupki.gov.ru/epz/order/notice/ok20/view/common-info.html?regNumber=0351100008926000154,https://zakupki.kontur.ru/0351100008926000154,,,да,"-3,6%
Барнаульское Дсу № 4"
03.08.26,благоустройство,"Выполнение работ по благоустройству территории, строительство тротуара по ул. Заводская в р.п. Чаны Чановского муниципального округа Новосибирской области.
",Администрация Чановского Муниципального Округа Новосибирской обл,"3 300 070,66 ₽
",-,07.08.2026,27.11.2026,https://zakupki.gov.ru/epz/order/notice/ea20/view/common-info.html?regNumber=0851600007226000128,https://zakupki.kontur.ru/0851600007226000128,,,да,"-10,4%
Страда"
03.08.26,мост,"Ремонт моста через р. Паньковка-2 на км 173+110 автомобильной дороги Р-258 «Байкал» Иркутск-Улан-Удэ-Чита, Иркутская область",Управление Автомобильной Магистрали Красноярск - Иркутск Федерального Дорожного Агентства,"98 560 116,00 ₽
","≈ 9 856 011,60 ₽ 10 %",17.08.2026,16.11.2028,https://zakupki.gov.ru/epz/order/notice/ok20/view/common-info.html?regNumber=0334100007526000074,https://zakupki.kontur.ru/0334100007526000074,,,отменена,
03.08.26,благоустройство,"Выполнение работ по благоустройству правого берега реки у курортного сквера, 1 этап, подготовка площадки

Белокуриха",Администрация г. Белокуриха Алтайского края,"12 000 000,00 ₽",-,06.08.2026,18.11.2026,https://zakupki.gov.ru/epz/order/notice/ea20/view/common-info.html?regNumber=0317300019826000067,https://zakupki.kontur.ru/0317300019826000067,,,нет,один допущенный
03.08.26,дороги,"Оказание комплекса услуг по автовскрыше и поддержанию в рабочем состоянии технологической дороги для вывозки вскрышных пород или горной массы

Иркутская область",Разрез Черемховуголь,"2 335 342 400,00 ₽
",-,14.08.2026,-,https://td.enplus.ru/redesign/works-and-services-purchase/detail-page/?ELEMENT_ID=479648,https://zakupki.kontur.ru/IS68199987,,,неизвестно,
03.08.26,Пиломатериалы,"Поставка пиломатериала хвойных пород для нужд АО ""НСЗ""

990 м3

Новосибирск",Новосибирский Стрелочный Завод,990 м3,-,04.08.2026,-,https://www.b2b-center.ru/app/market/postavka-pilomateriala-khvoinykh-porod-dlia-nuzhd-ao-nsz/tender-4540157/?utm_source=kontur&utm_medium=referral&utm_campaign=ref_id&key=skb-34e3b000f4c34e609360b36c3bdc66eb826d428aa,https://zakupki.kontur.ru/4540157_459,,,неизвестно,
03.08.26,благоустройство,"Выполнение работ по благоустройству по адресу: Московская область, г. Видное, Советская площадь и прилегающие к ней территории",Благоустройство» Ленинского Городского Округа Московской Области,"333 464 025,52 ₽
","≈ 100 039 207,66 ₽ 30 %",17.08.2026,31.12.2027,https://zakupki.gov.ru/epz/order/notice/ok20/view/common-info.html?regNumber=0148200005426000340,https://zakupki.kontur.ru/0148200005426000340,,,да,"-0,5%
Альппрофит"
03.08.26,благоустройство,"Выполнение работ по благоустройству территории в рамках капитального ремонта ФГБНУ «РНЦХ им. акад. Б.В. Петровского»

Город Москва, п Роговское, д Петрово",Российский Научный Центр Хирургии Имени Академика Б.В. Петровского,"73 681 730,00 ₽",-,14.08.2026,31.12.2027,https://zakupki.gov.ru/epz/order/notice/ok20/view/common-info.html?regNumber=0373100072126001125,https://zakupki.kontur.ru/0373100072126001125,,,да,"0%
Васильев"
03.08.26,благоустройство,"Выполнение работ по благоустройству территории в рамках капитального ремонта ФГБНУ «РНЦХ им. акад. Б.В. Петровского»

Город Москва, п Роговское, д Петрово",Российский Научный Центр Хирургии Имени Академика Б.В. Петровского,"80 286 850,00 ₽
",-,14.08.2026,31.12.2027,https://zakupki.gov.ru/epz/order/notice/ok20/view/common-info.html?regNumber=0373100072126001126,https://zakupki.kontur.ru/0373100072126001126,,,да,"-3%
Энсо Стрим"
03.08.26,благоустройство,"выполнение проектно-изыскательских работ по разработке проекта благоустройства территории и выполнение работ по благоустройству территории объекта спортивной инфраструктуры, ГБУ ДО ""Московская академия танцевального спорта и акробатического рок-н-ролла"", расположенного по адресу: 

Московская область, Одинцовский городской округ, село Жаворонки, территория Спортивный комплекс Жаворонки, вл.1
",Московский Центр Развития Спортивной Инфраструктуры,"73 407 152,47 ₽
",-,06.08.2026,-,https://mossportrazvitie.ru/docs/etp_client/client/procurements/713d6d9c-6696-4e3f-ae2b-8f9ebd70477d/,https://zakupki.kontur.ru/IS68209283,,,неизвестно,
03.08.26,дороги,"Выполнение работ по содержанию автомобильных дорог: планово-предупредительные работы на мосту через р. Прямой Ускат на автомобильной дороге Ленинск-Кузнецкий – Киселевск, км 79+895",Дирекция Автомобильных Дорог Кузбасса,"31 071 081,39 ₽",-,14.08.2026,10.02.2028,https://zakupki.gov.ru/epz/order/notice/ea20/view/common-info.html?regNumber=0139200000126009475,https://zakupki.kontur.ru/0139200000126009475,,,нет,один допущенный
03.08.26,мост,"Выполнение работ по текущему ремонту моста, расположенного по адресу: Иркутская область г. Нижнеудинск ул. Некрасова",Управление Капитального Строительства Нижнеудинского Района,"6 966 972,04 ₽
",-,11.08.2026,08.12.2026,https://zakupki.gov.ru/epz/order/notice/ea20/view/common-info.html?regNumber=0134300063026000138,https://zakupki.kontur.ru/0134300063026000138,,,отменена,
03.08.26,благоустройство,Выполнение работ по посадке деревьев на озелененных территориях города Красноярска,Департамент Жилищно-Коммунального Хозяйства и Благоустройства администрации г. Красноярска,"1 700 000,00 ₽
",-,11.08.2026,31.12.2026,https://zakupki.gov.ru/epz/order/notice/ea20/view/common-info.html?regNumber=0119300019826001500,https://zakupki.kontur.ru/0119300019826001500,,,да,"-62,5%
Стройкомплекс-26"
04.08.26,вода,"Выполнение работ по реконструкции внешней сети теплоснабжения станции Заельцовская инв. №24182

от ул. Перевозчикова, дом 2 до входа № 1 станции Заельцовская
",Новосибирский метрополитен,"46 961 919,46 ₽
",,10.08.2026,,https://zakupki.gov.ru/epz/order/extendedsearch/results.html?searchString=32616230156,https://zakupki.kontur.ru/32616230156,,,нет,нет допущенных
04.08.26,вода,11.1.01.2 Сети и ТУ. Наружные сети водоснабжения. Европейский берег 00.7ШК,Брусника,"3 556 708,82 ₽
",,05.08.2026,,https://srm.brusnika.ru/trades/118946024/info,https://zakupki.kontur.ru/IS68466284,,,неизвестно,
04.08.26,газ,"Газификация противотуберкулезного диспансера, расположенного по ул. Садовое кольцо, д.4 в г. Куйбышев Новосибирской области",НПП «Сибирский энергетический центр»,"61 323 715,10 ₽",,12.08.2026,,https://zakupki.gov.ru/epz/order/extendedsearch/results.html?searchString=32616256035,https://zakupki.kontur.ru/32616256035,,,да,-7%
04.08.26,дороги,"Выполнение работ по строительству объекта ""Автомобильная дорога необщего пользования ПЛП ""Южный"". Первый этап строительства (Автомобильная дорога необщего пользования ПЛП ""Южный"")""",Управляющая Компания «Промышленно-Логистический Парк,"267 432 640,41 ₽",,11.08.2026,24.12.2026,https://zakupki.gov.ru/epz/order/notice/ea20/view/common-info.html?regNumber=0851200000626005175,https://zakupki.kontur.ru/0851200000626005175,,,отменена,
04.08.26,мост,"Право заключения договора на выполнение строительных, монтажных работ в отношении объекта капитального строительства АО «МСЗ». Конструкции железобетонные. Наружные эстакады по объекту: «Развитие производственных мощностей по выпуску ТВС для транспортных установок, станций малой мощности и плавучих энергоблоков в корпусе189 (низкая часть) и 189Р цеха 42

Москва","Акционерное общество «Твэл-Строй»
","32 549 211,56 ₽
",,13.08.2026,,https://www.fabrikant.ru/trades/atom/ProposalRequest/?action=view&id=49919&lang=RU#lot_1,https://zakupki.kontur.ru/3482542,,,неизвестно,
04.08.26,монолит,"Выполнение полного комплекса строительно-монтажных работ по устройству монолита на объекте, расположенному по адресу: г. Москва, внутригородское муниципальное образование Северное Измайлово, Щелковское шоссе, земельный участок 92/1

Москва Северное Измайлово, мкр. 80",Пик-Специализированный Застройщик,"1 254 038 980,79 ₽
",,11.08.2026,,https://etp.pik.ru/trades/107456430/info,https://zakupki.kontur.ru/IS68690371,,,неизвестно,
05.08.26,дороги,"Выполнение работ по ремонту автомобильной дороги ""11 км а.д.""Н-2138 Новосибирск-Красный Яр-Кубовая"" в Новосибирском районе Новосибирской области",Управляющая компания единого заказчика жилищно-коммунального хозяйства и строительства,"14 999 823,04 ₽
",,13.08.2026,31.12.2026,https://zakupki.gov.ru/epz/order/notice/ea20/view/common-info.html?regNumber=0351300298326000120,https://zakupki.kontur.ru/0351300298326000120,,,да,"-59%
Ростдорнефть"
05.08.26,барьеры,"Выполнение работ по поставке барьерного ограждению и его установке на объектах ремонта автомобильных дорог для нужд АО «Южное ДСУ Алтайского края»",Южное Дорожно-Строительное Управление Алтайского Края,"9 967 335,00 ₽
",,13.08.2026,,https://zakupki.gov.ru/epz/order/extendedsearch/results.html?searchString=32616262637,https://zakupki.kontur.ru/32616262637,,,нет,допущена только одна заявка
05.08.26,мосты,"Ремонт моста через р. Дулиха на км 214+127 автомобильной дороги Р-258 «Байкал» Иркутск - Улан-Удэ - Чита, Республика Бурятия",Управление Автомобильной Магистрали Красноярск - Иркутск Федерального Дорожного Агентства,"74 953 149,00 ₽
","≈ 7 495 314,90 ₽ 10 %",21.08.2026,2.12.2028,https://zakupki.gov.ru/epz/order/notice/ok20/view/common-info.html?regNumber=0334100007526000075,https://zakupki.kontur.ru/0334100007526000075,,,да,"0%
СтатусСиб"
24.07.26,дороги,"Выполнение инженерных изысканий, разработка проектной и рабочей документации с выполнением строительства объекта: “Автомобильная дорога от остановочной платформы “Университетская” и транспортно-пересадочного узла “Университетский проспект” до пересечения улиц Жемчужная и Университетский проспект”
",г. Новосибирска «Управление дорожного строительства»,"190 853 151,74 ₽
",,12.08.2026,22.12.2028,https://zakupki.gov.ru/epz/order/notice/ok20/view/common-info.html?regNumber=0351300077926000018,https://zakupki.kontur.ru/0351300077926000018,,,нет,нет допущенных
24.07.26,здания,"Выполнение работ по инженерным изысканиям, проектированию, строительству и вводу в эксплуатацию объекта капитального строительства «Строительство поликлиники смешанного типа мощностью 350 посещений в смену с детским отделением на 120 посещений в смену (мкр. «Северный парк», мкр. «Левобережный лайф»)»
","Областное государственное казенное учреждение «Облстройзаказчик»","989 693 757,04 ₽","≈ 69 278 562,99 ₽ 7 %
",11.08.2026,31.12.2028,https://zakupki.gov.ru/epz/order/notice/ok20/view/common-info.html?regNumber=0165200003326000195,https://zakupki.kontur.ru/0165200003326000195,,,нет,допущена только одна заявка
23.07.26,дороги,"Выполнение работ по ремонту автомобильной дороги Больше-Дорохово - Тегульдет на участке км 130+000 - км 154+000 в Тегульдетском районе Томской области. 3 этап км 146+000 - км 154+000",Управление автомобильных дорог Томской области,"378 198 804,69 ₽
","≈ 113 459 641,41 ₽ 30 %
",11.08.2026,9.8.2027,https://zakupki.gov.ru/epz/order/notice/ea20/view/common-info.html?regNumber=0865200000326000947,https://zakupki.kontur.ru/0865200000326000947,,,да,"-24,6%
Градстрой"
23.07.26,дороги,Выполнение работ по ремонту автомобильной дороги Бакчар-Подгорное-Коломино на участке км 173+140-км 181+349 в Чаинском районе Томской области,Управление автомобильных дорог Томской области,"351 900 450,59 ₽","≈ 105 570 135,18 ₽ 30 %",07.08.2026,19.10.2027,https://zakupki.gov.ru/epz/order/notice/ea20/view/common-info.html?regNumber=0865200000326000941,https://zakupki.kontur.ru/0865200000326000941,,,да,"-24,6%
Автодорстрой"
30.07.26,здания,"Капитальный ремонт общежития с пристроенными столовой и спортзалом Лит.А, расположенное по адресу: РФ, Алтайский край, г. Барнаул, ул. Молодежная, 29А (Общежитие № 4 ФГБОУ ВО Алтайский ГАУ)",Алтайский Государственный Аграрный Университет,"346 713 014,81 ₽
",,18.08.2026,1.12.2027,https://zakupki.gov.ru/epz/order/notice/ok20/view/common-info.html?regNumber=0317100017726000008,https://zakupki.kontur.ru/0317100017726000008,,,нет,одна заявка
09.07.26,вода,"Выполнение работ по замене участков 2-х трубного подземного стального водовода Ду400 на полимерные Ду200 ОСП ""ЮФЗ""

. Юрга, перегон Юрга-1 Тутальская, 3496 км ПК 7-8",Кузнецкие Ферросплавы,,,07.08.2026,,https://zakupki.chemk-group.ru/#com/procedure/view/procedure/1542,https://zakupki.kontur.ru/IS66266382,,,,
07.07.26,здания,"Выполнение капитальных ремонтных работ зданий и сооружений

Анжеро-Судженск, пгт Рудничный, ул. Усынина 3.
",Кузнецкие Ферросплавы,,,07.08.2026,,https://zakupki.chemk-group.ru/#com/procedure/view/procedure/1531,https://zakupki.kontur.ru/IS66028424,,,неизвестно,
07.07.26,здания,"Выполнение строительно-монтажных работ по объектам: ""Склад ГСМ"" инв. №01\020467 (ремонт крылец, отмостки), ""АЗС 169.2 м2"" инв. №01\200032 (ремонт крылец, колодцев, отмостки), ""Здание ОФ (Погрузочные бункера) 5016.4м2"" инв. №01\000243 (усиление строительных конструкций и восстановление бетонных полов, согласно РД№464-РД-2026), ""Здание ОФ (Яма привозных углей)"" инв. №01\000263 (усиление строительных конструкций, согласно РД№465-РД-2026) филиала ""Кедровский угольный разрез"" в 2026-2027г",Угольная Компания «Кузбассразрезуголь,,,06.08.2026,,https://etp.metal-it.ru/trades/589491110/info,https://zakupki.kontur.ru/IS65997146,,,неизвестно,
06.07.26,здания,"Выполнение работ по монтажу резервуаров вертикальных стальных с понтоном РВСП-2000 с проведением гидроиспытаний и выполнением АКЗ на объекте ""Сокурская нефтебаза""

Мошковский район, р. п. Сокур, Производственная зона
","Акционерное общество «Айсорс»",,,05.08.2026,,https://etpgpb.ru/procedure/tender/etp/1268988,https://zakupki.kontur.ru/AP120893,,,неизвестно,
05.08.26,дороги,"Выполнение работ по строительству автомобильной дороги «Обход г. Бийска в Бийском районе Алтайского края» с разработкой рабочей документации

от пересечения улиц Кутателадзе и Демакова до улицы Арбузова с выходом на трассу «Кольцово-Академгородок».","Новосибирска «Управление дорожного строительства»","1 799 543 506,83 ₽","≈ 539 863 052,05 ₽ 30 %",21.08.2026,12.12.2028,https://zakupki.gov.ru/epz/order/notice/ok20/view/common-info.html?regNumber=0351300077926000020,https://zakupki.kontur.ru/0351300077926000020,,,да,"0%
Новосибирскавтодор"
04.08.26,здания,Модернизация площадки ККЗ с изготовлением металлоконструкций для нужд ООО СПК Чистогорский,Сибагро,,,11.08.2026,,https://www.b2b-center.ru/market/view.html?id=4549425&utm_source=kontur&utm_medium=referral&utm_campaign=ref_id&key=skb-34e3b000f4c34e609360b36c3bdc66eb826d428a,https://zakupki.kontur.ru/4549425_4,,,неизвестно,
04.08.26,здания,"Выполнение комплекса строительно-ремонтных работ (экстерьер, интерьер) на АЗС/АЗКс заменой элементов фирменного стиля в рамках программы обновления розничнойсети ""Роснефть"" по объектам АО ""Томскнефтепродукт"" ВНК","Томскнефтепродукт» Восточной Нефтяной Компании
",,,12.08.2026,,https://www.tektorg.ru/rosneft/procedures/19555120,https://zakupki.kontur.ru/IS68782902,,,неизвестно,
31.07.26,здания,"Текущий ремонт строительных конструкций зданий главного корпуса механосборочного цеха , механозаготовительного цеха , мастерской ТЦ, КЦ (по ЭПБ).
",Новосибирский стрелочный завод,,,17.08.2026,,https://www.roseltorg.ru/procedure/B3107260754472,https://zakupki.kontur.ru/IS68448877,,,неизвестно,
29.07.26,здания,"Выполнение работ по завершению строительства объекта: «Строительство комплекса сооружений очистки подземных вод р. п. Ордынское Ордынского района Новосибирской области»",Администрация рабочего поселка Ордынское Ордынского района Новосибирской обл,"72 089 815,71 ₽
",,06.08.2026,29.12.2026,https://zakupki.gov.ru/epz/order/notice/ea20/view/common-info.html?regNumber=0851200000626005078,https://zakupki.kontur.ru/0851200000626005078,,,нет,нет допущенных
05.08.26,монолит,Монолитные железобетонные конструкции здания выше отм. 0.000 Устройство подпорной стены,"Группа Компаний «Страна»
",,,06.08.2026,,https://partner.strana.com/lk/trading/view/223b3790-0583-4395-a98a-53a7cc028a6a/common-info,https://zakupki.kontur.ru/IS68872211,,,неизвестно,
05.08.26,мост,"Капитальный ремонт тоннеля под галереей и автодорогой для отвода р. Западный Каз Казской шахты филиал «ЕВРАЗРУДА» ПАО «ЕВРАЗ».

Новокузнецк, ш. Космическое, д. 16
",Евраз,,,17.08.2026,,https://www.b2b-center.ru/market/view.html?id=4550538&utm_source=kontur&utm_medium=referral&utm_campaign=ref_id&key=skb-34e3b000f4c34e609360b36c3bdc66eb826d428a,https://zakupki.kontur.ru/4550538_4,,,неизвестно,
04.08.26,растения,"Оказание услуг по поставке и посадке растений
",Новосибирскэнергосбыт,"355 300,00 ₽
",,05.08.2026,,https://www.roseltorg.ru/procedure/B0408260653055,https://zakupki.kontur.ru/IS68763206,,,неизвестно,
06.08.26,мост,"Ремонт подпорной стены и автомобильной дороги по ул. Ипподромской справа по ходу движения в сторону ул. Фрунзе на участке от ул. Писарева до ул. Гоголя, 49 в Центральном районе г. Новосибирска (устройство барьерного ограждения и укрепление откоса насыпи)",ГорМост,"3 558 926,31 ₽
",,13.08.2026,15.11.2026,https://zakupki.gov.ru/epz/order/notice/zk20/view/common-info.html?regNumber=0351300107026000136,https://zakupki.kontur.ru/0351300107026000136,,,нет,только одна заявка
06.08.26,мост,"Аварийно-восстановительные работы в местах ликвидации последствий чрезвычайных ситуаций: выполнение работ по ликвидации обвала обочины под бетонным ограждением на внутриквартальном проезде в гаражном комплексе вблизи жилого дома поул. Ипподромская, 52 в калининском районе города Новосибирска",ГорМост,"1 476 388,00 ₽",,13.08.2026,15.11.2026,https://zakupki.gov.ru/epz/order/notice/zk20/view/common-info.html?regNumber=0351300107026000135,https://zakupki.kontur.ru/0351300107026000135,,,нет,нет допущенных
30.07.26,барьеры,"Выполнение работ по монтажу инженерных сооружений обеспечения транспортной безопасности на устоях объектов: путепровод через замытое русло р.Каменка (левый), путепровод через замытое русло р.Каменка (правый)",ГорМост,"961 027,23 ₽
",,12.08.2026,15.10.2026,https://zakupki.gov.ru/epz/order/notice/zk20/view/common-info.html?regNumber=0351300107026000134,https://zakupki.kontur.ru/0351300107026000134,,,нет,нет допущенных
17.06.26,здания,"Выполнение работ по устранению дефектов системы водоотвода объекта: ""Мост Октябрьский"" через р. Обь в городе Новосибирске",ГорМост,"884 403,62 ₽
",,11.08.2026,1.11.2026,https://zakupki.gov.ru/epz/order/notice/zk20/view/common-info.html?regNumber=0351300107026000108,https://zakupki.kontur.ru/0351300107026000108,,,нет,нет допущенных
31.07.26,вода,"Выполнение работ по аварийному ремонту сетей водопровода и канализации, находящихся на обслуживании ООО «БАРНАУЛЬСКИЙ ВОДОКАНАЛ», методом горизонтального направленного бурения, проводимый централизовано ООО УК «РОСВОДОКАНАЛ» для нужд ООО «БАРНАУЛЬСКИЙ ВОДОКАНАЛ»",Барнаульский Водоканал,"20 000 000,00 ₽",,07.08.2026,,https://zakupki.gov.ru/epz/order/extendedsearch/results.html?searchString=32616253689,https://zakupki.kontur.ru/32616253689,,,да,"-65,5%
Овк-Строй"
31.07.26,здания,"Выполнение работ по капитальному ремонту фасада здания ГКУ НСО ЦОДД, расположенного по адресу: 630049 Новосибирская область, город Новосибирск, ул. Дмитрия Донского д. 13",ЦОДД,"25 748 797,21 ₽
",,10.08.2026,30.12.2027,https://zakupki.gov.ru/epz/order/notice/ea20/view/common-info.html?regNumber=0851200000626005151,https://zakupki.kontur.ru/0851200000626005151,,,нет,одна заявка
05.08.26,дорога + здание,"Ремонт дороги и монтаж м/к направляющих для контейнеров для АПК ПРОМАГРО БЕЗ ПЕРЕТОРЖКИ!!!",Сибагро,"1 623 105,84 руб.
",,12.08.2026,,https://www.b2b-center.ru/market/view.html?id=4551263&utm_source=kontur&utm_medium=referral&utm_campaign=ref_id&key=skb-34e3b000f4c34e609360b36c3bdc66eb826d428a,https://zakupki.kontur.ru/4551263_4,,,неизвестно,
05.08.26,здания,Выполнение работ по устройству металлических ограждений в р.п. Кольцово Новосибирской области,"Муниципальное бюджетное учреждение «Фасад»
","3 125 000,00 ₽
",,05.08.2026,31.12.2026,https://zakupki.gov.ru/epz/order/notice/ea20/view/common-info.html?regNumber=0351600000326000051,https://zakupki.kontur.ru/0351600000326000051,,,да,"-18,6%
Город Дорог"
06.08.26,мост,Выполнение работ по строительству искусственного сооружения через р.Пивоварка возле здания №20 по ул.Силикатная в г.Барнауле,"Комитет по Дорожному Хозяйству и Транспорту г. Барнаула
","65 388 405,87 ₽","≈ 19 616 521,76 ₽ 30 %
",19.08.2026,2.7.2027,https://zakupki.gov.ru/epz/order/notice/ea20/view/common-info.html?regNumber=0317300301926001161,https://zakupki.kontur.ru/0317300301926001161,,,нет,только одна заявка
06.08.26,благоустройство,"Выполнение работ по озеленению муниципальных территорий Первомайского района города Новосибирска

Закупка с неопределенным объемом ТРУ","Муниципальное казенное учреждение г. Новосибирска «Первомайское»","1 000 000,00 ₽",,14.08.2026,31.12.2026,https://zakupki.gov.ru/epz/order/notice/ea20/view/common-info.html?regNumber=0851300007126000087,https://zakupki.kontur.ru/0851300007126000087,,,да,"-19%
Зеленый Город"
06.08.26,дороги,"Выполнение работ по строительству объекта ""Межплощадочные дороги Промышленно-логистического парка Новосибирской области. 8 очередь строительства""","Управляющая Компания «Промышленно-Логистический Парк»","321 664 651,90 ₽
",,14.08.2026,30.6.2027,https://zakupki.gov.ru/epz/order/notice/ea20/view/common-info.html?regNumber=0851200000626005254,https://zakupki.kontur.ru/0851200000626005254,,,нет,"один допущен (три кита снизил на 8,5%)"
06.08.26,мосты,"Выполнение работ по ремонту автомобильной дороги Поспелиха – Новичиха – Волчиха, км 94+664 (замена водопропускной трубы) в Волчихинском районе",Управление автомобильных дорог Алтайского края,"7 688 890,00 ₽","≈ 768 889,00 ₽ 10 %
",18.08.2026,20.10.2027,https://zakupki.gov.ru/epz/order/notice/ea20/view/common-info.html?regNumber=0817200000326012133,https://zakupki.kontur.ru/0817200000326012133,,,нет,одна заявка (Юго-Западное Дсу Алтайского Края)
06.08.26,мосты,"Ремонт моста через р. Хулугайма на км 201+550 автомобильной дороги А-333 Култук – Монды - граница с Монголией, Республика Бурятия",Управление Автомобильной Магистрали Красноярск - Иркутск Федерального Дорожного Агентства,"76 103 603,00 ₽
","≈ 7 610 360,30 ₽ 10 %",24.08.2026,15.11.2028,https://zakupki.gov.ru/epz/order/notice/ok20/view/common-info.html?regNumber=0334100007526000084,https://zakupki.kontur.ru/0334100007526000084,,,нет,нет допущенных
10.08.26,электричество,"Техническое перевооружение здания РП №31 п. Листвяги (РП-6кВ) Новокузнецкого РЭС, здания ПС №14 от ВЛ 6 кВ ф. 6-13-Р, ф. 6-14-Р ПС 35 кВ ""Южная"" (Ведомственная) п. Редаково (РП-6кВ) Новокузнецкого РЭС для нужд филиала ПАО «Россети Сибирь» - «Кузбассэнерго - РЭС»
",Россети Сибирь,"186 625 627,13 ₽
",,17.08.2026,,https://zakupki.gov.ru/epz/order/extendedsearch/results.html?searchString=32616277463,https://zakupki.kontur.ru/32616277463,,,да,"0%
Контур"
10.08.26,мосты,Выполнение работ по ремонту лестниц и лестничных маршей в Центральном округе города Новосибирска,Дорожно-Эксплуатационное Учреждение №1,"1 723 563,81 ₽
",,19.08.2026,,https://zakupki.gov.ru/epz/order/notice/ea20/view/common-info.html?regNumber=0351300079626000079,https://zakupki.kontur.ru/0351300079626000079,,,отмена,
10.08.26,Вода,Выполнение работ по текущему ремонту теплотрассы для нужд ФГБОУ ВО Университета биотехнологий,Образовательное учреждение Высшего Образования «Сибирский Государственный Университет Инженерии и Биотехнологий,"3 473 588,82 ₽
",,19.08.2026,,https://zakupki.gov.ru/epz/order/extendedsearch/results.html?searchString=32616277987,https://zakupki.kontur.ru/32616277987,,,да,"-16,50%"
11.08.26,электричество,"Устройство уличного освещения на территории общественного пространства по адресу: Российская Федерация, Новосибирская область, Мошковский район, рабочий поселок Станционно – Ояшинский, улица 30 лет ВЛКСМ",Администрация рабочего поселка Станционно-Ояшинский Мошковского района ,"4 523 346,92 ₽
",,19.08.2026,40 рабочих дней с даты начала исполнения контракта,https://zakupki.gov.ru/epz/order/notice/ea20/view/common-info.html?regNumber=0851200000626005333,https://zakupki.kontur.ru/0851200000626005333,,,да,"-22,5%
Роуд Билдинг"
11.08.26,мост,Выполнение работ по капитальному ремонту пешеходного моста через р.Пивоварку по ул.Восточной,"Комитет по Дорожному Хозяйству и Транспорту г. Барнаула","3 627 538,84 ₽
",,20.08.2026,30.11.2026,https://zakupki.gov.ru/epz/order/notice/ea20/view/common-info.html?regNumber=0317300301926001180,https://zakupki.kontur.ru/0317300301926001180,,,нет,один участник
11.08.26,мост,Тендер на ремонт подпорной стены погрузочной зоны,"Тепличный комбинат «Новосибирский»
",,,18.08.2026,,https://gorkunov.com/company/nsk/tenders/tendery_430.html,https://zakupki.kontur.ru/IS69426727,,,неизвестно,
12.08.26,укрытие,"Закупка укрытий железобетонных 16.23 для нужд ООО ""Газпромнефть-Снабжение""

Укрытие железобетонное 5000х2380х2350 мм - 15 шт",Газпромнефть - Снабжение,,,20.08.2026,,https://etpgpb.ru/procedure/tender/etp/1279768,https://zakupki.kontur.ru/AP122409,,,неизвестно,
13.08.26,дороги,"Выполнение работ по ремонту автомобильной дороги Топки - Верх-Падунский км 8 - 10
",Дирекция Автомобильных Дорог Кузбасса,"64 506 689,20 ₽",,26.08.2026,9.12.2026,https://zakupki.gov.ru/epz/order/notice/ea20/view/common-info.html?regNumber=0139200000126009885,https://zakupki.kontur.ru/0139200000126009885,,,да,"-40,5%
Арт РемСтрой"
14.08.26,благоустройство,"Благоустройство общественной территории в районе ООТ «Дюны» в городе Бердск Новосибирской области (зона активного отдыха)
",Управление жилищно-коммунального хозяйства» г.Бердска,"17 248 381,68 ₽
","≈ 172 483,82 ₽ 1 %",24.08.2026,1.6.2028,https://zakupki.gov.ru/epz/order/notice/ea20/view/common-info.html?regNumber=0851300000126000261,https://zakupki.kontur.ru/0851300000126000261,,,да,"-33,5%
ООО СК «Сибазстрой»"
14.08.26,электричество,"Выполнение работ по устройству линий наружного освещения по объекту «Проектируемая ЛЭП-0,4кВ от опоры ВЛ-0,4 кВ для электроснабжения линии наружного освещения по ул. Танкистов и ул. Связистов».
","Городской Центр Организации Дорожного Движения»
","9 844 559,02 ₽
",,26.08.2026,60 календарных дней с даты начала исполнения контракта,https://zakupki.gov.ru/epz/order/notice/ea20/view/common-info.html?regNumber=0351300298626000109,https://zakupki.kontur.ru/0351300298626000109,,,да,"-34%
Альфа-Энерго"
14.08.26,электричество,"Выполнение работ по объекту: «Расходы на мероприятия по повышению уровня обустройства автомобильных дорог федерального значения. Устройство стационарного электрического освещения на автомобильной дороге 

Р-256 «Чуйский тракт» Новосибирск – Барнаул – Горно-Алтайск – граница с Монголией на участках км 633+610 – км 634+482, км 639+251 – км 640+504 (с. Онгудай), км 672+555 – км 672+853, км 675+353 – км 675+690 (с. Купчегень), км 735+256 – км 735+356, км 737+097 – км 737+197 (с. Йодро), км 740+839 – км 741+255 (с. Белый Бом), км 788+204 – км 788+895, км 791+600 – км 791+721 (с. Акташ), км 888+686 – км 890+000, км 894+386 – км 894+519 (с. Кош-Агач), Республика Алтай»
",Федеральное управление автомобильных дорог «Сибирь»,"69 134 315,00 ₽
","≈ 6 913 431,50 ₽ 10 %",31.08.2026,18.11.2026,https://zakupki.gov.ru/epz/order/notice/ok20/view/common-info.html?regNumber=0351100008926000164,https://zakupki.kontur.ru/0351100008926000164,,,да,"-4%
Ростелеком"
14.08.26,мост,Выполнение работ по «Реконструкция части автомобильной дороги на КП №3 Западно-Усть-Балыкского (мостовой переход через протоку Андрюшкина)»,Газпромнефть - Снабжение,,,26.08.2026,,https://etpgpb.ru/procedure/tender/etp/1280800,https://zakupki.kontur.ru/AP122555,,,неизвестно,
17.08.26,мост,Ремонт автомобильного моста через реку Уй в д.Орловка Кыштовского района Новосибирской области,Администрация Орловского сельсовета Кыштовского района Новосибирской обл,"2 500 000,00 ₽
",,24.08.2026,10.12.2026,https://zakupki.gov.ru/epz/order/notice/zk20/view/common-info.html?regNumber=0151300050426000029,https://zakupki.kontur.ru/0151300050426000029,,,нет,один участник
17.08.26,вода,"Ремонт водопропускной трубы на км 775+292 автомобильной дороги Р-258 «Байкал» Иркутск – Улан-Удэ – Чита, Забайкальский край (санация труб).
",Управление Автомобильной Магистрали Красноярск - Иркутск Федерального Дорожного Агентства,"19 290 771,00 ₽
","≈ 1 929 077,10 ₽ 10 %",07.09.2026,30.10.2027,https://zakupki.gov.ru/epz/order/notice/ok20/view/common-info.html?regNumber=0334100007526000095,https://zakupki.kontur.ru/0334100007526000095,,,нет,один участник
17.08.26,мост,"Ремонт моста через ручей Бермякино на км 548+900 автомобильной дороги А-331 «Вилюй» Тулун – Братск – Усть-Кут – Мирный – Якутск, Иркутская область",Управление Автомобильной Магистрали Красноярск - Иркутск Федерального Дорожного Агентства,"153 721 760,00 ₽",,03.09.2026,15.12.2027,https://zakupki.gov.ru/epz/order/notice/ok20/view/common-info.html?regNumber=0334100007526000093,https://zakupki.kontur.ru/0334100007526000093,,,нет,один участник
17.08.26,мост,"Выполнение работ по строительству подъездных путей, подпорных стен, пандуса и фундаментов галереи для пневматической системы транспортировки сыпучих ингредиентов, по адресу: проспект Космонавтов 12Д, на действующем предприятии АО ПО ""АШК"" г. Барнаул",Производственное Объединение «Алтайский Шинный Комбинат,,,21.08.2026,,https://nortec-tyres.com/tenders/stroitelnye_raboty/3355424,https://zakupki.kontur.ru/IS70060859,,,неизвестно,
18.08.26,мост,"Выполнение работ по устройству противоскользящего покрытия

Красный проспект, 81; между домами Красный проспект, 83 и 85; у дома Красный проспект, 85; у дома Красный проспект, 87.
",ГорМост,"1 350 000,00 ₽",,25.08.2026,,https://zakupki.gov.ru/epz/order/notice/zk20/view/common-info.html?regNumber=0351300107026000140,https://zakupki.kontur.ru/0351300107026000140,,,да,"0%
Дмитриев Михаил"
18.08.26,мост,"Строительство универсального спортивного зала с искусственным льдом и трибунами для зрителей (наружная металлическая лестница в осях 10-11/Б-В)
",Служба единого заказчика-застройщика,"2 266 868,02 ₽",,26.08.2026,30.12.2026,https://zakupki.gov.ru/epz/order/notice/ea20/view/common-info.html?regNumber=0819300038026000266,https://zakupki.kontur.ru/0819300038026000266,,,нет,один участник (К7)
18.08.26,мост,Выполнение работ по укреплению откосов насыпи по ул. Ватутина в с.Толмачево Новосибирского района Новосибирской области,Администрация Толмачевского сельсовета,"2 342 273,56 ₽
",,26.08.2026,31.12.2026,https://zakupki.gov.ru/epz/order/notice/ea20/view/common-info.html?regNumber=0151300052526000011,https://zakupki.kontur.ru/0151300052526000011,,,да,"-22,5%
Атлант-Строй"
19.08.26,Свет,"Выполнение работ по содержанию автомобильных дорог в Алтайском крае (установка освещения)",Управление автомобильных дорог Алтайского края,"16 905 624,00 ₽
",,27.08.2026,18.11.2026,https://zakupki.gov.ru/epz/order/notice/ea20/view/common-info.html?regNumber=0817200000326012757,https://zakupki.kontur.ru/0817200000326012757,,,нет,один участник (Электромонтаж-Алтай)
19.08.26,дороги,Ремонт автомобильной дороги ул. Болотная п. Бибиха Новосибирского района,Администрация Кубовинского сельсовета Новосибирского района,"4 953 292,31 ₽
",,27.08.2026,31.12.2026,https://zakupki.gov.ru/epz/order/notice/ea20/view/common-info.html?regNumber=0151300051426000009,https://zakupki.kontur.ru/0151300051426000009,,,да,"-22%
Тэ-13 Групп"
11.08.26,вода,"Выполнение работ по разработке проектной, рабочей, сметной документации и строительно-монтажные работы по объекту: Реконструкция участка теплотрассы от теплофикационной камеры К-4 до теплофикационной камеры К-11а по ул. Иванова входящей в состав объекта «Теплотрасса от узла 4 до объектов 189-107,107а,106-93,(Строителей пр.)» с инвентарным номером 123300862",Управление Энергетики и Водоснабжения,"12 491 500,00 ₽
",,27.08.2026,,https://zakupki.gov.ru/epz/order/extendedsearch/results.html?searchString=32616281479,https://zakupki.kontur.ru/32616281479,,,нет,один участник
18.08.26,вода,"Выполнение работ по капитальному ремонту теплотрассы и горячего водоснабжения прачечной ГБУЗ НСО ""КРД № 6"", Новосибирск, Вертковская, 5",Государственное бюджетное учреждение Здравоохранения Новосибирской обл. «Клинический Родильный Дом № 6»,"1 686 862,83",,26.08.2026,13.11.2026,https://zakupki.gov.ru/epz/order/notice/ea20/view/common-info.html?regNumber=0851200000626005489,https://zakupki.kontur.ru/0851200000626005489,,,неизвестно,
20.08.26,электричество,"Определение подрядчика на выполнение ПИР, СМР, ПНР полным иждивением Подрядчика по титулу: Строительство ТП-10/0,4кВ с тр-ми 2х630кВА, 4КЛ-10кВ от КЛ направлением ТП-10/0,4кВ № 10924 – ТП-10/0,4кВ № 10923 до сооруж. ТП-10/0,4кВ, 4КЛ-0,4кВ от сооруж. ТП-10/0,4кВ до ГРЩ-0,4кВ № 1,2 Заявителя, в т.ч. ПИР: г.Москва, Воробьёвская набережная у съезда с Сетуньского моста, Причал ""Сетунь"" для нужд МКС - филиала ПАО «Россети Московский регион»",Публичное акционерное общество «Россети Московский Регион»,"96 896 096,84",,28.08.2026,,https://zakupki.gov.ru/223/purchase/public/purchase/info/common-info.html?regNumber=32616307697,https://zakupki.kontur.ru/32616307697,,,отмена,
19.08.26,мост,Оказание услуг по замене отсутствующих и поврежденных элементов остекления лифтовых павильонов на объекте: Пешеходный переход через дамбу Октябрьского моста (ост. Метро Спортивная),Муниципальное казенное учреждение г. Новосибирска «Гормост»,"350 000,00",,02.09.2026,5.10.2026,https://www.rts-tender.ru/auctionsearch/ctl/procDetail/mid/691/number/0351300107026000141,https://zakupki.kontur.ru/0351300107026000141,,,нет,нет допущенных
19.08.26,мост,"Закупка с оценкой на выполнение комплекса работ и оказание услуг по разделам: Съезды № 2.1, № 2.3, № 2.4, в том числе: подготовительные работы, основные объекты строительства: ""Подпорные стены, Шумозащитные экраны"", организация дорожного движения на период эксплуатации, наружные сети и сооружения водоснабжения, водоотведения. Путепровод на съезде 2.1 в полном объёме. Реконструкция участка А-104 ""Москва-Дмитров-Дубна"", в том числе: подготовительные работы, наружные сети и сооружения водоснабжения, водоотведения, организация дорожного движения на период эксплуатации. Прочие работы и затраты, в том числе: разработка рабочей документации, комплекс земельно-кадастровых работ, работы по обследованию территории на предмет наличия взрывоопасных объектов по объекту """"Строительство транспортной развязки на пересечении А-113 Строящейся Центральной кольцевой автомобильной дороги (Московская область) и Дмитровского шоссе (Транспортная развязка №20 Пускового комплекса № 3) Этапы 1 - 2. Основной объект"". Этап 2"", в части выполнения работ по Устройству рабочей платформы, Усиление основания грудоцементными сваями, Армогрунтовая подпорная стена ПС-4.1, Армогрунтовая подпорная стена ПС-4.2, Путепровод на съезде 2.1 (Подготовка территории строительства, Организация дорожного движения на период строительства), Путепровод через а/д А-104 ""Дмитровское шоссе"", Площадка для организации строительства съезда с путепровода, Разработка рабочей документации",Общество с ограниченной ответственностью «Строительная Компания «Автодор»,"507 647 607,36",,28.08.2026,,https://etp-avtodor.ru/trade/AVT19082600001,https://zakupki.kontur.ru/IS70357255,,,неизвестно,
20.08.26,электричество,"Определение подрядчика на выполнение ПИР, СМР, ПНР полным иждивением Подрядчика по титулу: Реконструкция 2КЛ-10кВ направлением РП-10кВ № 12064 с.1 – ПС 110/35/10/6кВ № 12 Карачарово, РП-10кВ № 11192 с.2 – ПС 110/35/10/6кВ № 12 Карачарово, 2КЛ-6 кВ направлением РП-6кВ № 318 с.1 – ПС 110/35/10/6кВ № 12 Карачарово, РП-6кВ № 2910 с.2 – ПС 110/35/10/6кВ № 12 Карачарово (переустройство линии с изменением трассы прокладки) для освобождения земельного участка заявителя, в т.ч. ПИР: г.Москва, Рязанский пр-кт, д.2, стр.4 для нужд МКС - филиала ПАО «Россети Московский регион»",Публичное акционерное общество «Россети Московский Регион»,"121 446 543,28",,28.08.2026,,https://zakupki.gov.ru/223/purchase/public/purchase/info/common-info.html?regNumber=32616307729,https://zakupki.kontur.ru/32616307729,,,да,"-0,10%"
06.08.26,вода,4.2.03.1 Сантехнические сети. Водоотведение. Европейский берег 00.7/ШК (EBG00.7/SK),Брусника,"3 232 149,14",,21.08.2026,,https://srm.brusnika.ru/trades/119056204/info,https://zakupki.kontur.ru/IS68919000,,,неизвестно,
21.08.26,электричество,"Установка стационарного электрического освещения на транспортной развязке км 42+400 автомобильной дороги общего пользования федерального значения Р-254 ""Иртыш"" Челябинск - Курган - Омск - Новосибирск, северный обход г. Новосибирска, Новосибирская область",Федеральное казенное учреждение «Федеральное управление автомобильных дорог «Сибирь» Федерального дорожного агентства»,"31 170 069,00",,07.09.2026,9.12.2027,https://www.rts-tender.ru/auctionsearch/ctl/procDetail/mid/691/number/0351100008926000167,https://zakupki.kontur.ru/0351100008926000167,,,да,"-11,8%
Спецстроймонтаж"
22.07.26,защита,"Установка конструкции для уличной цифровой информационной панели по адресу: г.Краснодар, ул.Северная 309",Государственное бюджетное Профессиональное Образовательное учреждение Краснодарского Края «Краснодарский Машиностроительный Колледж»,"3 511 943,33",,31.07.2026,,https://www.rts-tender.ru/auctionsearch/ctl/procDetail/mid/691/number/0818500000826004887,https://zakupki.kontur.ru/0818500000826004887,,,нет,одна заявка (Вита Строй)
20.08.26,защита,"Выполнение строительно-монтажных работ по объекту: ""НАРУЖНОЕ ОГРАЖДЕНИЕ НОВО-ИРКУТСКОЙ ТЭЦ (инв. №ИЭ1720351634). Модернизация. Реализация мероприятий по охране и антитеррористической защищенности объектов НИ ТЭЦ (3 этап)""",Общество с ограниченной ответственностью «Байкальская Энергетическая Компания»,"4 862 747,00",,01.09.2026,,https://zakupki.gov.ru/epz/order/extendedsearch/results.html?searchString=32616306989,https://zakupki.kontur.ru/32616306989,,,отмена,
20.08.26,вода,"Выполнение строительно-монтажных работ на объекте: «Здание корпуса для МБОУ Лицей №113 по ул. Бориса Богаткова, 241/1 в Дзержинском районе.» Технологическое присоединение к централизованной системе водоотведения сточных вод»",Муниципальное предприятие г. Новосибирска «Модернизация и Развитие Транспортной Инфраструктуры»,"12 753 540,00",,28.08.2026,,https://zakupki.gov.ru/epz/order/extendedsearch/results.html?searchString=32616307598,https://zakupki.kontur.ru/32616307598,,,нет,один участник
20.08.26,мост,"Выполнение работ по содержанию мостов в Новосибирском, Мошковском районах Новосибирской области (восстановление поврежденных элементов мостовых сооружений)",Государственное казенное учреждение Новосибирской обл. «Территориальное управление автомобильных дорог Новосибирской области»,"5 471 385,36",,28.08.2026,24.11.2026,https://zakupki.gov.ru/epz/order/notice/ea20/view/common-info.html?regNumber=0851200000626005572,https://zakupki.kontur.ru/0851200000626005572,,,да,"-11,5% Иск «Ка-Строй»
"
20.08.26,мост,"Выполнение работ по капитальному ремонту моста через р. Кинерка на автомобильной дороге Бийск – Мартыново – Кузедеево – Новокузнецк, км 218+324.",Государственное казенное учреждение «Дирекция Автомобильных Дорог Кузбасса»,"299 938 439,10",,03.09.2026,10.2.2028,https://www.rts-tender.ru/auctionsearch/ctl/procDetail/mid/691/number/0139200000126010217,https://zakupki.kontur.ru/0139200000126010217,,,нет,Один допущенный
19.08.26,вода,Выполнение работ по завершению строительства объекта: «Строительство комплекса объектов системы водоснабжения в г. Татарске Татарского района Новосибирской области»,Администрация Татарского Муниципального Округа Новосибирской обл.,"306 576 599,67","≈ 30 657 659,97 ₽ 10 %",27.08.2026,31.12.2026,https://zakupki.gov.ru/epz/order/notice/ea20/view/common-info.html?regNumber=0851200000626005522,https://zakupki.kontur.ru/0851200000626005522,,,нет,нет допущенных
20.08.26,дороги,"Выполнение работ по устройству тротуара от ул. Октябрьская, д. 90 до мкр. Заречный с.Криводановка",Администрация Криводановского сельсовета Новосибирского района Новосибирской обл.,"3 353 153,79",,28.08.2026,31.12.2026,https://www.rts-tender.ru/auctionsearch/ctl/procDetail/mid/691/number/0151300046126000013,https://zakupki.kontur.ru/0151300046126000013,,,да,"-35,5%
СК Дилижан"
21.08.26,мост,"Выполнение работ по ремонту моста через реку Белая на км 296+457 автомобильной дороги Р-256 «Чуйский тракт» Новосибирск - Барнаул – Горно-Алтайск – граница с Монголией, Алтайский край",Федеральное казенное учреждение «Федеральное управление автомобильных дорог «Сибирь» Федерального дорожного агентства»,"87 820 103,00","≈ 17 564 020,60 ₽ 20 %",09.09.2026,2.12.2027,https://www.rts-tender.ru/auctionsearch/ctl/procDetail/mid/691/number/0351100008926000170,https://zakupki.kontur.ru/0351100008926000170,,,нет,один участник
21.08.26,вода,"Выполнение работ по переустройству и строительству дождевой канализации методом шнекового бурения с применением металлических труб D720мм - D1020мм 3 этап на объекте: ""Реконструкция Каширского шоссе на участке км 0 - км 4,4 в Ленинском районе""",Акционерное общество «Стройтрансгаз»,"95 987 582,74",,28.08.2026,,https://www.roseltorg.ru/procedure/B2108261328551,https://zakupki.kontur.ru/IS70734369,,,неизвестно,
24.08.26,мост,На выполнение работ по капитальному ремонту мостового перехода через р. Каалу на км 71+560 автомобильной дороги Таксимо - Бодайбо в Бодайбинском районе Иркутской области.,Областное государственное казенное учреждение «Дирекция по строительству и эксплуатации автомобильных дорог Иркутской области»,"85 886 580,00","≈ 25 765 974,00 ₽ 30 %",03.09.2026,15.9.2027,https://www.rts-tender.ru/auctionsearch/ctl/procDetail/mid/691/number/0134200000126003759,https://zakupki.kontur.ru/0134200000126003759,,,нет,ни одной заявки
24.08.26,мост,"№ 642-223/26на выполнение работ по устройству земляных откосов (с применением противоэрозионного армированного геомата) модульного здания, в рамках капитального ремонта, для нужд ФГБУ ФСНКЦ ФМБА России, расположенного по адресу: г. Красноярск, ул. Коломенская, д. 26, стр. 10",Федеральное государственное бюджетное учреждение «Федеральный Сибирский Научно-Клинический Центр Федерального Медико-Биологического Агентства»,"1 533 813,67",,30.08.2026,,https://zakupki.gov.ru/epz/order/extendedsearch/results.html?searchString=32616315551,https://zakupki.kontur.ru/32616315551,,,да,без снижения
24.08.26,дороги,"Оказание услуг по научно-техническому сопровождению инженерных изысканий и подготовки проектной документации на капитальный ремонт оползневого участка автомобильной дороги Бийск – Мартыново – Кузедеево – Новокузнецк, км 186 – 187+500 (в рамках капитального ремонта)",Государственное казенное учреждение «Дирекция Автомобильных Дорог Кузбасса»,"14 412 000,00",,04.09.2026,12.4.2028,https://www.rts-tender.ru/auctionsearch/ctl/procDetail/mid/691/number/0139200000126010301,https://zakupki.kontur.ru/0139200000126010301,,,нет,нет допущенных
24.08.26,электричество,"Выполнение работ по оснащению категорированных объектов транспортной инфраструктуры инженерно-техническими средствами (системами) обеспечения транспортной безопасности: - Путепровод по ул. Ватутина у ТЦ ""МЕГА"" (наименование по технической документации - Мост по ул. Ватутина (у ТЦ ""МЕГА"") кадастровый номер 54:35:000000:43813; Путепровод через ул. Ватутина, входящий в состав мостового перехода ч/з р.Обь по Оловозаводскому створу в г. Новосибирске (наименование по технической документации - Мост по ул. Ватутина (3 мост)",Муниципальное казенное учреждение г. Новосибирска «Гормост»,"10 349 541,30",,01.09.2026,20.5.2027,https://www.rts-tender.ru/auctionsearch/ctl/procDetail/mid/691/number/0351300107026000145,https://zakupki.kontur.ru/0351300107026000145,,,нет,один участник
24.08.26,разное,"Поставка технических средств реабилитации - специальных устройств для чтения ""говорящих книг"" на флэш-картах для обеспечения граждан в 2027 году",Отделение Фонда Пенсионного и Социального Страхования Российской Федерации по Новосибирской обл.,"5 550 000,00",,10.09.2026,,https://www.rts-tender.ru/auctionsearch/ctl/procDetail/mid/691/number/0251100003726000301,https://zakupki.kontur.ru/0251100003726000301,,,неизвестно,
24.08.26,разное,Поставка автомобильных чехлов на сиденья для служебных автомобилей для нужд филиала по Новосибирской области,Федеральное государственное унитарное предприятие «Охрана» Федеральной Службы Войск Национальной Гвардии Российской Федерации,"303 688,38",,31.08.2026,,https://www.rts-tender.ru/poisk/poisk-223-fz?keywords=32616316210,https://zakupki.kontur.ru/32616316210,,,неизвестно,
24.08.26,разное,Поставка аппарата для чистки наконечников,Государственное автономное учреждение Здравоохранения Новосибирской обл. «Клиническая Стоматологическая Поликлиника № 1»,"474 000,00",,28.08.2026,,https://www.rts-tender.ru/poisk/poisk-223-fz?keywords=32616316273,https://zakupki.kontur.ru/32616316273,,,неизвестно,
24.08.26,разное,Установка указателей улиц (столб с табличкой из АКП со светоотражающей пленкой и текстом (23 шт.) в с. Ленинское,Администрация Морского сельсовета Новосибирского района Новосибирской обл.,"793 626,00",,01.09.2026,,https://zakupki.gov.ru/epz/order/notice/ea20/view/common-info.html?regNumber=0851200000626005641,https://zakupki.kontur.ru/0851200000626005641,,,неизвестно,
24.08.26,разное,"Текущий ремонт объекта: Здание (магазин и комбинат бытового обслуживания), по адресу: Новосибирская область, г. Новосибирск, проспект Строителей, д. 19, пом. 1 (огнезащитная обработка деревянных конструкций кровли)",Федеральное государственное бюджетное учреждение «Сибирское Отделение Российской Академии Наук»,"485 256,67",,02.09.2026,,https://www.rts-tender.ru/auctionsearch/ctl/procDetail/mid/691/number/0351100013826000088,https://zakupki.kontur.ru/0351100013826000088,,,неизвестно,
24.08.26,разное,"Текущий ремонт объекта: Здание (детский сад) по адресу: Новосибирская обл., г. Новосибирск, проезд Цветной, дом 3 (огнезащитная обработка деревянных конструкций кровли)",Федеральное государственное бюджетное учреждение «Сибирское Отделение Российской Академии Наук»,"581 460,67",,02.09.2026,,https://www.rts-tender.ru/auctionsearch/ctl/procDetail/mid/691/number/0351100013826000085,https://zakupki.kontur.ru/0351100013826000085,,,неизвестно,
24.08.26,разное,"Текущий ремонт объекта: Нежилое здание (хозкорпус-кухня), по адресу: РФ, Новосибирская обл., г. Новосибирск, ул. Иванова, дом 31/6, пом. 1 (огнезащитная обработка деревянных конструкций кровли)",Федеральное государственное бюджетное учреждение «Сибирское Отделение Российской Академии Наук»,"281 843,00",,02.09.2026,,https://www.rts-tender.ru/auctionsearch/ctl/procDetail/mid/691/number/0351100013826000087,https://zakupki.kontur.ru/0351100013826000087,,,неизвестно,
24.08.26,разное,Поставка и монтаж КНС на существующих очистных сооружениях с пусконаладочными работами в с.Березовка,Муниципальное казенное учреждение Новосибирского района Новосибирской обл. «Управляющая компания единого заказчика жилищно-коммунального хозяйства и строительства»,"5 643 710,25",,01.09.2026,31.12.2026,https://www.rts-tender.ru/auctionsearch/ctl/procDetail/mid/691/number/0351300298326000126,https://zakupki.kontur.ru/0351300298326000126,,,неизвестно,
24.08.26,разное,Выполнение строительно-монтажных и пусконаладочных работ по реконструкции РП-10 кВ №6001 в части замены масляных выключателей 10кВ на вакуумные,Акционерное общество «Региональные Электрические Сети»,"14 917 411,59",,01.09.2026,,https://www.roseltorg.ru/procedure/32616315380,https://zakupki.kontur.ru/32616315380,,,да,"-20,10%"
24.08.26,разное,Выполнение работ по благоустройству газонов в г. Новосибирске на ул. Богдана Хмельницкого,Муниципальное казенное учреждение г. Новосибирска «Дорожно-эксплуатационное учреждение № 6»,"583 499,09",,31.08.2026,31.12.2026,https://www.rts-tender.ru/auctionsearch/ctl/procDetail/mid/691/number/0351300089026000120,https://zakupki.kontur.ru/0351300089026000120,,,неизвестно,
24.08.26,разное,Поставка сервера видеонаблюдения,"Организация, размещающая заказ Общество с ограниченной ответственностью «Аэрофинанс»","2 615 499,18",,15.09.2026,,https://fabrikant.ru/v2/trades/procedure/view/gl9Y33P6l12fzJJFEnrEsg,https://zakupki.kontur.ru/5568039,,,неизвестно,
,разное,Ноутбук,Акционерное общество «Сибгазмаш»,"8 496 633,00",,04.09.2026,,https://www.tektorg.ru/procedures?name=2400700253226000001&page=1&sort=actual,https://zakupki.kontur.ru/2400700253226000001,,,неизвестно,
,разное,"Поставка и монтаж модульного отделения почтовой связи площадью 41.8 кв. м (МОПС 671510) для нужд УФПС Республики Бурятия АО ""Почта России""",Уфпс Новосибирской обл.,"9 950 000,00",,08.09.2026,,https://utp.sberbank-ast.ru/RussianPost/NBT/PurchaseView/24/0/0/4202870,https://zakupki.kontur.ru/32616312405,,,неизвестно,
,разное,"Поставка и монтаж модульных отделений почтовой связи площадью 25,5 кв.м (МОПС 674100, МОПС 674170, МОПС 674660) для нужд УФПС Забайкальского края АО ""Почта России"".",Уфпс Новосибирской обл.,"19 971 218,76",,08.09.2026,,https://tender.lot-online.ru/etp/app/OfferCard/page?OfferCard.offerUUID=Sgpmspc19718ug0000q08pkp9fp695a88,https://zakupki.kontur.ru/32616312025,,,неизвестно,
,вода,"Выполнение работ на замену ввода наружного трубопровода холодного водоснабжения ГБУЗ НСО ""ГОНКТБ""",Государственное бюджетное учреждение здравоохранения Новосибирской обл. «Государственная областная Новосибирская клиническая туберкулёзная больница»,"444 977,88",,28.08.2026,30.11.2026,https://www.roseltorg.ru/procedure/0351200000226000415,https://zakupki.kontur.ru/0351200000226000415,,,нет,нет допущенных
,разное,Поставка портативных (носимых) взрывозащищенных радиостанций,"Государственное казенное учреждение Новосибирской обл. «Центр по обеспечению мероприятий в области гражданской обороны, чрезвычайных ситуаций и пожарной безопасности Новосибирской области»","780 000,00",,31.08.2026,,https://zakupki.gov.ru/epz/order/notice/ea20/view/common-info.html?regNumber=0851200000626005619,https://zakupki.kontur.ru/0851200000626005619,,,да,"-24,5%
Большаков "
,разное,Поставка компьютерного оборудования,Администрация Здвинского Района Новосибирской обл.,"459 600,00",,31.08.2026,27.10.2026,https://zakupki.gov.ru/epz/order/notice/ea20/view/common-info.html?regNumber=0151300008726000057,https://zakupki.kontur.ru/0151300008726000057,,,отмена,
,электричество,"Выполнение комплекса мероприятий (ПИР, СМР, ПНР) по реконструкции ЛЭП-0,4 кВ от ТП-5037 путем строительства ЛЭП-0,4 кВ протяженностью 0,17 км для т/п ЭПУ ООО «ЮНИВЕРС», г. Новосибирск, ул. Народная, д. 20",Акционерное общество «Региональные Электрические Сети»,"2 421 973,06",,31.08.2026,,https://www.roseltorg.ru/procedure/32616311543,https://zakupki.kontur.ru/32616311543,,,да,"-44,30%"
,электричество,"Выполнение комплекса мероприятий (ПИР, СМР, ПНР) по реконструкции ЛЭП-0,4 кВ ф.1 ТП-10/0,4 кВ №2Н-123 протяженностью 0,24 км для т/п ИП Гребенщикова И.Е., НСО, Новосибирский рн, с. Верх-Тула",Акционерное общество «Региональные Электрические Сети»,"1 028 478,00",,31.08.2026,,https://www.roseltorg.ru/procedure/32616311425,https://zakupki.kontur.ru/32616311425,,,нет,один допущенный
,электричество,"Установка освещения по ул. Садовая в с. Кыштовка, Кыштовский район, Новосибирская область (в рамках мероприятий по содержанию)",Администрация Кыштовского сельсовета Кыштовского района Новосибирской обл.,"2 333 408,95",,31.08.2026,30.11.2026,https://zakupki.gov.ru/epz/order/notice/ea20/view/common-info.html?regNumber=0851200000626005607,https://zakupki.kontur.ru/0851200000626005607,,,нет,одна заявка (Тарасов)
,разное,Поставка интерактивных панелей (08-04-Ю6 Обновление инфраструктуры),Федеральное государственное бюджетное Образовательное учреждение Высшего Образования «Новосибирский Государственный Педагогический Университет»,"2 104 890,18",,31.08.2026,30.11.2026,https://www.rts-tender.ru/auctionsearch/ctl/procDetail/mid/691/number/0351100009826000138,https://zakupki.kontur.ru/0351100009826000138,,,да,"-43,5%
Т-Гекко"
,вода,"Выполнение работ по строительству внеплощадочных сетей водоснабжения, водоотведения для подключения объекта: ""Строительство многоквартирного жилого дома для обеспечения жилыми помещениями детей-сирот и детей, оставшихся без попечения родителей, лиц из числа детей-сирот и детей, оставшихся без попечения родителей"".",Администрация Черепановского района Новосибирской обл.,"1 265 190,53",,28.08.2026,28.10.2026,https://www.rts-tender.ru/auctionsearch/ctl/procDetail/mid/691/number/0151300023826000182,https://zakupki.kontur.ru/0151300023826000182,,,нет,одна заявка (Строй Гарант)
,разное,Выполнение работ по огнезащитной обработке кабельных линий на объектах филиала АО «РЭС» «Черепановские электрические сети»,Акционерное общество «Региональные Электрические Сети»,"680 843,74",,02.09.2026,,https://www.roseltorg.ru/procedure/32616310780,https://zakupki.kontur.ru/32616310780,,,нет,одна заявка
,дороги,Устранение коллейности на мостовых сооружениях г.Искитима,Муниципальное бюджетное учреждение «Управление благоустройства и дорожного хозяйства» г. Искитима Новосибирской области,"1 405 560,28",,31.08.2026,31.12.2026,https://www.rts-tender.ru/auctionsearch/ctl/procDetail/mid/691/number/0151300033726000155,https://zakupki.kontur.ru/0151300033726000155,,,да,"снижение -0,5%"
,разное,Поставка компьютерной техники (ноутбуки) в рамках организации условий доступной среды,Муниципальное бюджетное Общеобразовательное учреждение Новоключевская Средняя Общеобразовательная Школа Купинского Района,"825 000,00",,28.08.2026,30.11.2026,https://gos.etpgpb.ru/44/catalog/procedure?q=0851200000626005585&simple-search=%D0%9D%D0%B0%D0%B9%D1%82%D0%B8,https://zakupki.kontur.ru/0851200000626005585,,,нет,одна заявка (Сервиспро)
,разное,Поставка программно-аппаратного комплекса ViPNet Coordinator HW1000C 4.x,Федеральное государственное бюджетное учреждение «Национальный Медицинский Исследовательский Центр Имени Академика Е.Н. Мешалкина» Министерства Здравоохранения Российской Федерации,"1 975 281,00",,28.08.2026,31.12.2026,https://www.rts-tender.ru/auctionsearch/ctl/procDetail/mid/691/number/0351100002926001436,https://zakupki.kontur.ru/0351100002926001436,,,нет,одна заявка (Софтмолл)
,разное,Поставка ноутбуков,Федеральное государственное бюджетное Образовательное учреждение Высшего Образования «Сибирский Государственный Университет Телекоммуникаций и Информатики»,"418 032,00",,27.08.2026,,https://zakupki.gov.ru/epz/order/extendedsearch/results.html?searchString=32616307083,https://zakupki.kontur.ru/32616307083,,,да,"-31,50%"
,разное,Оказание услуг специализированной техникой (самогрузы),Муниципальное унитарное предприятие г. Новосибирска «Горводоканал»,"4 000 000,00",,28.08.2026,,https://zakupki.gov.ru/epz/order/extendedsearch/results.html?searchString=32616307165,https://zakupki.kontur.ru/32616307165,,,нет,нет допущенных
,разное,Поставка интерактивной панели и мобильной стойки,Федеральное государственное бюджетное Образовательное учреждение Высшего Образования «Сибирский Государственный Университет Телекоммуникаций и Информатики»,"389 633,33",,27.08.2026,,https://zakupki.gov.ru/epz/order/extendedsearch/results.html?searchString=32616306958,https://zakupki.kontur.ru/32616306958,,,нет,один участник
,разное,Поставка и установка блок-контейнера для лыжной трассы,"Муниципальное казенное учреждение Дополнительного Образования «Центр Развития Физической Культуры, Спорта и Молодежной Политики» Города Оби Новосибирской Области","1 103 300,00",,28.08.2026,31.12.2026,https://www.tektorg.ru/procedures?name=0151300049726000142&page=1&sort=actual,https://zakupki.kontur.ru/0151300049726000142,,,нет,нет допущенных
,электричество,"Выполнение комплекса мероприятий (ПИР, СМР, ПНР) по реконструкции КЛ-10кВ Ф.10-898 ПС 110кВ Кудряшовская путем строительства КЛ-10кВ протяженностью 3,134 км для технологического присоединения энергопринимающих устройств Заявителя ООО «СЗ «МАГНОЛИЯ», по адресу: НСО, Новосибирский р-н, Кудряшовский сельсовет, п. Кудряшовский.",Акционерное общество «Региональные Электрические Сети»,"20 370 685,17",,27.08.2026,,https://www.roseltorg.ru/procedure/32616303666,https://zakupki.kontur.ru/32616303666,,,да,"-31,10%"
,разное,Поставка светофорного оборудования,Муниципальное бюджетное учреждение г. Новосибирска «Городской Центр Организации Дорожного Движения»,"1 078 696,68",,27.08.2026,31.12.2026,https://www.rts-tender.ru/auctionsearch/ctl/procDetail/mid/691/number/0351300298626000111,https://zakupki.kontur.ru/0351300298626000111,,,нет,одна заявка
,разное,"Ремонт чаши фонтана по адресу: г. Новосибирск, ул. Связистов, 157 Бульвар Победы",Муниципальное казенное учреждение г. Новосибирска «Городской фонтан»,"1 701 701,81",,27.08.2026,31.12.2026,https://www.rts-tender.ru/auctionsearch/ctl/procDetail/mid/691/number/0351300092026000003,https://zakupki.kontur.ru/0351300092026000003,,,нет ,одна заявка (Сибирский Проект)
,разное,Поставка ПК Apple Mac Studio,Общество с ограниченной ответственностью «ДубльГис»,"15 449 200,00",,31.08.2026,,http://utp.sberbank-ast.ru/VIP/NBT/PurchaseView/29/0/0/4199857,https://zakupki.kontur.ru/SBR028-2608190004,,,неизвестно,
,разное,Поставка ноутбуков Lenovo и MacBook,Общество с ограниченной ответственностью «ДубльГис»,"81 935 720,00",,31.08.2026,,http://utp.sberbank-ast.ru/VIP/NBT/PurchaseView/29/0/0/4200299,https://zakupki.kontur.ru/SBR028-2608190023,,,неизвестно,
,разное,Поставка серверов для VMware,Общество с ограниченной ответственностью «ДубльГис»,"96 080 629,63",,27.08.2026,,http://utp.sberbank-ast.ru/VIP/NBT/PurchaseView/632/0/0/4200277,https://zakupki.kontur.ru/SBR028-2608190022,,,неизвестно,
,разное,"Поставка мешков для мусора: 30 л, 60 л, 120 л",Государственное бюджетное учреждение здравоохранения Новосибирской обл. «Городская клиническая больница №1»,"497 032,00",,27.08.2026,31.12.2026,https://www.rts-tender.ru/auctionsearch/ctl/procDetail/mid/691/number/0351300072226000779,https://zakupki.kontur.ru/0351300072226000779,,,да,"-43,5%
Турман"
,разное,"Приобретение инвентаря для игры в бильярд, а именно: Стол бильярдный (каркас деревянный) ( 2 шт.), Киевница (2 шт.), Шары (2 шт.), Чехол (2 шт.), Бильярдная теща (2 шт.), Кий (4 шт)",Администрация Верх-Мильтюшинского сельсовета Черепановского района Новосибирской обл.,"702 822,00",,28.08.2026,28.12.2026,https://zakupki.gov.ru/epz/order/notice/ea20/view/common-info.html?regNumber=0851200000626005499,https://zakupki.kontur.ru/0851200000626005499,,,нет,"один участник
Старт"
,разное,Поставка подметальной механической машины с комплектующими,Муниципальное казенное учреждение г. Новосибирска «Гормост»,"242 000,00",,27.08.2026,30.9.2026,https://www.rts-tender.ru/auctionsearch/ctl/procDetail/mid/691/number/0351300107026000142,https://zakupki.kontur.ru/0351300107026000142,,,да,"-57,5%
Финалит"
,разное,Выполнение работ по рубке древесины,Государственное автономное учреждение Новосибирской обл. «Новосибирский Лесхоз»,"1 773 600,00",,26.08.2026,,http://www.zakazrf.ru/NotificationEx/Index?FastFilter=32616306636,https://zakupki.kontur.ru/32616306636,,,нет,нет допущенных
,разное,Поставка дорожных знаков,Муниципальное Казённое учреждение «Управление Дорожного и Транспортного Обеспечения» Маслянинского Муниципального Округа Новосибирской Области,"639 558,50",,27.08.2026,30.12.2026,https://zakupki.gov.ru/epz/order/notice/ea20/view/common-info.html?regNumber=0151600003426000165,https://zakupki.kontur.ru/0151600003426000165,,,нет,один участник (Мещеряков )
,разное,Поставка гигрометров и термометров (4632),Федеральное государственное бюджетное учреждение «Новосибирский научно-исследовательский институт туберкулеза» Министерства здравоохранения Российской Федерации,"359 933,32",,27.08.2026,31.3.2027,https://zakupki.gov.ru/epz/order/notice/ea20/view/common-info.html?regNumber=0351100002326000269,https://zakupki.kontur.ru/0351100002326000269,,,да,"-7,5%
Крона"
,разное,Поставка автомобиля грузового в исполнении малого лесопатрульного комплекса,Министерство Природных Ресурсов и Экологии Новосибирской обл.,"2 371 333,33",,27.08.2026,30.10.2026,https://zakupki.gov.ru/epz/order/notice/ea20/view/common-info.html?regNumber=0851200000626005534,https://zakupki.kontur.ru/0851200000626005534,,,да,"-1,5%
Автопромснаб"
,разное,"Выполнение работ по текущему ремонту мягкой кровли над 2 осмотровой канавой в филиале №5 ""Правобережный трамвайный"" МКП «ГЭТ» по адресу: г. Новосибирск, ул. Кошурникова, 1",Муниципальное казённое предприятие г. Новосибирска «Горэлектротранспорт»,"6 120 029,92",,26.08.2026,,https://zakupki.gov.ru/epz/order/extendedsearch/results.html?searchString=32616304266,https://zakupki.kontur.ru/32616304266,,,да,"-37,!%"
,разное,Поставка выключателей вакуумных 35 кВ,Акционерное общество «Региональные Электрические Сети»,"7 991 000,00",,04.09.2026,,https://www.roseltorg.ru/procedure/32616304260,https://zakupki.kontur.ru/32616304260,,,да,"-2,30%"
,разное,"Поставка ноутбуков MacBook для ООО ""ДубльГИС""",Общество с ограниченной ответственностью «ДубльГис»,"5 985 282,00",,31.08.2026,,http://utp.sberbank-ast.ru/VIP/NBT/PurchaseView/29/0/0/4200315,https://zakupki.kontur.ru/SBR028-2608190026,,,неизвестно,
,вода,"Выполнение работ по капитальному ремонту водопроводных сетей в с.Новоцелинное, Кочковского района, Новосибирской области",Администрация Кочковского Района Новосибирской обл.,"751 669,52",,27.08.2026,,https://www.rts-tender.ru/auctionsearch/ctl/procDetail/mid/691/number/0151300021126000081,https://zakupki.kontur.ru/0151300021126000081,,,да,"-25,5%
Таран "
,дороги,"Выполнение работ по ремонту остановок общественного транспорта в Железнодорожном, Заельцовском и Центральном районах Центрального округа города Новосибирска.",Муниципальное казенное учреждение г. Новосибирска «Дорожно-Эксплуатационное Учреждение №1»,"714 900,00",,26.08.2026,9.12.2026,https://www.rts-tender.ru/auctionsearch/ctl/procDetail/mid/691/number/0351300079626000081,https://zakupki.kontur.ru/0351300079626000081,,,да,"-25,3%
Абсолюттрейд Тлк"
,благоустройство,Выполнение работ по устройству газонов с заменой грунта на территории Советского района города Новосибирска,Муниципальное казенное учреждение г. Новосибирска «Дорожно-эксплуатационное учреждение Советского района»,"1 000 000,00",,26.08.2026,31.12.2026,https://www.rts-tender.ru/auctionsearch/ctl/procDetail/mid/691/number/0351300093426000112,https://zakupki.kontur.ru/0351300093426000112,,,да,"-34%
Гасанов"
,мосты,Выполнение работ по ремонту лестниц по ул. Шлюзовая,Муниципальное казенное учреждение г. Новосибирска «Дорожно-эксплуатационное учреждение Советского района»,"728 681,39",,26.08.2026,31.12.2026,https://www.rts-tender.ru/auctionsearch/ctl/procDetail/mid/691/number/0351300093426000111,https://zakupki.kontur.ru/0351300093426000111,,,нет,нет допущенных
,разное,Поставка экшн видеокамер и принадлежностей,Муниципальное казенное учреждение г. Новосибирска «Новосибирский центр по проблемам домашних животных»,"469 060,69",,27.08.2026,31.12.2026,https://www.rts-tender.ru/auctionsearch/ctl/procDetail/mid/691/number/0351300090326000077,https://zakupki.kontur.ru/0351300090326000077,,,да,"-49,5%
Безбородов "
,,"Выполнение комплекса мероприятий (ПИР, СМР, ПНР) по реконструкции ПС 110 кВ Средний Алеус в части замены сетчатого ограждения по периметру ПС протяженностью 180 м, установка 2-ух распашных двухстворчатых ворот и калитки",Акционерное общество «Региональные Электрические Сети»,"5 422 772,28",,02.09.2026,,https://www.roseltorg.ru/procedure/32616318522,https://zakupki.kontur.ru/32616318522,,,нет,нет допущенных
,,"Тендер ""Обустройство площадки. Временные дороги. Благоустройство (Отсыпка щебнем, монтаж забора на сваях)"" Объект: Город-на-озере 01, г. Новосибирск",Филиал «Брусника.Сибакадемстрой» ООО «Брусника»,"800 702,00",,28.08.2026,,https://srm.brusnika.ru/trades/119367244/info,https://zakupki.kontur.ru/IS71033364,,,неизвестно,
,,Поставка запасных частей для мототехники,Общество с ограниченной ответственностью «Всесезонный Курорт «Манжерок»,"2 980 813,30",,28.08.2026,,http://utp.sberbank-ast.ru/VIP/NBT/PurchaseView/48/0/0/4202735,https://zakupki.kontur.ru/SBR028-2608210006,,,неизвестно,
,,"Поставка товаров (Вакуумные шины, насосы, матрац)",Общество с ограниченной ответственностью «Всесезонный Курорт «Манжерок»,"699 000,00",,26.08.2026,,https://sberb2b.ru/request/supplier/preview/a874f54e-f5fa-4c81-8230-68ddcf4e90de,https://zakupki.kontur.ru/IS70666859,,,неизвестно,
,,Запрос предложений в электронной форме на поставку брендированного мёда и чая в тубусе,Общество с ограниченной ответственностью «Курорт Манжерок»,"3 000 000,00",,25.08.2026,,http://utp.sberbank-ast.ru/VIP/NBT/PurchaseView/45/0/0/4197402,https://zakupki.kontur.ru/SBR028-2608170004,,,неизвестно,
,,Поставка волоконно-оптического кабеля,Общество с ограниченной ответственностью «Всесезонный Курорт «Манжерок»,"791 755,31",,26.08.2026,,http://utp.sberbank-ast.ru/VIP/NBT/PurchaseView/48/0/0/4199764,https://zakupki.kontur.ru/SBR028-2608190001,,,неизвестно,
,,Поставка шин для спецтехники,Общество с ограниченной ответственностью «Всесезонный Курорт «Манжерок»,"657 809,30",,25.08.2026,,http://utp.sberbank-ast.ru/VIP/NBT/PurchaseView/48/0/0/4199795,https://zakupki.kontur.ru/SBR028-2608190003,,,неизвестно,
,,"Выполнение работ по объекту: «Расходы на мероприятия по повышению уровня обустройства автомобильных дорог федерального значения. Устройство стационарного электрического освещения на автомобильной дороге Р-256 ""Чуйский тракт"" Новосибирск - Барнаул - Горно-Алтайск - граница с Монголией, подъезд к оз. Телецкому на участках км 31+813 - км 32+910 (с. Сухой Карасук), км 42+750 - км 47+819 (с. Паспаул), км 53+260 - км 54+825 (с. Левинка), км 92+850 - км 95+300 (с. Ускуч), км 112+195 - км 112+660 (мост через р. Бия, с. Верх-Бийск), км 119+314 - км 119+385 (мост через р. Тулой), км 133+533 - км 138+380 (с. Кебезень), Республика Алтай»",Федеральное казенное учреждение «Федеральное управление автомобильных дорог «Сибирь» Федерального дорожного агентства»,"393 457 961,00","≈ 78 691 592,20 ₽ 20 %",04.09.2026,10.11.2027,https://www.rts-tender.ru/auctionsearch/ctl/procDetail/mid/691/number/0351100008926000166,https://zakupki.kontur.ru/0351100008926000166,,,да,"-4,50%"
,,"Установка дорожных ограждений на автомобильной дороге ""Подъезд Талда - Тюнгур (природный парк ""Белуха"") км 182+600 - км 182+781 (справа)",Казенное учреждение Республики Алтай «Республиканское Управление Автомобильных Дорог Общего Пользования «Горно-Алтайавтодор»,"826 240,84",,26.08.2026,21.12.2026,https://zakupki.gov.ru/epz/order/notice/ea20/view/common-info.html?regNumber=0177200000926002398,https://zakupki.kontur.ru/0177200000926002398,,,неизвестно,
,,Поставка компьютерной техники,Казенное учреждение Республики Алтай «Управление Делами Правительства Республики Алтай»,"445 278,70",,26.08.2026,31.12.2026,https://zakupki.gov.ru/epz/order/notice/ea20/view/common-info.html?regNumber=0177200000926002388,https://zakupki.kontur.ru/0177200000926002388,,,да,"-44,2%
Иванова "
,,"Выполнение работ по капитальному ремонту автомобильных дорог: устройство автобусных остановок на автомобильной дороге Подъезд к д.Пугачи, км 3.",Государственное казенное учреждение «Дирекция Автомобильных Дорог Кузбасса»,"6 101 408,84",,04.09.2026,18.1.2027,https://www.rts-tender.ru/auctionsearch/ctl/procDetail/mid/691/number/0139200000126010370,https://zakupki.kontur.ru/0139200000126010370,,,нет,нет допущенных
,,"Благоустройство общественной территории ""Городской сквер"" (установка деревянной горки) (работы, не относящиеся к капитальному строительству и капитальному ремонту)",Муниципальное казённое учреждение «Служба единого заказчика-застройщика»,"4 740 000,00",,02.09.2026,30.12.2026,https://www.rts-tender.ru/auctionsearch/ctl/procDetail/mid/691/number/0819300038026000274,https://zakupki.kontur.ru/0819300038026000274,,,нет,один участник(Твой День)
,,Поставка защитных переносных ограждений,Акционерное общество «Омскэлектро»,"1 674 800,00",,27.08.2026,,https://zmo-omsk.rts-tender.ru/Trade/ViewTrade?id=10605013,https://zakupki.kontur.ru/IS71062887,,,неизвестно,
,,"Выполнение работ по строительству фундаментов под пресс-компактор, эстакаду и рельсовый путь объекта «Мусороперегрузочная станция мощностью 75 тысяч тонн ТКО на территории Верх-Тулинского сельсовета Новосибирской области»",Акционерное общество «Спецавтохозяйство»,"4 553 408,01",,02.09.2026,,https://zakupki.gov.ru/epz/order/extendedsearch/results.html?searchString=32616319438,https://zakupki.kontur.ru/32616319438,,,да,"-3,50%"
,,Работы по изготовлению и монтажу общежития в рамках строительства Объекта: «Строительство линии скоростного подземно-наземного легкорельсового транспорта в г. Красноярске. Первый этап» Этап 2.11. «Электродепо» «Октябрьское»,"Акционерное общество «Научно-Исследовательский и Проектный Институт Гражданского Строительства, Благоустройства и Городского Дизайна «Моспроект-3»","101 963 907,67",,11.09.2026,,https://www.roseltorg.ru/procedure/32616326178,https://zakupki.kontur.ru/32616326178,,,да,"-14,90%"
,,Выполнение работ по повышению уровня безопасности дорожного движения (изготовление (приобретение) и установка дорожных знаков) на объектах улично-дорожной сети г. Кемерово,Управление дорожного хозяйства и благоустройства администрации г. Кемерово,"5 750 000,00",,03.09.2026,30.11.2026,https://www.rts-tender.ru/auctionsearch/ctl/procDetail/mid/691/number/0339300000126000578,https://zakupki.kontur.ru/0339300000126000578,,,да,ЦОДД
,,"Укрепление подпорной стены для ж/д пути из Корпуса №2 ООО ""КраМЗ"".",Общество с ограниченной ответственностью Красноярский Металлургический Завод,,,03.09.2026,,https://www.tender.pro/view_tender_public.shtml?tenderid=1234357&tab=common,https://zakupki.kontur.ru/IS71211802,,,неизвестно,
,,Выполнение работ по капитальному ремонту ВЛ с расчисткой трассы от кустарника и мелколесья на ВЛ 35-220 кВ участок МУ-Култук,Акционерное общество «Иркутская Электросетевая Компания»,"3 165 796,49",,04.09.2026,,https://www.roseltorg.ru/procedure/32616322772,https://zakupki.kontur.ru/32616322772,,,да,"-2,60%"
,,"Выполнение работ по капитализируемому ремонту линейного объекта КЛ-6кВ ГПП-25 АО «НТЭК», лот 136/26 (ЭТО-КРЛО-2026-1)",Акционерное общество «Норильско-Таймырская Энергетическая Компания»,"299 762 425,68",,10.09.2026,,https://zakupki.gov.ru/epz/order/extendedsearch/results.html?searchString=32616322732,https://zakupki.kontur.ru/32616322732,,,,
,,"Ремонт моста через р. Хулугайма на км 201+550 автомобильной дороги А-333 Култук – Монды - граница с Монголией, Республика Бурятия.",Федеральное казенное учреждение «Управление Автомобильной Магистрали Красноярск - Иркутск Федерального Дорожного Агентства»,"76 103 603,00","≈ 7 610 360,30 ₽ 10 %",11.09.2026,15.11.2028,https://www.roseltorg.ru/procedure/0334100007526000100,https://zakupki.kontur.ru/0334100007526000100,,,да,0% (без снижения)
,,Выполнение работ по содержанию искусственных сооружений в городе Новосибирске,Муниципальное казенное учреждение г. Новосибирска «Гормост»,"14 999 924,16",,03.09.2026,31.12.2026,https://www.rts-tender.ru/auctionsearch/ctl/procDetail/mid/691/number/0351300107026000147,https://zakupki.kontur.ru/0351300107026000147,,,нет,один участник
,,"Выполнение работ по содержанию автомобильных дорог: освобождение покрытия автомобильных дорог в Таштагольском муниципальном округе от объектов, препятствующих проезду транспортных средств.",Государственное казенное учреждение «Дирекция Автомобильных Дорог Кузбасса»,"21 342 912,61",,04.09.2026,22.1.2027,https://www.rts-tender.ru/auctionsearch/ctl/procDetail/mid/691/number/0139200000126010368,https://zakupki.kontur.ru/0139200000126010368,,,нет,один участник
,,Выполнение работ по капитальному ремонту автомобильных дорог: замена барьерного ограждения на автомобильных дорогах общего пользования регионального или межмуниципального значения в Промышленновском муниципальном округе.,Государственное казенное учреждение «Дирекция Автомобильных Дорог Кузбасса»,"6 344 744,90",,07.09.2026,4.12.2026,https://www.rts-tender.ru/auctionsearch/ctl/procDetail/mid/691/number/0139200000126010412,https://zakupki.kontur.ru/0139200000126010412,,,нет,один участник
,,"Выполнение проектно-изыскательских работ на капитальный ремонт автомобильной дороги Н-3313 подъезд к пос. Ильича км 0+276 - 5+870 с. Зудилово, км 13+900 - км 14+725 п. Ильича в Первомайском районе (устройство электроосвещения)",Краевое государственное казенное учреждение «Управление автомобильных дорог Алтайского края»,"4 908 211,00",,11.09.2026,2.2.2027,https://www.rts-tender.ru/auctionsearch/ctl/procDetail/mid/691/number/0817200000326013048,https://zakupki.kontur.ru/0817200000326013048,,,да,-50%
,,Выполнение работ по капитальному ремонту моста через р. Иня по ул. Эйхе в г. Новосибирске,Муниципальное казенное учреждение г. Новосибирска «Гормост»,"502 832 869,01","≈ 150 849 860,70 ₽ 30 %",02.09.2026,22.12.2028,https://www.rts-tender.ru/auctionsearch/ctl/procDetail/mid/691/number/0351300107026000146,https://zakupki.kontur.ru/0351300107026000146,,,нет,нет допущенных
,,"Выполнение комплекса строительных-монтажных работ по устройству фундаментной плиты ФПМ, монолитных полов и фундаментов (Фм, Кн, Бмф) главного корпуса, совмещенного с административно-бытовым корпусом депо на объекте:«Строительство линии скоростного подземно-надземного легкорельсового транспорта в г. Красноярске. Первый этап.» 2.11 Этап: «Электродепо «Октябрьское».","Акционерное общество «Научно-Исследовательский и Проектный Институт Гражданского Строительства, Благоустройства и Городского Дизайна «Моспроект-3»","89 802 556,84",,11.09.2026,,https://www.roseltorg.ru/procedure/32616326180,https://zakupki.kontur.ru/32616326180,,,нет,нет допущенных
,,"«Дополнительные работы по оказанию услуг (выполнению работ) по содержанию автомобильной дороги общего пользования федерального значения Р-256 «Чуйский тракт» Новосибирск - Барнаул - Горно-Алтайск - граница с Монголией км 428+190 – км 943+153, км 943+538 – км 962+990, подъезд к г. Горно-Алтайску км 0+000 – км 4+381, подъезд к урочищу р. Урсул км 0+000 – км 21+500, участок строительства обхода с. Майма км 0+000 – км 2+320 и искусственных дорожных сооружений на ней, Республика Алтай».",Федеральное казенное учреждение «Федеральное управление автомобильных дорог «Сибирь» Федерального дорожного агентства»,"78 410 645,87",,14.09.2026,1.12.2026,https://www.rts-tender.ru/auctionsearch/ctl/procDetail/mid/691/number/0351100008926000177,https://zakupki.kontur.ru/0351100008926000177,,,нет,один участник
,,"Выполнение строительно-монтажных, пусконаладочных работ по строительству ЛЭП-10 кВ, КТПН-10/0,4 кВ, реконструкция Ф-11609 от ПС Бердская, РП-11 Бердск и ТП-10/0,4 кВ №71-40 для технологического присоединения энергопринимающих устройств заявителя ИП Дремин А.Н. по адресу: НСО, г.Бердск",Акционерное общество «Региональные Электрические Сети»,"31 865 234,92",,14.09.2026,,https://www.roseltorg.ru/procedure/32616327559,https://zakupki.kontur.ru/32616327559,,,да,-22%
,,"Ценовой отбор в электронной форме на право заключения договора на выполнение комплекса проектно-изыскательских (ПИР) и строительно-монтажных работ (СМР) по строительству волоконно-оптической линии связи (ВОЛС) для нужд ООО ""М100""",Общество с ограниченной ответственностью «Дата Центр М100»,"82 776 406,41",,31.08.2026,,https://www.roseltorg.ru/procedure/COM26082600143,https://zakupki.kontur.ru/IS71325568,,,неизвестно,
,,"Выполнение свайных работ по объекту: «Строительство парково-складской зоны и объектов инженерной инфраструктуры по адресу: Московская область, г. Балашиха».",Общество с ограниченной ответственностью «Мд Строй»,,,02.09.2026,,https://www.b2b-center.ru/market/view.html?id=4578056&utm_source=kontur&utm_medium=referral&utm_campaign=ref_id&key=skb-34e3b000f4c34e609360b36c3bdc66eb826d428a,https://zakupki.kontur.ru/4578056_4,,,неизвестно,
,,"Выполнение работ и оказание услуг, связанных с одновременным выполнением инженерных изысканий, подготовкой проектной документации, выполнением работ по строительству водоводов и водоводных конструкций по объекту :«Строительство 2-ой нитки водовода в пгт. Томилино водовода диаметром 600 мм от повысительной насосной станции, расположенной по адресу: г.о. Люберцы, пгт. Томилино, ул. Пионерская, д. 16А до водопроводной камеры в районе дома №1 по ул. Гаршина (в т.ч. ПИР)»",Муниципальное учреждение «Управление Капитального Строительства» Городского Округа Люберцы Московской Области,"87 856 361,63","≈ 26 356 908,49 ₽ 30 %",11.09.2026,,https://www.rts-tender.ru/auctionsearch/ctl/procDetail/mid/691/number/0148200005426000379,https://zakupki.kontur.ru/0148200005426000379,,,отменено,
,,"Выполнение работ и оказание услуг, связанных с одновременным выполнением инженерных изысканий, подготовкой проектной документации, выполнением работ по капитальному ремонту объекта теплоснабжения (кроме линейного) и поставкой оборудования, необходимого для обеспечения эксплуатации такого объекта по мероприятию «Капитальный ремонт котельной по адресу: Московская область, г. Руза, ул. Промзона, уч.1, стр.1 (в т.ч. ПИР)»",Администрация Рузского Муниципального Округа Московской обл.,"347 845 388,00","≈ 104 353 616,40 ₽ 30 %",11.09.2026,,https://www.rts-tender.ru/auctionsearch/ctl/procDetail/mid/691/number/0148200005426000377,https://zakupki.kontur.ru/0148200005426000377,,,нет,"допущен только один участник
АО «ГК «Екс»"
,,"Право заключения договора на разработку РД, выполнение СМР, ПНР с поставкой оборудования по титулу: «Строительство КРУН-10 кВ, установка двух блок-трансформаторов на ПС 220 кВ Кедрово для осуществления технологического присоединения объектов ПАО «Россети МР».",Публичное акционерное общество «Федеральная Сетевая Компания - Россети»,"216 948 440,00",,10.09.2026,,https://zakupki.gov.ru/epz/order/extendedsearch/results.html?searchString=32616321736,https://zakupki.kontur.ru/32616321736,,,неизвестно,
,,"Выполнение работ и оказание услуг, связанных с одновременным выполнением инженерных изысканий, подготовкой проектной документации, выполнением работ по строительству местных трубопроводов горячей воды по мероприятию: ""Строительство участков тепловой сети по адресу: Московская область, г. Пересвет, от котельной до камеры (в т.ч. ПИР)""",Муниципальное бюджетное учреждение «Развитие» Сергиево-Посадского Городского Округа Московской Области,"139 746 000,00",,09.09.2026,,https://www.rts-tender.ru/auctionsearch/ctl/procDetail/mid/691/number/0148200005426000374,https://zakupki.kontur.ru/0148200005426000374,,,нет,"допущенн только один участник
Каскад-Энерго
"
,,Выполнение работ по завершению строительства объекта: «Строительство комплекса сооружений очистки подземных вод р. п. Ордынское Ордынского района Новосибирской области»,Администрация рабочего поселка Ордынское Ордынского района Новосибирской обл.,"72 089 815,71","≈ 7 208 981,57 ₽ 10 %",02.09.2026,29.12.2026,https://zakupki.gov.ru/epz/order/notice/ea20/view/common-info.html?regNumber=0851200000626005665,https://zakupki.kontur.ru/0851200000626005665,,,нет,нет допущенных
04.09.26,расчмстка,Право заключения договора на выполнение работ по расчистке трасс ВЛ от ДКР для нужд филиала ПАО «Россети» – Нижегородское ПМЭС,Публичное акционерное общество «Федеральная Сетевая Компания - Россети»,"74 623 092,18",,08.09.2026,,https://zakupki.gov.ru/epz/order/extendedsearch/results.html?searchString=32616342757,https://zakupki.kontur.ru/32616342757,,,да,"-0,1"
04.09.26,дороги,Выполнение работ по текущему ремонту :восстановление транспортно-эксплуатационных характеристик автомобильных дорог общего пользования местного значения на территории городского округа Мытищи Московской области (лот 1),Муниципальное казенное учреждение «Управление Транспорта и Дорожного Хозяйства Городского Округа Мытищи Московской Области»,"39 312 860,23","≈ 11 793 858,07 ₽ 30 %",09.09.2026,25.12.2026,https://www.rts-tender.ru/auctionsearch/ctl/procDetail/mid/691/number/0848300062726000297,https://zakupki.kontur.ru/0848300062726000297,,,нет,"только одна заявка
ДорСтрой-35"
04.09.26,дороги,Выполнение работ по капитальному ремонту автомобильной дороги «п. ТЭЦ № 22 – МКАД» (на участках примыканий к ул.Ленина и ул.Энергетика) в городском округе Дзержинский Московской области,Государственное бюджетное учреждение Московской обл. «Мосавтодор»,"96 113 797,15","≈ 28 834 139,15 ₽ 30 %",14.09.2026,31.7.2028,https://www.rts-tender.ru/auctionsearch/ctl/procDetail/mid/691/number/0348200049726000273,https://zakupki.kontur.ru/0348200049726000273,,,нет,"только одна заявка
Мегаполис"
04.09.26,барьер,"Установка металлического барьерного ограждения по оси проезжей части на участках км 158+862 – км 180+000, км 220+000 – км 229+000 автомобильной дороги общего пользования федерального значения М-9 «Балтия» Москва – Волоколамск – граница с Латвийской Республикой, Тверская область (лот 169)",Федеральное казенное учреждение «Федеральное Управление Автомобильных Дорог «Россия» Ордена Ленина Федерального Дорожного Агентства»,"61 279 757,00",,21.09.2026,31.12.2026,https://www.etp-ets.ru/44/catalog/procedure?q=0348100042426000101,https://zakupki.kontur.ru/0348100042426000101,,,да,"-21,70%"
,,Капитальный ремонт мостового перехода через р. Теректа на км 8+155 автомобильной дороги «Усть-Кокса – Теректа – Чендек»,Казенное учреждение Республики Алтай «Республиканское Управление Автомобильных Дорог Общего Пользования «Горно-Алтайавтодор»,"50 681 996,03","≈ 24 834 178,05 ₽ 49 %",16.09.2026,17.11.2027,https://zakupki.gov.ru/epz/order/notice/ea20/view/common-info.html?regNumber=0177200000926002519,https://zakupki.kontur.ru/0177200000926002519,,,да,"-12,50%"
,,Капитальный ремонт мостового перехода через р. Теректа на км 6+300 автомобильной дороги «Усть-Кокса – Теректа – Чендек»,Казенное учреждение Республики Алтай «Республиканское Управление Автомобильных Дорог Общего Пользования «Горно-Алтайавтодор»,"61 502 065,97","≈ 30 136 012,33 ₽ 49 %",16.09.2026,17.11.2027,https://zakupki.gov.ru/epz/order/notice/ea20/view/common-info.html?regNumber=0177200000926002521,https://zakupki.kontur.ru/0177200000926002521,,,да,"-12,50%"
,,Капитальный ремонт мостового перехода через р. Теректа на км 6+624 автомобильной дороги «Усть-Кокса – Теректа – Чендек»,Казенное учреждение Республики Алтай «Республиканское Управление Автомобильных Дорог Общего Пользования «Горно-Алтайавтодор»,"47 700 991,02","≈ 23 373 485,60 ₽ 49 %",16.09.2026,17.11.2027,https://zakupki.gov.ru/epz/order/notice/ea20/view/common-info.html?regNumber=0177200000926002520,https://zakupki.kontur.ru/0177200000926002520,,,да,"-12,50%"
,,"Выполнение работ по укреплению склона по адресу г. Красноярск, ул. Ленина, 188","Муниципальное казенное учреждение г. Красноярска «Управление Дорог, Инфраструктуры и Благоустройства»","36 379 890,00",,14.09.2026,31.1.2027,https://www.rts-tender.ru/auctionsearch/ctl/procDetail/mid/691/number/0119300019826001717,https://zakupki.kontur.ru/0119300019826001717,,,нет,нет допущенных
,,Разработка проектной и рабочей документации на проведение капитального ремонта по объекту «Капитальный ремонт аэродрома «Хатанга» ФКП «Аэропорты Красноярья»,Федеральное казенное предприятие «Аэропорты Красноярья»,"47 672 120,34",,14.09.2026,30.4.2027,https://zakupki.gov.ru/epz/order/notice/ea20/view/common-info.html?regNumber=0519100001426000105,https://zakupki.kontur.ru/0519100001426000105,,,нет,"только одна заявка
РосИнсталПроект"
,,Выполнение работ по ремонту а/д «Чаны - Песчаное Озеро» в Чановском муниципальном округе Новосибирской области,Государственное казенное учреждение Новосибирской обл. «Территориальное управление автомобильных дорог Новосибирской области»,"78 973 996,05",,14.09.2026,26.9.2028,https://zakupki.gov.ru/epz/order/notice/ea20/view/common-info.html?regNumber=0851200000626005876,https://zakupki.kontur.ru/0851200000626005876,,,да,"-32%
Новосибирскавтодор"
,,"Выполнение работ по ремонту а/д ""Кольцово - Академгородок"" (км 13) в Новосибирском районе Новосибирской области (устройство светофорного объекта)",Государственное казенное учреждение Новосибирской обл. «Территориальное управление автомобильных дорог Новосибирской области»,"2 300 628,24",,14.09.2026,25.11.2026,https://zakupki.gov.ru/epz/order/notice/ea20/view/common-info.html?regNumber=0851200000626005870,https://zakupki.kontur.ru/0851200000626005870,,,нет,"только одна заявка
Верещагин "
,,Выполнение работ по ремонту моста через р. Уй км 16+169 автомобильной дороги Майна-Богословка в Бейском районе Республики Хакасия,Государственное казенное учреждение Республики Хакасия «Управление автомобильных дорог Республики Хакасия»,"7 148 922,56","≈ 2 144 676,77 ₽ 30 %",14.09.2026,31.12.2026,https://www.rts-tender.ru/auctionsearch/ctl/procDetail/mid/691/number/0380200000126006541,https://zakupki.kontur.ru/0380200000126006541,,,нет,один допущенный участник
,,"Выполнение субподрядных работ по ремонту искусственных сооружений на автомобильной дороге «Быканов Мост-Солоновка-Солонешное-граница Республики Алтай, км 58+000 - км 60+133, км 60+278 - км 60+725, км 60+834 - км 63+000 в Солонешенском районе»",Акционерное общество «Юго-Восточное Дорожно-Строительное Управление Алтайского Края»,"6 147 726,40",,14.09.2026,,https://zakupki.gov.ru/epz/order/extendedsearch/results.html?searchString=32616350608,https://zakupki.kontur.ru/32616350608,,,нет,один участник
,,"ЭА-№-14627/26 «Благоустройство территории КГКУ СО ""Краевой центр семьи и детей"", расположенного по адресу: Красноярский край, г. Красноярск, ул. Академика Павлова, 17»",Краевое государственное казенное учреждение Социального Обслуживания «Краевой Центр Семьи и Детей»,"39 064 879,02",,11.09.2026,31.12.2027,https://www.rts-tender.ru/auctionsearch/ctl/procDetail/mid/691/number/0119200000126015161,https://zakupki.kontur.ru/0119200000126015161,,,да,"-27%
Аргстрой"
,,"Выполнение работ по проектированию для объекта : ""Строительство автодорожной инфраструктуры к границам участков резидентов площадок 3.1,3.2,3.3 с автопарковкой""",Акционерное общество «Управляющая Компания «Центр Развития Промышленных Территорий»,"13 440 333,33",,21.09.2026,31.12.2026,https://www.zakazrf.ru/NotificationEx/Index?Filter=1&FastFilter=0800500022026000006,https://zakupki.kontur.ru/0800500022026000006,,,да,"-40,50%"
,,Выбор Подрядной организации на оказание строительно-монтажных работ по устройству ж/б фундамента приемного бункера и подпорной стены дробильно-сортировочного комплекса по переработке известняка (инв. №20622) АО «Разрез Колыванский»,Акционерное общество «Разрез Колыванский»,,,11.09.2026,,https://www.b2b-center.ru/app/market/vybor-podriadnoi-organizatsii-na-okazanie-stroitelno-montazhnykh-rabot/tender-4587759/?utm_source=kontur&utm_medium=referral&utm_campaign=ref_id&key=skb-34e3b000f4c34e609360b36c3bdc66eb826d428a,https://zakupki.kontur.ru/4587759_459,,,неизвестно,
,,Укрепление береговой линии на реке Елань в с. Еланка Еланского сельсовета Усть-Таркского района Новосибирской области,Администрация Еланского сельсовета Усть-Таркского района Новосибирской обл.,"3 199 516,52",,11.09.2026,14.12.2026,https://zakupki.gov.ru/epz/order/notice/ea20/view/common-info.html?regNumber=0851300008826000060,https://zakupki.kontur.ru/0851300008826000060,,,нет,нет допущенных
,,"Выполнение работ по капитальному ремонту отмостки, включая бетонирование и ограждение подпорного вала, цоколя, входа в подвал здания ГБУЗ РХ ""Копьевская РБ""",Государственное бюджетное учреждение Здравоохранения Республики Хакасия «Копьёвская Районная Больница»,"8 355 167,93",,10.09.2026,31.12.2026,https://www.rts-tender.ru/auctionsearch/ctl/procDetail/mid/691/number/0380200000126006551,https://zakupki.kontur.ru/0380200000126006551,,,нет,Нет допущенных участников
,,"Устройство лестничного схода ул. Пермская, 59 в г. Новосибирске",Муниципальное казенное учреждение г. Новосибирска «Гормост»,"2 504 056,58","≈ 751 216,97 ₽ 30 %",10.09.2026,17.12.2026,https://www.rts-tender.ru/auctionsearch/ctl/procDetail/mid/691/number/0351300107026000150,https://zakupki.kontur.ru/0351300107026000150,,,нет,только один допущенный
,,"Выполнение работ по ремонту водопропускной трубы на а/д «155 км а/д ""К-02"" - Сергеевка - Воскресенка» в Кыштовском районе Новосибирской области",Государственное казенное учреждение Новосибирской обл. «Территориальное управление автомобильных дорог Новосибирской области»,"20 416 007,65",,10.09.2026,10.8.2027,https://zakupki.gov.ru/epz/order/notice/ea20/view/common-info.html?regNumber=0851200000626005815,https://zakupki.kontur.ru/0851200000626005815,,,нет,"только одна заявка
Новосибирскагропромдорстрой"
,,"Ремонт моста через р. Б. Зангисан на км 141+250 автомобильной дороги А-333 Култук-Монды-граница с Монголией, Республика Бурятия",Федеральное казенное учреждение «Управление Автомобильной Магистрали Красноярск - Иркутск Федерального Дорожного Агентства»,"397 635 887,00","≈ 39 763 588,70 ₽ 10 %",22.09.2026,16.11.2028,https://zakupki.gov.ru/epz/order/notice/ok20/view/common-info.html?regNumber=0334100007526000111,https://zakupki.kontur.ru/0334100007526000111,,,да,неизвестно. два участника
,,Благоустройство общественной территории в городе Бердске «Парк Победы»,Муниципальное казенное учреждение «Управление жилищно-коммунального хозяйства» г.Бердска,"10 908 996,72","≈ 109 089,97 ₽ 1 %",09.09.2026,15.7.2027,https://www.rts-tender.ru/auctionsearch/ctl/procDetail/mid/691/number/0851300000126000287,https://zakupki.kontur.ru/0851300000126000287,,,да,"-10,5%
Эл Групп"
,,"Установка (монтаж) ограждения территории, расположенной по адресу: г. Новосибирск, ул. Выборная, 91а",Муниципальное бюджетное учреждение Дополнительного Образования г. Новосибирска «Спортивная Школа по Горнолыжному Спорту и Сноуборду»,"2 195 003,22",,09.09.2026,,https://www.rts-tender.ru/auctionsearch/ctl/procDetail/mid/691/number/0151300055426000023,https://zakupki.kontur.ru/0151300055426000023,,,да,"-25%
Таёжный Двор"
,,Выполнение работ по расчистке трассы ЛЭП 220кВ на участке от опоры №5 до опоры №10 ПС «Узловая» - ПС «220/06» от древесно-кустарниковой растительности для нужд филиала «Участок №2» АО СМНУ-70 в 2026г.,Акционерное общество «Специализированное Монтажно-Наладочное Управление № 70»,,,09.09.2026,,https://fabrikant.ru/v2/trades/procedure/view/u09wWxzxHYz4oTPXPx_MrQ,https://zakupki.kontur.ru/5571079,,,неизвестно,
,,Выполнение работ по отсыпке пешеходной дорожки в р.п. Кольцово Новосибирской области,Муниципальное бюджетное учреждение «Фасад»,"1 027 795,37",,09.09.2026,31.12.2026,https://www.rts-tender.ru/auctionsearch/ctl/procDetail/mid/691/number/0351600000326000058,https://zakupki.kontur.ru/0351600000326000058,"44-ФЗ, Электронный аукцион
",,да,"-31,1%
Алиев "
,,Выполнение работ по ремонту водопропускной трубы на км 267+661 автомобильной дороги «Новосибирск – Кочки – Павлодар (в пред. РФ)» в Краснозерском районе Новосибирской области,Государственное казенное учреждение Новосибирской обл. «Территориальное управление автомобильных дорог Новосибирской области»,"12 575 965,81",,08.09.2026,17.12.2026,https://zakupki.gov.ru/epz/order/notice/ea20/view/common-info.html?regNumber=0851200000626005782,https://zakupki.kontur.ru/0851200000626005782,"44-ФЗ, Электронный аукцион
",,нет,"одна заявка
ПК «Инвестстройпроект»"
,,Выполнение работ по капитальному ремонту и содержанию автомобильной дороги К-20 Поспелиха - Новичиха- Волчиха км 92+264 - км 95+160 с. Солоновка Волчихинского района ( устройство электроосвещения ) на период 2026-2028 гг. (контракт жизненного цикла),Краевое государственное казенное учреждение «Управление автомобильных дорог Алтайского края»,"16 270 169,00","≈ 1 627 016,90 ₽ 10 %",09.09.2026,20.12.2028,https://www.rts-tender.ru/auctionsearch/ctl/procDetail/mid/691/number/0817200000326013261,https://zakupki.kontur.ru/0817200000326013261,"44-ФЗ, Электронный аукцион на проведение работ по строительству, реконструкции, кап. ремонту, сносу объекта кап. строительства в соответствии с п. 8 ч. 1 ст. 33 Закона № 44-ФЗ
",,да,"-0,5%
ПК «Инвестстройпроект»"
,,Благоустройство парковой зоны по улице Набережная города Болотное Болотнинского района Новосибирской области (1 этап),Администрация г. Болотное Болотнинского района Новосибирской обл.,"80 894 119,07",,08.09.2026,31.12.2026,https://zakupki.gov.ru/epz/order/notice/ea20/view/common-info.html?regNumber=0151300036826000033,https://zakupki.kontur.ru/0151300036826000033,,,нет,Нет допущенных участников
,,Выполнение работ по устройству асфальтирования по бетонному основанию дороги S-1260 м2,Общество с ограниченной ответственностью «Группа Полипластик»,,,07.09.2026,,https://www.b2b-center.ru/market/view.html?id=4581540&utm_source=kontur&utm_medium=referral&utm_campaign=ref_id&key=skb-34e3b000f4c34e609360b36c3bdc66eb826d428a,https://zakupki.kontur.ru/4581540_4,,,неизвестно,
,,Юрга. Проектирование и СМР подпорной стенки,Общество с ограниченной ответственностью «Вайлдберриз»,,,07.09.2026,,,https://zakupki.kontur.ru/IS71587694,,,неизвестно,
,,Выполнение работ по покраске надземной части газопровода,Общество с ограниченной ответственностью «Омскгазсеть»,"10 892 727,30",,08.10.2026,,https://zakupki.gov.ru/epz/order/extendedsearch/results.html?searchString=32616331710,https://zakupki.kontur.ru/32616331710,,,,
,,Выполнение работ по покраске металлических пролетных строений мостового перехода через р. Хам-Сыра,Общество с ограниченной ответственностью «Инфрадорстрой»,,,07.09.2026,,https://www.b2b-center.ru/app/market/vypolnenie-rabot-po-pokraske-metallicheskikh-proletnykh-stroenii/tender-4578485/?utm_source=kontur&utm_medium=referral&utm_campaign=ref_id&key=skb-34e3b000f4c34e609360b36c3bdc66eb826d428a,https://zakupki.kontur.ru/4578485_458,,,неизвестно,частная
,,"Поставка и высаживание деревьев кварталов района Новогиреево, Новокосино, Перово, Соколиная Гора",Государственное бюджетное учреждение г. Москвы «Автомобильные дороги Восточного административного округа»,"29 636 920,00","≈ 5 927 384,00 ₽ 20 %",28.09.2026,,https://zakupki.gov.ru/epz/order/notice/ok20/view/common-info.html?regNumber=0373200006226001391,https://zakupki.kontur.ru/0373200006226001391,,,,
,,"Ремонт существующего примыкания к автомобильной дороге М-5 ""Урал"" на км134+910 (слева) - съезд, на км 134+845 (слева) - выезд, от АЗК № MJ 153""Луховицы"", расположенного на земельном участке с кадастровым номером50:35:0030115:44 по адресу: Московская область, Луховицкий район, 134 км автодороги""Москва-Челябинск""",АО «РН-Москва»,"60 648 265,85",,23.09.2026,,https://www.tektorg.ru/rosneft/procedures/19823569,https://zakupki.kontur.ru/IS74638495,,,неизвестно,
,,"Выполнение работ по устройству ледовой площадки, расположенной по адресу: г. Москва, 3-й Павелецкий пр., д.11",Государственное бюджетное учреждение г. Москвы «Жилищник Даниловского Района»,"10 725 048,96",,16.09.2026,24.11.2026,https://zakupki.gov.ru/epz/order/notice/ea20/view/common-info.html?regNumber=0373200086726000881,https://zakupki.kontur.ru/0373200086726000881,"44-ФЗ, Электронный аукцион",,да,"-23,2%
Диткин "
,,"Забуривание и погружение труб шпунтового ограждения котлована (ул. Кубинка, вл.16-1)",Общество с ограниченной ответственностью «Специализированный Застройщик «Реновация»,"24 390 001,92",,15.09.2026,,https://www.roseltorg.ru/procedure/B0809261914101?utm_source=kontur_zakupki&utm_medium=referral&utm_campaign=etp&utm_referrer=https%253A%252F%252Fzakupki.kontur.ru,https://zakupki.kontur.ru/IS73460250,,,неизвестно,
,,"Выполнение работ по ремонту подпорной стенки по адресу: г. Истра, улица Главного Конструктора В.И. Адасько, 4",Администрация Муниципального Округа Истра Московской обл.,"5 924 195,89",,25.09.2026,26.2.2027,https://www.rts-tender.ru/auctionsearch/ctl/procDetail/mid/691/number/0848300048226000346,https://zakupki.kontur.ru/0848300048226000346,,,,
,,"Выполнение работ по объекту: «Развитие инфраструктуры железнодорожной станции Михайло-Семеновская (Ленинск-2)». Этап 2. Удлинение досмотровой эстакады, благоустройство междупутий",Общество с ограниченной ответственностью «Ифр-1»,"241 652 824,24",,25.09.2026,,https://etpgpb.ru/procedures/?procedure%5Bcategory%5D=all&search=32616363790,https://zakupki.kontur.ru/32616363790,,,,
,,"Конкурс в электронной форме среди субъектов малого и среднего предпринимательства на право заключения договора на выполнение работ по ремонту асфальтобетонного покрытия производственных площадок, горловин колодцев, установке опорных плит и опорно-укрывных элементов плавающего типа с последующим обустройством, в том числе на вылетных магистралях, третьем транспортном кольце и трассах с интенсивным движением автотранспорта АО ""Мосводоканал"" в 2027 году",Акционерное общество «Мосводоканал»,"37 332 000,00",,25.09.2026,,https://zakupki.gov.ru/epz/order/extendedsearch/results.html?searchString=32616365114,https://zakupki.kontur.ru/32616365114,,,,
,,"Выполнение работ (оказания услуг) по содержанию искусственных сооружений на действующей сети автомобильных дорог общего пользования федерального значения (планово-предупредительные работы). Автомобильная дорога А-322 Барнаул - Рубцовск - граница с Республикой Казахстан. Мост через реку Горевка км 128+485, Алтайский край.",Федеральное казенное учреждение «Федеральное управление автомобильных дорог «Сибирь» Федерального дорожного агентства»,"22 640 971,00","≈ 4 528 194,20 ₽ 20 %",23.09.2026,4.10.2027,https://www.rts-tender.ru/auctionsearch/ctl/procDetail/mid/691/number/0351100008926000190,https://zakupki.kontur.ru/0351100008926000190,,,нет,нет допущенных
,,"Выполнение работ по ремонту моста через лог Крутенький на участке км 67+050 автомобильной дороги А-321 Барнаул - Павловск - граница с Республикой Казахстан , Алтайский край",Федеральное казенное учреждение «Федеральное управление автомобильных дорог «Сибирь» Федерального дорожного агентства»,"26 109 502,00","≈ 5 221 900,40 ₽ 20 %",23.09.2026,2.12.2027,https://www.rts-tender.ru/auctionsearch/ctl/procDetail/mid/691/number/0351100008926000191,https://zakupki.kontur.ru/0351100008926000191,,,нет,нет допущенных
,,"Выполнение работ (оказание услуг) по содержанию искусственных сооружений на действующей сети автомобильных дорог общего пользования федерального значения (планово-предупредительные работы). Автомобильная дорога Р-256 «Чуйский тракт» Новосибирск - Барнаул - Горно-Алтайск - граница с Монголией. Мост через реку Бердь (левый) на км 34+121 (левый), Новосибирская область",Федеральное казенное учреждение «Федеральное управление автомобильных дорог «Сибирь» Федерального дорожного агентства»,"34 158 576,00","≈ 6 831 715,20 ₽ 20 %",22.09.2026,1.10.2027,https://www.rts-tender.ru/auctionsearch/ctl/procDetail/mid/691/number/0351100008926000184,https://zakupki.kontur.ru/0351100008926000184,"44-ФЗ, Открытый конкурс в электронной форме",,нет,один допущенный
,,"Выполнение работ (оказание услуг) по содержанию искусственных сооружений на действующей сети автомобильных дорог общего пользования федерального значения (планово-предупредительные работы). Автомобильная дорога Р-254 «Иртыш» Челябинск – Курган – Омск – Новосибирск, Северный обход г. Новосибирска. Мост через р. Чик на км 8+750, Новосибирская область. Автомобильная дорога Р-254 «Иртыш» Челябинск – Курган – Омск – Новосибирск, Северный обход г. Новосибирска. Мост через реку Большой Барлак на км 63+529, Новосибирская область. Автомобильная дорога Р-255 «Сибирь» Новосибирск - Кемерово - Красноярск - Иркутск. Мост через реку Ояш на км 90+150, Новосибирская область",Федеральное казенное учреждение «Федеральное управление автомобильных дорог «Сибирь» Федерального дорожного агентства»,"89 622 363,93","≈ 17 924 472,79 ₽ 20 %",22.09.2026,2.12.2027,https://www.rts-tender.ru/auctionsearch/ctl/procDetail/mid/691/number/0351100008926000172,https://zakupki.kontur.ru/0351100008926000172,"44-ФЗ, Открытый конкурс в электронной форме",,нет,один участник
,,"Конкурс в электронной форме на право заключения контракта на проведение комплекса работ по подготовке участка к строительству объекта: ""Строительство первой очереди очистного сооружения ""Кувекино"" 2 этап""",Акционерное общество «Мосводоканал»,"6 264 543,54","≈ 1 879 363,06 ₽ 30 %",05.10.2026,,https://zakupki.gov.ru/epz/order/notice/ok20/view/common-info.html?regNumber=1273000002026000001,https://zakupki.kontur.ru/1273000002026000001,,,,
,,Выполнение работ по устройству ворот в крановую эстакаду для нужд АО «Россети Научно-технический центр»,Акционерное общество «Россети Научно-Технический Центр»,"4 781 057,43",,24.09.2026,,https://zakupki.gov.ru/epz/order/extendedsearch/results.html?searchString=32616388505,https://zakupki.kontur.ru/32616388505,,,нет,нет допущенных
,,Строительство автомобильной дороги Северный подъезд к городу Лобня Московской области. 2 этап,Государственное казенное учреждение Московской обл. «Дирекция Дорожного Строительства»,"162 672 267,45","≈ 48 801 680,24 ₽ 30 %",05.10.2026,,https://www.rts-tender.ru/auctionsearch/ctl/procDetail/mid/691/number/0148200005426000404,https://zakupki.kontur.ru/0148200005426000404,,,,
,,"Выполнение работ по локальному ремонту берегоукрепления Большого Чертановского пруда, расположенного по адресу: г. Москва, ЮАО, Балаклавский пр-т, д. 7",Государственное унитарное предприятие г. Москвы по эксплуатации московских водоотводящих систем «Мосводосток»,"10 667 946,47",,24.09.2026,,https://zakupki.gov.ru/epz/order/extendedsearch/results.html?searchString=32616381637,https://zakupki.kontur.ru/32616381637,"223-ФЗ, Аукцион в электронной форме, участниками которого могут быть только субъекты малого и среднего предпринимательства",,да,"-36,50%"
,,Выполнение работ по устройству инженерных систем бытового городка в Басманном районе города Москвы,Государственное бюджетное учреждение г. Москвы «Автомобильные дороги Центрального административного округа»,"29 476 505,18","≈ 5 895 301,04 ₽ 20 %",01.10.2026,,https://zakupki.gov.ru/epz/order/notice/ok20/view/common-info.html?regNumber=0373200081226000362,https://zakupki.kontur.ru/0373200081226000362,,,нет,один допущенный
,,"Завершение строительства объекта: Строительство разноуровневого пешеходного перехода через железнодорожные пути в районе улицы Кольцевая, дом 15 в городском округе Лобня Московской области",Государственное казенное учреждение Московской обл. «Дирекция Дорожного Строительства»,"176 302 251,16","≈ 52 890 675,35 ₽ 30 %",28.09.2026,,https://www.rts-tender.ru/auctionsearch/ctl/procDetail/mid/691/number/0148200005426000399,https://zakupki.kontur.ru/0148200005426000399,,,нет,нет допущенных
,,Выполнение работ по созданию инженерного обеспечения производственного здания в Таганском районе города Москвы,Государственное бюджетное учреждение г. Москвы «Автомобильные дороги Центрального административного округа»,"28 918 520,91","≈ 5 783 704,18 ₽ 20 %",29.09.2026,24.2.2027,https://zakupki.gov.ru/epz/order/notice/ok20/view/common-info.html?regNumber=0373200081226000349,https://zakupki.kontur.ru/0373200081226000349,"44-ФЗ, Открытый конкурс в электронной форме",,да,-3%
,,Выполнение работ по устройству стен здания бытового городка в Басманном районе города Москвы,Государственное бюджетное учреждение г. Москвы «Автомобильные дороги Центрального административного округа»,"23 584 652,45","≈ 4 716 930,49 ₽ 20 %",30.09.2026,24.2.2027,https://zakupki.gov.ru/epz/order/notice/ok20/view/common-info.html?regNumber=0373200081226000358,https://zakupki.kontur.ru/0373200081226000358,,,да,неизвестно
,,"Выполнение работ по устройству производственной базы, расположенной в Таганском районе г. Москвы",Государственное бюджетное учреждение г. Москвы «Автомобильные дороги Центрального административного округа»,"29 965 456,74","≈ 5 993 091,35 ₽ 20 %",23.09.2026,24.2.2027,https://zakupki.gov.ru/epz/order/notice/ok20/view/common-info.html?regNumber=0373200081226000347,https://zakupki.kontur.ru/0373200081226000347,"44-ФЗ, Открытый конкурс в электронной форме",,да,-3%
,,"Выполнение работ по текущему ремонту в Окружном управлении социального развития Московской области № 9 Министерства социального развития Московской области, Московская область, г. Руза, ул. Федеративная, д.11",Государственное казенное учреждение Московской обл. «Дирекция Единого Заказчика Министерства Социального Развития Московской Области»,"1 900 878,13","≈ 570 263,44 ₽ 30 %",28.09.2026,,https://www.rts-tender.ru/auctionsearch/ctl/procDetail/mid/691/number/0848200001126000472,https://zakupki.kontur.ru/0848200001126000472,"44-ФЗ, Открытый конкурс в электронной форме",,да,"-0,50%"
,,"Поставка и высаживание зеленых насаждений по адресу: г. Москва, ВАО, Новокосино, Новокосинская ул. 13 к.1, 13 к.2, 13 к.3, 13 к.4",Государственное бюджетное учреждение г. Москвы «Автомобильные дороги Восточного административного округа»,"26 690 368,81","≈ 5 338 073,76 ₽ 20 %",21.09.2026,,https://zakupki.gov.ru/epz/order/notice/ok20/view/common-info.html?regNumber=0373200006226001416,https://zakupki.kontur.ru/0373200006226001416,"44-ФЗ, Открытый конкурс в электронной форме
",,да,-50%
,,"Выполнение работ по благоустройству лесопарка Шишкин лес по адресу: Московская область, муниципальный округ Истра, с. Павловская Слобода, ул. Академическая (МАУК «Дирекция парков», юр. адрес: Московская область, Истра р-н, г. Истра, ул. Главного Конструктора В.И. Адасько, д. 4)",Муниципальное автономное учреждение Культуры «Дирекция Парков» Муниципального Округа Истра Московской Области,"29 746 139,25",,21.09.2026,,https://www.rts-tender.ru/poisk/poisk-223-fz?keywords=32616347740,https://zakupki.kontur.ru/32616347740,"223-ФЗ, Конкурс в электронной форме",,да,0%
,,"Завершение строительно-монтажных работ по объектам: Объект№1 - «Строительство улично-дорожной сети Индустриального парка «Дмитров» 1 очередь строительства», Объект№2 - «Строительство улично-дорожной сети Индустриального парка «Дмитров» 1 очередь строительства (2 этап)»",Акционерное общество «Особая Экономическая Зона Технико-Внедренческого Типа «Дубна»,"59 814 123,55","≈ 29 907 061,78 ₽ 50 %",25.09.2026,31.5.2027,https://www.rts-tender.ru/auctionsearch/ctl/procDetail/mid/691/number/1348000000226000022,https://zakupki.kontur.ru/1348000000226000022,,,,
,,"Выполнение работ по содержанию моста через реку Сузун на 32 км а/д ""Сузун - Битки - Преображенка - 18 км а/д ""К-13"" (в гр. района)"" в Сузунском муниципальном округе Новосибирской области (восстановление конуса насыпи мостового сооружения)",Государственное казенное учреждение Новосибирской обл. «Территориальное управление автомобильных дорог Новосибирской области»,"2 762 803,77",,29.09.2026,22.12.2026,https://zakupki.gov.ru/epz/order/notice/ea20/view/common-info.html?regNumber=0851200000626006220,https://zakupki.kontur.ru/0851200000626006220,"44-ФЗ, Электронный аукцион",,да,-13%
,,"Завершение строительно-монтажных работ по объектам: Объект№1 «Водопроводные сети и канализационные коллекторы, прокладка сетей телекоммуникаций, информационно-вычислительных сетей Индустриального парка «Дмитров» 1 очередь строительства (1 этап)», Объект№2 «Водопроводные сети и канализационные коллекторы, прокладка сетей телекоммуникаций, информационно-вычислительных сетей Индустриального парка «Дмитров» 2 очередь строительства». Объект№3 «Водопроводные сети и канализационные коллекторы, прокладка сетей телекоммуникаций, информационно-вычислительных сетей Индустриального парка «Дмитров» 3 очередь строительства»",Акционерное общество «Особая Экономическая Зона Технико-Внедренческого Типа «Дубна»,"81 370 980,44","≈ 40 685 490,22 ₽ 50 %",24.09.2026,31.5.2027,https://www.rts-tender.ru/auctionsearch/ctl/procDetail/mid/691/number/1348000000226000021,https://zakupki.kontur.ru/1348000000226000021,,,,
,,"Строительство сети водоотведения массива многодетных по адресу: Московская область, Павлово- Посадский городской округ, г. Электрогорск, ул. И.Ф. Гвоздева, ул. А. Садыкова. ул. В.М. Артемова, пер. А.М. Кудинова. пер. А.В. Винтера",Администрация Павлово-Посадского Городского Округа Московской обл.,"65 813 840,00","≈ 19 744 152,00 ₽ 30 %",24.09.2026,,https://www.etp-ets.ru/44/catalog/procedure?q=0848300048726000408,https://zakupki.kontur.ru/0848300048726000408,"44-ФЗ, Открытый конкурс в электронной форме",,да,-40%
,,Выполнение работ по возведению стены скорби на территории муниципального кладбища «Луговское» городского округа Лобня Московской области,Муниципальное бюджетное учреждение «Лобненское Городское Специализированное Похоронное Учреждение»,"6 835 335,89","≈ 2 050 600,77 ₽ 30 %",24.09.2026,30.12.2026,https://www.rts-tender.ru/auctionsearch/ctl/procDetail/mid/691/number/0848300053826000300,https://zakupki.kontur.ru/0848300053826000300,"44-ФЗ, Открытый конкурс в электронной форме
",,нет,один участник
,,Выполнение комплекса работ по оснащению подстанций АО «Электромагистраль» защитными укрытиями (10 шт.) для обеспечения безопасности работников,Акционерное общество «Электромагистраль»,"21 909 684,87",,25.09.2026,,https://zakupki.gov.ru/epz/order/extendedsearch/results.html?searchString=32616362012,https://zakupki.kontur.ru/32616362012,"223-ФЗ, Конкурс в электронной форме",,да,неизвестно
,,Выполнение работ по прокладке тепловых сетей ГВС ЦТП №8 с материалом и оборудованием Подрядчика и Заказчика,Муниципальное унитарное предприятие коммунального хозяйства «Егорьевские инженерные сети»,"40 801 599,08",,28.09.2026,,https://www.rts-tender.ru/poisk/poisk-223-fz?keywords=32616364993,https://zakupki.kontur.ru/32616364993,,,,
,,"Строительство сети холодного водоснабжения массива многодетных по адресу: Московская область, Павлово- Посадский городской округ, г. Электрогорск, ул. И.Ф. Гвоздева, ул. А. Садыкова. ул. В.М. Артемова, пер. А.М. Кудинова. пер. А.В. Винтера",Администрация Павлово-Посадского Городского Округа Московской обл.,"30 212 590,00","≈ 9 063 777,00 ₽ 30 %",28.09.2026,,https://www.etp-ets.ru/44/catalog/procedure?q=0848300048726000441,https://zakupki.kontur.ru/0848300048726000441,,,,
,,"Выполнение работ и оказание услуг, связанных с одновременным выполнением инженерных изысканий, подготовкой проектной документации, разработкой рабочей документации на строительство объекта капитального строительства «Выставочный центр с галереей""",Администрация Муниципального Округа Шаховская Московской обл.,"14 915 470,67","≈ 4 474 641,20 ₽ 30 %",30.09.2026,,https://zakupki.gov.ru/epz/order/notice/ok20/view/common-info.html?regNumber=0848300051526000090,https://zakupki.kontur.ru/0848300051526000090,,,,
,,Выполнение работ по завершению строительства объекта: «Строительство 3-й очереди инженерно-транспортной инфраструктуры индустриального парка «Есипово». Транспортная инфраструктура индустриального парка «Есипово». Дождевая канализация»,Акционерное общество «Корпорация Развития Московской Области»,"33 116 338,92","≈ 16 558 169,46 ₽ 50 %",01.10.2026,31.8.2027,https://www.rts-tender.ru/auctionsearch/ctl/procDetail/mid/691/number/1248000000626000006,https://zakupki.kontur.ru/1248000000626000006,,,,
,,"Строительство водопроводных сетей 15,2 км, водонапорных башен и скважин в с. Каракокша Чойского района Республики Алтай",Муниципальное бюджетное учреждение «Центр Коммунальных Услуг» Чойского Района,"116 816 194,27","≈ 11 681 619,43 ₽ 10 %",25.09.2026,15.8.2028,https://www.rts-tender.ru/auctionsearch/ctl/procDetail/mid/691/number/0377600003326000006,https://zakupki.kontur.ru/0377600003326000006,"44-ФЗ, Электронный аукцион на проведение работ по строительству, реконструкции, кап. ремонту, сносу объекта кап. строительства в соответствии с п. 8 ч. 1 ст. 33 Закона № 44-ФЗ
",,нет,нет допущенных
,,"Оказание услуг по устройству сезонного ледяного катка по адресу: Московская область, городской округ Власиха, п. Власиха, ул. М. Жукова, площадь возле ДК (сезон 2026-2027 гг)",Администрация городского округа Власиха Московской обл.,"45 000 000,00","≈ 22 500 000,00 ₽ 50 %",12.10.2026,31.5.2027,https://www.rts-tender.ru/auctionsearch/ctl/procDetail/mid/691/number/0848300022826000087,https://zakupki.kontur.ru/0848300022826000087,,,,
,,Выполнение работ по завершению строительства объекта: «Строительство комплекса сооружений очистки подземных вод р. п. Ордынское Ордынского района Новосибирской области»,Администрация рабочего поселка Ордынское Ордынского района Новосибирской обл.,"72 089 815,71","≈ 7 208 981,57 ₽ 10 %",01.10.2026,29.12.2026,https://zakupki.gov.ru/epz/order/notice/ea20/view/common-info.html?regNumber=0851200000626006270,https://zakupki.kontur.ru/0851200000626006270,"44-ФЗ, Электронный аукцион на проведение работ по строительству, реконструкции, кап. ремонту, сносу объекта кап. строительства в соответствии с п. 8 ч. 1 ст. 33 Закона № 44-ФЗ
",,нет,нет допущенных
,,Право заключения договора на ОКПД2 43.99.40.110 Восстановительные работы. Восстановление стены технологических помещений по оси А между осями 2 и 8 на отметке 149.85 здания ГАЭС и крепления верхового откоса дамбы верхнего бассейна железобетонными плитами (Лот № 1061-КС ПИР СМР-2026-ЗГАЭС-2),Акционерное общество «Загорская Гаэс-2»,"27 807 187,00",,06.10.2026,,https://zakupki.gov.ru/epz/order/extendedsearch/results.html?searchString=32616409088,https://zakupki.kontur.ru/32616409088,,,,
,,Выполнение работ по содержанию мостовых сооружений на автомобильных дорогах общего пользования регионального или межмуниципального значения в Кемеровском муниципальном округе,Государственное казенное учреждение «Дирекция Автомобильных Дорог Кузбасса»,"17 992 354,82",,13.10.2026,15.2.2028,https://www.rts-tender.ru/auctionsearch/ctl/procDetail/mid/691/number/0139200000126011916,https://zakupki.kontur.ru/0139200000126011916,,,,
,,Выполнение работ по содержанию автомобильных дорог регионального и межмуниципального значения и искусственных сооружений на них в Сузунском муниципальном округе Новосибирской области,Государственное казенное учреждение Новосибирской обл. «Территориальное управление автомобильных дорог Новосибирской области»,"5 176 435,76","≈ 517 643,58 ₽ 10 %",07.10.2026,31.12.2028,https://zakupki.gov.ru/epz/order/notice/ea20/view/common-info.html?regNumber=0851200000626006396,https://zakupki.kontur.ru/0851200000626006396,,,,
,,"Выполнение работ по комплексному лесовосстановлению (искусственное лесовосстановление путем посадки сеянцев с закрытой корневой системой) после проведения работ по реконструкции автомобильной дороги ""Сузун – Битки – Преображенка - 18 км а/д ""К-13"" (в гр. района)"" в Искитимском районе Новосибирской области",Государственное казенное учреждение Новосибирской обл. «Территориальное управление автомобильных дорог Новосибирской области»,"3 016 622,44",,07.10.2026,24.10.2028,https://zakupki.gov.ru/epz/order/notice/ea20/view/common-info.html?regNumber=0851200000626006386,https://zakupki.kontur.ru/0851200000626006386,,,,
,,"Выполнение работ по объекту: ""Благоустройство территории Спортхаб ""Драйв"" в муниципальном образовании город Заринск Алтайского края (3 этап)"". Устройство дренажных труб с асфальтовым покрытием на лыжероллерной трассе.","Комитет по управлению городским хозяйством, промышленностью, транспортом и связью администрации г. Заринска","4 976 960,46",,07.10.2026,23.7.2027,https://www.rts-tender.ru/auctionsearch/ctl/procDetail/mid/691/number/0317300055226000028,https://zakupki.kontur.ru/0317300055226000028,,,,
,,"Выполнение работ по содержанию автомобильных дорог: планово-предупредительные работы на мосту через р. Большая Промышленная на подъезде к с. Силино, км 1+052",Государственное казенное учреждение «Дирекция Автомобильных Дорог Кузбасса»,"73 552 607,36",,13.10.2026,10.2.2028,https://www.rts-tender.ru/auctionsearch/ctl/procDetail/mid/691/number/0139200000126011914,https://zakupki.kontur.ru/0139200000126011914,,,,
,,"Выполнение работ по содержанию искусственных сооружений на действующей сети автомобильных дорог общего пользования федерального значения. Планово-предупредительные работы. Мост через р. Енисей на км 30+710 автомобильной дороги Р-255 «Сибирь» «Новосибирск – Кемерово – Красноярск – Иркутск (Обход г. Красноярска), Красноярский край.",Федеральное казенное учреждение «Федеральное управление автомобильных дорог «Сибирь» Федерального дорожного агентства»,"80 161 934,00","≈ 8 016 193,40 ₽ 10 %",15.10.2026,30.9.2027,https://www.rts-tender.ru/auctionsearch/ctl/procDetail/mid/691/number/0351100008926000199,https://zakupki.kontur.ru/0351100008926000199,,,,
,,"Текущий ремонт пешеходного тротуара на территории города Ленинска-Кузнецкого (в рамках ремонта, не относящегося к капитальному ремонту)",Управление Жилищно-Коммунального и Дорожного Комплекса администрации Ленинск-Кузнецкого Муниципального Округа,"7 370 066,02",,06.10.2026,13.8.2027,https://www.rts-tender.ru/auctionsearch/ctl/procDetail/mid/691/number/0139300033726000193,https://zakupki.kontur.ru/0139300033726000193,,,,
,,Выполнение подрядных работ по содержанию автомобильных дорог общего пользования местного значения Доволенского муниципального округа Новосибирской области,Администрация Доволенского Муниципального Округа Новосибирской обл.,"2 793 807,43",,06.10.2026,2.2.2027,https://www.rts-tender.ru/auctionsearch/ctl/procDetail/mid/691/number/0151600004026000078,https://zakupki.kontur.ru/0151600004026000078,,,,
,,Устройство тротуара по ул. Ленина в г. Каргат Каргатского района Новосибирской области (1 этап),Администрация г. Каргата Каргатского района Новосибирской обл.,"9 937 887,22",,02.10.2026,30.11.2026,https://zakupki.gov.ru/epz/order/notice/ea20/view/common-info.html?regNumber=0151300002026000006,https://zakupki.kontur.ru/0151300002026000006,,,,
,,Выполнение работ по реконструкции автомобильной дороги К-12 - Елиново - Рыбное с мостом через р.Баблайка на км 8+550 в Солонешенском районе с разработкой рабочей документации,Краевое государственное казенное учреждение «Управление автомобильных дорог Алтайского края»,"63 530 817,78","≈ 19 059 245,33 ₽ 30 %",06.10.2026,20.10.2027,https://www.rts-tender.ru/auctionsearch/ctl/procDetail/mid/691/number/0817200000326014527,https://zakupki.kontur.ru/0817200000326014527,,,,
,,Выполнение работ по благоустройству площадок для занятий спортом на территории острова Татышев,Муниципальное автономное учреждение г. Красноярска «Татышев-Парк»,"28 598 799,85",,01.10.2026,,https://zakupki.gov.ru/epz/order/extendedsearch/results.html?searchString=32616402130,https://zakupki.kontur.ru/32616402130,"223-ФЗ, Аукцион в электронной форме, участниками которого могут быть только субъекты малого и среднего предпринимательства",,нет,один допущенный
,,Ремонт дорожного покрытия с.Большое для АПК ПРОМАГРО БЕЗ ПЕРЕТОРЖКИ!!!,АО «Сибагро»,,,30.09.2026,,https://www.b2b-center.ru/market/view.html?id=4612689&utm_source=kontur&utm_medium=referral&utm_campaign=ref_id&key=skb-34e3b000f4c34e609360b36c3bdc66eb826d428a,https://zakupki.kontur.ru/4612689_4,"Коммерческие, Запрос цен",,неизвестно,
,,Выполнение работ по завершению строительства объекта: «Строительство комплекса объектов системы водоснабжения в г. Татарске Татарского района Новосибирской области»,Администрация Татарского Муниципального Округа Новосибирской обл.,"306 576 599,67","≈ 30 657 659,97 ₽ 10 %",06.10.2026,31.12.2026,https://zakupki.gov.ru/epz/order/notice/ea20/view/common-info.html?regNumber=0851200000626006357,https://zakupki.kontur.ru/0851200000626006357,,,,
,,"Выполнение работ по устройству основания для легковозводимого сооружения из сборно-разборных конструкций по адресу: г. Москва, п. Филимонковское, пос. Марьино, производственная база N 11, квартал N 155",Государственное бюджетное учреждение г. Москвы «Жилищник Филимонковского Района»,"14 941 967,76",,07.10.2026,24.2.2027,https://zakupki.gov.ru/epz/order/notice/ea20/view/common-info.html?regNumber=0873500002326000792,https://zakupki.kontur.ru/0873500002326000792,,,,
,,"Запрос ценовых предложений на выполнение комплекса работ и оказание услуг по разделам: подготовка территории строительства. Основные объекты строительства. Наружные сети. Локально очистные сооружения. Благоустройство и озеленение территории. Комплекс земельно-кадастровых работ по объекту ""А-113 строящаяся Центральная кольцевая автомобильная дорога (Московская область). Строительство транспортной развязки № 31. 2-ая очередь строительства"" в части работ по ""Шумозащитному остеклению (1 и 2 этап)""",Общество с ограниченной ответственностью «Строительная Компания «Автодор»,"22 515 880,03",,01.10.2026,,https://etp-avtodor.ru/trade/AVT25092600004,https://zakupki.kontur.ru/IS77639451,"Коммерческие, Запрос цен",,неизвестно,
,,"Редукцион на выполнение комплекса работ и оказание услуг по разделам: Съезды № 2.1, № 2.3, № 2.4, в том числе: подготовительные работы, основные объекты строительства: ""Подпорные стены, Шумозащитные экраны"", организация дорожного движения на период эксплуатации, наружные сети и сооружения водоснабжения, водоотведения. Путепровод на съезде 2.1 в полном объёме. Реконструкция участка А-104 ""Москва-Дмитров-Дубна"", в том числе: подготовительные работы, наружные сети и сооружения водоснабжения, водоотведения, организация дорожного движения на период эксплуатации. Прочие работы и затраты, в том числе: разработка рабочей документации, комплекс земельно-кадастровых работ, работы по обследованию территории на предмет наличия взрывоопасных объектов по объекту ""Строительство транспортной развязки на пересечении А-113 Строящейся Центральной кольцевой автомобильной дороги (Московская область) и Дмитровского шоссе (Транспортная развязка № 20 Пускового комплекса № 3) Этапы 1 - 2. Основной объект"". Этап 2"", в части выполнения комплекса работ и оказания услуг по разделам: устройство дорожной одежды на участке автомобильной дороги А-104 ""Москва-Дмитров-Дубна"", в том числе: подготовительные работы, устройство покрытия и прочие работы, по объекту ""Строительство транспортной развязки на пересечении А-113 Строящейся Центральной кольцевой автомобильной дороги (Московская область) и Дмитровского шоссе (Транспортная развязка №20 Пускового комплекса № 3) Этапы 1 - 2. Основной объект"". Этап 2""",Общество с ограниченной ответственностью «Строительная Компания «Автодор»,"316 051 273,34",,07.10.2026,,https://etp-avtodor.ru/trade/AVT25092600002,https://zakupki.kontur.ru/IS77218801,,,,
,,"Выполнение дополнительных работ по благоустройству площади Оптиков по адресу: г.о. Красногорск, г. Красногорск, ул. Речная.",Муниципальное казенное учреждение Городского Округа Красногорск «Управление Капитального Строительства»,"8 900 285,09","≈ 2 670 085,53 ₽ 30 %",12.10.2026,31.12.2026,https://www.rts-tender.ru/auctionsearch/ctl/procDetail/mid/691/number/0848300047226000572,https://zakupki.kontur.ru/0848300047226000572,,,,
,,"Выполнение работ по текущему ремонту Выполнение работ по текущему ремонту: устройству заездного кармана, подхода, посадочной площадки, установке автобусного павильона на автомобильной дороге общего пользования по адресу: Московская область, муниципальный округ Чехов, г. Чехов-7, ул. Победы",Управление Благоустройства администрации Муниципального Округа Чехов,"4 612 528,29",,02.10.2026,,https://www.etp-ets.ru/44/catalog/procedure?q=0848300016526000405,https://zakupki.kontur.ru/0848300016526000405,,,,
,,"Установка модульных надземных пешеходных переходов на км 614+368, км 629+728, км 631+106, км 636+571 автомобильной дороги М-7 «Волга» Москва – Владимир – Нижний Новгород – Казань, Чувашская Республика",Федеральное казенное учреждение «Федеральное управление автомобильных дорог Волго-Вятского региона Федерального дорожного агентства»,"200 000 000,00",,02.10.2026,1.7.2027,https://www.rts-tender.ru/auctionsearch/ctl/procDetail/mid/691/number/0311100007226000112,https://zakupki.kontur.ru/0311100007226000112,,,,
,,"Установка модульных надземных пешеходных переходов на км 670+689, км 671+858, км 673+688, км 698+669 автомобильной дороги М-7 «Волга» Москва – Владимир – Нижний Новгород – Казань, Чувашская Республика",Федеральное казенное учреждение «Федеральное управление автомобильных дорог Волго-Вятского региона Федерального дорожного агентства»,"200 000 000,00",,02.10.2026,1.7.2027,https://www.rts-tender.ru/auctionsearch/ctl/procDetail/mid/691/number/0311100007226000111,https://zakupki.kontur.ru/0311100007226000111,,,,
,,"Ремонт и восстановление откосов существующего тела ОРО на территории КПО ""Алексинский карьер""",Общество с ограниченной ответственностью «Комбинат»,"98 215 842,74",,12.10.2026,,https://zakupki.gov.ru/epz/order/extendedsearch/results.html?searchString=32616404878,https://zakupki.kontur.ru/32616404878,,,,
,,"Монтаж глиняного замка между откосов существующего тела ОРО и бетонных лотков на территории КПО ""Алексинский карьер""",Общество с ограниченной ответственностью «Комбинат»,"28 661 231,23",,05.10.2026,,https://zakupki.gov.ru/epz/order/extendedsearch/results.html?searchString=32616405122,https://zakupki.kontur.ru/32616405122,,,,
,,"Разработку рабочей документации «Защитные ограждающие конструкции от беспилотных летательных аппаратов здания» автоматизированной газовой котельной микрорайона «Дрожжино» по адресу: 142770, Московская обл, ГО Видное, Ленинский р-н, Новодрожжино с.п. Булатниковское, д. Дрожжино, ул. Южная зд. 12",Общество с ограниченной ответственностью «ГрадИнвест»,"3 452 334,00",,05.10.2026,,https://etpgpb.ru/procedures/?procedure%5Bcategory%5D=all&search=32616403746,https://zakupki.kontur.ru/32616403746,,,,
,,"Выполнение противооползневых мероприятий (устройство геотехнического экрана) на прилегающей территории МБОУ Гимназия № 7 по адресу Московская область, г. Чехов, ул. Московская, 112",Управление Капитального Строительства и Ремонта администрации Муниципального Округа Чехов,"78 728 280,39",,19.10.2026,,https://www.etp-ets.ru/44/catalog/procedure?q=0848300016526000416,https://zakupki.kontur.ru/0848300016526000416,,,,
,,"Выполнение работ по устройству основания для легковозводимого сооружения из сборно-разборных конструкций по адресу: г. Москва, р-н Коммунарка, база № 3 вблизи полигона Саларьево",Государственное бюджетное учреждение г. Москвы «Жилищник Района Коммунарка»,"14 941 967,76",,12.10.2026,18.3.2027,https://zakupki.gov.ru/epz/order/notice/ea20/view/common-info.html?regNumber=0873500002326000808,https://zakupki.kontur.ru/0873500002326000808,,,,
,,Благоустройство площадки хранения брошенных транспортных средств,Муниципальное казенное учреждение «ЖКХ и Благоустройство»,"3 075 770,82",,09.10.2026,,https://www.etp-ets.ru/44/catalog/procedure?q=0848300037426000281,https://zakupki.kontur.ru/0848300037426000281,,,,
,,"Завершение работ по строительству объекта: «Пристройка поликлинического отделения на 150 посещений в смену к филиалу по Юго-Восточному административному округу г. Москвы ГБУЗ «Московский городской научно-практический центр борьбы с туберкулезом ДЗМ», расположенного по адресу: г. Москва, 8-я ул. Текстильщиков, влд. 2»",Государственное бюджетное учреждение г. Москвы «Дирекция Развития Объектов Здравоохранения Города Москвы»,"28 736 279,23","≈ 8 620 883,77 ₽ 30 %",19.10.2026,,https://zakupki.gov.ru/epz/order/notice/ok20/view/common-info.html?regNumber=0373200597926000073,https://zakupki.kontur.ru/0373200597926000073,,,,
,,"Выполнение работ по устройству асфальтобетонного покрытия, бортового камня и люков подземных коммуникаций для нужд АО ""СТМП-ЗЕЛЕНОГРАД""",Акционерное общество «Специализированная Территория Малого Предпринимательства - «Зеленоград»,"12 453 449,69",,12.10.2026,,https://zakupki.gov.ru/epz/order/extendedsearch/results.html?searchString=32616433223,https://zakupki.kontur.ru/32616433223,,,,
,,"Выполнение работ по текущему ремонту автомобильной дороги от д. 12 по ул. Авиарембаза, д. Федурново до ул. Авиарембаза городского округа Балашиха",Администрация Городского Округа Балашиха,"18 980 401,73",,19.10.2026,16.7.2027,https://zakupki.gov.ru/epz/order/notice/ok20/view/common-info.html?regNumber=0848300064126000347,https://zakupki.kontur.ru/0848300064126000347,,,,
,,Выполнение работ по благоустройству территории (текущий ремонт асфальтового покрытия),"Федеральное государственное бюджетное учреждение Науки Федеральный Исследовательский Центр Питания, Биотехнологии и Безопасности Пищи","4 439 511,12",,12.10.2026,30.12.2026,https://www.rts-tender.ru/auctionsearch/ctl/procDetail/mid/691/number/0373100025726000270,https://zakupki.kontur.ru/0373100025726000270,,,,
,,Выполнение работ по текущему ремонту : восстановление транспортно-эксплуатационных характеристик автомобильных дорог общего пользования местного значения,Администрация Городского Округа Долгопрудный,"4 482 778,38",,12.10.2026,28.12.2026,https://zakupki.gov.ru/epz/order/notice/ea20/view/common-info.html?regNumber=0848300057126000114,https://zakupki.kontur.ru/0848300057126000114,"44-ФЗ, Электронный аукцион","обл. Московская, г.о. Долгопрудный, в соответствии с приложением № 5 к Контракту Адрес поставки из документов Московская область, г Долгопрудный Московская область Центральный Федеральный Округ Показать в документах",,
,,Выполнение работ по созданию и ремонту пешеходных коммуникаций на территории Талдомского городского округа в 2026 году,Муниципальное бюджетное учреждение Управляющая Компания «Управление Многоквартирными Домами» Талдомского Городского Округа Московской Области,"3 430 692,77",,09.10.2026,31.12.2026,https://www.rts-tender.ru/auctionsearch/ctl/procDetail/mid/691/number/0848300060626000362,https://zakupki.kontur.ru/0848300060626000362,"44-ФЗ, Запрос котировок в электронной форме","обл. Московская, г.о. Талдомский, (согласно приложению 8 к Контракту) Адрес поставки из документов Московская область, г Талдом, рп Вербилки Московская область, г Талдом, рп Запрудня Московская область, г Талдом Московская область Центральный Федеральный Округ Показать еще 1 место поставки Показать в документах",,
,,"Выполнение работ по текущему ремонту автомобильной дороги по адресу: Московская область, Г.о. Люберцы, пгт. Октябрьский, от автомобильной трассы М5 ""Урал"" вдоль кладбища, вдоль ул. Фабричная, через реку Пехорка до деревни Михнево Раменского муниципального района",Муниципальное учреждение «Объединенный Комбинат Благоустройства и Жилищно-Коммунального Хозяйства»,"13 303 956,47",,20.10.2026,30.6.2027,https://www.etp-ets.ru/44/catalog/procedure?q=0148300021226000523,https://zakupki.kontur.ru/0148300021226000523,"44-ФЗ, Открытый конкурс в электронной форме","обл. Московская, г.о. Люберцы, , в соответствии с приложением № 5 к контракту ""Описание объекта закупки",,
,,Выполнение работ по созданию и ремонту пешеходных коммуникаций,Муниципальное казенное учреждение «ЖКХ и Благоустройство»,"6 237 279,66",,08.10.2026,,https://www.etp-ets.ru/44/catalog/procedure?q=0848300037426000279,https://zakupki.kontur.ru/0848300037426000279,"44-ФЗ, Запрос котировок в электронной форме","обл. Московская, Дмитровский муниципальный округ, согласно Приложению 8 к Контракту",,
,,Выполнение работ по текущему ремонту терренкура на территории ФБУ Реабилитационный и учебный Центр СФР (СМП),Федеральное бюджетное учреждение Реабилитационный и Учебный Центр Фонда Пенсионного и Социального Страхования Российской Федерации,"7 762 523,96",,09.10.2026,11.2.2027,https://www.rts-tender.ru/auctionsearch/ctl/procDetail/mid/691/number/0248100000326000103,https://zakupki.kontur.ru/0248100000326000103,"44-ФЗ, Электронный аукцион","обл. Московская, г.о. Одинцовский, с. Каринское",,
,,Выполнение работ по обустройству катка с искусственным льдом,Государственное бюджетное учреждение г. Москвы «Автомобильные дороги Южного административного округа»,"14 422 430,28",,09.10.2026,30.12.2026,https://zakupki.gov.ru/epz/order/notice/ea20/view/common-info.html?regNumber=0373200086726000996,https://zakupki.kontur.ru/0373200086726000996,,"г. Москва, Город Москва; улица Дорожная, дом 18",,
,,Выполнение работ по текущему ремонту и замене элементов обустройства дорог и проездов для обеспечения безопасности дорожного движения на территории муниципального округа Истра,Администрация Муниципального Округа Истра Московской обл.,"20 000 000,00",,19.10.2026,30.12.2027,https://www.rts-tender.ru/auctionsearch/ctl/procDetail/mid/691/number/0848300048226000367,https://zakupki.kontur.ru/0848300048226000367,"44-ФЗ, Открытый конкурс в электронной форме","обл. Московская, м.о. Истра, . Точные места выполнения работ указываются Заказчиком в заявках",,
,,Выполнение устройства внутреннего периметрального металлического ограждения на территории АО «НПП «Квант»,Акционерное общество «Научно-Производственное Предприятие «Квант»,"4 000 000,00",,12.10.2026,,https://fabrikant.ru/v2/trades/procedure/view/mWYTmk2KVVismIbVtW7_Cg,https://zakupki.kontur.ru/5581885,"223-ФЗ, Запрос котировок","Место поставки товара, работ, услуг: 129626, Россия, г. Москва, 129626 город Москва, улица 3-я Мытищинская, дом 16, строение 37",,
,,"Выполнение работ по устройству основания для легковозводимого сооружения из сборно-разборных конструкций по адресу д.Яковлево, пер.Славского",Государственное бюджетное учреждение г. Москвы «Автомобильные Дороги Новомосковского Административного Округа»,"14 941 967,76",,09.10.2026,18.3.2027,https://zakupki.gov.ru/epz/order/notice/ea20/view/common-info.html?regNumber=0873500002326000800,https://zakupki.kontur.ru/0873500002326000800,,"г. Москва, город Москва; д.Яковлево, пер.Славского",,
,,"Запрос котировок в электронной форме на право заключения Договора на выполнение работ по повышению БДД. Установка элементов обустройства автомобильных дорог (автомобильная дорога ""А-107 ""Московское малое кольцо"", ""А-105 ""подъездная дорога от Москвы к аэропорту Домодедово""",Акционерное общество «Дорожное Эксплуатационное Предприятие №17»,"8 346 959,48",,12.10.2026,,https://etp-avtodor.ru/trade/AVT01102600004,https://zakupki.kontur.ru/IS78682401,"Коммерческие, Запрос котировок","г.Москва, Московская область",,
,,Устройство парковки,Муниципальное казенное учреждение «ЖКХ и Благоустройство»,"6 349 223,44",,08.10.2026,,https://www.etp-ets.ru/44/catalog/procedure?q=0848300037426000278,https://zakupki.kontur.ru/0848300037426000278,"44-ФЗ, Запрос котировок в электронной форме","обл. Московская, Дмитровский муниципальный округ, г. Дмитров, улица Западная Объездная Дорога (56.345068, 37.514619)",,
,,Выполнение работ по строительству защитного ограждения кислородной станции,Государственное бюджетное учреждение Здравоохранения Московской обл. «Егорьевская Больница»,"4 594 467,88",,09.10.2026,29.1.2027,https://www.rts-tender.ru/auctionsearch/ctl/procDetail/mid/691/number/0348300004926000128,https://zakupki.kontur.ru/0348300004926000128,"44-ФЗ, Электронный аукцион","обл. Московская, м.о. Егорьевск, , г. Егорьевск, ул. Жукова Гора, д.19",,
,,Выполнение работ по благоустройству территорий Г.о. Люберцы Московской области,Муниципальное учреждение «Объединенный Комбинат Благоустройства и Жилищно-Коммунального Хозяйства»,"14 500 000,00",,09.10.2026,31.5.2027,https://www.etp-ets.ru/44/catalog/procedure?q=0148300021226000513,https://zakupki.kontur.ru/0148300021226000513,"44-ФЗ, Электронный аукцион","обл. Московская, г.о. Люберцы",,
,,Поставка и установка защитных ограждающих конструкций для азотной и кислородной станций,"Федеральное государственное бюджетное учреждение «Национальный Медицинский Исследовательский Центр Детской Гематологии, Онкологии и Иммунологии Имени Дмитрия Рогачева» Министерства Здравоохранения Российской Федерации","5 223 896,00",,09.10.2026,31.12.2026,https://zakupki.gov.ru/epz/order/notice/ea20/view/common-info.html?regNumber=0373100041026001194,https://zakupki.kontur.ru/0373100041026001194,"44-ФЗ, Электронный аукцион","г. Москва, вн.тер.г. муниципальный округ Обручевский, ул. Саморы Машела, д. 1",,
,,"Выполнение работ по устройству защитных ограждающих конструкций от беспилотных летательных аппаратов для нужд ГБУЗ Московской области «Орехово-Зуевская больница"" на 2026 г",Государственное бюджетное учреждение Здравоохранения Московской обл. «Орехово-Зуевская Больница»,"17 445 600,00",,09.10.2026,31.12.2026,https://www.rts-tender.ru/auctionsearch/ctl/procDetail/mid/691/number/0348500004126000144,https://zakupki.kontur.ru/0348500004126000144,"44-ФЗ, Электронный аукцион","обл. Московская, г.о. Орехово-Зуевский, г. Орехово – Зуево, проезд Горячевой, д. 3 обл. Московская, г.о. Орехово-Зуевский, г. Орехово – Зуево, ул. Барышникова, д. 13 обл. Московская, г.о. Орехово-Зуевский, г. Орехово – Зуево, ул. Козлова, д. 30 обл. Московская, г.о. Орехово-Зуевский, д. Давыдово, ул. Советская, д. 22",,
,,"Устройство слоев износа на автомобильной дороге М-7 «Волга» Москва – Владимир – Нижний Новгород – Казань на участке км 53+000 - км 57+000 (лево), Московская область; Устройство слоев износа на автомобильной дороге М-7 «Волга» Москва – Владимир – Нижний Новгород – Казань на участке км 53+000 - км 57+000 (право), Московская область (лот 191)",Федеральное казенное учреждение «Федеральное Управление Автомобильных Дорог «Россия» Ордена Ленина Федерального Дорожного Агентства»,"199 992 502,14",,23.10.2026,21.11.2028,https://www.etp-ets.ru/44/catalog/procedure?q=0348100042426000147,https://zakupki.kontur.ru/0348100042426000147,"44-ФЗ, Открытый конкурс в электронной форме","обл. Московская, Российская Федерация, Московская область, М-7 «Волга» Москва – Владимир – Нижний Новгород – Казань",,
,,"Устройство слоев износа на автомобильной дороге Р-22 ""Каспий"" автомобильная дорога М-4 ""Дон"" – Тамбов – Волгоград – Астрахань на участке км 128+000 – км 138+000, Московская область (лот 200)",Федеральное казенное учреждение «Федеральное Управление Автомобильных Дорог «Россия» Ордена Ленина Федерального Дорожного Агентства»,"333 825 110,49",,23.10.2026,21.11.2028,https://www.etp-ets.ru/44/catalog/procedure?q=0348100042426000148,https://zakupki.kontur.ru/0348100042426000148,"44-ФЗ, Открытый конкурс в электронной форме","обл. Московская, автомобильная дорога Р-22 «Каспий» автомобильная дорога М-4 «Дон» – Тамбов – Волгоград – Астрахань на участке км 128+000 – км 138+000, Московская область»",,
,,"Выполнение работ по благоустройству общественной территории: Московская область, муниципальный округ Луховицы, г. Луховицы, ул. Пушкина, сквер ""Привокзальная площадь"" (ярмарочная площадь)""",Администрация Муниципального Округа Луховицы Московской обл.,"7 161 326,68",,09.10.2026,30.12.2026,https://www.rts-tender.ru/auctionsearch/ctl/procDetail/mid/691/number/0848300048326000156,https://zakupki.kontur.ru/0848300048326000156,"44-ФЗ, Запрос котировок в электронной форме","обл. Московская, м.о. Луховицы, г. Луховицы, ул. Пушкина, сквер ""Привокзальная площадь"" (ярмарочная площадь)""",,
,,Выполнение работ по текущему ремонту разворотного круга и тротуара на территории муниципального округа Истра,Муниципальное казенное учреждение «Управление Капитального Строительства Муниципального Округа Истра»,"3 512 031,61",,16.10.2026,30.12.2026,https://www.rts-tender.ru/auctionsearch/ctl/procDetail/mid/691/number/0848300048226000365,https://zakupki.kontur.ru/0848300048226000365,"44-ФЗ, Открытый конкурс в электронной форме","обл. Московская, м.о. Истра, , в соответствии с Приложением 5 к Контракту",,
,,"Выполнение работ по благоустройству лесопарковой зоны по адресу: Московская область, муниципальный округ Истра, вблизи д. Лечищево и д. Бужарово (этап 3)",Муниципальное автономное учреждение Культуры «Дирекция Парков» Муниципального Округа Истра Московской Области,"179 663 307,09",,16.10.2026,,https://www.rts-tender.ru/poisk/poisk-223-fz?keywords=32616426280,https://zakupki.kontur.ru/32616426280,"223-ФЗ, Конкурс в электронной форме","В соответствии с Приложением 2 к Договору Адрес поставки из документов Московская область, г Истра, д Лечищево Московская область, г Истра, д Бужарово Московская область, г Истра Московская область Центральный Федеральный Округ Показать еще 1 место поставки Показать в документах",,
,,Выполнение комплекса мероприятий по благоустройству на земельных участках,Акционерное общество «Особая Экономическая Зона Технико-Внедренческого Типа «Дубна»,"6 195 073,31",,08.10.2026,,https://www.rts-tender.ru/poisk/poisk-223-fz?keywords=32616425770,https://zakupki.kontur.ru/32616425770,"223-ФЗ, Конкурс в электронной форме, участниками которого могут быть только субъекты малого и среднего предпринимательства","в соответствии с конкурсной документацией Адрес поставки из документов Московская область, г Дубна Московская область Центральный Федеральный Округ Показать в документах",,
05.10.26,,Выполнение работ по текущему ремонту : работы по реконструкции тротуара на автомобильной дороге г. Зарайск подъезд к ЗСМ,"Муниципальное бюджетное учреждение «Благоустройство, Жилищно- Коммунальное Хозяйство и Дорожное Хозяйство Муниципального Округа Зарайск»","3 239 131,78",,08.10.2026,,https://www.etp-ets.ru/44/catalog/procedure?q=0848300069526000356,https://zakupki.kontur.ru/0848300069526000356,"44-ФЗ, Электронный аукцион","обл. Московская, м.о. Зарайск, (в соответствии с приложением 5 к Контракту)",,
05.10.26,,"Выполнение работ по капитальному ремонту автомобильной дороги на объекте:г.о.Серпухов, ул. Водонапорная","Управление Дорожного Хозяйства, Транспортного Обслуживания Населения и Связи администрации Городского Округа Серпухов","15 976 318,59",,08.10.2026,31.8.2027,https://zakupki.gov.ru/epz/order/notice/ea20/view/common-info.html?regNumber=0848300053226000322,https://zakupki.kontur.ru/0848300053226000322,,"обл. Московская, г.о. Серпухов, , ул. Водонапорная",,
05.10.26,,Выполнение строительно-монтажных работ на территории производственной базы,Государственное бюджетное учреждение г. Москвы «Автомобильные дороги Центрального административного округа»,"29 561 305,72","≈ 5 912 261,14 ₽ 20 %",16.10.2026,24.2.2027,https://zakupki.gov.ru/epz/order/notice/ok20/view/common-info.html?regNumber=0373200081226000381,https://zakupki.kontur.ru/0373200081226000381,,"г. Москва, Город Москва; переулок Средний Международный дом 8, строение 2, кадастровый квартал 77:01:0006032",,
05.10.26,,"Конкурс в электронной форме среди субъектов малого и среднего предпринимательства на право заключения договора на выполнение работ по восстановлению горловин колодцев, обратной засыпке и последующей асфальтировке в местах разрытий в Центральном административном округе, на Третьем транспортном кольце, вылетных магистралях и улицах с интенсивным движением транспорта",Акционерное общество «Мосводоканал»,"30 500 000,00",,16.10.2026,,https://zakupki.gov.ru/epz/order/extendedsearch/results.html?searchString=32616425162,https://zakupki.kontur.ru/32616425162,,город Москва,,
05.10.26,,Выполнение работ по текущему ремонту автомобильной дороги общего пользования местного значения муниципального округа Шатура,Муниципальное бюджетное учреждение «Служба Дорожного Хозяйства и Благоустройства Муниципального Округа Шатура»,"6 449 314,66",,08.10.2026,31.12.2026,https://www.rts-tender.ru/auctionsearch/ctl/procDetail/mid/691/number/0848300060026000220,https://zakupki.kontur.ru/0848300060026000220,"44-ФЗ, Электронный аукцион","обл. Московская, м.о. Шатура, , дер. Дуреевская",,
05.10.26,,Выполнение работ по ремонту люков колодцев кабельной канализации в городе Москве,Государственное унитарное предприятие г. Москвы «Моссвет»,"33 291 130,64",,16.10.2026,,https://zakupki.gov.ru/epz/order/extendedsearch/results.html?searchString=32616422400,https://zakupki.kontur.ru/32616422400,"223-ФЗ, Аукцион в электронной форме, участниками которого могут быть только субъекты малого и среднего предпринимательства",город Москва 42.11.20.190 Работы строительные по строительству прочих автомобильных дорог 42.11 Строительство автомобильных дорог и автомагистралей 105 Штука Адрес город Москва 42.11.20.190 Работы строительные по строительству прочих автомобильных дорог 42.11 Строительство автомобильных дорог и автомагистралей 105 Штука Адрес город Москва 42.11.20.190 Работы строительные по строительству прочих автомобильных дорог 42.11 Строительство автомобильных дорог и автомагистралей 104 Штука Адрес город Москва 42.11.20.190 Работы строительные по строительству прочих автомобильных дорог 42.11 Строительство автомобильных дорог и автомагистралей 1 Штука Адрес город Москва,,
05.10.26,,"Выполнение работ по ремонту автомобильных дорог в гп. Балахта Балахтинско-Новоселовского муниципального округа (восстановление дорожного полотна и устранение последствий в результате наводнения реки Чулым ул. Трактовая, ул. Правобереговая, ул. Карла Либкнехта, ул. Набережная, ул. Мосино",Муниципальное казенное учреждение «Служба Заказчика Балахтинского Района»,"15 000 000,00",,13.10.2026,31.12.2026,https://zakupki.gov.ru/epz/order/notice/ea20/view/common-info.html?regNumber=0819300043526000076,https://zakupki.kontur.ru/0819300043526000076,"44-ФЗ, Электронный аукцион","край Красноярский, м.о. Балахтинско-Новоселовский, гп. Балахта, гп. Балахта Балахтинско-Новоселовского муниципального округа ул. Трактовая, ул. Правобереговая, ул. Карла Либкнехта, ул. Набережная, ул. Мосино",,
05.10.26,,Оказание услуг по предоставлению техники для погрузки и вывоза снега с улично-дорожной сети Центрального округа города Новосибирска.,Муниципальное казенное учреждение г. Новосибирска «Дорожно-Эксплуатационное Учреждение №1»,"50 000 000,00",,13.10.2026,30.12.2027,https://zakupki.gov.ru/epz/order/notice/ea20/view/common-info.html?regNumber=0351300079626000098,https://zakupki.kontur.ru/0351300079626000098,"44-ФЗ, Электронный аукцион","обл. Новосибирская, г.о. город Новосибирск, г. Новосибирск, улично-дорожная сеть Центрального, Заельцовского и Железнодорожного районов Центрального округа города Новосибирска, в соответствии с Описанием объекта закупки.",,
05.10.26,,Выполнение работ по благоустройству (ремонту) общественных территорий в г. Кемерово в рамках реализации регионального проекта «Формирование комфортной городской среды» национального проекта «Инфраструктура для жизни»,Управление дорожного хозяйства и благоустройства администрации г. Кемерово,"137 000 000,00",,13.10.2026,1.11.2027,https://zakupki.gov.ru/epz/order/notice/ea20/view/common-info.html?regNumber=0339300000126000661,https://zakupki.kontur.ru/0339300000126000661,"44-ФЗ, Электронный аукцион","обл. Кемеровская область - Кузбасс, Общественные территории города Кемерово: 1. Пешеходный тротуар в районе МБОУ «СОШ № 45», на участке вдоль просп. Ленина, 126 «А» до просп. Октябрьского, 71 «А» (2 этап), 2. Пешеходный тротуар по ул. Ю. Двужильного, на участке от ул. Ю. Двужильного, 7 до просп. Молодёжного, 3. Сквер между зданиями №67 «А» по просп. Комсомольскому и № 38 «В» по просп. Ленинградскому, у МБОУ «СОШ № 94» (1 этап), 4. Пешеходный тротуар вдоль МБОУ «СОШ № 46» (ул. Нахимова, 250) до центрального входа, 5. Пешеходный тротуар по ул. Пролетарской, на участке от ул. Сарыгина до ул. Сибиряков-Гвардейцев (по стороне школы), 6. Пешеходный тротуар от ул. Леонова, 26 до ул. Инициативной, 44, 7. Сквер перед ДК «Содружество» по ул. Новогодней, 15 «А», 8. Пешеходный тротуар по ул. Ракитянского, на участке от пер. Макеевского до ул. Нахимова, 9. Сквер «Искусств» по ул. Коммунистической, 122 (2 этап), 10. Сквер по ул. Пионер, 4/1 (3 этап), 11. Пешеходный тротуар, на участке от ул. 40 лет Октября, 9 «Б» (МБДОУ № 127) до ул. 40 лет Октября, 17 «Б» (МБДОУ № 92). Показать полностью",,
05.10.26,,"Конкурс в электронной форме, участниками которого могут быть только субъекты малого и среднего предпринимательства, на право заключения договора на строительство звукозащитного барьера по периметру ПС 110 кВ Элекмонарская (ПС 110/10 кВ; Эликманарская No 15, инв.No М000003044) филиала ПАО «Россети Сибирь» - «Алтайэнерго»",Публичное акционерное общество «Россети Сибирь»,"9 110 500,00",,12.10.2026,,https://zakupki.gov.ru/epz/order/extendedsearch/results.html?searchString=32616431946,https://zakupki.kontur.ru/32616431946,"223-ФЗ, Конкурс в электронной форме, участниками которого могут быть только субъекты малого и среднего предпринимательства",Согласно закупочной документации,,
05.10.26,,"Выполнение работ по сносу зеленых насаждений, замене газона, посадке саженцев на земельном участке улично-дорожной сети по Морскому проспекту в Советском районе г. Новосибирска",Муниципальное казенное учреждение г. Новосибирска «Дорожно-эксплуатационное учреждение Советского района»,"3 188 917,11",,09.10.2026,31.12.2026,https://zakupki.gov.ru/epz/order/notice/zk20/view/common-info.html?regNumber=0351300093426000135,https://zakupki.kontur.ru/0351300093426000135,"44-ФЗ, Запрос котировок в электронной форме","обл. Новосибирская, г.о. город Новосибирск, г. Новосибирск, г. Новосибирск, Советский район, проспект Морской.",,
05.10.26,,Устройство тротуара по ул. Ленина в г. Каргат Каргатского района Новосибирской области (2 этап),Администрация г. Каргата Каргатского района Новосибирской обл.,"9 822 205,16",,09.10.2026,30.11.2026,https://zakupki.gov.ru/epz/order/notice/zk20/view/common-info.html?regNumber=0151300002026000007,https://zakupki.kontur.ru/0151300002026000007,"44-ФЗ, Запрос котировок в электронной форме","обл. Новосибирская, м.р-н Каргатский, г.п. город Каргат, г. Каргат, ул. Ленина, С ПК 12+15 по ПК 22+80",,
05.10.26,,"Ремонт автодороги общего пользования, улица Октябрьское шоссе, с разворотной площадкой в районе КПП (в целях проведения текущего ремонта)",Муниципальное казённое учреждение «Служба единого заказчика-застройщика»,"2 010 906,49",,09.10.2026,30.12.2026,https://zakupki.gov.ru/epz/order/notice/zk20/view/common-info.html?regNumber=0819300038026000313,https://zakupki.kontur.ru/0819300038026000313,"44-ФЗ, Запрос котировок в электронной форме","край Красноярский, г.о. ЗАТО город Зеленогорск, На территории ЗАТО г. Зеленогорск Красноярского края, ул. Октябрьское шоссе.",,
05.10.26,,Выполнение работ по строительству участка автомобильной дороги от ул. Колхозная до ул. Заречная с мостом через р. Большая Речка в с. Чаузово Топчихинского района с разработкой рабочей документации,Администрация Топчихинского района Алтайского края,"90 930 759,70","≈ 27 279 227,91 ₽ 30 %",13.10.2026,9.12.2027,https://zakupki.gov.ru/epz/order/notice/ea20/view/common-info.html?regNumber=0817200000326014907,https://zakupki.kontur.ru/0817200000326014907,"44-ФЗ, Электронный аукцион на проведение работ по строительству, реконструкции, кап. ремонту, сносу объекта кап. строительства в соответствии с п. 8 ч. 1 ст. 33 Закона № 44-ФЗ","край Алтайский, Автомобильная дорога от ул. Колхозная до ул. Заречная с мостом через р. Большая Речка в с. Чаузово Топчихинского района",,
05.10.26,,Выполнение работ по капитальному ремонту участка водопровода от колодца Р-56 по ул. Мира и до колодца Р-95 по пер. Булыгина в с. Баево Баевского района Алтайского края и по капитальному ремонту участка водопровода от колодца Р-8 по ул. Ленина и до колодца Р-52 по ул. Мира в с. Баево Баевского района Алтайского края,"Комитет по Экономике, Управлению Муниципальным Имуществом администрации Баевского Района Алтайского Края","8 966 727,49",,09.10.2026,23.12.2026,https://zakupki.gov.ru/epz/order/notice/ea20/view/common-info.html?regNumber=0817200000326014935,https://zakupki.kontur.ru/0817200000326014935,"44-ФЗ, Электронный аукцион на проведение работ по строительству, реконструкции, кап. ремонту, сносу объекта кап. строительства в соответствии с п. 8 ч. 1 ст. 33 Закона № 44-ФЗ","край Алтайский, Баевский район, с. Баево, ул. Мира и по пер. Булыгина и по ул. Ленина и ул. Мира",,
05.10.26,,Выполнение комплекса работ по благоустройству Качугского авиаотделения (Зона контроля),Областное государственное автономное учреждение «Иркутская База Авиационной и Наземной Охраны Лесов»,"3 540 000,00",,09.10.2026,,https://zakupki.gov.ru/epz/order/extendedsearch/results.html?searchString=32616427202,https://zakupki.kontur.ru/32616427202,"223-ФЗ, Запрос котировок в электронной форме с 01.01.2019","Иркутская область Адрес поставки из документов Иркутская область, р-н Качугский, рп Качуг Иркутская область, р-н Качугский Иркутская область Сибирский Федеральный Округ Показать в документах",,
05.10.26,,Благоустройство общественной территории (устройство дренажной системы) по ул. Армейская в п. Озерный Новосибирского района Новосибирской области (1 этап),Администрация Мочищенского сельсовета Новосибирского района Новосибирской обл.,"2 114 760,00",,09.10.2026,,https://zakupki.gov.ru/epz/order/notice/ea20/view/common-info.html?regNumber=0151300050326000012,https://zakupki.kontur.ru/0151300050326000012,"44-ФЗ, Электронный аукцион","обл. Новосибирская, м.р-н Новосибирский, с.п. Мочищенский сельсовет, п. Озерный, ул. Армейская",,
05.10.26,,Текущий ремонт и содержание дорожно-мостового хозяйства на территории Ленинск-Кузнецкого муниципального округа,Управление Жилищно-Коммунального и Дорожного Комплекса администрации Ленинск-Кузнецкого Муниципального Округа,"89 633 995,75",,09.10.2026,10.12.2027,https://zakupki.gov.ru/epz/order/notice/ea20/view/common-info.html?regNumber=0139300033726000196,https://zakupki.kontur.ru/0139300033726000196,"44-ФЗ, Электронный аукцион","обл. Кемеровская область - Кузбасс, м.о. Ленинск-Кузнецкий, г. Ленинск-Кузнецкий, в соответствии с техническим заданием (приложение № 1) к муниципальному контракту",,
05.10.26,,Выполнение работ по ремонту участка автомобильной дороги «23 км. а/д «К-12» - п. Рыбачий - НСТ «Луговое» - «Заря» - «Аква» Новосибирского района Новосибирской области,Муниципальное казенное учреждение Новосибирского района Новосибирской обл. «Управляющая компания единого заказчика жилищно-коммунального хозяйства и строительства»,"3 645 490,00",,09.10.2026,31.12.2026,https://zakupki.gov.ru/epz/order/notice/ea20/view/common-info.html?regNumber=0351300298326000155,https://zakupki.kontur.ru/0351300298326000155,"44-ФЗ, Электронный аукцион","обл. Новосибирская, м.р-н Новосибирский, «23 км. а/д «К-12» - п. Рыбачий - НСТ «Луговое» - «Заря» - «Аква» Новосибирского района Новосибирской области (по месту нахождения Объекта).",,
05.10.26,,Ремонт автомобильной дороги по ул. Полтавская в д. Верх-Чик Ордынского района Новосибирской области,Администрация Верх-Чикского сельсовета Ордынского района Новосибирской обл.,"2 996 465,70",,09.10.2026,1.12.2027,https://zakupki.gov.ru/epz/order/notice/ea20/view/common-info.html?regNumber=0151300047926000001,https://zakupki.kontur.ru/0151300047926000001,"44-ФЗ, Электронный аукцион","обл. Новосибирская, м.р-н Ордынский, с.п. Верх-Чикский сельсовет, д. Верх-Чик, ул. Полтавская",,
05.10.26,,"Выполнение работ по капитальному ремонту здания МКОУ «Колыванская СОШ», расположенной по адресу: Алтайский край, Курьинский район, с.Колывань, ул. Ленина, 3а (благоустройство территории)",Муниципальное казённое общеобразовательное учреждение «Колыванская средняя общеобразовательная школа» Курьинского района Алтайского края,"4 605 923,51",,13.10.2026,26.11.2026,https://zakupki.gov.ru/epz/order/notice/ea20/view/common-info.html?regNumber=0817200000326014855,https://zakupki.kontur.ru/0817200000326014855,"44-ФЗ, Электронный аукцион на проведение работ по строительству, реконструкции, кап. ремонту, сносу объекта кап. строительства в соответствии с п. 8 ч. 1 ст. 33 Закона № 44-ФЗ","край Алтайский, Курьинский район, с.Колывань, ул. Ленина, 3а",,
05.10.26,,"226117 Ремонт автодорог СП ""ТЭЦ-4"" АО ""ТГК-11""",Акционерное общество «Территориальная Генерирующая Компания №11»,"38 959 160,52",,16.10.2026,,https://zakupki.gov.ru/epz/order/extendedsearch/results.html?searchString=32616425869,https://zakupki.kontur.ru/32616425869,"223-ФЗ, Открытые конкурентные переговоры в электронной форме",Согласно закупочной документации,,
05.10.26,,"Выполнение работ по разработке проектной и рабочей документации и выполнению изыскательских работ по объекту «Капитальный ремонт водопропускной трубы на а/д ""Чистоозерное - Польяново"" в Чистоозерном районе Новосибирской области»",Государственное казенное учреждение Новосибирской обл. «Территориальное управление автомобильных дорог Новосибирской области»,"2 149 930,82",,19.10.2026,5.8.2027,https://zakupki.gov.ru/epz/order/notice/ok20/view/common-info.html?regNumber=0851200000626006430,https://zakupki.kontur.ru/0851200000626006430,"44-ФЗ, Открытый конкурс в электронной форме","обл. Новосибирская, Работы выполняются по месту нахождения Подрядчика с выездом на местность в пределах Новосибирской области (место расположения Объекта). Материалы, являющиеся результатом выполненных Работ, передаются Заказчику по месту его нахождения. Показать полностью",,
05.10.26,,Выполнение работ по ремонту участка автомобильной дороги от ул. Победы до ул. Снежная в с. Толмачево Новосибирского района Новосибирской области,Администрация Толмачевского сельсовета Новосибирского района Новосибирской обл.,"2 377 092,56",,09.10.2026,31.12.2027,https://zakupki.gov.ru/epz/order/notice/ea20/view/common-info.html?regNumber=0151300052526000019,https://zakupki.kontur.ru/0151300052526000019,"44-ФЗ, Электронный аукцион",обл. Новосибирская,,
05.10.26,,Выполнение работ по ремонту участка автомобильной дороги по ул. Колхозная в с. Толмачево Новосибирского района Новосибирской области,Администрация Толмачевского сельсовета Новосибирского района Новосибирской обл.,"5 383 908,04",,09.10.2026,17.12.2027,https://zakupki.gov.ru/epz/order/notice/ea20/view/common-info.html?regNumber=0151300052526000018,https://zakupki.kontur.ru/0151300052526000018,"44-ФЗ, Электронный аукцион","обл. Новосибирская, Новосибирский район, с. Толмачево ул. Колхозная",,
05.10.26,,Выполнение работ по ремонту участка автомобильной дороги от ул. Победы до ул. Ясная в с. Толмачево Новосибирского района Новосибирской области,Администрация Толмачевского сельсовета Новосибирского района Новосибирской обл.,"8 302 606,79",,09.10.2026,31.12.2027,https://zakupki.gov.ru/epz/order/notice/ea20/view/common-info.html?regNumber=0151300052526000017,https://zakupki.kontur.ru/0151300052526000017,"44-ФЗ, Электронный аукцион","обл. Новосибирская, Новосибирский район, с.Толмачево от ул. Победы до ул. Ясная",,