Реестровый номер,Дата добавления,Направление,Регион,Наименование,Заказчик,Закон / способ,"НМЦК, ₽","Аванс, %",Окончание подачи,Срок исполнения,Ссылка ЕИС / площадка,Ссылка Контур,Повтор закупки №,Статус,Причина (если не состоялась),Число участников,"Снижение, %","Цена контракта, ₽",Победитель / единственный участник,Подаёмся?,"Наша цена, ₽","Наше снижение, %",Наш результат,Комментарий / почему отклонили,Адрес,Исходная запись (из старой таблицы)
0351300107026000108,17.06.2026,"Здания, монолит, фундаменты",Новосибирская обл.,"Выполнение работ по устранению дефектов системы водоотвода объекта: ""Мост Октябрьский"" через р. Обь в городе Новосибирске",Муниципальное казенное учреждение г. Новосибирска «Гормост»,44-ФЗ котировки,"884 403,62",,19.08.2026 04:00,01.11.2026,https://zakupki.gov.ru/epz/order/notice/zk20/view/common-info.html?regNumber=0351300107026000108,https://zakupki.kontur.ru/0351300107026000108,,не состоялась,нет заявок,,,,,,,,,,"обл. Новосибирская, г.о. город Новосибирск, г. Новосибирск, «мост Октябрьский» через р. Обь в городе Новосибирске",нет допущенных
,06.07.2026,"Здания, монолит, фундаменты",Прочие регионы,"Выполнение работ по монтажу резервуаров вертикальных стальных с понтоном РВСП-2000 с проведением гидроиспытаний и выполнением АКЗ на объекте ""Сокурская нефтебаза"" Мошковский район, р. п. Сокур, Производственная зона",Акционерное общество «Айсорс»,Коммерческая,,,05.08.2026 00:00,,https://etpgpb.ru/procedure/tender/etp/1268988,https://zakupki.kontur.ru/AP120893,,неизвестно,,,,,,,,,,,,
,07.07.2026,"Здания, монолит, фундаменты",Кемеровская обл. (Кузбасс),"Выполнение строительно-монтажных работ по объектам: ""Склад ГСМ"" инв. №01\020467 (ремонт крылец, отмостки), ""АЗС 169.2 м2"" инв. №01\200032 (ремонт крылец, колодцев, отмостки), ""Здание ОФ (Погрузочные бункера) 5016.4м2"" инв. №01\000243 (усиление строительных конструкций и восстановление бетонных полов, согласно РД№464-РД-2026), ""Здание ОФ (Яма привозных углей)"" инв. №01\000263 (усиление строительных конструкций, согласно РД№465-РД-2026) филиала ""Кедровский угольный разрез"" в 2026-2027г",Угольная Компания «Кузбассразрезуголь,Коммерческая,,,06.08.2026 00:00,,https://etp.metal-it.ru/trades/589491110/info,https://zakupki.kontur.ru/IS65997146,,неизвестно,,,,,,,,,,,,
,07.07.2026,"Здания, монолит, фундаменты",Кемеровская обл. (Кузбасс),"Выполнение капитальных ремонтных работ зданий и сооружений Анжеро-Судженск, пгт Рудничный, ул. Усынина 3.",Кузнецкие Ферросплавы,Коммерческая,,,07.08.2026 00:00,,https://zakupki.chemk-group.ru/#com/procedure/view/procedure/1531,https://zakupki.kontur.ru/IS66028424,,неизвестно,,,,,,,,,,,,
,09.07.2026,"Вода, тепло, газ, канализация",Кемеровская обл. (Кузбасс),"Выполнение работ по замене участков 2-х трубного подземного стального водовода Ду400 на полимерные Ду200 ОСП ""ЮФЗ"" . Юрга, перегон Юрга-1 Тутальская, 3496 км ПК 7-8",Кузнецкие Ферросплавы,Коммерческая,,,07.08.2026 00:00,,https://zakupki.chemk-group.ru/#com/procedure/view/procedure/1542,https://zakupki.kontur.ru/IS66266382,,итог не внесён,,,,,,,,,,,,
0818500000826004887,22.07.2026,Барьеры / БДД / ограждения,Прочие регионы,"Установка конструкции для уличной цифровой информационной панели по адресу: г.Краснодар, ул.Северная 309",Государственное бюджетное Профессиональное Образовательное учреждение Краснодарского Края «Краснодарский Машиностроительный Колледж»,44-ФЗ аукцион,"3 511 943,33",,31.07.2026 00:00,,https://www.rts-tender.ru/auctionsearch/ctl/procDetail/mid/691/number/0818500000826004887,https://zakupki.kontur.ru/0818500000826004887,,не состоялась,одна заявка,1,,,Вита Строй,,,,,,,одна заявка (Вита Строй)
0865200000326000941,23.07.2026,Дороги,Томская обл.,Выполнение работ по ремонту автомобильной дороги Бакчар-Подгорное-Коломино на участке км 173+140-км 181+349 в Чаинском районе Томской области,Областное государственное казенное учреждение «Управление автомобильных дорог Томской области»,44-ФЗ аукцион,"351 900 450,59",30%,07.08.2026 06:00,19.10.2027,https://zakupki.gov.ru/epz/order/notice/ea20/view/common-info.html?regNumber=0865200000326000941,https://zakupki.kontur.ru/0865200000326000941,,заключен,,4,"24,6%","265 332 939,74",АО «Автодорстрой»,,,,,,"обл. Томская, м.р-н Чаинский, автомобильная дорога Бакчар-Подгорное-Коломино на участке км 173+140-км 181+349 в Чаинском районе Томской области","-24,6%
Автодорстрой"
0865200000326000947,23.07.2026,Дороги,Томская обл.,Выполнение работ по ремонту автомобильной дороги Больше-Дорохово - Тегульдет на участке км 130+000 - км 154+000 в Тегульдетском районе Томской области. 3 этап км 146+000 - км 154+000,Областное государственное казенное учреждение «Управление автомобильных дорог Томской области»,44-ФЗ аукцион,"378 198 804,69",30%,11.08.2026 06:00,09.08.2027,https://zakupki.gov.ru/epz/order/notice/ea20/view/common-info.html?regNumber=0865200000326000947,https://zakupki.kontur.ru/0865200000326000947,,заключен,,2,"24,6%","285 161 898,74",ООО «Градстрой»,,,,,,"обл. Томская, м.р-н Тегульдетский, автомобильная дорога Больше-Дорохово-Тегульдет на участке км 130+000 - км 154+000 в Тегульдетском районе Томской области. 3 этап км 146+000 - км 154+000","-24,6%
Градстрой"
0165200003326000195,24.07.2026,"Здания, монолит, фундаменты",Томская обл.,"Выполнение работ по инженерным изысканиям, проектированию, строительству и вводу в эксплуатацию объекта капитального строительства «Строительство поликлиники смешанного типа мощностью 350 посещений в смену с детским отделением на 120 посещений в смену (мкр. «Северный парк», мкр. «Левобережный лайф»)»",Областное государственное казенное учреждение «Облстройзаказчик»,44-ФЗ конкурс,"989 693 757,04",7%,15.09.2026 06:00,29.12.2028,https://zakupki.gov.ru/epz/order/notice/ok20/view/common-info.html?regNumber=0165200003326000195,https://zakupki.kontur.ru/0165200003326000195,,не состоялась,один допущенный,2,"0,0%","989 683 757,00",,,,,,,"обл. Томская, м.р-н Томский, с.п. Заречное, д. Кисловка, тракт Придорожный, земельный участок 5, кадастровый номер земельного участка– 70:14:0100039:6029 (в том числе по 1 этапу и на территории Подрядчика).",допущена только одна заявка
0351300077926000018,24.07.2026,Дороги,Новосибирская обл.,"Выполнение инженерных изысканий, разработка проектной и рабочей документации с выполнением строительства объекта: “Автомобильная дорога от остановочной платформы “Университетская” и транспортно-пересадочного узла “Университетский проспект” до пересечения улиц Жемчужная и Университетский проспект”",Муниципальное казенное учреждение г. Новосибирска «Управление дорожного строительства»,44-ФЗ конкурс,"190 853 151,74",,12.08.2026 04:00,22.12.2028,https://zakupki.gov.ru/epz/order/notice/ok20/view/common-info.html?regNumber=0351300077926000018,https://zakupki.kontur.ru/0351300077926000018,,не состоялась,нет заявок,,,,,,,,,,"обл. Новосибирская, г.о. город Новосибирск, г. Новосибирск, 1) при выполнении инженерных изысканий, разработке проектной и рабочей документации: по местонахождению Подрядчика. Место нахождения объекта: г. Новосибирск, автомобильная дорога от остановочной платформы “Университетская” и транспортно-пересадочного узла “Университетский проспект” до пересечения улиц Жемчужная и Университетский проспект; 2) при выполнении работ по строительству автомобильной дороги: по местонахождению объекта: г. Новосибирск, автомобильная дорога от остановочной платформы “Университетская” и транспортно-пересадочного узла “Университетский проспект” до пересечения улиц Жемчужная и Университетский проспект. Показать полностью",нет допущенных
0851200000626005078,29.07.2026,"Здания, монолит, фундаменты",Новосибирская обл.,Выполнение работ по завершению строительства объекта: «Строительство комплекса сооружений очистки подземных вод р. п. Ордынское Ордынского района Новосибирской области»,Администрация рабочего поселка Ордынское Ордынского района Новосибирской обл.,44-ФЗ аукцион,"72 089 815,71",10%,06.08.2026 04:00,29.12.2026,https://zakupki.gov.ru/epz/order/notice/ea20/view/common-info.html?regNumber=0851200000626005078,https://zakupki.kontur.ru/0851200000626005078,,не состоялась,нет заявок,,,,,,,,,,"обл. Новосибирская, м.р-н Ордынский, г.п. рабочий поселок Ордынское, рп. Ордынское, ул. Кирова, д. 98а",нет допущенных
0351300107026000134,30.07.2026,Барьеры / БДД / ограждения,Новосибирская обл.,"Выполнение работ по монтажу инженерных сооружений обеспечения транспортной безопасности на устоях объектов: путепровод через замытое русло р.Каменка (левый), путепровод через замытое русло р.Каменка (правый)",Муниципальное казенное учреждение г. Новосибирска «Гормост»,44-ФЗ котировки,"961 027,23",,12.08.2026 04:00,15.10.2026,https://zakupki.gov.ru/epz/order/notice/zk20/view/common-info.html?regNumber=0351300107026000134,https://zakupki.kontur.ru/0351300107026000134,,не состоялась,нет заявок,,,,,,,,,,"обл. Новосибирская, г.о. город Новосибирск, г. Новосибирск, Путепровод через замытое русло р.Каменка (левый), путепровод через замытое русло р.Каменка (правый)",нет допущенных
0317100017726000008,30.07.2026,"Здания, монолит, фундаменты",Алтайский край,"Капитальный ремонт общежития с пристроенными столовой и спортзалом Лит.А, расположенное по адресу: РФ, Алтайский край, г. Барнаул, ул. Молодежная, 29А (Общежитие № 4 ФГБОУ ВО Алтайский ГАУ)",Федеральное государственное бюджетное Образовательное учреждение Высшего Образования «Алтайский Государственный Аграрный Университет»,44-ФЗ конкурс,"346 713 014,81",15%,08.09.2026 07:10,01.12.2027,https://zakupki.gov.ru/epz/order/notice/ok20/view/common-info.html?regNumber=0317100017726000008,https://zakupki.kontur.ru/0317100017726000008,,не состоялась,одна заявка,1,"0,1%","346 500 000,00",ООО «Су-5»,,,,,,"край Алтайский, г.о. город Барнаул, г. Барнаул, ул. Молодежная, д. 29А, Здание общежития с пристроенными столовой и спортзалом Лит.А, расположенное по адресу: РФ, Алтайский край, г. Барнаул, ул. Молодежная, 29А (Общежитие № 4 ФГБОУ ВО Алтайский ГАУ) Показать полностью",одна заявка
32616253689,31.07.2026,"Вода, тепло, газ, канализация",Алтайский край,"Выполнение работ по аварийному ремонту сетей водопровода и канализации, находящихся на обслуживании ООО «БАРНАУЛЬСКИЙ ВОДОКАНАЛ», методом горизонтального направленного бурения, проводимый централизовано ООО УК «РОСВОДОКАНАЛ» для нужд ООО «БАРНАУЛЬСКИЙ ВОДОКАНАЛ»",Общество с ограниченной ответственностью «Барнаульский Водоканал»,223-ФЗ,"20 000 000,00",,07.08.2026 10:00,,https://zakupki.gov.ru/epz/order/extendedsearch/results.html?searchString=32616253689,https://zakupki.kontur.ru/32616253689,,итог не внесён,,,"65,3%","6 942 000,00",ООО «Овк-Строй»,,,,,,"Согласно закупочной документации Адрес поставки из документов Алтайский край, г Барнаул Алтайский край Сибирский Федеральный Округ Показать в документах","-65,5%
Овк-Строй"
0851200000626005151,31.07.2026,"Здания, монолит, фундаменты",Новосибирская обл.,"Выполнение работ по капитальному ремонту фасада здания ГКУ НСО ЦОДД, расположенного по адресу: 630049 Новосибирская область, город Новосибирск, ул. Дмитрия Донского д. 13",Государственное казенное учреждение Новосибирской обл. «Центр Организации Дорожного Движения»,44-ФЗ аукцион,"25 748 797,21",,10.08.2026 04:00,30.12.2027,https://zakupki.gov.ru/epz/order/notice/ea20/view/common-info.html?regNumber=0851200000626005151,https://zakupki.kontur.ru/0851200000626005151,,не состоялась,одна заявка,1,"0,0%","25 748 797,21",ООО «Снв Строй»,,,,,,"обл. Новосибирская, г.о. город Новосибирск, г. Новосибирск, ул. Дмитрия Донского, д. 13",одна заявка
B3107260754472,31.07.2026,"Здания, монолит, фундаменты",Новосибирская обл.,"Текущий ремонт строительных конструкций зданий главного корпуса механосборочного цеха , механозаготовительного цеха , мастерской ТЦ, КЦ (по ЭПБ).",Акционерное общество «Новосибирский стрелочный завод»,Коммерческая,,,17.08.2026 04:09,,https://www.roseltorg.ru/procedure/B3107260754472?utm_source=kontur_zakupki&utm_medium=referral&utm_campaign=etp&utm_referrer=https%253A%252F%252Fzakupki.kontur.ru,https://zakupki.kontur.ru/IS68448877,,итог не внесён,,,,,,,,,,,г Новосибирск,
0317200051726000233,03.08.2026,Дороги,Алтайский край,Выполнение работ по строительству автомобильной дороги «Обход г. Бийска в Бийском районе Алтайского края» с разработкой рабочей документации,Краевое государственное казенное учреждение «Управление Автомобильных Дорог Алтайского Края»,44-ФЗ (способ не указан),,,04.08.2026 00:00,,https://zakupki.gov.ru/epz/pricereq/card/common-info.html?reestrNumber=0317200051726000233,https://zakupki.kontur.ru/RQ0317200051726000233,,итог не внесён,,,,,,,,,,,,
4540157,03.08.2026,Поставка товаров / IT,Новосибирская обл.,"Поставка пиломатериала хвойных пород для нужд АО ""НСЗ""",Акционерное общество «Новосибирский Стрелочный Завод»,Коммерческая,,,04.08.2026 10:15,,https://www.b2b-center.ru/app/market/postavka-pilomateriala-khvoinykh-porod-dlia-nuzhd-ao-nsz/tender-4540157/?utm_source=kontur&utm_medium=referral&utm_campaign=ref_id&key=skb-34e3b000f4c34e609360b36c3bdc66eb826d428a,https://zakupki.kontur.ru/4540157_459,,итог не внесён,,,,,,,,,,,"городской округ город Новосибирск, город Новосибирск, улица Аксенова, дом 7",
0317300019826000067,03.08.2026,Благоустройство и озеленение,Алтайский край,"Выполнение работ по благоустройству правого берега реки у курортного сквера, 1 этап, подготовка площадки",Администрация г. Белокуриха Алтайского края,44-ФЗ аукцион,"12 000 000,00",,06.08.2026 06:00,18.11.2026,https://zakupki.gov.ru/epz/order/notice/ea20/view/common-info.html?regNumber=0317300019826000067,https://zakupki.kontur.ru/0317300019826000067,,не состоялась,одна заявка,1,"0,0%","12 000 000,00",Абраамян Алексан Ашотович,,,,,,"край Алтайский, г.о. город Белокуриха, г. Белокуриха, Курортный сквер",один допущенный
012026196Э,03.08.2026,Благоустройство и озеленение,Москва и МО,"выполнение проектно-изыскательских работ по разработке проекта благоустройства территории и выполнение работ по благоустройству территории объекта спортивной инфраструктуры, ГБУ ДО ""Московская академия танцевального спорта и акробатического рок-н-ролла"", расположенного по адресу: Московская область, Одинцовский городской округ, село Жаворонки, территория Спортивный комплекс Жаворонки, вл.1",Автономная Некоммерческая организация «Московский Центр Развития Спортивной Инфраструктуры»,Коммерческая,"73 407 152,47",,06.08.2026 09:00,,https://mossportrazvitie.ru/docs/etp_client/client/procurements/713d6d9c-6696-4e3f-ae2b-8f9ebd70477d/,https://zakupki.kontur.ru/IS68209283,,итог не внесён,,,,,,,,,,,"Московская область, Одинцовский городской округ, село Жаворонки, территория Спортивный комплекс Жаворонки, вл.1",
0317300253026000015,03.08.2026,Дороги,Алтайский край,Выполнение работ по ремонту асфальтобетонного покрытия территории МБОУ «СОШ № 41» корпус № 1,Муниципальное бюджетное общеобразовательное учреждение «Средняя общеобразовательная школа №41»,44-ФЗ котировки,"5 507 567,60",,10.08.2026 09:18,30.11.2026,https://zakupki.gov.ru/epz/order/notice/zk20/view/common-info.html?regNumber=0317300253026000015,https://zakupki.kontur.ru/0317300253026000015,,заключен,,5,"12,0%","4 846 659,00",Мхитарян Арам Ашотович,,,,,,"край Алтайский, г.о. город Бийск, г. Бийск, ул. Александра Пушкина, д. 188","-12%
Мхитарян"
0851600007226000128,03.08.2026,Благоустройство и озеленение,Новосибирская обл.,"Выполнение работ по благоустройству территории, строительство тротуара по ул. Заводская в р.п. Чаны Чановского муниципального округа Новосибирской области.",Администрация Чановского Муниципального Округа Новосибирской обл.,44-ФЗ аукцион,"3 300 070,66",,07.08.2026 04:00,27.11.2026,https://zakupki.gov.ru/epz/order/notice/ea20/view/common-info.html?regNumber=0851600007226000128,https://zakupki.kontur.ru/0851600007226000128,,заключен,,4,"10,4%","2 958 332,92",ООО «Страда»,,,,,,"обл. Новосибирская, м.о. Чановский, рп. Чаны, ул. Заводская","-10,4%
Страда"
0865200000326000979,03.08.2026,Дороги,Томская обл.,Выполнение работ по ремонту автомобильной дороги Подгорное-Игнашкино на участке км 1+578-км 3+150 в Чаинском районе Томской области,Областное государственное казенное учреждение «Управление автомобильных дорог Томской области»,44-ФЗ аукцион,"70 465 593,55",30%,11.08.2026 06:00,23.08.2027,https://zakupki.gov.ru/epz/order/notice/ea20/view/common-info.html?regNumber=0865200000326000979,https://zakupki.kontur.ru/0865200000326000979,,заключен,,3,"24,5%","53 201 523,05",ООО «Ндс»,,,,,,"обл. Томская, м.р-н Чаинский, автомобильная дорога Подгорное-Игнашкино на участке км 1+578-км 3+150 в Чаинском районе Томской области","-24,5%
НДС"
0139200000126009361,03.08.2026,Барьеры / БДД / ограждения,Кемеровская обл. (Кузбасс),Выполнение работ по капитальному ремонту автомобильных дорог: замена барьерного ограждения на автомобильных дорогах общего пользования регионального или межмуниципального значения в Промышленновском муниципальном округе.,Государственное казенное учреждение «Дирекция Автомобильных Дорог Кузбасса»,44-ФЗ аукцион,"6 257 419,10",,11.08.2026 03:00,04.12.2026,https://zakupki.gov.ru/epz/order/notice/ea20/view/common-info.html?regNumber=0139200000126009361,https://zakupki.kontur.ru/0139200000126009361,,не состоялась,одна заявка,1,,,,,,,,,"обл. Кемеровская область - Кузбасс, Автомобильные дороги: Окунёво-Усть-Каменка-Абышево с подъездомк с.Титово км 2-3, подъезд (1) км 1-2; Промыщленная-Лебеди км 12-13.",нет допущенных
0134300063026000138,03.08.2026,Мосты и ИССО,Иркутская обл. / Бурятия / Забайкалье,"Выполнение работ по текущему ремонту моста, расположенного по адресу: Иркутская область г. Нижнеудинск ул. Некрасова",Муниципальное казенное учреждение «Управление Капитального Строительства Нижнеудинского Района»,44-ФЗ аукцион,"6 966 972,04",,11.08.2026 03:00,08.12.2026,https://zakupki.gov.ru/epz/order/notice/ea20/view/common-info.html?regNumber=0134300063026000138,https://zakupki.kontur.ru/0134300063026000138,,отменена,,,,,,,,,,,"обл. Иркутская, м.р-н Нижнеудинский, г.п. Нижнеудинское, г. Нижнеудинск, ул. Некрасова",
0119300019826001500,03.08.2026,Благоустройство и озеленение,Красноярский край / Хакасия / Тыва,Выполнение работ по посадке деревьев на озелененных территориях города Красноярска,Департамент Жилищно-Коммунального Хозяйства и Благоустройства администрации г. Красноярска,44-ФЗ аукцион,"1 700 000,00",,11.08.2026 05:00,31.12.2026,https://zakupki.gov.ru/epz/order/notice/ea20/view/common-info.html?regNumber=0119300019826001500,https://zakupki.kontur.ru/0119300019826001500,,заключен,,7,"65,2%","591 500,00",ООО «Стройкомплекс-26»,,,,,,"край Красноярский, территория города Красноярска (по заявке Заказчика).","-62,5%
Стройкомплекс-26"
32616253890,03.08.2026,"Здания, монолит, фундаменты",Кемеровская обл. (Кузбасс),"Комплекс работ по модернизации зданий и сооружений для устройства антидроновой защиты объектов капитального строительства ""Котельный цех"", ""Склад сырьевой Н2SО4""",Акционерное общество «Каскад-Энерго»,223-ФЗ,"11 604 246,07",,17.08.2026 12:00,,https://zakupki.gov.ru/epz/order/extendedsearch/results.html?searchString=32616253890,https://zakupki.kontur.ru/32616253890,,итог не внесён,,,"3,0%","111 256 118,66",,,,,,,"652470, Российская Федерация, Кемеровская обл., г. Анжеро-Судженск, Ленина, 4, ОКАТО: 32404000000",-3%
0134200000126003416,03.08.2026,Мосты и ИССО,Иркутская обл. / Бурятия / Забайкалье,На выполнение работ по капитальному ремонту мостового перехода через р. Олха на км 1+370 автомобильной дороги Смоленщина - Введенщина - Чистые Ключи в Иркутском районе Иркутской области.,Областное государственное казенное учреждение «Дирекция по строительству и эксплуатации автомобильных дорог Иркутской области»,44-ФЗ аукцион,"543 631 800,00",30%,12.08.2026 04:00,27.12.2027,https://zakupki.gov.ru/epz/order/notice/ea20/view/common-info.html?regNumber=0134200000126003416,https://zakupki.kontur.ru/0134200000126003416,,заключен,,2,"0,5%","540 913 641,00",АО «Дсио»,,,,,,"обл. Иркутская, Мостовой переход через р. Олха на км 1+370 автомобильной дороги Смоленщина - Введенщина - Чистые Ключи в Иркутском районе Иркутской области.","-0,5%
Дсио"
,03.08.2026,Дороги,Иркутская обл. / Бурятия / Забайкалье,Оказание комплекса услуг по автовскрыше и поддержанию в рабочем состоянии технологической дороги для вывозки вскрышных пород или горной массы Иркутская область,Разрез Черемховуголь,Коммерческая,"2 335 342 400,00",,14.08.2026 00:00,,https://td.enplus.ru/redesign/works-and-services-purchase/detail-page/?ELEMENT_ID=479648,https://zakupki.kontur.ru/IS68199987,,неизвестно,,,,,,,,,,,,
0373100072126001125,03.08.2026,Благоустройство и озеленение,Прочие регионы,Выполнение работ по благоустройству территории в рамках капитального ремонта ФГБНУ «РНЦХ им. акад. Б.В. Петровского»,Федеральное государственное бюджетное Научное учреждение «Российский Научный Центр Хирургии Имени Академика Б.В. Петровского»,44-ФЗ конкурс,"73 681 730,00",,25.08.2026 08:00,31.12.2027,https://zakupki.gov.ru/epz/order/notice/ok20/view/common-info.html?regNumber=0373100072126001125,https://zakupki.kontur.ru/0373100072126001125,,заключен,,2,"4,0%","73 674 332,00",Васильев Дмитрий Николаевич,,,,,,"г. Москва, вн.тер.г. муниципальный округ Черемушки, ул. Цюрупы, д. 3, Срок выполнения работ по настоящему Контракту: в течении 2 (двух) месяцев с даты заключения контракта. Предусмотрена возможность досрочной сдачи результатов работ ранее указанного срока. Показать полностью Адрес поставки из документов Город Москва, п Роговское, д Петрово Город Москва, п Роговское Город Москва Центральный Федеральный Округ Показать в документах","0%
Васильев"
0373100072126001126,03.08.2026,Благоустройство и озеленение,Прочие регионы,Выполнение работ по благоустройству территории в рамках капитального ремонта ФГБНУ «РНЦХ им. акад. Б.В. Петровского»,Федеральное государственное бюджетное Научное учреждение «Российский Научный Центр Хирургии Имени Академика Б.В. Петровского»,44-ФЗ конкурс,"80 286 850,00",,25.08.2026 08:00,31.12.2027,https://zakupki.gov.ru/epz/order/notice/ok20/view/common-info.html?regNumber=0373100072126001126,https://zakupki.kontur.ru/0373100072126001126,,заключен,,2,"3,0%","77 878 244,50",ООО «Энсо Стрим»,,,,,,"г. Москва, вн.тер.г. муниципальный округ Коньково, ул. Профсоюзная, д. 90, Срок выполнения работ по настоящему Контракту: в течении 2 (двух) месяцев с даты заключения контракта. Предусмотрена возможность досрочной сдачи результатов работ ранее указанного срока. Показать полностью Адрес поставки из документов Город Москва, п Роговское, д Петрово Город Москва, п Роговское Город Москва Центральный Федеральный Округ Показать в документах","-3%
Энсо Стрим"
0139200000126009475,03.08.2026,Дороги,Кемеровская обл. (Кузбасс),"Выполнение работ по содержанию автомобильных дорог: планово-предупредительные работы на мосту через р. Прямой Ускат на автомобильной дороге Ленинск-Кузнецкий – Киселевск, км 79+895.",Государственное казенное учреждение «Дирекция Автомобильных Дорог Кузбасса»,44-ФЗ аукцион,"31 071 081,39",,14.08.2026 03:00,10.02.2028,https://zakupki.gov.ru/epz/order/notice/ea20/view/common-info.html?regNumber=0139200000126009475,https://zakupki.kontur.ru/0139200000126009475,,не состоялась,один допущенный,2,"7,0%","28 896 105,65",Скворцов Александр Геннадьевич,,,,,,"обл. Кемеровская область - Кузбасс, Прокопьевский муниципальный округ, автомобильная дорога III категории Ленинск-Кузнецкий – Киселевск, мост через р. Прямой Ускат, км 79+895.",один допущенный
0334100007526000074,03.08.2026,Мосты и ИССО,Иркутская обл. / Бурятия / Забайкалье,"Ремонт моста через р. Паньковка-2 на км 173+110 автомобильной дороги Р-258 «Байкал» Иркутск-Улан-Удэ-Чита, Иркутская область",Федеральное казенное учреждение «Управление Автомобильной Магистрали Красноярск - Иркутск Федерального Дорожного Агентства»,44-ФЗ конкурс,"98 560 116,00",10%,17.08.2026 03:00,16.11.2028,https://zakupki.gov.ru/epz/order/notice/ok20/view/common-info.html?regNumber=0334100007526000074,https://zakupki.kontur.ru/0334100007526000074,,отменена,,,,,,,,,,,"обл. Иркутская, км 173+110 автомобильной дороги Р-258 ""Байкал"" Иркутск - Улан-Удэ - Чита",
0148200005426000340,03.08.2026,Благоустройство и озеленение,Москва и МО,"Выполнение работ по благоустройству по адресу: Московская область, г. Видное, Советская площадь и прилегающие к ней территории",Муниципальное бюджетное учреждение «Благоустройство» Ленинского Городского Округа Московской Области,44-ФЗ конкурс,"333 464 025,52",30%,17.08.2026 10:00,31.12.2027,https://zakupki.gov.ru/epz/order/notice/ok20/view/common-info.html?regNumber=0148200005426000340,https://zakupki.kontur.ru/0148200005426000340,,заключен,,2,"0,5%","331 796 705,39",ООО «Альппрофит»,,,,,,"обл. Московская, г.о. Ленинский, г. Видное, Советская площадь и прилегающие к ней территории","-0,5%
Альппрофит"
0351100008926000157,03.08.2026,Дороги,Алтайский край,"Выполнение работ по ремонту автомобильной дороги А-321 Барнаул - Павловск - граница с Республикой Казахстан на участке км 198+000 - км 201+000, Алтайский край",Федеральное казенное учреждение «Федеральное управление автомобильных дорог «Сибирь» Федерального дорожного агентства»,44-ФЗ конкурс,"95 912 220,00",23%,19.08.2026 05:00,01.11.2028,https://zakupki.gov.ru/epz/order/notice/ok20/view/common-info.html?regNumber=0351100008926000157,https://zakupki.kontur.ru/0351100008926000157,,заключен,,2,"6,7%","89 486 101,00",ООО «Барнаульское Дсу № 4»,,,,,,"край Алтайский, автомобильная дорога А-321 Барнаул - Павловск - граница с Республикой Казахстан на участке км 198+000 - км 201+000","-6,7%
Барнаульское Дсу № 4"
0351100008926000156,03.08.2026,Дороги,Алтайский край,"Выполнение работ по ремонту автомобильной дороги А-321 Барнаул - Павловск - граница с Республикой Казахстан на участке км 201+000 - км 210+500, Алтайский край",Федеральное казенное учреждение «Федеральное управление автомобильных дорог «Сибирь» Федерального дорожного агентства»,44-ФЗ конкурс,"303 722 040,00",23%,19.08.2026 05:00,01.11.2028,https://zakupki.gov.ru/epz/order/notice/ok20/view/common-info.html?regNumber=0351100008926000156,https://zakupki.kontur.ru/0351100008926000156,,заключен,,2,"5,5%","287 017 327,80",АО «Центральное Дсу Алтайского Края»,,,,,,"край Алтайский, автомобильная дорога А-321 Барнаул - Павловск - граница с Республикой Казахстан на участке км 201+000 - км 210+500","-5,5%
Центральное Дсу Алтайского Края"
0351100008926000154,03.08.2026,Дороги,Алтайский край,"Выполнение работ по ремонту автомобильной дороги А-321 Барнаул - Павловск - граница с Республикой Казахстан на участке км 132+000 - км 142+250, Алтайский край",Федеральное казенное учреждение «Федеральное управление автомобильных дорог «Сибирь» Федерального дорожного агентства»,44-ФЗ конкурс,"327 700 090,00",23%,19.08.2026 05:00,01.11.2028,https://zakupki.gov.ru/epz/order/notice/ok20/view/common-info.html?regNumber=0351100008926000154,https://zakupki.kontur.ru/0351100008926000154,,заключен,,2,"3,6%","315 902 887,00",ООО «Барнаульское Дсу № 4»,,,,,,"край Алтайский, автомобильная дорога А-321 Барнаул - Павловск - граница с Республикой Казахстан на участке км 132+000 - км 142+250","-3,6%
Барнаульское Дсу № 4"
20534-ТУ,04.08.2026,"Вода, тепло, газ, канализация",Новосибирская обл.,11.1.01.2 Сети и ТУ. Наружные сети водоснабжения. Европейский берег 00.7ШК,Брусника,Коммерческая,"3 556 708,82",,07.08.2026 14:00,,https://srm.brusnika.ru/trades/118946024/info,https://zakupki.kontur.ru/IS68466284,,итог не внесён,,,,,,,,,,,,
B0408260653055,04.08.2026,Благоустройство и озеленение,Новосибирская обл.,Оказание услуг по поставке и посадке растений,Акционерное общество «Новосибирскэнергосбыт»,Коммерческая,"355 300,00",,05.08.2026 07:52,,https://www.roseltorg.ru/procedure/B0408260653055?utm_source=kontur_zakupki&utm_medium=referral&utm_campaign=etp&utm_referrer=https%253A%252F%252Fzakupki.kontur.ru,https://zakupki.kontur.ru/IS68763206,,итог не внесён,,,,,,,,,,,"Россия, г Новосибирск",
32616230156,04.08.2026,"Вода, тепло, газ, канализация",Новосибирская обл.,Выполнение работ по реконструкции внешней сети теплоснабжения станции Заельцовская инв. №24182,Муниципальное унитарное предприятие г. Новосибирска «Новосибирский метрополитен»,223-ФЗ,"46 961 919,46",,10.08.2026 05:00,,https://zakupki.gov.ru/epz/order/extendedsearch/results.html?searchString=32616230156,https://zakupki.kontur.ru/32616230156,,не состоялась,одна заявка,,,,,,,,,,"Место выполнения работ: г. Новосибирск, от ул. Перевозчикова, дом 2 до входа № 1 станции Заельцовская",нет допущенных
0851200000626005175,04.08.2026,Дороги,Новосибирская обл.,"Выполнение работ по строительству объекта ""Автомобильная дорога необщего пользования ПЛП ""Южный"". Первый этап строительства (Автомобильная дорога необщего пользования ПЛП ""Южный"")""",Акционерное общество «Управляющая Компания «Промышленно-Логистический Парк»,44-ФЗ аукцион,"267 432 640,41",,11.08.2026 04:00,24.12.2026,https://zakupki.gov.ru/epz/order/notice/ea20/view/common-info.html?regNumber=0851200000626005175,https://zakupki.kontur.ru/0851200000626005175,,отменена,,,,,,,,,,,"обл. Новосибирская, м.р-н Искитимский, с.п. Мичуринский сельсовет, Промышленно-логистический парк «Южный», в границах земельных участков с кадастровыми номерами: 54:07:057401:7555, 54:07:057401:32, 54:07:057401:8028, 54:07:057401:7772",
910-СМР,04.08.2026,"Здания, монолит, фундаменты",Москва и МО,"Выполнение полного комплекса строительно-монтажных работ по устройству монолита на объекте, расположенному по адресу: г. Москва, внутригородское муниципальное образование Северное Измайлово, Щелковское шоссе, земельный участок 92/1",Публичное акционерное общество «Пик-Специализированный Застройщик»,Коммерческая,"1 254 038 980,79",,11.08.2026 18:00,,https://etp.pik.ru/trades/107456430/info,https://zakupki.kontur.ru/IS68690371,,итог не внесён,,,,,,,,,,,"г. Москва, р-н Северное Измайлово, мкр. 80",
4549425,04.08.2026,"Здания, монолит, фундаменты",Новосибирская обл.,Модернизация площадки ККЗ с изготовлением металлоконструкций для нужд ООО СПК Чистогорский,АО «Сибагро»,Коммерческая,,,11.08.2026 10:00,,https://www.b2b-center.ru/market/view.html?id=4549425&utm_source=kontur&utm_medium=referral&utm_campaign=ref_id&key=skb-34e3b000f4c34e609360b36c3bdc66eb826d428a,https://zakupki.kontur.ru/4549425_4,,итог не внесён,,,,,,,,,,,,
32616256035,04.08.2026,"Вода, тепло, газ, канализация",Новосибирская обл.,"Газификация противотуберкулезного диспансера, расположенного по ул. Садовое кольцо, д.4 в г. Куйбышев Новосибирской области",Общество с ограниченной ответственностью «НПП «Сибирский энергетический центр»,223-ФЗ,"61 323 715,10",,12.08.2026 09:00,,https://zakupki.gov.ru/epz/order/extendedsearch/results.html?searchString=32616256035,https://zakupki.kontur.ru/32616256035,,заключен,,,"7,0%","57 012 430,00",№,,,,,,"Согласно закупочной документации Адрес поставки из документов Новосибирская область, р-н Куйбышевский, г Куйбышев Новосибирская область, р-н Куйбышевский Новосибирская область, г Бердск Новосибирская область Сибирский Федеральный Округ Показать еще 1 место поставки Показать в документах",-7%
РН60801333,04.08.2026,"Здания, монолит, фундаменты",Томская обл.,"Выполнение комплекса строительно-ремонтных работ (экстерьер, интерьер) на АЗС/АЗКс заменой элементов фирменного стиля в рамках программы обновления розничнойсети ""Роснефть"" по объектам АО ""Томскнефтепродукт"" ВНК",Акционерное общество «Томскнефтепродукт» Восточной Нефтяной Компании,Коммерческая,,,12.08.2026 13:00,,https://www.tektorg.ru/rosneft/procedures/19555120,https://zakupki.kontur.ru/IS68782902,,итог не внесён,,,,,,,,,,,,
3482542,04.08.2026,Мосты и ИССО,Москва и МО,"Право заключения договора на выполнение строительных, монтажных работ в отношении объекта капитального строительства АО «МСЗ». Конструкции железобетонные. Наружные эстакады по объекту: «Развитие производственных мощностей по выпуску ТВС для транспортных установок, станций малой мощности и плавучих энергоблоков в корпусе189 (низкая часть) и 189Р цеха 42",Акционерное общество «Твэл-Строй»,Коммерческая,"32 549 211,56",,13.08.2026 10:00,,https://www.fabrikant.ru/trades/atom/ProposalRequest/?action=view&id=49919&lang=RU#lot_1,https://zakupki.kontur.ru/3482542,,итог не внесён,,,,,,,,,,,,
0351600000326000051,05.08.2026,"Здания, монолит, фундаменты",Новосибирская обл.,Выполнение работ по устройству металлических ограждений в р.п. Кольцово Новосибирской области,Муниципальное бюджетное учреждение «Фасад»,44-ФЗ аукцион,"3 125 000,00",,13.08.2026 04:00,31.12.2026,https://zakupki.gov.ru/epz/order/notice/ea20/view/common-info.html?regNumber=0351600000326000051,https://zakupki.kontur.ru/0351600000326000051,,заключен,,7,"18,6%","2 542 575,00",ООО «Город Дорог»,,,,,,"обл. Новосибирская, г.о. рабочий поселок Кольцово, рп. Кольцово, Новосибирская область, р.п. Кольцово, ул. Никольский проспект, вблизи д. 2; Новосибирская область, р.п. Кольцово, ул. Академика Сандахчиева; земельный участок с кадастровым номером 54:19:190102:487 (у здания «Имбиан») «‹1›» Показать полностью","-18,6%
Город Дорог"
ЗП-0020362,05.08.2026,"Здания, монолит, фундаменты",Новосибирская обл.,Монолитные железобетонные конструкции здания выше отм. 0.000 Устройство подпорной стены,Акционерное общество Группа Компаний «Страна»,Коммерческая,,,06.08.2026 08:00,,https://partner.strana.com/lk/trading/view/223b3790-0583-4395-a98a-53a7cc028a6a/common-info,https://zakupki.kontur.ru/IS68872211,,итог не внесён,,,,,,,,,,,г. Новосибирск,
4551263,05.08.2026,Дороги,Новосибирская обл.,Ремонт дороги и монтаж м/к направляющих для контейнеров для АПК ПРОМАГРО БЕЗ ПЕРЕТОРЖКИ!!!,АО «Сибагро»,Коммерческая,,,17.08.2026 10:00,,https://www.b2b-center.ru/market/view.html?id=4551263&utm_source=kontur&utm_medium=referral&utm_campaign=ref_id&key=skb-34e3b000f4c34e609360b36c3bdc66eb826d428a,https://zakupki.kontur.ru/4551263_4,,итог не внесён,,,,,,,,,,,,
0351300298326000120,05.08.2026,Дороги,Новосибирская обл.,"Выполнение работ по ремонту автомобильной дороги ""11 км а.д.""Н-2138 Новосибирск-Красный Яр-Кубовая"" в Новосибирском районе Новосибирской области",Муниципальное казенное учреждение Новосибирского района Новосибирской обл. «Управляющая компания единого заказчика жилищно-коммунального хозяйства и строительства»,44-ФЗ аукцион,"14 999 823,04",,18.08.2026 04:00,31.12.2026,https://zakupki.gov.ru/epz/order/notice/ea20/view/common-info.html?regNumber=0351300298326000120,https://zakupki.kontur.ru/0351300298326000120,,заключен,,11,"59,0%","6 149 927,03",ООО «Ростдорнефть»,,,,,,"обл. Новосибирская, м.р-н Новосибирский, с.п. Кубовинский сельсовет, п. Красный Яр, автомобильная дорога «11 км а/д «Н-2138» Новосибирск-Красный Яр - Кубовая».","-59%
Ростдорнефть"
32616262637,05.08.2026,Барьеры / БДД / ограждения,Алтайский край,Выполнение работ по поставке барьерного ограждению и его установке на объектах ремонта автомобильных дорог для нужд АО «Южное ДСУ Алтайского края»,Акционерное общество «Южное Дорожно-Строительное Управление Алтайского Края»,223-ФЗ,"9 967 335,00",,13.08.2026 04:00,,https://zakupki.gov.ru/epz/order/extendedsearch/results.html?searchString=32616262637,https://zakupki.kontur.ru/32616262637,,не состоялась,одна заявка,1,,,,,,,,,"Алтайский край, ОКАТО: 01000000000",допущена только одна заявка
4550538,05.08.2026,Мосты и ИССО,Кемеровская обл. (Кузбасс),Капитальный ремонт тоннеля под галереей и автодорогой для отвода р. Западный Каз Казской шахты филиал «ЕВРАЗРУДА» ПАО «ЕВРАЗ».,Общество с ограниченной ответственностью «Евраз»,Коммерческая,,,17.08.2026 12:00,,https://www.b2b-center.ru/market/view.html?id=4550538&utm_source=kontur&utm_medium=referral&utm_campaign=ref_id&key=skb-34e3b000f4c34e609360b36c3bdc66eb826d428a,https://zakupki.kontur.ru/4550538_4,,итог не внесён,,,,,,,,,,,"654043, Россия, Кемеровская обл., г. Новокузнецк, ш. Космическое, д. 16",
0334100007526000075,05.08.2026,Мосты и ИССО,Иркутская обл. / Бурятия / Забайкалье,"Ремонт моста через р. Дулиха на км 214+127 автомобильной дороги Р-258 «Байкал» Иркутск - Улан-Удэ - Чита, Республика Бурятия",Федеральное казенное учреждение «Управление Автомобильной Магистрали Красноярск - Иркутск Федерального Дорожного Агентства»,44-ФЗ конкурс,"74 953 149,00",10%,21.08.2026 03:00,02.12.2028,https://zakupki.gov.ru/epz/order/notice/ok20/view/common-info.html?regNumber=0334100007526000075,https://zakupki.kontur.ru/0334100007526000075,,заключен,,2,"0,0%","74 953 149,00",ООО «СтатусСиб»,,,,,,"респ. Бурятия, км 214+127 автомобильной дороги Р-258 «Байкал» Иркутск - Улан-Удэ - Чита","0%
СтатусСиб"
0351300077926000020,05.08.2026,Дороги,Новосибирская обл.,Выполнение работ по строительству автомобильной дороги,Муниципальное казенное учреждение г. Новосибирска «Управление дорожного строительства»,44-ФЗ конкурс,"1 799 543 506,83",30%,31.08.2026 06:00,12.12.2028,https://zakupki.gov.ru/epz/order/notice/ok20/view/common-info.html?regNumber=0351300077926000020,https://zakupki.kontur.ru/0351300077926000020,,заключен,,4,"0,1%","1 799 543 506,83",АО «Новосибирскавтодор»,,,,,,"обл. Новосибирская, г.о. город Новосибирск, г. Новосибирск, автомобильная дорога от пересечения улиц Кутателадзе и Демакова до улицы Арбузова с выходом на трассу «Кольцово-Академгородок».","0%
Новосибирскавтодор"
0351300107026000136,06.08.2026,Мосты и ИССО,Новосибирская обл.,"Ремонт подпорной стены и автомобильной дороги по ул. Ипподромской справа по ходу движения в сторону ул. Фрунзе на участке от ул. Писарева до ул. Гоголя, 49 в Центральном районе г. Новосибирска (устройство барьерного ограждения и укрепление откоса насыпи)",Муниципальное казенное учреждение г. Новосибирска «Гормост»,44-ФЗ котировки,"3 558 926,31",,13.08.2026 04:00,15.11.2026,https://zakupki.gov.ru/epz/order/notice/zk20/view/common-info.html?regNumber=0351300107026000136,https://zakupki.kontur.ru/0351300107026000136,,не состоялась,одна заявка,1,"5,0%","3 380 978,00",ООО «3с»,,,,,,"обл. Новосибирская, г.о. город Новосибирск, г. Новосибирск, Центральный район, подпорная стены и автомобильная дорога по ул. Ипподромской справа по ходу движения в сторону ул. Фрунзе на участке от ул. Писарева до ул. Гоголя в районе дома по адресу: ул. Гоголя, 49 Показать полностью",только одна заявка
0351300107026000135,06.08.2026,Мосты и ИССО,Новосибирская обл.,"Аварийно-восстановительные работы в местах ликвидации последствий чрезвычайных ситуаций: выполнение работ по ликвидации обвала обочины под бетонным ограждением на внутриквартальном проезде в гаражном комплексе вблизи жилого дома поул. Ипподромская, 52 в калининском районе города Новосибирска",Муниципальное казенное учреждение г. Новосибирска «Гормост»,44-ФЗ котировки,"1 476 388,00",,19.08.2026 04:00,15.11.2026,https://zakupki.gov.ru/epz/order/notice/zk20/view/common-info.html?regNumber=0351300107026000135,https://zakupki.kontur.ru/0351300107026000135,,не состоялась,нет заявок,,,,,,,,,,"обл. Новосибирская, г.о. город Новосибирск, г. Новосибирск, Новосибирская область, г. Новосибирск, Калининский район, внутриквартальный проезд в гаражном комплексе вблизи жилого дома по ул. Ипподромская, 52",нет допущенных
0851300007126000087,06.08.2026,Благоустройство и озеленение,Новосибирская обл.,Выполнение работ по озеленению муниципальных территорий Первомайского района города Новосибирска,Муниципальное казенное учреждение г. Новосибирска «Первомайское»,44-ФЗ аукцион,"1 000 000,00",,14.08.2026 06:00,31.12.2026,https://zakupki.gov.ru/epz/order/notice/ea20/view/common-info.html?regNumber=0851300007126000087,https://zakupki.kontur.ru/0851300007126000087,,заключен,,2,"19,0%","108 459,54",ООО «Зеленый Город»,,,,,,"обл. Новосибирская, г.о. город Новосибирск, г. Новосибирск, тер. Первомайский район","-19%
Зеленый Город"
0851200000626005254,06.08.2026,Дороги,Новосибирская обл.,"Выполнение работ по строительству объекта ""Межплощадочные дороги Промышленно-логистического парка Новосибирской области. 8 очередь строительства""",Акционерное общество «Управляющая Компания «Промышленно-Логистический Парк»,44-ФЗ аукцион,"321 664 651,90",,14.08.2026 04:00,30.06.2027,https://zakupki.gov.ru/epz/order/notice/ea20/view/common-info.html?regNumber=0851200000626005254,https://zakupki.kontur.ru/0851200000626005254,,не состоялась,один допущенный,2,"8,5%","294 323 156,48",ООО «Три Кита»,,,,,,"обл. Новосибирская, м.р-н Новосибирский, с.п. Толмачевский сельсовет, платф. 3307 км, Начало трассы участка №1 ПК0+00,00 соответствует оси покрытия существующей автомобильной дороги к Омскому тракту. Начало трассы участка №2 ПК0+00,00 соответствует ПК 13+09,04 участка № 1. Конец трассы участка № 1 ПК 20+92,07 соответствует границе кадастрового участка 54:11:017021:727. Конец трассы участка №2 ПК6+84,00 соответствует границе кадастрового участка 54:11:017021:727 Показать полностью Адрес поставки из документов Новосибирская область, р-н Новосибирский, с Толмачево Новосибирская область, р-н Новосибирский Новосибирская область Сибирский Федеральный Округ Показать в документах","один допущен (три кита снизил на 8,5%)"
0817200000326012133,06.08.2026,Мосты и ИССО,Алтайский край,"Выполнение работ по ремонту автомобильной дороги Поспелиха – Новичиха – Волчиха, км 94+664 (замена водопропускной трубы) в Волчихинском районе",Краевое государственное казенное учреждение «Управление автомобильных дорог Алтайского края»,44-ФЗ аукцион,"7 688 890,00",10%,18.08.2026 03:00,20.10.2027,https://zakupki.gov.ru/epz/order/notice/ea20/view/common-info.html?regNumber=0817200000326012133,https://zakupki.kontur.ru/0817200000326012133,,не состоялась,одна заявка,1,"0,0%","7 688 890,00",АО «Юго-Западное Дсу Алтайского Края»,,,,,,"край Алтайский, (Приложение №6 Контракта)",одна заявка (Юго-Западное Дсу Алтайского Края)
0317300301926001161,06.08.2026,Мосты и ИССО,Алтайский край,Выполнение работ по строительству искусственного сооружения через р.Пивоварка возле здания №20 по ул.Силикатная в г.Барнауле,Комитет по Дорожному Хозяйству и Транспорту г. Барнаула,44-ФЗ аукцион,"65 388 405,87",30%,19.08.2026 04:00,02.07.2027,https://zakupki.gov.ru/epz/order/notice/ea20/view/common-info.html?regNumber=0317300301926001161,https://zakupki.kontur.ru/0317300301926001161,,не состоялась,одна заявка,1,"0,0%","65 388 405,87",ООО «Виарум»,,,,,,"край Алтайский, г.о. город Барнаул, искусственное сооружение через р.Пивоварка возле здания №20 по ул.Силикатная Адрес поставки из документов Алтайский край, р-н Шелаболихинский, с Иня Алтайский край, р-н Шелаболихинский Алтайский край, г Барнаул Алтайский край Сибирский Федеральный Округ Показать еще 1 место поставки Показать в документах",только одна заявка
20573-ТУ,06.08.2026,"Вода, тепло, газ, канализация",Новосибирская обл.,4.2.03.1 Сантехнические сети. Водоотведение. Европейский берег 00.7/ШК (EBG00.7/SK),Брусника,Коммерческая,"3 232 149,14",,16.09.2026 14:00,,https://srm.brusnika.ru/trades/119056204/info,https://zakupki.kontur.ru/IS68919000,,итог не внесён,,,,,,,,,,,,
0334100007526000084,06.08.2026,Мосты и ИССО,Иркутская обл. / Бурятия / Забайкалье,"Ремонт моста через р. Хулугайма на км 201+550 автомобильной дороги А-333 Култук – Монды - граница с Монголией, Республика Бурятия.",Федеральное казенное учреждение «Управление Автомобильной Магистрали Красноярск - Иркутск Федерального Дорожного Агентства»,44-ФЗ конкурс,"76 103 603,00",10%,24.08.2026 03:00,15.11.2028,https://zakupki.gov.ru/epz/order/notice/ok20/view/common-info.html?regNumber=0334100007526000084,https://zakupki.kontur.ru/0334100007526000084,,не состоялась,нет заявок,,,,,,,,,,"респ. Бурятия, км 201+550 автомобильной дороги А-333 Култук – Монды - граница с Монголией",нет допущенных
32616277463,10.08.2026,Электросети и освещение,Кемеровская обл. (Кузбасс),"Техническое перевооружение здания РП №31 п. Листвяги (РП-6кВ) Новокузнецкого РЭС, здания ПС №14 от ВЛ 6 кВ ф. 6-13-Р, ф. 6-14-Р ПС 35 кВ ""Южная"" (Ведомственная) п. Редаково (РП-6кВ) Новокузнецкого РЭС для нужд филиала ПАО «Россети Сибирь» - «Кузбассэнерго - РЭС»",Публичное акционерное общество «Россети Сибирь»,223-ФЗ,"186 625 627,13",,17.08.2026 10:00,,https://zakupki.gov.ru/epz/order/extendedsearch/results.html?searchString=32616277463,https://zakupki.kontur.ru/32616277463,,итог не внесён,,,"0,0%","186 617 300,00",ООО «Контур»,,,,,,"В соответствии техническим заданием (приложение № 1 к извещению о проведении запроса цен по результатам предварительного отбора в электронной форме) и проектом договора (приложение № 2 к извещению о проведении запроса цен по результатам предварительного отбора в электронной форме). Адрес поставки из документов Кемеровская область - Кузбасс, г Новокузнецк Кемеровская область - Кузбасс Сибирский Федеральный Округ Показать в документах","0%
Контур"
0351300079626000079,10.08.2026,Мосты и ИССО,Новосибирская обл.,Выполнение работ по ремонту лестниц и лестничных маршей в Центральном округе города Новосибирска.,Муниципальное казенное учреждение г. Новосибирска «Дорожно-Эксплуатационное Учреждение №1»,44-ФЗ аукцион,"1 723 563,81",,19.08.2026 04:00,,https://zakupki.gov.ru/epz/order/notice/ea20/view/common-info.html?regNumber=0351300079626000079,https://zakupki.kontur.ru/0351300079626000079,,отменена,,,,,,,,,,,"обл. Новосибирская, г.о. город Новосибирск, г. Новосибирск, ул. Советская, 58; ул. Кропоткина, 109; ул. Красный проспект, 3; ул. Красный проспект, 3 (три ступени); ул. Кубовая, 108; ул. Депутатская, 60.",
32616277987,10.08.2026,"Вода, тепло, газ, канализация",Новосибирская обл.,Выполнение работ по текущему ремонту теплотрассы для нужд ФГБОУ ВО Университета биотехнологий,Федеральное государственное бюджетное Образовательное учреждение Высшего Образования «Сибирский Государственный Университет Инженерии и Биотехнологий»,223-ФЗ,"3 473 588,82",,19.08.2026 08:00,,https://zakupki.gov.ru/epz/order/extendedsearch/results.html?searchString=32616277987,https://zakupki.kontur.ru/32616277987,,итог не внесён,,4,"16,5%","2 900 446,66",,,,,,,"Согласно закупочной документации Адрес поставки из документов Новосибирская область, г Новосибирск Новосибирская область Сибирский Федеральный Округ Показать в документах","-16,50%"
430,11.08.2026,Мосты и ИССО,Новосибирская обл.,Тендер на ремонт подпорной стены погрузочной зоны,Общество с ограниченной ответственностью Тепличный комбинат «Новосибирский»,Коммерческая,,,18.08.2026 08:00,,https://gorkunov.com/company/nsk/tenders/tendery_430.html,https://zakupki.kontur.ru/IS69426727,,итог не внесён,,,,,,,,,,,"Новосибирская область, Новосибирский район, с. Толмачево, ул. Советская, д.140",
0851200000626005333,11.08.2026,Электросети и освещение,Новосибирская обл.,"Устройство уличного освещения на территории общественного пространства по адресу: Российская Федерация, Новосибирская область, Мошковский район, рабочий поселок Станционно – Ояшинский, улица 30 лет ВЛКСМ",Администрация рабочего поселка Станционно-Ояшинский Мошковского района Новосибирской обл.,44-ФЗ аукцион,"4 523 346,92",,19.08.2026 04:00,,https://zakupki.gov.ru/epz/order/notice/ea20/view/common-info.html?regNumber=0851200000626005333,https://zakupki.kontur.ru/0851200000626005333,,заключен,,4,"22,5%","3 505 594,07",ООО «Роуд Билдинг»,,,,,,"обл. Новосибирская, м.р-н Мошковский, г.п. рабочий поселок Станционно-Ояшинский, рп. Станционно-Ояшинский, ул. 30 лет ВЛКСМ","-22,5%
Роуд Билдинг"
0317300301926001180,11.08.2026,Мосты и ИССО,Алтайский край,Выполнение работ по капитальному ремонту пешеходного моста через р.Пивоварку по ул.Восточной,Комитет по Дорожному Хозяйству и Транспорту г. Барнаула,44-ФЗ аукцион,"3 627 538,84",,20.08.2026 04:00,30.11.2026,https://zakupki.gov.ru/epz/order/notice/ea20/view/common-info.html?regNumber=0317300301926001180,https://zakupki.kontur.ru/0317300301926001180,,не состоялась,одна заявка,1,"0,0%","3 627 538,84",ООО «Мостик»,,,,,,"край Алтайский, г.о. город Барнаул, г. Барнаул, пешеходный мост через р.Пивоварку по ул.Восточной",один участник
32616281479,11.08.2026,"Вода, тепло, газ, канализация",Прочие регионы,"Выполнение работ по разработке проектной, рабочей, сметной документации и строительно-монтажные работы по объекту: Реконструкция участка теплотрассы от теплофикационной камеры К-4 до теплофикационной камеры К-11а по ул. Иванова входящей в состав объекта «Теплотрасса от узла 4 до объектов 189-107,107а,106-93,(Строителей пр.)» с инвентарным номером 123300862",Федеральное государственное унитарное предприятие «Управление Энергетики и Водоснабжения»,223-ФЗ,"12 491 500,00",,27.08.2026 04:00,,https://zakupki.gov.ru/epz/order/extendedsearch/results.html?searchString=32616281479,https://zakupki.kontur.ru/32616281479,,не состоялась,одна заявка,1,,,,,,,,,в соответствии с разделом IV «Техническое задание» документации о закупке.,один участник
АП122409,12.08.2026,"Вода, тепло, газ, канализация",Прочие регионы,"Закупка укрытий железобетонных 16.23 для нужд ООО ""Газпромнефть-Снабжение""",Общество с ограниченной ответственностью «Газпромнефть - Снабжение»,Коммерческая,,,24.08.2026 10:00,,https://etpgpb.ru/procedure/tender/etp/1279768,https://zakupki.kontur.ru/AP122409,,итог не внесён,,,,,,,,,,,"Согласно закупочной документации. Количество, объем Согласно закупочной документации. Условия оплаты и поставки В соответствии с проектом договора",
0139200000126009885,13.08.2026,Дороги,Кемеровская обл. (Кузбасс),Выполнение работ по ремонту автомобильной дороги Топки - Верх-Падунский км 8 - 10,Государственное казенное учреждение «Дирекция Автомобильных Дорог Кузбасса»,44-ФЗ аукцион,"64 506 689,20",,26.08.2026 03:00,09.12.2026,https://zakupki.gov.ru/epz/order/notice/ea20/view/common-info.html?regNumber=0139200000126009885,https://zakupki.kontur.ru/0139200000126009885,,заключен,,7,"40,5%","38 381 479,75",ООО «Арт РемСтрой»,,,,,,"обл. Кемеровская область - Кузбасс, Автомобильная дорога Топки - Верх-Падунский км 8 - 10","-40,5%
Арт РемСтрой"
0851300000126000261,14.08.2026,Благоустройство и озеленение,Новосибирская обл.,Благоустройство общественной территории в районе ООТ «Дюны» в городе Бердск Новосибирской области (зона активного отдыха),Муниципальное казенное учреждение «Управление жилищно-коммунального хозяйства» г.Бердска,44-ФЗ аукцион,"17 248 381,68",1%,24.08.2026 04:00,01.06.2028,https://zakupki.gov.ru/epz/order/notice/ea20/view/common-info.html?regNumber=0851300000126000261,https://zakupki.kontur.ru/0851300000126000261,,заключен,,6,"33,5%","11 470 173,73",ООО СК «Сибазстрой»,,,,,,"обл. Новосибирская, г.о. город Бердск, г. Бердск, ул. Морская (в районе ООТ «Дюны»)","-33,5%
ООО СК «Сибазстрой»"
0351300298626000109,14.08.2026,Электросети и освещение,Новосибирская обл.,"Выполнение работ по устройству линий наружного освещения по объекту «Проектируемая ЛЭП-0,4кВ от опоры ВЛ-0,4 кВ для электроснабжения линии наружного освещения по ул. Танкистов и ул. Связистов».",Муниципальное бюджетное учреждение г. Новосибирска «Городской Центр Организации Дорожного Движения»,44-ФЗ аукцион,"9 844 559,02",,26.08.2026 04:00,,https://zakupki.gov.ru/epz/order/notice/ea20/view/common-info.html?regNumber=0351300298626000109,https://zakupki.kontur.ru/0351300298626000109,,заключен,,7,"34,0%","6 497 408,67",ООО «Альфа-Энерго»,,,,,,"обл. Новосибирская, г.о. город Новосибирск, г. Новосибирск, ул. Танкистов и ул. Связистов","-34%
Альфа-Энерго"
АП122555,14.08.2026,Мосты и ИССО,Прочие регионы,Выполнение работ по «Реконструкция части автомобильной дороги на КП №3 Западно-Усть-Балыкского (мостовой переход через протоку Андрюшкина)»,Общество с ограниченной ответственностью «Газпромнефть - Снабжение»,Коммерческая,,,26.08.2026 10:30,,https://etpgpb.ru/procedure/tender/etp/1280800,https://zakupki.kontur.ru/AP122555,,идёт приём,,,,,,,,,,,"Согласно закупочной документации. Количество, объем Согласно закупочной документации. Условия оплаты и поставки В соответствии с проектом договора",
0351100008926000164,14.08.2026,Электросети и освещение,Республика Алтай,"Выполнение работ по объекту: «Расходы на мероприятия по повышению уровня обустройства автомобильных дорог федерального значения. Устройство стационарного электрического освещения на автомобильной дороге Р-256 «Чуйский тракт» Новосибирск – Барнаул – Горно-Алтайск – граница с Монголией на участках км 633+610 – км 634+482, км 639+251 – км 640+504 (с. Онгудай), км 672+555 – км 672+853, км 675+353 – км 675+690 (с. Купчегень), км 735+256 – км 735+356, км 737+097 – км 737+197 (с. Йодро), км 740+839 – км 741+255 (с. Белый Бом), км 788+204 – км 788+895, км 791+600 – км 791+721 (с. Акташ), км 888+686 – км 890+000, км 894+386 – км 894+519 (с. Кош-Агач), Республика Алтай»",Федеральное казенное учреждение «Федеральное управление автомобильных дорог «Сибирь» Федерального дорожного агентства»,44-ФЗ конкурс,"69 134 315,00",10%,07.09.2026 05:00,09.12.2026,https://zakupki.gov.ru/epz/order/notice/ok20/view/common-info.html?regNumber=0351100008926000164,https://zakupki.kontur.ru/0351100008926000164,,заключен,,2,"4,0%","66 368 900,00",ПАО «Ростелеком»,,,,,,"респ. Алтай, автомобильная дорога Р-256 «Чуйский тракт» Новосибирск – Барнаул – Горно-Алтайск – граница с Монголией на участках км 633+610 – км 634+482, км 639+251 – км 640+504 (с. Онгудай), км 672+555 – км 672+853, км 675+353 – км 675+690 (с. Купчегень), км 735+256 – км 735+356, км 737+097 – км 737+197 (с. Йодро), км 740+839 – км 741+255 (с. Белый Бом), км 788+204 – км 788+895, км 791+600 – км 791+721 (с. Акташ), км 888+686 – км 890+000, км 894+386 – км 894+519 (с. Кош-Агач). Показать полностью","-4%
Ростелеком"
3355424,17.08.2026,Мосты и ИССО,Алтайский край,"Выполнение работ по строительству подъездных путей, подпорных стен, пандуса и фундаментов галереи для пневматической системы транспортировки сыпучих ингредиентов, по адресу: проспект Космонавтов 12Д, на действующем предприятии АО ПО ""АШК"" г. Барнаул",Акционерное общество «Производственное Объединение «Алтайский Шинный Комбинат»,Коммерческая,,,21.08.2026 00:00,,https://nortec-tyres.com/tenders/stroitelnye_raboty/3355424,https://zakupki.kontur.ru/IS70060859,,итог не внесён,,,,,,,,,,,г. Барнаул,
0151300050426000029,17.08.2026,Мосты и ИССО,Новосибирская обл.,Ремонт автомобильного моста через реку Уй в д.Орловка Кыштовского района Новосибирской области,Администрация Орловского сельсовета Кыштовского района Новосибирской обл.,44-ФЗ котировки,"2 500 000,00",,24.08.2026 04:00,10.12.2026,https://zakupki.gov.ru/epz/order/notice/zk20/view/common-info.html?regNumber=0151300050426000029,https://zakupki.kontur.ru/0151300050426000029,,не состоялась,одна заявка,1,"2,0%","2 450 000,00",Лутошкин Олег Геннадьевич,,,,,,"обл. Новосибирская, м.р-н Кыштовский, с.п. Орловский сельсовет, д. Орловка, объездная дорога через реку Уй, мостовое сооружение",один участник
0334100007526000093,17.08.2026,Мосты и ИССО,Иркутская обл. / Бурятия / Забайкалье,"Ремонт моста через ручей Бермякино на км 548+900 автомобильной дороги А-331 «Вилюй» Тулун – Братск – Усть-Кут – Мирный – Якутск, Иркутская область",Федеральное казенное учреждение «Управление Автомобильной Магистрали Красноярск - Иркутск Федерального Дорожного Агентства»,44-ФЗ конкурс,"153 721 760,00",,03.09.2026 03:00,15.12.2027,https://zakupki.gov.ru/epz/order/notice/ok20/view/common-info.html?regNumber=0334100007526000093,https://zakupki.kontur.ru/0334100007526000093,,не состоялась,одна заявка,1,"0,0%","153 721 000,00",ООО «Дк Клевер»,,,,,,"обл Иркутская, автомобильная дорога общего пользования федерального значения А-331 «Вилюй» Тулун – Братск – Усть-Кут – Мирный – Якутск, Иркутская область, Усть-Кутский район",один участник
0334100007526000095,17.08.2026,"Вода, тепло, газ, канализация",Иркутская обл. / Бурятия / Забайкалье,"Ремонт водопропускной трубы на км 775+292 автомобильной дороги Р-258 «Байкал» Иркутск – Улан-Удэ – Чита, Забайкальский край (санация труб).",Федеральное казенное учреждение «Управление Автомобильной Магистрали Красноярск - Иркутск Федерального Дорожного Агентства»,44-ФЗ конкурс,"19 290 771,00",10%,07.09.2026 03:00,30.10.2027,https://zakupki.gov.ru/epz/order/notice/ok20/view/common-info.html?regNumber=0334100007526000095,https://zakupki.kontur.ru/0334100007526000095,,не состоялась,одна заявка,1,"0,5%","19 190 771,00",ООО «Рмс»,,,,,,"край Забайкальский, автомобильная дорога Р-258 ""Байкал"" Иркутск - Улан-Удэ - Чита, км 775+292",один участник
0351300107026000140,18.08.2026,Мосты и ИССО,Новосибирская обл.,Выполнение работ по устройству противоскользящего покрытия,Муниципальное казенное учреждение г. Новосибирска «Гормост»,44-ФЗ котировки,"1 350 000,00",,25.08.2026 04:00,05.10.2026,https://zakupki.gov.ru/epz/order/notice/zk20/view/common-info.html?regNumber=0351300107026000140,https://zakupki.kontur.ru/0351300107026000140,,заключен,,,"0,0%","1 330 000,00",Дмитриев Михаил Владимирович Контракты,,,,,,"обл. Новосибирская, г.о. город Новосибирск, г. Новосибирск, пандусы у дома по ул. Красный проспект, 81; между домами Красный проспект, 83 и 85; у дома Красный проспект, 85; у дома Красный проспект, 87.","0%
Дмитриев Михаил"
0819300038026000266,18.08.2026,Мосты и ИССО,Красноярский край / Хакасия / Тыва,Строительство универсального спортивного зала с искусственным льдом и трибунами для зрителей (наружная металлическая лестница в осях 10-11/Б-В),Муниципальное казённое учреждение «Служба единого заказчика-застройщика»,44-ФЗ аукцион,"2 266 868,02",,26.08.2026 05:00,30.12.2026,https://zakupki.gov.ru/epz/order/notice/ea20/view/common-info.html?regNumber=0819300038026000266,https://zakupki.kontur.ru/0819300038026000266,,не состоялась,одна заявка,1,"0,0%","2 266 868,02",ООО «К7»,,,,,,"край Красноярский, г.о. ЗАТО город Зеленогорск, г. Зеленогорск, На территории ЗАТО г. Зеленогорск Красноярского края",один участник (К7)
0151300052526000011,18.08.2026,Мосты и ИССО,Новосибирская обл.,Выполнение работ по укреплению откосов насыпи по ул. Ватутина в с.Толмачево Новосибирского района Новосибирской области,Администрация Толмачевского сельсовета Новосибирского района Новосибирской обл.,44-ФЗ аукцион,"2 342 273,56",,26.08.2026 04:00,31.12.2026,https://zakupki.gov.ru/epz/order/notice/ea20/view/common-info.html?regNumber=0151300052526000011,https://zakupki.kontur.ru/0151300052526000011,,заключен,,3,"25,5%","1 744 993,69",ООО «Атлант-Строй»,,,,,,"обл. Новосибирская, Новосибирский район, с.Толмачево, ул. Ватутина (по согласованию с Заказчиком).","-22,5%
Атлант-Строй"
0851200000626005489,18.08.2026,"Вода, тепло, газ, канализация",Новосибирская обл.,"Выполнение работ по капитальному ремонту теплотрассы и горячего водоснабжения прачечной ГБУЗ НСО ""КРД № 6"", Новосибирск, Вертковская, 5",Государственное бюджетное учреждение Здравоохранения Новосибирской обл. «Клинический Родильный Дом № 6»,44-ФЗ аукцион,"1 686 862,83",,26.08.2026 04:00,13.11.2026,https://zakupki.gov.ru/epz/order/notice/ea20/view/common-info.html?regNumber=0851200000626005489,https://zakupki.kontur.ru/0851200000626005489,,итог не внесён,,,,,,,,,,,"обл. Новосибирская, г.о. город Новосибирск, г. Новосибирск, ул. Вертковская, д. 5, территория стационара",
0817200000326012757,19.08.2026,Электросети и освещение,Алтайский край,Выполнение работ по содержанию автомобильных дорог в Алтайском крае (установка освещения),Краевое государственное казенное учреждение «Управление автомобильных дорог Алтайского края»,44-ФЗ аукцион,"16 905 624,00",,27.08.2026 03:00,18.11.2026,https://zakupki.gov.ru/epz/order/notice/ea20/view/common-info.html?regNumber=0817200000326012757,https://zakupki.kontur.ru/0817200000326012757,,не состоялась,одна заявка,1,"0,0%","16 905 624,00",ООО СК «Электромонтаж-Алтай»,,,,,,"край Алтайский, (приложение №6 к Контракту) Адрес поставки из документов Алтайский край, р-н Шипуновский, п Первомайский Алтайский край, р-н Первомайский, с Первомайское Алтайский край, р-н Первомайский Алтайский край, р-н Шипуновский Алтайский край, р-н Бийский Алтайский край Сибирский Федеральный Округ Показать еще 3 места поставки Показать в документах",один участник (Электромонтаж-Алтай)
0151300051426000009,19.08.2026,Дороги,Новосибирская обл.,Ремонт автомобильной дороги ул. Болотная п. Бибиха Новосибирского района,Администрация Кубовинского сельсовета Новосибирского района Новосибирской обл.,44-ФЗ аукцион,"4 953 292,31",,27.08.2026 03:00,31.12.2026,https://zakupki.gov.ru/epz/order/notice/ea20/view/common-info.html?regNumber=0151300051426000009,https://zakupki.kontur.ru/0151300051426000009,,заключен,,5,"22,0%","3 863 567,63",ООО «Тэ-13 Групп»,,,,,,"обл. Новосибирская, м.р-н Новосибирский, с.п. Кубовинский сельсовет, п. Бибиха, ул. Болотная","-22%
Тэ-13 Групп"
0851200000626005522,19.08.2026,"Вода, тепло, газ, канализация",Новосибирская обл.,Выполнение работ по завершению строительства объекта: «Строительство комплекса объектов системы водоснабжения в г. Татарске Татарского района Новосибирской области»,Администрация Татарского Муниципального Округа Новосибирской обл.,44-ФЗ аукцион,"306 576 599,67",10%,27.08.2026 04:00,31.12.2026,https://zakupki.gov.ru/epz/order/notice/ea20/view/common-info.html?regNumber=0851200000626005522,https://zakupki.kontur.ru/0851200000626005522,,не состоялась,нет заявок,,,,,,,,,,"обл. Новосибирская, м.о. Татарский, г. Татарск, ул. Чапаева, 28а, ул. Зеленая, 2е.",нет допущенных
AVT19082600001,19.08.2026,Мосты и ИССО,Москва и МО,"Закупка с оценкой на выполнение комплекса работ и оказание услуг по разделам: Съезды № 2.1, № 2.3, № 2.4, в том числе: подготовительные работы, основные объекты строительства: ""Подпорные стены, Шумозащитные экраны"", организация дорожного движения на период эксплуатации, наружные сети и сооружения водоснабжения, водоотведения. Путепровод на съезде 2.1 в полном объёме. Реконструкция участка А-104 ""Москва-Дмитров-Дубна"", в том числе: подготовительные работы, наружные сети и сооружения водоснабжения, водоотведения, организация дорожного движения на период эксплуатации. Прочие работы и затраты, в том числе: разработка рабочей документации, комплекс земельно-кадастровых работ, работы по обследованию территории на предмет наличия взрывоопасных объектов по объекту """"Строительство транспортной развязки на пересечении А-113 Строящейся Центральной кольцевой автомобильной дороги (Московская область) и Дмитровского шоссе (Транспортная развязка №20 Пускового комплекса № 3) Этапы 1 - 2. Основной объект"". Этап 2"", в части выполнения работ по Устройству рабочей платформы, Усиление основания грудоцементными сваями, Армогрунтовая подпорная стена ПС-4.1, Армогрунтовая подпорная стена ПС-4.2, Путепровод на съезде 2.1 (Подготовка территории строительства, Организация дорожного движения на период строительства), Путепровод через а/д А-104 ""Дмитровское шоссе"", Площадка для организации строительства съезда с путепровода, Разработка рабочей документации",Общество с ограниченной ответственностью «Строительная Компания «Автодор»,Коммерческая,"507 647 607,36",,28.08.2026 10:00,,https://etp-avtodor.ru/trade/AVT19082600001,https://zakupki.kontur.ru/IS70357255,,итог не внесён,,,,,,,,,,,Московская область,
0351300107026000141,19.08.2026,Мосты и ИССО,Новосибирская обл.,Оказание услуг по замене отсутствующих и поврежденных элементов остекления лифтовых павильонов на объекте: Пешеходный переход через дамбу Октябрьского моста (ост. Метро Спортивная),Муниципальное казенное учреждение г. Новосибирска «Гормост»,44-ФЗ котировки,"350 000,00",,24.09.2026 04:00,05.10.2026,https://zakupki.gov.ru/epz/order/notice/zk20/view/common-info.html?regNumber=0351300107026000141,https://zakupki.kontur.ru/0351300107026000141,,не состоялась,нет заявок,,,,,,,,,,"обл. Новосибирская, г.о. город Новосибирск, г. Новосибирск, Новосибирская область, г. Новосибирск, пешеходный переход через дамбу Октябрьского моста (ост. Метро Спортивная).",нет допущенных
32616307697,20.08.2026,Электросети и освещение,Москва и МО,"Определение подрядчика на выполнение ПИР, СМР, ПНР полным иждивением Подрядчика по титулу: Строительство ТП-10/0,4кВ с тр-ми 2х630кВА, 4КЛ-10кВ от КЛ направлением ТП-10/0,4кВ № 10924 – ТП-10/0,4кВ № 10923 до сооруж. ТП-10/0,4кВ, 4КЛ-0,4кВ от сооруж. ТП-10/0,4кВ до ГРЩ-0,4кВ № 1,2 Заявителя, в т.ч. ПИР: г.Москва, Воробьёвская набережная у съезда с Сетуньского моста, Причал ""Сетунь"" для нужд МКС - филиала ПАО «Россети Московский регион»",Публичное акционерное общество «Россети Московский Регион»,223-ФЗ,"96 896 096,84",,28.08.2026 11:00,,https://zakupki.gov.ru/epz/order/extendedsearch/results.html?searchString=32616307697,https://zakupki.kontur.ru/32616307697,,отменена,,1,,,,,,,,,В соответствии с документацией,
32616307729,20.08.2026,Электросети и освещение,Москва и МО,"Определение подрядчика на выполнение ПИР, СМР, ПНР полным иждивением Подрядчика по титулу: Реконструкция 2КЛ-10кВ направлением РП-10кВ № 12064 с.1 – ПС 110/35/10/6кВ № 12 Карачарово, РП-10кВ № 11192 с.2 – ПС 110/35/10/6кВ № 12 Карачарово, 2КЛ-6 кВ направлением РП-6кВ № 318 с.1 – ПС 110/35/10/6кВ № 12 Карачарово, РП-6кВ № 2910 с.2 – ПС 110/35/10/6кВ № 12 Карачарово (переустройство линии с изменением трассы прокладки) для освобождения земельного участка заявителя, в т.ч. ПИР: г.Москва, Рязанский пр-кт, д.2, стр.4 для нужд МКС - филиала ПАО «Россети Московский регион»",Публичное акционерное общество «Россети Московский Регион»,223-ФЗ,"121 446 543,28",,28.08.2026 11:00,,https://zakupki.gov.ru/epz/order/extendedsearch/results.html?searchString=32616307729,https://zakupki.kontur.ru/32616307729,,заключен,,2,"0,1%","121 325 096,74",№,,,,,,В соответствии с документацией,"-0,10%"
32616307598,20.08.2026,"Вода, тепло, газ, канализация",Новосибирская обл.,"Выполнение строительно-монтажных работ на объекте: «Здание корпуса для МБОУ Лицей №113 по ул. Бориса Богаткова, 241/1 в Дзержинском районе.» Технологическое присоединение к централизованной системе водоотведения сточных вод»",Муниципальное предприятие г. Новосибирска «Модернизация и Развитие Транспортной Инфраструктуры»,223-ФЗ,"12 753 540,00",,28.08.2026 06:00,,https://zakupki.gov.ru/epz/order/extendedsearch/results.html?searchString=32616307598,https://zakupki.kontur.ru/32616307598,,не состоялась,одна заявка,2,"0,5%","212 689 772,29",,,,,,,"г. Новосибирск, Дзержинский район, ул. Бориса Богаткова, 241/1.",один участник
0851200000626005572,20.08.2026,Мосты и ИССО,Новосибирская обл.,"Выполнение работ по содержанию мостов в Новосибирском, Мошковском районах Новосибирской области (восстановление поврежденных элементов мостовых сооружений)",Государственное казенное учреждение Новосибирской обл. «Территориальное управление автомобильных дорог Новосибирской области»,44-ФЗ аукцион,"5 471 385,36",,28.08.2026 04:00,24.11.2026,https://zakupki.gov.ru/epz/order/notice/ea20/view/common-info.html?regNumber=0851200000626005572,https://zakupki.kontur.ru/0851200000626005572,,заключен,,2,"11,0%","4 869 532,90",ООО Иск «Ка-Строй»,,,,,,"обл. Новосибирская, - Мост через реку Иня на 35 км а/д ""Новосибирск - Ленинск-Кузнецкий (в границах НСО)"" в Новосибирском районе Новосибирской области (Объект №1); - Эстакада ""Барышево-Орловка-Кольцово"" в Новосибирском районе Новосибирской области (Объект №2); - Мост через р. Балта на 2 км а/д ""90 км а/д ""Р-255""- Балта"" в Мошковском районе Новосибирской области (Объект №3). Показать полностью","-11,5% Иск «Ка-Строй»"
0151300046126000013,20.08.2026,Дороги,Новосибирская обл.,"Выполнение работ по устройству тротуара от ул. Октябрьская, д. 90 до мкр. Заречный с.Криводановка",Администрация Криводановского сельсовета Новосибирского района Новосибирской обл.,44-ФЗ аукцион,"3 353 153,79",,28.08.2026 04:00,31.12.2026,https://zakupki.gov.ru/epz/order/notice/ea20/view/common-info.html?regNumber=0151300046126000013,https://zakupki.kontur.ru/0151300046126000013,,заключен,,11,"35,5%","2 161 784,12",ООО «СК Дилижан»,,,,,,"обл. Новосибирская, Новосибирский район, с.Криводановка, от ул. Октябрьская, д. 90 до мкр. Заречный","-35,5%
СК Дилижан"
32616306989,20.08.2026,Барьеры / БДД / ограждения,Иркутская обл. / Бурятия / Забайкалье,"Выполнение строительно-монтажных работ по объекту: ""НАРУЖНОЕ ОГРАЖДЕНИЕ НОВО-ИРКУТСКОЙ ТЭЦ (инв. №ИЭ1720351634). Модернизация. Реализация мероприятий по охране и антитеррористической защищенности объектов НИ ТЭЦ (3 этап)""",Общество с ограниченной ответственностью «Байкальская Энергетическая Компания»,223-ФЗ,"4 862 747,00",,15.09.2026 12:00,,https://zakupki.gov.ru/epz/order/extendedsearch/results.html?searchString=32616306989,https://zakupki.kontur.ru/32616306989,,отменена,,,,,,,,,,,"В соответствии с требованиями закупочной документации Адрес поставки из документов Иркутская область, г Иркутск Иркутская область Сибирский Федеральный Округ Показать в документах",
0139200000126010217,20.08.2026,Мосты и ИССО,Кемеровская обл. (Кузбасс),"Выполнение работ по капитальному ремонту моста через р. Кинерка на автомобильной дороге Бийск – Мартыново – Кузедеево – Новокузнецк, км 218+324.",Государственное казенное учреждение «Дирекция Автомобильных Дорог Кузбасса»,44-ФЗ аукцион,"299 938 439,10",,03.09.2026 03:00,10.02.2028,https://zakupki.gov.ru/epz/order/notice/ea20/view/common-info.html?regNumber=0139200000126010217,https://zakupki.kontur.ru/0139200000126010217,,не состоялась,один допущенный,2,"0,0%","299 938 439,10",АО «Кемеровоспецстрой»,,,,,,"обл. Кемеровская область - Кузбасс, Новокузнецкий муниципальный округ, автомобильная дорога III категории Бийск – Мартыново – Кузедеево – Новокузнецк, мост через р. Кинерка на км 218+324. Протяженность участка работ 163,40 пог. м. Показать полностью",Один допущенный
B2108261328551,21.08.2026,"Вода, тепло, газ, канализация",Москва и МО,"Выполнение работ по переустройству и строительству дождевой канализации методом шнекового бурения с применением металлических труб D720мм - D1020мм 3 этап на объекте: ""Реконструкция Каширского шоссе на участке км 0 - км 4,4 в Ленинском районе""",Акционерное общество «Стройтрансгаз»,Коммерческая,"95 987 582,74",,03.09.2026 09:40,,https://www.roseltorg.ru/procedure/B2108261328551?utm_source=kontur_zakupki&utm_medium=referral&utm_campaign=etp&utm_referrer=https%253A%252F%252Fzakupki.kontur.ru,https://zakupki.kontur.ru/IS70734369,,итог не внесён,,,,,,,,,,,"Россия, Московская обл, г Видное, тер Каширское шоссе",
0351100008926000167,21.08.2026,Электросети и освещение,Новосибирская обл.,"Установка стационарного электрического освещения на транспортной развязке км 42+400 автомобильной дороги общего пользования федерального значения Р-254 ""Иртыш"" Челябинск - Курган - Омск - Новосибирск, северный обход г. Новосибирска, Новосибирская область",Федеральное казенное учреждение «Федеральное управление автомобильных дорог «Сибирь» Федерального дорожного агентства»,44-ФЗ конкурс,"31 170 069,00",,07.09.2026 05:00,09.12.2027,https://zakupki.gov.ru/epz/order/notice/ok20/view/common-info.html?regNumber=0351100008926000167,https://zakupki.kontur.ru/0351100008926000167,,заключен,,8,"11,8%","27 478 000,00",ООО «Спецстроймонтаж»,,,,,,"обл. Новосибирская, км 42+400 автомобильной дороги общего пользования федерального значения Р-254 ""Иртыш"" Челябинск - Курган - Омск - Новосибирск, северный обход г. Новосибирска.","-11,8%
Спецстроймонтаж"
0351100008926000170,21.08.2026,Мосты и ИССО,Республика Алтай,"Выполнение работ по ремонту моста через реку Белая на км 296+457 автомобильной дороги Р-256 «Чуйский тракт» Новосибирск - Барнаул – Горно-Алтайск – граница с Монголией, Алтайский край",Федеральное казенное учреждение «Федеральное управление автомобильных дорог «Сибирь» Федерального дорожного агентства»,44-ФЗ конкурс,"87 820 103,00",20%,09.09.2026 05:00,02.12.2027,https://zakupki.gov.ru/epz/order/notice/ok20/view/common-info.html?regNumber=0351100008926000170,https://zakupki.kontur.ru/0351100008926000170,,не состоялась,одна заявка,1,"0,0%","87 820 103,00",ООО «Новые Дороги»,,,,,,"край Алтайский, мост через реку Белая на км 296+457 автомобильной дороги Р-256 «Чуйский тракт» Новосибирск - Барнаул – Горно-Алтайск – граница с Монголией.",один участник
32616316273,24.08.2026,Поставка товаров / IT,Новосибирская обл.,Поставка аппарата для чистки наконечников,Государственное автономное учреждение Здравоохранения Новосибирской обл. «Клиническая Стоматологическая Поликлиника № 1»,223-ФЗ,"474 000,00",,28.08.2026 08:00,,https://zakupki.gov.ru/223/purchase/public/purchase/info/common-info.html?regNumber=32616316273,https://zakupki.kontur.ru/32616316273,,итог не внесён,,,,,,,,,,,"Новосибирская обл, 630078 г. Новосибирск ул. Котовского 5/3;7",
32616315551,24.08.2026,Мосты и ИССО,Красноярский край / Хакасия / Тыва,"№ 642-223/26на выполнение работ по устройству земляных откосов (с применением противоэрозионного армированного геомата) модульного здания, в рамках капитального ремонта, для нужд ФГБУ ФСНКЦ ФМБА России, расположенного по адресу: г. Красноярск, ул. Коломенская, д. 26, стр. 10",Федеральное государственное бюджетное учреждение «Федеральный Сибирский Научно-Клинический Центр Федерального Медико-Биологического Агентства»,223-ФЗ,"1 533 813,67",,30.08.2026 00:00,,https://zakupki.gov.ru/epz/order/extendedsearch/results.html?searchString=32616315551,https://zakupki.kontur.ru/32616315551,,итог не внесён,,,"0,0%","1 533 813,67",,,,,,,"г. Красноярск, ул. Коломенская, д.26, стр.10",без снижения
32616316210,24.08.2026,Поставка товаров / IT,Новосибирская обл.,Поставка автомобильных чехлов на сиденья для служебных автомобилей для нужд филиала по Новосибирской области,Федеральное государственное унитарное предприятие «Охрана» Федеральной Службы Войск Национальной Гвардии Российской Федерации,223-ФЗ,"303 688,38",,31.08.2026 10:00,,https://zakupki.gov.ru/223/purchase/public/purchase/info/common-info.html?regNumber=32616316210,https://zakupki.kontur.ru/32616316210,,итог не внесён,,,,,,,,,,,"Новосибирская обл, В соответствии с Документацией",
0351300089026000120,24.08.2026,"Вода, тепло, газ, канализация",Новосибирская обл.,Выполнение работ по благоустройству газонов в г. Новосибирске на ул. Богдана Хмельницкого,Муниципальное казенное учреждение г. Новосибирска «Дорожно-эксплуатационное учреждение № 6»,44-ФЗ котировки,"583 499,09",,31.08.2026 06:00,31.12.2026,https://zakupki.gov.ru/epz/order/notice/zk20/view/common-info.html?regNumber=0351300089026000120,https://zakupki.kontur.ru/0351300089026000120,,заключен,,4,"24,8%","439 000,00",Керимов Аливан Илхам Оглы,,,,,,"обл. Новосибирская, г.о. город Новосибирск, ул. Богдана Хмельницкого вдоль домов № 10-10/1",
0351300107026000145,24.08.2026,Электросети и освещение,Новосибирская обл.,"Выполнение работ по оснащению категорированных объектов транспортной инфраструктуры инженерно-техническими средствами (системами) обеспечения транспортной безопасности: - Путепровод по ул. Ватутина у ТЦ ""МЕГА"" (наименование по технической документации - Мост по ул. Ватутина (у ТЦ ""МЕГА"") кадастровый номер 54:35:000000:43813; Путепровод через ул. Ватутина, входящий в состав мостового перехода ч/з р.Обь по Оловозаводскому створу в г. Новосибирске (наименование по технической документации - Мост по ул. Ватутина (3 мост)",Муниципальное казенное учреждение г. Новосибирска «Гормост»,44-ФЗ аукцион,"10 349 541,30",,01.09.2026 04:00,20.05.2027,https://zakupki.gov.ru/epz/order/notice/ea20/view/common-info.html?regNumber=0351300107026000145,https://zakupki.kontur.ru/0351300107026000145,,не состоялась,одна заявка,1,"0,0%","10 349 541,30",ООО «Эликом»,,,,,,"обл. Новосибирская, г.о. город Новосибирск, г. Новосибирск, 1. Путепровод по ул. Ватутина у ТЦ ""МЕГА"" (наименование по технической документации - Мост по ул. Ватутина (у ТЦ ""МЕГА"") кадастровый номер 54:35:000000:43813; 2. Путепровод через ул. Ватутина, входящий в состав мостового перехода ч/з р.Обь по Оловозаводскому створу в г. Новосибирске (наименование по технической документации - Мост по ул. Ватутина (3 мост) Показать полностью",один участник
0851200000626005641,24.08.2026,Барьеры / БДД / ограждения,Новосибирская обл.,Установка указателей улиц (столб с табличкой из АКП со светоотражающей пленкой и текстом (23 шт.) в с. Ленинское,Администрация Морского сельсовета Новосибирского района Новосибирской обл.,44-ФЗ аукцион,"793 626,00",,01.09.2026 04:00,,https://zakupki.gov.ru/epz/order/notice/ea20/view/common-info.html?regNumber=0851200000626005641,https://zakupki.kontur.ru/0851200000626005641,,итог не внесён,,,,,,,,,,,"Российская Федерация, обл. Новосибирская, м.р-н Новосибирский, с.п. Морской сельсовет, с. Ленинское, ул. Советская Российская Федерация, обл. Новосибирская, м.р-н Новосибирский, с.п. Морской сельсовет, с. Ленинское, ул. Молодежная Российская Федерация, обл. Новосибирская, м.р-н Новосибирский, с.п. Морской сельсовет, с. Ленинское, ул. Андреева Российская Федерация, обл. Новосибирская, м.р-н Новосибирский, с.п. Морской сельсовет, с. Ленинское, ул. Мичурина Российская Федерация, обл. Новосибирская, м.р-н Новосибирский, с.п. Морской сельсовет, с. Ленинское, ул. 50 лет Октября Российская Федерация, обл. Новосибирская, м.р-н Новосибирский, с.п. Морской сельсовет, с. Ленинское, ул. Ленина Российская Федерация, обл. Новосибирская, м.р-н Новосибирский, с.п. Морской сельсовет, с. Ленинское, ул. Панельная Российская Федерация, обл. Новосибирская, м.р-н Новосибирский, с.п. Морской сельсовет, с. Ленинское, ул. Кирова Российская Федерация, обл. Новосибирская, м.р-н Новосибирский, с.п. Морской сельсовет, с. Ленинское, ул. Раздольная Российская Федерация, обл. Новосибирская, м.р-н Новосибирский, с.п. Морской сельсовет, с. Ленинское, ул. Школьная Российская Федерация, обл. Новосибирская, м.р-н Новосибирский, с.п. Морской сельсовет, с. Ленинское, ул. 2-я Молодежная Показать полностью",
0351300298326000126,24.08.2026,"Вода, тепло, газ, канализация",Новосибирская обл.,Поставка и монтаж КНС на существующих очистных сооружениях с пусконаладочными работами в с.Березовка,Муниципальное казенное учреждение Новосибирского района Новосибирской обл. «Управляющая компания единого заказчика жилищно-коммунального хозяйства и строительства»,44-ФЗ аукцион,"5 643 710,25",,01.09.2026 04:00,31.12.2026,https://zakupki.gov.ru/epz/order/notice/ea20/view/common-info.html?regNumber=0351300298326000126,https://zakupki.kontur.ru/0351300298326000126,,заключен,,2,"2,5%","5 502 617,45",ООО «Композит Терминал»,,,,,,"обл. Новосибирская, м.р-н Новосибирский, с.п. Березовский сельсовет, п. Березовка, ул. Первомайская, в соответствии с контрактом",
32616315380,24.08.2026,Электросети и освещение,Новосибирская обл.,Выполнение строительно-монтажных и пусконаладочных работ по реконструкции РП-10 кВ №6001 в части замены масляных выключателей 10кВ на вакуумные,Акционерное общество «Региональные Электрические Сети»,223-ФЗ,"14 917 411,59",,01.09.2026 10:00,,https://zakupki.gov.ru/epz/order/extendedsearch/results.html?searchString=32616315380,https://zakupki.kontur.ru/32616315380,,заключен,,5,"20,1%","11 920 000,00",№,,,,,,Согласно закупочной документации,"-20,10%"
0351100013826000088,24.08.2026,"Вода, тепло, газ, канализация",Новосибирская обл.,"Текущий ремонт объекта: Здание (магазин и комбинат бытового обслуживания), по адресу: Новосибирская область, г. Новосибирск, проспект Строителей, д. 19, пом. 1 (огнезащитная обработка деревянных конструкций кровли)",Федеральное государственное бюджетное учреждение «Сибирское Отделение Российской Академии Наук»,44-ФЗ аукцион,"485 256,67",,04.09.2026 05:00,,https://zakupki.gov.ru/epz/order/notice/ea20/view/common-info.html?regNumber=0351100013826000088,https://zakupki.kontur.ru/0351100013826000088,,заключен,,7,"79,5%","99 460,23",ООО «Пожарный Эксперт»,,,,,,"обл. Новосибирская, г.о. город Новосибирск, г. Новосибирск, пр-кт Строителей, д. 19",
0351100013826000085,24.08.2026,"Здания, монолит, фундаменты",Новосибирская обл.,"Текущий ремонт объекта: Здание (детский сад) по адресу: Новосибирская обл., г. Новосибирск, проезд Цветной, дом 3 (огнезащитная обработка деревянных конструкций кровли)",Федеральное государственное бюджетное учреждение «Сибирское Отделение Российской Академии Наук»,44-ФЗ аукцион,"581 460,67",,04.09.2026 05:00,,https://zakupki.gov.ru/epz/order/notice/ea20/view/common-info.html?regNumber=0351100013826000085,https://zakupki.kontur.ru/0351100013826000085,,заключен,,6,"75,0%","145 341,40",ООО «Пожарный Эксперт»,,,,,,"обл. Новосибирская, г.о. город Новосибирск, г. Новосибирск, пр-д Цветной, д. 3",
0351100013826000087,24.08.2026,"Здания, монолит, фундаменты",Новосибирская обл.,"Текущий ремонт объекта: Нежилое здание (хозкорпус-кухня), по адресу: РФ, Новосибирская обл., г. Новосибирск, ул. Иванова, дом 31/6, пом. 1 (огнезащитная обработка деревянных конструкций кровли)",Федеральное государственное бюджетное учреждение «Сибирское Отделение Российской Академии Наук»,44-ФЗ аукцион,"281 843,00",,04.09.2026 05:00,,https://zakupki.gov.ru/epz/order/notice/ea20/view/common-info.html?regNumber=0351100013826000087,https://zakupki.kontur.ru/0351100013826000087,,заключен,,5,"71,5%","80 299,58",ООО «Пожарный Эксперт»,,,,,,"обл. Новосибирская, г.о. город Новосибирск, г. Новосибирск, ул. Иванова, д. 31/6",
0134200000126003759,24.08.2026,Мосты и ИССО,Иркутская обл. / Бурятия / Забайкалье,На выполнение работ по капитальному ремонту мостового перехода через р. Каалу на км 71+560 автомобильной дороги Таксимо - Бодайбо в Бодайбинском районе Иркутской области.,Областное государственное казенное учреждение «Дирекция по строительству и эксплуатации автомобильных дорог Иркутской области»,44-ФЗ аукцион,"85 886 580,00",30%,03.09.2026 04:00,15.09.2027,https://zakupki.gov.ru/epz/order/notice/ea20/view/common-info.html?regNumber=0134200000126003759,https://zakupki.kontur.ru/0134200000126003759,,не состоялась,нет заявок,0,,,,,,,,,"обл. Иркутская, Мостовой переход через р. Каалу на км 71+560 автомобильной дороги Таксимо – Бодайбо в Бодайбинском районе Иркутской области.",ни одной заявки
0139200000126010301,24.08.2026,Дороги,Кемеровская обл. (Кузбасс),"Оказание услуг по научно-техническому сопровождению инженерных изысканий и подготовки проектной документации на капитальный ремонт оползневого участка автомобильной дороги Бийск – Мартыново – Кузедеево – Новокузнецк, км 186 – 187+500 (в рамках капитального ремонта)",Государственное казенное учреждение «Дирекция Автомобильных Дорог Кузбасса»,44-ФЗ аукцион,"14 412 000,00",,04.09.2026 03:00,12.04.2028,https://zakupki.gov.ru/epz/order/notice/ea20/view/common-info.html?regNumber=0139200000126010301,https://zakupki.kontur.ru/0139200000126010301,,не состоялась,одна заявка,1,,,,,,,,,"обл. Кемеровская область - Кузбасс, 1. Место оказания услуг: По месту нахождения исполнителя с выездом для выполнения обследования оползневого участка автомобильной дороги Бийск – Мартыново – Кузедеево – Новокузнецк, км 186 – 187+500 и прилегающей к нему местности. 2. Месторасположение объекта: Новокузнецкий муниципальный округ, Кемеровская область – Кузбасс Показать полностью",нет допущенных
0251100003726000301,24.08.2026,Поставка товаров / IT,Новосибирская обл.,"Поставка технических средств реабилитации - специальных устройств для чтения ""говорящих книг"" на флэш-картах для обеспечения граждан в 2027 году",Отделение Фонда Пенсионного и Социального Страхования Российской Федерации по Новосибирской обл.,44-ФЗ аукцион,"5 550 000,00",,10.09.2026 05:00,,https://zakupki.gov.ru/epz/order/notice/ea20/view/common-info.html?regNumber=0251100003726000301,https://zakupki.kontur.ru/0251100003726000301,,итог не внесён,,,,,,,,,,,"Российская Федерация, обл. Новосибирская, г.о. город Новосибирск, г. Новосибирск, Место поставки товара: г. Новосибирск и Новосибирская область, по месту жительства Получателя или по месту нахождения пункта выдачи (при наличии) по выбору Получателя. Показать полностью",
5568039,24.08.2026,Поставка товаров / IT,Прочие регионы,Поставка сервера видеонаблюдения,"Организация, размещающая заказ Общество с ограниченной ответственностью «Аэрофинанс»",Коммерческая,"2 615 499,18",,24.09.2026 13:00,,https://fabrikant.ru/v2/trades/procedure/view/gl9Y33P6l12fzJJFEnrEsg,https://zakupki.kontur.ru/5568039,,итог не внесён,,,,,,,,,,,Код региона по ОКАТО:,
32616342757,04.09.2026,Электросети и освещение,Прочие регионы,Право заключения договора на выполнение работ по расчистке трасс ВЛ от ДКР для нужд филиала ПАО «Россети» – Нижегородское ПМЭС,Публичное акционерное общество «Федеральная Сетевая Компания - Россети»,223-ФЗ,"74 623 092,18",,08.09.2026 13:00,,https://zakupki.gov.ru/epz/order/extendedsearch/results.html?searchString=32616342757,https://zakupki.kontur.ru/32616342757,,заключен,,,"0,1%","74 518 092,18",№,,,,,,В соответствии с документацией о закупке,"-0,1"
0848300062726000297,04.09.2026,Дороги,Москва и МО,Выполнение работ по текущему ремонту :восстановление транспортно-эксплуатационных характеристик автомобильных дорог общего пользования местного значения на территории городского округа Мытищи Московской области (лот 1),Муниципальное казенное учреждение «Управление Транспорта и Дорожного Хозяйства Городского Округа Мытищи Московской Области»,44-ФЗ аукцион,"39 312 860,23",30%,09.09.2026 10:00,25.12.2026,https://zakupki.gov.ru/epz/order/notice/ea20/view/common-info.html?regNumber=0848300062726000297,https://zakupki.kontur.ru/0848300062726000297,,не состоялась,одна заявка,1,"0,0%","39 312 860,23",ООО «ДорСтрой-35»,,,,,,"обл. Московская, г.о. Мытищи, в соответствии с приложением 2 к Контракту (табл. 2.5)","только одна заявка
ДорСтрой-35"
0348200049726000273,04.09.2026,Дороги,Москва и МО,Выполнение работ по капитальному ремонту автомобильной дороги «п. ТЭЦ № 22 – МКАД» (на участках примыканий к ул.Ленина и ул.Энергетика) в городском округе Дзержинский Московской области,Государственное бюджетное учреждение Московской обл. «Мосавтодор»,44-ФЗ конкурс,"96 113 797,15",30%,14.09.2026 11:00,31.07.2028,https://zakupki.gov.ru/epz/order/notice/ok20/view/common-info.html?regNumber=0348200049726000273,https://zakupki.kontur.ru/0348200049726000273,,не состоялась,одна заявка,1,"0,0%","96 100 000,00",ООО «Мегаполис»,,,,,,"обл. Московская, г.о. Люберцы, , автомобильная дорог «п. ТЭЦ № 22 – МКАД» (на участках примыканий к ул.Ленина и ул.Энергетика)","только одна заявка
Мегаполис"
0348100042426000101,04.09.2026,Барьеры / БДД / ограждения,Москва и МО,"Установка металлического барьерного ограждения по оси проезжей части на участках км 158+862 – км 180+000, км 220+000 – км 229+000 автомобильной дороги общего пользования федерального значения М-9 «Балтия» Москва – Волоколамск – граница с Латвийской Республикой, Тверская область (лот 169)",Федеральное казенное учреждение «Федеральное Управление Автомобильных Дорог «Россия» Ордена Ленина Федерального Дорожного Агентства»,44-ФЗ конкурс,"61 279 757,00",,21.09.2026 07:00,31.12.2026,https://zakupki.gov.ru/epz/order/notice/ok20/view/common-info.html?regNumber=0348100042426000101,https://zakupki.kontur.ru/0348100042426000101,,заключен,,2,"21,7%","48 000 000,00",ООО «Дор Технологии»,,,,,,"обл. Тверская, Российская Федерация, Тверская область, М-9 «Балтия» Москва – Волоколамск – граница с Латвийской Республикой, км 158+862 – км 180+000, км 220+000 – км 229+000","-21,70%"
0848300069526000356,05.10.2026,Дороги,Москва и МО,Выполнение работ по текущему ремонту : работы по реконструкции тротуара на автомобильной дороге г. Зарайск подъезд к ЗСМ,"Муниципальное бюджетное учреждение «Благоустройство, Жилищно- Коммунальное Хозяйство и Дорожное Хозяйство Муниципального Округа Зарайск»",44-ФЗ аукцион,"3 239 131,78",,08.10.2026 10:00,,https://zakupki.gov.ru/epz/order/notice/ea20/view/common-info.html?regNumber=0848300069526000356,https://zakupki.kontur.ru/0848300069526000356,,идёт приём,,,,,,,,,,,"обл. Московская, м.о. Зарайск, (в соответствии с приложением 5 к Контракту)",
0848300053226000322,05.10.2026,Дороги,Москва и МО,"Выполнение работ по капитальному ремонту автомобильной дороги на объекте:г.о.Серпухов, ул. Водонапорная","Управление Дорожного Хозяйства, Транспортного Обслуживания Населения и Связи администрации Городского Округа Серпухов",44-ФЗ аукцион,"15 976 318,59",,08.10.2026 10:00,31.08.2027,https://zakupki.gov.ru/epz/order/notice/ea20/view/common-info.html?regNumber=0848300053226000322,https://zakupki.kontur.ru/0848300053226000322,,идёт приём,,,,,,,,,,,"обл. Московская, г.о. Серпухов, , ул. Водонапорная",
0848300060026000220,05.10.2026,Дороги,Москва и МО,Выполнение работ по текущему ремонту автомобильной дороги общего пользования местного значения муниципального округа Шатура,Муниципальное бюджетное учреждение «Служба Дорожного Хозяйства и Благоустройства Муниципального Округа Шатура»,44-ФЗ аукцион,"6 449 314,66",,08.10.2026 10:00,31.12.2026,https://zakupki.gov.ru/epz/order/notice/ea20/view/common-info.html?regNumber=0848300060026000220,https://zakupki.kontur.ru/0848300060026000220,,идёт приём,,,,,,,,,,,"обл. Московская, м.о. Шатура, , дер. Дуреевская",
0351300093426000135,05.10.2026,"Вода, тепло, газ, канализация",Новосибирская обл.,"Выполнение работ по сносу зеленых насаждений, замене газона, посадке саженцев на земельном участке улично-дорожной сети по Морскому проспекту в Советском районе г. Новосибирска",Муниципальное казенное учреждение г. Новосибирска «Дорожно-эксплуатационное учреждение Советского района»,44-ФЗ котировки,"3 188 917,11",,09.10.2026 06:00,31.12.2026,https://zakupki.gov.ru/epz/order/notice/zk20/view/common-info.html?regNumber=0351300093426000135,https://zakupki.kontur.ru/0351300093426000135,,идёт приём,,,,,,,,,,,"обл. Новосибирская, г.о. город Новосибирск, г. Новосибирск, г. Новосибирск, Советский район, проспект Морской.",
0151300002026000007,05.10.2026,Дороги,Новосибирская обл.,Устройство тротуара по ул. Ленина в г. Каргат Каргатского района Новосибирской области (2 этап),Администрация г. Каргата Каргатского района Новосибирской обл.,44-ФЗ котировки,"9 822 205,16",,09.10.2026 04:00,30.11.2026,https://zakupki.gov.ru/epz/order/notice/zk20/view/common-info.html?regNumber=0151300002026000007,https://zakupki.kontur.ru/0151300002026000007,,идёт приём,,,,,,,,,,,"обл. Новосибирская, м.р-н Каргатский, г.п. город Каргат, г. Каргат, ул. Ленина, С ПК 12+15 по ПК 22+80",
0819300038026000313,05.10.2026,Дороги,Красноярский край / Хакасия / Тыва,"Ремонт автодороги общего пользования, улица Октябрьское шоссе, с разворотной площадкой в районе КПП (в целях проведения текущего ремонта)",Муниципальное казённое учреждение «Служба единого заказчика-застройщика»,44-ФЗ котировки,"2 010 906,49",,09.10.2026 05:00,30.12.2026,https://zakupki.gov.ru/epz/order/notice/zk20/view/common-info.html?regNumber=0819300038026000313,https://zakupki.kontur.ru/0819300038026000313,,идёт приём,,,,,,,,,,,"край Красноярский, г.о. ЗАТО город Зеленогорск, На территории ЗАТО г. Зеленогорск Красноярского края, ул. Октябрьское шоссе.",
0817200000326014935,05.10.2026,"Вода, тепло, газ, канализация",Алтайский край,Выполнение работ по капитальному ремонту участка водопровода от колодца Р-56 по ул. Мира и до колодца Р-95 по пер. Булыгина в с. Баево Баевского района Алтайского края и по капитальному ремонту участка водопровода от колодца Р-8 по ул. Ленина и до колодца Р-52 по ул. Мира в с. Баево Баевского района Алтайского края,"Комитет по Экономике, Управлению Муниципальным Имуществом администрации Баевского Района Алтайского Края",44-ФЗ аукцион,"8 966 727,49",,09.10.2026 03:00,23.12.2026,https://zakupki.gov.ru/epz/order/notice/ea20/view/common-info.html?regNumber=0817200000326014935,https://zakupki.kontur.ru/0817200000326014935,,идёт приём,,,,,,,,,,,"край Алтайский, Баевский район, с. Баево, ул. Мира и по пер. Булыгина и по ул. Ленина и ул. Мира",
32616427202,05.10.2026,Благоустройство и озеленение,Иркутская обл. / Бурятия / Забайкалье,Выполнение комплекса работ по благоустройству Качугского авиаотделения (Зона контроля),Областное государственное автономное учреждение «Иркутская База Авиационной и Наземной Охраны Лесов»,223-ФЗ,"3 540 000,00",,09.10.2026 05:00,,https://zakupki.gov.ru/epz/order/extendedsearch/results.html?searchString=32616427202,https://zakupki.kontur.ru/32616427202,,идёт приём,,,,,,,,,,,"Иркутская область Адрес поставки из документов Иркутская область, р-н Качугский, рп Качуг Иркутская область, р-н Качугский Иркутская область Сибирский Федеральный Округ Показать в документах",
0151300050326000012,05.10.2026,Благоустройство и озеленение,Новосибирская обл.,Благоустройство общественной территории (устройство дренажной системы) по ул. Армейская в п. Озерный Новосибирского района Новосибирской области (1 этап),Администрация Мочищенского сельсовета Новосибирского района Новосибирской обл.,44-ФЗ аукцион,"2 114 760,00",,09.10.2026 04:00,,https://zakupki.gov.ru/epz/order/notice/ea20/view/common-info.html?regNumber=0151300050326000012,https://zakupki.kontur.ru/0151300050326000012,,идёт приём,,,,,,,,,,,"обл. Новосибирская, м.р-н Новосибирский, с.п. Мочищенский сельсовет, п. Озерный, ул. Армейская",
0139300033726000196,05.10.2026,Мосты и ИССО,Кемеровская обл. (Кузбасс),Текущий ремонт и содержание дорожно-мостового хозяйства на территории Ленинск-Кузнецкого муниципального округа,Управление Жилищно-Коммунального и Дорожного Комплекса администрации Ленинск-Кузнецкого Муниципального Округа,44-ФЗ аукцион,"89 633 995,75",,09.10.2026 04:00,10.12.2027,https://zakupki.gov.ru/epz/order/notice/ea20/view/common-info.html?regNumber=0139300033726000196,https://zakupki.kontur.ru/0139300033726000196,,идёт приём,,,,,,,,,,,"обл. Кемеровская область - Кузбасс, м.о. Ленинск-Кузнецкий, г. Ленинск-Кузнецкий, в соответствии с техническим заданием (приложение № 1) к муниципальному контракту",
0351300298326000155,05.10.2026,Дороги,Новосибирская обл.,Выполнение работ по ремонту участка автомобильной дороги «23 км. а/д «К-12» - п. Рыбачий - НСТ «Луговое» - «Заря» - «Аква» Новосибирского района Новосибирской области,Муниципальное казенное учреждение Новосибирского района Новосибирской обл. «Управляющая компания единого заказчика жилищно-коммунального хозяйства и строительства»,44-ФЗ аукцион,"3 645 490,00",,09.10.2026 04:00,31.12.2026,https://zakupki.gov.ru/epz/order/notice/ea20/view/common-info.html?regNumber=0351300298326000155,https://zakupki.kontur.ru/0351300298326000155,,идёт приём,,,,,,,,,,,"обл. Новосибирская, м.р-н Новосибирский, «23 км. а/д «К-12» - п. Рыбачий - НСТ «Луговое» - «Заря» - «Аква» Новосибирского района Новосибирской области (по месту нахождения Объекта).",
0151300047926000001,05.10.2026,Дороги,Новосибирская обл.,Ремонт автомобильной дороги по ул. Полтавская в д. Верх-Чик Ордынского района Новосибирской области,Администрация Верх-Чикского сельсовета Ордынского района Новосибирской обл.,44-ФЗ аукцион,"2 996 465,70",,09.10.2026 04:00,01.12.2027,https://zakupki.gov.ru/epz/order/notice/ea20/view/common-info.html?regNumber=0151300047926000001,https://zakupki.kontur.ru/0151300047926000001,,идёт приём,,,,,,,,,,,"обл. Новосибирская, м.р-н Ордынский, с.п. Верх-Чикский сельсовет, д. Верх-Чик, ул. Полтавская",
0151300052526000019,05.10.2026,Дороги,Новосибирская обл.,Выполнение работ по ремонту участка автомобильной дороги от ул. Победы до ул. Снежная в с. Толмачево Новосибирского района Новосибирской области,Администрация Толмачевского сельсовета Новосибирского района Новосибирской обл.,44-ФЗ аукцион,"2 377 092,56",,09.10.2026 04:00,31.12.2027,https://zakupki.gov.ru/epz/order/notice/ea20/view/common-info.html?regNumber=0151300052526000019,https://zakupki.kontur.ru/0151300052526000019,,идёт приём,,,,,,,,,,,обл. Новосибирская,
0151300052526000018,05.10.2026,Дороги,Новосибирская обл.,Выполнение работ по ремонту участка автомобильной дороги по ул. Колхозная в с. Толмачево Новосибирского района Новосибирской области,Администрация Толмачевского сельсовета Новосибирского района Новосибирской обл.,44-ФЗ аукцион,"5 383 908,04",,09.10.2026 04:00,17.12.2027,https://zakupki.gov.ru/epz/order/notice/ea20/view/common-info.html?regNumber=0151300052526000018,https://zakupki.kontur.ru/0151300052526000018,,идёт приём,,,,,,,,,,,"обл. Новосибирская, Новосибирский район, с. Толмачево ул. Колхозная",
0151300052526000017,05.10.2026,Дороги,Новосибирская обл.,Выполнение работ по ремонту участка автомобильной дороги от ул. Победы до ул. Ясная в с. Толмачево Новосибирского района Новосибирской области,Администрация Толмачевского сельсовета Новосибирского района Новосибирской обл.,44-ФЗ аукцион,"8 302 606,79",,09.10.2026 04:00,31.12.2027,https://zakupki.gov.ru/epz/order/notice/ea20/view/common-info.html?regNumber=0151300052526000017,https://zakupki.kontur.ru/0151300052526000017,,идёт приём,,,,,,,,,,,"обл. Новосибирская, Новосибирский район, с.Толмачево от ул. Победы до ул. Ясная",
32616431946,05.10.2026,Электросети и освещение,Прочие регионы,"Конкурс в электронной форме, участниками которого могут быть только субъекты малого и среднего предпринимательства, на право заключения договора на строительство звукозащитного барьера по периметру ПС 110 кВ Элекмонарская (ПС 110/10 кВ; Эликманарская No 15, инв.No М000003044) филиала ПАО «Россети Сибирь» - «Алтайэнерго»",Публичное акционерное общество «Россети Сибирь»,223-ФЗ,"9 110 500,00",,12.10.2026 12:00,,https://zakupki.gov.ru/epz/order/extendedsearch/results.html?searchString=32616431946,https://zakupki.kontur.ru/32616431946,,идёт приём,,,,,,,,,,,Согласно закупочной документации,
0819300043526000076,05.10.2026,Дороги,Красноярский край / Хакасия / Тыва,"Выполнение работ по ремонту автомобильных дорог в гп. Балахта Балахтинско-Новоселовского муниципального округа (восстановление дорожного полотна и устранение последствий в результате наводнения реки Чулым ул. Трактовая, ул. Правобереговая, ул. Карла Либкнехта, ул. Набережная, ул. Мосино",Муниципальное казенное учреждение «Служба Заказчика Балахтинского Района»,44-ФЗ аукцион,"15 000 000,00",,13.10.2026 06:00,31.12.2026,https://zakupki.gov.ru/epz/order/notice/ea20/view/common-info.html?regNumber=0819300043526000076,https://zakupki.kontur.ru/0819300043526000076,,идёт приём,,,,,,,,,,,"край Красноярский, м.о. Балахтинско-Новоселовский, гп. Балахта, гп. Балахта Балахтинско-Новоселовского муниципального округа ул. Трактовая, ул. Правобереговая, ул. Карла Либкнехта, ул. Набережная, ул. Мосино",
0351300079626000098,05.10.2026,Прочее,Новосибирская обл.,Оказание услуг по предоставлению техники для погрузки и вывоза снега с улично-дорожной сети Центрального округа города Новосибирска.,Муниципальное казенное учреждение г. Новосибирска «Дорожно-Эксплуатационное Учреждение №1»,44-ФЗ аукцион,"50 000 000,00",,13.10.2026 04:00,30.12.2027,https://zakupki.gov.ru/epz/order/notice/ea20/view/common-info.html?regNumber=0351300079626000098,https://zakupki.kontur.ru/0351300079626000098,,идёт приём,,,,,,,,,,,"обл. Новосибирская, г.о. город Новосибирск, г. Новосибирск, улично-дорожная сеть Центрального, Заельцовского и Железнодорожного районов Центрального округа города Новосибирска, в соответствии с Описанием объекта закупки.",
0339300000126000661,05.10.2026,Благоустройство и озеленение,Кемеровская обл. (Кузбасс),Выполнение работ по благоустройству (ремонту) общественных территорий в г. Кемерово в рамках реализации регионального проекта «Формирование комфортной городской среды» национального проекта «Инфраструктура для жизни»,Управление дорожного хозяйства и благоустройства администрации г. Кемерово,44-ФЗ аукцион,"137 000 000,00",,13.10.2026 06:00,01.11.2027,https://zakupki.gov.ru/epz/order/notice/ea20/view/common-info.html?regNumber=0339300000126000661,https://zakupki.kontur.ru/0339300000126000661,,идёт приём,,,,,,,,,,,"обл. Кемеровская область - Кузбасс, Общественные территории города Кемерово: 1. Пешеходный тротуар в районе МБОУ «СОШ № 45», на участке вдоль просп. Ленина, 126 «А» до просп. Октябрьского, 71 «А» (2 этап), 2. Пешеходный тротуар по ул. Ю. Двужильного, на участке от ул. Ю. Двужильного, 7 до просп. Молодёжного, 3. Сквер между зданиями №67 «А» по просп. Комсомольскому и № 38 «В» по просп. Ленинградскому, у МБОУ «СОШ № 94» (1 этап), 4. Пешеходный тротуар вдоль МБОУ «СОШ № 46» (ул. Нахимова, 250) до центрального входа, 5. Пешеходный тротуар по ул. Пролетарской, на участке от ул. Сарыгина до ул. Сибиряков-Гвардейцев (по стороне школы), 6. Пешеходный тротуар от ул. Леонова, 26 до ул. Инициативной, 44, 7. Сквер перед ДК «Содружество» по ул. Новогодней, 15 «А», 8. Пешеходный тротуар по ул. Ракитянского, на участке от пер. Макеевского до ул. Нахимова, 9. Сквер «Искусств» по ул. Коммунистической, 122 (2 этап), 10. Сквер по ул. Пионер, 4/1 (3 этап), 11. Пешеходный тротуар, на участке от ул. 40 лет Октября, 9 «Б» (МБДОУ № 127) до ул. 40 лет Октября, 17 «Б» (МБДОУ № 92). Показать полностью",
0817200000326014907,05.10.2026,Мосты и ИССО,Алтайский край,Выполнение работ по строительству участка автомобильной дороги от ул. Колхозная до ул. Заречная с мостом через р. Большая Речка в с. Чаузово Топчихинского района с разработкой рабочей документации,Администрация Топчихинского района Алтайского края,44-ФЗ аукцион,"90 930 759,70",30%,13.10.2026 03:00,09.12.2027,https://zakupki.gov.ru/epz/order/notice/ea20/view/common-info.html?regNumber=0817200000326014907,https://zakupki.kontur.ru/0817200000326014907,,идёт приём,,,,,,,,,,,"край Алтайский, Автомобильная дорога от ул. Колхозная до ул. Заречная с мостом через р. Большая Речка в с. Чаузово Топчихинского района",
0817200000326014855,05.10.2026,Благоустройство и озеленение,Алтайский край,"Выполнение работ по капитальному ремонту здания МКОУ «Колыванская СОШ», расположенной по адресу: Алтайский край, Курьинский район, с.Колывань, ул. Ленина, 3а (благоустройство территории)",Муниципальное казённое общеобразовательное учреждение «Колыванская средняя общеобразовательная школа» Курьинского района Алтайского края,44-ФЗ аукцион,"4 605 923,51",,13.10.2026 03:00,26.11.2026,https://zakupki.gov.ru/epz/order/notice/ea20/view/common-info.html?regNumber=0817200000326014855,https://zakupki.kontur.ru/0817200000326014855,,идёт приём,,,,,,,,,,,"край Алтайский, Курьинский район, с.Колывань, ул. Ленина, 3а",
0373200081226000381,05.10.2026,Прочее,Москва и МО,Выполнение строительно-монтажных работ на территории производственной базы,Государственное бюджетное учреждение г. Москвы «Автомобильные дороги Центрального административного округа»,44-ФЗ конкурс,"29 561 305,72",20%,16.10.2026 11:00,24.02.2027,https://zakupki.gov.ru/epz/order/notice/ok20/view/common-info.html?regNumber=0373200081226000381,https://zakupki.kontur.ru/0373200081226000381,,идёт приём,,,,,,,,,,,"г. Москва, Город Москва; переулок Средний Международный дом 8, строение 2, кадастровый квартал 77:01:0006032",
32616425162,05.10.2026,Дороги,Москва и МО,"Конкурс в электронной форме среди субъектов малого и среднего предпринимательства на право заключения договора на выполнение работ по восстановлению горловин колодцев, обратной засыпке и последующей асфальтировке в местах разрытий в Центральном административном округе, на Третьем транспортном кольце, вылетных магистралях и улицах с интенсивным движением транспорта",Акционерное общество «Мосводоканал»,223-ФЗ,"30 500 000,00",,16.10.2026 09:00,,https://zakupki.gov.ru/epz/order/extendedsearch/results.html?searchString=32616425162,https://zakupki.kontur.ru/32616425162,,идёт приём,,,,,,,,,,,город Москва,
32616422400,05.10.2026,Электросети и освещение,Москва и МО,Выполнение работ по ремонту люков колодцев кабельной канализации в городе Москве,Государственное унитарное предприятие г. Москвы «Моссвет»,223-ФЗ,"33 291 130,64",,16.10.2026 08:00,,https://zakupki.gov.ru/epz/order/extendedsearch/results.html?searchString=32616422400,https://zakupki.kontur.ru/32616422400,,идёт приём,,,,,,,,,,,город Москва 42.11.20.190 Работы строительные по строительству прочих автомобильных дорог 42.11 Строительство автомобильных дорог и автомагистралей 105 Штука Адрес город Москва 42.11.20.190 Работы строительные по строительству прочих автомобильных дорог 42.11 Строительство автомобильных дорог и автомагистралей 105 Штука Адрес город Москва 42.11.20.190 Работы строительные по строительству прочих автомобильных дорог 42.11 Строительство автомобильных дорог и автомагистралей 104 Штука Адрес город Москва 42.11.20.190 Работы строительные по строительству прочих автомобильных дорог 42.11 Строительство автомобильных дорог и автомагистралей 1 Штука Адрес город Москва,
32616425869,05.10.2026,Дороги,Прочие регионы,"226117 Ремонт автодорог СП ""ТЭЦ-4"" АО ""ТГК-11""",Акционерное общество «Территориальная Генерирующая Компания №11»,223-ФЗ,"38 959 160,52",,16.10.2026 11:00,,https://zakupki.gov.ru/epz/order/extendedsearch/results.html?searchString=32616425869,https://zakupki.kontur.ru/32616425869,,идёт приём,,,,,,,,,,,Согласно закупочной документации,
0851200000626006430,05.10.2026,Мосты и ИССО,Новосибирская обл.,"Выполнение работ по разработке проектной и рабочей документации и выполнению изыскательских работ по объекту «Капитальный ремонт водопропускной трубы на а/д ""Чистоозерное - Польяново"" в Чистоозерном районе Новосибирской области»",Государственное казенное учреждение Новосибирской обл. «Территориальное управление автомобильных дорог Новосибирской области»,44-ФЗ конкурс,"2 149 930,82",,19.10.2026 04:00,05.08.2027,https://zakupki.gov.ru/epz/order/notice/ok20/view/common-info.html?regNumber=0851200000626006430,https://zakupki.kontur.ru/0851200000626006430,,идёт приём,,,,,,,,,,,"обл. Новосибирская, Работы выполняются по месту нахождения Подрядчика с выездом на местность в пределах Новосибирской области (место расположения Объекта). Материалы, являющиеся результатом выполненных Работ, передаются Заказчику по месту его нахождения. Показать полностью",
SBR028-2608170004,06.10.2026 10:05,Электросети и освещение,Республика Алтай,Запрос предложений в электронной форме на поставку брендированного мёда и чая в тубусе,Общество с ограниченной ответственностью «Курорт Манжерок»,Коммерческая,"3 000 000,00",,04.09.2026 18:00,,http://utp.sberbank-ast.ru/VIP/NBT/PurchaseView/45/0/0/4197402,https://zakupki.kontur.ru/SBR028-2608170004,,итог не внесён,,,,,,,,,,,Республика Алтай,
SBR028-2608190003,06.10.2026 10:06,Поставка товаров / IT,Республика Алтай,Поставка шин для спецтехники,Общество с ограниченной ответственностью «Всесезонный Курорт «Манжерок»,Коммерческая,"657 809,30",,25.08.2026 18:00,,http://utp.sberbank-ast.ru/VIP/NBT/PurchaseView/48/0/0/4199795,https://zakupki.kontur.ru/SBR028-2608190003,,итог не внесён,,,,,,,,,,,Республика Алтай,
32616306636,06.10.2026 10:06,Благоустройство и озеленение,Новосибирская обл.,Выполнение работ по рубке древесины,Государственное автономное учреждение Новосибирской обл. «Новосибирский Лесхоз»,223-ФЗ,"1 773 600,00",,26.08.2026 08:00,,https://zakupki.gov.ru/epz/order/extendedsearch/results.html?searchString=32616306636,https://zakupki.kontur.ru/32616306636,,не состоялась,одна заявка,,,,,,,,,,в соответствии с документацией (извещением),нет допущенных
32616304266,06.10.2026 10:06,"Здания, монолит, фундаменты",Новосибирская обл.,"Выполнение работ по текущему ремонту мягкой кровли над 2 осмотровой канавой в филиале №5 ""Правобережный трамвайный"" МКП «ГЭТ» по адресу: г. Новосибирск, ул. Кошурникова, 1",Муниципальное казённое предприятие г. Новосибирска «Горэлектротранспорт»,223-ФЗ,"6 120 029,92",,26.08.2026 06:00,,https://zakupki.gov.ru/epz/order/extendedsearch/results.html?searchString=32616304266,https://zakupki.kontur.ru/32616304266,,заключен,,,"37,1%","3 850 000,00",№,,,,,,В соответствии с документацией о закупке,"-37,!%"
0351300079626000081,06.10.2026 10:06,Дороги,Новосибирская обл.,"Выполнение работ по ремонту остановок общественного транспорта в Железнодорожном, Заельцовском и Центральном районах Центрального округа города Новосибирска.",Муниципальное казенное учреждение г. Новосибирска «Дорожно-Эксплуатационное Учреждение №1»,44-ФЗ аукцион,"714 900,00",,26.08.2026 04:00,09.12.2026,https://zakupki.gov.ru/epz/order/notice/ea20/view/common-info.html?regNumber=0351300079626000081,https://zakupki.kontur.ru/0351300079626000081,,заключен,,2,"25,3%","46 708,42",ООО «Абсолюттрейд Тлк»,,,,,,"обл. Новосибирская, г.о. город Новосибирск, г. Новосибирск, в пределах территории Центрального, Железнодорожного и Заельцовского районов Центрального округа города Новосибирска в соответствии с Перечнем остановочных павильонов (Приложение №1 к Описанию объекта закупки). Показать полностью","-25,3%
Абсолюттрейд Тлк"
0351300093426000112,06.10.2026 10:06,Благоустройство и озеленение,Новосибирская обл.,Выполнение работ по устройству газонов с заменой грунта на территории Советского района города Новосибирска,Муниципальное казенное учреждение г. Новосибирска «Дорожно-эксплуатационное учреждение Советского района»,44-ФЗ аукцион,"1 000 000,00",,26.08.2026 06:00,31.12.2026,https://zakupki.gov.ru/epz/order/notice/ea20/view/common-info.html?regNumber=0351300093426000112,https://zakupki.kontur.ru/0351300093426000112,,заключен,,2,"34,0%","599,78",Гасанов Тельман Джагангир Оглы,,,,,,"обл. Новосибирская, г.о. город Новосибирск, г. Новосибирск, Россия, Новосибирская область, г. Новосибирск, Советский район, согласно перечню (Приложение №4 к Контракту).","-34%
Гасанов"
0351300093426000111,06.10.2026 10:06,Мосты и ИССО,Новосибирская обл.,Выполнение работ по ремонту лестниц по ул. Шлюзовая,Муниципальное казенное учреждение г. Новосибирска «Дорожно-эксплуатационное учреждение Советского района»,44-ФЗ аукцион,"728 681,39",,26.08.2026 06:00,31.12.2026,https://zakupki.gov.ru/epz/order/notice/ea20/view/common-info.html?regNumber=0351300093426000111,https://zakupki.kontur.ru/0351300093426000111,,не состоялась,нет заявок,,,,,,,,,,"обл. Новосибирская, г.о. город Новосибирск, г. Новосибирск, Ремонт лестниц по ул. Шлюзовая, 2, Шлюзовая, 20, Шлюзовая, 22 согласно схеме расположения ремонта лестниц по ул. Шлюзовая (Приложение № 1 к Контракту)",нет допущенных
30517907,06.10.2026 10:06,Поставка товаров / IT,Республика Алтай,"Поставка товаров (Вакуумные шины, насосы, матрац)",Общество с ограниченной ответственностью «Всесезонный Курорт «Манжерок»,Коммерческая,"699 000,00",,26.08.2026 06:16,,https://sberb2b.ru/request/supplier/preview/a874f54e-f5fa-4c81-8230-68ddcf4e90de,https://zakupki.kontur.ru/IS70666859,,итог не внесён,,,,,,,,,,,"Респ Алтай, Майминский р-н, село Манжерок, ул Ленинская, зд 18",
SBR028-2608190001,06.10.2026 10:06,Поставка товаров / IT,Республика Алтай,Поставка волоконно-оптического кабеля,Общество с ограниченной ответственностью «Всесезонный Курорт «Манжерок»,Коммерческая,"791 755,31",,26.08.2026 18:00,,http://utp.sberbank-ast.ru/VIP/NBT/PurchaseView/48/0/0/4199764,https://zakupki.kontur.ru/SBR028-2608190001,,итог не внесён,,,,,,,,,,,Республика Алтай,
0177200000926002398,06.10.2026 10:06,Дороги,Республика Алтай,"Установка дорожных ограждений на автомобильной дороге ""Подъезд Талда - Тюнгур (природный парк ""Белуха"") км 182+600 - км 182+781 (справа)",Казенное учреждение Республики Алтай «Республиканское Управление Автомобильных Дорог Общего Пользования «Горно-Алтайавтодор»,44-ФЗ аукцион,"826 240,84",,26.08.2026 05:00,21.12.2026,https://zakupki.gov.ru/epz/order/notice/ea20/view/common-info.html?regNumber=0177200000926002398,https://zakupki.kontur.ru/0177200000926002398,,итог не внесён,,,,,,,,,,,"респ. Алтай, Республика Алтай, Усть-Коксинский район",
0177200000926002388,06.10.2026 10:06,Поставка товаров / IT,Республика Алтай,Поставка компьютерной техники,Казенное учреждение Республики Алтай «Управление Делами Правительства Республики Алтай»,44-ФЗ аукцион,"445 278,70",,26.08.2026 05:00,31.12.2026,https://zakupki.gov.ru/epz/order/notice/ea20/view/common-info.html?regNumber=0177200000926002388,https://zakupki.kontur.ru/0177200000926002388,,заключен,,5,"44,2%","248 486,75",Иванова Наталья Олеговна,,,,,,"респ. Алтай, г. Горно-Алтайск, ул. В.И. Чаптынова, дом 24.","-44,2%
Иванова"
32616307083,06.10.2026 10:07,Поставка товаров / IT,Новосибирская обл.,Поставка ноутбуков,Федеральное государственное бюджетное Образовательное учреждение Высшего Образования «Сибирский Государственный Университет Телекоммуникаций и Информатики»,223-ФЗ,"418 032,00",,27.08.2026 05:00,,https://zakupki.gov.ru/epz/order/extendedsearch/results.html?searchString=32616307083,https://zakupki.kontur.ru/32616307083,,заключен,,,"31,5%","286 400,00",№,,,,,,"г. Новосибирск, ул. Нижегородская, 23 (подвальное помещение-склад)","-31,50%"
32616306958,06.10.2026 10:07,Поставка товаров / IT,Новосибирская обл.,Поставка интерактивной панели и мобильной стойки,Федеральное государственное бюджетное Образовательное учреждение Высшего Образования «Сибирский Государственный Университет Телекоммуникаций и Информатики»,223-ФЗ,"389 633,33",,27.08.2026 05:00,,https://zakupki.gov.ru/epz/order/extendedsearch/results.html?searchString=32616306958,https://zakupki.kontur.ru/32616306958,,не состоялась,одна заявка,1,"1,7%","1 383 000,00",,,,,,,"г. Новосибирск, ул. Выборная, д.126, ауд. 316.",один участник
32616303666,06.10.2026 10:07,Электросети и освещение,Новосибирская обл.,"Выполнение комплекса мероприятий (ПИР, СМР, ПНР) по реконструкции КЛ-10кВ Ф.10-898 ПС 110кВ Кудряшовская путем строительства КЛ-10кВ протяженностью 3,134 км для технологического присоединения энергопринимающих устройств Заявителя ООО «СЗ «МАГНОЛИЯ», по адресу: НСО, Новосибирский р-н, Кудряшовский сельсовет, п. Кудряшовский.",Акционерное общество «Региональные Электрические Сети»,223-ФЗ,"20 370 685,17",,27.08.2026 10:00,,https://zakupki.gov.ru/epz/order/extendedsearch/results.html?searchString=32616303666,https://zakupki.kontur.ru/32616303666,,заключен,,7,"31,1%","14 040 000,00",№,,,,,,Согласно закупочной документации,"-31,10%"
0351300298626000111,06.10.2026 10:07,Барьеры / БДД / ограждения,Новосибирская обл.,Поставка светофорного оборудования,Муниципальное бюджетное учреждение г. Новосибирска «Городской Центр Организации Дорожного Движения»,44-ФЗ аукцион,"1 078 696,68",,27.08.2026 04:00,31.12.2026,https://zakupki.gov.ru/epz/order/notice/ea20/view/common-info.html?regNumber=0351300298626000111,https://zakupki.kontur.ru/0351300298626000111,,не состоялась,одна заявка,1,"0,0%","1 078 696,68",Багнюк Андрей Александрович,,,,,,"обл. Новосибирская, г.о. город Новосибирск, г. Новосибирск, ул. Демьяна Бедного, д. 47",одна заявка
0351300092026000003,06.10.2026 10:07,Благоустройство и озеленение,Новосибирская обл.,"Ремонт чаши фонтана по адресу: г. Новосибирск, ул. Связистов, 157 Бульвар Победы",Муниципальное казенное учреждение г. Новосибирска «Городской фонтан»,44-ФЗ аукцион,"1 701 701,81",,27.08.2026 05:00,31.12.2026,https://zakupki.gov.ru/epz/order/notice/ea20/view/common-info.html?regNumber=0351300092026000003,https://zakupki.kontur.ru/0351300092026000003,,не состоялась,одна заявка,1,"0,0%","1 701 701,81",ООО «Сибирский Проект»,,,,,,"обл. Новосибирская, г.о. город Новосибирск, г. Новосибирск, ул. Связистов, д. 157, Бульвар Победы",одна заявка (Сибирский Проект)
SBR028-2608190022,06.10.2026 10:07,Поставка товаров / IT,Новосибирская обл.,Поставка серверов для VMware,Общество с ограниченной ответственностью «ДубльГис»,Коммерческая,"96 080 629,63",,27.08.2026 12:00,,http://utp.sberbank-ast.ru/VIP/NBT/PurchaseView/632/0/0/4200277,https://zakupki.kontur.ru/SBR028-2608190022,,итог не внесён,,,,,,,,,,,Новосибирская область,
0351300072226000779,06.10.2026 10:07,Поставка товаров / IT,Новосибирская обл.,"Поставка мешков для мусора: 30 л, 60 л, 120 л",Государственное бюджетное учреждение здравоохранения Новосибирской обл. «Городская клиническая больница №1»,44-ФЗ аукцион,"497 032,00",,27.08.2026 03:00,31.12.2026,https://zakupki.gov.ru/epz/order/notice/ea20/view/common-info.html?regNumber=0351300072226000779,https://zakupki.kontur.ru/0351300072226000779,,заключен,,11,"43,5%","280 811,32",ООО «Турман»,,,,,,"обл. Новосибирская, г.о. город Новосибирск, г. Новосибирск, ул. Залесского, д. 6, склад твердого инвентаря. Ответственный за прием: Будилкин С.С., gkb1omts@mail.ru. Время поставки товара с 8-00 до 15-30.","-43,5%
Турман"
0351300107026000142,06.10.2026 10:07,Поставка товаров / IT,Новосибирская обл.,Поставка подметальной механической машины с комплектующими,Муниципальное казенное учреждение г. Новосибирска «Гормост»,44-ФЗ котировки,"242 000,00",,27.08.2026 04:00,30.09.2026,https://zakupki.gov.ru/epz/order/notice/zk20/view/common-info.html?regNumber=0351300107026000142,https://zakupki.kontur.ru/0351300107026000142,,заключен,,5,"57,5%","102 820,00",ООО «Финалит»,,,,,,"обл. Новосибирская, г.о. город Новосибирск, г. Новосибирск, ул. Моторная, 55","-57,5%
Финалит"
0151600003426000165,06.10.2026 10:07,Барьеры / БДД / ограждения,Новосибирская обл.,Поставка дорожных знаков,Муниципальное Казённое учреждение «Управление Дорожного и Транспортного Обеспечения» Маслянинского Муниципального Округа Новосибирской Области,44-ФЗ аукцион,"639 558,50",,31.08.2026 05:00,30.12.2026,https://zakupki.gov.ru/epz/order/notice/ea20/view/common-info.html?regNumber=0151600003426000165,https://zakupki.kontur.ru/0151600003426000165,,не состоялась,один допущенный,3,"6,0%","601 185,02",Мещеряков Данил Сергеевич,,,,,,обл. Новосибирская,один участник (Мещеряков )
0351100002326000269,06.10.2026 10:08,Поставка товаров / IT,Новосибирская обл.,Поставка гигрометров и термометров (4632),Федеральное государственное бюджетное учреждение «Новосибирский научно-исследовательский институт туберкулеза» Министерства здравоохранения Российской Федерации,44-ФЗ аукцион,"359 933,32",,27.08.2026 04:00,31.03.2027,https://zakupki.gov.ru/epz/order/notice/ea20/view/common-info.html?regNumber=0351100002326000269,https://zakupki.kontur.ru/0351100002326000269,,заключен,,2,"7,5%","332 938,27",ООО «Крона»,,,,,,"обл. Новосибирская, г.о. город Новосибирск, г. Новосибирск, ул. Охотская, д. 81А","-7,5%
Крона"
0851200000626005534,06.10.2026 10:08,Поставка товаров / IT,Новосибирская обл.,Поставка автомобиля грузового в исполнении малого лесопатрульного комплекса,Министерство Природных Ресурсов и Экологии Новосибирской обл.,44-ФЗ аукцион,"2 371 333,33",,01.09.2026 04:00,30.10.2026,https://zakupki.gov.ru/epz/order/notice/ea20/view/common-info.html?regNumber=0851200000626005534,https://zakupki.kontur.ru/0851200000626005534,,заключен,,2,"1,5%","2 335 763,32",ООО «Автопромснаб»,,,,,,"обл. Новосибирская, г.о. город Новосибирск, г. Новосибирск, пр-кт Красный, д. 25, – место нахождения Заказчика. Товар доставляется по адресу: г. Новосибирск, ул. 1-я Шевцовой, д. 83.","-1,5%
Автопромснаб"
0151300021126000081,06.10.2026 10:08,"Вода, тепло, газ, канализация",Новосибирская обл.,"Выполнение работ по капитальному ремонту водопроводных сетей в с.Новоцелинное, Кочковского района, Новосибирской области",Администрация Кочковского Района Новосибирской обл.,44-ФЗ аукцион,"751 669,52",,27.08.2026 04:00,,https://zakupki.gov.ru/epz/order/notice/ea20/view/common-info.html?regNumber=0151300021126000081,https://zakupki.kontur.ru/0151300021126000081,,заключен,,3,"25,5%","559 977,42",Таран Людмила Николаевна,,,,,,"обл. Новосибирская, м.р-н Кочковский, с.п. Новоцелинный сельсовет, с. Новоцелинное, ул.Юбилейная, д.23,25,27 (по месту нахождения объекта)","-25,5%
Таран"
0351300090326000077,06.10.2026 10:08,Поставка товаров / IT,Новосибирская обл.,Поставка экшн видеокамер и принадлежностей,Муниципальное казенное учреждение г. Новосибирска «Новосибирский центр по проблемам домашних животных»,44-ФЗ аукцион,"469 060,69",,27.08.2026 04:00,31.12.2026,https://zakupki.gov.ru/epz/order/notice/ea20/view/common-info.html?regNumber=0351300090326000077,https://zakupki.kontur.ru/0351300090326000077,,заключен,,13,"49,5%","236 805,61",Безбородов Олег Петрович,,,,,,"обл. Новосибирская, г.о. город Новосибирск, г. Новосибирск, пр-д Северный, зд. 9/4","-49,5%
Безбородов"
10605013,06.10.2026 10:08,Барьеры / БДД / ограждения,Омская обл.,Поставка защитных переносных ограждений,Акционерное общество «Омскэлектро»,Коммерческая,"1 674 800,00",,27.08.2026 07:00,,https://zmo-omsk.rts-tender.ru/Trade/ViewTrade?id=10605013,https://zakupki.kontur.ru/IS71062887,,итог не внесён,,,,,,,,,,,"г. Омск, ул. Л. Чайкиной, д. 8 (склад)",
0351200000226000415,06.10.2026 10:08,"Вода, тепло, газ, канализация",Новосибирская обл.,"Выполнение работ на замену ввода наружного трубопровода холодного водоснабжения ГБУЗ НСО ""ГОНКТБ""",Государственное бюджетное учреждение здравоохранения Новосибирской обл. «Государственная областная Новосибирская клиническая туберкулёзная больница»,44-ФЗ котировки,"444 977,88",,28.08.2026 04:00,30.11.2026,https://zakupki.gov.ru/epz/order/notice/zk20/view/common-info.html?regNumber=0351200000226000415,https://zakupki.kontur.ru/0351200000226000415,,не состоялась,нет заявок,,,,,,,,,,"обл. Новосибирская, г.о. город Новосибирск, г. Новосибирск, ул. Вавилова, д. 14",нет допущенных
0151300023826000182,06.10.2026 10:08,"Вода, тепло, газ, канализация",Новосибирская обл.,"Выполнение работ по строительству внеплощадочных сетей водоснабжения, водоотведения для подключения объекта: ""Строительство многоквартирного жилого дома для обеспечения жилыми помещениями детей-сирот и детей, оставшихся без попечения родителей, лиц из числа детей-сирот и детей, оставшихся без попечения родителей"".",Администрация Черепановского района Новосибирской обл.,44-ФЗ котировки,"1 265 190,53",,28.08.2026 04:00,28.10.2026,https://zakupki.gov.ru/epz/order/notice/zk20/view/common-info.html?regNumber=0151300023826000182,https://zakupki.kontur.ru/0151300023826000182,,не состоялась,одна заявка,1,"0,0%","1 265 190,53",ООО «Строй Гарант»,,,,,,"обл. Новосибирская, м.р-н Черепановский, г.п. город Черепаново, г. Черепаново, ул. Чернышевского, д. 4а, земельный участок (54:28:010213:755).",одна заявка (Строй Гарант)
0851200000626005585,06.10.2026 10:08,Поставка товаров / IT,Новосибирская обл.,Поставка компьютерной техники (ноутбуки) в рамках организации условий доступной среды,Муниципальное бюджетное Общеобразовательное учреждение Новоключевская Средняя Общеобразовательная Школа Купинского Района,44-ФЗ аукцион,"825 000,00",,28.08.2026 04:00,30.11.2026,https://zakupki.gov.ru/epz/order/notice/ea20/view/common-info.html?regNumber=0851200000626005585,https://zakupki.kontur.ru/0851200000626005585,,не состоялась,одна заявка,1,"0,0%","825 000,00",ООО «Сервиспро»,,,,,,"обл. Новосибирская, м.р-н Купинский, с.Новоключи, ул.Школьная, д 5",одна заявка (Сервиспро)
0351100002926001436,06.10.2026 10:08,Поставка товаров / IT,Новосибирская обл.,Поставка программно-аппаратного комплекса ViPNet Coordinator HW1000C 4.x,Федеральное государственное бюджетное учреждение «Национальный Медицинский Исследовательский Центр Имени Академика Е.Н. Мешалкина» Министерства Здравоохранения Российской Федерации,44-ФЗ аукцион,"1 975 281,00",,28.08.2026 05:00,31.12.2026,https://zakupki.gov.ru/epz/order/notice/ea20/view/common-info.html?regNumber=0351100002926001436,https://zakupki.kontur.ru/0351100002926001436,,не состоялась,одна заявка,1,"0,0%","1 975 281,00",ООО «Софтмолл»,,,,,,"обл. Новосибирская, г.о. город Новосибирск, г. Новосибирск, ул. Речкуновская, д. 15",одна заявка (Софтмолл)
32616307165,06.10.2026 10:08,Прочее,Новосибирская обл.,Оказание услуг специализированной техникой (самогрузы),Муниципальное унитарное предприятие г. Новосибирска «Горводоканал»,223-ФЗ,"4 000 000,00",,28.08.2026 05:00,,https://zakupki.gov.ru/epz/order/extendedsearch/results.html?searchString=32616307165,https://zakupki.kontur.ru/32616307165,,не состоялась,нет заявок,2,,,,,,,,,Новосибирская область и г. Новосибирск,нет допущенных
0151300049726000142,06.10.2026 10:09,"Здания, монолит, фундаменты",Новосибирская обл.,Поставка и установка блок-контейнера для лыжной трассы,"Муниципальное казенное учреждение Дополнительного Образования «Центр Развития Физической Культуры, Спорта и Молодежной Политики» Города Оби Новосибирской Области",44-ФЗ аукцион,"1 103 300,00",,28.08.2026 04:00,31.12.2026,https://zakupki.gov.ru/epz/order/notice/ea20/view/common-info.html?regNumber=0151300049726000142,https://zakupki.kontur.ru/0151300049726000142,,не состоялась,нет заявок,,,,,,,,,,"обл. Новосибирская, г.о. город Обь, г. Обь, ул Геодезическая, здание 23",нет допущенных
0851200000626005499,06.10.2026 10:09,Поставка товаров / IT,Новосибирская обл.,"Приобретение инвентаря для игры в бильярд, а именно: Стол бильярдный (каркас деревянный) ( 2 шт.), Киевница (2 шт.), Шары (2 шт.), Чехол (2 шт.), Бильярдная теща (2 шт.), Кий (4 шт)",Администрация Верх-Мильтюшинского сельсовета Черепановского района Новосибирской обл.,44-ФЗ аукцион,"702 822,00",,28.08.2026 04:00,28.12.2026,https://zakupki.gov.ru/epz/order/notice/ea20/view/common-info.html?regNumber=0851200000626005499,https://zakupki.kontur.ru/0851200000626005499,,не состоялась,одна заявка,1,"0,0%","702 822,00",ООО «Старт»,,,,,,"обл. Новосибирская, м.р-н Черепановский, с.п. Верх-Мильтюшинский сельсовет, с. Верх-Мильтюши, ул.Центральная д.1","один участник
Старт"
20755-ТУ,06.10.2026 10:09,Дороги,Новосибирская обл.,"Тендер ""Обустройство площадки. Временные дороги. Благоустройство (Отсыпка щебнем, монтаж забора на сваях)"" Объект: Город-на-озере 01, г. Новосибирск",Филиал «Брусника.Сибакадемстрой» ООО «Брусника»,Коммерческая,"800 702,00",,02.09.2026 11:00,,https://srm.brusnika.ru/trades/119367244/info,https://zakupki.kontur.ru/IS71033364,,итог не внесён,,,,,,,,,,,"Новосибирск, ул. Фрунзе 218 стр; Новосибирск, ул. Фрунзе, 218 стр",
SBR028-2608210006,06.10.2026 10:09,Поставка товаров / IT,Республика Алтай,Поставка запасных частей для мототехники,Общество с ограниченной ответственностью «Всесезонный Курорт «Манжерок»,Коммерческая,"2 980 813,30",,04.09.2026 18:00,,http://utp.sberbank-ast.ru/VIP/NBT/PurchaseView/48/0/0/4202735,https://zakupki.kontur.ru/SBR028-2608210006,,итог не внесён,,,,,,,,,,,Республика Алтай,
0851200000626005619,06.10.2026 10:09,Поставка товаров / IT,Новосибирская обл.,Поставка портативных (носимых) взрывозащищенных радиостанций,"Государственное казенное учреждение Новосибирской обл. «Центр по обеспечению мероприятий в области гражданской обороны, чрезвычайных ситуаций и пожарной безопасности Новосибирской области»",44-ФЗ аукцион,"780 000,00",,31.08.2026 04:00,,https://zakupki.gov.ru/epz/order/notice/ea20/view/common-info.html?regNumber=0851200000626005619,https://zakupki.kontur.ru/0851200000626005619,,заключен,,4,"24,5%","589 100,00",Большаков Валентин Николаевич,,,,,,"обл. Новосибирская, г.о. город Новосибирск, г. Новосибирск, ул. Фабричная, д. 18","-24,5%
Большаков"
0151300008726000057,06.10.2026 10:09,Поставка товаров / IT,Новосибирская обл.,Поставка компьютерного оборудования,Администрация Здвинского Района Новосибирской обл.,44-ФЗ аукцион,"459 600,00",,31.08.2026 04:00,27.10.2026,https://zakupki.gov.ru/epz/order/notice/ea20/view/common-info.html?regNumber=0151300008726000057,https://zakupki.kontur.ru/0151300008726000057,,отменена,,,,,,,,,,,"обл. Новосибирская, м.р-н Здвинский, с.п. Здвинский сельсовет, с. Здвинск, ул. Мира, д. 13",
32616311543,06.10.2026 10:09,Электросети и освещение,Новосибирская обл.,"Выполнение комплекса мероприятий (ПИР, СМР, ПНР) по реконструкции ЛЭП-0,4 кВ от ТП-5037 путем строительства ЛЭП-0,4 кВ протяженностью 0,17 км для т/п ЭПУ ООО «ЮНИВЕРС», г. Новосибирск, ул. Народная, д. 20",Акционерное общество «Региональные Электрические Сети»,223-ФЗ,"2 421 973,06",,31.08.2026 10:00,,https://zakupki.gov.ru/epz/order/extendedsearch/results.html?searchString=32616311543,https://zakupki.kontur.ru/32616311543,,заключен,,7,"44,3%","1 350 000,00",№,,,,,,Согласно закупочной документации,"-44,30%"
32616311425,06.10.2026 10:09,Электросети и освещение,Новосибирская обл.,"Выполнение комплекса мероприятий (ПИР, СМР, ПНР) по реконструкции ЛЭП-0,4 кВ ф.1 ТП-10/0,4 кВ №2Н-123 протяженностью 0,24 км для т/п ИП Гребенщикова И.Е., НСО, Новосибирский рн, с. Верх-Тула",Акционерное общество «Региональные Электрические Сети»,223-ФЗ,"1 028 478,00",,31.08.2026 10:00,,https://zakupki.gov.ru/epz/order/extendedsearch/results.html?searchString=32616311425,https://zakupki.kontur.ru/32616311425,,не состоялась,одна заявка,1,,,,,,,,,Согласно закупочной документации,один допущенный
0851200000626005607,06.10.2026 10:09,Электросети и освещение,Новосибирская обл.,"Установка освещения по ул. Садовая в с. Кыштовка, Кыштовский район, Новосибирская область (в рамках мероприятий по содержанию)",Администрация Кыштовского сельсовета Кыштовского района Новосибирской обл.,44-ФЗ аукцион,"2 333 408,95",,31.08.2026 04:00,30.11.2026,https://zakupki.gov.ru/epz/order/notice/ea20/view/common-info.html?regNumber=0851200000626005607,https://zakupki.kontur.ru/0851200000626005607,,не состоялась,одна заявка,1,"0,0%","2 333 408,95",Тарасов Дмитрий Николаевич,,,,,,"обл. Новосибирская, м.р-н Кыштовский, с.п. Кыштовский сельсовет, с. Кыштовка, ул. Садовая",одна заявка (Тарасов)
0351100009826000138,06.10.2026 10:09,Поставка товаров / IT,Новосибирская обл.,Поставка интерактивных панелей (08-04-Ю6 Обновление инфраструктуры),Федеральное государственное бюджетное Образовательное учреждение Высшего Образования «Новосибирский Государственный Педагогический Университет»,44-ФЗ аукцион,"2 104 890,18",,31.08.2026 04:00,30.11.2026,https://zakupki.gov.ru/epz/order/notice/ea20/view/common-info.html?regNumber=0351100009826000138,https://zakupki.kontur.ru/0351100009826000138,,заключен,,13,"43,5%","1 189 179,16",ООО «Т-Гекко»,,,,,,"обл. Новосибирская, г.о. город Новосибирск, г. Новосибирск, ул. Вилюйская, д. 28","-43,5%
Т-Гекко"
0151300033726000155,06.10.2026 10:10,Дороги,Новосибирская обл.,Устранение коллейности на мостовых сооружениях г.Искитима,Муниципальное бюджетное учреждение «Управление благоустройства и дорожного хозяйства» г. Искитима Новосибирской области,44-ФЗ аукцион,"1 405 560,28",,31.08.2026 04:00,31.12.2026,https://zakupki.gov.ru/epz/order/notice/ea20/view/common-info.html?regNumber=0151300033726000155,https://zakupki.kontur.ru/0151300033726000155,,заключен,,2,"0,5%","1 398 532,47",Кроян Ашот Размикович,,,,,,"обл. Новосибирская, г.о. город Искитим, мостовые сооружения г.Искитима","снижение -0,5%"
SBR028-2608190004,06.10.2026 10:10,Поставка товаров / IT,Новосибирская обл.,Поставка ПК Apple Mac Studio,Общество с ограниченной ответственностью «ДубльГис»,Коммерческая,"15 449 200,00",,31.08.2026 12:00,,http://utp.sberbank-ast.ru/VIP/NBT/PurchaseView/29/0/0/4199857,https://zakupki.kontur.ru/SBR028-2608190004,,итог не внесён,,,,,,,,,,,Новосибирская область,
SBR028-2608190023,06.10.2026 10:10,Поставка товаров / IT,Новосибирская обл.,Поставка ноутбуков Lenovo и MacBook,Общество с ограниченной ответственностью «ДубльГис»,Коммерческая,"81 935 720,00",,31.08.2026 12:00,,http://utp.sberbank-ast.ru/VIP/NBT/PurchaseView/29/0/0/4200299,https://zakupki.kontur.ru/SBR028-2608190023,,итог не внесён,,,,,,,,,,,Новосибирская область,
SBR028-2608190026,06.10.2026 10:10,Поставка товаров / IT,Новосибирская обл.,"Поставка ноутбуков MacBook для ООО ""ДубльГИС""",Общество с ограниченной ответственностью «ДубльГис»,Коммерческая,"5 985 282,00",,31.08.2026 12:00,,http://utp.sberbank-ast.ru/VIP/NBT/PurchaseView/29/0/0/4200315,https://zakupki.kontur.ru/SBR028-2608190026,,итог не внесён,,,,,,,,,,,Новосибирская область,
COM26082600143,06.10.2026 10:10,Электросети и освещение,Москва и МО,"Ценовой отбор в электронной форме на право заключения договора на выполнение комплекса проектно-изыскательских (ПИР) и строительно-монтажных работ (СМР) по строительству волоконно-оптической линии связи (ВОЛС) для нужд ООО ""М100""",Общество с ограниченной ответственностью «Дата Центр М100»,Коммерческая,"82 776 406,41",,04.09.2026 15:10,,https://www.roseltorg.ru/procedure/COM26082600143?utm_source=kontur_zakupki&utm_medium=referral&utm_campaign=etp&utm_referrer=https%253A%252F%252Fzakupki.kontur.ru,https://zakupki.kontur.ru/IS71325568,,итог не внесён,,,,,,,,,,,"Согласно документации Адрес поставки из документов Московская область, г Домодедово Московская область Центральный Федеральный Округ Показать в документах",
32616310780,06.10.2026 10:10,Электросети и освещение,Новосибирская обл.,Выполнение работ по огнезащитной обработке кабельных линий на объектах филиала АО «РЭС» «Черепановские электрические сети»,Акционерное общество «Региональные Электрические Сети»,223-ФЗ,"680 843,74",,02.09.2026 10:00,,https://zakupki.gov.ru/epz/order/extendedsearch/results.html?searchString=32616310780,https://zakupki.kontur.ru/32616310780,,не состоялась,одна заявка,1,,,,,,,,,В соответствии с закупочной документацией,одна заявка
32616318522,06.10.2026 10:10,Барьеры / БДД / ограждения,Новосибирская обл.,"Выполнение комплекса мероприятий (ПИР, СМР, ПНР) по реконструкции ПС 110 кВ Средний Алеус в части замены сетчатого ограждения по периметру ПС протяженностью 180 м, установка 2-ух распашных двухстворчатых ворот и калитки",Акционерное общество «Региональные Электрические Сети»,223-ФЗ,"5 422 772,28",,02.09.2026 10:00,,https://zakupki.gov.ru/epz/order/extendedsearch/results.html?searchString=32616318522,https://zakupki.kontur.ru/32616318522,,не состоялась,одна заявка,1,,,,,,,,,Согласно закупочной документации,нет допущенных
0819300038026000274,06.10.2026 10:10,Благоустройство и озеленение,Красноярский край / Хакасия / Тыва,"Благоустройство общественной территории ""Городской сквер"" (установка деревянной горки) (работы, не относящиеся к капитальному строительству и капитальному ремонту)",Муниципальное казённое учреждение «Служба единого заказчика-застройщика»,44-ФЗ аукцион,"4 740 000,00",,02.09.2026 05:00,30.12.2026,https://zakupki.gov.ru/epz/order/notice/ea20/view/common-info.html?regNumber=0819300038026000274,https://zakupki.kontur.ru/0819300038026000274,,не состоялась,одна заявка,1,"0,0%","4 740 000,00",ООО «Твой День»,,,,,,"край Красноярский, г.о. ЗАТО город Зеленогорск, г. Зеленогорск, На территории ЗАТО г. Зеленогорск Красноярского края",один участник(Твой День)
32616319438,06.10.2026 10:10,"Здания, монолит, фундаменты",Новосибирская обл.,"Выполнение работ по строительству фундаментов под пресс-компактор, эстакаду и рельсовый путь объекта «Мусороперегрузочная станция мощностью 75 тысяч тонн ТКО на территории Верх-Тулинского сельсовета Новосибирской области»",Акционерное общество «Спецавтохозяйство»,223-ФЗ,"4 553 408,01",,02.09.2026 05:00,,https://zakupki.gov.ru/epz/order/extendedsearch/results.html?searchString=32616319438,https://zakupki.kontur.ru/32616319438,,заключен,,3,"3,5%","4 394 038,66",№,,,,,,"Новосибирская область, Верх-Тулинский сельсовет, земельный участок с кадастровым номером 54:19:062302:42.","-3,50%"
0351300107026000146,06.10.2026 10:10,Мосты и ИССО,Новосибирская обл.,Выполнение работ по капитальному ремонту моста через р. Иня по ул. Эйхе в г. Новосибирске,Муниципальное казенное учреждение г. Новосибирска «Гормост»,44-ФЗ аукцион,"502 832 869,01",30%,08.09.2026 04:00,22.12.2028,https://zakupki.gov.ru/epz/order/notice/ea20/view/common-info.html?regNumber=0351300107026000146,https://zakupki.kontur.ru/0351300107026000146,,итог не внесён,никого не допустили,,,,,,,,,,"обл. Новосибирская, г.о. город Новосибирск, г. Новосибирск, Российская Федерация, г. Новосибирск, Первомайский район; Новосибирский район, с. Новолуговое мост через р. Иня по ул. Эйхе.",нет допущенных
4578056,06.10.2026 10:11,Благоустройство и озеленение,Москва и МО,"Выполнение свайных работ по объекту: «Строительство парково-складской зоны и объектов инженерной инфраструктуры по адресу: Московская область, г. Балашиха».",Общество с ограниченной ответственностью «Мд Строй»,Коммерческая,,,02.09.2026 12:00,,https://www.b2b-center.ru/market/view.html?id=4578056&utm_source=kontur&utm_medium=referral&utm_campaign=ref_id&key=skb-34e3b000f4c34e609360b36c3bdc66eb826d428a,https://zakupki.kontur.ru/4578056_4,,итог не внесён,,,,,,,,,,,"143900, Россия, Московская обл, г. Балашиха",
0851200000626005665,06.10.2026 10:11,"Вода, тепло, газ, канализация",Новосибирская обл.,Выполнение работ по завершению строительства объекта: «Строительство комплекса сооружений очистки подземных вод р. п. Ордынское Ордынского района Новосибирской области»,Администрация рабочего поселка Ордынское Ордынского района Новосибирской обл.,44-ФЗ аукцион,"72 089 815,71",10%,02.09.2026 04:00,29.12.2026,https://zakupki.gov.ru/epz/order/notice/ea20/view/common-info.html?regNumber=0851200000626005665,https://zakupki.kontur.ru/0851200000626005665,0851200000626005078,не состоялась,одна заявка,1,,,,,,,,,"обл. Новосибирская, м.р-н Ордынский, г.п. рабочий поселок Ордынское, рп. Ордынское, ул. Кирова, д. 98а",нет допущенных
0339300000126000578,06.10.2026 10:11,Барьеры / БДД / ограждения,Кемеровская обл. (Кузбасс),Выполнение работ по повышению уровня безопасности дорожного движения (изготовление (приобретение) и установка дорожных знаков) на объектах улично-дорожной сети г. Кемерово,Управление дорожного хозяйства и благоустройства администрации г. Кемерово,44-ФЗ котировки,"5 750 000,00",,03.09.2026 06:00,30.11.2026,https://zakupki.gov.ru/epz/order/notice/zk20/view/common-info.html?regNumber=0339300000126000578,https://zakupki.kontur.ru/0339300000126000578,,заключен,,2,"17,4%","4 750 000,00",МБУ «Цодд»,,,,,,"обл. Кемеровская область - Кузбасс, г. Кемерово, просп. Шахтеров - просп. Кузбасский; просп. Притомский - ул. Волгоградская; просп. Ленина - ул. Ворошилова; ул. Терешковой - бульвар им. Академика Л. Барбараша; ул. Терешковой - просп. Шахтеров. Показать полностью",ЦОДД
1234357,06.10.2026 10:11,Мосты и ИССО,Красноярский край / Хакасия / Тыва,"Укрепление подпорной стены для ж/д пути из Корпуса №2 ООО ""КраМЗ"".",Общество с ограниченной ответственностью Красноярский Металлургический Завод,Коммерческая,,,03.09.2026 23:00,,https://www.tender.pro/view_tender_public.shtml?tenderid=1234357&tab=common,https://zakupki.kontur.ru/IS71211802,,итог не внесён,,,,,,,,,,,,
0351300107026000147,06.10.2026 10:11,Мосты и ИССО,Новосибирская обл.,Выполнение работ по содержанию искусственных сооружений в городе Новосибирске,Муниципальное казенное учреждение г. Новосибирска «Гормост»,44-ФЗ аукцион,"14 999 924,16",,03.09.2026 04:00,31.12.2026,https://zakupki.gov.ru/epz/order/notice/ea20/view/common-info.html?regNumber=0351300107026000147,https://zakupki.kontur.ru/0351300107026000147,,не состоялась,одна заявка,1,"0,0%","14 999 924,16",ООО «Цап»,,,,,,"обл. Новосибирская, г.о. город Новосибирск, г. Новосибирск, Перечень искусственных сооружений указан в приложении №2 к проекту муниципального контракта (приложение №1 к извещению об осуществлении закупки)",один участник
2400700253226000001,06.10.2026 10:11,Поставка товаров / IT,Новосибирская обл.,Ноутбук,Акционерное общество «Сибгазмаш»,44-ФЗ аукцион,"8 496 633,00",,25.09.2026 14:55,,https://zakupki.gov.ru/epz/order/notice/ea20/view/common-info.html?regNumber=2400700253226000001,https://zakupki.kontur.ru/2400700253226000001,,итог не внесён,,,,,,,,,,,"обл. Новосибирская, г.о. город Новосибирск, г. Новосибирск, пр-кт Красный, д. 99",
32616304260,06.10.2026 10:20,Поставка товаров / IT,Новосибирская обл.,Поставка выключателей вакуумных 35 кВ,Акционерное общество «Региональные Электрические Сети»,223-ФЗ,"7 991 000,00",,07.09.2026 10:00,,https://zakupki.gov.ru/epz/order/extendedsearch/results.html?searchString=32616304260,https://zakupki.kontur.ru/32616304260,,заключен,,,"2,3%","7 808 000,00",№,,,,,,Согласно документации,"-2,30%"
0351100008926000166,06.10.2026 10:20,Мосты и ИССО,Республика Алтай,"Выполнение работ по объекту: «Расходы на мероприятия по повышению уровня обустройства автомобильных дорог федерального значения. Устройство стационарного электрического освещения на автомобильной дороге Р-256 ""Чуйский тракт"" Новосибирск - Барнаул - Горно-Алтайск - граница с Монголией, подъезд к оз. Телецкому на участках км 31+813 - км 32+910 (с. Сухой Карасук), км 42+750 - км 47+819 (с. Паспаул), км 53+260 - км 54+825 (с. Левинка), км 92+850 - км 95+300 (с. Ускуч), км 112+195 - км 112+660 (мост через р. Бия, с. Верх-Бийск), км 119+314 - км 119+385 (мост через р. Тулой), км 133+533 - км 138+380 (с. Кебезень), Республика Алтай»",Федеральное казенное учреждение «Федеральное управление автомобильных дорог «Сибирь» Федерального дорожного агентства»,44-ФЗ конкурс,"393 457 961,00",20%,14.09.2026 05:00,10.11.2027,https://zakupki.gov.ru/epz/order/notice/ok20/view/common-info.html?regNumber=0351100008926000166,https://zakupki.kontur.ru/0351100008926000166,,заключен,,2,"4,5%","375 750 000,00",ПАО «Ростелеком»,,,,,,"респ. Алтай, автомобильная дорога Р-256 ""Чуйский тракт"" Новосибирск - Барнаул - Горно-Алтайск - граница с Монголией, подъезд к оз. Телецкому на участках км 31+813 - км 32+910 (с. Сухой Карасук), км 42+750 - км 47+819 (с. Паспаул), км 53+260 - км 54+825 (с. Левинка), км 92+850 - км 95+300 (с. Ускуч), км 112+195 - км 112+660 (мост через р. Бия, с. Верх-Бийск), км 119+314 - км 119+385 (мост через р. Тулой), км 133+533 - км 138+380 (с. Кебезень) Показать полностью","-4,50%"
0139200000126010370,06.10.2026 10:20,Дороги,Кемеровская обл. (Кузбасс),"Выполнение работ по капитальному ремонту автомобильных дорог: устройство автобусных остановок на автомобильной дороге Подъезд к д.Пугачи, км 3.",Государственное казенное учреждение «Дирекция Автомобильных Дорог Кузбасса»,44-ФЗ аукцион,"6 101 408,84",,04.09.2026 03:00,18.01.2027,https://zakupki.gov.ru/epz/order/notice/ea20/view/common-info.html?regNumber=0139200000126010370,https://zakupki.kontur.ru/0139200000126010370,,не состоялась,нет заявок,,,,,,,,,,"обл. Кемеровская область - Кузбасс, Автомобильная дорога «Подъезд к д.Пугачи», км 3.",нет допущенных
32616322772,06.10.2026 10:20,Электросети и освещение,Иркутская обл. / Бурятия / Забайкалье,Выполнение работ по капитальному ремонту ВЛ с расчисткой трассы от кустарника и мелколесья на ВЛ 35-220 кВ участок МУ-Култук,Акционерное общество «Иркутская Электросетевая Компания»,223-ФЗ,"3 165 796,49",,10.09.2026 10:00,,https://zakupki.gov.ru/epz/order/extendedsearch/results.html?searchString=32616322772,https://zakupki.kontur.ru/32616322772,,заключен,,2,"2,6%","3 084 444,44",№,,,,,,Согласно закупочной документации,"-2,60%"
0139200000126010368,06.10.2026 10:21,Дороги,Кемеровская обл. (Кузбасс),"Выполнение работ по содержанию автомобильных дорог: освобождение покрытия автомобильных дорог в Таштагольском муниципальном округе от объектов, препятствующих проезду транспортных средств.",Государственное казенное учреждение «Дирекция Автомобильных Дорог Кузбасса»,44-ФЗ аукцион,"21 342 912,61",,04.09.2026 03:00,22.01.2027,https://zakupki.gov.ru/epz/order/notice/ea20/view/common-info.html?regNumber=0139200000126010368,https://zakupki.kontur.ru/0139200000126010368,,не состоялась,один допущенный,2,"1,0%","21 129 483,47",ООО «СтройАрсенал»,,,,,,"обл. Кемеровская область - Кузбасс, Автомобильные дороги: Кузедеево-Мундыбаш-Таштагол, Чугунаш-Кондома, Кондома-Карагол, Шерегеш-Суета, Суета-Усть Анзас, Турочак-Таштагол, Таштагол-Ключевой, Ключевой-Чулеш, Таштагол-Усть Кабырза.",один участник
0139200000126010412,06.10.2026 10:21,Дороги,Кемеровская обл. (Кузбасс),Выполнение работ по капитальному ремонту автомобильных дорог: замена барьерного ограждения на автомобильных дорогах общего пользования регионального или межмуниципального значения в Промышленновском муниципальном округе.,Государственное казенное учреждение «Дирекция Автомобильных Дорог Кузбасса»,44-ФЗ аукцион,"6 344 744,90",,14.09.2026 03:00,04.12.2026,https://zakupki.gov.ru/epz/order/notice/ea20/view/common-info.html?regNumber=0139200000126010412,https://zakupki.kontur.ru/0139200000126010412,,не состоялась,одна заявка,1,"0,0%","6 344 744,90",ООО «Техснаб»,,,,,,"обл. Кемеровская область - Кузбасс, Автомобильные дороги: «Окунёво-Усть-Каменка-Абышево»-Васьково км 2-3, подъезд (1) км 1-2; Промышленная-Лебеди км 12-13.",один участник
4581540,06.10.2026 10:21,Дороги,Иркутская обл. / Бурятия / Забайкалье,Выполнение работ по устройству асфальтирования по бетонному основанию дороги S-1260 м2,Общество с ограниченной ответственностью «Группа Полипластик»,Коммерческая,,,10.09.2026 12:00,,https://www.b2b-center.ru/market/view.html?id=4581540&utm_source=kontur&utm_medium=referral&utm_campaign=ref_id&key=skb-34e3b000f4c34e609360b36c3bdc66eb826d428a,https://zakupki.kontur.ru/4581540_4,,итог не внесён,,,,,,,,,,,"665800, Россия, Иркутская обл, г. Ангарск, тер. Первый промышленный массив, д. 24",
369-039,06.10.2026 10:21,Мосты и ИССО,Кемеровская обл. (Кузбасс),Юрга. Проектирование и СМР подпорной стенки,Общество с ограниченной ответственностью «Вайлдберриз»,Коммерческая,,,08.09.2026 12:00,,https://bidzaar.com/process/light/01a0486e-3ca0-7289-b72e-99cb4c654e6d?utm_source=kontur_zakupki&utm_medium=referral&utm_campaign=etp&utm_referrer=https%253A%252F%252Fzakupki.kontur.ru,https://zakupki.kontur.ru/IS71587694,,итог не внесён,,,,,,,,,,,"город Юрга, Кемеровская область - Кузбасс, Россия (Кемеровская область - Кузбасс, городской округ Юргинский, город Юрга, улица Тальская, часть земельного участка 70)",
4578485,06.10.2026 10:21,Мосты и ИССО,Красноярский край / Хакасия / Тыва,Выполнение работ по покраске металлических пролетных строений мостового перехода через р. Хам-Сыра,Общество с ограниченной ответственностью «Инфрадорстрой»,Коммерческая,,,07.09.2026 08:00,,https://www.b2b-center.ru/app/market/vypolnenie-rabot-po-pokraske-metallicheskikh-proletnykh-stroenii/tender-4578485/?utm_source=kontur&utm_medium=referral&utm_campaign=ref_id&key=skb-34e3b000f4c34e609360b36c3bdc66eb826d428a,https://zakupki.kontur.ru/4578485_458,,итог не внесён,,,,,,,,,,,"Респ Тыва, Тоджинский р-н",частная
32616312405,06.10.2026 10:21,Электросети и освещение,Новосибирская обл.,"Поставка и монтаж модульного отделения почтовой связи площадью 41.8 кв. м (МОПС 671510) для нужд УФПС Республики Бурятия АО ""Почта России""",Уфпс Новосибирской обл.,223-ФЗ,"9 950 000,00",,08.09.2026 09:00,,https://zakupki.gov.ru/223/purchase/public/purchase/info/common-info.html?regNumber=32616312405,https://zakupki.kontur.ru/32616312405,,итог не внесён,,,,,,,,,,,Новосибирская область,
32616312025,06.10.2026 10:21,Электросети и освещение,Новосибирская обл.,"Поставка и монтаж модульных отделений почтовой связи площадью 25,5 кв.м (МОПС 674100, МОПС 674170, МОПС 674660) для нужд УФПС Забайкальского края АО ""Почта России"".",Уфпс Новосибирской обл.,223-ФЗ,"19 971 218,76",,08.09.2026 09:00,,https://zakupki.gov.ru/223/purchase/public/purchase/info/common-info.html?regNumber=32616312025,https://zakupki.kontur.ru/32616312025,,итог не внесён,,,,,,,,,,,,
0851200000626005782,06.10.2026 10:21,Мосты и ИССО,Новосибирская обл.,Выполнение работ по ремонту водопропускной трубы на км 267+661 автомобильной дороги «Новосибирск – Кочки – Павлодар (в пред. РФ)» в Краснозерском районе Новосибирской области,Государственное казенное учреждение Новосибирской обл. «Территориальное управление автомобильных дорог Новосибирской области»,44-ФЗ аукцион,"12 575 965,81",,08.09.2026 04:00,17.12.2026,https://zakupki.gov.ru/epz/order/notice/ea20/view/common-info.html?regNumber=0851200000626005782,https://zakupki.kontur.ru/0851200000626005782,,не состоялась,одна заявка,1,"0,0%","12 575 965,81",ООО ПК «Инвестстройпроект»,,,,,,"обл. Новосибирская, а/д «Новосибирск – Кочки – Павлодар (в пред. РФ)» в Краснозерском районе Новосибирской области, км 267+661","одна заявка
ПК «Инвестстройпроект»"
0151300036826000033,06.10.2026 10:21,Благоустройство и озеленение,Новосибирская обл.,Благоустройство парковой зоны по улице Набережная города Болотное Болотнинского района Новосибирской области (1 этап),Администрация г. Болотное Болотнинского района Новосибирской обл.,44-ФЗ аукцион,"80 894 119,07",,08.09.2026 04:00,31.12.2026,https://zakupki.gov.ru/epz/order/notice/ea20/view/common-info.html?regNumber=0151300036826000033,https://zakupki.kontur.ru/0151300036826000033,,не состоялась,нет заявок,,,,,,,,,,"обл. Новосибирская, м.р-н Болотнинский, г.п. город Болотное, г. Болотное, ул. Набережная, ул. Набережная (Кадастровые номера земельных участков 54:03:000000:1437, 54:03:020801:5493).",Нет допущенных участников
0148200005426000374,06.10.2026 10:21,"Вода, тепло, газ, канализация",Москва и МО,"Выполнение работ и оказание услуг, связанных с одновременным выполнением инженерных изысканий, подготовкой проектной документации, выполнением работ по строительству местных трубопроводов горячей воды по мероприятию: «Строительство участков тепловой сети по адресу: Московская область, г. Пересвет, от котельной до камеры (в т.ч. ПИР)»",Муниципальное бюджетное учреждение «Развитие» Сергиево-Посадского Городского Округа Московской Области,44-ФЗ конкурс,"139 746 000,00",30%,14.09.2026 10:00,,https://zakupki.gov.ru/epz/order/notice/ok20/view/common-info.html?regNumber=0148200005426000374,https://zakupki.kontur.ru/0148200005426000374,,не состоялась,один допущенный,2,"0,0%","139 746 000,00",ООО «Каскад-Энерго»,,,,,,"обл. Московская, г.о. Сергиево-Посадский, г.Пересвет","допущенн только один участник
Каскад-Энерго"
0851300000126000287,06.10.2026 10:22,Благоустройство и озеленение,Новосибирская обл.,Благоустройство общественной территории в городе Бердске «Парк Победы»,Муниципальное казенное учреждение «Управление жилищно-коммунального хозяйства» г.Бердска,44-ФЗ аукцион,"10 908 996,72",1%,09.09.2026 04:00,15.07.2027,https://zakupki.gov.ru/epz/order/notice/ea20/view/common-info.html?regNumber=0851300000126000287,https://zakupki.kontur.ru/0851300000126000287,,заключен,,4,"10,5%","9 763 551,93",ООО «Эл Групп»,,,,,,"обл. Новосибирская, г.о. город Бердск, г. Бердск, ул. Спортивная, 10.","-10,5%
Эл Групп"
0151300055426000023,06.10.2026 10:22,Барьеры / БДД / ограждения,Новосибирская обл.,"Установка (монтаж) ограждения территории, расположенной по адресу: г. Новосибирск, ул. Выборная, 91а",Муниципальное бюджетное учреждение Дополнительного Образования г. Новосибирска «Спортивная Школа по Горнолыжному Спорту и Сноуборду»,44-ФЗ аукцион,"2 195 003,22",,09.09.2026 04:00,,https://zakupki.gov.ru/epz/order/notice/ea20/view/common-info.html?regNumber=0151300055426000023,https://zakupki.kontur.ru/0151300055426000023,,заключен,,9,"25,0%","1 646 252,26",ООО «Таёжный Двор»,,,,,,"обл. Новосибирская, г.о. город Новосибирск, г. Новосибирск, ул. Выборная, д. 91А","-25%
Таёжный Двор"
5571079,06.10.2026 10:22,Электросети и освещение,Новосибирская обл.,Выполнение работ по расчистке трассы ЛЭП 220кВ на участке от опоры №5 до опоры №10 ПС «Узловая» - ПС «220/06» от древесно-кустарниковой растительности для нужд филиала «Участок №2» АО СМНУ-70 в 2026г.,Акционерное общество «Специализированное Монтажно-Наладочное Управление № 70»,Коммерческая,,,16.10.2026 15:00,,https://fabrikant.ru/v2/trades/procedure/view/u09wWxzxHYz4oTPXPx_MrQ,https://zakupki.kontur.ru/5571079,,идёт приём,,,,,,,,,,,"Место поставки товара, работ, услуг: 630027, Россия, Новосибирская область, НОВОСИБИРСК, ДУНАЕВСКОГО, Д.16",
0351600000326000058,06.10.2026 10:22,Дороги,Новосибирская обл.,Выполнение работ по отсыпке пешеходной дорожки в р.п. Кольцово Новосибирской области,Муниципальное бюджетное учреждение «Фасад»,44-ФЗ аукцион,"1 027 795,37",,09.09.2026 04:00,31.12.2026,https://zakupki.gov.ru/epz/order/notice/ea20/view/common-info.html?regNumber=0351600000326000058,https://zakupki.kontur.ru/0351600000326000058,,заключен,,11,"31,1%","708 446,41",Алиев Гамид Мирза Оглы,,,,,,"обл. Новосибирская, г.о. рабочий поселок Кольцово, рп. Кольцово, Новосибирская область, рабочий поселок Кольцово, между микрорайонами V и IX в соответствии со Схемой)","-31,1%
Алиев"
0817200000326013261,06.10.2026 10:22,Дороги,Алтайский край,Выполнение работ по капитальному ремонту и содержанию автомобильной дороги К-20 Поспелиха - Новичиха- Волчиха км 92+264 - км 95+160 с. Солоновка Волчихинского района ( устройство электроосвещения ) на период 2026-2028 гг. (контракт жизненного цикла),Краевое государственное казенное учреждение «Управление автомобильных дорог Алтайского края»,44-ФЗ аукцион,"16 270 169,00",10%,09.09.2026 03:00,20.12.2028,https://zakupki.gov.ru/epz/order/notice/ea20/view/common-info.html?regNumber=0817200000326013261,https://zakupki.kontur.ru/0817200000326013261,,заключен,,2,"0,5%","16 188 818,15",ООО «Энергосервис»,,,,,,"край Алтайский, автомобильной дороги К-20 Поспелиха - Новичиха- Волчиха км 92+264 - км 95+160 с. Солоновка Волчихинского района","-0,5%
ПК «Инвестстройпроект»"
32616322732,06.10.2026 10:22,Электросети и освещение,Красноярский край / Хакасия / Тыва,"Выполнение работ по капитализируемому ремонту линейного объекта КЛ-6кВ ГПП-25 АО «НТЭК», лот 136/26 (ЭТО-КРЛО-2026-1)",Акционерное общество «Норильско-Таймырская Энергетическая Компания»,223-ФЗ,"299 762 425,68",,10.09.2026 12:00,,https://zakupki.gov.ru/epz/order/extendedsearch/results.html?searchString=32616322732,https://zakupki.kontur.ru/32616322732,,идёт приём,,,,,,,,,,,"В соответствии с документацией о закупке Адрес поставки из документов Красноярский край, г Норильск Красноярский край Сибирский Федеральный Округ Показать в документах",
32616321736,06.10.2026 10:22,Электросети и освещение,Прочие регионы,"Право заключения договора на разработку РД, выполнение СМР, ПНР с поставкой оборудования по титулу: «Строительство КРУН-10 кВ, установка двух блок-трансформаторов на ПС 220 кВ Кедрово для осуществления технологического присоединения объектов ПАО «Россети МР».",Публичное акционерное общество «Федеральная Сетевая Компания - Россети»,223-ФЗ,"216 948 440,00",,21.09.2026 13:00,,https://zakupki.gov.ru/epz/order/extendedsearch/results.html?searchString=32616321736,https://zakupki.kontur.ru/32616321736,,не состоялась,другое,1,,,,,,,,,В соответствии с документацией о закупке,
0380200000126006551,06.10.2026 10:22,Мосты и ИССО,Красноярский край / Хакасия / Тыва,"Выполнение работ по капитальному ремонту отмостки, включая бетонирование и ограждение подпорного вала, цоколя, входа в подвал здания ГБУЗ РХ ""Копьевская РБ""",Государственное бюджетное учреждение Здравоохранения Республики Хакасия «Копьёвская Районная Больница»,44-ФЗ котировки,"8 355 167,93",,10.09.2026 04:00,31.12.2026,https://zakupki.gov.ru/epz/order/notice/zk20/view/common-info.html?regNumber=0380200000126006551,https://zakupki.kontur.ru/0380200000126006551,,не состоялась,нет заявок,,,,,,,,,,"респ. Хакасия, 655250 Республика Хакасия, Орджоникидзевский район, п. Копьёво, ул. Зеленая № 50",Нет допущенных участников
0351300107026000150,06.10.2026 10:22,Мосты и ИССО,Новосибирская обл.,"Устройство лестничного схода ул. Пермская, 59 в г. Новосибирске",Муниципальное казенное учреждение г. Новосибирска «Гормост»,44-ФЗ котировки,"2 504 056,58",30%,16.09.2026 04:00,17.12.2026,https://zakupki.gov.ru/epz/order/notice/zk20/view/common-info.html?regNumber=0351300107026000150,https://zakupki.kontur.ru/0351300107026000150,,не состоялась,один допущенный,2,"24,0%","2 504 056,58",ООО «Сибирская Дорожная Компания»,,,,,,"обл. Новосибирская, г.о. город Новосибирск, г. Новосибирск, Ленинский район, ул. Пермская, 59",только один допущенный
0851200000626005815,06.10.2026 10:22,Мосты и ИССО,Новосибирская обл.,"Выполнение работ по ремонту водопропускной трубы на а/д «155 км а/д ""К-02"" - Сергеевка - Воскресенка» в Кыштовском районе Новосибирской области",Государственное казенное учреждение Новосибирской обл. «Территориальное управление автомобильных дорог Новосибирской области»,44-ФЗ аукцион,"20 416 007,65",,10.09.2026 04:00,10.08.2027,https://zakupki.gov.ru/epz/order/notice/ea20/view/common-info.html?regNumber=0851200000626005815,https://zakupki.kontur.ru/0851200000626005815,,не состоялась,одна заявка,1,"0,0%","20 416 007,65",ООО «Новосибирскагропромдорстрой»,,,,,,"обл. Новосибирская, а/д «155 км а/д ""К-02"" - Сергеевка - Воскресенка» в Кыштовском районе Новосибирской области, участок работ км 29+135.46 – км 29+200.34, протяженностью 0,06488 км.","только одна заявка
Новосибирскагропромдорстрой"
32616326178,06.10.2026 10:23,Электросети и освещение,Москва и МО,Работы по изготовлению и монтажу общежития в рамках строительства Объекта: «Строительство линии скоростного подземно-наземного легкорельсового транспорта в г. Красноярске. Первый этап» Этап 2.11. «Электродепо» «Октябрьское»,"Акционерное общество «Научно-Исследовательский и Проектный Институт Гражданского Строительства, Благоустройства и Городского Дизайна «Моспроект-3»",223-ФЗ,"101 963 907,67",,11.09.2026 09:30,,https://zakupki.gov.ru/epz/order/extendedsearch/results.html?searchString=32616326178,https://zakupki.kontur.ru/32616326178,,заключен,,,"14,9%","86 748 100,00",№,,,,,,"В соответствии с документацией Адрес поставки из документов Красноярский край, г Красноярск Красноярский край Сибирский Федеральный Округ Показать в документах","-14,90%"
0334100007526000100,06.10.2026 7:26,Мосты и ИССО,Иркутская обл. / Бурятия / Забайкалье,"Ремонт моста через р. Хулугайма на км 201+550 автомобильной дороги А-333 Култук – Монды - граница с Монголией, Республика Бурятия.",Федеральное казенное учреждение «Управление Автомобильной Магистрали Красноярск - Иркутск Федерального Дорожного Агентства»,44-ФЗ конкурс,"76 103 603,00",10%,11.09.2026 03:00,15.11.2028,https://zakupki.gov.ru/epz/order/notice/ok20/view/common-info.html?regNumber=0334100007526000100,https://zakupki.kontur.ru/0334100007526000100,0334100007526000084,заключен,,2,"0,0%","76 103 603,00",ООО «СтатусСиб»,,,,,,"респ. Бурятия, км 201+550 автомобильной дороги А-333 Култук – Монды - граница с Монголией",0% (без снижения)
0817200000326013048,06.10.2026 10:23,Дороги,Алтайский край,"Выполнение проектно-изыскательских работ на капитальный ремонт автомобильной дороги Н-3313 подъезд к пос. Ильича км 0+276 - 5+870 с. Зудилово, км 13+900 - км 14+725 п. Ильича в Первомайском районе (устройство электроосвещения)",Краевое государственное казенное учреждение «Управление автомобильных дорог Алтайского края»,44-ФЗ конкурс,"4 908 211,00",,11.09.2026 03:00,02.02.2027,https://zakupki.gov.ru/epz/order/notice/ok20/view/common-info.html?regNumber=0817200000326013048,https://zakupki.kontur.ru/0817200000326013048,,заключен,,5,"50,1%","2 450 000,00",ООО «Энергострой»,,,,,,"край Алтайский, Автомобильная дорога Н-3313 подъезд к пос. Ильича км 0+276 - 5+870 с. Зудилово, км 13+900 - км 14+725 п. Ильича в Первомайском районе (устройство электроосвещения), а также по месту нахождения Подрядчика",-50%
32616326180,06.10.2026 10:23,Электросети и освещение,Москва и МО,"Выполнение комплекса строительных-монтажных работ по устройству фундаментной плиты ФПМ, монолитных полов и фундаментов (Фм, Кн, Бмф) главного корпуса, совмещенного с административно-бытовым корпусом депо на объекте:«Строительство линии скоростного подземно-надземного легкорельсового транспорта в г. Красноярске. Первый этап.» 2.11 Этап: «Электродепо «Октябрьское».","Акционерное общество «Научно-Исследовательский и Проектный Институт Гражданского Строительства, Благоустройства и Городского Дизайна «Моспроект-3»",223-ФЗ,"89 802 556,84",,11.09.2026 09:00,,https://zakupki.gov.ru/epz/order/extendedsearch/results.html?searchString=32616326180,https://zakupki.kontur.ru/32616326180,,не состоялась,нет заявок,,,,,,,,,,В соответствии с документацией,нет допущенных
0148200005426000379,06.10.2026 10:23,"Вода, тепло, газ, канализация",Москва и МО,"Выполнение работ и оказание услуг, связанных с одновременным выполнением инженерных изысканий, подготовкой проектной документации, выполнением работ по строительству водоводов и водоводных конструкций по объекту :«Строительство 2-ой нитки водовода в пгт. Томилино водовода диаметром 600 мм от повысительной насосной станции, расположенной по адресу: г.о. Люберцы, пгт. Томилино, ул. Пионерская, д. 16А до водопроводной камеры в районе дома №1 по ул. Гаршина (в т.ч. ПИР)»",Муниципальное учреждение «Управление Капитального Строительства» Городского Округа Люберцы Московской Области,44-ФЗ конкурс,"87 856 361,63",30%,11.09.2026 10:00,,https://zakupki.gov.ru/epz/order/notice/ok20/view/common-info.html?regNumber=0148200005426000379,https://zakupki.kontur.ru/0148200005426000379,,отменена,,,,,,,,,,,"обл. Московская, г.о. Люберцы, пгт. Томилино ул. Пионерская д. 16А",
0148200005426000377,06.10.2026 10:23,"Вода, тепло, газ, канализация",Москва и МО,"Выполнение работ и оказание услуг, связанных с одновременным выполнением инженерных изысканий, подготовкой проектной документации, выполнением работ по капитальному ремонту объекта теплоснабжения (кроме линейного) и поставкой оборудования, необходимого для обеспечения эксплуатации такого объекта по мероприятию «Капитальный ремонт котельной по адресу: Московская область, г. Руза, ул. Промзона, уч.1, стр.1 (в т.ч. ПИР)»",Администрация Рузского Муниципального Округа Московской обл.,44-ФЗ конкурс,"347 845 388,00",30%,11.09.2026 10:00,,https://zakupki.gov.ru/epz/order/notice/ok20/view/common-info.html?regNumber=0148200005426000377,https://zakupki.kontur.ru/0148200005426000377,,не состоялась,один допущенный,3,"0,0%","347 845 388,00",АО «ГК «Екс»,,,,,,"обл. Московская, м.о. Рузский, , г. Руза, ул. Промзона, уч.1, стр.1","допущен только один участник
АО «ГК «Екс»"
0119200000126015161,06.10.2026 10:23,Благоустройство и озеленение,Красноярский край / Хакасия / Тыва,"ЭА-№-14627/26 «Благоустройство территории КГКУ СО ""Краевой центр семьи и детей"", расположенного по адресу: Красноярский край, г. Красноярск, ул. Академика Павлова, 17»",Краевое государственное казенное учреждение Социального Обслуживания «Краевой Центр Семьи и Детей»,44-ФЗ аукцион,"39 064 879,02",,11.09.2026 04:00,31.12.2027,https://zakupki.gov.ru/epz/order/notice/ea20/view/common-info.html?regNumber=0119200000126015161,https://zakupki.kontur.ru/0119200000126015161,,заключен,,4,"27,0%","28 517 361,70",ООО «Аргстрой»,,,,,,"край Красноярский, КГКУ СО «Краевой центр семьи и детей»: 660003, г. Красноярск, ул. Академика Павлова, 17","-27%
Аргстрой"
4587759,06.10.2026 10:23,Мосты и ИССО,Кемеровская обл. (Кузбасс),Выбор Подрядной организации на оказание строительно-монтажных работ по устройству ж/б фундамента приемного бункера и подпорной стены дробильно-сортировочного комплекса по переработке известняка (инв. №20622) АО «Разрез Колыванский»,Акционерное общество «Разрез Колыванский»,Коммерческая,,,11.09.2026 10:00,,https://www.b2b-center.ru/app/market/vybor-podriadnoi-organizatsii-na-okazanie-stroitelno-montazhnykh-rabot/tender-4587759/?utm_source=kontur&utm_medium=referral&utm_campaign=ref_id&key=skb-34e3b000f4c34e609360b36c3bdc66eb826d428a,https://zakupki.kontur.ru/4587759_459,,итог не внесён,,,,,,,,,,,"Новосибирская обл, г. Новосибирск",
0851300008826000060,06.10.2026 10:23,Мосты и ИССО,Новосибирская обл.,Укрепление береговой линии на реке Елань в с. Еланка Еланского сельсовета Усть-Таркского района Новосибирской области,Администрация Еланского сельсовета Усть-Таркского района Новосибирской обл.,44-ФЗ аукцион,"3 199 516,52",,11.09.2026 04:00,14.12.2026,https://zakupki.gov.ru/epz/order/notice/ea20/view/common-info.html?regNumber=0851300008826000060,https://zakupki.kontur.ru/0851300008826000060,,не состоялась,нет заявок,,,,,,,,,,"обл. Новосибирская, м.р-н Усть-Таркский, с.п. Еланский сельсовет, с. Еланка, (по месту нахождения объекта)",нет допущенных
0351100008926000177,06.10.2026 10:23,Дороги,Республика Алтай,"«Дополнительные работы по оказанию услуг (выполнению работ) по содержанию автомобильной дороги общего пользования федерального значения Р-256 «Чуйский тракт» Новосибирск - Барнаул - Горно-Алтайск - граница с Монголией км 428+190 – км 943+153, км 943+538 – км 962+990, подъезд к г. Горно-Алтайску км 0+000 – км 4+381, подъезд к урочищу р. Урсул км 0+000 – км 21+500, участок строительства обхода с. Майма км 0+000 – км 2+320 и искусственных дорожных сооружений на ней, Республика Алтай».",Федеральное казенное учреждение «Федеральное управление автомобильных дорог «Сибирь» Федерального дорожного агентства»,44-ФЗ конкурс,"78 410 645,87",,14.09.2026 05:00,01.12.2026,https://zakupki.gov.ru/epz/order/notice/ok20/view/common-info.html?regNumber=0351100008926000177,https://zakupki.kontur.ru/0351100008926000177,,не состоялась,одна заявка,1,"0,0%","78 410 645,87",ООО «Стройсервис»,,,,,,"респ. Алтай, автомобильная дорога Р-256 «Чуйский тракт» Новосибирск - Барнаул - Горно-Алтайск - граница с Монголией км 428+190 – км 943+153, км 943+538 – км 962+990, подъезд к г. Горно-Алтайску км 0+000 – км 4+381, подъезд к урочищу р. Урсул км 0+000 – км 21+500, участок строительства обхода с. Майма км 0+000 – км 2+320. Показать полностью",один участник
32616327559,06.10.2026 10:23,Электросети и освещение,Новосибирская обл.,"Выполнение строительно-монтажных, пусконаладочных работ по строительству ЛЭП-10 кВ, КТПН-10/0,4 кВ, реконструкция Ф-11609 от ПС Бердская, РП-11 Бердск и ТП-10/0,4 кВ №71-40 для технологического присоединения энергопринимающих устройств заявителя ИП Дремин А.Н. по адресу: НСО, г.Бердск",Акционерное общество «Региональные Электрические Сети»,223-ФЗ,"31 865 234,92",,14.09.2026 10:00,,https://zakupki.gov.ru/epz/order/extendedsearch/results.html?searchString=32616327559,https://zakupki.kontur.ru/32616327559,,заключен,,4,"22,0%","24 854 000,00",№,,,,,,Согласно закупочной документации,-22%
0119300019826001717,06.10.2026 10:24,Мосты и ИССО,Красноярский край / Хакасия / Тыва,"Выполнение работ по укреплению склона по адресу г. Красноярск, ул. Ленина, 188","Муниципальное казенное учреждение г. Красноярска «Управление Дорог, Инфраструктуры и Благоустройства»",44-ФЗ аукцион,"36 379 890,00",,14.09.2026 05:00,31.01.2027,https://zakupki.gov.ru/epz/order/notice/ea20/view/common-info.html?regNumber=0119300019826001717,https://zakupki.kontur.ru/0119300019826001717,,не состоялась,нет заявок,,,,,,,,,,"край Красноярский, г.о. город Красноярск, ул. Ленина, 188",нет допущенных
0519100001426000105,06.10.2026 10:24,Дороги,Красноярский край / Хакасия / Тыва,Разработка проектной и рабочей документации на проведение капитального ремонта по объекту «Капитальный ремонт аэродрома «Хатанга» ФКП «Аэропорты Красноярья»,Федеральное казенное предприятие «Аэропорты Красноярья»,44-ФЗ аукцион,"47 672 120,34",,16.09.2026 05:00,30.04.2027,https://zakupki.gov.ru/epz/order/notice/ea20/view/common-info.html?regNumber=0519100001426000105,https://zakupki.kontur.ru/0519100001426000105,,не состоялась,одна заявка,1,"0,0%","47 672 120,34",ООО «РосИнсталПроект»,,,,,,"край Красноярский, по месту нахождения Подрядчика с выездом в филиал «Аэропорт «Хатанга» ФКП «Аэропорты Красноярья». Материалы, являющиеся результатом выполненных работ, передаются Заказчику по месту его нахождения. Филиал «Аэропорт «Хатанга» ФКП «Аэропорты Красноярья» расположен: 647460, Российская Федерация, Красноярский край, Таймырский Долгано-Ненецкий муниципальный округ, с. Хатанга, ул. Аэропортовская, д.2, территория филиала «Аэропорт «Хатанга» ФКП «Аэропорты Красноярья. Материалы, являющиеся результатом выполненных работ, передаются Заказчику по адресу: г. Красноярск, ул. Аэровокзальная, 24, пом. 15. Показать полностью","только одна заявка
РосИнсталПроект"
0851200000626005876,06.10.2026 10:24,Дороги,Новосибирская обл.,Выполнение работ по ремонту а/д «Чаны - Песчаное Озеро» в Чановском муниципальном округе Новосибирской области,Государственное казенное учреждение Новосибирской обл. «Территориальное управление автомобильных дорог Новосибирской области»,44-ФЗ аукцион,"78 973 996,05",,14.09.2026 04:00,26.09.2028,https://zakupki.gov.ru/epz/order/notice/ea20/view/common-info.html?regNumber=0851200000626005876,https://zakupki.kontur.ru/0851200000626005876,,заключен,,4,"32,0%","53 702 317,32",АО «Новосибирскавтодор»,,,,,,"обл. Новосибирская, а/д ""Чаны - Песчаное Озеро"" в Чановском муниципальном округе , участок работ км 38+220 - км 40+346; протяженность 2,126 км","-32%
Новосибирскавтодор"
0851200000626005870,06.10.2026 10:24,Дороги,Новосибирская обл.,"Выполнение работ по ремонту а/д ""Кольцово - Академгородок"" (км 13) в Новосибирском районе Новосибирской области (устройство светофорного объекта)",Государственное казенное учреждение Новосибирской обл. «Территориальное управление автомобильных дорог Новосибирской области»,44-ФЗ аукцион,"2 300 628,24",,14.09.2026 04:00,25.11.2026,https://zakupki.gov.ru/epz/order/notice/ea20/view/common-info.html?regNumber=0851200000626005870,https://zakupki.kontur.ru/0851200000626005870,,не состоялась,одна заявка,1,"0,0%","2 300 628,24",Верещагин Сергей Владимирович,,,,,,"обл. Новосибирская, а/д «Кольцово – Академгородок» (км 13) в Новосибирском районе","только одна заявка
Верещагин"
0380200000126006541,06.10.2026 10:24,Мосты и ИССО,Красноярский край / Хакасия / Тыва,Выполнение работ по ремонту моста через р. Уй км 16+169 автомобильной дороги Майна-Богословка в Бейском районе Республики Хакасия,Государственное казенное учреждение Республики Хакасия «Управление автомобильных дорог Республики Хакасия»,44-ФЗ аукцион,"7 148 922,56",30%,14.09.2026 07:00,31.12.2026,https://zakupki.gov.ru/epz/order/notice/ea20/view/common-info.html?regNumber=0380200000126006541,https://zakupki.kontur.ru/0380200000126006541,,не состоялась,один допущенный,2,"9,5%","6 468 802,59",ООО «Дсп «Аполлон»,,,,,,"респ. Хакасия, мост через р. Уй км 16+169 автомобильной дороги Майна – Богословка в Бейском районе Республики Хакасия",один допущенный участник
32616350608,06.10.2026 10:24,Мосты и ИССО,Алтайский край,"Выполнение субподрядных работ по ремонту искусственных сооружений на автомобильной дороге «Быканов Мост-Солоновка-Солонешное-граница Республики Алтай, км 58+000 - км 60+133, км 60+278 - км 60+725, км 60+834 - км 63+000 в Солонешенском районе»",Акционерное общество «Юго-Восточное Дорожно-Строительное Управление Алтайского Края»,223-ФЗ,"6 147 726,40",,14.09.2026 05:00,,https://zakupki.gov.ru/epz/order/extendedsearch/results.html?searchString=32616350608,https://zakupki.kontur.ru/32616350608,,не состоялась,одна заявка,1,,,,,,,,,"В соответствии с документацией о закупке Адрес поставки из документов Алтайский край, р-н Солонешенский, с Солонешное Алтайский край, р-н Солонешенский Алтайский край Сибирский Федеральный Округ Показать в документах",один участник
B0809261914101,06.10.2026 10:24,Барьеры / БДД / ограждения,Москва и МО,"Забуривание и погружение труб шпунтового ограждения котлована (ул. Кубинка, вл.16-1)",Общество с ограниченной ответственностью «Специализированный Застройщик «Реновация»,Коммерческая,"24 390 001,92",,15.09.2026 17:00,,https://www.roseltorg.ru/procedure/B0809261914101?utm_source=kontur_zakupki&utm_medium=referral&utm_campaign=etp&utm_referrer=https%253A%252F%252Fzakupki.kontur.ru,https://zakupki.kontur.ru/IS73460250,,итог не внесён,,,,,,,,,,,"Россия, г Москва Адрес поставки из документов Город Москва, п Московский, г. Московский Город Москва, п Московский Город Москва Центральный Федеральный Округ Показать в документах",
0177200000926002519,06.10.2026 10:24,Мосты и ИССО,Республика Алтай,Капитальный ремонт мостового перехода через р. Теректа на км 8+155 автомобильной дороги «Усть-Кокса – Теректа – Чендек»,Казенное учреждение Республики Алтай «Республиканское Управление Автомобильных Дорог Общего Пользования «Горно-Алтайавтодор»,44-ФЗ аукцион,"50 681 996,03",49%,16.09.2026 05:00,17.11.2027,https://zakupki.gov.ru/epz/order/notice/ea20/view/common-info.html?regNumber=0177200000926002519,https://zakupki.kontur.ru/0177200000926002519,,заключен,,4,"12,5%","44 346 746,53",ООО «Номэд»,,,,,,"респ. Алтай, Республика Алтай, Уть-Коксинский район, мостовой переход через р. Теректа на км 8+155 автомобильной дороги «Усть-Кокса – Теректа – Чендек».","-12,50%"
0177200000926002521,06.10.2026 10:24,Мосты и ИССО,Республика Алтай,Капитальный ремонт мостового перехода через р. Теректа на км 6+300 автомобильной дороги «Усть-Кокса – Теректа – Чендек»,Казенное учреждение Республики Алтай «Республиканское Управление Автомобильных Дорог Общего Пользования «Горно-Алтайавтодор»,44-ФЗ аукцион,"61 502 065,97",49%,16.09.2026 05:00,17.11.2027,https://zakupki.gov.ru/epz/order/notice/ea20/view/common-info.html?regNumber=0177200000926002521,https://zakupki.kontur.ru/0177200000926002521,,заключен,,2,"12,5%","53 814 307,72",ООО «Номэд»,,,,,,"респ. Алтай, Республика Алтай, Уть-Коксинский район, мостовой переход через р. Теректа на км 6+300 автомобильной дороги «Усть-Кокса – Теректа – Чендек».","-12,50%"
0177200000926002520,06.10.2026 10:24,Мосты и ИССО,Республика Алтай,Капитальный ремонт мостового перехода через р. Теректа на км 6+624 автомобильной дороги «Усть-Кокса – Теректа – Чендек»,Казенное учреждение Республики Алтай «Республиканское Управление Автомобильных Дорог Общего Пользования «Горно-Алтайавтодор»,44-ФЗ аукцион,"47 700 991,02",49%,16.09.2026 05:00,17.11.2027,https://zakupki.gov.ru/epz/order/notice/ea20/view/common-info.html?regNumber=0177200000926002520,https://zakupki.kontur.ru/0177200000926002520,,заключен,,4,"12,5%","41 738 367,02",ООО «Номэд»,,,,,,"респ. Алтай, Республика Алтай, Уть-Коксинский район, мостовой переход через р. Теректа на км 6+624 автомобильной дороги «Усть-Кокса – Теректа – Чендек».","-12,50%"
0373200086726000881,06.10.2026 10:25,Благоустройство и озеленение,Москва и МО,"Выполнение работ по устройству ледовой площадки, расположенной по адресу: г. Москва, 3-й Павелецкий пр., д.11",Государственное бюджетное учреждение г. Москвы «Жилищник Даниловского Района»,44-ФЗ аукцион,"10 725 048,96",,16.09.2026 09:00,24.11.2026,https://zakupki.gov.ru/epz/order/notice/ea20/view/common-info.html?regNumber=0373200086726000881,https://zakupki.kontur.ru/0373200086726000881,,заключен,,5,"23,2%","8 239 124,25",Диткин Михаил Юрьевич,,,,,,"г. Москва, вн.тер.г. муниципальный округ Даниловский, пр-д 3-й Павелецкий, д. 11 г. Москва, вн.тер.г. муниципальный округ Даниловский, пр-д 3-й Павелецкий, д. 11 г. Москва, вн.тер.г. муниципальный округ Даниловский, пр-д 3-й Павелецкий, д. 11 г. Москва, вн.тер.г. муниципальный округ Даниловский, пр-д 3-й Павелецкий, д. 11 г. Москва, вн.тер.г. муниципальный округ Даниловский, пр-д 3-й Павелецкий, д. 11 Показать еще 1 место поставки","-23,2%
Диткин"
0800500022026000006,06.10.2026 10:25,Благоустройство и озеленение,Красноярский край / Хакасия / Тыва,"Выполнение работ по проектированию для объекта : ""Строительство автодорожной инфраструктуры к границам участков резидентов площадок 3.1,3.2,3.3 с автопарковкой""",Акционерное общество «Управляющая Компания «Центр Развития Промышленных Территорий»,44-ФЗ конкурс,"13 440 333,33",,21.09.2026 02:00,31.12.2026,https://zakupki.gov.ru/epz/order/notice/ok20/view/common-info.html?regNumber=0800500022026000006,https://zakupki.kontur.ru/0800500022026000006,,заключен,,5,"40,5%","8 000 000,00",ООО «Дорпроект»,,,,,,"край Красноярский, г.о. город Красноярск, г. Красноярск, ул. Горького, д. 3К","-40,50%"
0373200006226001416,06.10.2026 10:25,Благоустройство и озеленение,Москва и МО,"Поставка и высаживание зеленых насаждений по адресу: г. Москва, ВАО, Новокосино, Новокосинская ул. 13 к.1, 13 к.2, 13 к.3, 13 к.4",Государственное бюджетное учреждение г. Москвы «Автомобильные дороги Восточного административного округа»,44-ФЗ конкурс,"26 690 368,81",20%,21.09.2026 10:00,,https://zakupki.gov.ru/epz/order/notice/ok20/view/common-info.html?regNumber=0373200006226001416,https://zakupki.kontur.ru/0373200006226001416,,заключен,,6,"50,0%","13 345 184,40",ООО «Альянс М»,,,,,,"г. Москва, Город Москва; Новокосинская ул. 13 к.1, 13 к.2, 13 к.3, 13 к.4 г. Москва, Город Москва; Новокосинская ул. 13 к.1, 13 к.2, 13 к.3, 13 к.4 г. Москва, Город Москва; Новокосинская ул. 13 к.1, 13 к.2, 13 к.3, 13 к.4",-50%
32616347740,06.10.2026 10:25,Благоустройство и озеленение,Москва и МО,"Выполнение работ по благоустройству лесопарка Шишкин лес по адресу: Московская область, муниципальный округ Истра, с. Павловская Слобода, ул. Академическая (МАУК «Дирекция парков», юр. адрес: Московская область, Истра р-н, г. Истра, ул. Главного Конструктора В.И. Адасько, д. 4)",Муниципальное автономное учреждение Культуры «Дирекция Парков» Муниципального Округа Истра Московской Области,223-ФЗ,"29 746 139,25",,21.09.2026 08:00,,https://zakupki.gov.ru/epz/order/extendedsearch/results.html?searchString=32616347740,https://zakupki.kontur.ru/32616347740,,заключен,,,"2,5%","29 746 139,25",№,,,,,,"В соответствии с Приложением 2 к Договору Адрес поставки из документов Московская область, г Красногорск, п Истра Московская область, г Истра, с Павловская Слобода Московская область, г Красногорск Московская область, г Истра Московская область Центральный Федеральный Округ Показать еще 2 места поставки Показать в документах",0%
0334100007526000111,06.10.2026 10:25,Мосты и ИССО,Иркутская обл. / Бурятия / Забайкалье,"Ремонт моста через р. Б. Зангисан на км 141+250 автомобильной дороги А-333 Култук-Монды-граница с Монголией, Республика Бурятия",Федеральное казенное учреждение «Управление Автомобильной Магистрали Красноярск - Иркутск Федерального Дорожного Агентства»,44-ФЗ конкурс,"397 635 887,00",10%,22.09.2026 03:00,16.11.2028,https://zakupki.gov.ru/epz/order/notice/ok20/view/common-info.html?regNumber=0334100007526000111,https://zakupki.kontur.ru/0334100007526000111,,заключен,,2,"1,0%","397 635 887,00",,,,,,,"респ. Бурятия, км 141+250 автомобильной дороги А-333 Култук-Монды-граница с Монголией",неизвестно. два участника
0351100008926000184,06.10.2026 10:25,Мосты и ИССО,Республика Алтай,"Выполнение работ (оказание услуг) по содержанию искусственных сооружений на действующей сети автомобильных дорог общего пользования федерального значения (планово-предупредительные работы). Автомобильная дорога Р-256 «Чуйский тракт» Новосибирск - Барнаул - Горно-Алтайск - граница с Монголией. Мост через реку Бердь (левый) на км 34+121 (левый), Новосибирская область",Федеральное казенное учреждение «Федеральное управление автомобильных дорог «Сибирь» Федерального дорожного агентства»,44-ФЗ конкурс,"34 158 576,00",20%,22.09.2026 05:00,01.10.2027,https://zakupki.gov.ru/epz/order/notice/ok20/view/common-info.html?regNumber=0351100008926000184,https://zakupki.kontur.ru/0351100008926000184,,не состоялась,одна заявка,1,"0,2%","34 100 000,00",ООО «СК «Сиб-М»,,,,,,"обл. Новосибирская, Автомобильная дорога Р-256 «Чуйский тракт» Новосибирск - Барнаул - Горно-Алтайск - граница с Монголией. Мост через реку Бердь (левый) на км 34+121 (левый).",один допущенный
0351100008926000172,06.10.2026 10:25,Мосты и ИССО,Кемеровская обл. (Кузбасс),"Выполнение работ (оказание услуг) по содержанию искусственных сооружений на действующей сети автомобильных дорог общего пользования федерального значения (планово-предупредительные работы). Автомобильная дорога Р-254 «Иртыш» Челябинск – Курган – Омск – Новосибирск, Северный обход г. Новосибирска. Мост через р. Чик на км 8+750, Новосибирская область. Автомобильная дорога Р-254 «Иртыш» Челябинск – Курган – Омск – Новосибирск, Северный обход г. Новосибирска. Мост через реку Большой Барлак на км 63+529, Новосибирская область. Автомобильная дорога Р-255 «Сибирь» Новосибирск - Кемерово - Красноярск - Иркутск. Мост через реку Ояш на км 90+150, Новосибирская область",Федеральное казенное учреждение «Федеральное управление автомобильных дорог «Сибирь» Федерального дорожного агентства»,44-ФЗ конкурс,"89 622 363,93",20%,29.09.2026 05:00,22.11.2027,https://zakupki.gov.ru/epz/order/notice/ok20/view/common-info.html?regNumber=0351100008926000172,https://zakupki.kontur.ru/0351100008926000172,,не состоялась,одна заявка,1,"0,0%","89 622 363,93",,,,,,,"обл. Новосибирская, Автомобильная дорога Р-254 «Иртыш» Челябинск – Курган – Омск – Новосибирск, Северный обход г. Новосибирска: Мост через р. Чик на км 8+750. Автомобильная дорога Р-254 «Иртыш» Челябинск – Курган – Омск – Новосибирск, Северный обход г. Новосибирска: Мост через реку Большой Барлак на км 63+529. Автомобильная дорога Р-255 «Сибирь» Новосибирск - Кемерово - Красноярск – Иркутск: Мост через реку Ояш на км 90+150. Показать полностью",один участник
РН60903237,06.10.2026 10:25,Дороги,Москва и МО,"Ремонт существующего примыкания к автомобильной дороге М-5 ""Урал"" на км134+910 (слева) - съезд, на км 134+845 (слева) - выезд, от АЗК № MJ 153""Луховицы"", расположенного на земельном участке с кадастровым номером50:35:0030115:44 по адресу: Московская область, Луховицкий район, 134 км автодороги""Москва-Челябинск""",АО «РН-Москва»,Коммерческая,"60 648 265,85",,23.09.2026 12:00,,https://www.tektorg.ru/rosneft/procedures/19823569,https://zakupki.kontur.ru/IS74638495,,итог не внесён,,,,,,,,,,,"поставки из документов Московская область, г Луховицы Город Москва Московская область Центральный Федеральный Округ Показать в документах",
0351100008926000190,06.10.2026 10:25,Мосты и ИССО,Алтайский край,"Выполнение работ (оказания услуг) по содержанию искусственных сооружений на действующей сети автомобильных дорог общего пользования федерального значения (планово-предупредительные работы). Автомобильная дорога А-322 Барнаул - Рубцовск - граница с Республикой Казахстан. Мост через реку Горевка км 128+485, Алтайский край.",Федеральное казенное учреждение «Федеральное управление автомобильных дорог «Сибирь» Федерального дорожного агентства»,44-ФЗ конкурс,"22 640 971,00",20%,23.09.2026 05:00,04.10.2027,https://zakupki.gov.ru/epz/order/notice/ok20/view/common-info.html?regNumber=0351100008926000190,https://zakupki.kontur.ru/0351100008926000190,,не состоялась,нет заявок,,,,,,,,,,"край Алтайский, А-322 Барнаул - Рубцовск - граница с Республикой Казахстан. Мост через реку Горевка км 128+485",нет допущенных
0351100008926000191,06.10.2026 10:25,Мосты и ИССО,Алтайский край,"Выполнение работ по ремонту моста через лог Крутенький на участке км 67+050 автомобильной дороги А-321 Барнаул - Павловск - граница с Республикой Казахстан , Алтайский край",Федеральное казенное учреждение «Федеральное управление автомобильных дорог «Сибирь» Федерального дорожного агентства»,44-ФЗ конкурс,"26 109 502,00",20%,23.09.2026 05:00,02.12.2027,https://zakupki.gov.ru/epz/order/notice/ok20/view/common-info.html?regNumber=0351100008926000191,https://zakupki.kontur.ru/0351100008926000191,,не состоялась,нет заявок,,,,,,,,,,"край Алтайский, км 67+050 автомобильной дороги А-321 Барнаул - Павловск - граница с Республикой Казахстан",нет допущенных
0373200081226000347,06.10.2026 10:26,Прочее,Москва и МО,"Выполнение работ по устройству производственной базы, расположенной в Таганском районе г. Москвы",Государственное бюджетное учреждение г. Москвы «Автомобильные дороги Центрального административного округа»,44-ФЗ конкурс,"29 965 456,74",20%,23.09.2026 11:00,24.02.2027,https://zakupki.gov.ru/epz/order/notice/ok20/view/common-info.html?regNumber=0373200081226000347,https://zakupki.kontur.ru/0373200081226000347,,заключен,,4,"3,0%","29 066 493,00",,,,,,,"г. Москва, Город Москва; переулок Средний Международный дом 8, строение 2, кадастровый квартал 77:01:0006032",-3%
32616388505,06.10.2026 10:26,Прочее,Москва и МО,Выполнение работ по устройству ворот в крановую эстакаду для нужд АО «Россети Научно-технический центр»,Акционерное общество «Россети Научно-Технический Центр»,223-ФЗ,"4 781 057,43",,24.09.2026 15:00,,https://zakupki.gov.ru/epz/order/extendedsearch/results.html?searchString=32616388505,https://zakupki.kontur.ru/32616388505,,не состоялась,другое,2,,,,,,,,,г. Москва,нет допущенных
32616381637,06.10.2026 10:26,Мосты и ИССО,Москва и МО,"Выполнение работ по локальному ремонту берегоукрепления Большого Чертановского пруда, расположенного по адресу: г. Москва, ЮАО, Балаклавский пр-т, д. 7",Государственное унитарное предприятие г. Москвы по эксплуатации московских водоотводящих систем «Мосводосток»,223-ФЗ,"10 667 946,47",,24.09.2026 11:00,,https://zakupki.gov.ru/epz/order/extendedsearch/results.html?searchString=32616381637,https://zakupki.kontur.ru/32616381637,,заключен,,3,"36,5%","6 774 145,69",№,,,,,,"город Москва; ЮАО, Балаклавский пр-т, д. 7","-36,50%"
1348000000226000021,06.10.2026 10:26,"Вода, тепло, газ, канализация",Москва и МО,"Завершение строительно-монтажных работ по объектам: Объект№1 «Водопроводные сети и канализационные коллекторы, прокладка сетей телекоммуникаций, информационно-вычислительных сетей Индустриального парка «Дмитров» 1 очередь строительства (1 этап)», Объект№2 «Водопроводные сети и канализационные коллекторы, прокладка сетей телекоммуникаций, информационно-вычислительных сетей Индустриального парка «Дмитров» 2 очередь строительства». Объект№3 «Водопроводные сети и канализационные коллекторы, прокладка сетей телекоммуникаций, информационно-вычислительных сетей Индустриального парка «Дмитров» 3 очередь строительства»",Акционерное общество «Особая Экономическая Зона Технико-Внедренческого Типа «Дубна»,44-ФЗ конкурс,"81 370 980,44",50%,08.10.2026 10:00,31.05.2027,https://zakupki.gov.ru/epz/order/notice/ok20/view/common-info.html?regNumber=1348000000226000021,https://zakupki.kontur.ru/1348000000226000021,,идёт приём,,,,,,,,,,,"обл. Московская, м.о. Дмитровский, в соответствии с Описанием объекта закупки Адрес поставки из документов Московская область, г Домодедово, с Ям Московская область, г Дмитров Московская область, г Домодедово Московская область Центральный Федеральный Округ Показать еще 1 место поставки Показать в документах",
0848300048726000408,06.10.2026 10:26,Электросети и освещение,Москва и МО,"Строительство сети водоотведения массива многодетных по адресу: Московская область, Павлово- Посадский городской округ, г. Электрогорск, ул. И.Ф. Гвоздева, ул. А. Садыкова. ул. В.М. Артемова, пер. А.М. Кудинова. пер. А.В. Винтера",Администрация Павлово-Посадского Городского Округа Московской обл.,44-ФЗ конкурс,"65 813 840,00",30%,24.09.2026 10:00,,https://zakupki.gov.ru/epz/order/notice/ok20/view/common-info.html?regNumber=0848300048726000408,https://zakupki.kontur.ru/0848300048726000408,,заключен,,5,"40,0%","39 488 304,00",,,,,,,"обл. Московская, городской округ Павлово-Посадский в соответствии с Приложением 5 к Контракту",-40%
0848300053826000300,06.10.2026 10:26,Прочее,Москва и МО,Выполнение работ по возведению стены скорби на территории муниципального кладбища «Луговское» городского округа Лобня Московской области,Муниципальное бюджетное учреждение «Лобненское Городское Специализированное Похоронное Учреждение»,44-ФЗ конкурс,"6 835 335,89",30%,24.09.2026 10:00,30.12.2026,https://zakupki.gov.ru/epz/order/notice/ok20/view/common-info.html?regNumber=0848300053826000300,https://zakupki.kontur.ru/0848300053826000300,,не состоялась,один допущенный,3,"0,5%","6 800 000,00",ООО Тсф «Спецпрокат»,,,,,,"обл. Московская, г.о. Лобня, , г. Лобня, мкр. Луговая, ул. Дальняя, земельный участок 1",один участник
0848300048226000346,06.10.2026 10:26,Мосты и ИССО,Москва и МО,"Выполнение работ по ремонту подпорной стенки по адресу: г. Истра, улица Главного Конструктора В.И. Адасько, 4",Администрация Муниципального Округа Истра Московской обл.,44-ФЗ конкурс,"5 924 195,89",,12.10.2026 10:00,26.02.2027,https://zakupki.gov.ru/epz/order/notice/ok20/view/common-info.html?regNumber=0848300048226000346,https://zakupki.kontur.ru/0848300048226000346,,идёт приём,,,,,,,,,,,"обл. Московская, м.о. Истра, г. Истра, улица Главного Конструктора В.И. Адасько, 4",
32616363790,06.10.2026 10:26,Благоустройство и озеленение,Прочие регионы,"Выполнение работ по объекту: «Развитие инфраструктуры железнодорожной станции Михайло-Семеновская (Ленинск-2)». Этап 2. Удлинение досмотровой эстакады, благоустройство междупутий",Общество с ограниченной ответственностью «Ифр-1»,223-ФЗ,"241 652 824,24",,25.09.2026 08:00,,https://zakupki.gov.ru/epz/order/extendedsearch/results.html?searchString=32616363790,https://zakupki.kontur.ru/32616363790,,идёт приём,,,,,,,,,,,Согласно Документации о закупке,
32616365114,06.10.2026 10:26,Дороги,Москва и МО,"Конкурс в электронной форме среди субъектов малого и среднего предпринимательства на право заключения договора на выполнение работ по ремонту асфальтобетонного покрытия производственных площадок, горловин колодцев, установке опорных плит и опорно-укрывных элементов плавающего типа с последующим обустройством, в том числе на вылетных магистралях, третьем транспортном кольце и трассах с интенсивным движением автотранспорта АО ""Мосводоканал"" в 2027 году",Акционерное общество «Мосводоканал»,223-ФЗ,"37 332 000,00",,25.09.2026 09:00,,https://zakupki.gov.ru/epz/order/extendedsearch/results.html?searchString=32616365114,https://zakupki.kontur.ru/32616365114,,не состоялась,другое,2,,,,,,,,,Город Москва,
1348000000226000022,06.10.2026 10:26,Благоустройство и озеленение,Москва и МО,"Завершение строительно-монтажных работ по объектам: Объект№1 - «Строительство улично-дорожной сети Индустриального парка «Дмитров» 1 очередь строительства», Объект№2 - «Строительство улично-дорожной сети Индустриального парка «Дмитров» 1 очередь строительства (2 этап)»",Акционерное общество «Особая Экономическая Зона Технико-Внедренческого Типа «Дубна»,44-ФЗ конкурс,"59 814 123,55",50%,09.10.2026 10:00,31.05.2027,https://zakupki.gov.ru/epz/order/notice/ok20/view/common-info.html?regNumber=1348000000226000022,https://zakupki.kontur.ru/1348000000226000022,,идёт приём,,,,,,,,,,,"обл. Московская, м.о. Дмитровский, В соответствии с описанием объекта закупки Адрес поставки из документов Московская область, г Домодедово, с Ям Московская область, г Дмитров, д Спас-Каменка Московская область, г Дмитров, рп Икша Московская область, г Дмитров Московская область, г Домодедово Московская область Центральный Федеральный Округ Показать еще 3 места поставки Показать в документах",
32616362012,06.10.2026 10:27,Электросети и освещение,Новосибирская обл.,Выполнение комплекса работ по оснащению подстанций АО «Электромагистраль» защитными укрытиями (10 шт.) для обеспечения безопасности работников,Акционерное общество «Электромагистраль»,223-ФЗ,"21 909 684,87",,25.09.2026 07:00,,https://zakupki.gov.ru/epz/order/extendedsearch/results.html?searchString=32616362012,https://zakupki.kontur.ru/32616362012,,итог не внесён,,,,,,,,,,,"Новосибирская область Адрес поставки из документов Новосибирская область, р-н Татарский, г Татарск Новосибирская область, р-н Коченевский, п Дружный Новосибирская область, г Новосибирск Новосибирская область, р-н Коченевский Новосибирская область, р-н Татарский Новосибирская область Сибирский Федеральный Округ Показать еще 3 места поставки Показать в документах",неизвестно
0377600003326000006,06.10.2026 10:27,"Вода, тепло, газ, канализация",Республика Алтай,"Строительство водопроводных сетей 15,2 км, водонапорных башен и скважин в с. Каракокша Чойского района Республики Алтай",Муниципальное бюджетное учреждение «Центр Коммунальных Услуг» Чойского Района,44-ФЗ аукцион,"116 816 194,27",10%,25.09.2026 06:15,15.08.2028,https://zakupki.gov.ru/epz/order/notice/ea20/view/common-info.html?regNumber=0377600003326000006,https://zakupki.kontur.ru/0377600003326000006,,не состоялась,нет заявок,,,,,,,,,,"респ. Алтай, м.о. Чойский район, с. Каракокша, РФ, Республика Алтай, Чойский район, с. Каракокша. Объекты в соответствии с проектной документацией",нет допущенных
0373200006226001391,06.10.2026 10:27,Благоустройство и озеленение,Москва и МО,"Поставка и высаживание деревьев кварталов района Новогиреево, Новокосино, Перово, Соколиная Гора",Государственное бюджетное учреждение г. Москвы «Автомобильные дороги Восточного административного округа»,44-ФЗ конкурс,"29 636 920,00",20%,05.10.2026 10:00,,https://zakupki.gov.ru/epz/order/notice/ok20/view/common-info.html?regNumber=0373200006226001391,https://zakupki.kontur.ru/0373200006226001391,,идёт приём,,,,,,,,,,,"г. Москва, Город Москва; Новогиреевская ул. 28, Новогиреевская ул. 30, Новогиреевская ул. 32, Новогиреевская ул. 34 г. Москва, Город Москва; Новогиреевская ул. 28, Новогиреевская ул. 30, Новогиреевская ул. 32, Новогиреевская ул. 34 г. Москва, Город Москва; Новогиреевская ул. 28, Новогиреевская ул. 30, Новогиреевская ул. 32, Новогиреевская ул. 34 г. Москва, Город Москва; Новогиреевская ул. 28, Новогиреевская ул. 30, Новогиреевская ул. 32, Новогиреевская ул. 34 г. Москва, Город Москва; Измайловское ш., д. 55 г. Москва, Город Москва; Новогиреевская ул. 28, Новогиреевская ул. 30, Новогиреевская ул. 32, Новогиреевская ул. 34 г. Москва, Город Москва; Измайловское ш., д. 55 г. Москва, Город Москва; Зеленый просп. 40 к.1, 40 к.2;Зеленый просп. 44;Зеленый просп. 46;Зеленый просп. 48 к.1, 48 к.2, Зеленый просп. 48 к.3, Союзный просп. 9 к.1, 9 к.2, Зеленый просп. 50, Зеленый просп. 52 к.1, 52 к.2 г. Москва, Город Москва; Зеленый просп. 40 к.1, 40 к.2;Зеленый просп. 44;Зеленый просп. 46;Зеленый просп. 48 к.1, 48 к.2, Зеленый просп. 48 к.3, Союзный просп. 9 к.1, 9 к.2, Зеленый просп. 50, Зеленый просп. 52 к.1, 52 к.2 г. Москва, Город Москва; Зеленый просп. 40 к.1, 40 к.2, Зеленый просп. 44, Зеленый просп. 46, Зеленый просп. 48 к.1, 48 к.2, Зеленый просп. 48 к.3, Союзный просп. 9 к.1, 9 к.2, Зеленый просп. 50, Зеленый просп. 52 к.1, 52 к.2 г. Москва, Город Москва; Новокосинская ул. 27, 29, Суздальская ул. 26 к.1, 26 к.2, 26 к.3, 28, Суздальская ул. 24 к.1, 24 к.2, 24 к.3, Суздальская ул. 22 к.1, 22 к.2, 22 к.3, Суздальская ул. 20 к.1, 20 к.2, 20 к.3, 20 к.4, Новокосинская ул. 17 к.6, Суздальская ул. 20 к.6, Суздальская ул. 18 к.7 г. Москва, Город Москва; Новокосинская ул. 27, 29, Суздальская ул. 26 к.1, 26 к.2, 26 к.3, 28, Суздальская ул. 24 к.1, 24 к.2, 24 к.3, Суздальская ул. 22 к.1, 22 к.2, 22 к.3, Суздальская ул. 20 к.1, 20 к.2, 20 к.3, 20 к.4, Новокосинская ул. 17 к.6, Суздальская ул. 20 к.6, Суздальская ул. 18 к.7 г. Москва, Город Москва; Новокосинская ул. 27, 29, Суздальская ул. 26 к.1, 26 к.2, 26 к.3, 28, Суздальская ул. 24 к.1, 24 к.2, 24 к.3, Суздальская ул. 22 к.1, 22 к.2, 22 к.3, Суздальская ул. 20 к.1, 20 к.2, 20 к.3, 20 к.4, Новокосинская ул. 17 к.6, Суздальская ул. 20 к.6, Суздальская ул. 18 к.7 г. Москва, Город Москва; Владимирская 1-я ул. 12 к.1, Владимирская 1-я ул. 12 к.2, Владимирская 1-я ул. 14, Владимирская 1-я ул. 18 к.1, Владимирская 1-я ул. 18 к.2, Владимирская 1-я ул. 18 к.3, Владимирская 1-я ул. 18 к.4, Владимирская 1-я ул. 18 к.5 г. Москва, Город Москва; Владимирская 1-я ул. 12 к.1, Владимирская 1-я ул. 12 к.2, Владимирская 1-я ул. 14, Владимирская 1-я ул. 18 к.1, Владимирская 1-я ул. 18 к.2, Владимирская 1-я ул. 18 к.3, Владимирская 1-я ул. 18 к.4, Владимирская 1-я ул. 18 к.5 г. Москва, Город Москва; Владимирская 1-я ул. 12 к.1, Владимирская 1-я ул. 12 к.2, Владимирская 1-я ул. 14, Владимирская 1-я ул. 18 к.1, Владимирская 1-я ул. 18 к.2, Владимирская 1-я ул. 18 к.3, Владимирская 1-я ул. 18 к.4, Владимирская 1-я ул. 18 к.5 г. Москва, Город Москва; Новогиреевская ул. 15, Новогиреевская ул. 17, Федеративный просп. 3, Федеративный просп. 5 к.1, Федеративный просп. 5 к.2, 5 к.3, Федеративный просп. 7 к.3, 7 к.4, Металлургов ул. 48 к.5, Металлургов ул. 48 к.4, Металлургов ул. 48 к.3, Металлургов ул. 48 к.2, Металлургов ул. 48, 48 к.1, Металлургов ул. 50, Металлургов ул. 52 г. Москва, Город Москва; Новогиреевская ул. 15, Новогиреевская ул. 17, Федеративный просп. 3, Федеративный просп. 5 к.1, Федеративный просп. 5 к.2, 5 к.3, Федеративный просп. 7 к.3, 7 к.4, Металлургов ул. 48 к.5, Металлургов ул. 48 к.4, Металлургов ул. 48 к.3, Металлургов ул. 48 к.2, Металлургов ул. 48, 48 к.1, Металлургов ул. 50, Металлургов ул. 52 г. Москва, Город Москва; Новогиреевская ул. 15, Новогиреевская ул. 17, Федеративный просп. 3, Федеративный просп. 5 к.1, Федеративный просп. 5 к.2, 5 к.3, Федеративный просп. 7 к.3, 7 к.4, Металлургов ул. 48 к.5, Металлургов ул. 48 к.4, Металлургов ул. 48 к.3, Металлургов ул. 48 к.2, Металлургов ул. 48, 48 к.1, Металлургов ул. 50, Металлургов ул. 52 Показать еще 15 мест поставки",
0148200005426000399,06.10.2026 10:27,Мосты и ИССО,Москва и МО,"Завершение строительства объекта: Строительство разноуровневого пешеходного перехода через железнодорожные пути в районе улицы Кольцевая, дом 15 в городском округе Лобня Московской области",Государственное казенное учреждение Московской обл. «Дирекция Дорожного Строительства»,44-ФЗ конкурс,"176 302 251,16",30%,28.09.2026 10:00,,https://zakupki.gov.ru/epz/order/notice/ok20/view/common-info.html?regNumber=0148200005426000399,https://zakupki.kontur.ru/0148200005426000399,,не состоялась,одна заявка,1,,,,,,,,,"обл. Московская, г.о. Лобня",нет допущенных
0848200001126000472,06.10.2026 10:27,Прочее,Москва и МО,"Выполнение работ по текущему ремонту в Окружном управлении социального развития Московской области № 9 Министерства социального развития Московской области, Московская область, г. Руза, ул. Федеративная, д.11",Государственное казенное учреждение Московской обл. «Дирекция Единого Заказчика Министерства Социального Развития Московской Области»,44-ФЗ конкурс,"1 900 878,13",30%,28.09.2026 10:00,,https://zakupki.gov.ru/epz/order/notice/ok20/view/common-info.html?regNumber=0848200001126000472,https://zakupki.kontur.ru/0848200001126000472,,заключен,,5,"16,4%","1 900 000,00",,,,,,,"обл. Московская, м.о. Рузский, Московская область, г. Руза, ул. Федеративная, д.11","-0,50%"
32616364993,06.10.2026 10:27,"Вода, тепло, газ, канализация",Москва и МО,Выполнение работ по прокладке тепловых сетей ГВС ЦТП №8 с материалом и оборудованием Подрядчика и Заказчика,Муниципальное унитарное предприятие коммунального хозяйства «Егорьевские инженерные сети»,223-ФЗ,"40 801 599,08",,01.10.2026 10:00,,https://zakupki.gov.ru/epz/order/extendedsearch/results.html?searchString=32616364993,https://zakupki.kontur.ru/32616364993,,заключен,,4,"28,5%","29 173 143,13",№,,,,,,"В соответствии с условиями Технического задания и проекта договора Адрес поставки из документов Московская область, г Егорьевск Московская область Центральный Федеральный Округ Показать в документах",
0848300048726000441,06.10.2026 10:27,Электросети и освещение,Москва и МО,"Строительство сети холодного водоснабжения массива многодетных по адресу: Московская область, Павлово- Посадский городской округ, г. Электрогорск, ул. И.Ф. Гвоздева, ул. А. Садыкова. ул. В.М. Артемова, пер. А.М. Кудинова. пер. А.В. Винтера",Администрация Павлово-Посадского Городского Округа Московской обл.,44-ФЗ конкурс,"30 212 590,00",30%,05.10.2026 10:00,,https://zakupki.gov.ru/epz/order/notice/ok20/view/common-info.html?regNumber=0848300048726000441,https://zakupki.kontur.ru/0848300048726000441,,идёт приём,,,,,,,,,,,"обл. Московская, г.о. Павлово-Посадский, , в соответствии с Приложением 14 к Контракту",
0373200081226000349,06.10.2026 10:27,"Здания, монолит, фундаменты",Москва и МО,Выполнение работ по созданию инженерного обеспечения производственного здания в Таганском районе города Москвы,Государственное бюджетное учреждение г. Москвы «Автомобильные дороги Центрального административного округа»,44-ФЗ конкурс,"28 918 520,91",20%,29.09.2026 11:00,24.02.2027,https://zakupki.gov.ru/epz/order/notice/ok20/view/common-info.html?regNumber=0373200081226000349,https://zakupki.kontur.ru/0373200081226000349,,заключен,,2,"3,0%","28 050 965,00",,,,,,,"г. Москва, Город Москва; переулок Средний Международный дом 8, строение 2, кадастровый квартал 77:01:0006032 (корпус 1)",-3%
0851200000626006220,06.10.2026 10:27,Мосты и ИССО,Новосибирская обл.,"Выполнение работ по содержанию моста через реку Сузун на 32 км а/д ""Сузун - Битки - Преображенка - 18 км а/д ""К-13"" (в гр. района)"" в Сузунском муниципальном округе Новосибирской области (восстановление конуса насыпи мостового сооружения)",Государственное казенное учреждение Новосибирской обл. «Территориальное управление автомобильных дорог Новосибирской области»,44-ФЗ аукцион,"2 762 803,77",,29.09.2026 04:00,22.12.2026,https://zakupki.gov.ru/epz/order/notice/ea20/view/common-info.html?regNumber=0851200000626006220,https://zakupki.kontur.ru/0851200000626006220,,заключен,,3,"13,0%","2 403 639,25",,,,,,,"обл. Новосибирская, Мост через реку Сузун на 32 км а/д ""Сузун - Битки - Преображенка - 18 км а/д ""К-13"" (в гр. района)"" в Сузунском муниципальном округе",-13%
0373200081226000358,06.10.2026 10:27,"Здания, монолит, фундаменты",Москва и МО,Выполнение работ по устройству стен здания бытового городка в Басманном районе города Москвы,Государственное бюджетное учреждение г. Москвы «Автомобильные дороги Центрального административного округа»,44-ФЗ конкурс,"23 584 652,45",20%,30.09.2026 11:00,24.02.2027,https://zakupki.gov.ru/epz/order/notice/ok20/view/common-info.html?regNumber=0373200081226000358,https://zakupki.kontur.ru/0373200081226000358,,заключен,,2,"3,0%","22 877 112,00",,,,,,,"г. Москва, Город Москва; переулок Новокирочный, вблизи владения 5, расположенный в кадастровом квартале 77:01:0003011",неизвестно
0848300051526000090,06.10.2026 10:28,"Здания, монолит, фундаменты",Москва и МО,"Выполнение работ и оказание услуг, связанных с одновременным выполнением инженерных изысканий, подготовкой проектной документации, разработкой рабочей документации на строительство объекта капитального строительства «Выставочный центр с галереей""",Администрация Муниципального Округа Шаховская Московской обл.,44-ФЗ конкурс,"14 915 470,67",30%,14.10.2026 10:00,,https://zakupki.gov.ru/epz/order/notice/ok20/view/common-info.html?regNumber=0848300051526000090,https://zakupki.kontur.ru/0848300051526000090,,идёт приём,,,,,,,,,,,"обл. Московская, м.о. Шаховская, , ул. 1-ая Советская",
4612689,06.10.2026 10:28,Дороги,Новосибирская обл.,Ремонт дорожного покрытия с.Большое для АПК ПРОМАГРО БЕЗ ПЕРЕТОРЖКИ!!!,АО «Сибагро»,Коммерческая,,,30.09.2026 10:00,,https://www.b2b-center.ru/market/view.html?id=4612689&utm_source=kontur&utm_medium=referral&utm_campaign=ref_id&key=skb-34e3b000f4c34e609360b36c3bdc66eb826d428a,https://zakupki.kontur.ru/4612689_4,,итог не внесён,,,,,,,,,,,,
0373200081226000362,06.10.2026 10:28,Прочее,Москва и МО,Выполнение работ по устройству инженерных систем бытового городка в Басманном районе города Москвы,Государственное бюджетное учреждение г. Москвы «Автомобильные дороги Центрального административного округа»,44-ФЗ конкурс,"29 476 505,18",20%,01.10.2026 11:00,,https://zakupki.gov.ru/epz/order/notice/ok20/view/common-info.html?regNumber=0373200081226000362,https://zakupki.kontur.ru/0373200081226000362,,не состоялась,одна заявка,1,"0,5%","363 252 129 329 123,00",,,,,,,"г. Москва, Город Москва; переулок Новокирочный, вблизи владения 5, расположенный в кадастровом квартале 77:01:0003011",один допущенный
1248000000626000006,06.10.2026 10:28,"Вода, тепло, газ, канализация",Москва и МО,Выполнение работ по завершению строительства объекта: «Строительство 3-й очереди инженерно-транспортной инфраструктуры индустриального парка «Есипово». Транспортная инфраструктура индустриального парка «Есипово». Дождевая канализация»,Акционерное общество «Корпорация Развития Московской Области»,44-ФЗ конкурс,"33 116 338,92",50%,13.10.2026 10:00,31.08.2027,https://zakupki.gov.ru/epz/order/notice/ok20/view/common-info.html?regNumber=1248000000626000006,https://zakupki.kontur.ru/1248000000626000006,,идёт приём,,,,,,,,,,,"обл Московская, г.о. Солнечногорск, в соответствии с описанием объекта закупки Адрес поставки из документов Московская область, г Солнечногорск Московская область Центральный Федеральный Округ Показать в документах",
0851200000626006270,06.10.2026 10:28,"Вода, тепло, газ, канализация",Новосибирская обл.,Выполнение работ по завершению строительства объекта: «Строительство комплекса сооружений очистки подземных вод р. п. Ордынское Ордынского района Новосибирской области»,Администрация рабочего поселка Ордынское Ордынского района Новосибирской обл.,44-ФЗ аукцион,"72 089 815,71",10%,01.10.2026 04:00,29.12.2026,https://zakupki.gov.ru/epz/order/notice/ea20/view/common-info.html?regNumber=0851200000626006270,https://zakupki.kontur.ru/0851200000626006270,0851200000626005665,не состоялась,нет заявок,,,,,,,,,,"обл. Новосибирская, м.р-н Ордынский, г.п. рабочий поселок Ордынское, рп. Ордынское, ул. Кирова, д. 98а",нет допущенных
32616402130,06.10.2026 10:28,Благоустройство и озеленение,Красноярский край / Хакасия / Тыва,Выполнение работ по благоустройству площадок для занятий спортом на территории острова Татышев,Муниципальное автономное учреждение г. Красноярска «Татышев-Парк»,223-ФЗ,"28 598 799,85",,01.10.2026 05:00,,https://zakupki.gov.ru/epz/order/extendedsearch/results.html?searchString=32616402130,https://zakupki.kontur.ru/32616402130,,не состоялась,никого не допустили,3,,,,,,,,,"В соответствии с документацией о закупке Адрес поставки из документов Красноярский край, г Красноярск Красноярский край Сибирский Федеральный Округ Показать в документах",один допущенный
AVT25092600004,06.10.2026 10:28,Дороги,Москва и МО,"Запрос ценовых предложений на выполнение комплекса работ и оказание услуг по разделам: подготовка территории строительства. Основные объекты строительства. Наружные сети. Локально очистные сооружения. Благоустройство и озеленение территории. Комплекс земельно-кадастровых работ по объекту ""А-113 строящаяся Центральная кольцевая автомобильная дорога (Московская область). Строительство транспортной развязки № 31. 2-ая очередь строительства"" в части работ по ""Шумозащитному остеклению (1 и 2 этап)""",Общество с ограниченной ответственностью «Строительная Компания «Автодор»,Коммерческая,"22 515 880,03",,01.10.2026 10:00,,https://etp-avtodor.ru/trade/AVT25092600004,https://zakupki.kontur.ru/IS77639451,,итог не внесён,,,,,,,,,,,Московская область,
0151300002026000006,06.10.2026 10:28,Дороги,Новосибирская обл.,Устройство тротуара по ул. Ленина в г. Каргат Каргатского района Новосибирской области (1 этап),Администрация г. Каргата Каргатского района Новосибирской обл.,44-ФЗ аукцион,"9 937 887,22",,02.10.2026 04:00,30.11.2026,https://zakupki.gov.ru/epz/order/notice/ea20/view/common-info.html?regNumber=0151300002026000006,https://zakupki.kontur.ru/0151300002026000006,,не состоялась,одна заявка,1,"0,0%","9 937 887,22",,,,,,,"обл. Новосибирская, м.р-н Каргатский, г.п. город Каргат, г. Каргат, ул. Советская, С ПК 02+15 по ПК 12+47",
0848300016526000405,06.10.2026 10:28,Дороги,Москва и МО,"Выполнение работ по текущему ремонту Выполнение работ по текущему ремонту: устройству заездного кармана, подхода, посадочной площадки, установке автобусного павильона на автомобильной дороге общего пользования по адресу: Московская область, муниципальный округ Чехов, г. Чехов-7, ул. Победы",Управление Благоустройства администрации Муниципального Округа Чехов,44-ФЗ котировки,"4 612 528,29",,02.10.2026 10:00,,https://zakupki.gov.ru/epz/order/notice/zk20/view/common-info.html?regNumber=0848300016526000405,https://zakupki.kontur.ru/0848300016526000405,,не состоялась,один допущенный,2,"2,4%","4 500 000,00",,,,,,,"обл. Московская, м.о. Чехов, , в соответствии с приложением 5 к Контракту",
0311100007226000112,06.10.2026 10:28,Мосты и ИССО,Москва и МО,"Установка модульных надземных пешеходных переходов на км 614+368, км 629+728, км 631+106, км 636+571 автомобильной дороги М-7 «Волга» Москва – Владимир – Нижний Новгород – Казань, Чувашская Республика",Федеральное казенное учреждение «Федеральное управление автомобильных дорог Волго-Вятского региона Федерального дорожного агентства»,44-ФЗ аукцион,"200 000 000,00",,02.10.2026 09:00,01.07.2027,https://zakupki.gov.ru/epz/order/notice/ea20/view/common-info.html?regNumber=0311100007226000112,https://zakupki.kontur.ru/0311100007226000112,,заключен,,3,"19,5%","161 000 000,00",,,,,,,"Чувашия Чувашская Республика -, км 614+368, км 629+728, км 631+106, км 636+571 автомобильной дороги М-7 «Волга» Москва – Владимир – Нижний Новгород – Казань.",
0311100007226000111,06.10.2026 10:28,Мосты и ИССО,Москва и МО,"Установка модульных надземных пешеходных переходов на км 670+689, км 671+858, км 673+688, км 698+669 автомобильной дороги М-7 «Волга» Москва – Владимир – Нижний Новгород – Казань, Чувашская Республика",Федеральное казенное учреждение «Федеральное управление автомобильных дорог Волго-Вятского региона Федерального дорожного агентства»,44-ФЗ аукцион,"200 000 000,00",,02.10.2026 09:00,01.07.2027,https://zakupki.gov.ru/epz/order/notice/ea20/view/common-info.html?regNumber=0311100007226000111,https://zakupki.kontur.ru/0311100007226000111,,заключен,,4,"19,5%","161 000 000,00",,,,,,,"Чувашия Чувашская Республика -, км 670+689, км 671+858, км 673+688, км 698+669 автомобильной дороги М-7 «Волга» Москва – Владимир – Нижний Новгород – Казань.",
1273000002026000001,06.10.2026 10:29,Электросети и освещение,Москва и МО,"Конкурс в электронной форме на право заключения контракта на проведение комплекса работ по подготовке участка к строительству объекта: ""Строительство первой очереди очистного сооружения ""Кувекино"" 2 этап""",Акционерное общество «Мосводоканал»,44-ФЗ конкурс,"6 264 542,83",30%,12.10.2026 13:30,,https://zakupki.gov.ru/epz/order/notice/ok20/view/common-info.html?regNumber=1273000002026000001,https://zakupki.kontur.ru/1273000002026000001,,идёт приём,,,,,,,,,,,"г. Москва, вн.тер.г. городской округ Троицк, д. Кувекино г. Москва, вн.тер.г. городской округ Троицк, д. Кувекино",
0148200005426000404,06.10.2026 10:29,Дороги,Москва и МО,Строительство автомобильной дороги Северный подъезд к городу Лобня Московской области. 2 этап,Государственное казенное учреждение Московской обл. «Дирекция Дорожного Строительства»,44-ФЗ конкурс,"162 672 267,45",30%,05.10.2026 10:00,,https://zakupki.gov.ru/epz/order/notice/ok20/view/common-info.html?regNumber=0148200005426000404,https://zakupki.kontur.ru/0148200005426000404,,идёт приём,,,,,,,,,,,"обл. Московская, г.о. Химки",
32616405122,06.10.2026 10:29,Мосты и ИССО,Москва и МО,"Монтаж глиняного замка между откосов существующего тела ОРО и бетонных лотков на территории КПО ""Алексинский карьер""",Общество с ограниченной ответственностью «Комбинат»,223-ФЗ,"28 661 231,23",,05.10.2026 09:00,,https://zakupki.gov.ru/epz/order/extendedsearch/results.html?searchString=32616405122,https://zakupki.kontur.ru/32616405122,,идёт приём,,,,,,,,,,,"поставки из документов Московская область, г Клин Московская область Центральный Федеральный Округ Показать в документах",
32616403746,06.10.2026 10:29,"Вода, тепло, газ, канализация",Москва и МО,"Разработку рабочей документации «Защитные ограждающие конструкции от беспилотных летательных аппаратов здания» автоматизированной газовой котельной микрорайона «Дрожжино» по адресу: 142770, Московская обл, ГО Видное, Ленинский р-н, Новодрожжино с.п. Булатниковское, д. Дрожжино, ул. Южная зд. 12",Общество с ограниченной ответственностью «ГрадИнвест»,223-ФЗ,"3 452 334,00",,08.10.2026 12:00,,https://zakupki.gov.ru/epz/order/extendedsearch/results.html?searchString=32616403746,https://zakupki.kontur.ru/32616403746,,идёт приём,,,,,,,,,,,"Согласно закупочной документации Адрес поставки из документов Московская область, г Видное, рп Дрожжино Московская область, г Видное, рп Новодрожжино Московская область, г Видное, с Булатниково Московская область, г Видное Московская область Центральный Федеральный Округ Показать еще 2 места поставки Показать в документах",
32616409088,06.10.2026 10:29,Мосты и ИССО,Москва и МО,Право заключения договора на ОКПД2 43.99.40.110 Восстановительные работы. Восстановление стены технологических помещений по оси А между осями 2 и 8 на отметке 149.85 здания ГАЭС и крепления верхового откоса дамбы верхнего бассейна железобетонными плитами (Лот № 1061-КС ПИР СМР-2026-ЗГАЭС-2),Акционерное общество «Загорская Гаэс-2»,223-ФЗ,"27 807 187,00",,06.10.2026 13:00,,https://zakupki.gov.ru/epz/order/extendedsearch/results.html?searchString=32616409088,https://zakupki.kontur.ru/32616409088,,идёт приём,,,,,,,,,,,"Работы по укладке бетонной смеси: Московская область Адрес поставки из документов Московская область, г Сергиев Посад, рп Богородское Московская область, г Сергиев Посад, с Богородское Московская область, г Сергиев Посад Московская область Центральный Федеральный Округ Показать еще 1 место поставки Показать в документах",
0139300033726000193,06.10.2026 10:29,Дороги,Кемеровская обл. (Кузбасс),"Текущий ремонт пешеходного тротуара на территории города Ленинска-Кузнецкого (в рамках ремонта, не относящегося к капитальному ремонту)",Управление Жилищно-Коммунального и Дорожного Комплекса администрации Ленинск-Кузнецкого Муниципального Округа,44-ФЗ аукцион,"7 370 066,02",,06.10.2026 04:00,13.08.2027,https://zakupki.gov.ru/epz/order/notice/ea20/view/common-info.html?regNumber=0139300033726000193,https://zakupki.kontur.ru/0139300033726000193,,идёт приём,,,,,,,,,,,"обл. Кемеровская область - Кузбасс, м.о. Ленинск-Кузнецкий, г. Ленинск-Кузнецкий, ул. Володарского от дома № 79 до пересечения с ул. Чехова",
0151600004026000078,06.10.2026 10:29,Дороги,Новосибирская обл.,Выполнение подрядных работ по содержанию автомобильных дорог общего пользования местного значения Доволенского муниципального округа Новосибирской области,Администрация Доволенского Муниципального Округа Новосибирской обл.,44-ФЗ аукцион,"2 793 807,43",,06.10.2026 04:00,02.02.2027,https://zakupki.gov.ru/epz/order/notice/ea20/view/common-info.html?regNumber=0151600004026000078,https://zakupki.kontur.ru/0151600004026000078,,идёт приём,,,,,,,,,,,"обл. Новосибирская, м.о. Доволенский, с. Довольное, автомобильные дороги общего пользования местного значения Доволенского муниципального округа",
0817200000326014527,06.10.2026 10:29,Мосты и ИССО,Алтайский край,Выполнение работ по реконструкции автомобильной дороги К-12 - Елиново - Рыбное с мостом через р.Баблайка на км 8+550 в Солонешенском районе с разработкой рабочей документации,Краевое государственное казенное учреждение «Управление автомобильных дорог Алтайского края»,44-ФЗ аукцион,"63 530 817,78",30%,06.10.2026 03:00,20.10.2027,https://zakupki.gov.ru/epz/order/notice/ea20/view/common-info.html?regNumber=0817200000326014527,https://zakupki.kontur.ru/0817200000326014527,,идёт приём,,2,,,,,,,,,"край Алтайский, Автомобильная дорога К-12 - Елиново - Рыбное с мостом через р.Баблайка на км 8+550 в Солонешенском районе (протяженностью – 216м)",
0851200000626006357,06.10.2026 10:29,"Вода, тепло, газ, канализация",Новосибирская обл.,Выполнение работ по завершению строительства объекта: «Строительство комплекса объектов системы водоснабжения в г. Татарске Татарского района Новосибирской области»,Администрация Татарского Муниципального Округа Новосибирской обл.,44-ФЗ аукцион,"306 576 599,67",10%,06.10.2026 04:00,31.12.2026,https://zakupki.gov.ru/epz/order/notice/ea20/view/common-info.html?regNumber=0851200000626006357,https://zakupki.kontur.ru/0851200000626006357,0851200000626005522,не состоялась,нет заявок,,,,,,,,,,"обл. Новосибирская, м.о. Татарский, г. Татарск, ул. Чапаева, 28а, ул. Зеленая, 2е.",
0851200000626006396,06.10.2026 10:29,Мосты и ИССО,Новосибирская обл.,Выполнение работ по содержанию автомобильных дорог регионального и межмуниципального значения и искусственных сооружений на них в Сузунском муниципальном округе Новосибирской области,Государственное казенное учреждение Новосибирской обл. «Территориальное управление автомобильных дорог Новосибирской области»,44-ФЗ аукцион,"5 176 435,76",10%,07.10.2026 04:00,31.12.2028,https://zakupki.gov.ru/epz/order/notice/ea20/view/common-info.html?regNumber=0851200000626006396,https://zakupki.kontur.ru/0851200000626006396,,идёт приём,,,,,,,,,,,"обл. Новосибирская, а/д Шарчино – Маюрово, протяженность 7.985 км.",
0851200000626006386,06.10.2026 10:29,Дороги,Новосибирская обл.,"Выполнение работ по комплексному лесовосстановлению (искусственное лесовосстановление путем посадки сеянцев с закрытой корневой системой) после проведения работ по реконструкции автомобильной дороги ""Сузун – Битки – Преображенка - 18 км а/д ""К-13"" (в гр. района)"" в Искитимском районе Новосибирской области",Государственное казенное учреждение Новосибирской обл. «Территориальное управление автомобильных дорог Новосибирской области»,44-ФЗ аукцион,"3 016 622,44",,07.10.2026 04:00,24.10.2028,https://zakupki.gov.ru/epz/order/notice/ea20/view/common-info.html?regNumber=0851200000626006386,https://zakupki.kontur.ru/0851200000626006386,,идёт приём,,,,,,,,,,,"обл. Новосибирская, Карасукское лесничество Баганский лесохозяйственный участок, квартал № 128, выдел 2",
0317300055226000028,06.10.2026 10:30,Дороги,Алтайский край,"Выполнение работ по объекту: ""Благоустройство территории Спортхаб ""Драйв"" в муниципальном образовании город Заринск Алтайского края (3 этап)"". Устройство дренажных труб с асфальтовым покрытием на лыжероллерной трассе.","Комитет по управлению городским хозяйством, промышленностью, транспортом и связью администрации г. Заринска",44-ФЗ аукцион,"4 976 960,46",,07.10.2026 04:00,23.07.2027,https://zakupki.gov.ru/epz/order/notice/ea20/view/common-info.html?regNumber=0317300055226000028,https://zakupki.kontur.ru/0317300055226000028,,идёт приём,,,,,,,,,,,"край Алтайский, г. Заринск, ул. 25 Партсъезда, земельный участок 8",
0873500002326000792,06.10.2026 10:30,Прочее,Москва и МО,"Выполнение работ по устройству основания для легковозводимого сооружения из сборно-разборных конструкций по адресу: г. Москва, п. Филимонковское, пос. Марьино, производственная база N 11, квартал N 155",Государственное бюджетное учреждение г. Москвы «Жилищник Филимонковского Района»,44-ФЗ аукцион,"14 941 967,76",,07.10.2026 10:00,24.02.2027,https://zakupki.gov.ru/epz/order/notice/ea20/view/common-info.html?regNumber=0873500002326000792,https://zakupki.kontur.ru/0873500002326000792,,идёт приём,,,,,,,,,,,"г. Москва, Город Москва, поселение Филимонковское; пос. Марьино, производственная база N 11, квартал N 155",
AVT25092600002,06.10.2026 10:30,Мосты и ИССО,Москва и МО,"Редукцион на выполнение комплекса работ и оказание услуг по разделам: Съезды № 2.1, № 2.3, № 2.4, в том числе: подготовительные работы, основные объекты строительства: ""Подпорные стены, Шумозащитные экраны"", организация дорожного движения на период эксплуатации, наружные сети и сооружения водоснабжения, водоотведения. Путепровод на съезде 2.1 в полном объёме. Реконструкция участка А-104 ""Москва-Дмитров-Дубна"", в том числе: подготовительные работы, наружные сети и сооружения водоснабжения, водоотведения, организация дорожного движения на период эксплуатации. Прочие работы и затраты, в том числе: разработка рабочей документации, комплекс земельно-кадастровых работ, работы по обследованию территории на предмет наличия взрывоопасных объектов по объекту ""Строительство транспортной развязки на пересечении А-113 Строящейся Центральной кольцевой автомобильной дороги (Московская область) и Дмитровского шоссе (Транспортная развязка № 20 Пускового комплекса № 3) Этапы 1 - 2. Основной объект"". Этап 2"", в части выполнения комплекса работ и оказания услуг по разделам: устройство дорожной одежды на участке автомобильной дороги А-104 ""Москва-Дмитров-Дубна"", в том числе: подготовительные работы, устройство покрытия и прочие работы, по объекту ""Строительство транспортной развязки на пересечении А-113 Строящейся Центральной кольцевой автомобильной дороги (Московская область) и Дмитровского шоссе (Транспортная развязка №20 Пускового комплекса № 3) Этапы 1 - 2. Основной объект"". Этап 2""",Общество с ограниченной ответственностью «Строительная Компания «Автодор»,Коммерческая,"316 051 273,34",,07.10.2026 10:00,,https://etp-avtodor.ru/trade/AVT25092600002,https://zakupki.kontur.ru/IS77218801,,идёт приём,,,,,,,,,,,"Московская область, Дмитровский городской округ, км 54+992 А-104",
32616331710,06.10.2026 10:31,"Вода, тепло, газ, канализация",Омская обл.,Выполнение работ по покраске надземной части газопровода,Общество с ограниченной ответственностью «Омскгазсеть»,223-ФЗ,"10 892 727,30",,08.10.2026 12:00,,https://zakupki.gov.ru/epz/order/extendedsearch/results.html?searchString=32616331710,https://zakupki.kontur.ru/32616331710,,идёт приём,,,,,,,,,,,"Омская обл, ОКАТО: 52000000000 Адрес поставки из документов Омская область, р-н Тюкалинский, г Тюкалинск Омская область, г Омск Омская область, р-н Тюкалинский Омская область Сибирский Федеральный Округ Показать еще 1 место поставки Показать в документах",
0848300037426000279,06.10.2026 10:31,"Здания, монолит, фундаменты",Москва и МО,Выполнение работ по созданию и ремонту пешеходных коммуникаций,Муниципальное казенное учреждение «ЖКХ и Благоустройство»,44-ФЗ котировки,"6 237 279,66",,08.10.2026 10:00,,https://zakupki.gov.ru/epz/order/notice/zk20/view/common-info.html?regNumber=0848300037426000279,https://zakupki.kontur.ru/0848300037426000279,,идёт приём,,,,,,,,,,,"обл. Московская, Дмитровский муниципальный округ, согласно Приложению 8 к Контракту",
0848300037426000278,06.10.2026 10:31,Благоустройство и озеленение,Москва и МО,Устройство парковки,Муниципальное казенное учреждение «ЖКХ и Благоустройство»,44-ФЗ котировки,"6 349 223,44",,08.10.2026 10:00,,https://zakupki.gov.ru/epz/order/notice/zk20/view/common-info.html?regNumber=0848300037426000278,https://zakupki.kontur.ru/0848300037426000278,,идёт приём,,,,,,,,,,,"обл. Московская, Дмитровский муниципальный округ, г. Дмитров, улица Западная Объездная Дорога (56.345068, 37.514619)",
32616425770,06.10.2026 10:31,Благоустройство и озеленение,Москва и МО,Выполнение комплекса мероприятий по благоустройству на земельных участках,Акционерное общество «Особая Экономическая Зона Технико-Внедренческого Типа «Дубна»,223-ФЗ,"6 195 073,31",,08.10.2026 10:00,,https://zakupki.gov.ru/epz/order/extendedsearch/results.html?searchString=32616425770,https://zakupki.kontur.ru/32616425770,,идёт приём,,,,,,,,,,,"в соответствии с конкурсной документацией Адрес поставки из документов Московская область, г Дубна Московская область Центральный Федеральный Округ Показать в документах",
0848300037426000281,06.10.2026 10:31,Благоустройство и озеленение,Москва и МО,Благоустройство площадки хранения брошенных транспортных средств,Муниципальное казенное учреждение «ЖКХ и Благоустройство»,44-ФЗ котировки,"3 075 770,82",,09.10.2026 10:00,,https://zakupki.gov.ru/epz/order/notice/zk20/view/common-info.html?regNumber=0848300037426000281,https://zakupki.kontur.ru/0848300037426000281,,идёт приём,,,,,,,,,,,"обл. Московская, Дмитровский муниципальный округ, г. Дмитров, улица Профессиональная (56.366110, 37.529980)",
0848300060626000362,06.10.2026 10:31,"Здания, монолит, фундаменты",Москва и МО,Выполнение работ по созданию и ремонту пешеходных коммуникаций на территории Талдомского городского округа в 2026 году,Муниципальное бюджетное учреждение Управляющая Компания «Управление Многоквартирными Домами» Талдомского Городского Округа Московской Области,44-ФЗ котировки,"3 430 692,77",,09.10.2026 10:00,31.12.2026,https://zakupki.gov.ru/epz/order/notice/zk20/view/common-info.html?regNumber=0848300060626000362,https://zakupki.kontur.ru/0848300060626000362,,идёт приём,,,,,,,,,,,"обл. Московская, г.о. Талдомский, (согласно приложению 8 к Контракту) Адрес поставки из документов Московская область, г Талдом, рп Вербилки Московская область, г Талдом, рп Запрудня Московская область, г Талдом Московская область Центральный Федеральный Округ Показать еще 1 место поставки Показать в документах",
0248100000326000103,06.10.2026 10:31,Прочее,Москва и МО,Выполнение работ по текущему ремонту терренкура на территории ФБУ Реабилитационный и учебный Центр СФР (СМП),Федеральное бюджетное учреждение Реабилитационный и Учебный Центр Фонда Пенсионного и Социального Страхования Российской Федерации,44-ФЗ аукцион,"7 762 523,96",,09.10.2026 09:00,11.02.2027,https://zakupki.gov.ru/epz/order/notice/ea20/view/common-info.html?regNumber=0248100000326000103,https://zakupki.kontur.ru/0248100000326000103,,идёт приём,,,,,,,,,,,"обл. Московская, г.о. Одинцовский, с. Каринское",
0373200086726000996,06.10.2026 10:31,Благоустройство и озеленение,Москва и МО,Выполнение работ по обустройству катка с искусственным льдом,Государственное бюджетное учреждение г. Москвы «Автомобильные дороги Южного административного округа»,44-ФЗ аукцион,"14 422 430,28",,09.10.2026 09:00,30.12.2026,https://zakupki.gov.ru/epz/order/notice/ea20/view/common-info.html?regNumber=0373200086726000996,https://zakupki.kontur.ru/0373200086726000996,,идёт приём,,,,,,,,,,,"г. Москва, Город Москва; улица Дорожная, дом 18",
0873500002326000800,06.10.2026 10:31,Прочее,Москва и МО,"Выполнение работ по устройству основания для легковозводимого сооружения из сборно-разборных конструкций по адресу д.Яковлево, пер.Славского",Государственное бюджетное учреждение г. Москвы «Автомобильные Дороги Новомосковского Административного Округа»,44-ФЗ аукцион,"14 941 967,76",,09.10.2026 10:00,18.03.2027,https://zakupki.gov.ru/epz/order/notice/ea20/view/common-info.html?regNumber=0873500002326000800,https://zakupki.kontur.ru/0873500002326000800,,идёт приём,,,,,,,,,,,"г. Москва, город Москва; д.Яковлево, пер.Славского",
0348300004926000128,06.10.2026 10:31,Барьеры / БДД / ограждения,Москва и МО,Выполнение работ по строительству защитного ограждения кислородной станции,Государственное бюджетное учреждение Здравоохранения Московской обл. «Егорьевская Больница»,44-ФЗ аукцион,"4 594 467,88",,09.10.2026 10:00,29.01.2027,https://zakupki.gov.ru/epz/order/notice/ea20/view/common-info.html?regNumber=0348300004926000128,https://zakupki.kontur.ru/0348300004926000128,,идёт приём,,,,,,,,,,,"обл. Московская, м.о. Егорьевск, , г. Егорьевск, ул. Жукова Гора, д.19",
0148300021226000513,06.10.2026 10:32,Благоустройство и озеленение,Москва и МО,Выполнение работ по благоустройству территорий Г.о. Люберцы Московской области,Муниципальное учреждение «Объединенный Комбинат Благоустройства и Жилищно-Коммунального Хозяйства»,44-ФЗ аукцион,"14 500 000,00",,09.10.2026 10:00,31.05.2027,https://zakupki.gov.ru/epz/order/notice/ea20/view/common-info.html?regNumber=0148300021226000513,https://zakupki.kontur.ru/0148300021226000513,,идёт приём,,,,,,,,,,,"обл. Московская, г.о. Люберцы",
0373100041026001194,06.10.2026 10:32,Поставка товаров / IT,Москва и МО,Поставка и установка защитных ограждающих конструкций для азотной и кислородной станций,"Федеральное государственное бюджетное учреждение «Национальный Медицинский Исследовательский Центр Детской Гематологии, Онкологии и Иммунологии Имени Дмитрия Рогачева» Министерства Здравоохранения Российской Федерации",44-ФЗ аукцион,"5 223 896,00",,09.10.2026 08:00,31.12.2026,https://zakupki.gov.ru/epz/order/notice/ea20/view/common-info.html?regNumber=0373100041026001194,https://zakupki.kontur.ru/0373100041026001194,,идёт приём,,,,,,,,,,,"г. Москва, вн.тер.г. муниципальный округ Обручевский, ул. Саморы Машела, д. 1",
0348500004126000144,06.10.2026 10:32,Прочее,Москва и МО,"Выполнение работ по устройству защитных ограждающих конструкций от беспилотных летательных аппаратов для нужд ГБУЗ Московской области «Орехово-Зуевская больница"" на 2026 г",Государственное бюджетное учреждение Здравоохранения Московской обл. «Орехово-Зуевская Больница»,44-ФЗ аукцион,"17 445 600,00",,09.10.2026 10:00,31.12.2026,https://zakupki.gov.ru/epz/order/notice/ea20/view/common-info.html?regNumber=0348500004126000144,https://zakupki.kontur.ru/0348500004126000144,,идёт приём,,,,,,,,,,,"обл. Московская, г.о. Орехово-Зуевский, г. Орехово – Зуево, проезд Горячевой, д. 3 обл. Московская, г.о. Орехово-Зуевский, г. Орехово – Зуево, ул. Барышникова, д. 13 обл. Московская, г.о. Орехово-Зуевский, г. Орехово – Зуево, ул. Козлова, д. 30 обл. Московская, г.о. Орехово-Зуевский, д. Давыдово, ул. Советская, д. 22",
0848300048326000156,06.10.2026 10:32,Благоустройство и озеленение,Москва и МО,"Выполнение работ по благоустройству общественной территории: Московская область, муниципальный округ Луховицы, г. Луховицы, ул. Пушкина, сквер ""Привокзальная площадь"" (ярмарочная площадь)""",Администрация Муниципального Округа Луховицы Московской обл.,44-ФЗ котировки,"7 161 326,68",,09.10.2026 10:00,30.12.2026,https://zakupki.gov.ru/epz/order/notice/zk20/view/common-info.html?regNumber=0848300048326000156,https://zakupki.kontur.ru/0848300048326000156,,идёт приём,,,,,,,,,,,"обл. Московская, м.о. Луховицы, г. Луховицы, ул. Пушкина, сквер ""Привокзальная площадь"" (ярмарочная площадь)""",
0848300022826000087,06.10.2026 10:32,Благоустройство и озеленение,Москва и МО,"Оказание услуг по устройству сезонного ледяного катка по адресу: Московская область, городской округ Власиха, п. Власиха, ул. М. Жукова, площадь возле ДК (сезон 2026-2027 гг)",Администрация городского округа Власиха Московской обл.,44-ФЗ конкурс,"45 000 000,00",50%,12.10.2026 10:00,31.05.2027,https://zakupki.gov.ru/epz/order/notice/ok20/view/common-info.html?regNumber=0848300022826000087,https://zakupki.kontur.ru/0848300022826000087,,идёт приём,,,,,,,,,,,"обл. Московская, г.о. Власиха, п. Власиха, ул. М. Жукова, площадь возле ДК",
0848300047226000572,06.10.2026 10:32,Благоустройство и озеленение,Москва и МО,"Выполнение дополнительных работ по благоустройству площади Оптиков по адресу: г.о. Красногорск, г. Красногорск, ул. Речная.",Муниципальное казенное учреждение Городского Округа Красногорск «Управление Капитального Строительства»,44-ФЗ конкурс,"8 900 285,09",30%,12.10.2026 10:00,31.12.2026,https://zakupki.gov.ru/epz/order/notice/ok20/view/common-info.html?regNumber=0848300047226000572,https://zakupki.kontur.ru/0848300047226000572,,идёт приём,,,,,,,,,,,"обл. Московская, г.о. Красногорск, Согласно условиям технического задания",
32616404878,06.10.2026 10:32,Мосты и ИССО,Москва и МО,"Ремонт и восстановление откосов существующего тела ОРО на территории КПО ""Алексинский карьер""",Общество с ограниченной ответственностью «Комбинат»,223-ФЗ,"98 215 842,74",,12.10.2026 09:00,,https://zakupki.gov.ru/epz/order/extendedsearch/results.html?searchString=32616404878,https://zakupki.kontur.ru/32616404878,,идёт приём,,,,,,,,,,,"поставки из документов Московская область, г Клин Московская область Центральный Федеральный Округ Показать в документах",
0873500002326000808,06.10.2026 10:32,Прочее,Москва и МО,"Выполнение работ по устройству основания для легковозводимого сооружения из сборно-разборных конструкций по адресу: г. Москва, р-н Коммунарка, база № 3 вблизи полигона Саларьево",Государственное бюджетное учреждение г. Москвы «Жилищник Района Коммунарка»,44-ФЗ аукцион,"14 941 967,76",,12.10.2026 10:00,18.03.2027,https://zakupki.gov.ru/epz/order/notice/ea20/view/common-info.html?regNumber=0873500002326000808,https://zakupki.kontur.ru/0873500002326000808,0873500002326000792,идёт приём,,,,,,,,,,,"г. Москва, город Москва; р-н Коммунарка, база № 3 вблизи полигона Саларьево",
32616433223,06.10.2026 10:32,Дороги,Москва и МО,"Выполнение работ по устройству асфальтобетонного покрытия, бортового камня и люков подземных коммуникаций для нужд АО ""СТМП-ЗЕЛЕНОГРАД""",Акционерное общество «Специализированная Территория Малого Предпринимательства - «Зеленоград»,223-ФЗ,"12 453 449,69",,12.10.2026 09:00,,https://zakupki.gov.ru/epz/order/extendedsearch/results.html?searchString=32616433223,https://zakupki.kontur.ru/32616433223,,идёт приём,,,,,,,,,,,"Город Москва, город Зеленоград, аллея Сосновая, дом 6А, строение 1 42.99.29.100 Работы строительные по строительству гражданских сооружений, не включенные в другие группировки, кроме работ по сохранению и воссозданию объектов культурного наследия 42.99 Строительство прочих инженерных сооружений, не включенных в другие группировки 1 200 Погонный метр Адрес Город Москва, город Зеленоград, аллея Сосновая, дом 6А, строение 1 42.99.29.100 Работы строительные по строительству гражданских сооружений, не включенные в другие группировки, кроме работ по сохранению и воссозданию объектов культурного наследия 42.99 Строительство прочих инженерных сооружений, не включенных в другие группировки 11 Штука Адрес Город Москва, город Зеленоград, аллея Сосновая, дом 6А, строение 1 42.99.29.100 Работы строительные по строительству гражданских сооружений, не включенные в другие группировки, кроме работ по сохранению и воссозданию объектов культурного наследия 42.99 Строительство прочих инженерных сооружений, не включенных в другие группировки 980,502 Тонна; метрическая тонна (1000 кг) Адрес Город Москва, город Зеленоград, аллея Сосновая, дом 6А, строение 1",
0373100025726000270,06.10.2026 10:32,Дороги,Москва и МО,Выполнение работ по благоустройству территории (текущий ремонт асфальтового покрытия),"Федеральное государственное бюджетное учреждение Науки Федеральный Исследовательский Центр Питания, Биотехнологии и Безопасности Пищи",44-ФЗ аукцион,"4 439 511,12",,12.10.2026 11:00,30.12.2026,https://zakupki.gov.ru/epz/order/notice/ea20/view/common-info.html?regNumber=0373100025726000270,https://zakupki.kontur.ru/0373100025726000270,,идёт приём,,,,,,,,,,,"обл. Московская, Московская область, р.п. Измайлово, вл. 24 с. 2",
0848300057126000114,06.10.2026 10:33,Дороги,Москва и МО,Выполнение работ по текущему ремонту : восстановление транспортно-эксплуатационных характеристик автомобильных дорог общего пользования местного значения,Администрация Городского Округа Долгопрудный,44-ФЗ аукцион,"4 482 778,38",,12.10.2026 10:00,28.12.2026,https://zakupki.gov.ru/epz/order/notice/ea20/view/common-info.html?regNumber=0848300057126000114,https://zakupki.kontur.ru/0848300057126000114,,идёт приём,,,,,,,,,,,"обл. Московская, г.о. Долгопрудный, в соответствии с приложением № 5 к Контракту Адрес поставки из документов Московская область, г Долгопрудный Московская область Центральный Федеральный Округ Показать в документах",
5581885,06.10.2026 10:33,Барьеры / БДД / ограждения,Москва и МО,Выполнение устройства внутреннего периметрального металлического ограждения на территории АО «НПП «Квант»,Акционерное общество «Научно-Производственное Предприятие «Квант»,223-ФЗ,"4 000 000,00",,12.10.2026 09:00,,https://zakupki.gov.ru/223/purchase/public/purchase/info/common-info.html?regNumber=5581885,https://zakupki.kontur.ru/5581885,,идёт приём,,,,,,,,,,,"Место поставки товара, работ, услуг: 129626, Россия, г. Москва, 129626 город Москва, улица 3-я Мытищинская, дом 16, строение 37",
AVT01102600004,06.10.2026 10:33,Дороги,Москва и МО,"Запрос котировок в электронной форме на право заключения Договора на выполнение работ по повышению БДД. Установка элементов обустройства автомобильных дорог (автомобильная дорога ""А-107 ""Московское малое кольцо"", ""А-105 ""подъездная дорога от Москвы к аэропорту Домодедово""",Акционерное общество «Дорожное Эксплуатационное Предприятие №17»,Коммерческая,"8 346 959,48",,12.10.2026 10:00,,https://etp-avtodor.ru/trade/AVT01102600004,https://zakupki.kontur.ru/IS78682401,,идёт приём,,,,,,,,,,,"г.Москва, Московская область",
0139200000126011916,06.10.2026 10:33,Мосты и ИССО,Кемеровская обл. (Кузбасс),Выполнение работ по содержанию мостовых сооружений на автомобильных дорогах общего пользования регионального или межмуниципального значения в Кемеровском муниципальном округе,Государственное казенное учреждение «Дирекция Автомобильных Дорог Кузбасса»,44-ФЗ аукцион,"17 992 354,82",,13.10.2026 03:00,15.02.2028,https://zakupki.gov.ru/epz/order/notice/ea20/view/common-info.html?regNumber=0139200000126011916,https://zakupki.kontur.ru/0139200000126011916,,идёт приём,,,,,,,,,,,"обл. Кемеровская область - Кузбасс, Мостовые сооружения, находящиеся на автомобильных дорогах общего пользования регионального или межмуниципального значения в Кемеровском муниципальном округе",
0139200000126011914,06.10.2026 10:33,Мосты и ИССО,Кемеровская обл. (Кузбасс),"Выполнение работ по содержанию автомобильных дорог: планово-предупредительные работы на мосту через р. Большая Промышленная на подъезде к с. Силино, км 1+052",Государственное казенное учреждение «Дирекция Автомобильных Дорог Кузбасса»,44-ФЗ аукцион,"73 552 607,36",,13.10.2026 03:00,10.02.2028,https://zakupki.gov.ru/epz/order/notice/ea20/view/common-info.html?regNumber=0139200000126011914,https://zakupki.kontur.ru/0139200000126011914,,идёт приём,,,,,,,,,,,"обл. Кемеровская область - Кузбасс, Кемеровский муниципальный округ, автомобильная дорога IV категории подъезд к с. Силино, мост через р. Большая Промышленная, км 1+052.",
0351100008926000199,06.10.2026 10:33,Мосты и ИССО,Кемеровская обл. (Кузбасс),"Выполнение работ по содержанию искусственных сооружений на действующей сети автомобильных дорог общего пользования федерального значения. Планово-предупредительные работы. Мост через р. Енисей на км 30+710 автомобильной дороги Р-255 «Сибирь» «Новосибирск – Кемерово – Красноярск – Иркутск (Обход г. Красноярска), Красноярский край.",Федеральное казенное учреждение «Федеральное управление автомобильных дорог «Сибирь» Федерального дорожного агентства»,44-ФЗ конкурс,"80 161 934,00",10%,15.10.2026 05:00,30.09.2027,https://zakupki.gov.ru/epz/order/notice/ok20/view/common-info.html?regNumber=0351100008926000199,https://zakupki.kontur.ru/0351100008926000199,,идёт приём,,,,,,,,,,,"край Красноярский, Мост через р. Енисей на км 30+710 автомобильной дороги Р-255 «Сибирь» «Новосибирск – Кемерово – Красноярск – Иркутск (Обход г. Красноярска).",
0848300048226000365,06.10.2026 10:33,Дороги,Москва и МО,Выполнение работ по текущему ремонту разворотного круга и тротуара на территории муниципального округа Истра,Муниципальное казенное учреждение «Управление Капитального Строительства Муниципального Округа Истра»,44-ФЗ конкурс,"3 512 031,61",,16.10.2026 10:00,30.12.2026,https://zakupki.gov.ru/epz/order/notice/ok20/view/common-info.html?regNumber=0848300048226000365,https://zakupki.kontur.ru/0848300048226000365,,идёт приём,,,,,,,,,,,"обл. Московская, м.о. Истра, , в соответствии с Приложением 5 к Контракту",
32616426280,06.10.2026 10:33,Благоустройство и озеленение,Москва и МО,"Выполнение работ по благоустройству лесопарковой зоны по адресу: Московская область, муниципальный округ Истра, вблизи д. Лечищево и д. Бужарово (этап 3)",Муниципальное автономное учреждение Культуры «Дирекция Парков» Муниципального Округа Истра Московской Области,223-ФЗ,"179 663 307,09",,16.10.2026 08:00,,https://zakupki.gov.ru/epz/order/extendedsearch/results.html?searchString=32616426280,https://zakupki.kontur.ru/32616426280,,идёт приём,,,,,,,,,,,"В соответствии с Приложением 2 к Договору Адрес поставки из документов Московская область, г Истра, д Лечищево Московская область, г Истра, д Бужарово Московская область, г Истра Московская область Центральный Федеральный Округ Показать еще 1 место поставки Показать в документах",
0848300016526000416,06.10.2026 10:33,Прочее,Москва и МО,"Выполнение противооползневых мероприятий (устройство геотехнического экрана) на прилегающей территории МБОУ Гимназия № 7 по адресу Московская область, г. Чехов, ул. Московская, 112",Управление Капитального Строительства и Ремонта администрации Муниципального Округа Чехов,44-ФЗ конкурс,"78 728 280,39",,19.10.2026 10:00,,https://zakupki.gov.ru/epz/order/notice/ok20/view/common-info.html?regNumber=0848300016526000416,https://zakupki.kontur.ru/0848300016526000416,,идёт приём,,,,,,,,,,,"обл. Московская, муниципальный округ Чехов г. Чехов, ул. Московская, 112",
0373200597926000073,06.10.2026 10:33,"Здания, монолит, фундаменты",Москва и МО,"Завершение работ по строительству объекта: «Пристройка поликлинического отделения на 150 посещений в смену к филиалу по Юго-Восточному административному округу г. Москвы ГБУЗ «Московский городской научно-практический центр борьбы с туберкулезом ДЗМ», расположенного по адресу: г. Москва, 8-я ул. Текстильщиков, влд. 2»",Государственное бюджетное учреждение г. Москвы «Дирекция Развития Объектов Здравоохранения Города Москвы»,44-ФЗ конкурс,"28 736 279,23",30%,19.10.2026 09:00,,https://zakupki.gov.ru/epz/order/notice/ok20/view/common-info.html?regNumber=0373200597926000073,https://zakupki.kontur.ru/0373200597926000073,,идёт приём,,,,,,,,,,,"г. Москва, вн.тер.г. муниципальный округ Текстильщики, ул. 8-я Текстильщиков, д. 2 стр. 1 Адрес поставки из документов Город Москва, п Московский, г. Московский Город Москва, п Московский Город Москва Центральный Федеральный Округ Показать в документах",
0848300064126000347,06.10.2026 10:34,Дороги,Москва и МО,"Выполнение работ по текущему ремонту автомобильной дороги от д. 12 по ул. Авиарембаза, д. Федурново до ул. Авиарембаза городского округа Балашиха",Администрация Городского Округа Балашиха,44-ФЗ конкурс,"18 980 401,73",,19.10.2026 10:00,16.07.2027,https://zakupki.gov.ru/epz/order/notice/ok20/view/common-info.html?regNumber=0848300064126000347,https://zakupki.kontur.ru/0848300064126000347,,идёт приём,,,,,,,,,,,"обл. Московская, г.о. Балашиха, , от д. 12 по ул. Авиарембаза, д. Федурново до ул. Авиарембаза",
0848300048226000367,06.10.2026 10:34,Дороги,Москва и МО,Выполнение работ по текущему ремонту и замене элементов обустройства дорог и проездов для обеспечения безопасности дорожного движения на территории муниципального округа Истра,Администрация Муниципального Округа Истра Московской обл.,44-ФЗ конкурс,"20 000 000,00",,19.10.2026 10:00,30.12.2027,https://zakupki.gov.ru/epz/order/notice/ok20/view/common-info.html?regNumber=0848300048226000367,https://zakupki.kontur.ru/0848300048226000367,,идёт приём,,,,,,,,,,,"обл. Московская, м.о. Истра, . Точные места выполнения работ указываются Заказчиком в заявках",
0148300021226000523,06.10.2026 10:34,Дороги,Москва и МО,"Выполнение работ по текущему ремонту автомобильной дороги по адресу: Московская область, Г.о. Люберцы, пгт. Октябрьский, от автомобильной трассы М5 ""Урал"" вдоль кладбища, вдоль ул. Фабричная, через реку Пехорка до деревни Михнево Раменского муниципального района",Муниципальное учреждение «Объединенный Комбинат Благоустройства и Жилищно-Коммунального Хозяйства»,44-ФЗ конкурс,"13 303 956,47",,20.10.2026 10:00,30.06.2027,https://zakupki.gov.ru/epz/order/notice/ok20/view/common-info.html?regNumber=0148300021226000523,https://zakupki.kontur.ru/0148300021226000523,,идёт приём,,,,,,,,,,,"обл. Московская, г.о. Люберцы, , в соответствии с приложением № 5 к контракту ""Описание объекта закупки",
0348100042426000147,06.10.2026 10:34,Дороги,Москва и МО,"Устройство слоев износа на автомобильной дороге М-7 «Волга» Москва – Владимир – Нижний Новгород – Казань на участке км 53+000 - км 57+000 (лево), Московская область; Устройство слоев износа на автомобильной дороге М-7 «Волга» Москва – Владимир – Нижний Новгород – Казань на участке км 53+000 - км 57+000 (право), Московская область (лот 191)",Федеральное казенное учреждение «Федеральное Управление Автомобильных Дорог «Россия» Ордена Ленина Федерального Дорожного Агентства»,44-ФЗ конкурс,"199 992 502,14",,23.10.2026 07:00,21.11.2028,https://zakupki.gov.ru/epz/order/notice/ok20/view/common-info.html?regNumber=0348100042426000147,https://zakupki.kontur.ru/0348100042426000147,,идёт приём,,,,,,,,,,,"обл. Московская, Российская Федерация, Московская область, М-7 «Волга» Москва – Владимир – Нижний Новгород – Казань",
0348100042426000148,06.10.2026 10:34,Дороги,Москва и МО,"Устройство слоев износа на автомобильной дороге Р-22 ""Каспий"" автомобильная дорога М-4 ""Дон"" – Тамбов – Волгоград – Астрахань на участке км 128+000 – км 138+000, Московская область (лот 200)",Федеральное казенное учреждение «Федеральное Управление Автомобильных Дорог «Россия» Ордена Ленина Федерального Дорожного Агентства»,44-ФЗ конкурс,"333 825 110,49",,23.10.2026 07:00,21.11.2028,https://zakupki.gov.ru/epz/order/notice/ok20/view/common-info.html?regNumber=0348100042426000148,https://zakupki.kontur.ru/0348100042426000148,,идёт приём,,,,,,,,,,,"обл. Московская, автомобильная дорога Р-22 «Каспий» автомобильная дорога М-4 «Дон» – Тамбов – Волгоград – Астрахань на участке км 128+000 – км 138+000, Московская область»",
0119200000126016886,06.10.2026 7:25,,Красноярский край / Хакасия / Тыва,ЭА-№-16927/26 «Выполнение работ по ремонту автомобильной дороги общего пользования местного значения ул. Советская в г. Шарыпово Шарыповского муниципального округа»,Муниципальное казенное учреждение «Управление Службы Заказчика» Шарыповского Муниципального Округа,44-ФЗ аукцион,"2 595 064,62",,15.10.2026 04:00,25.12.2026,https://zakupki.gov.ru/epz/order/notice/ea20/view/common-info.html?regNumber=0119200000126016886,https://zakupki.kontur.ru/0119200000126016886,,идёт приём,,,,,,,,,,,"край Красноярский, м.о. Шарыповский, г. Шарыпово, Красноярский край, м.о. Шарыповский, г. Шарыпово, ул. Советская",
АП120893,06.10.2026 7:27,,Новосибирская обл.,"Выполнение работ по монтажу резервуаров вертикальных стальных с понтоном РВСП-2000 с проведением гидроиспытаний и выполнением АКЗ на объекте ""Сокурская нефтебаза""",Акционерное общество «Айсорс»,Коммерческая,,,05.08.2026 18:00,,https://etpgpb.ru/procedure/tender/etp/1268988,https://zakupki.kontur.ru/AP120893,,итог не внесён,,,,,,,,,,,"Новосибирская область, Мошковский район, р. п. Сокур, Производственная зона Количество, объем В соответствии с закупочной документацией Условия оплаты и поставки В соответствии с закупочной документацией",
COM09072600002,06.10.2026 7:29,,Кемеровская обл. (Кузбасс),"Выполнение работ по замене участков 2-х трубного подземного стального водовода Ду400 на полимерные Ду200 ОСП ""ЮФЗ""",Акционерное общество «Кузнецкие Ферросплавы»,Коммерческая,,,12.10.2026 13:00,,https://zakupki.chemk-group.ru/#com/procedure/view/procedure/1542,https://zakupki.kontur.ru/IS66266382,,идёт приём,,,,,,,,,,,"Кемеровская обл.- Кузбасс, г. Юрга, перегон Юрга-1 Тутальская, 3496 км ПК 7-8",
0311100007226000113,06.10.2026 10:34,,Москва и МО,"Ремонт моста через реку Сура на км 582+300 (левый) автомобильной дороги М-7 «Волга» Москва - Владимир - Нижний Новгород - Казань, Чувашская Республика",Федеральное казенное учреждение «Федеральное управление автомобильных дорог Волго-Вятского региона Федерального дорожного агентства»,44-ФЗ конкурс,"361 755 790,00",,22.10.2026 10:00,25.11.2028,https://zakupki.gov.ru/epz/order/notice/ok20/view/common-info.html?regNumber=0311100007226000113,https://zakupki.kontur.ru/0311100007226000113,,идёт приём,,,,,,,,,,,"Чувашия Чувашская Республика -, мост через реку Сура на км 582+300 (левый) автомобильной дороги М-7 «Волга» Москва - Владимир - Нижний Новгород - Казань",
0311100007226000114,06.10.2026 10:34,,Москва и МО,"Устранение деформаций и повреждений дорожного покрытия на выборочных участках автомобильной дороги М-7 ""Волга"" Москва - Владимир - Нижний Новгород - Казань км 365 - км 390, км 442 - км 459, на съездах транспортных развязок на км 399, км 404, Нижегородская область",Федеральное казенное учреждение «Федеральное управление автомобильных дорог Волго-Вятского региона Федерального дорожного агентства»,44-ФЗ аукцион,"47 179 520,00",,14.10.2026 09:00,30.06.2027,https://zakupki.gov.ru/epz/order/notice/ea20/view/common-info.html?regNumber=0311100007226000114,https://zakupki.kontur.ru/0311100007226000114,,идёт приём,,,,,,,,,,,"обл. Нижегородская, участки автомобильной дороги М-7 ""Волга"" Москва - Владимир - Нижний Новгород - Казань км 365 - км 390, км 442 - км 459, на съездах транспортных развязок на км 399, км 404.",
0848300051626001046,06.10.2026 10:35,,Москва и МО,"Выполнение работ по текущему ремонту автодорог общего пользования местного значения д. Пестовка, п. Удельная, ул. Тургенева муниципального округа Раменское, Московской области",Муниципальное казенное учреждение «Раменские Автомобильные Дороги»,44-ФЗ аукцион,"6 235 300,39",,14.10.2026 10:00,,https://zakupki.gov.ru/epz/order/notice/ea20/view/common-info.html?regNumber=0848300051626001046,https://zakupki.kontur.ru/0848300051626001046,,идёт приём,,,,,,,,,,,"обл. Московская, муниципальный округ Раменский п. Удельная, ул. Тургенева обл. Московская, муниципальный округ Раменский д. Пестовка",
0373100074526000179,06.10.2026 10:35,,Москва и МО,ОА.26/138 Выполнение работ по благоустройству (ремонт автодорог и тротуаров),Федеральное государственное бюджетное Научное учреждение «Центральный Научно-Исследовательский Институт Туберкулеза»,44-ФЗ аукцион,"21 359 777,08",,14.10.2026 09:00,,https://zakupki.gov.ru/epz/order/notice/ea20/view/common-info.html?regNumber=0373100074526000179,https://zakupki.kontur.ru/0373100074526000179,,идёт приём,,,,,,,,,,,"г. Москва, вн.тер.г. муниципальный округ Богородское, ал. Яузская, д. 2 стр. 1",
0148200005426000439,06.10.2026 10:35,,Москва и МО,Строительство путепровода на 1+500 км автодороги Братовщина - Ельдигино - ММК - Герасимиха - Рахманово (Подготовительные работы),Государственное казенное учреждение Московской обл. «Дирекция Дорожного Строительства»,44-ФЗ конкурс,"771 795 337,14",30%,21.10.2026 10:00,10.08.2029,https://zakupki.gov.ru/epz/order/notice/ok20/view/common-info.html?regNumber=0148200005426000439,https://zakupki.kontur.ru/0148200005426000439,,идёт приём,,,,,,,,,,,"обл. Московская, г.о. Пушкинский",
0848300047226000600,06.10.2026 10:35,,Москва и МО,Выполнение работ по текущему ремонту автомобильной дороги по адресу: г.о. Красногорск ул.Лесная (доп.работы),Муниципальное бюджетное учреждение «Красногорская Городская Служба»,44-ФЗ конкурс,"5 019 248,63",,21.10.2026 10:00,31.12.2026,https://zakupki.gov.ru/epz/order/notice/ok20/view/common-info.html?regNumber=0848300047226000600,https://zakupki.kontur.ru/0848300047226000600,,идёт приём,,,,,,,,,,,"обл. Московская, г.о. Красногорск, В соответствии с Приложением 5 ""Описание объекта закупки (ТЗ)""",
0848300048226000372,06.10.2026 10:35,,Москва и МО,Ремонт тротуаров с заменой плитки на асфальтобетон,Администрация Муниципального Округа Истра Московской обл.,44-ФЗ конкурс,"5 152 659,92",,21.10.2026 10:00,26.02.2027,https://zakupki.gov.ru/epz/order/notice/ok20/view/common-info.html?regNumber=0848300048226000372,https://zakupki.kontur.ru/0848300048226000372,,идёт приём,,,,,,,,,,,"обл. Московская, м.о. Истра, с Приложением 8 к Контракту Адрес поставки из документов Московская область, г Истра, д Бужарово Московская область, г Истра Московская область Центральный Федеральный Округ Показать в документах",
0373200086726001011,06.10.2026 10:35,,Москва и МО,Выполнение работ по устройству ограждений на детских площадках,Государственное бюджетное учреждение г. Москвы «Жилищник Района Бирюлево Западное»,44-ФЗ аукцион,"3 794 936,84",,13.10.2026 09:00,,https://zakupki.gov.ru/epz/order/notice/ea20/view/common-info.html?regNumber=0373200086726001011,https://zakupki.kontur.ru/0373200086726001011,,идёт приём,,,,,,,,,,,"г. Москва, вн.тер.г. муниципальный округ Бирюлево Западное, ул. Медынская, д. 5 к. 3 г. Москва, вн.тер.г. муниципальный округ Бирюлево Западное, ул. Харьковская, д. 1 к. 1 г. Москва, вн.тер.г. муниципальный округ Бирюлево Западное, ул. Харьковская, д. 1 к. 2 г. Москва, вн.тер.г. муниципальный округ Бирюлево Западное, ул. Харьковская, д. 1 к. 3 г. Москва, вн.тер.г. муниципальный округ Бирюлево Западное, ул. Харьковская, д. 1 к. 4 г. Москва, вн.тер.г. муниципальный округ Бирюлево Западное, ул. Харьковская, д. 1 к. 5 г. Москва, вн.тер.г. муниципальный округ Бирюлево Западное, ул. Харьковская, д. 3 к. 3 г. Москва, вн.тер.г. муниципальный округ Бирюлево Западное, ул. Харьковская, д. 3 к. 4 г. Москва, вн.тер.г. муниципальный округ Бирюлево Западное, ул. Харьковская, д. 1 к. 3 Показать еще 5 мест поставки",
0848300044526000329,06.10.2026 10:35,,Москва и МО,Выполнение работ по устройству и модернизации контейнерных площадок в городском округе Химки Московской области в 2026 году лот (4),Управление Жилищно-Коммунального Хозяйства администрации Городского Округа Химки Московской обл.,44-ФЗ конкурс,"6 946 510,38",30%,21.10.2026 11:00,,https://zakupki.gov.ru/epz/order/notice/ok20/view/common-info.html?regNumber=0848300044526000329,https://zakupki.kontur.ru/0848300044526000329,,идёт приём,,,,,,,,,,,"обл. Московская, г.о. Химки, в соответствии с условиями контракта",