Закупки по;Реестровый номер закупки;Способ определения поставщика (подрядчика, исполнителя), подрядной организации (размещения закупки);Наименование закупки;Предмет электронного аукциона (только для ПП РФ 615);Идентификационный код закупки;Номер лота;Наименование лота;Начальная (максимальная) цена контракта;Валюта;Начальная (максимальная) цена в валюте контракта;Валюта контракта;Классификация по ОКДП;Классификация по ОКПД;Классификация по ОКПД2;Код позиции;Наименование Заказчика;Организация, осуществляющая размещение ;Дата размещения;Дата обновления;Этап закупки;Особенности размещения заказа\ Преимущества (44-ФЗ);Дата начала подачи заявок;Дата окончания подачи заявок;Дата проведения электронного аукциона
44-ФЗ;№0172200000526000007;Открытый конкурс в электронной форме;Работы по текущему ремонту помещений Жилищного комитета по адресу: Санкт-Петербург, пл. Островского, д.9;;'262784001319978400100100350014339244;;;11642213.31;RUB;0;;;;;;ЖИЛИЩНЫЙ КОМИТЕТ;ЖИЛИЩНЫЙ КОМИТЕТ;10.02.2026;03.03.2026;Закупка завершена;;;26.02.2026;
44-ФЗ;№0848300053826000020;Открытый конкурс в электронной форме;Выполнение работ по ремонту дворовых территорий (лот-2);;'263502500457450250100100110034299244;;;48267093.44;RUB;0;;;;;;"МУНИЦИПАЛЬНОЕ БЮДЖЕТНОЕ УЧРЕЖДЕНИЕ ""УЮТНЫЙ ГОРОД""";"МУНИЦИПАЛЬНОЕ КАЗЕННОЕ УЧРЕЖДЕНИЕ ""ЛОБНЕНСКИЙ ЦЕНТР ЗАКУПОК""";12.02.2026;03.03.2026;Закупка завершена;;;26.02.2026;
44-ФЗ;№0187300014726000080;Электронный аукцион на проведение работ по строительству, реконструкции, кап. ремонту, сносу объекта кап. строительства в соответствии с п. 8 ч. 1 ст. 33 Закона № 44-ФЗ;"Выполнение работ по капитальному ремонту объекта ""Школа № 1 (корпус 1) с пристроем к школе №1, р.п. Белый Яр, ул. Островского, 20""";;'263861702064386170100100420014120243;;;9979504.00;RUB;0;;;;;;"МУНИЦИПАЛЬНОЕ КАЗЁННОЕ УЧРЕЖДЕНИЕ ""СЛУЖБА ЕДИНОГО ЗАКАЗЧИКА ПО ЭКСПЛУАТАЦИИ ОБЪЕКТОВ СОЦИАЛЬНОЙ СФЕРЫ"" СУРГУТСКОГО РАЙОНА";АДМИНИСТРАЦИЯ СУРГУТСКОГО РАЙОНА;18.02.2026;03.03.2026;Закупка завершена;;;27.02.2026;
44-ФЗ;№0164200001926000408;Электронный аукцион;Поставка лекарственного препарата Панитумумаб;;'262683200661568290100100020162120244;;;5681736.00;RUB;0;;;;;;"ГОСУДАРСТВЕННОЕ БЮДЖЕТНОЕ УЧРЕЖДЕНИЕ ЗДРАВООХРАНЕНИЯ ""ТАМБОВСКИЙ ОБЛАСТНОЙ ОНКОЛОГИЧЕСКИЙ КЛИНИЧЕСКИЙ ДИСПАНСЕР""";МИНИСТЕРСТВО ИМУЩЕСТВЕННЫХ ОТНОШЕНИЙ И ГОСУДАРСТВЕННОГО ЗАКАЗА ТАМБОВСКОЙ ОБЛАСТИ;18.02.2026;03.03.2026;Закупка завершена;;;27.02.2026;
44-ФЗ;№0119200000126002101;Электронный аукцион;ЭА-№-2167/26 «Оказание услуг по охране объектов КГБУЗ «Норильская МБ № 1»»;;'262245703014224570100101020018010244;;;19615392.00;RUB;0;;;;;;"КРАЕВОЕ ГОСУДАРСТВЕННОЕ БЮДЖЕТНОЕ УЧРЕЖДЕНИЕ ЗДРАВООХРАНЕНИЯ ""НОРИЛЬСКАЯ МЕЖРАЙОННАЯ БОЛЬНИЦА № 1""";АГЕНТСТВО ГОСУДАРСТВЕННОГО ЗАКАЗА КРАСНОЯРСКОГО КРАЯ;18.02.2026;03.03.2026;Закупка завершена;;;27.02.2026;
44-ФЗ;№0187300014726000072;Запрос котировок в электронной форме;Оказание услуг по организации отдыха и оздоровления детей Сургутского района в организации отдыха детей и их оздоровления, расположенных на территории Новосибирской области в период школьных каникул 2026 года;;'263861703521686170100100520018541244;;;5420040.00;RUB;0;;;;;;"МУНИЦИПАЛЬНОЕ КАЗЁННОЕ УЧРЕЖДЕНИЕ СУРГУТСКОГО РАЙОНА ""ИНФОРМАЦИОННО-МЕТОДИЧЕСКИЙ ЦЕНТР""";АДМИНИСТРАЦИЯ СУРГУТСКОГО РАЙОНА;17.02.2026;03.03.2026;Закупка завершена;;;27.02.2026;
44-ФЗ;№0142200001326003036;Электронный аукцион;Поставка смеси энтеральной в рамках обеспечения продуктами лечебного питания взрослых пациентов с паллиативным статусом (ВП) в 2026 году.;;'262631819736763180100100470070000323;;;6269432.40;RUB;0;;;;;;"ГОСУДАРСТВЕННОЕ КАЗЕННОЕ УЧРЕЖДЕНИЕ САМАРСКОЙ ОБЛАСТИ ""САМАРАФАРМАЦИЯ""";КОМИТЕТ ПО ОРГАНИЗАЦИИ ТОРГОВ САМАРСКОЙ ОБЛАСТИ;19.02.2026;03.03.2026;Закупка завершена;;;27.02.2026;
44-ФЗ;№0119200000126002143;Электронный аукцион;ЭА-№-2271/26 «Оказание авиационных услуг по тушению лесных пожаров с использованием вертолета МИ-8МТВ или эквивалент в месте базирования г. Красноярск»;;'262246323571924630100100050015223244;;;27404150.88;RUB;0;;;;;;"КРАЕВОЕ ГОСУДАРСТВЕННОЕ АВТОНОМНОЕ УЧРЕЖДЕНИЕ ""КРАСНОЯРСКАЯ БАЗА АВИАЦИОННОЙ И НАЗЕМНОЙ ОХРАНЫ ЛЕСОВ""";АГЕНТСТВО ГОСУДАРСТВЕННОГО ЗАКАЗА КРАСНОЯРСКОГО КРАЯ;19.02.2026;03.03.2026;Закупка завершена;;;27.02.2026;
44-ФЗ;№0360100030526000070;Электронный аукцион;Поставка лекарственных препаратов (МНН – Флудезоксиглюкоза [18F] №1);;'261645200647164520100100060370000244;;;49155120.00;RUB;0;;;;;;"ФЕДЕРАЛЬНОЕ ГОСУДАРСТВЕННОЕ БЮДЖЕТНОЕ ОБРАЗОВАТЕЛЬНОЕ УЧРЕЖДЕНИЕ ВЫСШЕГО ОБРАЗОВАНИЯ ""САРАТОВСКИЙ ГОСУДАРСТВЕННЫЙ МЕДИЦИНСКИЙ УНИВЕРСИТЕТ ИМЕНИ В.И.РАЗУМОВСКОГО"" МИНИСТЕРСТВА ЗДРАВООХРАНЕНИЯ РОССИЙСКОЙ ФЕДЕРАЦИИ";"ФЕДЕРАЛЬНОЕ ГОСУДАРСТВЕННОЕ БЮДЖЕТНОЕ ОБРАЗОВАТЕЛЬНОЕ УЧРЕЖДЕНИЕ ВЫСШЕГО ОБРАЗОВАНИЯ ""САРАТОВСКИЙ ГОСУДАРСТВЕННЫЙ МЕДИЦИНСКИЙ УНИВЕРСИТЕТ ИМЕНИ В.И.РАЗУМОВСКОГО"" МИНИСТЕРСТВА ЗДРАВООХРАНЕНИЯ РОССИЙСКОЙ ФЕДЕРАЦИИ";19.02.2026;03.03.2026;Закупка завершена;;;27.02.2026;
44-ФЗ;№0360100030526000069;Электронный аукцион;Поставка лекарственных препаратов (МНН – ПСМА-1007 [18F]);;'261645200647164520100100060380000244;;;22272000.00;RUB;0;;;;;;"ФЕДЕРАЛЬНОЕ ГОСУДАРСТВЕННОЕ БЮДЖЕТНОЕ ОБРАЗОВАТЕЛЬНОЕ УЧРЕЖДЕНИЕ ВЫСШЕГО ОБРАЗОВАНИЯ ""САРАТОВСКИЙ ГОСУДАРСТВЕННЫЙ МЕДИЦИНСКИЙ УНИВЕРСИТЕТ ИМЕНИ В.И.РАЗУМОВСКОГО"" МИНИСТЕРСТВА ЗДРАВООХРАНЕНИЯ РОССИЙСКОЙ ФЕДЕРАЦИИ";"ФЕДЕРАЛЬНОЕ ГОСУДАРСТВЕННОЕ БЮДЖЕТНОЕ ОБРАЗОВАТЕЛЬНОЕ УЧРЕЖДЕНИЕ ВЫСШЕГО ОБРАЗОВАНИЯ ""САРАТОВСКИЙ ГОСУДАРСТВЕННЫЙ МЕДИЦИНСКИЙ УНИВЕРСИТЕТ ИМЕНИ В.И.РАЗУМОВСКОГО"" МИНИСТЕРСТВА ЗДРАВООХРАНЕНИЯ РОССИЙСКОЙ ФЕДЕРАЦИИ";19.02.2026;03.03.2026;Закупка завершена;;;27.02.2026;
44-ФЗ;№0169300035826000044;Электронный аукцион;Выполнение работ по благоустройству сквера «Образование»;;'263741503192274150100100600014299244;;;46377964.74;RUB;0;;;;;;АДМИНИСТРАЦИЯ МИАССКОГО ГОРОДСКОГО ОКРУГА ЧЕЛЯБИНСКОЙ ОБЛАСТИ;АДМИНИСТРАЦИЯ МИАССКОГО ГОРОДСКОГО ОКРУГА ЧЕЛЯБИНСКОЙ ОБЛАСТИ;19.02.2026;03.03.2026;Закупка завершена;;;27.02.2026;
44-ФЗ;№0187300014726000073;Электронный аукцион;Выполнение работ по монтажу системы пожарной сигнализации и системы оповещения о пожаре в здании по адресу:  Ханты-Мансийский автономный округ - Югра, г. Сургут, проспект Пролетарский, д.10/3 (общежитие);;'263861703943686170100100070010000244;;;5946896.11;RUB;0;;;;;;"МУНИЦИПАЛЬНОЕ КАЗЁННОЕ УЧРЕЖДЕНИЕ ""КАЗНА СУРГУТСКОГО РАЙОНА""";АДМИНИСТРАЦИЯ СУРГУТСКОГО РАЙОНА;17.02.2026;03.03.2026;Закупка завершена;;;27.02.2026;
44-ФЗ;№0372500012726000005;Открытый конкурс в электронной форме;Оказание услуг по аренде автомобилей.;;'262781483693678140100100170017711244;;;38448000.00;RUB;0;;;;;;"САНКТ-ПЕТЕРБУРГСКОЕ ГОСУДАРСТВЕННОЕ БЮДЖЕТНОЕ УЧРЕЖДЕНИЕ ""СЕВЕРО-ЗАПАДНОЕ УПРАВЛЕНИЕ РЕГИОНАЛЬНЫХ ДОРОГ И БЛАГОУСТРОЙСТВА""";"САНКТ-ПЕТЕРБУРГСКОЕ ГОСУДАРСТВЕННОЕ БЮДЖЕТНОЕ УЧРЕЖДЕНИЕ ""СЕВЕРО-ЗАПАДНОЕ УПРАВЛЕНИЕ РЕГИОНАЛЬНЫХ ДОРОГ И БЛАГОУСТРОЙСТВА""";05.02.2026;03.03.2026;Закупка завершена;;;24.02.2026;
44-ФЗ;№0142200001326003032;Электронный аукцион;Специализированный продукт лечебного питания для детей старше 8 лет, больных фенилкетонурией на 2026 год. (п26-02-669а);;'262631819736763180100100102430000000;;;7936500.00;RUB;0;;;;;;"ГОСУДАРСТВЕННОЕ КАЗЕННОЕ УЧРЕЖДЕНИЕ САМАРСКОЙ ОБЛАСТИ ""САМАРАФАРМАЦИЯ""";КОМИТЕТ ПО ОРГАНИЗАЦИИ ТОРГОВ САМАРСКОЙ ОБЛАСТИ;19.02.2026;03.03.2026;Закупка завершена;;;27.02.2026;
44-ФЗ;№0301100049626000102;Электронный аукцион;Поставка медикаментов (ЦЕРТОЛИЗУМАБА ПЭГОЛ) для нужд Клиники ФГБОУ ВО БГМУ Минздрава России;;'261027402308802740100100020250000244;;;5921813.60;RUB;0;;;;;;"ФЕДЕРАЛЬНОЕ ГОСУДАРСТВЕННОЕ БЮДЖЕТНОЕ ОБРАЗОВАТЕЛЬНОЕ УЧРЕЖДЕНИЕ ВЫСШЕГО ОБРАЗОВАНИЯ ""БАШКИРСКИЙ ГОСУДАРСТВЕННЫЙ МЕДИЦИНСКИЙ УНИВЕРСИТЕТ"" МИНИСТЕРСТВА ЗДРАВООХРАНЕНИЯ РОССИЙСКОЙ ФЕДЕРАЦИИ";"ФЕДЕРАЛЬНОЕ ГОСУДАРСТВЕННОЕ БЮДЖЕТНОЕ ОБРАЗОВАТЕЛЬНОЕ УЧРЕЖДЕНИЕ ВЫСШЕГО ОБРАЗОВАНИЯ ""БАШКИРСКИЙ ГОСУДАРСТВЕННЫЙ МЕДИЦИНСКИЙ УНИВЕРСИТЕТ"" МИНИСТЕРСТВА ЗДРАВООХРАНЕНИЯ РОССИЙСКОЙ ФЕДЕРАЦИИ";19.02.2026;03.03.2026;Закупка завершена;;;27.02.2026;
44-ФЗ;№0119200000126001113;Открытый конкурс в электронной форме;ОК 1514/26 «Выполнение всего комплекса работ по ремонту моста через р. Таловка на км 101+440 автомобильной дороги Саяны Красноярского края»;;'262246001772024600100100090034211244;;;22719842.00;RUB;0;;;;;;"КРАЕВОЕ ГОСУДАРСТВЕННОЕ КАЗЁННОЕ УЧРЕЖДЕНИЕ ""УПРАВЛЕНИЕ АВТОМОБИЛЬНЫХ ДОРОГ ПО КРАСНОЯРСКОМУ КРАЮ""";АГЕНТСТВО ГОСУДАРСТВЕННОГО ЗАКАЗА КРАСНОЯРСКОГО КРАЯ;06.02.2026;03.03.2026;Закупка завершена;;;26.02.2026;
44-ФЗ;№0119200000126001891;Электронный аукцион;ЭА 2283/26 «Выполнение работ по текущему ремонту участка автомобильной дороги по ул. Вейнбаума города Уяра»;;'263244000060824400100100090014211244;;;5276621.33;RUB;0;;;;;;АДМИНИСТРАЦИЯ ГОРОДА УЯРА;АГЕНТСТВО ГОСУДАРСТВЕННОГО ЗАКАЗА КРАСНОЯРСКОГО КРАЯ;18.02.2026;03.03.2026;Закупка завершена;;;27.02.2026;
44-ФЗ;№0119200000126001967;Электронный аукцион;ЭА-№-2139/26 «Ремонт автомобильной дороги ул. Курская (участок от д. № 18 до д. № 62) в с. Верхний Ададым, ул. Садовая с. Ельник Назаровского муниципального округа Красноярского края»;;'263245601405024560100100020014211244;;;7172501.12;RUB;0;;;;;;"МУНИЦИПАЛЬНОЕ КАЗЕННОЕ УЧРЕЖДЕНИЕ СЛУЖБА ""ЗАКАЗЧИК"" НАЗАРОВСКОГО РАЙОНА";АГЕНТСТВО ГОСУДАРСТВЕННОГО ЗАКАЗА КРАСНОЯРСКОГО КРАЯ;18.02.2026;03.03.2026;Закупка завершена;;;27.02.2026;
44-ФЗ;№0169300000326000189;Электронный аукцион на проведение работ по строительству, реконструкции, кап. ремонту, сносу объекта кап. строительства в соответствии с п. 8 ч. 1 ст. 33 Закона № 44-ФЗ;"Выполнение работ по объекту: ""Капитальный ремонт МКУК ""Магнитогорский историко-краеведческий музей"" по адресу: ул. Советской Армии,51а""";;'263741400667374550100101300014339243;;;67539099.68;RUB;0;;;;;;"МУНИЦИПАЛЬНОЕ КАЗЕННОЕ УЧРЕЖДЕНИЕ ""УПРАВЛЕНИЕ КАПИТАЛЬНОГО СТРОИТЕЛЬСТВА""";АДМИНИСТРАЦИЯ ГОРОДА МАГНИТОГОРСКА;19.02.2026;03.03.2026;Закупка завершена;;;27.02.2026;
44-ФЗ;№0329200062226000200;Электронный аукцион;Выполнение работ по ремонту дорожного покрытия дворовых территорий многоквартирных домов и проездов к ним  города Волгограда;;'263344407025234450100100090014211244;;;114253321.06;RUB;0;;;;;;МУНИЦИПАЛЬНОЕ УЧРЕЖДЕНИЕ КОММУНАЛЬНО-ДОРОЖНОГО СТРОИТЕЛЬСТВА, РЕМОНТА И СОДЕРЖАНИЯ;"ГОСУДАРСТВЕННОЕ КАЗЕННОЕ УЧРЕЖДЕНИЕ ВОЛГОГРАДСКОЙ ОБЛАСТИ ""ЦЕНТР ОРГАНИЗАЦИИ ЗАКУПОК""";18.02.2026;03.03.2026;Закупка завершена;;;27.02.2026;
44-ФЗ;№0373200087426000017;Электронный аукцион;" Поставка медицинских перчаток нестерильных (Закупка № 1) для нужд ГБУЗ ""ГП № 23 ДЗМ"" в 2026г.";;'262772124451077210100100220010000244;;;6000000.00;RUB;0;;;;;;"ГОСУДАРСТВЕННОЕ БЮДЖЕТНОЕ УЧРЕЖДЕНИЕ ЗДРАВООХРАНЕНИЯ ГОРОДА МОСКВЫ ""ГОРОДСКАЯ ПОЛИКЛИНИКА № 23 ДЕПАРТАМЕНТА ЗДРАВООХРАНЕНИЯ ГОРОДА МОСКВЫ""";"ГОСУДАРСТВЕННОЕ БЮДЖЕТНОЕ УЧРЕЖДЕНИЕ ЗДРАВООХРАНЕНИЯ ГОРОДА МОСКВЫ ""ГОРОДСКАЯ ПОЛИКЛИНИКА № 23 ДЕПАРТАМЕНТА ЗДРАВООХРАНЕНИЯ ГОРОДА МОСКВЫ""";19.02.2026;03.03.2026;Закупка завершена;;;27.02.2026;
44-ФЗ;№0311200053825000004;Открытый конкурс в электронной форме;Услуги по организации оздоровления и отдыха творчески одаренных и социально активных детей на условиях долевого финансирования в стационарном лагере, расположенном на южном берегу Черноморском побережье Республики Крым;;'252165524299716550100100080018541244;;;19597500.00;RUB;0;;;;;;"ГОСУДАРСТВЕННОЕ БЮДЖЕТНОЕ УЧРЕЖДЕНИЕ ""РЕСПУБЛИКАНСКИЙ ЦЕНТР ""ЧЕРНОМОРЕЦ""";"ГОСУДАРСТВЕННОЕ БЮДЖЕТНОЕ УЧРЕЖДЕНИЕ ""РЕСПУБЛИКАНСКИЙ ЦЕНТР ""ЧЕРНОМОРЕЦ""";01.12.2025;03.03.2026;Закупка завершена;;;17.12.2025;
44-ФЗ;№0830500000226000290;Открытый конкурс в электронной форме на проведение работ по строительству, реконструкции, кап. ремонту, сносу объекта кап. строительства в соответствии с п. 8 ч. 1 ст. 33 Закона № 44-ФЗ;Капитальный ремонт сетей ливневой канализации по Советскому проспекту от ул. Виноградова до парка культуры и отдыха имени М.М. Булдакова;;'263352603869035260100100450014221243;;;8067674.35;RUB;0;;;;;;УПРАВЛЕНИЕ СТРОИТЕЛЬСТВА И ЖИЛИЩНО-КОММУНАЛЬНОГО ХОЗЯЙСТВА АДМИНИСТРАЦИИ ВЕЛИКОУСТЮГСКОГО МУНИЦИПАЛЬНОГО ОКРУГА ВОЛОГОДСКОЙ ОБЛАСТИ;"ГОСУДАРСТВЕННОЕ КАЗЕННОЕ УЧРЕЖДЕНИЕ ВОЛОГОДСКОЙ ОБЛАСТИ ""ЦЕНТР ЗАКУПОК""";10.02.2026;03.03.2026;Закупка завершена;;;26.02.2026;
44-ФЗ;№0102200001626000174;Электронный аукцион;ПОСТАВКА ПРЕПАРАТА ЭНЗАЛУТАМИД для обеспечения граждан в соответствии с постановлением Правительства Российской Федерации от 30.07.1994 № 890 «О государственной поддержке развития медицинской промышленности и улучшения обеспечения населения и учреждений здравоохранения лекарственными средствами и изделиями медицинского назначения»;;'262032305651503260100100420012120244;;;57047588.64;RUB;0;;;;;;МИНИСТЕРСТВО ЗДРАВООХРАНЕНИЯ РЕСПУБЛИКИ БУРЯТИЯ;РЕСПУБЛИКАНСКОЕ АГЕНТСТВО ПО ГОСУДАРСТВЕННЫМ ЗАКУПКАМ;17.02.2026;03.03.2026;Закупка завершена;;;27.02.2026;
44-ФЗ;№0848300049026000044;Открытый конкурс в электронной форме;Услуги частной охраны (Выставление поста охраны);;'263503408406150340100100220018010244;;;11890272.00;RUB;0;;;;;;МУНИЦИПАЛЬНОЕ ОБЩЕОБРАЗОВАТЕЛЬНОЕ УЧРЕЖДЕНИЕ СРЕДНЯЯ ОБЩЕОБРАЗОВАТЕЛЬНАЯ ШКОЛА №6;"МУНИЦИПАЛЬНОЕ КАЗЕННОЕ УЧРЕЖДЕНИЕ ""УПРАВЛЕНИЕ ЦЕНТРАЛИЗАЦИИ ЗАКУПОК ОРЕХОВО-ЗУЕВСКОГО ГОРОДСКОГО ОКРУГА""";10.02.2026;03.03.2026;Закупка завершена;;;26.02.2026;
44-ФЗ;№0830500000226000288;Открытый конкурс в электронной форме на проведение работ по строительству, реконструкции, кап. ремонту, сносу объекта кап. строительства в соответствии с п. 8 ч. 1 ст. 33 Закона № 44-ФЗ;Капитальный ремонт сетей ливневой канализации пер. Красный от ул. Набережная до Советского проспекта, Советский проспект от пер. Октябрьский до дома №106 по Советскому проспекту;;'263352603869035260100100420014221243;;;9194747.94;RUB;0;;;;;;УПРАВЛЕНИЕ СТРОИТЕЛЬСТВА И ЖИЛИЩНО-КОММУНАЛЬНОГО ХОЗЯЙСТВА АДМИНИСТРАЦИИ ВЕЛИКОУСТЮГСКОГО МУНИЦИПАЛЬНОГО ОКРУГА ВОЛОГОДСКОЙ ОБЛАСТИ;"ГОСУДАРСТВЕННОЕ КАЗЕННОЕ УЧРЕЖДЕНИЕ ВОЛОГОДСКОЙ ОБЛАСТИ ""ЦЕНТР ЗАКУПОК""";10.02.2026;03.03.2026;Закупка завершена;;;26.02.2026;
44-ФЗ;№0848300049026000043;Открытый конкурс в электронной форме;Услуги частной охраны (Выставление поста охраны)  МОУ СОШ №1 имени Героя Российской Федерации Л.И.Шулайкиной (2026 - 2027);;'263503408370250340100100380018010244;;;11017943.04;RUB;0;;;;;;МУНИЦИПАЛЬНОЕ ОБЩЕОБРАЗОВАТЕЛЬНОЕ УЧРЕЖДЕНИЕ СРЕДНЯЯ ОБЩЕОБРАЗОВАТЕЛЬНАЯ ШКОЛА № 1 ИМЕНИ ГЕРОЯ РОССИЙСКОЙ ФЕДЕРАЦИИ Л.И. ШУЛАЙКИНОЙ;"МУНИЦИПАЛЬНОЕ КАЗЕННОЕ УЧРЕЖДЕНИЕ ""УПРАВЛЕНИЕ ЦЕНТРАЛИЗАЦИИ ЗАКУПОК ОРЕХОВО-ЗУЕВСКОГО ГОРОДСКОГО ОКРУГА""";10.02.2026;03.03.2026;Закупка завершена;;;26.02.2026;
44-ФЗ;№0169600029826000007;Электронный аукцион;Ремонт асфальтобетонного покрытия по ул. Строителей, проулок Монетка (ул Свердлова 78 до ул Пушкина 86) в рп. Кропачево;;'263745336731374530100100060074211244;;;7321401.16;RUB;0;;;;;;ТЕРРИТОРИАЛЬНОЕ УПРАВЛЕНИЕ АДМИНИСТРАЦИИ АШИНСКОГО МУНИЦИПАЛЬНОГО ОКРУГА ЧЕЛЯБИНСКОЙ ОБЛАСТИ;ТЕРРИТОРИАЛЬНОЕ УПРАВЛЕНИЕ АДМИНИСТРАЦИИ АШИНСКОГО МУНИЦИПАЛЬНОГО ОКРУГА ЧЕЛЯБИНСКОЙ ОБЛАСТИ;19.02.2026;03.03.2026;Закупка завершена;;;27.02.2026;
44-ФЗ;№0353100003626000007;Открытый конкурс в электронной форме на проведение работ по строительству, реконструкции, кап. ремонту, сносу объекта кап. строительства в соответствии с п. 8 ч. 1 ст. 33 Закона № 44-ФЗ;Выполнение работ по выборочному капитальному ремонту фасада здания Саракташского районного суда Оренбургской области;;'261561005488856100100100480014120243;;;5812799.40;RUB;0;;;;;;УПРАВЛЕНИЕ СУДЕБНОГО ДЕПАРТАМЕНТА В ОРЕНБУРГСКОЙ ОБЛАСТИ;УПРАВЛЕНИЕ СУДЕБНОГО ДЕПАРТАМЕНТА В ОРЕНБУРГСКОЙ ОБЛАСТИ;10.02.2026;03.03.2026;Закупка завершена;;;27.02.2026;
44-ФЗ;№0102200001626000117;Открытый конкурс в электронной форме на проведение работ по строительству, реконструкции, кап. ремонту, сносу объекта кап. строительства в соответствии с п. 8 ч. 1 ст. 33 Закона № 44-ФЗ;Выполнение работ по строительству объекта «Строительство корпуса для отделения «Центр абилитации» на базе ГБУСО РБ «Детский дом-интернат для детей с серьезными нарушениями в интеллектуальном развитии «Журавушка»;;'262032308224003260100100190014120414;;;174759766.83;RUB;0;;;;;;"ГОСУДАРСТВЕННОЕ КАЗЕННОЕ УЧРЕЖДЕНИЕ РЕСПУБЛИКИ БУРЯТИЯ ""УПРАВЛЕНИЕ КАПИТАЛЬНОГО СТРОИТЕЛЬСТВА ПРАВИТЕЛЬСТВА РЕСПУБЛИКИ БУРЯТИЯ""";РЕСПУБЛИКАНСКОЕ АГЕНТСТВО ПО ГОСУДАРСТВЕННЫМ ЗАКУПКАМ;12.02.2026;03.03.2026;Закупка завершена;;;26.02.2026;
44-ФЗ;№0131300009026000003;Открытый конкурс в электронной форме;Выполнение проектно-изыскательских работ по объекту: «Районный дом культуры в г. Бутурлиновка»;;'263360500236936050100100240017112414;;;10506038.78;RUB;0;;;;;;АДМИНИСТРАЦИЯ БУТУРЛИНОВСКОГО МУНИЦИПАЛЬНОГО РАЙОНА ВОРОНЕЖСКОЙ ОБЛАСТИ;АДМИНИСТРАЦИЯ БУТУРЛИНОВСКОГО МУНИЦИПАЛЬНОГО РАЙОНА ВОРОНЕЖСКОЙ ОБЛАСТИ;09.02.2026;03.03.2026;Закупка завершена;;;25.02.2026;
44-ФЗ;№0201100003826000085;Электронный аукцион;Поставка технических средств реабилитации (Специальные средства при нарушениях функций выделения) для обеспечения в 2026 году Получателей;;'261027805535502740100101250010000323;;;82496279.60;RUB;0;;;;;;ОТДЕЛЕНИЕ ФОНДА ПЕНСИОННОГО И СОЦИАЛЬНОГО СТРАХОВАНИЯ РОССИЙСКОЙ ФЕДЕРАЦИИ ПО РЕСПУБЛИКЕ БАШКОРТОСТАН;ОТДЕЛЕНИЕ ФОНДА ПЕНСИОННОГО И СОЦИАЛЬНОГО СТРАХОВАНИЯ РОССИЙСКОЙ ФЕДЕРАЦИИ ПО РЕСПУБЛИКЕ БАШКОРТОСТАН;02.02.2026;03.03.2026;Закупка завершена;;;13.02.2026;
44-ФЗ;№0373200014226000069;Электронный аукцион;Поставка нерудных материалов и сырья;;'262772978593877290100100100010000244;;;9290400.00;RUB;0;;;;;;"ГОСУДАРСТВЕННОЕ БЮДЖЕТНОЕ УЧРЕЖДЕНИЕ ГОРОДА МОСКВЫ ""ЖИЛИЩНИК РАЙОНА ОЧАКОВО-МАТВЕЕВСКОЕ""";"ГОСУДАРСТВЕННОЕ КАЗЕННОЕ УЧРЕЖДЕНИЕ ГОРОДА МОСКВЫ ""ДИРЕКЦИЯ ЗАКАЗЧИКА ЖИЛИЩНО-КОММУНАЛЬНОГО ХОЗЯЙСТВА И БЛАГОУСТРОЙСТВА ЗАПАДНОГО АДМИНИСТРАТИВНОГО ОКРУГА""";19.02.2026;03.03.2026;Закупка завершена;;;27.02.2026;
44-ФЗ;№0372200244226000001;Открытый конкурс в электронной форме;"Оказание услуг по комплексному обслуживанию помещений и прилегающей территории СПБ ГБУК ""Санкт-Петербургский академический Театр имени Ленсовета"" (2026-2027 гг)";;'262780804522078400100100070018129244;;;16045352.42;RUB;0;;;;;;"САНКТ-ПЕТЕРБУРГСКОЕ ГОСУДАРСТВЕННОЕ БЮДЖЕТНОЕ УЧРЕЖДЕНИЕ КУЛЬТУРЫ ""САНКТ-ПЕТЕРБУРГСКИЙ АКАДЕМИЧЕСКИЙ ТЕАТР ИМЕНИ ЛЕНСОВЕТА""";"САНКТ-ПЕТЕРБУРГСКОЕ ГОСУДАРСТВЕННОЕ БЮДЖЕТНОЕ УЧРЕЖДЕНИЕ КУЛЬТУРЫ ""САНКТ-ПЕТЕРБУРГСКИЙ АКАДЕМИЧЕСКИЙ ТЕАТР ИМЕНИ ЛЕНСОВЕТА""";04.02.2026;03.03.2026;Закупка завершена;;;24.02.2026;
44-ФЗ;№0373200014226000070;Электронный аукцион;Поставка строительных смесей;;'262772978593877290100100110010000244;;;6859275.60;RUB;0;;;;;;"ГОСУДАРСТВЕННОЕ БЮДЖЕТНОЕ УЧРЕЖДЕНИЕ ГОРОДА МОСКВЫ ""ЖИЛИЩНИК РАЙОНА ОЧАКОВО-МАТВЕЕВСКОЕ""";"ГОСУДАРСТВЕННОЕ КАЗЕННОЕ УЧРЕЖДЕНИЕ ГОРОДА МОСКВЫ ""ДИРЕКЦИЯ ЗАКАЗЧИКА ЖИЛИЩНО-КОММУНАЛЬНОГО ХОЗЯЙСТВА И БЛАГОУСТРОЙСТВА ЗАПАДНОГО АДМИНИСТРАТИВНОГО ОКРУГА""";19.02.2026;03.03.2026;Закупка завершена;;;27.02.2026;
44-ФЗ;№0373200014226000071;Электронный аукцион;Поставка почвогрунта, удобрений и семян газонных трав;;'262772978593877290100100090010000244;;;8501636.12;RUB;0;;;;;;"ГОСУДАРСТВЕННОЕ БЮДЖЕТНОЕ УЧРЕЖДЕНИЕ ГОРОДА МОСКВЫ ""ЖИЛИЩНИК РАЙОНА ОЧАКОВО-МАТВЕЕВСКОЕ""";"ГОСУДАРСТВЕННОЕ КАЗЕННОЕ УЧРЕЖДЕНИЕ ГОРОДА МОСКВЫ ""ДИРЕКЦИЯ ЗАКАЗЧИКА ЖИЛИЩНО-КОММУНАЛЬНОГО ХОЗЯЙСТВА И БЛАГОУСТРОЙСТВА ЗАПАДНОГО АДМИНИСТРАТИВНОГО ОКРУГА""";19.02.2026;03.03.2026;Закупка завершена;;;27.02.2026;
44-ФЗ;№0362100027426000007;Электронный аукцион;Поставка кранов мостовых двухбалочных с монтажом и пусконаладочными работами;;'261666901375666230100100130012822244;;;37762000.00;RUB;0;;;;;;"ФЕДЕРАЛЬНОЕ КАЗЕННОЕ УЧРЕЖДЕНИЕ ""ИСПРАВИТЕЛЬНАЯ КОЛОНИЯ № 12 ГЛАВНОГО УПРАВЛЕНИЯ ФЕДЕРАЛЬНОЙ СЛУЖБЫ ИСПОЛНЕНИЯ НАКАЗАНИЙ ПО СВЕРДЛОВСКОЙ ОБЛАСТИ""";"ФЕДЕРАЛЬНОЕ КАЗЕННОЕ УЧРЕЖДЕНИЕ ""ИСПРАВИТЕЛЬНАЯ КОЛОНИЯ № 12 ГЛАВНОГО УПРАВЛЕНИЯ ФЕДЕРАЛЬНОЙ СЛУЖБЫ ИСПОЛНЕНИЯ НАКАЗАНИЙ ПО СВЕРДЛОВСКОЙ ОБЛАСТИ""";19.02.2026;03.03.2026;Закупка завершена;;;27.02.2026;
44-ФЗ;№0873200009826000213;Электронный аукцион;Аукцион в электронной форме на поставку медицинского оборудования, в рамках реализации Государственной программы города Москвы «Развитие здравоохранения города Москвы (Столичное здравоохранение)» (МО2026-08);;'262771433860977140100101110010000244;;;11485188.89;RUB;0;;;;;;"ГОСУДАРСТВЕННОЕ КАЗЕННОЕ УЧРЕЖДЕНИЕ ГОРОДА МОСКВЫ ""АГЕНТСТВО ПО ЗАКУПКАМ (КОНТРАКТНАЯ СЛУЖБА) ДЕПАРТАМЕНТА ЗДРАВООХРАНЕНИЯ ГОРОДА МОСКВЫ""";"ГОСУДАРСТВЕННОЕ КАЗЕННОЕ УЧРЕЖДЕНИЕ ГОРОДА МОСКВЫ ""АГЕНТСТВО ПО ЗАКУПКАМ (КОНТРАКТНАЯ СЛУЖБА) ДЕПАРТАМЕНТА ЗДРАВООХРАНЕНИЯ ГОРОДА МОСКВЫ""";06.02.2026;03.03.2026;Закупка завершена;;;17.02.2026;
44-ФЗ;№0843500000226000162;Электронный аукцион;выполнение работ по организации противопаводковых мероприятий;;'263450113933945010100100190014211244;;;15000000.00;RUB;0;;;;;;"МУНИЦИПАЛЬНОЕ КАЗЕННОЕ УЧРЕЖДЕНИЕ ""УПРАВЛЕНИЕ ДОРОЖНОГО ХОЗЯЙСТВА И БЛАГОУСТРОЙСТВА ГОРОДА КУРГАНА""";"ГОСУДАРСТВЕННОЕ КАЗЕННОЕ УЧРЕЖДЕНИЕ ""ЦЕНТР ЗАКУПОК И БУХГАЛТЕРСКОГО УЧЕТА КУРГАНСКОЙ ОБЛАСТИ""";30.01.2026;03.03.2026;Закупка завершена;;;10.02.2026;
44-ФЗ;№0163200000326000478;Открытый конкурс в электронной форме;Проведение комплексных кадастровых работ регионального значения;;'262673004252667300100100020017112244;;;10000000.00;RUB;0;;;;;;МИНИСТЕРСТВО ИМУЩЕСТВЕННЫХ И ЗЕМЕЛЬНЫХ ОТНОШЕНИЙ СМОЛЕНСКОЙ ОБЛАСТИ;ГЛАВНОЕ УПРАВЛЕНИЕ СМОЛЕНСКОЙ ОБЛАСТИ ПО РЕГУЛИРОВАНИЮ КОНТРАКТНОЙ СИСТЕМЫ;10.02.2026;03.03.2026;Закупка завершена;;;26.02.2026;
44-ФЗ;№0119200000126002230;Запрос котировок в электронной форме;ЗК-№-1980/26 «Поставка наборов для определения гемоглобина скрытой крови в кале»;;'262245503615624550100101130010000244;;;7303795.83;RUB;0;;;;;;"КРАЕВОЕ ГОСУДАРСТВЕННОЕ БЮДЖЕТНОЕ УЧРЕЖДЕНИЕ ЗДРАВООХРАНЕНИЯ ""МИНУСИНСКАЯ МЕЖРАЙОННАЯ БОЛЬНИЦА""";АГЕНТСТВО ГОСУДАРСТВЕННОГО ЗАКАЗА КРАСНОЯРСКОГО КРАЯ;19.02.2026;03.03.2026;Закупка завершена;;;27.02.2026;
44-ФЗ;№0895100000126000082;Электронный аукцион;Поставка горюче-смазочных материалов (топлива) с использованием системы топливных карт;;'261770989550977090100100160720000244;;;75804889.08;RUB;0;;;;;;"ФЕДЕРАЛЬНОЕ КАЗЕННОЕ УЧРЕЖДЕНИЕ ""ЦЕНТР ПО ОБЕСПЕЧЕНИЮ ДЕЯТЕЛЬНОСТИ КАЗНАЧЕЙСТВА РОССИИ""";"ФЕДЕРАЛЬНОЕ КАЗЕННОЕ УЧРЕЖДЕНИЕ ""ЦЕНТР ПО ОБЕСПЕЧЕНИЮ ДЕЯТЕЛЬНОСТИ КАЗНАЧЕЙСТВА РОССИИ""";19.02.2026;03.03.2026;Закупка завершена;;;27.02.2026;
44-ФЗ;№0119200000126001883;Электронный аукцион;ЭА-№-1870/26 «Поставка с доставкой реагентов для КГБУЗ «КМБ №2»»;;'262246501277124650100100500012120244;;;5724000.00;RUB;0;;;;;;"КРАЕВОЕ ГОСУДАРСТВЕННОЕ БЮДЖЕТНОЕ УЧРЕЖДЕНИЕ ЗДРАВООХРАНЕНИЯ ""КРАСНОЯРСКАЯ МЕЖРАЙОННАЯ БОЛЬНИЦА № 2""";АГЕНТСТВО ГОСУДАРСТВЕННОГО ЗАКАЗА КРАСНОЯРСКОГО КРАЯ;17.02.2026;03.03.2026;Закупка завершена;;;27.02.2026;
44-ФЗ;№0348100021226000001;Электронный аукцион;Поставка реактивов для нужд лаборатория санитарно-гигиенических и токсикологических исследований;;'261502908162950290100100050012059244;;;11460184.03;RUB;0;;;;;;"ФЕДЕРАЛЬНОЕ БЮДЖЕТНОЕ УЧРЕЖДЕНИЕ ЗДРАВООХРАНЕНИЯ ""ЦЕНТР ГИГИЕНЫ И ЭПИДЕМИОЛОГИИ В МОСКОВСКОЙ ОБЛАСТИ""";"ФЕДЕРАЛЬНОЕ БЮДЖЕТНОЕ УЧРЕЖДЕНИЕ ЗДРАВООХРАНЕНИЯ ""ЦЕНТР ГИГИЕНЫ И ЭПИДЕМИОЛОГИИ В МОСКОВСКОЙ ОБЛАСТИ""";17.02.2026;03.03.2026;Закупка завершена;;;27.02.2026;
44-ФЗ;№0845300009626000011;Открытый конкурс в электронной форме;Выполнение работ по текущему ремонту асфальтобетонных покрытий;;'263470312485747030100100620014211244;;;8000000.00;RUB;0;;;;;;"СЕРТОЛОВСКОЕ МУНИЦИПАЛЬНОЕ УЧРЕЖДЕНИЕ ""ОКАЗАНИЕ УСЛУГ ""РАЗВИТИЕ""";"СЕРТОЛОВСКОЕ МУНИЦИПАЛЬНОЕ УЧРЕЖДЕНИЕ ""ОКАЗАНИЕ УСЛУГ ""РАЗВИТИЕ""";10.02.2026;03.03.2026;Закупка завершена;;;26.02.2026;
44-ФЗ;№0119200000126002103;Электронный аукцион;"ЭА-№-2017/26 «Поставка с доставкой имплантов (Винт костный ортопедический) для отделения травматологии КГБУЗ ""КМКБСМП им. Н.С. Карповича""»";;'262246300541924630100102810013250244;;;58718397.28;RUB;0;;;;;;"КРАЕВОЕ ГОСУДАРСТВЕННОЕ БЮДЖЕТНОЕ УЧРЕЖДЕНИЕ ЗДРАВООХРАНЕНИЯ ""КРАСНОЯРСКАЯ МЕЖРАЙОННАЯ КЛИНИЧЕСКАЯ БОЛЬНИЦА СКОРОЙ МЕДИЦИНСКОЙ ПОМОЩИ ИМЕНИ Н.С. КАРПОВИЧА""";АГЕНТСТВО ГОСУДАРСТВЕННОГО ЗАКАЗА КРАСНОЯРСКОГО КРАЯ;18.02.2026;03.03.2026;Закупка завершена;;;27.02.2026;
44-ФЗ;№0187300008126000084;Электронный аукцион;Приобретение благоустроенного жилого помещения (квартиры) в г. Нягань;;'263861000407186100100100060496810412;;;5800797.00;RUB;0;;;;;;КОМИТЕТ ПО УПРАВЛЕНИЮ МУНИЦИПАЛЬНЫМ ИМУЩЕСТВОМ АДМИНИСТРАЦИИ ГОРОДА НЯГАНИ;АДМИНИСТРАЦИЯ ГОРОДА НЯГАНИ;16.02.2026;03.03.2026;Закупка завершена;;;27.02.2026;
44-ФЗ;№0187300008126000085;Электронный аукцион;Приобретение благоустроенного жилого помещения (квартиры) в г. Нягань;;'263861000407186100100100060506810412;;;5800797.00;RUB;0;;;;;;КОМИТЕТ ПО УПРАВЛЕНИЮ МУНИЦИПАЛЬНЫМ ИМУЩЕСТВОМ АДМИНИСТРАЦИИ ГОРОДА НЯГАНИ;АДМИНИСТРАЦИЯ ГОРОДА НЯГАНИ;16.02.2026;03.03.2026;Закупка завершена;;;27.02.2026;
44-ФЗ;№0873200001726000058;Электронный аукцион;Аукцион в электронной форме на оказание услуг по техническому обслуживанию сплит-систем для нужд ГБУЗ «Центр паллиативной помощи ДЗМ» и филиалов в 2026 году;;'262500702340877150100100590010000244;;;5580000.00;RUB;0;;;;;;"ГОСУДАРСТВЕННОЕ БЮДЖЕТНОЕ УЧРЕЖДЕНИЕ ЗДРАВООХРАНЕНИЯ ГОРОДА МОСКВЫ ""МОСКОВСКИЙ МНОГОПРОФИЛЬНЫЙ ЦЕНТР ПАЛЛИАТИВНОЙ ПОМОЩИ ДЕПАРТАМЕНТА ЗДРАВООХРАНЕНИЯ ГОРОДА МОСКВЫ""";"ГОСУДАРСТВЕННОЕ БЮДЖЕТНОЕ УЧРЕЖДЕНИЕ ЗДРАВООХРАНЕНИЯ ГОРОДА МОСКВЫ ""МОСКОВСКИЙ МНОГОПРОФИЛЬНЫЙ ЦЕНТР ПАЛЛИАТИВНОЙ ПОМОЩИ ДЕПАРТАМЕНТА ЗДРАВООХРАНЕНИЯ ГОРОДА МОСКВЫ""";19.02.2026;03.03.2026;Закупка завершена;;;27.02.2026;
44-ФЗ;№0187300008126000078;Электронный аукцион;Приобретение благоустроенного жилого помещения (квартиры) в г. Нягань;;'263861000407186100100100060436810412;;;5363001.00;RUB;0;;;;;;КОМИТЕТ ПО УПРАВЛЕНИЮ МУНИЦИПАЛЬНЫМ ИМУЩЕСТВОМ АДМИНИСТРАЦИИ ГОРОДА НЯГАНИ;АДМИНИСТРАЦИЯ ГОРОДА НЯГАНИ;16.02.2026;03.03.2026;Закупка завершена;;;27.02.2026;
44-ФЗ;№0195400000426000003;Электронный аукцион;Оказание автотранспортных услуг;;'261770741808177250100100180024932244;;;289532233.17;RUB;0;;;;;;МИНИСТЕРСТВО ПРОСВЕЩЕНИЯ РОССИЙСКОЙ ФЕДЕРАЦИИ;МИНИСТЕРСТВО ПРОСВЕЩЕНИЯ РОССИЙСКОЙ ФЕДЕРАЦИИ;17.02.2026;03.03.2026;Закупка завершена;;;27.02.2026;
44-ФЗ;№0119200000126002208;Электронный аукцион;ЭА-№-1984/26 ««Оказание услуг по проведению параклинической диагностике для пациентов»»;;'262246100239524610100100070018690244;;;6500000.00;RUB;0;;;;;;"КРАЕВОЕ ГОСУДАРСТВЕННОЕ БЮДЖЕТНОЕ УЧРЕЖДЕНИЕ ЗДРАВООХРАНЕНИЯ ""КРАСНОЯРСКАЯ МЕЖРАЙОННАЯ ДЕТСКАЯ КЛИНИЧЕСКАЯ БОЛЬНИЦА № 5""";АГЕНТСТВО ГОСУДАРСТВЕННОГО ЗАКАЗА КРАСНОЯРСКОГО КРАЯ;19.02.2026;03.03.2026;Закупка завершена;;;27.02.2026;
44-ФЗ;№0187300008126000092;Электронный аукцион;Приобретение благоустроенного жилого помещения (квартиры) в г. Нягань;;'263861000407186100100100060576810412;;;5800797.00;RUB;0;;;;;;КОМИТЕТ ПО УПРАВЛЕНИЮ МУНИЦИПАЛЬНЫМ ИМУЩЕСТВОМ АДМИНИСТРАЦИИ ГОРОДА НЯГАНИ;АДМИНИСТРАЦИЯ ГОРОДА НЯГАНИ;16.02.2026;03.03.2026;Закупка завершена;;;27.02.2026;
44-ФЗ;№0187300008126000091;Электронный аукцион;Приобретение благоустроенного жилого помещения (квартиры) в г. Нягань;;'263861000407186100100100060566810412;;;5800797.00;RUB;0;;;;;;КОМИТЕТ ПО УПРАВЛЕНИЮ МУНИЦИПАЛЬНЫМ ИМУЩЕСТВОМ АДМИНИСТРАЦИИ ГОРОДА НЯГАНИ;АДМИНИСТРАЦИЯ ГОРОДА НЯГАНИ;16.02.2026;03.03.2026;Закупка завершена;;;27.02.2026;
44-ФЗ;№0187300008126000090;Электронный аукцион;Приобретение благоустроенного жилого помещения (квартиры) в г. Нягань;;'263861000407186100100100060556810412;;;5800797.00;RUB;0;;;;;;КОМИТЕТ ПО УПРАВЛЕНИЮ МУНИЦИПАЛЬНЫМ ИМУЩЕСТВОМ АДМИНИСТРАЦИИ ГОРОДА НЯГАНИ;АДМИНИСТРАЦИЯ ГОРОДА НЯГАНИ;16.02.2026;03.03.2026;Закупка завершена;;;27.02.2026;
44-ФЗ;№0187300008126000089;Электронный аукцион;Приобретение благоустроенного жилого помещения (квартиры) в г. Нягань;;'263861000407186100100100060546810412;;;5800797.00;RUB;0;;;;;;КОМИТЕТ ПО УПРАВЛЕНИЮ МУНИЦИПАЛЬНЫМ ИМУЩЕСТВОМ АДМИНИСТРАЦИИ ГОРОДА НЯГАНИ;АДМИНИСТРАЦИЯ ГОРОДА НЯГАНИ;16.02.2026;03.03.2026;Закупка завершена;;;27.02.2026;
44-ФЗ;№0848300045426000036;Открытый конкурс в электронной форме;Выполнение работ по сносу многоквартирного жилого дома;;'263503200422250320100100450014311244;;;6779208.26;RUB;0;;;;;;АДМИНИСТРАЦИЯ ОДИНЦОВСКОГО ГОРОДСКОГО ОКРУГА МОСКОВСКОЙ ОБЛАСТИ;"МУНИЦИПАЛЬНОЕ КАЗЕННОЕ УЧРЕЖДЕНИЕ ""ЦЕНТР МУНИЦИПАЛЬНЫХ ЗАКУПОК"" ОДИНЦОВСКОГО ГОРОДСКОГО ОКРУГА МОСКОВСКОЙ ОБЛАСТИ";09.02.2026;03.03.2026;Закупка завершена;;;26.02.2026;
44-ФЗ;№0848300047226000027;Открытый конкурс в электронной форме;Выполнение работ по созданию и ремонту пешеходных коммуникаций 2026 (II);;'263502414000650240100100400014211244;;;8958670.39;RUB;0;;;;;;"МУНИЦИПАЛЬНОЕ БЮДЖЕТНОЕ УЧРЕЖДЕНИЕ "" КРАСНОГОРСКАЯ ГОРОДСКАЯ СЛУЖБА""";"МУНИЦИПАЛЬНОЕ КАЗЕННОЕ УЧРЕЖДЕНИЕ ""КРАСНОГОРСКИЙ ЦЕНТР ТОРГОВ""";10.02.2026;03.03.2026;Закупка завершена;;;26.02.2026;
44-ФЗ;№0187300008126000088;Электронный аукцион;Приобретение благоустроенного жилого помещения (квартиры) в г. Нягань;;'263861000407186100100100060536810412;;;5800797.00;RUB;0;;;;;;КОМИТЕТ ПО УПРАВЛЕНИЮ МУНИЦИПАЛЬНЫМ ИМУЩЕСТВОМ АДМИНИСТРАЦИИ ГОРОДА НЯГАНИ;АДМИНИСТРАЦИЯ ГОРОДА НЯГАНИ;16.02.2026;03.03.2026;Закупка завершена;;;27.02.2026;
44-ФЗ;№0187300008126000087;Электронный аукцион;Приобретение благоустроенного жилого помещения (квартиры) в г. Нягань;;'263861000407186100100100060526810412;;;5800797.00;RUB;0;;;;;;КОМИТЕТ ПО УПРАВЛЕНИЮ МУНИЦИПАЛЬНЫМ ИМУЩЕСТВОМ АДМИНИСТРАЦИИ ГОРОДА НЯГАНИ;АДМИНИСТРАЦИЯ ГОРОДА НЯГАНИ;16.02.2026;03.03.2026;Закупка завершена;;;27.02.2026;
44-ФЗ;№0187300008126000086;Электронный аукцион;Приобретение благоустроенного жилого помещения (квартиры) в г. Нягань;;'263861000407186100100100060516810412;;;5800797.00;RUB;0;;;;;;КОМИТЕТ ПО УПРАВЛЕНИЮ МУНИЦИПАЛЬНЫМ ИМУЩЕСТВОМ АДМИНИСТРАЦИИ ГОРОДА НЯГАНИ;АДМИНИСТРАЦИЯ ГОРОДА НЯГАНИ;16.02.2026;03.03.2026;Закупка завершена;;;27.02.2026;
44-ФЗ;№0187300008126000081;Электронный аукцион;Приобретение благоустроенного жилого помещения (квартиры) в г. Нягань;;'263861000407186100100100060466810412;;;5363001.00;RUB;0;;;;;;КОМИТЕТ ПО УПРАВЛЕНИЮ МУНИЦИПАЛЬНЫМ ИМУЩЕСТВОМ АДМИНИСТРАЦИИ ГОРОДА НЯГАНИ;АДМИНИСТРАЦИЯ ГОРОДА НЯГАНИ;16.02.2026;03.03.2026;Закупка завершена;;;27.02.2026;
44-ФЗ;№0187300008126000083;Электронный аукцион;Приобретение благоустроенного жилого помещения (квартиры) в г. Нягань;;'263861000407186100100100060486810412;;;5800797.00;RUB;0;;;;;;КОМИТЕТ ПО УПРАВЛЕНИЮ МУНИЦИПАЛЬНЫМ ИМУЩЕСТВОМ АДМИНИСТРАЦИИ ГОРОДА НЯГАНИ;АДМИНИСТРАЦИЯ ГОРОДА НЯГАНИ;16.02.2026;03.03.2026;Закупка завершена;;;27.02.2026;
44-ФЗ;№0187300008126000082;Электронный аукцион;Приобретение благоустроенного жилого помещения (квартиры) в г. Нягань;;'263861000407186100100100060476810412;;;5363001.00;RUB;0;;;;;;КОМИТЕТ ПО УПРАВЛЕНИЮ МУНИЦИПАЛЬНЫМ ИМУЩЕСТВОМ АДМИНИСТРАЦИИ ГОРОДА НЯГАНИ;АДМИНИСТРАЦИЯ ГОРОДА НЯГАНИ;16.02.2026;03.03.2026;Закупка завершена;;;27.02.2026;
44-ФЗ;№0187300008126000080;Электронный аукцион;Приобретение благоустроенного жилого помещения (квартиры) в г. Нягань;;'263861000407186100100100060456810412;;;5363001.00;RUB;0;;;;;;КОМИТЕТ ПО УПРАВЛЕНИЮ МУНИЦИПАЛЬНЫМ ИМУЩЕСТВОМ АДМИНИСТРАЦИИ ГОРОДА НЯГАНИ;АДМИНИСТРАЦИЯ ГОРОДА НЯГАНИ;16.02.2026;03.03.2026;Закупка завершена;;;27.02.2026;
44-ФЗ;№0187300008126000079;Электронный аукцион;Приобретение благоустроенного жилого помещения (квартиры) в г. Нягань;;'263861000407186100100100060446810412;;;5363001.00;RUB;0;;;;;;КОМИТЕТ ПО УПРАВЛЕНИЮ МУНИЦИПАЛЬНЫМ ИМУЩЕСТВОМ АДМИНИСТРАЦИИ ГОРОДА НЯГАНИ;АДМИНИСТРАЦИЯ ГОРОДА НЯГАНИ;16.02.2026;03.03.2026;Закупка завершена;;;27.02.2026;
44-ФЗ;№0848300057726000017;Электронный аукцион;Выполнение работ по текущему ремонту автомобильных дорог общего пользования местного значения на территории Волоколамского муниципального округа;;'263500400389050040100101240014211244;;;5800382.24;RUB;0;;;;;;АДМИНИСТРАЦИЯ ВОЛОКОЛАМСКОГО МУНИЦИПАЛЬНОГО ОКРУГА МОСКОВСКОЙ ОБЛАСТИ;"МУНИЦИПАЛЬНОЕ КАЗЕННОЕ УЧРЕЖДЕНИЕ ""ЦЕНТР ЗАКУПОК""";17.02.2026;03.03.2026;Закупка завершена;;;27.02.2026;
44-ФЗ;№0373200152826000099;Электронный аукцион;"Поставка инструментов для нужд ГБУЗ ""ГКБ им.А.К.Ерамишанцева ДЗМ""";;'262771603570577160100101140010000244;;;13155700.00;RUB;0;;;;;;"ГОСУДАРСТВЕННОЕ БЮДЖЕТНОЕ УЧРЕЖДЕНИЕ ЗДРАВООХРАНЕНИЯ ГОРОДА МОСКВЫ ""ГОРОДСКАЯ КЛИНИЧЕСКАЯ БОЛЬНИЦА ИМЕНИ А.К. ЕРАМИШАНЦЕВА ДЕПАРТАМЕНТА ЗДРАВООХРАНЕНИЯ ГОРОДА МОСКВЫ""";"ГОСУДАРСТВЕННОЕ БЮДЖЕТНОЕ УЧРЕЖДЕНИЕ ЗДРАВООХРАНЕНИЯ ГОРОДА МОСКВЫ ""ГОРОДСКАЯ КЛИНИЧЕСКАЯ БОЛЬНИЦА ИМЕНИ А.К. ЕРАМИШАНЦЕВА ДЕПАРТАМЕНТА ЗДРАВООХРАНЕНИЯ ГОРОДА МОСКВЫ""";19.02.2026;03.03.2026;Закупка завершена;;;27.02.2026;
44-ФЗ;№0373200101026000045;Открытый конкурс в электронной форме;Выполнение работ по развитию и технической поддержке сервиса формирования заключений по результатам тестирования спортсменов;;'262771963160077020100100480010000244;;;12430000.00;RUB;0;;;;;;"ГОСУДАРСТВЕННОЕ КАЗЕННОЕ УЧРЕЖДЕНИЕ ГОРОДА МОСКВЫ ""ЦЕНТР СПОРТИВНЫХ ИННОВАЦИОННЫХ ТЕХНОЛОГИЙ И ПОДГОТОВКИ СБОРНЫХ КОМАНД"" ДЕПАРТАМЕНТА СПОРТА  ГОРОДА МОСКВЫ";"ГОСУДАРСТВЕННОЕ КАЗЕННОЕ УЧРЕЖДЕНИЕ ГОРОДА МОСКВЫ ""ЦЕНТР СПОРТИВНЫХ ИННОВАЦИОННЫХ ТЕХНОЛОГИЙ И ПОДГОТОВКИ СБОРНЫХ КОМАНД"" ДЕПАРТАМЕНТА СПОРТА  ГОРОДА МОСКВЫ";11.02.2026;03.03.2026;Закупка завершена;;;27.02.2026;
44-ФЗ;№0311200046526000008;Открытый конкурс в электронной форме;Оказание услуг по техническому обслуживанию, восстановительному ремонту системы контроля управления доступом и системы видеонаблюдения;;'262165904802016590100100350018020244;;;9363600.00;RUB;0;;;;;;"ГОСУДАРСТВЕННОЕ БЮДЖЕТНОЕ УЧРЕЖДЕНИЕ ""БЕЗОПАСНОСТЬ ДОРОЖНОГО ДВИЖЕНИЯ""";"ГОСУДАРСТВЕННОЕ БЮДЖЕТНОЕ УЧРЕЖДЕНИЕ ""БЕЗОПАСНОСТЬ ДОРОЖНОГО ДВИЖЕНИЯ""";11.02.2026;03.03.2026;Закупка завершена;;;27.02.2026;
44-ФЗ;№0373200152826000095;Электронный аукцион;Поставка эндопротезов тазобедренного сустава для нужд ГБУЗ «ГКБ им. А.К. Ерамишанцева ДЗМ»;;'262771603570577160100101150010000244;;;29977500.00;RUB;0;;;;;;"ГОСУДАРСТВЕННОЕ БЮДЖЕТНОЕ УЧРЕЖДЕНИЕ ЗДРАВООХРАНЕНИЯ ГОРОДА МОСКВЫ ""ГОРОДСКАЯ КЛИНИЧЕСКАЯ БОЛЬНИЦА ИМЕНИ А.К. ЕРАМИШАНЦЕВА ДЕПАРТАМЕНТА ЗДРАВООХРАНЕНИЯ ГОРОДА МОСКВЫ""";"ГОСУДАРСТВЕННОЕ БЮДЖЕТНОЕ УЧРЕЖДЕНИЕ ЗДРАВООХРАНЕНИЯ ГОРОДА МОСКВЫ ""ГОРОДСКАЯ КЛИНИЧЕСКАЯ БОЛЬНИЦА ИМЕНИ А.К. ЕРАМИШАНЦЕВА ДЕПАРТАМЕНТА ЗДРАВООХРАНЕНИЯ ГОРОДА МОСКВЫ""";18.02.2026;03.03.2026;Закупка завершена;;;27.02.2026;
44-ФЗ;№0102100005626000001;Электронный аукцион;"Выполнение работ по капитальному ремонту объекта капитального строительства - нежилое здание ""Штаб спецназа"" ФКУ ИК-8 УФСИН России по Республике Бурятия (Инв. №000001010018)";;'261032307150603260100100570014120243;;;5146940.00;RUB;0;;;;;;УПРАВЛЕНИЕ ФЕДЕРАЛЬНОЙ СЛУЖБЫ ИСПОЛНЕНИЯ НАКАЗАНИЙ ПО РЕСПУБЛИКЕ БУРЯТИЯ;УПРАВЛЕНИЕ ФЕДЕРАЛЬНОЙ СЛУЖБЫ ИСПОЛНЕНИЯ НАКАЗАНИЙ ПО РЕСПУБЛИКЕ БУРЯТИЯ;19.02.2026;03.03.2026;Закупка завершена;;;27.02.2026;
44-ФЗ;№0173100007926000015;Электронный аукцион;Огнетушитель;;'261770656271077060100105000132829211;;;12166666.67;RUB;0;;;;;;ФЕДЕРАЛЬНАЯ СЛУЖБА ИСПОЛНЕНИЯ НАКАЗАНИЙ;ФЕДЕРАЛЬНАЯ СЛУЖБА ИСПОЛНЕНИЯ НАКАЗАНИЙ;17.02.2026;03.03.2026;Закупка завершена;;;27.02.2026;
44-ФЗ;№0119200000126001881;Электронный аукцион;ЭА-№-1871/26 «Поставка с доставкой реагентов для КГБУЗ «КМБ №2»»;;'262246501277124650100100490012120244;;;7441200.00;RUB;0;;;;;;"КРАЕВОЕ ГОСУДАРСТВЕННОЕ БЮДЖЕТНОЕ УЧРЕЖДЕНИЕ ЗДРАВООХРАНЕНИЯ ""КРАСНОЯРСКАЯ МЕЖРАЙОННАЯ БОЛЬНИЦА № 2""";АГЕНТСТВО ГОСУДАРСТВЕННОГО ЗАКАЗА КРАСНОЯРСКОГО КРАЯ;17.02.2026;03.03.2026;Закупка завершена;;;27.02.2026;
44-ФЗ;№0163300029426000088;Открытый конкурс в электронной форме;Благоустройство восточного участка крепостной стены II этап (от дома №42 по ул. Исаковского до ул. Тимирязева) - 2 очередь;;'263673200146967320100100280014299244;;;65980069.15;RUB;0;;;;;;"МУНИЦИПАЛЬНОЕ БЮДЖЕТНОЕ УЧРЕЖДЕНИЕ ""СТРОИТЕЛЬ""";АДМИНИСТРАЦИЯ ГОРОДА СМОЛЕНСКА;10.02.2026;03.03.2026;Закупка завершена;;;26.02.2026;
44-ФЗ;№0848300057126000008;Открытый конкурс в электронной форме;Выполнение работ по разработке архитектурно-планировочной концепции, инженерные изысканий и проекта благоустройства по адресу: Пешеходная зона, пр-т Пацаева, вдоль д. 7 к. 1 до д. 7 к. 11 в г. Долгопрудный;;'263500800179950080100100350017111244;;;8337022.38;RUB;0;;;;;;АДМИНИСТРАЦИЯ ГОРОДСКОГО ОКРУГА ДОЛГОПРУДНЫЙ;"МУНИЦИПАЛЬНОЕ КАЗЕННОЕ УЧРЕЖДЕНИЕ ""ЦЕНТР ЗАКУПОК-ДОЛГОПРУДНЫЙ""";10.02.2026;03.03.2026;Закупка завершена;;;26.02.2026;
44-ФЗ;№0373100086626000003;Открытый конкурс в электронной форме;Выполнение работ (оказание услуг) по экспертной оценке и мониторингу хода реализации проектов, финансируемых федеральным государственным бюджетным учреждением «Фонд содействия развитию малых форм предприятий в научно-технической сфере» в рамках конкурсов «Развитие-НТИ» (очередь 9), «Развитие-Станкостроение» (очередь 2), «Развитие-Пром» (очередь 1), «Развитие-НТИ»  (очередь 10).;;'261773600435077010100100350017490244;;;13794000.00;RUB;0;;;;;;"ФЕДЕРАЛЬНОЕ ГОСУДАРСТВЕННОЕ БЮДЖЕТНОЕ УЧРЕЖДЕНИЕ ""ФОНД СОДЕЙСТВИЯ РАЗВИТИЮ МАЛЫХ ФОРМ ПРЕДПРИЯТИЙ В НАУЧНО-ТЕХНИЧЕСКОЙ СФЕРЕ""";"ФЕДЕРАЛЬНОЕ ГОСУДАРСТВЕННОЕ БЮДЖЕТНОЕ УЧРЕЖДЕНИЕ ""ФОНД СОДЕЙСТВИЯ РАЗВИТИЮ МАЛЫХ ФОРМ ПРЕДПРИЯТИЙ В НАУЧНО-ТЕХНИЧЕСКОЙ СФЕРЕ""";09.02.2026;03.03.2026;Закупка завершена;;;25.02.2026;
44-ФЗ;№0177200000926000206;Электронный аукцион;Ремонт моста через р. В. Каракан на км 25+256 автомобильной дороги «Турочак – граница Кемеровской области – Кузбасса»;;'262040000006904110100100060014211244;;;5028011.44;RUB;0;;;;;;"КАЗЕННОЕ УЧРЕЖДЕНИЕ РЕСПУБЛИКИ АЛТАЙ ""РЕСПУБЛИКАНСКОЕ УПРАВЛЕНИЕ АВТОМОБИЛЬНЫХ ДОРОГ ОБЩЕГО ПОЛЬЗОВАНИЯ ""ГОРНО-АЛТАЙАВТОДОР""";МИНИСТЕРСТВО ЭКОНОМИЧЕСКОГО РАЗВИТИЯ РЕСПУБЛИКИ АЛТАЙ;16.02.2026;03.03.2026;Закупка завершена;;;27.02.2026;
44-ФЗ;№0177200000926000213;Электронный аукцион;Услуги частной охраны;;'262041109945104110100100130018010244;;;5550000.00;RUB;0;;;;;;"БЮДЖЕТНОЕ УЧРЕЖДЕНИЕ РЕСПУБЛИКИ АЛТАЙ ""НАЦИОНАЛЬНЫЙ МУЗЕЙ РЕСПУБЛИКИ АЛТАЙ ИМЕНИ А.В. АНОХИНА""";МИНИСТЕРСТВО ЭКОНОМИЧЕСКОГО РАЗВИТИЯ РЕСПУБЛИКИ АЛТАЙ;17.02.2026;03.03.2026;Закупка завершена;;;27.02.2026;
44-ФЗ;№0172200001926000166;Запрос котировок в электронной форме;Поставка № 272 лекарственного препарата ИКАТИБАНТ для обеспечения отдельных категорий граждан в  2026 году;;'262780804383378410100100010902120323;;;12000376.80;RUB;0;;;;;;КОМИТЕТ ПО ЗДРАВООХРАНЕНИЮ;КОМИТЕТ ПО ЗДРАВООХРАНЕНИЮ;19.02.2026;03.03.2026;Закупка завершена;;;27.02.2026;
44-ФЗ;№0372200247126000001;Запрос котировок в электронной форме;Оказание услуг по организации физкультурных мероприятий и спортивных мероприятий ГБУ ДО СШ «Выборжанин» Выборгского района Санкт-Петербурга за пределами Санкт-Петербурга и Ленинградской области в 2026 году ;;'262780214179278020100100010029319244;;;7488900.00;RUB;0;;;;;;"ГОСУДАРСТВЕННОЕ БЮДЖЕТНОЕ УЧРЕЖДЕНИЕ ДОПОЛНИТЕЛЬНОГО ОБРАЗОВАНИЯ СПОРТИВНАЯ ШКОЛА ""ВЫБОРЖАНИН"" ВЫБОРГСКОГО РАЙОНА САНКТ-ПЕТЕРБУРГА";"ГОСУДАРСТВЕННОЕ БЮДЖЕТНОЕ УЧРЕЖДЕНИЕ ДОПОЛНИТЕЛЬНОГО ОБРАЗОВАНИЯ СПОРТИВНАЯ ШКОЛА ""ВЫБОРЖАНИН"" ВЫБОРГСКОГО РАЙОНА САНКТ-ПЕТЕРБУРГА";18.02.2026;03.03.2026;Закупка завершена;;;27.02.2026;
44-ФЗ;№0356500001426000214;Открытый конкурс в электронной форме на проведение работ по строительству, реконструкции, кап. ремонту, сносу объекта кап. строительства в соответствии с п. 8 ч. 1 ст. 33 Закона № 44-ФЗ;Очистные сооружения хозбытовых сточных вод в с. Орда Ординского муниципального округа Пермского края;;'263595104219159510100100020010000414;;;284615730.77;RUB;0;;;;;;"МУНИЦИПАЛЬНОЕ УЧРЕЖДЕНИЕ ""ОТДЕЛ КАПИТАЛЬНОГО СТРОИТЕЛЬСТВА"" ОРДИНСКОГО МУНИЦИПАЛЬНОГО ОКРУГА ПЕРМСКОГО КРАЯ";"ГОСУДАРСТВЕННОЕ КАЗЕННОЕ УЧРЕЖДЕНИЕ ПЕРМСКОГО КРАЯ ""ЦЕНТР ОРГАНИЗАЦИИ ЗАКУПОК""";30.01.2026;03.03.2026;Закупка завершена;;;26.02.2026;
44-ФЗ;№0373100013125002248;Электронный аукцион;Поставка расходных материалов для клинической деятельности;;'251772809483277280100100331930000244;;;8603542.06;RUB;0;;;;;;"ФЕДЕРАЛЬНОЕ ГОСУДАРСТВЕННОЕ БЮДЖЕТНОЕ УЧРЕЖДЕНИЕ ""НАЦИОНАЛЬНЫЙ МЕДИЦИНСКИЙ ИССЛЕДОВАТЕЛЬСКИЙ ЦЕНТР АКУШЕРСТВА, ГИНЕКОЛОГИИ И ПЕРИНАТОЛОГИИ ИМЕНИ АКАДЕМИКА В.И.КУЛАКОВА"" МИНИСТЕРСТВА ЗДРАВООХРАНЕНИЯ РОССИЙСКОЙ ФЕДЕРАЦИИ";"ФЕДЕРАЛЬНОЕ ГОСУДАРСТВЕННОЕ БЮДЖЕТНОЕ УЧРЕЖДЕНИЕ ""НАЦИОНАЛЬНЫЙ МЕДИЦИНСКИЙ ИССЛЕДОВАТЕЛЬСКИЙ ЦЕНТР АКУШЕРСТВА, ГИНЕКОЛОГИИ И ПЕРИНАТОЛОГИИ ИМЕНИ АКАДЕМИКА В.И.КУЛАКОВА"" МИНИСТЕРСТВА ЗДРАВООХРАНЕНИЯ РОССИЙСКОЙ ФЕДЕРАЦИИ";29.12.2025;03.03.2026;Закупка завершена;;;26.02.2026;
44-ФЗ;№0851200000626000708;Электронный аукцион;2026-№235 Поставка лекарственных препаратов для медицинского применения: Этравирин;;'262540215512354020100102460012120244;;;8356050.00;RUB;0;;;;;;"ГОСУДАРСТВЕННОЕ КАЗЕННОЕ УЧРЕЖДЕНИЕ НОВОСИБИРСКОЙ ОБЛАСТИ ""НОВОСИБОБЛФАРМ""";"ГОСУДАРСТВЕННОЕ КАЗЕННОЕ УЧРЕЖДЕНИЕ НОВОСИБИРСКОЙ ОБЛАСТИ ""УПРАВЛЕНИЕ КОНТРАКТНОЙ СИСТЕМЫ""";17.02.2026;03.03.2026;Закупка завершена;;;27.02.2026;
44-ФЗ;№0372200289026000007;Открытый конкурс в электронной форме;Оказание услуг по организации участия Санкт-Петербургского государственного бюджетного учреждения «Конгрессно-выставочное бюро» в Международной выставке-ярмарке туристических услуг «ОТДЫХ-2026» ;;'262784151014778410100100020010000244;;;13663369.53;RUB;0;;;;;;"САНКТ-ПЕТЕРБУРГСКОЕ ГОСУДАРСТВЕННОЕ БЮДЖЕТНОЕ УЧРЕЖДЕНИЕ ""КОНГРЕССНО-ВЫСТАВОЧНОЕ БЮРО""";"САНКТ-ПЕТЕРБУРГСКОЕ ГОСУДАРСТВЕННОЕ БЮДЖЕТНОЕ УЧРЕЖДЕНИЕ ""КОНГРЕССНО-ВЫСТАВОЧНОЕ БЮРО""";11.02.2026;03.03.2026;Закупка завершена;;;27.02.2026;
44-ФЗ;№0875300009426000011;Открытый конкурс в электронной форме;Поставка продуктов питания (мясо кур);;263911008735391100100100080011012244, 263911008756191100100100120011012244, 263911008738591100100100060011012244, 263911000820091100100100110011012244, 263911008748091100100100060011012244, 263911008746691100100100070011012244, 263911008718491100100100200011012244, 263911008696091100100100080011012244, 263911008716091100100100090011012244, 263911008736091100100100170011012244, 263911008717791100100100130011012244, 263911008713891100100100060011012244, 263911008742791100100100080011012244, 263911008701891100100100050011012244, 263911008737891100100100060011012244, 263911008749891100100100050011012244, 263911008707191100100100080011012244;;;8977882.43;RUB;0;;;;;;;"МУНИЦИПАЛЬНОЕ КАЗЕННОЕ УЧРЕЖДЕНИЕ ""ЦЕНТР ОБЕСПЕЧЕНИЯ ДЕЯТЕЛЬНОСТИ МУНИЦИПАЛЬНЫХ ОБРАЗОВАТЕЛЬНЫХ ОРГАНИЗАЦИЙ""";11.02.2026;03.03.2026;Закупка завершена;;;27.02.2026;
44-ФЗ;№0373100060026000006;Электронный аукцион;Поставка оборудования для измерения, испытаний и навигации;;'261773008740977300100100070012651244;;;9007844.33;RUB;0;;;;;;"ФЕДЕРАЛЬНОЕ КАЗЕННОЕ УЧРЕЖДЕНИЕ ""ГОСУДАРСТВЕННОЕ УЧРЕЖДЕНИЕ ПО ФОРМИРОВАНИЮ ГОСУДАРСТВЕННОГО ФОНДА ДРАГОЦЕННЫХ МЕТАЛЛОВ И ДРАГОЦЕННЫХ КАМНЕЙ РОССИЙСКОЙ ФЕДЕРАЦИИ, ХРАНЕНИЮ, ОТПУСКУ И ИСПОЛЬЗОВАНИЮ ДРАГОЦЕННЫХ МЕТАЛЛОВ И ДРАГОЦЕННЫХ КАМНЕЙ (ГОХРАН РОССИИ) ПРИ МИНИСТЕРСТВЕ ФИНАНСОВ РОССИЙСКОЙ ФЕДЕРАЦИИ""";"ФЕДЕРАЛЬНОЕ КАЗЕННОЕ УЧРЕЖДЕНИЕ ""ГОСУДАРСТВЕННОЕ УЧРЕЖДЕНИЕ ПО ФОРМИРОВАНИЮ ГОСУДАРСТВЕННОГО ФОНДА ДРАГОЦЕННЫХ МЕТАЛЛОВ И ДРАГОЦЕННЫХ КАМНЕЙ РОССИЙСКОЙ ФЕДЕРАЦИИ, ХРАНЕНИЮ, ОТПУСКУ И ИСПОЛЬЗОВАНИЮ ДРАГОЦЕННЫХ МЕТАЛЛОВ И ДРАГОЦЕННЫХ КАМНЕЙ (ГОХРАН РОССИИ) ПРИ МИНИСТЕРСТВЕ ФИНАНСОВ РОССИЙСКОЙ ФЕДЕРАЦИИ""";19.02.2026;03.03.2026;Закупка завершена;;;27.02.2026;
44-ФЗ;№0875300009426000009;Открытый конкурс в электронной форме;Поставка продуктов питания (мясо говядины);;263911008718491100100100190021011244, 263911008738591100100100050011011244, 263911008756191100100100110011011244, 263911000820091100100100150011011244, 263911008748091100100100070011011244, 263911008746691100100100060011011244, 263911008743491100100100110021011244, 263911008696091100100100070011011244, 263911008749891100100100040021011244, 263911008716091100100100080011011244, 263911008736091100100100060011011244, 263911008713891100100100130011011244, 263911008742791100100100060011011244, 263911008781191100100100090011011244, 263911008717791100100100050011011244, 263911008739291100100100100011011244, 263911008735391100100100070021011244, 263911008737891100100100050021011244;;;13466901.00;RUB;0;;;;;;;"МУНИЦИПАЛЬНОЕ КАЗЕННОЕ УЧРЕЖДЕНИЕ ""ЦЕНТР ОБЕСПЕЧЕНИЯ ДЕЯТЕЛЬНОСТИ МУНИЦИПАЛЬНЫХ ОБРАЗОВАТЕЛЬНЫХ ОРГАНИЗАЦИЙ""";11.02.2026;03.03.2026;Закупка завершена;;;27.02.2026;
44-ФЗ;№0373400010926000117;Электронный аукцион;Оказание услуг по комплексному техническому обслуживанию и ремонту системы радиотерапевтической для радиохирургии CyberKnife;;'261771404207077144300100330013313244;;;26000000.00;RUB;0;;;;;;"МОСКОВСКИЙ НАУЧНО-ИССЛЕДОВАТЕЛЬСКИЙ ОНКОЛОГИЧЕСКИЙ ИНСТИТУТ ИМЕНИ П.А. ГЕРЦЕНА - ФИЛИАЛ ФЕДЕРАЛЬНОГО ГОСУДАРСТВЕННОГО БЮДЖЕТНОГО УЧРЕЖДЕНИЯ ""НАЦИОНАЛЬНЫЙ МЕДИЦИНСКИЙ ИССЛЕДОВАТЕЛЬСКИЙ ЦЕНТР РАДИОЛОГИИ"" МИНИСТЕРСТВА ЗДРАВООХРАНЕНИЯ РОССИЙСКОЙ ФЕДЕРАЦИИ";"МОСКОВСКИЙ НАУЧНО-ИССЛЕДОВАТЕЛЬСКИЙ ОНКОЛОГИЧЕСКИЙ ИНСТИТУТ ИМЕНИ П.А. ГЕРЦЕНА - ФИЛИАЛ ФЕДЕРАЛЬНОГО ГОСУДАРСТВЕННОГО БЮДЖЕТНОГО УЧРЕЖДЕНИЯ ""НАЦИОНАЛЬНЫЙ МЕДИЦИНСКИЙ ИССЛЕДОВАТЕЛЬСКИЙ ЦЕНТР РАДИОЛОГИИ"" МИНИСТЕРСТВА ЗДРАВООХРАНЕНИЯ РОССИЙСКОЙ ФЕДЕРАЦИИ";19.02.2026;03.03.2026;Закупка завершена;;;27.02.2026;
44-ФЗ;№0373200100126000171;Открытый конкурс в электронной форме;Оказание услуг по медицинскому уходу в филиале № 2 ГБУЗ «ГКБ им. В.П. Демихова ДЗМ»;;'262772308493677230100101920010000244;;;29329724.16;RUB;0;;;;;;"ГОСУДАРСТВЕННОЕ БЮДЖЕТНОЕ УЧРЕЖДЕНИЕ ЗДРАВООХРАНЕНИЯ ГОРОДА МОСКВЫ ""ГОРОДСКАЯ КЛИНИЧЕСКАЯ БОЛЬНИЦА ИМЕНИ В.П. ДЕМИХОВА ДЕПАРТАМЕНТА ЗДРАВООХРАНЕНИЯ ГОРОДА МОСКВЫ""";"ГОСУДАРСТВЕННОЕ БЮДЖЕТНОЕ УЧРЕЖДЕНИЕ ЗДРАВООХРАНЕНИЯ ГОРОДА МОСКВЫ ""ГОРОДСКАЯ КЛИНИЧЕСКАЯ БОЛЬНИЦА ИМЕНИ В.П. ДЕМИХОВА ДЕПАРТАМЕНТА ЗДРАВООХРАНЕНИЯ ГОРОДА МОСКВЫ""";11.02.2026;03.03.2026;Закупка завершена;;;27.02.2026;
44-ФЗ;№0875300009426000010;Открытый конкурс в электронной форме;Поставка продуктов питания (молоко и молочная продукция);;263911008716091100100100070011051244, 263911008736091100100100150010000244, 263911008737891100100100110011051244, 263911008713891100100100150011051244, 263911008701891100100100130010000244, 263911008735391100100100060010000244, 263911008738591100100100100011051244, 263911000820091100100100160010000244, 263911008748091100100100090010000244, 263911008718491100100100170010000244;;;9683478.65;RUB;0;;;;;;;"МУНИЦИПАЛЬНОЕ КАЗЕННОЕ УЧРЕЖДЕНИЕ ""ЦЕНТР ОБЕСПЕЧЕНИЯ ДЕЯТЕЛЬНОСТИ МУНИЦИПАЛЬНЫХ ОБРАЗОВАТЕЛЬНЫХ ОРГАНИЗАЦИЙ""";11.02.2026;03.03.2026;Закупка завершена;;;27.02.2026;
44-ФЗ;№0851200000626000710;Электронный аукцион;2026-№258 Поставка лекарственных препаратов для медицинского применения: Пэгцетакоплан;;'262540215512354020100102620012120244;;;14311880.00;RUB;0;;;;;;"ГОСУДАРСТВЕННОЕ КАЗЕННОЕ УЧРЕЖДЕНИЕ НОВОСИБИРСКОЙ ОБЛАСТИ ""НОВОСИБОБЛФАРМ""";"ГОСУДАРСТВЕННОЕ КАЗЕННОЕ УЧРЕЖДЕНИЕ НОВОСИБИРСКОЙ ОБЛАСТИ ""УПРАВЛЕНИЕ КОНТРАКТНОЙ СИСТЕМЫ""";17.02.2026;03.03.2026;Закупка завершена;;;27.02.2026;
44-ФЗ;№0813500000126002188;Запрос котировок в электронной форме;зз-0017-03417 - 2026 Нанесение дорожной разметки;;'263183801043218380100100080014211244;;;6000000.00;RUB;0;;;;;;"МУНИЦИПАЛЬНОЕ УЧРЕЖДЕНИЕ ""УПРАВЛЕНИЕ БЛАГОУСТРОЙСТВА""";"ГОСУДАРСТВЕННОЕ КАЗЕННОЕ УЧРЕЖДЕНИЕ УДМУРТСКОЙ РЕСПУБЛИКИ ""РЕГИОНАЛЬНЫЙ ЦЕНТР ЗАКУПОК УДМУРТСКОЙ РЕСПУБЛИКИ""";19.02.2026;03.03.2026;Закупка завершена;;;27.02.2026;
44-ФЗ;№0201100003826000078;Электронный аукцион;Поставка технических средств реабилитации (Специальные средства при нарушениях функций выделения) для обеспечения в 2026 году Получателей;;'261027805535502740100100820010000323;;;134555194.02;RUB;0;;;;;;ОТДЕЛЕНИЕ ФОНДА ПЕНСИОННОГО И СОЦИАЛЬНОГО СТРАХОВАНИЯ РОССИЙСКОЙ ФЕДЕРАЦИИ ПО РЕСПУБЛИКЕ БАШКОРТОСТАН;ОТДЕЛЕНИЕ ФОНДА ПЕНСИОННОГО И СОЦИАЛЬНОГО СТРАХОВАНИЯ РОССИЙСКОЙ ФЕДЕРАЦИИ ПО РЕСПУБЛИКЕ БАШКОРТОСТАН;30.01.2026;03.03.2026;Закупка завершена;;;12.02.2026;
44-ФЗ;№0325100016026000102;Электронный аукцион;Поставка расходных материалов для транскатетерной имплантации аортального клапана;;'261301508168930150100100250440000244;;;8287500.00;RUB;0;;;;;;"ФЕДЕРАЛЬНОЕ ГОСУДАРСТВЕННОЕ БЮДЖЕТНОЕ УЧРЕЖДЕНИЕ ""ФЕДЕРАЛЬНЫЙ ЦЕНТР СЕРДЕЧНО-СОСУДИСТОЙ ХИРУРГИИ"" МИНИСТЕРСТВА ЗДРАВООХРАНЕНИЯ РОССИЙСКОЙ ФЕДЕРАЦИИ (Г. АСТРАХАНЬ)";"ФЕДЕРАЛЬНОЕ ГОСУДАРСТВЕННОЕ БЮДЖЕТНОЕ УЧРЕЖДЕНИЕ ""ФЕДЕРАЛЬНЫЙ ЦЕНТР СЕРДЕЧНО-СОСУДИСТОЙ ХИРУРГИИ"" МИНИСТЕРСТВА ЗДРАВООХРАНЕНИЯ РОССИЙСКОЙ ФЕДЕРАЦИИ (Г. АСТРАХАНЬ)";19.02.2026;03.03.2026;Закупка завершена;;;27.02.2026;
44-ФЗ;№0348100075226000022;Электронный аукцион;Оказание авиационных услуг с использованием вертолета Ми-8 и его модификации с экипажем для выполнения лесоавиационных работ на территории Иркутской области;;'261503800814250380100100930015223244;;;18853348.00;RUB;0;;;;;;"ФЕДЕРАЛЬНОЕ БЮДЖЕТНОЕ УЧРЕЖДЕНИЕ ""ЦЕНТРАЛЬНАЯ БАЗА АВИАЦИОННОЙ ОХРАНЫ ЛЕСОВ ""АВИАЛЕСООХРАНА""";"ФЕДЕРАЛЬНОЕ БЮДЖЕТНОЕ УЧРЕЖДЕНИЕ ""ЦЕНТРАЛЬНАЯ БАЗА АВИАЦИОННОЙ ОХРАНЫ ЛЕСОВ ""АВИАЛЕСООХРАНА""";09.02.2026;03.03.2026;Закупка завершена;;;27.02.2026;
44-ФЗ;№0174500001126000711;Электронный аукцион;на поставку тест-полосок для определения уровня глюкозы в крови (для глюкометра АйЧек);;'262920402213692040100100410080000244;;;9141600.00;RUB;0;;;;;;"ГОСУДАРСТВЕННОЕ БЮДЖЕТНОЕ УЧРЕЖДЕНИЕ ЗДРАВООХРАНЕНИЯ СЕВАСТОПОЛЯ ""ГОРОДСКАЯ БОЛЬНИЦА № 1 ИМ. Н.И. ПИРОГОВА""";ДЕПАРТАМЕНТ УПРАВЛЕНИЯ ДЕЛАМИ ГУБЕРНАТОРА И ПРАВИТЕЛЬСТВА СЕВАСТОПОЛЯ;17.02.2026;03.03.2026;Закупка завершена;;;27.02.2026;
44-ФЗ;№0174500001126000717;Электронный аукцион;на поставку перевязочных материалов (Бинты марлевые медицинские, Марля медицинская);;'262920402213692040100100480010000244;;;12000000.00;RUB;0;;;;;;"ГОСУДАРСТВЕННОЕ БЮДЖЕТНОЕ УЧРЕЖДЕНИЕ ЗДРАВООХРАНЕНИЯ СЕВАСТОПОЛЯ ""ГОРОДСКАЯ БОЛЬНИЦА № 1 ИМ. Н.И. ПИРОГОВА""";ДЕПАРТАМЕНТ УПРАВЛЕНИЯ ДЕЛАМИ ГУБЕРНАТОРА И ПРАВИТЕЛЬСТВА СЕВАСТОПОЛЯ;17.02.2026;03.03.2026;Закупка завершена;;;27.02.2026;
44-ФЗ;№0201100003826000071;Электронный аукцион;Поставка технических средств реабилитации (Специальные средства при нарушениях функций выделения) для обеспечения в 2026 году Получателей;;'261027805535502740100100890010000323;;;25593693.53;RUB;0;;;;;;ОТДЕЛЕНИЕ ФОНДА ПЕНСИОННОГО И СОЦИАЛЬНОГО СТРАХОВАНИЯ РОССИЙСКОЙ ФЕДЕРАЦИИ ПО РЕСПУБЛИКЕ БАШКОРТОСТАН;ОТДЕЛЕНИЕ ФОНДА ПЕНСИОННОГО И СОЦИАЛЬНОГО СТРАХОВАНИЯ РОССИЙСКОЙ ФЕДЕРАЦИИ ПО РЕСПУБЛИКЕ БАШКОРТОСТАН;30.01.2026;03.03.2026;Закупка завершена;;;12.02.2026;
44-ФЗ;№0846600001226000003;Открытый конкурс в электронной форме на проведение работ по строительству, реконструкции, кап. ремонту, сносу объекта кап. строительства в соответствии с п. 8 ч. 1 ст. 33 Закона № 44-ФЗ;"Выполнение работ по объекту: «Строительство котельной для начальной школы с. Доброе (микрорайон Молодежный) и технологическое присоединение к газовым, электрическим сетям и источникам резервного питания""";;'263480500160748050100100090014120414;;;23923488.00;RUB;0;;;;;;АДМИНИСТРАЦИЯ ДОБРОВСКОГО МУНИЦИПАЛЬНОГО ОКРУГА ЛИПЕЦКОЙ ОБЛАСТИ РОССИЙСКОЙ ФЕДЕРАЦИИ;"МУНИЦИПАЛЬНОЕ КАЗЕННОЕ УЧРЕЖДЕНИЕ ""ЦЕНТР БУХГАЛТЕРСКОГО УЧЕТА И МУНИЦИПАЛЬНЫХ ЗАКУПОК"" ДОБРОВСКОГО МУНИЦИПАЛЬНОГО ОКРУГА ЛИПЕЦКОЙ ОБЛАСТИ";10.02.2026;03.03.2026;Закупка завершена;;;26.02.2026;
44-ФЗ;№0373100041026000124;Электронный аукцион;Поставка наборов компонентов для частичного и тотального замещения костей и суставов;;'261772800895377280100100040543250244;;;5940000.00;RUB;0;;;;;;"ФЕДЕРАЛЬНОЕ ГОСУДАРСТВЕННОЕ БЮДЖЕТНОЕ УЧРЕЖДЕНИЕ ""НАЦИОНАЛЬНЫЙ МЕДИЦИНСКИЙ ИССЛЕДОВАТЕЛЬСКИЙ ЦЕНТР ДЕТСКОЙ ГЕМАТОЛОГИИ, ОНКОЛОГИИ И ИММУНОЛОГИИ ИМЕНИ ДМИТРИЯ РОГАЧЕВА"" МИНИСТЕРСТВА ЗДРАВООХРАНЕНИЯ РОССИЙСКОЙ ФЕДЕРАЦИИ";"ФЕДЕРАЛЬНОЕ ГОСУДАРСТВЕННОЕ БЮДЖЕТНОЕ УЧРЕЖДЕНИЕ ""НАЦИОНАЛЬНЫЙ МЕДИЦИНСКИЙ ИССЛЕДОВАТЕЛЬСКИЙ ЦЕНТР ДЕТСКОЙ ГЕМАТОЛОГИИ, ОНКОЛОГИИ И ИММУНОЛОГИИ ИМЕНИ ДМИТРИЯ РОГАЧЕВА"" МИНИСТЕРСТВА ЗДРАВООХРАНЕНИЯ РОССИЙСКОЙ ФЕДЕРАЦИИ";19.02.2026;03.03.2026;Закупка завершена;;;27.02.2026;
44-ФЗ;№0102200001626000183;Электронный аукцион;Поставка лекарственного препарата Аллерген туберкулезный рекомбинантный в стандартном разведении;;'262032307175303260100100230012120244;;;6387350.76;RUB;0;;;;;;"ГОСУДАРСТВЕННОЕ БЮДЖЕТНОЕ УЧРЕЖДЕНИЕ ЗДРАВООХРАНЕНИЯ ""РЕСПУБЛИКАНСКИЙ КЛИНИЧЕСКИЙ ПРОТИВОТУБЕРКУЛЕЗНЫЙ ДИСПАНСЕР"" ИМЕНИ ГАЛИНЫ ДОРЖИЕВНЫ ДУГАРОВОЙ";РЕСПУБЛИКАНСКОЕ АГЕНТСТВО ПО ГОСУДАРСТВЕННЫМ ЗАКУПКАМ;19.02.2026;03.03.2026;Закупка завершена;;;27.02.2026;
44-ФЗ;№0307300005226000049;Электронный аукцион на проведение работ по строительству, реконструкции, кап. ремонту, сносу объекта кап. строительства в соответствии с п. 8 ч. 1 ст. 33 Закона № 44-ФЗ;Обеспечение земельных участков инфраструктурой мкр. Емваль (внутримикрорайонные улицы, проезды, уличное освещение, противопожарное водоснабжение) (ул. Усадебная);;'263110148761811010100100010014211414;;;28788286.47;RUB;0;;;;;;"УПРАВЛЕНИЕ АРХИТЕКТУРЫ, ГОРОДСКОГО СТРОИТЕЛЬСТВА И ЗЕМЛЕПОЛЬЗОВАНИЯ АДМИНИСТРАЦИИ МУНИЦИПАЛЬНОГО ОБРАЗОВАНИЯ ГОРОДСКОГО ОКРУГА ""СЫКТЫВКАР""";"ДЕПАРТАМЕНТ ФИНАНСОВ АДМИНИСТРАЦИИ МУНИЦИПАЛЬНОГО ОБРАЗОВАНИЯ ГОРОДСКОГО ОКРУГА ""СЫКТЫВКАР""";19.02.2026;03.03.2026;Закупка завершена;;;27.02.2026;
44-ФЗ;№0360300052826000120;Электронный аукцион;Выполнение работ по благоустройству общественной территории;;'263644004025264400100100070024211244;;;20000000.00;RUB;0;;;;;;УПРАВЛЕНИЕ КАПИТАЛЬНОГО СТРОИТЕЛЬСТВА АДМИНИСТРАЦИИ БАЛАШОВСКОГО МУНИЦИПАЛЬНОГО РАЙОНА;АДМИНИСТРАЦИЯ БАЛАШОВСКОГО МУНИЦИПАЛЬНОГО РАЙОНА САРАТОВСКОЙ ОБЛАСТИ;19.02.2026;03.03.2026;Закупка завершена;;;27.02.2026;
44-ФЗ;№0372200121026000006;Открытый конкурс в электронной форме;Оказание услуг по организации стационарного отдыха детей-сирот и детей, оставшихся без попечения родителей, в организации отдыха детей и молодежи и их оздоровления, реализующей мероприятия по социальной адаптации, на территории Российской Федерации в южной климатической зоне на побережье Черного и Азовского морей в летний период 2026 года.;;'262780206666578020100100030060000244;;;7003080.00;RUB;0;;;;;;"САНКТ-ПЕТЕРБУРГСКОЕ ГОСУДАРСТВЕННОЕ БЮДЖЕТНОЕ УЧРЕЖДЕНИЕ ЦЕНТР ДЛЯ ДЕТЕЙ-СИРОТ И ДЕТЕЙ, ОСТАВШИХСЯ БЕЗ ПОПЕЧЕНИЯ РОДИТЕЛЕЙ ""ЦЕНТР СОДЕЙСТВИЯ СЕМЕЙНОМУ ВОСПИТАНИЮ № 4"" ИМЕНИ ТОКТОГОН АЛТЫБАСАРОВОЙ";"САНКТ-ПЕТЕРБУРГСКОЕ ГОСУДАРСТВЕННОЕ БЮДЖЕТНОЕ УЧРЕЖДЕНИЕ ЦЕНТР ДЛЯ ДЕТЕЙ-СИРОТ И ДЕТЕЙ, ОСТАВШИХСЯ БЕЗ ПОПЕЧЕНИЯ РОДИТЕЛЕЙ ""ЦЕНТР СОДЕЙСТВИЯ СЕМЕЙНОМУ ВОСПИТАНИЮ № 4"" ИМЕНИ ТОКТОГОН АЛТЫБАСАРОВОЙ";10.02.2026;03.03.2026;Закупка завершена;;;26.02.2026;
44-ФЗ;№0373200032126000005;Электронный аукцион;"Оказание услуг по техническому обслуживанию оборудования водоподготовки бассейнов в ГБУ ""НПРЦ""";;'262771509215477150100100150010000244;;;5343683.72;RUB;0;;;;;;"ГОСУДАРСТВЕННОЕ БЮДЖЕТНОЕ УЧРЕЖДЕНИЕ ГОРОДА МОСКВЫ ""НАУЧНО-ПРАКТИЧЕСКИЙ РЕАБИЛИТАЦИОННЫЙ ЦЕНТР""";"ГОСУДАРСТВЕННОЕ БЮДЖЕТНОЕ УЧРЕЖДЕНИЕ ГОРОДА МОСКВЫ ""НАУЧНО-ПРАКТИЧЕСКИЙ РЕАБИЛИТАЦИОННЫЙ ЦЕНТР""";18.02.2026;03.03.2026;Закупка завершена;;;27.02.2026;
44-ФЗ;№0373200650826000010;Электронный аукцион;Оказание транспортных услуг по организованной перевозке групп детей автобусами для нужд образовательных организаций, подведомственных Департаменту образования и науки г. Москвы;;262772226618677220100100060010000244, 262772386449277230100100070010000244, 262772337494977230100100170010000244, 262772230697877220100100060010000244;;;9422418.09;RUB;0;;;;;;;"ГОСУДАРСТВЕННОЕ БЮДЖЕТНОЕ ОБРАЗОВАТЕЛЬНОЕ УЧРЕЖДЕНИЕ ДОПОЛНИТЕЛЬНОГО ОБРАЗОВАНИЯ ГОРОДА МОСКВЫ ""ДВОРЕЦ ТВОРЧЕСТВА ДЕТЕЙ И МОЛОДЕЖИ ИМЕНИ А.П. ГАЙДАРА""";18.02.2026;03.03.2026;Закупка завершена;;;27.02.2026;
44-ФЗ;№0118300003726000033;Электронный аукцион;"Предоставление услуг по выполнению экспертизы выполненных работ на объекте ""Парк в районе ул. Солнцедарская город - курорт Геленджик (2-я очередь)""";;'263230404040023040100100160027120244;;;17720100.00;RUB;0;;;;;;УПРАВЛЕНИЕ ЖИЛИЩНО-КОММУНАЛЬНОГО ХОЗЯЙСТВА АДМИНИСТРАЦИИ МУНИЦИПАЛЬНОГО ОБРАЗОВАНИЯ ГОРОД-КУРОРТ ГЕЛЕНДЖИК;АДМИНИСТРАЦИЯ МУНИЦИПАЛЬНОГО ОБРАЗОВАНИЯ ГОРОДСКОЙ ОКРУГ ГОРОД-КУРОРТ ГЕЛЕНДЖИК КРАСНОДАРСКОГО КРАЯ;18.02.2026;03.03.2026;Закупка завершена;;;27.02.2026;
44-ФЗ;№0163200000326000712;Электронный аукцион;0275-аэф Поставка технических средств автоматической фотовидеофиксации для обеспечения контроля дорожного движения;;'262673224649067320100100020042651244;;;5032500.00;RUB;0;;;;;;"СМОЛЕНСКОЕ ОБЛАСТНОЕ ГОСУДАРСТВЕННОЕ БЮДЖЕТНОЕ УЧРЕЖДЕНИЕ ""ЦЕНТР ОРГАНИЗАЦИИ ДОРОЖНОГО ДВИЖЕНИЯ""";ГЛАВНОЕ УПРАВЛЕНИЕ СМОЛЕНСКОЙ ОБЛАСТИ ПО РЕГУЛИРОВАНИЮ КОНТРАКТНОЙ СИСТЕМЫ;19.02.2026;03.03.2026;Закупка завершена;;;27.02.2026;
44-ФЗ;№0848300057726000014;Электронный аукцион;Выполнение работ по текущему ремонту автомобильных дорог общего пользования местного значения на территории Волоколамского муниципального округа;;'263500400389050040100101220014211244;;;11509485.02;RUB;0;;;;;;АДМИНИСТРАЦИЯ ВОЛОКОЛАМСКОГО МУНИЦИПАЛЬНОГО ОКРУГА МОСКОВСКОЙ ОБЛАСТИ;"МУНИЦИПАЛЬНОЕ КАЗЕННОЕ УЧРЕЖДЕНИЕ ""ЦЕНТР ЗАКУПОК""";17.02.2026;03.03.2026;Закупка завершена;;;27.02.2026;
223-ФЗ;№32615716487;Конкурс в электронной форме, участниками которого могут быть только субъекты малого и среднего предпринимательства;Право на заключение Договора на поставку мобильных комплексов видеонаблюдения для оборудования ПС для нужд ПАО «Россети Центр» (филиала «Брянскэнерго») 0038-БР-26;;;1;Поставка мобильных комплексов видеонаблюдения для оборудования ПС;27363638.64;RUB;27363638.64;;;;26.40.33.111: Видеокамеры для систем видеонаблюдения, видеоаналитики и охранного телевидения;;"ПУБЛИЧНОЕ АКЦИОНЕРНОЕ ОБЩЕСТВО ""РОССЕТИ ЦЕНТР""";"ПУБЛИЧНОЕ АКЦИОНЕРНОЕ ОБЩЕСТВО ""РОССЕТИ ЦЕНТР""";17.02.2026;03.03.2026;Закупка завершена;;;25.02.2026 12:00;
44-ФЗ;№0848300057726000015;Электронный аукцион;Выполнение работ по текущему ремонту автомобильных дорог общего пользования местного значения на территории Волоколамского муниципального округа;;'263500400389050040100101290014211244;;;7353497.95;RUB;0;;;;;;АДМИНИСТРАЦИЯ ВОЛОКОЛАМСКОГО МУНИЦИПАЛЬНОГО ОКРУГА МОСКОВСКОЙ ОБЛАСТИ;"МУНИЦИПАЛЬНОЕ КАЗЕННОЕ УЧРЕЖДЕНИЕ ""ЦЕНТР ЗАКУПОК""";17.02.2026;03.03.2026;Закупка завершена;;;27.02.2026;
44-ФЗ;№0372200133326000006;Открытый конкурс в электронной форме;Оказание услуг по организации стационарного отдыха детей–сирот и детей, оставшихся без попечения родителей на территории Российской Федерации в южной климатической зоне на побережье Черного и Азовского морей в организации отдыха детей и молодежи и их оздоровления, реализующей мероприятия по социальной адаптации, располагающейся на стационарной базе круглогодичного или сезонного действия, предусматривающей материально-техническую базу и иные условия для круглосуточного пребывания детей в период летних каникул 2026 года;;'262781312513678130100100040018541244;;;8462055.00;RUB;0;;;;;;"САНКТ-ПЕТЕРБУРГСКОЕ ГОСУДАРСТВЕННОЕ БЮДЖЕТНОЕ УЧРЕЖДЕНИЕ ЦЕНТР ДЛЯ ДЕТЕЙ-СИРОТ И ДЕТЕЙ, ОСТАВШИХСЯ БЕЗ ПОПЕЧЕНИЯ РОДИТЕЛЕЙ ""ЦЕНТР СОДЕЙСТВИЯ СЕМЕЙНОМУ ВОСПИТАНИЮ № 12""";"САНКТ-ПЕТЕРБУРГСКОЕ ГОСУДАРСТВЕННОЕ БЮДЖЕТНОЕ УЧРЕЖДЕНИЕ ЦЕНТР ДЛЯ ДЕТЕЙ-СИРОТ И ДЕТЕЙ, ОСТАВШИХСЯ БЕЗ ПОПЕЧЕНИЯ РОДИТЕЛЕЙ ""ЦЕНТР СОДЕЙСТВИЯ СЕМЕЙНОМУ ВОСПИТАНИЮ № 12""";11.02.2026;03.03.2026;Закупка завершена;;;27.02.2026;
44-ФЗ;№0848300057726000018;Электронный аукцион;Выполнение работ по текущему ремонту автомобильных дорог общего пользования местного значения на территории Волоколамского муниципального округа;;'263500400389050040100101270014211244;;;13720722.03;RUB;0;;;;;;АДМИНИСТРАЦИЯ ВОЛОКОЛАМСКОГО МУНИЦИПАЛЬНОГО ОКРУГА МОСКОВСКОЙ ОБЛАСТИ;"МУНИЦИПАЛЬНОЕ КАЗЕННОЕ УЧРЕЖДЕНИЕ ""ЦЕНТР ЗАКУПОК""";17.02.2026;03.03.2026;Закупка завершена;;;27.02.2026;
44-ФЗ;№0306500000326000155;Электронный аукцион;Поставка лекарственных препаратов (ЛЕВИЛИМАБ);;'262100133412810010100100020320000244;;;14399752.32;RUB;0;;;;;;"ГОСУДАРСТВЕННОЕ БЮДЖЕТНОЕ УЧРЕЖДЕНИЕ ЗДРАВООХРАНЕНИЯ РЕСПУБЛИКИ КАРЕЛИЯ ""РЕСПУБЛИКАНСКАЯ БОЛЬНИЦА ИМ. В.А. БАРАНОВА""";"ГОСУДАРСТВЕННОЕ БЮДЖЕТНОЕ УЧРЕЖДЕНИЕ ЗДРАВООХРАНЕНИЯ РЕСПУБЛИКИ КАРЕЛИЯ ""РЕСПУБЛИКАНСКАЯ БОЛЬНИЦА ИМ. В.А. БАРАНОВА""";19.02.2026;03.03.2026;Закупка завершена;;;27.02.2026;
44-ФЗ;№0127300005026000016;Электронный аукцион на проведение работ по строительству, реконструкции, кап. ремонту, сносу объекта кап. строительства в соответствии с п. 8 ч. 1 ст. 33 Закона № 44-ФЗ;Капитальный ремонт водопроводной сети по ул. Лермонтова в г. Новозыбкове Брянской области;;'263320400216032410100100440014221243;;;17152422.96;RUB;0;;;;;;НОВОЗЫБКОВСКАЯ ГОРОДСКАЯ АДМИНИСТРАЦИЯ;НОВОЗЫБКОВСКАЯ ГОРОДСКАЯ АДМИНИСТРАЦИЯ;18.02.2026;03.03.2026;Закупка завершена;;;27.02.2026;
44-ФЗ;№0329200062226000194;Электронный аукцион;Выполнение работ по санации трещин в асфальтобетонных покрытиях улично-дорожной сети Волгограда;;'263344407025234450100100040014211244;;;24999708.47;RUB;0;;;;;;МУНИЦИПАЛЬНОЕ УЧРЕЖДЕНИЕ КОММУНАЛЬНО-ДОРОЖНОГО СТРОИТЕЛЬСТВА, РЕМОНТА И СОДЕРЖАНИЯ;"ГОСУДАРСТВЕННОЕ КАЗЕННОЕ УЧРЕЖДЕНИЕ ВОЛГОГРАДСКОЙ ОБЛАСТИ ""ЦЕНТР ОРГАНИЗАЦИИ ЗАКУПОК""";18.02.2026;03.03.2026;Закупка завершена;;;27.02.2026;
44-ФЗ;№0848300057726000019;Электронный аукцион;Выполнение работ по текущему ремонту автомобильных дорог общего пользования местного значения на территории Волоколамского муниципального округа;;'263500400389050040100101280014211244;;;26547244.74;RUB;0;;;;;;АДМИНИСТРАЦИЯ ВОЛОКОЛАМСКОГО МУНИЦИПАЛЬНОГО ОКРУГА МОСКОВСКОЙ ОБЛАСТИ;"МУНИЦИПАЛЬНОЕ КАЗЕННОЕ УЧРЕЖДЕНИЕ ""ЦЕНТР ЗАКУПОК""";17.02.2026;03.03.2026;Закупка завершена;;;27.02.2026;
44-ФЗ;№0373200159326000002;Электронный аукцион;Оказание услуг по уборке и содержанию прилегающей территории;;262773503080877350100100070010000244, 262773512804977350100100080010000000;;;17071957.79;RUB;0;;;;;;;"ГОСУДАРСТВЕННОЕ БЮДЖЕТНОЕ ПРОФЕССИОНАЛЬНОЕ ОБРАЗОВАТЕЛЬНОЕ УЧРЕЖДЕНИЕ ГОРОДА МОСКВЫ ""ПОЛИТЕХНИЧЕСКИЙ КОЛЛЕДЖ № 50 ИМЕНИ ДВАЖДЫ ГЕРОЯ СОЦИАЛИСТИЧЕСКОГО ТРУДА Н.А. ЗЛОБИНА""";19.02.2026;03.03.2026;Закупка завершена;;;27.02.2026;
44-ФЗ;№0328300015626000012;Электронный аукцион;Приобретение в муниципальную собственность жилого благоустроенного помещения (квартиры) в новом многоквартирном доме для обеспечения жильем граждан, нуждающихся в улучшении жилищных условий;;'263330001602133000100100210216810412;;;7313875.80;RUB;0;;;;;;АДМИНИСТРАЦИЯ МЕЛЕНКОВСКОГО МУНИЦИПАЛЬНОГО ОКРУГА ВЛАДИМИРСКОЙ ОБЛАСТИ;КОМИТЕТ ПО УПРАВЛЕНИЮ МУНИЦИПАЛЬНЫМ ИМУЩЕСТВОМ;13.02.2026;03.03.2026;Закупка завершена;;;27.02.2026;
44-ФЗ;№0328300015626000011;Электронный аукцион;Приобретение в муниципальную собственность жилого благоустроенного помещения (квартиры) в новом многоквартирном доме для обеспечения жильем граждан, нуждающихся в улучшении жилищных условий;;'263330001602133000100100190196810412;;;7313875.80;RUB;0;;;;;;АДМИНИСТРАЦИЯ МЕЛЕНКОВСКОГО МУНИЦИПАЛЬНОГО ОКРУГА ВЛАДИМИРСКОЙ ОБЛАСТИ;КОМИТЕТ ПО УПРАВЛЕНИЮ МУНИЦИПАЛЬНЫМ ИМУЩЕСТВОМ;13.02.2026;03.03.2026;Закупка завершена;;;27.02.2026;
44-ФЗ;№0373200173426000001;Электронный аукцион;Поставка бумаги и бумажных изделий;;262772503413777250100100030010000244, 262772626967877260100100030010000244, 262772568726377250100100040010000244, 261772403563577240100100070010000244, 262772568440077250100100030010000244, 262772514433077250100100050010000244, 262772525920477250100100030010000244, 262773600037077250100100040010000244, 262772429538377240100100060010000244, 262772576679777250100100040010000244, 261772503130577250100100170010000244, 262772520003177250100100020010000244, 262772484838077240100100030010000244, 262770604102677060100100020010000244, 262771301781077250100100040010000244, 262772505639577250100100040010000244, 262772524765777240100100070010000244, 262772524764077250100100040010000244;;;18834748.33;RUB;0;;;;;;;"ГОСУДАРСТВЕННОЕ БЮДЖЕТНОЕ ОБЩЕОБРАЗОВАТЕЛЬНОЕ УЧРЕЖДЕНИЕ ГОРОДА МОСКВЫ ""ШКОЛА № 1527""";18.02.2026;03.03.2026;Закупка завершена;;;27.02.2026;
44-ФЗ;№0148300000626000099;Открытый конкурс в электронной форме;Выполнение работ по созданию и ремонту пешеходных коммуникаций в Богородском городском округе Московской области в 2026 году (лот 2);;'263503114395350310100100150014211244;;;35766993.67;RUB;0;;;;;;УПРАВЛЕНИЕ БЛАГОУСТРОЙСТВА АДМИНИСТРАЦИИ БОГОРОДСКОГО ГОРОДСКОГО ОКРУГА МОСКОВСКОЙ ОБЛАСТИ;АДМИНИСТРАЦИЯ БОГОРОДСКОГО ГОРОДСКОГО ОКРУГА МОСКОВСКОЙ ОБЛАСТИ;10.02.2026;03.03.2026;Закупка завершена;;;26.02.2026;
44-ФЗ;№0816500000626001729;Электронный аукцион;Поставка товара: специализированного продукта диетического (лечебного) питания для медицинского применения в целях социального обеспечения (Субвенция);;'262143536061014350100100390011086323;;;5192052.00;RUB;0;;;;;;"ГОСУДАРСТВЕННОЕ КАЗЕННОЕ УЧРЕЖДЕНИЕ РЕСПУБЛИКИ САХА (ЯКУТИЯ) ""РЕСУРСНЫЙ ЦЕНТР ПРИ МИНИСТЕРСТВЕ ЗДРАВООХРАНЕНИЯ РЕСПУБЛИКИ САХА (ЯКУТИЯ)""";"ГОСУДАРСТВЕННОЕ КАЗЕННОЕ УЧРЕЖДЕНИЕ РЕСПУБЛИКИ САХА (ЯКУТИЯ) ""ЦЕНТР ЗАКУПОК РЕСПУБЛИКИ САХА (ЯКУТИЯ)""";16.02.2026;03.03.2026;Закупка завершена;;;27.02.2026;
44-ФЗ;№0339100012025000014;Электронный аукцион;Оказание услуг по охране зданий и территорий КузГТУ;;'251420701257842050100100230018010244;;;57485837.76;RUB;0;;;;;;"ФЕДЕРАЛЬНОЕ ГОСУДАРСТВЕННОЕ БЮДЖЕТНОЕ ОБРАЗОВАТЕЛЬНОЕ УЧРЕЖДЕНИЕ ВЫСШЕГО ОБРАЗОВАНИЯ ""КУЗБАССКИЙ ГОСУДАРСТВЕННЫЙ ТЕХНИЧЕСКИЙ УНИВЕРСИТЕТ ИМЕНИ Т.Ф. ГОРБАЧЕВА""";"ФЕДЕРАЛЬНОЕ ГОСУДАРСТВЕННОЕ БЮДЖЕТНОЕ ОБРАЗОВАТЕЛЬНОЕ УЧРЕЖДЕНИЕ ВЫСШЕГО ОБРАЗОВАНИЯ ""КУЗБАССКИЙ ГОСУДАРСТВЕННЫЙ ТЕХНИЧЕСКИЙ УНИВЕРСИТЕТ ИМЕНИ Т.Ф. ГОРБАЧЕВА""";22.12.2025;03.03.2026;Закупка завершена;;;24.02.2026;
44-ФЗ;№0815500000526001188;Открытый конкурс в электронной форме на проведение работ по строительству, реконструкции, кап. ремонту, сносу объекта кап. строительства в соответствии с п. 8 ч. 1 ст. 33 Закона № 44-ФЗ;"Выполнение работ по проведению капитального ремонта и корректировке проектно – сметной документации по объекту: ""Капитальный ремонт здания МБОУ ""Шоркистринская СОШ"", расположенного по адресу: Чувашская Республика-Чувашия, р-н Урмарский, с/пос. Шоркистринское, с. Шоркистры, ул. Центральная, д. 56""";;'262213013525021300100100410010000243;;;60574316.24;RUB;0;;;;;;"КАЗЕННОЕ УЧРЕЖДЕНИЕ ЧУВАШСКОЙ РЕСПУБЛИКИ ""РЕСПУБЛИКАНСКАЯ СЛУЖБА ЕДИНОГО ЗАКАЗЧИКА"" МИНИСТЕРСТВА СТРОИТЕЛЬСТВА, АРХИТЕКТУРЫ И ЖИЛИЩНО-КОММУНАЛЬНОГО ХОЗЯЙСТВА ЧУВАШСКОЙ РЕСПУБЛИКИ";"КАЗЕННОЕ УЧРЕЖДЕНИЕ ЧУВАШСКОЙ РЕСПУБЛИКИ ""РЕГИОНАЛЬНЫЙ ЦЕНТР ЗАКУПОК ЧУВАШСКОЙ РЕСПУБЛИКИ""";09.02.2026;03.03.2026;Закупка завершена;;;27.02.2026;
44-ФЗ;№0187300006526000095;Электронный аукцион;Выполнение работ по противопаводковым мероприятиям в жилом секторе на территории г. Сургута;;'263860200041186020100100860018425244;;;21384404.71;RUB;0;;;;;;"МУНИЦИПАЛЬНОЕ КАЗЕННОЕ УЧРЕЖДЕНИЕ ""ДИРЕКЦИЯ ДОРОЖНО-ТРАНСПОРТНОГО И ЖИЛИЩНО-КОММУНАЛЬНОГО КОМПЛЕКСА""";АДМИНИСТРАЦИЯ ГОРОДА СУРГУТА;19.02.2026;03.03.2026;Закупка завершена;;;27.02.2026;
223-ФЗ;№32615698366;Конкурс в электронной форме, участниками которого могут быть только субъекты малого и среднего предпринимательства;Закупка № 41301- РЕМ ПРОД -2026-ЯЭОКПД2 43.22.11.110 Выполнение работ по капитальному ремонту теплоизоляции и трубопроводов сетей тепло-водоснабжения -Участок №2 Района тепловых сетей Якутской теплоэлектроцентрали. В рамках исполнения ремонтной программы;;;1;ОКПД2 43.22.11.110 Выполнение работ по капитальному ремонту теплоизоляции и трубопроводов сетей тепло-водоснабжения -Участок №2 Района тепловых сетей Якутской теплоэлектроцентрали. В рамках исполнения ремонтной программы;20678042.17;RUB;20678042.17;;;;43.22.11.110: Работы по монтажу основных сетей горячего и холодного водоснабжения (т. е. водопроводных), работы по монтажу спринклерных систем;;"ПУБЛИЧНОЕ АКЦИОНЕРНОЕ ОБЩЕСТВО ""ЯКУТСКЭНЕРГО""";"ПУБЛИЧНОЕ АКЦИОНЕРНОЕ ОБЩЕСТВО ""ЯКУТСКЭНЕРГО""";12.02.2026;03.03.2026;Закупка завершена;;;24.02.2026 18:00;
44-ФЗ;№0373200648326000001;Электронный аукцион;Выполнение работ по проведению текущего ремонта зданий  (замена оконных блоков)и (или) сооружений по адресу: г. Москва, ул. Раменки, д.13, корп. 3;;'262772978850577290100100050010000244;;;10786756.96;RUB;0;;;;;;"ГОСУДАРСТВЕННОЕ БЮДЖЕТНОЕ ОБЩЕОБРАЗОВАТЕЛЬНОЕ УЧРЕЖДЕНИЕ ГОРОДА МОСКВЫ ""ШКОЛА № 1498 ""МОСКОВСКАЯ МЕЖДУНАРОДНАЯ ШКОЛА""";"ГОСУДАРСТВЕННОЕ БЮДЖЕТНОЕ ОБЩЕОБРАЗОВАТЕЛЬНОЕ УЧРЕЖДЕНИЕ ГОРОДА МОСКВЫ ""ШКОЛА № 1498 ""МОСКОВСКАЯ МЕЖДУНАРОДНАЯ ШКОЛА""";19.02.2026;03.03.2026;Закупка завершена;;;27.02.2026;
223-ФЗ;№32615684663;Запрос предложений в электронной форме, участниками которого могут быть только субъекты малого и среднего предпринимательства;Закупка № 48601-ТПИР ОБСЛ-2026-ЯЭ ОКПД2 71.12.13 Выполнение проектно-изыскательских по модернизации защит, автоматики и управления присоединений 6-35 кВ для подстанций Покровск, Солнечный, 110 кВ для подстанций Чурапча, Хандыга Центральных электрических сетей в рамках выполнения инвестиционных проектов P_508-92423, P_508-92424, P_508-92427, P_508-92428;;;1;ОКПД2 71.12.13  Выполнение проектно-изыскательских по модернизации защит, автоматики и управления  присоединений 6-35 кВ для подстанций  Покровск, Солнечный, 110 кВ для подстанций Чурапча, Хандыга Центральных электрических сетей в рамках выполнения инвестиционных проектов  P_508-92423, P_508-92424, P_508-92427, P_508-92428;8722725.55;RUB;8722725.55;;;;71.12.13.000: Услуги по инженерно-техническому проектированию систем энергоснабжения;;"ПУБЛИЧНОЕ АКЦИОНЕРНОЕ ОБЩЕСТВО ""ЯКУТСКЭНЕРГО""";"ПУБЛИЧНОЕ АКЦИОНЕРНОЕ ОБЩЕСТВО ""ЯКУТСКЭНЕРГО""";09.02.2026;03.03.2026;Закупка завершена;;;25.02.2026 18:00;
44-ФЗ;№0830500000226000300;Открытый конкурс в электронной форме на проведение работ по строительству, реконструкции, кап. ремонту, сносу объекта кап. строительства в соответствии с п. 8 ч. 1 ст. 33 Закона № 44-ФЗ;Капитальный ремонт здания Дома культуры с. Яганово Череповецкого округа;;'263352301456435230100100080014120243;;;26744708.89;RUB;0;;;;;;"МУНИЦИПАЛЬНОЕ УЧРЕЖДЕНИЕ КУЛЬТУРЫ ""ЯГАНОВСКОЕ СОЦИАЛЬНО-КУЛЬТУРНОЕ ОБЪЕДИНЕНИЕ""";"ГОСУДАРСТВЕННОЕ КАЗЕННОЕ УЧРЕЖДЕНИЕ ВОЛОГОДСКОЙ ОБЛАСТИ ""ЦЕНТР ЗАКУПОК""";11.02.2026;03.03.2026;Закупка завершена;;;27.02.2026;
44-ФЗ;№0851200000626000818;Электронный аукцион;2026-№207 Поставка лекарственных препаратов для медицинского применения: Рисдиплам;;'262540215512354020100102670012120244;;;113248135.00;RUB;0;;;;;;"ГОСУДАРСТВЕННОЕ КАЗЕННОЕ УЧРЕЖДЕНИЕ НОВОСИБИРСКОЙ ОБЛАСТИ ""НОВОСИБОБЛФАРМ""";"ГОСУДАРСТВЕННОЕ КАЗЕННОЕ УЧРЕЖДЕНИЕ НОВОСИБИРСКОЙ ОБЛАСТИ ""УПРАВЛЕНИЕ КОНТРАКТНОЙ СИСТЕМЫ""";19.02.2026;03.03.2026;Закупка завершена;;;27.02.2026;
44-ФЗ;№0851200000626000756;Электронный аукцион;2026-№153 Поставка лекарственных препаратов для медицинского применения: Сорафениб;;'262540215512354020100102250012120244;;;9386415.36;RUB;0;;;;;;"ГОСУДАРСТВЕННОЕ КАЗЕННОЕ УЧРЕЖДЕНИЕ НОВОСИБИРСКОЙ ОБЛАСТИ ""НОВОСИБОБЛФАРМ""";"ГОСУДАРСТВЕННОЕ КАЗЕННОЕ УЧРЕЖДЕНИЕ НОВОСИБИРСКОЙ ОБЛАСТИ ""УПРАВЛЕНИЕ КОНТРАКТНОЙ СИСТЕМЫ""";18.02.2026;03.03.2026;Закупка завершена;;;27.02.2026;
44-ФЗ;№0816500000626001918;Электронный аукцион;Поставка колесных тракторов с отвалом;;'262140100076114010100100250012830000;;;14700000.00;RUB;0;;;;;;"КАЗЕННОЕ ПРЕДПРИЯТИЕ РЕСПУБЛИКИ САХА (ЯКУТИЯ) ""ДОРОГИ АРКТИКИ""";"ГОСУДАРСТВЕННОЕ КАЗЕННОЕ УЧРЕЖДЕНИЕ РЕСПУБЛИКИ САХА (ЯКУТИЯ) ""ЦЕНТР ЗАКУПОК РЕСПУБЛИКИ САХА (ЯКУТИЯ)""";17.02.2026;03.03.2026;Закупка завершена;;;27.02.2026;
44-ФЗ;№0372100010626000038;Электронный аукцион;Оказание услуг по техническому обслуживанию оборудования производства компании Филипс ;;'261781304746378130100100100030000244;;;6181333.33;RUB;0;;;;;;"ФЕДЕРАЛЬНОЕ ГОСУДАРСТВЕННОЕ БЮДЖЕТНОЕ ОБРАЗОВАТЕЛЬНОЕ УЧРЕЖДЕНИЕ ВЫСШЕГО ОБРАЗОВАНИЯ ""ПЕРВЫЙ САНКТ-ПЕТЕРБУРГСКИЙ ГОСУДАРСТВЕННЫЙ МЕДИЦИНСКИЙ УНИВЕРСИТЕТ ИМЕНИ АКАДЕМИКА И.П. ПАВЛОВА"" МИНИСТЕРСТВА ЗДРАВООХРАНЕНИЯ РОССИЙСКОЙ ФЕДЕРАЦИИ";"ФЕДЕРАЛЬНОЕ ГОСУДАРСТВЕННОЕ БЮДЖЕТНОЕ ОБРАЗОВАТЕЛЬНОЕ УЧРЕЖДЕНИЕ ВЫСШЕГО ОБРАЗОВАНИЯ ""ПЕРВЫЙ САНКТ-ПЕТЕРБУРГСКИЙ ГОСУДАРСТВЕННЫЙ МЕДИЦИНСКИЙ УНИВЕРСИТЕТ ИМЕНИ АКАДЕМИКА И.П. ПАВЛОВА"" МИНИСТЕРСТВА ЗДРАВООХРАНЕНИЯ РОССИЙСКОЙ ФЕДЕРАЦИИ";17.02.2026;03.03.2026;Закупка завершена;;;27.02.2026;
44-ФЗ;№0372100010626000052;Электронный аукцион;Оказание услуг по техническому обслуживанию лабораторного оборудования ;;'261781304746378130100100100050000244;;;14663719.00;RUB;0;;;;;;"ФЕДЕРАЛЬНОЕ ГОСУДАРСТВЕННОЕ БЮДЖЕТНОЕ ОБРАЗОВАТЕЛЬНОЕ УЧРЕЖДЕНИЕ ВЫСШЕГО ОБРАЗОВАНИЯ ""ПЕРВЫЙ САНКТ-ПЕТЕРБУРГСКИЙ ГОСУДАРСТВЕННЫЙ МЕДИЦИНСКИЙ УНИВЕРСИТЕТ ИМЕНИ АКАДЕМИКА И.П. ПАВЛОВА"" МИНИСТЕРСТВА ЗДРАВООХРАНЕНИЯ РОССИЙСКОЙ ФЕДЕРАЦИИ";"ФЕДЕРАЛЬНОЕ ГОСУДАРСТВЕННОЕ БЮДЖЕТНОЕ ОБРАЗОВАТЕЛЬНОЕ УЧРЕЖДЕНИЕ ВЫСШЕГО ОБРАЗОВАНИЯ ""ПЕРВЫЙ САНКТ-ПЕТЕРБУРГСКИЙ ГОСУДАРСТВЕННЫЙ МЕДИЦИНСКИЙ УНИВЕРСИТЕТ ИМЕНИ АКАДЕМИКА И.П. ПАВЛОВА"" МИНИСТЕРСТВА ЗДРАВООХРАНЕНИЯ РОССИЙСКОЙ ФЕДЕРАЦИИ";19.02.2026;03.03.2026;Закупка завершена;;;27.02.2026;
44-ФЗ;№0372200242326000002;Электронный аукцион;Поставка велосипедов шоссейных;;'262783838700678130100100140013092244;;;11500000.00;RUB;0;;;;;;"САНКТ-ПЕТЕРБУРГСКОЕ ГОСУДАРСТВЕННОЕ БЮДЖЕТНОЕ УЧРЕЖДЕНИЕ ДОПОЛНИТЕЛЬНОГО ОБРАЗОВАНИЯ СПОРТИВНАЯ ШКОЛА ОЛИМПИЙСКОГО РЕЗЕРВА ""ШКОЛА ВЫСШЕГО СПОРТИВНОГО МАСТЕРСТВА ПО ВЕЛОСИПЕДНОМУ СПОРТУ И ТРИАТЛОНУ""";"САНКТ-ПЕТЕРБУРГСКОЕ ГОСУДАРСТВЕННОЕ БЮДЖЕТНОЕ УЧРЕЖДЕНИЕ ДОПОЛНИТЕЛЬНОГО ОБРАЗОВАНИЯ СПОРТИВНАЯ ШКОЛА ОЛИМПИЙСКОГО РЕЗЕРВА ""ШКОЛА ВЫСШЕГО СПОРТИВНОГО МАСТЕРСТВА ПО ВЕЛОСИПЕДНОМУ СПОРТУ И ТРИАТЛОНУ""";06.02.2026;03.03.2026;Закупка завершена;;;16.02.2026;
44-ФЗ;№0818500000826000254;Открытый конкурс в электронной форме на проведение работ по строительству, реконструкции, кап. ремонту, сносу объекта кап. строительства в соответствии с п. 8 ч. 1 ст. 33 Закона № 44-ФЗ;Капитальный ремонт пищеблока муниципального бюджетного общеобразовательного учреждения средняя общеобразовательная школа № 59 х. Садового Отрадненского района;;'263234500844523450100100070014120243;;;12643320.00;RUB;0;;;;;;МУНИЦИПАЛЬНОЕ БЮДЖЕТНОЕ ОБЩЕОБРАЗОВАТЕЛЬНОЕ УЧРЕЖДЕНИЕ СРЕДНЯЯ ОБЩЕОБРАЗОВАТЕЛЬНАЯ ШКОЛА №59;"ГОСУДАРСТВЕННОЕ КАЗЕННОЕ УЧРЕЖДЕНИЕ КРАСНОДАРСКОГО КРАЯ ""ДИРЕКЦИЯ ГОСУДАРСТВЕННЫХ ЗАКУПОК""";26.01.2026;03.03.2026;Закупка завершена;;;13.02.2026;
44-ФЗ;№0372100010626000053;Электронный аукцион;Поставка комплектующих, запасных частей и принадлежностей для электрохирургического оборудования.;;'261781304746378130100100210020000244;;;5981426.14;RUB;0;;;;;;"ФЕДЕРАЛЬНОЕ ГОСУДАРСТВЕННОЕ БЮДЖЕТНОЕ ОБРАЗОВАТЕЛЬНОЕ УЧРЕЖДЕНИЕ ВЫСШЕГО ОБРАЗОВАНИЯ ""ПЕРВЫЙ САНКТ-ПЕТЕРБУРГСКИЙ ГОСУДАРСТВЕННЫЙ МЕДИЦИНСКИЙ УНИВЕРСИТЕТ ИМЕНИ АКАДЕМИКА И.П. ПАВЛОВА"" МИНИСТЕРСТВА ЗДРАВООХРАНЕНИЯ РОССИЙСКОЙ ФЕДЕРАЦИИ";"ФЕДЕРАЛЬНОЕ ГОСУДАРСТВЕННОЕ БЮДЖЕТНОЕ ОБРАЗОВАТЕЛЬНОЕ УЧРЕЖДЕНИЕ ВЫСШЕГО ОБРАЗОВАНИЯ ""ПЕРВЫЙ САНКТ-ПЕТЕРБУРГСКИЙ ГОСУДАРСТВЕННЫЙ МЕДИЦИНСКИЙ УНИВЕРСИТЕТ ИМЕНИ АКАДЕМИКА И.П. ПАВЛОВА"" МИНИСТЕРСТВА ЗДРАВООХРАНЕНИЯ РОССИЙСКОЙ ФЕДЕРАЦИИ";19.02.2026;03.03.2026;Закупка завершена;;;27.02.2026;
223-ФЗ;№32615710668;Иной способ;Право заключения договора на выполнение СМР и ПНР по реконструкции ВЛ 0,4кВ №02 ПС Пружинино (инв. № 3002584) для нужд ПАО «Россети Центр» (филиала «Ярэнерго»);;;1;Выполнение СМР и ПНР по реконструкции ВЛ 0,4кВ №02 ПС Пружинино (инв. № 3002584);5133968.62;RUB;5133968.62;;;;43.21.10.290: Работы электромонтажные прочие, не включенные в другие группировки;;"ПУБЛИЧНОЕ АКЦИОНЕРНОЕ ОБЩЕСТВО ""РОССЕТИ ЦЕНТР""";"ПУБЛИЧНОЕ АКЦИОНЕРНОЕ ОБЩЕСТВО ""РОССЕТИ ЦЕНТР""";16.02.2026;03.03.2026;Закупка завершена;;;24.02.2026 12:00;
44-ФЗ;№0373200416326000001;Электронный аукцион;Поставка бумаги и бумажных изделий;;262773509682377350100100070010000244, 262773509392877350100100060010000244, 262773506275077350100100070010000244, 262773506274377350100100050010000244, 262773506265577350100100070010000244, 262773512804977350100100070010000244, 262773560112077350100100060010000244, 262773500223077350100100060010000244, 262773509908477350100100060010000244, 262773558910677350100100050010000244, 262773510374277350100100040010000244, 262773509683077350100100070010000244, 262773503080877350100100060010000244, 262773508338077350100100030010000244, 262773507170977350100100050010000244;;;10325683.03;RUB;0;;;;;;;"ГОСУДАРСТВЕННОЕ БЮДЖЕТНОЕ ОБЩЕОБРАЗОВАТЕЛЬНОЕ УЧРЕЖДЕНИЕ ГОРОДА МОСКВЫ ""ШКОЛА № 719""";19.02.2026;03.03.2026;Закупка завершена;;;27.02.2026;
44-ФЗ;№0848300044126000009;Открытый конкурс в электронной форме;Выполнение работ по ремонту дворовых территорий в городском округе Реутов Московской области в 2026 году (лот 1);;'263504100148250410100101040014299244;;;48786473.94;RUB;0;;;;;;АДМИНИСТРАЦИЯ ГОРОДСКОГО ОКРУГА РЕУТОВ;"МУНИЦИПАЛЬНОЕ КАЗЕННОЕ УЧРЕЖДЕНИЕ ""КОМИТЕТ ПО ОРГАНИЗАЦИИ ЗАКУПОК ГОРОДСКОГО ОКРУГА РЕУТОВ""";04.02.2026;03.03.2026;Закупка завершена;;;26.02.2026;
44-ФЗ;№0358200007026000044;Электронный аукцион;Поставка стент-графтов эндоваскулярных для абдоминальной аорты и катетеров для установки сосудистого стента для оказания высокотехнологичной медицинской помощи за счет средств областного бюджета Ростовской области по профилю «Сердечно-сосудистая хирургия» в 2026 году;;'262616800135861680100100670013250244;;;15030000.00;RUB;0;;;;;;"ГОСУДАРСТВЕННОЕ БЮДЖЕТНОЕ УЧРЕЖДЕНИЕ РОСТОВСКОЙ ОБЛАСТИ ""РОСТОВСКАЯ ОБЛАСТНАЯ КЛИНИЧЕСКАЯ БОЛЬНИЦА""";"ГОСУДАРСТВЕННОЕ БЮДЖЕТНОЕ УЧРЕЖДЕНИЕ РОСТОВСКОЙ ОБЛАСТИ ""РОСТОВСКАЯ ОБЛАСТНАЯ КЛИНИЧЕСКАЯ БОЛЬНИЦА""";19.02.2026;03.03.2026;Закупка завершена;;;27.02.2026;
223-ФЗ;№32615610605;Конкурс в электронной форме, участниками которого могут быть только субъекты малого и среднего предпринимательства;"ОКПД2 26.51.62.190 Поставка автоматизированного испытательного комплекса для испытаний образцов крупнообломочного грунта диаметром 150 мм методом трехосного сжатия для нужд АО ""ВНИИГ им. Б.Е. Веденеева""";;;1;"ОКПД2 26.51.62.190 Поставка автоматизированного испытательного комплекса для испытаний образцов крупнообломочного грунта диаметром 150 мм методом трехосного сжатия для нужд АО ""ВНИИГ им. Б.Е. Веденеева""";5929168.88;RUB;5929168.88;;;;26.51.62.190: Машины и приборы для испытания прочих материалов и конструкций;;"АКЦИОНЕРНОЕ ОБЩЕСТВО ""ВСЕРОССИЙСКИЙ НАУЧНО-ИССЛЕДОВАТЕЛЬСКИЙ ИНСТИТУТ ГИДРОТЕХНИКИ ИМЕНИ Б.Е.ВЕДЕНЕЕВА""";"АКЦИОНЕРНОЕ ОБЩЕСТВО ""ВСЕРОССИЙСКИЙ НАУЧНО-ИССЛЕДОВАТЕЛЬСКИЙ ИНСТИТУТ ГИДРОТЕХНИКИ ИМЕНИ Б.Е.ВЕДЕНЕЕВА""";15.01.2026;03.03.2026;Закупка завершена;;;23.01.2026 11:00;
44-ФЗ;№0851200000626000760;Электронный аукцион;2026-№205 Поставка лекарственных препаратов для медицинского применения: Агалсидаза бета;;'262540215512354020100102680012120244;;;6433754.60;RUB;0;;;;;;"ГОСУДАРСТВЕННОЕ КАЗЕННОЕ УЧРЕЖДЕНИЕ НОВОСИБИРСКОЙ ОБЛАСТИ ""НОВОСИБОБЛФАРМ""";"ГОСУДАРСТВЕННОЕ КАЗЕННОЕ УЧРЕЖДЕНИЕ НОВОСИБИРСКОЙ ОБЛАСТИ ""УПРАВЛЕНИЕ КОНТРАКТНОЙ СИСТЕМЫ""";18.02.2026;03.03.2026;Закупка завершена;;;27.02.2026;
44-ФЗ;№0158200003626000004;Электронный аукцион;Работы по эксплуатационно-техническому обслуживанию аппаратуры системы оповещения Ростовской области;;'262616511911161650100100090029512244;;;9550726.60;RUB;0;;;;;;ДЕПАРТАМЕНТ ПО ПРЕДУПРЕЖДЕНИЮ И ЛИКВИДАЦИИ ЧРЕЗВЫЧАЙНЫХ СИТУАЦИЙ РОСТОВСКОЙ ОБЛАСТИ;ДЕПАРТАМЕНТ ПО ПРЕДУПРЕЖДЕНИЮ И ЛИКВИДАЦИИ ЧРЕЗВЫЧАЙНЫХ СИТУАЦИЙ РОСТОВСКОЙ ОБЛАСТИ;19.02.2026;03.03.2026;Закупка завершена;;;27.02.2026;
44-ФЗ;№0169300035826000030;Электронный аукцион;Выполнение работ по благоустройству дворовой территории многоквартирных домов №№ 73, 77 по ул. Романенко в г. Миассе;;'263741503192274150100100530014211244;;;5779354.00;RUB;0;;;;;;АДМИНИСТРАЦИЯ МИАССКОГО ГОРОДСКОГО ОКРУГА ЧЕЛЯБИНСКОЙ ОБЛАСТИ;АДМИНИСТРАЦИЯ МИАССКОГО ГОРОДСКОГО ОКРУГА ЧЕЛЯБИНСКОЙ ОБЛАСТИ;19.02.2026;03.03.2026;Закупка завершена;;;27.02.2026;
44-ФЗ;№0851200000626000709;Электронный аукцион;2026-№252 Поставка лекарственных препаратов для медицинского применения: Мацитентан;;'262540215512354020100102610012120244;;;6717848.40;RUB;0;;;;;;"ГОСУДАРСТВЕННОЕ КАЗЕННОЕ УЧРЕЖДЕНИЕ НОВОСИБИРСКОЙ ОБЛАСТИ ""НОВОСИБОБЛФАРМ""";"ГОСУДАРСТВЕННОЕ КАЗЕННОЕ УЧРЕЖДЕНИЕ НОВОСИБИРСКОЙ ОБЛАСТИ ""УПРАВЛЕНИЕ КОНТРАКТНОЙ СИСТЕМЫ""";17.02.2026;03.03.2026;Закупка завершена;;;27.02.2026;
44-ФЗ;№0169300035826000038;Электронный аукцион;Выполнение работ по благоустройству дворовой территории многоквартирного дома № 29 по ул. Победы в г. Миассе;;'263741503192274150100100400014211244;;;5395173.00;RUB;0;;;;;;АДМИНИСТРАЦИЯ МИАССКОГО ГОРОДСКОГО ОКРУГА ЧЕЛЯБИНСКОЙ ОБЛАСТИ;АДМИНИСТРАЦИЯ МИАССКОГО ГОРОДСКОГО ОКРУГА ЧЕЛЯБИНСКОЙ ОБЛАСТИ;19.02.2026;03.03.2026;Закупка завершена;;;27.02.2026;
44-ФЗ;№0816500000626002033;Электронный аукцион;Поставка автотопливозаправщика с прицепом;;'262140100076114010100100960010000000;;;28639483.34;RUB;0;;;;;;"КАЗЕННОЕ ПРЕДПРИЯТИЕ РЕСПУБЛИКИ САХА (ЯКУТИЯ) ""ДОРОГИ АРКТИКИ""";"ГОСУДАРСТВЕННОЕ КАЗЕННОЕ УЧРЕЖДЕНИЕ РЕСПУБЛИКИ САХА (ЯКУТИЯ) ""ЦЕНТР ЗАКУПОК РЕСПУБЛИКИ САХА (ЯКУТИЯ)""";18.02.2026;03.03.2026;Закупка завершена;;;27.02.2026;
44-ФЗ;№0851200000626000736;Электронный аукцион;2026-№256 Поставка лекарственных препаратов для медицинского применения: Селексипаг;;'262540215512354020100102600012120244;;;34203306.00;RUB;0;;;;;;"ГОСУДАРСТВЕННОЕ КАЗЕННОЕ УЧРЕЖДЕНИЕ НОВОСИБИРСКОЙ ОБЛАСТИ ""НОВОСИБОБЛФАРМ""";"ГОСУДАРСТВЕННОЕ КАЗЕННОЕ УЧРЕЖДЕНИЕ НОВОСИБИРСКОЙ ОБЛАСТИ ""УПРАВЛЕНИЕ КОНТРАКТНОЙ СИСТЕМЫ""";17.02.2026;03.03.2026;Закупка завершена;;;27.02.2026;
44-ФЗ;№0169300035826000031;Электронный аукцион;Выполнение работ по благоустройству дворовой территории многоквартирных домов №№ 41, 43 по ул. 8 Июля, № 7 по б-р. Мира в г. Миассе;;'263741503192274150100100480014211244;;;10031036.00;RUB;0;;;;;;АДМИНИСТРАЦИЯ МИАССКОГО ГОРОДСКОГО ОКРУГА ЧЕЛЯБИНСКОЙ ОБЛАСТИ;АДМИНИСТРАЦИЯ МИАССКОГО ГОРОДСКОГО ОКРУГА ЧЕЛЯБИНСКОЙ ОБЛАСТИ;19.02.2026;03.03.2026;Закупка завершена;;;27.02.2026;
44-ФЗ;№0846600001826000005;Электронный аукцион;"""Благоустройство на объекте: ""Парк Толстого. ""Зеленая палочка счастья"".";;'263481100797448120100100050014299244;;;132406246.20;RUB;0;;;;;;АДМИНИСТРАЦИЯ СЕЛЬСКОГО ПОСЕЛЕНИЯ ЛЕВ-ТОЛСТОВСКИЙ СЕЛЬСОВЕТ ЛЕВ-ТОЛСТОВСКОГО МУНИЦИПАЛЬНОГО РАЙОНА ЛИПЕЦКОЙ ОБЛАСТИ РОССИЙСКОЙ ФЕДЕРАЦИИ;"МУНИЦИПАЛЬНОЕ КАЗЕННОЕ УЧРЕЖДЕНИЕ ""ЦЕНТР ПО БУХГАЛТЕРСКИМ УСЛУГАМ И ЗАКУПКАМ ЛЕВ-ТОЛСТОВСКОГО МУНИЦИПАЛЬНОГО РАЙОНА""";19.02.2026;03.03.2026;Закупка завершена;;;27.02.2026;
44-ФЗ;№0851200000626000776;Электронный аукцион;2026-№209 Поставка лекарственных препаратов для медицинского применения: Аватромбопаг;;'262540215512354020100102700012120244;;;21859200.00;RUB;0;;;;;;"ГОСУДАРСТВЕННОЕ КАЗЕННОЕ УЧРЕЖДЕНИЕ НОВОСИБИРСКОЙ ОБЛАСТИ ""НОВОСИБОБЛФАРМ""";"ГОСУДАРСТВЕННОЕ КАЗЕННОЕ УЧРЕЖДЕНИЕ НОВОСИБИРСКОЙ ОБЛАСТИ ""УПРАВЛЕНИЕ КОНТРАКТНОЙ СИСТЕМЫ""";18.02.2026;03.03.2026;Закупка завершена;;;27.02.2026;
44-ФЗ;№0329200062226000222;Электронный аукцион;"Ремонт автомобильной дороги ""Иловатка (км 10) - Старая Полтавка - Гмелинка - Палласовка - Николаевск"" км 91+000 - км 99+605 в Старополтавском муниципальном районе Волгоградской области";;'262344408068434430100100070014211244;;;203656250.00;RUB;0;;;;;;КОМИТЕТ ТРАНСПОРТА И ДОРОЖНОГО ХОЗЯЙСТВА ВОЛГОГРАДСКОЙ ОБЛАСТИ;"ГОСУДАРСТВЕННОЕ КАЗЕННОЕ УЧРЕЖДЕНИЕ ВОЛГОГРАДСКОЙ ОБЛАСТИ ""ЦЕНТР ОРГАНИЗАЦИИ ЗАКУПОК""";19.02.2026;03.03.2026;Закупка завершена;;;27.02.2026;
44-ФЗ;№0830500000226000280;Открытый конкурс в электронной форме;Благоустройство дворовых территорий по адресу: Вологодская обл., г. Устюжна, ул. Спортивная, д.4, ул. Спортивная, д.6, ул. Интернациональная, д.2;;'263352000984835200100100010030000244;;;5795540.00;RUB;0;;;;;;АДМИНИСТРАЦИЯ УСТЮЖЕНСКОГО МУНИЦИПАЛЬНОГО ОКРУГА ВОЛОГОДСКОЙ ОБЛАСТИ;"ГОСУДАРСТВЕННОЕ КАЗЕННОЕ УЧРЕЖДЕНИЕ ВОЛОГОДСКОЙ ОБЛАСТИ ""ЦЕНТР ЗАКУПОК""";10.02.2026;03.03.2026;Закупка завершена;;;26.02.2026;
44-ФЗ;№0813500000126001336;Открытый конкурс в электронной форме на проведение работ по строительству, реконструкции, кап. ремонту, сносу объекта кап. строительства в соответствии с п. 8 ч. 1 ст. 33 Закона № 44-ФЗ;зз-0017-02961 - 2026 Капитальный ремонт крыши здания МБДОУ д/с № 29 по адресу: УР, г. Глазов, ул. Толстого, д. 39;;'263182901069018370100100100014391243;;;15000000.00;RUB;0;;;;;;"МУНИЦИПАЛЬНОЕ БЮДЖЕТНОЕ ДОШКОЛЬНОЕ ОБРАЗОВАТЕЛЬНОЕ УЧРЕЖДЕНИЕ ""ДЕТСКИЙ САД № 29""";"ГОСУДАРСТВЕННОЕ КАЗЕННОЕ УЧРЕЖДЕНИЕ УДМУРТСКОЙ РЕСПУБЛИКИ ""РЕГИОНАЛЬНЫЙ ЦЕНТР ЗАКУПОК УДМУРТСКОЙ РЕСПУБЛИКИ""";10.02.2026;03.03.2026;Закупка завершена;;;27.02.2026;
44-ФЗ;№0362300131726000011;Электронный аукцион;Поставка ГСМ через сеть АЗС с использованием пластиковых топливных карт;;'263668301200066830100100070011920244;;;5156000.00;RUB;0;;;;;;"МУНИЦИПАЛЬНОЕ КАЗЕННОЕ УЧРЕЖДЕНИЕ БЕЛОЯРСКОГО МУНИЦИПАЛЬНОГО ОКРУГА СВЕРДЛОВСКОЙ ОБЛАСТИ ""УПРАВЛЕНИЕ ПО ОБЕСПЕЧЕНИЮ ДЕЯТЕЛЬНОСТИ ОРГАНОВ МЕСТНОГО САМОУПРАВЛЕНИЯ БЕЛОЯРСКОГО МУНИЦИПАЛЬНОГО ОКРУГА СВЕРДЛОВСКОЙ ОБЛАСТИ""";"МУНИЦИПАЛЬНОЕ КАЗЕННОЕ УЧРЕЖДЕНИЕ БЕЛОЯРСКОГО МУНИЦИПАЛЬНОГО ОКРУГА СВЕРДЛОВСКОЙ ОБЛАСТИ ""ОТДЕЛ КАПИТАЛЬНОГО СТРОИТЕЛЬСТВА, ГАЗИФИКАЦИИ И ЖИЛИЩНО-КОММУНАЛЬНОГО ХОЗЯЙСТВА""";19.02.2026;03.03.2026;Закупка завершена;;;27.02.2026;
44-ФЗ;№0190300004626000022;Электронный аукцион;Выполнение работ по ремонту внутриквартального проезда в микрорайоне Парковый (в районе ж/д № 28,32,36,38,40 по ул. Дружбы Народов);;'263890600615889060100100270014211244;;;17894000.00;RUB;0;;;;;;"МУНИЦИПАЛЬНОЕ КАЗЁННОЕ УЧРЕЖДЕНИЕ ""УПРАВЛЕНИЕ КОММУНАЛЬНОГО ЗАКАЗА""";АДМИНИСТРАЦИЯ ГОРОДА МУРАВЛЕНКО;19.02.2026;03.03.2026;Закупка завершена;;;27.02.2026;
44-ФЗ;№0851200000626000738;Электронный аукцион;2026-№249 Поставка лекарственных препаратов для медицинского применения: Экулизумаб;;'262540215512354020100102530012120244;;;98064703.80;RUB;0;;;;;;"ГОСУДАРСТВЕННОЕ КАЗЕННОЕ УЧРЕЖДЕНИЕ НОВОСИБИРСКОЙ ОБЛАСТИ ""НОВОСИБОБЛФАРМ""";"ГОСУДАРСТВЕННОЕ КАЗЕННОЕ УЧРЕЖДЕНИЕ НОВОСИБИРСКОЙ ОБЛАСТИ ""УПРАВЛЕНИЕ КОНТРАКТНОЙ СИСТЕМЫ""";17.02.2026;03.03.2026;Закупка завершена;;;27.02.2026;
44-ФЗ;№0169300035826000042;Электронный аукцион;Выполнение работ по благоустройству дворовой территории многоквартирных жилых домов №№ 32, 34 по пр. Макеева в г. Миассе;;'263741503192274150100100550014211244;;;5279412.00;RUB;0;;;;;;АДМИНИСТРАЦИЯ МИАССКОГО ГОРОДСКОГО ОКРУГА ЧЕЛЯБИНСКОЙ ОБЛАСТИ;АДМИНИСТРАЦИЯ МИАССКОГО ГОРОДСКОГО ОКРУГА ЧЕЛЯБИНСКОЙ ОБЛАСТИ;19.02.2026;03.03.2026;Закупка завершена;;;27.02.2026;
44-ФЗ;№0169300035826000036;Электронный аукцион;Выполнение работ по благоустройству дворовой территории многоквартирных домов №№ 26, 28, 30, 32 по ул. Романенко в г. Миассе;;'263741503192274150100100540014211244;;;8468853.00;RUB;0;;;;;;АДМИНИСТРАЦИЯ МИАССКОГО ГОРОДСКОГО ОКРУГА ЧЕЛЯБИНСКОЙ ОБЛАСТИ;АДМИНИСТРАЦИЯ МИАССКОГО ГОРОДСКОГО ОКРУГА ЧЕЛЯБИНСКОЙ ОБЛАСТИ;19.02.2026;03.03.2026;Закупка завершена;;;27.02.2026;
44-ФЗ;№0373100020126000012;Электронный аукцион;Поставка комплекса для оценки эффективности защиты акустической речевой информации в технических средствах и системах (для нужд РТУ РЭБОТИ (г. Москва));;'261770809864577080100101230012651244;;;15400000.00;RUB;0;;;;;;РЕГИОНАЛЬНОЕ ТАМОЖЕННОЕ УПРАВЛЕНИЕ РАДИОЭЛЕКТРОННОЙ БЕЗОПАСНОСТИ ОБЪЕКТОВ ТАМОЖЕННОЙ ИНФРАСТРУКТУРЫ;РЕГИОНАЛЬНОЕ ТАМОЖЕННОЕ УПРАВЛЕНИЕ РАДИОЭЛЕКТРОННОЙ БЕЗОПАСНОСТИ ОБЪЕКТОВ ТАМОЖЕННОЙ ИНФРАСТРУКТУРЫ;19.02.2026;03.03.2026;Закупка завершена;;;27.02.2026;
44-ФЗ;№0117100015526000008;Электронный аукцион;Поставка угля для нужд Главного управления МЧС России по Алтайскому краю  (УИС_жкх) ;;'261222506617022220100100120010510244;;;7140501.74;RUB;0;;;;;;ГЛАВНОЕ УПРАВЛЕНИЕ МИНИСТЕРСТВА РОССИЙСКОЙ ФЕДЕРАЦИИ ПО ДЕЛАМ ГРАЖДАНСКОЙ ОБОРОНЫ, ЧРЕЗВЫЧАЙНЫМ СИТУАЦИЯМ И ЛИКВИДАЦИИ ПОСЛЕДСТВИЙ СТИХИЙНЫХ БЕДСТВИЙ ПО АЛТАЙСКОМУ КРАЮ;ГЛАВНОЕ УПРАВЛЕНИЕ МИНИСТЕРСТВА РОССИЙСКОЙ ФЕДЕРАЦИИ ПО ДЕЛАМ ГРАЖДАНСКОЙ ОБОРОНЫ, ЧРЕЗВЫЧАЙНЫМ СИТУАЦИЯМ И ЛИКВИДАЦИИ ПОСЛЕДСТВИЙ СТИХИЙНЫХ БЕДСТВИЙ ПО АЛТАЙСКОМУ КРАЮ;19.02.2026;03.03.2026;Закупка завершена;;;27.02.2026;
44-ФЗ;№0148300000626000153;Электронный аукцион;Приобретение жилого помещения в строящемся/построенном многоквартирном доме на территории Богородского городского округа в собственность муниципального образования в рамках государственной программы Московской области «Переселение граждан из аварийного жилого фонда» (Лот 16);;'263503100604050310100100580016810414;;;9975793.80;RUB;0;;;;;;АДМИНИСТРАЦИЯ БОГОРОДСКОГО ГОРОДСКОГО ОКРУГА МОСКОВСКОЙ ОБЛАСТИ;АДМИНИСТРАЦИЯ БОГОРОДСКОГО ГОРОДСКОГО ОКРУГА МОСКОВСКОЙ ОБЛАСТИ;19.02.2026;03.03.2026;Закупка завершена;;;27.02.2026;
44-ФЗ;№0373100020126000011;Электронный аукцион;Поставка комплекса для оценки эффективности защиты акустической речевой информации в технических средствах и системах (для нужд ОТС-филиала РТУ РЭБОТИ (г. Санкт-Петербург));;'261770809864577080100101220012651244;;;12200000.00;RUB;0;;;;;;РЕГИОНАЛЬНОЕ ТАМОЖЕННОЕ УПРАВЛЕНИЕ РАДИОЭЛЕКТРОННОЙ БЕЗОПАСНОСТИ ОБЪЕКТОВ ТАМОЖЕННОЙ ИНФРАСТРУКТУРЫ;РЕГИОНАЛЬНОЕ ТАМОЖЕННОЕ УПРАВЛЕНИЕ РАДИОЭЛЕКТРОННОЙ БЕЗОПАСНОСТИ ОБЪЕКТОВ ТАМОЖЕННОЙ ИНФРАСТРУКТУРЫ;19.02.2026;03.03.2026;Закупка завершена;;;27.02.2026;
44-ФЗ;№0372100001026000045;Электронный аукцион;Поставка медицинских изделий (помпы инсулиновой инфузионной амбулаторной, электронной с принадлежностями) для эндокринологии на 2026 год;;'261780206765178020100100080160000244;;;12150000.00;RUB;0;;;;;;ФЕДЕРАЛЬНОЕ ГОСУДАРСТВЕННОЕ БЮДЖЕТНОЕ УЧРЕЖДЕНИЕ ЗДРАВООХРАНЕНИЯ САНКТ-ПЕТЕРБУРГСКАЯ КЛИНИЧЕСКАЯ БОЛЬНИЦА РОССИЙСКОЙ АКАДЕМИИ НАУК;ФЕДЕРАЛЬНОЕ ГОСУДАРСТВЕННОЕ БЮДЖЕТНОЕ УЧРЕЖДЕНИЕ ЗДРАВООХРАНЕНИЯ САНКТ-ПЕТЕРБУРГСКАЯ КЛИНИЧЕСКАЯ БОЛЬНИЦА РОССИЙСКОЙ АКАДЕМИИ НАУК;19.02.2026;03.03.2026;Закупка завершена;;;27.02.2026;
44-ФЗ;№0348200069026000001;Открытый конкурс в электронной форме;Оказание услуг по организации проезда, проживания, питания, аренды спортивных сооружений во время учебно-тренировочных мероприятий.;;'262502709107550740100100030019319244;;;9524600.00;RUB;0;;;;;;"ГОСУДАРСТВЕННОЕ БЮДЖЕТНОЕ УЧРЕЖДЕНИЕ ДОПОЛНИТЕЛЬНОГО ОБРАЗОВАНИЯ МОСКОВСКОЙ ОБЛАСТИ ""СПОРТИВНАЯ ШКОЛА ОЛИМПИЙСКОГО РЕЗЕРВА ПО ЛЕГКОЙ АТЛЕТИКЕ""";"ГОСУДАРСТВЕННОЕ БЮДЖЕТНОЕ УЧРЕЖДЕНИЕ ДОПОЛНИТЕЛЬНОГО ОБРАЗОВАНИЯ МОСКОВСКОЙ ОБЛАСТИ ""СПОРТИВНАЯ ШКОЛА ОЛИМПИЙСКОГО РЕЗЕРВА ПО ЛЕГКОЙ АТЛЕТИКЕ""";11.02.2026;03.03.2026;Закупка завершена;;;27.02.2026;
44-ФЗ;№0373200657326000036;Электронный аукцион;Поставка песка строительного для нужд ТОРО по САО;;'262774309622477430100101460010000244;;;10672661.46;RUB;0;;;;;;"ГОСУДАРСТВЕННОЕ БЮДЖЕТНОЕ УЧРЕЖДЕНИЕ ГОРОДА МОСКВЫ ""РИТУАЛ""";"ГОСУДАРСТВЕННОЕ БЮДЖЕТНОЕ УЧРЕЖДЕНИЕ ГОРОДА МОСКВЫ ""РИТУАЛ""";19.02.2026;03.03.2026;Закупка завершена;;;27.02.2026;
223-ФЗ;№32615669803;Аукцион в электронной форме, участниками которого могут быть только субъекты малого и среднего предпринимательства;Поставка носового подруливающего устройства для шести судов проекта PBSHB6;;;1;Поставка носового подруливающего устройства для шести судов проекта PBSHB6;63150000.00;RUB;63150000.00;;;;28.99.39.190: Оборудование специального назначения прочее, не включенное в другие группировки;;"АКЦИОНЕРНОЕ ОБЩЕСТВО ""ОНЕЖСКИЙ СУДОСТРОИТЕЛЬНО-СУДОРЕМОНТНЫЙ ЗАВОД""";"АКЦИОНЕРНОЕ ОБЩЕСТВО ""ОНЕЖСКИЙ СУДОСТРОИТЕЛЬНО-СУДОРЕМОНТНЫЙ ЗАВОД""";04.02.2026;03.03.2026;Закупка завершена;;;20.02.2026 07:00;
44-ФЗ;№0816500000626001627;Электронный аукцион;Поставка запасных частей для дорожно-строительной техники;;'262140100076114010100100170012932000;;;15496659.61;RUB;0;;;;;;"КАЗЕННОЕ ПРЕДПРИЯТИЕ РЕСПУБЛИКИ САХА (ЯКУТИЯ) ""ДОРОГИ АРКТИКИ""";"ГОСУДАРСТВЕННОЕ КАЗЕННОЕ УЧРЕЖДЕНИЕ РЕСПУБЛИКИ САХА (ЯКУТИЯ) ""ЦЕНТР ЗАКУПОК РЕСПУБЛИКИ САХА (ЯКУТИЯ)""";13.02.2026;03.03.2026;Закупка завершена;;;27.02.2026;
44-ФЗ;№0373200138226000096;Электронный аукцион;Оказание услуг по погрузке и вывозу снега с объектов ГБУК города Москвы «Музейное объединение «Музей Москвы»;;'262771003680877040100100170010000244;;;5038443.30;RUB;0;;;;;;"ГОСУДАРСТВЕННОЕ БЮДЖЕТНОЕ УЧРЕЖДЕНИЕ КУЛЬТУРЫ ГОРОДА МОСКВЫ ""МУЗЕЙНОЕ ОБЪЕДИНЕНИЕ ""МУЗЕЙ МОСКВЫ""";"ГОСУДАРСТВЕННОЕ КАЗЕННОЕ УЧРЕЖДЕНИЕ ГОРОДА МОСКВЫ ""ТЕХНИЧЕСКИЙ ЦЕНТР ДЕПАРТАМЕНТА КУЛЬТУРЫ ГОРОДА МОСКВЫ""";19.02.2026;03.03.2026;Закупка завершена;;;27.02.2026;
44-ФЗ;№0869200000226000867;Электронный аукцион;Говядина замороженная;;'262745301235074530100100120021011244;;;13800000.00;RUB;0;;;;;;"ГОСУДАРСТВЕННОЕ БЮДЖЕТНОЕ УЧРЕЖДЕНИЕ ЗДРАВООХРАНЕНИЯ ""ОБЛАСТНАЯ КЛИНИЧЕСКАЯ  СПЕЦИАЛИЗИРОВАННАЯ ПСИХОНЕВРОЛОГИЧЕСКАЯ БОЛЬНИЦА № 1""";"ГОСУДАРСТВЕННОЕ КАЗЕННОЕ УЧРЕЖДЕНИЕ ""ЦЕНТР ОРГАНИЗАЦИИ ЗАКУПОК ЧЕЛЯБИНСКОЙ ОБЛАСТИ""";17.02.2026;03.03.2026;Закупка завершена;;;27.02.2026;
44-ФЗ;№0801500001126000164;Электронный аукцион;Поставка диагностических тест-систем для проведения исследований выявления и подтверждения наличия антител/антигена к ВИЧ, методом иммунохимического анализа для иммунохимического анализатора Alinity i, используемого в ГБУЗ РЦПБ со СПИДом и ИЗ;;'262027415782102740100101140012110244;;;18853999.17;RUB;0;;;;;;ГОСУДАРСТВЕННОЕ КАЗЕННОЕ УЧРЕЖДЕНИЕ УПРАВЛЕНИЕ МАТЕРИАЛЬНО-ТЕХНИЧЕСКОГО ОБЕСПЕЧЕНИЯ МИНИСТЕРСТВА ЗДРАВООХРАНЕНИЯ РЕСПУБЛИКИ БАШКОРТОСТАН;"ГОСУДАРСТВЕННОЕ КАЗЕННОЕ УЧРЕЖДЕНИЕ РЕСПУБЛИКИ БАШКОРТОСТАН ""РЕСПУБЛИКАНСКИЙ ЦЕНТР ТОРГОВ""";19.02.2026;03.03.2026;Закупка завершена;;;27.02.2026;
44-ФЗ;№0373200027426000318;Электронный аукцион;Электронный аукцион на право заключения контракта на поставку бумажных полотенец c внутренней гильзой и пластиковой втулкой для диспенсера Lime Matic для нужд ГБУЗ «ГКБ им. С.С. Юдина ДЗМ» в 2026 году (СЗ 89);;'262772407087077240100103460010000244;;;15748460.00;RUB;0;;;;;;"ГОСУДАРСТВЕННОЕ БЮДЖЕТНОЕ УЧРЕЖДЕНИЕ ЗДРАВООХРАНЕНИЯ ГОРОДА МОСКВЫ ""ГОРОДСКАЯ КЛИНИЧЕСКАЯ БОЛЬНИЦА ИМЕНИ С.С. ЮДИНА ДЕПАРТАМЕНТА ЗДРАВООХРАНЕНИЯ ГОРОДА МОСКВЫ""";"ГОСУДАРСТВЕННОЕ БЮДЖЕТНОЕ УЧРЕЖДЕНИЕ ЗДРАВООХРАНЕНИЯ ГОРОДА МОСКВЫ ""ГОРОДСКАЯ КЛИНИЧЕСКАЯ БОЛЬНИЦА ИМЕНИ С.С. ЮДИНА ДЕПАРТАМЕНТА ЗДРАВООХРАНЕНИЯ ГОРОДА МОСКВЫ""";19.02.2026;03.03.2026;Закупка завершена;;;27.02.2026;
44-ФЗ;№0373200012326000011;Электронный аукцион;Поставка многокомпонентного искусственного почвогрунта заводского изготовления для нужд ГБУ «Жилищник ЗелАО»;;'262773559885577350100100120010000244;;;5063850.00;RUB;0;;;;;;"ГОСУДАРСТВЕННОЕ БЮДЖЕТНОЕ УЧРЕЖДЕНИЕ ГОРОДА МОСКВЫ ""ЖИЛИЩНИК ЗЕЛЕНОГРАДСКОГО АДМИНИСТРАТИВНОГО ОКРУГА""";"ГОСУДАРСТВЕННОЕ КАЗЕННОЕ УЧРЕЖДЕНИЕ ГОРОДА МОСКВЫ ""ДИРЕКЦИЯ ЗАКАЗЧИКА ЖИЛИЩНО-КОММУНАЛЬНОГО ХОЗЯЙСТВА И БЛАГОУСТРОЙСТВА ЗЕЛЕНОГРАДСКОГО АДМИНИСТРАТИВНОГО ОКРУГА""";17.02.2026;03.03.2026;Закупка завершена;;;27.02.2026;
44-ФЗ;№0373200012326000010;Электронный аукцион;Оказание услуг консультационных по информационно-сервисной и методологической поддержке пользователей универсальной автоматизированной информационной системы бюджетного учета (УАИС Бюджетный учет) на технологической платформе «Парус - Бюджет 8» и поддержке контроля экономических показателей в расчетно-аналитической прикладной системе «Парус - Бюджет 8» для нужд ГБУ «Жилищник ЗелАО» в 2026-2028 годах;;'262773559885577350100100110010000244;;;19690300.08;RUB;0;;;;;;"ГОСУДАРСТВЕННОЕ БЮДЖЕТНОЕ УЧРЕЖДЕНИЕ ГОРОДА МОСКВЫ ""ЖИЛИЩНИК ЗЕЛЕНОГРАДСКОГО АДМИНИСТРАТИВНОГО ОКРУГА""";"ГОСУДАРСТВЕННОЕ КАЗЕННОЕ УЧРЕЖДЕНИЕ ГОРОДА МОСКВЫ ""ДИРЕКЦИЯ ЗАКАЗЧИКА ЖИЛИЩНО-КОММУНАЛЬНОГО ХОЗЯЙСТВА И БЛАГОУСТРОЙСТВА ЗЕЛЕНОГРАДСКОГО АДМИНИСТРАТИВНОГО ОКРУГА""";17.02.2026;03.03.2026;Закупка завершена;;;27.02.2026;
44-ФЗ;№0145300014726000005;Электронный аукцион;Благоустройство дворовой территории по адресу: г.п. Будогощь, ул. Боровая, д.11;;'263470801803447270100100320014299244;;;7482456.00;RUB;0;;;;;;АДМИНИСТРАЦИЯ МУНИЦИПАЛЬНОГО ОБРАЗОВАНИЯ БУДОГОЩСКОЕ ГОРОДСКОЕ ПОСЕЛЕНИЕ КИРИШСКОГО МУНИЦИПАЛЬНОГО РАЙОНА ЛЕНИНГРАДСКОЙ ОБЛАСТИ;АДМИНИСТРАЦИЯ МУНИЦИПАЛЬНОГО ОБРАЗОВАНИЯ БУДОГОЩСКОЕ ГОРОДСКОЕ ПОСЕЛЕНИЕ КИРИШСКОГО МУНИЦИПАЛЬНОГО РАЙОНА ЛЕНИНГРАДСКОЙ ОБЛАСТИ;19.02.2026;03.03.2026;Закупка завершена;;;27.02.2026;
44-ФЗ;№0167300000526000066;Электронный аукцион;АЭ-0034/26 Оказание услуг по уборке;;'263720332059172030100100320018121244;;;17556787.91;RUB;0;;;;;;"МУНИЦИПАЛЬНОЕ КАЗЕННОЕ УЧРЕЖДЕНИЕ ""АДМИНИСТРАТИВНО-ХОЗЯЙСТВЕННОЕ УПРАВЛЕНИЕ""";"МУНИЦИПАЛЬНОЕ КАЗЕННОЕ УЧРЕЖДЕНИЕ ""МУНИЦИПАЛЬНЫЕ ЗАКУПКИ ГОРОДА ТЮМЕНИ""";19.02.2026;03.03.2026;Закупка завершена;;;27.02.2026;
44-ФЗ;№0387200009126000393;Электронный аукцион;Поставка реагентов для лабораторного отделения медико-генетической консультации;;'262860200080686020100103250242120244;;;10555725.40;RUB;0;;;;;;"БЮДЖЕТНОЕ УЧРЕЖДЕНИЕ ХАНТЫ-МАНСИЙСКОГО АВТОНОМНОГО ОКРУГА - ЮГРЫ ""СУРГУТСКИЙ ОКРУЖНОЙ КЛИНИЧЕСКИЙ ЦЕНТР ОХРАНЫ МАТЕРИНСТВА И ДЕТСТВА""";"КАЗЕННОЕ УЧРЕЖДЕНИЕ ХАНТЫ-МАНСИЙСКОГО АВТОНОМНОГО ОКРУГА - ЮГРЫ ""ЦЕНТР ЛЕКАРСТВЕННОГО МОНИТОРИНГА""";17.02.2026;03.03.2026;Закупка завершена;;;27.02.2026;
44-ФЗ;№0169300033426000012;Электронный аукцион на проведение работ по строительству, реконструкции, кап. ремонту, сносу объекта кап. строительства в соответствии с п. 8 ч. 1 ст. 33 Закона № 44-ФЗ;Капитальный ремонт автодороги ул. Ленина п. Новоеткульский Чесменского района Челябинской области;;'263744300074074580100100070014211243;;;15319922.00;RUB;0;;;;;;УПРАВЛЕНИЕ ИНЖЕНЕРНОГО ОБЕСПЕЧЕНИЯ И СТРОИТЕЛЬСТВА АДМИНИСТРАЦИИ ЧЕСМЕНСКОГО МУНИЦИПАЛЬНОГО ОКРУГА ЧЕЛЯБИНСКОЙ ОБЛАСТИ;УПРАВЛЕНИЕ ЭКОНОМИКИ, НЕДВИЖИМОСТИ И ПРЕДПРИНИМАТЕЛЬСТВА АДМИНИСТРАЦИИ ЧЕСМЕНСКОГО МУНИЦИПАЛЬНОГО ОКРУГА ЧЕЛЯБИНСКОЙ ОБЛАСТИ;19.02.2026;03.03.2026;Закупка завершена;;;27.02.2026;
44-ФЗ;№0252100000226000010;Электронный аукцион;Поставка в 2026 году автомобилей с адаптированными органами управления, предназначенных для лиц, получивших повреждение здоровья вследствие несчастных случаев на производстве и профессиональных заболеваний;;'261550000005455030100100140012910323;;;7201600.00;RUB;0;;;;;;ОТДЕЛЕНИЕ ФОНДА ПЕНСИОННОГО И СОЦИАЛЬНОГО СТРАХОВАНИЯ РОССИЙСКОЙ ФЕДЕРАЦИИ ПО ОМСКОЙ ОБЛАСТИ;ОТДЕЛЕНИЕ ФОНДА ПЕНСИОННОГО И СОЦИАЛЬНОГО СТРАХОВАНИЯ РОССИЙСКОЙ ФЕДЕРАЦИИ ПО ОМСКОЙ ОБЛАСТИ;18.02.2026;03.03.2026;Закупка завершена;;;27.02.2026;
44-ФЗ;№0169300033426000013;Электронный аукцион на проведение работ по строительству, реконструкции, кап. ремонту, сносу объекта кап. строительства в соответствии с п. 8 ч. 1 ст. 33 Закона № 44-ФЗ;Капитальный ремонт автодороги ул. Целинная с. Чесма;;'263744300074074580100100060014211243;;;15156599.00;RUB;0;;;;;;УПРАВЛЕНИЕ ИНЖЕНЕРНОГО ОБЕСПЕЧЕНИЯ И СТРОИТЕЛЬСТВА АДМИНИСТРАЦИИ ЧЕСМЕНСКОГО МУНИЦИПАЛЬНОГО ОКРУГА ЧЕЛЯБИНСКОЙ ОБЛАСТИ;УПРАВЛЕНИЕ ЭКОНОМИКИ, НЕДВИЖИМОСТИ И ПРЕДПРИНИМАТЕЛЬСТВА АДМИНИСТРАЦИИ ЧЕСМЕНСКОГО МУНИЦИПАЛЬНОГО ОКРУГА ЧЕЛЯБИНСКОЙ ОБЛАСТИ;19.02.2026;03.03.2026;Закупка завершена;;;27.02.2026;
44-ФЗ;№0139200000126001135;Электронный аукцион;Поставка лекарственного препарата для медицинского применения: МНН РЕГОРАФЕНИБ;;'262420538587042050100100780012120244;;;18476035.20;RUB;0;;;;;;"ГОСУДАРСТВЕННОЕ БЮДЖЕТНОЕ УЧРЕЖДЕНИЕ ЗДРАВООХРАНЕНИЯ ""КУЗБАССКИЙ КЛИНИЧЕСКИЙ ОНКОЛОГИЧЕСКИЙ ДИСПАНСЕР ИМЕНИ М.С. РАППОПОРТА""";ДЕПАРТАМЕНТ КОНТРАКТНОЙ СИСТЕМЫ КУЗБАССА;16.02.2026;03.03.2026;Закупка завершена;;;27.02.2026;
44-ФЗ;№0132600015226000017;Электронный аукцион;Ремонт автомобильной дороги по ул.Ключевая в с.Богоявление Дальнеконстантиновского муниципального округа Нижегородской области;;'263525007743952500100100070014211244;;;5272385.23;RUB;0;;;;;;БОГОЯВЛЕНСКИЙ ТЕРРИТОРИАЛЬНЫЙ ОТДЕЛ АДМИНИСТРАЦИИ ДАЛЬНЕКОНСТАНТИНОВСКОГО МУНИЦИПАЛЬНОГО ОКРУГА НИЖЕГОРОДСКОЙ ОБЛАСТИ;АДМИНИСТРАЦИЯ ДАЛЬНЕКОНСТАНТИНОВСКОГО МУНИЦИПАЛЬНОГО ОКРУГА НИЖЕГОРОДСКОЙ ОБЛАСТИ;19.02.2026;03.03.2026;Закупка завершена;;;27.02.2026;
44-ФЗ;№0373100047526000002;Открытый конкурс в электронной форме;Выполнение работ по созданию музейно-выставочного пространства на объекте культурного наследия «Музей-квартира  Вс.Э. Мейерхольда», по адресу: г. Москва, Брюсов пер., д. 12, кв. 11.;;'261770504266977050100100030014339244;;;84387682.15;RUB;0;;;;;;"ФЕДЕРАЛЬНОЕ ГОСУДАРСТВЕННОЕ БЮДЖЕТНОЕ УЧРЕЖДЕНИЕ КУЛЬТУРЫ ""ГОСУДАРСТВЕННЫЙ ЦЕНТРАЛЬНЫЙ ТЕАТРАЛЬНЫЙ МУЗЕЙ ИМЕНИ А.А. БАХРУШИНА""";"ФЕДЕРАЛЬНОЕ ГОСУДАРСТВЕННОЕ БЮДЖЕТНОЕ УЧРЕЖДЕНИЕ КУЛЬТУРЫ ""ГОСУДАРСТВЕННЫЙ ЦЕНТРАЛЬНЫЙ ТЕАТРАЛЬНЫЙ МУЗЕЙ ИМЕНИ А.А. БАХРУШИНА""";29.01.2026;03.03.2026;Закупка завершена;;;17.02.2026;
44-ФЗ;№0316100007226000002;Открытый конкурс в электронной форме;"Устройство защитных слоёв на автомобильной дороге А - 360 ""Лена"" Невер - Якутск на участках км 1128+000 - км 1138+000, км 1138+000 - км 1148+000, Республика Саха (Якутия).";;'261140200863614020100100060034211244;;;137857565.00;RUB;0;;;;;;"ФЕДЕРАЛЬНОЕ КАЗЕННОЕ УЧРЕЖДЕНИЕ ""УПРАВЛЕНИЕ АВТОМОБИЛЬНОЙ МАГИСТРАЛИ НЕВЕР - ЯКУТСК ФЕДЕРАЛЬНОГО ДОРОЖНОГО АГЕНТСТВА""";"ФЕДЕРАЛЬНОЕ КАЗЕННОЕ УЧРЕЖДЕНИЕ ""УПРАВЛЕНИЕ АВТОМОБИЛЬНОЙ МАГИСТРАЛИ НЕВЕР - ЯКУТСК ФЕДЕРАЛЬНОГО ДОРОЖНОГО АГЕНТСТВА""";11.02.2026;03.03.2026;Закупка завершена;;;27.02.2026;
44-ФЗ;№0358200019726000120;Электронный аукцион;Поставка изделий медицинского назначения для нужд ГБУ РО «Онкодиспансер» в 2026 г.;;'262616502353061630100100050123250244;;;11524000.00;RUB;0;;;;;;"ГОСУДАРСТВЕННОЕ БЮДЖЕТНОЕ  УЧРЕЖДЕНИЕ РОСТОВСКОЙ ОБЛАСТИ ""ОНКОЛОГИЧЕСКИЙ ДИСПАНСЕР""";"ГОСУДАРСТВЕННОЕ БЮДЖЕТНОЕ  УЧРЕЖДЕНИЕ РОСТОВСКОЙ ОБЛАСТИ ""ОНКОЛОГИЧЕСКИЙ ДИСПАНСЕР""";11.02.2026;03.03.2026;Закупка завершена;;;19.02.2026;
44-ФЗ;№0373200000626000038;Электронный аукцион;Поставка систем очищения/аспирации для дыхательных путей для экстренной помощи, ручных КТРУ: 32.50.50.190-00000495  для нужд СС и НМП им. А.С. Пучкова ;;'262770213206477020100100460010000244;;;10426669.50;RUB;0;;;;;;"ГОСУДАРСТВЕННОЕ БЮДЖЕТНОЕ УЧРЕЖДЕНИЕ ГОРОДА МОСКВЫ ""СТАНЦИЯ СКОРОЙ И НЕОТЛОЖНОЙ МЕДИЦИНСКОЙ ПОМОЩИ ИМ. А.С. ПУЧКОВА"" ДЕПАРТАМЕНТА ЗДРАВООХРАНЕНИЯ ГОРОДА МОСКВЫ";"ГОСУДАРСТВЕННОЕ БЮДЖЕТНОЕ УЧРЕЖДЕНИЕ ГОРОДА МОСКВЫ ""СТАНЦИЯ СКОРОЙ И НЕОТЛОЖНОЙ МЕДИЦИНСКОЙ ПОМОЩИ ИМ. А.С. ПУЧКОВА"" ДЕПАРТАМЕНТА ЗДРАВООХРАНЕНИЯ ГОРОДА МОСКВЫ";16.02.2026;03.03.2026;Закупка завершена;;;27.02.2026;
44-ФЗ;№0348300038626000023;Электронный аукцион;Поставка расходных материалов для кардиологического отделения;;'262500800007250470100100480010000244;;;5830000.00;RUB;0;;;;;;"ГОСУДАРСТВЕННОЕ БЮДЖЕТНОЕ УЧРЕЖДЕНИЕ ЗДРАВООХРАНЕНИЯ МОСКОВСКОЙ ОБЛАСТИ ""ДОЛГОПРУДНЕНСКАЯ БОЛЬНИЦА""";"ГОСУДАРСТВЕННОЕ БЮДЖЕТНОЕ УЧРЕЖДЕНИЕ ЗДРАВООХРАНЕНИЯ МОСКОВСКОЙ ОБЛАСТИ ""ДОЛГОПРУДНЕНСКАЯ БОЛЬНИЦА""";18.02.2026;03.03.2026;Закупка завершена;;;27.02.2026;
44-ФЗ;№0348300038626000024;Электронный аукцион;Поставка расходных материалов для кардиологического отделения;;'262500800007250470100100470010000244;;;5510000.00;RUB;0;;;;;;"ГОСУДАРСТВЕННОЕ БЮДЖЕТНОЕ УЧРЕЖДЕНИЕ ЗДРАВООХРАНЕНИЯ МОСКОВСКОЙ ОБЛАСТИ ""ДОЛГОПРУДНЕНСКАЯ БОЛЬНИЦА""";"ГОСУДАРСТВЕННОЕ БЮДЖЕТНОЕ УЧРЕЖДЕНИЕ ЗДРАВООХРАНЕНИЯ МОСКОВСКОЙ ОБЛАСТИ ""ДОЛГОПРУДНЕНСКАЯ БОЛЬНИЦА""";18.02.2026;03.03.2026;Закупка завершена;;;27.02.2026;
44-ФЗ;№0155300011226000007;Открытый конкурс в электронной форме;Ремонт автомобильной дороги общего пользования местного значения;;'263582200377258220100100050014211244;;;11998090.88;RUB;0;;;;;;АДМИНИСТРАЦИЯ СЕЛЬСКОГО ПОСЕЛЕНИЯ МАЛОСЕРДОБИНСКИЙ СЕЛЬСОВЕТ МУНИЦИПАЛЬНОГО РАЙОНА МАЛОСЕРДОБИНСКИЙ РАЙОН ПЕНЗЕНСКОЙ ОБЛАСТИ;АДМИНИСТРАЦИЯ МУНИЦИПАЛЬНОГО РАЙОНА МАЛОСЕРДОБИНСКИЙ РАЙОН ПЕНЗЕНСКОЙ ОБЛАСТИ;10.02.2026;03.03.2026;Закупка завершена;;;26.02.2026;
44-ФЗ;№0373200240126000003;Электронный аукцион;Оказание услуг по уборке и содержанию прилегающей территории;;'262773200455077290100100080010000244;;;18785969.20;RUB;0;;;;;;"ГОСУДАРСТВЕННОЕ БЮДЖЕТНОЕ ОБЩЕОБРАЗОВАТЕЛЬНОЕ УЧРЕЖДЕНИЕ ГОРОДА МОСКВЫ ""ШКОЛА № 1542""";"ГОСУДАРСТВЕННОЕ БЮДЖЕТНОЕ ОБЩЕОБРАЗОВАТЕЛЬНОЕ УЧРЕЖДЕНИЕ ГОРОДА МОСКВЫ ""ШКОЛА № 1542""";19.02.2026;03.03.2026;Закупка завершена;;;27.02.2026;
44-ФЗ;№0121600003926000024;Запрос котировок в электронной форме;Обустройство детской площадки по ул. Р. Люксембург, д. 2А в г. Изобильный Изобильненского муниципального округа Ставропольского края;;'263260702399726070100100030014299244;;;5157222.08;RUB;0;;;;;;ТЕРРИТОРИАЛЬНОЕ УПРАВЛЕНИЕ ГОРОДА ИЗОБИЛЬНОГО АДМИНИСТРАЦИИ ИЗОБИЛЬНЕНСКОГО МУНИЦИПАЛЬНОГО ОКРУГА СТАВРОПОЛЬСКОГО КРАЯ;АДМИНИСТРАЦИЯ ИЗОБИЛЬНЕНСКОГО МУНИЦИПАЛЬНОГО ОКРУГА СТАВРОПОЛЬСКОГО КРАЯ;19.02.2026;03.03.2026;Закупка завершена;;;27.02.2026;
44-ФЗ;№0158300051126000012;Электронный аукцион;"Ремонт подъезда от а/д ""г. Цимлянск (от а/д г. Морозовск - г. Цимлянск - г. Волгодонск) - г. Суровикино"" к ст. Терновской в Цимлянском районе Ростовской области";;'263613700293061370100100040024211244;;;34630068.60;RUB;0;;;;;;АДМИНИСТРАЦИЯ ЦИМЛЯНСКОГО РАЙОНА;АДМИНИСТРАЦИЯ ЦИМЛЯНСКОГО РАЙОНА;16.02.2026;03.03.2026;Закупка завершена;;;27.02.2026;
44-ФЗ;№0869200000226000920;Электронный аукцион;Выполнение работ по восстановлению барьерного ограждения на автомобильных дорогах общего пользования регионального или межмуниципального значения Челябинской области;;'262745138421874510100100280014211244;;;100000000.00;RUB;0;;;;;;МИНИСТЕРСТВО ДОРОЖНОГО ХОЗЯЙСТВА И ТРАНСПОРТА ЧЕЛЯБИНСКОЙ ОБЛАСТИ;"ГОСУДАРСТВЕННОЕ КАЗЕННОЕ УЧРЕЖДЕНИЕ ""ЦЕНТР ОРГАНИЗАЦИИ ЗАКУПОК ЧЕЛЯБИНСКОЙ ОБЛАСТИ""";17.02.2026;03.03.2026;Закупка завершена;;;27.02.2026;
44-ФЗ;№0869200000226000923;Электронный аукцион на проведение работ по строительству, реконструкции, кап. ремонту, сносу объекта кап. строительства в соответствии с п. 8 ч. 1 ст. 33 Закона № 44-ФЗ;Выполнение работ по строительству мостового перехода через реку Большая Сатка на км 10 автомобильной дороги Сатка - озеро Зюраткуль, участок Сатка - Магнитский;;'262745138421874510100100200014213414;;;253445880.75;RUB;0;;;;;;МИНИСТЕРСТВО ДОРОЖНОГО ХОЗЯЙСТВА И ТРАНСПОРТА ЧЕЛЯБИНСКОЙ ОБЛАСТИ;"ГОСУДАРСТВЕННОЕ КАЗЕННОЕ УЧРЕЖДЕНИЕ ""ЦЕНТР ОРГАНИЗАЦИИ ЗАКУПОК ЧЕЛЯБИНСКОЙ ОБЛАСТИ""";17.02.2026;03.03.2026;Закупка завершена;;;27.02.2026;
44-ФЗ;№0161300000126000054;Открытый конкурс в электронной форме на проведение работ по строительству, реконструкции, кап. ремонту, сносу объекта кап. строительства в соответствии с п. 8 ч. 1 ст. 33 Закона № 44-ФЗ;"выполнение работ по объекту: Капитальный ремонт системы отопления в МАДОУ № 11 ""Ромашка"" г. Южно-Сахалинска";;'263650123897565010100100100014322243;;;10761073.93;RUB;0;;;;;;"МУНИЦИПАЛЬНОЕ КАЗЕННОЕ УЧРЕЖДЕНИЕ ГОРОДСКОГО ОКРУГА ""ГОРОД ЮЖНО-САХАЛИНСК""""УПРАВЛЕНИЕ КАПИТАЛЬНОГО СТРОИТЕЛЬСТВА""";АДМИНИСТРАЦИЯ ГОРОДА ЮЖНО-САХАЛИНСКА;10.02.2026;03.03.2026;Закупка завершена;;;26.02.2026;
44-ФЗ;№0187300001726000015;Открытый конкурс в электронной форме;Оказание услуг по организации отдыха и оздоровления детей в возрасте от 6 до 17 лет (включительно) в организации, обеспечивающей отдых и оздоровление детей, в период школьных каникул 2026 года;;'263861900492986190100100090018541244;;;5028912.00;RUB;0;;;;;;ДЕПАРТАМЕНТ ОБРАЗОВАНИЯ НЕФТЕЮГАНСКОГО РАЙОНА;АДМИНИСТРАЦИЯ НЕФТЕЮГАНСКОГО РАЙОНА;10.02.2026;03.03.2026;Закупка завершена;;;27.02.2026;
44-ФЗ;№0829500001126000838;Электронный аукцион;Поставка лекарственного препарата для медицинского применения Акалабрутиниб (РЛ);;'262346008846534600100101440012120323;;;62695290.00;RUB;0;;;;;;"ГОСУДАРСТВЕННОЕ КАЗЕННОЕ УЧРЕЖДЕНИЕ  ""ЦЕНТР СОПРОВОЖДЕНИЯ ЗАКУПОК ГОСУДАРСТВЕННЫХ УЧРЕЖДЕНИЙ ЗДРАВООХРАНЕНИЯ ВОЛГОГРАДСКОЙ ОБЛАСТИ""";"ГОСУДАРСТВЕННОЕ КАЗЕННОЕ УЧРЕЖДЕНИЕ  ""ЦЕНТР СОПРОВОЖДЕНИЯ ЗАКУПОК ГОСУДАРСТВЕННЫХ УЧРЕЖДЕНИЙ ЗДРАВООХРАНЕНИЯ ВОЛГОГРАДСКОЙ ОБЛАСТИ""";17.02.2026;03.03.2026;Закупка завершена;;;27.02.2026;
44-ФЗ;№0346300111326000003;Открытый конкурс в электронной форме на проведение работ по строительству, реконструкции, кап. ремонту, сносу объекта кап. строительства в соответствии с п. 8 ч. 1 ст. 33 Закона № 44-ФЗ;"выполнение работ по объекту: ""Капитальный ремонт МАОУ СШ №59 ""Перспектива"" г. Липецка, расположенного по адресу: 398055, город Липецк, улица Московская, д. 95""";;'263482601264948260100100060014120243;;;55047453.69;RUB;0;;;;;;"МУНИЦИПАЛЬНОЕ КАЗЕННОЕ УЧРЕЖДЕНИЕ ""УПРАВЛЕНИЕ СТРОИТЕЛЬСТВА ГОРОДА ЛИПЕЦКА""";"МУНИЦИПАЛЬНОЕ КАЗЕННОЕ УЧРЕЖДЕНИЕ ""УПРАВЛЕНИЕ СТРОИТЕЛЬСТВА ГОРОДА ЛИПЕЦКА""";11.02.2026;03.03.2026;Закупка завершена;;;27.02.2026;
44-ФЗ;№0816300017026000004;Электронный аукцион;"Замена ограждения, ворот, калиток на территории МОУ ""Информационно-технологический лицей №24 им. Е.А. Варшавского"" г. Нерюнгри";;'263143402772014340100100320014329244;;;11411475.96;RUB;0;;;;;;МУНИЦИПАЛЬНОЕ ОБЩЕОБРАЗОВАТЕЛЬНОЕ УЧРЕЖДЕНИЕ - ИНФОРМАЦИОННО - ТЕХНОЛОГИЧЕСКИЙ ЛИЦЕЙ № 24 Г. НЕРЮНГРИ ИМЕНИ Е.А. ВАРШАВСКОГО;"МУНИЦИПАЛЬНОЕ КАЗЕННОЕ УЧРЕЖДЕНИЕ ""КОМИТЕТ ЗЕМЕЛЬНЫХ И ИМУЩЕСТВЕННЫХ ОТНОШЕНИЙ НЕРЮНГРИНСКОГО РАЙОНА""";12.02.2026;03.03.2026;Закупка завершена;;;20.02.2026;
44-ФЗ;№0123200000326000156;Открытый конкурс в электронной форме;Выполнение работ по содержанию автомобильных дорог местного значения города Благовещенска Амурской области;;'262280102589028010100100390024211244;;;70239478.33;RUB;0;;;;;;"ГОСУДАРСТВЕННОЕ КАЗЕННОЕ УЧРЕЖДЕНИЕ УПРАВЛЕНИЕ АВТОМОБИЛЬНЫХ ДОРОГ АМУРСКОЙ ОБЛАСТИ ""АМУРУПРАДОР""";УПРАВЛЕНИЕ ГОСУДАРСТВЕННОГО ЗАКАЗА АМУРСКОЙ ОБЛАСТИ;11.02.2026;03.03.2026;Закупка завершена;;;27.02.2026;
44-ФЗ;№0123200000326000154;Открытый конкурс в электронной форме;Выполнение работ по содержанию автомобильных дорог местного значения города Благовещенска Амурской области;;'262280102589028010100100390014211244;;;42820343.95;RUB;0;;;;;;"ГОСУДАРСТВЕННОЕ КАЗЕННОЕ УЧРЕЖДЕНИЕ УПРАВЛЕНИЕ АВТОМОБИЛЬНЫХ ДОРОГ АМУРСКОЙ ОБЛАСТИ ""АМУРУПРАДОР""";УПРАВЛЕНИЕ ГОСУДАРСТВЕННОГО ЗАКАЗА АМУРСКОЙ ОБЛАСТИ;11.02.2026;03.03.2026;Закупка завершена;;;27.02.2026;
44-ФЗ;№0201100003826000130;Электронный аукцион;Оказание услуг по санаторно-курортному лечению граждан -получателей государственной социальной помощи в виде набора социальных услуг в организациях, оказывающих санаторно-курортную помощь детям – инвалидам с сопровождающими лицами в 2026 году;;'261027805535502740100101570018690323;;;17057880.00;RUB;0;;;;;;ОТДЕЛЕНИЕ ФОНДА ПЕНСИОННОГО И СОЦИАЛЬНОГО СТРАХОВАНИЯ РОССИЙСКОЙ ФЕДЕРАЦИИ ПО РЕСПУБЛИКЕ БАШКОРТОСТАН;ОТДЕЛЕНИЕ ФОНДА ПЕНСИОННОГО И СОЦИАЛЬНОГО СТРАХОВАНИЯ РОССИЙСКОЙ ФЕДЕРАЦИИ ПО РЕСПУБЛИКЕ БАШКОРТОСТАН;19.02.2026;03.03.2026;Закупка завершена;;;27.02.2026;
44-ФЗ;№0387200009126000392;Электронный аукцион;Поставка реагентов для лабораторного отделения медико-генетической консультации;;'262860200080686020100103250232120244;;;9596114.00;RUB;0;;;;;;"БЮДЖЕТНОЕ УЧРЕЖДЕНИЕ ХАНТЫ-МАНСИЙСКОГО АВТОНОМНОГО ОКРУГА - ЮГРЫ ""СУРГУТСКИЙ ОКРУЖНОЙ КЛИНИЧЕСКИЙ ЦЕНТР ОХРАНЫ МАТЕРИНСТВА И ДЕТСТВА""";"КАЗЕННОЕ УЧРЕЖДЕНИЕ ХАНТЫ-МАНСИЙСКОГО АВТОНОМНОГО ОКРУГА - ЮГРЫ ""ЦЕНТР ЛЕКАРСТВЕННОГО МОНИТОРИНГА""";17.02.2026;03.03.2026;Закупка завершена;;;27.02.2026;
44-ФЗ;№0587300001226000001;Электронный аукцион на проведение работ по строительству, реконструкции, кап. ремонту, сносу объекта кап. строительства в соответствии с п. 8 ч. 1 ст. 33 Закона № 44-ФЗ;Выполнение работ по капитальному ремонту канализационной насосной станции. Адрес: микрорайон 5, строение 12/1,  г. Лянтор.;;'263861702844186170100100010014221000;;;10673450.00;RUB;0;;;;;;"ЛЯНТОРСКОЕ ГОРОДСКОЕ МУНИЦИПАЛЬНОЕ УНИТАРНОЕ ПРЕДПРИЯТИЕ ""УПРАВЛЕНИЕ ТЕПЛОВОДОСНАБЖЕНИЯ И ВОДООТВЕДЕНИЯ""";"ЛЯНТОРСКОЕ ГОРОДСКОЕ МУНИЦИПАЛЬНОЕ УНИТАРНОЕ ПРЕДПРИЯТИЕ ""УПРАВЛЕНИЕ ТЕПЛОВОДОСНАБЖЕНИЯ И ВОДООТВЕДЕНИЯ""";19.02.2026;03.03.2026;Закупка завершена;;;27.02.2026;
44-ФЗ;№0319300003426000066;Электронный аукцион;Поставка продуктов питания (крупы, мясо птицы, яйца куриные, чай, масло подсолнечное, консервированная и молочная продукция, свежие овощи, кондитерские изделия, консервы мясные, мука пшеничная) для образовательных учреждений сельского поселения Караул в 2026 году;;263840400089084040100100050010000244, 263840400088284040100100100010000244, 263840400087584040100100060010000244, 263840400094984040100100070010000244;;;17470189.35;RUB;0;;;;;;;УПРАВЛЕНИЕ МУНИЦИПАЛЬНОГО ЗАКАЗА И ПОТРЕБИТЕЛЬСКОГО РЫНКА АДМИНИСТРАЦИИ ТАЙМЫРСКОГО ДОЛГАНО-НЕНЕЦКОГО МУНИЦИПАЛЬНОГО РАЙОНА;17.02.2026;03.03.2026;Закупка завершена;;;27.02.2026;
44-ФЗ;№0302300048726000162;Запрос котировок в электронной форме;Поставка мясной продукции;;'263032309977303260100100400021011244;;;9201340.00;RUB;0;;;;;;"МУНИЦИПАЛЬНОЕ БЮДЖЕТНОЕ ДОШКОЛЬНОЕ ОБРАЗОВАТЕЛЬНОЕ УЧРЕЖДЕНИЕ ""ДЕТСКИЙ САД № 95 ""РЯБИНУШКА"" Г. УЛАН-УДЭ"" ОБЩЕРАЗВИВАЮЩЕГО ВИДА";"МУНИЦИПАЛЬНОЕ УЧРЕЖДЕНИЕ ""УПРАВЛЕНИЕ ПО МУНИЦИПАЛЬНЫМ ЗАКУПКАМ АДМИНИСТРАЦИИ Г.УЛАН-УДЭ""";19.02.2026;03.03.2026;Закупка завершена;;;27.02.2026;
44-ФЗ;№0380200000126000760;Электронный аукцион;Поставка расходного материала для выполнения операций при нарушениях ритма сердца (лот 2);;'262190100531019010100101150010000244;;;18027000.00;RUB;0;;;;;;"ГОСУДАРСТВЕННОЕ БЮДЖЕТНОЕ УЧРЕЖДЕНИЕ ЗДРАВООХРАНЕНИЯ РЕСПУБЛИКИ ХАКАСИЯ ""РЕСПУБЛИКАНСКАЯ КЛИНИЧЕСКАЯ БОЛЬНИЦА ИМЕНИ Г.Я. РЕМИШЕВСКОЙ""";ГОСУДАРСТВЕННЫЙ КОМИТЕТ ПО РЕГУЛИРОВАНИЮ КОНТРАКТНОЙ СИСТЕМЫ В СФЕРЕ ЗАКУПОК РЕСПУБЛИКИ ХАКАСИЯ;19.02.2026;03.03.2026;Закупка завершена;;;27.02.2026;
44-ФЗ;№0122200002526000375;Электронный аукцион;Поставка лекарственного препарата для медицинского применения ДАКЛАТАСВИР в рамках реализации мероприятий по обеспечению в амбулаторных условиях противовирусными лекарственными препаратами лиц, находящихся под диспансерным наблюдением, с диагнозом «хронический вирусный гепатит С» в рамках федерального проекта «Борьба с гепатитом С и минимизация рисков распространения данного заболевания»;;262143505451814350100100040012120244, 262790000107079010100100410012120244, 262280112372028010100101930012120244, 262753609569575360100102540022120244, 262272100906727240100100170012120244, 262032305651503260100100610012120244;;;41939526.72;RUB;0;;;;;;;КОМИТЕТ ГОСУДАРСТВЕННОГО ЗАКАЗА ПРАВИТЕЛЬСТВА ХАБАРОВСКОГО КРАЯ;19.02.2026;03.03.2026;Закупка завершена;;;27.02.2026;
44-ФЗ;№0301300247626000002;Открытый конкурс в электронной форме на проведение работ по строительству, реконструкции, кап. ремонту, сносу объекта кап. строительства в соответствии с п. 8 ч. 1 ст. 33 Закона № 44-ФЗ;"Выполнение работ по объекту: «Капитальный ремонт здания  Муниципального бюджетного дошкольного образовательного учреждения Детский сад №218 городского округа город Уфа Республики Башкортостан  по адресу: Респ. Башкортостан, г. Уфа, Октябрьский район, ул. Шафиева, дом 24» в рамках регионального проекта ""Поддержка семьи"" (Республика Башкортостан) государственной программы ""Развитие образования в Республике Башкортостан"" (национальный проект «Семья»)";;'263027601843902760100100250014120243;;;53542601.84;RUB;0;;;;;;МУНИЦИПАЛЬНОЕ БЮДЖЕТНОЕ ДОШКОЛЬНОЕ ОБРАЗОВАТЕЛЬНОЕ УЧРЕЖДЕНИЕ ДЕТСКИЙ САД № 218 ГОРОДСКОГО ОКРУГА ГОРОД УФА РЕСПУБЛИКИ БАШКОРТОСТАН;"МУНИЦИПАЛЬНОЕ КАЗЕННОЕ УЧРЕЖДЕНИЕ ""ЦЕНТР ОРГАНИЗАЦИИ И ПРОВЕДЕНИЯ КОНКУРСНЫХ ПРОЦЕДУР"" ГОРОДСКОГО ОКРУГА ГОРОД УФА РЕСПУБЛИКИ БАШКОРТОСТАН";30.01.2026;03.03.2026;Закупка завершена;;;12.02.2026;
44-ФЗ;№0161300000126000095;Электронный аукцион;выполнение инженерных изысканий и подготовка проектной документации по объекту: Строительство системы дренажной канализации в с. Дальнее, в границах улиц Бориса Полевого, Байкальская, Большая Полянка;;'263650123897565010100100140017112414;;;7718239.88;RUB;0;;;;;;"МУНИЦИПАЛЬНОЕ КАЗЕННОЕ УЧРЕЖДЕНИЕ ГОРОДСКОГО ОКРУГА ""ГОРОД ЮЖНО-САХАЛИНСК""""УПРАВЛЕНИЕ КАПИТАЛЬНОГО СТРОИТЕЛЬСТВА""";АДМИНИСТРАЦИЯ ГОРОДА ЮЖНО-САХАЛИНСКА;19.02.2026;03.03.2026;Закупка завершена;;;27.02.2026;
44-ФЗ;№0387200002826000201;Электронный аукцион;Поставка комплектующих, оборудования и расходных материалов для монтажа имеющейся у Заказчика системы пожарной сигнализации «Рубеж».;;'262860100444586010100101610010000244;;;11427268.42;RUB;0;;;;;;"БЮДЖЕТНОЕ УЧРЕЖДЕНИЕ ХАНТЫ-МАНСИЙСКОГО АВТОНОМНОГО ОКРУГА - ЮГРЫ ""ОКРУЖНАЯ КЛИНИЧЕСКАЯ БОЛЬНИЦА""";"БЮДЖЕТНОЕ УЧРЕЖДЕНИЕ ХАНТЫ-МАНСИЙСКОГО АВТОНОМНОГО ОКРУГА - ЮГРЫ ""ОКРУЖНАЯ КЛИНИЧЕСКАЯ БОЛЬНИЦА""";19.02.2026;03.03.2026;Закупка завершена;;;27.02.2026;
44-ФЗ;№0160300005726000001;Открытый конкурс в электронной форме;Работы по ремонту дорожного покрытия;;'263644611582864460100100100014211244;;;6771000.00;RUB;0;;;;;;АДМИНИСТРАЦИЯ ШИЛО-ГОЛИЦЫНСКОГО МУНИЦИПАЛЬНОГО ОБРАЗОВАНИЯ;АДМИНИСТРАЦИЯ ШИЛО-ГОЛИЦЫНСКОГО МУНИЦИПАЛЬНОГО ОБРАЗОВАНИЯ;10.02.2026;03.03.2026;Закупка завершена;;;26.02.2026;
44-ФЗ;№0302300048726000033;Открытый конкурс в электронной форме;"Разработка проектной документации и выполнение инженерных изысканий по объекту: ""Реконструкция моста через р. Селенга в г. Улан-Удэ, Республика Бурятия. 1 этап""";;'263030003115103000100100180017112414;;;36160070.00;RUB;0;;;;;;"МУНИЦИПАЛЬНОЕ КАЗЕННОЕ УЧРЕЖДЕНИЕ ""ДИРЕКЦИЯ ПО РАЗВИТИЮ ТРАНСПОРТНОЙ ИНФРАСТРУКТУРЫ Г. УЛАН-УДЭ""";"МУНИЦИПАЛЬНОЕ УЧРЕЖДЕНИЕ ""УПРАВЛЕНИЕ ПО МУНИЦИПАЛЬНЫМ ЗАКУПКАМ АДМИНИСТРАЦИИ Г.УЛАН-УДЭ""";22.01.2026;03.03.2026;Закупка завершена;;;26.02.2026;
44-ФЗ;№0869200000226000847;Электронный аукцион;на поставку Комплектов изделий чрескожного мониторинга уровня глюкозы в интерстициальной жидкости, электрохимический метод;;'262745313582774530100100060010000244;;;28261827.80;RUB;0;;;;;;МИНИСТЕРСТВО ЗДРАВООХРАНЕНИЯ ЧЕЛЯБИНСКОЙ ОБЛАСТИ;"ГОСУДАРСТВЕННОЕ КАЗЕННОЕ УЧРЕЖДЕНИЕ ""ЦЕНТР ОРГАНИЗАЦИИ ЗАКУПОК ЧЕЛЯБИНСКОЙ ОБЛАСТИ""";16.02.2026;03.03.2026;Закупка завершена;;;24.02.2026;
44-ФЗ;№0380200000126000745;Электронный аукцион;Поставка расходного материала для системы ротационный атерэктомии ROTAPRO, имеющейся у Заказчика;;'262190100531019010100101160013250244;;;6000000.00;RUB;0;;;;;;"ГОСУДАРСТВЕННОЕ БЮДЖЕТНОЕ УЧРЕЖДЕНИЕ ЗДРАВООХРАНЕНИЯ РЕСПУБЛИКИ ХАКАСИЯ ""РЕСПУБЛИКАНСКАЯ КЛИНИЧЕСКАЯ БОЛЬНИЦА ИМЕНИ Г.Я. РЕМИШЕВСКОЙ""";ГОСУДАРСТВЕННЫЙ КОМИТЕТ ПО РЕГУЛИРОВАНИЮ КОНТРАКТНОЙ СИСТЕМЫ В СФЕРЕ ЗАКУПОК РЕСПУБЛИКИ ХАКАСИЯ;19.02.2026;03.03.2026;Закупка завершена;;;27.02.2026;
44-ФЗ;№0317300004426000008;Электронный аукцион;Поставка угля каменного для создания 45- суточного нормативного запаса на отопительный период 2026 - 2027 годов;;'263220100777922010100100010110000000;;;15750000.00;RUB;0;;;;;;КОМИТЕТ ПО ЖИЛИЩНО-КОММУНАЛЬНОМУ ХОЗЯЙСТВУ, ТРАНСПОРТУ, СТРОИТЕЛЬСТВУ И АРХИТЕКТУРЕ АДМИНИСТРАЦИИ ГОРОДА АЛЕЙСКА;КОМИТЕТ ПО ЖИЛИЩНО-КОММУНАЛЬНОМУ ХОЗЯЙСТВУ, ТРАНСПОРТУ, СТРОИТЕЛЬСТВУ И АРХИТЕКТУРЕ АДМИНИСТРАЦИИ ГОРОДА АЛЕЙСКА;16.02.2026;03.03.2026;Закупка завершена;;;24.02.2026;
44-ФЗ;№0369300008426000065;Электронный аукцион;Благоустройство общественной территории в районе кинотеатра  «Волна» по адресу г. Чебаркуль, ул. Ленина, д. 32Б ;;'263742001189774150100100070014391244;;;7733155.92;RUB;0;;;;;;"МУНИЦИПАЛЬНОЕ БЮДЖЕТНОЕ УЧРЕЖДЕНИЕ КУЛЬТУРЫ ЧЕБАРКУЛЬСКОГО ГОРОДСКОГО ОКРУГА ""КИНОТЕАТР ""ВОЛНА""";"АДМИНИСТРАЦИЯ МУНИЦИПАЛЬНОГО ОБРАЗОВАНИЯ ""ЧЕБАРКУЛЬСКИЙ ГОРОДСКОЙ ОКРУГ""";19.02.2026;03.03.2026;Закупка завершена;;;27.02.2026;
44-ФЗ;№0380200000126000032;Электронный аукцион;Поставка реагентов для иммуногематологических исследований к анализатору ORTHO VISION, имеющегося у Заказчика;;'262190101738619010100100050012120244;;;5530521.86;RUB;0;;;;;;"ГОСУДАРСТВЕННОЕ КАЗЁННОЕ УЧРЕЖДЕНИЕ ЗДРАВООХРАНЕНИЯ РЕСПУБЛИКИ ХАКАСИЯ ""РЕСПУБЛИКАНСКИЙ ЦЕНТР КРОВИ""";ГОСУДАРСТВЕННЫЙ КОМИТЕТ ПО РЕГУЛИРОВАНИЮ КОНТРАКТНОЙ СИСТЕМЫ В СФЕРЕ ЗАКУПОК РЕСПУБЛИКИ ХАКАСИЯ;21.01.2026;03.03.2026;Определение поставщика отменено;;;29.01.2026;
44-ФЗ;№0317100012626000018;Электронный аукцион;ПЭВМ в сборе в рамках государственного оборонного заказа;;'261222402296722210100100001722620211;;;6933600.00;RUB;0;;;;;;УПРАВЛЕНИЕ ФЕДЕРАЛЬНОЙ СЛУЖБЫ ИСПОЛНЕНИЯ НАКАЗАНИЙ ПО АЛТАЙСКОМУ КРАЮ;УПРАВЛЕНИЕ ФЕДЕРАЛЬНОЙ СЛУЖБЫ ИСПОЛНЕНИЯ НАКАЗАНИЙ ПО АЛТАЙСКОМУ КРАЮ;19.02.2026;03.03.2026;Закупка завершена;;;27.02.2026;
44-ФЗ;№0119100012526000003;Электронный аукцион;Оказание комплексных услуг по чистке и уборке;;'261246508726224650100100010018129244;;;18270142.68;RUB;0;;;;;;УПРАВЛЕНИЕ ФЕДЕРАЛЬНОЙ НАЛОГОВОЙ СЛУЖБЫ ПО КРАСНОЯРСКОМУ КРАЮ;УПРАВЛЕНИЕ ФЕДЕРАЛЬНОЙ НАЛОГОВОЙ СЛУЖБЫ ПО КРАСНОЯРСКОМУ КРАЮ;19.02.2026;03.03.2026;Закупка завершена;;;27.02.2026;
44-ФЗ;№0122200002526000374;Электронный аукцион;Поставка лекарственных средств СОФОСБУВИР для обеспечения в амбулаторных условиях лиц, находящихся под диспансерным наблюдением, с диагнозом «хронический вирусный гепатит C» в рамках федерального проекта «Борьба с гепатитом С и минимизация рисков распространения данного заболевания»;;262272100906727240100100160012120244, 262790000107079010100100420012120244, 262280112372028010100101570012120244, 262032305651503260100100600012120244, 262143505451814350100100030012120244, 262753609569575360100102550012120244, 262870990814087090100100260012120244;;;84892500.00;RUB;0;;;;;;;КОМИТЕТ ГОСУДАРСТВЕННОГО ЗАКАЗА ПРАВИТЕЛЬСТВА ХАБАРОВСКОГО КРАЯ;19.02.2026;03.03.2026;Закупка завершена;;;27.02.2026;
44-ФЗ;№0177200000926000142;Электронный аукцион;Организация комплекса услуг Службы помощников по предоставлению долговременного ухода за гражданами пожилого возраста и инвалидами, нуждающимися в уходе;;'262040400201004040100100040018810244;;;31374033.92;RUB;0;;;;;;"КАЗЕННОЕ УЧРЕЖДЕНИЕ РЕСПУБЛИКИ АЛТАЙ ""УПРАВЛЕНИЕ СОЦИАЛЬНОЙ ПОДДЕРЖКИ НАСЕЛЕНИЯ ОНГУДАЙСКОГО РАЙОНА""";МИНИСТЕРСТВО ЭКОНОМИЧЕСКОГО РАЗВИТИЯ РЕСПУБЛИКИ АЛТАЙ;10.02.2026;03.03.2026;Закупка завершена;;;27.02.2026;
44-ФЗ;№0820500000826000608;Электронный аукцион на проведение работ по строительству, реконструкции, кап. ремонту, сносу объекта кап. строительства в соответствии с п. 8 ч. 1 ст. 33 Закона № 44-ФЗ;Капитальный ремонт части крыши здания жилого корпуса (Лит. А.) КГБУСО «Партизанский ПНИ», расположенного по адресу: Приморский край, г. Партизанск, ул. Лозовый ключ, 13б.;;'262250900378425090100100060014391243;;;17833377.45;RUB;0;;;;;;"КРАЕВОЕ ГОСУДАРСТВЕННОЕ БЮДЖЕТНОЕ УЧРЕЖДЕНИЕ СОЦИАЛЬНОГО ОБСЛУЖИВАНИЯ ""ПАРТИЗАНСКИЙ ПСИХОНЕВРОЛОГИЧЕСКИЙ ИНТЕРНАТ""";"КРАЕВОЕ ГОСУДАРСТВЕННОЕ КАЗЕННОЕ УЧРЕЖДЕНИЕ ""ЦЕНТР ГОСУДАРСТВЕННЫХ ЗАКУПОК ПРИМОРСКОГО КРАЯ""";19.02.2026;03.03.2026;Закупка завершена;;;27.02.2026;
44-ФЗ;№0122200002526000376;Электронный аукцион;"Выполнение работ по ремонту объекта ""Автомобильная дорога ""г. Хабаровск - с. Мичуринское - с. Федоровка - с. Смирновка - с. Галкино"" на участке км 0+000 - км 6+054";;'262272108650527220100100350014211244;;;117521599.75;RUB;0;;;;;;"КРАЕВОЕ ГОСУДАРСТВЕННОЕ КАЗЁННОЕ УЧРЕЖДЕНИЕ ""ХАБАРОВСКОЕ УПРАВЛЕНИЕ АВТОМОБИЛЬНЫХ ДОРОГ""";КОМИТЕТ ГОСУДАРСТВЕННОГО ЗАКАЗА ПРАВИТЕЛЬСТВА ХАБАРОВСКОГО КРАЯ;18.02.2026;03.03.2026;Закупка завершена;;;27.02.2026;
44-ФЗ;№0177200000926000214;Электронный аукцион;Организация предоставления услуг долговременного ухода за гражданами пожилого возраста и инвалидами, нуждающимися в уходе;;'262041115778404110100100180018810000;;;19999619.40;RUB;0;;;;;;"КАЗЕННОЕ УЧРЕЖДЕНИЕ РЕСПУБЛИКИ АЛТАЙ ""УПРАВЛЕНИЕ СОЦИАЛЬНОЙ ПОДДЕРЖКИ НАСЕЛЕНИЯ ГОРОДА ГОРНО-АЛТАЙСКА""";МИНИСТЕРСТВО ЭКОНОМИЧЕСКОГО РАЗВИТИЯ РЕСПУБЛИКИ АЛТАЙ;17.02.2026;03.03.2026;Закупка завершена;;;27.02.2026;
44-ФЗ;№0347300000526000020;Электронный аукцион;"Благоустройство детских игровых площадок по адресам: улица Речная, дом 61, корпус 4; дом 63, корпус 4; улица Энергостроителей, дом 8, корпус 2 в городе Магадане";;'263490901377349090100100060014299244;;;22812370.00;RUB;0;;;;;;ДЕПАРТАМЕНТ СТРОИТЕЛЬСТВА, АРХИТЕКТУРЫ, ТЕХНИЧЕСКОГО И ЭКОЛОГИЧЕСКОГО КОНТРОЛЯ МЭРИИ ГОРОДА МАГАДАНА;МЭРИЯ ГОРОДА МАГАДАНА;13.02.2026;03.03.2026;Закупка завершена;;;24.02.2026;
44-ФЗ;№0319100023226000008;Электронный аукцион;погрузка разгрузка древесины;;'261242000649624200100100190015223244;;;11550000.00;RUB;0;;;;;;"ФЕДЕРАЛЬНОЕ КАЗЕННОЕ УЧРЕЖДЕНИЕ ""КОЛОНИЯ-ПОСЕЛЕНИЕ № 13 С ОСОБЫМИ УСЛОВИЯМИ ХОЗЯЙСТВЕННОЙ ДЕЯТЕЛЬНОСТИ ГЛАВНОГО УПРАВЛЕНИЯ ФЕДЕРАЛЬНОЙ СЛУЖБЫ ИСПОЛНЕНИЯ НАКАЗАНИЙ ПО КРАСНОЯРСКОМУ КРАЮ""";"ФЕДЕРАЛЬНОЕ КАЗЕННОЕ УЧРЕЖДЕНИЕ ""КОЛОНИЯ-ПОСЕЛЕНИЕ № 13 С ОСОБЫМИ УСЛОВИЯМИ ХОЗЯЙСТВЕННОЙ ДЕЯТЕЛЬНОСТИ ГЛАВНОГО УПРАВЛЕНИЯ ФЕДЕРАЛЬНОЙ СЛУЖБЫ ИСПОЛНЕНИЯ НАКАЗАНИЙ ПО КРАСНОЯРСКОМУ КРАЮ""";19.02.2026;03.03.2026;Закупка завершена;;;27.02.2026;
44-ФЗ;№0819600009926000019;Открытый конкурс в электронной форме;Выполнение работ по ремонту автомобильной дороги общего пользования местного значения ул. Нижний проезд (ул. Нижний проезд в составе участков: автомобильная дорога от автошколы РОСТО до АСХ – протяженностью 0,99 км, дорога автомобильная – съезд от федеральной дороги до пересечения с Нижним проездом – протяженностью 0,24 км, дорога автомобильная от СТМ до АСХ – протяженностью 2,115 км);;'263244600594824460100100190054211244;;;67470602.89;RUB;0;;;;;;"МУНИЦИПАЛЬНОЕ КАЗЕННОЕ УЧРЕЖДЕНИЕ ""УПРАВЛЕНИЕ КАПИТАЛЬНОГО СТРОИТЕЛЬСТВА И ГОРОДСКОГО ХОЗЯЙСТВА""";"МУНИЦИПАЛЬНОЕ КАЗЕННОЕ УЧРЕЖДЕНИЕ ""УПРАВЛЕНИЕ ЗАКУПКАМИ ГОРОДА ДИВНОГОРСКА""";10.02.2026;03.03.2026;Закупка завершена;;;26.02.2026;
44-ФЗ;№0123300001926000065;Открытый конкурс в электронной форме;Выполнение работ по комплексному благоустройству территории «Парк Зеркальный», г.Белогорск;;'263280400313228040100100010014299244;;;197119538.37;RUB;0;;;;;;"МУНИЦИПАЛЬНОЕ АВТОНОМНОЕ УЧРЕЖДЕНИЕ ""ДИРЕКЦИЯ ПАРКОВ И СКВЕРОВ ГОРОДА БЕЛОГОРСК""";АДМИНИСТРАЦИЯ ГОРОДА БЕЛОГОРСК;11.02.2026;03.03.2026;Закупка завершена;;;27.02.2026;
44-ФЗ;№0251100003726000055;Электронный аукцион;"Оказание услуг по санаторно-курортному лечению граждан-получателей государственной социальной помощи в виде набора социальных услуг, в том числе детей-инвалидов, в организациях, оказывающих санаторно-курортную помощь: ""Болезни органов пищеварения"", ""Болезни нервной системы"", ""Болезни костно-мышечной системы и соединительной ткани"", ""Болезни мочеполовой системы""";;'261540610310154060100100930018690323;;;15556786.56;RUB;0;;;;;;ОТДЕЛЕНИЕ ФОНДА ПЕНСИОННОГО И СОЦИАЛЬНОГО СТРАХОВАНИЯ РОССИЙСКОЙ ФЕДЕРАЦИИ ПО НОВОСИБИРСКОЙ ОБЛАСТИ;ОТДЕЛЕНИЕ ФОНДА ПЕНСИОННОГО И СОЦИАЛЬНОГО СТРАХОВАНИЯ РОССИЙСКОЙ ФЕДЕРАЦИИ ПО НОВОСИБИРСКОЙ ОБЛАСТИ;17.02.2026;03.03.2026;Закупка завершена;;;27.02.2026;
44-ФЗ;№0251100003726000054;Электронный аукцион;"Оказание услуг по санаторно-курортному лечению граждан-получателей государственной социальной помощи в виде набора социальных услуг, в организациях, оказывающих санаторно-курортную помощь: ""Болезни органов пищеварения"", ""Болезни системы кровообращения"", ""Болезни нервной системы"", ""Болезни костно-мышечной системы и соединительной ткани"", ""Болезни эндокринной системы, расстройство питания и нарушения обмена веществ""";;'261540610310154060100100920018690323;;;14123924.64;RUB;0;;;;;;ОТДЕЛЕНИЕ ФОНДА ПЕНСИОННОГО И СОЦИАЛЬНОГО СТРАХОВАНИЯ РОССИЙСКОЙ ФЕДЕРАЦИИ ПО НОВОСИБИРСКОЙ ОБЛАСТИ;ОТДЕЛЕНИЕ ФОНДА ПЕНСИОННОГО И СОЦИАЛЬНОГО СТРАХОВАНИЯ РОССИЙСКОЙ ФЕДЕРАЦИИ ПО НОВОСИБИРСКОЙ ОБЛАСТИ;17.02.2026;03.03.2026;Закупка завершена;;;27.02.2026;
44-ФЗ;№0120300012726000061;Электронный аукцион;Выполнение работ, связанных с осуществлением регулярных перевозок пассажиров и багажа автомобильным транспортом по маршрутам регулярных перевозок по регулируемым тарифам на территории Владивостокского городского округа;;'263253632132025360100100010164931244;;;83333200.45;RUB;0;;;;;;УПРАВЛЕНИЕ ТРАНСПОРТА АДМИНИСТРАЦИИ ГОРОДА ВЛАДИВОСТОКА;АДМИНИСТРАЦИЯ ГОРОДА ВЛАДИВОСТОКА;18.02.2026;03.03.2026;Закупка завершена;;;27.02.2026;
44-ФЗ;№0120300012726000063;Электронный аукцион;Выполнение работ по ремонту подпорной стены в городе Владивостоке в районе ул. Кипарисовая, д.6;;'263254315420825430100100110014399244;;;86946260.09;RUB;0;;;;;;УПРАВЛЕНИЕ ГОРОДСКОЙ СРЕДЫ АДМИНИСТРАЦИИ ГОРОДА ВЛАДИВОСТОКА;АДМИНИСТРАЦИЯ ГОРОДА ВЛАДИВОСТОКА;19.02.2026;03.03.2026;Закупка завершена;;;27.02.2026;
44-ФЗ;№0120300012726000060;Электронный аукцион;Выполнение работ, связанных с осуществлением регулярных перевозок пассажиров и багажа автомобильным транспортом по маршрутам регулярных перевозок по регулируемым тарифам на территории Владивостокского городского округа;;'263253632132025360100100010194931244;;;21010955.95;RUB;0;;;;;;УПРАВЛЕНИЕ ТРАНСПОРТА АДМИНИСТРАЦИИ ГОРОДА ВЛАДИВОСТОКА;АДМИНИСТРАЦИЯ ГОРОДА ВЛАДИВОСТОКА;18.02.2026;03.03.2026;Закупка завершена;;;27.02.2026;
44-ФЗ;№0120300012726000058;Электронный аукцион;Выполнение работ, связанных с осуществлением регулярных перевозок пассажиров и багажа автомобильным транспортом по маршрутам регулярных перевозок по регулируемым тарифам на территории Владивостокского городского округа;;'263253632132025360100100010134931244;;;91480059.76;RUB;0;;;;;;УПРАВЛЕНИЕ ТРАНСПОРТА АДМИНИСТРАЦИИ ГОРОДА ВЛАДИВОСТОКА;АДМИНИСТРАЦИЯ ГОРОДА ВЛАДИВОСТОКА;18.02.2026;03.03.2026;Закупка завершена;;;27.02.2026;
44-ФЗ;№0120300012726000057;Электронный аукцион;Выполнение работ, связанных с осуществлением регулярных перевозок пассажиров и багажа автомобильным транспортом по маршрутам регулярных перевозок по регулируемым тарифам на территории Владивостокского городского округа;;'263253632132025360100100010144931244;;;62726053.56;RUB;0;;;;;;УПРАВЛЕНИЕ ТРАНСПОРТА АДМИНИСТРАЦИИ ГОРОДА ВЛАДИВОСТОКА;АДМИНИСТРАЦИЯ ГОРОДА ВЛАДИВОСТОКА;18.02.2026;03.03.2026;Закупка завершена;;;27.02.2026;
44-ФЗ;№0888500000226000051;Электронный аукцион;Оказание услуг по технической поддержке и предоставление неисключительного (пользовательского) права на получение обновлений программного комплекса «Здравоохранение» на 2026 год;;'262870900476187090100100250010000244;;;27420000.00;RUB;0;;;;;;"ГОСУДАРСТВЕННОЕ БЮДЖЕТНОЕ УЧРЕЖДЕНИЕ ЗДРАВООХРАНЕНИЯ ""ЧУКОТСКАЯ ОКРУЖНАЯ БОЛЬНИЦА""";"ГОСУДАРСТВЕННОЕ КАЗЁННОЕ УЧРЕЖДЕНИЕ ""УПРАВЛЕНИЕ ГОСУДАРСТВЕННЫХ ЗАКУПОК ЧУКОТСКОГО АВТОНОМНОГО ОКРУГА""";19.02.2026;03.03.2026;Закупка завершена;;;27.02.2026;
44-ФЗ;№0156100010826000005;Электронный аукцион;Поставка запасных частей для автотранспортных средств марки КАМАЗ Главного управления МЧС России по Пермскому краю;;'261590229344259020100100010020000244;;;5000000.00;RUB;0;;;;;;ГЛАВНОЕ УПРАВЛЕНИЕ МИНИСТЕРСТВА РОССИЙСКОЙ ФЕДЕРАЦИИ ПО ДЕЛАМ ГРАЖДАНСКОЙ ОБОРОНЫ, ЧРЕЗВЫЧАЙНЫМ СИТУАЦИЯМ И ЛИКВИДАЦИИ ПОСЛЕДСТВИЙ СТИХИЙНЫХ БЕДСТВИЙ ПО ПЕРМСКОМУ КРАЮ;ГЛАВНОЕ УПРАВЛЕНИЕ МИНИСТЕРСТВА РОССИЙСКОЙ ФЕДЕРАЦИИ ПО ДЕЛАМ ГРАЖДАНСКОЙ ОБОРОНЫ, ЧРЕЗВЫЧАЙНЫМ СИТУАЦИЯМ И ЛИКВИДАЦИИ ПОСЛЕДСТВИЙ СТИХИЙНЫХ БЕДСТВИЙ ПО ПЕРМСКОМУ КРАЮ;18.02.2026;02.03.2026;Закупка завершена;;;27.02.2026;
44-ФЗ;№0348200081026000564;Электронный аукцион;Поставка медицинского оборудования - лот 19.6;;'262502406865650240100106690013250244;;;7753333.32;RUB;0;;;;;;"ГОСУДАРСТВЕННОЕ КАЗЕННОЕ УЧРЕЖДЕНИЕ МОСКОВСКОЙ ОБЛАСТИ ""ДИРЕКЦИЯ ЕДИНОГО ЗАКАЗЧИКА МИНИСТЕРСТВА ЗДРАВООХРАНЕНИЯ МОСКОВСКОЙ ОБЛАСТИ""";"ГОСУДАРСТВЕННОЕ КАЗЕННОЕ УЧРЕЖДЕНИЕ МОСКОВСКОЙ ОБЛАСТИ ""ДИРЕКЦИЯ ЕДИНОГО ЗАКАЗЧИКА МИНИСТЕРСТВА ЗДРАВООХРАНЕНИЯ МОСКОВСКОЙ ОБЛАСТИ""";10.02.2026;02.03.2026;Закупка завершена;;;19.02.2026;
44-ФЗ;№0363300006126000001;Открытый конкурс в электронной форме;Выполнение работ по ремонту «Мемориального комплекса Воинской Славы» и благоустройству прилегающей территории по адресу: Смоленская обл., г. Дорогобуж, Городской вал;;'263670400144267040100100020014299244;;;7748297.00;RUB;0;;;;;;"УПРАВЛЕНИЕ ПО КУЛЬТУРЕ, ТУРИЗМУ И СПОРТУ АДМИНИСТРАЦИИ МУНИЦИПАЛЬНОГО ОБРАЗОВАНИЯ ""ДОРОГОБУЖСКИЙ МУНИЦИПАЛЬНЫЙ ОКРУГ"" СМОЛЕНСКОЙ ОБЛАСТИ";"УПРАВЛЕНИЕ ПО КУЛЬТУРЕ, ТУРИЗМУ И СПОРТУ АДМИНИСТРАЦИИ МУНИЦИПАЛЬНОГО ОБРАЗОВАНИЯ ""ДОРОГОБУЖСКИЙ МУНИЦИПАЛЬНЫЙ ОКРУГ"" СМОЛЕНСКОЙ ОБЛАСТИ";10.02.2026;02.03.2026;Закупка завершена;;;26.02.2026;
44-ФЗ;№0372100049626000066;Электронный аукцион;Поставка стентов для периферических артерий, металлических непокрытых;;'261780203042978140100100140200000244;;;13965000.00;RUB;0;;;;;;"ФЕДЕРАЛЬНОЕ ГОСУДАРСТВЕННОЕ БЮДЖЕТНОЕ УЧРЕЖДЕНИЕ ""НАЦИОНАЛЬНЫЙ МЕДИЦИНСКИЙ ИССЛЕДОВАТЕЛЬСКИЙ ЦЕНТР ИМЕНИ В.А. АЛМАЗОВА"" МИНИСТЕРСТВА ЗДРАВООХРАНЕНИЯ РОССИЙСКОЙ ФЕДЕРАЦИИ";"ФЕДЕРАЛЬНОЕ ГОСУДАРСТВЕННОЕ БЮДЖЕТНОЕ УЧРЕЖДЕНИЕ ""НАЦИОНАЛЬНЫЙ МЕДИЦИНСКИЙ ИССЛЕДОВАТЕЛЬСКИЙ ЦЕНТР ИМЕНИ В.А. АЛМАЗОВА"" МИНИСТЕРСТВА ЗДРАВООХРАНЕНИЯ РОССИЙСКОЙ ФЕДЕРАЦИИ";17.02.2026;02.03.2026;Закупка завершена;;;26.02.2026;
44-ФЗ;№0372100049626000100;Электронный аукцион;Поставка стент-графта эндоваскулярного для абдоминальной аорты;;'261780203042978140100100140550000244;;;6835583.00;RUB;0;;;;;;"ФЕДЕРАЛЬНОЕ ГОСУДАРСТВЕННОЕ БЮДЖЕТНОЕ УЧРЕЖДЕНИЕ ""НАЦИОНАЛЬНЫЙ МЕДИЦИНСКИЙ ИССЛЕДОВАТЕЛЬСКИЙ ЦЕНТР ИМЕНИ В.А. АЛМАЗОВА"" МИНИСТЕРСТВА ЗДРАВООХРАНЕНИЯ РОССИЙСКОЙ ФЕДЕРАЦИИ";"ФЕДЕРАЛЬНОЕ ГОСУДАРСТВЕННОЕ БЮДЖЕТНОЕ УЧРЕЖДЕНИЕ ""НАЦИОНАЛЬНЫЙ МЕДИЦИНСКИЙ ИССЛЕДОВАТЕЛЬСКИЙ ЦЕНТР ИМЕНИ В.А. АЛМАЗОВА"" МИНИСТЕРСТВА ЗДРАВООХРАНЕНИЯ РОССИЙСКОЙ ФЕДЕРАЦИИ";18.02.2026;02.03.2026;Закупка завершена;;;27.02.2026;
44-ФЗ;№0372100049626000079;Электронный аукцион;Поставка материалов для эмболизации сосудов головного мозга;;'261780203042978140100100140330000244;;;6759497.73;RUB;0;;;;;;"ФЕДЕРАЛЬНОЕ ГОСУДАРСТВЕННОЕ БЮДЖЕТНОЕ УЧРЕЖДЕНИЕ ""НАЦИОНАЛЬНЫЙ МЕДИЦИНСКИЙ ИССЛЕДОВАТЕЛЬСКИЙ ЦЕНТР ИМЕНИ В.А. АЛМАЗОВА"" МИНИСТЕРСТВА ЗДРАВООХРАНЕНИЯ РОССИЙСКОЙ ФЕДЕРАЦИИ";"ФЕДЕРАЛЬНОЕ ГОСУДАРСТВЕННОЕ БЮДЖЕТНОЕ УЧРЕЖДЕНИЕ ""НАЦИОНАЛЬНЫЙ МЕДИЦИНСКИЙ ИССЛЕДОВАТЕЛЬСКИЙ ЦЕНТР ИМЕНИ В.А. АЛМАЗОВА"" МИНИСТЕРСТВА ЗДРАВООХРАНЕНИЯ РОССИЙСКОЙ ФЕДЕРАЦИИ";17.02.2026;02.03.2026;Закупка завершена;;;27.02.2026;
44-ФЗ;№0372100049626000096;Электронный аукцион;Поставка микрокатетеров для периферических/коронарных сосудов;;'261780203042978140100100140460000244;;;12525387.83;RUB;0;;;;;;"ФЕДЕРАЛЬНОЕ ГОСУДАРСТВЕННОЕ БЮДЖЕТНОЕ УЧРЕЖДЕНИЕ ""НАЦИОНАЛЬНЫЙ МЕДИЦИНСКИЙ ИССЛЕДОВАТЕЛЬСКИЙ ЦЕНТР ИМЕНИ В.А. АЛМАЗОВА"" МИНИСТЕРСТВА ЗДРАВООХРАНЕНИЯ РОССИЙСКОЙ ФЕДЕРАЦИИ";"ФЕДЕРАЛЬНОЕ ГОСУДАРСТВЕННОЕ БЮДЖЕТНОЕ УЧРЕЖДЕНИЕ ""НАЦИОНАЛЬНЫЙ МЕДИЦИНСКИЙ ИССЛЕДОВАТЕЛЬСКИЙ ЦЕНТР ИМЕНИ В.А. АЛМАЗОВА"" МИНИСТЕРСТВА ЗДРАВООХРАНЕНИЯ РОССИЙСКОЙ ФЕДЕРАЦИИ";18.02.2026;02.03.2026;Закупка завершена;;;27.02.2026;
44-ФЗ;№0304200022826000061;Запрос котировок в электронной форме;"Оказание услуг по организации и проведению ""Межрегионального слета казачьей молодежи""";;'262072500910607250100100070049329244;;;5081870.00;RUB;0;;;;;;"ГОСУДАРСТВЕННОЕ БЮДЖЕТНОЕ УЧРЕЖДЕНИЕ ""МНОГОФУНКЦИОНАЛЬНЫЙ МОЛОДЕЖНЫЙ ЦЕНТР"" КАБАРДИНО-БАЛКАРСКОЙ РЕСПУБЛИКИ";"ГОСУДАРСТВЕННОЕ БЮДЖЕТНОЕ УЧРЕЖДЕНИЕ ""МНОГОФУНКЦИОНАЛЬНЫЙ МОЛОДЕЖНЫЙ ЦЕНТР"" КАБАРДИНО-БАЛКАРСКОЙ РЕСПУБЛИКИ";19.02.2026;02.03.2026;Закупка завершена;;;27.02.2026;
44-ФЗ;№0372100033826000005;Запрос котировок в электронной форме;Оказание услуг по комплексному техническому обслуживанию медицинского оборудования для лучевой диагностики (магнито-резонансный томограф, томограф рентгеновский компьютерный, ангиограф, рентгеновские аппараты) для нужд ФГБУ «СПб НИИФ» Минздрава России в 2026 году;;'261781502228878420100100050050000244;;;6664765.00;RUB;0;;;;;;"ФЕДЕРАЛЬНОЕ ГОСУДАРСТВЕННОЕ БЮДЖЕТНОЕ УЧРЕЖДЕНИЕ ""САНКТ-ПЕТЕРБУРГСКИЙ НАУЧНО-ИССЛЕДОВАТЕЛЬСКИЙ ИНСТИТУТ ФТИЗИОПУЛЬМОНОЛОГИИ"" МИНИСТЕРСТВА ЗДРАВООХРАНЕНИЯ РОССИЙСКОЙ ФЕДЕРАЦИИ";"ФЕДЕРАЛЬНОЕ ГОСУДАРСТВЕННОЕ БЮДЖЕТНОЕ УЧРЕЖДЕНИЕ ""САНКТ-ПЕТЕРБУРГСКИЙ НАУЧНО-ИССЛЕДОВАТЕЛЬСКИЙ ИНСТИТУТ ФТИЗИОПУЛЬМОНОЛОГИИ"" МИНИСТЕРСТВА ЗДРАВООХРАНЕНИЯ РОССИЙСКОЙ ФЕДЕРАЦИИ";12.02.2026;02.03.2026;Закупка завершена;;;19.02.2026;
44-ФЗ;№0163600006726000003;Открытый конкурс в электронной форме;Ремонт автомобильной дороги по ул. Больничная в с. Темкино;;'263670002745767000100100110114211244;;;9907745.74;RUB;0;;;;;;"АДМИНИСТРАЦИЯ МУНИЦИПАЛЬНОГО ОБРАЗОВАНИЯ ""ТЕМКИНСКИЙ МУНИЦИПАЛЬНЫЙ ОКРУГ"" СМОЛЕНСКОЙ ОБЛАСТИ";"АДМИНИСТРАЦИЯ МУНИЦИПАЛЬНОГО ОБРАЗОВАНИЯ ""ТЕМКИНСКИЙ МУНИЦИПАЛЬНЫЙ ОКРУГ"" СМОЛЕНСКОЙ ОБЛАСТИ";09.02.2026;02.03.2026;Закупка завершена;;;25.02.2026;
44-ФЗ;№0335200014926000299;Электронный аукцион;на поставку лекарственных препаратов для медицинского применения (МНН: ЭМПЭГФИЛГРАСТИМ);;'262390801098639060100100050310000244;;;10800160.80;RUB;0;;;;;;"ГОСУДАРСТВЕННОЕ БЮДЖЕТНОЕ УЧРЕЖДЕНИЕ ЗДРАВООХРАНЕНИЯ КАЛИНИНГРАДСКОЙ ОБЛАСТИ ""ЦЕНТРАЛЬНАЯ ГОРОДСКАЯ КЛИНИЧЕСКАЯ БОЛЬНИЦА""";"ГОСУДАРСТВЕННОЕ КАЗЕННОЕ УЧРЕЖДЕНИЕ КАЛИНИНГРАДСКОЙ ОБЛАСТИ ""ЦЕНТР ОБЕСПЕЧЕНИЯ ОРГАНИЗАЦИИ И ПРОВЕДЕНИЯ ТОРГОВ""";13.02.2026;02.03.2026;Закупка завершена;;;26.02.2026;
44-ФЗ;№0348200081026000821;Электронный аукцион;Поставка медицинского оборудования - лот 32.1.3;;'262502406865650240100107850012740244;;;5491971.66;RUB;0;;;;;;"ГОСУДАРСТВЕННОЕ КАЗЕННОЕ УЧРЕЖДЕНИЕ МОСКОВСКОЙ ОБЛАСТИ ""ДИРЕКЦИЯ ЕДИНОГО ЗАКАЗЧИКА МИНИСТЕРСТВА ЗДРАВООХРАНЕНИЯ МОСКОВСКОЙ ОБЛАСТИ""";"ГОСУДАРСТВЕННОЕ КАЗЕННОЕ УЧРЕЖДЕНИЕ МОСКОВСКОЙ ОБЛАСТИ ""ДИРЕКЦИЯ ЕДИНОГО ЗАКАЗЧИКА МИНИСТЕРСТВА ЗДРАВООХРАНЕНИЯ МОСКОВСКОЙ ОБЛАСТИ""";19.02.2026;02.03.2026;Закупка завершена;;;27.02.2026;
44-ФЗ;№0818500000826000967;Электронный аукцион;Оказание услуг по техническому обслуживанию и ремонту электронного и оптического оборудования с заменой запасных частей;;'262230910215323090100100050063313244;;;30000000.00;RUB;0;;;;;;"ГОСУДАРСТВЕННОЕ БЮДЖЕТНОЕ УЧРЕЖДЕНИЕ ЗДРАВООХРАНЕНИЯ ""КЛИНИЧЕСКИЙ ОНКОЛОГИЧЕСКИЙ ДИСПАНСЕР № 1"" МИНИСТЕРСТВА ЗДРАВООХРАНЕНИЯ КРАСНОДАРСКОГО КРАЯ";"ГОСУДАРСТВЕННОЕ КАЗЕННОЕ УЧРЕЖДЕНИЕ КРАСНОДАРСКОГО КРАЯ ""ДИРЕКЦИЯ ГОСУДАРСТВЕННЫХ ЗАКУПОК""";18.02.2026;02.03.2026;Закупка завершена;;;26.02.2026;
44-ФЗ;№0207100000126000038;Открытый конкурс в электронной форме;Выполнение работ по изготовлению протеза бедра модульного с микропроцессорным управлением в целях социального обеспечения граждан;;'261110147140011010100100990013250323;;;5416053.00;RUB;0;;;;;;ОТДЕЛЕНИЕ ФОНДА ПЕНСИОННОГО И СОЦИАЛЬНОГО СТРАХОВАНИЯ РОССИЙСКОЙ ФЕДЕРАЦИИ ПО РЕСПУБЛИКЕ КОМИ;ОТДЕЛЕНИЕ ФОНДА ПЕНСИОННОГО И СОЦИАЛЬНОГО СТРАХОВАНИЯ РОССИЙСКОЙ ФЕДЕРАЦИИ ПО РЕСПУБЛИКЕ КОМИ;10.02.2026;02.03.2026;Закупка завершена;;;26.02.2026;
44-ФЗ;№0818500000826000970;Электронный аукцион;Оказание услуг по организации и проведению среди субъектов агропромышленного комплекса агропромышленной сезонной выставки «Кубанская ярмарка - Весенняя» в 2026 году;;'262230803001923080100100130018230244;;;63195314.39;RUB;0;;;;;;МИНИСТЕРСТВО СЕЛЬСКОГО ХОЗЯЙСТВА И ПЕРЕРАБАТЫВАЮЩЕЙ ПРОМЫШЛЕННОСТИ КРАСНОДАРСКОГО КРАЯ;"ГОСУДАРСТВЕННОЕ КАЗЕННОЕ УЧРЕЖДЕНИЕ КРАСНОДАРСКОГО КРАЯ ""ДИРЕКЦИЯ ГОСУДАРСТВЕННЫХ ЗАКУПОК""";18.02.2026;02.03.2026;Закупка завершена;;;26.02.2026;
44-ФЗ;№0818500000826000532;Открытый конкурс в электронной форме;"Благоустройство объекта: «Аллея 35-лет Победы», расположенного по адресу: Российская Федерация, Краснодарский край, Гулькевичский район, х. Чаплыгин, ул. Советская» (1 этап); шифр регионального проекта Краснодарского края 14И4010701974";;'263232901980223290100100030014399244;;;40433014.98;RUB;0;;;;;;АДМИНИСТРАЦИЯ СЕЛЬСКОГО ПОСЕЛЕНИЯ СОЮЗ ЧЕТЫРЕХ ХУТОРОВ ГУЛЬКЕВИЧСКОГО МУНИЦИПАЛЬНОГО РАЙОНА КРАСНОДАРСКОГО КРАЯ;"ГОСУДАРСТВЕННОЕ КАЗЕННОЕ УЧРЕЖДЕНИЕ КРАСНОДАРСКОГО КРАЯ ""ДИРЕКЦИЯ ГОСУДАРСТВЕННЫХ ЗАКУПОК""";04.02.2026;02.03.2026;Закупка завершена;;;25.02.2026;
44-ФЗ;№0818500000826000829;Запрос котировок в электронной форме;Поставка смеси на основе гидролизованного белка для детского питания;;'262230905305823100100104930011086323;;;7430271.33;RUB;0;;;;;;МИНИСТЕРСТВО ЗДРАВООХРАНЕНИЯ КРАСНОДАРСКОГО КРАЯ;"ГОСУДАРСТВЕННОЕ КАЗЕННОЕ УЧРЕЖДЕНИЕ КРАСНОДАРСКОГО КРАЯ ""ДИРЕКЦИЯ ГОСУДАРСТВЕННЫХ ЗАКУПОК""";16.02.2026;02.03.2026;Закупка завершена;;;26.02.2026;
44-ФЗ;№0818500000826000772;Электронный аукцион;Поставка медицинских изделий (Датчик внутрисосудистый для системы ультразвуковой визуализации, одноразового использования);;'263230109751123010100100850012660244;;;11143666.35;RUB;0;;;;;;"ГОСУДАРСТВЕННОЕ БЮДЖЕТНОЕ УЧРЕЖДЕНИЕ ЗДРАВООХРАНЕНИЯ ""ГОРОДСКАЯ БОЛЬНИЦА ГОРОДА АНАПЫ"" МИНИСТЕРСТВА ЗДРАВООХРАНЕНИЯ КРАСНОДАРСКОГО КРАЯ";"ГОСУДАРСТВЕННОЕ КАЗЕННОЕ УЧРЕЖДЕНИЕ КРАСНОДАРСКОГО КРАЯ ""ДИРЕКЦИЯ ГОСУДАРСТВЕННЫХ ЗАКУПОК""";13.02.2026;02.03.2026;Закупка завершена;;;27.02.2026;
44-ФЗ;№0818500000826000885;Электронный аукцион;Поставка лекарственных препаратов для медицинского применения: Дабрафениб;;'262230905305823100100105590012120323;;;49728720.00;RUB;0;;;;;;МИНИСТЕРСТВО ЗДРАВООХРАНЕНИЯ КРАСНОДАРСКОГО КРАЯ;"ГОСУДАРСТВЕННОЕ КАЗЕННОЕ УЧРЕЖДЕНИЕ КРАСНОДАРСКОГО КРАЯ ""ДИРЕКЦИЯ ГОСУДАРСТВЕННЫХ ЗАКУПОК""";16.02.2026;02.03.2026;Закупка завершена;;;26.02.2026;
44-ФЗ;№0818500000826000816;Электронный аукцион;Поставка медицинского изделия для урологических манипуляций (Уретерореноскоп);;'262231101050223110100100810013250244;;;6312708.50;RUB;0;;;;;;"ГОСУДАРСТВЕННОЕ БЮДЖЕТНОЕ УЧРЕЖДЕНИЕ ЗДРАВООХРАНЕНИЯ ""КРАЕВАЯ КЛИНИЧЕСКАЯ БОЛЬНИЦА № 2"" МИНИСТЕРСТВА ЗДРАВООХРАНЕНИЯ КРАСНОДАРСКОГО КРАЯ";"ГОСУДАРСТВЕННОЕ КАЗЕННОЕ УЧРЕЖДЕНИЕ КРАСНОДАРСКОГО КРАЯ ""ДИРЕКЦИЯ ГОСУДАРСТВЕННЫХ ЗАКУПОК""";13.02.2026;02.03.2026;Закупка завершена;;;26.02.2026;
44-ФЗ;№0818500000826000860;Электронный аукцион;Поставка лекарственных препаратов для медицинского применения: МНН НАТРИЯ ХЛОРИД;;'262231001694223100100101170022120244;;;9950000.00;RUB;0;;;;;;"ГОСУДАРСТВЕННОЕ БЮДЖЕТНОЕ УЧРЕЖДЕНИЕ ЗДРАВООХРАНЕНИЯ ""СПЕЦИАЛИЗИРОВАННАЯ КЛИНИЧЕСКАЯ ИНФЕКЦИОННАЯ БОЛЬНИЦА"" МИНИСТЕРСТВА ЗДРАВООХРАНЕНИЯ КРАСНОДАРСКОГО КРАЯ";"ГОСУДАРСТВЕННОЕ КАЗЕННОЕ УЧРЕЖДЕНИЕ КРАСНОДАРСКОГО КРАЯ ""ДИРЕКЦИЯ ГОСУДАРСТВЕННЫХ ЗАКУПОК""";16.02.2026;02.03.2026;Закупка завершена;;;26.02.2026;
44-ФЗ;№0818500000826000927;Электронный аукцион;Поставка лекарственных препаратов для медицинского применения: Фентанил;;'262230905305823100100105570012120244;;;9628584.00;RUB;0;;;;;;МИНИСТЕРСТВО ЗДРАВООХРАНЕНИЯ КРАСНОДАРСКОГО КРАЯ;"ГОСУДАРСТВЕННОЕ КАЗЕННОЕ УЧРЕЖДЕНИЕ КРАСНОДАРСКОГО КРАЯ ""ДИРЕКЦИЯ ГОСУДАРСТВЕННЫХ ЗАКУПОК""";17.02.2026;02.03.2026;Закупка завершена;;;27.02.2026;
44-ФЗ;№0818500000826000527;Открытый конкурс в электронной форме на проведение работ по строительству, реконструкции, кап. ремонту, сносу объекта кап. строительства в соответствии с п. 8 ч. 1 ст. 33 Закона № 44-ФЗ;"Капитальный ремонт водопроводной сети участков по улице Красная в границах улиц Красноармейская и Коммунаров ст. Стародеревянковской (нечетная сторона), и улица Мира в границах улиц Коммунаров и Вольная ст. Стародеревянковской (нечетная сторона); шифр регионального проекта Краснодарского края 19И3012802006";;'263233401966023340100100040024221243;;;10473505.71;RUB;0;;;;;;АДМИНИСТРАЦИЯ СТАРОДЕРЕВЯНКОВСКОГО СЕЛЬСКОГО ПОСЕЛЕНИЯ КАНЕВСКОГО МУНИЦИПАЛЬНОГО РАЙОНА КРАСНОДАРСКОГО КРАЯ;"ГОСУДАРСТВЕННОЕ КАЗЕННОЕ УЧРЕЖДЕНИЕ КРАСНОДАРСКОГО КРАЯ ""ДИРЕКЦИЯ ГОСУДАРСТВЕННЫХ ЗАКУПОК""";11.02.2026;02.03.2026;Закупка завершена;;;25.02.2026;
44-ФЗ;№0818500000826000871;Электронный аукцион;Поставка лекарственных препаратов для медицинского применения: Сорафениб;;'262230905305823100100105110012120323;;;14599424.00;RUB;0;;;;;;МИНИСТЕРСТВО ЗДРАВООХРАНЕНИЯ КРАСНОДАРСКОГО КРАЯ;"ГОСУДАРСТВЕННОЕ КАЗЕННОЕ УЧРЕЖДЕНИЕ КРАСНОДАРСКОГО КРАЯ ""ДИРЕКЦИЯ ГОСУДАРСТВЕННЫХ ЗАКУПОК""";16.02.2026;02.03.2026;Закупка завершена;;;26.02.2026;
44-ФЗ;№0818500000826000621;Открытый конкурс в электронной форме на проведение работ по строительству, реконструкции, кап. ремонту, сносу объекта кап. строительства в соответствии с п. 8 ч. 1 ст. 33 Закона № 44-ФЗ;"МБОУ СОШ № 20 им. И.С. Любимого с. Шепси. Капитальный ремонт здания школы.; шифр регионального проекта Краснодарского края 41Ю4013301943";;'263232202559623650100100070014120243;;;141120000.00;RUB;0;;;;;;"МУНИЦИПАЛЬНОЕ КАЗЕННОЕ УЧРЕЖДЕНИЕ ""УПРАВЛЕНИЕ СТРОИТЕЛЬСТВА МУНИЦИПАЛЬНЫХ ОБЪЕКТОВ""";"ГОСУДАРСТВЕННОЕ КАЗЕННОЕ УЧРЕЖДЕНИЕ КРАСНОДАРСКОГО КРАЯ ""ДИРЕКЦИЯ ГОСУДАРСТВЕННЫХ ЗАКУПОК""";06.02.2026;02.03.2026;Закупка завершена;;;25.02.2026;
44-ФЗ;№0818500000826000689;Открытый конкурс в электронной форме на проведение работ по строительству, реконструкции, кап. ремонту, сносу объекта кап. строительства в соответствии с п. 8 ч. 1 ст. 33 Закона № 44-ФЗ;"Капитальный ремонт канализации в с. Мысхако, по ул. Ленина, от жилого дома № 134 до ул. Школьная; шифр регионального проекта Краснодарского края 10И3012801994";;'263231510101323150100100020034221243;;;38334856.16;RUB;0;;;;;;УПРАВЛЕНИЕ ИМУЩЕСТВЕННЫХ И ЗЕМЕЛЬНЫХ ОТНОШЕНИЙ  АДМИНИСТРАЦИИ МУНИЦИПАЛЬНОГО ОБРАЗОВАНИЯ ГОРОД НОВОРОССИЙСК;"ГОСУДАРСТВЕННОЕ КАЗЕННОЕ УЧРЕЖДЕНИЕ КРАСНОДАРСКОГО КРАЯ ""ДИРЕКЦИЯ ГОСУДАРСТВЕННЫХ ЗАКУПОК""";10.02.2026;02.03.2026;Закупка завершена;;;27.02.2026;
44-ФЗ;№0818500000826000929;Электронный аукцион;Поставка лекарственных препаратов для медицинского применения: Фентанил;;'262230905305823100100105580012120244;;;6557385.60;RUB;0;;;;;;МИНИСТЕРСТВО ЗДРАВООХРАНЕНИЯ КРАСНОДАРСКОГО КРАЯ;"ГОСУДАРСТВЕННОЕ КАЗЕННОЕ УЧРЕЖДЕНИЕ КРАСНОДАРСКОГО КРАЯ ""ДИРЕКЦИЯ ГОСУДАРСТВЕННЫХ ЗАКУПОК""";17.02.2026;02.03.2026;Закупка завершена;;;27.02.2026;
44-ФЗ;№0818500000826000606;Открытый конкурс в электронной форме на проведение работ по строительству, реконструкции, кап. ремонту, сносу объекта кап. строительства в соответствии с п. 8 ч. 1 ст. 33 Закона № 44-ФЗ;Капитальный ремонт автомобильной дороги местного значения ст-ца Староминская по ул. Пугачева, от ул. Ленина до ул. Пушкина с тротуарами;;'263235000950023500100100070014211243;;;36850785.96;RUB;0;;;;;;АДМИНИСТРАЦИЯ СТАРОМИНСКОГО СЕЛЬСКОГО ПОСЕЛЕНИЯ СТАРОМИНСКОГО МУНИЦИПАЛЬНОГО РАЙОНА КРАСНОДАРСКОГО КРАЯ;"ГОСУДАРСТВЕННОЕ КАЗЕННОЕ УЧРЕЖДЕНИЕ КРАСНОДАРСКОГО КРАЯ ""ДИРЕКЦИЯ ГОСУДАРСТВЕННЫХ ЗАКУПОК""";06.02.2026;02.03.2026;Закупка завершена;;;25.02.2026;
44-ФЗ;№0818500000826000890;Электронный аукцион;Поставка лекарственных препаратов для медицинского применения: Осимертиниб;;'262230905305823100100105340012120323;;;14553000.00;RUB;0;;;;;;МИНИСТЕРСТВО ЗДРАВООХРАНЕНИЯ КРАСНОДАРСКОГО КРАЯ;"ГОСУДАРСТВЕННОЕ КАЗЕННОЕ УЧРЕЖДЕНИЕ КРАСНОДАРСКОГО КРАЯ ""ДИРЕКЦИЯ ГОСУДАРСТВЕННЫХ ЗАКУПОК""";16.02.2026;02.03.2026;Закупка завершена;;;26.02.2026;
44-ФЗ;№0818500000826000954;Электронный аукцион;Поставка лекарственных препаратов для медицинского применения: Вакцина для профилактики дизентерии;;'262230905305823100100106020012120244;;;6351040.00;RUB;0;;;;;;МИНИСТЕРСТВО ЗДРАВООХРАНЕНИЯ КРАСНОДАРСКОГО КРАЯ;"ГОСУДАРСТВЕННОЕ КАЗЕННОЕ УЧРЕЖДЕНИЕ КРАСНОДАРСКОГО КРАЯ ""ДИРЕКЦИЯ ГОСУДАРСТВЕННЫХ ЗАКУПОК""";18.02.2026;02.03.2026;Закупка завершена;;;27.02.2026;
44-ФЗ;№0307100002326000022;Электронный аукцион;Блочно-модульная котельная;;'261110146514911010100100120012521244;;;74867956.33;RUB;0;;;;;;УПРАВЛЕНИЕ ФЕДЕРАЛЬНОЙ СЛУЖБЫ ИСПОЛНЕНИЯ НАКАЗАНИЙ ПО РЕСПУБЛИКЕ КОМИ;УПРАВЛЕНИЕ ФЕДЕРАЛЬНОЙ СЛУЖБЫ ИСПОЛНЕНИЯ НАКАЗАНИЙ ПО РЕСПУБЛИКЕ КОМИ;12.02.2026;02.03.2026;Закупка завершена;;;27.02.2026;
44-ФЗ;№0818500000826000813;Электронный аукцион;Поставка медицинских изделий (Наборы реагентов и материалов для лаборатории клинической иммунологии);;'262231104008823110100102810010000244;;;11525421.90;RUB;0;;;;;;"ГОСУДАРСТВЕННОЕ БЮДЖЕТНОЕ УЧРЕЖДЕНИЕ ЗДРАВООХРАНЕНИЯ ""НАУЧНО-ИССЛЕДОВАТЕЛЬСКИЙ ИНСТИТУТ - КРАЕВАЯ КЛИНИЧЕСКАЯ БОЛЬНИЦА № 1 ИМЕНИ ПРОФЕССОРА С.В.ОЧАПОВСКОГО"" МИНИСТЕРСТВА ЗДРАВООХРАНЕНИЯ КРАСНОДАРСКОГО КРАЯ";"ГОСУДАРСТВЕННОЕ КАЗЕННОЕ УЧРЕЖДЕНИЕ КРАСНОДАРСКОГО КРАЯ ""ДИРЕКЦИЯ ГОСУДАРСТВЕННЫХ ЗАКУПОК""";13.02.2026;02.03.2026;Закупка завершена;;;26.02.2026;
44-ФЗ;№0818500000826000958;Электронный аукцион;Поставка лекарственных препаратов для медицинского применения: Иммуноглобулин человека нормальный;;'262230905305823100100104890012120323;;;59995640.00;RUB;0;;;;;;МИНИСТЕРСТВО ЗДРАВООХРАНЕНИЯ КРАСНОДАРСКОГО КРАЯ;"ГОСУДАРСТВЕННОЕ КАЗЕННОЕ УЧРЕЖДЕНИЕ КРАСНОДАРСКОГО КРАЯ ""ДИРЕКЦИЯ ГОСУДАРСТВЕННЫХ ЗАКУПОК""";18.02.2026;02.03.2026;Закупка завершена;;;27.02.2026;
44-ФЗ;№0190300001326000049;Электронный аукцион;Выполнение комплекса работ по содержанию цветников и клумб на территории г. Тарко-Сале;;'263891102465089110100100190018130244;;;9728150.00;RUB;0;;;;;;"МУНИЦИПАЛЬНОЕ КАЗЕННОЕ УЧРЕЖДЕНИЕ ""УПРАВЛЕНИЕ ГОРОДСКОГО ХОЗЯЙСТВА""";АДМИНИСТРАЦИЯ ПУРОВСКОГО РАЙОНА;19.02.2026;02.03.2026;Закупка завершена;;;27.02.2026;
44-ФЗ;№0373200024426000254;Электронный аукцион;Поставка расходных материалов для отделения РХМД ;;'262772000185077200100102620010000244;;;19996515.48;RUB;0;;;;;;"ГОСУДАРСТВЕННОЕ БЮДЖЕТНОЕ УЧРЕЖДЕНИЕ ЗДРАВООХРАНЕНИЯ ГОРОДА МОСКВЫ ""ГОРОДСКАЯ КЛИНИЧЕСКАЯ БОЛЬНИЦА № 15 ИМЕНИ О.М. ФИЛАТОВА ДЕПАРТАМЕНТА ЗДРАВООХРАНЕНИЯ ГОРОДА МОСКВЫ""";"ГОСУДАРСТВЕННОЕ БЮДЖЕТНОЕ УЧРЕЖДЕНИЕ ЗДРАВООХРАНЕНИЯ ГОРОДА МОСКВЫ ""ГОРОДСКАЯ КЛИНИЧЕСКАЯ БОЛЬНИЦА № 15 ИМЕНИ О.М. ФИЛАТОВА ДЕПАРТАМЕНТА ЗДРАВООХРАНЕНИЯ ГОРОДА МОСКВЫ""";16.02.2026;02.03.2026;Закупка завершена;;;26.02.2026;
44-ФЗ;№0131200001026000408;Электронный аукцион;2026-00432/ Выполнение работ по ремонту автомобильных дорог, искусственных дорожных сооружений (организация рубежа контроля с применением работающего в автоматическом режиме стационарного специального технического средства, имеющего функции фото- и киносъемки, видеозаписи для фиксации нарушений ПДД РФ);;'262366309625336630100100060010000242;;;11059702.25;RUB;0;;;;;;"КАЗЕННОЕ УЧРЕЖДЕНИЕ ВОРОНЕЖСКОЙ ОБЛАСТИ ""РЕГИОНАЛЬНЫЙ ЦЕНТР БЕЗОПАСНОСТИ""";МИНИСТЕРСТВО ПО РЕГУЛИРОВАНИЮ КОНТРАКТНОЙ СИСТЕМЫ В СФЕРЕ ЗАКУПОК ВОРОНЕЖСКОЙ ОБЛАСТИ;18.02.2026;02.03.2026;Закупка завершена;;;26.02.2026;
44-ФЗ;№0373200573826000002;Электронный аукцион;Поставка мебели для ГБПОУ «МК № 7» в 2026 году;;'262770943669677090100100100010000244;;;15078667.35;RUB;0;;;;;;"ГОСУДАРСТВЕННОЕ БЮДЖЕТНОЕ ПРОФЕССИОНАЛЬНОЕ ОБРАЗОВАТЕЛЬНОЕ УЧРЕЖДЕНИЕ ГОРОДА МОСКВЫ ""МЕДИЦИНСКИЙ КОЛЛЕДЖ № 7""";"ГОСУДАРСТВЕННОЕ БЮДЖЕТНОЕ ПРОФЕССИОНАЛЬНОЕ ОБРАЗОВАТЕЛЬНОЕ УЧРЕЖДЕНИЕ ГОРОДА МОСКВЫ ""МЕДИЦИНСКИЙ КОЛЛЕДЖ № 7""";18.02.2026;02.03.2026;Закупка завершена;;;26.02.2026;
44-ФЗ;№0335100015626000070;Электронный аукцион;оказание услуг по техническому обслуживанию оборудования;;'261391751345739170100100120050000244;;;33697300.00;RUB;0;;;;;;"ФЕДЕРАЛЬНОЕ ГОСУДАРСТВЕННОЕ БЮДЖЕТНОЕ УЧРЕЖДЕНИЕ ""ФЕДЕРАЛЬНЫЙ ЦЕНТР ВЫСОКИХ МЕДИЦИНСКИХ ТЕХНОЛОГИЙ"" МИНИСТЕРСТВА ЗДРАВООХРАНЕНИЯ РОССИЙСКОЙ ФЕДЕРАЦИИ (Г. КАЛИНИНГРАД)";"ФЕДЕРАЛЬНОЕ ГОСУДАРСТВЕННОЕ БЮДЖЕТНОЕ УЧРЕЖДЕНИЕ ""ФЕДЕРАЛЬНЫЙ ЦЕНТР ВЫСОКИХ МЕДИЦИНСКИХ ТЕХНОЛОГИЙ"" МИНИСТЕРСТВА ЗДРАВООХРАНЕНИЯ РОССИЙСКОЙ ФЕДЕРАЦИИ (Г. КАЛИНИНГРАД)";19.02.2026;02.03.2026;Закупка завершена;;;27.02.2026;
44-ФЗ;№0172200002526000024;Электронный аукцион;Поставка № 40 лекарственного препарата ПАЛБОЦИКЛИБ для обеспечения отдельных категорий граждан  в 2026 году.;;'262780804383378410100100100012120323;;;298905934.32;RUB;0;;;;;;КОМИТЕТ ПО ЗДРАВООХРАНЕНИЮ;КОМИТЕТ ПО ГОСУДАРСТВЕННОМУ ЗАКАЗУ САНКТ-ПЕТЕРБУРГА;18.02.2026;02.03.2026;Закупка завершена;;;26.02.2026;
44-ФЗ;№0145300021126000002;Запрос котировок в электронной форме;Устройство покрытия из тротуарной плитки. Спортивный парк в районе д.19-21 в пос. Петровское Приозерского района Ленинградской области;;'263471203932647120100100020014299244;;;5911933.64;RUB;0;;;;;;АДМИНИСТРАЦИЯ ПЕТРОВСКОГО СЕЛЬСКОГО ПОСЕЛЕНИЯ ПРИОЗЕРСКОГО МУНИЦИПАЛЬНОГО РАЙОНА ЛЕНИНГРАДСКОЙ ОБЛАСТИ;АДМИНИСТРАЦИЯ ПЕТРОВСКОГО СЕЛЬСКОГО ПОСЕЛЕНИЯ ПРИОЗЕРСКОГО МУНИЦИПАЛЬНОГО РАЙОНА ЛЕНИНГРАДСКОЙ ОБЛАСТИ;19.02.2026;02.03.2026;Закупка завершена;;;27.02.2026;
44-ФЗ;№0173100001526000005;Электронный аукцион;Поставка джемперов;;'261773017661077300100100230011439244;;;10512150.00;RUB;0;;;;;;ФЕДЕРАЛЬНАЯ ТАМОЖЕННАЯ СЛУЖБА;ФЕДЕРАЛЬНАЯ ТАМОЖЕННАЯ СЛУЖБА;18.02.2026;02.03.2026;Закупка завершена;;;26.02.2026;
44-ФЗ;№0848300066526000001;Открытый конкурс в электронной форме;Выполнение работ по текущему ремонту автомобильных дорог общего пользования местного значения на территории городского округа Фрязино;;'263505200212850500100100050014211244;;;21161056.02;RUB;0;;;;;;АДМИНИСТРАЦИЯ ГОРОДСКОГО ОКРУГА ФРЯЗИНО;"МУНИЦИПАЛЬНОЕ КАЗЕННОЕ УЧРЕЖДЕНИЕ ГОРОДА ФРЯЗИНО ""ЦЕНТР МУНИЦИПАЛЬНЫХ ЗАКУПОК""";09.02.2026;02.03.2026;Закупка завершена;;;25.02.2026;
44-ФЗ;№0848300060526000026;Запрос котировок в электронной форме;Оказание услуг по аренде спецтехники с экипажем (самосвал, погрузчик фронтальный,мини-погрузчик);;'263504012755650400100100250014941244;;;9999999.00;RUB;0;;;;;;"МУНИЦИПАЛЬНОЕ БЮДЖЕТНОЕ УЧРЕЖДЕНИЕ ГОРОДСКОГО ОКРУГА ЖУКОВСКИЙ ""ГОРОДСКОЕ ХОЗЯЙСТВО""";"МУНИЦИПАЛЬНОЕ КАЗЕННОЕ УЧРЕЖДЕНИЕ ""МОНИТОРИНГ И ОРГАНИЗАЦИЯ ЗАКУПОК ГОРОДСКОГО ОКРУГА ЖУКОВСКИЙ""";19.02.2026;02.03.2026;Закупка завершена;;;27.02.2026;
44-ФЗ;№0337100018826000045;Электронный аукцион;Поставка медицинских изделий для травматологии (ЛОТ 1) ;;'261402500217340250100100400013250244;;;19990000.00;RUB;0;;;;;;"ФЕДЕРАЛЬНОЕ ГОСУДАРСТВЕННОЕ БЮДЖЕТНОЕ УЧРЕЖДЕНИЕ ЗДРАВООХРАНЕНИЯ ""КЛИНИЧЕСКАЯ БОЛЬНИЦА № 8 ФЕДЕРАЛЬНОГО МЕДИКО-БИОЛОГИЧЕСКОГО АГЕНТСТВА""";"ФЕДЕРАЛЬНОЕ ГОСУДАРСТВЕННОЕ БЮДЖЕТНОЕ УЧРЕЖДЕНИЕ ЗДРАВООХРАНЕНИЯ ""КЛИНИЧЕСКАЯ БОЛЬНИЦА № 8 ФЕДЕРАЛЬНОГО МЕДИКО-БИОЛОГИЧЕСКОГО АГЕНТСТВА""";18.02.2026;02.03.2026;Закупка завершена;;;26.02.2026;
44-ФЗ;№0131200001026000415;Электронный аукцион;2026-00534/*Поставка лекарственного препарата для медицинского применения Даклатасвир;;262365200277536520100100060022120244, 262366204418936650100100330042120244, 262366401040336640100100060042120244;;;18281084.64;RUB;0;;;;;;;МИНИСТЕРСТВО ПО РЕГУЛИРОВАНИЮ КОНТРАКТНОЙ СИСТЕМЫ В СФЕРЕ ЗАКУПОК ВОРОНЕЖСКОЙ ОБЛАСТИ;19.02.2026;02.03.2026;Закупка завершена;;;27.02.2026;
44-ФЗ;№0848300051126000009;Открытый конкурс в электронной форме;Выполнение работ по ремонту дворовых территорий в городском округе Лыткарино Московской области в 2026 году;;'263502611720350270100100380014299244;;;45252317.92;RUB;0;;;;;;УПРАВЛЕНИЕ ЖИЛИЩНО-КОММУНАЛЬНОГО ХОЗЯЙСТВА И РАЗВИТИЯ ГОРОДСКОЙ ИНФРАСТРУКТУРЫ ГОРОДА ЛЫТКАРИНО;"МУНИЦИПАЛЬНОЕ КАЗЕННОЕ УЧРЕЖДЕНИЕ ""КОМИТЕТ ПО ТОРГАМ ГОРОДА ЛЫТКАРИНО""";09.02.2026;02.03.2026;Закупка завершена;;;27.02.2026;
44-ФЗ;№0173100006426000075;Электронный аукцион;Наименование объекта закупки	Предоставление на условиях простой (неисключительной) лицензии права использования программ для ЭВМ для системы автоматического распознавания атак и реагирования на действия атакующих в ИТ-инфраструктуре и комплексной системы обеспечения информационной безопасности Министерства сельского хозяйства Российской Федерации, а также на предоставление права на получение технической поддержки указанных программ для ЭВМ;;'261770807545477080100100220025829242;;;19125640.00;RUB;0;;;;;;МИНИСТЕРСТВО СЕЛЬСКОГО ХОЗЯЙСТВА РОССИЙСКОЙ ФЕДЕРАЦИИ;МИНИСТЕРСТВО СЕЛЬСКОГО ХОЗЯЙСТВА РОССИЙСКОЙ ФЕДЕРАЦИИ;18.02.2026;02.03.2026;Закупка завершена;;;26.02.2026;
44-ФЗ;№0127200000226000801;Электронный аукцион;Закупка в целях осуществления мероприятий, направленных на снижение управляемых инфекций;;'262320100491732570100100090120000244;;;15200040.00;RUB;0;;;;;;ДЕПАРТАМЕНТ ЗДРАВООХРАНЕНИЯ БРЯНСКОЙ ОБЛАСТИ;УПРАВЛЕНИЕ ГОСУДАРСТВЕННЫХ ЗАКУПОК БРЯНСКОЙ ОБЛАСТИ;17.02.2026;02.03.2026;Закупка завершена;;;26.02.2026;
44-ФЗ;№0127200000226000834;Электронный аукцион;оказание услуг по предоставлению сервисов центра обработки данных;;'262325051182132570100100100016311244;;;7670320.16;RUB;0;;;;;;ДЕПАРТАМЕНТ ЭКОНОМИЧЕСКОГО РАЗВИТИЯ БРЯНСКОЙ ОБЛАСТИ;УПРАВЛЕНИЕ ГОСУДАРСТВЕННЫХ ЗАКУПОК БРЯНСКОЙ ОБЛАСТИ;18.02.2026;02.03.2026;Закупка завершена;;;26.02.2026;
44-ФЗ;№0108500000426000755;Электронный аукцион;Поставка изделий медицинского назначения: центральная мониторная система с мониторами пациента (включая ввод в эксплуатацию медицинских изделий, обучение правилам эксплуатации специалистов, эксплуатирующих медицинские изделия);;'262121501971912150100100230012660244;;;15320000.00;RUB;0;;;;;;"ГОСУДАРСТВЕННОЕ БЮДЖЕТНОЕ УЧРЕЖДЕНИЕ РЕСПУБЛИКИ МАРИЙ ЭЛ ""ЙОШКАР-ОЛИНСКАЯ ГОРОДСКАЯ КЛИНИЧЕСКАЯ БОЛЬНИЦА""";КОМИТЕТ ПО РЕГУЛИРОВАНИЮ КОНТРАКТНОЙ СИСТЕМЫ В СФЕРЕ ЗАКУПОК РЕСПУБЛИКИ МАРИЙ ЭЛ;19.02.2026;02.03.2026;Закупка завершена;;;27.02.2026;
44-ФЗ;№0108500000426000704;Электронный аукцион;Благоустройство общественной территории вблизи МКД №53 по ул. Ленина;;'263120300585612030100100060014399244;;;5460570.00;RUB;0;;;;;;ЗВЕНИГОВСКАЯ ГОРОДСКАЯ АДМИНИСТРАЦИЯ ЗВЕНИГОВСКОГО МУНИЦИПАЛЬНОГО РАЙОНА РЕСПУБЛИКИ МАРИЙ ЭЛ;КОМИТЕТ ПО РЕГУЛИРОВАНИЮ КОНТРАКТНОЙ СИСТЕМЫ В СФЕРЕ ЗАКУПОК РЕСПУБЛИКИ МАРИЙ ЭЛ;18.02.2026;02.03.2026;Закупка завершена;;;27.02.2026;
44-ФЗ;№0127200000226000800;Электронный аукцион;Закупка лекарственных препаратов, изделий медицинского назначения, продуктов специализированного питания в целях обеспечения при амбулаторном лечении граждан в соответствии с территориальной программой государственных гарантий оказания населению Брянской области бесплатной медицинской помощи;;'262320100491732570100100010970000323;;;17575600.00;RUB;0;;;;;;ДЕПАРТАМЕНТ ЗДРАВООХРАНЕНИЯ БРЯНСКОЙ ОБЛАСТИ;УПРАВЛЕНИЕ ГОСУДАРСТВЕННЫХ ЗАКУПОК БРЯНСКОЙ ОБЛАСТИ;17.02.2026;02.03.2026;Закупка завершена;;;26.02.2026;
44-ФЗ;№0848300044526000017;Открытый конкурс в электронной форме;"Выполнение работ по круглогодичному содержанию автомобильных дорог общего пользования местного значения, расположенных на территории г.о. Химки (мкрн. Сходня) в 2026 г. для нужд МБУ ""ОГХ"".";;'263504713127050470100100120014211244;;;49999999.99;RUB;0;;;;;;"МУНИЦИПАЛЬНОЕ БЮДЖЕТНОЕ УЧРЕЖДЕНИЕ ГОРОДСКОГО ОКРУГА ХИМКИ МОСКОВСКОЙ ОБЛАСТИ ""ОБЪЕДИНЕННОЕ ГОРОДСКОЕ ХОЗЯЙСТВО""";"МУНИЦИПАЛЬНОЕ КАЗЕННОЕ УЧРЕЖДЕНИЕ ""УПРАВЛЕНИЕ ЦЕНТРАЛИЗАЦИИ ЗАКУПОК""";05.02.2026;02.03.2026;Закупка завершена;;;24.02.2026;
44-ФЗ;№0128200000126000530;Электронный аукцион;Оказание услуг по технической поддержке автономной копии программы для ЭВМ «Дневник самоконтроля качества жизни»;;'262332710288833270100100040016202244;;;7200000.00;RUB;0;;;;;;МИНИСТЕРСТВО СОЦИАЛЬНОЙ ЗАЩИТЫ НАСЕЛЕНИЯ ВЛАДИМИРСКОЙ ОБЛАСТИ;МИНИСТЕРСТВО ИМУЩЕСТВЕННЫХ И ЗЕМЕЛЬНЫХ ОТНОШЕНИЙ ВЛАДИМИРСКОЙ ОБЛАСТИ;19.02.2026;02.03.2026;Закупка завершена;;;27.02.2026;
44-ФЗ;№0128200000126000527;Электронный аукцион на проведение работ по строительству, реконструкции, кап. ремонту, сносу объекта кап. строительства в соответствии с п. 8 ч. 1 ст. 33 Закона № 44-ФЗ;Выполнение работ капитального ремонта входных групп и крылец здания ГБУЗ ВО «ЦРД г. Владимира» расположенного по адресу г. Владимир, ул. Офицерская д.6;;'262332710140433270100100250014120243;;;6617124.18;RUB;0;;;;;;"ГОСУДАРСТВЕННОЕ БЮДЖЕТНОЕ УЧРЕЖДЕНИЕ ЗДРАВООХРАНЕНИЯ ВЛАДИМИРСКОЙ ОБЛАСТИ ""ЦЕНТРАЛЬНЫЙ РОДИЛЬНЫЙ ДОМ  Г.ВЛАДИМИРА""";МИНИСТЕРСТВО ИМУЩЕСТВЕННЫХ И ЗЕМЕЛЬНЫХ ОТНОШЕНИЙ ВЛАДИМИРСКОЙ ОБЛАСТИ;19.02.2026;02.03.2026;Закупка завершена;;;27.02.2026;
44-ФЗ;№0373200052726000096;Электронный аукцион;"Поставка расходных материалов (ЭКС) для кардиохирургического отделения ГБУЗ ""ГКБ имени В.М. Буянова ДЗМ""";;'262772459896677240100101090010000244;;;29916000.00;RUB;0;;;;;;"ГОСУДАРСТВЕННОЕ БЮДЖЕТНОЕ УЧРЕЖДЕНИЕ ЗДРАВООХРАНЕНИЯ ГОРОДА МОСКВЫ ""ГОРОДСКАЯ КЛИНИЧЕСКАЯ БОЛЬНИЦА ИМЕНИ В.М. БУЯНОВА ДЕПАРТАМЕНТА ЗДРАВООХРАНЕНИЯ ГОРОДА МОСКВЫ""";"ГОСУДАРСТВЕННОЕ БЮДЖЕТНОЕ УЧРЕЖДЕНИЕ ЗДРАВООХРАНЕНИЯ ГОРОДА МОСКВЫ ""ГОРОДСКАЯ КЛИНИЧЕСКАЯ БОЛЬНИЦА ИМЕНИ В.М. БУЯНОВА ДЕПАРТАМЕНТА ЗДРАВООХРАНЕНИЯ ГОРОДА МОСКВЫ""";16.02.2026;02.03.2026;Закупка завершена;;;24.02.2026;
44-ФЗ;№0128200000126000368;Электронный аукцион на проведение работ по строительству, реконструкции, кап. ремонту, сносу объекта кап. строительства в соответствии с п. 8 ч. 1 ст. 33 Закона № 44-ФЗ;Капитальный ремонт крыши здания ГБПОУ ВО «Юрьев-Польский индустриально-гуманитарный колледж», по адресу: Владимирская область, г. Юрьев-Польский, ул. Шибанкова, д. 44;;'262332600158033260100100010014391243;;;5193120.62;RUB;0;;;;;;"ГОСУДАРСТВЕННОЕ БЮДЖЕТНОЕ ПРОФЕССИОНАЛЬНОЕ ОБРАЗОВАТЕЛЬНОЕ УЧРЕЖДЕНИЕ ВЛАДИМИРСКОЙ ОБЛАСТИ ""ЮРЬЕВ-ПОЛЬСКИЙ ИНДУСТРИАЛЬНО-ГУМАНИТАРНЫЙ КОЛЛЕДЖ""";МИНИСТЕРСТВО ИМУЩЕСТВЕННЫХ И ЗЕМЕЛЬНЫХ ОТНОШЕНИЙ ВЛАДИМИРСКОЙ ОБЛАСТИ;16.02.2026;02.03.2026;Закупка завершена;;;26.02.2026;
44-ФЗ;№0848300044526000012;Открытый конкурс в электронной форме;"Выполнение работ по круглогодичному содержанию автомобильных дорог общего пользования местного значения, расположенных на территории г.о. Химки (мкрн. Кутузовское,Фирсановка) в 2026 г. для нужд МБУ ""ОГХ"".";;'263504713127050470100100140014211244;;;49999999.99;RUB;0;;;;;;"МУНИЦИПАЛЬНОЕ БЮДЖЕТНОЕ УЧРЕЖДЕНИЕ ГОРОДСКОГО ОКРУГА ХИМКИ МОСКОВСКОЙ ОБЛАСТИ ""ОБЪЕДИНЕННОЕ ГОРОДСКОЕ ХОЗЯЙСТВО""";"МУНИЦИПАЛЬНОЕ КАЗЕННОЕ УЧРЕЖДЕНИЕ ""УПРАВЛЕНИЕ ЦЕНТРАЛИЗАЦИИ ЗАКУПОК""";05.02.2026;02.03.2026;Закупка завершена;;;24.02.2026;
44-ФЗ;№0172100009226000004;Электронный аукцион;Поставка конвертов почтовых бумажных (немаркированных) для нужд УФНС России по Санкт-Петербургу и Межрайонных ИФНС России по Санкт-Петербургу;;'261784101518178400100100550011723244;;;5248500.00;RUB;0;;;;;;УПРАВЛЕНИЕ ФЕДЕРАЛЬНОЙ НАЛОГОВОЙ СЛУЖБЫ ПО САНКТ-ПЕТЕРБУРГУ;УПРАВЛЕНИЕ ФЕДЕРАЛЬНОЙ НАЛОГОВОЙ СЛУЖБЫ ПО САНКТ-ПЕТЕРБУРГУ;17.02.2026;02.03.2026;Закупка завершена;;;26.02.2026;
44-ФЗ;№0128200000126000487;Электронный аукцион на проведение работ по строительству, реконструкции, кап. ремонту, сносу объекта кап. строительства в соответствии с п. 8 ч. 1 ст. 33 Закона № 44-ФЗ;Выполнение работ по капитальному ремонту (замене) лифта по адресу: РФ, Владимирская область, г. Владимир, ул. Горького, д. 5;;'262332890025533280100100620014329243;;;6577058.94;RUB;0;;;;;;"ГОСУДАРСТВЕННОЕ БЮДЖЕТНОЕ УЧРЕЖДЕНИЕ ЗДРАВООХРАНЕНИЯ ВЛАДИМИРСКОЙ ОБЛАСТИ ""ГОРОДСКАЯ КЛИНИЧЕСКАЯ БОЛЬНИЦА СКОРОЙ МЕДИЦИНСКОЙ ПОМОЩИ Г.ВЛАДИМИРА""";МИНИСТЕРСТВО ИМУЩЕСТВЕННЫХ И ЗЕМЕЛЬНЫХ ОТНОШЕНИЙ ВЛАДИМИРСКОЙ ОБЛАСТИ;18.02.2026;02.03.2026;Закупка завершена;;;27.02.2026;
44-ФЗ;№0103200008426000423;Электронный аукцион;Поставка специализированного лечебного питания_РЛО;;'262056204455005720100100050021086323;;;143795997.75;RUB;0;;;;;;МИНИСТЕРСТВО ЗДРАВООХРАНЕНИЯ РЕСПУБЛИКИ ДАГЕСТАН;КОМИТЕТ ПО ГОСУДАРСТВЕННЫМ ЗАКУПКАМ РЕСПУБЛИКИ ДАГЕСТАН;18.02.2026;02.03.2026;Закупка завершена;;;26.02.2026;
44-ФЗ;№0136500001126000647;Электронный аукцион;Оказание услуг по продлению лицензий на право использовать компьютерное программное обеспечение информационной системы бухгалтерского (бюджетного) и кадрового учета Тверской области, входящей в состав государственной информационной системы управления государственными и муниципальными финансами Тверской области.;;'262690100145969500100100020015829246;;;14993787.00;RUB;0;;;;;;МИНИСТЕРСТВО ФИНАНСОВ ТВЕРСКОЙ ОБЛАСТИ;КОМИТЕТ ГОСУДАРСТВЕННОГО ЗАКАЗА ТВЕРСКОЙ ОБЛАСТИ;16.02.2026;02.03.2026;Закупка завершена;;;26.02.2026;
44-ФЗ;№0366200035626000756;Электронный аукцион;Выполнение работ по благоустройству дворовых территорий многоквартирных домов муниципального образования Дубенский муниципальный округ Тульской области в 2026 году в рамках реализации национального проекта «Инфраструктура для жизни»;;'263712500599171250100100290014399244;;;5136530.37;RUB;0;;;;;;АДМИНИСТРАЦИЯ МУНИЦИПАЛЬНОГО ОБРАЗОВАНИЯ ДУБЕНСКИЙ МУНИЦИПАЛЬНЫЙ ОКРУГ ТУЛЬСКОЙ ОБЛАСТИ;"ГОСУДАРСТВЕННОЕ КАЗЕННОЕ УЧРЕЖДЕНИЕ ТУЛЬСКОЙ ОБЛАСТИ ""ЦЕНТР ОРГАНИЗАЦИИ ЗАКУПОК""";17.02.2026;02.03.2026;Закупка завершена;;;26.02.2026;
44-ФЗ;№0173100010926000003;Электронный аукцион;Оказание услуг по сопровождению программного обеспечения Автоматизированная информационная система «Реестр саморегулируемых организаций» (ПО АИС «Реестр СРО»)»;;'261770656053677090100100650016202246;;;20000000.00;RUB;0;;;;;;ФЕДЕРАЛЬНАЯ СЛУЖБА ГОСУДАРСТВЕННОЙ РЕГИСТРАЦИИ, КАДАСТРА И КАРТОГРАФИИ;ФЕДЕРАЛЬНАЯ СЛУЖБА ГОСУДАРСТВЕННОЙ РЕГИСТРАЦИИ, КАДАСТРА И КАРТОГРАФИИ;19.02.2026;02.03.2026;Закупка завершена;;;27.02.2026;
44-ФЗ;№0809500000326000271;Электронный аукцион;оказание охранных услуг;;'262132623353113260100100170018010244;;;13830230.52;RUB;0;;;;;;"ГОСУДАРСТВЕННОЕ КАЗЕННОЕ УЧРЕЖДЕНИЕ РЕСПУБЛИКИ МОРДОВИЯ ""УПРАВЛЕНИЕ ПО ОБЕСПЕЧЕНИЮ ДЕЯТЕЛЬНОСТИ ЖИЛИЩНО-КОММУНАЛЬНОГО КОМПЛЕКСА РЕСПУБЛИКИ МОРДОВИЯ""";"ГОСУДАРСТВЕННОЕ КАЗЕННОЕ УЧРЕЖДЕНИЕ РЕСПУБЛИКИ МОРДОВИЯ ""РЕГИОНАЛЬНЫЙ ЦЕНТР ОРГАНИЗАЦИИ ЗАКУПОК""";16.02.2026;02.03.2026;Закупка завершена;;;26.02.2026;
44-ФЗ;№0173200001426000189;Электронный аукцион;Оказание услуг связи для органов исполнительной власти города Москвы на 2026-2027 годы (часть 2);;'262771087800077030100100040010000244;;;142683325.30;RUB;0;;;;;;ДЕПАРТАМЕНТ ИНФОРМАЦИОННЫХ ТЕХНОЛОГИЙ ГОРОДА МОСКВЫ;ДЕПАРТАМЕНТ ГОРОДА МОСКВЫ ПО КОНКУРЕНТНОЙ ПОЛИТИКЕ;18.02.2026;02.03.2026;Закупка завершена;;;26.02.2026;
44-ФЗ;№0145200000426000143;Электронный аукцион на проведение работ по строительству, реконструкции, кап. ремонту, сносу объекта кап. строительства в соответствии с п. 8 ч. 1 ст. 33 Закона № 44-ФЗ;Капитальный ремонт лифтового оборудования в зданиях ГБУЗ ЛОКБ по адресу: г. Санкт-Петербург, Выборгский район, пр. Луначарского, д. 45, к. 2, литер А, лифт рег. №391279 г/п 1000 кг на 2 остановки в здании Пищеблока;;'262470000125447060100101660014329243;;;5380213.37;RUB;0;;;;;;ГОСУДАРСТВЕННОЕ БЮДЖЕТНОЕ УЧРЕЖДЕНИЕ ЗДРАВООХРАНЕНИЯ ЛЕНИНГРАДСКАЯ ОБЛАСТНАЯ КЛИНИЧЕСКАЯ БОЛЬНИЦА;КОМИТЕТ ГОСУДАРСТВЕННОГО ЗАКАЗА ЛЕНИНГРАДСКОЙ ОБЛАСТИ;16.02.2026;02.03.2026;Закупка завершена;;;26.02.2026;
44-ФЗ;№0131200001026000361;Электронный аукцион;2026-00567)) Поставка лекарственного препарата для медицинского применения Кризотиниб;;'262366615952936640100100980012120323;;;11551392.00;RUB;0;;;;;;МИНИСТЕРСТВО ЗДРАВООХРАНЕНИЯ ВОРОНЕЖСКОЙ ОБЛАСТИ;МИНИСТЕРСТВО ПО РЕГУЛИРОВАНИЮ КОНТРАКТНОЙ СИСТЕМЫ В СФЕРЕ ЗАКУПОК ВОРОНЕЖСКОЙ ОБЛАСТИ;17.02.2026;02.03.2026;Закупка завершена;;;26.02.2026;
44-ФЗ;№0131200001026000362;Электронный аукцион;2026-00568)) Поставка лекарственного препарата для медицинского применения Афатиниб;;'262366615952936640100100970012120323;;;9595980.00;RUB;0;;;;;;МИНИСТЕРСТВО ЗДРАВООХРАНЕНИЯ ВОРОНЕЖСКОЙ ОБЛАСТИ;МИНИСТЕРСТВО ПО РЕГУЛИРОВАНИЮ КОНТРАКТНОЙ СИСТЕМЫ В СФЕРЕ ЗАКУПОК ВОРОНЕЖСКОЙ ОБЛАСТИ;17.02.2026;02.03.2026;Закупка завершена;;;26.02.2026;
44-ФЗ;№0121300045726000036;Запрос котировок в электронной форме;Ремонт автомобильной дороги по проезду Пионерский в г. Минеральные Воды;;'263263004655126300100100010014211244;;;5238525.73;RUB;0;;;;;;УПРАВЛЕНИЕ МУНИЦИПАЛЬНОГО ХОЗЯЙСТВА АДМИНИСТРАЦИИ МИНЕРАЛОВОДСКОГО МУНИЦИПАЛЬНОГО ОКРУГА СТАВРОПОЛЬСКОГО КРАЯ;АДМИНИСТРАЦИЯ МИНЕРАЛОВОДСКОГО МУНИЦИПАЛЬНОГО ОКРУГА СТАВРОПОЛЬСКОГО КРАЯ;19.02.2026;02.03.2026;Закупка завершена;;;27.02.2026;
44-ФЗ;№0162200011826000188;Электронный аукцион;Приобретение особо ценного движимого имущества: система рентгеновская компьютерной томографии - 1 единица;;'263666000798066700100100310012660244;;;42068728.57;RUB;0;;;;;;"ГОСУДАРСТВЕННОЕ БЮДЖЕТНОЕ УЧРЕЖДЕНИЕ ЗДРАВООХРАНЕНИЯ СВЕРДЛОВСКОЙ ОБЛАСТИ ""ЦЕНТРАЛЬНАЯ ГОРОДСКАЯ БОЛЬНИЦА №7 ГОРОД ЕКАТЕРИНБУРГ""";ДЕПАРТАМЕНТ ГОСУДАРСТВЕННЫХ ЗАКУПОК СВЕРДЛОВСКОЙ ОБЛАСТИ;11.02.2026;02.03.2026;Закупка завершена;;;19.02.2026;
44-ФЗ;№0373200215926000001;Электронный аукцион;Поставка средств вычислительной техники (СВТ) и коммутаторов.;;'262770551373477050100100050010000244;;;29416626.30;RUB;0;;;;;;"ГОСУДАРСТВЕННОЕ БЮДЖЕТНОЕ ПРОФЕССИОНАЛЬНОЕ ОБРАЗОВАТЕЛЬНОЕ УЧРЕЖДЕНИЕ ГОРОДА МОСКВЫ ""КОЛЛЕДЖ СВЯЗИ № 54"" ИМЕНИ П.М. ВОСТРУХИНА";"ГОСУДАРСТВЕННОЕ БЮДЖЕТНОЕ ПРОФЕССИОНАЛЬНОЕ ОБРАЗОВАТЕЛЬНОЕ УЧРЕЖДЕНИЕ ГОРОДА МОСКВЫ ""КОЛЛЕДЖ СВЯЗИ № 54"" ИМЕНИ П.М. ВОСТРУХИНА";18.02.2026;02.03.2026;Закупка завершена;;;26.02.2026;
44-ФЗ;№0173200001426000127;Открытый конкурс в электронной форме;"Оказание услуг по организации питания школьников ГБНОУ ""Спортивный интернат ""Чертаново"" Москомспорта в 2026-2027 гг.";;'262772607220977260100100090010000244;;;47485800.00;RUB;0;;;;;;"ГОСУДАРСТВЕННОЕ БЮДЖЕТНОЕ НЕТИПОВОЕ ОБЩЕОБРАЗОВАТЕЛЬНОЕ УЧРЕЖДЕНИЕ ГОРОДА МОСКВЫ ""СПОРТИВНЫЙ ИНТЕРНАТ ""ЧЕРТАНОВО"" ДЕПАРТАМЕНТА СПОРТА ГОРОДА МОСКВЫ";ДЕПАРТАМЕНТ ГОРОДА МОСКВЫ ПО КОНКУРЕНТНОЙ ПОЛИТИКЕ;10.02.2026;02.03.2026;Закупка завершена;;;25.02.2026;
44-ФЗ;№0173200001426000196;Электронный аукцион;Оказание услуг по обслуживанию спортивных полей;;'262772315384477230100100460010000244;;;41004130.95;RUB;0;;;;;;"ГОСУДАРСТВЕННОЕ БЮДЖЕТНОЕ УЧРЕЖДЕНИЕ ДОПОЛНИТЕЛЬНОГО ОБРАЗОВАНИЯ ГОРОДА МОСКВЫ СПОРТИВНАЯ ШКОЛА ОЛИМПИЙСКОГО РЕЗЕРВА ""МОСКВИЧ"" ДЕПАРТАМЕНТА СПОРТА ГОРОДА МОСКВЫ";ДЕПАРТАМЕНТ ГОРОДА МОСКВЫ ПО КОНКУРЕНТНОЙ ПОЛИТИКЕ;18.02.2026;02.03.2026;Закупка завершена;;;26.02.2026;
44-ФЗ;№0172200005426000011;Запрос котировок в электронной форме;Организация стационарного отдыха на территории Российской Федерации в организациях отдыха детей и молодежи и их оздоровления, реализующих мероприятия по социальной адаптации;;'262781900099078190100100220018541244;;;9235275.00;RUB;0;;;;;;АДМИНИСТРАЦИЯ ПЕТРОДВОРЦОВОГО РАЙОНА САНКТ-ПЕТЕРБУРГА;АДМИНИСТРАЦИЯ ПЕТРОДВОРЦОВОГО РАЙОНА САНКТ-ПЕТЕРБУРГА;13.02.2026;02.03.2026;Закупка завершена;;;27.02.2026;
44-ФЗ;№0848300057726000023;Электронный аукцион;Оказание услуг по вывозу снега;;'263500402840850040100100130013811244;;;10000000.00;RUB;0;;;;;;"МУНИЦИПАЛЬНОЕ БЮДЖЕТНОЕ УЧРЕЖДЕНИЕ ""ЦЕНТР РАЗВИТИЯ ""ГОРОДСКОЕ ХОЗЯЙСТВО""";"МУНИЦИПАЛЬНОЕ КАЗЕННОЕ УЧРЕЖДЕНИЕ ""ЦЕНТР ЗАКУПОК""";19.02.2026;02.03.2026;Закупка завершена;;;27.02.2026;
44-ФЗ;№0172200005426000010;Запрос котировок в электронной форме;Организация стационарного отдыха на территории Российской Федерации в организациях отдыха детей и молодежи и их оздоровления, реализующих мероприятия по социальной адаптации;;'262781900099078190100100210018541244;;;9340821.00;RUB;0;;;;;;АДМИНИСТРАЦИЯ ПЕТРОДВОРЦОВОГО РАЙОНА САНКТ-ПЕТЕРБУРГА;АДМИНИСТРАЦИЯ ПЕТРОДВОРЦОВОГО РАЙОНА САНКТ-ПЕТЕРБУРГА;13.02.2026;02.03.2026;Закупка завершена;;;27.02.2026;
44-ФЗ;№0172200005426000009;Запрос котировок в электронной форме;Организация стационарного отдыха на территории Российской Федерации в организациях отдыха детей и молодежи и их оздоровления, реализующих мероприятия по социальной адаптации;;'262781900099078190100100200018541244;;;9340821.00;RUB;0;;;;;;АДМИНИСТРАЦИЯ ПЕТРОДВОРЦОВОГО РАЙОНА САНКТ-ПЕТЕРБУРГА;АДМИНИСТРАЦИЯ ПЕТРОДВОРЦОВОГО РАЙОНА САНКТ-ПЕТЕРБУРГА;12.02.2026;02.03.2026;Закупка завершена;;;27.02.2026;
44-ФЗ;№0848300016526000014;Открытый конкурс в электронной форме;Выполнение работ по ремонту дворовых территорий по адресу: м.о. Чехов, город Чехов, ул. Полиграфистов, д. 7/16, ул. Молодежная, д.15 Московской области в 2026 году.;;'263504804665150480100101070014299244;;;8138766.35;RUB;0;;;;;;УПРАВЛЕНИЕ БЛАГОУСТРОЙСТВА АДМИНИСТРАЦИИ МУНИЦИПАЛЬНОГО ОКРУГА ЧЕХОВ;"МУНИЦИПАЛЬНОЕ КАЗЕННОЕ УЧРЕЖДЕНИЕ МУНИЦИПАЛЬНОГО ОКРУГА ЧЕХОВ ""ЦЕНТР КОНКУРЕНТНЫХ ЗАКУПОК""";09.02.2026;02.03.2026;Закупка завершена;;;26.02.2026;
44-ФЗ;№0848300045426000030;Открытый конкурс в электронной форме;Выполнение работ по ремонту дворовых территорий (лот 3) в Одинцовском городском округе Московской области в 2026 году;;'263503200422250320100100360014299244;;;24944357.69;RUB;0;;;;;;АДМИНИСТРАЦИЯ ОДИНЦОВСКОГО ГОРОДСКОГО ОКРУГА МОСКОВСКОЙ ОБЛАСТИ;"МУНИЦИПАЛЬНОЕ КАЗЕННОЕ УЧРЕЖДЕНИЕ ""ЦЕНТР МУНИЦИПАЛЬНЫХ ЗАКУПОК"" ОДИНЦОВСКОГО ГОРОДСКОГО ОКРУГА МОСКОВСКОЙ ОБЛАСТИ";16.02.2026;02.03.2026;Закупка завершена;;;27.02.2026;
44-ФЗ;№0848300016526000016;Открытый конкурс в электронной форме;Выполнение работ по ремонту дворовых территорий по адресу: м.о. Чехов, город  Чехов, ул. Чехова, д. 73 Московской области в 2026 году.;;'263504804665150480100101030014299244;;;8580465.02;RUB;0;;;;;;УПРАВЛЕНИЕ БЛАГОУСТРОЙСТВА АДМИНИСТРАЦИИ МУНИЦИПАЛЬНОГО ОКРУГА ЧЕХОВ;"МУНИЦИПАЛЬНОЕ КАЗЕННОЕ УЧРЕЖДЕНИЕ МУНИЦИПАЛЬНОГО ОКРУГА ЧЕХОВ ""ЦЕНТР КОНКУРЕНТНЫХ ЗАКУПОК""";09.02.2026;02.03.2026;Закупка завершена;;;26.02.2026;
44-ФЗ;№0373100015826000013;Электронный аукцион;Поставка расходного материала (025);;'261773124346777310100100010250000244;;;21624725.00;RUB;0;;;;;;"ФЕДЕРАЛЬНОЕ ГОСУДАРСТВЕННОЕ БЮДЖЕТНОЕ УЧРЕЖДЕНИЕ ""НАЦИОНАЛЬНЫЙ МЕДИЦИНСКИЙ ИССЛЕДОВАТЕЛЬСКИЙ ЦЕНТР КАРДИОЛОГИИ ИМЕНИ АКАДЕМИКА Е.И. ЧАЗОВА"" МИНИСТЕРСТВА ЗДРАВООХРАНЕНИЯ РОССИЙСКОЙ ФЕДЕРАЦИИ";"ФЕДЕРАЛЬНОЕ ГОСУДАРСТВЕННОЕ БЮДЖЕТНОЕ УЧРЕЖДЕНИЕ ""НАЦИОНАЛЬНЫЙ МЕДИЦИНСКИЙ ИССЛЕДОВАТЕЛЬСКИЙ ЦЕНТР КАРДИОЛОГИИ ИМЕНИ АКАДЕМИКА Е.И. ЧАЗОВА"" МИНИСТЕРСТВА ЗДРАВООХРАНЕНИЯ РОССИЙСКОЙ ФЕДЕРАЦИИ";13.02.2026;02.03.2026;Закупка завершена;;;24.02.2026;
44-ФЗ;№0373400009626000001;Открытый конкурс в электронной форме;"Оказание услуг охраны для нужд филиала ""Мособлводхоз"" ФГБВУ ""Центррегионводхоз""";;'261500802812777284300100040018010244;;;23050983.64;RUB;0;;;;;;"ФИЛИАЛ ""МОСОБЛВОДХОЗ""";"ФИЛИАЛ ""МОСОБЛВОДХОЗ""";11.02.2026;02.03.2026;Закупка завершена;;;27.02.2026;
44-ФЗ;№0373100024326000001;Электронный аукцион;Выполнение работ по созданию и внедрению новых программных модулей ИС ГЖС;;'261773612114177010100101650016201242;;;6000000.00;RUB;0;;;;;;"ФЕДЕРАЛЬНОЕ КАЗЕННОЕ УЧРЕЖДЕНИЕ ""ОБЪЕДИНЕННАЯ ДИРЕКЦИЯ ПО РЕАЛИЗАЦИИ ФЕДЕРАЛЬНЫХ ИНВЕСТИЦИОННЫХ ПРОГРАММ""  МИНИСТЕРСТВА СТРОИТЕЛЬСТВА И ЖИЛИЩНО-КОММУНАЛЬНОГО ХОЗЯЙСТВА РОССИЙСКОЙ ФЕДЕРАЦИИ";"ФЕДЕРАЛЬНОЕ КАЗЕННОЕ УЧРЕЖДЕНИЕ ""ОБЪЕДИНЕННАЯ ДИРЕКЦИЯ ПО РЕАЛИЗАЦИИ ФЕДЕРАЛЬНЫХ ИНВЕСТИЦИОННЫХ ПРОГРАММ""  МИНИСТЕРСТВА СТРОИТЕЛЬСТВА И ЖИЛИЩНО-КОММУНАЛЬНОГО ХОЗЯЙСТВА РОССИЙСКОЙ ФЕДЕРАЦИИ";18.02.2026;02.03.2026;Закупка завершена;;;27.02.2026;
44-ФЗ;№0373100113526000010;Электронный аукцион;Выполнение работ по изготовлению комплектов индивидуальных имплантатов из титанового сплава сетчатой конструкции, предназначенного для замены височно-нижнечелюстного сустава;;'261770411517777040100100040060000244;;;5000000.00;RUB;0;;;;;;"ФЕДЕРАЛЬНОЕ ГОСУДАРСТВЕННОЕ БЮДЖЕТНОЕ УЧРЕЖДЕНИЕ НАЦИОНАЛЬНЫЙ МЕДИЦИНСКИЙ ИССЛЕДОВАТЕЛЬСКИЙ ЦЕНТР ""ЦЕНТРАЛЬНЫЙ НАУЧНО-ИССЛЕДОВАТЕЛЬСКИЙ ИНСТИТУТ СТОМАТОЛОГИИ И ЧЕЛЮСТНО-ЛИЦЕВОЙ ХИРУРГИИ"" МИНИСТЕРСТВА ЗДРАВООХРАНЕНИЯ РОССИЙСКОЙ ФЕДЕРАЦИИ";"ФЕДЕРАЛЬНОЕ ГОСУДАРСТВЕННОЕ БЮДЖЕТНОЕ УЧРЕЖДЕНИЕ НАЦИОНАЛЬНЫЙ МЕДИЦИНСКИЙ ИССЛЕДОВАТЕЛЬСКИЙ ЦЕНТР ""ЦЕНТРАЛЬНЫЙ НАУЧНО-ИССЛЕДОВАТЕЛЬСКИЙ ИНСТИТУТ СТОМАТОЛОГИИ И ЧЕЛЮСТНО-ЛИЦЕВОЙ ХИРУРГИИ"" МИНИСТЕРСТВА ЗДРАВООХРАНЕНИЯ РОССИЙСКОЙ ФЕДЕРАЦИИ";19.02.2026;02.03.2026;Закупка завершена;;;27.02.2026;
44-ФЗ;№0848300048426000043;Электронный аукцион;Поставка деревьев и кустов для высадки в Ленинском городском округе;;'263500315179050030100101200010210244;;;8267810.18;RUB;0;;;;;;"МУНИЦИПАЛЬНОЕ БЮДЖЕТНОЕ УЧРЕЖДЕНИЕ ""БЛАГОУСТРОЙСТВО"" ЛЕНИНСКОГО ГОРОДСКОГО ОКРУГА МОСКОВСКОЙ ОБЛАСТИ";"МУНИЦИПАЛЬНОЕ КАЗЕННОЕ УЧРЕЖДЕНИЕ ЛЕНИНСКОГО ГОРОДСКОГО ОКРУГА МОСКОВСКОЙ ОБЛАСТИ ""ЦЕНТР ТОРГОВ""";19.02.2026;02.03.2026;Закупка завершена;;;27.02.2026;
44-ФЗ;№0358200045826000003;Электронный аукцион;"Поставка лекарственных препаратов (натрия хлорид) для ГБУ РО ""ГВВ""  на 2026 год.";;'262616702145761670100100210012120244;;;7207880.00;RUB;0;;;;;;"ГОСУДАРСТВЕННОЕ БЮДЖЕТНОЕ УЧРЕЖДЕНИЕ РОСТОВСКОЙ ОБЛАСТИ ""ГОСПИТАЛЬ ДЛЯ ВЕТЕРАНОВ ВОЙН""";"ГОСУДАРСТВЕННОЕ БЮДЖЕТНОЕ УЧРЕЖДЕНИЕ РОСТОВСКОЙ ОБЛАСТИ ""ГОСПИТАЛЬ ДЛЯ ВЕТЕРАНОВ ВОЙН""";19.02.2026;02.03.2026;Закупка завершена;;;27.02.2026;
44-ФЗ;№0133200001726000151;Открытый конкурс в электронной форме на проведение работ по строительству, реконструкции, кап. ремонту, сносу объекта кап. строительства в соответствии с п. 8 ч. 1 ст. 33 Закона № 44-ФЗ;Капитальный ремонт здания МБОУ СШ №4 , расположенного по адресу г. Родники, мкр.Южный, д.22;;'263372100514537210100100040014120243;;;279062260.51;RUB;0;;;;;;МУНИЦИПАЛЬНОЕ БЮДЖЕТНОЕ ОБЩЕОБРАЗОВАТЕЛЬНОЕ УЧРЕЖДЕНИЕ СРЕДНЯЯ ШКОЛА № 4;ДЕПАРТАМЕНТ КОНКУРСОВ И АУКЦИОНОВ ИВАНОВСКОЙ ОБЛАСТИ;09.02.2026;02.03.2026;Закупка завершена;;;26.02.2026;
44-ФЗ;№0332300272926000019;Электронный аукцион;Устройство  пешеходного фонтана площадью 28 м2 в р.п. Большое Мурашкино Нижегородской области;;'263520400041752040100100370014299244;;;6655041.04;RUB;0;;;;;;АДМИНИСТРАЦИЯ БОЛЬШЕМУРАШКИНСКОГО МУНИЦИПАЛЬНОГО ОКРУГА НИЖЕГОРОДСКОЙ ОБЛАСТИ;АДМИНИСТРАЦИЯ БОЛЬШЕМУРАШКИНСКОГО МУНИЦИПАЛЬНОГО ОКРУГА НИЖЕГОРОДСКОЙ ОБЛАСТИ;19.02.2026;02.03.2026;Закупка завершена;;;27.02.2026;
44-ФЗ;№0130200000326000187;Запрос котировок в электронной форме;Поставка лекарственного препарата для медицинского применения Нусинерсен/Спинраза (по решению суда);;'262352501051935250100100041670000323;;;11157300.45;RUB;0;;;;;;МИНИСТЕРСТВО ЗДРАВООХРАНЕНИЯ ВОЛОГОДСКОЙ ОБЛАСТИ;МИНИСТЕРСТВО ЗДРАВООХРАНЕНИЯ ВОЛОГОДСКОЙ ОБЛАСТИ;19.02.2026;02.03.2026;Закупка завершена;;;27.02.2026;
44-ФЗ;№0848300045426000037;Открытый конкурс в электронной форме;Выполнение работ по ремонту дворовых территорий (лот 8) в Одинцовском городском округе Московской области в 2026 году;;'263503200422250320100100420014299244;;;48963181.22;RUB;0;;;;;;АДМИНИСТРАЦИЯ ОДИНЦОВСКОГО ГОРОДСКОГО ОКРУГА МОСКОВСКОЙ ОБЛАСТИ;"МУНИЦИПАЛЬНОЕ КАЗЕННОЕ УЧРЕЖДЕНИЕ ""ЦЕНТР МУНИЦИПАЛЬНЫХ ЗАКУПОК"" ОДИНЦОВСКОГО ГОРОДСКОГО ОКРУГА МОСКОВСКОЙ ОБЛАСТИ";10.02.2026;02.03.2026;Закупка завершена;;;26.02.2026;
44-ФЗ;№0133200001726000140;Открытый конкурс в электронной форме на проведение работ по строительству, реконструкции, кап. ремонту, сносу объекта кап. строительства в соответствии с п. 8 ч. 1 ст. 33 Закона № 44-ФЗ;"Капитальный ремонт районного Дома культуры ""Лидер"" муниципального учреждения культуры ""Районное социально-культурное объединение"", расположенного по адресу: Ивановская область, г. Родники, мкр. Шагова,д.1 ";;'263372100090137210100100500014120243;;;83422755.03;RUB;0;;;;;;"МУНИЦИПАЛЬНОЕ УЧРЕЖДЕНИЕ КУЛЬТУРЫ ""РАЙОННОЕ СОЦИАЛЬНО-КУЛЬТУРНОЕ ОБЪЕДИНЕНИЕ""";ДЕПАРТАМЕНТ КОНКУРСОВ И АУКЦИОНОВ ИВАНОВСКОЙ ОБЛАСТИ;06.02.2026;02.03.2026;Закупка завершена;;;26.02.2026;
44-ФЗ;№0848300058126000015;Открытый конкурс в электронной форме;Выполнение работ по ремонту дворовых территорий в городском округе Дубна Московской области в 2026 году;;'263501005093050100100100170014299244;;;20812786.86;RUB;0;;;;;;"МУНИЦИПАЛЬНОЕ БЮДЖЕТНОЕ УЧРЕЖДЕНИЕ ГОРОДА ДУБНЫ МОСКОВСКОЙ ОБЛАСТИ ""ДИРЕКЦИЯ РАЗВИТИЯ НАУКОГРАДА ДУБНА""";МУНИЦИПАЛЬНОЕ КАЗЁННОЕ УЧРЕЖДЕНИЕ КОНТРАКТНАЯ СЛУЖБА ГОРОДА ДУБНЫ МОСКОВСКОЙ ОБЛАСТИ;09.02.2026;02.03.2026;Закупка завершена;;;26.02.2026;
44-ФЗ;№0848300045426000038;Открытый конкурс в электронной форме;Выполнение работ по ремонту дворовых территорий (лот 9) в Одинцовском городском округе Московской области в 2026 году;;'263503200422250320100100430014299244;;;14482466.70;RUB;0;;;;;;АДМИНИСТРАЦИЯ ОДИНЦОВСКОГО ГОРОДСКОГО ОКРУГА МОСКОВСКОЙ ОБЛАСТИ;"МУНИЦИПАЛЬНОЕ КАЗЕННОЕ УЧРЕЖДЕНИЕ ""ЦЕНТР МУНИЦИПАЛЬНЫХ ЗАКУПОК"" ОДИНЦОВСКОГО ГОРОДСКОГО ОКРУГА МОСКОВСКОЙ ОБЛАСТИ";10.02.2026;02.03.2026;Закупка завершена;;;26.02.2026;
44-ФЗ;№0124600006426000001;Электронный аукцион;Благоустройство общественной территории парк на Юбилейном, с.Лешуконское;;'263291650039729160100100090014299244;;;8131448.04;RUB;0;;;;;;ТЕРРИТОРИАЛЬНОЕ УПРАВЛЕНИЕ АДМИНИСТРАЦИИ ЛЕШУКОНСКОГО МУНИЦИПАЛЬНОГО ОКРУГА АРХАНГЕЛЬСКОЙ ОБЛАСТИ;ТЕРРИТОРИАЛЬНОЕ УПРАВЛЕНИЕ АДМИНИСТРАЦИИ ЛЕШУКОНСКОГО МУНИЦИПАЛЬНОГО ОКРУГА АРХАНГЕЛЬСКОЙ ОБЛАСТИ;19.02.2026;02.03.2026;Закупка завершена;;;27.02.2026;
44-ФЗ;№0356100019426000001;Запрос котировок в электронной форме на проведение работ по строительству, реконструкции, кап. ремонту, сносу объекта кап. строительства в соответствии с п. 8 ч. 1 ст. 33 Закона № 44-ФЗ ;Выполнение работ по капитальному ремонту полов коридоров режимных корпусов;;'261810700403481070100100080034120243;;;6000000.00;RUB;0;;;;;;"ФЕДЕРАЛЬНОЕ КАЗЕННОЕ УЧРЕЖДЕНИЕ ""СЛЕДСТВЕННЫЙ ИЗОЛЯТОР № 4 ГЛАВНОГО УПРАВЛЕНИЯ ФЕДЕРАЛЬНОЙ СЛУЖБЫ ИСПОЛНЕНИЯ НАКАЗАНИЙ ПО ПЕРМСКОМУ КРАЮ""";"ФЕДЕРАЛЬНОЕ КАЗЕННОЕ УЧРЕЖДЕНИЕ ""СЛЕДСТВЕННЫЙ ИЗОЛЯТОР № 4 ГЛАВНОГО УПРАВЛЕНИЯ ФЕДЕРАЛЬНОЙ СЛУЖБЫ ИСПОЛНЕНИЯ НАКАЗАНИЙ ПО ПЕРМСКОМУ КРАЮ""";20.02.2026;02.03.2026;Закупка завершена;;;27.02.2026;
44-ФЗ;№0815500000526001662;Электронный аукцион;"Ремонт покрытия проезжей части автомобильной дороги ""Чураккасы-Мемеккасы-Хундыкасы (км 7+010 км 8+260) Моргаушского муниципального округа Чувашской Республики";;'263210000347121000100100080014211244;;;16244273.90;RUB;0;;;;;;УПРАВЛЕНИЕ ПО БЛАГОУСТРОЙСТВУ И РАЗВИТИЮ ТЕРРИТОРИЙ АДМИНИСТРАЦИИ МОРГАУШСКОГО МУНИЦИПАЛЬНОГО ОКРУГА ЧУВАШСКОЙ РЕСПУБЛИКИ;"КАЗЕННОЕ УЧРЕЖДЕНИЕ ЧУВАШСКОЙ РЕСПУБЛИКИ ""РЕГИОНАЛЬНЫЙ ЦЕНТР ЗАКУПОК ЧУВАШСКОЙ РЕСПУБЛИКИ""";18.02.2026;02.03.2026;Закупка завершена;;;27.02.2026;
44-ФЗ;№0432200000826000508;Запрос котировок в электронной форме;Ц-4509_Закупка лекарственных средств_АМИНОКИСЛОТЫ ДЛЯ ПАРЕНТЕРАЛЬНОГО ПИТАНИЯ+ПРОЧИЕ ПРЕПАРАТЫ [ЖИРОВЫЕ ЭМУЛЬСИИ ДЛЯ ПАРЕНТЕРАЛЬНОГО ПИТАНИЯ+ДЕКСТРОЗА+МИНЕРАЛЫ];;'262526013629952600100100055090000000;;;6721875.00;RUB;0;;;;;;"ГОСУДАРСТВЕННОЕ ПРЕДПРИЯТИЕ НИЖЕГОРОДСКОЙ ОБЛАСТИ ""НИЖЕГОРОДСКАЯ ОБЛАСТНАЯ ФАРМАЦИЯ""";"ГОСУДАРСТВЕННОЕ ПРЕДПРИЯТИЕ НИЖЕГОРОДСКОЙ ОБЛАСТИ ""НИЖЕГОРОДСКАЯ ОБЛАСТНАЯ ФАРМАЦИЯ""";17.02.2026;02.03.2026;Закупка завершена;;;26.02.2026;
44-ФЗ;№0348200081026000789;Электронный аукцион;Поставка реактивов и расходных материалов для медико-генетической лаборатории (Р-20, лот 1);;'262502406865650240100107970012120244;;;8513164.80;RUB;0;;;;;;"ГОСУДАРСТВЕННОЕ КАЗЕННОЕ УЧРЕЖДЕНИЕ МОСКОВСКОЙ ОБЛАСТИ ""ДИРЕКЦИЯ ЕДИНОГО ЗАКАЗЧИКА МИНИСТЕРСТВА ЗДРАВООХРАНЕНИЯ МОСКОВСКОЙ ОБЛАСТИ""";"ГОСУДАРСТВЕННОЕ КАЗЕННОЕ УЧРЕЖДЕНИЕ МОСКОВСКОЙ ОБЛАСТИ ""ДИРЕКЦИЯ ЕДИНОГО ЗАКАЗЧИКА МИНИСТЕРСТВА ЗДРАВООХРАНЕНИЯ МОСКОВСКОЙ ОБЛАСТИ""";18.02.2026;02.03.2026;Закупка завершена;;;26.02.2026;
44-ФЗ;№0848300053226000010;Открытый конкурс в электронной форме;Выполнение работ по ремонту дворовых территорий в городском округе Серпухов Московской области в 2026 году;;'263504308463950430100100550014299244;;;37186921.23;RUB;0;;;;;;КОМИТЕТ ПО БЛАГОУСТРОЙСТВУ АДМИНИСТРАЦИИ ГОРОДСКОГО ОКРУГА СЕРПУХОВ;"МУНИЦИПАЛЬНОЕ КАЗЕННОЕ УЧРЕЖДЕНИЕ ""УПРАВЛЕНИЕ МУНИЦИПАЛЬНОГО ЗАКАЗА АДМИНИСТРАЦИИ ГОРОДСКОГО ОКРУГА СЕРПУХОВ МОСКОВСКОЙ ОБЛАСТИ""";06.02.2026;02.03.2026;Закупка завершена;;;27.02.2026;
44-ФЗ;№0184200000626000109;Электронный аукцион;Оказание услуг по бронированию, покупке и доставке авиа- и железнодорожных билетов, бронированию гостиничных номеров и оплате проживания в гостиницах для нужд Учреждения;;'262298300805329830100100280010000244;;;6244934.00;RUB;0;;;;;;"ГОСУДАРСТВЕННОЕ БЮДЖЕТНОЕ УЧРЕЖДЕНИЕ НЕНЕЦКОГО АВТОНОМНОГО ОКРУГА ""НЕНЕЦКИЙ РЕГИОНАЛЬНЫЙ ЦЕНТР РАЗВИТИЯ ОБРАЗОВАНИЯ""";УПРАВЛЕНИЕ ГОСУДАРСТВЕННОГО ЗАКАЗА НЕНЕЦКОГО АВТОНОМНОГО ОКРУГА;19.02.2026;02.03.2026;Закупка завершена;;;27.02.2026;
44-ФЗ;№0432200000826000514;Электронный аукцион;Ц-4513_Закупка лекарственных средств_РОМИПЛОСТИМ;;'262526013629952600100100055130000000;;;36375924.00;RUB;0;;;;;;"ГОСУДАРСТВЕННОЕ ПРЕДПРИЯТИЕ НИЖЕГОРОДСКОЙ ОБЛАСТИ ""НИЖЕГОРОДСКАЯ ОБЛАСТНАЯ ФАРМАЦИЯ""";"ГОСУДАРСТВЕННОЕ ПРЕДПРИЯТИЕ НИЖЕГОРОДСКОЙ ОБЛАСТИ ""НИЖЕГОРОДСКАЯ ОБЛАСТНАЯ ФАРМАЦИЯ""";17.02.2026;02.03.2026;Закупка завершена;;;26.02.2026;
44-ФЗ;№0432200000826000511;Электронный аукцион;Ц-4512_Закупка лекарственных средств_УПАДАЦИТИНИБ;;'262526013629952600100100055120000000;;;132219120.00;RUB;0;;;;;;"ГОСУДАРСТВЕННОЕ ПРЕДПРИЯТИЕ НИЖЕГОРОДСКОЙ ОБЛАСТИ ""НИЖЕГОРОДСКАЯ ОБЛАСТНАЯ ФАРМАЦИЯ""";"ГОСУДАРСТВЕННОЕ ПРЕДПРИЯТИЕ НИЖЕГОРОДСКОЙ ОБЛАСТИ ""НИЖЕГОРОДСКАЯ ОБЛАСТНАЯ ФАРМАЦИЯ""";17.02.2026;02.03.2026;Закупка завершена;;;26.02.2026;
44-ФЗ;№0348200081026000790;Электронный аукцион;Поставка реактивов и расходных материалов для медико-генетической лаборатории (Р-20, лот 3);;'262502406865650240100107990012120244;;;8992929.60;RUB;0;;;;;;"ГОСУДАРСТВЕННОЕ КАЗЕННОЕ УЧРЕЖДЕНИЕ МОСКОВСКОЙ ОБЛАСТИ ""ДИРЕКЦИЯ ЕДИНОГО ЗАКАЗЧИКА МИНИСТЕРСТВА ЗДРАВООХРАНЕНИЯ МОСКОВСКОЙ ОБЛАСТИ""";"ГОСУДАРСТВЕННОЕ КАЗЕННОЕ УЧРЕЖДЕНИЕ МОСКОВСКОЙ ОБЛАСТИ ""ДИРЕКЦИЯ ЕДИНОГО ЗАКАЗЧИКА МИНИСТЕРСТВА ЗДРАВООХРАНЕНИЯ МОСКОВСКОЙ ОБЛАСТИ""";18.02.2026;02.03.2026;Закупка завершена;;;26.02.2026;
44-ФЗ;№0142200001326002365;Электронный аукцион;Поставка медицинских изделий для ОРХМДиЛ (лот 12) Государственного бюджетного учреждения здравоохранения «Самарский областной клинический кардиологический диспансер им. В.П. Полякова»;;'262631102793763110100100130070000244;;;9945000.00;RUB;0;;;;;;"ГОСУДАРСТВЕННОЕ БЮДЖЕТНОЕ УЧРЕЖДЕНИЕ ЗДРАВООХРАНЕНИЯ ""САМАРСКИЙ ОБЛАСТНОЙ КЛИНИЧЕСКИЙ КАРДИОЛОГИЧЕСКИЙ ДИСПАНСЕР ИМ. В.П. ПОЛЯКОВА""";КОМИТЕТ ПО ОРГАНИЗАЦИИ ТОРГОВ САМАРСКОЙ ОБЛАСТИ;13.02.2026;02.03.2026;Закупка завершена;;;27.02.2026;
44-ФЗ;№0104300002526000003;Электронный аукцион на проведение работ по строительству, реконструкции, кап. ремонту, сносу объекта кап. строительства в соответствии с п. 8 ч. 1 ст. 33 Закона № 44-ФЗ;Реконструкция разводящих сетей водоснабжения с.п.Морзох Урванского муниципального района Кабардино-Балкарской Республики.;;'263070700571907070100100090014221414;;;5548497.17;RUB;0;;;;;;"МУНИЦИПАЛЬНОЕ КАЗЕННОЕ УЧРЕЖДЕНИЕ ""МЕСТНАЯ АДМИНИСТРАЦИЯ УРВАНСКОГО МУНИЦИПАЛЬНОГО РАЙОНА КБР""";"МУНИЦИПАЛЬНОЕ КАЗЕННОЕ УЧРЕЖДЕНИЕ ""МЕСТНАЯ АДМИНИСТРАЦИЯ УРВАНСКОГО МУНИЦИПАЛЬНОГО РАЙОНА КБР""";18.02.2026;02.03.2026;Закупка завершена;;;26.02.2026;
44-ФЗ;№0432200000826000536;Запрос котировок в электронной форме;Ц-4040_Закупка расходных материалов;;'262526013629952600100100372720000000;;;5476000.00;RUB;0;;;;;;"ГОСУДАРСТВЕННОЕ ПРЕДПРИЯТИЕ НИЖЕГОРОДСКОЙ ОБЛАСТИ ""НИЖЕГОРОДСКАЯ ОБЛАСТНАЯ ФАРМАЦИЯ""";"ГОСУДАРСТВЕННОЕ ПРЕДПРИЯТИЕ НИЖЕГОРОДСКОЙ ОБЛАСТИ ""НИЖЕГОРОДСКАЯ ОБЛАСТНАЯ ФАРМАЦИЯ""";18.02.2026;02.03.2026;Закупка завершена;;;26.02.2026;
44-ФЗ;№0432200000826000544;Запрос котировок в электронной форме;Ц-4056_Закупка расходных материалов;;'262526013629952600100100372800000000;;;6564000.00;RUB;0;;;;;;"ГОСУДАРСТВЕННОЕ ПРЕДПРИЯТИЕ НИЖЕГОРОДСКОЙ ОБЛАСТИ ""НИЖЕГОРОДСКАЯ ОБЛАСТНАЯ ФАРМАЦИЯ""";"ГОСУДАРСТВЕННОЕ ПРЕДПРИЯТИЕ НИЖЕГОРОДСКОЙ ОБЛАСТИ ""НИЖЕГОРОДСКАЯ ОБЛАСТНАЯ ФАРМАЦИЯ""";18.02.2026;02.03.2026;Закупка завершена;;;26.02.2026;
44-ФЗ;№0432200000826000547;Электронный аукцион;Ц-4434_Закупка медицинских изделий ;;'262526013629952600100100390060000000;;;74317334.00;RUB;0;;;;;;"ГОСУДАРСТВЕННОЕ ПРЕДПРИЯТИЕ НИЖЕГОРОДСКОЙ ОБЛАСТИ ""НИЖЕГОРОДСКАЯ ОБЛАСТНАЯ ФАРМАЦИЯ""";"ГОСУДАРСТВЕННОЕ ПРЕДПРИЯТИЕ НИЖЕГОРОДСКОЙ ОБЛАСТИ ""НИЖЕГОРОДСКАЯ ОБЛАСТНАЯ ФАРМАЦИЯ""";18.02.2026;02.03.2026;Закупка завершена;;;26.02.2026;
44-ФЗ;№0348300029126000029;Открытый конкурс в электронной форме;Оказание услуг по охране объектов, имущества, обеспечению внутриобъектового и пропускного режимов в медицинской организации государственной системы здравоохранения Московской области 2026г.;;'263500900589150090100100160018010244;;;21329280.00;RUB;0;;;;;;"ГОСУДАРСТВЕННОЕ БЮДЖЕТНОЕ УЧРЕЖДЕНИЕ ЗДРАВООХРАНЕНИЯ МОСКОВСКОЙ ОБЛАСТИ ""ДОМОДЕДОВСКАЯ БОЛЬНИЦА""";"ГОСУДАРСТВЕННОЕ БЮДЖЕТНОЕ УЧРЕЖДЕНИЕ ЗДРАВООХРАНЕНИЯ МОСКОВСКОЙ ОБЛАСТИ ""ДОМОДЕДОВСКАЯ БОЛЬНИЦА""";10.02.2026;02.03.2026;Закупка завершена;;;26.02.2026;
44-ФЗ;№0432200000826000530;Запрос котировок в электронной форме;Ц-4417_Закупка медицинских изделий;;'262526013629952600100100372650000000;;;6000000.00;RUB;0;;;;;;"ГОСУДАРСТВЕННОЕ ПРЕДПРИЯТИЕ НИЖЕГОРОДСКОЙ ОБЛАСТИ ""НИЖЕГОРОДСКАЯ ОБЛАСТНАЯ ФАРМАЦИЯ""";"ГОСУДАРСТВЕННОЕ ПРЕДПРИЯТИЕ НИЖЕГОРОДСКОЙ ОБЛАСТИ ""НИЖЕГОРОДСКАЯ ОБЛАСТНАЯ ФАРМАЦИЯ""";18.02.2026;02.03.2026;Закупка завершена;;;26.02.2026;
44-ФЗ;№0335200014926000273;Электронный аукцион на проведение работ по строительству, реконструкции, кап. ремонту, сносу объекта кап. строительства в соответствии с п. 8 ч. 1 ст. 33 Закона № 44-ФЗ;"Капитальный ремонт крыши и фасада здания учебных мастерских государственного бюджетного учреждения Калининградской области профессиональной образовательной организации ""Колледж строительства и профессиональных технологий"", расположенного по адресу: Калининградская область, г. Полесск, ул. Авиационная, д. 4, литер Б (выборка)";;'262392200101339220100100220014399243;;;9340453.68;RUB;0;;;;;;"ГОСУДАРСТВЕННОЕ БЮДЖЕТНОЕ УЧРЕЖДЕНИЕ КАЛИНИНГРАДСКОЙ ОБЛАСТИ ПРОФЕССИОНАЛЬНАЯ ОБРАЗОВАТЕЛЬНАЯ ОРГАНИЗАЦИЯ ""КОЛЛЕДЖ СТРОИТЕЛЬСТВА И ПРОФЕССИОНАЛЬНЫХ ТЕХНОЛОГИЙ""";"ГОСУДАРСТВЕННОЕ КАЗЕННОЕ УЧРЕЖДЕНИЕ КАЛИНИНГРАДСКОЙ ОБЛАСТИ ""ЦЕНТР ОБЕСПЕЧЕНИЯ ОРГАНИЗАЦИИ И ПРОВЕДЕНИЯ ТОРГОВ""";12.02.2026;02.03.2026;Закупка завершена;;;26.02.2026;
44-ФЗ;№0432200000826000434;Электронный аукцион;Ц-3970_Закупка расходных материалов;;'262526013629952600100100372080000000;;;11730000.00;RUB;0;;;;;;"ГОСУДАРСТВЕННОЕ ПРЕДПРИЯТИЕ НИЖЕГОРОДСКОЙ ОБЛАСТИ ""НИЖЕГОРОДСКАЯ ОБЛАСТНАЯ ФАРМАЦИЯ""";"ГОСУДАРСТВЕННОЕ ПРЕДПРИЯТИЕ НИЖЕГОРОДСКОЙ ОБЛАСТИ ""НИЖЕГОРОДСКАЯ ОБЛАСТНАЯ ФАРМАЦИЯ""";13.02.2026;02.03.2026;Закупка завершена;;;26.02.2026;
44-ФЗ;№0858600003126000027;Электронный аукцион;Ремонт участка автомобильной дороги по ул.Юных Партизан в р.п. Усть-Донецкий ;;'263613500698561350100100540014211244;;;11116165.69;RUB;0;;;;;;АДМИНИСТРАЦИЯ УСТЬ-ДОНЕЦКОГО ГОРОДСКОГО ПОСЕЛЕНИЯ;"МУНИЦИПАЛЬНОЕ КАЗЕННОЕ УЧРЕЖДЕНИЕ ""ЦЕНТР МУНИЦИПАЛЬНЫХ ЗАКУПОК УСТЬ-ДОНЕЦКОГО РАЙОНА""";19.02.2026;02.03.2026;Закупка завершена;;;27.02.2026;
44-ФЗ;№0335200014926000260;Электронный аукцион на проведение работ по строительству, реконструкции, кап. ремонту, сносу объекта кап. строительства в соответствии с п. 8 ч. 1 ст. 33 Закона № 44-ФЗ;"Капитальный ремонт помещений в здании учебных мастерских государственного бюджетного учреждения Калининградской области профессиональной образовательной организации ""Колледж строительства и профессиональных технологий"", расположенного по адресу: Калининградская область, г. Полесск, ул. Авиационная, д. 4, литер Б (Общестроительные работы(выборка)";;'262392200101339220100100090014399243;;;35606900.26;RUB;0;;;;;;"ГОСУДАРСТВЕННОЕ БЮДЖЕТНОЕ УЧРЕЖДЕНИЕ КАЛИНИНГРАДСКОЙ ОБЛАСТИ ПРОФЕССИОНАЛЬНАЯ ОБРАЗОВАТЕЛЬНАЯ ОРГАНИЗАЦИЯ ""КОЛЛЕДЖ СТРОИТЕЛЬСТВА И ПРОФЕССИОНАЛЬНЫХ ТЕХНОЛОГИЙ""";"ГОСУДАРСТВЕННОЕ КАЗЕННОЕ УЧРЕЖДЕНИЕ КАЛИНИНГРАДСКОЙ ОБЛАСТИ ""ЦЕНТР ОБЕСПЕЧЕНИЯ ОРГАНИЗАЦИИ И ПРОВЕДЕНИЯ ТОРГОВ""";12.02.2026;02.03.2026;Закупка завершена;;;26.02.2026;
44-ФЗ;№0432200000826000451;Запрос котировок в электронной форме;Ц-4479_Закупка медицинских изделий;;'262526013629952600100100390040000000;;;11549172.00;RUB;0;;;;;;"ГОСУДАРСТВЕННОЕ ПРЕДПРИЯТИЕ НИЖЕГОРОДСКОЙ ОБЛАСТИ ""НИЖЕГОРОДСКАЯ ОБЛАСТНАЯ ФАРМАЦИЯ""";"ГОСУДАРСТВЕННОЕ ПРЕДПРИЯТИЕ НИЖЕГОРОДСКОЙ ОБЛАСТИ ""НИЖЕГОРОДСКАЯ ОБЛАСТНАЯ ФАРМАЦИЯ""";14.02.2026;02.03.2026;Закупка завершена;;;26.02.2026;
44-ФЗ;№0432200000826000453;Электронный аукцион;Ц-3975_Закупка расходных материалов;;'262526013629952600100100372230000000;;;10541550.00;RUB;0;;;;;;"ГОСУДАРСТВЕННОЕ ПРЕДПРИЯТИЕ НИЖЕГОРОДСКОЙ ОБЛАСТИ ""НИЖЕГОРОДСКАЯ ОБЛАСТНАЯ ФАРМАЦИЯ""";"ГОСУДАРСТВЕННОЕ ПРЕДПРИЯТИЕ НИЖЕГОРОДСКОЙ ОБЛАСТИ ""НИЖЕГОРОДСКАЯ ОБЛАСТНАЯ ФАРМАЦИЯ""";14.02.2026;02.03.2026;Закупка завершена;;;26.02.2026;
44-ФЗ;№0133200001726000245;Электронный аукцион;Выполнение работ по ремонту автомобильных дорог;;'263370400949237040100100040014211244;;;15400710.00;RUB;0;;;;;;УПРАВЛЕНИЕ ЗЕМЕЛЬНО-ИМУЩЕСТВЕННЫХ ОТНОШЕНИЙ АДМИНИСТРАЦИИ КОМСОМОЛЬСКОГО МУНИЦИПАЛЬНОГО РАЙОНА ИВАНОВСКОЙ ОБЛАСТИ;ДЕПАРТАМЕНТ КОНКУРСОВ И АУКЦИОНОВ ИВАНОВСКОЙ ОБЛАСТИ;17.02.2026;02.03.2026;Закупка завершена;;;26.02.2026;
44-ФЗ;№0176200005526000211;Электронный аукцион;Поставка аварийно-спасательного автомобиля;;'262010506625601050100100280012910244;;;7257333.33;RUB;0;;;;;;"ГОСУДАРСТВЕННОЕ КАЗЕННОЕ УЧРЕЖДЕНИЕ РЕСПУБЛИКИ АДЫГЕЯ ""ЦЕНТР ПО ДЕЛАМ ГРАЖДАНСКОЙ ОБОРОНЫ, ЧРЕЗВЫЧАЙНЫМ СИТУАЦИЯМ И ПОЖАРНОЙ БЕЗОПАСНОСТИ""";КОМИТЕТ РЕСПУБЛИКИ АДЫГЕЯ ПО РЕГУЛИРОВАНИЮ КОНТРАКТНОЙ СИСТЕМЫ В СФЕРЕ ЗАКУПОК;16.02.2026;02.03.2026;Закупка завершена;;;26.02.2026;
44-ФЗ;№0859200001126001314;Электронный аукцион на проведение работ по строительству, реконструкции, кап. ремонту, сносу объекта кап. строительства в соответствии с п. 8 ч. 1 ст. 33 Закона № 44-ФЗ;выполнение работ по капитальному ремонту здания МБУДО «Спасская ДШИ», расположенного по адресу: г. Спасск-Рязанский, ул. Ленина, д. 50;;'263622000553462200100100060014120243;;;35786316.78;RUB;0;;;;;;"МУНИЦИПАЛЬНОЕ БЮДЖЕТНОЕ УЧРЕЖДЕНИЕ ДОПОЛНИТЕЛЬНОГО ОБРАЗОВАНИЯ ""СПАССКАЯ ДЕТСКАЯ ШКОЛА ИСКУССТВ"" СПАССКОГО МУНИЦИПАЛЬНОГО ОКРУГА РЯЗАНСКОЙ ОБЛАСТИ";"ГОСУДАРСТВЕННОЕ КАЗЕННОЕ УЧРЕЖДЕНИЕ РЯЗАНСКОЙ ОБЛАСТИ ""ЦЕНТР ЗАКУПОК РЯЗАНСКОЙ ОБЛАСТИ""";19.02.2026;02.03.2026;Закупка завершена;;;27.02.2026;
44-ФЗ;№0124200000626000082;Открытый конкурс в электронной форме на проведение работ по строительству, реконструкции, кап. ремонту, сносу объекта кап. строительства в соответствии с п. 8 ч. 1 ст. 33 Закона № 44-ФЗ;Выполнение работ по капитальному ремонту здания детского сада СП «Детский сад» по адресу: Архангельская область, Пинежский район, п.Пинега, ул.Быстрова, д.21;;'263291900045929190100103630014120243;;;47313902.47;RUB;0;;;;;;АДМИНИСТРАЦИЯ ПИНЕЖСКОГО МУНИЦИПАЛЬНОГО ОКРУГА АРХАНГЕЛЬСКОЙ ОБЛАСТИ;КОНТРАКТНОЕ АГЕНТСТВО АРХАНГЕЛЬСКОЙ ОБЛАСТИ;26.01.2026;02.03.2026;Закупка завершена;;;12.02.2026;
44-ФЗ;№0176200005526000210;Электронный аукцион;Поставка пожарной автоцистерны;;'262010506625601050100100150012910244;;;16774666.67;RUB;0;;;;;;"ГОСУДАРСТВЕННОЕ КАЗЕННОЕ УЧРЕЖДЕНИЕ РЕСПУБЛИКИ АДЫГЕЯ ""ЦЕНТР ПО ДЕЛАМ ГРАЖДАНСКОЙ ОБОРОНЫ, ЧРЕЗВЫЧАЙНЫМ СИТУАЦИЯМ И ПОЖАРНОЙ БЕЗОПАСНОСТИ""";КОМИТЕТ РЕСПУБЛИКИ АДЫГЕЯ ПО РЕГУЛИРОВАНИЮ КОНТРАКТНОЙ СИСТЕМЫ В СФЕРЕ ЗАКУПОК;16.02.2026;02.03.2026;Закупка завершена;;;26.02.2026;
44-ФЗ;№0432200000826000421;Запрос котировок в электронной форме;Ц-4463_Закупка медицинских изделий;;'262526013629952600100100372000000000;;;11906400.00;RUB;0;;;;;;"ГОСУДАРСТВЕННОЕ ПРЕДПРИЯТИЕ НИЖЕГОРОДСКОЙ ОБЛАСТИ ""НИЖЕГОРОДСКАЯ ОБЛАСТНАЯ ФАРМАЦИЯ""";"ГОСУДАРСТВЕННОЕ ПРЕДПРИЯТИЕ НИЖЕГОРОДСКОЙ ОБЛАСТИ ""НИЖЕГОРОДСКАЯ ОБЛАСТНАЯ ФАРМАЦИЯ""";13.02.2026;02.03.2026;Закупка завершена;;;26.02.2026;
44-ФЗ;№0176200005526000225;Электронный аукцион;Поставка лекарственных препаратов;;'262010502596501050100100400012120244;;;17035000.00;RUB;0;;;;;;ГОСУДАРСТВЕННОЕ БЮДЖЕТНОЕ УЧРЕЖДЕНИЕ  ЗДРАВООХРАНЕНИЯ РЕСПУБЛИКИ АДЫГЕЯ АДЫГЕЙСКАЯ РЕСПУБЛИКАНСКАЯ КЛИНИЧЕСКАЯ БОЛЬНИЦА;КОМИТЕТ РЕСПУБЛИКИ АДЫГЕЯ ПО РЕГУЛИРОВАНИЮ КОНТРАКТНОЙ СИСТЕМЫ В СФЕРЕ ЗАКУПОК;18.02.2026;02.03.2026;Закупка завершена;;;26.02.2026;
44-ФЗ;№0373200022226000389;Электронный аукцион;Повторный электронный аукцион на поставку лекарственных средств (Тромбин+Фибриноген) для нужд ГБУЗ МКНЦ имени А.С. Логинова ДЗМ в 2026 году;;'262772009352377200100103980010000244;;;28956714.50;RUB;0;;;;;;"ГОСУДАРСТВЕННОЕ БЮДЖЕТНОЕ УЧРЕЖДЕНИЕ ЗДРАВООХРАНЕНИЯ ГОРОДА МОСКВЫ ""МОСКОВСКИЙ КЛИНИЧЕСКИЙ НАУЧНО-ПРАКТИЧЕСКИЙ ЦЕНТР ИМЕНИ А.С. ЛОГИНОВА ДЕПАРТАМЕНТА ЗДРАВООХРАНЕНИЯ ГОРОДА МОСКВЫ""";"ГОСУДАРСТВЕННОЕ БЮДЖЕТНОЕ УЧРЕЖДЕНИЕ ЗДРАВООХРАНЕНИЯ ГОРОДА МОСКВЫ ""МОСКОВСКИЙ КЛИНИЧЕСКИЙ НАУЧНО-ПРАКТИЧЕСКИЙ ЦЕНТР ИМЕНИ А.С. ЛОГИНОВА ДЕПАРТАМЕНТА ЗДРАВООХРАНЕНИЯ ГОРОДА МОСКВЫ""";17.02.2026;02.03.2026;Закупка завершена;;;27.02.2026;
44-ФЗ;№0366200035626000692;Запрос котировок в электронной форме;Поставка лекарственного препарата для медицинского применения ВАЛСАРТАН+САКУБИТРИЛ (ИНВАЛИДЫ);;'262710700631171070100100711760000323;;;7222600.00;RUB;0;;;;;;МИНИСТЕРСТВО ЗДРАВООХРАНЕНИЯ ТУЛЬСКОЙ ОБЛАСТИ;"ГОСУДАРСТВЕННОЕ КАЗЕННОЕ УЧРЕЖДЕНИЕ ТУЛЬСКОЙ ОБЛАСТИ ""ЦЕНТР ОРГАНИЗАЦИИ ЗАКУПОК""";16.02.2026;02.03.2026;Закупка завершена;;;26.02.2026;
44-ФЗ;№0348300422126000002;Электронный аукцион;Поставка бланков строгой отчетности (аттестаты);;263505100562377510100100070010000244, 262500302136877510100100100010000244, 262772784051077270100100050010000244, 263505100567077510100100110010000244, 262507401925277510100100030010000244, 262500309629077510100100070010000244, 262503003218277510100100060010000244, 262505100550377510100100070010000244, 262503003237677510100100070010000244, 262772514391577510100100070010000244, 262773211105477290100100040010000244, 262500302164077510100100120010000244, 262772318711377510100100090010000244, 262507401922077510100100050010000244, 262500302149577510100100080010000244, 262771987221177510100100100010000244, 262507404570377510100100090010000244;;;5186041.61;RUB;0;;;;;;;"ГОСУДАРСТВЕННОЕ БЮДЖЕТНОЕ ОБЩЕОБРАЗОВАТЕЛЬНОЕ УЧРЕЖДЕНИЕ ГОРОДА МОСКВЫ ""ШКОЛА № 1788""";19.02.2026;02.03.2026;Закупка завершена;;;27.02.2026;
223-ФЗ;№32615711976;Запрос предложений в электронной форме, участниками которого могут быть только субъекты малого и среднего предпринимательства;Проведение ремонта внедорожной техники для нужд филиала ПАО «Россети Центр и Приволжье» - «Кировэнерго» (№ 0058-КИ-26);;;1;Проведение  ремонта внедорожной техники;5083333.74;RUB;5083333.74;;;;45.20.21.519: Прочие услуги по техническому обслуживанию и ремонту прочих автотранспортных средств, не включенные в другие группировки;;"ПУБЛИЧНОЕ АКЦИОНЕРНОЕ ОБЩЕСТВО ""РОССЕТИ ЦЕНТР И ПРИВОЛЖЬЕ""";филиал Публичного акционерного общества «Россети Центр и Приволжье» - «Кировэнерго»;16.02.2026;02.03.2026;Закупка завершена;;;25.02.2026 11:00;
44-ФЗ;№0158300033626000017;Электронный аукцион;Благоустройство аллеи героев, расположенной по адресу: ул. Аэродромная, 9, г. Сальск, Ростовская область;;'263615302361661530100100830174399244;;;8026133.27;RUB;0;;;;;;АДМИНИСТРАЦИЯ САЛЬСКОГО ГОРОДСКОГО ПОСЕЛЕНИЯ;АДМИНИСТРАЦИЯ САЛЬСКОГО ГОРОДСКОГО ПОСЕЛЕНИЯ;19.02.2026;02.03.2026;Закупка завершена;;;27.02.2026;
44-ФЗ;№0158300033626000015;Электронный аукцион;Выполнение работ по ремонту тротуарных дорожек  в г. Сальске;;'263615302361661530100101120185221244;;;10803709.43;RUB;0;;;;;;АДМИНИСТРАЦИЯ САЛЬСКОГО ГОРОДСКОГО ПОСЕЛЕНИЯ;АДМИНИСТРАЦИЯ САЛЬСКОГО ГОРОДСКОГО ПОСЕЛЕНИЯ;19.02.2026;02.03.2026;Закупка завершена;;;27.02.2026;
44-ФЗ;№0167200003426000933;Электронный аукцион;поставка медицинского изделия: датчик церебрального оксиметра;;'262720311621172030100101070013250244;;;5532136.00;RUB;0;;;;;;"ГОСУДАРСТВЕННОЕ БЮДЖЕТНОЕ УЧРЕЖДЕНИЕ ЗДРАВООХРАНЕНИЯ ТЮМЕНСКОЙ ОБЛАСТИ ""ОБЛАСТНАЯ КЛИНИЧЕСКАЯ БОЛЬНИЦА №2""";УПРАВЛЕНИЕ ГОСУДАРСТВЕННЫХ ЗАКУПОК ТЮМЕНСКОЙ ОБЛАСТИ;17.02.2026;02.03.2026;Закупка завершена;;;26.02.2026;
44-ФЗ;№0142200001326002800;Электронный аукцион;Поставка планетарного сканера;;'263631713337863170100100010012620244;;;11166600.00;RUB;0;;;;;;"МУНИЦИПАЛЬНОЕ АВТОНОМНОЕ УЧРЕЖДЕНИЕ ГОРОДСКОГО ОКРУГА САМАРА ""МУЗЕЙ Э.А.РЯЗАНОВА""";КОМИТЕТ ПО ОРГАНИЗАЦИИ ТОРГОВ САМАРСКОЙ ОБЛАСТИ;17.02.2026;02.03.2026;Закупка завершена;;;27.02.2026;
44-ФЗ;№0318300552926000064;Электронный аукцион;Содержание объектов внешнего благоустройства муниципального образования городской округ город Армавир Краснодарского края;;'263237200793023720100100010010000244;;;90000000.00;RUB;0;;;;;;УПРАВЛЕНИЕ ЖИЛИЩНО-КОММУНАЛЬНОГО ХОЗЯЙСТВА АДМИНИСТРАЦИИ МУНИЦИПАЛЬНОГО ОБРАЗОВАНИЯ ГОРОДСКОЙ ОКРУГ ГОРОД АРМАВИР КРАСНОДАРСКОГО КРАЯ;УПРАВЛЕНИЕ ПО ЗАКУПКАМ ДЛЯ МУНИЦИПАЛЬНЫХ НУЖД АДМИНИСТРАЦИИ МУНИЦИПАЛЬНОГО ОБРАЗОВАНИЯ ГОРОДСКОЙ ОКРУГ ГОРОД АРМАВИР КРАСНОДАРСКОГО КРАЯ;19.02.2026;02.03.2026;Закупка завершена;;;27.02.2026;
44-ФЗ;№0145200000426000161;Электронный аукцион;Поставка стерилизаторов плазменных;;'262470000118078420100100510013250244;;;39840000.00;RUB;0;;;;;;КОМИТЕТ ПО ЗДРАВООХРАНЕНИЮ ЛЕНИНГРАДСКОЙ ОБЛАСТИ;КОМИТЕТ ГОСУДАРСТВЕННОГО ЗАКАЗА ЛЕНИНГРАДСКОЙ ОБЛАСТИ;18.02.2026;02.03.2026;Закупка завершена;;;26.02.2026;
44-ФЗ;№0145200000426000138;Электронный аукцион;Поставка в 2026 году лекарственного препарата Сорафениб;;'262470000118078420100100140102120323;;;12426075.20;RUB;0;;;;;;КОМИТЕТ ПО ЗДРАВООХРАНЕНИЮ ЛЕНИНГРАДСКОЙ ОБЛАСТИ;КОМИТЕТ ГОСУДАРСТВЕННОГО ЗАКАЗА ЛЕНИНГРАДСКОЙ ОБЛАСТИ;16.02.2026;02.03.2026;Закупка завершена;;;26.02.2026;
44-ФЗ;№0160300003626000033;Открытый конкурс в электронной форме;"благоустройство общественных территорий, расположенных в границах г. Энгельса Энгельсского муниципального района Саратовской области в рамках реализации федерального проекта ""Формирование комфортной городской среды"" (национальный проект ""Инфраструктура для жизни"")";;'263644902091064490100100140034299244;;;10010804.34;RUB;0;;;;;;КОМИТЕТ ЖИЛИЩНО-КОММУНАЛЬНОГО ХОЗЯЙСТВА, ТОПЛИВНО-ЭНЕРГЕТИЧЕСКОГО КОМПЛЕКСА, ТРАНСПОРТА И СВЯЗИ АДМИНИСТРАЦИИ ЭНГЕЛЬССКОГО МУНИЦИПАЛЬНОГО РАЙОНА;АДМИНИСТРАЦИЯ ЭНГЕЛЬССКОГО МУНИЦИПАЛЬНОГО РАЙОНА;06.02.2026;02.03.2026;Закупка завершена;;;25.02.2026;
44-ФЗ;№0848300058126000013;Открытый конкурс в электронной форме;Выполнение работ по ремонту дворовых территорий в городском округе Дубна Московской области в 2026 году;;'263501005093050100100100160014299244;;;13030648.36;RUB;0;;;;;;"МУНИЦИПАЛЬНОЕ БЮДЖЕТНОЕ УЧРЕЖДЕНИЕ ГОРОДА ДУБНЫ МОСКОВСКОЙ ОБЛАСТИ ""ДИРЕКЦИЯ РАЗВИТИЯ НАУКОГРАДА ДУБНА""";МУНИЦИПАЛЬНОЕ КАЗЁННОЕ УЧРЕЖДЕНИЕ КОНТРАКТНАЯ СЛУЖБА ГОРОДА ДУБНЫ МОСКОВСКОЙ ОБЛАСТИ;09.02.2026;02.03.2026;Закупка завершена;;;25.02.2026;
44-ФЗ;№0348100059626000011;Электронный аукцион на проведение работ по строительству, реконструкции, кап. ремонту, сносу объекта кап. строительства в соответствии с п. 8 ч. 1 ст. 33 Закона № 44-ФЗ;"Выборочный капитальный ремонт здания ДК ""Юбилейный""клуба на 400 мест (ДК ""Юбилейный"")";;'261504805161250480100100120014120000;;;34567992.86;RUB;0;;;;;;"ФЕДЕРАЛЬНОЕ КАЗЕННОЕ УЧРЕЖДЕНИЕ ""ВОЙСКОВАЯ ЧАСТЬ 52583""";"ФЕДЕРАЛЬНОЕ КАЗЕННОЕ УЧРЕЖДЕНИЕ ""ВОЙСКОВАЯ ЧАСТЬ 52583""";03.02.2026;02.03.2026;Закупка завершена;;;12.02.2026;
44-ФЗ;№0133200001726000250;Электронный аукцион;Поставка картриджей для многофункциональных устройств и принтеров;;'262372902434037020100100050012620244;;;6730544.00;RUB;0;;;;;;"ОБЛАСТНОЕ ГОСУДАРСТВЕННОЕ БЮДЖЕТНОЕ УЧРЕЖДЕНИЕ ""ИВАНОВСКИЙ РЕГИОНАЛЬНЫЙ ЦЕНТР ОЦЕНКИ КАЧЕСТВА ОБРАЗОВАНИЯ""";ДЕПАРТАМЕНТ КОНКУРСОВ И АУКЦИОНОВ ИВАНОВСКОЙ ОБЛАСТИ;17.02.2026;02.03.2026;Закупка завершена;;;26.02.2026;
44-ФЗ;№0133200001726000216;Электронный аукцион;Выполнение работ по ремонту автомобильной дороги Подъезд к Шилекша в Кинешемском районе Ивановской области;;'262372801282537020100100200014211244;;;17161570.00;RUB;0;;;;;;ДЕПАРТАМЕНТ ДОРОЖНОГО ХОЗЯЙСТВА И ТРАНСПОРТА ИВАНОВСКОЙ ОБЛАСТИ;ДЕПАРТАМЕНТ КОНКУРСОВ И АУКЦИОНОВ ИВАНОВСКОЙ ОБЛАСТИ;13.02.2026;02.03.2026;Закупка завершена;;;26.02.2026;
44-ФЗ;№0109300027226000001;Открытый конкурс в электронной форме;Выполнение работ по благоустройству рекреационной зоны по ул. Московская в г. Инсар Инсарского муниципального района Республики Мордовия «Сквер побед»;;'263130908156813090100100030014399244;;;85190720.00;RUB;0;;;;;;АДМИНИСТРАЦИЯ ГОРОДСКОГО ПОСЕЛЕНИЯ ИНСАР ИНСАРСКОГО МУНИЦИПАЛЬНОГО РАЙОНА РЕСПУБЛИКИ МОРДОВИЯ;АДМИНИСТРАЦИЯ ГОРОДСКОГО ПОСЕЛЕНИЯ ИНСАР ИНСАРСКОГО МУНИЦИПАЛЬНОГО РАЙОНА РЕСПУБЛИКИ МОРДОВИЯ;04.02.2026;02.03.2026;Закупка завершена;;;24.02.2026;
44-ФЗ;№0133200001726000207;Электронный аукцион;Оказание услуг по предоставлению каналов связи и передаче данных от технических средств обеспечения транспортной безопасности, расположенных вдоль сети автомобильных дорог общего пользования Ивановской области;;'262372801282537020100100020016110244;;;19967850.00;RUB;0;;;;;;ДЕПАРТАМЕНТ ДОРОЖНОГО ХОЗЯЙСТВА И ТРАНСПОРТА ИВАНОВСКОЙ ОБЛАСТИ;ДЕПАРТАМЕНТ КОНКУРСОВ И АУКЦИОНОВ ИВАНОВСКОЙ ОБЛАСТИ;12.02.2026;02.03.2026;Закупка завершена;;;26.02.2026;
44-ФЗ;№0432200000826000550;Запрос котировок в электронной форме;Ц-4083_Закупка расходных материалов;;'262526013629952600100100372850000000;;;8262500.00;RUB;0;;;;;;"ГОСУДАРСТВЕННОЕ ПРЕДПРИЯТИЕ НИЖЕГОРОДСКОЙ ОБЛАСТИ ""НИЖЕГОРОДСКАЯ ОБЛАСТНАЯ ФАРМАЦИЯ""";"ГОСУДАРСТВЕННОЕ ПРЕДПРИЯТИЕ НИЖЕГОРОДСКОЙ ОБЛАСТИ ""НИЖЕГОРОДСКАЯ ОБЛАСТНАЯ ФАРМАЦИЯ""";18.02.2026;02.03.2026;Закупка завершена;;;26.02.2026;
44-ФЗ;№0142200001326002929;Электронный аукцион;Ремонт грунтовых дорог городского округа Похвистнево (ул. Ибряйкинская от пер. 1-й Пролетарский до ул. Транспортная, пер. Спортивный от ул. Кутузова до дома № 67 по ул. Л.Толстого);;'263635798113463570100100090014211244;;;5493837.24;RUB;0;;;;;;"МУНИЦИПАЛЬНОЕ КАЗЕННОЕ УЧРЕЖДЕНИЕ ""УПРАВЛЕНИЕ ГРАДОСТРОИТЕЛЬСТВА И ЖИЛИЩНО-КОММУНАЛЬНОГО ХОЗЯЙСТВА""";КОМИТЕТ ПО ОРГАНИЗАЦИИ ТОРГОВ САМАРСКОЙ ОБЛАСТИ;18.02.2026;02.03.2026;Закупка завершена;;;26.02.2026;
44-ФЗ;№0142200001326002928;Электронный аукцион на проведение работ по строительству, реконструкции, кап. ремонту, сносу объекта кап. строительства в соответствии с п. 8 ч. 1 ст. 33 Закона № 44-ФЗ;Капитальный ремонт здания структурного подразделения государственного бюджетного общеобразовательного учреждения Самарской области средней общеобразовательной школы № 1 «Образовательный центр» имени Героя Советского Союза С. В. Вавилова с. Борское муниципального района Борский Самарской области – детский сад «Колокольчик».;;'263636600535463660100100040014339243;;;9499971.68;RUB;0;;;;;;"МУНИЦИПАЛЬНОЕ БЮДЖЕТНОЕ УЧРЕЖДЕНИЕ МУНИЦИПАЛЬНОГО РАЙОНА БОРСКИЙ САМАРСКОЙ ОБЛАСТИ ""СЛУЖБА ЗАКАЗЧИКА""";КОМИТЕТ ПО ОРГАНИЗАЦИИ ТОРГОВ САМАРСКОЙ ОБЛАСТИ;18.02.2026;02.03.2026;Закупка завершена;;;26.02.2026;
44-ФЗ;№0859200001126001192;Запрос котировок в электронной форме;Оказание услуг по комплексному техническому обслуживанию и ремонту медицинского оборудования (список 2);;'262623000824562300100100430013313244;;;9252500.00;RUB;0;;;;;;"ГОСУДАРСТВЕННОЕ БЮДЖЕТНОЕ УЧРЕЖДЕНИЕ РЯЗАНСКОЙ ОБЛАСТИ  ""ОБЛАСТНОЙ КЛИНИЧЕСКИЙ ОНКОЛОГИЧЕСКИЙ ДИСПАНСЕР""";"ГОСУДАРСТВЕННОЕ КАЗЕННОЕ УЧРЕЖДЕНИЕ РЯЗАНСКОЙ ОБЛАСТИ ""ЦЕНТР ЗАКУПОК РЯЗАНСКОЙ ОБЛАСТИ""";18.02.2026;02.03.2026;Закупка завершена;;;27.02.2026;
44-ФЗ;№0801500001126000102;Открытый конкурс в электронной форме;"Выполнение работ по благоустройству аллеи Славы по ул.Б.Хмельницкого в ГП город Ишимбай МР Ишимбайский район РБ (зона с установкой мемориальных архитектурных элементов, входная зона со стороны ул.Бульварной, входная зона со стороны пр.Ленина, зона с установкой мемориальных архитектурных элементов, стела) (в рамках Национального проекта ""Инфраструктура для жизни"", регионального проекта ""Формирование комфортной городской среды"")";;'263026101413502610100100130014299243;;;22106392.55;RUB;0;;;;;;АДМИНИСТРАЦИЯ ГОРОДСКОГО ПОСЕЛЕНИЯ ГОРОД ИШИМБАЙ МУНИЦИПАЛЬНОГО РАЙОНА ИШИМБАЙСКИЙ РАЙОН РЕСПУБЛИКИ БАШКОРТОСТАН;"ГОСУДАРСТВЕННОЕ КАЗЕННОЕ УЧРЕЖДЕНИЕ РЕСПУБЛИКИ БАШКОРТОСТАН ""РЕСПУБЛИКАНСКИЙ ЦЕНТР ТОРГОВ""";04.02.2026;02.03.2026;Закупка завершена;;;20.02.2026;
44-ФЗ;№0859200001126000626;Открытый конкурс в электронной форме на проведение работ по строительству, реконструкции, кап. ремонту, сносу объекта кап. строительства в соответствии с п. 8 ч. 1 ст. 33 Закона № 44-ФЗ;Реконструкция автомобильной дороги от автодороги: «Александро-Невский – Благие – Павловка – Дмитриевка» - подъезд к мастерским у д.Павловка Александро-Невского района Рязанской области;;'263620001860962000100100050014211414;;;85130711.95;RUB;0;;;;;;АДМИНИСТРАЦИЯ АЛЕКСАНДРО-НЕВСКОГО МУНИЦИПАЛЬНОГО ОКРУГА РЯЗАНСКОЙ ОБЛАСТИ;"ГОСУДАРСТВЕННОЕ КАЗЕННОЕ УЧРЕЖДЕНИЕ РЯЗАНСКОЙ ОБЛАСТИ ""ЦЕНТР ЗАКУПОК РЯЗАНСКОЙ ОБЛАСТИ""";09.02.2026;02.03.2026;Закупка завершена;;;25.02.2026;
44-ФЗ;№0372100048826000183;Запрос котировок в электронной форме;Поставка лекарственных препаратов (ПЛЕРИКСАФОР);;'261782100688778430100100010792120244;;;6443921.40;RUB;0;;;;;;"ФЕДЕРАЛЬНОЕ ГОСУДАРСТВЕННОЕ БЮДЖЕТНОЕ УЧРЕЖДЕНИЕ ""НАЦИОНАЛЬНЫЙ МЕДИЦИНСКИЙ ИССЛЕДОВАТЕЛЬСКИЙ ЦЕНТР ОНКОЛОГИИ ИМЕНИ Н.Н. ПЕТРОВА"" МИНИСТЕРСТВА ЗДРАВООХРАНЕНИЯ РОССИЙСКОЙ ФЕДЕРАЦИИ";"ФЕДЕРАЛЬНОЕ ГОСУДАРСТВЕННОЕ БЮДЖЕТНОЕ УЧРЕЖДЕНИЕ ""НАЦИОНАЛЬНЫЙ МЕДИЦИНСКИЙ ИССЛЕДОВАТЕЛЬСКИЙ ЦЕНТР ОНКОЛОГИИ ИМЕНИ Н.Н. ПЕТРОВА"" МИНИСТЕРСТВА ЗДРАВООХРАНЕНИЯ РОССИЙСКОЙ ФЕДЕРАЦИИ";17.02.2026;02.03.2026;Закупка завершена;;;26.02.2026;
44-ФЗ;№0373100034526000001;Открытый конкурс в электронной форме;Текущий ремонт помещений;;'261770101239977010100100050014339244;;;21528469.24;RUB;0;;;;;;"ФЕДЕРАЛЬНОЕ ГОСУДАРСТВЕННОЕ БЮДЖЕТНОЕ ОБРАЗОВАТЕЛЬНОЕ УЧРЕЖДЕНИЕ ВЫСШЕГО ОБРАЗОВАНИЯ ""МОСКОВСКИЙ ГОСУДАРСТВЕННЫЙ УНИВЕРСИТЕТ ГЕОДЕЗИИ И КАРТОГРАФИИ""";"ФЕДЕРАЛЬНОЕ ГОСУДАРСТВЕННОЕ БЮДЖЕТНОЕ ОБРАЗОВАТЕЛЬНОЕ УЧРЕЖДЕНИЕ ВЫСШЕГО ОБРАЗОВАНИЯ ""МОСКОВСКИЙ ГОСУДАРСТВЕННЫЙ УНИВЕРСИТЕТ ГЕОДЕЗИИ И КАРТОГРАФИИ""";10.02.2026;02.03.2026;Закупка завершена;;;26.02.2026;
44-ФЗ;№0187300013726000018;Электронный аукцион;Оказание услуг по покосу травы на объектах благоустройства города Когалыма;;'263860801003986080100101200018130000;;;7022412.00;RUB;0;;;;;;"МУНИЦИПАЛЬНОЕ БЮДЖЕТНОЕ УЧРЕЖДЕНИЕ ""КОММУНСПЕЦАВТОТЕХНИКА""";МУНИЦИПАЛЬНОЕ КАЗЕННОЕ УЧРЕЖДЕНИЕ АДМИНИСТРАЦИЯ ГОРОДА КОГАЛЫМА;16.02.2026;02.03.2026;Закупка завершена;;;26.02.2026;
44-ФЗ;№0372100049625000708;Электронный аукцион;Поставка оборудования (автоматизированных рабочих мест) в целях обеспечения ввода в эксплуатацию объекта капитального строительства:  Строительство научно-образовательного комплекса федерального государственного бюджетного учреждения «Национальный медицинский исследовательский центр имени В.А. Алмазова» Министерства здравоохранения Российской Федерации;;'251780203042978140100100870012620407;;;99936596.35;RUB;0;;;;;;"ФЕДЕРАЛЬНОЕ ГОСУДАРСТВЕННОЕ БЮДЖЕТНОЕ УЧРЕЖДЕНИЕ ""НАЦИОНАЛЬНЫЙ МЕДИЦИНСКИЙ ИССЛЕДОВАТЕЛЬСКИЙ ЦЕНТР ИМЕНИ В.А. АЛМАЗОВА"" МИНИСТЕРСТВА ЗДРАВООХРАНЕНИЯ РОССИЙСКОЙ ФЕДЕРАЦИИ";"ФЕДЕРАЛЬНОЕ ГОСУДАРСТВЕННОЕ БЮДЖЕТНОЕ УЧРЕЖДЕНИЕ ""НАЦИОНАЛЬНЫЙ МЕДИЦИНСКИЙ ИССЛЕДОВАТЕЛЬСКИЙ ЦЕНТР ИМЕНИ В.А. АЛМАЗОВА"" МИНИСТЕРСТВА ЗДРАВООХРАНЕНИЯ РОССИЙСКОЙ ФЕДЕРАЦИИ";29.04.2025;02.03.2026;Закупка завершена;;;12.05.2025;
44-ФЗ;№0157200000326000002;Открытый конкурс в электронной форме на проведение работ по строительству, реконструкции, кап. ремонту, сносу объекта кап. строительства в соответствии с п. 8 ч. 1 ст. 33 Закона № 44-ФЗ;Капитальный ремонт здания МБОУ «Локнянская средняя общеобразовательная школа» Локнянского муниципального округа, расположенного по адресу: Псковская область, Локнянский район, п. Локня, ул. Октябрьская, д. 14 (регистрационный номер: 3-К-МЗ-ЛОК);;'263600800212060080100100010014120243;;;107482300.48;RUB;0;;;;;;"МУНИЦИПАЛЬНОЕ БЮДЖЕТНОЕ ОБЩЕОБРАЗОВАТЕЛЬНОЕ УЧРЕЖДЕНИЕ ""ЛОКНЯНСКАЯ  СРЕДНЯЯ ОБЩЕОБРАЗОВАТЕЛЬНАЯ  ШКОЛА""  ЛОКНЯНСКОГО МУНИЦИПАЛЬНОГО ОКРУГА ПСКОВСКОЙ ОБЛАСТИ";МИНИСТЕРСТВО КОНКУРЕНТНОЙ ПОЛИТИКИ ПСКОВСКОЙ ОБЛАСТИ;22.01.2026;02.03.2026;Закупка завершена;;;24.02.2026;
44-ФЗ;№0832200006626000086;Электронный аукцион на проведение работ по строительству, реконструкции, кап. ремонту, сносу объекта кап. строительства в соответствии с п. 8 ч. 1 ст. 33 Закона № 44-ФЗ;Капитальный ремонт здания учебного корпуса для заказчика ГБПОУ «Саровского политехнического техникума имени дважды Героя Социалистического Труда Бориса Глебовича Музрукова» по адресу:607188, город Саров, ул. Димитрова, д3;;'262525400668652540100100140024399000;;;227512650.00;RUB;0;;;;;;"ГОСУДАРСТВЕННОЕ БЮДЖЕТНОЕ ПРОФЕССИОНАЛЬНОЕ ОБРАЗОВАТЕЛЬНОЕ УЧРЕЖДЕНИЕ ""САРОВСКИЙ ПОЛИТЕХНИЧЕСКИЙ ТЕХНИКУМ ИМЕНИ ДВАЖДЫ ГЕРОЯ СОЦИАЛИСТИЧЕСКОГО ТРУДА БОРИСА ГЛЕБОВИЧА МУЗРУКОВА""";"ГОСУДАРСТВЕННОЕ КАЗЕННОЕ УЧРЕЖДЕНИЕ НИЖЕГОРОДСКОЙ ОБЛАСТИ ""ЦЕНТР РАЗМЕЩЕНИЯ ЗАКАЗА НИЖЕГОРОДСКОЙ ОБЛАСТИ""";16.02.2026;02.03.2026;Закупка завершена;;;26.02.2026;
44-ФЗ;№0103200008426000198;Открытый конкурс в электронной форме;Дистанционное зондирование кадастровых кварталов на территории Республики Дагестан;;'262057201954505720100100060017420244;;;25500000.00;RUB;0;;;;;;МИНИСТЕРСТВО ПО ЗЕМЕЛЬНЫМ И ИМУЩЕСТВЕННЫМ ОТНОШЕНИЯМ РЕСПУБЛИКИ ДАГЕСТАН;КОМИТЕТ ПО ГОСУДАРСТВЕННЫМ ЗАКУПКАМ РЕСПУБЛИКИ ДАГЕСТАН;06.02.2026;02.03.2026;Закупка завершена;;;24.02.2026;
44-ФЗ;№0306500000326000132;Электронный аукцион;Поставка диализатора для гемодиализа с полыми волокнами, одноразового использования;;'262100133412810010100100030630000244;;;6193149.12;RUB;0;;;;;;"ГОСУДАРСТВЕННОЕ БЮДЖЕТНОЕ УЧРЕЖДЕНИЕ ЗДРАВООХРАНЕНИЯ РЕСПУБЛИКИ КАРЕЛИЯ ""РЕСПУБЛИКАНСКАЯ БОЛЬНИЦА ИМ. В.А. БАРАНОВА""";"ГОСУДАРСТВЕННОЕ БЮДЖЕТНОЕ УЧРЕЖДЕНИЕ ЗДРАВООХРАНЕНИЯ РЕСПУБЛИКИ КАРЕЛИЯ ""РЕСПУБЛИКАНСКАЯ БОЛЬНИЦА ИМ. В.А. БАРАНОВА""";11.02.2026;02.03.2026;Закупка завершена;;;26.02.2026;
44-ФЗ;№0163200000326000622;Электронный аукцион;Поставка стационарных технических средств автоматической фото- видео-фиксации для обеспечения контроля дорожного движения;;'262673224649067320100100020032651244;;;35915000.00;RUB;0;;;;;;"СМОЛЕНСКОЕ ОБЛАСТНОЕ ГОСУДАРСТВЕННОЕ БЮДЖЕТНОЕ УЧРЕЖДЕНИЕ ""ЦЕНТР ОРГАНИЗАЦИИ ДОРОЖНОГО ДВИЖЕНИЯ""";ГЛАВНОЕ УПРАВЛЕНИЕ СМОЛЕНСКОЙ ОБЛАСТИ ПО РЕГУЛИРОВАНИЮ КОНТРАКТНОЙ СИСТЕМЫ;16.02.2026;02.03.2026;Закупка завершена;;;26.02.2026;
44-ФЗ;№0145200000426000134;Электронный аукцион;монтаж системы автоматической пожарной сигнализации и системы оповещения управления эвакуацией в здании ГБУЗ ЛО «Выборгский роддом» по адресу: Ленинградская область, г.Выборг, Ленинградское шоссе, д.26;;'262470403159547040100100180014321244;;;5303088.24;RUB;0;;;;;;"ГОСУДАРСТВЕННОЕ БЮДЖЕТНОЕ УЧРЕЖДЕНИЕ ЗДРАВООХРАНЕНИЯ ЛЕНИНГРАДСКОЙ ОБЛАСТИ ""ВЫБОРГСКИЙ РОДИЛЬНЫЙ ДОМ""";КОМИТЕТ ГОСУДАРСТВЕННОГО ЗАКАЗА ЛЕНИНГРАДСКОЙ ОБЛАСТИ;13.02.2026;02.03.2026;Закупка завершена;;;26.02.2026;
44-ФЗ;№0163200000326000618;Электронный аукцион;Поставка стационарных технических средств автоматической фотовидеофиксации для обеспечения контроля движения;;'262673224649067320100100020012651244;;;31601250.00;RUB;0;;;;;;"СМОЛЕНСКОЕ ОБЛАСТНОЕ ГОСУДАРСТВЕННОЕ БЮДЖЕТНОЕ УЧРЕЖДЕНИЕ ""ЦЕНТР ОРГАНИЗАЦИИ ДОРОЖНОГО ДВИЖЕНИЯ""";ГЛАВНОЕ УПРАВЛЕНИЕ СМОЛЕНСКОЙ ОБЛАСТИ ПО РЕГУЛИРОВАНИЮ КОНТРАКТНОЙ СИСТЕМЫ;16.02.2026;02.03.2026;Закупка завершена;;;26.02.2026;
44-ФЗ;№0171200001926000402;Электронный аукцион на проведение работ по строительству, реконструкции, кап. ремонту, сносу объекта кап. строительства в соответствии с п. 8 ч. 1 ст. 33 Закона № 44-ФЗ;Выполнение работ по капитальному ремонту в здании библиотеки – филиала №9 МУК ЦСДБ г. Ярославля, расположенной по адресу:  г. Ярославль, ул. Кавказская, д. 29;;'263760202448176020100100120014399243;;;26196140.08;RUB;0;;;;;;"МУНИЦИПАЛЬНОЕ УЧРЕЖДЕНИЕ КУЛЬТУРЫ ""ЦЕНТРАЛИЗОВАННАЯ СИСТЕМА ДЕТСКИХ БИБЛИОТЕК ГОРОДА ЯРОСЛАВЛЯ""";МИНИСТЕРСТВО КОНКУРЕНТНОЙ ПОЛИТИКИ ЯРОСЛАВСКОЙ ОБЛАСТИ;19.02.2026;02.03.2026;Закупка завершена;;;27.02.2026;
44-ФЗ;№0169300049326000002;Электронный аукцион;Услуги (работы) по регулярным перевозкам пассажиров автобусами в городском и пригородном сообщении / Услуга по регулярным перевозкам пассажиров автобусом;;'263743300684874600100100030014931244;;;10078199.47;RUB;0;;;;;;УПРАВЛЕНИЕ ИМУЩЕСТВЕННЫХ И ЗЕМЕЛЬНЫХ ОТНОШЕНИЙ АДМИНИСТРАЦИИ КУНАШАКСКОГО МУНИЦИПАЛЬНОГО ОКРУГА ЧЕЛЯБИНСКОЙ ОБЛАСТИ;УПРАВЛЕНИЕ ИМУЩЕСТВЕННЫХ И ЗЕМЕЛЬНЫХ ОТНОШЕНИЙ АДМИНИСТРАЦИИ КУНАШАКСКОГО МУНИЦИПАЛЬНОГО ОКРУГА ЧЕЛЯБИНСКОЙ ОБЛАСТИ;19.02.2026;02.03.2026;Закупка завершена;;;27.02.2026;
44-ФЗ;№0815500000526001784;Запрос котировок в электронной форме;Поставка изделий медицинского назначения (Папилломавирус человека нуклеиновая кислота штаммов высокого риска ИВД, набор, анализ нуклеиновых кислот);;'262212801599921300100100820012120244;;;6806827.48;RUB;0;;;;;;"БЮДЖЕТНОЕ УЧРЕЖДЕНИЕ ЧУВАШСКОЙ РЕСПУБЛИКИ ""РЕСПУБЛИКАНСКИЙ КЛИНИЧЕСКИЙ ОНКОЛОГИЧЕСКИЙ ДИСПАНСЕР"" МИНИСТЕРСТВА ЗДРАВООХРАНЕНИЯ ЧУВАШСКОЙ РЕСПУБЛИКИ";"КАЗЕННОЕ УЧРЕЖДЕНИЕ ЧУВАШСКОЙ РЕСПУБЛИКИ ""РЕГИОНАЛЬНЫЙ ЦЕНТР ЗАКУПОК ЧУВАШСКОЙ РЕСПУБЛИКИ""";19.02.2026;02.03.2026;Закупка завершена;;;27.02.2026;
44-ФЗ;№0366200035626000679;Электронный аукцион;"Выполнение работ по ремонту зданий ГУ ТО ""Дом социального обслуживания ""Кимовский дом заботы""";;'262711500468571150100100180014399244;;;16041330.75;RUB;0;;;;;;"ГОСУДАРСТВЕННОЕ УЧРЕЖДЕНИЕ ТУЛЬСКОЙ ОБЛАСТИ ""ДОМ СОЦИАЛЬНОГО ОБСЛУЖИВАНИЯ ""КИМОВСКИЙ ДОМ ЗАБОТЫ""";"ГОСУДАРСТВЕННОЕ КАЗЕННОЕ УЧРЕЖДЕНИЕ ТУЛЬСКОЙ ОБЛАСТИ ""ЦЕНТР ОРГАНИЗАЦИИ ЗАКУПОК""";16.02.2026;02.03.2026;Закупка завершена;;;26.02.2026;
44-ФЗ;№0306200005126000006;Электронный аукцион;Выполнение работ по обустройству участков автомобильных дорог общего пользования регионального или межмуниципального значения Республики Карелия недостающими барьерными ограждениями;;'262100104897710010100100060134211244;;;59957154.00;RUB;0;;;;;;"КАЗЕННОЕ УЧРЕЖДЕНИЕ РЕСПУБЛИКИ КАРЕЛИЯ ""УПРАВЛЕНИЕ АВТОМОБИЛЬНЫХ ДОРОГ РЕСПУБЛИКИ КАРЕЛИЯ""";"КАЗЕННОЕ УЧРЕЖДЕНИЕ РЕСПУБЛИКИ КАРЕЛИЯ ""УПРАВЛЕНИЕ АВТОМОБИЛЬНЫХ ДОРОГ РЕСПУБЛИКИ КАРЕЛИЯ""";17.02.2026;02.03.2026;Закупка завершена;;;27.02.2026;
44-ФЗ;№0137200001226000519;Открытый конкурс в электронной форме;Оказание охранных услуг;;'263402707333140280100100080018010244;;;9999904.92;RUB;0;;;;;;"МУНИЦИПАЛЬНОЕ БЮДЖЕТНОЕ УЧРЕЖДЕНИЕ КУЛЬТУРЫ ""КУЛЬТУРНО-ДОСУГОВОЕ ОБЪЕДИНЕНИЕ""";МИНИСТЕРСТВО КОНКУРЕНТНОЙ ПОЛИТИКИ КАЛУЖСКОЙ ОБЛАСТИ;05.02.2026;02.03.2026;Закупка завершена;;;27.02.2026;
44-ФЗ;№0163200000326000626;Электронный аукцион;0252-аэф Поставка технических средств автоматической фотовидеофиксации для обеспечения контроля дорожного движения;;'262673224649067320100100020022651244;;;37067333.38;RUB;0;;;;;;"СМОЛЕНСКОЕ ОБЛАСТНОЕ ГОСУДАРСТВЕННОЕ БЮДЖЕТНОЕ УЧРЕЖДЕНИЕ ""ЦЕНТР ОРГАНИЗАЦИИ ДОРОЖНОГО ДВИЖЕНИЯ""";ГЛАВНОЕ УПРАВЛЕНИЕ СМОЛЕНСКОЙ ОБЛАСТИ ПО РЕГУЛИРОВАНИЮ КОНТРАКТНОЙ СИСТЕМЫ;16.02.2026;02.03.2026;Закупка завершена;;;26.02.2026;
44-ФЗ;№0368400000226000185;Электронный аукцион;Поставка радиофармацевтического терапевтического средства (МНН: Флудезоксиглюкоза [18F]);;'261732902836273290100100070480000244;;;8910000.00;RUB;0;;;;;;"ФЕДЕРАЛЬНОЕ ГОСУДАРСТВЕННОЕ БЮДЖЕТНОЕ УЧРЕЖДЕНИЕ ""ФЕДЕРАЛЬНЫЙ НАУЧНО-КЛИНИЧЕСКИЙ ЦЕНТР МЕДИЦИНСКОЙ РАДИОЛОГИИ И ОНКОЛОГИИ"" ФЕДЕРАЛЬНОГО МЕДИКО-БИОЛОГИЧЕСКОГО АГЕНТСТВА";"ФЕДЕРАЛЬНОЕ ГОСУДАРСТВЕННОЕ БЮДЖЕТНОЕ УЧРЕЖДЕНИЕ ""ФЕДЕРАЛЬНЫЙ НАУЧНО-КЛИНИЧЕСКИЙ ЦЕНТР МЕДИЦИНСКОЙ РАДИОЛОГИИ И ОНКОЛОГИИ"" ФЕДЕРАЛЬНОГО МЕДИКО-БИОЛОГИЧЕСКОГО АГЕНТСТВА";16.02.2026;02.03.2026;Закупка завершена;;;26.02.2026;
44-ФЗ;№0843500000226000355;Открытый конкурс в электронной форме на проведение работ по строительству, реконструкции, кап. ремонту, сносу объекта кап. строительства в соответствии с п. 8 ч. 1 ст. 33 Закона № 44-ФЗ;Капитальный ремонт тепловых сетей р.п. Лебяжье Лебяжьевского района Курганской области;;'263451003254345100100100100014221243;;;234155100.00;RUB;0;;;;;;АДМИНИСТРАЦИЯ ЛЕБЯЖЬЕВСКОГО МУНИЦИПАЛЬНОГО ОКРУГА КУРГАНСКОЙ ОБЛАСТИ;"ГОСУДАРСТВЕННОЕ КАЗЕННОЕ УЧРЕЖДЕНИЕ ""ЦЕНТР ЗАКУПОК И БУХГАЛТЕРСКОГО УЧЕТА КУРГАНСКОЙ ОБЛАСТИ""";10.02.2026;02.03.2026;Закупка завершена;;;25.02.2026;
44-ФЗ;№0168500000626000215;Открытый конкурс в электронной форме;Выполнение работ по проектированию и капитальному ремонту здания ОГБПОУ «Ульяновский техникум железнодорожного транспорта» по адресу: г. Ульяновск, ул. Куйбышева, дом 4 (Лит. Е).;;'262732504863273250100100070014399243;;;76337239.67;RUB;0;;;;;;"ОБЛАСТНОЕ ГОСУДАРСТВЕННОЕ КАЗЁННОЕ УЧРЕЖДЕНИЕ ""УЛЬЯНОВСКОБЛСТРОЙЗАКАЗЧИК""";АГЕНТСТВО ГОСУДАРСТВЕННЫХ ЗАКУПОК УЛЬЯНОВСКОЙ ОБЛАСТИ;02.02.2026;02.03.2026;Закупка завершена;;;19.02.2026;
44-ФЗ;№0145200000426000111;Открытый конкурс в электронной форме;Выполнение работы по определению нормативов накопления твердых коммунальных отходов, для субъекта Российской Федерации – Ленинградская область;;'262784214295478420100100180037490244;;;23725000.00;RUB;0;;;;;;"ЛЕНИНГРАДСКОЕ ОБЛАСТНОЕ ГОСУДАРСТВЕННОЕ КАЗЕННОЕ УЧРЕЖДЕНИЕ ""ЦЕНТР ЛЕНИНГРАДСКОЙ ОБЛАСТИ ПО ОРГАНИЗАЦИИ ДЕЯТЕЛЬНОСТИ ПО ОБРАЩЕНИЮ С ОТХОДАМИ""";КОМИТЕТ ГОСУДАРСТВЕННОГО ЗАКАЗА ЛЕНИНГРАДСКОЙ ОБЛАСТИ;09.02.2026;02.03.2026;Закупка завершена;;;25.02.2026;
44-ФЗ;№0301300247626000065;Электронный аукцион;Оказание услуг по обеспечению функционирования биотуалетов и контейнеров в рамках проводимых мероприятий по созданию условий для массового отдыха населения на территории городского округа город Уфа Республики Башкортостан;;'263027811759402780100100090018129244;;;17979288.00;RUB;0;;;;;;УПРАВЛЕНИЕ КОММУНАЛЬНОГО ХОЗЯЙСТВА И БЛАГОУСТРОЙСТВА АДМИНИСТРАЦИИ ГОРОДСКОГО ОКРУГА ГОРОД УФА РЕСПУБЛИКИ БАШКОРТОСТАН;"МУНИЦИПАЛЬНОЕ КАЗЕННОЕ УЧРЕЖДЕНИЕ ""ЦЕНТР ОРГАНИЗАЦИИ И ПРОВЕДЕНИЯ КОНКУРСНЫХ ПРОЦЕДУР"" ГОРОДСКОГО ОКРУГА ГОРОД УФА РЕСПУБЛИКИ БАШКОРТОСТАН";19.02.2026;02.03.2026;Закупка завершена;;;27.02.2026;
44-ФЗ;№0368400000226000222;Электронный аукцион;Поставка радиоактивного препарата лютеция-177 хлорид;;'261732902836273290100100090810000244;;;32338494.72;RUB;0;;;;;;"ФЕДЕРАЛЬНОЕ ГОСУДАРСТВЕННОЕ БЮДЖЕТНОЕ УЧРЕЖДЕНИЕ ""ФЕДЕРАЛЬНЫЙ НАУЧНО-КЛИНИЧЕСКИЙ ЦЕНТР МЕДИЦИНСКОЙ РАДИОЛОГИИ И ОНКОЛОГИИ"" ФЕДЕРАЛЬНОГО МЕДИКО-БИОЛОГИЧЕСКОГО АГЕНТСТВА";"ФЕДЕРАЛЬНОЕ ГОСУДАРСТВЕННОЕ БЮДЖЕТНОЕ УЧРЕЖДЕНИЕ ""ФЕДЕРАЛЬНЫЙ НАУЧНО-КЛИНИЧЕСКИЙ ЦЕНТР МЕДИЦИНСКОЙ РАДИОЛОГИИ И ОНКОЛОГИИ"" ФЕДЕРАЛЬНОГО МЕДИКО-БИОЛОГИЧЕСКОГО АГЕНТСТВА";19.02.2026;02.03.2026;Закупка завершена;;;27.02.2026;
44-ФЗ;№0859200001126001102;Электронный аукцион;Поставка топлива;;'263623418763762340100100230011920244;;;5000000.00;RUB;0;;;;;;"МУНИЦИПАЛЬНОЕ БЮДЖЕТНОЕ УЧРЕЖДЕНИЕ ""УПРАВЛЕНИЕ ПО ДЕЛАМ ТЕРРИТОРИИ ГОРОДА РЯЗАНИ""";"ГОСУДАРСТВЕННОЕ КАЗЕННОЕ УЧРЕЖДЕНИЕ РЯЗАНСКОЙ ОБЛАСТИ ""ЦЕНТР ЗАКУПОК РЯЗАНСКОЙ ОБЛАСТИ""";17.02.2026;02.03.2026;Закупка завершена;;;27.02.2026;
44-ФЗ;№0190300001926000046;Электронный аукцион;"Текущий ремонт МБДОУ ""Радость""";;'263891300785089130100100060014399244;;;11270955.29;RUB;0;;;;;;"МУНИЦИПАЛЬНОЕ КАЗЕННОЕ УЧРЕЖДЕНИЕ ""УПРАВЛЕНИЕ ОРГАНИЗАЦИИ СТРОИТЕЛЬСТВА""";АДМИНИСТРАЦИЯ ГОРОДА ГУБКИНСКОГО;18.02.2026;02.03.2026;Закупка завершена;;;26.02.2026;
44-ФЗ;№0358300295926000012;Электронный аукцион на проведение работ по строительству, реконструкции, кап. ремонту, сносу объекта кап. строительства в соответствии с п. 8 ч. 1 ст. 33 Закона № 44-ФЗ;"Капитальный ремонт ГБУ ""ЦРБ"" Кагальницкого района Ростовской области (здание поликлиники (литер А), здание детского отделения (литер Б), часть здания подсобного корпуса больницы (литер Ж), расположенного по адресу: Ростовская область, Кагальницкий район, ст.Кагальницкая, пер.Буденновский,71А ";;'262611301315361130100100140014120243;;;19275800.00;RUB;0;;;;;;"ГОСУДАРСТВЕННОЕ БЮДЖЕТНОЕ УЧРЕЖДЕНИЕ РОСТОВСКОЙ ОБЛАСТИ ""ЦЕНТРАЛЬНАЯ РАЙОННАЯ БОЛЬНИЦА"" В КАГАЛЬНИЦКОМ РАЙОНЕ";"ГОСУДАРСТВЕННОЕ БЮДЖЕТНОЕ УЧРЕЖДЕНИЕ РОСТОВСКОЙ ОБЛАСТИ ""ЦЕНТРАЛЬНАЯ РАЙОННАЯ БОЛЬНИЦА"" В КАГАЛЬНИЦКОМ РАЙОНЕ";19.02.2026;02.03.2026;Закупка завершена;;;27.02.2026;
44-ФЗ;№0318300537426000021;Запрос котировок в электронной форме;Приобретение жилого помещения (жилого дома, квартиры) на территории города Анапа с целью осуществления государственных полномочий по обеспечению жилыми помещениями детей-сирот и детей, оставшихся без попечения родителей, лиц из числа детей-сирот и детей, оставшихся без попечения родителей, по договорам найма специализированных жилых помещений, в рамках государственной программы Краснодарского края «Дети Кубани»;;'263230108499223010100100010026810412;;;7579000.00;RUB;0;;;;;;УПРАВЛЕНИЕ СОЦИАЛЬНОЙ ПОЛИТИКИ АДМИНИСТРАЦИИ МУНИЦИПАЛЬНОГО ОБРАЗОВАНИЯ ГОРОД-КУРОРТ АНАПА;УПРАВЛЕНИЕ ЗАКУПОК АДМИНИСТРАЦИИ МУНИЦИПАЛЬНОГО ОБРАЗОВАНИЯ ГОРОД-КУРОРТ АНАПА;19.02.2026;02.03.2026;Закупка завершена;;;27.02.2026;
44-ФЗ;№0829500001126000803;Электронный аукцион;Поставка лекарственного препарата для медицинского применения Эпоэтин альфа (СТ21);;262344390130634430100100020102120244, 262344101321734410100100050072120244, 262340900476134090100100010162120244, 262343590130234350100100100172120244, 262343500143934350100100160192120244, 262344500701334450100100380012120244, 262343700818034370100100550012120244, 262344302761734430100100390012120244, 263342301613434230100100040032120244, 262344801278034480100100230012120244, 262344201722134420100100130012120244;;;10918819.10;RUB;0;;;;;;;"ГОСУДАРСТВЕННОЕ КАЗЕННОЕ УЧРЕЖДЕНИЕ  ""ЦЕНТР СОПРОВОЖДЕНИЯ ЗАКУПОК ГОСУДАРСТВЕННЫХ УЧРЕЖДЕНИЙ ЗДРАВООХРАНЕНИЯ ВОЛГОГРАДСКОЙ ОБЛАСТИ""";16.02.2026;02.03.2026;Закупка завершена;;;26.02.2026;
44-ФЗ;№0172300005126000004;Открытый конкурс в электронной форме;Оказание услуг по организации и проведению праздничных мероприятий, посвященных Дню Победы советского народа в Великой Отечественной войне и Дню основания Сестрорецка;;'263782701247878430100100080019329244;;;16365383.33;RUB;0;;;;;;МЕСТНАЯ АДМИНИСТРАЦИЯ МУНИЦИПАЛЬНОГО ОБРАЗОВАНИЯ ГОРОДА СЕСТРОРЕЦКА;МЕСТНАЯ АДМИНИСТРАЦИЯ МУНИЦИПАЛЬНОГО ОБРАЗОВАНИЯ ГОРОДА СЕСТРОРЕЦКА;11.02.2026;02.03.2026;Закупка завершена;;;27.02.2026;
44-ФЗ;№0373200041126000024;Открытый конкурс в электронной форме;Разработка проектно-сметной документации по благоустройству сквера на пересечении Таганрогской ул. и Ставропольской ул.;;'262772381433277230100100240010000244;;;16000000.00;RUB;0;;;;;;"ГОСУДАРСТВЕННОЕ БЮДЖЕТНОЕ УЧРЕЖДЕНИЕ ГОРОДА МОСКВЫ ""АВТОМОБИЛЬНЫЕ ДОРОГИ ЮГО-ВОСТОЧНОГО АДМИНИСТРАТИВНОГО ОКРУГА""";"ГОСУДАРСТВЕННОЕ КАЗЕННОЕ УЧРЕЖДЕНИЕ ГОРОДА МОСКВЫ ""ДИРЕКЦИЯ ЗАКАЗЧИКА ЖИЛИЩНО-КОММУНАЛЬНОГО ХОЗЯЙСТВА И БЛАГОУСТРОЙСТВА ЮГО-ВОСТОЧНОГО АДМИНИСТРАТИВНОГО ОКРУГА""";05.02.2026;02.03.2026;Закупка завершена;;;24.02.2026;
44-ФЗ;№0373100109126000001;Открытый конкурс в электронной форме;Оказание комплекса услуг по созданию юбилейной выставки к 80-летию со дня рождения Владимира Вольфовича Жириновского «Жириновский навсегда»;;'261771001697877100100100030019102244;;;39900000.00;RUB;0;;;;;;"ФЕДЕРАЛЬНОЕ ГОСУДАРСТВЕННОЕ БЮДЖЕТНОЕ УЧРЕЖДЕНИЕ КУЛЬТУРЫ ""ГОСУДАРСТВЕННЫЙ ЦЕНТРАЛЬНЫЙ МУЗЕЙ СОВРЕМЕННОЙ ИСТОРИИ РОССИИ""";"ФЕДЕРАЛЬНОЕ ГОСУДАРСТВЕННОЕ БЮДЖЕТНОЕ УЧРЕЖДЕНИЕ КУЛЬТУРЫ ""ГОСУДАРСТВЕННЫЙ ЦЕНТРАЛЬНЫЙ МУЗЕЙ СОВРЕМЕННОЙ ИСТОРИИ РОССИИ""";10.02.2026;02.03.2026;Закупка завершена;;;26.02.2026;
44-ФЗ;№0142200001326001644;Открытый конкурс в электронной форме;Выполнение работ по благоустройству территорий городских и сельских поселений муниципального района Безенчукский Самарской области в рамках реализации муниципальных программ по формированию современной городской среды;;'263636200724863620100100030024299244;;;27534725.62;RUB;0;;;;;;КОМИТЕТ ПО СТРОИТЕЛЬСТВУ АДМИНИСТРАЦИИ МУНИЦИПАЛЬНОГО РАЙОНА БЕЗЕНЧУКСКИЙ САМАРСКОЙ ОБЛАСТИ;КОМИТЕТ ПО ОРГАНИЗАЦИИ ТОРГОВ САМАРСКОЙ ОБЛАСТИ;06.02.2026;02.03.2026;Закупка завершена;;;24.02.2026;
44-ФЗ;№0825500000726000271;Электронный аукцион;Поставка реагентов для иммуногематологических исследований;;'262301604595830190100100260040000244;;;9223017.76;RUB;0;;;;;;ГОСУДАРСТВЕННОЕ БЮДЖЕТНОЕ УЧРЕЖДЕНИЕ ЗДРАВООХРАНЕНИЯ АСТРАХАНСКОЙ ОБЛАСТИ АЛЕКСАНДРО-МАРИИНСКАЯ ОБЛАСТНАЯ КЛИНИЧЕСКАЯ БОЛЬНИЦА;"ГОСУДАРСТВЕННОЕ КАЗЕННОЕ УЧРЕЖДЕНИЕ АСТРАХАНСКОЙ ОБЛАСТИ ""РЕГИОНАЛЬНЫЙ ЦЕНТР ОРГАНИЗАЦИИ ЗАКУПОК""";17.02.2026;02.03.2026;Закупка завершена;;;26.02.2026;
44-ФЗ;№0142200001326002913;Электронный аукцион;Поставка лекарственного препарата «Глекапревир+Пибрентасвир» в рамках обеспечения пациентов с хроническим гепатитом С.;;'262631819736763180100100770070000244;;;20015650.20;RUB;0;;;;;;"ГОСУДАРСТВЕННОЕ КАЗЕННОЕ УЧРЕЖДЕНИЕ САМАРСКОЙ ОБЛАСТИ ""САМАРАФАРМАЦИЯ""";КОМИТЕТ ПО ОРГАНИЗАЦИИ ТОРГОВ САМАРСКОЙ ОБЛАСТИ;18.02.2026;02.03.2026;Закупка завершена;;;27.02.2026;
44-ФЗ;№0142200001326002918;Электронный аукцион;Поставка лекарственного препарата «Гразопревир+Элбасвир» в рамках обеспечения пациентов с хроническим гепатитом С.;;'262631819736763180100100770080000244;;;46029142.74;RUB;0;;;;;;"ГОСУДАРСТВЕННОЕ КАЗЕННОЕ УЧРЕЖДЕНИЕ САМАРСКОЙ ОБЛАСТИ ""САМАРАФАРМАЦИЯ""";КОМИТЕТ ПО ОРГАНИЗАЦИИ ТОРГОВ САМАРСКОЙ ОБЛАСТИ;18.02.2026;02.03.2026;Закупка завершена;;;27.02.2026;
44-ФЗ;№0869300001626000027;Электронный аукцион;Восстановление оснований и покрытий из песчано-щебеночной смеси на участке автомобильной дороги по ул. Рябиновая в с. Миасское Красноармейского округа Челябинской области ;;'263743001376674300100100020160000244;;;9536940.13;RUB;0;;;;;;УПРАВЛЕНИЕ СТРОИТЕЛЬСТВА И ИНЖЕНЕРНОЙ ИНФРАСТРУКТУРЫ АДМИНИСТРАЦИИ КРАСНОАРМЕЙСКОГО МУНИЦИПАЛЬНОГО ОКРУГА;УПРАВЛЕНИЕ СТРОИТЕЛЬСТВА И ИНЖЕНЕРНОЙ ИНФРАСТРУКТУРЫ АДМИНИСТРАЦИИ КРАСНОАРМЕЙСКОГО МУНИЦИПАЛЬНОГО ОКРУГА;18.02.2026;02.03.2026;Закупка завершена;;;26.02.2026;
44-ФЗ;№0366200035626000797;Запрос котировок в электронной форме;Централизованная поставка лекарственного препарата для медицинского применения МЕТФОРМИН (Сахарный диабет);;'262710700631171070100100671400000323;;;7380000.00;RUB;0;;;;;;МИНИСТЕРСТВО ЗДРАВООХРАНЕНИЯ ТУЛЬСКОЙ ОБЛАСТИ;"ГОСУДАРСТВЕННОЕ КАЗЕННОЕ УЧРЕЖДЕНИЕ ТУЛЬСКОЙ ОБЛАСТИ ""ЦЕНТР ОРГАНИЗАЦИИ ЗАКУПОК""";18.02.2026;02.03.2026;Закупка завершена;;;26.02.2026;
44-ФЗ;№0164200001926000385;Электронный аукцион;Поставка лекарственного аппарата Адалимумаб;;'262683202476668290100100040012120244;;;6563672.00;RUB;0;;;;;;"ГОСУДАРСТВЕННОЕ БЮДЖЕТНОЕ УЧРЕЖДЕНИЕ ЗДРАВООХРАНЕНИЯ ""ТАМБОВСКАЯ ОБЛАСТНАЯ ДЕТСКАЯ КЛИНИЧЕСКАЯ  БОЛЬНИЦА""";МИНИСТЕРСТВО ИМУЩЕСТВЕННЫХ ОТНОШЕНИЙ И ГОСУДАРСТВЕННОГО ЗАКАЗА ТАМБОВСКОЙ ОБЛАСТИ;17.02.2026;02.03.2026;Закупка завершена;;;26.02.2026;
44-ФЗ;№0167200003426001066;Электронный аукцион;Оказание услуг по обновлению программного обеспечения подсистемы «Интеграционная платформа» государственной информационной системы Тюменской области «Интеллектуальная транспортная система Тюменской области» в целях реализации мероприятия «Внедрение интеллектуальных транспортных систем, предусматривающих автоматизацию процессов управления дорожным движением в городских агломерациях, включающих города с населением свыше 300 тысяч человек»;;'262720219020572030100102570016209246;;;9958360.00;RUB;0;;;;;;"ГОСУДАРСТВЕННОЕ КАЗЕННОЕ УЧРЕЖДЕНИЕ ТЮМЕНСКОЙ ОБЛАСТИ ""ЦЕНТР ИНФОРМАЦИОННЫХ ТЕХНОЛОГИЙ ТЮМЕНСКОЙ ОБЛАСТИ""";УПРАВЛЕНИЕ ГОСУДАРСТВЕННЫХ ЗАКУПОК ТЮМЕНСКОЙ ОБЛАСТИ;19.02.2026;02.03.2026;Закупка завершена;;;27.02.2026;
44-ФЗ;№0167200003426000991;Электронный аукцион;Поставка медицинских изделий: расходный материал медицинского назначения для оперблока;;'262720300024972030100103860013250244;;;5110477.52;RUB;0;;;;;;"ГОСУДАРСТВЕННОЕ БЮДЖЕТНОЕ УЧРЕЖДЕНИЕ ЗДРАВООХРАНЕНИЯ ТЮМЕНСКОЙ ОБЛАСТИ ""ОБЛАСТНАЯ КЛИНИЧЕСКАЯ БОЛЬНИЦА № 1""";УПРАВЛЕНИЕ ГОСУДАРСТВЕННЫХ ЗАКУПОК ТЮМЕНСКОЙ ОБЛАСТИ;18.02.2026;02.03.2026;Закупка завершена;;;27.02.2026;
44-ФЗ;№0187300006526000035;Открытый конкурс в электронной форме;"Устройство объекта благоустройства ""Новое кладбище ""Чернореченское-2"" в г. Сургут I пусковой комплекс 8 этап строительства";;'263860200041186020100100240014299244;;;169625805.89;RUB;0;;;;;;"МУНИЦИПАЛЬНОЕ КАЗЕННОЕ УЧРЕЖДЕНИЕ ""ДИРЕКЦИЯ ДОРОЖНО-ТРАНСПОРТНОГО И ЖИЛИЩНО-КОММУНАЛЬНОГО КОМПЛЕКСА""";АДМИНИСТРАЦИЯ ГОРОДА СУРГУТА;06.02.2026;02.03.2026;Закупка завершена;;;25.02.2026;
44-ФЗ;№0173100014726000013;Электронный аукцион;Выполнение работ по монтажу и пуско-наладке охранной сигнализации на объекте центрального аппарата Следственного комитета Российской Федерации;;'261770190367777010100101520013320244;;;9579277.99;RUB;0;;;;;;СЛЕДСТВЕННЫЙ КОМИТЕТ РОССИЙСКОЙ ФЕДЕРАЦИИ;СЛЕДСТВЕННЫЙ КОМИТЕТ РОССИЙСКОЙ ФЕДЕРАЦИИ;19.02.2026;02.03.2026;Закупка завершена;;;27.02.2026;
44-ФЗ;№0174000000326000003;Электронный аукцион на проведение работ по строительству, реконструкции, кап. ремонту, сносу объекта кап. строительства в соответствии с п. 8 ч. 1 ст. 33 Закона № 44-ФЗ;Комплексный капитальный ремонт административного здания Арбитражный суд города Севастополь, расположенный по адресу г. Севастополь, ул. Л. Павличенко, д. 5 (Корпус 3) ;;'261920450958692040100100050010000243;;;45944160.00;RUB;0;;;;;;АРБИТРАЖНЫЙ СУД ГОРОДА СЕВАСТОПОЛЯ;АРБИТРАЖНЫЙ СУД ГОРОДА СЕВАСТОПОЛЯ;19.02.2026;02.03.2026;Закупка завершена;;;27.02.2026;
44-ФЗ;№0801500001126000132;Электронный аукцион;Ремонт ул.Проездная км 0,048 - км 1,250 с.Сихонкино МР Кармаскалинский район РБ;;'263022901238002290100100210014211244;;;9192299.85;RUB;0;;;;;;АДМИНИСТРАЦИЯ СЕЛЬСКОГО ПОСЕЛЕНИЯ КАБАКОВСКИЙ СЕЛЬСОВЕТ МУНИЦИПАЛЬНОГО РАЙОНА КАРМАСКАЛИНСКИЙ РАЙОН РЕСПУБЛИКИ БАШКОРТОСТАН;"ГОСУДАРСТВЕННОЕ КАЗЕННОЕ УЧРЕЖДЕНИЕ РЕСПУБЛИКИ БАШКОРТОСТАН ""РЕСПУБЛИКАНСКИЙ ЦЕНТР ТОРГОВ""";13.02.2026;02.03.2026;Закупка завершена;;;26.02.2026;
44-ФЗ;№0366200035626000798;Запрос котировок в электронной форме;Централизованная поставка лекарственного препарата для медицинского применения МЕТФОРМИН (Сахарный диабет);;'262710700631171070100100671390000323;;;7380000.00;RUB;0;;;;;;МИНИСТЕРСТВО ЗДРАВООХРАНЕНИЯ ТУЛЬСКОЙ ОБЛАСТИ;"ГОСУДАРСТВЕННОЕ КАЗЕННОЕ УЧРЕЖДЕНИЕ ТУЛЬСКОЙ ОБЛАСТИ ""ЦЕНТР ОРГАНИЗАЦИИ ЗАКУПОК""";18.02.2026;02.03.2026;Закупка завершена;;;26.02.2026;
44-ФЗ;№0869300001626000025;Электронный аукцион;Восстановление оснований и покрытий из песчано-щебеночной смеси на автомобильной дороге по ул. Парковая в с. Миасское Красноармейского округа Челябинской области ;;'263743001376674300100100020150000244;;;12110601.13;RUB;0;;;;;;УПРАВЛЕНИЕ СТРОИТЕЛЬСТВА И ИНЖЕНЕРНОЙ ИНФРАСТРУКТУРЫ АДМИНИСТРАЦИИ КРАСНОАРМЕЙСКОГО МУНИЦИПАЛЬНОГО ОКРУГА;УПРАВЛЕНИЕ СТРОИТЕЛЬСТВА И ИНЖЕНЕРНОЙ ИНФРАСТРУКТУРЫ АДМИНИСТРАЦИИ КРАСНОАРМЕЙСКОГО МУНИЦИПАЛЬНОГО ОКРУГА;18.02.2026;02.03.2026;Закупка завершена;;;26.02.2026;
44-ФЗ;№0266100000526000005;Электронный аукцион;Поставка кресел-колясок с ручным приводом комнатных и прогулочных с различной модификацией;;'261710601545871060100100290013092323;;;6000000.00;RUB;0;;;;;;ОТДЕЛЕНИЕ ФОНДА ПЕНСИОННОГО И СОЦИАЛЬНОГО СТРАХОВАНИЯ РОССИЙСКОЙ ФЕДЕРАЦИИ ПО ТУЛЬСКОЙ ОБЛАСТИ;ОТДЕЛЕНИЕ ФОНДА ПЕНСИОННОГО И СОЦИАЛЬНОГО СТРАХОВАНИЯ РОССИЙСКОЙ ФЕДЕРАЦИИ ПО ТУЛЬСКОЙ ОБЛАСТИ;12.02.2026;02.03.2026;Закупка завершена;;;26.02.2026;
44-ФЗ;№0168500000626000504;Запрос котировок в электронной форме;Лекарственный препарат Дупилумаб для медицинского применения по рецептам на лекарственные препараты для обеспечения отдельных категорий граждан, имеющих право на льготное лекарственное обеспечение, в соответствии с Федеральным законом от17.07.1999 № 178-ФЗ «О государственной социальной помощи» в 2026 году;;'262732500095173250100100330770000323;;;6942412.80;RUB;0;;;;;;МИНИСТЕРСТВО ЗДРАВООХРАНЕНИЯ УЛЬЯНОВСКОЙ ОБЛАСТИ;АГЕНТСТВО ГОСУДАРСТВЕННЫХ ЗАКУПОК УЛЬЯНОВСКОЙ ОБЛАСТИ;17.02.2026;02.03.2026;Закупка завершена;;;26.02.2026;
44-ФЗ;№0137200001226001051;Электронный аукцион;"Выполнение работ по ремонту водопропускного сооружения на автомобильной дороге Боровск - Федорино - ""Верея - Медынь"" в Боровском муниципальном округе км 29+618, км 31+048";;'262402707413440270100100660014211244;;;8546245.18;RUB;0;;;;;;"ГОСУДАРСТВЕННОЕ КАЗЕННОЕ УЧРЕЖДЕНИЕ КАЛУЖСКОЙ ОБЛАСТИ ""КАЛУГАДОРЗАКАЗЧИК""";МИНИСТЕРСТВО КОНКУРЕНТНОЙ ПОЛИТИКИ КАЛУЖСКОЙ ОБЛАСТИ;18.02.2026;02.03.2026;Закупка завершена;;;27.02.2026;
44-ФЗ;№0187300006526000034;Открытый конкурс в электронной форме;"Устройство объекта благоустройства: ""Аллея Славы"" на территории кладбища ""Чернореченское"" в г. Сургут";;'263860200041186020100100270014299244;;;13275531.88;RUB;0;;;;;;"МУНИЦИПАЛЬНОЕ КАЗЕННОЕ УЧРЕЖДЕНИЕ ""ДИРЕКЦИЯ ДОРОЖНО-ТРАНСПОРТНОГО И ЖИЛИЩНО-КОММУНАЛЬНОГО КОМПЛЕКСА""";АДМИНИСТРАЦИЯ ГОРОДА СУРГУТА;06.02.2026;02.03.2026;Закупка завершена;;;25.02.2026;
44-ФЗ;№0187200001726000167;Запрос котировок в электронной форме;Выполнение работ, связанных с осуществлением регулярных перевозок пассажиров и багажа автомобильным транспортом по регулируемым тарифам в межмуниципальном сообщении;;'262860100632286010100100060190000244;;;5066919.36;RUB;0;;;;;;ДЕПАРТАМЕНТ ДОРОЖНОГО ХОЗЯЙСТВА И ТРАНСПОРТА ХАНТЫ-МАНСИЙСКОГО АВТОНОМНОГО ОКРУГА - ЮГРЫ;ДЕПАРТАМЕНТ ГОСУДАРСТВЕННОГО ЗАКАЗА ХАНТЫ-МАНСИЙСКОГО АВТОНОМНОГО ОКРУГА - ЮГРЫ;18.02.2026;02.03.2026;Закупка завершена;;;27.02.2026;
44-ФЗ;№0815500000526001705;Электронный аукцион;Поставка лекарственных препаратов БУРОСУМАБ (ТН Крисвита);;'262212600312321300100100071380000000;;;18876600.00;RUB;0;;;;;;"ГОСУДАРСТВЕННОЕ УНИТАРНОЕ ПРЕДПРИЯТИЕ ЧУВАШСКОЙ РЕСПУБЛИКИ ""ФАРМАЦИЯ"" МИНИСТЕРСТВА ЗДРАВООХРАНЕНИЯ ЧУВАШСКОЙ РЕСПУБЛИКИ";"КАЗЕННОЕ УЧРЕЖДЕНИЕ ЧУВАШСКОЙ РЕСПУБЛИКИ ""РЕГИОНАЛЬНЫЙ ЦЕНТР ЗАКУПОК ЧУВАШСКОЙ РЕСПУБЛИКИ""";18.02.2026;02.03.2026;Закупка завершена;;;27.02.2026;
44-ФЗ;№0148300000626000085;Открытый конкурс в электронной форме;Выполнение работ по ремонту дворовых территорий в Богородском городском округе Московской области в 2026 году (Лот 3);;'263503114395350310100100120014299244;;;40226759.41;RUB;0;;;;;;УПРАВЛЕНИЕ БЛАГОУСТРОЙСТВА АДМИНИСТРАЦИИ БОГОРОДСКОГО ГОРОДСКОГО ОКРУГА МОСКОВСКОЙ ОБЛАСТИ;АДМИНИСТРАЦИЯ БОГОРОДСКОГО ГОРОДСКОГО ОКРУГА МОСКОВСКОЙ ОБЛАСТИ;05.02.2026;02.03.2026;Закупка завершена;;;25.02.2026;
44-ФЗ;№0148300000626000084;Открытый конкурс в электронной форме;Выполнение работ по ремонту дворовых территорий в Богородском городском округе Московской области в 2026 году (Лот 4);;'263503114395350310100100130014299244;;;46567564.01;RUB;0;;;;;;УПРАВЛЕНИЕ БЛАГОУСТРОЙСТВА АДМИНИСТРАЦИИ БОГОРОДСКОГО ГОРОДСКОГО ОКРУГА МОСКОВСКОЙ ОБЛАСТИ;АДМИНИСТРАЦИЯ БОГОРОДСКОГО ГОРОДСКОГО ОКРУГА МОСКОВСКОЙ ОБЛАСТИ;05.02.2026;02.03.2026;Закупка завершена;;;25.02.2026;
44-ФЗ;№0860200000826000748;Запрос котировок в электронной форме;Поставка лекарственного препарата для медицинского применения (ГЛЕКАПРЕВИР+ПИБРЕНТАСВИР);;'262645111733064530100100600012120244;;;9086828.52;RUB;0;;;;;;"ГОСУДАРСТВЕННОЕ УЧРЕЖДЕНИЕ ЗДРАВООХРАНЕНИЯ ""САРАТОВСКАЯ ОБЛАСТНАЯ ИНФЕКЦИОННАЯ КЛИНИЧЕСКАЯ БОЛЬНИЦА ИМЕНИ Н.Р. ИВАНОВА""";"ГОСУДАРСТВЕННОЕ КАЗЕННОЕ УЧРЕЖДЕНИЕ САРАТОВСКОЙ ОБЛАСТИ ""ГОСУДАРСТВЕННОЕ АГЕНТСТВО ПО ЦЕНТРАЛИЗАЦИИ ЗАКУПОК""";16.02.2026;02.03.2026;Закупка завершена;;;26.02.2026;
44-ФЗ;№0584300000326000005;Электронный аукцион;Поставка главного распределительного щита (ГРЩ) для дизельной электростанции с. Великовисочное НАО;;'263830001068529830100100070012712000;;;11100301.60;RUB;0;;;;;;"МУНИЦИПАЛЬНОЕ ПРЕДПРИЯТИЕ ЗАПОЛЯРНОГО РАЙОНА ""СЕВЕРЖИЛКОМСЕРВИС""";"МУНИЦИПАЛЬНОЕ ПРЕДПРИЯТИЕ ЗАПОЛЯРНОГО РАЙОНА ""СЕВЕРЖИЛКОМСЕРВИС""";19.02.2026;02.03.2026;Закупка завершена;;;27.02.2026;
44-ФЗ;№0168500000626000442;Электронный аукцион;Лекарственный препарат Ивакафтор (торговое наименование Калидеко) для обеспечения граждан по решениям, принятым судебными органами;;'262732500095173250100100290260000000;;;10681390.72;RUB;0;;;;;;МИНИСТЕРСТВО ЗДРАВООХРАНЕНИЯ УЛЬЯНОВСКОЙ ОБЛАСТИ;АГЕНТСТВО ГОСУДАРСТВЕННЫХ ЗАКУПОК УЛЬЯНОВСКОЙ ОБЛАСТИ;13.02.2026;02.03.2026;Закупка завершена;;;26.02.2026;
44-ФЗ;№0187300006526000082;Электронный аукцион;Поставка автогидроподъемника;;'263860200333186020100101140012910244;;;11215866.67;RUB;0;;;;;;"МУНИЦИПАЛЬНОЕ КАЗЕННОЕ УЧРЕЖДЕНИЕ ""ЛЕСОПАРКОВОЕ ХОЗЯЙСТВО""";АДМИНИСТРАЦИЯ ГОРОДА СУРГУТА;18.02.2026;02.03.2026;Закупка завершена;;;26.02.2026;
44-ФЗ;№0304300042826000001;Открытый конкурс в электронной форме на проведение работ по строительству, реконструкции, кап. ремонту, сносу объекта кап. строительства в соответствии с п. 8 ч. 1 ст. 33 Закона № 44-ФЗ;Реконструкция систем водоснабжения  вс.п. Каменномостское Зольского района КБР;;'263070200276007020100100070014221414;;;67816057.76;RUB;0;;;;;;АДМИНИСТРАЦИЯ СЕЛЬСКОГО ПОСЕЛЕНИЯ КАМЕННОМОСТСКОЕ ЗОЛЬСКОГО МУНИЦИПАЛЬНОГО РАЙОНА КАБАРДИНО-БАЛКАРСКОЙ РЕСПУБЛИКИ;АДМИНИСТРАЦИЯ СЕЛЬСКОГО ПОСЕЛЕНИЯ КАМЕННОМОСТСКОЕ ЗОЛЬСКОГО МУНИЦИПАЛЬНОГО РАЙОНА КАБАРДИНО-БАЛКАРСКОЙ РЕСПУБЛИКИ;23.01.2026;02.03.2026;Закупка завершена;;;13.02.2026;
44-ФЗ;№0869300001626000024;Электронный аукцион;Восстановление оснований и покрытий из песчано-щебеночной смеси на автомобильной дороге по ул. Красная в с. Миасское Красноармейского округа Челябинской области ;;'263743001376674300100100020130000244;;;10147816.83;RUB;0;;;;;;УПРАВЛЕНИЕ СТРОИТЕЛЬСТВА И ИНЖЕНЕРНОЙ ИНФРАСТРУКТУРЫ АДМИНИСТРАЦИИ КРАСНОАРМЕЙСКОГО МУНИЦИПАЛЬНОГО ОКРУГА;УПРАВЛЕНИЕ СТРОИТЕЛЬСТВА И ИНЖЕНЕРНОЙ ИНФРАСТРУКТУРЫ АДМИНИСТРАЦИИ КРАСНОАРМЕЙСКОГО МУНИЦИПАЛЬНОГО ОКРУГА;18.02.2026;02.03.2026;Закупка завершена;;;26.02.2026;
44-ФЗ;№0366200035626000705;Запрос котировок в электронной форме;Централизованная поставка лекарственного препарата для медицинского применения ИКАТИБАНТ (орфанные заболевания);;'262710700631171070100100530150000323;;;9108000.00;RUB;0;;;;;;МИНИСТЕРСТВО ЗДРАВООХРАНЕНИЯ ТУЛЬСКОЙ ОБЛАСТИ;"ГОСУДАРСТВЕННОЕ КАЗЕННОЕ УЧРЕЖДЕНИЕ ТУЛЬСКОЙ ОБЛАСТИ ""ЦЕНТР ОРГАНИЗАЦИИ ЗАКУПОК""";16.02.2026;02.03.2026;Закупка завершена;;;26.02.2026;
44-ФЗ;№0171200001926000202;Открытый конкурс в электронной форме;Выполнение работ по архитектурно-строительному проектированию объекта: «Аэровокзальный комплекс международных авиалиний аэропорта Ярославль (Туношна) по адресу: Россия, Ярославская область, Ярославский район, с.п. Туношенское, п. Туношна-городок, 26»;;'262760439186476060100100070017112244;;;34199976.44;RUB;0;;;;;;"ГОСУДАРСТВЕННОЕ БЮДЖЕТНОЕ УЧРЕЖДЕНИЕ ЯРОСЛАВСКОЙ ОБЛАСТИ ""ПРОЕКТНЫЙ ИНСТИТУТ""";МИНИСТЕРСТВО КОНКУРЕНТНОЙ ПОЛИТИКИ ЯРОСЛАВСКОЙ ОБЛАСТИ;06.02.2026;02.03.2026;Закупка завершена;;;26.02.2026;
44-ФЗ;№0829500001126000888;Запрос котировок в электронной форме;Поставка лекарственного препарата для медицинского применения Семаглутид (С);;'262346008846534600100101830012120323;;;5413567.50;RUB;0;;;;;;"ГОСУДАРСТВЕННОЕ КАЗЕННОЕ УЧРЕЖДЕНИЕ  ""ЦЕНТР СОПРОВОЖДЕНИЯ ЗАКУПОК ГОСУДАРСТВЕННЫХ УЧРЕЖДЕНИЙ ЗДРАВООХРАНЕНИЯ ВОЛГОГРАДСКОЙ ОБЛАСТИ""";"ГОСУДАРСТВЕННОЕ КАЗЕННОЕ УЧРЕЖДЕНИЕ  ""ЦЕНТР СОПРОВОЖДЕНИЯ ЗАКУПОК ГОСУДАРСТВЕННЫХ УЧРЕЖДЕНИЙ ЗДРАВООХРАНЕНИЯ ВОЛГОГРАДСКОЙ ОБЛАСТИ""";18.02.2026;02.03.2026;Закупка завершена;;;26.02.2026;
44-ФЗ;№0848300049026000040;Открытый конкурс в электронной форме;Услуги частной охраны (выставление поста охраны);;'263507300882950340100100100018010244;;;6252817.92;RUB;0;;;;;;МУНИЦИПАЛЬНОЕ ОБЩЕОБРАЗОВАТЕЛЬНОЕ УЧРЕЖДЕНИЕ ГУБИНСКАЯ СРЕДНЯЯ ОБЩЕОБРАЗОВАТЕЛЬНАЯ ШКОЛА;"МУНИЦИПАЛЬНОЕ КАЗЕННОЕ УЧРЕЖДЕНИЕ ""УПРАВЛЕНИЕ ЦЕНТРАЛИЗАЦИИ ЗАКУПОК ОРЕХОВО-ЗУЕВСКОГО ГОРОДСКОГО ОКРУГА""";09.02.2026;02.03.2026;Закупка завершена;;;25.02.2026;
44-ФЗ;№0848300049026000037;Открытый конкурс в электронной форме;Услуги частной охраны (выставление поста охраны) 01.09.2026-31.08.2027;;'263507300893150340100100300018010244;;;12029350.80;RUB;0;;;;;;МУНИЦИПАЛЬНОЕ ОБЩЕОБРАЗОВАТЕЛЬНОЕ УЧРЕЖДЕНИЕ АВСЮНИНСКАЯ СРЕДНЯЯ ОБЩЕОБРАЗОВАТЕЛЬНАЯ ШКОЛА;"МУНИЦИПАЛЬНОЕ КАЗЕННОЕ УЧРЕЖДЕНИЕ ""УПРАВЛЕНИЕ ЦЕНТРАЛИЗАЦИИ ЗАКУПОК ОРЕХОВО-ЗУЕВСКОГО ГОРОДСКОГО ОКРУГА""";09.02.2026;02.03.2026;Закупка завершена;;;25.02.2026;
44-ФЗ;№0860200000826000662;Электронный аукцион;Поставка  лекарственного препарата САТРАЛИЗУМАБ   с целью обеспечения льготных категорий граждан;;'262645504666664550100100450022120323;;;30061870.08;RUB;0;;;;;;МИНИСТЕРСТВО ЗДРАВООХРАНЕНИЯ САРАТОВСКОЙ ОБЛАСТИ;"ГОСУДАРСТВЕННОЕ КАЗЕННОЕ УЧРЕЖДЕНИЕ САРАТОВСКОЙ ОБЛАСТИ ""ГОСУДАРСТВЕННОЕ АГЕНТСТВО ПО ЦЕНТРАЛИЗАЦИИ ЗАКУПОК""";13.02.2026;02.03.2026;Закупка завершена;;;26.02.2026;
44-ФЗ;№1200700002726000002;Электронный аукцион;Оказание услуг по осуществлению строительного контроля;;'264780551456210010100100150017112451;;;21116131.40;RUB;0;;;;;;"АКЦИОНЕРНОЕ ОБЩЕСТВО ""ОНЕЖСКИЙ СУДОСТРОИТЕЛЬНО-СУДОРЕМОНТНЫЙ ЗАВОД""";"АКЦИОНЕРНОЕ ОБЩЕСТВО ""ОНЕЖСКИЙ СУДОСТРОИТЕЛЬНО-СУДОРЕМОНТНЫЙ ЗАВОД""";19.02.2026;02.03.2026;Закупка завершена;;;27.02.2026;
44-ФЗ;№0136500001126000619;Электронный аукцион;Выполнение работ по устройству тротуаров на ул. Планерная (4-й пер. Вагонников - 1-й пер. Вагонников) в городе Твери;;'263695015531769500100100340014211244;;;24125140.38;RUB;0;;;;;;ДЕПАРТАМЕНТ ДОРОЖНОГО ХОЗЯЙСТВА,БЛАГОУСТРОЙСТВА И ТРАНСПОРТА АДМИНИСТРАЦИИ ГОРОДА ТВЕРИ;КОМИТЕТ ГОСУДАРСТВЕННОГО ЗАКАЗА ТВЕРСКОЙ ОБЛАСТИ;16.02.2026;02.03.2026;Закупка завершена;;;26.02.2026;
44-ФЗ;№0136500001126000618;Электронный аукцион;Выполнение работ по ремонту тротуаров на наб. С. Разина (ул. А. Дементьева - ул. Салтыкова-Щедрина) в городе Твери;;'263695015531769500100100270014211244;;;8556353.44;RUB;0;;;;;;ДЕПАРТАМЕНТ ДОРОЖНОГО ХОЗЯЙСТВА,БЛАГОУСТРОЙСТВА И ТРАНСПОРТА АДМИНИСТРАЦИИ ГОРОДА ТВЕРИ;КОМИТЕТ ГОСУДАРСТВЕННОГО ЗАКАЗА ТВЕРСКОЙ ОБЛАСТИ;16.02.2026;02.03.2026;Закупка завершена;;;26.02.2026;
44-ФЗ;№0848300049026000034;Открытый конкурс в электронной форме;Услуги частной охраны (выставление поста охраны) 01.09.2026-31.08.2027;;'263503408386150340100100500018010244;;;6872631.60;RUB;0;;;;;;МУНИЦИПАЛЬНОЕ ОБЩЕОБРАЗОВАТЕЛЬНОЕ УЧРЕЖДЕНИЕ СРЕДНЯЯ ОБЩЕОБРАЗОВАТЕЛЬНАЯ ШКОЛА № 20 ИМЕНИ Н.З. БИРЮКОВА;"МУНИЦИПАЛЬНОЕ КАЗЕННОЕ УЧРЕЖДЕНИЕ ""УПРАВЛЕНИЕ ЦЕНТРАЛИЗАЦИИ ЗАКУПОК ОРЕХОВО-ЗУЕВСКОГО ГОРОДСКОГО ОКРУГА""";09.02.2026;02.03.2026;Закупка завершена;;;25.02.2026;
44-ФЗ;№0150200003926000117;Электронный аукцион;Поставка лекарственных препаратов для медицинского применения МНН Ипраглифлозин (с целью оказания отдельным категориям граждан социальной поддержки по обеспечению лекарственными препаратами);;'262532102896053210100100010600000323;;;13978800.00;RUB;0;;;;;;МИНИСТЕРСТВО ЗДРАВООХРАНЕНИЯ НОВГОРОДСКОЙ ОБЛАСТИ;АДМИНИСТРАЦИЯ ГУБЕРНАТОРА НОВГОРОДСКОЙ ОБЛАСТИ;18.02.2026;02.03.2026;Закупка завершена;;;27.02.2026;
44-ФЗ;№0860200000826000681;Электронный аукцион;Поставка  лекарственного препарата СЕКУКИНУМАБ  с целью обеспечения льготных категорий граждан;;'262645504666664550100102940012120323;;;44841688.99;RUB;0;;;;;;МИНИСТЕРСТВО ЗДРАВООХРАНЕНИЯ САРАТОВСКОЙ ОБЛАСТИ;"ГОСУДАРСТВЕННОЕ КАЗЕННОЕ УЧРЕЖДЕНИЕ САРАТОВСКОЙ ОБЛАСТИ ""ГОСУДАРСТВЕННОЕ АГЕНТСТВО ПО ЦЕНТРАЛИЗАЦИИ ЗАКУПОК""";13.02.2026;02.03.2026;Закупка завершена;;;26.02.2026;
44-ФЗ;№0150200003926000125;Электронный аукцион;Поставка лекарственных препаратов для медицинского применения МНН Линаглиптин (с целью оказания отдельным категориям граждан социальной поддержки по обеспечению лекарственными препаратами);;'262532102896053210100100010620000323;;;7723485.00;RUB;0;;;;;;МИНИСТЕРСТВО ЗДРАВООХРАНЕНИЯ НОВГОРОДСКОЙ ОБЛАСТИ;АДМИНИСТРАЦИЯ ГУБЕРНАТОРА НОВГОРОДСКОЙ ОБЛАСТИ;18.02.2026;02.03.2026;Закупка завершена;;;27.02.2026;
44-ФЗ;№0166300024726000233;Электронный аукцион;Выполнение работ по благоустройству общественной территории;;'263710604694671060100100030020000244;;;6624326.64;RUB;0;;;;;;"МУНИЦИПАЛЬНОЕ УЧРЕЖДЕНИЕ ""ГОРОДСКАЯ СЛУЖБА ЕДИНОГО ЗАКАЗЧИКА""";АДМИНИСТРАЦИЯ МУНИЦИПАЛЬНОГО ОБРАЗОВАНИЯ ГОРОД ТУЛА;19.02.2026;02.03.2026;Закупка завершена;;;27.02.2026;
44-ФЗ;№0150200003926000128;Электронный аукцион;Поставка лекарственных препаратов для медицинского применения МНН Эмпаглифлозин (с целью оказания отдельным категориям граждан социальной поддержки по обеспечению лекарственными препаратами);;'262532102896053210100100010670000323;;;40386600.00;RUB;0;;;;;;МИНИСТЕРСТВО ЗДРАВООХРАНЕНИЯ НОВГОРОДСКОЙ ОБЛАСТИ;АДМИНИСТРАЦИЯ ГУБЕРНАТОРА НОВГОРОДСКОЙ ОБЛАСТИ;18.02.2026;02.03.2026;Закупка завершена;;;27.02.2026;
44-ФЗ;№0173200000126000001;Электронный аукцион;Оказание услуг связи Корпоративной телефонной сети (КТС) Правительства Москвы в 2026-2028 годах;;'262771015211377100100100020010000244;;;14375105.42;RUB;0;;;;;;ДЕПАРТАМЕНТ ФИНАНСОВ ГОРОДА МОСКВЫ;ДЕПАРТАМЕНТ ФИНАНСОВ ГОРОДА МОСКВЫ;19.02.2026;02.03.2026;Закупка завершена;;;27.02.2026;
44-ФЗ;№0848300049026000035;Открытый конкурс в электронной форме;Услуги частной охраны (Выставление поста охраны) дошкольных отделений МОУ СОШ №10;;'263503408395050340100100480018010244;;;8962688.40;RUB;0;;;;;;МУНИЦИПАЛЬНОЕ ОБЩЕОБРАЗОВАТЕЛЬНОЕ УЧРЕЖДЕНИЕ СРЕДНЯЯ ОБЩЕОБРАЗОВАТЕЛЬНАЯ ШКОЛА №10;"МУНИЦИПАЛЬНОЕ КАЗЕННОЕ УЧРЕЖДЕНИЕ ""УПРАВЛЕНИЕ ЦЕНТРАЛИЗАЦИИ ЗАКУПОК ОРЕХОВО-ЗУЕВСКОГО ГОРОДСКОГО ОКРУГА""";09.02.2026;02.03.2026;Закупка завершена;;;25.02.2026;
44-ФЗ;№0167200003426000532;Электронный аукцион;Поставка медицинских изделий: расходный материал медицинского назначения для анестезиологии и реанимации;;'262720300024972030100102420013250244;;;5982600.00;RUB;0;;;;;;"ГОСУДАРСТВЕННОЕ БЮДЖЕТНОЕ УЧРЕЖДЕНИЕ ЗДРАВООХРАНЕНИЯ ТЮМЕНСКОЙ ОБЛАСТИ ""ОБЛАСТНАЯ КЛИНИЧЕСКАЯ БОЛЬНИЦА № 1""";УПРАВЛЕНИЕ ГОСУДАРСТВЕННЫХ ЗАКУПОК ТЮМЕНСКОЙ ОБЛАСТИ;05.02.2026;02.03.2026;Закупка завершена;;;13.02.2026;
44-ФЗ;№0848300049026000036;Открытый конкурс в электронной форме;Услуги частной охраны (Выставление поста охраны) школьных отделений МОУ СОШ №10;;'263503408395050340100100490018010244;;;5335355.04;RUB;0;;;;;;МУНИЦИПАЛЬНОЕ ОБЩЕОБРАЗОВАТЕЛЬНОЕ УЧРЕЖДЕНИЕ СРЕДНЯЯ ОБЩЕОБРАЗОВАТЕЛЬНАЯ ШКОЛА №10;"МУНИЦИПАЛЬНОЕ КАЗЕННОЕ УЧРЕЖДЕНИЕ ""УПРАВЛЕНИЕ ЦЕНТРАЛИЗАЦИИ ЗАКУПОК ОРЕХОВО-ЗУЕВСКОГО ГОРОДСКОГО ОКРУГА""";09.02.2026;02.03.2026;Закупка завершена;;;25.02.2026;
44-ФЗ;№0172200002226000011;Запрос котировок в электронной форме;Оказание услуг по организации стационарного отдыха на территории Российской Федерации в организациях отдыха детей и молодежи и их оздоровления, реализующих мероприятия по социальной адаптации, располагающихся на стационарной базе круглогодичного или сезонного действия, предусматривающей материально-техническую базу и иные условия для круглосуточного пребывания детей в период 1 смены летних школьных каникул 2026 года ;;'262781605344078160100100120038541244;;;8971410.00;RUB;0;;;;;;АДМИНИСТРАЦИЯ ФРУНЗЕНСКОГО РАЙОНА САНКТ-ПЕТЕРБУРГА;АДМИНИСТРАЦИЯ ФРУНЗЕНСКОГО РАЙОНА САНКТ-ПЕТЕРБУРГА;17.02.2026;02.03.2026;Закупка завершена;;;26.02.2026;
44-ФЗ;№0848300049026000032;Открытый конкурс в электронной форме;Услуги частной охраны (Выставление поста охраны);;'263503408321250340100100040018010244;;;9708040.80;RUB;0;;;;;;"МУНИЦИПАЛЬНОЕ УЧРЕЖДЕНИЕ ДОПОЛНИТЕЛЬНОГО ОБРАЗОВАНИЯ ЦЕНТР ДЕТСКОГО ТВОРЧЕСТВА ""РОДНИК"" ИМЕНИ ГЕРОЯ РОССИЙСКОЙ ФЕДЕРАЦИИ А.Н.ОСОКИНА";"МУНИЦИПАЛЬНОЕ КАЗЕННОЕ УЧРЕЖДЕНИЕ ""УПРАВЛЕНИЕ ЦЕНТРАЛИЗАЦИИ ЗАКУПОК ОРЕХОВО-ЗУЕВСКОГО ГОРОДСКОГО ОКРУГА""";09.02.2026;02.03.2026;Закупка завершена;;;25.02.2026;
44-ФЗ;№0373100086926000078;Электронный аукцион;Поставка медицинских изделий (лот 4);;'261773458113677340100100090770000244;;;5505825.00;RUB;0;;;;;;"ФЕДЕРАЛЬНОЕ ГОСУДАРСТВЕННОЕ БЮДЖЕТНОЕ УЧРЕЖДЕНИЕ ""ГОСУДАРСТВЕННЫЙ НАУЧНЫЙ ЦЕНТР РОССИЙСКОЙ ФЕДЕРАЦИИ - ФЕДЕРАЛЬНЫЙ МЕДИЦИНСКИЙ БИОФИЗИЧЕСКИЙ ЦЕНТР ИМЕНИ А.И. БУРНАЗЯНА""";"ФЕДЕРАЛЬНОЕ ГОСУДАРСТВЕННОЕ БЮДЖЕТНОЕ УЧРЕЖДЕНИЕ ""ГОСУДАРСТВЕННЫЙ НАУЧНЫЙ ЦЕНТР РОССИЙСКОЙ ФЕДЕРАЦИИ - ФЕДЕРАЛЬНЫЙ МЕДИЦИНСКИЙ БИОФИЗИЧЕСКИЙ ЦЕНТР ИМЕНИ А.И. БУРНАЗЯНА""";17.02.2026;02.03.2026;Закупка завершена;;;26.02.2026;
44-ФЗ;№0301300016926000007;Электронный аукцион;Выполнение работ по текущему ремонту автомобильной дороги общего пользования по ул. Рабочая (от ул. К. Маркса до ул. Пушкина) городского округа город Кумертау Республики Башкортостан;;'263026201349402620100100190014211244;;;6665395.36;RUB;0;;;;;;АДМИНИСТРАЦИЯ ГОРОДСКОГО ОКРУГА ГОРОД КУМЕРТАУ РЕСПУБЛИКИ БАШКОРТОСТАН;АДМИНИСТРАЦИЯ ГОРОДСКОГО ОКРУГА ГОРОД КУМЕРТАУ РЕСПУБЛИКИ БАШКОРТОСТАН;18.02.2026;02.03.2026;Закупка завершена;;;26.02.2026;
44-ФЗ;№0848300049026000038;Открытый конкурс в электронной форме;Услуги частной охраны (выставление поста охраны);;'263503408391050340100100350018010244;;;14144254.80;RUB;0;;;;;;МУНИЦИПАЛЬНОЕ ОБЩЕОБРАЗОВАТЕЛЬНОЕ УЧРЕЖДЕНИЕ ЛИЦЕЙ;"МУНИЦИПАЛЬНОЕ КАЗЕННОЕ УЧРЕЖДЕНИЕ ""УПРАВЛЕНИЕ ЦЕНТРАЛИЗАЦИИ ЗАКУПОК ОРЕХОВО-ЗУЕВСКОГО ГОРОДСКОГО ОКРУГА""";09.02.2026;02.03.2026;Закупка завершена;;;25.02.2026;
44-ФЗ;№0168500000626000441;Электронный аукцион;Лекарственный препарат Элексакафтор+Тезакафтор+Ивакафтор (торговое наименование Кафтрио) для обеспечения граждан по решениям, принятым судебными органами;;'262732500095173250100100290270000000;;;18705039.36;RUB;0;;;;;;МИНИСТЕРСТВО ЗДРАВООХРАНЕНИЯ УЛЬЯНОВСКОЙ ОБЛАСТИ;АГЕНТСТВО ГОСУДАРСТВЕННЫХ ЗАКУПОК УЛЬЯНОВСКОЙ ОБЛАСТИ;13.02.2026;02.03.2026;Закупка завершена;;;26.02.2026;
44-ФЗ;№0318100050626000006;Электронный аукцион;Текущий ремонт объектов санатория;;'261230401425623040100100460010000244;;;8809387.94;RUB;0;;;;;;"ФЕДЕРАЛЬНОЕ ГОСУДАРСТВЕННОЕ БЮДЖЕТНОЕ УЧРЕЖДЕНИЕ ТУБЕРКУЛЕЗНЫЙ САНАТОРИЙ ""ГОЛУБАЯ БУХТА"" МИНИСТЕРСТВА ЗДРАВООХРАНЕНИЯ РОССИЙСКОЙ ФЕДЕРАЦИИ";"ФЕДЕРАЛЬНОЕ ГОСУДАРСТВЕННОЕ БЮДЖЕТНОЕ УЧРЕЖДЕНИЕ ТУБЕРКУЛЕЗНЫЙ САНАТОРИЙ ""ГОЛУБАЯ БУХТА"" МИНИСТЕРСТВА ЗДРАВООХРАНЕНИЯ РОССИЙСКОЙ ФЕДЕРАЦИИ";18.02.2026;02.03.2026;Закупка завершена;;;26.02.2026;
44-ФЗ;№0169300000126000104;Электронный аукцион;26-113555Э оказание услуг по организации горячего питания;;'263745304572574530100100300015629244;;;6301400.00;RUB;0;;;;;;"МУНИЦИПАЛЬНОЕ БЮДЖЕТНОЕ ОБЩЕОБРАЗОВАТЕЛЬНОЕ УЧРЕЖДЕНИЕ ""СПЕЦИАЛЬНАЯ (КОРРЕКЦИОННАЯ) ОБЩЕОБРАЗОВАТЕЛЬНАЯ ШКОЛА ДЛЯ ДЕТЕЙ С ОГРАНИЧЕННЫМИ ВОЗМОЖНОСТЯМИ ЗДОРОВЬЯ (НАРУШЕНИЕ ЗРЕНИЯ) № 127 Г. ЧЕЛЯБИНСКА""";УПРАВЛЕНИЕ МУНИЦИПАЛЬНЫХ ЗАКУПОК АДМИНИСТРАЦИИ ГОРОДА ЧЕЛЯБИНСКА;19.02.2026;02.03.2026;Закупка завершена;;;27.02.2026;
44-ФЗ;№0169300000126000110;Электронный аукцион;26-113480Э Оказание услуг по организации горячего питания;;'263745201848674520100100470015629244;;;6911661.31;RUB;0;;;;;;"МУНИЦИПАЛЬНОЕ БЮДЖЕТНОЕ ОБЩЕОБРАЗОВАТЕЛЬНОЕ УЧРЕЖДЕНИЕ ""ЛИЦЕЙ № 120 Г. ЧЕЛЯБИНСКА""";УПРАВЛЕНИЕ МУНИЦИПАЛЬНЫХ ЗАКУПОК АДМИНИСТРАЦИИ ГОРОДА ЧЕЛЯБИНСКА;19.02.2026;02.03.2026;Закупка завершена;;;27.02.2026;
44-ФЗ;№0348100022226000006;Электронный аукцион;Приобретение автоматизированных рабочих мест в целях восстановления материально-технического обеспечения;;'261502903686650290100100290012620242;;;8745600.00;RUB;0;;;;;;УПРАВЛЕНИЕ ФЕДЕРАЛЬНОЙ СЛУЖБЫ ПО НАДЗОРУ В СФЕРЕ ЗАЩИТЫ ПРАВ ПОТРЕБИТЕЛЕЙ И БЛАГОПОЛУЧИЯ ЧЕЛОВЕКА ПО МОСКОВСКОЙ ОБЛАСТИ;УПРАВЛЕНИЕ ФЕДЕРАЛЬНОЙ СЛУЖБЫ ПО НАДЗОРУ В СФЕРЕ ЗАЩИТЫ ПРАВ ПОТРЕБИТЕЛЕЙ И БЛАГОПОЛУЧИЯ ЧЕЛОВЕКА ПО МОСКОВСКОЙ ОБЛАСТИ;19.02.2026;02.03.2026;Закупка завершена;;;27.02.2026;
44-ФЗ;№0848300051726000038;Открытый конкурс в электронной форме;Выполнение работ по ремонту дворовых территорий в Сергиево-Посадском городском округе Московской области в 2026 году (лот 3);;'263504213451050420100100240014299244;;;47795604.61;RUB;0;;;;;;"МУНИЦИПАЛЬНОЕ БЮДЖЕТНОЕ УЧРЕЖДЕНИЕ ""БЛАГОУСТРОЙСТВО СЕРГИЕВ ПОСАД""";"МУНИЦИПАЛЬНОЕ КАЗЕННОЕ УЧРЕЖДЕНИЕ ""ЦЕНТР МУНИЦИПАЛЬНЫХ ЗАКУПОК СЕРГИЕВО-ПОСАДСКОГО ГОРОДСКОГО ОКРУГА""";06.02.2026;02.03.2026;Закупка завершена;;;25.02.2026;
44-ФЗ;№0142200001326002927;Электронный аукцион;Оказание услуг по созданию и трансляции в эфире телеканала  сюжетов и информационно-аналитических программ по информированию населения  о деятельности администрации городского округа Новокуйбышевск Самарской области и ее структурных подразделений в социально-значимых сферах городского хозяйства, социальной защиты населения, потребительского рынка, транспорта, культуры, спорта и других направлений жизни города;;'263633005519063300100100010025911244;;;19427100.00;RUB;0;;;;;;"МУНИЦИПАЛЬНОЕ БЮДЖЕТНОЕ УЧРЕЖДЕНИЕ ""ЦЕНТР СОДЕЙСТВИЯ САМОУПРАВЛЕНИЮ РАЙОНОВ""";КОМИТЕТ ПО ОРГАНИЗАЦИИ ТОРГОВ САМАРСКОЙ ОБЛАСТИ;18.02.2026;02.03.2026;Закупка завершена;;;26.02.2026;
44-ФЗ;№0829500001126000792;Электронный аукцион;Поставка реагентов для молекулярно-генетических исследований (лот 2);;'262344390134534430100100680012059244;;;5620520.24;RUB;0;;;;;;"ГОСУДАРСТВЕННОЕ БЮДЖЕТНОЕ УЧРЕЖДЕНИЕ ЗДРАВООХРАНЕНИЯ ""ВОЛГОГРАДСКИЙ ОБЛАСТНОЙ КЛИНИЧЕСКИЙ ОНКОЛОГИЧЕСКИЙ ДИСПАНСЕР""";"ГОСУДАРСТВЕННОЕ КАЗЕННОЕ УЧРЕЖДЕНИЕ  ""ЦЕНТР СОПРОВОЖДЕНИЯ ЗАКУПОК ГОСУДАРСТВЕННЫХ УЧРЕЖДЕНИЙ ЗДРАВООХРАНЕНИЯ ВОЛГОГРАДСКОЙ ОБЛАСТИ""";16.02.2026;02.03.2026;Закупка завершена;;;26.02.2026;
44-ФЗ;№0294100000226000007;Электронный аукцион;Оказание услуг по санаторно-курортному лечению граждан - получателей государственной социальной помощи с заболеваниями по Классу IV МКБ-10 «Болезни эндокринной системы, расстройства питания и нарушения обмена веществ»;;'261202000112620140100100460018690323;;;5482890.00;RUB;0;;;;;;ОТДЕЛЕНИЕ ФОНДА ПЕНСИОННОГО И СОЦИАЛЬНОГО СТРАХОВАНИЯ РОССИЙСКОЙ ФЕДЕРАЦИИ ПО ЧЕЧЕНСКОЙ РЕСПУБЛИКЕ;ОТДЕЛЕНИЕ ФОНДА ПЕНСИОННОГО И СОЦИАЛЬНОГО СТРАХОВАНИЯ РОССИЙСКОЙ ФЕДЕРАЦИИ ПО ЧЕЧЕНСКОЙ РЕСПУБЛИКЕ;19.02.2026;02.03.2026;Закупка завершена;;;27.02.2026;
44-ФЗ;№0136500001126000620;Электронный аукцион;Выполнение работ по устройству тротуаров на ул. Красные Горки (подъезд правобережный к Восточному мосту через реку Волга в створе ул. Маяковского – проезд от ул. Индустриальная до д. Новая Константиновка) в городе Твери;;'263695015531769500100100350014211244;;;10422023.16;RUB;0;;;;;;ДЕПАРТАМЕНТ ДОРОЖНОГО ХОЗЯЙСТВА,БЛАГОУСТРОЙСТВА И ТРАНСПОРТА АДМИНИСТРАЦИИ ГОРОДА ТВЕРИ;КОМИТЕТ ГОСУДАРСТВЕННОГО ЗАКАЗА ТВЕРСКОЙ ОБЛАСТИ;16.02.2026;02.03.2026;Закупка завершена;;;26.02.2026;
44-ФЗ;№0307200030626000180;Электронный аукцион;Поставка бинтов марлевых нестерильных;;262110148731111010100100200012120244, 262110148703011010100100070012120244, 262110148728711010100100120012120244, 262110900065011090100100160012120244, 262110200713411020100100090012120244, 262110200709211020100100170012120244, 262110148702211010100100100012120244, 262111100022311110100100200012120244, 262110148709311010100100070012120244, 262110148704711010100100410012120244, 262110500446011050100100160012120244, 262111500110811150100100100012120244, 262111900040111190100100240012120244, 262111700087911170100100250012120244, 262112101127011210100100200012120244, 262110148715011010100100420012120244, 262112100970811210100100080012120244, 262110148738211010100100250012120244, 262111800113811180100100170012120244, 262110148708611010100100440012120244, 262110148701511010100100150012120244, 262110201719611020100100320012120244, 262110400490011040100100330012120244, 262110303715611030100100310012120244, 262110148713511010100100680012120244, 262110201910811020100100150012120244, 262110600832211060100100180012120244;;;7735630.80;RUB;0;;;;;;;"ГОСУДАРСТВЕННОЕ КАЗЕННОЕ УЧРЕЖДЕНИЕ РЕСПУБЛИКИ КОМИ ""ЦЕНТР ОБЕСПЕЧЕНИЯ ОРГАНИЗАЦИИ И ПРОВЕДЕНИЯ ТОРГОВ""";16.02.2026;02.03.2026;Закупка завершена;;;26.02.2026;
44-ФЗ;№0853500000326000734;Электронный аукцион;на оказание услуг по проведению исследования для определения скрытой крови в кале иммунохимическим количественным методом;;262563600327856360100100430018690244, 262564000177056400100100540018690244, 262561702303956170100100140018690244, 262564800500856480100100330018690244;;;14643300.00;RUB;0;;;;;;;"ГОСУДАРСТВЕННОЕ КАЗЕННОЕ УЧРЕЖДЕНИЕ ОРЕНБУРГСКОЙ ОБЛАСТИ ""ЦЕНТР ОРГАНИЗАЦИИ ЗАКУПОК""";18.02.2026;02.03.2026;Закупка завершена;;;26.02.2026;
44-ФЗ;№0318300119426000090;Электронный аукцион;Оказание услуг по организации и осуществлению информирования граждан о деятельности администрации муниципального образования город Краснодар в телеэфире;;'263231003224623100100101370016020244;;;10149000.00;RUB;0;;;;;;АДМИНИСТРАЦИЯ МУНИЦИПАЛЬНОГО ОБРАЗОВАНИЯ ГОРОД КРАСНОДАР;УПРАВЛЕНИЕ ЗАКУПОК АДМИНИСТРАЦИИ МУНИЦИПАЛЬНОГО ОБРАЗОВАНИЯ ГОРОД КРАСНОДАР;17.02.2026;02.03.2026;Закупка завершена;;;27.02.2026;
44-ФЗ;№0830500000226000377;Электронный аукцион;Поставка лекарственного препарата для медицинского применения Глекапревир+Пибрентасвир;;'262352507949335250100100010022120244;;;16454583.60;RUB;0;;;;;;"БЮДЖЕТНОЕ УЧРЕЖДЕНИЕ ЗДРАВООХРАНЕНИЯ ВОЛОГОДСКОЙ ОБЛАСТИ ""ВОЛОГОДСКАЯ ОБЛАСТНАЯ ИНФЕКЦИОННАЯ БОЛЬНИЦА""";"ГОСУДАРСТВЕННОЕ КАЗЕННОЕ УЧРЕЖДЕНИЕ ВОЛОГОДСКОЙ ОБЛАСТИ ""ЦЕНТР ЗАКУПОК""";18.02.2026;02.03.2026;Закупка завершена;;;26.02.2026;
44-ФЗ;№0340200003326001341;Электронный аукцион;Поставка лекарственных препаратов (Селперкатиниб);;'262434701047543450100100150130000323;;;9383640.00;RUB;0;;;;;;МИНИСТЕРСТВО ЗДРАВООХРАНЕНИЯ КИРОВСКОЙ ОБЛАСТИ;"КИРОВСКОЕ ОБЛАСТНОЕ ГОСУДАРСТВЕННОЕ КАЗЕННОЕ УЧРЕЖДЕНИЕ ""ЦЕНТР ПО ТЕХНИЧЕСКОМУ СОПРОВОЖДЕНИЮ ГОСУДАРСТВЕННЫХ ЗАКУПОК""";12.02.2026;02.03.2026;Закупка завершена;;;27.02.2026;
44-ФЗ;№0848300051726000036;Открытый конкурс в электронной форме;Выполнение работ по ремонту дворовых территорий в Сергиево-Посадском городском округе Московской области в 2026 году (лот 5);;'263504213451050420100100260014299244;;;8099794.81;RUB;0;;;;;;"МУНИЦИПАЛЬНОЕ БЮДЖЕТНОЕ УЧРЕЖДЕНИЕ ""БЛАГОУСТРОЙСТВО СЕРГИЕВ ПОСАД""";"МУНИЦИПАЛЬНОЕ КАЗЕННОЕ УЧРЕЖДЕНИЕ ""ЦЕНТР МУНИЦИПАЛЬНЫХ ЗАКУПОК СЕРГИЕВО-ПОСАДСКОГО ГОРОДСКОГО ОКРУГА""";06.02.2026;02.03.2026;Закупка завершена;;;25.02.2026;
44-ФЗ;№0332300048326000001;Электронный аукцион на проведение работ по строительству, реконструкции, кап. ремонту, сносу объекта кап. строительства в соответствии с п. 8 ч. 1 ст. 33 Закона № 44-ФЗ;"Капитальный ремонт помещений Центральной библиотеки имени С.И. Шуртакова МБУК ""ЦБС"" Сергачского муниципального округа по адресу: Нижегородская область, Сергачский муниципальный округ, г. Сергач,пер. Коммунистический, д.2";;'263522900811152290100100160014399243;;;13439377.00;RUB;0;;;;;;"МУНИЦИПАЛЬНОЕ БЮДЖЕТНОЕ УЧРЕЖДЕНИЕ КУЛЬТУРЫ ""ЦЕНТРАЛИЗОВАННАЯ БИБЛИОТЕЧНАЯ СИСТЕМА"" СЕРГАЧСКОГО МУНИЦИПАЛЬНОГО ОКРУГА НИЖЕГОРОДСКОЙ ОБЛАСТИ";"МУНИЦИПАЛЬНОЕ БЮДЖЕТНОЕ УЧРЕЖДЕНИЕ КУЛЬТУРЫ ""ЦЕНТРАЛИЗОВАННАЯ БИБЛИОТЕЧНАЯ СИСТЕМА"" СЕРГАЧСКОГО МУНИЦИПАЛЬНОГО ОКРУГА НИЖЕГОРОДСКОЙ ОБЛАСТИ";09.02.2026;02.03.2026;Закупка завершена;;;17.02.2026;
44-ФЗ;№0111200001926000003;Открытый конкурс в электронной форме;Создание цикла теле- и радиопередач просветительского характера, знакомящих с культурой, традициями разных народов, представители которых проживают в Республике Татарстан, и направленных на гармонизацию межнациональных и межконфессиональных отношений ;;'262165507412516580100100160016020244;;;8393900.00;RUB;0;;;;;;"РЕСПУБЛИКАНСКОЕ АГЕНТСТВО ПО ПЕЧАТИ И МАССОВЫМ КОММУНИКАЦИЯМ ""ТАТМЕДИА""";"РЕСПУБЛИКАНСКОЕ АГЕНТСТВО ПО ПЕЧАТИ И МАССОВЫМ КОММУНИКАЦИЯМ ""ТАТМЕДИА""";11.02.2026;02.03.2026;Закупка завершена;;;27.02.2026;
44-ФЗ;№0387200002826000185;Электронный аукцион;Выполнение работ по техническому обслуживанию и текущему ремонту медицинского оборудования;;'262860100444586010100101300020000244;;;9600000.00;RUB;0;;;;;;"БЮДЖЕТНОЕ УЧРЕЖДЕНИЕ ХАНТЫ-МАНСИЙСКОГО АВТОНОМНОГО ОКРУГА - ЮГРЫ ""ОКРУЖНАЯ КЛИНИЧЕСКАЯ БОЛЬНИЦА""";"БЮДЖЕТНОЕ УЧРЕЖДЕНИЕ ХАНТЫ-МАНСИЙСКОГО АВТОНОМНОГО ОКРУГА - ЮГРЫ ""ОКРУЖНАЯ КЛИНИЧЕСКАЯ БОЛЬНИЦА""";17.02.2026;02.03.2026;Закупка завершена;;;26.02.2026;
44-ФЗ;№0373200015026000083;Электронный аукцион;"Поставка энтерального питания для нужд ГБУЗ ""ГВВ № 2 ДЗМ"" в 2026 году";;'262772106287077210100100900010000244;;;7000000.00;RUB;0;;;;;;"ГОСУДАРСТВЕННОЕ БЮДЖЕТНОЕ УЧРЕЖДЕНИЕ ЗДРАВООХРАНЕНИЯ ГОРОДА МОСКВЫ ""ГОСПИТАЛЬ ДЛЯ ВЕТЕРАНОВ ВОЙН № 2 ДЕПАРТАМЕНТА ЗДРАВООХРАНЕНИЯ ГОРОДА МОСКВЫ""";"ГОСУДАРСТВЕННОЕ БЮДЖЕТНОЕ УЧРЕЖДЕНИЕ ЗДРАВООХРАНЕНИЯ ГОРОДА МОСКВЫ ""ГОСПИТАЛЬ ДЛЯ ВЕТЕРАНОВ ВОЙН № 2 ДЕПАРТАМЕНТА ЗДРАВООХРАНЕНИЯ ГОРОДА МОСКВЫ""";18.02.2026;02.03.2026;Закупка завершена;;;26.02.2026;
44-ФЗ;№0358300096026000024;Открытый конкурс в электронной форме на проведение работ по строительству, реконструкции, кап. ремонту, сносу объекта кап. строительства в соответствии с п. 8 ч. 1 ст. 33 Закона № 44-ФЗ;Капитальный ремонт здания Николаевской врачебной амбулатории по адресу: Ростовская область, Неклиновский район, с. Николаевка, ул. Советская, 1;;'262612300361261230100100460014120243;;;14148600.00;RUB;0;;;;;;"ГОСУДАРСТВЕННОЕ БЮДЖЕТНОЕ УЧРЕЖДЕНИЕ РОСТОВСКОЙ ОБЛАСТИ ""ЦЕНТРАЛЬНАЯ РАЙОННАЯ БОЛЬНИЦА"" В НЕКЛИНОВСКОМ РАЙОНЕ";"ГОСУДАРСТВЕННОЕ БЮДЖЕТНОЕ УЧРЕЖДЕНИЕ РОСТОВСКОЙ ОБЛАСТИ ""ЦЕНТРАЛЬНАЯ РАЙОННАЯ БОЛЬНИЦА"" В НЕКЛИНОВСКОМ РАЙОНЕ";09.02.2026;02.03.2026;Закупка завершена;;;25.02.2026;
44-ФЗ;№0150200003926000129;Электронный аукцион;Оказание услуг по искусственному воспроизводству водных биологических ресурсов в водные объекты рыбхозяйственного значения в целях компенсации наносимого ущерба, причиненного водным биоресурсам и среде их обитания;;'262532104724053210100100090010322000;;;9615710.00;RUB;0;;;;;;"ГОСУДАРСТВЕННОЕ ОБЛАСТНОЕ КАЗЕННОЕ УЧРЕЖДЕНИЕ ""УПРАВЛЕНИЕ АВТОМОБИЛЬНЫХ ДОРОГ НОВГОРОДСКОЙ ОБЛАСТИ ""НОВГОРОДАВТОДОР""";АДМИНИСТРАЦИЯ ГУБЕРНАТОРА НОВГОРОДСКОЙ ОБЛАСТИ;18.02.2026;02.03.2026;Закупка завершена;;;27.02.2026;
44-ФЗ;№0848300064126000025;Электронный аукцион;Поставка компьютерной техники;;'263500106919550010100100260012620244;;;10875116.66;RUB;0;;;;;;"МУНИЦИПАЛЬНОЕ БЮДЖЕТНОЕ УЧРЕЖДЕНИЕ ГОРОДСКОГО ОКРУГА БАЛАШИХА ""ЦЕНТР ПО ДЕЛАМ ГРАЖДАНСКОЙ ОБОРОНЫ  И ЧРЕЗВЫЧАЙНЫМ СИТУАЦИЯМ ГОРОДСКОГО ОКРУГА БАЛАШИХА""";"МУНИЦИПАЛЬНОЕ КАЗЁННОЕ УЧРЕЖДЕНИЕ ""КОМИТЕТ ПО ОРГАНИЗАЦИИ ЗАКУПОК ГОРОДСКОГО ОКРУГА БАЛАШИХА""";12.02.2026;02.03.2026;Закупка завершена;;;26.02.2026;
44-ФЗ;№0150200003926000119;Электронный аукцион;Поставка лекарственных препаратов для медицинского применения МНН Нинтеданиб (с целью оказания отдельным категориям граждан социальной поддержки по обеспечению лекарственными препаратами);;'262532102896053210100100010570000323;;;19964999.70;RUB;0;;;;;;МИНИСТЕРСТВО ЗДРАВООХРАНЕНИЯ НОВГОРОДСКОЙ ОБЛАСТИ;АДМИНИСТРАЦИЯ ГУБЕРНАТОРА НОВГОРОДСКОЙ ОБЛАСТИ;18.02.2026;02.03.2026;Закупка завершена;;;27.02.2026;
44-ФЗ;№0174500001126000645;Электронный аукцион;на поставку наборов для диагностики коронарных артерий для отделения рентген-хирургических методов диагностики и лечения;;'262920402213692040100100330080000244;;;10976329.00;RUB;0;;;;;;"ГОСУДАРСТВЕННОЕ БЮДЖЕТНОЕ УЧРЕЖДЕНИЕ ЗДРАВООХРАНЕНИЯ СЕВАСТОПОЛЯ ""ГОРОДСКАЯ БОЛЬНИЦА № 1 ИМ. Н.И. ПИРОГОВА""";ДЕПАРТАМЕНТ УПРАВЛЕНИЯ ДЕЛАМИ ГУБЕРНАТОРА И ПРАВИТЕЛЬСТВА СЕВАСТОПОЛЯ;16.02.2026;02.03.2026;Закупка завершена;;;26.02.2026;
44-ФЗ;№0862600021226000007;Электронный аукцион на проведение работ по строительству, реконструкции, кап. ремонту, сносу объекта кап. строительства в соответствии с п. 8 ч. 1 ст. 33 Закона № 44-ФЗ;"Строительство тепловой сети для подключения к системам теплоснабжения объекта капитального строительства ""Здание физкультурно-оздоровительного комплекса в г. Камышлов""";;'263663302879866330100100130014221414;;;19337005.00;RUB;0;;;;;;"МУНИЦИПАЛЬНОЕ КАЗЕННОЕ УЧРЕЖДЕНИЕ ""ЦЕНТР ГОРОДСКОГО ОБСЛУЖИВАНИЯ""";"МУНИЦИПАЛЬНОЕ КАЗЕННОЕ УЧРЕЖДЕНИЕ ""ЦЕНТР ГОРОДСКОГО ОБСЛУЖИВАНИЯ""";19.02.2026;02.03.2026;Закупка завершена;;;27.02.2026;
44-ФЗ;№0832200006626000095;Электронный аукцион;Аппарат наркозный (полуоткрытый и полузакрытый контуры) с дыхательным автоматом, волюметром, монитором концентрации кислорода, углекислоты и герметичности дыхательного контура (не менее одного испарителя для испаряемых анестетиков);;'262526004817052600100100100013250244;;;13600000.00;RUB;0;;;;;;"ГОСУДАРСТВЕННОЕ БЮДЖЕТНОЕ УЧРЕЖДЕНИЕ  ЗДРАВООХРАНЕНИЯ НИЖЕГОРОДСКОЙ ОБЛАСТИ  ""НИЖЕГОРОДСКАЯ ОБЛАСТНАЯ КЛИНИЧЕСКАЯ БОЛЬНИЦА ИМ. Н.А.СЕМАШКО""";"ГОСУДАРСТВЕННОЕ КАЗЕННОЕ УЧРЕЖДЕНИЕ НИЖЕГОРОДСКОЙ ОБЛАСТИ ""ЦЕНТР РАЗМЕЩЕНИЯ ЗАКАЗА НИЖЕГОРОДСКОЙ ОБЛАСТИ""";18.02.2026;02.03.2026;Закупка завершена;;;26.02.2026;
