Закупки по;Реестровый номер закупки;Способ определения поставщика (подрядчика, исполнителя), подрядной организации (размещения закупки);Наименование закупки;Предмет электронного аукциона (только для ПП РФ 615);Идентификационный код закупки;Номер лота;Наименование лота;Начальная (максимальная) цена контракта;Валюта;Начальная (максимальная) цена в валюте контракта;Валюта контракта;Классификация по ОКДП;Классификация по ОКПД;Классификация по ОКПД2;Код позиции;Наименование Заказчика;Организация, осуществляющая размещение ;Дата размещения;Дата обновления;Этап закупки;Особенности размещения заказа\ Преимущества (44-ФЗ);Дата начала подачи заявок;Дата окончания подачи заявок;Дата проведения электронного аукциона
44-ФЗ;№0335200014926002219;Электронный аукцион;Поставка медицинских изделий (Система рентгеновской компьютерной томографии всего тела), ввод в эксплуатацию медицинского изделия, обучение правилам эксплуатации специалистов, эксплуатирующих медицинские изделия;;'262390604084039060100100070022660244;;;64700000.00;RUB;0;;;;;;"ГОСУДАРСТВЕННОЕ БЮДЖЕТНОЕ УЧРЕЖДЕНИЕ ЗДРАВООХРАНЕНИЯ КАЛИНИНГРАДСКОЙ ОБЛАСТИ ""ГОРОДСКАЯ КЛИНИЧЕСКАЯ БОЛЬНИЦА СКОРОЙ МЕДИЦИНСКОЙ ПОМОЩИ""";"ГОСУДАРСТВЕННОЕ КАЗЕННОЕ УЧРЕЖДЕНИЕ КАЛИНИНГРАДСКОЙ ОБЛАСТИ ""ЦЕНТР ОБЕСПЕЧЕНИЯ ОРГАНИЗАЦИИ И ПРОВЕДЕНИЯ ТОРГОВ""";09.06.2026;14.08.2026;Закупка завершена;;;17.06.2026;
44-ФЗ;№0372100049626001800;Запрос котировок в электронной форме;Поставка матрасов;;'261780203042978140100100190110000244;;;6030186.80;RUB;0;;;;;;"ФЕДЕРАЛЬНОЕ ГОСУДАРСТВЕННОЕ БЮДЖЕТНОЕ УЧРЕЖДЕНИЕ ""НАЦИОНАЛЬНЫЙ МЕДИЦИНСКИЙ ИССЛЕДОВАТЕЛЬСКИЙ ЦЕНТР ИМЕНИ В.А. АЛМАЗОВА"" МИНИСТЕРСТВА ЗДРАВООХРАНЕНИЯ РОССИЙСКОЙ ФЕДЕРАЦИИ";"ФЕДЕРАЛЬНОЕ ГОСУДАРСТВЕННОЕ БЮДЖЕТНОЕ УЧРЕЖДЕНИЕ ""НАЦИОНАЛЬНЫЙ МЕДИЦИНСКИЙ ИССЛЕДОВАТЕЛЬСКИЙ ЦЕНТР ИМЕНИ В.А. АЛМАЗОВА"" МИНИСТЕРСТВА ЗДРАВООХРАНЕНИЯ РОССИЙСКОЙ ФЕДЕРАЦИИ";05.08.2026;14.08.2026;Закупка завершена;;;12.08.2026;
44-ФЗ;№0173100008726000052;Запрос котировок в электронной форме;Оказание услуг по предоставлению ключа активации на использование устройств «Континент 4» в режиме многофункционального узла безопасности (UTM) для нужд Счетной палаты Российской Федерации;;'261770216661077040100101440016399242;;;6254464.00;RUB;0;;;;;;СЧЕТНАЯ ПАЛАТА РОССИЙСКОЙ ФЕДЕРАЦИИ;СЧЕТНАЯ ПАЛАТА РОССИЙСКОЙ ФЕДЕРАЦИИ;06.08.2026;14.08.2026;Закупка завершена;;;13.08.2026;
44-ФЗ;№0384300004226000065;Электронный аукцион;Разработка проектной документации по благоустройству общественных территорий;;'263298300716229830100100920017112244;;;10081100.00;RUB;0;;;;;;"МУНИЦИПАЛЬНОЕ КАЗЕННОЕ УЧРЕЖДЕНИЕ ""УПРАВЛЕНИЕ ГОРОДСКОГО ХОЗЯЙСТВА Г. НАРЬЯН-МАРА""";"МУНИЦИПАЛЬНОЕ КАЗЕННОЕ УЧРЕЖДЕНИЕ ""УПРАВЛЕНИЕ ГОРОДСКОГО ХОЗЯЙСТВА Г. НАРЬЯН-МАРА""";12.08.2026;14.08.2026;Определение поставщика отменено;;;20.08.2026;
223-ФЗ;№32616295234;Иной способ;Организация и проведение финала чемпионата по профессиональному мастерству «Профессионалы» в г. Калуге в 2026 году – услуга по организации во время подготовки и проведения Финала чемпионата ежедневного одноразового питания (обед), ежедневного одноразового питания (кофе-брейк);;;1;Организация и проведение финала чемпионата по профессиональному мастерству «Профессионалы» в г. Калуге в 2026 году – услуга по организации во время подготовки и проведения Финала чемпионата ежедневного одноразового питания (обед), ежедневного одноразового питания (кофе-брейк);6000000.00;RUB;6000000.00;;;;82.30.11.000: Услуги по организации конференций;;"ГОСУДАРСТВЕННОЕ АВТОНОМНОЕ ОБРАЗОВАТЕЛЬНОЕ УЧРЕЖДЕНИЕ ДОПОЛНИТЕЛЬНОГО ПРОФЕССИОНАЛЬНОГО ОБРАЗОВАНИЯ КАЛУЖСКОЙ ОБЛАСТИ ""КАЛУЖСКИЙ ГОСУДАРСТВЕННЫЙ ИНСТИТУТ РАЗВИТИЯ ОБРАЗОВАНИЯ""";"ГОСУДАРСТВЕННОЕ АВТОНОМНОЕ ОБРАЗОВАТЕЛЬНОЕ УЧРЕЖДЕНИЕ ДОПОЛНИТЕЛЬНОГО ПРОФЕССИОНАЛЬНОГО ОБРАЗОВАНИЯ КАЛУЖСКОЙ ОБЛАСТИ ""КАЛУЖСКИЙ ГОСУДАРСТВЕННЫЙ ИНСТИТУТ РАЗВИТИЯ ОБРАЗОВАНИЯ""";14.08.2026;14.08.2026;Закупка завершена;;;14.08.2026 12:00;
44-ФЗ;№0373200605126000011;Электронный аукцион;Поставка компьютерной техники (ноутбуки) для нужд ГБОУ «Курчатовская школа»;;'262773468749277340100100330010000244;;;7665788.00;RUB;0;;;;;;"ГОСУДАРСТВЕННОЕ БЮДЖЕТНОЕ ОБЩЕОБРАЗОВАТЕЛЬНОЕ УЧРЕЖДЕНИЕ ГОРОДА МОСКВЫ ""КУРЧАТОВСКАЯ ШКОЛА""";"ГОСУДАРСТВЕННОЕ БЮДЖЕТНОЕ ОБЩЕОБРАЗОВАТЕЛЬНОЕ УЧРЕЖДЕНИЕ ГОРОДА МОСКВЫ ""КУРЧАТОВСКАЯ ШКОЛА""";06.08.2026;14.08.2026;Закупка завершена;;;14.08.2026;
44-ФЗ;№0335200014926002761;Электронный аукцион;Выполнение работ, связанных с осуществлением регулярных перевозок пассажиров и багажа автомобильным транспортом по регулируемым тарифам;;'262390639897139060100100330024939244;;;7161444.75;RUB;0;;;;;;"ГОСУДАРСТВЕННОЕ КАЗЕННОЕ УЧРЕЖДЕНИЕ КАЛИНИНГРАДСКОЙ ОБЛАСТИ ""ЦЕНТР УПРАВЛЕНИЯ ИНТЕЛЛЕКТУАЛЬНОЙ ТРАНСПОРТНОЙ СИСТЕМОЙ КАЛИНИНГРАДСКОЙ ОБЛАСТИ""";"ГОСУДАРСТВЕННОЕ КАЗЕННОЕ УЧРЕЖДЕНИЕ КАЛИНИНГРАДСКОЙ ОБЛАСТИ ""ЦЕНТР ОБЕСПЕЧЕНИЯ ОРГАНИЗАЦИИ И ПРОВЕДЕНИЯ ТОРГОВ""";05.08.2026;14.08.2026;Закупка завершена;;;13.08.2026;
44-ФЗ;№0348200081026004476;Электронный аукцион;Поставка медицинского оборудования- лот 214.2;;'262502406865650240100121750013250244;;;11344472.00;RUB;0;;;;;;"ГОСУДАРСТВЕННОЕ КАЗЕННОЕ УЧРЕЖДЕНИЕ МОСКОВСКОЙ ОБЛАСТИ ""ДИРЕКЦИЯ ЕДИНОГО ЗАКАЗЧИКА МИНИСТЕРСТВА ЗДРАВООХРАНЕНИЯ МОСКОВСКОЙ ОБЛАСТИ""";"ГОСУДАРСТВЕННОЕ КАЗЕННОЕ УЧРЕЖДЕНИЕ МОСКОВСКОЙ ОБЛАСТИ ""ДИРЕКЦИЯ ЕДИНОГО ЗАКАЗЧИКА МИНИСТЕРСТВА ЗДРАВООХРАНЕНИЯ МОСКОВСКОЙ ОБЛАСТИ""";27.07.2026;14.08.2026;Закупка завершена;;;10.08.2026;
44-ФЗ;№0373100015726000097;Электронный аукцион;Оказание услуг по уборке для нужд Финансового университета (Ленинградский пр., г. Москва);;'261771408642277140100100010860000000;;;236584247.28;RUB;0;;;;;;"ФЕДЕРАЛЬНОЕ ГОСУДАРСТВЕННОЕ ОБРАЗОВАТЕЛЬНОЕ БЮДЖЕТНОЕ УЧРЕЖДЕНИЕ ВЫСШЕГО ОБРАЗОВАНИЯ ""ФИНАНСОВЫЙ УНИВЕРСИТЕТ ПРИ ПРАВИТЕЛЬСТВЕ РОССИЙСКОЙ ФЕДЕРАЦИИ""";"ФЕДЕРАЛЬНОЕ ГОСУДАРСТВЕННОЕ ОБРАЗОВАТЕЛЬНОЕ БЮДЖЕТНОЕ УЧРЕЖДЕНИЕ ВЫСШЕГО ОБРАЗОВАНИЯ ""ФИНАНСОВЫЙ УНИВЕРСИТЕТ ПРИ ПРАВИТЕЛЬСТВЕ РОССИЙСКОЙ ФЕДЕРАЦИИ""";24.06.2026;14.08.2026;Закупка завершена;;;03.07.2026;
44-ФЗ;№0335200014926002762;Электронный аукцион;Выполнение работ, связанных с осуществлением регулярных перевозок пассажиров и багажа автомобильным транспортом по регулируемым тарифам;;'262390639897139060100100330014939244;;;5970985.67;RUB;0;;;;;;"ГОСУДАРСТВЕННОЕ КАЗЕННОЕ УЧРЕЖДЕНИЕ КАЛИНИНГРАДСКОЙ ОБЛАСТИ ""ЦЕНТР УПРАВЛЕНИЯ ИНТЕЛЛЕКТУАЛЬНОЙ ТРАНСПОРТНОЙ СИСТЕМОЙ КАЛИНИНГРАДСКОЙ ОБЛАСТИ""";"ГОСУДАРСТВЕННОЕ КАЗЕННОЕ УЧРЕЖДЕНИЕ КАЛИНИНГРАДСКОЙ ОБЛАСТИ ""ЦЕНТР ОБЕСПЕЧЕНИЯ ОРГАНИЗАЦИИ И ПРОВЕДЕНИЯ ТОРГОВ""";05.08.2026;14.08.2026;Закупка завершена;;;14.08.2026;
44-ФЗ;№0360100030526001194;Электронный аукцион;Поставка инструментов медицинских (щипцы захватывающие лапароскопические, многоразового использования);;'261645200647164520100101830223250244;;;6115382.00;RUB;0;;;;;;"ФЕДЕРАЛЬНОЕ ГОСУДАРСТВЕННОЕ БЮДЖЕТНОЕ ОБРАЗОВАТЕЛЬНОЕ УЧРЕЖДЕНИЕ ВЫСШЕГО ОБРАЗОВАНИЯ ""САРАТОВСКИЙ ГОСУДАРСТВЕННЫЙ МЕДИЦИНСКИЙ УНИВЕРСИТЕТ ИМЕНИ В.И.РАЗУМОВСКОГО"" МИНИСТЕРСТВА ЗДРАВООХРАНЕНИЯ РОССИЙСКОЙ ФЕДЕРАЦИИ";"ФЕДЕРАЛЬНОЕ ГОСУДАРСТВЕННОЕ БЮДЖЕТНОЕ ОБРАЗОВАТЕЛЬНОЕ УЧРЕЖДЕНИЕ ВЫСШЕГО ОБРАЗОВАНИЯ ""САРАТОВСКИЙ ГОСУДАРСТВЕННЫЙ МЕДИЦИНСКИЙ УНИВЕРСИТЕТ ИМЕНИ В.И.РАЗУМОВСКОГО"" МИНИСТЕРСТВА ЗДРАВООХРАНЕНИЯ РОССИЙСКОЙ ФЕДЕРАЦИИ";03.08.2026;14.08.2026;Закупка завершена;;;12.08.2026;
44-ФЗ;№0121200004726000900;Электронный аукцион;Поставка медицинского оборудования (ВМП);;'262263300117126350100100380040000244;;;7500000.00;RUB;0;;;;;;"ГОСУДАРСТВЕННОЕ БЮДЖЕТНОЕ УЧРЕЖДЕНИЕ ЗДРАВООХРАНЕНИЯ СТАВРОПОЛЬСКОГО КРАЯ ""СТАВРОПОЛЬСКАЯ КРАЕВАЯ КЛИНИЧЕСКАЯ БОЛЬНИЦА""";КОМИТЕТ СТАВРОПОЛЬСКОГО КРАЯ ПО ГОСУДАРСТВЕННЫМ ЗАКУПКАМ;27.07.2026;14.08.2026;Закупка завершена;;;04.08.2026;
44-ФЗ;№0348200081026004714;Электронный аукцион;Закупка лекарственного препарата Рибоциклиб  для обеспечения отдельных категорий граждан, в отношении которых установлены меры социальной поддержки Л280019в 2028 году;;'262502406865650240100124230042120323;;;52761391.20;RUB;0;;;;;;"ГОСУДАРСТВЕННОЕ КАЗЕННОЕ УЧРЕЖДЕНИЕ МОСКОВСКОЙ ОБЛАСТИ ""ДИРЕКЦИЯ ЕДИНОГО ЗАКАЗЧИКА МИНИСТЕРСТВА ЗДРАВООХРАНЕНИЯ МОСКОВСКОЙ ОБЛАСТИ""";"ГОСУДАРСТВЕННОЕ КАЗЕННОЕ УЧРЕЖДЕНИЕ МОСКОВСКОЙ ОБЛАСТИ ""ДИРЕКЦИЯ ЕДИНОГО ЗАКАЗЧИКА МИНИСТЕРСТВА ЗДРАВООХРАНЕНИЯ МОСКОВСКОЙ ОБЛАСТИ""";04.08.2026;14.08.2026;Определение поставщика отменено;;;18.08.2026;
44-ФЗ;№0348200081026004885;Электронный аукцион;Закупка лекарственного препарата Рибоциклиб для обеспечения отдельных категорий граждан, в отношении которых установлены меры социальной поддержки Л272044 в 2027 году;;'262502406865650240100124530022120323;;;99660405.60;RUB;0;;;;;;"ГОСУДАРСТВЕННОЕ КАЗЕННОЕ УЧРЕЖДЕНИЕ МОСКОВСКОЙ ОБЛАСТИ ""ДИРЕКЦИЯ ЕДИНОГО ЗАКАЗЧИКА МИНИСТЕРСТВА ЗДРАВООХРАНЕНИЯ МОСКОВСКОЙ ОБЛАСТИ""";"ГОСУДАРСТВЕННОЕ КАЗЕННОЕ УЧРЕЖДЕНИЕ МОСКОВСКОЙ ОБЛАСТИ ""ДИРЕКЦИЯ ЕДИНОГО ЗАКАЗЧИКА МИНИСТЕРСТВА ЗДРАВООХРАНЕНИЯ МОСКОВСКОЙ ОБЛАСТИ""";11.08.2026;14.08.2026;Определение поставщика отменено;;;26.08.2026;
44-ФЗ;№0348200081026004914;Электронный аукцион;Закупка лекарственного препарата Рибоциклиб для обеспечения отдельных категорий граждан, в отношении которых установлены меры социальной поддержки Л272047 в 2027 году;;'262502406865650240100124790012120323;;;99660405.60;RUB;0;;;;;;"ГОСУДАРСТВЕННОЕ КАЗЕННОЕ УЧРЕЖДЕНИЕ МОСКОВСКОЙ ОБЛАСТИ ""ДИРЕКЦИЯ ЕДИНОГО ЗАКАЗЧИКА МИНИСТЕРСТВА ЗДРАВООХРАНЕНИЯ МОСКОВСКОЙ ОБЛАСТИ""";"ГОСУДАРСТВЕННОЕ КАЗЕННОЕ УЧРЕЖДЕНИЕ МОСКОВСКОЙ ОБЛАСТИ ""ДИРЕКЦИЯ ЕДИНОГО ЗАКАЗЧИКА МИНИСТЕРСТВА ЗДРАВООХРАНЕНИЯ МОСКОВСКОЙ ОБЛАСТИ""";12.08.2026;14.08.2026;Определение поставщика отменено;;;20.08.2026;
44-ФЗ;№0373200017326000357;Электронный аукцион;Поставка расходных материалов и комплектующих для многофункциональных устройств;;262773315035277330100100260010000000, 262773425264677340100100180010000244, 262773315034577330100100280010000244, 262773425263977340100100300010000244, 262773315075477330100100270010000244, 262773315072277330100100450010000244, 262773315067377330100100450010000244, 262773305522977330100100310010000244, 262773425252677340100100480010000244, 262773363964077330100100100010000244;;;28019162.54;RUB;0;;;;;;;"ГОСУДАРСТВЕННОЕ КАЗЕННОЕ УЧРЕЖДЕНИЕ ГОРОДА МОСКВЫ ""ДИРЕКЦИЯ ЗАКАЗЧИКА ЖИЛИЩНО-КОММУНАЛЬНОГО ХОЗЯЙСТВА И БЛАГОУСТРОЙСТВА СЕВЕРО-ЗАПАДНОГО АДМИНИСТРАТИВНОГО ОКРУГА""";03.08.2026;14.08.2026;Закупка завершена;;;12.08.2026;
44-ФЗ;№0348200081026004912;Электронный аукцион;Закупка лекарственного препарата Рибоциклиб для обеспечения отдельных категорий граждан, в отношении которых установлены меры социальной поддержки Л280014 в 2028 году;;'262502406865650240100124800012120323;;;99660405.60;RUB;0;;;;;;"ГОСУДАРСТВЕННОЕ КАЗЕННОЕ УЧРЕЖДЕНИЕ МОСКОВСКОЙ ОБЛАСТИ ""ДИРЕКЦИЯ ЕДИНОГО ЗАКАЗЧИКА МИНИСТЕРСТВА ЗДРАВООХРАНЕНИЯ МОСКОВСКОЙ ОБЛАСТИ""";"ГОСУДАРСТВЕННОЕ КАЗЕННОЕ УЧРЕЖДЕНИЕ МОСКОВСКОЙ ОБЛАСТИ ""ДИРЕКЦИЯ ЕДИНОГО ЗАКАЗЧИКА МИНИСТЕРСТВА ЗДРАВООХРАНЕНИЯ МОСКОВСКОЙ ОБЛАСТИ""";12.08.2026;14.08.2026;Определение поставщика отменено;;;20.08.2026;
44-ФЗ;№0121300003226000137;Электронный аукцион;Благоустройство сквера Химиков в городе Невинномысске Ставропольского края;;'263263102924526310100100230034299244;;;192735586.07;RUB;0;;;;;;УПРАВЛЕНИЕ ЖИЛИЩНО-КОММУНАЛЬНОГО ХОЗЯЙСТВА АДМИНИСТРАЦИИ ГОРОДА НЕВИННОМЫССКА;АДМИНИСТРАЦИЯ ГОРОДА НЕВИННОМЫССКА СТАВРОПОЛЬСКОГО КРАЯ;14.07.2026;14.08.2026;Закупка завершена;;;14.08.2026;
44-ФЗ;№0348200081026004911;Электронный аукцион;Закупка лекарственного препарата Рибоциклиб для обеспечения отдельных категорий граждан, в отношении которых установлены меры социальной поддержки Л280016 в 2028 году;;'262502406865650240100124800022120323;;;99660405.60;RUB;0;;;;;;"ГОСУДАРСТВЕННОЕ КАЗЕННОЕ УЧРЕЖДЕНИЕ МОСКОВСКОЙ ОБЛАСТИ ""ДИРЕКЦИЯ ЕДИНОГО ЗАКАЗЧИКА МИНИСТЕРСТВА ЗДРАВООХРАНЕНИЯ МОСКОВСКОЙ ОБЛАСТИ""";"ГОСУДАРСТВЕННОЕ КАЗЕННОЕ УЧРЕЖДЕНИЕ МОСКОВСКОЙ ОБЛАСТИ ""ДИРЕКЦИЯ ЕДИНОГО ЗАКАЗЧИКА МИНИСТЕРСТВА ЗДРАВООХРАНЕНИЯ МОСКОВСКОЙ ОБЛАСТИ""";12.08.2026;14.08.2026;Определение поставщика отменено;;;20.08.2026;
44-ФЗ;№0348200081026004910;Электронный аукцион;Закупка лекарственного препарата Рибоциклиб для обеспечения отдельных категорий граждан, в отношении которых установлены меры социальной поддержки Л272045 в 2027 году;;'262502406865650240100124790032120323;;;99660405.60;RUB;0;;;;;;"ГОСУДАРСТВЕННОЕ КАЗЕННОЕ УЧРЕЖДЕНИЕ МОСКОВСКОЙ ОБЛАСТИ ""ДИРЕКЦИЯ ЕДИНОГО ЗАКАЗЧИКА МИНИСТЕРСТВА ЗДРАВООХРАНЕНИЯ МОСКОВСКОЙ ОБЛАСТИ""";"ГОСУДАРСТВЕННОЕ КАЗЕННОЕ УЧРЕЖДЕНИЕ МОСКОВСКОЙ ОБЛАСТИ ""ДИРЕКЦИЯ ЕДИНОГО ЗАКАЗЧИКА МИНИСТЕРСТВА ЗДРАВООХРАНЕНИЯ МОСКОВСКОЙ ОБЛАСТИ""";12.08.2026;14.08.2026;Определение поставщика отменено;;;20.08.2026;
44-ФЗ;№0335200014926002760;Электронный аукцион;Выполнение работ, связанных с осуществлением регулярных перевозок пассажиров и багажа автомобильным транспортом по регулируемым тарифам;;'262390639897139060100100330054939244;;;9634688.46;RUB;0;;;;;;"ГОСУДАРСТВЕННОЕ КАЗЕННОЕ УЧРЕЖДЕНИЕ КАЛИНИНГРАДСКОЙ ОБЛАСТИ ""ЦЕНТР УПРАВЛЕНИЯ ИНТЕЛЛЕКТУАЛЬНОЙ ТРАНСПОРТНОЙ СИСТЕМОЙ КАЛИНИНГРАДСКОЙ ОБЛАСТИ""";"ГОСУДАРСТВЕННОЕ КАЗЕННОЕ УЧРЕЖДЕНИЕ КАЛИНИНГРАДСКОЙ ОБЛАСТИ ""ЦЕНТР ОБЕСПЕЧЕНИЯ ОРГАНИЗАЦИИ И ПРОВЕДЕНИЯ ТОРГОВ""";05.08.2026;14.08.2026;Закупка завершена;;;13.08.2026;
44-ФЗ;№0348200081026004913;Электронный аукцион;Закупка лекарственного препарата Рибоциклиб для обеспечения отдельных категорий граждан, в отношении которых установлены меры социальной поддержки Л272048 в 2027 году;;'262502406865650240100124790042120323;;;99660405.60;RUB;0;;;;;;"ГОСУДАРСТВЕННОЕ КАЗЕННОЕ УЧРЕЖДЕНИЕ МОСКОВСКОЙ ОБЛАСТИ ""ДИРЕКЦИЯ ЕДИНОГО ЗАКАЗЧИКА МИНИСТЕРСТВА ЗДРАВООХРАНЕНИЯ МОСКОВСКОЙ ОБЛАСТИ""";"ГОСУДАРСТВЕННОЕ КАЗЕННОЕ УЧРЕЖДЕНИЕ МОСКОВСКОЙ ОБЛАСТИ ""ДИРЕКЦИЯ ЕДИНОГО ЗАКАЗЧИКА МИНИСТЕРСТВА ЗДРАВООХРАНЕНИЯ МОСКОВСКОЙ ОБЛАСТИ""";12.08.2026;14.08.2026;Определение поставщика отменено;;;20.08.2026;
44-ФЗ;№0348200081026004908;Электронный аукцион;Закупка лекарственного препарата Рибоциклиб для обеспечения отдельных категорий граждан, в отношении которых установлены меры социальной поддержки Л280013 в 2028 году;;'262502406865650240100124800032120323;;;99660405.60;RUB;0;;;;;;"ГОСУДАРСТВЕННОЕ КАЗЕННОЕ УЧРЕЖДЕНИЕ МОСКОВСКОЙ ОБЛАСТИ ""ДИРЕКЦИЯ ЕДИНОГО ЗАКАЗЧИКА МИНИСТЕРСТВА ЗДРАВООХРАНЕНИЯ МОСКОВСКОЙ ОБЛАСТИ""";"ГОСУДАРСТВЕННОЕ КАЗЕННОЕ УЧРЕЖДЕНИЕ МОСКОВСКОЙ ОБЛАСТИ ""ДИРЕКЦИЯ ЕДИНОГО ЗАКАЗЧИКА МИНИСТЕРСТВА ЗДРАВООХРАНЕНИЯ МОСКОВСКОЙ ОБЛАСТИ""";12.08.2026;14.08.2026;Определение поставщика отменено;;;20.08.2026;
44-ФЗ;№0348200081026004909;Электронный аукцион;Закупка лекарственного препарата Рибоциклиб для обеспечения отдельных категорий граждан, в отношении которых установлены меры социальной поддержки Л280015 в 2028 году;;'262502406865650240100124800042120323;;;99660405.60;RUB;0;;;;;;"ГОСУДАРСТВЕННОЕ КАЗЕННОЕ УЧРЕЖДЕНИЕ МОСКОВСКОЙ ОБЛАСТИ ""ДИРЕКЦИЯ ЕДИНОГО ЗАКАЗЧИКА МИНИСТЕРСТВА ЗДРАВООХРАНЕНИЯ МОСКОВСКОЙ ОБЛАСТИ""";"ГОСУДАРСТВЕННОЕ КАЗЕННОЕ УЧРЕЖДЕНИЕ МОСКОВСКОЙ ОБЛАСТИ ""ДИРЕКЦИЯ ЕДИНОГО ЗАКАЗЧИКА МИНИСТЕРСТВА ЗДРАВООХРАНЕНИЯ МОСКОВСКОЙ ОБЛАСТИ""";12.08.2026;14.08.2026;Определение поставщика отменено;;;20.08.2026;
44-ФЗ;№0848600005326000120;Открытый конкурс в электронной форме;Выполнение работ по инженерным изысканиям и разработке проекта благоустройства: «Сквер Машиностроителей (Сквер у мемориального комплекса легендарному миномету «Катюша»)»;;'263505305783550530100100960017111244;;;9897734.01;RUB;0;;;;;;"МУНИЦИПАЛЬНОЕ КАЗЕННОЕ УЧРЕЖДЕНИЕ ""СТРОИТЕЛЬСТВО, БЛАГОУСТРОЙСТВО И ДОРОЖНОЕ ХОЗЯЙСТВО""";"МУНИЦИПАЛЬНОЕ КАЗЕННОЕ УЧРЕЖДЕНИЕ ГОРОДСКОГО ОКРУГА ЭЛЕКТРОСТАЛЬ МОСКОВСКОЙ ОБЛАСТИ ""УПРАВЛЕНИЕ ПО КОНКУРЕНТНОЙ ПОЛИТИКЕ И КООРДИНАЦИИ ЗАКУПОК""";09.07.2026;14.08.2026;Закупка завершена;;;04.08.2026;
44-ФЗ;№0348200081026004906;Электронный аукцион;Закупка лекарственного препарата Рибоциклиб для обеспечения отдельных категорий граждан, в отношении которых установлены меры социальной поддержки Л272046 в 2027 году;;'262502406865650240100124790052120323;;;99660405.60;RUB;0;;;;;;"ГОСУДАРСТВЕННОЕ КАЗЕННОЕ УЧРЕЖДЕНИЕ МОСКОВСКОЙ ОБЛАСТИ ""ДИРЕКЦИЯ ЕДИНОГО ЗАКАЗЧИКА МИНИСТЕРСТВА ЗДРАВООХРАНЕНИЯ МОСКОВСКОЙ ОБЛАСТИ""";"ГОСУДАРСТВЕННОЕ КАЗЕННОЕ УЧРЕЖДЕНИЕ МОСКОВСКОЙ ОБЛАСТИ ""ДИРЕКЦИЯ ЕДИНОГО ЗАКАЗЧИКА МИНИСТЕРСТВА ЗДРАВООХРАНЕНИЯ МОСКОВСКОЙ ОБЛАСТИ""";12.08.2026;14.08.2026;Определение поставщика отменено;;;20.08.2026;
44-ФЗ;№0848600005326000123;Открытый конкурс в электронной форме;Выполнение работ по корректировке архитектурно-планировочной концепции, выполнение работ по инженерным изысканиям и разработке проекта благоустройства общественной территории у Культурного центра «Октябрь» по адресу: Московская область, г. Электросталь;;'263505305783550530100100430017111244;;;10453097.70;RUB;0;;;;;;"МУНИЦИПАЛЬНОЕ КАЗЕННОЕ УЧРЕЖДЕНИЕ ""СТРОИТЕЛЬСТВО, БЛАГОУСТРОЙСТВО И ДОРОЖНОЕ ХОЗЯЙСТВО""";"МУНИЦИПАЛЬНОЕ КАЗЕННОЕ УЧРЕЖДЕНИЕ ГОРОДСКОГО ОКРУГА ЭЛЕКТРОСТАЛЬ МОСКОВСКОЙ ОБЛАСТИ ""УПРАВЛЕНИЕ ПО КОНКУРЕНТНОЙ ПОЛИТИКЕ И КООРДИНАЦИИ ЗАКУПОК""";24.07.2026;14.08.2026;Закупка завершена;;;04.08.2026;
44-ФЗ;№0348200081026004907;Электронный аукцион;Закупка лекарственного препарата Рибоциклиб для обеспечения отдельных категорий граждан, в отношении которых установлены меры социальной поддержки Л280017 в 2028 году;;'262502406865650240100124800052120323;;;99660405.60;RUB;0;;;;;;"ГОСУДАРСТВЕННОЕ КАЗЕННОЕ УЧРЕЖДЕНИЕ МОСКОВСКОЙ ОБЛАСТИ ""ДИРЕКЦИЯ ЕДИНОГО ЗАКАЗЧИКА МИНИСТЕРСТВА ЗДРАВООХРАНЕНИЯ МОСКОВСКОЙ ОБЛАСТИ""";"ГОСУДАРСТВЕННОЕ КАЗЕННОЕ УЧРЕЖДЕНИЕ МОСКОВСКОЙ ОБЛАСТИ ""ДИРЕКЦИЯ ЕДИНОГО ЗАКАЗЧИКА МИНИСТЕРСТВА ЗДРАВООХРАНЕНИЯ МОСКОВСКОЙ ОБЛАСТИ""";12.08.2026;14.08.2026;Определение поставщика отменено;;;20.08.2026;
44-ФЗ;№0335200014926002758;Электронный аукцион;Выполнение работ, связанных с осуществлением регулярных перевозок пассажиров и багажа автомобильным транспортом по регулируемым тарифам;;'262390639897139060100100330084939244;;;7225208.07;RUB;0;;;;;;"ГОСУДАРСТВЕННОЕ КАЗЕННОЕ УЧРЕЖДЕНИЕ КАЛИНИНГРАДСКОЙ ОБЛАСТИ ""ЦЕНТР УПРАВЛЕНИЯ ИНТЕЛЛЕКТУАЛЬНОЙ ТРАНСПОРТНОЙ СИСТЕМОЙ КАЛИНИНГРАДСКОЙ ОБЛАСТИ""";"ГОСУДАРСТВЕННОЕ КАЗЕННОЕ УЧРЕЖДЕНИЕ КАЛИНИНГРАДСКОЙ ОБЛАСТИ ""ЦЕНТР ОБЕСПЕЧЕНИЯ ОРГАНИЗАЦИИ И ПРОВЕДЕНИЯ ТОРГОВ""";05.08.2026;14.08.2026;Закупка завершена;;;13.08.2026;
44-ФЗ;№0373100095226000666;Электронный аукцион;Оказание услуг по техническому обслуживанию и ремонту системы ангиографической Azurion 3 М15;;'261770613767377060100100230013312244;;;27287000.00;RUB;0;;;;;;"ФЕДЕРАЛЬНОЕ ГОСУДАРСТВЕННОЕ БЮДЖЕТНОЕ УЧРЕЖДЕНИЕ ""НАЦИОНАЛЬНЫЙ МЕДИЦИНСКИЙ ИССЛЕДОВАТЕЛЬСКИЙ ЦЕНТР СЕРДЕЧНО-СОСУДИСТОЙ ХИРУРГИИ ИМЕНИ А.Н. БАКУЛЕВА"" МИНИСТЕРСТВА ЗДРАВООХРАНЕНИЯ РОССИЙСКОЙ ФЕДЕРАЦИИ";"ФЕДЕРАЛЬНОЕ ГОСУДАРСТВЕННОЕ БЮДЖЕТНОЕ УЧРЕЖДЕНИЕ ""НАЦИОНАЛЬНЫЙ МЕДИЦИНСКИЙ ИССЛЕДОВАТЕЛЬСКИЙ ЦЕНТР СЕРДЕЧНО-СОСУДИСТОЙ ХИРУРГИИ ИМЕНИ А.Н. БАКУЛЕВА"" МИНИСТЕРСТВА ЗДРАВООХРАНЕНИЯ РОССИЙСКОЙ ФЕДЕРАЦИИ";06.08.2026;14.08.2026;Закупка завершена;;;14.08.2026;
44-ФЗ;№0826500000926002918;Электронный аукцион;Поставка медицинских изделий Магистраль соединительная для введения рентгеноконтрастного вещества на 2027г.;;262310301007731030100104010013250000, 262310200471531020100104960013250244, 262312200126131220100104450013250244, 262312344801331230100103850013250000, 263312700301531270100104900013250244, 262311600175331160100102800013250244, 262312402097531230100144100013250244, 262312402065431230100104790013250244, 262312401394631230100106190013250244, 262312344802031230100108010013250244;;;34592233.00;RUB;0;;;;;;;"ОБЛАСТНОЕ ГОСУДАРСТВЕННОЕ КАЗЕННОЕ УЧРЕЖДЕНИЕ БЕЛГОРОДСКОЙ ОБЛАСТИ ""ЦЕНТР ЗАКУПОК""";12.08.2026;14.08.2026;Определение поставщика отменено;;;20.08.2026;
44-ФЗ;№0335200014926002634;Открытый конкурс в электронной форме;Оказание услуг по организации питания воспитанников;;'262390404042939060100100080015629244;;;16077679.97;RUB;0;;;;;;"ГОСУДАРСТВЕННОЕ БЮДЖЕТНОЕ ОБЩЕОБРАЗОВАТЕЛЬНОЕ УЧРЕЖДЕНИЕ КАЛИНИНГРАДСКОЙ ОБЛАСТИ КАДЕТСКАЯ ШКОЛА-ИНТЕРНАТ ""АНДРЕЯ ПЕРВОЗВАННОГО КАДЕТСКИЙ МОРСКОЙ КОРПУС""";"ГОСУДАРСТВЕННОЕ КАЗЕННОЕ УЧРЕЖДЕНИЕ КАЛИНИНГРАДСКОЙ ОБЛАСТИ ""ЦЕНТР ОБЕСПЕЧЕНИЯ ОРГАНИЗАЦИИ И ПРОВЕДЕНИЯ ТОРГОВ""";31.07.2026;14.08.2026;Закупка завершена;;;13.08.2026;
44-ФЗ;№0128200000126004631;Электронный аукцион на проведение работ по строительству, реконструкции, кап. ремонту, сносу объекта кап. строительства в соответствии с п. 8 ч. 1 ст. 33 Закона № 44-ФЗ;Капитальный ремонт здания МБОУ СОШ №3 г. Петушки (внутренние ремонтные работы) завершение;;'263332103606833210100100200014120243;;;71336301.00;RUB;0;;;;;;"МУНИЦИПАЛЬНОЕ БЮДЖЕТНОЕ УЧРЕЖДЕНИЕ ""ЦЕНТР ПО РАЗВИТИЮ И СОДЕРЖАНИЮ ИНФРАСТРУКТУРЫ"" ПЕТУШИНСКОГО РАЙОНА ВЛАДИМИРСКОЙ ОБЛАСТИ";МИНИСТЕРСТВО ИМУЩЕСТВЕННЫХ И ЗЕМЕЛЬНЫХ ОТНОШЕНИЙ ВЛАДИМИРСКОЙ ОБЛАСТИ;06.08.2026;14.08.2026;Закупка завершена;;;14.08.2026;
44-ФЗ;№0813500000126015157;Запрос котировок в электронной форме;зз-0014-32542 - 2026 Система ультразвуковой визуализации универсальная, с питанием от сети;;'262183300285418400100111280010000244;;;6646382.45;RUB;0;;;;;;"БЮДЖЕТНОЕ УЧРЕЖДЕНИЕ ЗДРАВООХРАНЕНИЯ УДМУРТСКОЙ РЕСПУБЛИКИ ""ПЕРВАЯ РЕСПУБЛИКАНСКАЯ КЛИНИЧЕСКАЯ БОЛЬНИЦА МИНИСТЕРСТВА ЗДРАВООХРАНЕНИЯ УДМУРТСКОЙ РЕСПУБЛИКИ""";"ГОСУДАРСТВЕННОЕ КАЗЕННОЕ УЧРЕЖДЕНИЕ УДМУРТСКОЙ РЕСПУБЛИКИ ""РЕГИОНАЛЬНЫЙ ЦЕНТР ЗАКУПОК УДМУРТСКОЙ РЕСПУБЛИКИ""";05.08.2026;14.08.2026;Закупка завершена;;;12.08.2026;
44-ФЗ;№0348200049726000260;Открытый конкурс в электронной форме;Выполнение работ по круглогодичному содержанию автомобильных дорог регионального или межмуниципального значения Московской области и их элементов (Лот 54);;'262500000152550240100108590014211244;;;99900000.00;RUB;0;;;;;;"ГОСУДАРСТВЕННОЕ БЮДЖЕТНОЕ УЧРЕЖДЕНИЕ МОСКОВСКОЙ ОБЛАСТИ ""МОСАВТОДОР""";"ГОСУДАРСТВЕННОЕ БЮДЖЕТНОЕ УЧРЕЖДЕНИЕ МОСКОВСКОЙ ОБЛАСТИ ""МОСАВТОДОР""";29.07.2026;14.08.2026;Закупка завершена;;;14.08.2026;
44-ФЗ;№0128200000126004639;Электронный аукцион;"Поставка лекарственных препаратов для ЦАОП (МНН: Пембролизумаб) для нужд ГБУЗ ВО ""ЦРБ №3""";;'262330100089933010100104080012120244;;;24200000.00;RUB;0;;;;;;"ГОСУДАРСТВЕННОЕ БЮДЖЕТНОЕ УЧРЕЖДЕНИЕ ЗДРАВООХРАНЕНИЯ ВЛАДИМИРСКОЙ ОБЛАСТИ ""ЦЕНТРАЛЬНАЯ РАЙОННАЯ БОЛЬНИЦА № 3""";МИНИСТЕРСТВО ИМУЩЕСТВЕННЫХ И ЗЕМЕЛЬНЫХ ОТНОШЕНИЙ ВЛАДИМИРСКОЙ ОБЛАСТИ;05.08.2026;14.08.2026;Закупка завершена;;;14.08.2026;
44-ФЗ;№0103200008426006642;Электронный аукцион;Комплект для введения инсулина амбулаторный 1.2;;'262056204455005720100100580130000323;;;5199373.80;RUB;0;;;;;;МИНИСТЕРСТВО ЗДРАВООХРАНЕНИЯ РЕСПУБЛИКИ ДАГЕСТАН;КОМИТЕТ ПО ГОСУДАРСТВЕННЫМ ЗАКУПКАМ РЕСПУБЛИКИ ДАГЕСТАН;05.08.2026;14.08.2026;Закупка завершена;;;14.08.2026;
44-ФЗ;№0103200008426006643;Электронный аукцион;Комплект для введения инсулина амбулаторный 1.1;;'262056204455005720100100580160000323;;;5199373.80;RUB;0;;;;;;МИНИСТЕРСТВО ЗДРАВООХРАНЕНИЯ РЕСПУБЛИКИ ДАГЕСТАН;КОМИТЕТ ПО ГОСУДАРСТВЕННЫМ ЗАКУПКАМ РЕСПУБЛИКИ ДАГЕСТАН;05.08.2026;14.08.2026;Закупка завершена;;;14.08.2026;
44-ФЗ;№0103200008426006646;Электронный аукцион;Комплект для введения инсулина амбулаторный 1.3;;'262056204455005720100100580140000323;;;5199373.80;RUB;0;;;;;;МИНИСТЕРСТВО ЗДРАВООХРАНЕНИЯ РЕСПУБЛИКИ ДАГЕСТАН;КОМИТЕТ ПО ГОСУДАРСТВЕННЫМ ЗАКУПКАМ РЕСПУБЛИКИ ДАГЕСТАН;05.08.2026;14.08.2026;Закупка завершена;;;14.08.2026;
223-ФЗ;№32616294466;Иной способ;Оказание услуг профессиональной уборки внутренних нежилых помещений (клининговые услуги) и прилегающей территории;;;1;Оказание услуг профессиональной уборки внутренних нежилых помещений (клининговые услуги) и прилегающей территории;6753249.97;RUB;6753249.97;;;;81.10.10.000: Услуги по обслуживанию помещений комплексные;;МУНИЦИПАЛЬНОЕ АВТОНОМНОЕ ОБЩЕОБРАЗОВАТЕЛЬНОЕ УЧРЕЖДЕНИЕ СРЕДНЯЯ ОБЩЕОБРАЗОВАТЕЛЬНАЯ ШКОЛА №9 ГОРОДА ТЮМЕНИ С УГЛУБЛЕННЫМ ИЗУЧЕНИЕМ КРАЕВЕДЕНИЯ;МУНИЦИПАЛЬНОЕ АВТОНОМНОЕ ОБЩЕОБРАЗОВАТЕЛЬНОЕ УЧРЕЖДЕНИЕ СРЕДНЯЯ ОБЩЕОБРАЗОВАТЕЛЬНАЯ ШКОЛА №9 ГОРОДА ТЮМЕНИ С УГЛУБЛЕННЫМ ИЗУЧЕНИЕМ КРАЕВЕДЕНИЯ;14.08.2026;14.08.2026;Закупка завершена;;;;
223-ФЗ;№32616295103;Иной способ;Оказание услуг по техническому обслуживанию, безопасной эксплуатации и внеплановому текущему ремонту стационарного и подъемного оборудования вокзальных комплексов Московской региональной дирекции железнодорожных вокзалов – структурного подразделения Дирекции железнодорожных вокзалов – филиала ОАО «РЖД»;;;1;Оказание услуг по техническому обслуживанию, безопасной эксплуатации и внеплановому текущему ремонту стационарного и подъемного оборудования вокзальных комплексов Московской региональной дирекции железнодорожных вокзалов – структурного подразделения Дирекции железнодорожных вокзалов – филиала ОАО «РЖД»;36402681.42;RUB;36402681.42;;;;33.12.19.000: Услуги по ремонту и техническому обслуживанию прочего оборудования общего назначения, не включенного в другие группировки;;"ОБЩЕСТВО С ОГРАНИЧЕННОЙ ОТВЕТСТВЕННОСТЬЮ ""РТК""";"ОБЩЕСТВО С ОГРАНИЧЕННОЙ ОТВЕТСТВЕННОСТЬЮ ""РТК""";14.08.2026;14.08.2026;Закупка завершена;;;;
44-ФЗ;№0318300076126000089;Электронный аукцион;"Выполнение работ по устройству металлического ограждения территории в корпусе отдела общего образования, расположенного по адресу: Краснодарский край, федеральная территория ""Сириус"", ул. Полевая, 12";;'262231703392223780100100390014329244;;;28718486.00;RUB;0;;;;;;"ГОСУДАРСТВЕННОЕ АВТОНОМНОЕ ОБЩЕОБРАЗОВАТЕЛЬНОЕ УЧРЕЖДЕНИЕ ""МНОГОПРОФИЛЬНАЯ ГИМНАЗИЯ ФЕДЕРАЛЬНОЙ ТЕРРИТОРИИ ""СИРИУС""";"ГОСУДАРСТВЕННОЕ АВТОНОМНОЕ ОБЩЕОБРАЗОВАТЕЛЬНОЕ УЧРЕЖДЕНИЕ ""МНОГОПРОФИЛЬНАЯ ГИМНАЗИЯ ФЕДЕРАЛЬНОЙ ТЕРРИТОРИИ ""СИРИУС""";05.08.2026;14.08.2026;Закупка завершена;;;13.08.2026;
223-ФЗ;№32616295101;Иной способ;Оказание услуг по обработке съемного мягкого имущества (СМИ): прием, сортировка, стирка, сушка, глажение, упаковка в пакеты, выдача;;;1;Оказание услуг по обработке съемного мягкого имущества (СМИ): прием, сортировка, стирка, сушка, глажение, упаковка в пакеты, выдача;6000000.00;RUB;6000000.00;;;;96.01.19.139: Прочие услуги прачечных;;"ОБЩЕСТВО С ОГРАНИЧЕННОЙ ОТВЕТСТВЕННОСТЬЮ ""РТК""";"ОБЩЕСТВО С ОГРАНИЧЕННОЙ ОТВЕТСТВЕННОСТЬЮ ""РТК""";14.08.2026;14.08.2026;Закупка завершена;;;;
223-ФЗ;№32616295094;Иной способ;Оказание услуг по техническому обслуживанию, безопасной эксплуатации и внеплановому текущему ремонту стационарного и подъемного оборудования вокзальных комплексов Восточно-Сибирской региональной дирекции железнодорожных вокзалов – структурного подразделения Дирекции железнодорожных вокзалов – филиала ОАО «РЖД»;;;1;Оказание услуг по техническому обслуживанию, безопасной эксплуатации и внеплановому текущему ремонту стационарного и подъемного оборудования вокзальных комплексов Восточно-Сибирской региональной дирекции железнодорожных вокзалов – структурного подразделения Дирекции железнодорожных вокзалов – филиала ОАО «РЖД»;9201023.60;RUB;9201023.60;;;;33.12.19.000: Услуги по ремонту и техническому обслуживанию прочего оборудования общего назначения, не включенного в другие группировки;;"ОБЩЕСТВО С ОГРАНИЧЕННОЙ ОТВЕТСТВЕННОСТЬЮ ""РТК""";"ОБЩЕСТВО С ОГРАНИЧЕННОЙ ОТВЕТСТВЕННОСТЬЮ ""РТК""";14.08.2026;14.08.2026;Закупка завершена;;;;
44-ФЗ;№0373100013426000423;Запрос котировок в электронной форме;Поставка расходных материалов (50.129);;'261770401401077040100100013460000000;;;10000000.00;RUB;0;;;;;;"ФЕДЕРАЛЬНОЕ ГОСУДАРСТВЕННОЕ БЮДЖЕТНОЕ УЧРЕЖДЕНИЕ ""ФЕДЕРАЛЬНЫЙ НАУЧНО-КЛИНИЧЕСКИЙ ЦЕНТР ФИЗИКО-ХИМИЧЕСКОЙ МЕДИЦИНЫ ИМЕНИ АКАДЕМИКА Ю.М. ЛОПУХИНА ФЕДЕРАЛЬНОГО МЕДИКО-БИОЛОГИЧЕСКОГО АГЕНТСТВА""";"ФЕДЕРАЛЬНОЕ ГОСУДАРСТВЕННОЕ БЮДЖЕТНОЕ УЧРЕЖДЕНИЕ ""ФЕДЕРАЛЬНЫЙ НАУЧНО-КЛИНИЧЕСКИЙ ЦЕНТР ФИЗИКО-ХИМИЧЕСКОЙ МЕДИЦИНЫ ИМЕНИ АКАДЕМИКА Ю.М. ЛОПУХИНА ФЕДЕРАЛЬНОГО МЕДИКО-БИОЛОГИЧЕСКОГО АГЕНТСТВА""";29.07.2026;14.08.2026;Закупка завершена;;;05.08.2026;
44-ФЗ;№0118300003726000364;Электронный аукцион;Уличная декоративная конструкция;;'263230404040023040100101460012511244;;;9100000.00;RUB;0;;;;;;УПРАВЛЕНИЕ ЖИЛИЩНО-КОММУНАЛЬНОГО ХОЗЯЙСТВА АДМИНИСТРАЦИИ МУНИЦИПАЛЬНОГО ОБРАЗОВАНИЯ ГОРОД-КУРОРТ ГЕЛЕНДЖИК;АДМИНИСТРАЦИЯ МУНИЦИПАЛЬНОГО ОБРАЗОВАНИЯ ГОРОДСКОЙ ОКРУГ ГОРОД-КУРОРТ ГЕЛЕНДЖИК КРАСНОДАРСКОГО КРАЯ;06.08.2026;14.08.2026;Определение поставщика отменено;;;18.08.2026;
44-ФЗ;№0372200219626000304;Электронный аукцион;Поставка стойки эндоскопической;;'262780702175678070100105070012660244;;;23946577.30;RUB;0;;;;;;"САНКТ-ПЕТЕРБУРГСКОЕ ГОСУДАРСТВЕННОЕ БЮДЖЕТНОЕ УЧРЕЖДЕНИЕ ЗДРАВООХРАНЕНИЯ ""ДЕТСКИЙ ГОРОДСКОЙ МНОГОПРОФИЛЬНЫЙ КЛИНИЧЕСКИЙ СПЕЦИАЛИЗИРОВАННЫЙ ЦЕНТР ВЫСОКИХ МЕДИЦИНСКИХ ТЕХНОЛОГИЙ""";"САНКТ-ПЕТЕРБУРГСКОЕ ГОСУДАРСТВЕННОЕ КАЗЕННОЕ УЧРЕЖДЕНИЕ ""ДИРЕКЦИЯ ПО ЗАКУПКАМ КОМИТЕТА ПО ЗДРАВООХРАНЕНИЮ""";27.07.2026;14.08.2026;Закупка завершена;;;04.08.2026;
44-ФЗ;№0373100099826000009;Электронный аукцион;"Выполнение работ по текущему ремонту объекта ФГБОУ ВО ""РГУ им. А.Н. Косыгина""";;'261770500102077050100100160014339244;;;109898218.15;RUB;0;;;;;;"ФЕДЕРАЛЬНОЕ ГОСУДАРСТВЕННОЕ БЮДЖЕТНОЕ ОБРАЗОВАТЕЛЬНОЕ УЧРЕЖДЕНИЕ ВЫСШЕГО ОБРАЗОВАНИЯ ""РОССИЙСКИЙ ГОСУДАРСТВЕННЫЙ УНИВЕРСИТЕТ ИМ. А.Н. КОСЫГИНА (ТЕХНОЛОГИИ. ДИЗАЙН. ИСКУССТВО)""";"ФЕДЕРАЛЬНОЕ ГОСУДАРСТВЕННОЕ БЮДЖЕТНОЕ ОБРАЗОВАТЕЛЬНОЕ УЧРЕЖДЕНИЕ ВЫСШЕГО ОБРАЗОВАНИЯ ""РОССИЙСКИЙ ГОСУДАРСТВЕННЫЙ УНИВЕРСИТЕТ ИМ. А.Н. КОСЫГИНА (ТЕХНОЛОГИИ. ДИЗАЙН. ИСКУССТВО)""";05.08.2026;14.08.2026;Закупка завершена;;;13.08.2026;
44-ФЗ;№0132600032726000616;Электронный аукцион;Поставка продуктов питания (изделия хлебобулочные сдобные);;'263526237872052620100100760011071244;;;6599837.00;RUB;0;;;;;;"МУНИЦИПАЛЬНОЕ БЮДЖЕТНОЕ УЧРЕЖДЕНИЕ ""ДИРЕКЦИЯ ПО ОРГАНИЗАЦИИ ПИТАНИЯ""";Департамент экономического развития и инвестиций администрации города Нижнего Новгорода;06.08.2026;14.08.2026;Закупка завершена;;;14.08.2026;
44-ФЗ;№0163300029426000786;Открытый конкурс в электронной форме;Снос зданий, расположенных на территории бывшего Смоленского психоневрологического диспансера по адресу: г. Смоленск, ул. Войкова, д. 12;;'263673205520067320100100020014311244;;;8456970.00;RUB;0;;;;;;УПРАВЛЕНИЕ МУНИЦИПАЛЬНОГО СТРОИТЕЛЬСТВА АДМИНИСТРАЦИИ ГОРОДА СМОЛЕНСКА;АДМИНИСТРАЦИЯ ГОРОДА СМОЛЕНСКА;23.07.2026;14.08.2026;Закупка завершена;;;12.08.2026;
44-ФЗ;№0145200000426001195;Электронный аукцион;Поставка медицинского оборудования (машина моюще-дезинфицирующая многофункциональная) для ГБУЗ ЛОКБ в 2026 году;;'262470000125447060100106740013250244;;;23360000.00;RUB;0;;;;;;ГОСУДАРСТВЕННОЕ БЮДЖЕТНОЕ УЧРЕЖДЕНИЕ ЗДРАВООХРАНЕНИЯ ЛЕНИНГРАДСКАЯ ОБЛАСТНАЯ КЛИНИЧЕСКАЯ БОЛЬНИЦА;КОМИТЕТ ГОСУДАРСТВЕННОГО ЗАКАЗА ЛЕНИНГРАДСКОЙ ОБЛАСТИ;03.08.2026;14.08.2026;Закупка завершена;;;12.08.2026;
44-ФЗ;№0818500000826005044;Открытый конкурс в электронной форме;Оказание услуг по сопровождению и техническому обслуживанию региональной мультисервисной сети органов государственной власти Краснодарского края;;'262230828240023090100101290016202244;;;150940789.89;RUB;0;;;;;;"ГОСУДАРСТВЕННОЕ КАЗЕННОЕ УЧРЕЖДЕНИЕ КРАСНОДАРСКОГО КРАЯ ""ЦИФРОВАЯ КУБАНЬ""";"ГОСУДАРСТВЕННОЕ КАЗЕННОЕ УЧРЕЖДЕНИЕ КРАСНОДАРСКОГО КРАЯ ""ДИРЕКЦИЯ ГОСУДАРСТВЕННЫХ ЗАКУПОК""";28.07.2026;14.08.2026;Закупка завершена;;;13.08.2026;
44-ФЗ;№0818500000826004585;Электронный аукцион;Поставка медицинских изделий (Нить хирургическая из полиолефина, мононить);;'262231104008823110100113550012120244;;;6672279.48;RUB;0;;;;;;"ГОСУДАРСТВЕННОЕ БЮДЖЕТНОЕ УЧРЕЖДЕНИЕ ЗДРАВООХРАНЕНИЯ ""НАУЧНО-ИССЛЕДОВАТЕЛЬСКИЙ ИНСТИТУТ - КРАЕВАЯ КЛИНИЧЕСКАЯ БОЛЬНИЦА № 1 ИМЕНИ ПРОФЕССОРА С.В.ОЧАПОВСКОГО"" МИНИСТЕРСТВА ЗДРАВООХРАНЕНИЯ КРАСНОДАРСКОГО КРАЯ";"ГОСУДАРСТВЕННОЕ КАЗЕННОЕ УЧРЕЖДЕНИЕ КРАСНОДАРСКОГО КРАЯ ""ДИРЕКЦИЯ ГОСУДАРСТВЕННЫХ ЗАКУПОК""";10.07.2026;14.08.2026;Закупка завершена;;;21.07.2026;
44-ФЗ;№0818500000826005200;Электронный аукцион;Поставка медицинских изделий для in vitro диагностики;;'262230910215323090100100150690000244;;;5253349.27;RUB;0;;;;;;"ГОСУДАРСТВЕННОЕ БЮДЖЕТНОЕ УЧРЕЖДЕНИЕ ЗДРАВООХРАНЕНИЯ ""КЛИНИЧЕСКИЙ ОНКОЛОГИЧЕСКИЙ ДИСПАНСЕР № 1"" МИНИСТЕРСТВА ЗДРАВООХРАНЕНИЯ КРАСНОДАРСКОГО КРАЯ";"ГОСУДАРСТВЕННОЕ КАЗЕННОЕ УЧРЕЖДЕНИЕ КРАСНОДАРСКОГО КРАЯ ""ДИРЕКЦИЯ ГОСУДАРСТВЕННЫХ ЗАКУПОК""";05.08.2026;14.08.2026;Закупка завершена;;;13.08.2026;
44-ФЗ;№0818500000826005187;Электронный аукцион;Оказание услуг по передаче (продлению) неисключительных (лицензионных) прав на использование антивирусного программного обеспечения Kaspersky;;'262230828240023090100101250026201244;;;12865000.00;RUB;0;;;;;;"ГОСУДАРСТВЕННОЕ КАЗЕННОЕ УЧРЕЖДЕНИЕ КРАСНОДАРСКОГО КРАЯ ""ЦИФРОВАЯ КУБАНЬ""";"ГОСУДАРСТВЕННОЕ КАЗЕННОЕ УЧРЕЖДЕНИЕ КРАСНОДАРСКОГО КРАЯ ""ДИРЕКЦИЯ ГОСУДАРСТВЕННЫХ ЗАКУПОК""";04.08.2026;14.08.2026;Закупка завершена;;;12.08.2026;
44-ФЗ;№0335200014926002749;Электронный аукцион;Поставка учебного оборудования (Типовой комплект учебного оборудования «Автоматизированная система управления технологического процесса»);;'262391100115639110100100280010000244;;;6825300.00;RUB;0;;;;;;"ГОСУДАРСТВЕННОЕ БЮДЖЕТНОЕ УЧРЕЖДЕНИЕ КАЛИНИНГРАДСКОЙ ОБЛАСТИ  ПРОФЕССИОНАЛЬНАЯ ОБРАЗОВАТЕЛЬНАЯ ОРГАНИЗАЦИЯ  ""ТЕХНОЛОГИЧЕСКИЙ КОЛЛЕДЖ""";"ГОСУДАРСТВЕННОЕ КАЗЕННОЕ УЧРЕЖДЕНИЕ КАЛИНИНГРАДСКОЙ ОБЛАСТИ ""ЦЕНТР ОБЕСПЕЧЕНИЯ ОРГАНИЗАЦИИ И ПРОВЕДЕНИЯ ТОРГОВ""";05.08.2026;14.08.2026;Закупка завершена;;;13.08.2026;
44-ФЗ;№0373200597926000054;Открытый конкурс в электронной форме на проведение работ по строительству, реконструкции, кап. ремонту, сносу объекта кап. строительства в соответствии с п. 8 ч. 1 ст. 33 Закона № 44-ФЗ;Выполнение ремонтных работ системы электроснабжения в ГБУЗ «ДС № 27 ДЗМ» по адресу: Московская обл., г. Раменское, пгт. Ильинский, ул. Октябрьская, д.14;;'262770407612977060100101620010000243;;;13946839.26;RUB;0;;;;;;"ГОСУДАРСТВЕННОЕ БЮДЖЕТНОЕ УЧРЕЖДЕНИЕ ГОРОДА МОСКВЫ ""ДИРЕКЦИЯ РАЗВИТИЯ ОБЪЕКТОВ ЗДРАВООХРАНЕНИЯ ГОРОДА МОСКВЫ""";"ГОСУДАРСТВЕННОЕ БЮДЖЕТНОЕ УЧРЕЖДЕНИЕ ГОРОДА МОСКВЫ ""ДИРЕКЦИЯ РАЗВИТИЯ ОБЪЕКТОВ ЗДРАВООХРАНЕНИЯ ГОРОДА МОСКВЫ""";27.07.2026;14.08.2026;Закупка завершена;;;12.08.2026;
44-ФЗ;№0171200001926003440;Электронный аукцион;Поставка медицинских изделий (Система рентгеновской компьютерной томографии всего тела), ввод в эксплуатацию медицинских изделий, обучение правилам эксплуатации специалистов, эксплуатирующих медицинские изделия;;'263762700392776270100100320022660244;;;45819019.53;RUB;0;;;;;;ГОСУДАРСТВЕННОЕ УЧРЕЖДЕНИЕ ЗДРАВООХРАНЕНИЯ ЯРОСЛАВСКОЙ ОБЛАСТИ ЯРОСЛАВСКАЯ ЦЕНТРАЛЬНАЯ РАЙОННАЯ БОЛЬНИЦА;МИНИСТЕРСТВО КОНКУРЕНТНОЙ ПОЛИТИКИ ЯРОСЛАВСКОЙ ОБЛАСТИ;04.08.2026;14.08.2026;Закупка завершена;;;12.08.2026;
44-ФЗ;№0103200008426005854;Электронный аукцион;Поставка, сборка и монтаж быстровозводимой сборно-разборной конструкции поликлиники ГБУ РД «Ахвахская ЦРБ»;;'262057203266605720100100230010000244;;;140963030.30;RUB;0;;;;;;"ГОСУДАРСТВЕННОЕ КАЗЕННОЕ УЧРЕЖДЕНИЕ РЕСПУБЛИКИ ДАГЕСТАН ""ДИРЕКЦИЯ РАЗВИТИЯ СЕТИ ОБЪЕКТОВ ЗДРАВОХРАНЕНИЯ РЕСПУБЛИКИ ДАГЕСТАН""";КОМИТЕТ ПО ГОСУДАРСТВЕННЫМ ЗАКУПКАМ РЕСПУБЛИКИ ДАГЕСТАН;03.07.2026;14.08.2026;Закупка завершена;;;13.07.2026;
44-ФЗ;№0815500000526010459;Электронный аукцион;Поставка и монтаж мебели для строящейся Комсомольской СОШ № 2;;'263210800107421080100100720010000414;;;11695275.00;RUB;0;;;;;;ОТДЕЛ ОБРАЗОВАНИЯ АДМИНИСТРАЦИИ КОМСОМОЛЬСКОГО МУНИЦИПАЛЬНОГО ОКРУГА ЧУВАШСКОЙ РЕСПУБЛИКИ;"КАЗЕННОЕ УЧРЕЖДЕНИЕ ЧУВАШСКОЙ РЕСПУБЛИКИ ""РЕГИОНАЛЬНЫЙ ЦЕНТР ЗАКУПОК ЧУВАШСКОЙ РЕСПУБЛИКИ""";31.07.2026;14.08.2026;Закупка завершена;;;12.08.2026;
44-ФЗ;№0111300095226000070;Электронный аукцион;Комплексное развитие сельских территорий в Зеленодольском муниципальном районе;;263164801795116480100100050014299244, 263164801796916480100100070014299244, 263164801801716480100100070014299244, 263164801789516480100100030014299244, 263164801809516480100100100014299244, 263164801803116480100100100014299244, 263164801822516480100110030014299244, 263164801808816480100100090014299244, 263164801790516480100100120014299244, 263164801794416480100100030014299244;;;11824445.10;RUB;0;;;;;;;ИСПОЛНИТЕЛЬНЫЙ КОМИТЕТ ЗЕЛЕНОДОЛЬСКОГО МУНИЦИПАЛЬНОГО РАЙОНА;06.08.2026;14.08.2026;Закупка завершена;;;14.08.2026;
44-ФЗ;№0172200002526000479;Электронный аукцион;Выполнение работ по ликвидации несанкционированной свалки отходов  по адресу: г. Кронштадт, Южная Кронштадтская дорога, д.16 (карточка НСО № 1988);;'262781800390378430100100910010000244;;;68885090.26;RUB;0;;;;;;АДМИНИСТРАЦИЯ  КРОНШТАДТСКОГО  РАЙОНА   САНКТ-ПЕТЕРБУРГА;КОМИТЕТ ПО ГОСУДАРСТВЕННОМУ ЗАКАЗУ САНКТ-ПЕТЕРБУРГА;04.08.2026;14.08.2026;Закупка завершена;;;12.08.2026;
44-ФЗ;№0155500000626000410;Электронный аукцион;Поставка лекарственного препарата для медицинского применения МНН Селперкатиниб;;'262583501398658350100104010012120323;;;14732292.96;RUB;0;;;;;;"ГОСУДАРСТВЕННОЕ БЮДЖЕТНОЕ УЧРЕЖДЕНИЕ ЗДРАВООХРАНЕНИЯ ""ОБЛАСТНОЙ ОНКОЛОГИЧЕСКИЙ КЛИНИЧЕСКИЙ ДИСПАНСЕР""";МИНИСТЕРСТВО ПО ТАРИФНОМУ РЕГУЛИРОВАНИЮ И ГОСУДАРСТВЕННЫМ ЗАКУПКАМ ПЕНЗЕНСКОЙ ОБЛАСТИ;05.08.2026;14.08.2026;Закупка завершена;;;14.08.2026;
44-ФЗ;№0373200087826001581;Открытый конкурс в электронной форме;Оказание услуг по выполнению функций младшего медицинского персонала по адресу: г. Москва, п. Сосенское, п. Коммунарка, ул. Сосенский стан, д. 8;;'262771609955477510100115230010000244;;;27918181.44;RUB;0;;;;;;"ГОСУДАРСТВЕННОЕ БЮДЖЕТНОЕ УЧРЕЖДЕНИЕ ЗДРАВООХРАНЕНИЯ ГОРОДА МОСКВЫ ""МОСКОВСКИЙ МНОГОПРОФИЛЬНЫЙ КЛИНИЧЕСКИЙ ЦЕНТР ""КОММУНАРКА"" ДЕПАРТАМЕНТА ЗДРАВООХРАНЕНИЯ ГОРОДА МОСКВЫ""";"ГОСУДАРСТВЕННОЕ БЮДЖЕТНОЕ УЧРЕЖДЕНИЕ ЗДРАВООХРАНЕНИЯ ГОРОДА МОСКВЫ ""МОСКОВСКИЙ МНОГОПРОФИЛЬНЫЙ КЛИНИЧЕСКИЙ ЦЕНТР ""КОММУНАРКА"" ДЕПАРТАМЕНТА ЗДРАВООХРАНЕНИЯ ГОРОДА МОСКВЫ""";29.07.2026;14.08.2026;Закупка завершена;;;14.08.2026;
44-ФЗ;№0373200087826001611;Запрос котировок в электронной форме;Поставка игл для подкожных инъекций/инфузий через порт для нужд ГБУЗ «ММКЦ «Коммунарка» ДЗМ»;;'262771609955477510100117000010000244;;;9984648.00;RUB;0;;;;;;"ГОСУДАРСТВЕННОЕ БЮДЖЕТНОЕ УЧРЕЖДЕНИЕ ЗДРАВООХРАНЕНИЯ ГОРОДА МОСКВЫ ""МОСКОВСКИЙ МНОГОПРОФИЛЬНЫЙ КЛИНИЧЕСКИЙ ЦЕНТР ""КОММУНАРКА"" ДЕПАРТАМЕНТА ЗДРАВООХРАНЕНИЯ ГОРОДА МОСКВЫ""";"ГОСУДАРСТВЕННОЕ БЮДЖЕТНОЕ УЧРЕЖДЕНИЕ ЗДРАВООХРАНЕНИЯ ГОРОДА МОСКВЫ ""МОСКОВСКИЙ МНОГОПРОФИЛЬНЫЙ КЛИНИЧЕСКИЙ ЦЕНТР ""КОММУНАРКА"" ДЕПАРТАМЕНТА ЗДРАВООХРАНЕНИЯ ГОРОДА МОСКВЫ""";06.08.2026;14.08.2026;Закупка завершена;;;13.08.2026;
44-ФЗ;№0859200001126009226;Открытый конкурс в электронной форме;Выполнение подрядных работ по содержанию автомобильных дорог общего пользования регионального или межмуниципального значения и искусственных сооружений на них в Рязанской области – содержание искусственного сооружения - деревянно-балочного моста через р. Солотча на автомобильной дороге Криуша - Шехмино в Рыбновском муниципальном округе Рязанской области (левый мост);;'262623417975662340100100560014211244;;;8982188.49;RUB;0;;;;;;"ГОСУДАРСТВЕННОЕ КАЗЕННОЕ УЧРЕЖДЕНИЕ РЯЗАНСКОЙ ОБЛАСТИ ""ДИРЕКЦИЯ ДОРОГ РЯЗАНСКОЙ ОБЛАСТИ""";"ГОСУДАРСТВЕННОЕ КАЗЕННОЕ УЧРЕЖДЕНИЕ РЯЗАНСКОЙ ОБЛАСТИ ""ЦЕНТР ЗАКУПОК РЯЗАНСКОЙ ОБЛАСТИ""";27.07.2026;14.08.2026;Закупка завершена;;;12.08.2026;
44-ФЗ;№0160300003626000379;Открытый конкурс в электронной форме;выполнение работ по ремонту тротуаров и автомобильных дорог, расположенных на территории г. Энгельса Энгельсского муниципального района Саратовской области;;'263644902091064490100100020064211244;;;24149450.10;RUB;0;;;;;;КОМИТЕТ ЖИЛИЩНО-КОММУНАЛЬНОГО ХОЗЯЙСТВА, ТОПЛИВНО-ЭНЕРГЕТИЧЕСКОГО КОМПЛЕКСА, ТРАНСПОРТА И СВЯЗИ АДМИНИСТРАЦИИ ЭНГЕЛЬССКОГО МУНИЦИПАЛЬНОГО РАЙОНА;АДМИНИСТРАЦИЯ ЭНГЕЛЬССКОГО МУНИЦИПАЛЬНОГО РАЙОНА;28.07.2026;14.08.2026;Закупка завершена;;;13.08.2026;
44-ФЗ;№0155500000626000418;Электронный аукцион;Поставка наборов реагентов для подготовки цитологических микропрепаратов в 2026 году (лот 1);;'262583620069058360100103160010000244;;;7088029.30;RUB;0;;;;;;"ГОСУДАРСТВЕННОЕ БЮДЖЕТНОЕ УЧРЕЖДЕНИЕ ЗДРАВООХРАНЕНИЯ ""ГОРОДСКАЯ ПОЛИКЛИНИКА""";МИНИСТЕРСТВО ПО ТАРИФНОМУ РЕГУЛИРОВАНИЮ И ГОСУДАРСТВЕННЫМ ЗАКУПКАМ ПЕНЗЕНСКОЙ ОБЛАСТИ;06.08.2026;14.08.2026;Закупка завершена;;;14.08.2026;
44-ФЗ;№0167200003426006304;Электронный аукцион;поставка медицинского изделия: держатель электрода электрохирургический, одноразового использования;;'262720311621172030100105530013250244;;;6944796.00;RUB;0;;;;;;"ГОСУДАРСТВЕННОЕ БЮДЖЕТНОЕ УЧРЕЖДЕНИЕ ЗДРАВООХРАНЕНИЯ ТЮМЕНСКОЙ ОБЛАСТИ ""ОБЛАСТНАЯ КЛИНИЧЕСКАЯ БОЛЬНИЦА №2""";УПРАВЛЕНИЕ ГОСУДАРСТВЕННЫХ ЗАКУПОК ТЮМЕНСКОЙ ОБЛАСТИ;03.08.2026;14.08.2026;Закупка завершена;;;12.08.2026;
44-ФЗ;№0155500000626000424;Запрос котировок в электронной форме;Оказание услуг по развитию государственной информационной системы в сфере здравоохранения Пензенской области в части расширения функциональных возможностей;;'262583620069058360100103140010000246;;;9454231.43;RUB;0;;;;;;"ГОСУДАРСТВЕННОЕ БЮДЖЕТНОЕ УЧРЕЖДЕНИЕ ЗДРАВООХРАНЕНИЯ ""ГОРОДСКАЯ ПОЛИКЛИНИКА""";МИНИСТЕРСТВО ПО ТАРИФНОМУ РЕГУЛИРОВАНИЮ И ГОСУДАРСТВЕННЫМ ЗАКУПКАМ ПЕНЗЕНСКОЙ ОБЛАСТИ;07.08.2026;14.08.2026;Закупка завершена;;;14.08.2026;
44-ФЗ;№0155500000626000412;Запрос котировок в электронной форме;Оказание услуг по развитию государственной информационной  системы в сфере здравоохранения Пензенской области  (подсистемы«Взаимодействие с государственным мессенджером» на базе цифровой платформы «MAX»);;'262583100289558310100101040010000246;;;5893043.48;RUB;0;;;;;;"ГОСУДАРСТВЕННОЕ БЮДЖЕТНОЕ УЧРЕЖДЕНИЕ ЗДРАВООХРАНЕНИЯ ""СОСНОВОБОРСКАЯ УЧАСТКОВАЯ БОЛЬНИЦА""";МИНИСТЕРСТВО ПО ТАРИФНОМУ РЕГУЛИРОВАНИЮ И ГОСУДАРСТВЕННЫМ ЗАКУПКАМ ПЕНЗЕНСКОЙ ОБЛАСТИ;05.08.2026;14.08.2026;Закупка завершена;;;14.08.2026;
44-ФЗ;№0818500000826005230;Электронный аукцион;Поставка медицинских изделий (катетер для консоли внутрисердечной криоабляции);;'262231104008823110100116000013250244;;;8910000.00;RUB;0;;;;;;"ГОСУДАРСТВЕННОЕ БЮДЖЕТНОЕ УЧРЕЖДЕНИЕ ЗДРАВООХРАНЕНИЯ ""НАУЧНО-ИССЛЕДОВАТЕЛЬСКИЙ ИНСТИТУТ - КРАЕВАЯ КЛИНИЧЕСКАЯ БОЛЬНИЦА № 1 ИМЕНИ ПРОФЕССОРА С.В.ОЧАПОВСКОГО"" МИНИСТЕРСТВА ЗДРАВООХРАНЕНИЯ КРАСНОДАРСКОГО КРАЯ";"ГОСУДАРСТВЕННОЕ КАЗЕННОЕ УЧРЕЖДЕНИЕ КРАСНОДАРСКОГО КРАЯ ""ДИРЕКЦИЯ ГОСУДАРСТВЕННЫХ ЗАКУПОК""";05.08.2026;14.08.2026;Закупка завершена;;;13.08.2026;
44-ФЗ;№0809500000326002910;Открытый конкурс в электронной форме на проведение работ по строительству, реконструкции, кап. ремонту, сносу объекта кап. строительства в соответствии с п. 8 ч. 1 ст. 33 Закона № 44-ФЗ;"капитальный ремонт объекта: Автомобильная дорога ""г. Ковылкино - г. Краснослободск - с. Ельники - с. Первомайск"" - с. Кользиваново на участке км 2+948 - км 3+048 в Краснослободском муниципальном районе Республики Мордовия";;'262132620854213260100100710014211243;;;36439868.95;RUB;0;;;;;;"ГОСУДАРСТВЕННОЕ КАЗЕННОЕ УЧРЕЖДЕНИЕ ""УПРАВЛЕНИЕ АВТОМОБИЛЬНЫХ ДОРОГ РЕСПУБЛИКИ МОРДОВИЯ""";"ГОСУДАРСТВЕННОЕ КАЗЕННОЕ УЧРЕЖДЕНИЕ РЕСПУБЛИКИ МОРДОВИЯ ""РЕГИОНАЛЬНЫЙ ЦЕНТР ОРГАНИЗАЦИИ ЗАКУПОК""";29.07.2026;14.08.2026;Закупка завершена;;;14.08.2026;
223-ФЗ;№32616294647;Иной способ;Организация и проведение конкурентных закупок и закупок у единственного поставщика в соответствии с законодательством Российской Федерации и локальными  нормативными документами (актами) Заказчика;;;1;Организация и проведение конкурентных закупок и закупок у единственного поставщика в соответствии с законодательством РФ и локальными нормативными документами (актами) Заказчика;6134000.00;RUB;6134000.00;;;;70.22: Услуги консультативные в области управления предприятием;;"АКЦИОНЕРНОЕ ОБЩЕСТВО ""УЛЬЯНОВСКЭНЕРГО""";"АКЦИОНЕРНОЕ ОБЩЕСТВО ""УЛЬЯНОВСКЭНЕРГО""";14.08.2026;14.08.2026;Закупка завершена;;;;
44-ФЗ;№0372200121126000028;Открытый конкурс в электронной форме;"Оказание услуг по организации питания обучающихся в СПб ГБ ПОУ ""Малоохтинский колледж"" в 2026-2027 гг.";;'262780602683278060100100380015629244;;;22335066.00;RUB;0;;;;;;"САНКТ-ПЕТЕРБУРГСКОЕ ГОСУДАРСТВЕННОЕ БЮДЖЕТНОЕ ПРОФЕССИОНАЛЬНОЕ ОБРАЗОВАТЕЛЬНОЕ УЧРЕЖДЕНИЕ ""МАЛООХТИНСКИЙ КОЛЛЕДЖ""";"САНКТ-ПЕТЕРБУРГСКОЕ ГОСУДАРСТВЕННОЕ БЮДЖЕТНОЕ ПРОФЕССИОНАЛЬНОЕ ОБРАЗОВАТЕЛЬНОЕ УЧРЕЖДЕНИЕ ""МАЛООХТИНСКИЙ КОЛЛЕДЖ""";29.07.2026;14.08.2026;Закупка завершена;;;14.08.2026;
44-ФЗ;№0830500000226002158;Электронный аукцион;Поставка электрокардиостимулятора имплантируемого однокамерного, частотно-адаптивного;;'262352502347635250100100081350000244;;;13571966.50;RUB;0;;;;;;"БЮДЖЕТНОЕ УЧРЕЖДЕНИЕ ЗДРАВООХРАНЕНИЯ ВОЛОГОДСКОЙ ОБЛАСТИ ""ВОЛОГОДСКАЯ ОБЛАСТНАЯ КЛИНИЧЕСКАЯ БОЛЬНИЦА""";"ГОСУДАРСТВЕННОЕ КАЗЕННОЕ УЧРЕЖДЕНИЕ ВОЛОГОДСКОЙ ОБЛАСТИ ""ЦЕНТР ЗАКУПОК""";03.08.2026;14.08.2026;Закупка завершена;;;12.08.2026;
44-ФЗ;№2400500000326001118;Запрос котировок в электронной форме;Закупка лекарственного препарата для медицинского применения (МНН: АПИКСАБАН) для обеспечения отдельных категорий граждан, постоянно проживающих на территории Владимирской области, при оказании амбулаторно-поликлинической помощи в целях их социального обеспечения в соответствии с Законом Владимирской области от 02.10.2007 № 120-ОЗ «О социальной поддержке и социальном обслуживании отдельных категорий граждан во Владимирской области» в 2027 году.;;'262332500810333250100113640012120323;;;5228800.00;RUB;0;;;;;;"ГОСУДАРСТВЕННОЕ КАЗЕННОЕ УЧРЕЖДЕНИЕ ЗДРАВООХРАНЕНИЯ ВЛАДИМИРСКОЙ ОБЛАСТИ ""ЦЕНТР ПО ОСУЩЕСТВЛЕНИЮ ЗАКУПОК ТОВАРОВ, РАБОТ И УСЛУГ В СФЕРЕ ЗДРАВООХРАНЕНИЯ ВЛАДИМИРСКОЙ ОБЛАСТИ""";"ГОСУДАРСТВЕННОЕ КАЗЕННОЕ УЧРЕЖДЕНИЕ ЗДРАВООХРАНЕНИЯ ВЛАДИМИРСКОЙ ОБЛАСТИ ""ЦЕНТР ПО ОСУЩЕСТВЛЕНИЮ ЗАКУПОК ТОВАРОВ, РАБОТ И УСЛУГ В СФЕРЕ ЗДРАВООХРАНЕНИЯ ВЛАДИМИРСКОЙ ОБЛАСТИ""";24.07.2026;14.08.2026;Закупка завершена;;;31.07.2026;
44-ФЗ;№0830500000226002159;Электронный аукцион;Поставка электрокардиостимулятора имплантируемого двухкамерного, частотно-адаптивного, МРТ совместимого;;'262352502347635250100100081420000244;;;7222950.00;RUB;0;;;;;;"БЮДЖЕТНОЕ УЧРЕЖДЕНИЕ ЗДРАВООХРАНЕНИЯ ВОЛОГОДСКОЙ ОБЛАСТИ ""ВОЛОГОДСКАЯ ОБЛАСТНАЯ КЛИНИЧЕСКАЯ БОЛЬНИЦА""";"ГОСУДАРСТВЕННОЕ КАЗЕННОЕ УЧРЕЖДЕНИЕ ВОЛОГОДСКОЙ ОБЛАСТИ ""ЦЕНТР ЗАКУПОК""";03.08.2026;14.08.2026;Закупка завершена;;;12.08.2026;
44-ФЗ;№0848300051526000077;Открытый конкурс в электронной форме;"Оказание услуг по организации гарантированного питания в МБОУ ""Шаховская школа-интернат"" на 2026-2027 учебный год";;'263507900663450790100100220015629244;;;12468335.00;RUB;0;;;;;;"МУНИЦИПАЛЬНОЕ БЮДЖЕТНОЕ ОБЩЕОБРАЗОВАТЕЛЬНОЕ УЧРЕЖДЕНИЕ ""ШАХОВСКАЯ ШКОЛА-ИНТЕРНАТ ДЛЯ ОБУЧАЮЩИХСЯ С ОГРАНИЧЕННЫМИ ВОЗМОЖНОСТЯМИ ЗДОРОВЬЯ""";"МУНИЦИПАЛЬНОЕ КАЗЕННОЕ УЧРЕЖДЕНИЕ МУНИЦИПАЛЬНОГО ОКРУГА ШАХОВСКАЯ ""ЦЕНТР МУНИЦИПАЛЬНЫХ ЗАКУПОК""";29.07.2026;14.08.2026;Закупка завершена;;;14.08.2026;
44-ФЗ;№0830500000226002144;Электронный аукцион;Поставка Стентов для коронарных артерий, выделяющих лекарственное средство и расходных материалов для них;;'262352803695635280100100150690000244;;;48000000.00;RUB;0;;;;;;"БЮДЖЕТНОЕ УЧРЕЖДЕНИЕ ЗДРАВООХРАНЕНИЯ ВОЛОГОДСКОЙ ОБЛАСТИ ""ВОЛОГОДСКАЯ ОБЛАСТНАЯ БОЛЬНИЦА № 3""";"ГОСУДАРСТВЕННОЕ КАЗЕННОЕ УЧРЕЖДЕНИЕ ВОЛОГОДСКОЙ ОБЛАСТИ ""ЦЕНТР ЗАКУПОК""";31.07.2026;14.08.2026;Закупка завершена;;;12.08.2026;
44-ФЗ;№0873400003926000660;Электронный аукцион;Поставка лекарственного препарата Фактор свертывания крови IX, лиофилизат для приготовления раствора для внутривенного введения и/или инфузий, 500 – 600 МЕ в рамках реализации постановления Правительства Российской Федерации от 26.11.2018 № 1416 «О порядке организации обеспечения лекарственными препаратами лиц, больных гемофилией, муковисцидозом, гипофизарным нанизмом, болезнью Гоше, злокачественными новообразованиями лимфоидной, кроветворной и родственных им тканей, рассеянным склерозом, гемолитико-уремическим синдромом, юношеским артритом с системным началом, мукополисахаридозом I, II и VI типов, апластической анемией неуточненной, наследственным дефицитом факторов II (фибриногена), VII (лабильного), X (Стюарта - Прауэра), лиц после трансплантации органов и (или) тканей, а также о признании утратившими силу некоторых актов Правительства Российской Федерации»;;'261970515020277050100100371500000244;;;272682072.00;RUB;0;;;;;;"ФЕДЕРАЛЬНОЕ КАЗЕННОЕ УЧРЕЖДЕНИЕ ""ФЕДЕРАЛЬНЫЙ ЦЕНТР ПЛАНИРОВАНИЯ И ОРГАНИЗАЦИИ ЛЕКАРСТВЕННОГО ОБЕСПЕЧЕНИЯ ГРАЖДАН"" МИНИСТЕРСТВА ЗДРАВООХРАНЕНИЯ РОССИЙСКОЙ ФЕДЕРАЦИИ";"ФЕДЕРАЛЬНОЕ КАЗЕННОЕ УЧРЕЖДЕНИЕ ""ФЕДЕРАЛЬНЫЙ ЦЕНТР ПЛАНИРОВАНИЯ И ОРГАНИЗАЦИИ ЛЕКАРСТВЕННОГО ОБЕСПЕЧЕНИЯ ГРАЖДАН"" МИНИСТЕРСТВА ЗДРАВООХРАНЕНИЯ РОССИЙСКОЙ ФЕДЕРАЦИИ";06.08.2026;14.08.2026;Закупка завершена;;;14.08.2026;
44-ФЗ;№0373100067226000019;Запрос котировок в электронной форме;Лабораторный каскад  экстракторов центробежного типа с обвязкой;;'261772500970177250100100250012829244;;;5083333.33;RUB;0;;;;;;ФЕДЕРАЛЬНОЕ ГОСУДАРСТВЕННОЕ БЮДЖЕТНОЕ УЧРЕЖДЕНИЕ НАУКИ ИНСТИТУТ ОБЩЕЙ И НЕОРГАНИЧЕСКОЙ ХИМИИ ИМ. Н.С. КУРНАКОВА РОССИЙСКОЙ АКАДЕМИИ НАУК;ФЕДЕРАЛЬНОЕ ГОСУДАРСТВЕННОЕ БЮДЖЕТНОЕ УЧРЕЖДЕНИЕ НАУКИ ИНСТИТУТ ОБЩЕЙ И НЕОРГАНИЧЕСКОЙ ХИМИИ ИМ. Н.С. КУРНАКОВА РОССИЙСКОЙ АКАДЕМИИ НАУК;07.08.2026;14.08.2026;Закупка завершена;;;14.08.2026;
44-ФЗ;№0172200002526000485;Электронный аукцион;Оказание услуг по выполнению функций младшего медицинского персонала и транспортировке (уход за тяжелобольными и лежачими пациентами);;'262781605809378160100103040018690244;;;64269282.00;RUB;0;;;;;;"ГОСУДАРСТВЕННОЕ БЮДЖЕТНОЕ УЧРЕЖДЕНИЕ ""САНКТ-ПЕТЕРБУРГСКИЙ НАУЧНО-ИССЛЕДОВАТЕЛЬСКИЙ ИНСТИТУТ СКОРОЙ ПОМОЩИ ИМЕНИ  И.И. ДЖАНЕЛИДЗЕ""";КОМИТЕТ ПО ГОСУДАРСТВЕННОМУ ЗАКАЗУ САНКТ-ПЕТЕРБУРГА;06.08.2026;14.08.2026;Закупка завершена;;;14.08.2026;
44-ФЗ;№0848300062226000822;Открытый конкурс в электронной форме;Оказание услуг по организации гарантированного питания для обучающихся отдельных категорий в муниципальных образовательных организациях Городского округа Подольск Московской области в 2026 году (лот 1);;'263503615477250360100100290015629244;;;49422169.10;RUB;0;;;;;;КОМИТЕТ ПО ОБРАЗОВАНИЮ АДМИНИСТРАЦИИ ГОРОДСКОГО ОКРУГА ПОДОЛЬСК;"МУНИЦИПАЛЬНОЕ КАЗЕННОЕ УЧРЕЖДЕНИЕ ""ЦЕНТР ТОРГОВ""";29.07.2026;14.08.2026;Закупка завершена;;;14.08.2026;
44-ФЗ;№0372200288626000008;Открытый конкурс в электронной форме;Оказание охранных услуг;;'262781360277378130100100110018010244;;;15327360.72;RUB;0;;;;;;"САНКТ-ПЕТЕРБУРГСКОЕ ГОСУДАРСТВЕННОЕ БЮДЖЕТНОЕ УЧРЕЖДЕНИЕ ДОПОЛНИТЕЛЬНОГО ОБРАЗОВАНИЯ СПОРТИВНАЯ ШКОЛА ОЛИМПИЙСКОГО РЕЗЕРВА ""ЗВЕЗДНЫЙ ЛЕД""";"САНКТ-ПЕТЕРБУРГСКОЕ ГОСУДАРСТВЕННОЕ БЮДЖЕТНОЕ УЧРЕЖДЕНИЕ ДОПОЛНИТЕЛЬНОГО ОБРАЗОВАНИЯ СПОРТИВНАЯ ШКОЛА ОЛИМПИЙСКОГО РЕЗЕРВА ""ЗВЕЗДНЫЙ ЛЕД""";27.07.2026;14.08.2026;Закупка завершена;;;12.08.2026;
44-ФЗ;№0830500000226002142;Электронный аукцион;Поставка санитарной одежды;;'262352803695635280100100150620000244;;;7590800.00;RUB;0;;;;;;"БЮДЖЕТНОЕ УЧРЕЖДЕНИЕ ЗДРАВООХРАНЕНИЯ ВОЛОГОДСКОЙ ОБЛАСТИ ""ВОЛОГОДСКАЯ ОБЛАСТНАЯ БОЛЬНИЦА № 3""";"ГОСУДАРСТВЕННОЕ КАЗЕННОЕ УЧРЕЖДЕНИЕ ВОЛОГОДСКОЙ ОБЛАСТИ ""ЦЕНТР ЗАКУПОК""";31.07.2026;14.08.2026;Закупка завершена;;;12.08.2026;
44-ФЗ;№0148300000626000864;Открытый конкурс в электронной форме;"Оказание услуг по организации рационального горячего питания обучающихся МБОУ ЦО ""Старокупавинский лицей""";;'263503105350950310100100430015629244;;;14026970.00;RUB;0;;;;;;"МУНИЦИПАЛЬНОЕ БЮДЖЕТНОЕ ОБЩЕОБРАЗОВАТЕЛЬНОЕ УЧРЕЖДЕНИЕ ""ЦЕНТР ОБРАЗОВАНИЯ ""СТАРОКУПАВИНСКИЙ ЛИЦЕЙ""";АДМИНИСТРАЦИЯ БОГОРОДСКОГО ГОРОДСКОГО ОКРУГА МОСКОВСКОЙ ОБЛАСТИ;28.07.2026;14.08.2026;Закупка завершена;;;12.08.2026;
44-ФЗ;№0373100091426001070;Электронный аукцион;Поставка лекарственного препарата для медицинского применения (МНН: ЦЕФТОБИПРОЛ МЕДОКАРИЛ);;'261773401280677340100100084200000244;;;10000000.00;RUB;0;;;;;;"ФЕДЕРАЛЬНОЕ ГОСУДАРСТВЕННОЕ БЮДЖЕТНОЕ УЧРЕЖДЕНИЕ ""НАЦИОНАЛЬНЫЙ МЕДИЦИНСКИЙ ИССЛЕДОВАТЕЛЬСКИЙ ЦЕНТР ТРАНСПЛАНТОЛОГИИ И ИСКУССТВЕННЫХ ОРГАНОВ ИМЕНИ АКАДЕМИКА В.И. ШУМАКОВА"" МИНИСТЕРСТВА ЗДРАВООХРАНЕНИЯ РОССИЙСКОЙ ФЕДЕРАЦИИ";"ФЕДЕРАЛЬНОЕ ГОСУДАРСТВЕННОЕ БЮДЖЕТНОЕ УЧРЕЖДЕНИЕ ""НАЦИОНАЛЬНЫЙ МЕДИЦИНСКИЙ ИССЛЕДОВАТЕЛЬСКИЙ ЦЕНТР ТРАНСПЛАНТОЛОГИИ И ИСКУССТВЕННЫХ ОРГАНОВ ИМЕНИ АКАДЕМИКА В.И. ШУМАКОВА"" МИНИСТЕРСТВА ЗДРАВООХРАНЕНИЯ РОССИЙСКОЙ ФЕДЕРАЦИИ";05.08.2026;14.08.2026;Закупка завершена;;;14.08.2026;
223-ФЗ;№32616294571;Иной способ;Услуги по ведению информационно-коммуникационной деятельности Заказчика, размещения информационных материалов Заказчика в информационно-телекоммуникационной сети «Интернет»;;;1;Услуги по ведению информационно-коммуникационной деятельности Заказчика, размещения информационных материалов Заказчика в информационно-телекоммуникационной сети «Интернет»;5000000.00;RUB;5000000.00;;;;63.11.12.000: Услуги по размещению в информационно-коммуникационной сети Интернет;;"АКЦИОНЕРНОЕ ОБЩЕСТВО ""УЛЬЯНОВСКЭНЕРГО""";"АКЦИОНЕРНОЕ ОБЩЕСТВО ""УЛЬЯНОВСКЭНЕРГО""";14.08.2026;14.08.2026;Закупка завершена;;;;
44-ФЗ;№0103200008426006580;Электронный аукцион;Части и принадлежности системы синхроперевода;;'262054801081605480100100090010000244;;;5375255.66;RUB;0;;;;;;"ГОСУДАРСТВЕННОЕ БЮДЖЕТНОЕ  УЧРЕЖДЕНИЕ ""ДАРГИНСКИЙ ГОСУДАРСТВЕННЫЙ МУЗЫКАЛЬНО-ДРАМАТИЧЕСКИЙ ТЕАТР ИМ. О. БАТЫРАЯ""";КОМИТЕТ ПО ГОСУДАРСТВЕННЫМ ЗАКУПКАМ РЕСПУБЛИКИ ДАГЕСТАН;30.07.2026;14.08.2026;Определение поставщика отменено;;;10.08.2026;
223-ФЗ;№32616294930;Иной способ;ЛОТ 706-СЗК Теплоснабжение;;;1;Теплоснабжение;14569441.86;RUB;14569441.86;;;;35.30.11.120: Энергия тепловая, отпущенная котельными;;"ФЕДЕРАЛЬНОЕ ГОСУДАРСТВЕННОЕ УНИТАРНОЕ ПРЕДПРИЯТИЕ ""ГЛАВНОЕ УПРАВЛЕНИЕ СПЕЦИАЛЬНОГО СТРОИТЕЛЬСТВА""";"ФЕДЕРАЛЬНОЕ ГОСУДАРСТВЕННОЕ УНИТАРНОЕ ПРЕДПРИЯТИЕ ""ГЛАВНОЕ УПРАВЛЕНИЕ СПЕЦИАЛЬНОГО СТРОИТЕЛЬСТВА""";14.08.2026;14.08.2026;Закупка завершена;;;;
44-ФЗ;№0335300053926000068;Электронный аукцион на проведение работ по строительству, реконструкции, кап. ремонту, сносу объекта кап. строительства в соответствии с п. 8 ч. 1 ст. 33 Закона № 44-ФЗ;Капитальный ремонт лестничного спуска к морю на пересечении ул. Комсомольская и ул. Портовая в г. Пионерский Калининградской области;;'263391000521439100100100180044399243;;;9305924.31;RUB;0;;;;;;"МУНИЦИПАЛЬНОЕ БЮДЖЕТНОЕ УЧРЕЖДЕНИЕ ""ОТДЕЛ ЖИЛИЩНО-КОММУНАЛЬНОГО ХОЗЯЙСТВА И КАПИТАЛЬНОГО СТРОИТЕЛЬСТВА"" ПИОНЕРСКОГО ГОРОДСКОГО ОКРУГА";МУНИЦИПАЛЬНОЕ КАЗЕННОЕ УЧРЕЖДЕНИЕ ЦЕНТРАЛИЗОВАННАЯ БУХГАЛТЕРИЯ ПИОНЕРСКОГО ГОРОДСКОГО ОКРУГА;05.08.2026;14.08.2026;Закупка завершена;;;13.08.2026;
44-ФЗ;№0373100133126000263;Электронный аукцион;Поставка шприцев общего назначения для нужд ФНКЦ РР;;'261770993805477070100100060370000244;;;7407540.00;RUB;0;;;;;;"ФЕДЕРАЛЬНОЕ ГОСУДАРСТВЕННОЕ БЮДЖЕТНОЕ НАУЧНОЕ УЧРЕЖДЕНИЕ ""ФЕДЕРАЛЬНЫЙ НАУЧНО-КЛИНИЧЕСКИЙ ЦЕНТР РЕАНИМАТОЛОГИИ И РЕАБИЛИТОЛОГИИ""";"ФЕДЕРАЛЬНОЕ ГОСУДАРСТВЕННОЕ БЮДЖЕТНОЕ НАУЧНОЕ УЧРЕЖДЕНИЕ ""ФЕДЕРАЛЬНЫЙ НАУЧНО-КЛИНИЧЕСКИЙ ЦЕНТР РЕАНИМАТОЛОГИИ И РЕАБИЛИТОЛОГИИ""";06.08.2026;14.08.2026;Закупка завершена;;;14.08.2026;
44-ФЗ;№0711200008326000244;Электронный аукцион;Оказание услуг по охране объектов ГАУЗ «РКОД МЗ РТ имени профессора М.З. Сигала»  с 01.09.2026 г. по 31.12.2026 г.;;'262166012085016600100102210018010244;;;15009120.00;RUB;0;;;;;;"ГОСУДАРСТВЕННОЕ АВТОНОМНОЕ УЧРЕЖДЕНИЕ ЗДРАВООХРАНЕНИЯ ""РЕСПУБЛИКАНСКИЙ КЛИНИЧЕСКИЙ ОНКОЛОГИЧЕСКИЙ ДИСПАНСЕР МИНИСТЕРСТВА ЗДРАВООХРАНЕНИЯ РЕСПУБЛИКИ ТАТАРСТАН ИМЕНИ ПРОФЕССОРА М.З.СИГАЛА""";"ГОСУДАРСТВЕННОЕ АВТОНОМНОЕ УЧРЕЖДЕНИЕ ЗДРАВООХРАНЕНИЯ ""РЕСПУБЛИКАНСКИЙ КЛИНИЧЕСКИЙ ОНКОЛОГИЧЕСКИЙ ДИСПАНСЕР МИНИСТЕРСТВА ЗДРАВООХРАНЕНИЯ РЕСПУБЛИКИ ТАТАРСТАН ИМЕНИ ПРОФЕССОРА М.З.СИГАЛА""";05.08.2026;14.08.2026;Закупка завершена;;;13.08.2026;
44-ФЗ;№0373100046126000036;Открытый конкурс в электронной форме;Оказание услуг по организации выставки «Наука – это красиво 3.0» в Историческом здании Политехнического музея;;'261770101210277010100100360018230244;;;74785520.00;RUB;0;;;;;;"ФЕДЕРАЛЬНОЕ ГОСУДАРСТВЕННОЕ БЮДЖЕТНОЕ УЧРЕЖДЕНИЕ КУЛЬТУРЫ ""ПОЛИТЕХНИЧЕСКИЙ МУЗЕЙ""";"ФЕДЕРАЛЬНОЕ ГОСУДАРСТВЕННОЕ БЮДЖЕТНОЕ УЧРЕЖДЕНИЕ КУЛЬТУРЫ ""ПОЛИТЕХНИЧЕСКИЙ МУЗЕЙ""";23.07.2026;14.08.2026;Закупка завершена;;;10.08.2026;
44-ФЗ;№0372200166626000028;Запрос котировок в электронной форме;Поставка комплексного оборудования для кабинетов иностранных языков;;'262780113636678010100100340010000244;;;5826770.00;RUB;0;;;;;;ГОСУДАРСТВЕННОЕ БЮДЖЕТНОЕ ОБЩЕОБРАЗОВАТЕЛЬНОЕ УЧРЕЖДЕНИЕ СРЕДНЯЯ ОБЩЕОБРАЗОВАТЕЛЬНАЯ ШКОЛА № 2 ВАСИЛЕОСТРОВСКОГО РАЙОНА САНКТ-ПЕТЕРБУРГА;ГОСУДАРСТВЕННОЕ БЮДЖЕТНОЕ ОБЩЕОБРАЗОВАТЕЛЬНОЕ УЧРЕЖДЕНИЕ СРЕДНЯЯ ОБЩЕОБРАЗОВАТЕЛЬНАЯ ШКОЛА № 2 ВАСИЛЕОСТРОВСКОГО РАЙОНА САНКТ-ПЕТЕРБУРГА;05.08.2026;14.08.2026;Закупка завершена;;;12.08.2026;
44-ФЗ;№0187200001726000916;Электронный аукцион;Поставка медицинских изделий «Система рентгеновской компьютерной томографии всего тела» для объекта: «Бюджетное учреждение Ханты-Мансийского автономного округа – Югры «Югорская городская больница» Терапевтическое отделение поликлиники»;;'262860102030286010100104130012660414;;;65039733.33;RUB;0;;;;;;"КАЗЕННОЕ УЧРЕЖДЕНИЕ ХАНТЫ-МАНСИЙСКОГО АВТОНОМНОГО ОКРУГА - ЮГРЫ ""УПРАВЛЕНИЕ КАПИТАЛЬНОГО СТРОИТЕЛЬСТВА""";ДЕПАРТАМЕНТ ГОСУДАРСТВЕННОГО ЗАКАЗА ХАНТЫ-МАНСИЙСКОГО АВТОНОМНОГО ОКРУГА - ЮГРЫ;27.07.2026;14.08.2026;Закупка завершена;;;04.08.2026;
223-ФЗ;№32616278738;Иной способ;Поставка смазочных материалов для нужд Ростовского филиала;;;1;Поставка смазочных материалов для нужд Ростовского филиала;45966483.67;RUB;45966483.67;;;;20.59.41.000: Материалы смазочные,20.41.44.190: Средства чистящие прочие,20.59.43.110: Жидкости тормозные для гидравлических передач,19.20.29.120: Масла трансмиссионные,19.20.29.130: Масла гидравлические,19.20.29.110: Масла моторные (универсальные, карбюраторные, дизельные, для авиационных поршневых двигателей),20.59.43.120: Антифризы,19.20.29.210: Пластичные смазки;;"ОБЩЕСТВО С ОГРАНИЧЕННОЙ ОТВЕТСТВЕННОСТЬЮ ""ЭКОЦЕНТР""";"ОБЩЕСТВО С ОГРАНИЧЕННОЙ ОТВЕТСТВЕННОСТЬЮ ""ЭКОЦЕНТР""";10.08.2026;14.08.2026;Закупка отменена;;;21.08.2026 10:00;
44-ФЗ;№0322100003826000011;Электронный аукцион;Поставка продукции радиоэлектронной промышленности;;'261272102089627210100100480012620244;;;13430622.60;RUB;0;;;;;;"ФЕДЕРАЛЬНОЕ ГОСУДАРСТВЕННОЕ БЮДЖЕТНОЕ ОБРАЗОВАТЕЛЬНОЕ УЧРЕЖДЕНИЕ ВЫСШЕГО ОБРАЗОВАНИЯ ""ДАЛЬНЕВОСТОЧНЫЙ ГОСУДАРСТВЕННЫЙ МЕДИЦИНСКИЙ УНИВЕРСИТЕТ"" МИНИСТЕРСТВА ЗДРАВООХРАНЕНИЯ РОССИЙСКОЙ ФЕДЕРАЦИИ";"ФЕДЕРАЛЬНОЕ ГОСУДАРСТВЕННОЕ БЮДЖЕТНОЕ ОБРАЗОВАТЕЛЬНОЕ УЧРЕЖДЕНИЕ ВЫСШЕГО ОБРАЗОВАНИЯ ""ДАЛЬНЕВОСТОЧНЫЙ ГОСУДАРСТВЕННЫЙ МЕДИЦИНСКИЙ УНИВЕРСИТЕТ"" МИНИСТЕРСТВА ЗДРАВООХРАНЕНИЯ РОССИЙСКОЙ ФЕДЕРАЦИИ";27.07.2026;14.08.2026;Закупка завершена;;;11.08.2026;
44-ФЗ;№0583500000126000104;Запрос котировок в электронной форме;Поставка оборудования подъемных установок(клети);;'262940700629994070100103460020000000;;;9519208.33;RUB;0;;;;;;"ГОСУДАРСТВЕННОЕ УНИТАРНОЕ ПРЕДПРИЯТИЕ ЛУГАНСКОЙ НАРОДНОЙ РЕСПУБЛИКИ ""ГЛАВНОЕ УПРАВЛЕНИЕ РЕСТРУКТУРИЗАЦИИ ШАХТ""";"ГОСУДАРСТВЕННОЕ УНИТАРНОЕ ПРЕДПРИЯТИЕ ЛУГАНСКОЙ НАРОДНОЙ РЕСПУБЛИКИ ""ГЛАВНОЕ УПРАВЛЕНИЕ РЕСТРУКТУРИЗАЦИИ ШАХТ""";08.08.2026;14.08.2026;Закупка завершена;;;14.08.2026;
44-ФЗ;№0154600003826000179;Электронный аукцион на проведение работ по строительству, реконструкции, кап. ремонту, сносу объекта кап. строительства в соответствии с п. 8 ч. 1 ст. 33 Закона № 44-ФЗ;"Капитальный ремонт автомобильных дорог общего пользования местного значения ""п. Горки - Володарское лесничество"", ул. Заречная д. Сухая Орлица Орловского муниципального округа Орловской области";;'263572002538257200100100610014211243;;;17507574.97;RUB;0;;;;;;АДМИНИСТРАЦИЯ ОРЛОВСКОГО МУНИЦИПАЛЬНОГО ОКРУГА ОРЛОВСКОЙ ОБЛАСТИ;АДМИНИСТРАЦИЯ ОРЛОВСКОГО МУНИЦИПАЛЬНОГО ОКРУГА ОРЛОВСКОЙ ОБЛАСТИ;06.08.2026;14.08.2026;Закупка завершена;;;14.08.2026;
44-ФЗ;№0311500000926000076;Электронный аукцион на проведение работ по строительству, реконструкции, кап. ремонту, сносу объекта кап. строительства в соответствии с п. 8 ч. 1 ст. 33 Закона № 44-ФЗ;Выполнение строительно-монтажных и прочих работ по капитальному ремонту, в том числе установка и монтаж оборудования;;'262165539597916550100101110014120243;;;294918940.00;RUB;0;;;;;;"ГОСУДАРСТВЕННОЕ БЮДЖЕТНОЕ УЧРЕЖДЕНИЕ ""ГЛАВСТРОЙ РЕСПУБЛИКИ ТАТАРСТАН""";"ГОСУДАРСТВЕННОЕ БЮДЖЕТНОЕ УЧРЕЖДЕНИЕ ""ГЛАВСТРОЙ РЕСПУБЛИКИ ТАТАРСТАН""";06.08.2026;14.08.2026;Закупка завершена;;;14.08.2026;
44-ФЗ;№0826500000926002756;Электронный аукцион;Поставка медицинских изделий Лучепровод офтальмологической лазерной системы на 2027г.;;'262312402097531230100141450013250244;;;5639880.00;RUB;0;;;;;;"ОБЛАСТНОЕ ГОСУДАРСТВЕННОЕ БЮДЖЕТНОЕ УЧРЕЖДЕНИЕ ЗДРАВООХРАНЕНИЯ ""БЕЛГОРОДСКАЯ ОБЛАСТНАЯ КЛИНИЧЕСКАЯ БОЛЬНИЦА СВЯТИТЕЛЯ ИОАСАФА""";"ОБЛАСТНОЕ ГОСУДАРСТВЕННОЕ КАЗЕННОЕ УЧРЕЖДЕНИЕ БЕЛГОРОДСКОЙ ОБЛАСТИ ""ЦЕНТР ЗАКУПОК""";04.08.2026;14.08.2026;Закупка завершена;;;12.08.2026;
44-ФЗ;№0131200001026004607;Электронный аукцион;"2026-04941**Поставка медицинского оборудования (систем ультразвуковой визуализации универсальных, с питанием от сети) для обеспечения государственных нужд по реконструкции объекта: ""Реконструкция приёмного отделения №1 бюджетного учреждения здравоохранения Воронежской области ""Воронежская областная клиническая больница № 1"", г. Воронеж, Московский пр-т, 151""";;'262366409523836640100102360010000414;;;24475000.00;RUB;0;;;;;;МИНИСТЕРСТВО СТРОИТЕЛЬСТВА ВОРОНЕЖСКОЙ ОБЛАСТИ;МИНИСТЕРСТВО ПО РЕГУЛИРОВАНИЮ КОНТРАКТНОЙ СИСТЕМЫ В СФЕРЕ ЗАКУПОК ВОРОНЕЖСКОЙ ОБЛАСТИ;03.08.2026;14.08.2026;Закупка завершена;;;12.08.2026;
44-ФЗ;№0373200333826000012;Электронный аукцион;Оказание услуг по вывозу снега при уборке территории образовательных организаций, подведомственных Департаменту образования и науки города Москвы (совместная закупка);;262772750638577270100100200010000244, 262772720922377270100100400010000244, 262772721382277270100100380010000244, 262772750627277270100100150010000244, 262772780185677270100100280010000244, 262772723615377270100100260010000244, 262772720379077270100100370010000244, 262772784445877270100100210010000244, 262772763388077270100100180010000244;;;20788460.00;RUB;0;;;;;;;"ГОСУДАРСТВЕННОЕ БЮДЖЕТНОЕ ОБЩЕОБРАЗОВАТЕЛЬНОЕ УЧРЕЖДЕНИЕ ГОРОДА МОСКВЫ ""ШКОЛА № 1355""";27.07.2026;14.08.2026;Закупка завершена;;;14.08.2026;
44-ФЗ;№0373200597926000056;Электронный аукцион;Поставка и замена источников бесперебойного питания для обеспечения резервного электроснабжения объектов, подведомственных Департаменту здравоохранения города Москвы;;'262770407612977060100101650010000244;;;14914826.01;RUB;0;;;;;;"ГОСУДАРСТВЕННОЕ БЮДЖЕТНОЕ УЧРЕЖДЕНИЕ ГОРОДА МОСКВЫ ""ДИРЕКЦИЯ РАЗВИТИЯ ОБЪЕКТОВ ЗДРАВООХРАНЕНИЯ ГОРОДА МОСКВЫ""";"ГОСУДАРСТВЕННОЕ БЮДЖЕТНОЕ УЧРЕЖДЕНИЕ ГОРОДА МОСКВЫ ""ДИРЕКЦИЯ РАЗВИТИЯ ОБЪЕКТОВ ЗДРАВООХРАНЕНИЯ ГОРОДА МОСКВЫ""";05.08.2026;14.08.2026;Закупка завершена;;;13.08.2026;
44-ФЗ;№0372200006926000056;Открытый конкурс в электронной форме;Проектирование строительства наружного освещения парков, садов и скверов Санкт-Петербурга: Сквер б/н на Привокзальной ул. между Волхонским шоссе и д. 10, литера Б, пос. Александровская;;'262784001491878110100100840017112414;;;5092228.78;RUB;0;;;;;;"САНКТ-ПЕТЕРБУРГСКОЕ ГОСУДАРСТВЕННОЕ КАЗЕННОЕ УЧРЕЖДЕНИЕ ""УПРАВЛЕНИЕ ЗАКАЗЧИКА ПО СТРОИТЕЛЬСТВУ И КАПИТАЛЬНОМУ РЕМОНТУ ОБЪЕКТОВ ИНЖЕНЕРНО-ЭНЕРГЕТИЧЕСКОГО КОМПЛЕКСА""";"САНКТ-ПЕТЕРБУРГСКОЕ ГОСУДАРСТВЕННОЕ КАЗЕННОЕ УЧРЕЖДЕНИЕ ""УПРАВЛЕНИЕ ЗАКАЗЧИКА ПО СТРОИТЕЛЬСТВУ И КАПИТАЛЬНОМУ РЕМОНТУ ОБЪЕКТОВ ИНЖЕНЕРНО-ЭНЕРГЕТИЧЕСКОГО КОМПЛЕКСА""";14.07.2026;14.08.2026;Закупка завершена;;;12.08.2026;
44-ФЗ;№0373200558326000067;Электронный аукцион;Оказание услуг по технической поддержке и системному сопровождению автоматизированной информационной системы «Заказ пропусков»;;'262771017777477100100100940010000244;;;6639913.04;RUB;0;;;;;;"ГОСУДАРСТВЕННОЕ БЮДЖЕТНОЕ УЧРЕЖДЕНИЕ ГОРОДА МОСКВЫ ""ФИНАНСОВО-ХОЗЯЙСТВЕННОЕ УПРАВЛЕНИЕ""";"ГОСУДАРСТВЕННОЕ БЮДЖЕТНОЕ УЧРЕЖДЕНИЕ ГОРОДА МОСКВЫ ""ФИНАНСОВО-ХОЗЯЙСТВЕННОЕ УПРАВЛЕНИЕ""";05.08.2026;14.08.2026;Закупка завершена;;;13.08.2026;
44-ФЗ;№0131200001026004660;Электронный аукцион;"2026-04942*Поставка медицинского оборудования (дрелей/пил хирургических универсальных, с аккумуляторной батареей) для обеспечения государственных нужд по строительству объекта: «Реконструкция приемного отделения №1 бюджетного учреждения здравоохранения Воронежской области ""Воронежская областная клиническая больница №1"" г.Воронеж, Московский пр-т,151»";;'262366409523836640100101910013250414;;;9312000.00;RUB;0;;;;;;МИНИСТЕРСТВО СТРОИТЕЛЬСТВА ВОРОНЕЖСКОЙ ОБЛАСТИ;МИНИСТЕРСТВО ПО РЕГУЛИРОВАНИЮ КОНТРАКТНОЙ СИСТЕМЫ В СФЕРЕ ЗАКУПОК ВОРОНЕЖСКОЙ ОБЛАСТИ;04.08.2026;14.08.2026;Закупка завершена;;;12.08.2026;
44-ФЗ;№0372200006926000057;Открытый конкурс в электронной форме;Проектирование строительства наружного освещения парков, садов и скверов Санкт-Петербурга: Территория между Апраксинской ул. и Выборгским шоссе, пос. Парголово, Осиновая Роща;;'262784001491878110100100730017112414;;;12485326.00;RUB;0;;;;;;"САНКТ-ПЕТЕРБУРГСКОЕ ГОСУДАРСТВЕННОЕ КАЗЕННОЕ УЧРЕЖДЕНИЕ ""УПРАВЛЕНИЕ ЗАКАЗЧИКА ПО СТРОИТЕЛЬСТВУ И КАПИТАЛЬНОМУ РЕМОНТУ ОБЪЕКТОВ ИНЖЕНЕРНО-ЭНЕРГЕТИЧЕСКОГО КОМПЛЕКСА""";"САНКТ-ПЕТЕРБУРГСКОЕ ГОСУДАРСТВЕННОЕ КАЗЕННОЕ УЧРЕЖДЕНИЕ ""УПРАВЛЕНИЕ ЗАКАЗЧИКА ПО СТРОИТЕЛЬСТВУ И КАПИТАЛЬНОМУ РЕМОНТУ ОБЪЕКТОВ ИНЖЕНЕРНО-ЭНЕРГЕТИЧЕСКОГО КОМПЛЕКСА""";14.07.2026;14.08.2026;Закупка завершена;;;12.08.2026;
44-ФЗ;№0148300000626000907;Электронный аукцион;Выполнение работ по сносу и демонтажу расселенного аварийного многоквартирного дома Московская область, Богородский г.о., г. Старая Купавна, ул. Текстильщиков, 8;;'263503114395350310100100800014311244;;;6105714.86;RUB;0;;;;;;УПРАВЛЕНИЕ БЛАГОУСТРОЙСТВА АДМИНИСТРАЦИИ БОГОРОДСКОГО ГОРОДСКОГО ОКРУГА МОСКОВСКОЙ ОБЛАСТИ;АДМИНИСТРАЦИЯ БОГОРОДСКОГО ГОРОДСКОГО ОКРУГА МОСКОВСКОЙ ОБЛАСТИ;05.08.2026;14.08.2026;Закупка завершена;;;13.08.2026;
44-ФЗ;№0344300069026000304;Открытый конкурс в электронной форме на проведение работ по строительству, реконструкции, кап. ремонту, сносу объекта кап. строительства в соответствии с п. 8 ч. 1 ст. 33 Закона № 44-ФЗ;"Выполнение строительных работ по объекту: ""Канализационная насосная станция №2, напорные коллекторы по ул. Энгельса в г. Курске. Район КЗТЗ""";;'263463218988746320100100430674221414;;;130893801.05;RUB;0;;;;;;"МУНИЦИПАЛЬНОЕ КАЗЕННОЕ УЧРЕЖДЕНИЕ ""УПРАВЛЕНИЕ КАПИТАЛЬНОГО СТРОИТЕЛЬСТВА ГОРОДА КУРСКА""";"МУНИЦИПАЛЬНОЕ КАЗЕННОЕ УЧРЕЖДЕНИЕ ""ЦЕНТР ЗАКУПОК И РАЗВИТИЯ СОЦИАЛЬНЫХ ИНИЦИАТИВ ГОРОДА КУРСКА""";27.07.2026;14.08.2026;Закупка завершена;;;12.08.2026;
44-ФЗ;№0373100091426001073;Электронный аукцион;"Поставка расходных материалов для нужд ФГБУ ""НМИЦ ТИО им. ак. В.И. Шумакова"" Минздрава России";;'261773401280677340100100125510000244;;;10000000.00;RUB;0;;;;;;"ФЕДЕРАЛЬНОЕ ГОСУДАРСТВЕННОЕ БЮДЖЕТНОЕ УЧРЕЖДЕНИЕ ""НАЦИОНАЛЬНЫЙ МЕДИЦИНСКИЙ ИССЛЕДОВАТЕЛЬСКИЙ ЦЕНТР ТРАНСПЛАНТОЛОГИИ И ИСКУССТВЕННЫХ ОРГАНОВ ИМЕНИ АКАДЕМИКА В.И. ШУМАКОВА"" МИНИСТЕРСТВА ЗДРАВООХРАНЕНИЯ РОССИЙСКОЙ ФЕДЕРАЦИИ";"ФЕДЕРАЛЬНОЕ ГОСУДАРСТВЕННОЕ БЮДЖЕТНОЕ УЧРЕЖДЕНИЕ ""НАЦИОНАЛЬНЫЙ МЕДИЦИНСКИЙ ИССЛЕДОВАТЕЛЬСКИЙ ЦЕНТР ТРАНСПЛАНТОЛОГИИ И ИСКУССТВЕННЫХ ОРГАНОВ ИМЕНИ АКАДЕМИКА В.И. ШУМАКОВА"" МИНИСТЕРСТВА ЗДРАВООХРАНЕНИЯ РОССИЙСКОЙ ФЕДЕРАЦИИ";06.08.2026;14.08.2026;Закупка завершена;;;14.08.2026;
44-ФЗ;№0131200001026004719;Электронный аукцион;2026-05240/ Оказание услуг по санаторно-курортному лечению участников СВО и членов их семей;;'262366200608836620100107680018690244;;;12005287.80;RUB;0;;;;;;"БЮДЖЕТНОЕ УЧРЕЖДЕНИЕ ЗДРАВООХРАНЕНИЯ ВОРОНЕЖСКОЙ ОБЛАСТИ ""ВОРОНЕЖСКАЯ ОБЛАСТНАЯ КЛИНИЧЕСКАЯ БОЛЬНИЦА №1""";МИНИСТЕРСТВО ПО РЕГУЛИРОВАНИЮ КОНТРАКТНОЙ СИСТЕМЫ В СФЕРЕ ЗАКУПОК ВОРОНЕЖСКОЙ ОБЛАСТИ;06.08.2026;14.08.2026;Закупка завершена;;;14.08.2026;
44-ФЗ;№0372200219626000309;Электронный аукцион;Поставка медицинского оборудования (Аппарат искусственной вентиляции легких для интенсивной терапии неонатальный и для взрослых) для нужд СПб ГКУЗ «ГПБ № 3 им. И.И. Скворцова-Степанова» в 2026 году;;'262781402089878140100101310013250244;;;11960000.00;RUB;0;;;;;;"САНКТ-ПЕТЕРБУРГСКОЕ ГОСУДАРСТВЕННОЕ КАЗЕННОЕ УЧРЕЖДЕНИЕ ЗДРАВООХРАНЕНИЯ ""ГОРОДСКАЯ ПСИХИАТРИЧЕСКАЯ БОЛЬНИЦА № 3 ИМЕНИ И.И. СКВОРЦОВА-СТЕПАНОВА""";"САНКТ-ПЕТЕРБУРГСКОЕ ГОСУДАРСТВЕННОЕ КАЗЕННОЕ УЧРЕЖДЕНИЕ ""ДИРЕКЦИЯ ПО ЗАКУПКАМ КОМИТЕТА ПО ЗДРАВООХРАНЕНИЮ""";31.07.2026;14.08.2026;Закупка завершена;;;12.08.2026;
44-ФЗ;№0373200312226000008;Электронный аукцион;Оказание услуг по уборке внутренних помещений для нужд образовательных организаций, подведомственных Департаменту образования и науки города Москвы (Пресня);;'262770361122177030100100470010000244;;;7031489.40;RUB;0;;;;;;"ГОСУДАРСТВЕННОЕ БЮДЖЕТНОЕ ОБЩЕОБРАЗОВАТЕЛЬНОЕ УЧРЕЖДЕНИЕ ГОРОДА МОСКВЫ ""ШКОЛА № 2030""";"ГОСУДАРСТВЕННОЕ БЮДЖЕТНОЕ ОБЩЕОБРАЗОВАТЕЛЬНОЕ УЧРЕЖДЕНИЕ ГОРОДА МОСКВЫ ""ШКОЛА № 2030""";06.08.2026;14.08.2026;Закупка завершена;;;14.08.2026;
44-ФЗ;№0131200001026004646;Электронный аукцион на проведение работ по строительству, реконструкции, кап. ремонту, сносу объекта кап. строительства в соответствии с п. 8 ч. 1 ст. 33 Закона № 44-ФЗ;"2026-04872:) Выполнение работ по капитальному ремонту патологоанатомического отделения по ул. Минская 43, г. Воронеж, БУЗ ВО ""ВГКБСМП № 10""» (общестроительные и электромонтажные работы, водоснабжение и канализация, отопление и вентиляция, система охранного телевидения и пожарная сигнализация)";;'262366100688936610100104700014339243;;;20080139.82;RUB;0;;;;;;"БЮДЖЕТНОЕ УЧРЕЖДЕНИЕ ЗДРАВООХРАНЕНИЯ ВОРОНЕЖСКОЙ ОБЛАСТИ ""ВОРОНЕЖСКАЯ ГОРОДСКАЯ КЛИНИЧЕСКАЯ БОЛЬНИЦА СКОРОЙ МЕДИЦИНСКОЙ ПОМОЩИ № 10""";МИНИСТЕРСТВО ПО РЕГУЛИРОВАНИЮ КОНТРАКТНОЙ СИСТЕМЫ В СФЕРЕ ЗАКУПОК ВОРОНЕЖСКОЙ ОБЛАСТИ;04.08.2026;14.08.2026;Закупка завершена;;;12.08.2026;
44-ФЗ;№0826500000926002722;Электронный аукцион;Поставка  лекарственного препарата для медицинского применения Комплекс бета-железа [III] оксигидроксида, сахарозы и крахмала на 2027г.;;'262312302136631230100102330012120000;;;7247318.40;RUB;0;;;;;;"ОБЛАСТНОЕ ГОСУДАРСТВЕННОЕ КАЗЕННОЕ УЧРЕЖДЕНИЕ ЗДРАВООХРАНЕНИЯ ОСОБОГО ТИПА ""МЕДИЦИНСКИЙ ЦЕНТР МОБИЛИЗАЦИОННЫХ РЕЗЕРВОВ ""РЕЗЕРВ""";"ОБЛАСТНОЕ ГОСУДАРСТВЕННОЕ КАЗЕННОЕ УЧРЕЖДЕНИЕ БЕЛГОРОДСКОЙ ОБЛАСТИ ""ЦЕНТР ЗАКУПОК""";03.08.2026;14.08.2026;Закупка завершена;;;13.08.2026;
44-ФЗ;№0848300053826000255;Открытый конкурс в электронной форме;Оказание охранных услуг;;'263504715711950470100100250018010244;;;13402800.00;RUB;0;;;;;;МУНИЦИПАЛЬНАЯ БЮДЖЕТНАЯ ОБЩЕОБРАЗОВАТЕЛЬНАЯ ОРГАНИЗАЦИЯ СРЕДНЯЯ ОБЩЕОБРАЗОВАТЕЛЬНАЯ ШКОЛА № 10;"МУНИЦИПАЛЬНОЕ КАЗЕННОЕ УЧРЕЖДЕНИЕ ""ЛОБНЕНСКИЙ ЦЕНТР ЗАКУПОК""";28.07.2026;14.08.2026;Закупка завершена;;;14.08.2026;
44-ФЗ;№0121200004726000903;Электронный аукцион;Поставка медицинского оборудования (система ультразвуковой визуализации универсальная, с питанием от сети) ГБУЗ СК «Городская клиническая поликлиника № 6» г.Ставрополя;;'262263300287326350100100750012660244;;;6350023.00;RUB;0;;;;;;"ГОСУДАРСТВЕННОЕ БЮДЖЕТНОЕ УЧРЕЖДЕНИЕ ЗДРАВООХРАНЕНИЯ СТАВРОПОЛЬСКОГО КРАЯ ""ГОРОДСКАЯ КЛИНИЧЕСКАЯ ПОЛИКЛИНИКА № 6"" ГОРОДА СТАВРОПОЛЯ";КОМИТЕТ СТАВРОПОЛЬСКОГО КРАЯ ПО ГОСУДАРСТВЕННЫМ ЗАКУПКАМ;27.07.2026;14.08.2026;Закупка завершена;;;04.08.2026;
44-ФЗ;№0145300005226000424;Электронный аукцион;Приобретение готового жилого помещения (одна однокомнатная квартира) на территории города Всеволожска в собственность Всеволожского городского поселения Всеволожского муниципального района Ленинградской области для последующей передачи гражданам при переселении из аварийного жилищного фонда в рамках реализации региональной адресной программы «Переселение граждан из аварийного жилищного фонда на территории Ленинградской области в 2025 – 2030 годах», утвержденной постановлением Правительства Ленинградской области от 24.10.2025 № 897;;'263470308364047030100101230016810412;;;5380476.09;RUB;0;;;;;;АДМИНИСТРАЦИЯ ВСЕВОЛОЖСКОГО МУНИЦИПАЛЬНОГО РАЙОНА ЛЕНИНГРАДСКОЙ ОБЛАСТИ;АДМИНИСТРАЦИЯ ВСЕВОЛОЖСКОГО МУНИЦИПАЛЬНОГО РАЙОНА ЛЕНИНГРАДСКОЙ ОБЛАСТИ;06.08.2026;14.08.2026;Закупка завершена;;;14.08.2026;
44-ФЗ;№0355600001926000223;Электронный аукцион;Поставка полимерно-битумного вяжущего дорожного ПБВ 60 ;;'263583412845558340100102080011920244;;;47000002.50;RUB;0;;;;;;"МУНИЦИПАЛЬНОЕ БЮДЖЕТНОЕ УЧРЕЖДЕНИЕ ""ПЕНЗАВТОДОР""";"МУНИЦИПАЛЬНОЕ БЮДЖЕТНОЕ УЧРЕЖДЕНИЕ ""ПЕНЗАВТОДОР""";05.08.2026;14.08.2026;Закупка завершена;;;13.08.2026;
44-ФЗ;№0859200001126009537;Электронный аукцион;Поставка медицинского изделия (Система маммографическая рентгеновская стационарная, цифровая), ввод в эксплуатацию медицинского изделия, обучение правилам эксплуатации специалистов, эксплуатирующих медицинское изделие, и специалистов, осуществляющих техническое обслуживание медицинских изделий;;'262622910085662290100101250012660244;;;11050000.00;RUB;0;;;;;;"ГОСУДАРСТВЕННОЕ КАЗЕННОЕ УЧРЕЖДЕНИЕ РЯЗАНСКОЙ ОБЛАСТИ ""АГЕНТСТВО ПО ЗАКУПКАМ В СФЕРЕ ЗДРАВООХРАНЕНИЯ""";"ГОСУДАРСТВЕННОЕ КАЗЕННОЕ УЧРЕЖДЕНИЕ РЯЗАНСКОЙ ОБЛАСТИ ""ЦЕНТР ЗАКУПОК РЯЗАНСКОЙ ОБЛАСТИ""";04.08.2026;14.08.2026;Закупка завершена;;;12.08.2026;
44-ФЗ;№0362100027626000063;Открытый конкурс в электронной форме;Капитальный ремонт отмостки и гидроизоляция фундаментов нежилого помещения с кадастровым номером 66:41:0704022:412, расположенного по адресу: Свердловская область, г. Екатеринбург, ул. Академическая, стр. 20к, помещение 1;;'261666000861766700100100660014399243;;;9987127.96;RUB;0;;;;;;ФЕДЕРАЛЬНОЕ ГОСУДАРСТВЕННОЕ БЮДЖЕТНОЕ УЧРЕЖДЕНИЕ НАУКИ ИНСТИТУТ ВЫСОКОТЕМПЕРАТУРНОЙ ЭЛЕКТРОХИМИИ УРАЛЬСКОГО ОТДЕЛЕНИЯ РОССИЙСКОЙ АКАДЕМИИ НАУК;ФЕДЕРАЛЬНОЕ ГОСУДАРСТВЕННОЕ БЮДЖЕТНОЕ УЧРЕЖДЕНИЕ НАУКИ ИНСТИТУТ ВЫСОКОТЕМПЕРАТУРНОЙ ЭЛЕКТРОХИМИИ УРАЛЬСКОГО ОТДЕЛЕНИЯ РОССИЙСКОЙ АКАДЕМИИ НАУК;28.07.2026;14.08.2026;Закупка завершена;;;13.08.2026;
44-ФЗ;№0315100001026000011;Электронный аукцион;оказание услуг по профессиональной уборке и поддержанию чистоты в помещениях университета;;'261212900941221300100100020018122244;;;12006654.50;RUB;0;;;;;;"ФЕДЕРАЛЬНОЕ ГОСУДАРСТВЕННОЕ БЮДЖЕТНОЕ ОБРАЗОВАТЕЛЬНОЕ УЧРЕЖДЕНИЕ ВЫСШЕГО ОБРАЗОВАНИЯ ""ЧУВАШСКИЙ ГОСУДАРСТВЕННЫЙ УНИВЕРСИТЕТ ИМЕНИ И.Н. УЛЬЯНОВА""";"ФЕДЕРАЛЬНОЕ ГОСУДАРСТВЕННОЕ БЮДЖЕТНОЕ ОБРАЗОВАТЕЛЬНОЕ УЧРЕЖДЕНИЕ ВЫСШЕГО ОБРАЗОВАНИЯ ""ЧУВАШСКИЙ ГОСУДАРСТВЕННЫЙ УНИВЕРСИТЕТ ИМЕНИ И.Н. УЛЬЯНОВА""";23.07.2026;14.08.2026;Закупка завершена;;;31.07.2026;
44-ФЗ;№0132600032726000617;Электронный аукцион;Выполнение работ по разработке проектно-сметной документации по модернизации светофорных объектов на улицах города Нижнего Новгорода, в целях внедрения интеллектуальной транспортной системы в рамках реализации федерального проекта «Общесистемные меры развития дорожного хозяйства»;;'263526034535952620100100320017112244;;;6125911.67;RUB;0;;;;;;"МУНИЦИПАЛЬНОЕ КАЗЕННОЕ УЧРЕЖДЕНИЕ ""ЦЕНТР ОРГАНИЗАЦИИ ДОРОЖНОГО ДВИЖЕНИЯ ГОРОДА НИЖНЕГО НОВГОРОДА""";Департамент экономического развития и инвестиций администрации города Нижнего Новгорода;06.08.2026;14.08.2026;Закупка завершена;;;14.08.2026;
44-ФЗ;№0813500000126015315;Запрос котировок в электронной форме;"зз-0017-32622 - 2026 Выполнение работ по устранению аварийных дефектов автомобильных дорог общего пользования местного значения Индустриального района МО ""Город Ижевск"" в 2026 году.";;'263182600155318410100101160014211244;;;10000000.00;RUB;0;;;;;;"МУНИЦИПАЛЬНОЕ КАЗЕННОЕ УЧРЕЖДЕНИЕ ГОРОДА ИЖЕВСКА ""СЛУЖБА БЛАГОУСТРОЙСТВА И ДОРОЖНОГО ХОЗЯЙСТВА""";"ГОСУДАРСТВЕННОЕ КАЗЕННОЕ УЧРЕЖДЕНИЕ УДМУРТСКОЙ РЕСПУБЛИКИ ""РЕГИОНАЛЬНЫЙ ЦЕНТР ЗАКУПОК УДМУРТСКОЙ РЕСПУБЛИКИ""";07.08.2026;14.08.2026;Закупка завершена;;;14.08.2026;
44-ФЗ;№0813500000126015243;Запрос котировок в электронной форме;"зз-0017-34105 - 2026 Благоустройство дворовых территорий жилых домов в рамках реализации государственной программы Удмуртской Республики ""Формирование современной городской среды на территории Удмуртской Республики"" по адресу: г. Воткинск, ул. Садовникова, д.6, ул.Садовникова, д.8";;'263182802091418280100100200014299244;;;6998000.00;RUB;0;;;;;;"МУНИЦИПАЛЬНОЕ КАЗЕННОЕ УЧРЕЖДЕНИЕ ""УПРАВЛЕНИЕ КАПИТАЛЬНОГО СТРОИТЕЛЬСТВА ГОРОДА ВОТКИНСКА""";"ГОСУДАРСТВЕННОЕ КАЗЕННОЕ УЧРЕЖДЕНИЕ УДМУРТСКОЙ РЕСПУБЛИКИ ""РЕГИОНАЛЬНЫЙ ЦЕНТР ЗАКУПОК УДМУРТСКОЙ РЕСПУБЛИКИ""";06.08.2026;14.08.2026;Закупка завершена;;;13.08.2026;
44-ФЗ;№1200700009026000003;Открытый конкурс в электронной форме;Выполнение проектно-изыскательских работ по объекту: «Всесезонный туристско-рекреационный комплекс «Эльбрус», Кабардино-Балкарская Республика. Пассажирская подвесная канатная дорога. Буксировочная канатная дорога»;;'264263210074077030100100000077112451;;;64002667.07;RUB;0;;;;;;"АКЦИОНЕРНОЕ ОБЩЕСТВО ""КАВКАЗ.РФ""";"АКЦИОНЕРНОЕ ОБЩЕСТВО ""КАВКАЗ.РФ""";27.07.2026;14.08.2026;Закупка завершена;;;12.08.2026;
44-ФЗ;№0215100000426000201;Электронный аукцион;Поставка  технических средств реабилитации (Однокомпонентный дренируемый калоприемник со встроенной плоской пластиной) в целях социального обеспечения граждан в 2026 - 2027 годах;;'261212600235221300100102900013250323;;;13421998.20;RUB;0;;;;;;ОТДЕЛЕНИЕ ФОНДА ПЕНСИОННОГО И СОЦИАЛЬНОГО СТРАХОВАНИЯ РОССИЙСКОЙ ФЕДЕРАЦИИ ПО ЧУВАШСКОЙ РЕСПУБЛИКЕ - ЧУВАШИИ;ОТДЕЛЕНИЕ ФОНДА ПЕНСИОННОГО И СОЦИАЛЬНОГО СТРАХОВАНИЯ РОССИЙСКОЙ ФЕДЕРАЦИИ ПО ЧУВАШСКОЙ РЕСПУБЛИКЕ - ЧУВАШИИ;05.08.2026;14.08.2026;Закупка завершена;;;14.08.2026;
44-ФЗ;№0373100072126001142;Электронный аукцион;Поставка медицинских изделий для нужд ФГБНУ «РНЦХ им. акад. Б.В. Петровского»;;'261770403012477040100100091020000244;;;10516950.00;RUB;0;;;;;;"ФЕДЕРАЛЬНОЕ ГОСУДАРСТВЕННОЕ БЮДЖЕТНОЕ НАУЧНОЕ УЧРЕЖДЕНИЕ ""РОССИЙСКИЙ НАУЧНЫЙ ЦЕНТР ХИРУРГИИ ИМЕНИ АКАДЕМИКА Б.В. ПЕТРОВСКОГО""";"ФЕДЕРАЛЬНОЕ ГОСУДАРСТВЕННОЕ БЮДЖЕТНОЕ НАУЧНОЕ УЧРЕЖДЕНИЕ ""РОССИЙСКИЙ НАУЧНЫЙ ЦЕНТР ХИРУРГИИ ИМЕНИ АКАДЕМИКА Б.В. ПЕТРОВСКОГО""";31.07.2026;14.08.2026;Закупка завершена;;;10.08.2026;
44-ФЗ;№0358100013926000003;Открытый конкурс в электронной форме на проведение работ по строительству, реконструкции, кап. ремонту, сносу объекта кап. строительства в соответствии с п. 8 ч. 1 ст. 33 Закона № 44-ФЗ;Выполнение работ по капитальному ремонту здания общежития Таганрогского института имени А.П. Чехова (филиала) ФГБОУ ВО «РГЭУ (РИНХ)», расположенного по адресу: Ростовская область, г. Таганрог, ул. Инициативная, 54, Литер ББ1, инв. № 1101020022 (ремонт фасада);;'261616302280561630100100110014120243;;;66532260.19;RUB;0;;;;;;"ФЕДЕРАЛЬНОЕ ГОСУДАРСТВЕННОЕ БЮДЖЕТНОЕ ОБРАЗОВАТЕЛЬНОЕ УЧРЕЖДЕНИЕ ВЫСШЕГО ОБРАЗОВАНИЯ ""РОСТОВСКИЙ ГОСУДАРСТВЕННЫЙ ЭКОНОМИЧЕСКИЙ УНИВЕРСИТЕТ (РИНХ)""";"ФЕДЕРАЛЬНОЕ ГОСУДАРСТВЕННОЕ БЮДЖЕТНОЕ ОБРАЗОВАТЕЛЬНОЕ УЧРЕЖДЕНИЕ ВЫСШЕГО ОБРАЗОВАНИЯ ""РОСТОВСКИЙ ГОСУДАРСТВЕННЫЙ ЭКОНОМИЧЕСКИЙ УНИВЕРСИТЕТ (РИНХ)""";10.07.2026;14.08.2026;Закупка завершена;;;10.08.2026;
44-ФЗ;№0228100000126000123;Запрос котировок в электронной форме;поставка в 2027 году слуховых аппаратов, в том числе с ушными вкладышами индивидуального изготовления;;'261332810123833290100101390012660323;;;6000000.00;RUB;0;;;;;;ОТДЕЛЕНИЕ ФОНДА ПЕНСИОННОГО И СОЦИАЛЬНОГО СТРАХОВАНИЯ РОССИЙСКОЙ ФЕДЕРАЦИИ ПО ВЛАДИМИРСКОЙ ОБЛАСТИ;ОТДЕЛЕНИЕ ФОНДА ПЕНСИОННОГО И СОЦИАЛЬНОГО СТРАХОВАНИЯ РОССИЙСКОЙ ФЕДЕРАЦИИ ПО ВЛАДИМИРСКОЙ ОБЛАСТИ;05.08.2026;14.08.2026;Закупка завершена;;;12.08.2026;
44-ФЗ;№0145200000426001196;Электронный аукцион;Поставка медицинских изделий (ABO/Rh(D) определение групп крови ИВД, набор, реакция агглютинации) для автоматического иммуногематологического анализатора Ortho Vision Max для КДЛ ГБУЗ ЛОКБ в 2026-2027 гг.;;'262470000125447060100106930012120244;;;5266976.00;RUB;0;;;;;;ГОСУДАРСТВЕННОЕ БЮДЖЕТНОЕ УЧРЕЖДЕНИЕ ЗДРАВООХРАНЕНИЯ ЛЕНИНГРАДСКАЯ ОБЛАСТНАЯ КЛИНИЧЕСКАЯ БОЛЬНИЦА;КОМИТЕТ ГОСУДАРСТВЕННОГО ЗАКАЗА ЛЕНИНГРАДСКОЙ ОБЛАСТИ;03.08.2026;14.08.2026;Закупка завершена;;;12.08.2026;
44-ФЗ;№0307200030626001493;Электронный аукцион;Поставка систем рентгеновских диагностических стационарных общего назначения, цифровых в рамках реализации федерального проекта «Модернизация первичного звена здравоохранения Российской Федерации» (Д1);;'262110148649111010100101030012660244;;;34000000.00;RUB;0;;;;;;МИНИСТЕРСТВО ЗДРАВООХРАНЕНИЯ РЕСПУБЛИКИ КОМИ;"ГОСУДАРСТВЕННОЕ КАЗЕННОЕ УЧРЕЖДЕНИЕ РЕСПУБЛИКИ КОМИ ""ЦЕНТР ОБЕСПЕЧЕНИЯ ОРГАНИЗАЦИИ И ПРОВЕДЕНИЯ ТОРГОВ""";30.07.2026;14.08.2026;Закупка завершена;;;12.08.2026;
223-ФЗ;№32616294451;Иной способ;Выполнение работ по восстановлению покрытий после АВР в Центральном, Лазаревском, Хостинском районах (в пределах границ от Центрального района до мкр. Мацеста включительно);;;1;Выполнение работ по восстановлению покрытий после АВР в Центральном, Лазаревском, Хостинском районах (в пределах границ от Центрального района до мкр. Мацеста включительно);10000000.00;RUB;10000000.00;;;;42.11.20.290: Работы по ремонту прочих автомобильных дорог;;"МУНИЦИПАЛЬНОЕ УНИТАРНОЕ ПРЕДПРИЯТИЕ МУНИЦИПАЛЬНОГО ОБРАЗОВАНИЯ ГОРОДСКОЙ ОКРУГ ГОРОД-КУРОРТ СОЧИ  КРАСНОДАРСКОГО КРАЯ ""ВОДОКАНАЛ""";"МУНИЦИПАЛЬНОЕ УНИТАРНОЕ ПРЕДПРИЯТИЕ МУНИЦИПАЛЬНОГО ОБРАЗОВАНИЯ ГОРОДСКОЙ ОКРУГ ГОРОД-КУРОРТ СОЧИ  КРАСНОДАРСКОГО КРАЯ ""ВОДОКАНАЛ""";14.08.2026;14.08.2026;Закупка завершена;;;;
44-ФЗ;№0860200000826006810;Электронный аукцион;Поставка энтерального питания;;'262644300804964430100100190011086244;;;5612100.00;RUB;0;;;;;;"ГОСУДАРСТВЕННОЕ БЮДЖЕТНОЕ УЧРЕЖДЕНИЕ САРАТОВСКОЙ ОБЛАСТИ ""ОРЛОВСКИЙ СПЕЦИАЛЬНЫЙ РЕАБИЛИТАЦИОННЫЙ ДОМ - ИНТЕРНАТ ДЛЯ ДЕТЕЙ""";"ГОСУДАРСТВЕННОЕ КАЗЕННОЕ УЧРЕЖДЕНИЕ САРАТОВСКОЙ ОБЛАСТИ ""ГОСУДАРСТВЕННОЕ АГЕНТСТВО ПО ЦЕНТРАЛИЗАЦИИ ЗАКУПОК""";05.08.2026;14.08.2026;Закупка завершена;;;14.08.2026;
44-ФЗ;№0358100011826000031;Электронный аукцион;Этюд Приобретение права на использование программного обеспечения для ЭВМ: Среда для научных вычислений и моделирования;;'261616503313661650100100660015829244;;;12952814.00;RUB;0;;;;;;"ФЕДЕРАЛЬНОЕ ГОСУДАРСТВЕННОЕ БЮДЖЕТНОЕ ОБРАЗОВАТЕЛЬНОЕ УЧРЕЖДЕНИЕ ВЫСШЕГО ОБРАЗОВАНИЯ ""ДОНСКОЙ ГОСУДАРСТВЕННЫЙ ТЕХНИЧЕСКИЙ УНИВЕРСИТЕТ""";"ФЕДЕРАЛЬНОЕ ГОСУДАРСТВЕННОЕ БЮДЖЕТНОЕ ОБРАЗОВАТЕЛЬНОЕ УЧРЕЖДЕНИЕ ВЫСШЕГО ОБРАЗОВАНИЯ ""ДОНСКОЙ ГОСУДАРСТВЕННЫЙ ТЕХНИЧЕСКИЙ УНИВЕРСИТЕТ""";06.08.2026;14.08.2026;Закупка завершена;;;14.08.2026;
44-ФЗ;№0376300000126000275;Электронный аукцион;Поставка говядины охлажденной;;263010503466301050100100430021011244, 263010507280601050100100150021011244, 263010506273401050100100180021011244, 263010505210101050100100140021011244, 263010503476901050100100100021011244, 263010507277101050100100140021011244, 263010503467001050100100100021011244, 263010503485701050100100210021011244, 263010503480001050100100090021011244, 263010508171201050100100210021011244, 263010503489601050100100120021011244, 263010504566501050100100260021011244, 263010503472001050100100210021011244, 263010503478301050100100170021011244, 263010503479001050100100090021011244, 263010503468801050100100110021011244, 263010503483201050100100130021011244, 263010503475101050100100190021011244, 263010506447401050100100180021011244, 263010503474401050100100160021011244, 263010000026901000100100160021011244, 263010503470501050100100110021011244, 263010503465601050100100130021011244, 263010503236001050100100180021011244, 263010506446701050100100150021011244, 263010507110401050100100120021011244, 263010504377001050100100210021011244, 263010506488301050100100140021011244, 263010503486401050100100090021011244, 263010503471201050100100130021011244, 263010506589401050100100140021011244, 263010503462401050100100120021011244, 263010507243601050100100190021011244, 263010503473701050100100120021011244, 263010506649601050100100170021011244, 263010507278901050100100140021011244, 263010503488901050100100130021011244, 263010503216901050100100120021011244, 263010503463101050100100200021011244, 263010503484001050100100110021011244, 263010503481801050100100290021011244, 263010503430301050100100120021011244;;;10616199.48;RUB;0;;;;;;;"АДМИНИСТРАЦИЯ МУНИЦИПАЛЬНОГО ОБРАЗОВАНИЯ ""ГОРОД МАЙКОП""";06.08.2026;14.08.2026;Закупка завершена;;;14.08.2026;
223-ФЗ;№32616294590;Иной способ;Выполнение работ по развитию автоматизированных информационных систем ФНС России (четвертая очередь), в части разработки (доработки) прикладного программного обеспечения ФИАС в части разработки API-сервиса для передачи в ФИАС информации для размещения в ГАР от ОМСУ (1 очередь), разработки (доработки) прикладного программного обеспечения АИС «Налог-3», реализующего автоматизацию технологического процесса 123.01.00.00.0020 «Скоринг исполнителей по государственным контрактам» в части создания новых шаблонов и добавления новых показателей оценки в разделах «Сервис оценки юридических лиц» «Сервис оценки индивидуальных предпринимателей», в соответствии с Техническим заданием;;;1;Выполнение работ по развитию автоматизированных информационных систем ФНС России (четвертая очередь), в части разработки (доработки) прикладного программного обеспечения ФИАС в части разработки API-сервиса для передачи в ФИАС информации для размещения в ГАР от ОМСУ (1 очередь), разработки (доработки) прикладного программного обеспечения АИС «Налог-3», реализующего автоматизацию технологического процесса 123.01.00.00.0020 «Скоринг исполнителей по государственным контрактам» в части создания новых шаблонов и добавления новых показателей оценки в разделах «Сервис оценки юридических лиц» «Сервис оценки индивидуальных предпринимателей», в соответствии с Техническим заданием;10031900.00;RUB;10031900.00;;;;62.01.11.000: Услуги по проектированию и разработке информационных технологий для прикладных задач и тестированию программного обеспечения;;"АКЦИОНЕРНОЕ ОБЩЕСТВО ""ГЛАВНЫЙ НАУЧНЫЙ ИННОВАЦИОННЫЙ ВНЕДРЕНЧЕСКИЙ ЦЕНТР""";"АКЦИОНЕРНОЕ ОБЩЕСТВО ""ГЛАВНЫЙ НАУЧНЫЙ ИННОВАЦИОННЫЙ ВНЕДРЕНЧЕСКИЙ ЦЕНТР""";14.08.2026;14.08.2026;Закупка завершена;;;;
44-ФЗ;№0829500001126005158;Электронный аукцион;Поставка медицинских изделий (глюкоза ИВД, реагент) (С) (2027 год);;'262346008846534600100106560012120323;;;27187006.00;RUB;0;;;;;;"ГОСУДАРСТВЕННОЕ КАЗЕННОЕ УЧРЕЖДЕНИЕ  ""ЦЕНТР СОПРОВОЖДЕНИЯ ЗАКУПОК ГОСУДАРСТВЕННЫХ УЧРЕЖДЕНИЙ ЗДРАВООХРАНЕНИЯ ВОЛГОГРАДСКОЙ ОБЛАСТИ""";"ГОСУДАРСТВЕННОЕ КАЗЕННОЕ УЧРЕЖДЕНИЕ  ""ЦЕНТР СОПРОВОЖДЕНИЯ ЗАКУПОК ГОСУДАРСТВЕННЫХ УЧРЕЖДЕНИЙ ЗДРАВООХРАНЕНИЯ ВОЛГОГРАДСКОЙ ОБЛАСТИ""";03.08.2026;14.08.2026;Закупка завершена;;;12.08.2026;
44-ФЗ;№0815500000526010078;Электронный аукцион;Поставка бахил водонепроницаемых;;'263212600261021300100104000013250244;;;12186750.00;RUB;0;;;;;;"БЮДЖЕТНОЕ УЧРЕЖДЕНИЕ ЧУВАШСКОЙ РЕСПУБЛИКИ ""ГОРОДСКАЯ КЛИНИЧЕСКАЯ БОЛЬНИЦА №1"" МИНИСТЕРСТВА ЗДРАВООХРАНЕНИЯ ЧУВАШСКОЙ РЕСПУБЛИКИ";"КАЗЕННОЕ УЧРЕЖДЕНИЕ ЧУВАШСКОЙ РЕСПУБЛИКИ ""РЕГИОНАЛЬНЫЙ ЦЕНТР ЗАКУПОК ЧУВАШСКОЙ РЕСПУБЛИКИ""";21.07.2026;14.08.2026;Закупка завершена;;;29.07.2026;
44-ФЗ;№0190600005226000470;Электронный аукцион;Устройство ледового городка (г. Лабытнанги и пгт. Харп);;'263890103863989010100101250034399244;;;13404889.75;RUB;0;;;;;;"МУНИЦИПАЛЬНОЕ УЧРЕЖДЕНИЕ ""ДИРЕКЦИЯ ПО ОБЕСПЕЧЕНИЮ ДЕЯТЕЛЬНОСТИ В СФЕРЕ ЖИЛИЩНО-КОММУНАЛЬНОГО ХОЗЯЙСТВА""";АДМИНИСТРАЦИЯ ПРИУРАЛЬСКОГО РАЙОНА;05.08.2026;14.08.2026;Закупка завершена;;;13.08.2026;
44-ФЗ;№0131100009226000021;Электронный аукцион;Поставка системы хранения данных (в сфере ИКТ) для нужд Управления Федеральной налоговой службы;;'261366611948436660100101490012620242;;;5924666.67;RUB;0;;;;;;УПРАВЛЕНИЕ ФЕДЕРАЛЬНОЙ НАЛОГОВОЙ СЛУЖБЫ ПО ВОРОНЕЖСКОЙ ОБЛАСТИ;УПРАВЛЕНИЕ ФЕДЕРАЛЬНОЙ НАЛОГОВОЙ СЛУЖБЫ ПО ВОРОНЕЖСКОЙ ОБЛАСТИ;04.08.2026;14.08.2026;Закупка завершена;;;12.08.2026;
44-ФЗ;№0830500000226002136;Электронный аукцион;Поставка лекарственного препарата для медицинского применения (Рибоциклиб);;'262352539315635250100100170500000323;;;22109976.00;RUB;0;;;;;;"КАЗЕННОЕ УЧРЕЖДЕНИЕ В СФЕРЕ ЗДРАВООХРАНЕНИЯ ВОЛОГОДСКОЙ ОБЛАСТИ ""ЦЕНТРАЛИЗОВАННАЯ БУХГАЛТЕРИЯ""";"ГОСУДАРСТВЕННОЕ КАЗЕННОЕ УЧРЕЖДЕНИЕ ВОЛОГОДСКОЙ ОБЛАСТИ ""ЦЕНТР ЗАКУПОК""";31.07.2026;14.08.2026;Закупка завершена;;;12.08.2026;
44-ФЗ;№0815500000526010639;Электронный аукцион;выполнение работ, связанных с осуществлением регулярных перевозок пассажиров и багажа автомобильным транспортом по регулируемым тарифам по муниципальному маршруту №23;;'262213010483021300100100650024931244;;;5881177.92;RUB;0;;;;;;МИНИСТЕРСТВО ТРАНСПОРТА И ДОРОЖНОГО ХОЗЯЙСТВА ЧУВАШСКОЙ РЕСПУБЛИКИ;"КАЗЕННОЕ УЧРЕЖДЕНИЕ ЧУВАШСКОЙ РЕСПУБЛИКИ ""РЕГИОНАЛЬНЫЙ ЦЕНТР ЗАКУПОК ЧУВАШСКОЙ РЕСПУБЛИКИ""";06.08.2026;14.08.2026;Закупка завершена;;;14.08.2026;
44-ФЗ;№0815500000526010573;Электронный аукцион;Ремонт котельных в п.Кугеси Чебоксарского муниципального округа Чувашской Республики;;'263210000345721000100101900014322244;;;6414730.00;RUB;0;;;;;;УПРАВЛЕНИЕ БЛАГОУСТРОЙСТВА И РАЗВИТИЯ ТЕРРИТОРИЙ АДМИНИСТРАЦИИ ЧЕБОКСАРСКОГО МУНИЦИПАЛЬНОГО ОКРУГА ЧУВАШСКОЙ РЕСПУБЛИКИ;"КАЗЕННОЕ УЧРЕЖДЕНИЕ ЧУВАШСКОЙ РЕСПУБЛИКИ ""РЕГИОНАЛЬНЫЙ ЦЕНТР ЗАКУПОК ЧУВАШСКОЙ РЕСПУБЛИКИ""";05.08.2026;14.08.2026;Закупка завершена;;;14.08.2026;
44-ФЗ;№0150200003926000865;Электронный аукцион;Поставка лекарственных препаратов для медицинского применения МНН Руксолитиниб (с целью оказания отдельным категориям граждан социальной поддержки по обеспечению лекарственными препаратами);;'262532102896053210100100410610000323;;;10821384.00;RUB;0;;;;;;МИНИСТЕРСТВО ЗДРАВООХРАНЕНИЯ НОВГОРОДСКОЙ ОБЛАСТИ;АДМИНИСТРАЦИЯ ГУБЕРНАТОРА НОВГОРОДСКОЙ ОБЛАСТИ;23.07.2026;14.08.2026;Закупка завершена;;;03.08.2026;
223-ФЗ;№32616293732;Иной способ;Организацию строительства, в том числе выполнение строительно-монтажных работ с приобретением и ПНР монтируемого оборудования по объекту: «Многоквартирный дом по адресу Республика Башкортостан, Белорецкий район, город Белорецк, улица Твердышева, земельный участок 38».;;;1;Организация строительства, в том числе выполнение строительно-монтажных работ с приобретением и ПНР монтируемого оборудования по объекту: «Многоквартирный дом по адресу Республика Башкортостан, Белорецкий район, город Белорецк, улица Твердышева, земельный участок 38»;147131821.00;RUB;147131821.00;;;;41.20.10.110: Здания жилые общего назначения;;"ОБЩЕСТВО С ОГРАНИЧЕННОЙ ОТВЕТСТВЕННОСТЬЮ СПЕЦИАЛИЗИРОВАННЫЙ ЗАСТРОЙЩИК ""ФОНД ЖИЛИЩНОГО СТРОИТЕЛЬСТВА - РЕГИОН 3""";"ОБЩЕСТВО С ОГРАНИЧЕННОЙ ОТВЕТСТВЕННОСТЬЮ СПЕЦИАЛИЗИРОВАННЫЙ ЗАСТРОЙЩИК ""ФОНД ЖИЛИЩНОГО СТРОИТЕЛЬСТВА - РЕГИОН 3""";14.08.2026;14.08.2026;Закупка завершена;;;;
44-ФЗ;№0853500000326005463;Электронный аукцион;услуги по предоставлению кредитов финансовыми организациями юридическим лицам;;'262561000840156100100100530016419720;;;22315068.49;RUB;0;;;;;;МИНИСТЕРСТВО ФИНАНСОВ ОРЕНБУРГСКОЙ ОБЛАСТИ;"ГОСУДАРСТВЕННОЕ КАЗЕННОЕ УЧРЕЖДЕНИЕ ОРЕНБУРГСКОЙ ОБЛАСТИ ""ЦЕНТР ОРГАНИЗАЦИИ ЗАКУПОК""";06.08.2026;14.08.2026;Закупка завершена;;;14.08.2026;
44-ФЗ;№0358100011826000032;Электронный аукцион;Оказание услуг по организации питания в Кадетской школе «Второй Донской Императора Николая II кадетский корпус» ДГТУ;;'261616503313661650100100710015629244;;;45841604.00;RUB;0;;;;;;"ФЕДЕРАЛЬНОЕ ГОСУДАРСТВЕННОЕ БЮДЖЕТНОЕ ОБРАЗОВАТЕЛЬНОЕ УЧРЕЖДЕНИЕ ВЫСШЕГО ОБРАЗОВАНИЯ ""ДОНСКОЙ ГОСУДАРСТВЕННЫЙ ТЕХНИЧЕСКИЙ УНИВЕРСИТЕТ""";"ФЕДЕРАЛЬНОЕ ГОСУДАРСТВЕННОЕ БЮДЖЕТНОЕ ОБРАЗОВАТЕЛЬНОЕ УЧРЕЖДЕНИЕ ВЫСШЕГО ОБРАЗОВАНИЯ ""ДОНСКОЙ ГОСУДАРСТВЕННЫЙ ТЕХНИЧЕСКИЙ УНИВЕРСИТЕТ""";06.08.2026;14.08.2026;Закупка завершена;;;14.08.2026;
44-ФЗ;№0373200041526000718;Открытый конкурс в электронной форме на проведение работ по строительству, реконструкции, кап. ремонту, сносу объекта кап. строительства в соответствии с п. 8 ч. 1 ст. 33 Закона № 44-ФЗ;Выполнение работ по капитальному ремонту в учреждении, подведомственном ДТСЗН г.Москвы (Закупка 423);;'262770182732077080100107820010000243;;;29649089.14;RUB;0;;;;;;"ГОСУДАРСТВЕННОЕ КАЗЕННОЕ УЧРЕЖДЕНИЕ ГОРОДА МОСКВЫ ""ДИРЕКЦИЯ ПО ОБЕСПЕЧЕНИЮ ДЕЯТЕЛЬНОСТИ ОРГАНИЗАЦИЙ ТРУДА И СОЦИАЛЬНОЙ ЗАЩИТЫ НАСЕЛЕНИЯ ГОРОДА МОСКВЫ""";"ГОСУДАРСТВЕННОЕ КАЗЕННОЕ УЧРЕЖДЕНИЕ ГОРОДА МОСКВЫ ""ДИРЕКЦИЯ ПО ОБЕСПЕЧЕНИЮ ДЕЯТЕЛЬНОСТИ ОРГАНИЗАЦИЙ ТРУДА И СОЦИАЛЬНОЙ ЗАЩИТЫ НАСЕЛЕНИЯ ГОРОДА МОСКВЫ""";22.07.2026;14.08.2026;Закупка завершена;;;13.08.2026;
44-ФЗ;№0373200041526000716;Открытый конкурс в электронной форме на проведение работ по строительству, реконструкции, кап. ремонту, сносу объекта кап. строительства в соответствии с п. 8 ч. 1 ст. 33 Закона № 44-ФЗ;Выполнение работ по капитальному ремонту в учреждении, подведомственном ДТСЗН г.Москвы (Закупка 394);;'262770182732077080100107810010000243;;;29658489.38;RUB;0;;;;;;"ГОСУДАРСТВЕННОЕ КАЗЕННОЕ УЧРЕЖДЕНИЕ ГОРОДА МОСКВЫ ""ДИРЕКЦИЯ ПО ОБЕСПЕЧЕНИЮ ДЕЯТЕЛЬНОСТИ ОРГАНИЗАЦИЙ ТРУДА И СОЦИАЛЬНОЙ ЗАЩИТЫ НАСЕЛЕНИЯ ГОРОДА МОСКВЫ""";"ГОСУДАРСТВЕННОЕ КАЗЕННОЕ УЧРЕЖДЕНИЕ ГОРОДА МОСКВЫ ""ДИРЕКЦИЯ ПО ОБЕСПЕЧЕНИЮ ДЕЯТЕЛЬНОСТИ ОРГАНИЗАЦИЙ ТРУДА И СОЦИАЛЬНОЙ ЗАЩИТЫ НАСЕЛЕНИЯ ГОРОДА МОСКВЫ""";22.07.2026;14.08.2026;Закупка завершена;;;13.08.2026;
44-ФЗ;№0373200041526000715;Открытый конкурс в электронной форме на проведение работ по строительству, реконструкции, кап. ремонту, сносу объекта кап. строительства в соответствии с п. 8 ч. 1 ст. 33 Закона № 44-ФЗ;Выполнение работ по капитальному ремонту в учреждении, подведомственном ДТСЗН г.Москвы (Закупка 396);;'262770182732077080100107800010000243;;;29665179.95;RUB;0;;;;;;"ГОСУДАРСТВЕННОЕ КАЗЕННОЕ УЧРЕЖДЕНИЕ ГОРОДА МОСКВЫ ""ДИРЕКЦИЯ ПО ОБЕСПЕЧЕНИЮ ДЕЯТЕЛЬНОСТИ ОРГАНИЗАЦИЙ ТРУДА И СОЦИАЛЬНОЙ ЗАЩИТЫ НАСЕЛЕНИЯ ГОРОДА МОСКВЫ""";"ГОСУДАРСТВЕННОЕ КАЗЕННОЕ УЧРЕЖДЕНИЕ ГОРОДА МОСКВЫ ""ДИРЕКЦИЯ ПО ОБЕСПЕЧЕНИЮ ДЕЯТЕЛЬНОСТИ ОРГАНИЗАЦИЙ ТРУДА И СОЦИАЛЬНОЙ ЗАЩИТЫ НАСЕЛЕНИЯ ГОРОДА МОСКВЫ""";22.07.2026;14.08.2026;Закупка завершена;;;13.08.2026;
44-ФЗ;№0318100043126000037;Электронный аукцион;Изготовление и поставка мебели для нужд ФБЛПУ «Санаторий «Радуга» ФНС России»;;'261232009501223200100100370383109244;;;26838228.58;RUB;0;;;;;;"ФЕДЕРАЛЬНОЕ БЮДЖЕТНОЕ ЛЕЧЕБНО-ПРОФИЛАКТИЧЕСКОЕ УЧРЕЖДЕНИЕ ""САНАТОРИЙ ""РАДУГА"" ФЕДЕРАЛЬНОЙ НАЛОГОВОЙ СЛУЖБЫ""";"ФЕДЕРАЛЬНОЕ БЮДЖЕТНОЕ ЛЕЧЕБНО-ПРОФИЛАКТИЧЕСКОЕ УЧРЕЖДЕНИЕ ""САНАТОРИЙ ""РАДУГА"" ФЕДЕРАЛЬНОЙ НАЛОГОВОЙ СЛУЖБЫ""";04.08.2026;14.08.2026;Закупка завершена;;;12.08.2026;
44-ФЗ;№0366200035626004972;Запрос котировок в электронной форме;Централизованная поставка лекарственного препарата для медицинского применения ИРИНОТЕКАН (онкологические заболевания);;'262710700631171070100100811230000323;;;6750000.00;RUB;0;;;;;;МИНИСТЕРСТВО ЗДРАВООХРАНЕНИЯ ТУЛЬСКОЙ ОБЛАСТИ;"ГОСУДАРСТВЕННОЕ КАЗЕННОЕ УЧРЕЖДЕНИЕ ТУЛЬСКОЙ ОБЛАСТИ ""ЦЕНТР ОРГАНИЗАЦИИ ЗАКУПОК""";05.08.2026;14.08.2026;Закупка завершена;;;12.08.2026;
44-ФЗ;№0311200021426000069;Открытый конкурс в электронной форме;Оказание услуг по организации питания детей, пребывающих в детских оздоровительных лагерях.;;'262165403343016550100100500715629244;;;9709000.00;RUB;0;;;;;;"ГОСУДАРСТВЕННОЕ БЮДЖЕТНОЕ УЧРЕЖДЕНИЕ ""РЕСПУБЛИКАНСКИЙ ЦЕНТР ПО ОРГАНИЗАЦИИ ОЗДОРОВЛЕНИЯ, ОТДЫХА И ЗАНЯТОСТИ ДЕТЕЙ И ПОДРОСТКОВ ""ЛЕТО""";"ГОСУДАРСТВЕННОЕ БЮДЖЕТНОЕ УЧРЕЖДЕНИЕ ""РЕСПУБЛИКАНСКИЙ ЦЕНТР ПО ОРГАНИЗАЦИИ ОЗДОРОВЛЕНИЯ, ОТДЫХА И ЗАНЯТОСТИ ДЕТЕЙ И ПОДРОСТКОВ ""ЛЕТО""";29.07.2026;14.08.2026;Закупка завершена;;;14.08.2026;
223-ФЗ;№32616294482;Иной способ;Выполнение работ по развитию федеральной государственной информационной системы ведения Единого государственного реестра записей актов гражданского состояния, в части развития прикладной подсистемы государственной регистрации актов гражданского состояния (1-й и 2-й этап), в соответствии с Техническим заданием;;;1;Выполнение работ по развитию федеральной государственной информационной системы ведения Единого государственного реестра записей актов гражданского состояния, в части развития прикладной подсистемы государственной регистрации актов гражданского состояния (1-й и 2-й этап), в соответствии с Техническим заданием;32003700.00;RUB;32003700.00;;;;62.01.11.000: Услуги по проектированию и разработке информационных технологий для прикладных задач и тестированию программного обеспечения;;"АКЦИОНЕРНОЕ ОБЩЕСТВО ""ГЛАВНЫЙ НАУЧНЫЙ ИННОВАЦИОННЫЙ ВНЕДРЕНЧЕСКИЙ ЦЕНТР""";"АКЦИОНЕРНОЕ ОБЩЕСТВО ""ГЛАВНЫЙ НАУЧНЫЙ ИННОВАЦИОННЫЙ ВНЕДРЕНЧЕСКИЙ ЦЕНТР""";14.08.2026;14.08.2026;Закупка завершена;;;;
44-ФЗ;№0806300011826000283;Открытый конкурс в электронной форме;Выполнение научно-исследовательской работы на разработку проекта местных нормативов градостроительного проектирования и проекта Правил землепользования и застройки Петрозаводского городского округа;;'263100104050510010100101370017111244;;;8000000.00;RUB;0;;;;;;АДМИНИСТРАЦИЯ ПЕТРОЗАВОДСКОГО ГОРОДСКОГО ОКРУГА;"МУНИЦИПАЛЬНОЕ КАЗЕННОЕ УЧРЕЖДЕНИЕ ПЕТРОЗАВОДСКОГО ГОРОДСКОГО ОКРУГА ""ПЕТРОСНАБ""";21.07.2026;14.08.2026;Закупка завершена;;;10.08.2026;
44-ФЗ;№0853500000326005466;Электронный аукцион;услуги по предоставлению кредитов финансовыми организациями юридическим лицам;;'262561000840156100100100470016419720;;;44630136.99;RUB;0;;;;;;МИНИСТЕРСТВО ФИНАНСОВ ОРЕНБУРГСКОЙ ОБЛАСТИ;"ГОСУДАРСТВЕННОЕ КАЗЕННОЕ УЧРЕЖДЕНИЕ ОРЕНБУРГСКОЙ ОБЛАСТИ ""ЦЕНТР ОРГАНИЗАЦИИ ЗАКУПОК""";06.08.2026;14.08.2026;Закупка завершена;;;14.08.2026;
44-ФЗ;№0853500000326005470;Электронный аукцион;услуги по предоставлению кредитов финансовыми организациями юридическим лицам;;'262561000840156100100100500016419720;;;22315068.49;RUB;0;;;;;;МИНИСТЕРСТВО ФИНАНСОВ ОРЕНБУРГСКОЙ ОБЛАСТИ;"ГОСУДАРСТВЕННОЕ КАЗЕННОЕ УЧРЕЖДЕНИЕ ОРЕНБУРГСКОЙ ОБЛАСТИ ""ЦЕНТР ОРГАНИЗАЦИИ ЗАКУПОК""";06.08.2026;14.08.2026;Закупка завершена;;;14.08.2026;
44-ФЗ;№0853500000326005462;Электронный аукцион;услуги по предоставлению кредитов финансовыми организациями юридическим лицам;;'262561000840156100100100420016419720;;;44630136.99;RUB;0;;;;;;МИНИСТЕРСТВО ФИНАНСОВ ОРЕНБУРГСКОЙ ОБЛАСТИ;"ГОСУДАРСТВЕННОЕ КАЗЕННОЕ УЧРЕЖДЕНИЕ ОРЕНБУРГСКОЙ ОБЛАСТИ ""ЦЕНТР ОРГАНИЗАЦИИ ЗАКУПОК""";06.08.2026;14.08.2026;Закупка завершена;;;14.08.2026;
44-ФЗ;№0853500000326005464;Электронный аукцион;услуги по предоставлению кредитов финансовыми организациями юридическим лицам;;'262561000840156100100100450016419720;;;44630136.99;RUB;0;;;;;;МИНИСТЕРСТВО ФИНАНСОВ ОРЕНБУРГСКОЙ ОБЛАСТИ;"ГОСУДАРСТВЕННОЕ КАЗЕННОЕ УЧРЕЖДЕНИЕ ОРЕНБУРГСКОЙ ОБЛАСТИ ""ЦЕНТР ОРГАНИЗАЦИИ ЗАКУПОК""";06.08.2026;14.08.2026;Закупка завершена;;;14.08.2026;
44-ФЗ;№0133200001726002168;Открытый конкурс в электронной форме;Оказание услуг по отдыху и оздоровлению детей, не имеющих медицинских противопоказаний для пребывания в организациях отдыха детей и их оздоровления круглогодичного действия в целях социального обеспечения;;'262372801334637020100100400018541323;;;7769260.80;RUB;0;;;;;;ДЕПАРТАМЕНТ СОЦИАЛЬНОЙ ЗАЩИТЫ НАСЕЛЕНИЯ ИВАНОВСКОЙ ОБЛАСТИ;ДЕПАРТАМЕНТ КОНКУРСОВ И АУКЦИОНОВ ИВАНОВСКОЙ ОБЛАСТИ;29.07.2026;14.08.2026;Закупка завершена;;;14.08.2026;
44-ФЗ;№0133200001726002166;Открытый конкурс в электронной форме;Оказание услуг по отдыху и оздоровлению детей, не имеющих медицинских противопоказаний для пребывания в организациях отдыха детей и их оздоровления круглогодичного действия в целях социального обеспечения;;'262372801334637020100100380018541323;;;8740418.40;RUB;0;;;;;;ДЕПАРТАМЕНТ СОЦИАЛЬНОЙ ЗАЩИТЫ НАСЕЛЕНИЯ ИВАНОВСКОЙ ОБЛАСТИ;ДЕПАРТАМЕНТ КОНКУРСОВ И АУКЦИОНОВ ИВАНОВСКОЙ ОБЛАСТИ;29.07.2026;14.08.2026;Закупка завершена;;;14.08.2026;
44-ФЗ;№0803600031826000056;Открытый конкурс в электронной форме;Благоустройство спортивной площадки по пер.Красноармейский,52 в г.Дербент;;'263054201058405420100100530014299244;;;7767380.00;RUB;0;;;;;;"МУНИЦИПАЛЬНОЕ БЮДЖЕТНОЕ УЧРЕЖДЕНИЕ ""УПРАВЛЕНИЕ ГОРОДСКОГО ХОЗЯЙСТВА"" ГОРОДСКОГО ОКРУГА ""ГОРОД ДЕРБЕНТ""";"УПРАВЛЕНИЕ ПО РЕГУЛИРОВАНИЮ КОНТРАКТНОЙ СИСТЕМЫ ГОРОДСКОГО ОКРУГА ""ГОРОД ДЕРБЕНТ""";20.07.2026;14.08.2026;Закупка завершена;;;14.08.2026;
44-ФЗ;№0830500000226002137;Электронный аукцион;Поставка лекарственного препарата для медицинского применения ЗАНУБРУТИНИБ;;'262352539315635250100100170520000323;;;10040822.40;RUB;0;;;;;;"КАЗЕННОЕ УЧРЕЖДЕНИЕ В СФЕРЕ ЗДРАВООХРАНЕНИЯ ВОЛОГОДСКОЙ ОБЛАСТИ ""ЦЕНТРАЛИЗОВАННАЯ БУХГАЛТЕРИЯ""";"ГОСУДАРСТВЕННОЕ КАЗЕННОЕ УЧРЕЖДЕНИЕ ВОЛОГОДСКОЙ ОБЛАСТИ ""ЦЕНТР ЗАКУПОК""";31.07.2026;14.08.2026;Закупка завершена;;;12.08.2026;
44-ФЗ;№0853500000326005467;Электронный аукцион;услуги по предоставлению кредитов финансовыми организациями юридическим лицам;;'262561000840156100100100490016419720;;;44630136.99;RUB;0;;;;;;МИНИСТЕРСТВО ФИНАНСОВ ОРЕНБУРГСКОЙ ОБЛАСТИ;"ГОСУДАРСТВЕННОЕ КАЗЕННОЕ УЧРЕЖДЕНИЕ ОРЕНБУРГСКОЙ ОБЛАСТИ ""ЦЕНТР ОРГАНИЗАЦИИ ЗАКУПОК""";06.08.2026;14.08.2026;Закупка завершена;;;14.08.2026;
44-ФЗ;№0314300002426000024;Открытый конкурс в электронной форме;"""Устройство асфальтового покрытия по ул. Газдиева в ЦАО г. Назрань""";;'263060801414106080100100020014211244;;;13000000.00;RUB;0;;;;;;ТЕРРИТОРИАЛЬНЫЙ ИСПОЛНИТЕЛЬНЫЙ ОРГАН МЕСТНОЙ АДМИНИСТРАЦИИ Г. НАЗРАНЬ В ЦЕНТРАЛЬНОМ АДМИНИСТРАТИВНОМ ОКРУГЕ;АДМИНИСТРАЦИЯ Г. НАЗРАНЬ;23.07.2026;14.08.2026;Закупка завершена;;;10.08.2026;
44-ФЗ;№0803600031826000057;Открытый конкурс в электронной форме;Благоустройство спортивной площадки по ул. Салаватова (около моря) в г.Дербент;;'263054201058405420100100450014299244;;;8237480.00;RUB;0;;;;;;"МУНИЦИПАЛЬНОЕ БЮДЖЕТНОЕ УЧРЕЖДЕНИЕ ""УПРАВЛЕНИЕ ГОРОДСКОГО ХОЗЯЙСТВА"" ГОРОДСКОГО ОКРУГА ""ГОРОД ДЕРБЕНТ""";"УПРАВЛЕНИЕ ПО РЕГУЛИРОВАНИЮ КОНТРАКТНОЙ СИСТЕМЫ ГОРОДСКОГО ОКРУГА ""ГОРОД ДЕРБЕНТ""";20.07.2026;14.08.2026;Закупка завершена;;;05.08.2026;
44-ФЗ;№0350300040726000010;Электронный аукцион;Выполнение работ по ремонту моста через реку Порусья (Перерытица) по ул. Возрождения в г. Старая Русса Новгородской области;;'263532201111953220100100250014213244;;;52792799.92;RUB;0;;;;;;"МУНИЦИПАЛЬНОЕ БЮДЖЕТНОЕ УЧРЕЖДЕНИЕ ""АДМИНИСТРАТИВНОЕ УПРАВЛЕНИЕ ГОРОДСКИМ ХОЗЯЙСТВОМ""";"МУНИЦИПАЛЬНОЕ БЮДЖЕТНОЕ УЧРЕЖДЕНИЕ ""АДМИНИСТРАТИВНОЕ УПРАВЛЕНИЕ ГОРОДСКИМ ХОЗЯЙСТВОМ""";05.08.2026;14.08.2026;Закупка завершена;;;13.08.2026;
44-ФЗ;№0133200001726002197;Электронный аукцион;Услуги по организации бесплатного горячего питания обучающихся, получающих начальное общее образование в муниципальных образовательных организациях;;263371101198237320100100690015629244, 263371101178137320100100210015629244, 263371101201637320100100200015629244, 263371101200937320100101000015629244;;;8864463.60;RUB;0;;;;;;;ДЕПАРТАМЕНТ КОНКУРСОВ И АУКЦИОНОВ ИВАНОВСКОЙ ОБЛАСТИ;30.07.2026;14.08.2026;Закупка завершена;;;12.08.2026;
44-ФЗ;№0372100049626001690;Электронный аукцион;Поставка моющих средств для прачечной;;'261780203042978140100100202290000244;;;6061596.60;RUB;0;;;;;;"ФЕДЕРАЛЬНОЕ ГОСУДАРСТВЕННОЕ БЮДЖЕТНОЕ УЧРЕЖДЕНИЕ ""НАЦИОНАЛЬНЫЙ МЕДИЦИНСКИЙ ИССЛЕДОВАТЕЛЬСКИЙ ЦЕНТР ИМЕНИ В.А. АЛМАЗОВА"" МИНИСТЕРСТВА ЗДРАВООХРАНЕНИЯ РОССИЙСКОЙ ФЕДЕРАЦИИ";"ФЕДЕРАЛЬНОЕ ГОСУДАРСТВЕННОЕ БЮДЖЕТНОЕ УЧРЕЖДЕНИЕ ""НАЦИОНАЛЬНЫЙ МЕДИЦИНСКИЙ ИССЛЕДОВАТЕЛЬСКИЙ ЦЕНТР ИМЕНИ В.А. АЛМАЗОВА"" МИНИСТЕРСТВА ЗДРАВООХРАНЕНИЯ РОССИЙСКОЙ ФЕДЕРАЦИИ";24.07.2026;14.08.2026;Закупка завершена;;;03.08.2026;
44-ФЗ;№0168500000626002663;Запрос котировок в электронной форме;Лекарственный препарат Дапаглифлозин  для обеспечения отдельных категорий граждан, имеющих право на льготное лекарственное обеспечение в соответствии с постановлением Правительства Ульяновской области от 15.11.2010 № 387-П «О некоторых мерах по реализации постановления Правительства Российской Федерации от 30.07.1994 № 890 «О государственной поддержке развития медицинской промышленности и улучшении обеспечения населения и учреждений здравоохранения лекарственными средствами и изделиями медицинского назначения»  в 2026 году;;'262732500095173250100100333000000323;;;9994003.20;RUB;0;;;;;;МИНИСТЕРСТВО ЗДРАВООХРАНЕНИЯ УЛЬЯНОВСКОЙ ОБЛАСТИ;АГЕНТСТВО ГОСУДАРСТВЕННЫХ ЗАКУПОК УЛЬЯНОВСКОЙ ОБЛАСТИ;07.08.2026;14.08.2026;Закупка завершена;;;14.08.2026;
44-ФЗ;№0168500000626002647;Запрос котировок в электронной форме;Лекарственный препарат Ивакафтор+Тезакафтор+Элексакафтор и Ивакафтор (торговое наименование Трикафта) для обеспечения на основании решения врачебной комиссии пациента (Г.Ю.Д) для обеспечения по решению, принятому судебными органами;;'262732500095173250100100280570000000;;;7994448.00;RUB;0;;;;;;МИНИСТЕРСТВО ЗДРАВООХРАНЕНИЯ УЛЬЯНОВСКОЙ ОБЛАСТИ;АГЕНТСТВО ГОСУДАРСТВЕННЫХ ЗАКУПОК УЛЬЯНОВСКОЙ ОБЛАСТИ;05.08.2026;14.08.2026;Закупка завершена;;;12.08.2026;
44-ФЗ;№0168500000626002645;Запрос котировок в электронной форме;Лекарственный препарат Ивакафтор+Тезакафтор+Элексакафтор и Ивакафтор (торговое наименование Трикафта) для обеспечения на основании решения врачебной комиссии пациента (Н.А.А.) для обеспечения по решению, принятому судебными органами;;'262732500095173250100100280590000000;;;7994448.00;RUB;0;;;;;;МИНИСТЕРСТВО ЗДРАВООХРАНЕНИЯ УЛЬЯНОВСКОЙ ОБЛАСТИ;АГЕНТСТВО ГОСУДАРСТВЕННЫХ ЗАКУПОК УЛЬЯНОВСКОЙ ОБЛАСТИ;05.08.2026;14.08.2026;Закупка завершена;;;12.08.2026;
44-ФЗ;№0168500000626002643;Запрос котировок в электронной форме;Лекарственный препарат Ивакафтор+Тезакафтор+Элексакафтор и Ивакафтор (торговое наименование Трикафта) для обеспечения на основании решения врачебной комиссии пациента (М.Д.А.) для обеспечения по решению, принятому судебными органами;;'262732500095173250100100280580000000;;;7994448.00;RUB;0;;;;;;МИНИСТЕРСТВО ЗДРАВООХРАНЕНИЯ УЛЬЯНОВСКОЙ ОБЛАСТИ;АГЕНТСТВО ГОСУДАРСТВЕННЫХ ЗАКУПОК УЛЬЯНОВСКОЙ ОБЛАСТИ;05.08.2026;14.08.2026;Закупка завершена;;;12.08.2026;
44-ФЗ;№0168500000626002620;Электронный аукцион;Средства самоконтроля уровня глюкозы в крови для медицинского применения по рецептам на медицинские изделия;;'262732500095173250100100500030000323;;;5392000.00;RUB;0;;;;;;МИНИСТЕРСТВО ЗДРАВООХРАНЕНИЯ УЛЬЯНОВСКОЙ ОБЛАСТИ;АГЕНТСТВО ГОСУДАРСТВЕННЫХ ЗАКУПОК УЛЬЯНОВСКОЙ ОБЛАСТИ;03.08.2026;14.08.2026;Закупка завершена;;;12.08.2026;
44-ФЗ;№0168500000626002630;Электронный аукцион;Лекарственный препарат Гилтеритиниб для обеспечения граждан по решению, принятому судебными органами;;'262732500095173250100100290440000000;;;9750001.80;RUB;0;;;;;;МИНИСТЕРСТВО ЗДРАВООХРАНЕНИЯ УЛЬЯНОВСКОЙ ОБЛАСТИ;АГЕНТСТВО ГОСУДАРСТВЕННЫХ ЗАКУПОК УЛЬЯНОВСКОЙ ОБЛАСТИ;04.08.2026;14.08.2026;Закупка завершена;;;12.08.2026;
44-ФЗ;№0859200001126009485;Электронный аукцион;Оказание услуг по предоставлению сертификата на оказание технической поддержки специального программного обеспечения, предназначенного для проведения консультаций с применением телемедицинских технологий;;'262622910085662290100101220016202244;;;6897000.00;RUB;0;;;;;;"ГОСУДАРСТВЕННОЕ КАЗЕННОЕ УЧРЕЖДЕНИЕ РЯЗАНСКОЙ ОБЛАСТИ ""АГЕНТСТВО ПО ЗАКУПКАМ В СФЕРЕ ЗДРАВООХРАНЕНИЯ""";"ГОСУДАРСТВЕННОЕ КАЗЕННОЕ УЧРЕЖДЕНИЕ РЯЗАНСКОЙ ОБЛАСТИ ""ЦЕНТР ЗАКУПОК РЯЗАНСКОЙ ОБЛАСТИ""";04.08.2026;14.08.2026;Закупка завершена;;;13.08.2026;
44-ФЗ;№0137200001226006471;Электронный аукцион;Поставка лекарственного препарата для медицинского применения (МНН Оксалиплатин) (Лот 25);;'262402702230540270100111950012120000;;;19107660.00;RUB;0;;;;;;"ГОСУДАРСТВЕННОЕ ПРЕДПРИЯТИЕ КАЛУЖСКОЙ ОБЛАСТИ ""КАЛУГАФАРМАЦИЯ""";МИНИСТЕРСТВО КОНКУРЕНТНОЙ ПОЛИТИКИ КАЛУЖСКОЙ ОБЛАСТИ;04.08.2026;14.08.2026;Закупка завершена;;;13.08.2026;
44-ФЗ;№0137600007926000096;Электронный аукцион;Ремонт автомобильной дороги по ул. Садовая от дома №12 до дома № 32А г. Козельск Калужской области, протяженностью 0,585 км;;'263400002883940000100101050014211244;;;8204677.67;RUB;0;;;;;;АДМИНИСТРАЦИЯ КОЗЕЛЬСКОГО МУНИЦИПАЛЬНОГО ОКРУГА КАЛУЖСКОЙ ОБЛАСТИ;АДМИНИСТРАЦИЯ КОЗЕЛЬСКОГО МУНИЦИПАЛЬНОГО ОКРУГА КАЛУЖСКОЙ ОБЛАСТИ;05.08.2026;14.08.2026;Закупка завершена;;;13.08.2026;
44-ФЗ;№0172200004726000189;Открытый конкурс в электронной форме;Поставка, сборка, установка мебели;;'262781181252878110100100160010000244;;;19113714.00;RUB;0;;;;;;ГОСУДАРСТВЕННОЕ БЮДЖЕТНОЕ ОБЩЕОБРАЗОВАТЕЛЬНОЕ УЧРЕЖДЕНИЕ ШКОЛА № 626 НЕВСКОГО РАЙОНА САНКТ-ПЕТЕРБУРГА;АДМИНИСТРАЦИЯ НЕВСКОГО РАЙОНА САНКТ-ПЕТЕРБУРГА;24.07.2026;14.08.2026;Закупка завершена;;;14.08.2026;
44-ФЗ;№0131300044326000024;Открытый конкурс в электронной форме на проведение работ по строительству, реконструкции, кап. ремонту, сносу объекта кап. строительства в соответствии с п. 8 ч. 1 ст. 33 Закона № 44-ФЗ;Выполнение работ по ремонту автомобильной дороги общего пользования местного значения Подгоренского городского поселения Подгоренского муниципального района  Воронежской области;;'263362400138536240100100320014211244;;;5377805.21;RUB;0;;;;;;АДМИНИСТРАЦИЯ ПОДГОРЕНСКОГО МУНИЦИПАЛЬНОГО РАЙОНА ВОРОНЕЖСКОЙ ОБЛАСТИ;ФИНАНСОВЫЙ ОТДЕЛ АДМИНИСТРАЦИИ ПОДГОРЕНСКОГО МУНИЦИПАЛЬНОГО РАЙОНА ВОРОНЕЖСКОЙ ОБЛАСТИ;10.08.2026;14.08.2026;Определение поставщика отменено;;;27.08.2026;
44-ФЗ;№0830300002326000127;Электронный аукцион;Натрий хлористый технический (концентрат минеральный ГАЛИТ) для приготовления пескосоляной смеси;;'263352819889035280100100810010893244;;;44250000.00;RUB;0;;;;;;"МУНИЦИПАЛЬНОЕ КАЗЕННОЕ УЧРЕЖДЕНИЕ ""СПЕЦАВТОТРАНС""";"МУНИЦИПАЛЬНОЕ КАЗЕННОЕ УЧРЕЖДЕНИЕ ""СПЕЦАВТОТРАНС""";06.08.2026;14.08.2026;Закупка завершена;;;14.08.2026;
44-ФЗ;№0158400000526000031;Электронный аукцион;Услуги по проведению аттестации объектов информатизации «Выделённое помещение», специальной проверки и специального исследования технических средств;;'261771014610261644500200510017120244;;;5436539.00;RUB;0;;;;;;Главное управление Генеральной прокуратуры Российской Федерации по Северо-Кавказскому и Южному федеральным округам;Главное управление Генеральной прокуратуры Российской Федерации по Северо-Кавказскому и Южному федеральным округам;03.08.2026;14.08.2026;Закупка завершена;;;12.08.2026;
44-ФЗ;№0820500000826004047;Электронный аукцион;Поставка сервера;;'262254020256625400100100740012620244;;;11952100.43;RUB;0;;;;;;"КРАЕВОЕ ГОСУДАРСТВЕННОЕ КАЗЕННОЕ УЧРЕЖДЕНИЕ ""ИНФОРМАЦИОННО-ТЕХНОЛОГИЧЕСКИЙ ЦЕНТР ПРИМОРСКОГО КРАЯ""";"КРАЕВОЕ ГОСУДАРСТВЕННОЕ КАЗЕННОЕ УЧРЕЖДЕНИЕ ""ЦЕНТР ГОСУДАРСТВЕННЫХ ЗАКУПОК ПРИМОРСКОГО КРАЯ""";30.07.2026;14.08.2026;Закупка завершена;;;13.08.2026;
44-ФЗ;№0820500000826004105;Электронный аукцион;Поставка программно-аппаратного комплекса;;'262254020256625400100100730022620244;;;17363846.14;RUB;0;;;;;;"КРАЕВОЕ ГОСУДАРСТВЕННОЕ КАЗЕННОЕ УЧРЕЖДЕНИЕ ""ИНФОРМАЦИОННО-ТЕХНОЛОГИЧЕСКИЙ ЦЕНТР ПРИМОРСКОГО КРАЯ""";"КРАЕВОЕ ГОСУДАРСТВЕННОЕ КАЗЕННОЕ УЧРЕЖДЕНИЕ ""ЦЕНТР ГОСУДАРСТВЕННЫХ ЗАКУПОК ПРИМОРСКОГО КРАЯ""";04.08.2026;14.08.2026;Закупка завершена;;;13.08.2026;
44-ФЗ;№0157200000326000855;Запрос котировок в электронной форме;Поставка расходных материалов к инсулиновым помпам Резервуар для помпы ТачКеар (TouchCare) со шприцом и иглой для наполнения (в целях социального обеспечения граждан) (Регистрационный номер: 915-З-ГЗ);;'262600000367660000100102960013250323;;;5746660.00;RUB;0;;;;;;"ГОСУДАРСТВЕННОЕ КАЗЕННОЕ УЧРЕЖДЕНИЕ ЗДРАВООХРАНЕНИЯ ПСКОВСКОЙ ОБЛАСТИ ""УПРАВЛЕНИЕ ЛЕКАРСТВЕННОГО И МЕДИЦИНСКОГО ОБЕСПЕЧЕНИЯ""";МИНИСТЕРСТВО КОНКУРЕНТНОЙ ПОЛИТИКИ ПСКОВСКОЙ ОБЛАСТИ;06.08.2026;14.08.2026;Закупка завершена;;;13.08.2026;
44-ФЗ;№0142200001326015863;Электронный аукцион;"Поставка реагентов диагностических (лот 7-1) для нужд ГБУЗ СО ""ТГП №2""";;'262632001236663240100100090380000244;;;5716800.00;RUB;0;;;;;;"ГОСУДАРСТВЕННОЕ БЮДЖЕТНОЕ УЧРЕЖДЕНИЕ ЗДРАВООХРАНЕНИЯ САМАРСКОЙ ОБЛАСТИ ""ТОЛЬЯТТИНСКАЯ ГОРОДСКАЯ ПОЛИКЛИНИКА №2""";КОМИТЕТ ПО ОРГАНИЗАЦИИ ТОРГОВ САМАРСКОЙ ОБЛАСТИ;06.08.2026;14.08.2026;Закупка завершена;;;14.08.2026;
44-ФЗ;№0131200001026004624;Электронный аукцион;"2026-05001. Поставка светильников операционных для обеспечения государственных нужд по строительству объекта: «Строительство стационара со вспомогательными объектами для БУЗ ВО ""Бутурлиновская РБ"", Бутурлиновский муниципальный район""";;'262366409523836640100102330013250414;;;8065000.01;RUB;0;;;;;;МИНИСТЕРСТВО СТРОИТЕЛЬСТВА ВОРОНЕЖСКОЙ ОБЛАСТИ;МИНИСТЕРСТВО ПО РЕГУЛИРОВАНИЮ КОНТРАКТНОЙ СИСТЕМЫ В СФЕРЕ ЗАКУПОК ВОРОНЕЖСКОЙ ОБЛАСТИ;03.08.2026;14.08.2026;Закупка завершена;;;12.08.2026;
44-ФЗ;№0848300051626000832;Электронный аукцион;Выполнение работ по круглогодичному содержанию автомобильных дорог общего пользования местного значения на территории Раменского муниципального округа Московской области (месяц);;'263504013859750400100100730014211244;;;49990000.00;RUB;0;;;;;;"МУНИЦИПАЛЬНОЕ КАЗЕННОЕ УЧРЕЖДЕНИЕ ""РАМЕНСКИЕ АВТОМОБИЛЬНЫЕ ДОРОГИ""";"МУНИЦИПАЛЬНОЕ КАЗЕННОЕ УЧРЕЖДЕНИЕ ""ЦЕНТР ЗАКУПОК"" РАМЕНСКОГО МУНИЦИПАЛЬНОГО ОКРУГА МОСКОВСКОЙ ОБЛАСТИ";06.08.2026;14.08.2026;Закупка завершена;;;14.08.2026;
223-ФЗ;№32616277267;Иной способ;Поставка угля;;;1;Поставка угля;26589325.00;RUB;26589325.00;;;;05.10.10.131: Уголь марки Д - длиннопламенный;;"МУНИЦИПАЛЬНОЕ УНИТАРНОЕ ПРЕДПРИЯТИЕ ""ТЕПЛОВОДОСЕТИ""";"МУНИЦИПАЛЬНОЕ УНИТАРНОЕ ПРЕДПРИЯТИЕ ""ТЕПЛОВОДОСЕТИ""";10.08.2026;14.08.2026;Закупка завершена;;;18.08.2026 18:00;
44-ФЗ;№0848300048226000293;Электронный аукцион;Оказание услуги по предоставлению администрации муниципального округа Истра Московской области кредита, в форме возобновляемой кредитной линии, на погашение долговых обязательств и финансирование дефицита бюджета муниципального округа Истра Московской области;;'263501701576650170100101790016419730;;;28800000.00;RUB;0;;;;;;АДМИНИСТРАЦИЯ МУНИЦИПАЛЬНОГО ОКРУГА ИСТРА МОСКОВСКОЙ ОБЛАСТИ;"МУНИЦИПАЛЬНОЕ КАЗЕННОЕ УЧРЕЖДЕНИЕ ""ЦЕНТР ЗАКУПОК""";29.07.2026;14.08.2026;Закупка завершена;;;14.08.2026;
223-ФЗ;№32616277271;Иной способ;Поставка угля;;;1;Поставка угля;36828650.00;RUB;36828650.00;;;;05.10.10.131: Уголь марки Д - длиннопламенный;;"МУНИЦИПАЛЬНОЕ УНИТАРНОЕ ПРЕДПРИЯТИЕ ""ТЕПЛОВОДОСЕТИ""";"МУНИЦИПАЛЬНОЕ УНИТАРНОЕ ПРЕДПРИЯТИЕ ""ТЕПЛОВОДОСЕТИ""";10.08.2026;14.08.2026;Закупка завершена;;;18.08.2026 18:00;
44-ФЗ;№0848300048226000292;Электронный аукцион;Оказание услуги по предоставлению администрации муниципального округа Истра Московской области кредита, в форме возобновляемой кредитной линии, на погашение долговых обязательств и финансирование дефицита бюджета муниципального округа Истра Московской области;;'263501701576650170100101780016419730;;;28800000.00;RUB;0;;;;;;АДМИНИСТРАЦИЯ МУНИЦИПАЛЬНОГО ОКРУГА ИСТРА МОСКОВСКОЙ ОБЛАСТИ;"МУНИЦИПАЛЬНОЕ КАЗЕННОЕ УЧРЕЖДЕНИЕ ""ЦЕНТР ЗАКУПОК""";29.07.2026;14.08.2026;Закупка завершена;;;14.08.2026;
44-ФЗ;№0815500000526010654;Электронный аукцион;Поставка лекарственных препаратов ОСИМЕРТИНИБ;;'262212600312321300100100077140000000;;;55232950.00;RUB;0;;;;;;"ГОСУДАРСТВЕННОЕ УНИТАРНОЕ ПРЕДПРИЯТИЕ ЧУВАШСКОЙ РЕСПУБЛИКИ ""ФАРМАЦИЯ"" МИНИСТЕРСТВА ЗДРАВООХРАНЕНИЯ ЧУВАШСКОЙ РЕСПУБЛИКИ";"КАЗЕННОЕ УЧРЕЖДЕНИЕ ЧУВАШСКОЙ РЕСПУБЛИКИ ""РЕГИОНАЛЬНЫЙ ЦЕНТР ЗАКУПОК ЧУВАШСКОЙ РЕСПУБЛИКИ""";06.08.2026;14.08.2026;Закупка завершена;;;14.08.2026;
44-ФЗ;№0848300048226000295;Открытый конкурс в электронной форме;Выполнение работ по устройству площадок для забора воды пожарными машинами по адресу: Московская область, муниципальный округ Истра, ТО Ивановское-Ермолинское, д.Манихино, д. Ламоново;;'263501710870050170100100730014399244;;;5557338.29;RUB;0;;;;;;"МУНИЦИПАЛЬНОЕ БЮДЖЕТНОЕ УЧРЕЖДЕНИЕ ""ДИРЕКЦИЯ ОБСЛУЖИВАНИЯ ДОРОЖНОГО ХОЗЯЙСТВА И БЛАГОУСТРОЙСТВА"" МУНИЦИПАЛЬНОГО ОКРУГА ИСТРА";"МУНИЦИПАЛЬНОЕ КАЗЕННОЕ УЧРЕЖДЕНИЕ ""ЦЕНТР ЗАКУПОК""";29.07.2026;14.08.2026;Закупка завершена;;;14.08.2026;
44-ФЗ;№0172200003826000061;Открытый конкурс в электронной форме;Оказание услуг по организации питания в ГБОУ средняя общеобразовательная школа №50 Петроградского района Санкт-Петербурга в 2026/2027 учебном году;;'262781313110878130100100190015629244;;;17036957.20;RUB;0;;;;;;ГОСУДАРСТВЕННОЕ БЮДЖЕТНОЕ ОБЩЕОБРАЗОВАТЕЛЬНОЕ УЧРЕЖДЕНИЕ СРЕДНЯЯ ОБЩЕОБРАЗОВАТЕЛЬНАЯ ШКОЛА № 50 ПЕТРОГРАДСКОГО РАЙОНА САНКТ-ПЕТЕРБУРГА;АДМИНИСТРАЦИЯ ПЕТРОГРАДСКОГО РАЙОНА САНКТ-ПЕТЕРБУРГА;21.07.2026;14.08.2026;Закупка завершена;;;06.08.2026;
44-ФЗ;№0172200003826000062;Открытый конкурс в электронной форме;Оказание услуг по организации питания в образовательных учреждениях Петроградского района Санкт-Петербурга (МО Чкаловское и Петровский) в 2026/2027 учебном году;;262781335501078130100100240015629244, 262781312453478130100100300015629244;;;20543715.30;RUB;0;;;;;;;АДМИНИСТРАЦИЯ ПЕТРОГРАДСКОГО РАЙОНА САНКТ-ПЕТЕРБУРГА;21.07.2026;14.08.2026;Закупка завершена;;;06.08.2026;
44-ФЗ;№0187200001726001012;Электронный аукцион;Оказание услуг по предоставлению кредита для финансирования дефицита бюджета и (или) погашения долговых обязательств Ханты-Мансийского автономного округа – Югры;;'262860100962086010100100840026419720;;;165000000.00;RUB;0;;;;;;ДЕПАРТАМЕНТ ФИНАНСОВ ХАНТЫ-МАНСИЙСКОГО АВТОНОМНОГО ОКРУГА - ЮГРЫ;ДЕПАРТАМЕНТ ГОСУДАРСТВЕННОГО ЗАКАЗА ХАНТЫ-МАНСИЙСКОГО АВТОНОМНОГО ОКРУГА - ЮГРЫ;06.08.2026;14.08.2026;Закупка завершена;;;14.08.2026;
44-ФЗ;№0340200003326009607;Электронный аукцион;Выполнение работ по содержанию автомобильных дорог общего пользования местного значения в городе Вятские Поляны Кировской области и искусственных сооружений на них (в границах города);;'263434000370443070100100340014211244;;;17171718.00;RUB;0;;;;;;АДМИНИСТРАЦИЯ МУНИЦИПАЛЬНОГО ОБРАЗОВАНИЯ ГОРОДСКОГО ОКРУГА ГОРОД ВЯТСКИЕ ПОЛЯНЫ КИРОВСКОЙ ОБЛАСТИ;"КИРОВСКОЕ ОБЛАСТНОЕ ГОСУДАРСТВЕННОЕ КАЗЕННОЕ УЧРЕЖДЕНИЕ ""ЦЕНТР ПО ТЕХНИЧЕСКОМУ СОПРОВОЖДЕНИЮ ГОСУДАРСТВЕННЫХ ЗАКУПОК""";04.08.2026;14.08.2026;Закупка завершена;;;12.08.2026;
44-ФЗ;№0187200001726001009;Электронный аукцион;Оказание услуг по предоставлению кредита для финансирования дефицита бюджета и (или) погашения долговых обязательств Ханты-Мансийского автономного округа – Югры;;'262860100962086010100100830016419720;;;165000000.00;RUB;0;;;;;;ДЕПАРТАМЕНТ ФИНАНСОВ ХАНТЫ-МАНСИЙСКОГО АВТОНОМНОГО ОКРУГА - ЮГРЫ;ДЕПАРТАМЕНТ ГОСУДАРСТВЕННОГО ЗАКАЗА ХАНТЫ-МАНСИЙСКОГО АВТОНОМНОГО ОКРУГА - ЮГРЫ;06.08.2026;14.08.2026;Закупка завершена;;;14.08.2026;
44-ФЗ;№0329200062226002176;Открытый конкурс в электронной форме;Оказание услуг по организации питания обучающихся на базе муниципальных общеобразовательных учреждений Еланского муниципального района Волгоградской области в учебный период 2026 года;;263340600521334060100100050015629244, 263340600506934060100100060015629244, 263340600517134060100100060015629244, 263340600512534060100100060015629244, 263340600515734060100100070015629244, 263340620131334060100100070015629244, 263340600511834060100100060015629244, 263340600513234060100100060015629244, 263340600503734060100100070015629244, 263340600505134060100100060015629244, 263340600516434060100100060015629244, 263340600518934060100100090015629244, 263340600514034060100100060015629244, 263340600509034060100100070015629244, 263340600510034060100100060015629244, 263340600504434060100100090015629244;;;20207517.12;RUB;0;;;;;;;"ГОСУДАРСТВЕННОЕ КАЗЕННОЕ УЧРЕЖДЕНИЕ ВОЛГОГРАДСКОЙ ОБЛАСТИ ""ЦЕНТР ОРГАНИЗАЦИИ ЗАКУПОК""";27.07.2026;14.08.2026;Закупка завершена;;;13.08.2026;
44-ФЗ;№0354100014426000053;Запрос котировок в электронной форме;Картофель продовольственный поздний ГОСТ 7176-2017 (в рамках ГОЗ) ;;'261645404257057520100100000800113223;;;6170900.00;RUB;0;;;;;;"ФЕДЕРАЛЬНОЕ КАЗЕННОЕ УЧРЕЖДЕНИЕ ""БАЗА МАТЕРИАЛЬНО-ТЕХНИЧЕСКОГО И ВОЕННОГО СНАБЖЕНИЯ УПРАВЛЕНИЯ ФЕДЕРАЛЬНОЙ СЛУЖБЫ ИСПОЛНЕНИЯ НАКАЗАНИЙ ПО ОРЛОВСКОЙ ОБЛАСТИ""";"ФЕДЕРАЛЬНОЕ КАЗЕННОЕ УЧРЕЖДЕНИЕ ""БАЗА МАТЕРИАЛЬНО-ТЕХНИЧЕСКОГО И ВОЕННОГО СНАБЖЕНИЯ УПРАВЛЕНИЯ ФЕДЕРАЛЬНОЙ СЛУЖБЫ ИСПОЛНЕНИЯ НАКАЗАНИЙ ПО ОРЛОВСКОЙ ОБЛАСТИ""";06.08.2026;14.08.2026;Закупка завершена;;;13.08.2026;
44-ФЗ;№0815500000526010495;Электронный аукцион;Услуги охраны;;'262212731073721300100100050048010244;;;5624668.80;RUB;0;;;;;;"БЮДЖЕТНОЕ ОБЩЕОБРАЗОВАТЕЛЬНОЕ УЧРЕЖДЕНИЕ ЧУВАШСКОЙ РЕСПУБЛИКИ ""ЧЕБОКСАРСКАЯ НАЧАЛЬНАЯ ОБЩЕОБРАЗОВАТЕЛЬНАЯ ШКОЛА ДЛЯ ОБУЧАЮЩИХСЯ С ОГРАНИЧЕННЫМИ ВОЗМОЖНОСТЯМИ ЗДОРОВЬЯ № 1"" МИНИСТЕРСТВА ОБРАЗОВАНИЯ ЧУВАШСКОЙ РЕСПУБЛИКИ";"КАЗЕННОЕ УЧРЕЖДЕНИЕ ЧУВАШСКОЙ РЕСПУБЛИКИ ""РЕГИОНАЛЬНЫЙ ЦЕНТР ЗАКУПОК ЧУВАШСКОЙ РЕСПУБЛИКИ""";03.08.2026;14.08.2026;Закупка завершена;;;12.08.2026;
44-ФЗ;№0108500000426004315;Электронный аукцион;Оказание услуг по техническому обслуживанию  медицинского оборудования для нужд Государственного бюджетного учреждения Республики Марий Эл «Республиканская клиническая больница»;;'262121503760512150100101970023313244;;;7215395.60;RUB;0;;;;;;"ГОСУДАРСТВЕННОЕ БЮДЖЕТНОЕ УЧРЕЖДЕНИЕ РЕСПУБЛИКИ МАРИЙ ЭЛ ""РЕСПУБЛИКАНСКАЯ КЛИНИЧЕСКАЯ БОЛЬНИЦА""";КОМИТЕТ ПО РЕГУЛИРОВАНИЮ КОНТРАКТНОЙ СИСТЕМЫ В СФЕРЕ ЗАКУПОК РЕСПУБЛИКИ МАРИЙ ЭЛ;04.08.2026;14.08.2026;Закупка завершена;;;12.08.2026;
44-ФЗ;№0340200003326009627;Электронный аукцион;Поставка расходных материалов для взятия венозной крови для лабораторных исследований;;'262434601121143450100100170290000000;;;6422500.00;RUB;0;;;;;;"КИРОВСКОЕ ОБЛАСТНОЕ ГОСУДАРСТВЕННОЕ БЮДЖЕТНОЕ УЧРЕЖДЕНИЕ ЗДРАВООХРАНЕНИЯ  ""КИРОВСКАЯ ОБЛАСТНАЯ КЛИНИЧЕСКАЯ БОЛЬНИЦА""";"КИРОВСКОЕ ОБЛАСТНОЕ ГОСУДАРСТВЕННОЕ КАЗЕННОЕ УЧРЕЖДЕНИЕ ""ЦЕНТР ПО ТЕХНИЧЕСКОМУ СОПРОВОЖДЕНИЮ ГОСУДАРСТВЕННЫХ ЗАКУПОК""";04.08.2026;14.08.2026;Закупка завершена;;;13.08.2026;
44-ФЗ;№0848300057726000195;Запрос котировок в электронной форме;Выполнение работ по текущему ремонту автомобильных дорог общего пользования местного значения на территории Волоколамского муниципального округа;;'263500400389050040100102590014211244;;;7106254.20;RUB;0;;;;;;АДМИНИСТРАЦИЯ ВОЛОКОЛАМСКОГО МУНИЦИПАЛЬНОГО ОКРУГА МОСКОВСКОЙ ОБЛАСТИ;"МУНИЦИПАЛЬНОЕ КАЗЕННОЕ УЧРЕЖДЕНИЕ ""ЦЕНТР ЗАКУПОК""";31.07.2026;14.08.2026;Определение поставщика отменено;;;20.08.2026;
223-ФЗ;№32616293533;Иной способ;Поставка топлива дизельного арктического;;;1;Поставка топлива дизельного арктического;5795000.00;RUB;5795000.00;;;;19.20.21.335: Топливо дизельное арктическое экологического класса К5;;"ФЕДЕРАЛЬНОЕ ГОСУДАРСТВЕННОЕ БЮДЖЕТНОЕ УЧРЕЖДЕНИЕ ""УПРАВЛЕНИЕ ДОГОВОРНЫХ ПОДРАЗДЕЛЕНИЙ ФЕДЕРАЛЬНОЙ ПРОТИВОПОЖАРНОЙ СЛУЖБЫ ГОСУДАРСТВЕННОЙ ПРОТИВОПОЖАРНОЙ СЛУЖБЫ № 3""";"ФЕДЕРАЛЬНОЕ ГОСУДАРСТВЕННОЕ БЮДЖЕТНОЕ УЧРЕЖДЕНИЕ ""УПРАВЛЕНИЕ ДОГОВОРНЫХ ПОДРАЗДЕЛЕНИЙ ФЕДЕРАЛЬНОЙ ПРОТИВОПОЖАРНОЙ СЛУЖБЫ ГОСУДАРСТВЕННОЙ ПРОТИВОПОЖАРНОЙ СЛУЖБЫ № 3""";14.08.2026;14.08.2026;Закупка завершена;;;;
44-ФЗ;№0148300000626000870;Открытый конкурс в электронной форме;Оказание услуг по организации рационального горячего питания обучающихся МБОУ ЦО № 3;;'263503102422650310100100370015629244;;;9401920.00;RUB;0;;;;;;"МУНИЦИПАЛЬНОЕ БЮДЖЕТНОЕ ОБЩЕОБРАЗОВАТЕЛЬНОЕ УЧРЕЖДЕНИЕ ""ЦЕНТР ОБРАЗОВАНИЯ № 3""";АДМИНИСТРАЦИЯ БОГОРОДСКОГО ГОРОДСКОГО ОКРУГА МОСКОВСКОЙ ОБЛАСТИ;27.07.2026;14.08.2026;Закупка завершена;;;12.08.2026;
44-ФЗ;№0174500001126004713;Электронный аукцион на проведение работ по строительству, реконструкции, кап. ремонту, сносу объекта кап. строительства в соответствии с п. 8 ч. 1 ст. 33 Закона № 44-ФЗ;на выполнение работ по капитальному ремонту детской и спортивной площадок в с. Флотское на территории внутригородского муниципального образования  города Севастополя Балаклавский муниципальный округ;;'263920250181792020100100130014299243;;;8000000.00;RUB;0;;;;;;МЕСТНАЯ АДМИНИСТРАЦИЯ ВНУТРИГОРОДСКОГО МУНИЦИПАЛЬНОГО ОБРАЗОВАНИЯ ГОРОДА СЕВАСТОПОЛЯ БАЛАКЛАВСКОГО МУНИЦИПАЛЬНОГО ОКРУГА;ДЕПАРТАМЕНТ АДМИНИСТРАТИВНО-ХОЗЯЙСТВЕННОГО ОБЕСПЕЧЕНИЯ ИСПОЛНИТЕЛЬНЫХ ОРГАНОВ ГОРОДА СЕВАСТОПОЛЯ;05.08.2026;14.08.2026;Закупка завершена;;;14.08.2026;
44-ФЗ;№0145200000426001215;Электронный аукцион;Поставка нефтепродуктов;;'262470608686447060100100860071920244;;;19831270.00;RUB;0;;;;;;"ГОСУДАРСТВЕННОЕ БЮДЖЕТНОЕ УЧРЕЖДЕНИЕ ЛЕНИНГРАДСКОЙ ОБЛАСТИ ""КИРИШСКОЕ ДОРОЖНОЕ РЕМОНТНО-СТРОИТЕЛЬНОЕ УПРАВЛЕНИЕ""";КОМИТЕТ ГОСУДАРСТВЕННОГО ЗАКАЗА ЛЕНИНГРАДСКОЙ ОБЛАСТИ;05.08.2026;14.08.2026;Закупка завершена;;;13.08.2026;
44-ФЗ;№0172200002526000457;Открытый конкурс в электронной форме;Оказание услуг по организации питания обучающихся в СПб ГБПОУ КСИПТ в 2026-2027 годах.;;'262780505901778050100100130015629244;;;75628608.12;RUB;0;;;;;;"САНКТ-ПЕТЕРБУРГСКОЕ ГОСУДАРСТВЕННОЕ БЮДЖЕТНОЕ ПРОФЕССИОНАЛЬНОЕ ОБРАЗОВАТЕЛЬНОЕ УЧРЕЖДЕНИЕ ""КОЛЛЕДЖ СУДОСТРОЕНИЯ, ИНФОРМАЦИОННЫХ И ПРИКЛАДНЫХ ТЕХНОЛОГИЙ""";КОМИТЕТ ПО ГОСУДАРСТВЕННОМУ ЗАКАЗУ САНКТ-ПЕТЕРБУРГА;21.07.2026;14.08.2026;Закупка завершена;;;06.08.2026;
44-ФЗ;№0132300001726000617;Электронный аукцион;Оказание услуги по предоставлению прав на использование программного обеспечения  (лицензий) для обеспечения возможности бесшовной интеграции видеопотоков от существующих источников формирования видеоизображения с объектов формирования видеоизображения в единую платформу видеоменеджмента, в рамках развития и масштабирования аппаратно-программного комплекса «Безопасный город» (640-ЭА-26-МН);;'263524902200152490100101210026311244;;;7021662.23;RUB;0;;;;;;АДМИНИСТРАЦИЯ Г.ДЗЕРЖИНСКА НИЖЕГОРОДСКОЙ ОБЛАСТИ;АДМИНИСТРАЦИЯ Г.ДЗЕРЖИНСКА НИЖЕГОРОДСКОЙ ОБЛАСТИ;06.08.2026;14.08.2026;Закупка завершена;;;14.08.2026;
44-ФЗ;№0174500001126004731;Электронный аукцион;на поставку простыней для стола для осмотра/терапевтических процедур, одноразового использования;;'262920402213692040100100280050000244;;;21000000.00;RUB;0;;;;;;"ГОСУДАРСТВЕННОЕ БЮДЖЕТНОЕ УЧРЕЖДЕНИЕ ЗДРАВООХРАНЕНИЯ СЕВАСТОПОЛЯ ""ГОРОДСКАЯ БОЛЬНИЦА № 1 ИМ. Н.И. ПИРОГОВА""";ДЕПАРТАМЕНТ АДМИНИСТРАТИВНО-ХОЗЯЙСТВЕННОГО ОБЕСПЕЧЕНИЯ ИСПОЛНИТЕЛЬНЫХ ОРГАНОВ ГОРОДА СЕВАСТОПОЛЯ;05.08.2026;14.08.2026;Закупка завершена;;;14.08.2026;
44-ФЗ;№0801500001126001516;Электронный аукцион;Ремонт асфальтобетонного покрытия по ул. Советская от д.45 до д.79 в с. Верхние Татышлы муниципального района Татышлинский район Республики Башкортостан;;'263024300041102430100100310014211244;;;7531627.28;RUB;0;;;;;;АДМИНИСТРАЦИЯ СЕЛЬСКОГО ПОСЕЛЕНИЯ ВЕРХНЕТАТЫШЛИНСКИЙ СЕЛЬСОВЕТ МУНИЦИПАЛЬНОГО РАЙОНА ТАТЫШЛИНСКИЙ РАЙОН РЕСПУБЛИКИ БАШКОРТОСТАН;"ГОСУДАРСТВЕННОЕ КАЗЕННОЕ УЧРЕЖДЕНИЕ РЕСПУБЛИКИ БАШКОРТОСТАН ""РЕСПУБЛИКАНСКИЙ ЦЕНТР ТОРГОВ""";05.08.2026;14.08.2026;Закупка завершена;;;14.08.2026;
44-ФЗ;№0806500000226000718;Электронный аукцион;Поставка серверного оборудования;;'262100133881310010100100650012620244;;;22651600.00;RUB;0;;;;;;"ГОСУДАРСТВЕННОЕ БЮДЖЕТНОЕ УЧРЕЖДЕНИЕ РЕСПУБЛИКИ КАРЕЛИЯ ""КАРЕЛЬСКИЙ РЕСУРСНЫЙ ЦЕНТР ЦИФРОВЫХ ТЕХНОЛОГИЙ""";"ГОСУДАРСТВЕННОЕ КАЗЕННОЕ УЧРЕЖДЕНИЕ РЕСПУБЛИКИ КАРЕЛИЯ ""ЦЕНТР ОРГАНИЗАЦИИ ЗАКУПОК РЕСПУБЛИКИ КАРЕЛИЯ И МОНИТОРИНГА В СФЕРЕ ЭКОНОМИКИ""";05.08.2026;14.08.2026;Закупка завершена;;;13.08.2026;
44-ФЗ;№0801500001126001512;Электронный аукцион;Ремонт дороги ул.Центральная от д.№21а до д.№56), с.Кандры-Тюмекеево Туймазинского района РБ 449 м;;'263024400195402690100100060014211244;;;8074796.13;RUB;0;;;;;;АДМИНИСТРАЦИЯ СЕЛЬСКОГО ПОСЕЛЕНИЯ НИКОЛАЕВСКИЙ СЕЛЬСОВЕТ МУНИЦИПАЛЬНОГО РАЙОНА ТУЙМАЗИНСКИЙ РАЙОН РЕСПУБЛИКИ БАШКОРТОСТАН;"ГОСУДАРСТВЕННОЕ КАЗЕННОЕ УЧРЕЖДЕНИЕ РЕСПУБЛИКИ БАШКОРТОСТАН ""РЕСПУБЛИКАНСКИЙ ЦЕНТР ТОРГОВ""";05.08.2026;14.08.2026;Закупка завершена;;;14.08.2026;
44-ФЗ;№0311100000426000024;Электронный аукцион;Овощи свежие поздние урожая 2026 года (Продовольственное обеспечение в рамках государственного оборонного заказа);;'261165601544316560100100000510113223;;;8070837.90;RUB;0;;;;;;"ФЕДЕРАЛЬНОЕ КАЗЕННОЕ УЧРЕЖДЕНИЕ ""БАЗА МАТЕРИАЛЬНО-ТЕХНИЧЕСКОГО И ВОЕННОГО СНАБЖЕНИЯ УПРАВЛЕНИЯ ФЕДЕРАЛЬНОЙ СЛУЖБЫ ИСПОЛНЕНИЯ НАКАЗАНИЙ ПО РЕСПУБЛИКЕ ТАТАРСТАН""";"ФЕДЕРАЛЬНОЕ КАЗЕННОЕ УЧРЕЖДЕНИЕ ""БАЗА МАТЕРИАЛЬНО-ТЕХНИЧЕСКОГО И ВОЕННОГО СНАБЖЕНИЯ УПРАВЛЕНИЯ ФЕДЕРАЛЬНОЙ СЛУЖБЫ ИСПОЛНЕНИЯ НАКАЗАНИЙ ПО РЕСПУБЛИКЕ ТАТАРСТАН""";04.08.2026;14.08.2026;Закупка завершена;;;12.08.2026;
44-ФЗ;№0131200001026004532;Открытый конкурс в электронной форме;2026-04823:) 57рп-26смп Выполнение работ, связанных с осуществлением регулярных перевозок пассажиров и багажа по регулируемым тарифам по межмуниципальным маршрутам регулярных перевозок на территории Воронежской области;;'262366409518936660100100020174931244;;;9006821.18;RUB;0;;;;;;МИНИСТЕРСТВО ПРОМЫШЛЕННОСТИ И ТРАНСПОРТА ВОРОНЕЖСКОЙ ОБЛАСТИ;МИНИСТЕРСТВО ПО РЕГУЛИРОВАНИЮ КОНТРАКТНОЙ СИСТЕМЫ В СФЕРЕ ЗАКУПОК ВОРОНЕЖСКОЙ ОБЛАСТИ;29.07.2026;14.08.2026;Закупка завершена;;;14.08.2026;
44-ФЗ;№0172300004826000013;Электронный аукцион;"Оказание услуг по организации и проведению в 2026 году фестиваля ""Владимирский LIVE. Территория культуры"" на территории внутригородского муниципального образования Санкт-Петербурга муниципальный округ Владимирский округ в рамках праздника ""День Владимирского округа""";;'263784032838278400100100100019329244;;;5330000.00;RUB;0;;;;;;МЕСТНАЯ АДМИНИСТРАЦИЯ ВНУТРИГОРОДСКОГО МУНИЦИПАЛЬНОГО ОБРАЗОВАНИЯ ГОРОДА ФЕДЕРАЛЬНОГО ЗНАЧЕНИЯ САНКТ-ПЕТЕРБУРГА МУНИЦИПАЛЬНЫЙ ОКРУГ ВЛАДИМИРСКИЙ ОКРУГ;МЕСТНАЯ АДМИНИСТРАЦИЯ ВНУТРИГОРОДСКОГО МУНИЦИПАЛЬНОГО ОБРАЗОВАНИЯ ГОРОДА ФЕДЕРАЛЬНОГО ЗНАЧЕНИЯ САНКТ-ПЕТЕРБУРГА МУНИЦИПАЛЬНЫЙ ОКРУГ ВЛАДИМИРСКИЙ ОКРУГ;24.07.2026;14.08.2026;Закупка завершена;;;03.08.2026;
223-ФЗ;№32616291541;Иной способ;Оказание комплекса услуг по обеспечению участия представителей Заказчика в работе Павильона Камчатского края на выставке «Улица Дальнего Востока» в дни проведения Восточного экономического форума;;;1;Оказание комплекса услуг по обеспечению участия представителей Заказчика в работе Павильона Камчатского края на выставке «Улица Дальнего Востока» в дни проведения Восточного экономического форума;9000000.00;RUB;9000000.00;;;;82.30.11.000: Услуги по организации конференций;;"АКЦИОНЕРНОЕ ОБЩЕСТВО ""КОРПОРАЦИЯ РАЗВИТИЯ КАМЧАТСКОГО КРАЯ""";"АКЦИОНЕРНОЕ ОБЩЕСТВО ""КОРПОРАЦИЯ РАЗВИТИЯ КАМЧАТСКОГО КРАЯ""";14.08.2026;14.08.2026;Закупка завершена;;;;
223-ФЗ;№32616293504;Иной способ;Поставка дизельного топлива;;;1;Поставка дизельного топлива;22832276.55;RUB;22832276.55;;;;19.20.21.300: Топливо дизельное;;"АКЦИОНЕРНОЕ ОБЩЕСТВО ""СПЕЦИАЛИЗИРОВАННАЯ АВТОБАЗА""";"АКЦИОНЕРНОЕ ОБЩЕСТВО ""СПЕЦИАЛИЗИРОВАННАЯ АВТОБАЗА""";14.08.2026;14.08.2026;Закупка завершена;;;;
44-ФЗ;№0387200009126003102;Электронный аукцион;Поставка медицинских расходных материалов;;'262860100444586010100107650013250244;;;6039000.00;RUB;0;;;;;;"БЮДЖЕТНОЕ УЧРЕЖДЕНИЕ ХАНТЫ-МАНСИЙСКОГО АВТОНОМНОГО ОКРУГА - ЮГРЫ ""ОКРУЖНАЯ КЛИНИЧЕСКАЯ БОЛЬНИЦА""";"КАЗЕННОЕ УЧРЕЖДЕНИЕ ХАНТЫ-МАНСИЙСКОГО АВТОНОМНОГО ОКРУГА - ЮГРЫ ""ЦЕНТР ЛЕКАРСТВЕННОГО МОНИТОРИНГА""";31.07.2026;14.08.2026;Закупка завершена;;;12.08.2026;
44-ФЗ;№0869200000226006279;Электронный аукцион;Поставка Системы рентгеновской костной денситометрии, двухэнергетической;;'262745301364274530100100050382660244;;;8000000.00;RUB;0;;;;;;"ГОСУДАРСТВЕННОЕ БЮДЖЕТНОЕ УЧРЕЖДЕНИЕ ЗДРАВООХРАНЕНИЯ ""ЧЕЛЯБИНСКАЯ ОБЛАСТНАЯ КЛИНИЧЕСКАЯ БОЛЬНИЦА""";"ГОСУДАРСТВЕННОЕ КАЗЕННОЕ УЧРЕЖДЕНИЕ ""ЦЕНТР ОРГАНИЗАЦИИ ЗАКУПОК ЧЕЛЯБИНСКОЙ ОБЛАСТИ""";03.08.2026;14.08.2026;Закупка завершена;;;12.08.2026;
44-ФЗ;№0145300005326000024;Открытый конкурс в электронной форме;Капитальный ремонт подвала центрального сельского дома культуры, расположенного по адресу: Ленинградская область, Кингисеппский район, пос. Кингисеппский, д.22;;'263470702337747070100100350014399243;;;23636710.00;RUB;0;;;;;;АДМИНИСТРАЦИЯ БОЛЬШЕЛУЦКОГО СЕЛЬСКОГО ПОСЕЛЕНИЯ КИНГИСЕППСКОГО МУНИЦИПАЛЬНОГО РАЙОНА ЛЕНИНГРАДСКОЙ ОБЛАСТИ;АДМИНИСТРАЦИЯ БОЛЬШЕЛУЦКОГО СЕЛЬСКОГО ПОСЕЛЕНИЯ КИНГИСЕППСКОГО МУНИЦИПАЛЬНОГО РАЙОНА ЛЕНИНГРАДСКОЙ ОБЛАСТИ;23.07.2026;14.08.2026;Закупка завершена;;;11.08.2026;
44-ФЗ;№0373200041126000489;Электронный аукцион;"Оказание услуг по замене айс-матов на объектах ГБУ г. Москвы ""ОКЦ ЮВАО"" (Среди СМП и СОНО)";;'262772259790377220100101360010000244;;;13554584.91;RUB;0;;;;;;"ГОСУДАРСТВЕННОЕ БЮДЖЕТНОЕ УЧРЕЖДЕНИЕ ГОРОДА МОСКВЫ ""ОБЪЕДИНЕНИЕ КУЛЬТУРНЫХ И ДОСУГОВЫХ ЦЕНТРОВ ЮГО-ВОСТОЧНОГО АДМИНИСТРАТИВНОГО ОКРУГА""";"ГОСУДАРСТВЕННОЕ КАЗЕННОЕ УЧРЕЖДЕНИЕ ГОРОДА МОСКВЫ ""ДИРЕКЦИЯ ЗАКАЗЧИКА ЖИЛИЩНО-КОММУНАЛЬНОГО ХОЗЯЙСТВА И БЛАГОУСТРОЙСТВА ЮГО-ВОСТОЧНОГО АДМИНИСТРАТИВНОГО ОКРУГА""";06.08.2026;14.08.2026;Закупка завершена;;;14.08.2026;
44-ФЗ;№0148300000626000909;Запрос котировок в электронной форме;Выполнение работ по текущему ремонту Выполнение работ по текущему ремонту изношенных верхних слоев асфальтобетонных покрытий на отдельных участках автомобильных дорог общего пользования местного значения, расположенных на территории Богородского городского округа;;'263503100604050310100101890014211244;;;5000000.00;RUB;0;;;;;;АДМИНИСТРАЦИЯ БОГОРОДСКОГО ГОРОДСКОГО ОКРУГА МОСКОВСКОЙ ОБЛАСТИ;АДМИНИСТРАЦИЯ БОГОРОДСКОГО ГОРОДСКОГО ОКРУГА МОСКОВСКОЙ ОБЛАСТИ;06.08.2026;14.08.2026;Закупка завершена;;;13.08.2026;
44-ФЗ;№0801300012826000091;Открытый конкурс в электронной форме;Выполнение проектных и изыскательских работ по объекту «Строительство примыкания к автомобильной дороге «Дема – Затон» вблизи мкр. «Миловский парк» Уфимского района Республики Башкортостан»;;'263027410813302450100100800017112414;;;10000000.00;RUB;0;;;;;;АДМИНИСТРАЦИЯ МУНИЦИПАЛЬНОГО РАЙОНА УФИМСКИЙ РАЙОН РЕСПУБЛИКИ БАШКОРТОСТАН;"МУНИЦИПАЛЬНОЕ КАЗЕННОЕ УЧРЕЖДЕНИЕ ""УПРАВЛЕНИЕ ПО ЦЕНТРАЛИЗОВАННЫМ ЗАКУПКАМ"" МУНИЦИПАЛЬНОГО РАЙОНА УФИМСКИЙ РАЙОН РЕСПУБЛИКИ БАШКОРТОСТАН";24.07.2026;14.08.2026;Закупка завершена;;;10.08.2026;
44-ФЗ;№0121200004726000936;Электронный аукцион;Поставка медицинского оборудования (система ультразвуковая хирургическая для мягких тканей);;'262263300166126360100108190013250244;;;13581333.33;RUB;0;;;;;;"ГОСУДАРСТВЕННОЕ БЮДЖЕТНОЕ УЧРЕЖДЕНИЕ ЗДРАВООХРАНЕНИЯ СТАВРОПОЛЬСКОГО КРАЯ ""СТАВРОПОЛЬСКИЙ КРАЕВОЙ КЛИНИЧЕСКИЙ ОНКОЛОГИЧЕСКИЙ ДИСПАНСЕР""";КОМИТЕТ СТАВРОПОЛЬСКОГО КРАЯ ПО ГОСУДАРСТВЕННЫМ ЗАКУПКАМ;04.08.2026;14.08.2026;Закупка завершена;;;12.08.2026;
44-ФЗ;№0356500001426006992;Электронный аукцион;Поставка расходных материалов для аппарата донорского тромбоцитафереза;;'262590610796159060100100360010000244;;;9048335.00;RUB;0;;;;;;"ГОСУДАРСТВЕННОЕ БЮДЖЕТНОЕ УЧРЕЖДЕНИЕ ЗДРАВООХРАНЕНИЯ ""ПЕРМСКАЯ КРАЕВАЯ СТАНЦИЯ ПЕРЕЛИВАНИЯ КРОВИ""";"ГОСУДАРСТВЕННОЕ КАЗЕННОЕ УЧРЕЖДЕНИЕ ПЕРМСКОГО КРАЯ ""ЦЕНТР ОРГАНИЗАЦИИ ЗАКУПОК""";12.08.2026;14.08.2026;Определение поставщика отменено;;;20.08.2026;
44-ФЗ;№0848300064126000254;Электронный аукцион;Поставка системных блоков;;'263500106558550120100100370012620244;;;6602667.00;RUB;0;;;;;;"МУНИЦИПАЛЬНОЕ КАЗЁННОЕ УЧРЕЖДЕНИЕ ""ЦЕНТРАЛИЗОВАННАЯ БУХГАЛТЕРИЯ ГОРОДСКОГО ОКРУГА БАЛАШИХА""";"МУНИЦИПАЛЬНОЕ КАЗЁННОЕ УЧРЕЖДЕНИЕ ""КОМИТЕТ ПО ОРГАНИЗАЦИИ ЗАКУПОК ГОРОДСКОГО ОКРУГА БАЛАШИХА""";27.07.2026;14.08.2026;Закупка завершена;;;12.08.2026;
44-ФЗ;№0848300060626000312;Электронный аукцион;Оказание охранных услуг (осуществление комплекса мер, направленных на защиту материального имущества объектов, обеспечение внутриобъектового и пропускного режимов) в 2026, 2027 годах в зданиях МОУ Квашёнковская СОШ;;'263507800407050780100100210018010244;;;8343255.60;RUB;0;;;;;;МУНИЦИПАЛЬНОЕ ОБЩЕОБРАЗОВАТЕЛЬНОЕ УЧРЕЖДЕНИЕ КВАШЁНКОВСКАЯ СРЕДНЯЯ ОБЩЕОБРАЗОВАТЕЛЬНАЯ ШКОЛА;"МУНИЦИПАЛЬНОЕ КАЗЁННОЕ УЧРЕЖДЕНИЕ ""ЦЕНТР УПРАВЛЕНИЯ ЗАКУПКАМИ"" ТАЛДОМСКОГО ГОРОДСКОГО ОКРУГА";05.08.2026;14.08.2026;Закупка завершена;;;13.08.2026;
44-ФЗ;№0801500001126001408;Электронный аукцион;"Поставка лекарственного(-ых) препарата(-ов) для медицинского применения (Апиксабан) для обеспечения отдельных групп населения и граждан по категориям заболеваний, имеющих право на меры социальной поддержки в рамках обеспечения профилактики развития сердечно-сосудистых заболеваний и сердечно сосудистых осложнений у пациентов высокого риска, находящихся на диспансерном наблюдении в 2026 году (Национальный проект ""Продолжительная и активная жизнь"")";;'262027415782102740100108980012120323;;;13010040.00;RUB;0;;;;;;ГОСУДАРСТВЕННОЕ КАЗЕННОЕ УЧРЕЖДЕНИЕ УПРАВЛЕНИЕ МАТЕРИАЛЬНО-ТЕХНИЧЕСКОГО ОБЕСПЕЧЕНИЯ МИНИСТЕРСТВА ЗДРАВООХРАНЕНИЯ РЕСПУБЛИКИ БАШКОРТОСТАН;"ГОСУДАРСТВЕННОЕ КАЗЕННОЕ УЧРЕЖДЕНИЕ РЕСПУБЛИКИ БАШКОРТОСТАН ""РЕСПУБЛИКАНСКИЙ ЦЕНТР ТОРГОВ""";21.07.2026;14.08.2026;Закупка завершена;;;29.07.2026;
223-ФЗ;№32616294137;Иной способ;Выполнение работ по созданию и установке «Памятного знака «Рубеж Сталинградской доблести» на территории Иловлинского городского поселения площадь им. В.И. Ленина в р.п. Иловля Иловлинского района Волгоградской области»;;;1;Выполнение работ по созданию и установке «Памятного знака «Рубеж Сталинградской доблести» на территории Иловлинского городского поселения площадь им. В.И. Ленина в р.п. Иловля Иловлинского района Волгоградской области»;9691840.08;RUB;9691840.08;;;;43.99.90.190: Работы строительные специализированные прочие, не включенные в другие группировки;;"МУНИЦИПАЛЬНОЕ АВТОНОМНОЕ УЧРЕЖДЕНИЕ ""АДМИНИСТРАТИВНО-ХОЗЯЙСТВЕННАЯ СЛУЖБА АДМИНИСТРАЦИИ ИЛОВЛИНСКОГО МУНИЦИПАЛЬНОГО РАЙОНА""";"МУНИЦИПАЛЬНОЕ АВТОНОМНОЕ УЧРЕЖДЕНИЕ ""АДМИНИСТРАТИВНО-ХОЗЯЙСТВЕННАЯ СЛУЖБА АДМИНИСТРАЦИИ ИЛОВЛИНСКОГО МУНИЦИПАЛЬНОГО РАЙОНА""";14.08.2026;14.08.2026;Закупка завершена;;;;
44-ФЗ;№0237100000126000153;Открытый конкурс в электронной форме;Выполнение работ по изготовлению протезов голени в целях социального обеспечения граждан на 2027 год.;;'261402700823740270100102190023250323;;;14200000.00;RUB;0;;;;;;ОТДЕЛЕНИЕ ФОНДА ПЕНСИОННОГО И СОЦИАЛЬНОГО СТРАХОВАНИЯ РОССИЙСКОЙ ФЕДЕРАЦИИ ПО КАЛУЖСКОЙ ОБЛАСТИ;ОТДЕЛЕНИЕ ФОНДА ПЕНСИОННОГО И СОЦИАЛЬНОГО СТРАХОВАНИЯ РОССИЙСКОЙ ФЕДЕРАЦИИ ПО КАЛУЖСКОЙ ОБЛАСТИ;24.07.2026;14.08.2026;Закупка завершена;;;12.08.2026;
44-ФЗ;№0813500000126015234;Электронный аукцион;зз-0018-33817 - 2026 Услуги по организации питанием обучающихся;;'263183301779418400100100110015629244;;;20679649.12;RUB;0;;;;;;"МУНИЦИПАЛЬНОЕ БЮДЖЕТНОЕ ОБЩЕОБРАЗОВАТЕЛЬНОЕ УЧРЕЖДЕНИЕ ""СРЕДНЯЯ ОБЩЕОБРАЗОВАТЕЛЬНАЯ ШКОЛА № 8""";"ГОСУДАРСТВЕННОЕ КАЗЕННОЕ УЧРЕЖДЕНИЕ УДМУРТСКОЙ РЕСПУБЛИКИ ""РЕГИОНАЛЬНЫЙ ЦЕНТР ЗАКУПОК УДМУРТСКОЙ РЕСПУБЛИКИ""";06.08.2026;14.08.2026;Закупка завершена;;;14.08.2026;
44-ФЗ;№0372200096226000035;Электронный аукцион;Поставка оборудования;;'262782534392578400100100540010000244;;;17740000.00;RUB;0;;;;;;"САНКТ-ПЕТЕРБУРГСКОЕ ГОСУДАРСТВЕННОЕ БЮДЖЕТНОЕ УЧРЕЖДЕНИЕ КУЛЬТУРЫ ""ЦЕНТРАЛЬНАЯ ГОРОДСКАЯ ПУБЛИЧНАЯ БИБЛИОТЕКА ИМЕНИ В.В. МАЯКОВСКОГО""";"САНКТ-ПЕТЕРБУРГСКОЕ ГОСУДАРСТВЕННОЕ БЮДЖЕТНОЕ УЧРЕЖДЕНИЕ КУЛЬТУРЫ ""ЦЕНТРАЛЬНАЯ ГОРОДСКАЯ ПУБЛИЧНАЯ БИБЛИОТЕКА ИМЕНИ В.В. МАЯКОВСКОГО""";06.08.2026;14.08.2026;Закупка завершена;;;14.08.2026;
44-ФЗ;№0187200001726001013;Электронный аукцион;Оказание услуг по предоставлению кредита для финансирования дефицита бюджета и (или) погашения долговых обязательств Ханты-Мансийского автономного округа – Югры;;'262860100962086010100100820016419720;;;165000000.00;RUB;0;;;;;;ДЕПАРТАМЕНТ ФИНАНСОВ ХАНТЫ-МАНСИЙСКОГО АВТОНОМНОГО ОКРУГА - ЮГРЫ;ДЕПАРТАМЕНТ ГОСУДАРСТВЕННОГО ЗАКАЗА ХАНТЫ-МАНСИЙСКОГО АВТОНОМНОГО ОКРУГА - ЮГРЫ;06.08.2026;14.08.2026;Закупка завершена;;;14.08.2026;
44-ФЗ;№0142200001326015732;Электронный аукцион;"Поставка, расстановка, монтаж и пуско-наладка системы рентгеновской (флюорографическая) для скрининга органов грудной клетки на объекте: ""Проектирование и строительство (реконструкция) поликлиники в г.о. Кинель Самарской области""";;'262631585657263150100100750012660414;;;9633766.67;RUB;0;;;;;;"ГОСУДАРСТВЕННОЕ КАЗЕННОЕ УЧРЕЖДЕНИЕ САМАРСКОЙ ОБЛАСТИ ""УПРАВЛЕНИЕ КАПИТАЛЬНОГО СТРОИТЕЛЬСТВА""";КОМИТЕТ ПО ОРГАНИЗАЦИИ ТОРГОВ САМАРСКОЙ ОБЛАСТИ;04.08.2026;14.08.2026;Закупка завершена;;;12.08.2026;
44-ФЗ;№0172200004726000194;Открытый конкурс в электронной форме;Оказание услуг общественного питания в государственных бюджетных образовательных учреждениях, находящихся в ведении администрации Невского района Санкт-Петербурга в 2026-2027 годах;;'262781179111678110100100240015629244;;;32407030.50;RUB;0;;;;;;ГОСУДАРСТВЕННОЕ БЮДЖЕТНОЕ ОБЩЕОБРАЗОВАТЕЛЬНОЕ УЧРЕЖДЕНИЕ СРЕДНЯЯ ОБЩЕОБРАЗОВАТЕЛЬНАЯ ШКОЛА № 566 НЕВСКОГО РАЙОНА САНКТ-ПЕТЕРБУРГА;АДМИНИСТРАЦИЯ НЕВСКОГО РАЙОНА САНКТ-ПЕТЕРБУРГА;28.07.2026;14.08.2026;Закупка завершена;;;14.08.2026;
44-ФЗ;№0172200004726000239;Открытый конкурс в электронной форме;Оказание услуг общественного питания в государственных бюджетных образовательных учреждениях, находящихся в ведении администрации Невского района Санкт-Петербурга в 2026-2027 годах;;'262781102297878110100100190015629244;;;23058974.10;RUB;0;;;;;;ГОСУДАРСТВЕННОЕ БЮДЖЕТНОЕ ОБЩЕОБРАЗОВАТЕЛЬНОЕ УЧРЕЖДЕНИЕ СРЕДНЯЯ ОБЩЕОБРАЗОВАТЕЛЬНАЯ ШКОЛА № 516 НЕВСКОГО РАЙОНА САНКТ-ПЕТЕРБУРГА;АДМИНИСТРАЦИЯ НЕВСКОГО РАЙОНА САНКТ-ПЕТЕРБУРГА;28.07.2026;14.08.2026;Закупка завершена;;;13.08.2026;
44-ФЗ;№0172200004726000191;Открытый конкурс в электронной форме;Оказание услуг общественного питания в государственных бюджетных образовательных учреждениях, находящихся в ведении администрации Невского района Санкт-Петербурга в 2026-2027 годах;;'262781102293978110100100250025629244;;;39991024.20;RUB;0;;;;;;ГОСУДАРСТВЕННОЕ БЮДЖЕТНОЕ ОБЩЕОБРАЗОВАТЕЛЬНОЕ УЧРЕЖДЕНИЕ СРЕДНЯЯ ОБЩЕОБРАЗОВАТЕЛЬНАЯ ШКОЛА № 458 НЕВСКОГО РАЙОНА САНКТ-ПЕТЕРБУРГА;АДМИНИСТРАЦИЯ НЕВСКОГО РАЙОНА САНКТ-ПЕТЕРБУРГА;28.07.2026;14.08.2026;Закупка завершена;;;14.08.2026;
44-ФЗ;№0387200009126003107;Электронный аукцион;Поставка катетеров баллонных;;'262861700564586020100100380663250244;;;5938920.40;RUB;0;;;;;;"БЮДЖЕТНОЕ УЧРЕЖДЕНИЕ ХАНТЫ-МАНСИЙСКОГО АВТОНОМНОГО ОКРУГА - ЮГРЫ ""СУРГУТСКАЯ ОКРУЖНАЯ КЛИНИЧЕСКАЯ БОЛЬНИЦА""";"КАЗЕННОЕ УЧРЕЖДЕНИЕ ХАНТЫ-МАНСИЙСКОГО АВТОНОМНОГО ОКРУГА - ЮГРЫ ""ЦЕНТР ЛЕКАРСТВЕННОГО МОНИТОРИНГА""";03.08.2026;14.08.2026;Закупка завершена;;;13.08.2026;
44-ФЗ;№0121200004726000951;Электронный аукцион;Оказания услуг по передаче неисключительных прав на программное обеспечение и его установка и настройка в целях развития государственной информационной в сфере здравоохранения Ставропольского края;;'262263513142626340100100620015829244;;;7117000.00;RUB;0;;;;;;"ГОСУДАРСТВЕННОЕ БЮДЖЕТНОЕ УЧРЕЖДЕНИЕ ЗДРАВООХРАНЕНИЯ СТАВРОПОЛЬСКОГО КРАЯ ""МЕДИЦИНСКИЙ ИНФОРМАЦИОННО-АНАЛИТИЧЕСКИЙ ЦЕНТР""";КОМИТЕТ СТАВРОПОЛЬСКОГО КРАЯ ПО ГОСУДАРСТВЕННЫМ ЗАКУПКАМ;06.08.2026;14.08.2026;Закупка завершена;;;14.08.2026;
44-ФЗ;№0131200001026004531;Открытый конкурс в электронной форме;2026-04822:) 58рп-26 Выполнение работ, связанных с осуществлением регулярных перевозок пассажиров и багажа по регулируемым тарифам по межмуниципальным маршрутам регулярных перевозок на территории Воронежской области;;'262366409518936660100100020184931244;;;12601800.81;RUB;0;;;;;;МИНИСТЕРСТВО ПРОМЫШЛЕННОСТИ И ТРАНСПОРТА ВОРОНЕЖСКОЙ ОБЛАСТИ;МИНИСТЕРСТВО ПО РЕГУЛИРОВАНИЮ КОНТРАКТНОЙ СИСТЕМЫ В СФЕРЕ ЗАКУПОК ВОРОНЕЖСКОЙ ОБЛАСТИ;29.07.2026;14.08.2026;Закупка завершена;;;14.08.2026;
44-ФЗ;№0145600006926000244;Электронный аукцион;Приобретение благоустроенного жилого помещения на территории города Гатчина Гатчинского муниципального округа (квартира №2) для обеспечения лица из числа детей-сирот и детей, оставшихся без попечения родителей.;;'263470512167547050100101290016810412;;;5039462.67;RUB;0;;;;;;АДМИНИСТРАЦИЯ МУНИЦИПАЛЬНОГО ОБРАЗОВАНИЯ ГАТЧИНСКИЙ МУНИЦИПАЛЬНЫЙ ОКРУГ ЛЕНИНГРАДСКОЙ ОБЛАСТИ;АДМИНИСТРАЦИЯ МУНИЦИПАЛЬНОГО ОБРАЗОВАНИЯ ГАТЧИНСКИЙ МУНИЦИПАЛЬНЫЙ ОКРУГ ЛЕНИНГРАДСКОЙ ОБЛАСТИ;06.08.2026;14.08.2026;Закупка завершена;;;14.08.2026;
44-ФЗ;№0131200001026004533;Открытый конкурс в электронной форме;2026-04821:) 59рп-26 Выполнение работ, связанных с осуществлением регулярных перевозок пассажиров и багажа по регулируемым тарифам по межмуниципальным маршрутам регулярных перевозок на территории Воронежской области;;'262366409518936660100100020194931244;;;16082298.38;RUB;0;;;;;;МИНИСТЕРСТВО ПРОМЫШЛЕННОСТИ И ТРАНСПОРТА ВОРОНЕЖСКОЙ ОБЛАСТИ;МИНИСТЕРСТВО ПО РЕГУЛИРОВАНИЮ КОНТРАКТНОЙ СИСТЕМЫ В СФЕРЕ ЗАКУПОК ВОРОНЕЖСКОЙ ОБЛАСТИ;29.07.2026;14.08.2026;Закупка завершена;;;14.08.2026;
44-ФЗ;№0187200001726001004;Электронный аукцион;Оказание услуг по предоставлению кредита для финансирования дефицита бюджета и (или) погашения долговых обязательств Ханты-Мансийского автономного округа – Югры;;'262860100962086010100100810016419720;;;165000000.00;RUB;0;;;;;;ДЕПАРТАМЕНТ ФИНАНСОВ ХАНТЫ-МАНСИЙСКОГО АВТОНОМНОГО ОКРУГА - ЮГРЫ;ДЕПАРТАМЕНТ ГОСУДАРСТВЕННОГО ЗАКАЗА ХАНТЫ-МАНСИЙСКОГО АВТОНОМНОГО ОКРУГА - ЮГРЫ;06.08.2026;14.08.2026;Закупка завершена;;;14.08.2026;
44-ФЗ;№0187200001726001003;Электронный аукцион;Оказание услуг по предоставлению кредита для финансирования дефицита бюджета и (или) погашения долговых обязательств Ханты-Мансийского автономного округа – Югры;;'262860100962086010100100800016419720;;;165000000.00;RUB;0;;;;;;ДЕПАРТАМЕНТ ФИНАНСОВ ХАНТЫ-МАНСИЙСКОГО АВТОНОМНОГО ОКРУГА - ЮГРЫ;ДЕПАРТАМЕНТ ГОСУДАРСТВЕННОГО ЗАКАЗА ХАНТЫ-МАНСИЙСКОГО АВТОНОМНОГО ОКРУГА - ЮГРЫ;06.08.2026;14.08.2026;Закупка завершена;;;14.08.2026;
44-ФЗ;№0187200001726001010;Электронный аукцион;Оказание услуг по предоставлению кредита для финансирования дефицита бюджета и (или) погашения долговых обязательств Ханты-Мансийского автономного округа – Югры;;'262860100962086010100100770016419720;;;165000000.00;RUB;0;;;;;;ДЕПАРТАМЕНТ ФИНАНСОВ ХАНТЫ-МАНСИЙСКОГО АВТОНОМНОГО ОКРУГА - ЮГРЫ;ДЕПАРТАМЕНТ ГОСУДАРСТВЕННОГО ЗАКАЗА ХАНТЫ-МАНСИЙСКОГО АВТОНОМНОГО ОКРУГА - ЮГРЫ;06.08.2026;14.08.2026;Закупка завершена;;;14.08.2026;
44-ФЗ;№0306300047226000003;Электронный аукцион;Выполнение работ по подготовке основания «умной» спортивной площадки, расположенной по адресу: г. Сортавала, пгт. Вяртсиля, ул. Мира, д. 3а;;'263100701174010070100100070020000244;;;13518611.89;RUB;0;;;;;;МУНИЦИПАЛЬНОЕ КАЗЕННОЕ ОБЩЕОБРАЗОВАТЕЛЬНОЕ УЧРЕЖДЕНИЕ СОРТАВАЛЬСКОГО МУНИЦИПАЛЬНОГО ОКРУГА РЕСПУБЛИКИ КАРЕЛИЯ ВЯРТСИЛЬСКАЯ СРЕДНЯЯ ОБЩЕОБРАЗОВАТЕЛЬНАЯ ШКОЛА;МУНИЦИПАЛЬНОЕ КАЗЕННОЕ ОБЩЕОБРАЗОВАТЕЛЬНОЕ УЧРЕЖДЕНИЕ СОРТАВАЛЬСКОГО МУНИЦИПАЛЬНОГО ОКРУГА РЕСПУБЛИКИ КАРЕЛИЯ ВЯРТСИЛЬСКАЯ СРЕДНЯЯ ОБЩЕОБРАЗОВАТЕЛЬНАЯ ШКОЛА;06.08.2026;14.08.2026;Закупка завершена;;;14.08.2026;
44-ФЗ;№0836600003326000376;Запрос котировок в электронной форме;Поставка запасных частей для коммунальной техники, самоходных машин и иных автотранспортных средств;;'263690000406269000100100470012932244;;;10000000.00;RUB;0;;;;;;"МУНИЦИПАЛЬНОЕ КАЗЕННОЕ УЧРЕЖДЕНИЕ ""ДОРОГИ ТВЕРИ""";"МУНИЦИПАЛЬНОЕ КАЗЕННОЕ УЧРЕЖДЕНИЕ ""ЦЕНТР ОРГАНИЗАЦИИ ТОРГОВ""";03.08.2026;14.08.2026;Закупка завершена;;;10.08.2026;
44-ФЗ;№0142100004126000059;Электронный аукцион;Картофель продовольственный;;'261631702805263170100100000640113223;;;11336080.00;RUB;0;;;;;;УПРАВЛЕНИЕ ФЕДЕРАЛЬНОЙ СЛУЖБЫ ИСПОЛНЕНИЯ НАКАЗАНИЙ ПО САМАРСКОЙ ОБЛАСТИ;УПРАВЛЕНИЕ ФЕДЕРАЛЬНОЙ СЛУЖБЫ ИСПОЛНЕНИЯ НАКАЗАНИЙ ПО САМАРСКОЙ ОБЛАСТИ;06.08.2026;14.08.2026;Закупка завершена;;;14.08.2026;
44-ФЗ;№0373200657326000140;Электронный аукцион;Оказание услуг по вывозу снега с территорий кладбищ ТОРО по СЗАО, САО, ЗелАО;;'262774309622477430100102710010000244;;;7496512.20;RUB;0;;;;;;"ГОСУДАРСТВЕННОЕ БЮДЖЕТНОЕ УЧРЕЖДЕНИЕ ГОРОДА МОСКВЫ ""РИТУАЛ""";"ГОСУДАРСТВЕННОЕ БЮДЖЕТНОЕ УЧРЕЖДЕНИЕ ГОРОДА МОСКВЫ ""РИТУАЛ""";03.08.2026;14.08.2026;Закупка завершена;;;12.08.2026;
44-ФЗ;№0148200005426000345;Электронный аукцион;Поставка перевязочных материалов (лот 3) для нужд учреждений здравоохранения Московской области в 2026-2028 г. (Совместная закупка);;263507900292950790100100710012120244, 262500800007250470100102670012120244, 262504805467750480100102040012120244, 262507503918850750100101780012120244, 263501400342750140100101070012120244, 263500400339350040100100450012120244, 263502903736250290100102600012120244, 262502422347850240100100890012120244, 263502001771750200100102030012120244, 262501820262450180100101530012120244, 263503608706850360100101540012120244, 263500302799450030100101860012120244, 263502716869850270100101550012120244, 263507270456650720100101110012120244, 262504411967650440100102940012120244, 262507401322950324300100300012120244, 263507600021850760100100830012120244, 262507406918050740100104460012120244, 263500908103550090100100690012120244, 262504506560050450100100500012120244, 262502205220250220100102110012120244, 262771518673350290100103270012120244, 262500100753750010100104220012120244, 262505012951350500100100910012120000, 262503009000050300100102600022120244, 262501712672350170100103680012120244, 262502727861250270100102370012120244, 262504202164350420100100520012120244, 262502607728650270100100830012120244, 262771811583677180100100180012120244, 262502207246350220100104180012120244, 262504102284550410100100860012120244, 262500710999050070100101370012120244, 262770904128977090100101990012120244, 263500304238250030100101400012120244, 262500104093650010100102780012120244, 262501209266150120100100640012120244, 262503231399050320100106300012120244, 262503406146650340100101900012120244, 262503009786350300100100780012120244, 263501101980650110100101910012120244, 263503603389850360100101430012120244, 263504701007450470100102570012120244, 263500100759050010100102420012120244, 263501900384750190100101020012120244, 263504200962150420100101830012120244, 262500507141350050100103040012120244, 263501003629150100100102900012120244, 263505300613250530100101350012120244, 262507401322950240100107180012120244, 262501300604850400100101710012120244, 262770206615777020100103950012120244, 262505015588050500100103580012120244, 262772509373550290100101090012120244;;;76026186.53;RUB;0;;;;;;;КОМИТЕТ ПО КОНКУРЕНТНОЙ ПОЛИТИКЕ МОСКОВСКОЙ ОБЛАСТИ;06.08.2026;14.08.2026;Закупка завершена;;;14.08.2026;
44-ФЗ;№0387200009126003142;Электронный аукцион;Поставка лекарственного препарата для медицинского применения Деносумаб для обеспечения отдельных категорий граждан, проживающих на территории Ханты-Мансийского автономного округа – Югры, включенных в региональный сегмент Федерального регистра лиц, за счет средств, предоставляемых из федерального бюджета бюджетам субъектов РФ на реализацию отдельных полномочий в области оказания государственной социальной помощи в 2027 году.;;'262860103583886020100101920172120323;;;9677160.41;RUB;0;;;;;;"КАЗЕННОЕ УЧРЕЖДЕНИЕ ХАНТЫ-МАНСИЙСКОГО АВТОНОМНОГО ОКРУГА - ЮГРЫ ""ЦЕНТР ЛЕКАРСТВЕННОГО МОНИТОРИНГА""";"КАЗЕННОЕ УЧРЕЖДЕНИЕ ХАНТЫ-МАНСИЙСКОГО АВТОНОМНОГО ОКРУГА - ЮГРЫ ""ЦЕНТР ЛЕКАРСТВЕННОГО МОНИТОРИНГА""";04.08.2026;14.08.2026;Закупка завершена;;;12.08.2026;
44-ФЗ;№0373200657326000141;Электронный аукцион;Оказание услуг по вывозу снега с территорий кладбищ ТОРО по ВАО, СВАО, Савеловского проезда, д.10;;'262774309622477430100102700010000244;;;5877413.00;RUB;0;;;;;;"ГОСУДАРСТВЕННОЕ БЮДЖЕТНОЕ УЧРЕЖДЕНИЕ ГОРОДА МОСКВЫ ""РИТУАЛ""";"ГОСУДАРСТВЕННОЕ БЮДЖЕТНОЕ УЧРЕЖДЕНИЕ ГОРОДА МОСКВЫ ""РИТУАЛ""";03.08.2026;14.08.2026;Закупка завершена;;;12.08.2026;
44-ФЗ;№0131100014526000024;Электронный аукцион;Закупка картофеля продовольственного для нужд УФСИН России по Воронежской области (в рамках государственного оборонного заказа на 2026 год);;'261366603236036660100100000290113223;;;6200000.00;RUB;0;;;;;;УПРАВЛЕНИЕ ФЕДЕРАЛЬНОЙ СЛУЖБЫ ИСПОЛНЕНИЯ НАКАЗАНИЙ ПО ВОРОНЕЖСКОЙ ОБЛАСТИ;УПРАВЛЕНИЕ ФЕДЕРАЛЬНОЙ СЛУЖБЫ ИСПОЛНЕНИЯ НАКАЗАНИЙ ПО ВОРОНЕЖСКОЙ ОБЛАСТИ;05.08.2026;14.08.2026;Закупка завершена;;;13.08.2026;
44-ФЗ;№0832200006626000598;Открытый конкурс в электронной форме;Выполнение работ, связанных с осуществлением регулярных перевозок пассажиров и багажа автомобильным транспортом по регулируемым тарифам в границах городского округа город Нижний Новгород (муниципальные автобусные маршруты № 58, 7, 33);;'262526034617652620100101180014931244;;;145659330.88;RUB;0;;;;;;"ГОСУДАРСТВЕННОЕ КАЗЕННОЕ УЧРЕЖДЕНИЕ НИЖЕГОРОДСКОЙ ОБЛАСТИ ""ЦЕНТР РАЗВИТИЯ ТРАНСПОРТНЫХ СИСТЕМ""";"ГОСУДАРСТВЕННОЕ КАЗЕННОЕ УЧРЕЖДЕНИЕ НИЖЕГОРОДСКОЙ ОБЛАСТИ ""ЦЕНТР РАЗМЕЩЕНИЯ ЗАКАЗА НИЖЕГОРОДСКОЙ ОБЛАСТИ""";28.07.2026;14.08.2026;Закупка завершена;;;14.08.2026;
44-ФЗ;№0131200001026004535;Открытый конкурс в электронной форме;2026-04820:) 60рп-26 Выполнение работ, связанных с осуществлением регулярных перевозок пассажиров и багажа по регулируемым тарифам по межмуниципальным маршрутам регулярных перевозок на территории Воронежской области;;'262366409518936660100100020204931244;;;14483774.86;RUB;0;;;;;;МИНИСТЕРСТВО ПРОМЫШЛЕННОСТИ И ТРАНСПОРТА ВОРОНЕЖСКОЙ ОБЛАСТИ;МИНИСТЕРСТВО ПО РЕГУЛИРОВАНИЮ КОНТРАКТНОЙ СИСТЕМЫ В СФЕРЕ ЗАКУПОК ВОРОНЕЖСКОЙ ОБЛАСТИ;29.07.2026;14.08.2026;Закупка завершена;;;14.08.2026;
44-ФЗ;№0258100000826000150;Открытый конкурс в электронной форме;Выполнение работ по обеспечению протезами в целях социального обеспечения;;'261616301349461630100103080013250323;;;9134966.65;RUB;0;;;;;;ОТДЕЛЕНИЕ ФОНДА ПЕНСИОННОГО И СОЦИАЛЬНОГО СТРАХОВАНИЯ РОССИЙСКОЙ ФЕДЕРАЦИИ ПО РОСТОВСКОЙ ОБЛАСТИ;ОТДЕЛЕНИЕ ФОНДА ПЕНСИОННОГО И СОЦИАЛЬНОГО СТРАХОВАНИЯ РОССИЙСКОЙ ФЕДЕРАЦИИ ПО РОСТОВСКОЙ ОБЛАСТИ;27.07.2026;14.08.2026;Закупка завершена;;;12.08.2026;
44-ФЗ;№0348200049726000224;Открытый конкурс в электронной форме;Выполнение работ по капитальному ремонту на Центральном пункте управления системами интеллектуального видеонаблюдения транспортной безопасности объектов транспортной инфраструктуры ГБУ МО «Мосавтодор». Этап 1 «Оснащение системами интеллектуального видеонаблюдения комплексной системы обеспечения транспортной безопасности»;;'262500000152550240100109290014120244;;;8601630.00;RUB;0;;;;;;"ГОСУДАРСТВЕННОЕ БЮДЖЕТНОЕ УЧРЕЖДЕНИЕ МОСКОВСКОЙ ОБЛАСТИ ""МОСАВТОДОР""";"ГОСУДАРСТВЕННОЕ БЮДЖЕТНОЕ УЧРЕЖДЕНИЕ МОСКОВСКОЙ ОБЛАСТИ ""МОСАВТОДОР""";01.07.2026;14.08.2026;Закупка завершена;;;14.08.2026;
44-ФЗ;№0187200001726001014;Электронный аукцион;Оказание услуг по предоставлению кредита для финансирования дефицита бюджета и (или) погашения долговых обязательств Ханты-Мансийского автономного округа – Югры;;'262860100962086010100100790016419720;;;165000000.00;RUB;0;;;;;;ДЕПАРТАМЕНТ ФИНАНСОВ ХАНТЫ-МАНСИЙСКОГО АВТОНОМНОГО ОКРУГА - ЮГРЫ;ДЕПАРТАМЕНТ ГОСУДАРСТВЕННОГО ЗАКАЗА ХАНТЫ-МАНСИЙСКОГО АВТОНОМНОГО ОКРУГА - ЮГРЫ;06.08.2026;14.08.2026;Закупка завершена;;;14.08.2026;
44-ФЗ;№0187200001726001011;Электронный аукцион;Оказание услуг по предоставлению кредита для финансирования дефицита бюджета и (или) погашения долговых обязательств Ханты-Мансийского автономного округа – Югры;;'262860100962086010100100780016419720;;;165000000.00;RUB;0;;;;;;ДЕПАРТАМЕНТ ФИНАНСОВ ХАНТЫ-МАНСИЙСКОГО АВТОНОМНОГО ОКРУГА - ЮГРЫ;ДЕПАРТАМЕНТ ГОСУДАРСТВЕННОГО ЗАКАЗА ХАНТЫ-МАНСИЙСКОГО АВТОНОМНОГО ОКРУГА - ЮГРЫ;06.08.2026;14.08.2026;Закупка завершена;;;14.08.2026;
44-ФЗ;№0801500001126001514;Электронный аукцион;Выполнение работ по текущему ремонту автомобильной дороги общего пользования по  ул. Комсомольская (от ул. Матросова до ул. Ленина) городского округа город Кумертау Республики Башкортостан;;'263026201349402620100101090014211244;;;5348359.59;RUB;0;;;;;;АДМИНИСТРАЦИЯ ГОРОДСКОГО ОКРУГА ГОРОД КУМЕРТАУ РЕСПУБЛИКИ БАШКОРТОСТАН;"ГОСУДАРСТВЕННОЕ КАЗЕННОЕ УЧРЕЖДЕНИЕ РЕСПУБЛИКИ БАШКОРТОСТАН ""РЕСПУБЛИКАНСКИЙ ЦЕНТР ТОРГОВ""";05.08.2026;14.08.2026;Закупка завершена;;;14.08.2026;
44-ФЗ;№0801500001126001511;Электронный аукцион;"Ремонт подъездной дороги к х. Шулька  км 0+000- км 7+774; км 10+900 - км 11+800; км 12+100-км 12+200; км 12+900-км 13+900; км 14+600-км 15+000; км 16+500-км 17+500; км 17+600-км 18+400  МР Баймакский район РБ.";;'263025400963102540100100480014211244;;;39606195.55;RUB;0;;;;;;АДМИНИСТРАЦИЯ МУНИЦИПАЛЬНОГО РАЙОНА БАЙМАКСКИЙ РАЙОН РЕСПУБЛИКИ БАШКОРТОСТАН;"ГОСУДАРСТВЕННОЕ КАЗЕННОЕ УЧРЕЖДЕНИЕ РЕСПУБЛИКИ БАШКОРТОСТАН ""РЕСПУБЛИКАНСКИЙ ЦЕНТР ТОРГОВ""";05.08.2026;14.08.2026;Закупка завершена;;;14.08.2026;
44-ФЗ;№0801500001126001515;Электронный аукцион;Выполнение работ по текущему ремонту автомобильной дороги общего пользования по  ул. Горького (от ул. Рабочая до ул. Кирова) городского округа город Кумертау Республики Башкортостан;;'263026201349402620100101080014211244;;;5496071.84;RUB;0;;;;;;АДМИНИСТРАЦИЯ ГОРОДСКОГО ОКРУГА ГОРОД КУМЕРТАУ РЕСПУБЛИКИ БАШКОРТОСТАН;"ГОСУДАРСТВЕННОЕ КАЗЕННОЕ УЧРЕЖДЕНИЕ РЕСПУБЛИКИ БАШКОРТОСТАН ""РЕСПУБЛИКАНСКИЙ ЦЕНТР ТОРГОВ""";05.08.2026;14.08.2026;Закупка завершена;;;14.08.2026;
44-ФЗ;№0845300009626000038;Открытый конкурс в электронной форме;Оказание услуг по санитарной уборке территории города Сертолово;;'263470312485747030100100780058129244;;;9057308.07;RUB;0;;;;;;"СЕРТОЛОВСКОЕ МУНИЦИПАЛЬНОЕ УЧРЕЖДЕНИЕ ""ОКАЗАНИЕ УСЛУГ ""РАЗВИТИЕ""";"СЕРТОЛОВСКОЕ МУНИЦИПАЛЬНОЕ УЧРЕЖДЕНИЕ ""ОКАЗАНИЕ УСЛУГ ""РАЗВИТИЕ""";27.07.2026;14.08.2026;Закупка завершена;;;12.08.2026;
44-ФЗ;№0373200063126000881;Электронный аукцион;Электронный аукцион на оказание услуг по эксплуатации и техническому обслуживанию систем жизнеобеспечения (кислородные криогенные газификаторы с аварийными рампами, трубопроводы, газоразрядные рампы (станции) подачи медицинских газов, станции сжатого воздуха и вакуум с трубопроводами, консоли газораспределительные, запорная арматура, клапанные системы) в ГБУЗ «ГКБ им. М.П. Кончаловского ДЗМ» по адресу: г.Москва, г.Зеленоград, ул.Каштановая аллея, д.2, стр. 1, 2, 15, ул. Александровка, д. 8, стр. 1, 2;;'262773506919277350100109080010000244;;;17000000.00;RUB;0;;;;;;"ГОСУДАРСТВЕННОЕ БЮДЖЕТНОЕ УЧРЕЖДЕНИЕ ЗДРАВООХРАНЕНИЯ ГОРОДА МОСКВЫ ""ГОРОДСКАЯ КЛИНИЧЕСКАЯ БОЛЬНИЦА ИМЕНИ М.П. КОНЧАЛОВСКОГО ДЕПАРТАМЕНТА ЗДРАВООХРАНЕНИЯ ГОРОДА МОСКВЫ""";"ГОСУДАРСТВЕННОЕ БЮДЖЕТНОЕ УЧРЕЖДЕНИЕ ЗДРАВООХРАНЕНИЯ ГОРОДА МОСКВЫ ""ГОРОДСКАЯ КЛИНИЧЕСКАЯ БОЛЬНИЦА ИМЕНИ М.П. КОНЧАЛОВСКОГО ДЕПАРТАМЕНТА ЗДРАВООХРАНЕНИЯ ГОРОДА МОСКВЫ""";06.08.2026;14.08.2026;Закупка завершена;;;14.08.2026;
44-ФЗ;№0329200062226002197;Открытый конкурс в электронной форме;Оказание услуг по организации питания обучающихся на базе муниципальных образовательных учреждений Новоаннинского муниципального района Волгоградской области;;263341940356434190100100080015629244, 263341940357134190100100080015629244, 263341940360634190100100080015629244, 263341940339534190100100080015629244, 263341940326834190100100070015629244, 263341940367734190100100070015629244, 263341900774734190100100080015629244, 263341940368434190100100080015629244, 263341940346934190100100060015629244, 263341940366034190100100080015629244, 263341940355734190100100060015629244, 263341940365234190100100040015629244, 263341940364534190100100070015629244, 263341940358934190100100070015629244, 263341940359634190100100070015629244, 263341940337034190100100070015629244, 263341940658034570100100090015629244, 263341940263434190100100090015629244, 263341940354034190100100070015629244;;;7884492.00;RUB;0;;;;;;;"ГОСУДАРСТВЕННОЕ КАЗЕННОЕ УЧРЕЖДЕНИЕ ВОЛГОГРАДСКОЙ ОБЛАСТИ ""ЦЕНТР ОРГАНИЗАЦИИ ЗАКУПОК""";28.07.2026;14.08.2026;Закупка завершена;;;13.08.2026;
44-ФЗ;№0845300009626000037;Открытый конкурс в электронной форме;Выполнение работ по содержанию автомобильных дорог, проездов и иных территорий;;'263470312485747030100100630038129244;;;8537078.00;RUB;0;;;;;;"СЕРТОЛОВСКОЕ МУНИЦИПАЛЬНОЕ УЧРЕЖДЕНИЕ ""ОКАЗАНИЕ УСЛУГ ""РАЗВИТИЕ""";"СЕРТОЛОВСКОЕ МУНИЦИПАЛЬНОЕ УЧРЕЖДЕНИЕ ""ОКАЗАНИЕ УСЛУГ ""РАЗВИТИЕ""";27.07.2026;14.08.2026;Закупка завершена;;;12.08.2026;
44-ФЗ;№0366200035626004956;Запрос котировок в электронной форме;Централизованная поставка лекарственного препарата для медицинского применения СЕЛПЕРКАТИНИБ (онкологические заболевания);;'262710700631171070100100811260000323;;;11699965.20;RUB;0;;;;;;МИНИСТЕРСТВО ЗДРАВООХРАНЕНИЯ ТУЛЬСКОЙ ОБЛАСТИ;"ГОСУДАРСТВЕННОЕ КАЗЕННОЕ УЧРЕЖДЕНИЕ ТУЛЬСКОЙ ОБЛАСТИ ""ЦЕНТР ОРГАНИЗАЦИИ ЗАКУПОК""";04.08.2026;14.08.2026;Закупка завершена;;;12.08.2026;
44-ФЗ;№0373100014626000105;Электронный аукцион;Услуги по уборке внутренних помещений на 3-х (Трёх) объектах ФГБУ «ЦНИИОИЗ» Минздрава России (ОН) ;;'261771521779877150100100090010000244;;;12005151.60;RUB;0;;;;;;"ФЕДЕРАЛЬНОЕ ГОСУДАРСТВЕННОЕ БЮДЖЕТНОЕ УЧРЕЖДЕНИЕ ""ЦЕНТРАЛЬНЫЙ НАУЧНО-ИССЛЕДОВАТЕЛЬСКИЙ ИНСТИТУТ ОРГАНИЗАЦИИ И ИНФОРМАТИЗАЦИИ ЗДРАВООХРАНЕНИЯ"" МИНИСТЕРСТВА ЗДРАВООХРАНЕНИЯ РОССИЙСКОЙ ФЕДЕРАЦИИ";"ФЕДЕРАЛЬНОЕ ГОСУДАРСТВЕННОЕ БЮДЖЕТНОЕ УЧРЕЖДЕНИЕ ""ЦЕНТРАЛЬНЫЙ НАУЧНО-ИССЛЕДОВАТЕЛЬСКИЙ ИНСТИТУТ ОРГАНИЗАЦИИ И ИНФОРМАТИЗАЦИИ ЗДРАВООХРАНЕНИЯ"" МИНИСТЕРСТВА ЗДРАВООХРАНЕНИЯ РОССИЙСКОЙ ФЕДЕРАЦИИ";06.08.2026;14.08.2026;Закупка завершена;;;14.08.2026;
44-ФЗ;№0194200000526004784;Электронный аукцион;Ремонт подъезда от а/д Р-217 «Кавказ» к с.Гойты км 5,4 - км 7,9;;'262201425915920150100100400014211244;;;60304394.00;RUB;0;;;;;;МИНИСТЕРСТВО АВТОМОБИЛЬНЫХ ДОРОГ ЧЕЧЕНСКОЙ РЕСПУБЛИКИ;КОМИТЕТ ПРАВИТЕЛЬСТВА ЧЕЧЕНСКОЙ РЕСПУБЛИКИ ПО ГОСУДАРСТВЕННОМУ ЗАКАЗУ;06.08.2026;14.08.2026;Закупка завершена;;;14.08.2026;
44-ФЗ;№0843500000226004184;Открытый конкурс в электронной форме;Выполнение работ по ремонту участков автомобильных дорог общего пользования межмуниципального значения в Курганской области;;'262450120739545010100100460014211244;;;199435181.11;RUB;0;;;;;;"ГОСУДАРСТВЕННОЕ КАЗЕННОЕ УЧРЕЖДЕНИЕ ""КУРГАНАВТОДОР""";"ГОСУДАРСТВЕННОЕ КАЗЕННОЕ УЧРЕЖДЕНИЕ ""ЦЕНТР ЗАКУПОК И БУХГАЛТЕРСКОГО УЧЕТА КУРГАНСКОЙ ОБЛАСТИ""";17.07.2026;14.08.2026;Закупка завершена;;;05.08.2026;
223-ФЗ;№32616294015;Иной способ;Выполнение работ по реконструкции КЛ-10кВ РП-70 яч.6-РП-73 яч.8 и РП-70 яч.3-РП-73 яч.3. Прокладка 2КЛ-10кВ РП-70-РП-73 (Этап 2);;;1;Выполнение работ по реконструкции КЛ-10кВ РП-70 яч.6-РП-73 яч.8 и РП-70 яч.3-РП-73 яч.3. Прокладка 2КЛ-10кВ РП-70-РП-73 (Этап 2);10791463.65;RUB;10791463.65;;;;42.22.22.110: Работы строительные по прокладке местных линий электропередачи и связи над землей или под землей;;"АКЦИОНЕРНОЕ ОБЩЕСТВО ""РЯЗАНСКИЕ ГОРОДСКИЕ РАСПРЕДЕЛИТЕЛЬНЫЕ ЭЛЕКТРИЧЕСКИЕ СЕТИ""";"АКЦИОНЕРНОЕ ОБЩЕСТВО ""РЯЗАНСКИЕ ГОРОДСКИЕ РАСПРЕДЕЛИТЕЛЬНЫЕ ЭЛЕКТРИЧЕСКИЕ СЕТИ""";14.08.2026;14.08.2026;Закупка завершена;;;14.08.2026 19:00;
44-ФЗ;№0194200000526004786;Электронный аукцион;Асфальтовое покрытие по ул. А.Кадырова в г.Ачхой-Мартан, Ачхой-Мартановского муниципального района, ЧР;;'263200200010520020100100020024211243;;;5931713.50;RUB;0;;;;;;МЭРИЯ АЧХОЙ-МАРТАНОВСКОГО ГОРОДСКОГО ПОСЕЛЕНИЯ;КОМИТЕТ ПРАВИТЕЛЬСТВА ЧЕЧЕНСКОЙ РЕСПУБЛИКИ ПО ГОСУДАРСТВЕННОМУ ЗАКАЗУ;06.08.2026;14.08.2026;Закупка завершена;;;14.08.2026;
44-ФЗ;№0340200003326009704;Запрос котировок в электронной форме на проведение работ по строительству, реконструкции, кап. ремонту, сносу объекта кап. строительства в соответствии с п. 8 ч. 1 ст. 33 Закона № 44-ФЗ ;Капитальный ремонт участков тепловой сети пгт. Светлополянск Верхнекамского муниципального округа Кировской области;;'263430500620543050100100680024221243;;;5907388.69;RUB;0;;;;;;АДМИНИСТРАЦИЯ ВЕРХНЕКАМСКОГО МУНИЦИПАЛЬНОГО ОКРУГА КИРОВСКОЙ ОБЛАСТИ;"КИРОВСКОЕ ОБЛАСТНОЕ ГОСУДАРСТВЕННОЕ КАЗЕННОЕ УЧРЕЖДЕНИЕ ""ЦЕНТР ПО ТЕХНИЧЕСКОМУ СОПРОВОЖДЕНИЮ ГОСУДАРСТВЕННЫХ ЗАКУПОК""";05.08.2026;14.08.2026;Закупка завершена;;;12.08.2026;
223-ФЗ;№32616294011;Иной способ;"Выполнение работ по: - Строительству 2КЛ-0,4 кВ в параллель от РУ-0,4 кВ ТП-706 руб. № 8 (ПС ""Центральная"", Ф-119) до ВРУ по ул. Тухачевского, 32, кад.№:26:12:011503:50613; - Строительству 2КЛ-0,4 кВ в параллель от РУ-0,4 кВ ТП-706 руб. № 11 (ПС ""Центральная"", Ф-126) до ВРУ по ул. Тухчевского, 32, кад.№:26:12:011503:50613";;;1;"Выполнение работ по: - Строительству 2КЛ-0,4 кВ в параллель от РУ-0,4 кВ ТП-706 руб. № 8 (ПС ""Центральная"", Ф-119) до ВРУ по ул. Тухачевского, 32, кад.№:26:12:011503:50613; - Строительству 2КЛ-0,4 кВ в параллель от РУ-0,4 кВ ТП-706 руб. № 11 (ПС ""Центральная"", Ф-126) до ВРУ по ул. Тухчевского, 32, кад.№:26:12:011503:50613";10020043.62;RUB;10020043.62;;;;42.22.21.120: Работы строительные по прокладке подводных или подземных линий электропередачи значительной протяженности и по их ремонту;;"АКЦИОНЕРНОЕ ОБЩЕСТВО ""СТАВРОПОЛЬСКИЕ ГОРОДСКИЕ ЭЛЕКТРИЧЕСКИЕ СЕТИ""";"АКЦИОНЕРНОЕ ОБЩЕСТВО ""СТАВРОПОЛЬСКИЕ ГОРОДСКИЕ ЭЛЕКТРИЧЕСКИЕ СЕТИ""";14.08.2026;14.08.2026;Закупка завершена;;;;
44-ФЗ;№0815500000526010603;Электронный аукцион;Приобретение жилых помещений путем долевого участия в строительстве многоквартирного дома;;'263210000346421000100100870046810412;;;51029780.34;RUB;0;;;;;;УПРАВЛЕНИЕ ПО БЛАГОУСТРОЙСТВУ И РАЗВИТИЮ ТЕРРИТОРИЙ АДМИНИСТРАЦИИ ВУРНАРСКОГО МУНИЦИПАЛЬНОГО ОКРУГА ЧУВАШСКОЙ РЕСПУБЛИКИ;"КАЗЕННОЕ УЧРЕЖДЕНИЕ ЧУВАШСКОЙ РЕСПУБЛИКИ ""РЕГИОНАЛЬНЫЙ ЦЕНТР ЗАКУПОК ЧУВАШСКОЙ РЕСПУБЛИКИ""";05.08.2026;14.08.2026;Закупка завершена;;;14.08.2026;
44-ФЗ;№0145200000426001212;Электронный аукцион;Выполнение работ по сохранению объекта культурного наследия федерального значения Памятник «Разорванное кольцо» на «Дороге жизни» по организации системы видеонаблюдения и восстановлению благоустройства.;;'262784203291247030100100640014399244;;;12274180.00;RUB;0;;;;;;"ГОСУДАРСТВЕННОЕ БЮДЖЕТНОЕ УЧРЕЖДЕНИЕ КУЛЬТУРЫ ЛЕНИНГРАДСКОЙ ОБЛАСТИ ""МУЗЕЙНО-МЕМОРИАЛЬНЫЙ КОМПЛЕКС ""ДОРОГА ЖИЗНИ""";КОМИТЕТ ГОСУДАРСТВЕННОГО ЗАКАЗА ЛЕНИНГРАДСКОЙ ОБЛАСТИ;05.08.2026;14.08.2026;Закупка завершена;;;13.08.2026;
44-ФЗ;№0124200000626005279;Электронный аукцион;Оказание услуг по предоставлению денежных средств (кредита) путем открытия кредитной линии, в целях покрытия дефицита бюджета Холмогорского муниципального округа Архангельской области;;'263292300389329230100100030016419730;;;11715000.00;RUB;0;;;;;;ФИНАНСОВОЕ УПРАВЛЕНИЕ АДМИНИСТРАЦИИ ХОЛМОГОРСКОГО МУНИЦИПАЛЬНОГО ОКРУГА АРХАНГЕЛЬСКОЙ ОБЛАСТИ;КОНТРАКТНОЕ АГЕНТСТВО АРХАНГЕЛЬСКОЙ ОБЛАСТИ;30.07.2026;14.08.2026;Закупка завершена;;;14.08.2026;
44-ФЗ;№0218100003226000151;Электронный аукцион;Выполнение работ по обеспечению комплектами функционально-эстетической одежды для инвалидов с парной ампутацией верхних конечностей, ортопедическими брюками, рукавицами утепленными кожаными на меху (для инвалидов, пользующихся малогабаритными креслами-колясками), шерстяными чехлами на культю бедра (для инвалидов, пользующихся малогабаритными креслами-колясками), парами кожаных или трикотажных перчаток (на протез верхней конечности и сохраненную конечность), парами кожаных перчаток (на протезы обеих верхний конечностей), парами кожаных перчаток на деформированные верхние конечности, кожаными перчатками на утепленной подкладке на кисть сохранившейся верхней конечности (выполнение работ в пользу граждан в целях их социального обеспечения);;'261230801432023100100102670011412323;;;7058433.44;RUB;0;;;;;;ОТДЕЛЕНИЕ ФОНДА ПЕНСИОННОГО И СОЦИАЛЬНОГО СТРАХОВАНИЯ РОССИЙСКОЙ ФЕДЕРАЦИИ ПО КРАСНОДАРСКОМУ КРАЮ;ОТДЕЛЕНИЕ ФОНДА ПЕНСИОННОГО И СОЦИАЛЬНОГО СТРАХОВАНИЯ РОССИЙСКОЙ ФЕДЕРАЦИИ ПО КРАСНОДАРСКОМУ КРАЮ;03.08.2026;14.08.2026;Закупка завершена;;;12.08.2026;
44-ФЗ;№0218100003226000152;Электронный аукцион;Поставка кресел-туалетов (приобретение товаров в пользу граждан в целях их социального обеспечения);;'261230801432023100100102800013250323;;;20998023.41;RUB;0;;;;;;ОТДЕЛЕНИЕ ФОНДА ПЕНСИОННОГО И СОЦИАЛЬНОГО СТРАХОВАНИЯ РОССИЙСКОЙ ФЕДЕРАЦИИ ПО КРАСНОДАРСКОМУ КРАЮ;ОТДЕЛЕНИЕ ФОНДА ПЕНСИОННОГО И СОЦИАЛЬНОГО СТРАХОВАНИЯ РОССИЙСКОЙ ФЕДЕРАЦИИ ПО КРАСНОДАРСКОМУ КРАЮ;03.08.2026;14.08.2026;Закупка завершена;;;12.08.2026;
44-ФЗ;№0121200004726000949;Электронный аукцион;поставка лекарственного препарата Касимерсен для медицинского применения  для обеспечения государственных нужд Ставропольского края;;'262263300599426340100106580012120323;;;9958123.12;RUB;0;;;;;;МИНИСТЕРСТВО ЗДРАВООХРАНЕНИЯ СТАВРОПОЛЬСКОГО КРАЯ;КОМИТЕТ СТАВРОПОЛЬСКОГО КРАЯ ПО ГОСУДАРСТВЕННЫМ ЗАКУПКАМ;06.08.2026;14.08.2026;Закупка завершена;;;14.08.2026;
44-ФЗ;№0348300139626000245;Электронный аукцион;Лекарственные препараты для медицинского применения (СОФОСБУВИР (Лот 2));;'263501003629150100100103160012120244;;;9625000.00;RUB;0;;;;;;"ГОСУДАРСТВЕННОЕ БЮДЖЕТНОЕ УЧРЕЖДЕНИЕ ЗДРАВООХРАНЕНИЯ МОСКОВСКОЙ ОБЛАСТИ ""ДУБНЕНСКАЯ БОЛЬНИЦА""";"ГОСУДАРСТВЕННОЕ БЮДЖЕТНОЕ УЧРЕЖДЕНИЕ ЗДРАВООХРАНЕНИЯ МОСКОВСКОЙ ОБЛАСТИ ""ДУБНЕНСКАЯ БОЛЬНИЦА""";06.08.2026;14.08.2026;Закупка завершена;;;14.08.2026;
44-ФЗ;№0348300139626000246;Электронный аукцион;Лекарственные препараты для медицинского применения (ДАКЛАТАСВИР (Лот 2));;'263501003629150100100103170012120244;;;5169990.00;RUB;0;;;;;;"ГОСУДАРСТВЕННОЕ БЮДЖЕТНОЕ УЧРЕЖДЕНИЕ ЗДРАВООХРАНЕНИЯ МОСКОВСКОЙ ОБЛАСТИ ""ДУБНЕНСКАЯ БОЛЬНИЦА""";"ГОСУДАРСТВЕННОЕ БЮДЖЕТНОЕ УЧРЕЖДЕНИЕ ЗДРАВООХРАНЕНИЯ МОСКОВСКОЙ ОБЛАСТИ ""ДУБНЕНСКАЯ БОЛЬНИЦА""";06.08.2026;14.08.2026;Закупка завершена;;;14.08.2026;
44-ФЗ;№0348300139626000248;Электронный аукцион;Лекарственные препараты для химиотерапии (БЕВАЦИЗУМАБ) на второе полугодие 2026 г.;;'263501003629150100100103030012120244;;;6453009.60;RUB;0;;;;;;"ГОСУДАРСТВЕННОЕ БЮДЖЕТНОЕ УЧРЕЖДЕНИЕ ЗДРАВООХРАНЕНИЯ МОСКОВСКОЙ ОБЛАСТИ ""ДУБНЕНСКАЯ БОЛЬНИЦА""";"ГОСУДАРСТВЕННОЕ БЮДЖЕТНОЕ УЧРЕЖДЕНИЕ ЗДРАВООХРАНЕНИЯ МОСКОВСКОЙ ОБЛАСТИ ""ДУБНЕНСКАЯ БОЛЬНИЦА""";06.08.2026;14.08.2026;Закупка завершена;;;14.08.2026;
44-ФЗ;№2400500000326001077;Запрос котировок в электронной форме;Закупка лекарственного препарата для медицинского применения (МНН:АНАСТРОЗОЛ) для обеспечения отдельных категорий граждан, постоянно проживающих на территории Владимирской области, при оказании амбулаторно-поликлинической помощи в целях их социального обеспечения в соответствии с Законом Владимирской области от 02.10.2007 № 120-ОЗ «О социальной поддержке и социальном обслуживании отдельных категорий граждан во Владимирской области» в 2027 году.;;'262332500810333250100113250012120323;;;6650700.00;RUB;0;;;;;;"ГОСУДАРСТВЕННОЕ КАЗЕННОЕ УЧРЕЖДЕНИЕ ЗДРАВООХРАНЕНИЯ ВЛАДИМИРСКОЙ ОБЛАСТИ ""ЦЕНТР ПО ОСУЩЕСТВЛЕНИЮ ЗАКУПОК ТОВАРОВ, РАБОТ И УСЛУГ В СФЕРЕ ЗДРАВООХРАНЕНИЯ ВЛАДИМИРСКОЙ ОБЛАСТИ""";"ГОСУДАРСТВЕННОЕ КАЗЕННОЕ УЧРЕЖДЕНИЕ ЗДРАВООХРАНЕНИЯ ВЛАДИМИРСКОЙ ОБЛАСТИ ""ЦЕНТР ПО ОСУЩЕСТВЛЕНИЮ ЗАКУПОК ТОВАРОВ, РАБОТ И УСЛУГ В СФЕРЕ ЗДРАВООХРАНЕНИЯ ВЛАДИМИРСКОЙ ОБЛАСТИ""";23.07.2026;14.08.2026;Закупка завершена;;;30.07.2026;
44-ФЗ;№0373200082126000366;Электронный аукцион;Выполнение работ по подготовке и обслуживанию лыжных трасс в парке Северного речного вокзала и в акватории канала имени Москвы;;'262770500260277430100101870010000000;;;12118986.00;RUB;0;;;;;;"ГОСУДАРСТВЕННОЕ УНИТАРНОЕ ПРЕДПРИЯТИЕ ГОРОДА МОСКВЫ ""МОСГОРТРАНС""";"ГОСУДАРСТВЕННОЕ КАЗЕННОЕ УЧРЕЖДЕНИЕ ГОРОДА МОСКВЫ ""ДИРЕКЦИЯ ТРАНСПОРТНЫХ ЗАКУПОК""";04.08.2026;14.08.2026;Закупка завершена;;;12.08.2026;
44-ФЗ;№0843500000226004725;Электронный аукцион на проведение работ по строительству, реконструкции, кап. ремонту, сносу объекта кап. строительства в соответствии с п. 8 ч. 1 ст. 33 Закона № 44-ФЗ;ул. 1 Мая;;'263450113933945010100100990014211243;;;14056076.98;RUB;0;;;;;;"МУНИЦИПАЛЬНОЕ КАЗЕННОЕ УЧРЕЖДЕНИЕ ""УПРАВЛЕНИЕ ДОРОЖНОГО ХОЗЯЙСТВА И БЛАГОУСТРОЙСТВА ГОРОДА КУРГАНА""";"ГОСУДАРСТВЕННОЕ КАЗЕННОЕ УЧРЕЖДЕНИЕ ""ЦЕНТР ЗАКУПОК И БУХГАЛТЕРСКОГО УЧЕТА КУРГАНСКОЙ ОБЛАСТИ""";12.08.2026;14.08.2026;Определение поставщика отменено;;;20.08.2026;
44-ФЗ;№0187200001726001006;Электронный аукцион;Оказание услуг по предоставлению кредита для финансирования дефицита бюджета и (или) погашения долговых обязательств Ханты-Мансийского автономного округа – Югры;;'262860100962086010100100750016419720;;;165000000.00;RUB;0;;;;;;ДЕПАРТАМЕНТ ФИНАНСОВ ХАНТЫ-МАНСИЙСКОГО АВТОНОМНОГО ОКРУГА - ЮГРЫ;ДЕПАРТАМЕНТ ГОСУДАРСТВЕННОГО ЗАКАЗА ХАНТЫ-МАНСИЙСКОГО АВТОНОМНОГО ОКРУГА - ЮГРЫ;06.08.2026;14.08.2026;Закупка завершена;;;14.08.2026;
44-ФЗ;№0172200000626000089;Открытый конкурс в электронной форме;"Выполнение работ по дооснащению комплексными системами безопасности зданий СПб ГБУ ""КЦСОН Курортного района"" по адресам: Санкт-Петербург, г. Сестрорецк, ул. Токарева, д. 15, литер А и Санкт-Петербург, г. Зеленогорск, пр. Ленина, д. 19 литер А.";;'262784300002178430100100600014321243;;;8433300.00;RUB;0;;;;;;"САНКТ-ПЕТЕРБУРГСКОЕ ГОСУДАРСТВЕННОЕ БЮДЖЕТНОЕ УЧРЕЖДЕНИЕ СОЦИАЛЬНОГО ОБСЛУЖИВАНИЯ НАСЕЛЕНИЯ ""КОМПЛЕКСНЫЙ ЦЕНТР СОЦИАЛЬНОГО ОБСЛУЖИВАНИЯ НАСЕЛЕНИЯ КУРОРТНОГО РАЙОНА""";АДМИНИСТРАЦИЯ  КУРОРТНОГО  РАЙОНА  САНКТ-ПЕТЕРБУРГА;24.07.2026;14.08.2026;Закупка завершена;;;10.08.2026;
44-ФЗ;№0311200046526000124;Электронный аукцион;Поставка персональных носимых устройств регистрации информации и терминалов зарядки, архивирования и хранения данных тип 1 и тип 2 для нужд МВД Республике Татарстан;;'262165904802016590100101360012640244;;;12114005.00;RUB;0;;;;;;"ГОСУДАРСТВЕННОЕ БЮДЖЕТНОЕ УЧРЕЖДЕНИЕ ""БЕЗОПАСНОСТЬ ДОРОЖНОГО ДВИЖЕНИЯ""";"ГОСУДАРСТВЕННОЕ БЮДЖЕТНОЕ УЧРЕЖДЕНИЕ ""БЕЗОПАСНОСТЬ ДОРОЖНОГО ДВИЖЕНИЯ""";04.08.2026;14.08.2026;Закупка завершена;;;12.08.2026;
44-ФЗ;№0173200001426001420;Электронный аукцион;"Аукцион в электронной форме на право заключения контракта на поставку расходных материалов для ручного инструмента для нужд ГБУ ""Автомобильные дороги""";;'262772765679077140100108000010000244;;;53000400.00;RUB;0;;;;;;"ГОСУДАРСТВЕННОЕ БЮДЖЕТНОЕ УЧРЕЖДЕНИЕ ГОРОДА МОСКВЫ ""АВТОМОБИЛЬНЫЕ ДОРОГИ""";ДЕПАРТАМЕНТ ГОРОДА МОСКВЫ ПО КОНКУРЕНТНОЙ ПОЛИТИКЕ;04.08.2026;14.08.2026;Закупка завершена;;;12.08.2026;
44-ФЗ;№0187200001726001007;Электронный аукцион;Оказание услуг по предоставлению кредита для финансирования дефицита бюджета и (или) погашения долговых обязательств Ханты-Мансийского автономного округа – Югры;;'262860100962086010100100760016419720;;;165000000.00;RUB;0;;;;;;ДЕПАРТАМЕНТ ФИНАНСОВ ХАНТЫ-МАНСИЙСКОГО АВТОНОМНОГО ОКРУГА - ЮГРЫ;ДЕПАРТАМЕНТ ГОСУДАРСТВЕННОГО ЗАКАЗА ХАНТЫ-МАНСИЙСКОГО АВТОНОМНОГО ОКРУГА - ЮГРЫ;06.08.2026;14.08.2026;Закупка завершена;;;14.08.2026;
44-ФЗ;№0173200001426001417;Электронный аукцион;Оказание услуг подвижной радиотелефонной связи в целях обеспечения доступа сотрудников органов исполнительной власти города Москвы и подведомственных им государственных учреждений к информационным системам и ресурсам города Москвы в 2026-2027 гг. (часть 8);;'262771087800077030100101050010000244;;;59990572.95;RUB;0;;;;;;ДЕПАРТАМЕНТ ИНФОРМАЦИОННЫХ ТЕХНОЛОГИЙ ГОРОДА МОСКВЫ;ДЕПАРТАМЕНТ ГОРОДА МОСКВЫ ПО КОНКУРЕНТНОЙ ПОЛИТИКЕ;04.08.2026;14.08.2026;Закупка завершена;;;12.08.2026;
44-ФЗ;№0239100003926000093;Электронный аукцион;Выполнение работ по разработке проектно-сметной документации на создание  структурированной кабельной системы (в целях капитального ремонта);;'261423800344642140100101870017112243;;;7754312.34;RUB;0;;;;;;"ФЕДЕРАЛЬНОЕ БЮДЖЕТНОЕ УЧРЕЖДЕНИЕ ЦЕНТР РЕАБИЛИТАЦИИ ФОНДА ПЕНСИОННОГО И СОЦИАЛЬНОГО СТРАХОВАНИЯ РОССИЙСКОЙ ФЕДЕРАЦИИ ""ТОПАЗ""";"ФЕДЕРАЛЬНОЕ БЮДЖЕТНОЕ УЧРЕЖДЕНИЕ ЦЕНТР РЕАБИЛИТАЦИИ ФОНДА ПЕНСИОННОГО И СОЦИАЛЬНОГО СТРАХОВАНИЯ РОССИЙСКОЙ ФЕДЕРАЦИИ ""ТОПАЗ""";05.08.2026;14.08.2026;Закупка завершена;;;13.08.2026;
44-ФЗ;№0173200001426001418;Электронный аукцион;"Оказание услуг по техническому обслуживанию систем приточно-вытяжной вентиляции, с выполнением комплекса мероприятий, направленных на восстановление и устранение неисправностей систем, в целях поддержания их эксплуатационных показателей в ГБУЗ ""МНПЦ борьбы с туберкулезом ДЗМ""";;'262771811506477180100103170010000244;;;51596926.65;RUB;0;;;;;;"ГОСУДАРСТВЕННОЕ БЮДЖЕТНОЕ УЧРЕЖДЕНИЕ ЗДРАВООХРАНЕНИЯ ГОРОДА МОСКВЫ ""МОСКОВСКИЙ ГОРОДСКОЙ НАУЧНО-ПРАКТИЧЕСКИЙ ЦЕНТР БОРЬБЫ С ТУБЕРКУЛЕЗОМ ДЕПАРТАМЕНТА ЗДРАВООХРАНЕНИЯ ГОРОДА МОСКВЫ""";ДЕПАРТАМЕНТ ГОРОДА МОСКВЫ ПО КОНКУРЕНТНОЙ ПОЛИТИКЕ;04.08.2026;14.08.2026;Закупка завершена;;;12.08.2026;
44-ФЗ;№0173200001426001419;Электронный аукцион;Аукцион в электронной форме на право заключения контракта на поставку лекарственных препаратов (Инсулин гларгин + Ликсисенатид) для обеспечения граждан, имеющих право на получение государственной социальной помощи в городе Москве (УНЗ Z2624258);;'262771433860977344300162900010000323;;;32064300.00;RUB;0;;;;;;"ФИЛИАЛ № 1 ГКУ ""АЗ (КС) ДЗМ""";ДЕПАРТАМЕНТ ГОРОДА МОСКВЫ ПО КОНКУРЕНТНОЙ ПОЛИТИКЕ;04.08.2026;14.08.2026;Закупка завершена;;;12.08.2026;
44-ФЗ;№0173200001426001421;Электронный аукцион;Поставка расходных материалов для принтеров для нужд судебных участков мировых судей города Москвы;;'262770423619677040100100860010000244;;;66421900.00;RUB;0;;;;;;ДЕПАРТАМЕНТ ПО ОБЕСПЕЧЕНИЮ ДЕЯТЕЛЬНОСТИ МИРОВЫХ СУДЕЙ ГОРОДА МОСКВЫ;ДЕПАРТАМЕНТ ГОРОДА МОСКВЫ ПО КОНКУРЕНТНОЙ ПОЛИТИКЕ;04.08.2026;14.08.2026;Закупка завершена;;;12.08.2026;
44-ФЗ;№0869200000226006346;Электронный аукцион;Выполнение работ, связанных с осуществлением регулярных перевозок пассажиров и багажа по регулируемым тарифам;;'262745145069374510100100031334931244;;;6100106.00;RUB;0;;;;;;"ОБЛАСТНОЕ ГОСУДАРСТВЕННОЕ КАЗЕННОЕ УЧРЕЖДЕНИЕ ""ОРГАНИЗАТОР ПЕРЕВОЗОК ЧЕЛЯБИНСКОЙ ОБЛАСТИ""";"ГОСУДАРСТВЕННОЕ КАЗЕННОЕ УЧРЕЖДЕНИЕ ""ЦЕНТР ОРГАНИЗАЦИИ ЗАКУПОК ЧЕЛЯБИНСКОЙ ОБЛАСТИ""";06.08.2026;14.08.2026;Закупка завершена;;;14.08.2026;
44-ФЗ;№2100700005326000010;Электронный аукцион для торгов по обращению с твердыми коммунальными отходами;39/2026 оказание услуг по транспортированию твердых коммунальных отходов на территории Ханты-Мансийского автономного округа - Югры в пределах зоны деятельности регионального оператора по обращению с твердыми коммунальными отходами, определенной границами Муниципального образования Ханты-Мансийского автономного округа – Югры городской округ Нефтеюганск;;;;;245269371.80;RUB;0;;;;;;"АКЦИОНЕРНОЕ ОБЩЕСТВО  ""ЮГРА-ЭКОЛОГИЯ""";"АКЦИОНЕРНОЕ ОБЩЕСТВО  ""ЮГРА-ЭКОЛОГИЯ""";04.08.2026;14.08.2026;Закупка завершена;;;12.08.2026;
44-ФЗ;№0239100003926000095;Электронный аукцион;Выполнение работ по обследованию и оценке технического состояния строительных конструкций зданий, инженерных изысканий, проектных работ (в целях капитального ремонта);;'261423800344642140100101880017112243;;;11234367.09;RUB;0;;;;;;"ФЕДЕРАЛЬНОЕ БЮДЖЕТНОЕ УЧРЕЖДЕНИЕ ЦЕНТР РЕАБИЛИТАЦИИ ФОНДА ПЕНСИОННОГО И СОЦИАЛЬНОГО СТРАХОВАНИЯ РОССИЙСКОЙ ФЕДЕРАЦИИ ""ТОПАЗ""";"ФЕДЕРАЛЬНОЕ БЮДЖЕТНОЕ УЧРЕЖДЕНИЕ ЦЕНТР РЕАБИЛИТАЦИИ ФОНДА ПЕНСИОННОГО И СОЦИАЛЬНОГО СТРАХОВАНИЯ РОССИЙСКОЙ ФЕДЕРАЦИИ ""ТОПАЗ""";05.08.2026;14.08.2026;Закупка завершена;;;13.08.2026;
44-ФЗ;№0225100000526000157;Электронный аукцион;Поставка оборудования с выполнением работ по созданию модуля «Ведомственная телефонная связь» компонента «Ведомственные коммуникации» подсистемы «Инфраструктурное обеспечение» АИС ПФР-2» (в сфере ИКТ);;'261301501552730150100101960010000242;;;42144199.60;RUB;0;;;;;;ОТДЕЛЕНИЕ ФОНДА ПЕНСИОННОГО И СОЦИАЛЬНОГО СТРАХОВАНИЯ РОССИЙСКОЙ ФЕДЕРАЦИИ ПО АСТРАХАНСКОЙ ОБЛАСТИ;ОТДЕЛЕНИЕ ФОНДА ПЕНСИОННОГО И СОЦИАЛЬНОГО СТРАХОВАНИЯ РОССИЙСКОЙ ФЕДЕРАЦИИ ПО АСТРАХАНСКОЙ ОБЛАСТИ;05.08.2026;14.08.2026;Закупка завершена;;;13.08.2026;
44-ФЗ;№2100700005326000011;Электронный аукцион для торгов по обращению с твердыми коммунальными отходами;40/2026 оказание услуг по транспортированию твердых коммунальных отходов на территории Ханты-Мансийского автономного округа - Югры в пределах зоны деятельности регионального оператора по обращению с твердыми коммунальными отходами, определенной границами Муниципального образования Ханты-Мансийского автономного округа – Югры городcкой округ Нягань;;;;;130700800.72;RUB;0;;;;;;"АКЦИОНЕРНОЕ ОБЩЕСТВО  ""ЮГРА-ЭКОЛОГИЯ""";"АКЦИОНЕРНОЕ ОБЩЕСТВО  ""ЮГРА-ЭКОЛОГИЯ""";04.08.2026;14.08.2026;Закупка завершена;;;12.08.2026;
44-ФЗ;№0373100068326000532;Электронный аукцион;Поставка силового оборудования с принадлежностями: дрель/пилы хирургической универсальной, с аккумуляторной батареей;;'261771300322277130100100063610000244;;;10131650.00;RUB;0;;;;;;"ФЕДЕРАЛЬНОЕ ГОСУДАРСТВЕННОЕ БЮДЖЕТНОЕ УЧРЕЖДЕНИЕ ""НАЦИОНАЛЬНЫЙ МЕДИЦИНСКИЙ ИССЛЕДОВАТЕЛЬСКИЙ ЦЕНТР ТРАВМАТОЛОГИИ И ОРТОПЕДИИ ИМЕНИ Н.Н. ПРИОРОВА"" МИНИСТЕРСТВА ЗДРАВООХРАНЕНИЯ РОССИЙСКОЙ ФЕДЕРАЦИИ";"ФЕДЕРАЛЬНОЕ ГОСУДАРСТВЕННОЕ БЮДЖЕТНОЕ УЧРЕЖДЕНИЕ ""НАЦИОНАЛЬНЫЙ МЕДИЦИНСКИЙ ИССЛЕДОВАТЕЛЬСКИЙ ЦЕНТР ТРАВМАТОЛОГИИ И ОРТОПЕДИИ ИМЕНИ Н.Н. ПРИОРОВА"" МИНИСТЕРСТВА ЗДРАВООХРАНЕНИЯ РОССИЙСКОЙ ФЕДЕРАЦИИ";06.08.2026;14.08.2026;Закупка завершена;;;14.08.2026;
44-ФЗ;№0168500000626002619;Электронный аукцион;Услуги частной охраны (выставление поста охраны);;'262732502851673250100100210018010244;;;6901297.92;RUB;0;;;;;;"ОБЛАСТНОЕ ГОСУДАРСТВЕННОЕ БЮДЖЕТНОЕ УЧРЕЖДЕНИЕ КУЛЬТУРЫ ""УЛЬЯНОВСКИЙ ОБЛАСТНОЙ КРАЕВЕДЧЕСКИЙ МУЗЕЙ ИМЕНИ И.А.ГОНЧАРОВА""";АГЕНТСТВО ГОСУДАРСТВЕННЫХ ЗАКУПОК УЛЬЯНОВСКОЙ ОБЛАСТИ;03.08.2026;14.08.2026;Закупка завершена;;;12.08.2026;
44-ФЗ;№2100700005326000012;Электронный аукцион для торгов по обращению с твердыми коммунальными отходами;41/2026 оказание услуг по транспортированию твердых коммунальных отходов на территории Ханты-Мансийского автономного округа - Югры в пределах зоны деятельности регионального оператора по обращению с твердыми коммунальными отходами, определенной границами Муниципального образования Ханты-Мансийского автономного округа – Югры городcкой округ Югорск;;;;;70205515.70;RUB;0;;;;;;"АКЦИОНЕРНОЕ ОБЩЕСТВО  ""ЮГРА-ЭКОЛОГИЯ""";"АКЦИОНЕРНОЕ ОБЩЕСТВО  ""ЮГРА-ЭКОЛОГИЯ""";04.08.2026;14.08.2026;Закупка завершена;;;12.08.2026;
44-ФЗ;№0169300000126001152;Электронный аукцион;26-126045Э Выполнение работ по текущему ремонту асфальтового покрытия на внутриквартальных территориях Курчатовского района города Челябинска;;'263744825815774480100101140014211244;;;10000000.00;RUB;0;;;;;;АДМИНИСТРАЦИЯ КУРЧАТОВСКОГО РАЙОНА ГОРОДА ЧЕЛЯБИНСКА;УПРАВЛЕНИЕ МУНИЦИПАЛЬНЫХ ЗАКУПОК АДМИНИСТРАЦИИ ГОРОДА ЧЕЛЯБИНСКА;27.07.2026;14.08.2026;Закупка завершена;;;04.08.2026;
44-ФЗ;№0373100047426000920;Электронный аукцион;"Поставка анкеров для фиксации хирургических связывающих материалов для нужд  ФГБУ ""НМХЦ им. Н.И. Пирогова"" Минздрава России";;'261773310856977190100102320063299244;;;5478900.00;RUB;0;;;;;;"ФЕДЕРАЛЬНОЕ ГОСУДАРСТВЕННОЕ БЮДЖЕТНОЕ УЧРЕЖДЕНИЕ ""НАЦИОНАЛЬНЫЙ МЕДИКО-ХИРУРГИЧЕСКИЙ ЦЕНТР ИМЕНИ Н.И.ПИРОГОВА"" МИНИСТЕРСТВА ЗДРАВООХРАНЕНИЯ РОССИЙСКОЙ ФЕДЕРАЦИИ";"ФЕДЕРАЛЬНОЕ ГОСУДАРСТВЕННОЕ БЮДЖЕТНОЕ УЧРЕЖДЕНИЕ ""НАЦИОНАЛЬНЫЙ МЕДИКО-ХИРУРГИЧЕСКИЙ ЦЕНТР ИМЕНИ Н.И.ПИРОГОВА"" МИНИСТЕРСТВА ЗДРАВООХРАНЕНИЯ РОССИЙСКОЙ ФЕДЕРАЦИИ";29.07.2026;14.08.2026;Закупка завершена;;;12.08.2026;
44-ФЗ;№0373100047426000925;Электронный аукцион;Поставка лекарственного препарата Сугаммадекс для медицинского применения для нужд ФГБУ «НМХЦ им. Н.И. Пирогова» Минздрава России;;'261773310856977190100100185122120244;;;13187600.00;RUB;0;;;;;;"ФЕДЕРАЛЬНОЕ ГОСУДАРСТВЕННОЕ БЮДЖЕТНОЕ УЧРЕЖДЕНИЕ ""НАЦИОНАЛЬНЫЙ МЕДИКО-ХИРУРГИЧЕСКИЙ ЦЕНТР ИМЕНИ Н.И.ПИРОГОВА"" МИНИСТЕРСТВА ЗДРАВООХРАНЕНИЯ РОССИЙСКОЙ ФЕДЕРАЦИИ";"ФЕДЕРАЛЬНОЕ ГОСУДАРСТВЕННОЕ БЮДЖЕТНОЕ УЧРЕЖДЕНИЕ ""НАЦИОНАЛЬНЫЙ МЕДИКО-ХИРУРГИЧЕСКИЙ ЦЕНТР ИМЕНИ Н.И.ПИРОГОВА"" МИНИСТЕРСТВА ЗДРАВООХРАНЕНИЯ РОССИЙСКОЙ ФЕДЕРАЦИИ";03.08.2026;14.08.2026;Закупка завершена;;;12.08.2026;
44-ФЗ;№0164200001926002798;Электронный аукцион;Оказание образовательных услуг по подготовке специалистов с высшим профессиональным образованием по специальности «лечебное дело»;;'262683100324168290100100260018522244;;;14336834.90;RUB;0;;;;;;МИНИСТЕРСТВО ЗДРАВООХРАНЕНИЯ ТАМБОВСКОЙ ОБЛАСТИ;МИНИСТЕРСТВО ИМУЩЕСТВЕННЫХ ОТНОШЕНИЙ И ГОСУДАРСТВЕННОГО ЗАКАЗА ТАМБОВСКОЙ ОБЛАСТИ;05.08.2026;14.08.2026;Закупка завершена;;;13.08.2026;
44-ФЗ;№0348200081026004669;Электронный аукцион;Закупка лекарственного препарата Кетоаналоги аминокислот  для обеспечения отдельных категорий граждан, в отношении которых установлены меры социальной поддержки Л271836  в  2027 году;;'262502406865650240100124120102120323;;;98507540.00;RUB;0;;;;;;"ГОСУДАРСТВЕННОЕ КАЗЕННОЕ УЧРЕЖДЕНИЕ МОСКОВСКОЙ ОБЛАСТИ ""ДИРЕКЦИЯ ЕДИНОГО ЗАКАЗЧИКА МИНИСТЕРСТВА ЗДРАВООХРАНЕНИЯ МОСКОВСКОЙ ОБЛАСТИ""";"ГОСУДАРСТВЕННОЕ КАЗЕННОЕ УЧРЕЖДЕНИЕ МОСКОВСКОЙ ОБЛАСТИ ""ДИРЕКЦИЯ ЕДИНОГО ЗАКАЗЧИКА МИНИСТЕРСТВА ЗДРАВООХРАНЕНИЯ МОСКОВСКОЙ ОБЛАСТИ""";03.08.2026;14.08.2026;Закупка завершена;;;14.08.2026;
44-ФЗ;№0367100000826000487;Электронный аукцион;Поставка изделий медицинского назначения;;'261720415236472030100100041920000244;;;12900000.00;RUB;0;;;;;;"ФЕДЕРАЛЬНОЕ ГОСУДАРСТВЕННОЕ БЮДЖЕТНОЕ УЧРЕЖДЕНИЕ ""ФЕДЕРАЛЬНЫЙ ЦЕНТР НЕЙРОХИРУРГИИ"" МИНИСТЕРСТВА ЗДРАВООХРАНЕНИЯ РОССИЙСКОЙ ФЕДЕРАЦИИ (Г.ТЮМЕНЬ)";"ФЕДЕРАЛЬНОЕ ГОСУДАРСТВЕННОЕ БЮДЖЕТНОЕ УЧРЕЖДЕНИЕ ""ФЕДЕРАЛЬНЫЙ ЦЕНТР НЕЙРОХИРУРГИИ"" МИНИСТЕРСТВА ЗДРАВООХРАНЕНИЯ РОССИЙСКОЙ ФЕДЕРАЦИИ (Г.ТЮМЕНЬ)";06.08.2026;14.08.2026;Закупка завершена;;;14.08.2026;
44-ФЗ;№0348200081026004686;Электронный аукцион;Закупка лекарственного препарата Ивабрадин  для обеспечения отдельных категорий граждан, в отношении которых установлены меры социальной поддержки Л271664  в  2027 году;;'262502406865650240100124110242120323;;;8695290.24;RUB;0;;;;;;"ГОСУДАРСТВЕННОЕ КАЗЕННОЕ УЧРЕЖДЕНИЕ МОСКОВСКОЙ ОБЛАСТИ ""ДИРЕКЦИЯ ЕДИНОГО ЗАКАЗЧИКА МИНИСТЕРСТВА ЗДРАВООХРАНЕНИЯ МОСКОВСКОЙ ОБЛАСТИ""";"ГОСУДАРСТВЕННОЕ КАЗЕННОЕ УЧРЕЖДЕНИЕ МОСКОВСКОЙ ОБЛАСТИ ""ДИРЕКЦИЯ ЕДИНОГО ЗАКАЗЧИКА МИНИСТЕРСТВА ЗДРАВООХРАНЕНИЯ МОСКОВСКОЙ ОБЛАСТИ""";03.08.2026;14.08.2026;Закупка завершена;;;14.08.2026;
44-ФЗ;№0307200030626001501;Электронный аукцион;Поставка системы рентгеновской компьютерной томографии всего тела в рамках проекта «Модернизация первичного звена здравоохранения» в 2026 году (Д1);;'262110148649111010100101010012660244;;;25500000.00;RUB;0;;;;;;МИНИСТЕРСТВО ЗДРАВООХРАНЕНИЯ РЕСПУБЛИКИ КОМИ;"ГОСУДАРСТВЕННОЕ КАЗЕННОЕ УЧРЕЖДЕНИЕ РЕСПУБЛИКИ КОМИ ""ЦЕНТР ОБЕСПЕЧЕНИЯ ОРГАНИЗАЦИИ И ПРОВЕДЕНИЯ ТОРГОВ""";31.07.2026;14.08.2026;Закупка завершена;;;12.08.2026;
44-ФЗ;№0373200082126000365;Электронный аукцион;Поставка керосина;;'262770203815077020100110730010000000;;;9186771.55;RUB;0;;;;;;"ГОСУДАРСТВЕННОЕ УНИТАРНОЕ ПРЕДПРИЯТИЕ ГОРОДА МОСКВЫ ""МОСКОВСКИЙ ОРДЕНА ЛЕНИНА И ОРДЕНА ТРУДОВОГО КРАСНОГО ЗНАМЕНИ МЕТРОПОЛИТЕН ИМЕНИ В.И.ЛЕНИНА""";"ГОСУДАРСТВЕННОЕ КАЗЕННОЕ УЧРЕЖДЕНИЕ ГОРОДА МОСКВЫ ""ДИРЕКЦИЯ ТРАНСПОРТНЫХ ЗАКУПОК""";04.08.2026;14.08.2026;Закупка завершена;;;12.08.2026;
44-ФЗ;№0187200001726001000;Запрос котировок в электронной форме;Поставка жилого помещения (квартиры);;'262860100391786010100100194036810412;;;6426000.00;RUB;0;;;;;;ДЕПАРТАМЕНТ ПО УПРАВЛЕНИЮ ГОСУДАРСТВЕННЫМ ИМУЩЕСТВОМ ХАНТЫ-МАНСИЙСКОГО АВТОНОМНОГО ОКРУГА - ЮГРЫ;ДЕПАРТАМЕНТ ГОСУДАРСТВЕННОГО ЗАКАЗА ХАНТЫ-МАНСИЙСКОГО АВТОНОМНОГО ОКРУГА - ЮГРЫ;06.08.2026;14.08.2026;Закупка завершена;;;13.08.2026;
44-ФЗ;№0873500002326000517;Электронный аукцион;Оказание услуг по праздничному и тематическому оформлению территории Троицкого и Новомосковского административных округов города Москвы к празднованию Дня города;;'262775132244577510100100210010000244;;;29987042.66;RUB;0;;;;;;"ГОСУДАРСТВЕННОЕ КАЗЕННОЕ УЧРЕЖДЕНИЕ ГОРОДА МОСКВЫ ""ДИРЕКЦИЯ ЗАКАЗЧИКА ЖИЛИЩНО-КОММУНАЛЬНОГО ХОЗЯЙСТВА И БЛАГОУСТРОЙСТВА ТРОИЦКОГО И НОВОМОСКОВСКОГО АДМИНИСТРАТИВНЫХ ОКРУГОВ""";"ГОСУДАРСТВЕННОЕ КАЗЕННОЕ УЧРЕЖДЕНИЕ ГОРОДА МОСКВЫ ""ДИРЕКЦИЯ ЗАКАЗЧИКА ЖИЛИЩНО-КОММУНАЛЬНОГО ХОЗЯЙСТВА И БЛАГОУСТРОЙСТВА ТРОИЦКОГО И НОВОМОСКОВСКОГО АДМИНИСТРАТИВНЫХ ОКРУГОВ""";06.08.2026;14.08.2026;Закупка завершена;;;14.08.2026;
44-ФЗ;№0145200000426001186;Электронный аукцион на проведение работ по строительству, реконструкции, кап. ремонту, сносу объекта кап. строительства в соответствии с п. 8 ч. 1 ст. 33 Закона № 44-ФЗ;Капитальный ремонт помещений под размещение компьютерного томографа по адресу: Ленинградская область, г. Гатчина, ул. Рощинская, д.15а, корпус 1;;'262470501326047050100103870014120243;;;9902080.00;RUB;0;;;;;;"ГОСУДАРСТВЕННОЕ БЮДЖЕТНОЕ УЧРЕЖДЕНИЕ ЗДРАВООХРАНЕНИЯ ЛЕНИНГРАДСКОЙ ОБЛАСТИ ""ГАТЧИНСКАЯ КЛИНИЧЕСКАЯ МЕЖРАЙОННАЯ БОЛЬНИЦА""";КОМИТЕТ ГОСУДАРСТВЕННОГО ЗАКАЗА ЛЕНИНГРАДСКОЙ ОБЛАСТИ;31.07.2026;14.08.2026;Закупка завершена;;;12.08.2026;
44-ФЗ;№0373200307326000194;Электронный аукцион;"Аукцион в электронной форме на право заключения контракта на оказание услуг по техническому обслуживанию и ремонту снегоуплотнительных машин FAVERO Snow Rabbit 3 для нужд ГБУ ""Автомобильные дороги""";;'262772765679077140100108420010000244;;;15200000.00;RUB;0;;;;;;"ГОСУДАРСТВЕННОЕ БЮДЖЕТНОЕ УЧРЕЖДЕНИЕ ГОРОДА МОСКВЫ ""АВТОМОБИЛЬНЫЕ ДОРОГИ""";"ГОСУДАРСТВЕННОЕ БЮДЖЕТНОЕ УЧРЕЖДЕНИЕ ГОРОДА МОСКВЫ ""АВТОМОБИЛЬНЫЕ ДОРОГИ""";05.08.2026;14.08.2026;Закупка завершена;;;13.08.2026;
44-ФЗ;№0373200082126000363;Электронный аукцион;Оказание услуг по техническому обслуживанию автоматизированных комплексов радиационного контроля в течение 2-х лет;;'262770203815077020100110040010000000;;;21401514.10;RUB;0;;;;;;"ГОСУДАРСТВЕННОЕ УНИТАРНОЕ ПРЕДПРИЯТИЕ ГОРОДА МОСКВЫ ""МОСКОВСКИЙ ОРДЕНА ЛЕНИНА И ОРДЕНА ТРУДОВОГО КРАСНОГО ЗНАМЕНИ МЕТРОПОЛИТЕН ИМЕНИ В.И.ЛЕНИНА""";"ГОСУДАРСТВЕННОЕ КАЗЕННОЕ УЧРЕЖДЕНИЕ ГОРОДА МОСКВЫ ""ДИРЕКЦИЯ ТРАНСПОРТНЫХ ЗАКУПОК""";04.08.2026;14.08.2026;Закупка завершена;;;12.08.2026;
44-ФЗ;№0101500000326000173;Электронный аукцион;"Поставка системы рентгеновской компьютерной томографии всего тела (национальный проект ""Продолжительная и активная жизнь"")";;'262027415782102740100109640012660244;;;51000000.00;RUB;0;;;;;;ГОСУДАРСТВЕННОЕ КАЗЕННОЕ УЧРЕЖДЕНИЕ УПРАВЛЕНИЕ МАТЕРИАЛЬНО-ТЕХНИЧЕСКОГО ОБЕСПЕЧЕНИЯ МИНИСТЕРСТВА ЗДРАВООХРАНЕНИЯ РЕСПУБЛИКИ БАШКОРТОСТАН;ГОСУДАРСТВЕННЫЙ КОМИТЕТ РЕСПУБЛИКИ БАШКОРТОСТАН ПО КОНКУРЕНТНОЙ ПОЛИТИКЕ;04.08.2026;14.08.2026;Закупка завершена;;;12.08.2026;
223-ФЗ;№32616293467;Иной способ;Услуги по приостановлению и/или возобновлению предоставления коммунальной услуги по электроснабжению;;;1;Услуги по приостановлению и/или возобновлению предоставления коммунальной услуги по электроснабжению;17500000.00;RUB;17500000.00;;;;35.12.10.110: Услуги по передаче электроэнергии;;"АКЦИОНЕРНОЕ ОБЩЕСТВО ""УЛЬЯНОВСКЭНЕРГО""";"АКЦИОНЕРНОЕ ОБЩЕСТВО ""УЛЬЯНОВСКЭНЕРГО""";14.08.2026;14.08.2026;Закупка завершена;;;;
223-ФЗ;№32616293793;Иной способ;"Выполнение работ по: -Строительству КЛ-10кВ от РТП-52 (ПС ""Восточная"",Ф-280) в районе ул.Апанасенковская 4А1 до проектируемого КТП по ул.Артёма, 6 -Строительству КЛ-10кВ от РТП-52 (ПС ""Восточная"",Ф-285) в районе ул.Апанасенковская 4А1 до проектируемого КТП по ул.Артёма, 6";;;1;"Выполнение работ по:  -Строительству КЛ-10кВ от РТП-52 (ПС ""Восточная"",Ф-280) в районе ул.Апанасенковская 4А1  до проектируемого КТП по ул.Артёма, 6 -Строительству КЛ-10кВ от РТП-52 (ПС ""Восточная"",Ф-285) в районе ул.Апанасенковская 4А1 до проектируемого КТП по ул.Артёма, 6";104707081.47;RUB;104707081.47;;;;42.22.21.120: Работы строительные по прокладке подводных или подземных линий электропередачи значительной протяженности и по их ремонту;;"АКЦИОНЕРНОЕ ОБЩЕСТВО ""СТАВРОПОЛЬСКИЕ ГОРОДСКИЕ ЭЛЕКТРИЧЕСКИЕ СЕТИ""";"АКЦИОНЕРНОЕ ОБЩЕСТВО ""СТАВРОПОЛЬСКИЕ ГОРОДСКИЕ ЭЛЕКТРИЧЕСКИЕ СЕТИ""";14.08.2026;14.08.2026;Закупка завершена;;;;
44-ФЗ;№0343100004726000068;Электронный аукцион;Поставка и установка  накопительных резервуаров;;'261451001025045100100101300022529244;;;13450000.00;RUB;0;;;;;;"ФЕДЕРАЛЬНОЕ КАЗЕННОЕ УЧРЕЖДЕНИЕ ""ИСПРАВИТЕЛЬНАЯ КОЛОНИЯ № 6 УПРАВЛЕНИЯ ФЕДЕРАЛЬНОЙ СЛУЖБЫ ИСПОЛНЕНИЯ НАКАЗАНИЙ ПО КУРГАНСКОЙ ОБЛАСТИ""";"ФЕДЕРАЛЬНОЕ КАЗЕННОЕ УЧРЕЖДЕНИЕ ""ИСПРАВИТЕЛЬНАЯ КОЛОНИЯ № 6 УПРАВЛЕНИЯ ФЕДЕРАЛЬНОЙ СЛУЖБЫ ИСПОЛНЕНИЯ НАКАЗАНИЙ ПО КУРГАНСКОЙ ОБЛАСТИ""";05.08.2026;14.08.2026;Закупка завершена;;;13.08.2026;
223-ФЗ;№32616293786;Иной способ;Поставка горюче-смазочных материалов (ГСМ) по топливным картам;;;426;Поставка горюче-смазочных материалов (ГСМ) по топливным картам;6000000.00;RUB;6000000.00;;;;19.20.21: Топливо моторное, включая автомобильный и авиационный бензин;;"АКЦИОНЕРНОЕ ОБЩЕСТВО ""МУСОРОУБОРОЧНАЯ КОМПАНИЯ""";"АКЦИОНЕРНОЕ ОБЩЕСТВО ""МУСОРОУБОРОЧНАЯ КОМПАНИЯ""";14.08.2026;14.08.2026;Закупка завершена;;;14.08.2026 13:30;
44-ФЗ;№0829500001126005214;Запрос котировок в электронной форме;Поставка лекарственного препарата для медицинского применения Тафамидис (РЛ);;'262346008846534600100106570012120323;;;5895370.80;RUB;0;;;;;;"ГОСУДАРСТВЕННОЕ КАЗЕННОЕ УЧРЕЖДЕНИЕ  ""ЦЕНТР СОПРОВОЖДЕНИЯ ЗАКУПОК ГОСУДАРСТВЕННЫХ УЧРЕЖДЕНИЙ ЗДРАВООХРАНЕНИЯ ВОЛГОГРАДСКОЙ ОБЛАСТИ""";"ГОСУДАРСТВЕННОЕ КАЗЕННОЕ УЧРЕЖДЕНИЕ  ""ЦЕНТР СОПРОВОЖДЕНИЯ ЗАКУПОК ГОСУДАРСТВЕННЫХ УЧРЕЖДЕНИЙ ЗДРАВООХРАНЕНИЯ ВОЛГОГРАДСКОЙ ОБЛАСТИ""";05.08.2026;14.08.2026;Закупка завершена;;;12.08.2026;
44-ФЗ;№0584300000326000100;Электронный аукцион;Поставка мягких контейнеров разового использования «Биг-Бэг»  с полиэтиленовыми вкладышами в г. Нарьян-Мар и г. Архангельск;;'263830001068529830100100920012222000;;;7724915.20;RUB;0;;;;;;"МУНИЦИПАЛЬНОЕ ПРЕДПРИЯТИЕ ЗАПОЛЯРНОГО РАЙОНА ""СЕВЕРЖИЛКОМСЕРВИС""";"МУНИЦИПАЛЬНОЕ ПРЕДПРИЯТИЕ ЗАПОЛЯРНОГО РАЙОНА ""СЕВЕРЖИЛКОМСЕРВИС""";05.08.2026;14.08.2026;Закупка завершена;;;13.08.2026;
44-ФЗ;№0145200000426001199;Электронный аукцион на проведение работ по строительству, реконструкции, кап. ремонту, сносу объекта кап. строительства в соответствии с п. 8 ч. 1 ст. 33 Закона № 44-ФЗ;Капитальный ремонт системы централизованного холодоснабжения Х1, Х2 главного корпуса здания ГБУЗ ЛО «Сертоловская ГБ» по адресу: Ленинградская область, Всеволожский район г. Сертолово, ул. Пограничная д.8, корпус 1.;;'262470303652047030100100710044120243;;;14418661.00;RUB;0;;;;;;"ГОСУДАРСТВЕННОЕ БЮДЖЕТНОЕ УЧРЕЖДЕНИЕ ЗДРАВООХРАНЕНИЯ ЛЕНИНГРАДСКОЙ ОБЛАСТИ ""СЕРТОЛОВСКАЯ ГОРОДСКАЯ БОЛЬНИЦА""";КОМИТЕТ ГОСУДАРСТВЕННОГО ЗАКАЗА ЛЕНИНГРАДСКОЙ ОБЛАСТИ;03.08.2026;14.08.2026;Закупка завершена;;;12.08.2026;
44-ФЗ;№0852500000126003152;Электронный аукцион;Поставка расходных материалов для РЧА (катетеры системы радиочастотнои? абляции) (Реестровый номер 261868);;'262550602152655040100101380013250244;;;49999900.00;RUB;0;;;;;;"БЮДЖЕТНОЕ УЧРЕЖДЕНИЕ ЗДРАВООХРАНЕНИЯ ОМСКОЙ ОБЛАСТИ ""КЛИНИЧЕСКИЙ КАРДИОЛОГИЧЕСКИЙ ДИСПАНСЕР""";"КАЗЕННОЕ УЧРЕЖДЕНИЕ ОМСКОЙ ОБЛАСТИ ""ЦЕНТР ЗАКУПОК ТОВАРОВ, РАБОТ, УСЛУГ""";05.08.2026;14.08.2026;Закупка завершена;;;14.08.2026;
44-ФЗ;№0362100008226000022;Открытый конкурс в электронной форме;Содержание  автомобильных дорог общего пользования федерального значения. Содержание и обеспечение работы центра управления производством ;;'261722300731666850100100930934211244;;;75072360.00;RUB;0;;;;;;"ФЕДЕРАЛЬНОЕ КАЗЕННОЕ УЧРЕЖДЕНИЕ ""ФЕДЕРАЛЬНОЕ УПРАВЛЕНИЕ АВТОМОБИЛЬНЫХ ДОРОГ ""УРАЛ"" ФЕДЕРАЛЬНОГО ДОРОЖНОГО АГЕНТСТВА""";"ФЕДЕРАЛЬНОЕ КАЗЕННОЕ УЧРЕЖДЕНИЕ ""ФЕДЕРАЛЬНОЕ УПРАВЛЕНИЕ АВТОМОБИЛЬНЫХ ДОРОГ ""УРАЛ"" ФЕДЕРАЛЬНОГО ДОРОЖНОГО АГЕНТСТВА""";27.07.2026;14.08.2026;Закупка завершена;;;12.08.2026;
44-ФЗ;№0373200063126000902;Электронный аукцион;Электронный аукцион на поставку расходных материалов для периферийного оборудования и оргтехники для нужд ГБУЗ «ГКБ им. М.П. Кончаловского ДЗМ»;;'262773506919277350100108570010000244;;;5585166.67;RUB;0;;;;;;"ГОСУДАРСТВЕННОЕ БЮДЖЕТНОЕ УЧРЕЖДЕНИЕ ЗДРАВООХРАНЕНИЯ ГОРОДА МОСКВЫ ""ГОРОДСКАЯ КЛИНИЧЕСКАЯ БОЛЬНИЦА ИМЕНИ М.П. КОНЧАЛОВСКОГО ДЕПАРТАМЕНТА ЗДРАВООХРАНЕНИЯ ГОРОДА МОСКВЫ""";"ГОСУДАРСТВЕННОЕ БЮДЖЕТНОЕ УЧРЕЖДЕНИЕ ЗДРАВООХРАНЕНИЯ ГОРОДА МОСКВЫ ""ГОРОДСКАЯ КЛИНИЧЕСКАЯ БОЛЬНИЦА ИМЕНИ М.П. КОНЧАЛОВСКОГО ДЕПАРТАМЕНТА ЗДРАВООХРАНЕНИЯ ГОРОДА МОСКВЫ""";12.08.2026;14.08.2026;Определение поставщика отменено;;;24.08.2026;
44-ФЗ;№0329200062226002244;Электронный аукцион;Оказание услуг по ликвидации отходов, не относящихся к твердым коммунальным отходам, размещенных на прилегающей территории к местам накопления, собственником которых является муниципальное образование Волгоград;;'263344406967334440100100100023811244;;;25000000.00;RUB;0;;;;;;ДЕПАРТАМЕНТ ЖИЛИЩНО-КОММУНАЛЬНОГО ХОЗЯЙСТВА И ТОПЛИВНО-ЭНЕРГЕТИЧЕСКОГО КОМПЛЕКСА АДМИНИСТРАЦИИ ВОЛГОГРАДА;"ГОСУДАРСТВЕННОЕ КАЗЕННОЕ УЧРЕЖДЕНИЕ ВОЛГОГРАДСКОЙ ОБЛАСТИ ""ЦЕНТР ОРГАНИЗАЦИИ ЗАКУПОК""";31.07.2026;14.08.2026;Закупка завершена;;;13.08.2026;
44-ФЗ;№2036500000226000003;Электронный аукцион для торгов по обращению с твердыми коммунальными отходами;Оказание услуг по транспортированию твёрдых коммунальных отходов на территориях Вышневолоцкого городского округа, Муниципального образования ЗАТО Озёрный, Спировского муниципального округа, Фировского муниципального округа, Бологовского муниципального округа Тверской области;;;;;176005471.60;RUB;0;;;;;;"ОБЩЕСТВО С ОГРАНИЧЕННОЙ ОТВЕТСТВЕННОСТЬЮ ""ТВЕРЬСПЕЦАВТОХОЗЯЙСТВО""";"ОБЩЕСТВО С ОГРАНИЧЕННОЙ ОТВЕТСТВЕННОСТЬЮ ""ТВЕРЬСПЕЦАВТОХОЗЯЙСТВО""";05.08.2026;14.08.2026;Закупка завершена;;;13.08.2026;
44-ФЗ;№0373400012326000009;Электронный аукцион;Оказание услуг по комплексному эксплуатационно-техническому обслуживанию здания, находящегося  по адресу: г. Москва, 4-й Сыромятнический пер., д. 1, стр. 1;;'261970907538777090100100120028110244;;;5706666.72;RUB;0;;;;;;"ФЕДЕРАЛЬНОЕ ГОСУДАРСТВЕННОЕ БЮДЖЕТНОЕ УЧРЕЖДЕНИЕ ""ГОСУДАРСТВЕННЫЙ ВСЕРОССИЙСКИЙ ЦЕНТР ЭКСПЕРТИЗЫ И СЕРТИФИКАЦИИ В ОБЛАСТИ ОХРАНЫ И РЕСТАВРАЦИИ ПАМЯТНИКОВ ИСТОРИИ И КУЛЬТУРЫ ""РОСГОСЭКСПЕРТИЗА""";"ФЕДЕРАЛЬНОЕ ГОСУДАРСТВЕННОЕ БЮДЖЕТНОЕ УЧРЕЖДЕНИЕ ""ГОСУДАРСТВЕННЫЙ ВСЕРОССИЙСКИЙ ЦЕНТР ЭКСПЕРТИЗЫ И СЕРТИФИКАЦИИ В ОБЛАСТИ ОХРАНЫ И РЕСТАВРАЦИИ ПАМЯТНИКОВ ИСТОРИИ И КУЛЬТУРЫ ""РОСГОСЭКСПЕРТИЗА""";05.08.2026;14.08.2026;Закупка завершена;;;13.08.2026;
44-ФЗ;№0329200062226002181;Открытый конкурс в электронной форме;Оказание услуг по организации бесплатного горячего питания обучающихся 1-11 классов, получающих образование в муниципальных общеобразовательных организациях Суровикинского муниципального района Волгоградской области;;263343003200034300100100270015629244, 263343003192034300100100160015629244, 263343003191234300100100240015629244, 263343003194434300100100150015629244, 263343003182434300100100120015629244, 263343003190534300100100100015629244, 263343003195134300100100370015629244, 263343003198334300100100250015629244, 263343003177534300100100160015629244, 263343003185634300100100130015629244, 263343003199034300100100100015629244, 263343003183134300100100130015629244;;;9380675.56;RUB;0;;;;;;;"ГОСУДАРСТВЕННОЕ КАЗЕННОЕ УЧРЕЖДЕНИЕ ВОЛГОГРАДСКОЙ ОБЛАСТИ ""ЦЕНТР ОРГАНИЗАЦИИ ЗАКУПОК""";27.07.2026;14.08.2026;Закупка завершена;;;13.08.2026;
44-ФЗ;№0187200001726000958;Запрос котировок в электронной форме;Поставка жилого помещения (квартиры);;'262860100391786010100100193966810412;;;6426000.00;RUB;0;;;;;;ДЕПАРТАМЕНТ ПО УПРАВЛЕНИЮ ГОСУДАРСТВЕННЫМ ИМУЩЕСТВОМ ХАНТЫ-МАНСИЙСКОГО АВТОНОМНОГО ОКРУГА - ЮГРЫ;ДЕПАРТАМЕНТ ГОСУДАРСТВЕННОГО ЗАКАЗА ХАНТЫ-МАНСИЙСКОГО АВТОНОМНОГО ОКРУГА - ЮГРЫ;31.07.2026;14.08.2026;Закупка завершена;;;13.08.2026;
44-ФЗ;№0187200001726000956;Запрос котировок в электронной форме;Поставка жилого помещения (квартиры);;'262860100391786010100100193976810412;;;6426000.00;RUB;0;;;;;;ДЕПАРТАМЕНТ ПО УПРАВЛЕНИЮ ГОСУДАРСТВЕННЫМ ИМУЩЕСТВОМ ХАНТЫ-МАНСИЙСКОГО АВТОНОМНОГО ОКРУГА - ЮГРЫ;ДЕПАРТАМЕНТ ГОСУДАРСТВЕННОГО ЗАКАЗА ХАНТЫ-МАНСИЙСКОГО АВТОНОМНОГО ОКРУГА - ЮГРЫ;31.07.2026;14.08.2026;Закупка завершена;;;13.08.2026;
44-ФЗ;№2036500000226000002;Электронный аукцион для торгов по обращению с твердыми коммунальными отходами;Оказание услуг по транспортированию твёрдых коммунальных отходов на территории Лесного муниципального округа Тверской области;;;;;6941011.26;RUB;0;;;;;;"ОБЩЕСТВО С ОГРАНИЧЕННОЙ ОТВЕТСТВЕННОСТЬЮ ""ТВЕРЬСПЕЦАВТОХОЗЯЙСТВО""";"ОБЩЕСТВО С ОГРАНИЧЕННОЙ ОТВЕТСТВЕННОСТЬЮ ""ТВЕРЬСПЕЦАВТОХОЗЯЙСТВО""";05.08.2026;14.08.2026;Закупка завершена;;;13.08.2026;
44-ФЗ;№0142200001326015714;Электронный аукцион;Поставка лекарственного препарата «Асциминиб» в рамках льготного лекарственного обеспечения на 2026г. ( п26-01-4550);;'262631819736763180100100954860000000;;;7421865.00;RUB;0;;;;;;"ГОСУДАРСТВЕННОЕ КАЗЕННОЕ УЧРЕЖДЕНИЕ САМАРСКОЙ ОБЛАСТИ ""САМАРАФАРМАЦИЯ""";КОМИТЕТ ПО ОРГАНИЗАЦИИ ТОРГОВ САМАРСКОЙ ОБЛАСТИ;04.08.2026;14.08.2026;Закупка завершена;;;13.08.2026;
44-ФЗ;№0853500000326005391;Электронный аукцион;На поставку стратегически значимого лекарственного препарата для медицинского применения Элтромбопаг для обеспечения льготных категорий граждан;;'262561207412856120100100022912120323;;;12693648.80;RUB;0;;;;;;МИНИСТЕРСТВО ЗДРАВООХРАНЕНИЯ ОРЕНБУРГСКОЙ ОБЛАСТИ;"ГОСУДАРСТВЕННОЕ КАЗЕННОЕ УЧРЕЖДЕНИЕ ОРЕНБУРГСКОЙ ОБЛАСТИ ""ЦЕНТР ОРГАНИЗАЦИИ ЗАКУПОК""";04.08.2026;14.08.2026;Закупка завершена;;;12.08.2026;
44-ФЗ;№0337100012026000007;Запрос котировок в электронной форме;Выполнение работ по созданию временной выездной выставки под названием  «А.Л. Чижевский. Вдохновленный Солнцем» на площадях ТОГАУК «Музейный комплекс «Усадьба Асеевых» (Тамбовская область, г. Рассказово), МУК «Музейно-выставочный центр» города Заречного Пензенской области»;;'261402702339440270100100530017410244;;;5000000.00;RUB;0;;;;;;"ФЕДЕРАЛЬНОЕ ГОСУДАРСТВЕННОЕ БЮДЖЕТНОЕ УЧРЕЖДЕНИЕ КУЛЬТУРЫ ""ГОСУДАРСТВЕННЫЙ МУЗЕЙ ИСТОРИИ КОСМОНАВТИКИ ИМЕНИ К.Э. ЦИОЛКОВСКОГО""";"ФЕДЕРАЛЬНОЕ ГОСУДАРСТВЕННОЕ БЮДЖЕТНОЕ УЧРЕЖДЕНИЕ КУЛЬТУРЫ ""ГОСУДАРСТВЕННЫЙ МУЗЕЙ ИСТОРИИ КОСМОНАВТИКИ ИМЕНИ К.Э. ЦИОЛКОВСКОГО""";06.08.2026;14.08.2026;Закупка завершена;;;13.08.2026;
44-ФЗ;№0155500000626000422;Запрос котировок в электронной форме;Оказание услуг по развитию государственной информационной системы в сфере здравоохранения Пензенской области (СЭМД справки заключения);;'262581800370958180100100550010000246;;;5093994.10;RUB;0;;;;;;"ГОСУДАРСТВЕННОЕ БЮДЖЕТНОЕ УЧРЕЖДЕНИЕ ЗДРАВООХРАНЕНИЯ ""ПЕНЗЕНСКАЯ РАЙОННАЯ БОЛЬНИЦА ИМЕНИ К.А. КАРАГИЗОВА""";МИНИСТЕРСТВО ПО ТАРИФНОМУ РЕГУЛИРОВАНИЮ И ГОСУДАРСТВЕННЫМ ЗАКУПКАМ ПЕНЗЕНСКОЙ ОБЛАСТИ;06.08.2026;14.08.2026;Закупка завершена;;;14.08.2026;
44-ФЗ;№0187200001726000960;Запрос котировок в электронной форме;Поставка жилого помещения (квартиры);;'262860100391786010100100193796810412;;;6426000.00;RUB;0;;;;;;ДЕПАРТАМЕНТ ПО УПРАВЛЕНИЮ ГОСУДАРСТВЕННЫМ ИМУЩЕСТВОМ ХАНТЫ-МАНСИЙСКОГО АВТОНОМНОГО ОКРУГА - ЮГРЫ;ДЕПАРТАМЕНТ ГОСУДАРСТВЕННОГО ЗАКАЗА ХАНТЫ-МАНСИЙСКОГО АВТОНОМНОГО ОКРУГА - ЮГРЫ;03.08.2026;14.08.2026;Закупка завершена;;;13.08.2026;
44-ФЗ;№0187200001726000961;Запрос котировок в электронной форме;Поставка жилого помещения (квартиры);;'262860100391786010100100193786810412;;;6426000.00;RUB;0;;;;;;ДЕПАРТАМЕНТ ПО УПРАВЛЕНИЮ ГОСУДАРСТВЕННЫМ ИМУЩЕСТВОМ ХАНТЫ-МАНСИЙСКОГО АВТОНОМНОГО ОКРУГА - ЮГРЫ;ДЕПАРТАМЕНТ ГОСУДАРСТВЕННОГО ЗАКАЗА ХАНТЫ-МАНСИЙСКОГО АВТОНОМНОГО ОКРУГА - ЮГРЫ;03.08.2026;14.08.2026;Закупка завершена;;;13.08.2026;
44-ФЗ;№0175200000426001303;Электронный аукцион;Поставка угля;;263910500783591050100100070020510244, 263910500967091050100100020010510244, 263910500863891050100100030010510244, 263910500997791050100100020010510244, 263910500981891050100100030010510244, 263910500926191050100100050010510244, 263910500922291050100100060010510244, 263910500938191050100100020010510244, 263910500864591050100100050010510244, 263910500940991050100100020010510244, 263910500929391050100100050010510244, 263910500987191050100100030010510244, 263910500945591050100100040010510244, 263910500920891050100100020010510244, 263910500931091050100100050010510244, 263910500986491050100100020010510244, 263910500930391050100100030010510244, 263910500798791050100100030010510244, 263910500932891050100100050010510244, 263910500903991050100100030010510244, 263910500879791050100100020010510244;;;23487100.00;RUB;0;;;;;;;ГОСУДАРСТВЕННЫЙ КОМИТЕТ КОНКУРЕНТНОЙ ПОЛИТИКИ РЕСПУБЛИКИ КРЫМ;06.08.2026;14.08.2026;Закупка завершена;;;14.08.2026;
44-ФЗ;№0352300219526000165;Запрос котировок в электронной форме;Поставка технического комплекса сопровождения заседания;;'263552801726655280100100490030000242;;;7459631.63;RUB;0;;;;;;"МУНИЦИПАЛЬНОЕ КАЗЕННОЕ УЧРЕЖДЕНИЕ ""ХОЗЯЙСТВЕННОЕ УПРАВЛЕНИЕ АДМИНИСТРАЦИИ ОМСКОГО МУНИЦИПАЛЬНОГО РАЙОНА ОМСКОЙ ОБЛАСТИ""";"МУНИЦИПАЛЬНОЕ КАЗЕННОЕ УЧРЕЖДЕНИЕ ""ХОЗЯЙСТВЕННОЕ УПРАВЛЕНИЕ АДМИНИСТРАЦИИ ОМСКОГО МУНИЦИПАЛЬНОГО РАЙОНА ОМСКОЙ ОБЛАСТИ""";14.08.2026;14.08.2026;Определение поставщика отменено;;;21.08.2026;
44-ФЗ;№0859200001126009642;Запрос котировок в электронной форме;Поставка лекарственного препарата для медицинского применения Карбоплатин;;'262623000824562300100103500042120244;;;8533890.00;RUB;0;;;;;;"ГОСУДАРСТВЕННОЕ БЮДЖЕТНОЕ УЧРЕЖДЕНИЕ РЯЗАНСКОЙ ОБЛАСТИ  ""ОБЛАСТНОЙ КЛИНИЧЕСКИЙ ОНКОЛОГИЧЕСКИЙ ДИСПАНСЕР""";"ГОСУДАРСТВЕННОЕ КАЗЕННОЕ УЧРЕЖДЕНИЕ РЯЗАНСКОЙ ОБЛАСТИ ""ЦЕНТР ЗАКУПОК РЯЗАНСКОЙ ОБЛАСТИ""";07.08.2026;14.08.2026;Закупка завершена;;;14.08.2026;
44-ФЗ;№0883500081426000001;Электронный аукцион;Система маммографическая рентгеновская стационарная, цифровая;;'262940200330494030100100190010000244;;;15634000.00;RUB;0;;;;;;"ГОСУДАРСТВЕННОЕ БЮДЖЕТНОЕ  УЧРЕЖДЕНИЕ ЗДРАВООХРАНЕНИЯ ""ЛУГАНСКАЯ РЕСПУБЛИКАНСКАЯ БОЛЬНИЦА № 2"" ЛУГАНСКОЙ НАРОДНОЙ РЕСПУБЛИКИ";"ГОСУДАРСТВЕННОЕ БЮДЖЕТНОЕ  УЧРЕЖДЕНИЕ ЗДРАВООХРАНЕНИЯ ""ЛУГАНСКАЯ РЕСПУБЛИКАНСКАЯ БОЛЬНИЦА № 2"" ЛУГАНСКОЙ НАРОДНОЙ РЕСПУБЛИКИ";05.08.2026;14.08.2026;Закупка завершена;;;13.08.2026;
44-ФЗ;№0148300000626000866;Открытый конкурс в электронной форме;Оказание услуг по организации рационального горячего питания обучающихся МБОУ ЦО №25;;'263503103650350310100100430015629244;;;13108590.00;RUB;0;;;;;;"МУНИЦИПАЛЬНОЕ БЮДЖЕТНОЕ ОБЩЕОБРАЗОВАТЕЛЬНОЕ УЧРЕЖДЕНИЕ ""ЦЕНТР ОБРАЗОВАНИЯ № 25 ИМЕНИ ГЕРОЯ СОВЕТСКОГО СОЮЗА МИХАИЛА ВАСИЛЬЕВИЧА ВОДОПЬЯНОВА""";АДМИНИСТРАЦИЯ БОГОРОДСКОГО ГОРОДСКОГО ОКРУГА МОСКОВСКОЙ ОБЛАСТИ;27.07.2026;14.08.2026;Закупка завершена;;;12.08.2026;
44-ФЗ;№0148300000626000868;Открытый конкурс в электронной форме;Оказание услуг по организации рационального горячего питания обучающихся МБОУ ЦО № 5;;'263503102411350310100100360015629244;;;8407850.00;RUB;0;;;;;;"МУНИЦИПАЛЬНОЕ БЮДЖЕТНОЕ ОБЩЕОБРАЗОВАТЕЛЬНОЕ УЧРЕЖДЕНИЕ ""ЦЕНТР ОБРАЗОВАНИЯ №5 ИМЕНИ ГЕРОЯ РОССИИ МАКСИМА СУРАЕВА""";АДМИНИСТРАЦИЯ БОГОРОДСКОГО ГОРОДСКОГО ОКРУГА МОСКОВСКОЙ ОБЛАСТИ;29.07.2026;14.08.2026;Закупка завершена;;;12.08.2026;
44-ФЗ;№0148300000626000865;Открытый конкурс в электронной форме;Оказание услуг по организации рационального горячего питания обучающихся МБОУ ЦО № 35;;'263503103697650310100100300015629244;;;7343710.00;RUB;0;;;;;;"МУНИЦИПАЛЬНОЕ БЮДЖЕТНОЕ ОБЩЕОБРАЗОВАТЕЛЬНОЕ УЧРЕЖДЕНИЕ ""ЦЕНТР ОБРАЗОВАНИЯ № 35""";АДМИНИСТРАЦИЯ БОГОРОДСКОГО ГОРОДСКОГО ОКРУГА МОСКОВСКОЙ ОБЛАСТИ;27.07.2026;14.08.2026;Закупка завершена;;;12.08.2026;
44-ФЗ;№0373200138226000659;Электронный аукцион;оказание услуг по техническому обслуживанию и ремонту вентиляционного и климатического оборудования ГБУК ГДМ по адресу: г. Москва, ул. Вавилова, д. 57 стр.1;;'262770401203777360100100220010000244;;;9427237.12;RUB;0;;;;;;"ГОСУДАРСТВЕННОЕ БЮДЖЕТНОЕ УЧРЕЖДЕНИЕ КУЛЬТУРЫ ГОРОДА МОСКВЫ ""ГОСУДАРСТВЕННЫЙ ДАРВИНОВСКИЙ МУЗЕЙ""";"ГОСУДАРСТВЕННОЕ КАЗЕННОЕ УЧРЕЖДЕНИЕ ГОРОДА МОСКВЫ ""ТЕХНИЧЕСКИЙ ЦЕНТР ДЕПАРТАМЕНТА КУЛЬТУРЫ ГОРОДА МОСКВЫ""";05.08.2026;14.08.2026;Закупка завершена;;;13.08.2026;
44-ФЗ;№0867300000926000183;Электронный аукцион на проведение работ по строительству, реконструкции, кап. ремонту, сносу объекта кап. строительства в соответствии с п. 8 ч. 1 ст. 33 Закона № 44-ФЗ;«Инженерная подготовка площадки для жилищного строительства в д. Падерина, Московского муниципального образования, Тюменского муниципального района. Строительство дорог» –V этап, (ул. Есенина)»;;'263720225049372030100100230014211414;;;11647973.00;RUB;0;;;;;;"МУНИЦИПАЛЬНОЕ КАЗЕННОЕ УЧРЕЖДЕНИЕ ""СЛУЖБА ЗАКАЗЧИКА ТЮМЕНСКОГО ОКРУГА""";"МУНИЦИПАЛЬНОЕ КАЗЕННОЕ УЧРЕЖДЕНИЕ ""УПРАВЛЕНИЕ ОБЕСПЕЧЕНИЯ ЖИЗНЕДЕЯТЕЛЬНОСТИ""";04.08.2026;14.08.2026;Закупка завершена;;;12.08.2026;
44-ФЗ;№0348100043826000020;Электронный аукцион;Поставка речевых процессоров совместимых с кохлеарными имплантами;;'261504600586877510100100130183250244;;;35250000.00;RUB;0;;;;;;ФЕДЕРАЛЬНОЕ ГОСУДАРСТВЕННОЕ БЮДЖЕТНОЕ УЧРЕЖДЕНИЕ ЦЕНТР РЕАБИЛИТАЦИИ (ДЛЯ ДЕТЕЙ С НАРУШЕНИЕМ СЛУХА) МИНИСТЕРСТВА ЗДРАВООХРАНЕНИЯ РОССИЙСКОЙ ФЕДЕРАЦИИ;ФЕДЕРАЛЬНОЕ ГОСУДАРСТВЕННОЕ БЮДЖЕТНОЕ УЧРЕЖДЕНИЕ ЦЕНТР РЕАБИЛИТАЦИИ (ДЛЯ ДЕТЕЙ С НАРУШЕНИЕМ СЛУХА) МИНИСТЕРСТВА ЗДРАВООХРАНЕНИЯ РОССИЙСКОЙ ФЕДЕРАЦИИ;06.08.2026;14.08.2026;Закупка завершена;;;14.08.2026;
44-ФЗ;№0848600003326000544;Открытый конкурс в электронной форме;Оказание услуг по организации питания воспитанников (январь- май 2027);;'263501601068450160100100610015629244;;;13372268.68;RUB;0;;;;;;"МУНИЦИПАЛЬНОЕ БЮДЖЕТНОЕ ОБЩЕОБРАЗОВАТЕЛЬНОЕ УЧРЕЖДЕНИЕ Г.ИВАНТЕЕВКА ГОРОДСКОГО ОКРУГА ПУШКИНСКИЙ МОСКОВСКОЙ ОБЛАСТИ ""ГИМНАЗИЯ №3""";"МУНИЦИПАЛЬНОЕ КАЗЁННОЕ УЧРЕЖДЕНИЕ ГОРОДСКОГО ОКРУГА ПУШКИНСКИЙ МОСКОВСКОЙ ОБЛАСТИ ""ЦЕНТР ОРГАНИЗАЦИИ ТОРГОВ""";29.07.2026;14.08.2026;Закупка завершена;;;14.08.2026;
44-ФЗ;№0121200004726000946;Электронный аукцион;Текущий ремонт кровли в МБОУ СОШ № 4, 356546, Ставропольский край, Туркменский муниципальный округ, с. Малые Ягуры, пл. Пионерская, д. 16;;'263262200396326220100100040014391244;;;5350099.53;RUB;0;;;;;;"МУНИЦИПАЛЬНОЕ БЮДЖЕТНОЕ ОБЩЕОБРАЗОВАТЕЛЬНОЕ УЧРЕЖДЕНИЕ ""СРЕДНЯЯ ОБЩЕОБРАЗОВАТЕЛЬНАЯ ШКОЛА № 4""";КОМИТЕТ СТАВРОПОЛЬСКОГО КРАЯ ПО ГОСУДАРСТВЕННЫМ ЗАКУПКАМ;06.08.2026;14.08.2026;Закупка завершена;;;14.08.2026;
44-ФЗ;№0142200001326015603;Электронный аукцион;Выполнение работ по ликвидации несанкционированных мест размещения отходов на территории муниципального района Кинельский Самарской области;;'263635001281463500100100120013811244;;;8000012.96;RUB;0;;;;;;"МУНИЦИПАЛЬНОЕ БЮДЖЕТНОЕ УЧРЕЖДЕНИЕ ""УПРАВЛЕНИЕ ПРИРОДОПОЛЬЗОВАНИЯ МУНИЦИПАЛЬНОГО РАЙОНА КИНЕЛЬСКИЙ САМАРСКОЙ ОБЛАСТИ""";КОМИТЕТ ПО ОРГАНИЗАЦИИ ТОРГОВ САМАРСКОЙ ОБЛАСТИ;31.07.2026;14.08.2026;Закупка завершена;;;12.08.2026;
44-ФЗ;№0373500003326000007;Запрос котировок в электронной форме;Оказание услуг по уборке помещений в 2026-2029 годах;;'262771822913577150100100120010000244;;;5676977.70;RUB;0;;;;;;"ГОСУДАРСТВЕННОЕ БЮДЖЕТНОЕ УЧРЕЖДЕНИЕ ГОРОДА МОСКВЫ ""КООРДИНАЦИОННЫЙ ЦЕНТР ПО МЕЖВЕДОМСТВЕННЫМ ПРОЕКТАМ ДЕПАРТАМЕНТА ТРУДА И СОЦИАЛЬНОЙ ЗАЩИТЫ НАСЕЛЕНИЯ ГОРОДА МОСКВЫ""";"ГОСУДАРСТВЕННОЕ БЮДЖЕТНОЕ УЧРЕЖДЕНИЕ ГОРОДА МОСКВЫ ""КООРДИНАЦИОННЫЙ ЦЕНТР ПО МЕЖВЕДОМСТВЕННЫМ ПРОЕКТАМ ДЕПАРТАМЕНТА ТРУДА И СОЦИАЛЬНОЙ ЗАЩИТЫ НАСЕЛЕНИЯ ГОРОДА МОСКВЫ""";06.08.2026;14.08.2026;Закупка завершена;;;13.08.2026;
44-ФЗ;№0142200001326015673;Электронный аукцион;Поставка быстровозводимой модульной конструкции для возведения подразделений лечебных учреждений - ВА;;'262631819736763180100100410040000000;;;29815157.66;RUB;0;;;;;;"ГОСУДАРСТВЕННОЕ КАЗЕННОЕ УЧРЕЖДЕНИЕ САМАРСКОЙ ОБЛАСТИ ""САМАРАФАРМАЦИЯ""";КОМИТЕТ ПО ОРГАНИЗАЦИИ ТОРГОВ САМАРСКОЙ ОБЛАСТИ;03.08.2026;14.08.2026;Закупка завершена;;;12.08.2026;
44-ФЗ;№0190200000326008909;Электронный аукцион;Поставка медицинского изделия - Монитор пациента модульный, ввод в эксплуатацию медицинского изделия, обучение правилам эксплуатации специалистов, эксплуатирующих медицинское изделие, и специалистов, осуществляющих техническое обслуживание медицинского изделия.;;'262891100132489110100101440202660244;;;5910000.00;RUB;0;;;;;;"ГОСУДАРСТВЕННОЕ БЮДЖЕТНОЕ УЧРЕЖДЕНИЕ ЗДРАВООХРАНЕНИЯ ЯМАЛО-НЕНЕЦКОГО АВТОНОМНОГО ОКРУГА ""ТАРКО-САЛИНСКАЯ ЦЕНТРАЛЬНАЯ РАЙОННАЯ БОЛЬНИЦА""";ДЕПАРТАМЕНТ ГОСУДАРСТВЕННОГО ЗАКАЗА ЯМАЛО-НЕНЕЦКОГО АВТОНОМНОГО ОКРУГА;03.08.2026;14.08.2026;Закупка завершена;;;13.08.2026;
44-ФЗ;№0809500000326002970;Электронный аукцион;оказание услуг по стирке белья;;'262132512686513260100100940019601244;;;6000000.00;RUB;0;;;;;;"ГОСУДАРСТВЕННОЕ БЮДЖЕТНОЕ УЧРЕЖДЕНИЕ ЗДРАВООХРАНЕНИЯ РЕСПУБЛИКИ МОРДОВИЯ ""РЕСПУБЛИКАНСКАЯ КЛИНИЧЕСКАЯ БОЛЬНИЦА №4""";"ГОСУДАРСТВЕННОЕ КАЗЕННОЕ УЧРЕЖДЕНИЕ РЕСПУБЛИКИ МОРДОВИЯ ""РЕГИОНАЛЬНЫЙ ЦЕНТР ОРГАНИЗАЦИИ ЗАКУПОК""";06.08.2026;14.08.2026;Закупка завершена;;;14.08.2026;
44-ФЗ;№0153300090226000119;Запрос котировок в электронной форме;Выполнение инженерных изысканий, подготовка рабочей и проектно-сметной документации по объекту «Строительство магистральной сети водоснабжения Город-3 и сетей инженерного обеспечения (водоснабжение и водоотведение) к новой жилой застройке микрорайона «Семейный» в г.Ясный Оренбургской области» с учетом проведения государственной экспертизы проектно-сметной документации;;'263561803121956180100100880027112414;;;4999999.98;RUB;0;;;;;;АДМИНИСТРАЦИЯ ЯСНЕНСКОГО МУНИЦИПАЛЬНОГО ОКРУГА ОРЕНБУРГСКОЙ ОБЛАСТИ;АДМИНИСТРАЦИЯ ЯСНЕНСКОГО МУНИЦИПАЛЬНОГО ОКРУГА ОРЕНБУРГСКОЙ ОБЛАСТИ;05.08.2026;14.08.2026;Закупка завершена;;;12.08.2026;
44-ФЗ;№0332100022826000022;Электронный аукцион;выполнение работ по монтажу системы видеонаблюдения, на объектах спорткомплекс, корпус ветеринарного факультета учебно-производственный цех по выработке мясомолочной продукции (в целях осуществления мер по предупреждению терроризма, а также ликвидации последствий проявления терроризма);;'261526100279552610100100580024321244;;;8268100.00;RUB;0;;;;;;"ФЕДЕРАЛЬНОЕ ГОСУДАРСТВЕННОЕ БЮДЖЕТНОЕ ОБРАЗОВАТЕЛЬНОЕ УЧРЕЖДЕНИЕ ВЫСШЕГО ОБРАЗОВАНИЯ ""НИЖЕГОРОДСКИЙ ГОСУДАРСТВЕННЫЙ АГРОТЕХНОЛОГИЧЕСКИЙ УНИВЕРСИТЕТ ИМЕНИ Л.Я. ФЛОРЕНТЬЕВА""";"ФЕДЕРАЛЬНОЕ ГОСУДАРСТВЕННОЕ БЮДЖЕТНОЕ ОБРАЗОВАТЕЛЬНОЕ УЧРЕЖДЕНИЕ ВЫСШЕГО ОБРАЗОВАНИЯ ""НИЖЕГОРОДСКИЙ ГОСУДАРСТВЕННЫЙ АГРОТЕХНОЛОГИЧЕСКИЙ УНИВЕРСИТЕТ ИМЕНИ Л.Я. ФЛОРЕНТЬЕВА""";06.08.2026;14.08.2026;Закупка завершена;;;14.08.2026;
44-ФЗ;№0372200289926000099;Запрос котировок в электронной форме;Поставка медицинской мебели;;'262784300478878430100100010990000000;;;6468198.60;RUB;0;;;;;;"САНКТ-ПЕТЕРБУРГСКОЕ ГОСУДАРСТВЕННОЕ БЮДЖЕТНОЕ СТАЦИОНАРНОЕ УЧРЕЖДЕНИЕ СОЦИАЛЬНОГО ОБСЛУЖИВАНИЯ НАСЕЛЕНИЯ ""ДОМ СОЦИАЛЬНОГО ОБСЛУЖИВАНИЯ ""ПАРУС""";"САНКТ-ПЕТЕРБУРГСКОЕ ГОСУДАРСТВЕННОЕ БЮДЖЕТНОЕ СТАЦИОНАРНОЕ УЧРЕЖДЕНИЕ СОЦИАЛЬНОГО ОБСЛУЖИВАНИЯ НАСЕЛЕНИЯ ""ДОМ СОЦИАЛЬНОГО ОБСЛУЖИВАНИЯ ""ПАРУС""";07.08.2026;14.08.2026;Закупка завершена;;;14.08.2026;
44-ФЗ;№0157200000326000854;Электронный аукцион;Приобретение жилого помещения (двухкомнатной квартиры) в собственность Псковской области (регистрационный номер 917-А-ГЗ);;'262602700711760270100100140016810412;;;5700000.00;RUB;0;;;;;;МИНИСТЕРСТВО ИМУЩЕСТВЕННЫХ ОТНОШЕНИЙ ПСКОВСКОЙ ОБЛАСТИ;МИНИСТЕРСТВО КОНКУРЕНТНОЙ ПОЛИТИКИ ПСКОВСКОЙ ОБЛАСТИ;06.08.2026;14.08.2026;Закупка завершена;;;14.08.2026;
44-ФЗ;№0142200001326015678;Электронный аукцион;Ремонт асфальтового покрытия;;'263631102853963110100100110014299244;;;5375607.65;RUB;0;;;;;;"МУНИЦИПАЛЬНОЕ БЮДЖЕТНОЕ ДОШКОЛЬНОЕ ОБРАЗОВАТЕЛЬНОЕ УЧРЕЖДЕНИЕ ""ДЕТСКИЙ САД ОБЩЕРАЗВИВАЮЩЕГО ВИДА № 318"" ГОРОДСКОГО ОКРУГА САМАРА";КОМИТЕТ ПО ОРГАНИЗАЦИИ ТОРГОВ САМАРСКОЙ ОБЛАСТИ;04.08.2026;14.08.2026;Закупка завершена;;;12.08.2026;
44-ФЗ;№0152300011926001128;Электронный аукцион;Приобретение в муниципальную собственность жилого помещения (квартиры) в домах, введенных в эксплуатацию, для переселения граждан из аварийного жилищного фонда (Реестровый номер 31.1132.26);;'263550320574055030100100490016810412;;;5560346.12;RUB;0;;;;;;ДЕПАРТАМЕНТ ЖИЛИЩНОЙ ПОЛИТИКИ АДМИНИСТРАЦИИ ГОРОДА ОМСКА;ДЕПАРТАМЕНТ КОНТРАКТНОЙ СИСТЕМЫ В СФЕРЕ ЗАКУПОК АДМИНИСТРАЦИИ ГОРОДА ОМСКА;04.08.2026;14.08.2026;Закупка завершена;;;12.08.2026;
44-ФЗ;№0142200001326015686;Электронный аукцион;"Поставка фундус-камеры офтальмологической для нужд Государственного бюджетного учреждения здравоохранения ""Самарская областная клиническая офтальмологическая больница имени Т.И. Ерошевского"".";;'262631602761063160100101750012660244;;;13784260.00;RUB;0;;;;;;"ГОСУДАРСТВЕННОЕ БЮДЖЕТНОЕ УЧРЕЖДЕНИЕ ЗДРАВООХРАНЕНИЯ ""САМАРСКАЯ ОБЛАСТНАЯ КЛИНИЧЕСКАЯ ОФТАЛЬМОЛОГИЧЕСКАЯ БОЛЬНИЦА ИМЕНИ Т.И. ЕРОШЕВСКОГО""";КОМИТЕТ ПО ОРГАНИЗАЦИИ ТОРГОВ САМАРСКОЙ ОБЛАСТИ;04.08.2026;14.08.2026;Закупка завершена;;;12.08.2026;
44-ФЗ;№0162200011826002408;Электронный аукцион;Поставка лекарственного препарата для медицинского применения;;'262666001041566710100100033830000323;;;149707752.60;RUB;0;;;;;;МИНИСТЕРСТВО ЗДРАВООХРАНЕНИЯ СВЕРДЛОВСКОЙ ОБЛАСТИ;ДЕПАРТАМЕНТ ГОСУДАРСТВЕННЫХ ЗАКУПОК СВЕРДЛОВСКОЙ ОБЛАСТИ;05.08.2026;14.08.2026;Закупка завершена;;;13.08.2026;
44-ФЗ;№0853500000326005469;Электронный аукцион;услуги по предоставлению кредитов финансовыми организациями юридическим лицам;;'262561000840156100100100460016419720;;;44630136.99;RUB;0;;;;;;МИНИСТЕРСТВО ФИНАНСОВ ОРЕНБУРГСКОЙ ОБЛАСТИ;"ГОСУДАРСТВЕННОЕ КАЗЕННОЕ УЧРЕЖДЕНИЕ ОРЕНБУРГСКОЙ ОБЛАСТИ ""ЦЕНТР ОРГАНИЗАЦИИ ЗАКУПОК""";06.08.2026;14.08.2026;Закупка завершена;;;14.08.2026;
44-ФЗ;№0373200398226000004;Запрос котировок в электронной форме;Оказание услуг по уборке внутренних помещений;;'262772941797377290100100400010000244;;;7241102.00;RUB;0;;;;;;"ГОСУДАРСТВЕННОЕ БЮДЖЕТНОЕ ОБЩЕОБРАЗОВАТЕЛЬНОЕ УЧРЕЖДЕНИЕ ГОРОДА МОСКВЫ ""ШКОЛА НА ПРОСПЕКТЕ ВЕРНАДСКОГО""";"ГОСУДАРСТВЕННОЕ БЮДЖЕТНОЕ ОБЩЕОБРАЗОВАТЕЛЬНОЕ УЧРЕЖДЕНИЕ ГОРОДА МОСКВЫ ""ШКОЛА НА ПРОСПЕКТЕ ВЕРНАДСКОГО""";06.08.2026;14.08.2026;Закупка завершена;;;13.08.2026;
44-ФЗ;№0853500000326005468;Электронный аукцион;услуги по предоставлению кредитов финансовыми организациями юридическим лицам;;'262561000840156100100100480016419720;;;44630136.99;RUB;0;;;;;;МИНИСТЕРСТВО ФИНАНСОВ ОРЕНБУРГСКОЙ ОБЛАСТИ;"ГОСУДАРСТВЕННОЕ КАЗЕННОЕ УЧРЕЖДЕНИЕ ОРЕНБУРГСКОЙ ОБЛАСТИ ""ЦЕНТР ОРГАНИЗАЦИИ ЗАКУПОК""";06.08.2026;14.08.2026;Закупка завершена;;;14.08.2026;
44-ФЗ;№0373200099726000804;Электронный аукцион;Электронный аукцион на поставку расходных материалов для оториноларингологического отделения ГБУЗ «Морозовская ДГКБ ДЗМ»;;'262770503923277050100108780010000244;;;28000000.00;RUB;0;;;;;;"ГОСУДАРСТВЕННОЕ БЮДЖЕТНОЕ УЧРЕЖДЕНИЕ ЗДРАВООХРАНЕНИЯ ГОРОДА МОСКВЫ ""МОРОЗОВСКАЯ ДЕТСКАЯ ГОРОДСКАЯ КЛИНИЧЕСКАЯ БОЛЬНИЦА ДЕПАРТАМЕНТА ЗДРАВООХРАНЕНИЯ ГОРОДА МОСКВЫ""";"ГОСУДАРСТВЕННОЕ БЮДЖЕТНОЕ УЧРЕЖДЕНИЕ ЗДРАВООХРАНЕНИЯ ГОРОДА МОСКВЫ ""МОРОЗОВСКАЯ ДЕТСКАЯ ГОРОДСКАЯ КЛИНИЧЕСКАЯ БОЛЬНИЦА ДЕПАРТАМЕНТА ЗДРАВООХРАНЕНИЯ ГОРОДА МОСКВЫ""";03.08.2026;14.08.2026;Закупка завершена;;;12.08.2026;
44-ФЗ;№0859200001126009546;Запрос котировок в электронной форме;Поставка лекарственного препарата для медицинского применения Дупилумаб на склад государственного заказчика для социального обеспечения граждан в соответствии с перечнем групп населения и категорий заболеваний, при амбулаторном лечении которых лекарственные средства и изделия медицинского назначения отпускаются по рецептам врачей бесплатно за счет средств областного бюджета Рязанской области;;'262623102512362340100105460012120323;;;8448892.00;RUB;0;;;;;;МИНИСТЕРСТВО ЗДРАВООХРАНЕНИЯ РЯЗАНСКОЙ ОБЛАСТИ;"ГОСУДАРСТВЕННОЕ КАЗЕННОЕ УЧРЕЖДЕНИЕ РЯЗАНСКОЙ ОБЛАСТИ ""ЦЕНТР ЗАКУПОК РЯЗАНСКОЙ ОБЛАСТИ""";04.08.2026;14.08.2026;Закупка завершена;;;12.08.2026;
44-ФЗ;№0162200011826002409;Электронный аукцион;Поставка лекарственного препарата для медицинского применения;;'262666001041566710100100034090000323;;;21641004.00;RUB;0;;;;;;МИНИСТЕРСТВО ЗДРАВООХРАНЕНИЯ СВЕРДЛОВСКОЙ ОБЛАСТИ;ДЕПАРТАМЕНТ ГОСУДАРСТВЕННЫХ ЗАКУПОК СВЕРДЛОВСКОЙ ОБЛАСТИ;05.08.2026;14.08.2026;Закупка завершена;;;13.08.2026;
223-ФЗ;№32616291433;Закупка у единственного поставщика (подрядчика, исполнителя) (до 01.07.18);Приобретение и поставка ТМЦ (запасные части для ДГУ);;;1;Приобретение и поставка ТМЦ (запасные части для ДГУ);10507435.00;RUB;10507435.00;;;;27.11.61.120: Комплектующие (запасные части) генераторов, не имеющие самостоятельных группировок;;"МУНИЦИПАЛЬНОЕ УНИТАРНОЕ ПРЕДПРИЯТИЕ ЖИЛИЩНО-КОММУНАЛЬНОГО ХОЗЯЙСТВА ""ИУЛЬТИНСКОЕ""";"МУНИЦИПАЛЬНОЕ УНИТАРНОЕ ПРЕДПРИЯТИЕ ЖИЛИЩНО-КОММУНАЛЬНОГО ХОЗЯЙСТВА ""ИУЛЬТИНСКОЕ""";14.08.2026;14.08.2026;Закупка завершена;;;;
44-ФЗ;№0848300022826000070;Открытый конкурс в электронной форме;Выполнение работ по благоустройству детской игровой площадки: Московская область, городской округ Власиха, п. Власиха, ул. Лесная, д.38;;'263503221178050320100100380014299244;;;9908013.88;RUB;0;;;;;;АДМИНИСТРАЦИЯ ГОРОДСКОГО ОКРУГА ВЛАСИХА МОСКОВСКОЙ ОБЛАСТИ;"МУНИЦИПАЛЬНОЕ КАЗЕННОЕ УЧРЕЖДЕНИЕ ""ЦЕНТРАЛИЗОВАННАЯ БУХГАЛТЕРИЯ"" ГОРОДСКОГО ОКРУГА ВЛАСИХА МОСКОВСКОЙ ОБЛАСТИ";27.07.2026;14.08.2026;Закупка завершена;;;12.08.2026;
44-ФЗ;№0373200041526000747;Открытый конкурс в электронной форме;Оказание услуг по техническому обслуживанию оборудования и сетей связи сопряжения ОСО с РАСЦО в 2026-2028 гг. (Закупка 2);;'262770182732077080100107870010000244;;;26542612.80;RUB;0;;;;;;"ГОСУДАРСТВЕННОЕ КАЗЕННОЕ УЧРЕЖДЕНИЕ ГОРОДА МОСКВЫ ""ДИРЕКЦИЯ ПО ОБЕСПЕЧЕНИЮ ДЕЯТЕЛЬНОСТИ ОРГАНИЗАЦИЙ ТРУДА И СОЦИАЛЬНОЙ ЗАЩИТЫ НАСЕЛЕНИЯ ГОРОДА МОСКВЫ""";"ГОСУДАРСТВЕННОЕ КАЗЕННОЕ УЧРЕЖДЕНИЕ ГОРОДА МОСКВЫ ""ДИРЕКЦИЯ ПО ОБЕСПЕЧЕНИЮ ДЕЯТЕЛЬНОСТИ ОРГАНИЗАЦИЙ ТРУДА И СОЦИАЛЬНОЙ ЗАЩИТЫ НАСЕЛЕНИЯ ГОРОДА МОСКВЫ""";29.07.2026;14.08.2026;Закупка завершена;;;14.08.2026;
44-ФЗ;№0817200000326012069;Электронный аукцион на проведение работ по строительству, реконструкции, кап. ремонту, сносу объекта кап. строительства в соответствии с п. 8 ч. 1 ст. 33 Закона № 44-ФЗ;Выполнение работ по капитальному ремонту и содержанию автомобильной дороги  К-23 «Романово - Завьялово - Баево - Камень-на-Оби» км 108+070 – км 110+600 с. Плотава Баевского района, км 120+950 – км 122+398 с. Поперечное Каменского района, км 128+644 – км 131+232 с. Новоярки Каменского района, км 139+120 – км 139+733 пос. Толстовский Каменского района (устройство электроосвещения) на период 2026 -2028 гг. (контракт жизненного цикла);;'262222507933122250100101990014211000;;;44380274.00;RUB;0;;;;;;"КРАЕВОЕ ГОСУДАРСТВЕННОЕ КАЗЕННОЕ УЧРЕЖДЕНИЕ ""УПРАВЛЕНИЕ АВТОМОБИЛЬНЫХ ДОРОГ АЛТАЙСКОГО КРАЯ""";"КРАЕВОЕ ГОСУДАРСТВЕННОЕ КАЗЕННОЕ УЧРЕЖДЕНИЕ ""ЦЕНТР ГОСУДАРСТВЕННЫХ ЗАКУПОК АЛТАЙСКОГО КРАЯ""";03.08.2026;14.08.2026;Закупка завершена;;;13.08.2026;
44-ФЗ;№0829500001126005155;Электронный аукцион на проведение работ по строительству, реконструкции, кап. ремонту, сносу объекта кап. строительства в соответствии с п. 8 ч. 1 ст. 33 Закона № 44-ФЗ;"Выполнение работ по капитальному ремонту помещений ФАП ГБУЗ г.Камышина ""Городская больница №1"" в здании, расположенном по адресу: Волгоградская область, Камышинский район, пос. Госселекстанция, ул. Почтовая, д. 6, пом. 1А";;'263343600886034360100101590014120243;;;5194762.71;RUB;0;;;;;;"ГОСУДАРСТВЕННОЕ БЮДЖЕТНОЕ УЧРЕЖДЕНИЕ ЗДРАВООХРАНЕНИЯ Г.КАМЫШИНА ""ГОРОДСКАЯ БОЛЬНИЦА №1""";"ГОСУДАРСТВЕННОЕ КАЗЕННОЕ УЧРЕЖДЕНИЕ  ""ЦЕНТР СОПРОВОЖДЕНИЯ ЗАКУПОК ГОСУДАРСТВЕННЫХ УЧРЕЖДЕНИЙ ЗДРАВООХРАНЕНИЯ ВОЛГОГРАДСКОЙ ОБЛАСТИ""";03.08.2026;14.08.2026;Закупка завершена;;;12.08.2026;
44-ФЗ;№0145300013026000039;Электронный аукцион;Приобретение в муниципальную собственность жилого помещения (квартиры) в г. Кировск Ленинградской области для переселения граждан из аварийного жилищного фонда (условный номер квартиры № 4);;'263470602394547060100100360336810412;;;7060843.39;RUB;0;;;;;;АДМИНИСТРАЦИЯ НАЗИЕВСКОГО ГОРОДСКОГО ПОСЕЛЕНИЯ КИРОВСКОГО МУНИЦИПАЛЬНОГО РАЙОНА ЛЕНИНГРАДСКОЙ ОБЛАСТИ;АДМИНИСТРАЦИЯ НАЗИЕВСКОГО ГОРОДСКОГО ПОСЕЛЕНИЯ КИРОВСКОГО МУНИЦИПАЛЬНОГО РАЙОНА ЛЕНИНГРАДСКОЙ ОБЛАСТИ;06.08.2026;14.08.2026;Закупка завершена;;;14.08.2026;
44-ФЗ;№0145300013026000038;Электронный аукцион;Приобретение в муниципальную собственность жилого помещения (квартиры) в г. Кировск Ленинградской области для переселения граждан из аварийного жилищного фонда (условный номер квартиры № 3);;'263470602394547060100100360326810412;;;5462819.87;RUB;0;;;;;;АДМИНИСТРАЦИЯ НАЗИЕВСКОГО ГОРОДСКОГО ПОСЕЛЕНИЯ КИРОВСКОГО МУНИЦИПАЛЬНОГО РАЙОНА ЛЕНИНГРАДСКОЙ ОБЛАСТИ;АДМИНИСТРАЦИЯ НАЗИЕВСКОГО ГОРОДСКОГО ПОСЕЛЕНИЯ КИРОВСКОГО МУНИЦИПАЛЬНОГО РАЙОНА ЛЕНИНГРАДСКОЙ ОБЛАСТИ;04.08.2026;14.08.2026;Закупка завершена;;;14.08.2026;
44-ФЗ;№0851200000626005245;Электронный аукцион;Оказание услуг по развитию компонента «Медицинская информационная система Новосибирской области» Единой государственной информационной системы в сфере здравоохранения Новосибирской области способом настройки и адаптации программы для ЭВМ и передачи права на ее использование на условиях простой (неисключительной) лицензии для обеспечения функциональных возможностей информационного взаимодействия с подсистемами Государственной информационной системы обязательного медицинского страхования (ГИС ОМС) для государственных учреждений Новосибирской области, подведомственных министерству здравоохранения Новосибирской области (включая филиалы);;'262540601212654060100100540010000244;;;11300000.00;RUB;0;;;;;;"ГОСУДАРСТВЕННОЕ БЮДЖЕТНОЕ УЧРЕЖДЕНИЕ ЗДРАВООХРАНЕНИЯ НОВОСИБИРСКОЙ ОБЛАСТИ ОСОБОГО ТИПА ""МЕДИЦИНСКИЙ ИНФОРМАЦИОННО-АНАЛИТИЧЕСКИЙ ЦЕНТР""";"ГОСУДАРСТВЕННОЕ КАЗЕННОЕ УЧРЕЖДЕНИЕ НОВОСИБИРСКОЙ ОБЛАСТИ ""УПРАВЛЕНИЕ КОНТРАКТНОЙ СИСТЕМЫ""";06.08.2026;14.08.2026;Закупка завершена;;;14.08.2026;
44-ФЗ;№0373200027426001470;Электронный аукцион;Электронный аукцион на поставку расходных материалов (Нить хирургическая из полиолефина, мононить) для нужд ГБУЗ «ГКБ им. С. С. Юдина ДЗМ» ;;'262772407087077240100115060010000244;;;10135731.96;RUB;0;;;;;;"ГОСУДАРСТВЕННОЕ БЮДЖЕТНОЕ УЧРЕЖДЕНИЕ ЗДРАВООХРАНЕНИЯ ГОРОДА МОСКВЫ ""ГОРОДСКАЯ КЛИНИЧЕСКАЯ БОЛЬНИЦА ИМЕНИ С.С. ЮДИНА ДЕПАРТАМЕНТА ЗДРАВООХРАНЕНИЯ ГОРОДА МОСКВЫ""";"ГОСУДАРСТВЕННОЕ БЮДЖЕТНОЕ УЧРЕЖДЕНИЕ ЗДРАВООХРАНЕНИЯ ГОРОДА МОСКВЫ ""ГОРОДСКАЯ КЛИНИЧЕСКАЯ БОЛЬНИЦА ИМЕНИ С.С. ЮДИНА ДЕПАРТАМЕНТА ЗДРАВООХРАНЕНИЯ ГОРОДА МОСКВЫ""";03.08.2026;14.08.2026;Закупка завершена;;;11.08.2026;
44-ФЗ;№0134300097526000853;Электронный аукцион;"Приобретение жилого помещения (квартиры) путем участия в долевом строительстве в целях реализации муниципальной адресной программы ""Переселение граждан, проживающих на территории города Иркутска, из аварийного жилищного фонда, признанного таковым после 1 января 2017 года, в 2025-2028 годах""";;'263380819349338080100102520014120412;;;7824389.84;RUB;0;;;;;;КОМИТЕТ ПО ГРАДОСТРОИТЕЛЬНОЙ ПОЛИТИКЕ АДМИНИСТРАЦИИ ГОРОДА ИРКУТСКА;КОМИТЕТ ПО ЭКОНОМИКЕ И СТРАТЕГИЧЕСКОМУ ПЛАНИРОВАНИЮ АДМИНИСТРАЦИИ ГОРОДА ИРКУТСКА;06.08.2026;14.08.2026;Закупка завершена;;;14.08.2026;
44-ФЗ;№0148300000626000871;Открытый конкурс в электронной форме;Оказание услуг по организации рационального горячего питания обучающихся МБОУ ЦО № 30;;'263503102807650310100100350015629244;;;8456470.00;RUB;0;;;;;;"МУНИЦИПАЛЬНОЕ БЮДЖЕТНОЕ ОБЩЕОБРАЗОВАТЕЛЬНОЕ УЧРЕЖДЕНИЕ ""ЦЕНТР ОБРАЗОВАНИЯ № 30 ИМЕНИ ДВАЖДЫ ГЕРОЯ СОВЕТСКОГО СОЮЗА ГЛАВНОГО МАРШАЛА АВИАЦИИ КОЛДУНОВА АЛЕКСАНДРА ИВАНОВИЧА""";АДМИНИСТРАЦИЯ БОГОРОДСКОГО ГОРОДСКОГО ОКРУГА МОСКОВСКОЙ ОБЛАСТИ;27.07.2026;14.08.2026;Закупка завершена;;;12.08.2026;
44-ФЗ;№0134300097526000860;Электронный аукцион;"Приобретение жилого помещения (квартиры) путем участия в долевом строительстве в целях реализации муниципальной адресной программы ""Переселение граждан, проживающих на территории города Иркутска, из аварийного жилищного фонда, признанного таковым после 1 января 2017 года, в 2025-2028 годах""";;'263380819349338080100102470014120412;;;7627549.85;RUB;0;;;;;;КОМИТЕТ ПО ГРАДОСТРОИТЕЛЬНОЙ ПОЛИТИКЕ АДМИНИСТРАЦИИ ГОРОДА ИРКУТСКА;КОМИТЕТ ПО ЭКОНОМИКЕ И СТРАТЕГИЧЕСКОМУ ПЛАНИРОВАНИЮ АДМИНИСТРАЦИИ ГОРОДА ИРКУТСКА;06.08.2026;14.08.2026;Закупка завершена;;;14.08.2026;
44-ФЗ;№0142200001326015746;Электронный аукцион;Оказание транспортных услуг (предоставление легкового автотранспорта с водителем), для нужд Государственного бюджетного учреждения здравоохранения Самарской области «Тольяттинская городская клиническая поликлиника № 3».;;'262632107455963200100100020034932244;;;54685800.00;RUB;0;;;;;;"ГОСУДАРСТВЕННОЕ БЮДЖЕТНОЕ УЧРЕЖДЕНИЕ ЗДРАВООХРАНЕНИЯ САМАРСКОЙ ОБЛАСТИ "" ТОЛЬЯТТИНСКАЯ ГОРОДСКАЯ КЛИНИЧЕСКАЯ ПОЛИКЛИНИКА № 3""";КОМИТЕТ ПО ОРГАНИЗАЦИИ ТОРГОВ САМАРСКОЙ ОБЛАСТИ;04.08.2026;14.08.2026;Закупка завершена;;;13.08.2026;
44-ФЗ;№0155500000626000415;Электронный аукцион;Поставка нефтепродуктов для автотранспорта с использованием пластиковых карт;;'262583601345058360100100480041920244;;;24796960.00;RUB;0;;;;;;"ГОСУДАРСТВЕННОЕ БЮДЖЕТНОЕ УЧРЕЖДЕНИЕ ЗДРАВООХРАНЕНИЯ ""ПЕНЗЕНСКАЯ ОБЛАСТНАЯ СТАНЦИЯ СКОРОЙ МЕДИЦИНСКОЙ ПОМОЩИ""";МИНИСТЕРСТВО ПО ТАРИФНОМУ РЕГУЛИРОВАНИЮ И ГОСУДАРСТВЕННЫМ ЗАКУПКАМ ПЕНЗЕНСКОЙ ОБЛАСТИ;06.08.2026;14.08.2026;Закупка завершена;;;14.08.2026;
44-ФЗ;№0373400010526000106;Электронный аукцион;Поставка оборудования для финишной (постпечатной) обработки полиграфической продукции для нужд филиала ФГБУ «Комфортная среда»-«Полиграфический комплекс».;;'261773633112477360100100440030000244;;;11695655.37;RUB;0;;;;;;"ФЕДЕРАЛЬНОЕ ГОСУДАРСТВЕННОЕ БЮДЖЕТНОЕ УЧРЕЖДЕНИЕ ""КОМФОРТНАЯ СРЕДА""";"ФЕДЕРАЛЬНОЕ ГОСУДАРСТВЕННОЕ БЮДЖЕТНОЕ УЧРЕЖДЕНИЕ ""КОМФОРТНАЯ СРЕДА""";29.07.2026;14.08.2026;Закупка завершена;;;10.08.2026;
44-ФЗ;№0148300000626000863;Открытый конкурс в электронной форме;Оказание услуг по организации рационального горячего питания обучающихся МБОУ ЦО № 23;;'263503103649350310100100400015629244;;;10226700.00;RUB;0;;;;;;"МУНИЦИПАЛЬНОЕ БЮДЖЕТНОЕ ОБЩЕОБРАЗОВАТЕЛЬНОЕ УЧРЕЖДЕНИЕ ""ЦЕНТР ОБРАЗОВАНИЯ № 23""";АДМИНИСТРАЦИЯ БОГОРОДСКОГО ГОРОДСКОГО ОКРУГА МОСКОВСКОЙ ОБЛАСТИ;24.07.2026;14.08.2026;Закупка завершена;;;12.08.2026;
44-ФЗ;№0162200011826002406;Электронный аукцион;Поставка лекарственного препарата для медицинского применения;;'262666001041566710100100034100000323;;;211807780.80;RUB;0;;;;;;МИНИСТЕРСТВО ЗДРАВООХРАНЕНИЯ СВЕРДЛОВСКОЙ ОБЛАСТИ;ДЕПАРТАМЕНТ ГОСУДАРСТВЕННЫХ ЗАКУПОК СВЕРДЛОВСКОЙ ОБЛАСТИ;05.08.2026;14.08.2026;Закупка завершена;;;13.08.2026;
44-ФЗ;№0848300047226000439;Открытый конкурс в электронной форме;Выполнение работ по реконструкции, обустройству и установке детских игровых площадок на дворовых территориях и территориях общего пользования г.о. Красногорск (лот III);;'263502414000650240100101640014299244;;;49679768.86;RUB;0;;;;;;"МУНИЦИПАЛЬНОЕ БЮДЖЕТНОЕ УЧРЕЖДЕНИЕ "" КРАСНОГОРСКАЯ ГОРОДСКАЯ СЛУЖБА""";"МУНИЦИПАЛЬНОЕ КАЗЕННОЕ УЧРЕЖДЕНИЕ ""КРАСНОГОРСКИЙ ЦЕНТР ТОРГОВ""";23.07.2026;14.08.2026;Закупка завершена;;;11.08.2026;
223-ФЗ;№32616293471;Иной способ;№54/223/ЕП26 на оказание услуг фрахтования воздушного судна на выполнение полетов по перевозке пассажиров и грузов воздушными судами для нужд Тюменского филиала ФГБНУ «ВНИРО» (обеспечение Норильской экспедиции);;;1;Оказание услуг фрахтования воздушного судна на выполнение полётов по перевозке пассажиров и грузов воздушными судами для нужд Тюменского филиала ФГБНУ «ВНИРО» (обеспечение Норильской экспедиции)							;9000000.00;RUB;9000000.00;;;;51.21.14.000: Услуги по перевозке прочих грузов воздушным транспортом на нерегулярной основе;;"ФЕДЕРАЛЬНОЕ ГОСУДАРСТВЕННОЕ БЮДЖЕТНОЕ НАУЧНОЕ УЧРЕЖДЕНИЕ ""ВСЕРОССИЙСКИЙ НАУЧНО-ИССЛЕДОВАТЕЛЬСКИЙ ИНСТИТУТ РЫБНОГО ХОЗЯЙСТВА И ОКЕАНОГРАФИИ""";"ТЮМЕНСКИЙ ФИЛИАЛ ФЕДЕРАЛЬНОГО ГОСУДАРСТВЕННОГО БЮДЖЕТНОГО НАУЧНОГО УЧРЕЖДЕНИЯ ""ВСЕРОССИЙСКИЙ НАУЧНО-ИССЛЕДОВАТЕЛЬСКИЙ ИНСТИТУТ РЫБНОГО ХОЗЯЙСТВА И ОКЕАНОГРАФИИ""";14.08.2026;14.08.2026;Закупка завершена;;;;
44-ФЗ;№0148300000626000862;Открытый конкурс в электронной форме;Оказание услуг по организации рационального горячего питания обучающихся МБОУ ЦО №21;;'263503102453050310100100260015629244;;;9816910.00;RUB;0;;;;;;"МУНИЦИПАЛЬНОЕ БЮДЖЕТНОЕ ОБЩЕОБРАЗОВАТЕЛЬНОЕ УЧРЕЖДЕНИЕ ""ЦЕНТР ОБРАЗОВАНИЯ № 21""";АДМИНИСТРАЦИЯ БОГОРОДСКОГО ГОРОДСКОГО ОКРУГА МОСКОВСКОЙ ОБЛАСТИ;28.07.2026;14.08.2026;Закупка завершена;;;12.08.2026;
44-ФЗ;№0356100029626000193;Электронный аукцион;Поставка одноразовых медицинских изделий для урогинекологии;;'261590229380559060100103180013250244;;;8035516.45;RUB;0;;;;;;"ФЕДЕРАЛЬНОЕ ГОСУДАРСТВЕННОЕ БЮДЖЕТНОЕ УЧРЕЖДЕНИЕ ЗДРАВООХРАНЕНИЯ ""ПЕРМСКИЙ КЛИНИЧЕСКИЙ ЦЕНТР ФЕДЕРАЛЬНОГО МЕДИКО-БИОЛОГИЧЕСКОГО АГЕНТСТВА""";"ФЕДЕРАЛЬНОЕ ГОСУДАРСТВЕННОЕ БЮДЖЕТНОЕ УЧРЕЖДЕНИЕ ЗДРАВООХРАНЕНИЯ ""ПЕРМСКИЙ КЛИНИЧЕСКИЙ ЦЕНТР ФЕДЕРАЛЬНОГО МЕДИКО-БИОЛОГИЧЕСКОГО АГЕНТСТВА""";05.08.2026;14.08.2026;Закупка завершена;;;13.08.2026;
44-ФЗ;№0145300005426000148;Открытый конкурс в электронной форме;"Ремонт кровли здания МБДОУ ""Золотой ключик"" по адресу: Ленинградская область, Кировский район, г. Шлиссельбург, ул. Пролетарская, д. 39";;'263470602586147060100100180014399244;;;24552624.06;RUB;0;;;;;;"МУНИЦИПАЛЬНОЕ КАЗЕННОЕ УЧРЕЖДЕНИЕ ""УПРАВЛЕНИЕ КАПИТАЛЬНОГО СТРОИТЕЛЬСТВА"" КИРОВСКОГО МУНИЦИПАЛЬНОГО РАЙОНА ЛЕНИНГРАДСКОЙ ОБЛАСТИ";АДМИНИСТРАЦИЯ КИРОВСКОГО МУНИЦИПАЛЬНОГО РАЙОНА ЛЕНИНГРАДСКОЙ ОБЛАСТИ;23.07.2026;14.08.2026;Закупка завершена;;;11.08.2026;
44-ФЗ;№0145300005426000146;Открытый конкурс в электронной форме;"Ремонт кровли здания МБОУ ""Кировская гимназия"" по адресу: Ленинградская область, Кировский район, г. Кировск, ул. Горького, д. 16";;'263470602586147060100100320014399244;;;37502326.51;RUB;0;;;;;;"МУНИЦИПАЛЬНОЕ КАЗЕННОЕ УЧРЕЖДЕНИЕ ""УПРАВЛЕНИЕ КАПИТАЛЬНОГО СТРОИТЕЛЬСТВА"" КИРОВСКОГО МУНИЦИПАЛЬНОГО РАЙОНА ЛЕНИНГРАДСКОЙ ОБЛАСТИ";АДМИНИСТРАЦИЯ КИРОВСКОГО МУНИЦИПАЛЬНОГО РАЙОНА ЛЕНИНГРАДСКОЙ ОБЛАСТИ;23.07.2026;14.08.2026;Закупка завершена;;;11.08.2026;
44-ФЗ;№0351100008926000122;Открытый конкурс в электронной форме;"Установка стационарного электрического освещения на участке км 1113+380 - км 1113+950 автомобильно дороги общего пользования федерального значения Р-255 ""Сибирь"" Новосибирск - Кемерово - Красноярск - Иркутск, Красноярский край";;'261540520107154050100101480014211244;;;10667000.00;RUB;0;;;;;;"ФЕДЕРАЛЬНОЕ КАЗЕННОЕ УЧРЕЖДЕНИЕ ""ФЕДЕРАЛЬНОЕ УПРАВЛЕНИЕ АВТОМОБИЛЬНЫХ ДОРОГ ""СИБИРЬ"" ФЕДЕРАЛЬНОГО ДОРОЖНОГО АГЕНТСТВА""";"ФЕДЕРАЛЬНОЕ КАЗЕННОЕ УЧРЕЖДЕНИЕ ""ФЕДЕРАЛЬНОЕ УПРАВЛЕНИЕ АВТОМОБИЛЬНЫХ ДОРОГ ""СИБИРЬ"" ФЕДЕРАЛЬНОГО ДОРОЖНОГО АГЕНТСТВА""";11.07.2026;14.08.2026;Закупка завершена;;;11.08.2026;
44-ФЗ;№0312100006326000028;Запрос котировок в электронной форме;Выполнение работ по текущему ремонту спортивного зала (зал бокса) учебного корпуса ТувГУ по адресу г. Кызыл, ул. Ленина, д. 36 ;;'261170101077817010100100390014339244;;;6004853.86;RUB;0;;;;;;"ФЕДЕРАЛЬНОЕ ГОСУДАРСТВЕННОЕ БЮДЖЕТНОЕ ОБРАЗОВАТЕЛЬНОЕ УЧРЕЖДЕНИЕ ВЫСШЕГО ОБРАЗОВАНИЯ ""ТУВИНСКИЙ ГОСУДАРСТВЕННЫЙ УНИВЕРСИТЕТ""";"ФЕДЕРАЛЬНОЕ ГОСУДАРСТВЕННОЕ БЮДЖЕТНОЕ ОБРАЗОВАТЕЛЬНОЕ УЧРЕЖДЕНИЕ ВЫСШЕГО ОБРАЗОВАНИЯ ""ТУВИНСКИЙ ГОСУДАРСТВЕННЫЙ УНИВЕРСИТЕТ""";06.08.2026;14.08.2026;Закупка завершена;;;13.08.2026;
44-ФЗ;№0351100008926000141;Открытый конкурс в электронной форме;"Выполнение работ по устройству защитных слоев  на автомобильной дороге Р-257 ""Енисей"" Красноярск - Абакан - Кызыл - Чадан - Хандагайты - граница с Монголией на участке км 115+000 - км 130+000, Красноярский край";;'261540520107154050100100780014211244;;;253501907.00;RUB;0;;;;;;"ФЕДЕРАЛЬНОЕ КАЗЕННОЕ УЧРЕЖДЕНИЕ ""ФЕДЕРАЛЬНОЕ УПРАВЛЕНИЕ АВТОМОБИЛЬНЫХ ДОРОГ ""СИБИРЬ"" ФЕДЕРАЛЬНОГО ДОРОЖНОГО АГЕНТСТВА""";"ФЕДЕРАЛЬНОЕ КАЗЕННОЕ УЧРЕЖДЕНИЕ ""ФЕДЕРАЛЬНОЕ УПРАВЛЕНИЕ АВТОМОБИЛЬНЫХ ДОРОГ ""СИБИРЬ"" ФЕДЕРАЛЬНОГО ДОРОЖНОГО АГЕНТСТВА""";17.07.2026;14.08.2026;Закупка завершена;;;11.08.2026;
44-ФЗ;№0373200067026000567;Электронный аукцион;"Электронный аукцион на поставку медицинских изделий: расходные материалы для отделения РХМДИЛ; для оказания медицинской помощи в отделениях ГБУЗ «НИИ СП им Н. В. Склифосовского ДЗМ» (П-19-2026)";;'262770203632177020100106260010000244;;;16223457.66;RUB;0;;;;;;"ГОСУДАРСТВЕННОЕ БЮДЖЕТНОЕ УЧРЕЖДЕНИЕ ЗДРАВООХРАНЕНИЯ ГОРОДА МОСКВЫ ""НАУЧНО-ИССЛЕДОВАТЕЛЬСКИЙ ИНСТИТУТ СКОРОЙ ПОМОЩИ ИМ. Н.В. СКЛИФОСОВСКОГО ДЕПАРТАМЕНТА ЗДРАВООХРАНЕНИЯ ГОРОДА МОСКВЫ""";"ГОСУДАРСТВЕННОЕ БЮДЖЕТНОЕ УЧРЕЖДЕНИЕ ЗДРАВООХРАНЕНИЯ ГОРОДА МОСКВЫ ""НАУЧНО-ИССЛЕДОВАТЕЛЬСКИЙ ИНСТИТУТ СКОРОЙ ПОМОЩИ ИМ. Н.В. СКЛИФОСОВСКОГО ДЕПАРТАМЕНТА ЗДРАВООХРАНЕНИЯ ГОРОДА МОСКВЫ""";04.08.2026;14.08.2026;Закупка завершена;;;12.08.2026;
44-ФЗ;№0162200011826002424;Запрос котировок в электронной форме;Изатуксимаб;;'263666000798066700100100610012120244;;;5615274.60;RUB;0;;;;;;"ГОСУДАРСТВЕННОЕ БЮДЖЕТНОЕ УЧРЕЖДЕНИЕ ЗДРАВООХРАНЕНИЯ СВЕРДЛОВСКОЙ ОБЛАСТИ ""ЦЕНТРАЛЬНАЯ ГОРОДСКАЯ БОЛЬНИЦА №7 ГОРОД ЕКАТЕРИНБУРГ""";ДЕПАРТАМЕНТ ГОСУДАРСТВЕННЫХ ЗАКУПОК СВЕРДЛОВСКОЙ ОБЛАСТИ;05.08.2026;14.08.2026;Закупка завершена;;;12.08.2026;
44-ФЗ;№0846600001926000172;Электронный аукцион;Выполнение работ, связанных с осуществлением регулярных перевозок пассажиров и багажа автомобильным транспортом, по муниципальным маршрутам по регулируемым тарифам для нужд Задонского муниципального округа Липецкой области;;'263480800193348080100100330014931244;;;10992159.00;RUB;0;;;;;;АДМИНИСТРАЦИЯ ЗАДОНСКОГО МУНИЦИПАЛЬНОГО ОКРУГА ЛИПЕЦКОЙ ОБЛАСТИ РОССИЙСКОЙ ФЕДЕРАЦИИ;"МУНИЦИПАЛЬНОЕ КАЗЕННОЕ УЧРЕЖДЕНИЕ ""ЦЕНТР КОМПЕТЕНЦИЙ В СФЕРЕ БУХГАЛТЕРСКОГО УЧЕТА И МУНИЦИПАЛЬНОГО ЗАКАЗА"" ЗАДОНСКОГО МУНИЦИПАЛЬНОГО ОКРУГА ЛИПЕЦКОЙ ОБЛАСТИ";06.08.2026;14.08.2026;Закупка завершена;;;14.08.2026;
44-ФЗ;№0849300004926000347;Электронный аукцион;Предоставление (продление) неисключительных прав использования программного обеспечения;;'263519080024151900100100020015829244;;;7322999.00;RUB;0;;;;;;УПРАВЛЕНИЕ ФИНАНСОВ АДМИНИСТРАЦИИ ГОРОДА МУРМАНСКА;"МУРМАНСКОЕ МУНИЦИПАЛЬНОЕ КАЗЕННОЕ УЧРЕЖДЕНИЕ ""УПРАВЛЕНИЕ ЗАКУПОК""";05.08.2026;14.08.2026;Закупка завершена;;;14.08.2026;
44-ФЗ;№0137200001226006539;Электронный аукцион;Оказание услуг по предоставлению права использования на условиях простой (неисключительной) лицензии клиентского программного обеспечения средств защиты информации (СЗИ);;'262401101696240290100101700010000244;;;5148520.00;RUB;0;;;;;;"ГОСУДАРСТВЕННОЕ БЮДЖЕТНОЕ УЧРЕЖДЕНИЕ КАЛУЖСКОЙ ОБЛАСТИ ""МНОГОФУНКЦИОНАЛЬНЫЙ ЦЕНТР ПРЕДОСТАВЛЕНИЯ ГОСУДАРСТВЕННЫХ И МУНИЦИПАЛЬНЫХ УСЛУГ КАЛУЖСКОЙ ОБЛАСТИ""";МИНИСТЕРСТВО КОНКУРЕНТНОЙ ПОЛИТИКИ КАЛУЖСКОЙ ОБЛАСТИ;06.08.2026;14.08.2026;Закупка завершена;;;14.08.2026;
44-ФЗ;№0841200000726001485;Электронный аукцион;Поставка битума нефтяного дорожного для нужд филиалов ОГБУ «Костромаавтодор» ;;'262440000029944010100102872140000244;;;8427200.00;RUB;0;;;;;;"ОБЛАСТНОЕ ГОСУДАРСТВЕННОЕ БЮДЖЕТНОЕ УЧРЕЖДЕНИЕ ""КОСТРОМСКОЕ ОБЛАСТНОЕ УПРАВЛЕНИЕ АВТОМОБИЛЬНЫХ ДОРОГ ОБЩЕГО ПОЛЬЗОВАНИЯ ""КОСТРОМААВТОДОР""";"ОБЛАСТНОЕ ГОСУДАРСТВЕННОЕ КАЗЕННОЕ УЧРЕЖДЕНИЕ ""АГЕНТСТВО ГОСУДАРСТВЕННЫХ ЗАКУПОК КОСТРОМСКОЙ ОБЛАСТИ""";06.08.2026;14.08.2026;Закупка завершена;;;14.08.2026;
44-ФЗ;№0162200011826002419;Электронный аукцион;Оказание услуг школьного питания;;263662501671066840100100070015629244, 263662502465566840100100290015629244, 263662501735166840100100310015629244, 263662501741866840100100400015629244, 263662502483166840100100340015629244, 263668400311066840100100460015629244, 263662502467066840100100200015629244, 263662501736966840100100380015629244, 263662501646066840100100470015629244, 263662502484966840100100250015629244, 263662501551666840100100310015629244;;;58437849.24;RUB;0;;;;;;;ДЕПАРТАМЕНТ ГОСУДАРСТВЕННЫХ ЗАКУПОК СВЕРДЛОВСКОЙ ОБЛАСТИ;05.08.2026;14.08.2026;Закупка завершена;;;13.08.2026;
44-ФЗ;№0162200011826002431;Электронный аукцион;Смесь энтеральная;;'262666001041566710100100033370000323;;;8558991.00;RUB;0;;;;;;МИНИСТЕРСТВО ЗДРАВООХРАНЕНИЯ СВЕРДЛОВСКОЙ ОБЛАСТИ;ДЕПАРТАМЕНТ ГОСУДАРСТВЕННЫХ ЗАКУПОК СВЕРДЛОВСКОЙ ОБЛАСТИ;06.08.2026;14.08.2026;Закупка завершена;;;14.08.2026;
44-ФЗ;№0162200011826002422;Запрос котировок в электронной форме;Оказание услуг по горячему питанию учащихся школьников;;'263662000724766810100100130015629244;;;6043874.32;RUB;0;;;;;;МУНИЦИПАЛЬНОЕ БЮДЖЕТНОЕ ОБЩЕОБРАЗОВАТЕЛЬНОЕ УЧРЕЖДЕНИЕ СРЕДНЯЯ ОБЩЕОБРАЗОВАТЕЛЬНАЯ ШКОЛА № 19 ГОРОДА ВЕРХНЯЯ ТУРА;ДЕПАРТАМЕНТ ГОСУДАРСТВЕННЫХ ЗАКУПОК СВЕРДЛОВСКОЙ ОБЛАСТИ;05.08.2026;14.08.2026;Закупка завершена;;;12.08.2026;
44-ФЗ;№0121200004726000958;Электронный аукцион;Текущий ремонт асфальтосмесительной установки;;'262263524419426094300101130013312244;;;43766188.60;RUB;0;;;;;;"КИРОВСКИЙ ФИЛИАЛ ГОСУДАРСТВЕННОГО БЮДЖЕТНОГО УЧРЕЖДЕНИЯ СТАВРОПОЛЬСКОГО КРАЯ ""СТАВАВТОДОР"" (КИРОВСКИЙ ФИЛИАЛ ГБУ СК ""СТАВАВТОДОР"")";КОМИТЕТ СТАВРОПОЛЬСКОГО КРАЯ ПО ГОСУДАРСТВЕННЫМ ЗАКУПКАМ;06.08.2026;14.08.2026;Закупка завершена;;;14.08.2026;
44-ФЗ;№0162200011826002047;Электронный аукцион;Ликвидация мест несанкционированного размещения отходов производства и потребления (IV-V классов опасности) на земельных участках, находящихся в государственной собственности Свердловской области, и земельных участках, государственная собственность на которые не разграничена, на территории муниципального образования «город Екатеринбург» с предварительной паспортизацией отходов;;'262665800860266700100100270013812244;;;20000000.00;RUB;0;;;;;;"ГОСУДАРСТВЕННОЕ КАЗЕННОЕ УЧРЕЖДЕНИЕ СВЕРДЛОВСКОЙ ОБЛАСТИ ""ФОНД ИМУЩЕСТВА СВЕРДЛОВСКОЙ ОБЛАСТИ""";ДЕПАРТАМЕНТ ГОСУДАРСТВЕННЫХ ЗАКУПОК СВЕРДЛОВСКОЙ ОБЛАСТИ;14.07.2026;14.08.2026;Закупка завершена;;;22.07.2026;
44-ФЗ;№0162200011826002054;Электронный аукцион;Ликвидация мест несанкционированного размещения отходов производства и потребления (IV-V классов опасности) на земельных участках, находящихся в государственной собственности Свердловской области, и земельных участках, государственная собственность на которые не разграничена, на территории муниципального образования «город Екатеринбург» с предварительной паспортизацией отходов;;'262665800860266700100100260013812244;;;20000000.00;RUB;0;;;;;;"ГОСУДАРСТВЕННОЕ КАЗЕННОЕ УЧРЕЖДЕНИЕ СВЕРДЛОВСКОЙ ОБЛАСТИ ""ФОНД ИМУЩЕСТВА СВЕРДЛОВСКОЙ ОБЛАСТИ""";ДЕПАРТАМЕНТ ГОСУДАРСТВЕННЫХ ЗАКУПОК СВЕРДЛОВСКОЙ ОБЛАСТИ;14.07.2026;14.08.2026;Закупка завершена;;;22.07.2026;
44-ФЗ;№0162200011826002423;Запрос котировок в электронной форме;Оказание услуг по горячему питанию учащихся школьников;;'263662000724766810100100120015629244;;;5526323.20;RUB;0;;;;;;МУНИЦИПАЛЬНОЕ БЮДЖЕТНОЕ ОБЩЕОБРАЗОВАТЕЛЬНОЕ УЧРЕЖДЕНИЕ СРЕДНЯЯ ОБЩЕОБРАЗОВАТЕЛЬНАЯ ШКОЛА № 19 ГОРОДА ВЕРХНЯЯ ТУРА;ДЕПАРТАМЕНТ ГОСУДАРСТВЕННЫХ ЗАКУПОК СВЕРДЛОВСКОЙ ОБЛАСТИ;05.08.2026;14.08.2026;Закупка завершена;;;12.08.2026;
44-ФЗ;№0162200011826002046;Электронный аукцион;Ликвидация мест несанкционированного размещения отходов производства и потребления (IV-V классов опасности) на земельных участках, находящихся в государственной собственности Свердловской области, и земельных участках, государственная собственность на которые не разграничена, на территории муниципального образования «город Екатеринбург» с предварительной паспортизацией отходов;;'262665800860266700100100280013812244;;;20000000.00;RUB;0;;;;;;"ГОСУДАРСТВЕННОЕ КАЗЕННОЕ УЧРЕЖДЕНИЕ СВЕРДЛОВСКОЙ ОБЛАСТИ ""ФОНД ИМУЩЕСТВА СВЕРДЛОВСКОЙ ОБЛАСТИ""";ДЕПАРТАМЕНТ ГОСУДАРСТВЕННЫХ ЗАКУПОК СВЕРДЛОВСКОЙ ОБЛАСТИ;14.07.2026;14.08.2026;Закупка завершена;;;22.07.2026;
44-ФЗ;№0190300010826000507;Запрос котировок в электронной форме;Изготовление и установка памятников участникам СВО;;'263890409339589040100101180019603244;;;9364146.00;RUB;0;;;;;;"МУНИЦИПАЛЬНОЕ КАЗЕННОЕ УЧРЕЖДЕНИЕ ""УПРАВЛЕНИЕ ГОРОДСКОГО ХОЗЯЙСТВА""";УПРАВЛЕНИЕ ОРГАНИЗАЦИИ ЗАКУПОК АДМИНИСТРАЦИИ ГОРОДА НОВЫЙ УРЕНГОЙ;06.08.2026;14.08.2026;Закупка завершена;;;13.08.2026;
44-ФЗ;№0117100014026000034;Электронный аукцион;Выполнение работ по оснащению комплексной системой безопасности Ташантинского таможенного поста Алтайской таможни.;;'261222501918822240100100550024321244;;;12841600.00;RUB;0;;;;;;АЛТАЙСКАЯ ТАМОЖНЯ;АЛТАЙСКАЯ ТАМОЖНЯ;05.08.2026;14.08.2026;Закупка завершена;;;13.08.2026;
44-ФЗ;№0801500001126001450;Открытый конкурс в электронной форме;Оказание услуг по организации питания обучающихся ГБОУ РГИ им. Г. Альмухаметова на 2026-2027 года.;;'262027603397302760100100390015629244;;;19999945.00;RUB;0;;;;;;ГОСУДАРСТВЕННОЕ БЮДЖЕТНОЕ ОБЩЕОБРАЗОВАТЕЛЬНОЕ УЧРЕЖДЕНИЕ РЕСПУБЛИКАНСКАЯ ГИМНАЗИЯ-ИНТЕРНАТ ИМЕНИ ГАЗИЗА АЛЬМУХАМЕТОВА;"ГОСУДАРСТВЕННОЕ КАЗЕННОЕ УЧРЕЖДЕНИЕ РЕСПУБЛИКИ БАШКОРТОСТАН ""РЕСПУБЛИКАНСКИЙ ЦЕНТР ТОРГОВ""";27.07.2026;14.08.2026;Закупка завершена;;;12.08.2026;
44-ФЗ;№0335300000226000447;Электронный аукцион;"Работы по содержанию автомобильных дорог общего пользования в границах городского округа ""Город Калининград"" в 2026 -2027 гг.";;'263390460589439060100101260014211244;;;160000000.00;RUB;0;;;;;;"МУНИЦИПАЛЬНОЕ КАЗЕННОЕ УЧРЕЖДЕНИЕ ""ГОРОДСКОЕ ДОРОЖНОЕ СТРОИТЕЛЬСТВО И РЕМОНТ"" ГОРОДСКОГО ОКРУГА ""ГОРОД КАЛИНИНГРАД""";"КОМИТЕТ ПО ФИНАНСАМ АДМИНИСТРАЦИИ ГОРОДСКОГО ОКРУГА ""ГОРОД КАЛИНИНГРАД""";06.08.2026;14.08.2026;Закупка завершена;;;14.08.2026;
44-ФЗ;№0112200000826003649;Запрос котировок в электронной форме;Организация горячего питания для обучающихся 1-4 классов в Муниципальное бюджетное общеобразовательное учреждение «Средняя общеобразовательная школа № 22 имени министра просвещения Тувинской Автономной Советской Социалистической Республики Дожулдея Бурзунеевича Ондара города Кызыла Республики Тыва.;;'263170001368817000100100250015629244;;;5800410.00;RUB;0;;;;;;"МУНИЦИПАЛЬНОЕ БЮДЖЕТНОЕ ОБЩЕОБРАЗОВАТЕЛЬНОЕ УЧРЕЖДЕНИЕ ""СРЕДНЯЯ ОБЩЕОБРАЗОВАТЕЛЬНАЯ ШКОЛА № 22 ИМЕНИ МИНИСТРА ПРОСВЕЩЕНИЯ ТУВИНСКОЙ АВТОНОМНОЙ СОВЕТСКОЙ СОЦИАЛИСТИЧЕСКОЙ РЕСПУБЛИКИ ДОЖУЛДЕЯ БУРЗУНЕЕВИЧА ОНДАРА ГОРОДА КЫЗЫЛА РЕСПУБЛИКИ ТЫВА""";МИНИСТЕРСТВО РЕСПУБЛИКИ ТЫВА ПО РЕГУЛИРОВАНИЮ КОНТРАКТНОЙ СИСТЕМЫ В СФЕРЕ ЗАКУПОК;11.08.2026;14.08.2026;Определение поставщика отменено;;;19.08.2026;
44-ФЗ;№0342100011826000591;Электронный аукцион;Поставка системы ультразвуковой визуализации универсальной, с питанием от сети Клиник СамГМУ ;;'261631700285863170100100080260000244;;;6120000.00;RUB;0;;;;;;"ФЕДЕРАЛЬНОЕ ГОСУДАРСТВЕННОЕ БЮДЖЕТНОЕ ОБРАЗОВАТЕЛЬНОЕ УЧРЕЖДЕНИЕ ВЫСШЕГО ОБРАЗОВАНИЯ ""САМАРСКИЙ ГОСУДАРСТВЕННЫЙ МЕДИЦИНСКИЙ УНИВЕРСИТЕТ"" МИНИСТЕРСТВА ЗДРАВООХРАНЕНИЯ РОССИЙСКОЙ ФЕДЕРАЦИИ";"ФЕДЕРАЛЬНОЕ ГОСУДАРСТВЕННОЕ БЮДЖЕТНОЕ ОБРАЗОВАТЕЛЬНОЕ УЧРЕЖДЕНИЕ ВЫСШЕГО ОБРАЗОВАНИЯ ""САМАРСКИЙ ГОСУДАРСТВЕННЫЙ МЕДИЦИНСКИЙ УНИВЕРСИТЕТ"" МИНИСТЕРСТВА ЗДРАВООХРАНЕНИЯ РОССИЙСКОЙ ФЕДЕРАЦИИ";28.07.2026;14.08.2026;Закупка завершена;;;05.08.2026;
44-ФЗ;№0169300000126001206;Электронный аукцион на проведение работ по строительству, реконструкции, кап. ремонту, сносу объекта кап. строительства в соответствии с п. 8 ч. 1 ст. 33 Закона № 44-ФЗ;26-126080Э Выполнение работ по капитальному ремонту библиотеки № 14 МКУК «ЦБС г. Челябинска» по адресу: г. Челябинск, ул. Воровского 23В;;'263745108042874530100100630014120243;;;16700827.00;RUB;0;;;;;;"МУНИЦИПАЛЬНОЕ КАЗЕННОЕ УЧРЕЖДЕНИЕ КУЛЬТУРЫ ""ЦЕНТРАЛИЗОВАННАЯ БИБЛИОТЕЧНАЯ СИСТЕМА"" ГОРОДА ЧЕЛЯБИНСКА";УПРАВЛЕНИЕ МУНИЦИПАЛЬНЫХ ЗАКУПОК АДМИНИСТРАЦИИ ГОРОДА ЧЕЛЯБИНСКА;05.08.2026;14.08.2026;Закупка завершена;;;13.08.2026;
44-ФЗ;№0128600007426000156;Запрос котировок в электронной форме;Устройство детской площадки в г.Петушки (в рамках текущих расходов);;'263332102989633210100100410014399244;;;8474100.00;RUB;0;;;;;;"МУНИЦИПАЛЬНОЕ КАЗЕННОЕ УЧРЕЖДЕНИЕ ""ЦЕНТР РАЗВИТИЯ И СОДЕРЖАНИЯ ГОРОДА ПЕТУШКИ""";АДМИНИСТРАЦИЯ ПЕТУШИНСКОГО МУНИЦИПАЛЬНОГО ОКРУГА ВЛАДИМИРСКОЙ ОБЛАСТИ;07.08.2026;14.08.2026;Закупка завершена;;;14.08.2026;
44-ФЗ;№0190300010826000499;Электронный аукцион на проведение работ по строительству, реконструкции, кап. ремонту, сносу объекта кап. строительства в соответствии с п. 8 ч. 1 ст. 33 Закона № 44-ФЗ;Выполнение работ по капитальному ремонту объекта: МБОУ «СШ №7»;;'263890403682389040100100680024339243;;;77703170.18;RUB;0;;;;;;"МУНИЦИПАЛЬНОЕ КАЗЁННОЕ УЧРЕЖДЕНИЕ ""УПРАВЛЕНИЕ КАПИТАЛЬНОГО РЕМОНТА И СТРОИТЕЛЬСТВА""";УПРАВЛЕНИЕ ОРГАНИЗАЦИИ ЗАКУПОК АДМИНИСТРАЦИИ ГОРОДА НОВЫЙ УРЕНГОЙ;04.08.2026;14.08.2026;Закупка завершена;;;12.08.2026;
44-ФЗ;№0119200000126013534;Электронный аукцион;ЭА-№-13496/26 «оказание услуг по организации горячего питания»;;'262245600138924560100100040015629244;;;5857571.22;RUB;0;;;;;;"КРАЕВОЕ ГОСУДАРСТВЕННОЕ БЮДЖЕТНОЕ ПРОФЕССИОНАЛЬНОЕ ОБРАЗОВАТЕЛЬНОЕ УЧРЕЖДЕНИЕ ""НАЗАРОВСКИЙ АГРАРНЫЙ ТЕХНИКУМ ИМ. А.Ф. ВЕПРЕВА""";АГЕНТСТВО ГОСУДАРСТВЕННОГО ЗАКАЗА КРАСНОЯРСКОГО КРАЯ;30.07.2026;14.08.2026;Закупка завершена;;;12.08.2026;
44-ФЗ;№0587600003926000044;Запрос котировок в электронной форме на проведение работ по строительству, реконструкции, кап. ремонту, сносу объекта кап. строительства в соответствии с п. 8 ч. 1 ст. 33 Закона № 44-ФЗ ;Капитальный ремонт сетей тепловодоснабжения по пер. Школьный 10 до ул. Победы 13, п. Горноправдинск Ханты-Мансийского района;;'263861800534186180100100230024221000;;;8137173.20;RUB;0;;;;;;"МУНИЦИПАЛЬНОЕ ПРЕДПРИЯТИЕ ""ЖЭК-3"" ХАНТЫ-МАНСИЙСКОГО РАЙОНА";"МУНИЦИПАЛЬНОЕ ПРЕДПРИЯТИЕ ""ЖЭК-3"" ХАНТЫ-МАНСИЙСКОГО РАЙОНА";09.08.2026;14.08.2026;Закупка завершена;;;14.08.2026;
44-ФЗ;№0162200011826002429;Электронный аукцион;Поставка лекарственного препарата для медицинского применения;;'262666001041566710100100033470000323;;;9996510.00;RUB;0;;;;;;МИНИСТЕРСТВО ЗДРАВООХРАНЕНИЯ СВЕРДЛОВСКОЙ ОБЛАСТИ;ДЕПАРТАМЕНТ ГОСУДАРСТВЕННЫХ ЗАКУПОК СВЕРДЛОВСКОЙ ОБЛАСТИ;06.08.2026;14.08.2026;Закупка завершена;;;14.08.2026;
44-ФЗ;№0162200011826002417;Электронный аукцион;Оказание услуг школьного питания;;263662501746466840100100340015629244, 263662501733766840100100310015629244, 263662501742566840100100360015629244, 263668400526066840100100370015629244, 263662501739066840100100440015629244, 263662501745766840100100300015629244, 263662501737666840100100830015629244, 263662501744066840100100450015629244, 263662501738366840100100490015629244, 263662502496966840100100040015629244, 263662502490566840100100350015629244, 263662501732066840100100320015629244;;;59163485.20;RUB;0;;;;;;;ДЕПАРТАМЕНТ ГОСУДАРСТВЕННЫХ ЗАКУПОК СВЕРДЛОВСКОЙ ОБЛАСТИ;05.08.2026;14.08.2026;Закупка завершена;;;13.08.2026;
44-ФЗ;№0321100021526000117;Электронный аукцион;114. Поставка мебели;;'261263300355626340100100930023109244;;;7456168.30;RUB;0;;;;;;"ФЕДЕРАЛЬНОЕ ГОСУДАРСТВЕННОЕ БЮДЖЕТНОЕ ОБРАЗОВАТЕЛЬНОЕ УЧРЕЖДЕНИЕ ВЫСШЕГО ОБРАЗОВАНИЯ ""СТАВРОПОЛЬСКИЙ ГОСУДАРСТВЕННЫЙ МЕДИЦИНСКИЙ УНИВЕРСИТЕТ"" МИНИСТЕРСТВА ЗДРАВООХРАНЕНИЯ РОССИЙСКОЙ ФЕДЕРАЦИИ";"ФЕДЕРАЛЬНОЕ ГОСУДАРСТВЕННОЕ БЮДЖЕТНОЕ ОБРАЗОВАТЕЛЬНОЕ УЧРЕЖДЕНИЕ ВЫСШЕГО ОБРАЗОВАНИЯ ""СТАВРОПОЛЬСКИЙ ГОСУДАРСТВЕННЫЙ МЕДИЦИНСКИЙ УНИВЕРСИТЕТ"" МИНИСТЕРСТВА ЗДРАВООХРАНЕНИЯ РОССИЙСКОЙ ФЕДЕРАЦИИ";05.08.2026;14.08.2026;Закупка завершена;;;13.08.2026;
44-ФЗ;№0132300001726000589;Открытый конкурс в электронной форме;Услуги по обеспечению организации горячего питания для отдельных категорий учащихся (606-ОКЭФ-26-ТТ);;'263524905420452490100100260015629244;;;5991829.02;RUB;0;;;;;;"МУНИЦИПАЛЬНОЕ БЮДЖЕТНОЕ ОБЩЕОБРАЗОВАТЕЛЬНОЕ УЧРЕЖДЕНИЕ ""СРЕДНЯЯ ШКОЛА № 4""";АДМИНИСТРАЦИЯ Г.ДЗЕРЖИНСКА НИЖЕГОРОДСКОЙ ОБЛАСТИ;29.07.2026;14.08.2026;Закупка завершена;;;14.08.2026;
44-ФЗ;№0373100041026000948;Электронный аукцион;Поставка лекарственного препарата для медицинского применения: МНН Вориконазол;;'261772800895377280100100032242120244;;;6350020.00;RUB;0;;;;;;"ФЕДЕРАЛЬНОЕ ГОСУДАРСТВЕННОЕ БЮДЖЕТНОЕ УЧРЕЖДЕНИЕ ""НАЦИОНАЛЬНЫЙ МЕДИЦИНСКИЙ ИССЛЕДОВАТЕЛЬСКИЙ ЦЕНТР ДЕТСКОЙ ГЕМАТОЛОГИИ, ОНКОЛОГИИ И ИММУНОЛОГИИ ИМЕНИ ДМИТРИЯ РОГАЧЕВА"" МИНИСТЕРСТВА ЗДРАВООХРАНЕНИЯ РОССИЙСКОЙ ФЕДЕРАЦИИ";"ФЕДЕРАЛЬНОЕ ГОСУДАРСТВЕННОЕ БЮДЖЕТНОЕ УЧРЕЖДЕНИЕ ""НАЦИОНАЛЬНЫЙ МЕДИЦИНСКИЙ ИССЛЕДОВАТЕЛЬСКИЙ ЦЕНТР ДЕТСКОЙ ГЕМАТОЛОГИИ, ОНКОЛОГИИ И ИММУНОЛОГИИ ИМЕНИ ДМИТРИЯ РОГАЧЕВА"" МИНИСТЕРСТВА ЗДРАВООХРАНЕНИЯ РОССИЙСКОЙ ФЕДЕРАЦИИ";03.08.2026;14.08.2026;Закупка завершена;;;13.08.2026;
44-ФЗ;№0162200011826002050;Электронный аукцион;Ликвидация мест несанкционированного размещения отходов производства и потребления (IV-V классов опасности) на земельных участках, находящихся в государственной собственности Свердловской области, и земельных участках, государственная собственность на которые не разграничена, на территории муниципального образования «город Екатеринбург» с предварительной паспортизацией отходов;;'262665800860266700100100290013812244;;;20000000.00;RUB;0;;;;;;"ГОСУДАРСТВЕННОЕ КАЗЕННОЕ УЧРЕЖДЕНИЕ СВЕРДЛОВСКОЙ ОБЛАСТИ ""ФОНД ИМУЩЕСТВА СВЕРДЛОВСКОЙ ОБЛАСТИ""";ДЕПАРТАМЕНТ ГОСУДАРСТВЕННЫХ ЗАКУПОК СВЕРДЛОВСКОЙ ОБЛАСТИ;14.07.2026;14.08.2026;Закупка завершена;;;22.07.2026;
44-ФЗ;№0818500000826005004;Открытый конкурс в электронной форме на проведение работ по строительству, реконструкции, кап. ремонту, сносу объекта кап. строительства в соответствии с п. 8 ч. 1 ст. 33 Закона № 44-ФЗ;Капитальный ремонт пищеблока;;'263231703449023170100100230034120243;;;30023550.00;RUB;0;;;;;;МУНИЦИПАЛЬНОЕ ОБЩЕОБРАЗОВАТЕЛЬНОЕ БЮДЖЕТНОЕ УЧРЕЖДЕНИЕ СРЕДНЯЯ ОБЩЕОБРАЗОВАТЕЛЬНАЯ ШКОЛА № 65 ГОРОДА СОЧИ ИМЕНИ ГЕРОЯ СОВЕТСКОГО СОЮЗА ТУРЧИНСКОГО АДАМА ПЕТРОВИЧА;"ГОСУДАРСТВЕННОЕ КАЗЕННОЕ УЧРЕЖДЕНИЕ КРАСНОДАРСКОГО КРАЯ ""ДИРЕКЦИЯ ГОСУДАРСТВЕННЫХ ЗАКУПОК""";28.07.2026;14.08.2026;Закупка завершена;;;14.08.2026;
44-ФЗ;№0335200014926002746;Электронный аукцион на проведение работ по строительству, реконструкции, кап. ремонту, сносу объекта кап. строительства в соответствии с п. 8 ч. 1 ст. 33 Закона № 44-ФЗ;"Выполнение работ по объекту: ""Капитальный ремонт помещений под установку КТР - комплекса томографического рентгеновского и аппарата рентгеновского цифрового по адресу: ул. Дубовая аллея, 5 в г. Калининграде""";;'262390501406939060100100860024399243;;;19243806.38;RUB;0;;;;;;"ГОСУДАРСТВЕННОЕ БЮДЖЕТНОЕ УЧРЕЖДЕНИЕ ЗДРАВООХРАНЕНИЯ ""ПРОТИВОТУБЕРКУЛЕЗНЫЙ ДИСПАНСЕР КАЛИНИНГРАДСКОЙ ОБЛАСТИ""";"ГОСУДАРСТВЕННОЕ КАЗЕННОЕ УЧРЕЖДЕНИЕ КАЛИНИНГРАДСКОЙ ОБЛАСТИ ""ЦЕНТР ОБЕСПЕЧЕНИЯ ОРГАНИЗАЦИИ И ПРОВЕДЕНИЯ ТОРГОВ""";04.08.2026;14.08.2026;Закупка завершена;;;14.08.2026;
44-ФЗ;№0149200002326004240;Электронный аукцион;Выполнение работ по ремонту автомобильной дороги, искусственного дорожного сооружения в части выполнения работ по ремонту участка автомобильной дороги общего пользования местного значения улицы Радищева в Октябрьском административном округе города Мурманска;;'263519091812351900100101780014211244;;;99331490.95;RUB;0;;;;;;"МУРМАНСКОЕ МУНИЦИПАЛЬНОЕ БЮДЖЕТНОЕ УЧРЕЖДЕНИЕ ""УПРАВЛЕНИЕ ДОРОЖНОГО ХОЗЯЙСТВА""";КОМИТЕТ ПО КОНКУРЕНТНОЙ ПОЛИТИКЕ МУРМАНСКОЙ ОБЛАСТИ;04.08.2026;14.08.2026;Закупка завершена;;;14.08.2026;
223-ФЗ;№32616293341;Иной способ;щебень известняковый;;;1;щебень известняковый;5740000.00;RUB;5740000.00;;;;08.12.12.140: Щебень;;"АКЦИОНЕРНОЕ ОБЩЕСТВО ""ДОРОЖНАЯ СЛУЖБА""";"АКЦИОНЕРНОЕ ОБЩЕСТВО ""ДОРОЖНАЯ СЛУЖБА""";14.08.2026;14.08.2026;Закупка завершена;;;;
223-ФЗ;№32616291847;Иной способ;Поставка лекарственных препаратов на коммерческий склад №K-189;;;1;Поставка лекарственных препаратов;22720733.30;RUB;22720733.30;;;;21.20.10.211: Препараты противоопухолевые;;"АКЦИОНЕРНОЕ ОБЩЕСТВО ""ГУБЕРНСКИЕ АПТЕКИ""";"АКЦИОНЕРНОЕ ОБЩЕСТВО ""ГУБЕРНСКИЕ АПТЕКИ""";14.08.2026;14.08.2026;Закупка завершена;;;14.08.2026 12:20;
44-ФЗ;№0335200014926002745;Электронный аукцион на проведение работ по строительству, реконструкции, кап. ремонту, сносу объекта кап. строительства в соответствии с п. 8 ч. 1 ст. 33 Закона № 44-ФЗ;Выполнение работ по объекту: «Капитальный ремонт помещений под размещение аппарата рентгеновского для остеоденситометрии, расположенных в здании ГБУЗ КО «Городская больница №2», по адресу: г. Калининград, ул. Дзержинского, д.147 литер В»;;'262390701212339060100101120044399243;;;5402058.78;RUB;0;;;;;;"ГОСУДАРСТВЕННОЕ БЮДЖЕТНОЕ УЧРЕЖДЕНИЕ ЗДРАВООХРАНЕНИЯ КАЛИНИНГРАДСКОЙ ОБЛАСТИ ""ГОРОДСКАЯ БОЛЬНИЦА № 2""";"ГОСУДАРСТВЕННОЕ КАЗЕННОЕ УЧРЕЖДЕНИЕ КАЛИНИНГРАДСКОЙ ОБЛАСТИ ""ЦЕНТР ОБЕСПЕЧЕНИЯ ОРГАНИЗАЦИИ И ПРОВЕДЕНИЯ ТОРГОВ""";04.08.2026;14.08.2026;Закупка завершена;;;14.08.2026;
44-ФЗ;№0152200004726000683;Электронный аукцион;Выполнение работ по строительству теплотрассы 2Ду 65 мм (Дн76 мм) подземно-бесканально в ППУ изоляции от ТК- 24/3 (с реконструкцией камеры) до границы земельного участка с кадастровым номером 55:36:050208:15366» (Реестровый номер 26.33.0703);;'262550302777755010100100140024221244;;;13200000.00;RUB;0;;;;;;"БЮДЖЕТНОЕ УЧРЕЖДЕНИЕ ОМСКОЙ ОБЛАСТИ ДОПОЛНИТЕЛЬНОГО ОБРАЗОВАНИЯ ""СПОРТИВНАЯ ШКОЛА ОЛИМПИЙСКОГО РЕЗЕРВА ""СИБИРСКИЙ НЕФТЯНИК""";ГЛАВНОЕ УПРАВЛЕНИЕ КОНТРАКТНОЙ СИСТЕМЫ ОМСКОЙ ОБЛАСТИ;04.08.2026;14.08.2026;Закупка завершена;;;12.08.2026;
44-ФЗ;№0830500000226001904;Открытый конкурс в электронной форме;Поставка продуктов питания;;263352806319535280100100040190000244, 262352507570035250100100010210000244, 262352100175335210100100060180000244, 262352507864435250100100010240000244, 262352801407835280100100090240000244, 262352502054935250100100030230000244, 262351100190935110100100180180000244, 262352701036035270100100030080000244, 262350300044335030100100010230000244, 263352400779235240100100050300000244, 263350900325735090100100020120000244, 262352508057035250100100020140000244, 262350900326435090100100040170000244, 262350500158735050100100240260000244, 262350600123735060100100140140000244, 262352801339535280100100290370000244, 262352510553835250100100050370000244, 263352808056035280100100110130000244, 262350300149335030100100290010000244;;;5488907.43;RUB;0;;;;;;;"ГОСУДАРСТВЕННОЕ КАЗЕННОЕ УЧРЕЖДЕНИЕ ВОЛОГОДСКОЙ ОБЛАСТИ ""ЦЕНТР ЗАКУПОК""";06.07.2026;14.08.2026;Закупка завершена;;;07.08.2026;
44-ФЗ;№0373200067026000563;Электронный аукцион;"Электронный аукцион на поставку  медицинских изделий: Нить хирургическая из полидиоксанона, антибактериальная; для оказания медицинской помощи в отделениях ГБУЗ «НИИ СП им Н. В. Склифосовского ДЗМ» (С-1-2026)";;'262770203632177020100106250010000244;;;6716761.92;RUB;0;;;;;;"ГОСУДАРСТВЕННОЕ БЮДЖЕТНОЕ УЧРЕЖДЕНИЕ ЗДРАВООХРАНЕНИЯ ГОРОДА МОСКВЫ ""НАУЧНО-ИССЛЕДОВАТЕЛЬСКИЙ ИНСТИТУТ СКОРОЙ ПОМОЩИ ИМ. Н.В. СКЛИФОСОВСКОГО ДЕПАРТАМЕНТА ЗДРАВООХРАНЕНИЯ ГОРОДА МОСКВЫ""";"ГОСУДАРСТВЕННОЕ БЮДЖЕТНОЕ УЧРЕЖДЕНИЕ ЗДРАВООХРАНЕНИЯ ГОРОДА МОСКВЫ ""НАУЧНО-ИССЛЕДОВАТЕЛЬСКИЙ ИНСТИТУТ СКОРОЙ ПОМОЩИ ИМ. Н.В. СКЛИФОСОВСКОГО ДЕПАРТАМЕНТА ЗДРАВООХРАНЕНИЯ ГОРОДА МОСКВЫ""";03.08.2026;14.08.2026;Закупка завершена;;;12.08.2026;
44-ФЗ;№0172200003826000063;Открытый конкурс в электронной форме;Оказание услуг по организации питания в ГБОУ школа-интернат №20 Петроградского района Санкт-Петербурга в 2026/2027 учебном году;;'262781312529578130100100270015629244;;;16259073.90;RUB;0;;;;;;ГОСУДАРСТВЕННОЕ БЮДЖЕТНОЕ ОБЩЕОБРАЗОВАТЕЛЬНОЕ УЧРЕЖДЕНИЕ ШКОЛА-ИНТЕРНАТ № 20 ПЕТРОГРАДСКОГО РАЙОНА САНКТ-ПЕТЕРБУРГА;АДМИНИСТРАЦИЯ ПЕТРОГРАДСКОГО РАЙОНА САНКТ-ПЕТЕРБУРГА;22.07.2026;14.08.2026;Закупка завершена;;;06.08.2026;
44-ФЗ;№0172200003826000059;Открытый конкурс в электронной форме;Оказание услуг по организации питания в ГБОУ школа № 3 Петроградского района Санкт-Петербурга в 2026/2027 учебном году;;'262781312543278130100100420015629244;;;12316567.90;RUB;0;;;;;;ГОСУДАРСТВЕННОЕ БЮДЖЕТНОЕ ОБЩЕОБРАЗОВАТЕЛЬНОЕ УЧРЕЖДЕНИЕ ШКОЛА № 3 ПЕТРОГРАДСКОГО РАЙОНА САНКТ-ПЕТЕРБУРГА;АДМИНИСТРАЦИЯ ПЕТРОГРАДСКОГО РАЙОНА САНКТ-ПЕТЕРБУРГА;20.07.2026;14.08.2026;Закупка завершена;;;06.08.2026;
44-ФЗ;№0118300013326001185;Открытый конкурс в электронной форме;Ремонт дорожек и проездов  в МБДОУ  детский сад №75 по адресу: г. Новороссийск, ст. Натухаевская, ул. Красного Октября, 55 (Благоустройство);;'263231507854023150100100370024211244;;;9637624.25;RUB;0;;;;;;"МУНИЦИПАЛЬНОЕ БЮДЖЕТНОЕ ДОШКОЛЬНОЕ ОБРАЗОВАТЕЛЬНОЕ УЧРЕЖДЕНИЕ ДЕТСКИЙ САД ОБЩЕРАЗВИВАЮЩЕГО ВИДА № 75 ""ИВУШКА"" МУНИЦИПАЛЬНОГО ОБРАЗОВАНИЯ ГОРОД НОВОРОССИЙСК";АДМИНИСТРАЦИЯ  МУНИЦИПАЛЬНОГО ОБРАЗОВАНИЯ ГОРОД НОВОРОССИЙСК;23.07.2026;14.08.2026;Закупка завершена;;;11.08.2026;
44-ФЗ;№0236100001426000191;Открытый конкурс в электронной форме;Выполнение работ по изготовлению протезов нижних конечностей в 2027 году;;'261690300544169500100102590013250323;;;30000000.00;RUB;0;;;;;;ОТДЕЛЕНИЕ ФОНДА ПЕНСИОННОГО И СОЦИАЛЬНОГО СТРАХОВАНИЯ РОССИЙСКОЙ ФЕДЕРАЦИИ ПО ТВЕРСКОЙ ОБЛАСТИ;ОТДЕЛЕНИЕ ФОНДА ПЕНСИОННОГО И СОЦИАЛЬНОГО СТРАХОВАНИЯ РОССИЙСКОЙ ФЕДЕРАЦИИ ПО ТВЕРСКОЙ ОБЛАСТИ;27.07.2026;14.08.2026;Закупка завершена;;;13.08.2026;
223-ФЗ;№32616277031;Иной способ;Организация и проведение финала чемпионата по профессиональному мастерству «Профессионалы» в г. Калуге в 2026 году – услуга по организации деловой программы;;;1;Организация и проведение финала чемпионата по профессиональному мастерству «Профессионалы» в г. Калуге в 2026 году – услуга по организации деловой программы;9999000.00;RUB;9999000.00;;;;82.30.11.000: Услуги по организации конференций;;"ГОСУДАРСТВЕННОЕ АВТОНОМНОЕ ОБРАЗОВАТЕЛЬНОЕ УЧРЕЖДЕНИЕ ДОПОЛНИТЕЛЬНОГО ПРОФЕССИОНАЛЬНОГО ОБРАЗОВАНИЯ КАЛУЖСКОЙ ОБЛАСТИ ""КАЛУЖСКИЙ ГОСУДАРСТВЕННЫЙ ИНСТИТУТ РАЗВИТИЯ ОБРАЗОВАНИЯ""";"ГОСУДАРСТВЕННОЕ АВТОНОМНОЕ ОБРАЗОВАТЕЛЬНОЕ УЧРЕЖДЕНИЕ ДОПОЛНИТЕЛЬНОГО ПРОФЕССИОНАЛЬНОГО ОБРАЗОВАНИЯ КАЛУЖСКОЙ ОБЛАСТИ ""КАЛУЖСКИЙ ГОСУДАРСТВЕННЫЙ ИНСТИТУТ РАЗВИТИЯ ОБРАЗОВАНИЯ""";10.08.2026;14.08.2026;Закупка завершена;;;10.08.2026 00:00;
44-ФЗ;№0132300001726000588;Открытый конкурс в электронной форме;Услуги по обеспечению организации горячего питания для отдельных категорий учащихся (600-ОКЭФ-26-КН);;263524905423652490100100250015629244, 263524905401052490100100240015629244, 263524905540952490100100270015629244, 263524905419452490100100250015629244, 263524905548752490100100270015629244, 263524905535052490100100220015629244, 263524905541652490100100220015629244, 263524905402852490100100260015629244, 263524905421152490100100210015629244, 263524905414852490100100200015629244;;;67508836.36;RUB;0;;;;;;;АДМИНИСТРАЦИЯ Г.ДЗЕРЖИНСКА НИЖЕГОРОДСКОЙ ОБЛАСТИ;29.07.2026;14.08.2026;Закупка завершена;;;14.08.2026;
44-ФЗ;№0813500000126014178;Открытый конкурс в электронной форме;№ 30871 Выполнение работ по разработке проектно-сметной документации и оборудованию объектов (территорий) системами оповещения и управления эвакуацией работников, обучающихся и иных лиц, находящихся на объекте (территории), о потенциальной угрозе возникновения или о возникновении чрезвычайной ситуации), разработке проектно-сметной документации и оснащению объектов (территорий) системами охранной сигнализации;;263183201974218320100100060014321244, 263183504146418410100100850014321244, 263183504929418410100100110014321244, 263183505130318410100100090014321244, 263183504155218410100100110014321244, 263183504891018410100100110014321244, 263183430013018400100100070014321244, 263183504143218410100100080014321244, 263183504156018410100100080014321244;;;43851902.80;RUB;0;;;;;;;"ГОСУДАРСТВЕННОЕ КАЗЕННОЕ УЧРЕЖДЕНИЕ УДМУРТСКОЙ РЕСПУБЛИКИ ""РЕГИОНАЛЬНЫЙ ЦЕНТР ЗАКУПОК УДМУРТСКОЙ РЕСПУБЛИКИ""";21.07.2026;14.08.2026;Закупка завершена;;;11.08.2026;
44-ФЗ;№0815500000526010541;Электронный аукцион;Поставка медицинских изделий (Трубки дренажные для закрытой раны);;'263212600261021300100104320012221244;;;8220000.00;RUB;0;;;;;;"БЮДЖЕТНОЕ УЧРЕЖДЕНИЕ ЧУВАШСКОЙ РЕСПУБЛИКИ ""ГОРОДСКАЯ КЛИНИЧЕСКАЯ БОЛЬНИЦА №1"" МИНИСТЕРСТВА ЗДРАВООХРАНЕНИЯ ЧУВАШСКОЙ РЕСПУБЛИКИ";"КАЗЕННОЕ УЧРЕЖДЕНИЕ ЧУВАШСКОЙ РЕСПУБЛИКИ ""РЕГИОНАЛЬНЫЙ ЦЕНТР ЗАКУПОК ЧУВАШСКОЙ РЕСПУБЛИКИ""";04.08.2026;14.08.2026;Закупка завершена;;;12.08.2026;
44-ФЗ;№0373100046926000020;Открытый конкурс в электронной форме;Выполнение работ по комплексной модернизации системы контроля и управления доступом на объектах центрального аппарата МЧС России по адресам: г. Москва, ул. Ватутина, д. 1, ул. Ватутина д. 1 стр.1;;'261770767119777310100100770774321244;;;8346200.00;RUB;0;;;;;;"ФЕДЕРАЛЬНОЕ КАЗЕННОЕ УЧРЕЖДЕНИЕ ""УПРАВЛЕНИЕ КАПИТАЛЬНОГО СТРОИТЕЛЬСТВА МЧС РОССИИ""";"ФЕДЕРАЛЬНОЕ КАЗЕННОЕ УЧРЕЖДЕНИЕ ""УПРАВЛЕНИЕ КАПИТАЛЬНОГО СТРОИТЕЛЬСТВА МЧС РОССИИ""";16.07.2026;14.08.2026;Определение поставщика отменено;;;03.08.2026;
44-ФЗ;№0169300000126001202;Электронный аукцион;26-126125Э Выполнение работ по замене и демонтажу пешеходных перильных ограждений на автомобильных дорогах города Челябинска;;'263745122790674480100100800014211244;;;19000000.00;RUB;0;;;;;;КОМИТЕТ ДОРОЖНОГО ХОЗЯЙСТВА ГОРОДА ЧЕЛЯБИНСКА;УПРАВЛЕНИЕ МУНИЦИПАЛЬНЫХ ЗАКУПОК АДМИНИСТРАЦИИ ГОРОДА ЧЕЛЯБИНСКА;05.08.2026;14.08.2026;Закупка завершена;;;13.08.2026;
44-ФЗ;№0139300001426000114;Электронный аукцион;Выполнение работ по текущему содержанию и обслуживанию объектов благоустройства Калтанского городского округа;;'263422201147342220100100050048129244;;;7700966.66;RUB;0;;;;;;"МУНИЦИПАЛЬНОЕ КАЗЕННОЕ УЧРЕЖДЕНИЕ ""УПРАВЛЕНИЕ ПО ЖИЗНЕОБЕСПЕЧЕНИЮ КАЛТАНСКОГО ГОРОДСКОГО ОКРУГА""";АДМИНИСТРАЦИЯ КАЛТАНСКОГО ГОРОДСКОГО ОКРУГА;06.08.2026;14.08.2026;Закупка завершена;;;14.08.2026;
44-ФЗ;№0172200002726000090;Открытый конкурс в электронной форме;Выполнение работ по ремонту навеса № 2 по адресу: Санкт-Петербург, Лиговский пр., д. 100-104;;'262782568008578420100100650014399244;;;5313011.33;RUB;0;;;;;;"САНКТ-ПЕТЕРБУРГСКОЕ ГОСУДАРСТВЕННОЕ КАЗЕННОЕ УЧРЕЖДЕНИЕ ""ЖИЛИЩНОЕ АГЕНТСТВО ЦЕНТРАЛЬНОГО РАЙОНА САНКТ-ПЕТЕРБУРГА""";АДМИНИСТРАЦИЯ ЦЕНТРАЛЬНОГО РАЙОНА САНКТ-ПЕТЕРБУРГА;24.07.2026;14.08.2026;Закупка завершена;;;11.08.2026;
44-ФЗ;№0124200000626005093;Открытый конкурс в электронной форме;Оказание услуг по организации питания кадет;;'262290106800829010100100150015610244;;;17546948.65;RUB;0;;;;;;"ГОСУДАРСТВЕННОЕ БЮДЖЕТНОЕ ОБЩЕОБРАЗОВАТЕЛЬНОЕ УЧРЕЖДЕНИЕ АРХАНГЕЛЬСКОЙ ОБЛАСТИ ""АРХАНГЕЛЬСКИЙ ГУБЕРНАТОРСКИЙ МОРСКОЙ КАДЕТСКИЙ КОРПУС ИМЕНИ АДМИРАЛА ФЛОТА СОВЕТСКОГО СОЮЗА Н.Г. КУЗНЕЦОВА""";КОНТРАКТНОЕ АГЕНТСТВО АРХАНГЕЛЬСКОЙ ОБЛАСТИ;22.07.2026;14.08.2026;Закупка завершена;;;14.08.2026;
44-ФЗ;№0836200001826000061;Запрос котировок в электронной форме;Приобретение жилого помещения (отдельной квартиры) в многоквартирном доме в целях реализации региональной программы «Адресная программа Тверской области по переселению граждан из аварийного жилищного фонда на 2026 – 2028 годы» в Нелидовском муниципальном округе Тверской области (Н 21);;'262695013385069500100100610016810414;;;5175838.50;RUB;0;;;;;;"ГОСУДАРСТВЕННОЕ КАЗЕННОЕ УЧРЕЖДЕНИЕ ТВЕРСКОЙ ОБЛАСТИ ""ТВЕРЬОБЛСТРОЙЗАКАЗЧИК""";"ГОСУДАРСТВЕННОЕ КАЗЕННОЕ УЧРЕЖДЕНИЕ ТВЕРСКОЙ ОБЛАСТИ ""ТВЕРЬОБЛСТРОЙЗАКАЗЧИК""";05.08.2026;14.08.2026;Закупка завершена;;;12.08.2026;
44-ФЗ;№0836200001826000065;Запрос котировок в электронной форме;Приобретение жилого помещения (отдельной квартиры) в многоквартирном доме в целях реализации региональной программы «Адресная программа Тверской области по переселению граждан из аварийного жилищного фонда на 2026 – 2028 годы» в Нелидовском муниципальном округе Тверской области (Н 15);;'262695013385069500100100590016810414;;;5273832.00;RUB;0;;;;;;"ГОСУДАРСТВЕННОЕ КАЗЕННОЕ УЧРЕЖДЕНИЕ ТВЕРСКОЙ ОБЛАСТИ ""ТВЕРЬОБЛСТРОЙЗАКАЗЧИК""";"ГОСУДАРСТВЕННОЕ КАЗЕННОЕ УЧРЕЖДЕНИЕ ТВЕРСКОЙ ОБЛАСТИ ""ТВЕРЬОБЛСТРОЙЗАКАЗЧИК""";05.08.2026;14.08.2026;Закупка завершена;;;12.08.2026;
44-ФЗ;№0836200001826000067;Запрос котировок в электронной форме;Приобретение жилого помещения (отдельной квартиры) в многоквартирном доме в целях реализации региональной программы «Адресная программа Тверской области по переселению граждан из аварийного жилищного фонда на 2026 – 2028 годы» в Нелидовском муниципальном округе Тверской области (Н 1);;'262695013385069500100100550016810414;;;5256015.00;RUB;0;;;;;;"ГОСУДАРСТВЕННОЕ КАЗЕННОЕ УЧРЕЖДЕНИЕ ТВЕРСКОЙ ОБЛАСТИ ""ТВЕРЬОБЛСТРОЙЗАКАЗЧИК""";"ГОСУДАРСТВЕННОЕ КАЗЕННОЕ УЧРЕЖДЕНИЕ ТВЕРСКОЙ ОБЛАСТИ ""ТВЕРЬОБЛСТРОЙЗАКАЗЧИК""";05.08.2026;14.08.2026;Закупка завершена;;;12.08.2026;
44-ФЗ;№0836200001826000066;Запрос котировок в электронной форме;Приобретение жилого помещения (отдельной квартиры) в многоквартирном доме в целях реализации региональной программы «Адресная программа Тверской области по переселению граждан из аварийного жилищного фонда на 2026 – 2028 годы» в Нелидовском муниципальном округе Тверской области (Н 14);;'262695013385069500100100580016810414;;;5309466.00;RUB;0;;;;;;"ГОСУДАРСТВЕННОЕ КАЗЕННОЕ УЧРЕЖДЕНИЕ ТВЕРСКОЙ ОБЛАСТИ ""ТВЕРЬОБЛСТРОЙЗАКАЗЧИК""";"ГОСУДАРСТВЕННОЕ КАЗЕННОЕ УЧРЕЖДЕНИЕ ТВЕРСКОЙ ОБЛАСТИ ""ТВЕРЬОБЛСТРОЙЗАКАЗЧИК""";05.08.2026;14.08.2026;Закупка завершена;;;12.08.2026;
44-ФЗ;№0319300010126000466;Электронный аукцион;Оказание услуг по предоставлению кредита;;'263245704762924570100100470016419730;;;40525000.00;RUB;0;;;;;;"МУНИЦИПАЛЬНОЕ УЧРЕЖДЕНИЕ ""ФИНАНСОВОЕ УПРАВЛЕНИЕ АДМИНИСТРАЦИИ ГОРОДА НОРИЛЬСКА""";"МУНИЦИПАЛЬНОЕ КАЗЕННОЕ УЧРЕЖДЕНИЕ ""УПРАВЛЕНИЕ МУНИЦИПАЛЬНЫХ ЗАКУПОК""";06.08.2026;14.08.2026;Закупка завершена;;;14.08.2026;
44-ФЗ;№0306300031626000240;Электронный аукцион;Поставка реагентов для иммуногематологического  анализатора «ORTHO VISION»;;'262100111753210010100102440012120244;;;5078506.05;RUB;0;;;;;;"ГОСУДАРСТВЕННОЕ БЮДЖЕТНОЕ УЧРЕЖДЕНИЕ ЗДРАВООХРАНЕНИЯ РЕСПУБЛИКИ КАРЕЛИЯ ""РЕСПУБЛИКАНСКАЯ БОЛЬНИЦА СКОРОЙ И ЭКСТРЕННОЙ МЕДИЦИНСКОЙ ПОМОЩИ""";"ГОСУДАРСТВЕННОЕ БЮДЖЕТНОЕ УЧРЕЖДЕНИЕ ЗДРАВООХРАНЕНИЯ РЕСПУБЛИКИ КАРЕЛИЯ ""РЕСПУБЛИКАНСКАЯ БОЛЬНИЦА СКОРОЙ И ЭКСТРЕННОЙ МЕДИЦИНСКОЙ ПОМОЩИ""";04.08.2026;14.08.2026;Закупка завершена;;;12.08.2026;
44-ФЗ;№0337400000726000903;Запрос котировок в электронной форме;Поставка лекарственных средств;;'261771404207040254300100183980000244;;;9968101.00;RUB;0;;;;;;"МЕДИЦИНСКИЙ РАДИОЛОГИЧЕСКИЙ НАУЧНЫЙ ЦЕНТР ИМЕНИ А.Ф. ЦЫБА - ФИЛИАЛ ФЕДЕРАЛЬНОГО ГОСУДАРСТВЕННОГО БЮДЖЕТНОГО УЧРЕЖДЕНИЯ ""НАЦИОНАЛЬНЫЙ МЕДИЦИНСКИЙ ИССЛЕДОВАТЕЛЬСКИЙ ЦЕНТР РАДИОЛОГИИ"" МИНИСТЕРСТВА ЗДРАВООХРАНЕНИЯ РОССИЙСКОЙ ФЕДЕРАЦИИ";"МЕДИЦИНСКИЙ РАДИОЛОГИЧЕСКИЙ НАУЧНЫЙ ЦЕНТР ИМЕНИ А.Ф. ЦЫБА - ФИЛИАЛ ФЕДЕРАЛЬНОГО ГОСУДАРСТВЕННОГО БЮДЖЕТНОГО УЧРЕЖДЕНИЯ ""НАЦИОНАЛЬНЫЙ МЕДИЦИНСКИЙ ИССЛЕДОВАТЕЛЬСКИЙ ЦЕНТР РАДИОЛОГИИ"" МИНИСТЕРСТВА ЗДРАВООХРАНЕНИЯ РОССИЙСКОЙ ФЕДЕРАЦИИ";05.08.2026;14.08.2026;Закупка завершена;;;12.08.2026;
44-ФЗ;№0432200000826004005;Электронный аукцион;Ц-7748_Закупка  медицинских изделий ;;'262526013629952600100100413590000000;;;7425000.00;RUB;0;;;;;;"ГОСУДАРСТВЕННОЕ ПРЕДПРИЯТИЕ НИЖЕГОРОДСКОЙ ОБЛАСТИ ""НИЖЕГОРОДСКАЯ ОБЛАСТНАЯ ФАРМАЦИЯ""";"ГОСУДАРСТВЕННОЕ ПРЕДПРИЯТИЕ НИЖЕГОРОДСКОЙ ОБЛАСТИ ""НИЖЕГОРОДСКАЯ ОБЛАСТНАЯ ФАРМАЦИЯ""";02.08.2026;14.08.2026;Закупка завершена;;;12.08.2026;
44-ФЗ;№0432200000826003978;Электронный аукцион;Ц-7738_Закупка медицинских изделий ;;'262526013629952600100100413410000000;;;7048800.00;RUB;0;;;;;;"ГОСУДАРСТВЕННОЕ ПРЕДПРИЯТИЕ НИЖЕГОРОДСКОЙ ОБЛАСТИ ""НИЖЕГОРОДСКАЯ ОБЛАСТНАЯ ФАРМАЦИЯ""";"ГОСУДАРСТВЕННОЕ ПРЕДПРИЯТИЕ НИЖЕГОРОДСКОЙ ОБЛАСТИ ""НИЖЕГОРОДСКАЯ ОБЛАСТНАЯ ФАРМАЦИЯ""";02.08.2026;14.08.2026;Закупка завершена;;;12.08.2026;
44-ФЗ;№0432200000826004024;Запрос котировок в электронной форме;Ц-7743_Закупка  медицинских изделий ;;'262526013629952600100100382170000000;;;7000000.00;RUB;0;;;;;;"ГОСУДАРСТВЕННОЕ ПРЕДПРИЯТИЕ НИЖЕГОРОДСКОЙ ОБЛАСТИ ""НИЖЕГОРОДСКАЯ ОБЛАСТНАЯ ФАРМАЦИЯ""";"ГОСУДАРСТВЕННОЕ ПРЕДПРИЯТИЕ НИЖЕГОРОДСКОЙ ОБЛАСТИ ""НИЖЕГОРОДСКАЯ ОБЛАСТНАЯ ФАРМАЦИЯ""";02.08.2026;14.08.2026;Закупка завершена;;;12.08.2026;
44-ФЗ;№0190200000326008846;Электронный аукцион;Поставка лекарственного препарата для медицинского применения Альбумин человека;;'262890501870789050100100032422120000;;;5438000.00;RUB;0;;;;;;"ГОСУДАРСТВЕННОЕ БЮДЖЕТНОЕ УЧРЕЖДЕНИЕ ЗДРАВООХРАНЕНИЯ ЯМАЛО-НЕНЕЦКОГО АВТОНОМНОГО ОКРУГА ""НОЯБРЬСКАЯ ЦЕНТРАЛЬНАЯ ГОРОДСКАЯ БОЛЬНИЦА""";ДЕПАРТАМЕНТ ГОСУДАРСТВЕННОГО ЗАКАЗА ЯМАЛО-НЕНЕЦКОГО АВТОНОМНОГО ОКРУГА;03.08.2026;14.08.2026;Закупка завершена;;;13.08.2026;
44-ФЗ;№0152300011926001133;Электронный аукцион;Приобретение в муниципальную собственность жилого помещения (квартиры) в домах, введенных в эксплуатацию, для переселения граждан из аварийного жилищного фонда (Реестровый номер 31.1141.26);;'263550320574055030100100520016810412;;;5709817.79;RUB;0;;;;;;ДЕПАРТАМЕНТ ЖИЛИЩНОЙ ПОЛИТИКИ АДМИНИСТРАЦИИ ГОРОДА ОМСКА;ДЕПАРТАМЕНТ КОНТРАКТНОЙ СИСТЕМЫ В СФЕРЕ ЗАКУПОК АДМИНИСТРАЦИИ ГОРОДА ОМСКА;04.08.2026;14.08.2026;Закупка завершена;;;12.08.2026;
44-ФЗ;№0844200000326000059;Электронный аукцион на проведение работ по строительству, реконструкции, кап. ремонту, сносу объекта кап. строительства в соответствии с п. 8 ч. 1 ст. 33 Закона № 44-ФЗ;Выполнение работ по объекту «Бассейн МКОУ «Медвенская средняя общеобразовательная школа имени Героя Советского Союза Г.М. Певнева», расположенный по адресу: Курская область, пгт. Медвенка, ул. Промышленная, д. 2в»;;'263461500755146150100100220014120407;;;165537980.00;RUB;0;;;;;;"МУНИЦИПАЛЬНОЕ БЮДЖЕТНОЕ УЧРЕЖДЕНИЕ ""УПРАВЛЕНИЕ ПО ВОПРОСАМ СТРОИТЕЛЬСТВА И ЖКХ МЕДВЕНСКОГО РАЙОНА КУРСКОЙ ОБЛАСТИ""";"ОБЛАСТНОЕ КАЗЕННОЕ УЧРЕЖДЕНИЕ ""УПРАВЛЕНИЕ КАПИТАЛЬНОГО СТРОИТЕЛЬСТВА КУРСКОЙ ОБЛАСТИ""";06.08.2026;14.08.2026;Закупка завершена;;;14.08.2026;
44-ФЗ;№0152300011926001122;Электронный аукцион;Приобретение в муниципальную собственность жилого помещения (квартиры) в домах, введенных в эксплуатацию, для переселения граждан из аварийного жилищного фонда (Реестровый номер 31.1138.26);;'263550320574055030100100530016810412;;;5754659.30;RUB;0;;;;;;ДЕПАРТАМЕНТ ЖИЛИЩНОЙ ПОЛИТИКИ АДМИНИСТРАЦИИ ГОРОДА ОМСКА;ДЕПАРТАМЕНТ КОНТРАКТНОЙ СИСТЕМЫ В СФЕРЕ ЗАКУПОК АДМИНИСТРАЦИИ ГОРОДА ОМСКА;04.08.2026;14.08.2026;Закупка завершена;;;12.08.2026;
44-ФЗ;№0873400003926000653;Электронный аукцион;Поставка лекарственного препарата Иматиниб, капсулы и/или таблетки, покрытые плёночной оболочкой и/или таблетки, покрытые оболочкой, 100 мг в рамках реализации постановления Правительства Российской Федерации от 26.11.2018 № 1416 «О порядке организации обеспечения лекарственными препаратами лиц, больных гемофилией, муковисцидозом, гипофизарным нанизмом, болезнью Гоше, злокачественными новообразованиями лимфоидной, кроветворной и родственных им тканей, рассеянным склерозом, гемолитико-уремическим синдромом, юношеским артритом с системным началом, мукополисахаридозом I, II и VI типов, апластической анемией неуточненной, наследственным дефицитом факторов II (фибриногена), VII (лабильного), X (Стюарта - Прауэра), лиц после трансплантации органов и (или) тканей, а также о признании утратившими силу некоторых актов Правительства Российской Федерации»;;'261970515020277050100100350330000244;;;53260853.94;RUB;0;;;;;;"ФЕДЕРАЛЬНОЕ КАЗЕННОЕ УЧРЕЖДЕНИЕ ""ФЕДЕРАЛЬНЫЙ ЦЕНТР ПЛАНИРОВАНИЯ И ОРГАНИЗАЦИИ ЛЕКАРСТВЕННОГО ОБЕСПЕЧЕНИЯ ГРАЖДАН"" МИНИСТЕРСТВА ЗДРАВООХРАНЕНИЯ РОССИЙСКОЙ ФЕДЕРАЦИИ";"ФЕДЕРАЛЬНОЕ КАЗЕННОЕ УЧРЕЖДЕНИЕ ""ФЕДЕРАЛЬНЫЙ ЦЕНТР ПЛАНИРОВАНИЯ И ОРГАНИЗАЦИИ ЛЕКАРСТВЕННОГО ОБЕСПЕЧЕНИЯ ГРАЖДАН"" МИНИСТЕРСТВА ЗДРАВООХРАНЕНИЯ РОССИЙСКОЙ ФЕДЕРАЦИИ";05.08.2026;14.08.2026;Закупка завершена;;;13.08.2026;
44-ФЗ;№0337400000726000904;Электронный аукцион;Поставка лекарственных средств;;'261771404207040254300100183940000244;;;9964792.00;RUB;0;;;;;;"МЕДИЦИНСКИЙ РАДИОЛОГИЧЕСКИЙ НАУЧНЫЙ ЦЕНТР ИМЕНИ А.Ф. ЦЫБА - ФИЛИАЛ ФЕДЕРАЛЬНОГО ГОСУДАРСТВЕННОГО БЮДЖЕТНОГО УЧРЕЖДЕНИЯ ""НАЦИОНАЛЬНЫЙ МЕДИЦИНСКИЙ ИССЛЕДОВАТЕЛЬСКИЙ ЦЕНТР РАДИОЛОГИИ"" МИНИСТЕРСТВА ЗДРАВООХРАНЕНИЯ РОССИЙСКОЙ ФЕДЕРАЦИИ";"МЕДИЦИНСКИЙ РАДИОЛОГИЧЕСКИЙ НАУЧНЫЙ ЦЕНТР ИМЕНИ А.Ф. ЦЫБА - ФИЛИАЛ ФЕДЕРАЛЬНОГО ГОСУДАРСТВЕННОГО БЮДЖЕТНОГО УЧРЕЖДЕНИЯ ""НАЦИОНАЛЬНЫЙ МЕДИЦИНСКИЙ ИССЛЕДОВАТЕЛЬСКИЙ ЦЕНТР РАДИОЛОГИИ"" МИНИСТЕРСТВА ЗДРАВООХРАНЕНИЯ РОССИЙСКОЙ ФЕДЕРАЦИИ";05.08.2026;14.08.2026;Закупка завершена;;;13.08.2026;
44-ФЗ;№0848300051626000828;Электронный аукцион;Оказание услуг по аренде спецтехники с экипажем для уборки территории от снега и наледи (включая погрузку и транспортировку) территории г. Раменское Раменского муниципального округа;;'263504015080550400100104050014941244;;;5000000.00;RUB;0;;;;;;"МУНИЦИПАЛЬНОЕ БЮДЖЕТНОЕ УЧРЕЖДЕНИЕ ""СОДЕРЖАНИЕ И БЛАГОУСТРОЙСТВО"" РАМЕНСКОГО МУНИЦИПАЛЬНОГО ОКРУГА";"МУНИЦИПАЛЬНОЕ КАЗЕННОЕ УЧРЕЖДЕНИЕ ""ЦЕНТР ЗАКУПОК"" РАМЕНСКОГО МУНИЦИПАЛЬНОГО ОКРУГА МОСКОВСКОЙ ОБЛАСТИ";05.08.2026;14.08.2026;Закупка завершена;;;13.08.2026;
44-ФЗ;№0841200000726001476;Электронный аукцион;Поставка битума нефтяного дорожного для нужд филиалов ОГБУ «Костромаавтодор» ;;'262440000029944010100102872120000244;;;9847000.00;RUB;0;;;;;;"ОБЛАСТНОЕ ГОСУДАРСТВЕННОЕ БЮДЖЕТНОЕ УЧРЕЖДЕНИЕ ""КОСТРОМСКОЕ ОБЛАСТНОЕ УПРАВЛЕНИЕ АВТОМОБИЛЬНЫХ ДОРОГ ОБЩЕГО ПОЛЬЗОВАНИЯ ""КОСТРОМААВТОДОР""";"ОБЛАСТНОЕ ГОСУДАРСТВЕННОЕ КАЗЕННОЕ УЧРЕЖДЕНИЕ ""АГЕНТСТВО ГОСУДАРСТВЕННЫХ ЗАКУПОК КОСТРОМСКОЙ ОБЛАСТИ""";06.08.2026;14.08.2026;Закупка завершена;;;14.08.2026;
44-ФЗ;№0174500001126004787;Запрос котировок в электронной форме;На поставку сбалансированного полнорационного корма для собак в период карантинного содержания, послеоперационной реабилитации, терапевтического лечения.;;'262920300079692030100100670011092244;;;10000000.00;RUB;0;;;;;;"ГОСУДАРСТВЕННОЕ БЮДЖЕТНОЕ УЧРЕЖДЕНИЕ ""СЕВАСТОПОЛЬСКИЙ ВЕТЕРИНАРНЫЙ ЦЕНТР""";ДЕПАРТАМЕНТ АДМИНИСТРАТИВНО-ХОЗЯЙСТВЕННОГО ОБЕСПЕЧЕНИЯ ИСПОЛНИТЕЛЬНЫХ ОРГАНОВ ГОРОДА СЕВАСТОПОЛЯ;07.08.2026;14.08.2026;Закупка завершена;;;14.08.2026;
44-ФЗ;№0163200000326004168;Электронный аукцион;1564-аэф Поставка шин пневматических для грузовых автомобилей;;'262673102076567300100104770012211244;;;9900000.00;RUB;0;;;;;;"СМОЛЕНСКОЕ ОБЛАСТНОЕ ГОСУДАРСТВЕННОЕ БЮДЖЕТНОЕ УЧРЕЖДЕНИЕ ""УПРАВЛЕНИЕ ОБЛАСТНЫХ АВТОМОБИЛЬНЫХ ДОРОГ""";ГЛАВНОЕ УПРАВЛЕНИЕ СМОЛЕНСКОЙ ОБЛАСТИ ПО РЕГУЛИРОВАНИЮ КОНТРАКТНОЙ СИСТЕМЫ;04.08.2026;14.08.2026;Закупка завершена;;;12.08.2026;
44-ФЗ;№0152300011926001127;Электронный аукцион;Приобретение в муниципальную собственность жилого помещения (квартиры) в домах, введенных в эксплуатацию, для переселения граждан из аварийного жилищного фонда (Реестровый номер 31.1131.26);;'263550320574055030100100510016810412;;;5679923.46;RUB;0;;;;;;ДЕПАРТАМЕНТ ЖИЛИЩНОЙ ПОЛИТИКИ АДМИНИСТРАЦИИ ГОРОДА ОМСКА;ДЕПАРТАМЕНТ КОНТРАКТНОЙ СИСТЕМЫ В СФЕРЕ ЗАКУПОК АДМИНИСТРАЦИИ ГОРОДА ОМСКА;04.08.2026;14.08.2026;Закупка завершена;;;12.08.2026;
44-ФЗ;№0145300019126000033;Электронный аукцион;Выполнение работ по ремонту участка автомобильной дороги общего пользования дороги д. Капорское (дорога от ул. Сиреневая к роднику и дому № 3);;'263472000804047250100100780024211244;;;8971048.59;RUB;0;;;;;;АДМИНИСТРАЦИЯ МУНИЦИПАЛЬНОГО ОБРАЗОВАНИЯ АННИНСКОЕ ГОРОДСКОЕ ПОСЕЛЕНИЕ ЛОМОНОСОВСКОГО МУНИЦИПАЛЬНОГО РАЙОНА ЛЕНИНГРАДСКОЙ ОБЛАСТИ;АДМИНИСТРАЦИЯ МУНИЦИПАЛЬНОГО ОБРАЗОВАНИЯ АННИНСКОЕ ГОРОДСКОЕ ПОСЕЛЕНИЕ ЛОМОНОСОВСКОГО МУНИЦИПАЛЬНОГО РАЙОНА ЛЕНИНГРАДСКОЙ ОБЛАСТИ;05.08.2026;14.08.2026;Закупка завершена;;;13.08.2026;
44-ФЗ;№2400500000326001219;Запрос котировок в электронной форме;Закупка лекарственного препарата для медицинского применения (МНН:АСФОТАЗА АЛЬФА) для обеспечения отдельных категорий граждан, постоянно проживающих на территории Владимирской области, при оказании амбулаторно-поликлинической помощи в целях их социального обеспечения в соответствии с Законом Владимирской области от 02.10.2007 № 120-ОЗ «О социальной поддержке и социальном обслуживании отдельных категорий граждан во Владимирской области» в 2026 году.;;'262332500810333250100115830012120323;;;6172767.74;RUB;0;;;;;;"ГОСУДАРСТВЕННОЕ КАЗЕННОЕ УЧРЕЖДЕНИЕ ЗДРАВООХРАНЕНИЯ ВЛАДИМИРСКОЙ ОБЛАСТИ ""ЦЕНТР ПО ОСУЩЕСТВЛЕНИЮ ЗАКУПОК ТОВАРОВ, РАБОТ И УСЛУГ В СФЕРЕ ЗДРАВООХРАНЕНИЯ ВЛАДИМИРСКОЙ ОБЛАСТИ""";"ГОСУДАРСТВЕННОЕ КАЗЕННОЕ УЧРЕЖДЕНИЕ ЗДРАВООХРАНЕНИЯ ВЛАДИМИРСКОЙ ОБЛАСТИ ""ЦЕНТР ПО ОСУЩЕСТВЛЕНИЮ ЗАКУПОК ТОВАРОВ, РАБОТ И УСЛУГ В СФЕРЕ ЗДРАВООХРАНЕНИЯ ВЛАДИМИРСКОЙ ОБЛАСТИ""";13.08.2026;14.08.2026;Определение поставщика отменено;;;20.08.2026;
44-ФЗ;№0851200000626005217;Электронный аукцион;Поставка система эндоскопической визуализации, 271790;;'262540211888354020100100850022660244;;;5525153.00;RUB;0;;;;;;"ГОСУДАРСТВЕННОЕ БЮДЖЕТНОЕ УЧРЕЖДЕНИЕ ЗДРАВООХРАНЕНИЯ НОВОСИБИРСКОЙ ОБЛАСТИ ""ГИНЕКОЛОГИЧЕСКАЯ БОЛЬНИЦА № 2""";"ГОСУДАРСТВЕННОЕ КАЗЕННОЕ УЧРЕЖДЕНИЕ НОВОСИБИРСКОЙ ОБЛАСТИ ""УПРАВЛЕНИЕ КОНТРАКТНОЙ СИСТЕМЫ""";05.08.2026;14.08.2026;Закупка завершена;;;13.08.2026;
223-ФЗ;№32616293113;Закупка у единственного поставщика (подрядчика, исполнителя) (до 01.07.18);Приобретение топлива моторного и СУГ через сеть АЗС;;;1;Приобретение моторного топлива, СУГ через сеть АЗС;15000000.00;RUB;15000000.00;;;;19.20.21.300: Топливо дизельное;;"АКЦИОНЕРНОЕ ОБЩЕСТВО ""ЛИПЕЦКИЕ АВТОБУСНЫЕ ЛИНИИ""";"АКЦИОНЕРНОЕ ОБЩЕСТВО ""ЛИПЕЦКИЕ АВТОБУСНЫЕ ЛИНИИ""";14.08.2026;14.08.2026;Закупка завершена;;;;
44-ФЗ;№0851200000626005276;Запрос котировок в электронной форме;"Оказание услуг по комплексной уборке помещений ГБУЗ НСО «ГНОКБ""";;'262540310615054030100111340018129244;;;9960000.00;RUB;0;;;;;;"ГОСУДАРСТВЕННОЕ БЮДЖЕТНОЕ УЧРЕЖДЕНИЕ ЗДРАВООХРАНЕНИЯ НОВОСИБИРСКОЙ ОБЛАСТИ ""ГОСУДАРСТВЕННАЯ НОВОСИБИРСКАЯ ОБЛАСТНАЯ  КЛИНИЧЕСКАЯ БОЛЬНИЦА""";"ГОСУДАРСТВЕННОЕ КАЗЕННОЕ УЧРЕЖДЕНИЕ НОВОСИБИРСКОЙ ОБЛАСТИ ""УПРАВЛЕНИЕ КОНТРАКТНОЙ СИСТЕМЫ""";07.08.2026;14.08.2026;Закупка завершена;;;14.08.2026;
223-ФЗ;№32616292257;Иной способ;Оказание услуг по ремонту оборудования холодильной установки и ледовой арены;;;1;Оказание услуг по ремонту оборудования холодильной установки и ледовой арены;5927000.00;RUB;5927000.00;;;;33.12.18.000: Услуги по ремонту и техническому обслуживанию небытового холодильного и вентиляционного оборудования;;"МУНИЦИПАЛЬНОЕ АВТОНОМНОЕ УЧРЕЖДЕНИЕ ДОПОЛНИТЕЛЬНОГО ОБРАЗОВАНИЯ ""СПОРТИВНАЯ ШКОЛА ""АРКТИКА""";"АКЦИОНЕРНОЕ ОБЩЕСТВО ""СБЕРБАНК-АВТОМАТИЗИРОВАННАЯ СИСТЕМА ТОРГОВ""";14.08.2026;14.08.2026;Закупка завершена;;;;
44-ФЗ;№0358300330526000001;Электронный аукцион на проведение работ по строительству, реконструкции, кап. ремонту, сносу объекта кап. строительства в соответствии с п. 8 ч. 1 ст. 33 Закона № 44-ФЗ;Капитальный ремонт кровли здания МБОУ: Октябрьская ООШ по адресу: Ростовская область, Волгодонской район, пос. Виноградный, ул. Ленина 1.;;'263610700542961070100100070014120243;;;5781370.00;RUB;0;;;;;;МУНИЦИПАЛЬНОЕ БЮДЖЕТНОЕ  ОБЩЕОБРАЗОВАТЕЛЬНОЕ УЧРЕЖДЕНИЕ: ОКТЯБРЬСКАЯ ОСНОВНАЯ ОБЩЕОБРАЗОВАТЕЛЬНАЯ ШКОЛА;МУНИЦИПАЛЬНОЕ БЮДЖЕТНОЕ  ОБЩЕОБРАЗОВАТЕЛЬНОЕ УЧРЕЖДЕНИЕ: ОКТЯБРЬСКАЯ ОСНОВНАЯ ОБЩЕОБРАЗОВАТЕЛЬНАЯ ШКОЛА;05.08.2026;14.08.2026;Определение поставщика отменено;;;17.08.2026;
44-ФЗ;№0131200001026004661;Электронный аукцион;"2026-05000. Поставка светильников операционных для обеспечения государственных нужд по строительству объекта: «Строительство стационара со вспомогательными объектами для БУЗ ВО ""Бутурлиновская РБ"", Бутурлиновский муниципальный район""";;'262366409523836640100102340013250414;;;8376666.66;RUB;0;;;;;;МИНИСТЕРСТВО СТРОИТЕЛЬСТВА ВОРОНЕЖСКОЙ ОБЛАСТИ;МИНИСТЕРСТВО ПО РЕГУЛИРОВАНИЮ КОНТРАКТНОЙ СИСТЕМЫ В СФЕРЕ ЗАКУПОК ВОРОНЕЖСКОЙ ОБЛАСТИ;04.08.2026;14.08.2026;Закупка завершена;;;12.08.2026;
44-ФЗ;№0846600000926000110;Электронный аукцион;Выполнение работ по объекту: «Капитальный ремонт ливневой канализации от ул. Комсомольская до ул. Ленинская п. Добринка»;;'263480400299048040100100740014322244;;;5677184.26;RUB;0;;;;;;АДМИНИСТРАЦИЯ ДОБРИНСКОГО МУНИЦИПАЛЬНОГО ОКРУГА ЛИПЕЦКОЙ ОБЛАСТИ РОССИЙСКОЙ ФЕДЕРАЦИИ;"МУНИЦИПАЛЬНОЕ КАЗЕННОЕ УЧРЕЖДЕНИЕ ""ЦЕНТР КОМПЕТЕНЦИИ В СФЕРЕ БУХГАЛТЕРСКОГО УЧЕТА И МУНИЦИПАЛЬНОГО ЗАКАЗА ДОБРИНСКОГО МУНИЦИПАЛЬНОГО ОКРУГА""";04.08.2026;14.08.2026;Закупка завершена;;;12.08.2026;
44-ФЗ;№0131200001026004641;Электронный аукцион;"2026-05025 - Поставка вычислительной техники (персональных настольных компьютеров (моноблоков), ноутбуков, МФУ) для обеспечения государственных нужд по строительству объекта: ""Реконструкция приёмного отделения №1 бюджетного учреждения здравоохранения Воронежской области ""Воронежская областная клиническая больница № 1"", г. Воронеж, Московский пр-т, 151""";;'262366409523836640100102300022620414;;;5944291.57;RUB;0;;;;;;МИНИСТЕРСТВО СТРОИТЕЛЬСТВА ВОРОНЕЖСКОЙ ОБЛАСТИ;МИНИСТЕРСТВО ПО РЕГУЛИРОВАНИЮ КОНТРАКТНОЙ СИСТЕМЫ В СФЕРЕ ЗАКУПОК ВОРОНЕЖСКОЙ ОБЛАСТИ;04.08.2026;14.08.2026;Закупка завершена;;;12.08.2026;
44-ФЗ;№0141100003126000025;Электронный аукцион;Картофель продовольственный (в рамках государственного оборонного заказа на 2026 год);;'261440100939044010100100000520113223;;;6559200.00;RUB;0;;;;;;УПРАВЛЕНИЕ ФЕДЕРАЛЬНОЙ СЛУЖБЫ ИСПОЛНЕНИЯ НАКАЗАНИЙ ПО КОСТРОМСКОЙ ОБЛАСТИ;УПРАВЛЕНИЕ ФЕДЕРАЛЬНОЙ СЛУЖБЫ ИСПОЛНЕНИЯ НАКАЗАНИЙ ПО КОСТРОМСКОЙ ОБЛАСТИ;05.08.2026;14.08.2026;Закупка завершена;;;13.08.2026;
44-ФЗ;№0162300063426000007;Электронный аукцион;Устройство асфальтового покрытия по ул. Советской милиции в г.Михайловск;;'263664601148866460100100190014211244;;;6865840.00;RUB;0;;;;;;АДМИНИСТРАЦИЯ МИХАЙЛОВСКОГО МУНИЦИПАЛЬНОГО ОБРАЗОВАНИЯ;АДМИНИСТРАЦИЯ МИХАЙЛОВСКОГО МУНИЦИПАЛЬНОГО ОБРАЗОВАНИЯ;04.08.2026;14.08.2026;Закупка завершена;;;12.08.2026;
44-ФЗ;№0869200000226006362;Электронный аукцион;на оказание Услуг по развитию подсистемы «Медицинская информационная система» Регионального сегмента ЕГИСЗ ЧО для расширения возможностей информационного взаимодействия с подсистемой «Федеральный реестр электронных медицинских документов» ЕГИСЗ способом модификации или адаптации программ для ЭВМ с передачей на них права использования на условиях простой (неисключительной) лицензии для нужд медицинских организаций Челябинской области в 2026 году (очередь 2);;'262745313582774530100100750060000242;;;15146895.40;RUB;0;;;;;;МИНИСТЕРСТВО ЗДРАВООХРАНЕНИЯ ЧЕЛЯБИНСКОЙ ОБЛАСТИ;"ГОСУДАРСТВЕННОЕ КАЗЕННОЕ УЧРЕЖДЕНИЕ ""ЦЕНТР ОРГАНИЗАЦИИ ЗАКУПОК ЧЕЛЯБИНСКОЙ ОБЛАСТИ""";06.08.2026;14.08.2026;Закупка завершена;;;14.08.2026;
44-ФЗ;№0154200000726000644;Электронный аукцион;Оказание услуг по реализации персонифицированного учета оказанной медицинской помощи, в части реализации методов интеграционного взаимодействия с ГИС ОМС;;'262575302596657530100105900016201612;;;5798335.56;RUB;0;;;;;;"БЮДЖЕТНОЕ УЧРЕЖДЕНИЕ ЗДРАВООХРАНЕНИЯ ОРЛОВСКОЙ ОБЛАСТИ ""СТАНЦИЯ СКОРОЙ МЕДИЦИНСКОЙ ПОМОЩИ""";ДЕПАРТАМЕНТ ЭКОНОМИЧЕСКОГО РАЗВИТИЯ И ИНВЕСТИЦИОННОЙ ДЕЯТЕЛЬНОСТИ ОРЛОВСКОЙ ОБЛАСТИ;04.08.2026;14.08.2026;Закупка завершена;;;12.08.2026;
44-ФЗ;№0358100000426000006;Электронный аукцион на проведение работ по строительству, реконструкции, кап. ремонту, сносу объекта кап. строительства в соответствии с п. 8 ч. 1 ст. 33 Закона № 44-ФЗ;Выполнение работ по капитальному ремонту здания Электромеханического факультета РГУПС (литер п/Б3), расположенного по адресу: город Ростов-на-Дону, площадь Ростовского Стрелкового Полка Народного Ополчения, зд. 2;;'261616500933461650100100130114399243;;;6602382.57;RUB;0;;;;;;"ФЕДЕРАЛЬНОЕ ГОСУДАРСТВЕННОЕ БЮДЖЕТНОЕ ОБРАЗОВАТЕЛЬНОЕ УЧРЕЖДЕНИЕ ВЫСШЕГО ОБРАЗОВАНИЯ ""РОСТОВСКИЙ ГОСУДАРСТВЕННЫЙ УНИВЕРСИТЕТ ПУТЕЙ СООБЩЕНИЯ""";"ФЕДЕРАЛЬНОЕ ГОСУДАРСТВЕННОЕ БЮДЖЕТНОЕ ОБРАЗОВАТЕЛЬНОЕ УЧРЕЖДЕНИЕ ВЫСШЕГО ОБРАЗОВАНИЯ ""РОСТОВСКИЙ ГОСУДАРСТВЕННЫЙ УНИВЕРСИТЕТ ПУТЕЙ СООБЩЕНИЯ""";04.08.2026;14.08.2026;Закупка завершена;;;13.08.2026;
44-ФЗ;№0184200000626000712;Электронный аукцион;Оказание услуг по внедрению централизованной информационной системы кардиологической помощи Ненецкого автономного округа, включая предоставление неисключительных прав на использование специализированного программного обеспечения;;'262298399806529830100101410016201244;;;10815000.00;RUB;0;;;;;;"КАЗЁННОЕ УЧРЕЖДЕНИЕ НЕНЕЦКОГО АВТОНОМНОГО ОКРУГА ""НЕНЕЦКИЙ ИНФОРМАЦИОННО-АНАЛИТИЧЕСКИЙ ЦЕНТР""";УПРАВЛЕНИЕ ГОСУДАРСТВЕННОГО ЗАКАЗА НЕНЕЦКОГО АВТОНОМНОГО ОКРУГА;05.08.2026;14.08.2026;Закупка завершена;;;14.08.2026;
44-ФЗ;№0302300048726000884;Запрос котировок в электронной форме;Приобретение благоустроенного жилого помещения, пригодного для проживания, на территории г. Улан-Удэ, за исключением жилых домов, расположенных в мкр.Звездный, мкр.Сосновый Бор, общей площадью не менее 44 кв.м., количество комнат (изолированных) – не менее 2, отдельной кухней, раздельным санузлом;;'263032302717603230100100980016810412;;;5696666.67;RUB;0;;;;;;"МУНИЦИПАЛЬНОЕ УЧРЕЖДЕНИЕ ""КОМИТЕТ ПО УПРАВЛЕНИЮ ИМУЩЕСТВОМ И ЗЕМЛЕПОЛЬЗОВАНИЮ АДМИНИСТРАЦИИ Г. УЛАН-УДЭ""";"МУНИЦИПАЛЬНОЕ УЧРЕЖДЕНИЕ ""УПРАВЛЕНИЕ ПО МУНИЦИПАЛЬНЫМ ЗАКУПКАМ АДМИНИСТРАЦИИ Г.УЛАН-УДЭ""";06.08.2026;14.08.2026;Закупка завершена;;;13.08.2026;
44-ФЗ;№0373200027426001487;Электронный аукцион;Электронный аукцион на право заключения контракта на поставку наборов реагентов на основе агар-агара (с комплектом лабораторных принадлежностей)  для подготовки микроскопных препаратов для жидкостной цитологии (класс А) с целью идентификации измененных клеток, предраковых изменений и рака,  для нужд онкоцентра ГБУЗ «ГКБ им. С.С. Юдина ДЗМ» (00138 лот 5) ;;'262772407087077240100115460010000244;;;29985000.00;RUB;0;;;;;;"ГОСУДАРСТВЕННОЕ БЮДЖЕТНОЕ УЧРЕЖДЕНИЕ ЗДРАВООХРАНЕНИЯ ГОРОДА МОСКВЫ ""ГОРОДСКАЯ КЛИНИЧЕСКАЯ БОЛЬНИЦА ИМЕНИ С.С. ЮДИНА ДЕПАРТАМЕНТА ЗДРАВООХРАНЕНИЯ ГОРОДА МОСКВЫ""";"ГОСУДАРСТВЕННОЕ БЮДЖЕТНОЕ УЧРЕЖДЕНИЕ ЗДРАВООХРАНЕНИЯ ГОРОДА МОСКВЫ ""ГОРОДСКАЯ КЛИНИЧЕСКАЯ БОЛЬНИЦА ИМЕНИ С.С. ЮДИНА ДЕПАРТАМЕНТА ЗДРАВООХРАНЕНИЯ ГОРОДА МОСКВЫ""";04.08.2026;14.08.2026;Закупка завершена;;;12.08.2026;
44-ФЗ;№0373100095226000667;Электронный аукцион;Поставка медицинских изделий (список 33);;'261770613767377060100100091833250244;;;9684800.00;RUB;0;;;;;;"ФЕДЕРАЛЬНОЕ ГОСУДАРСТВЕННОЕ БЮДЖЕТНОЕ УЧРЕЖДЕНИЕ ""НАЦИОНАЛЬНЫЙ МЕДИЦИНСКИЙ ИССЛЕДОВАТЕЛЬСКИЙ ЦЕНТР СЕРДЕЧНО-СОСУДИСТОЙ ХИРУРГИИ ИМЕНИ А.Н. БАКУЛЕВА"" МИНИСТЕРСТВА ЗДРАВООХРАНЕНИЯ РОССИЙСКОЙ ФЕДЕРАЦИИ";"ФЕДЕРАЛЬНОЕ ГОСУДАРСТВЕННОЕ БЮДЖЕТНОЕ УЧРЕЖДЕНИЕ ""НАЦИОНАЛЬНЫЙ МЕДИЦИНСКИЙ ИССЛЕДОВАТЕЛЬСКИЙ ЦЕНТР СЕРДЕЧНО-СОСУДИСТОЙ ХИРУРГИИ ИМЕНИ А.Н. БАКУЛЕВА"" МИНИСТЕРСТВА ЗДРАВООХРАНЕНИЯ РОССИЙСКОЙ ФЕДЕРАЦИИ";06.08.2026;14.08.2026;Закупка завершена;;;14.08.2026;
44-ФЗ;№0179600001226000070;Открытый конкурс в электронной форме;Капитальный ремонт детских и спортивных площадок с заменой оборудования на аллее по ул. Доватора г. Черкесска;;'263091703518809170100100790014399243;;;13450990.00;RUB;0;;;;;;УПРАВЛЕНИЕ ЖИЛИЩНО-КОММУНАЛЬНОГО ХОЗЯЙСТВА МЭРИИ МУНИЦИПАЛЬНОГО ОБРАЗОВАНИЯ Г. ЧЕРКЕССКА;УПРАВЛЕНИЕ ЖИЛИЩНО-КОММУНАЛЬНОГО ХОЗЯЙСТВА МЭРИИ МУНИЦИПАЛЬНОГО ОБРАЗОВАНИЯ Г. ЧЕРКЕССКА;30.07.2026;14.08.2026;Определение поставщика отменено;;;17.08.2026;
