Закупки по;Реестровый номер закупки;Способ определения поставщика (подрядчика, исполнителя), подрядной организации (размещения закупки);Наименование закупки;Предмет электронного аукциона (только для ПП РФ 615);Идентификационный код закупки;Номер лота;Наименование лота;Начальная (максимальная) цена контракта;Валюта;Начальная (максимальная) цена в валюте контракта;Валюта контракта;Классификация по ОКДП;Классификация по ОКПД;Классификация по ОКПД2;Код позиции;Наименование Заказчика;Организация, осуществляющая размещение ;Дата размещения;Дата обновления;Этап закупки;Особенности размещения заказа\ Преимущества (44-ФЗ);Дата начала подачи заявок;Дата окончания подачи заявок;Дата проведения электронного аукциона
44-ФЗ;№0846500000626000054;Электронный аукцион;Лекарственный препарат для медицинского применения ипратропия бромид + фенотерол для социального обеспечения граждан;;'262482500508548250100100830012120323;;;6973200.00;RUB;0;;;;;;МИНИСТЕРСТВО ЗДРАВООХРАНЕНИЯ ЛИПЕЦКОЙ ОБЛАСТИ;"ОБЛАСТНОЕ КАЗЕННОЕ УЧРЕЖДЕНИЕ ""УПРАВЛЕНИЕ ПО РАЗМЕЩЕНИЮ ГОСЗАКАЗА ЛИПЕЦКОЙ ОБЛАСТИ""";16.02.2026;27.02.2026;Закупка завершена;;;25.02.2026;
44-ФЗ;№0843500000226000001;Открытый конкурс в электронной форме на проведение работ по строительству, реконструкции, кап. ремонту, сносу объекта кап. строительства в соответствии с п. 8 ч. 1 ст. 33 Закона № 44-ФЗ;Капитальный ремонт здания, расположенного по адресу: Курганская область, г. Курган, ул. Алексеева, 14;;'262450102375045010100100010014120243;;;140526066.25;RUB;0;;;;;;"ГОСУДАРСТВЕННОЕ БЮДЖЕТНОЕ ПРОФЕССИОНАЛЬНОЕ ОБРАЗОВАТЕЛЬНОЕ УЧРЕЖДЕНИЕ ""КУРГАНСКИЙ БАЗОВЫЙ МЕДИЦИНСКИЙ КОЛЛЕДЖ""";"ГОСУДАРСТВЕННОЕ КАЗЕННОЕ УЧРЕЖДЕНИЕ ""ЦЕНТР ЗАКУПОК И БУХГАЛТЕРСКОГО УЧЕТА КУРГАНСКОЙ ОБЛАСТИ""";16.01.2026;27.02.2026;Закупка завершена;;;02.02.2026;
44-ФЗ;№0321100026426000003;Электронный аукцион;Поставка продуктов питания (колбаса);;'261262805527726280100100130010000244;;;6168384.75;RUB;0;;;;;;"ФЕДЕРАЛЬНОЕ ГОСУДАРСТВЕННОЕ БЮДЖЕТНОЕ УЧРЕЖДЕНИЕ ЦЕНТР МЕДИЦИНСКОЙ РЕАБИЛИТАЦИИ ""ЛУЧ"" МИНИСТЕРСТВА ЗДРАВООХРАНЕНИЯ РОССИЙСКОЙ ФЕДЕРАЦИИ";"ФЕДЕРАЛЬНОЕ ГОСУДАРСТВЕННОЕ БЮДЖЕТНОЕ УЧРЕЖДЕНИЕ ЦЕНТР МЕДИЦИНСКОЙ РЕАБИЛИТАЦИИ ""ЛУЧ"" МИНИСТЕРСТВА ЗДРАВООХРАНЕНИЯ РОССИЙСКОЙ ФЕДЕРАЦИИ";16.02.2026;27.02.2026;Закупка завершена;;;26.02.2026;
44-ФЗ;№0846500000626000059;Электронный аукцион;Лекарственный препарат для медицинского применения нинтеданиб для социального обеспечения граждан.;;'262482500508548250100100840012120323;;;17241444.00;RUB;0;;;;;;МИНИСТЕРСТВО ЗДРАВООХРАНЕНИЯ ЛИПЕЦКОЙ ОБЛАСТИ;"ОБЛАСТНОЕ КАЗЕННОЕ УЧРЕЖДЕНИЕ ""УПРАВЛЕНИЕ ПО РАЗМЕЩЕНИЮ ГОСЗАКАЗА ЛИПЕЦКОЙ ОБЛАСТИ""";17.02.2026;27.02.2026;Закупка завершена;;;25.02.2026;
44-ФЗ;№0848300046026000014;Открытый конкурс в электронной форме;Создание и ремонт пешеходных коммуникаций на дворовых территориях и общественных пространствах;;'263501102549350110100100090014211244;;;34579557.46;RUB;0;;;;;;"МУНИЦИПАЛЬНОЕ КАЗЕННОЕ УЧРЕЖДЕНИЕ ""ЕГОРЬЕВСКАЯ СЛУЖБА ЕДИНОГО ЗАКАЗЧИКА""";"МУНИЦИПАЛЬНОЕ КАЗЕННОЕ УЧРЕЖДЕНИЕ ""ЕГОРЬЕВСКИЙ ЦЕНТР ЗАКУПОК""";29.01.2026;27.02.2026;Закупка завершена;;;27.02.2026;
44-ФЗ;№0848300060626000029;Открытый конкурс в электронной форме;"Выполнение работ по текущему ремонту автомобильных дорог общего пользования местного значения на территории Талдомского городского округа в 2026 году (а/д д.Федотово; а/д д. Бурцево)";;'263507802360550780100100210014211244;;;12197806.12;RUB;0;;;;;;"МУНИЦИПАЛЬНОЕ БЮДЖЕТНОЕ УЧРЕЖДЕНИЕ УПРАВЛЯЮЩАЯ КОМПАНИЯ ""УПРАВЛЕНИЕ МНОГОКВАРТИРНЫМИ ДОМАМИ"" ТАЛДОМСКОГО ГОРОДСКОГО ОКРУГА МОСКОВСКОЙ ОБЛАСТИ";"МУНИЦИПАЛЬНОЕ КАЗЁННОЕ УЧРЕЖДЕНИЕ ""ЦЕНТР УПРАВЛЕНИЯ ЗАКУПКАМИ"" ТАЛДОМСКОГО ГОРОДСКОГО ОКРУГА";06.02.2026;27.02.2026;Закупка завершена;;;27.02.2026;
44-ФЗ;№0134300097526000066;Электронный аукцион;выполнение работ, связанных с осуществлением регулярных перевозок пассажиров и багажа автомобильным транспортом (автобусами) по регулируемым тарифам по муниципальным маршрутам в городе Иркутске (№№ 6,9,10,29,34,62,14,18);;'263380821942338080100101010064931244;;;19556445.33;RUB;0;;;;;;КОМИТЕТ ГОРОДСКОГО ОБУСТРОЙСТВА АДМИНИСТРАЦИИ ГОРОДА ИРКУТСКА;КОМИТЕТ ПО ЭКОНОМИКЕ И СТРАТЕГИЧЕСКОМУ ПЛАНИРОВАНИЮ АДМИНИСТРАЦИИ ГОРОДА ИРКУТСКА;19.02.2026;27.02.2026;Закупка завершена;;;27.02.2026;
44-ФЗ;№0373100019726000004;Запрос котировок в электронной форме;Выполнение исследований (испытаний), измерений и экспертизы выпускаемых в обращение либо находящихся в обращении нефтепродуктов при осуществлении государственного контроля (надзора);;'261772752147177030100100220017120244;;;9939129.75;RUB;0;;;;;;ЦЕНТРАЛЬНОЕ МЕЖРЕГИОНАЛЬНОЕ ТЕРРИТОРИАЛЬНОЕ УПРАВЛЕНИЕ ФЕДЕРАЛЬНОГО АГЕНТСТВА ПО ТЕХНИЧЕСКОМУ РЕГУЛИРОВАНИЮ И МЕТРОЛОГИИ;ЦЕНТРАЛЬНОЕ МЕЖРЕГИОНАЛЬНОЕ ТЕРРИТОРИАЛЬНОЕ УПРАВЛЕНИЕ ФЕДЕРАЛЬНОГО АГЕНТСТВА ПО ТЕХНИЧЕСКОМУ РЕГУЛИРОВАНИЮ И МЕТРОЛОГИИ;19.02.2026;27.02.2026;Закупка завершена;;;27.02.2026;
44-ФЗ;№0851200000626000651;Электронный аукцион;2026-№139 Поставка лекарственных препаратов для медицинского применения: Осимертиниб;;'262540215512354020100102090012120244;;;21954130.80;RUB;0;;;;;;"ГОСУДАРСТВЕННОЕ КАЗЕННОЕ УЧРЕЖДЕНИЕ НОВОСИБИРСКОЙ ОБЛАСТИ ""НОВОСИБОБЛФАРМ""";"ГОСУДАРСТВЕННОЕ КАЗЕННОЕ УЧРЕЖДЕНИЕ НОВОСИБИРСКОЙ ОБЛАСТИ ""УПРАВЛЕНИЕ КОНТРАКТНОЙ СИСТЕМЫ""";16.02.2026;27.02.2026;Закупка завершена;;;25.02.2026;
44-ФЗ;№0134300097526000061;Электронный аукцион;выполнение работ, связанных с осуществлением регулярных перевозок пассажиров и багажа автомобильным транспортом (автобусами) по регулируемым тарифам по муниципальным маршрутам в городе Иркутске (№№ 6,9,10,29,34,51,55,62,14,18);;'263380821942338080100101010014931244;;;14559441.57;RUB;0;;;;;;КОМИТЕТ ГОРОДСКОГО ОБУСТРОЙСТВА АДМИНИСТРАЦИИ ГОРОДА ИРКУТСКА;КОМИТЕТ ПО ЭКОНОМИКЕ И СТРАТЕГИЧЕСКОМУ ПЛАНИРОВАНИЮ АДМИНИСТРАЦИИ ГОРОДА ИРКУТСКА;19.02.2026;27.02.2026;Закупка завершена;;;27.02.2026;
44-ФЗ;№0360600004426000022;Запрос котировок в электронной форме;Поставка нефтепродуктов по топливным картам;;'263645101963064510100100040010000244;;;10000000.00;RUB;0;;;;;;"МУНИЦИПАЛЬНОЕ БЮДЖЕТНОЕ УЧРЕЖДЕНИЕ ""СЛУЖБА БЛАГОУСТРОЙСТВА ОКТЯБРЬСКОГО РАЙОНА""";"МУНИЦИПАЛЬНОЕ БЮДЖЕТНОЕ УЧРЕЖДЕНИЕ ""СЛУЖБА БЛАГОУСТРОЙСТВА ОКТЯБРЬСКОГО РАЙОНА""";17.02.2026;27.02.2026;Закупка завершена;;;25.02.2026;
44-ФЗ;№0134300097526000069;Электронный аукцион;выполнение работ, связанных с осуществлением регулярных перевозок пассажиров и багажа автомобильным транспортом (автобусами) по регулируемым тарифам по муниципальным маршрутам в городе Иркутске (№№ 8,36,39,48,13,15,40);;'263380821942338080100101010084931244;;;19540932.66;RUB;0;;;;;;КОМИТЕТ ГОРОДСКОГО ОБУСТРОЙСТВА АДМИНИСТРАЦИИ ГОРОДА ИРКУТСКА;КОМИТЕТ ПО ЭКОНОМИКЕ И СТРАТЕГИЧЕСКОМУ ПЛАНИРОВАНИЮ АДМИНИСТРАЦИИ ГОРОДА ИРКУТСКА;19.02.2026;27.02.2026;Закупка завершена;;;27.02.2026;
44-ФЗ;№0360200054026000008;Открытый конкурс в электронной форме;Ремонт автоподъезда к п. Новосельский от автомобильной дороги «Ершов – Чапаевка» на участке км 0+000 – км 8+193 в Ершовском районе Саратовской области»;;'262645211818264520100100130014211244;;;270880078.22;RUB;0;;;;;;"ГОСУДАРСТВЕННОЕ КАЗЕННОЕ УЧРЕЖДЕНИЕ САРАТОВСКОЙ ОБЛАСТИ ""ДИРЕКЦИЯ ДОРОЖНОГО ХОЗЯЙСТВА""";"ГОСУДАРСТВЕННОЕ КАЗЕННОЕ УЧРЕЖДЕНИЕ САРАТОВСКОЙ ОБЛАСТИ ""ДИРЕКЦИЯ ДОРОЖНОГО ХОЗЯЙСТВА""";28.01.2026;27.02.2026;Закупка завершена;;;27.02.2026;
44-ФЗ;№0152200004726000049;Электронный аукцион на проведение работ по строительству, реконструкции, кап. ремонту, сносу объекта кап. строительства в соответствии с п. 8 ч. 1 ст. 33 Закона № 44-ФЗ;Выполнение работ по капитальному ремонту здания общежития БПОУ ОО ОПЭК, расположенного по адресу: 644065, г. Омск, улица 22 Апреля, 38 (ремонт кровли) (Реестровый номер 26.33.0051);;'262550102401955010100100070010000243;;;14292673.96;RUB;0;;;;;;"БЮДЖЕТНОЕ ПРОФЕССИОНАЛЬНОЕ ОБРАЗОВАТЕЛЬНОЕ УЧРЕЖДЕНИЕ ОМСКОЙ ОБЛАСТИ ""ОМСКИЙ ПРОМЫШЛЕННО-ЭКОНОМИЧЕСКИЙ КОЛЛЕДЖ""";ГЛАВНОЕ УПРАВЛЕНИЕ КОНТРАКТНОЙ СИСТЕМЫ ОМСКОЙ ОБЛАСТИ;16.02.2026;27.02.2026;Закупка завершена;;;26.02.2026;
44-ФЗ;№0137200001226000978;Электронный аукцион;Выполнение работ по нанесению горизонтальной дорожной разметки на автомобильных дорогах общего пользования регионального и межмуниципального значения Калужской области на 2026 г;;'262402707413440270100100190014211244;;;118356991.40;RUB;0;;;;;;"ГОСУДАРСТВЕННОЕ КАЗЕННОЕ УЧРЕЖДЕНИЕ КАЛУЖСКОЙ ОБЛАСТИ ""КАЛУГАДОРЗАКАЗЧИК""";МИНИСТЕРСТВО КОНКУРЕНТНОЙ ПОЛИТИКИ КАЛУЖСКОЙ ОБЛАСТИ;17.02.2026;27.02.2026;Закупка завершена;;;26.02.2026;
44-ФЗ;№0360200054026000003;Открытый конкурс в электронной форме;"Ремонт автомобильной дороги «Калининск - Александровка 3-я» на участке км 0+000 - км 4+000 в Калининском районе Саратовской области»; ремонт автомобильной дороги «Калининск - Таловка – Орловка» на участке км 0+000 - км 4+000 в Калининском районе Саратовской области";;'262645211818264520100100110014211244;;;244172642.20;RUB;0;;;;;;"ГОСУДАРСТВЕННОЕ КАЗЕННОЕ УЧРЕЖДЕНИЕ САРАТОВСКОЙ ОБЛАСТИ ""ДИРЕКЦИЯ ДОРОЖНОГО ХОЗЯЙСТВА""";"ГОСУДАРСТВЕННОЕ КАЗЕННОЕ УЧРЕЖДЕНИЕ САРАТОВСКОЙ ОБЛАСТИ ""ДИРЕКЦИЯ ДОРОЖНОГО ХОЗЯЙСТВА""";26.01.2026;27.02.2026;Закупка завершена;;;25.02.2026;
44-ФЗ;№0846500000626000051;Электронный аукцион;Лекарственный препарат для медицинского применения инсулин гларгин+ликсисенатид для социального обеспечения граждан;;'262482500508548250100100790012120323;;;28888875.00;RUB;0;;;;;;МИНИСТЕРСТВО ЗДРАВООХРАНЕНИЯ ЛИПЕЦКОЙ ОБЛАСТИ;"ОБЛАСТНОЕ КАЗЕННОЕ УЧРЕЖДЕНИЕ ""УПРАВЛЕНИЕ ПО РАЗМЕЩЕНИЮ ГОСЗАКАЗА ЛИПЕЦКОЙ ОБЛАСТИ""";16.02.2026;27.02.2026;Закупка завершена;;;25.02.2026;
44-ФЗ;№0190200000326001369;Запрос котировок в электронной форме;Оказание услуг по обслуживанию копировально-множительной техники, заправке и восстановлению тонер-картриджей;;'262890100486289010100101580019511244;;;5548000.00;RUB;0;;;;;;"ГОСУДАРСТВЕННОЕ БЮДЖЕТНОЕ УЧРЕЖДЕНИЕ ЗДРАВООХРАНЕНИЯ ""САЛЕХАРДСКАЯ ОКРУЖНАЯ КЛИНИЧЕСКАЯ БОЛЬНИЦА""";ДЕПАРТАМЕНТ ГОСУДАРСТВЕННОГО ЗАКАЗА ЯМАЛО-НЕНЕЦКОГО АВТОНОМНОГО ОКРУГА;18.02.2026;27.02.2026;Закупка завершена;;;26.02.2026;
44-ФЗ;№0172200001926000156;Запрос котировок в электронной форме;Поставка № 100 лекарственного препарата АГАЛСИДАЗА БЕТА (ТН:ФАБРАЗИМ) для обеспечения пациента ЗЛ на основании решения врачебной комиссии в 2026 году;;'262780804383378410100100060650000323;;;15869954.10;RUB;0;;;;;;КОМИТЕТ ПО ЗДРАВООХРАНЕНИЮ;КОМИТЕТ ПО ЗДРАВООХРАНЕНИЮ;16.02.2026;27.02.2026;Закупка завершена;;;25.02.2026;
44-ФЗ;№0173200022826000004;Электронный аукцион;Оказание услуг по организации доступа работников Заказчика к сведениям Единой системы электронного документооборота органов исполнительной власти города Москвы и подведомственных им учреждений (МосЭДО) с использованием функциональных возможностей информационно-аналитической системы Контрольно-счетной палаты Москвы ИАС КСП-М (закупка среди субъектов малого предпринимательства, социально ориентированных некоммерческих организаций);;'262770706835977040100100070010000244;;;14715423.33;RUB;0;;;;;;КОНТРОЛЬНО-СЧЕТНАЯ ПАЛАТА МОСКВЫ;КОНТРОЛЬНО-СЧЕТНАЯ ПАЛАТА МОСКВЫ;17.02.2026;27.02.2026;Закупка завершена;;;25.02.2026;
44-ФЗ;№0848300060626000020;Открытый конкурс в электронной форме;"Выполнение работ по текущему ремонту автомобильных дорог общего пользования местного значения на территории Талдомского городского округа в 2026 году (а/д д.Гуслево; а/д д.Гуслево, уч 3-4, 5-6; а/д д.Гуслево, уч. 6А; а/д д. Гуслево, уч. 7)";;'263507802360550780100100220014211244;;;34807551.09;RUB;0;;;;;;"МУНИЦИПАЛЬНОЕ БЮДЖЕТНОЕ УЧРЕЖДЕНИЕ УПРАВЛЯЮЩАЯ КОМПАНИЯ ""УПРАВЛЕНИЕ МНОГОКВАРТИРНЫМИ ДОМАМИ"" ТАЛДОМСКОГО ГОРОДСКОГО ОКРУГА МОСКОВСКОЙ ОБЛАСТИ";"МУНИЦИПАЛЬНОЕ КАЗЁННОЕ УЧРЕЖДЕНИЕ ""ЦЕНТР УПРАВЛЕНИЯ ЗАКУПКАМИ"" ТАЛДОМСКОГО ГОРОДСКОГО ОКРУГА";05.02.2026;27.02.2026;Закупка завершена;;;27.02.2026;
44-ФЗ;№0369100032526000049;Электронный аукцион;Поставка медицинских изделий для выполнения операций при лечении нарушений ритма сердца и проводимости для нужд ФГБУ «ФЦССХ» Минздрава России (г. Челябинск);;'261745321598474530100100010460000244;;;7582159.00;RUB;0;;;;;;"ФЕДЕРАЛЬНОЕ ГОСУДАРСТВЕННОЕ БЮДЖЕТНОЕ УЧРЕЖДЕНИЕ ""ФЕДЕРАЛЬНЫЙ ЦЕНТР СЕРДЕЧНО-СОСУДИСТОЙ ХИРУРГИИ"" МИНИСТЕРСТВА ЗДРАВООХРАНЕНИЯ РОССИЙСКОЙ ФЕДЕРАЦИИ (Г. ЧЕЛЯБИНСК)";"ФЕДЕРАЛЬНОЕ ГОСУДАРСТВЕННОЕ БЮДЖЕТНОЕ УЧРЕЖДЕНИЕ ""ФЕДЕРАЛЬНЫЙ ЦЕНТР СЕРДЕЧНО-СОСУДИСТОЙ ХИРУРГИИ"" МИНИСТЕРСТВА ЗДРАВООХРАНЕНИЯ РОССИЙСКОЙ ФЕДЕРАЦИИ (Г. ЧЕЛЯБИНСК)";17.02.2026;27.02.2026;Закупка завершена;;;25.02.2026;
44-ФЗ;№0335300000226000064;Электронный аукцион на проведение работ по строительству, реконструкции, кап. ремонту, сносу объекта кап. строительства в соответствии с п. 8 ч. 1 ст. 33 Закона № 44-ФЗ;"выполнение работ по объекту: «Капитальный ремонт участка тепловой сети: - от ТК 3-20 до 3-21 по ул. Шевченко;  - от ТК 3-21а до 3-22 по ул. Шевченко;  - от ТК 3-22 до 3-23 по ул. Зарайская в г. Калининграде»";;'263390300337539060100100090014221000;;;67612111.64;RUB;0;;;;;;"МУНИЦИПАЛЬНОЕ ПРЕДПРИЯТИЕ  ""КАЛИНИНГРАДТЕПЛОСЕТЬ"" ГОРОДСКОГО ОКРУГА ""ГОРОД КАЛИНИНГРАД""";"КОМИТЕТ ПО ФИНАНСАМ АДМИНИСТРАЦИИ ГОРОДСКОГО ОКРУГА ""ГОРОД КАЛИНИНГРАД""";13.02.2026;27.02.2026;Закупка завершена;;;27.02.2026;
44-ФЗ;№0149200002326000426;Открытый конкурс в электронной форме на проведение работ по строительству, реконструкции, кап. ремонту, сносу объекта кап. строительства в соответствии с п. 8 ч. 1 ст. 33 Закона № 44-ФЗ;Выполнение работ по объекту: «Капитальный ремонт кровли здания ГОБУК «Мурманская государственная областная универсальная научная библиотека» по адресу: Мурманская обл., город Мурманск, улица Софьи Перовской, дом 21-А».;;'262519011296851900100100070014120243;;;34603998.18;RUB;0;;;;;;"ГОСУДАРСТВЕННОЕ ОБЛАСТНОЕ КАЗЕННОЕ УЧРЕЖДЕНИЕ  ""УПРАВЛЕНИЕ КАПИТАЛЬНОГО СТРОИТЕЛЬСТВА МУРМАНСКОЙ ОБЛАСТИ""";КОМИТЕТ ПО КОНКУРЕНТНОЙ ПОЛИТИКЕ МУРМАНСКОЙ ОБЛАСТИ;09.02.2026;27.02.2026;Закупка завершена;;;26.02.2026;
44-ФЗ;№0169300000326000161;Электронный аукцион;Оказание услуг по перевозке автобусами детей и сопровождающих лиц;;'263744602460474560100125460014939244;;;5855040.00;RUB;0;;;;;;"МУНИЦИПАЛЬНОЕ ОБЩЕОБРАЗОВАТЕЛЬНОЕ УЧРЕЖДЕНИЕ ""СРЕДНЯЯ ОБЩЕОБРАЗОВАТЕЛЬНАЯ ШКОЛА № 61"" ГОРОДА МАГНИТОГОРСКА";АДМИНИСТРАЦИЯ ГОРОДА МАГНИТОГОРСКА;17.02.2026;27.02.2026;Закупка завершена;;;26.02.2026;
44-ФЗ;№0306200005126000003;Открытый конкурс в электронной форме;"Выполнение инженерных изысканий и подготовка проектной документации по объекту ""Капитальный ремонт путепровода на км 3+550 автомобильной дороги Подъезд к п.Импилахти""";;'262100104897710010100100470077112243;;;9213578.00;RUB;0;;;;;;"КАЗЕННОЕ УЧРЕЖДЕНИЕ РЕСПУБЛИКИ КАРЕЛИЯ ""УПРАВЛЕНИЕ АВТОМОБИЛЬНЫХ ДОРОГ РЕСПУБЛИКИ КАРЕЛИЯ""";"КАЗЕННОЕ УЧРЕЖДЕНИЕ РЕСПУБЛИКИ КАРЕЛИЯ ""УПРАВЛЕНИЕ АВТОМОБИЛЬНЫХ ДОРОГ РЕСПУБЛИКИ КАРЕЛИЯ""";06.02.2026;27.02.2026;Закупка завершена;;;24.02.2026;
44-ФЗ;№0172200001926000157;Запрос котировок в электронной форме;Поставка № 101 лекарственного препарата АГАЛСИДАЗА БЕТА (ТН:ФАБРАЗИМ) для обеспечения пациента ЗР на основании решения врачебной комиссии в 2026 году;;'262780804383378410100100060640000323;;;15869954.10;RUB;0;;;;;;КОМИТЕТ ПО ЗДРАВООХРАНЕНИЮ;КОМИТЕТ ПО ЗДРАВООХРАНЕНИЮ;16.02.2026;27.02.2026;Закупка завершена;;;25.02.2026;
44-ФЗ;№0380200000126000694;Электронный аукцион;Выполнение работ по ремонту автомобильной дороги Копьево-Сарала на участке км 11+000 - км 13+650 в Орджоникидзевском районе Республики Хакасия;;'262190108224019010100100170014211244;;;69967043.48;RUB;0;;;;;;"ГОСУДАРСТВЕННОЕ КАЗЕННОЕ УЧРЕЖДЕНИЕ РЕСПУБЛИКИ ХАКАСИЯ ""УПРАВЛЕНИЕ АВТОМОБИЛЬНЫХ ДОРОГ РЕСПУБЛИКИ ХАКАСИЯ""";ГОСУДАРСТВЕННЫЙ КОМИТЕТ ПО РЕГУЛИРОВАНИЮ КОНТРАКТНОЙ СИСТЕМЫ В СФЕРЕ ЗАКУПОК РЕСПУБЛИКИ ХАКАСИЯ;17.02.2026;27.02.2026;Закупка завершена;;;25.02.2026;
44-ФЗ;№0373100086926000088;Электронный аукцион;Поставка расходных медицинских материалов для КДЛ;;'261773458113677340100100090550000244;;;102717499.31;RUB;0;;;;;;"ФЕДЕРАЛЬНОЕ ГОСУДАРСТВЕННОЕ БЮДЖЕТНОЕ УЧРЕЖДЕНИЕ ""ГОСУДАРСТВЕННЫЙ НАУЧНЫЙ ЦЕНТР РОССИЙСКОЙ ФЕДЕРАЦИИ - ФЕДЕРАЛЬНЫЙ МЕДИЦИНСКИЙ БИОФИЗИЧЕСКИЙ ЦЕНТР ИМЕНИ А.И. БУРНАЗЯНА""";"ФЕДЕРАЛЬНОЕ ГОСУДАРСТВЕННОЕ БЮДЖЕТНОЕ УЧРЕЖДЕНИЕ ""ГОСУДАРСТВЕННЫЙ НАУЧНЫЙ ЦЕНТР РОССИЙСКОЙ ФЕДЕРАЦИИ - ФЕДЕРАЛЬНЫЙ МЕДИЦИНСКИЙ БИОФИЗИЧЕСКИЙ ЦЕНТР ИМЕНИ А.И. БУРНАЗЯНА""";18.02.2026;27.02.2026;Закупка завершена;;;27.02.2026;
44-ФЗ;№0172200001926000161;Запрос котировок в электронной форме;Поставка № 253 лекарственного препарата   КАННАБИДИОЛ (ТН:ЭПИДИОЛЕКС) для обеспечения пациента У на основании решения врачебной комиссии в  2026 году;;'262780804383378410100100060800000323;;;6222000.00;RUB;0;;;;;;КОМИТЕТ ПО ЗДРАВООХРАНЕНИЮ;КОМИТЕТ ПО ЗДРАВООХРАНЕНИЮ;16.02.2026;27.02.2026;Закупка завершена;;;25.02.2026;
44-ФЗ;№0187200001726000169;Запрос котировок в электронной форме;Поставка жилого помещения (квартиры);;'262860100391786010100100170036810412;;;5879100.00;RUB;0;;;;;;ДЕПАРТАМЕНТ ПО УПРАВЛЕНИЮ ГОСУДАРСТВЕННЫМ ИМУЩЕСТВОМ ХАНТЫ-МАНСИЙСКОГО АВТОНОМНОГО ОКРУГА - ЮГРЫ;ДЕПАРТАМЕНТ ГОСУДАРСТВЕННОГО ЗАКАЗА ХАНТЫ-МАНСИЙСКОГО АВТОНОМНОГО ОКРУГА - ЮГРЫ;18.02.2026;27.02.2026;Закупка завершена;;;26.02.2026;
44-ФЗ;№0348200027026000086;Запрос котировок в электронной форме;Поставка лекарственных препаратов в 2026 году (лот 188.3: СПИНРАЗА) по решению суда и врачебной комиссии;;'262770206615777020100100790030000244;;;16957679.55;RUB;0;;;;;;"ГОСУДАРСТВЕННОЕ БЮДЖЕТНОЕ УЧРЕЖДЕНИЕ ЗДРАВООХРАНЕНИЯ МОСКОВСКОЙ ОБЛАСТИ ""МОСКОВСКИЙ ОБЛАСТНОЙ НАУЧНО-ИССЛЕДОВАТЕЛЬСКИЙ КЛИНИЧЕСКИЙ ИНСТИТУТ ИМ. М.Ф.ВЛАДИМИРСКОГО""";"ГОСУДАРСТВЕННОЕ БЮДЖЕТНОЕ УЧРЕЖДЕНИЕ ЗДРАВООХРАНЕНИЯ МОСКОВСКОЙ ОБЛАСТИ ""МОСКОВСКИЙ ОБЛАСТНОЙ НАУЧНО-ИССЛЕДОВАТЕЛЬСКИЙ КЛИНИЧЕСКИЙ ИНСТИТУТ ИМ. М.Ф.ВЛАДИМИРСКОГО""";17.02.2026;27.02.2026;Закупка завершена;;;25.02.2026;
44-ФЗ;№0852500000126000365;Электронный аукцион;Поставка медицинского расходного материала для отделения урологии (Катетер нефростомический) (Реестровый номер 260208);;'262550201838555030100101820013250244;;;5430564.00;RUB;0;;;;;;"БЮДЖЕТНОЕ УЧРЕЖДЕНИЕ ЗДРАВООХРАНЕНИЯ ОМСКОЙ ОБЛАСТИ ""ОБЛАСТНАЯ КЛИНИЧЕСКАЯ БОЛЬНИЦА""";"КАЗЕННОЕ УЧРЕЖДЕНИЕ ОМСКОЙ ОБЛАСТИ ""ЦЕНТР ЗАКУПОК ТОВАРОВ, РАБОТ, УСЛУГ""";16.02.2026;27.02.2026;Закупка завершена;;;25.02.2026;
44-ФЗ;№0152200004726000060;Электронный аукцион;Выполнение работ по благоустройству общественной территории улицы Ленина (2-я очередь) в селе Одесское (Реестровый номер 26.34.0062);;'263550730631655070100100010024299244;;;15042407.98;RUB;0;;;;;;КОМИТЕТ ПО УПРАВЛЕНИЮ ТЕРРИТОРИЯМИ СЕЛЬСКИХ ОКРУГОВ АДМИНИСТРАЦИИ ОДЕССКОГО РАЙОНА ОМСКОЙ ОБЛАСТИ;ГЛАВНОЕ УПРАВЛЕНИЕ КОНТРАКТНОЙ СИСТЕМЫ ОМСКОЙ ОБЛАСТИ;19.02.2026;27.02.2026;Закупка завершена;;;27.02.2026;
44-ФЗ;№0387200002426000039;Электронный аукцион;Поставка лекарственного препарата для медицинского применения Йогексол;;'262860307854886030100100210440000244;;;8978021.50;RUB;0;;;;;;"БЮДЖЕТНОЕ УЧРЕЖДЕНИЕ ХАНТЫ-МАНСИЙСКОГО АВТОНОМНОГО ОКРУГА - ЮГРЫ ""НИЖНЕВАРТОВСКИЙ ОНКОЛОГИЧЕСКИЙ ДИСПАНСЕР""";"БЮДЖЕТНОЕ УЧРЕЖДЕНИЕ ХАНТЫ-МАНСИЙСКОГО АВТОНОМНОГО ОКРУГА - ЮГРЫ ""НИЖНЕВАРТОВСКИЙ ОНКОЛОГИЧЕСКИЙ ДИСПАНСЕР""";19.02.2026;27.02.2026;Закупка завершена;;;27.02.2026;
44-ФЗ;№0152200004726000051;Запрос котировок в электронной форме;Поставка автомобилей грузовых с бортовой платформой в рамках мероприятий по оснащению специализированных учреждений Омской области лесопожарной техникой и оборудованием для проведения комплекса мероприятий по охране лесов от пожаров в рамках федерального проекта «Сохранение лесов» национального проекта «Экологическое благополучие» (Реестровый номер 26.41.0067);;'262550320238755040100100070032910244;;;6812000.00;RUB;0;;;;;;ГЛАВНОЕ УПРАВЛЕНИЕ ЛЕСНОГО ХОЗЯЙСТВА ОМСКОЙ ОБЛАСТИ;ГЛАВНОЕ УПРАВЛЕНИЕ КОНТРАКТНОЙ СИСТЕМЫ ОМСКОЙ ОБЛАСТИ;17.02.2026;27.02.2026;Закупка завершена;;;26.02.2026;
44-ФЗ;№0373100060026000004;Открытый конкурс в электронной форме на проведение работ по строительству, реконструкции, кап. ремонту, сносу объекта кап. строительства в соответствии с п. 8 ч. 1 ст. 33 Закона № 44-ФЗ;Выполнение работ по капитальному ремонту кровли здания;;'261773008740977300100100160014391243;;;12959048.22;RUB;0;;;;;;"ФЕДЕРАЛЬНОЕ КАЗЕННОЕ УЧРЕЖДЕНИЕ ""ГОСУДАРСТВЕННОЕ УЧРЕЖДЕНИЕ ПО ФОРМИРОВАНИЮ ГОСУДАРСТВЕННОГО ФОНДА ДРАГОЦЕННЫХ МЕТАЛЛОВ И ДРАГОЦЕННЫХ КАМНЕЙ РОССИЙСКОЙ ФЕДЕРАЦИИ, ХРАНЕНИЮ, ОТПУСКУ И ИСПОЛЬЗОВАНИЮ ДРАГОЦЕННЫХ МЕТАЛЛОВ И ДРАГОЦЕННЫХ КАМНЕЙ (ГОХРАН РОССИИ) ПРИ МИНИСТЕРСТВЕ ФИНАНСОВ РОССИЙСКОЙ ФЕДЕРАЦИИ""";"ФЕДЕРАЛЬНОЕ КАЗЕННОЕ УЧРЕЖДЕНИЕ ""ГОСУДАРСТВЕННОЕ УЧРЕЖДЕНИЕ ПО ФОРМИРОВАНИЮ ГОСУДАРСТВЕННОГО ФОНДА ДРАГОЦЕННЫХ МЕТАЛЛОВ И ДРАГОЦЕННЫХ КАМНЕЙ РОССИЙСКОЙ ФЕДЕРАЦИИ, ХРАНЕНИЮ, ОТПУСКУ И ИСПОЛЬЗОВАНИЮ ДРАГОЦЕННЫХ МЕТАЛЛОВ И ДРАГОЦЕННЫХ КАМНЕЙ (ГОХРАН РОССИИ) ПРИ МИНИСТЕРСТВЕ ФИНАНСОВ РОССИЙСКОЙ ФЕДЕРАЦИИ""";05.02.2026;27.02.2026;Закупка завершена;;;24.02.2026;
44-ФЗ;№0362300329126000001;Электронный аукцион;Выполнение отделочных работ в здании, расположенном по адресу: г. Волчанск, ул. Советская, д.28 ;;'263661701913066170100100130014339244;;;10383811.63;RUB;0;;;;;;"МУНИЦИПАЛЬНОЕ КАЗЕННОЕ УЧРЕЖДЕНИЕ ""УПРАВЛЕНИЕ ГОРОДСКОГО ХОЗЯЙСТВА""";"МУНИЦИПАЛЬНОЕ КАЗЕННОЕ УЧРЕЖДЕНИЕ ""УПРАВЛЕНИЕ ГОРОДСКОГО ХОЗЯЙСТВА""";19.02.2026;27.02.2026;Закупка завершена;;;27.02.2026;
44-ФЗ;№0848600005326000011;Открытый конкурс в электронной форме;Выполнение работ по созданию и ремонту пешеходных коммуникаций;;'263505305783550530100100720014211244;;;38680755.06;RUB;0;;;;;;"МУНИЦИПАЛЬНОЕ КАЗЕННОЕ УЧРЕЖДЕНИЕ ""СТРОИТЕЛЬСТВО, БЛАГОУСТРОЙСТВО И ДОРОЖНОЕ ХОЗЯЙСТВО""";"МУНИЦИПАЛЬНОЕ КАЗЕННОЕ УЧРЕЖДЕНИЕ ГОРОДСКОГО ОКРУГА ЭЛЕКТРОСТАЛЬ МОСКОВСКОЙ ОБЛАСТИ ""УПРАВЛЕНИЕ ПО КОНКУРЕНТНОЙ ПОЛИТИКЕ И КООРДИНАЦИИ ЗАКУПОК""";06.02.2026;27.02.2026;Закупка завершена;;;24.02.2026;
44-ФЗ;№0187300006526000067;Электронный аукцион;Оказание охранных услуг;;'263860227229286020100100230018010244;;;5045760.00;RUB;0;;;;;;"МУНИЦИПАЛЬНОЕ БЮДЖЕТНОЕ ДОШКОЛЬНОЕ ОБРАЗОВАТЕЛЬНОЕ УЧРЕЖДЕНИЕ ДЕТСКИЙ САД № 45 ""ВОЛЧОК""";АДМИНИСТРАЦИЯ ГОРОДА СУРГУТА;16.02.2026;27.02.2026;Закупка завершена;;;25.02.2026;
44-ФЗ;№0372200260026000004;Открытый конкурс в электронной форме на проведение работ по строительству, реконструкции, кап. ремонту, сносу объекта кап. строительства в соответствии с п. 8 ч. 1 ст. 33 Закона № 44-ФЗ;Выполнение работ по строительству объекта: Улично-дорожная сеть и инженерные сети по ул. Глухарская от ул. Нижне-Каменской до Комендантского пр. (дорожные работы);;'262780902552378380100100060014211414;;;39999296.00;RUB;0;;;;;;"САНКТ-ПЕТЕРБУРГСКОЕ ГОСУДАРСТВЕННОЕ КАЗЕННОЕ УЧРЕЖДЕНИЕ ""ФОНД КАПИТАЛЬНОГО СТРОИТЕЛЬСТВА И РЕКОНСТРУКЦИИ""";"САНКТ-ПЕТЕРБУРГСКОЕ ГОСУДАРСТВЕННОЕ КАЗЕННОЕ УЧРЕЖДЕНИЕ ""ФОНД КАПИТАЛЬНОГО СТРОИТЕЛЬСТВА И РЕКОНСТРУКЦИИ""";11.02.2026;27.02.2026;Закупка завершена;;;27.02.2026;
44-ФЗ;№0134300097526000068;Электронный аукцион;выполнение работ, связанных с осуществлением регулярных перевозок пассажиров и багажа автомобильным транспортом (автобусами) по регулируемым тарифам по муниципальным маршрутам в городе Иркутске (№№ 8,54,36,39,48,13,15,40);;'263380821942338080100101010034931244;;;13457385.06;RUB;0;;;;;;КОМИТЕТ ГОРОДСКОГО ОБУСТРОЙСТВА АДМИНИСТРАЦИИ ГОРОДА ИРКУТСКА;КОМИТЕТ ПО ЭКОНОМИКЕ И СТРАТЕГИЧЕСКОМУ ПЛАНИРОВАНИЮ АДМИНИСТРАЦИИ ГОРОДА ИРКУТСКА;19.02.2026;27.02.2026;Закупка завершена;;;27.02.2026;
44-ФЗ;№0869200000226000977;Электронный аукцион;Выполнение работ, связанных с осуществлением регулярных перевозок пассажиров и багажа по регулируемым тарифам;;'262745145069374510100100030554931244;;;5309488.80;RUB;0;;;;;;"ОБЛАСТНОЕ ГОСУДАРСТВЕННОЕ КАЗЕННОЕ УЧРЕЖДЕНИЕ ""ОРГАНИЗАТОР ПЕРЕВОЗОК ЧЕЛЯБИНСКОЙ ОБЛАСТИ""";"ГОСУДАРСТВЕННОЕ КАЗЕННОЕ УЧРЕЖДЕНИЕ ""ЦЕНТР ОРГАНИЗАЦИИ ЗАКУПОК ЧЕЛЯБИНСКОЙ ОБЛАСТИ""";18.02.2026;27.02.2026;Закупка завершена;;;27.02.2026;
44-ФЗ;№0869200000226000972;Электронный аукцион;Выполнение работ, связанных с осуществлением регулярных перевозок пассажиров и багажа по регулируемым тарифам;;'262745145069374510100100030534931244;;;5915070.00;RUB;0;;;;;;"ОБЛАСТНОЕ ГОСУДАРСТВЕННОЕ КАЗЕННОЕ УЧРЕЖДЕНИЕ ""ОРГАНИЗАТОР ПЕРЕВОЗОК ЧЕЛЯБИНСКОЙ ОБЛАСТИ""";"ГОСУДАРСТВЕННОЕ КАЗЕННОЕ УЧРЕЖДЕНИЕ ""ЦЕНТР ОРГАНИЗАЦИИ ЗАКУПОК ЧЕЛЯБИНСКОЙ ОБЛАСТИ""";18.02.2026;27.02.2026;Закупка завершена;;;27.02.2026;
44-ФЗ;№0172200000726000019;Открытый конкурс в электронной форме;Оказание услуг по организации отдыха детей Красногвардейского района Санкт-Петербурга в стационарной организации отдыха детей и их оздоровления, расположенной на территории Российской Федерации, в период летних школьных каникул для администрации Красногвардейского района Санкт-Петербурга для нужд Санкт-Петербурга в 2026 году;;'262780604226378060100100070050000244;;;16359630.00;RUB;0;;;;;;АДМИНИСТРАЦИЯ КРАСНОГВАРДЕЙСКОГО РАЙОНА САНКТ-ПЕТЕРБУРГА;АДМИНИСТРАЦИЯ КРАСНОГВАРДЕЙСКОГО РАЙОНА САНКТ-ПЕТЕРБУРГА;09.02.2026;27.02.2026;Закупка завершена;;;25.02.2026;
44-ФЗ;№0152200004726000059;Электронный аукцион;Выполнение работ по ремонту водопропускной трубы через р. Ертесь на км 163+420 автомобильной дороги Омск - Муромцево - Седельниково в Муромцевском муниципальном районе Омской области (Реестровый номер 26.33.0069);;'262550205024455030100100050014211244;;;58988079.27;RUB;0;;;;;;"КАЗЕННОЕ УЧРЕЖДЕНИЕ ОМСКОЙ ОБЛАСТИ ""УПРАВЛЕНИЕ ДОРОЖНОГО ХОЗЯЙСТВА ОМСКОЙ ОБЛАСТИ""";ГЛАВНОЕ УПРАВЛЕНИЕ КОНТРАКТНОЙ СИСТЕМЫ ОМСКОЙ ОБЛАСТИ;19.02.2026;27.02.2026;Закупка завершена;;;27.02.2026;
44-ФЗ;№0152200004726000055;Электронный аукцион на проведение работ по строительству, реконструкции, кап. ремонту, сносу объекта кап. строительства в соответствии с п. 8 ч. 1 ст. 33 Закона № 44-ФЗ;Выполнение работ по реконструкции автомобильной дороги до фермы КРС в д. Ольгино (ул. Центральная) Крутинского района Омской области (Реестровый номер 26.33.0053);;'263551800717055180100100040014211414;;;135639232.80;RUB;0;;;;;;АДМИНИСТРАЦИЯ  ЗИМИНСКОГО СЕЛЬСКОГО ПОСЕЛЕНИЯ КРУТИНСКОГО МУНИЦИПАЛЬНОГО РАЙОНА ОМСКОЙ ОБЛАСТИ;ГЛАВНОЕ УПРАВЛЕНИЕ КОНТРАКТНОЙ СИСТЕМЫ ОМСКОЙ ОБЛАСТИ;18.02.2026;27.02.2026;Закупка завершена;;;26.02.2026;
44-ФЗ;№0373200032226000079;Электронный аукцион;Поставка ЛКМ;;'262772784618077270100100220010000244;;;15000000.00;RUB;0;;;;;;"ГОСУДАРСТВЕННОЕ БЮДЖЕТНОЕ УЧРЕЖДЕНИЕ ГОРОДА МОСКВЫ ""ЖИЛИЩНИК РАЙОНА ЮЖНОЕ БУТОВО""";"ГОСУДАРСТВЕННОЕ КАЗЕННОЕ УЧРЕЖДЕНИЕ ГОРОДА МОСКВЫ ""ДИРЕКЦИЯ ЗАКАЗЧИКА ЖИЛИЩНО-КОММУНАЛЬНОГО ХОЗЯЙСТВА И БЛАГОУСТРОЙСТВА ЮГО-ЗАПАДНОГО АДМИНИСТРАТИВНОГО ОКРУГА""";18.02.2026;27.02.2026;Закупка завершена;;;26.02.2026;
44-ФЗ;№0373200032226000078;Электронный аукцион;Поставка торфа и почвогрунта;;'262772784618077270100100240010000244;;;15000000.00;RUB;0;;;;;;"ГОСУДАРСТВЕННОЕ БЮДЖЕТНОЕ УЧРЕЖДЕНИЕ ГОРОДА МОСКВЫ ""ЖИЛИЩНИК РАЙОНА ЮЖНОЕ БУТОВО""";"ГОСУДАРСТВЕННОЕ КАЗЕННОЕ УЧРЕЖДЕНИЕ ГОРОДА МОСКВЫ ""ДИРЕКЦИЯ ЗАКАЗЧИКА ЖИЛИЩНО-КОММУНАЛЬНОГО ХОЗЯЙСТВА И БЛАГОУСТРОЙСТВА ЮГО-ЗАПАДНОГО АДМИНИСТРАТИВНОГО ОКРУГА""";18.02.2026;27.02.2026;Закупка завершена;;;26.02.2026;
44-ФЗ;№0851300006726000002;Электронный аукцион;Услуги по механизированной уборке дорог и тротуаров на территории Кировского района г. Новосибирска;;'263540335445054030100100070010000244;;;16490000.00;RUB;0;;;;;;"МУНИЦИПАЛЬНОЕ КАЗЕННОЕ УЧРЕЖДЕНИЕ ГОРОДА НОВОСИБИРСКА ""КИРОВСКОЕ""";"МУНИЦИПАЛЬНОЕ КАЗЕННОЕ УЧРЕЖДЕНИЕ ГОРОДА НОВОСИБИРСКА ""КИРОВСКОЕ""";19.02.2026;27.02.2026;Закупка завершена;;;27.02.2026;
44-ФЗ;№0187300007826000030;Электронный аукцион;"Благоустройство территории набережной ""Отдыха""";;'263860901420586090100100090014299244;;;16066666.67;RUB;0;;;;;;"КАЗЕННОЕ УЧРЕЖДЕНИЕ ""ДИРЕКЦИЯ ЕДИНОГО ЗАКАЗЧИКА ПО ГОРОДСКОМУ ХОЗЯЙСТВУ"" ГОРОДСКОГО ОКРУГА РАДУЖНЫЙ ХАНТЫ-МАНСИЙСКОГО АВТОНОМНОГО ОКРУГА-ЮГРЫ";АДМИНИСТРАЦИЯ ГОРОДА РАДУЖНЫЙ;19.02.2026;27.02.2026;Закупка завершена;;;27.02.2026;
44-ФЗ;№0851200000626000769;Электронный аукцион;"Выполнение работ по ремонту а/д ""Коченево - Целинное"" в Коченевском районе Новосибирской области";;'262540510031654050100100250014211244;;;66169430.79;RUB;0;;;;;;"ГОСУДАРСТВЕННОЕ КАЗЕННОЕ УЧРЕЖДЕНИЕ НОВОСИБИРСКОЙ ОБЛАСТИ ""ТЕРРИТОРИАЛЬНОЕ УПРАВЛЕНИЕ АВТОМОБИЛЬНЫХ ДОРОГ НОВОСИБИРСКОЙ ОБЛАСТИ""";"ГОСУДАРСТВЕННОЕ КАЗЕННОЕ УЧРЕЖДЕНИЕ НОВОСИБИРСКОЙ ОБЛАСТИ ""УПРАВЛЕНИЕ КОНТРАКТНОЙ СИСТЕМЫ""";18.02.2026;27.02.2026;Закупка завершена;;;26.02.2026;
44-ФЗ;№0373400010926000110;Электронный аукцион;Поставка медицинских изделий;;'261771404207077144300100170330000244;;;6000000.00;RUB;0;;;;;;"МОСКОВСКИЙ НАУЧНО-ИССЛЕДОВАТЕЛЬСКИЙ ОНКОЛОГИЧЕСКИЙ ИНСТИТУТ ИМЕНИ П.А. ГЕРЦЕНА - ФИЛИАЛ ФЕДЕРАЛЬНОГО ГОСУДАРСТВЕННОГО БЮДЖЕТНОГО УЧРЕЖДЕНИЯ ""НАЦИОНАЛЬНЫЙ МЕДИЦИНСКИЙ ИССЛЕДОВАТЕЛЬСКИЙ ЦЕНТР РАДИОЛОГИИ"" МИНИСТЕРСТВА ЗДРАВООХРАНЕНИЯ РОССИЙСКОЙ ФЕДЕРАЦИИ";"МОСКОВСКИЙ НАУЧНО-ИССЛЕДОВАТЕЛЬСКИЙ ОНКОЛОГИЧЕСКИЙ ИНСТИТУТ ИМЕНИ П.А. ГЕРЦЕНА - ФИЛИАЛ ФЕДЕРАЛЬНОГО ГОСУДАРСТВЕННОГО БЮДЖЕТНОГО УЧРЕЖДЕНИЯ ""НАЦИОНАЛЬНЫЙ МЕДИЦИНСКИЙ ИССЛЕДОВАТЕЛЬСКИЙ ЦЕНТР РАДИОЛОГИИ"" МИНИСТЕРСТВА ЗДРАВООХРАНЕНИЯ РОССИЙСКОЙ ФЕДЕРАЦИИ";19.02.2026;27.02.2026;Закупка завершена;;;27.02.2026;
44-ФЗ;№0387200009126000388;Электронный аукцион;Поставка лекарственного препарата для медицинского применения Гликлазид для обеспечения отдельных категорий граждан, проживающих на территории Ханты-Мансийского автономного округа – Югры и страдающих некоторыми видами заболеваний, при лечении которых лекарственные средства, медицинские изделия и специализированные продукты лечебного питания предоставляются по рецептам за счет средств бюджета автономного округа в 2026 году;;'262860103583886020100100600332120323;;;6581131.20;RUB;0;;;;;;"КАЗЕННОЕ УЧРЕЖДЕНИЕ ХАНТЫ-МАНСИЙСКОГО АВТОНОМНОГО ОКРУГА - ЮГРЫ ""ЦЕНТР ЛЕКАРСТВЕННОГО МОНИТОРИНГА""";"КАЗЕННОЕ УЧРЕЖДЕНИЕ ХАНТЫ-МАНСИЙСКОГО АВТОНОМНОГО ОКРУГА - ЮГРЫ ""ЦЕНТР ЛЕКАРСТВЕННОГО МОНИТОРИНГА""";17.02.2026;27.02.2026;Закупка завершена;;;26.02.2026;
44-ФЗ;№0387200009126000273;Электронный аукцион;Поставка лекарственного препарата для медицинского применения Семаглутид для обеспечения отдельных категорий граждан, проживающих на территории Ханты-Мансийского автономного округа – Югры и страдающих некоторыми видами заболеваний, при лечении которых лекарственные средства, медицинские изделия и специализированные продукты лечебного питания предоставляются по рецептам за счет средств бюджета автономного округа в 2026 году;;'262860103583886020100100600192120323;;;17520948.90;RUB;0;;;;;;"КАЗЕННОЕ УЧРЕЖДЕНИЕ ХАНТЫ-МАНСИЙСКОГО АВТОНОМНОГО ОКРУГА - ЮГРЫ ""ЦЕНТР ЛЕКАРСТВЕННОГО МОНИТОРИНГА""";"КАЗЕННОЕ УЧРЕЖДЕНИЕ ХАНТЫ-МАНСИЙСКОГО АВТОНОМНОГО ОКРУГА - ЮГРЫ ""ЦЕНТР ЛЕКАРСТВЕННОГО МОНИТОРИНГА""";13.02.2026;27.02.2026;Закупка завершена;;;27.02.2026;
44-ФЗ;№0134300097526000054;Электронный аукцион;выполнение работ, связанных с осуществлением регулярных перевозок пассажиров и багажа автомобильным транспортом (автобусами) по регулируемым тарифам по муниципальным маршрутам в городе Иркутске (№№ 24,25,26,42,28р);;'263380821942338080100101010094931244;;;18556214.72;RUB;0;;;;;;КОМИТЕТ ГОРОДСКОГО ОБУСТРОЙСТВА АДМИНИСТРАЦИИ ГОРОДА ИРКУТСКА;КОМИТЕТ ПО ЭКОНОМИКЕ И СТРАТЕГИЧЕСКОМУ ПЛАНИРОВАНИЮ АДМИНИСТРАЦИИ ГОРОДА ИРКУТСКА;18.02.2026;27.02.2026;Закупка завершена;;;27.02.2026;
44-ФЗ;№0134300097526000062;Электронный аукцион;Выполнение работ, связанных с осуществлением регулярных перевозок пассажиров и багажа автомобильным транспортом (автобусами) по регулируемым тарифам по муниципальным маршрутам в городе Иркутске (№№ 32, 67, 61р, 37);;'263380821942338080100101010044931244;;;12423026.81;RUB;0;;;;;;КОМИТЕТ ГОРОДСКОГО ОБУСТРОЙСТВА АДМИНИСТРАЦИИ ГОРОДА ИРКУТСКА;КОМИТЕТ ПО ЭКОНОМИКЕ И СТРАТЕГИЧЕСКОМУ ПЛАНИРОВАНИЮ АДМИНИСТРАЦИИ ГОРОДА ИРКУТСКА;19.02.2026;27.02.2026;Закупка завершена;;;27.02.2026;
44-ФЗ;№0318300119426000080;Электронный аукцион;Система хранения данных;;'263231015412423100100100130012620244;;;38570000.00;RUB;0;;;;;;"МУНИЦИПАЛЬНОЕ КАЗЁННОЕ УЧРЕЖДЕНИЕ МУНИЦИПАЛЬНОГО ОБРАЗОВАНИЯ ГОРОД КРАСНОДАР ""ЭЛЕКТРОННЫЙ КРАСНОДАР""";УПРАВЛЕНИЕ ЗАКУПОК АДМИНИСТРАЦИИ МУНИЦИПАЛЬНОГО ОБРАЗОВАНИЯ ГОРОД КРАСНОДАР;17.02.2026;27.02.2026;Закупка завершена;;;25.02.2026;
44-ФЗ;№0169300007526000033;Электронный аукцион;"Ремонт автомобильных дорог Усть-Катавского городского округа в 2026г., в том числе ремонт автомобильной дороги ""Северная"" МКР-1 (2 этап)";;'263741900520074570100100360014211244;;;32398185.00;RUB;0;;;;;;"ФУНКЦИОНАЛЬНЫЙ ОРГАН АДМИНИСТРАЦИИ УСТЬ-КАТАВСКОГО ГОРОДСКОГО ОКРУГА ""УПРАВЛЕНИЕ ИНФРАСТРУКТУРЫ И СТРОИТЕЛЬСТВА""";АДМИНИСТРАЦИЯ УСТЬ-КАТАВСКОГО ГОРОДСКОГО ОКРУГА;18.02.2026;27.02.2026;Закупка завершена;;;26.02.2026;
44-ФЗ;№0174500001126000768;Электронный аукцион;Поставка лекарственного(-ых) препарата(-ов) для медицинского применения (ВАКЦИНА ДЛЯ ПРОФИЛАКТИКИ ДИФТЕРИИ (С УМЕНЬШЕННЫМ СОДЕРЖАНИЕМ АНТИГЕНА), КОКЛЮША (С УМЕНЬШЕННЫМ СОДЕРЖАНИЕМ АНТИГЕНА, БЕСКЛЕТОЧНАЯ) И СТОЛБНЯКА, АДСОРБИРОВАННАЯ);;'262920402328192040100100010182120244;;;18556650.00;RUB;0;;;;;;"ГОСУДАРСТВЕННОЕ КАЗЕННОЕ УЧРЕЖДЕНИЕ СЕВАСТОПОЛЯ ""МЕДИЦИНСКИЙ СКЛАД № 1043""";ДЕПАРТАМЕНТ УПРАВЛЕНИЯ ДЕЛАМИ ГУБЕРНАТОРА И ПРАВИТЕЛЬСТВА СЕВАСТОПОЛЯ;19.02.2026;27.02.2026;Закупка завершена;;;27.02.2026;
44-ФЗ;№0172200000726000018;Открытый конкурс в электронной форме;Оказание услуг по организации отдыха детей Красногвардейского района Санкт-Петербурга в стационарной организации отдыха детей и их оздоровления, расположенной на территории Российской Федерации, в период летних школьных каникул для администрации Красногвардейского района Санкт-Петербурга для нужд Санкт-Петербурга в 2026 году;;'262780604226378060100100070040000244;;;17942820.00;RUB;0;;;;;;АДМИНИСТРАЦИЯ КРАСНОГВАРДЕЙСКОГО РАЙОНА САНКТ-ПЕТЕРБУРГА;АДМИНИСТРАЦИЯ КРАСНОГВАРДЕЙСКОГО РАЙОНА САНКТ-ПЕТЕРБУРГА;09.02.2026;27.02.2026;Закупка завершена;;;25.02.2026;
44-ФЗ;№0162300005326000206;Электронный аукцион;Поставка противогололедного материала;;'263665918955066780100100040012059244;;;31000000.00;RUB;0;;;;;;"МУНИЦИПАЛЬНОЕ БЮДЖЕТНОЕ УЧРЕЖДЕНИЕ ""ЖЕЛЕЗНОДОРОЖНОЕ ДОРОЖНО-ЭКСПЛУАТАЦИОННОЕ УПРАВЛЕНИЕ""";АДМИНИСТРАЦИЯ ГОРОДА ЕКАТЕРИНБУРГА;19.02.2026;27.02.2026;Закупка завершена;;;27.02.2026;
44-ФЗ;№0172200000726000017;Открытый конкурс в электронной форме;Оказание услуг по организации отдыха детей Красногвардейского района Санкт-Петербурга в стационарной организации отдыха детей и их оздоровления, расположенной на территории Российской Федерации, в период летних школьных каникул для администрации Красногвардейского района Санкт-Петербурга для нужд Санкт-Петербурга в 2026 году;;'262780604226378060100100070030000244;;;16887360.00;RUB;0;;;;;;АДМИНИСТРАЦИЯ КРАСНОГВАРДЕЙСКОГО РАЙОНА САНКТ-ПЕТЕРБУРГА;АДМИНИСТРАЦИЯ КРАСНОГВАРДЕЙСКОГО РАЙОНА САНКТ-ПЕТЕРБУРГА;09.02.2026;27.02.2026;Закупка завершена;;;25.02.2026;
44-ФЗ;№0200700000326000002;Открытый конкурс в электронной форме для заключения договора на проведение аудита бухгалтерской (финансовой) отчетности (согласно ч. 4 ст. 5 Федерального закона от 30.12.2008г. № 307-ФЗ);Услуги по проведению оценки реализации Корпоративной стратегии развития Группы компаний АО «Зарубежнефть» ;;;;;12810000.00;RUB;0;;;;;;"АКЦИОНЕРНОЕ ОБЩЕСТВО ""ЗАРУБЕЖНЕФТЬ""";"АКЦИОНЕРНОЕ ОБЩЕСТВО ""ЗАРУБЕЖНЕФТЬ""";06.02.2026;27.02.2026;Закупка завершена;;;24.02.2026;
44-ФЗ;№0162300005326000209;Электронный аукцион;Выполнение работ по сохранению объекта культурного наследия по адресу: г. Екатеринбург, ул. Карла Либкнехта, 36/ул. Первомайская, 20;;'263667124849866710100100230014120243;;;7959054.28;RUB;0;;;;;;"МУНИЦИПАЛЬНОЕ КАЗЕННОЕ УЧРЕЖДЕНИЕ ""УПРАВЛЕНИЕ ЗАКАЗЧИКА ПО КАПИТАЛЬНОМУ РЕМОНТУ""";АДМИНИСТРАЦИЯ ГОРОДА ЕКАТЕРИНБУРГА;19.02.2026;27.02.2026;Закупка завершена;;;27.02.2026;
44-ФЗ;№0162300000826000027;Электронный аукцион;Оказание услуг по эксплуатационному содержанию фонтанов, расположенных в городе Нижний Тагил в 2026 году;;'263662305565866230100100370013312244;;;8833913.26;RUB;0;;;;;;"МУНИЦИПАЛЬНОЕ КАЗЕННОЕ УЧРЕЖДЕНИЕ ""СЛУЖБА ЗАКАЗЧИКА ГОРОДСКОГО ХОЗЯЙСТВА""";АДМИНИСТРАЦИЯ ГОРОДА НИЖНИЙ ТАГИЛ;18.02.2026;27.02.2026;Закупка завершена;;;26.02.2026;
44-ФЗ;№0112200000826000668;Электронный аукцион;"Приобретение лекарственных препаратов (ПОРАКТАНТ АЛЬФА) для нужд ГБУЗ РТ ""Перинатальный центр РТ"" на 2026 г.";;'262170102642517010100100270010000244;;;6878849.25;RUB;0;;;;;;"ГОСУДАРСТВЕННОЕ БЮДЖЕТНОЕ УЧРЕЖДЕНИЕ ЗДРАВООХРАНЕНИЯ РЕСПУБЛИКИ ТЫВА ""ПЕРИНАТАЛЬНЫЙ ЦЕНТР РЕСПУБЛИКИ ТЫВА""";МИНИСТЕРСТВО РЕСПУБЛИКИ ТЫВА ПО РЕГУЛИРОВАНИЮ КОНТРАКТНОЙ СИСТЕМЫ В СФЕРЕ ЗАКУПОК;17.02.2026;27.02.2026;Закупка завершена;;;27.02.2026;
44-ФЗ;№0108500000426000602;Электронный аукцион;Блочно-модульный ветеринарный пункт;;'262121000308812100100100010012511244;;;7776458.33;RUB;0;;;;;;"ГОСУДАРСТВЕННОЕ БЮДЖЕТНОЕ УЧРЕЖДЕНИЕ РЕСПУБЛИКИ МАРИЙ ЭЛ ""ОРШАНСКАЯ РАЙОННАЯ СТАНЦИЯ ПО БОРЬБЕ С БОЛЕЗНЯМИ ЖИВОТНЫХ""";КОМИТЕТ ПО РЕГУЛИРОВАНИЮ КОНТРАКТНОЙ СИСТЕМЫ В СФЕРЕ ЗАКУПОК РЕСПУБЛИКИ МАРИЙ ЭЛ;13.02.2026;27.02.2026;Закупка завершена;;;25.02.2026;
44-ФЗ;№0162300000826000029;Электронный аукцион;Выполнение работ по валке и кронированию деревьев на общественных территориях МО город Нижний Тагил;;'263662305565866230100100310014312244;;;10000000.00;RUB;0;;;;;;"МУНИЦИПАЛЬНОЕ КАЗЕННОЕ УЧРЕЖДЕНИЕ ""СЛУЖБА ЗАКАЗЧИКА ГОРОДСКОГО ХОЗЯЙСТВА""";АДМИНИСТРАЦИЯ ГОРОДА НИЖНИЙ ТАГИЛ;18.02.2026;27.02.2026;Закупка завершена;;;26.02.2026;
44-ФЗ;№0573100024326000002;Электронный аукцион;Поставка средств автотранспортных;;'261770643326377060100100300010000244;;;18000000.00;RUB;0;;;;;;"ФЕДЕРАЛЬНОЕ ГОСУДАРСТВЕННОЕ БЮДЖЕТНОЕ УЧРЕЖДЕНИЕ ""ВСЕРОССИЙСКИЙ НАУЧНО-ИССЛЕДОВАТЕЛЬСКИЙ ИНСТИТУТ МИНЕРАЛЬНОГО СЫРЬЯ ИМ. Н.М. ФЕДОРОВСКОГО""";"ФЕДЕРАЛЬНОЕ ГОСУДАРСТВЕННОЕ БЮДЖЕТНОЕ УЧРЕЖДЕНИЕ ""ВСЕРОССИЙСКИЙ НАУЧНО-ИССЛЕДОВАТЕЛЬСКИЙ ИНСТИТУТ МИНЕРАЛЬНОГО СЫРЬЯ ИМ. Н.М. ФЕДОРОВСКОГО""";18.02.2026;27.02.2026;Закупка завершена;;;26.02.2026;
44-ФЗ;№0851200000626000766;Электронный аукцион на проведение работ по строительству, реконструкции, кап. ремонту, сносу объекта кап. строительства в соответствии с п. 8 ч. 1 ст. 33 Закона № 44-ФЗ;Строительство станции водоподготовки по ул. Центральная в с. Яркуль Усть-Таркского района Новосибирской области;;'263541610342154160100100150014221414;;;5725392.17;RUB;0;;;;;;АДМИНИСТРАЦИЯ УСТЬ-ТАРКСКОГО РАЙОНА;"ГОСУДАРСТВЕННОЕ КАЗЕННОЕ УЧРЕЖДЕНИЕ НОВОСИБИРСКОЙ ОБЛАСТИ ""УПРАВЛЕНИЕ КОНТРАКТНОЙ СИСТЕМЫ""";18.02.2026;27.02.2026;Закупка завершена;;;26.02.2026;
44-ФЗ;№0372200170526000008;Запрос котировок в электронной форме;Поставка литературы для массовых библиотек;;'262781021972478100100100010110000000;;;5000000.00;RUB;0;;;;;;"САНКТ-ПЕТЕРБУРГСКОЕ ГОСУДАРСТВЕННОЕ БЮДЖЕТНОЕ УЧРЕЖДЕНИЕ ""ЦЕНТРАЛИЗОВАННАЯ БИБЛИОТЕЧНАЯ СИСТЕМА МОСКОВСКОГО РАЙОНА""";"САНКТ-ПЕТЕРБУРГСКОЕ ГОСУДАРСТВЕННОЕ БЮДЖЕТНОЕ УЧРЕЖДЕНИЕ ""ЦЕНТРАЛИЗОВАННАЯ БИБЛИОТЕЧНАЯ СИСТЕМА МОСКОВСКОГО РАЙОНА""";17.02.2026;27.02.2026;Закупка завершена;;;26.02.2026;
44-ФЗ;№0841200000726000216;Электронный аукцион;Поставка изделий медицинского назначения (эндопротез тазобедренного сустава) для ОГБУЗ «Городская больница г. Костромы»;;'262440100659044010100100150040000244;;;20380000.00;RUB;0;;;;;;"ОБЛАСТНОЕ ГОСУДАРСТВЕННОЕ БЮДЖЕТНОЕ УЧРЕЖДЕНИЕ ЗДРАВООХРАНЕНИЯ ""ГОРОДСКАЯ БОЛЬНИЦА Г.КОСТРОМЫ""";"ОБЛАСТНОЕ ГОСУДАРСТВЕННОЕ КАЗЕННОЕ УЧРЕЖДЕНИЕ ""АГЕНТСТВО ГОСУДАРСТВЕННЫХ ЗАКУПОК КОСТРОМСКОЙ ОБЛАСТИ""";18.02.2026;27.02.2026;Закупка завершена;;;26.02.2026;
44-ФЗ;№0152300011926000109;Электронный аукцион на проведение работ по строительству, реконструкции, кап. ремонту, сносу объекта кап. строительства в соответствии с п. 8 ч. 1 ст. 33 Закона № 44-ФЗ;"Выполнение работ по капитальному ремонту объекта: ""Капитальный ремонт здания бюджетного общеобразовательного учреждения города Омска «Средняя общеобразовательная школа № 86», расположенного по адресу: г.Омск, ул. Магистральная, д.22"" (Реестровый номер 33.0123.26)";;'263550305358355030100100100014120243;;;124288546.00;RUB;0;;;;;;ДЕПАРТАМЕНТ СТРОИТЕЛЬСТВА АДМИНИСТРАЦИИ ГОРОДА ОМСКА;ДЕПАРТАМЕНТ КОНТРАКТНОЙ СИСТЕМЫ В СФЕРЕ ЗАКУПОК АДМИНИСТРАЦИИ ГОРОДА ОМСКА;17.02.2026;27.02.2026;Закупка завершена;;;25.02.2026;
44-ФЗ;№0859200001126000965;Электронный аукцион;Поставка лекарственного препарата для медицинского применения Блинатумомаб для нужд Государственного бюджетного учреждения Рязанской области «Областная детская клиническая больница им. Н.В. Дмитриевой»;;'262622901971862290100100820012120244;;;7210502.88;RUB;0;;;;;;"ГОСУДАРСТВЕННОЕ БЮДЖЕТНОЕ УЧРЕЖДЕНИЕ РЯЗАНСКОЙ ОБЛАСТИ ""ОБЛАСТНАЯ ДЕТСКАЯ КЛИНИЧЕСКАЯ БОЛЬНИЦА ИМЕНИ Н.В. ДМИТРИЕВОЙ""";"ГОСУДАРСТВЕННОЕ КАЗЕННОЕ УЧРЕЖДЕНИЕ РЯЗАНСКОЙ ОБЛАСТИ ""ЦЕНТР ЗАКУПОК РЯЗАНСКОЙ ОБЛАСТИ""";13.02.2026;27.02.2026;Закупка завершена;;;27.02.2026;
44-ФЗ;№0269100000226000011;Электронный аукцион;Оказание услуги по санаторно-курортному лечению в 2026 году гражданам – получателям государственной социальной помощи в виде набора социальных услуг (кроме детей-инвалидов) и сопровождающим их лицам по профилям заболевания – терапия, педиатрия, болезни системы кровообращения, болезни кожи и подкожной клетчатки, болезни глаза и его придаточного аппарата, болезни органов дыхания, болезни органов пищеварения, болезни эндокринной системы, болезни нервной системы, болезни костно-мышечной системы и соединительной ткани, болезни мочеполовой системы, болезни женских половых органов, нефрология;;'261745304082274530100101190018690323;;;8407080.00;RUB;0;;;;;;ОТДЕЛЕНИЕ ФОНДА ПЕНСИОННОГО И СОЦИАЛЬНОГО СТРАХОВАНИЯ РОССИЙСКОЙ ФЕДЕРАЦИИ ПО ЧЕЛЯБИНСКОЙ ОБЛАСТИ;ОТДЕЛЕНИЕ ФОНДА ПЕНСИОННОГО И СОЦИАЛЬНОГО СТРАХОВАНИЯ РОССИЙСКОЙ ФЕДЕРАЦИИ ПО ЧЕЛЯБИНСКОЙ ОБЛАСТИ;17.02.2026;27.02.2026;Закупка завершена;;;27.02.2026;
223-ФЗ;№32615750096;Иной способ;Поставка лекарственных препаратов на коммерческий склад №K-38;;;1;Поставка лекарственных препаратов;26443674.70;RUB;26443674.70;;;;21.20.10.211: Препараты противоопухолевые;;"АКЦИОНЕРНОЕ ОБЩЕСТВО ""ГУБЕРНСКИЕ АПТЕКИ""";"АКЦИОНЕРНОЕ ОБЩЕСТВО ""ГУБЕРНСКИЕ АПТЕКИ""";27.02.2026;27.02.2026;Закупка завершена;;;27.02.2026 12:30;
44-ФЗ;№0134300097526000063;Электронный аукцион;Выполнение работ, связанных с осуществлением регулярных перевозок пассажиров и багажа автомобильным транспортом (автобусами) по регулируемым тарифам по муниципальным маршрутам в городе Иркутске (№№ 31, 35, 36к, 52, 57, 33, 44, 32, 61р);;'263380821942338080100101010074931244;;;17592186.79;RUB;0;;;;;;КОМИТЕТ ГОРОДСКОГО ОБУСТРОЙСТВА АДМИНИСТРАЦИИ ГОРОДА ИРКУТСКА;КОМИТЕТ ПО ЭКОНОМИКЕ И СТРАТЕГИЧЕСКОМУ ПЛАНИРОВАНИЮ АДМИНИСТРАЦИИ ГОРОДА ИРКУТСКА;19.02.2026;27.02.2026;Закупка завершена;;;27.02.2026;
44-ФЗ;№0863600001726000001;Открытый конкурс в электронной форме на проведение работ по строительству, реконструкции, кап. ремонту, сносу объекта кап. строительства в соответствии с п. 8 ч. 1 ст. 33 Закона № 44-ФЗ;Строительство индивидуального жилого дома на земельном участке с кадастровым номером 67:18:0010301:875 в д. Сметанино Смоленского муниципального округа Смоленской области;;'263670002787367000100100050014120414;;;6392628.00;RUB;0;;;;;;"СМЕТАНИНСКИЙ ТЕРРИТОРИАЛЬНЫЙ КОМИТЕТ УПРАВЛЕНИЯ ПО РАЗВИТИЮ ТЕРРИТОРИЙ АДМИНИСТРАЦИИ МУНИЦИПАЛЬНОГО ОБРАЗОВАНИЯ ""СМОЛЕНСКИЙ МУНИЦИПАЛЬНЫЙ ОКРУГ"" СМОЛЕНСКОЙ ОБЛАСТИ";"СМЕТАНИНСКИЙ ТЕРРИТОРИАЛЬНЫЙ КОМИТЕТ УПРАВЛЕНИЯ ПО РАЗВИТИЮ ТЕРРИТОРИЙ АДМИНИСТРАЦИИ МУНИЦИПАЛЬНОГО ОБРАЗОВАНИЯ ""СМОЛЕНСКИЙ МУНИЦИПАЛЬНЫЙ ОКРУГ"" СМОЛЕНСКОЙ ОБЛАСТИ";30.01.2026;27.02.2026;Закупка завершена;;;24.02.2026;
44-ФЗ;№0863600001726000004;Открытый конкурс в электронной форме на проведение работ по строительству, реконструкции, кап. ремонту, сносу объекта кап. строительства в соответствии с п. 8 ч. 1 ст. 33 Закона № 44-ФЗ;Строительство индивидуального жилого дома на земельном участке с кадастровым номером: 67:18:0010301:866 по адресу: Российская Федерация, Смоленская область, Смоленский муниципальный округ, деревня Сметанино;;'263670002787367000100100070014120414;;;6392628.00;RUB;0;;;;;;"СМЕТАНИНСКИЙ ТЕРРИТОРИАЛЬНЫЙ КОМИТЕТ УПРАВЛЕНИЯ ПО РАЗВИТИЮ ТЕРРИТОРИЙ АДМИНИСТРАЦИИ МУНИЦИПАЛЬНОГО ОБРАЗОВАНИЯ ""СМОЛЕНСКИЙ МУНИЦИПАЛЬНЫЙ ОКРУГ"" СМОЛЕНСКОЙ ОБЛАСТИ";"СМЕТАНИНСКИЙ ТЕРРИТОРИАЛЬНЫЙ КОМИТЕТ УПРАВЛЕНИЯ ПО РАЗВИТИЮ ТЕРРИТОРИЙ АДМИНИСТРАЦИИ МУНИЦИПАЛЬНОГО ОБРАЗОВАНИЯ ""СМОЛЕНСКИЙ МУНИЦИПАЛЬНЫЙ ОКРУГ"" СМОЛЕНСКОЙ ОБЛАСТИ";30.01.2026;27.02.2026;Закупка завершена;;;24.02.2026;
44-ФЗ;№0863600001726000003;Открытый конкурс в электронной форме на проведение работ по строительству, реконструкции, кап. ремонту, сносу объекта кап. строительства в соответствии с п. 8 ч. 1 ст. 33 Закона № 44-ФЗ;Строительство индивидуального жилого дома на земельном участке с кадастровым номером 67:18:0010301:874 в д. Сметанино Смоленского муниципального округа Смоленской области;;'263670002787367000100100060014120414;;;6392628.00;RUB;0;;;;;;"СМЕТАНИНСКИЙ ТЕРРИТОРИАЛЬНЫЙ КОМИТЕТ УПРАВЛЕНИЯ ПО РАЗВИТИЮ ТЕРРИТОРИЙ АДМИНИСТРАЦИИ МУНИЦИПАЛЬНОГО ОБРАЗОВАНИЯ ""СМОЛЕНСКИЙ МУНИЦИПАЛЬНЫЙ ОКРУГ"" СМОЛЕНСКОЙ ОБЛАСТИ";"СМЕТАНИНСКИЙ ТЕРРИТОРИАЛЬНЫЙ КОМИТЕТ УПРАВЛЕНИЯ ПО РАЗВИТИЮ ТЕРРИТОРИЙ АДМИНИСТРАЦИИ МУНИЦИПАЛЬНОГО ОБРАЗОВАНИЯ ""СМОЛЕНСКИЙ МУНИЦИПАЛЬНЫЙ ОКРУГ"" СМОЛЕНСКОЙ ОБЛАСТИ";30.01.2026;27.02.2026;Закупка завершена;;;24.02.2026;
44-ФЗ;№0863600001726000002;Открытый конкурс в электронной форме на проведение работ по строительству, реконструкции, кап. ремонту, сносу объекта кап. строительства в соответствии с п. 8 ч. 1 ст. 33 Закона № 44-ФЗ;Строительство индивидуального жилого дома на земельном участке с кадастровым номером: 67:18:0010301:873 по адресу: Российская Федерация, Смоленская область, Смоленский муниципальный округ, деревня Сметанино;;'263670002787367000100100040014120414;;;6392628.00;RUB;0;;;;;;"СМЕТАНИНСКИЙ ТЕРРИТОРИАЛЬНЫЙ КОМИТЕТ УПРАВЛЕНИЯ ПО РАЗВИТИЮ ТЕРРИТОРИЙ АДМИНИСТРАЦИИ МУНИЦИПАЛЬНОГО ОБРАЗОВАНИЯ ""СМОЛЕНСКИЙ МУНИЦИПАЛЬНЫЙ ОКРУГ"" СМОЛЕНСКОЙ ОБЛАСТИ";"СМЕТАНИНСКИЙ ТЕРРИТОРИАЛЬНЫЙ КОМИТЕТ УПРАВЛЕНИЯ ПО РАЗВИТИЮ ТЕРРИТОРИЙ АДМИНИСТРАЦИИ МУНИЦИПАЛЬНОГО ОБРАЗОВАНИЯ ""СМОЛЕНСКИЙ МУНИЦИПАЛЬНЫЙ ОКРУГ"" СМОЛЕНСКОЙ ОБЛАСТИ";30.01.2026;27.02.2026;Закупка завершена;;;16.02.2026;
44-ФЗ;№0863600001726000005;Открытый конкурс в электронной форме на проведение работ по строительству, реконструкции, кап. ремонту, сносу объекта кап. строительства в соответствии с п. 8 ч. 1 ст. 33 Закона № 44-ФЗ;Строительство индивидуального жилого дома на земельном участке с кадастровым номером: 67:18:0010301:870 по адресу: Российская Федерация, Смоленская область, Смоленский муниципальный округ, деревня Сметанино;;'263670002787367000100100080014120414;;;6392628.00;RUB;0;;;;;;"СМЕТАНИНСКИЙ ТЕРРИТОРИАЛЬНЫЙ КОМИТЕТ УПРАВЛЕНИЯ ПО РАЗВИТИЮ ТЕРРИТОРИЙ АДМИНИСТРАЦИИ МУНИЦИПАЛЬНОГО ОБРАЗОВАНИЯ ""СМОЛЕНСКИЙ МУНИЦИПАЛЬНЫЙ ОКРУГ"" СМОЛЕНСКОЙ ОБЛАСТИ";"СМЕТАНИНСКИЙ ТЕРРИТОРИАЛЬНЫЙ КОМИТЕТ УПРАВЛЕНИЯ ПО РАЗВИТИЮ ТЕРРИТОРИЙ АДМИНИСТРАЦИИ МУНИЦИПАЛЬНОГО ОБРАЗОВАНИЯ ""СМОЛЕНСКИЙ МУНИЦИПАЛЬНЫЙ ОКРУГ"" СМОЛЕНСКОЙ ОБЛАСТИ";12.02.2026;27.02.2026;Закупка завершена;;;24.02.2026;
44-ФЗ;№0863600001726000006;Открытый конкурс в электронной форме на проведение работ по строительству, реконструкции, кап. ремонту, сносу объекта кап. строительства в соответствии с п. 8 ч. 1 ст. 33 Закона № 44-ФЗ;Строительство индивидуального жилого дома на земельном участке с кадастровым номером: 67:18:0010301:865 по адресу: Российская Федерация, Смоленская область, Смоленский муниципальный округ, деревня Сметанино;;'263670002787367000100100090014120414;;;6392628.00;RUB;0;;;;;;"СМЕТАНИНСКИЙ ТЕРРИТОРИАЛЬНЫЙ КОМИТЕТ УПРАВЛЕНИЯ ПО РАЗВИТИЮ ТЕРРИТОРИЙ АДМИНИСТРАЦИИ МУНИЦИПАЛЬНОГО ОБРАЗОВАНИЯ ""СМОЛЕНСКИЙ МУНИЦИПАЛЬНЫЙ ОКРУГ"" СМОЛЕНСКОЙ ОБЛАСТИ";"СМЕТАНИНСКИЙ ТЕРРИТОРИАЛЬНЫЙ КОМИТЕТ УПРАВЛЕНИЯ ПО РАЗВИТИЮ ТЕРРИТОРИЙ АДМИНИСТРАЦИИ МУНИЦИПАЛЬНОГО ОБРАЗОВАНИЯ ""СМОЛЕНСКИЙ МУНИЦИПАЛЬНЫЙ ОКРУГ"" СМОЛЕНСКОЙ ОБЛАСТИ";30.01.2026;27.02.2026;Закупка завершена;;;16.02.2026;
44-ФЗ;№0134300097526000064;Электронный аукцион;Выполнение работ, связанных с осуществлением регулярных перевозок пассажиров и багажа автомобильным транспортом (автобусами) по регулируемым тарифам по муниципальным маршрутам в городе Иркутске (№№ 31, 35, 36к, 52, 57,33, 44);;'263380821942338080100101010024931244;;;7219787.65;RUB;0;;;;;;КОМИТЕТ ГОРОДСКОГО ОБУСТРОЙСТВА АДМИНИСТРАЦИИ ГОРОДА ИРКУТСКА;КОМИТЕТ ПО ЭКОНОМИКЕ И СТРАТЕГИЧЕСКОМУ ПЛАНИРОВАНИЮ АДМИНИСТРАЦИИ ГОРОДА ИРКУТСКА;19.02.2026;27.02.2026;Закупка завершена;;;27.02.2026;
44-ФЗ;№0387200009126000397;Электронный аукцион;Поставка лекарственного препарата для медицинского применения Эмпаглифлозин для обеспечения отдельных категорий граждан, проживающих на территории Ханты-Мансийского автономного округа – Югры и страдающих некоторыми видами заболеваний, при лечении которых лекарственные средства, медицинские изделия и специализированные продукты лечебного питания предоставляются по рецептам за счет средств бюджета автономного округа в 2026 году;;'262860103583886020100100600272120323;;;9650070.00;RUB;0;;;;;;"КАЗЕННОЕ УЧРЕЖДЕНИЕ ХАНТЫ-МАНСИЙСКОГО АВТОНОМНОГО ОКРУГА - ЮГРЫ ""ЦЕНТР ЛЕКАРСТВЕННОГО МОНИТОРИНГА""";"КАЗЕННОЕ УЧРЕЖДЕНИЕ ХАНТЫ-МАНСИЙСКОГО АВТОНОМНОГО ОКРУГА - ЮГРЫ ""ЦЕНТР ЛЕКАРСТВЕННОГО МОНИТОРИНГА""";17.02.2026;27.02.2026;Закупка завершена;;;26.02.2026;
44-ФЗ;№0163600013926000001;Электронный аукцион;Проезд к жилому дому №13 по улице 1-й Восточный переулок в с. Катынь Смоленского района Смоленской области;;'263670002824267000100100030014211244;;;6140630.00;RUB;0;;;;;;"УПРАВЛЕНИЕ ЖИЛИЩНО-КОММУНАЛЬНОГО ХОЗЯЙСТВА, СТРОИТЕЛЬСТВА И ДОРОЖНОГО ХОЗЯЙСТВА АДМИНИСТРАЦИИ МУНИЦИПАЛЬНОГО ОБРАЗОВАНИЯ ""СМОЛЕНСКИЙ МУНИЦИПАЛЬНЫЙ ОКРУГ"" СМОЛЕНСКОЙ ОБЛАСТИ";"УПРАВЛЕНИЕ ЖИЛИЩНО-КОММУНАЛЬНОГО ХОЗЯЙСТВА, СТРОИТЕЛЬСТВА И ДОРОЖНОГО ХОЗЯЙСТВА АДМИНИСТРАЦИИ МУНИЦИПАЛЬНОГО ОБРАЗОВАНИЯ ""СМОЛЕНСКИЙ МУНИЦИПАЛЬНЫЙ ОКРУГ"" СМОЛЕНСКОЙ ОБЛАСТИ";27.01.2026;27.02.2026;Закупка завершена;;;25.02.2026;
44-ФЗ;№0373200006526000092;Электронный аукцион;Поставка расходных материалов (пленка и режущая пластина для аппарата Tissue-Tek) для нужд ЦПАО ГБУЗ «МГОБ № 62 ДЗМ»;;'262502400148250240100101220010000244;;;21508316.80;RUB;0;;;;;;"ГОСУДАРСТВЕННОЕ БЮДЖЕТНОЕ УЧРЕЖДЕНИЕ ЗДРАВООХРАНЕНИЯ ГОРОДА МОСКВЫ ""МОСКОВСКАЯ ГОРОДСКАЯ ОНКОЛОГИЧЕСКАЯ БОЛЬНИЦА № 62 ДЕПАРТАМЕНТА ЗДРАВООХРАНЕНИЯ ГОРОДА МОСКВЫ""";"ГОСУДАРСТВЕННОЕ БЮДЖЕТНОЕ УЧРЕЖДЕНИЕ ЗДРАВООХРАНЕНИЯ ГОРОДА МОСКВЫ ""МОСКОВСКАЯ ГОРОДСКАЯ ОНКОЛОГИЧЕСКАЯ БОЛЬНИЦА № 62 ДЕПАРТАМЕНТА ЗДРАВООХРАНЕНИЯ ГОРОДА МОСКВЫ""";17.02.2026;27.02.2026;Закупка завершена;;;25.02.2026;
44-ФЗ;№0372100030626000071;Электронный аукцион;Поставка протезов коленного сустава ;;'261781304544178040100100010663250244;;;10000000.00;RUB;0;;;;;;"ФЕДЕРАЛЬНОЕ ГОСУДАРСТВЕННОЕ БЮДЖЕТНОЕ УЧРЕЖДЕНИЕ ""НАЦИОНАЛЬНЫЙ МЕДИЦИНСКИЙ ИССЛЕДОВАТЕЛЬСКИЙ ЦЕНТР ТРАВМАТОЛОГИИ И ОРТОПЕДИИ ИМЕНИ Р.Р. ВРЕДЕНА"" МИНИСТЕРСТВА ЗДРАВООХРАНЕНИЯ РОССИЙСКОЙ ФЕДЕРАЦИИ";"ФЕДЕРАЛЬНОЕ ГОСУДАРСТВЕННОЕ БЮДЖЕТНОЕ УЧРЕЖДЕНИЕ ""НАЦИОНАЛЬНЫЙ МЕДИЦИНСКИЙ ИССЛЕДОВАТЕЛЬСКИЙ ЦЕНТР ТРАВМАТОЛОГИИ И ОРТОПЕДИИ ИМЕНИ Р.Р. ВРЕДЕНА"" МИНИСТЕРСТВА ЗДРАВООХРАНЕНИЯ РОССИЙСКОЙ ФЕДЕРАЦИИ";16.02.2026;27.02.2026;Закупка завершена;;;25.02.2026;
44-ФЗ;№0853500000326000565;Запрос котировок в электронной форме;На оказание охранных услуг;;'262561005163056100100100100028010244;;;5364163.20;RUB;0;;;;;;"ГОСУДАРСТВЕННОЕ БЮДЖЕТНОЕ ОБРАЗОВАТЕЛЬНОЕ УЧРЕЖДЕНИЕ ВЫСШЕГО ОБРАЗОВАНИЯ ""ОРЕНБУРГСКИЙ ГОСУДАРСТВЕННЫЙ ИНСТИТУТ ИСКУССТВ ИМ. Л. И М. РОСТРОПОВИЧЕЙ""";"ГОСУДАРСТВЕННОЕ КАЗЕННОЕ УЧРЕЖДЕНИЕ ОРЕНБУРГСКОЙ ОБЛАСТИ ""ЦЕНТР ОРГАНИЗАЦИИ ЗАКУПОК""";12.02.2026;27.02.2026;Закупка завершена;;;19.02.2026;
44-ФЗ;№0152300011926000108;Электронный аукцион на проведение работ по строительству, реконструкции, кап. ремонту, сносу объекта кап. строительства в соответствии с п. 8 ч. 1 ст. 33 Закона № 44-ФЗ;"Выполнение работ по капитальному ремонту объекта: ""Капитальный ремонт здания БОУ города Омска «Средняя общеобразовательная школа № 63» по адресу: г.Омск, ул. Энтузиастов, 25Б"" (Реестровый номер 33.0104.26)";;'263550305358355030100100080014120243;;;123728053.79;RUB;0;;;;;;ДЕПАРТАМЕНТ СТРОИТЕЛЬСТВА АДМИНИСТРАЦИИ ГОРОДА ОМСКА;ДЕПАРТАМЕНТ КОНТРАКТНОЙ СИСТЕМЫ В СФЕРЕ ЗАКУПОК АДМИНИСТРАЦИИ ГОРОДА ОМСКА;17.02.2026;27.02.2026;Закупка завершена;;;25.02.2026;
223-ФЗ;№32615713724;Иной способ;"Оказание услуг по строительному контролю для нужд АО ""Тюменьэнерго Инжиниринг""";;;1;"Оказание услуг по строительному контролю для нужд АО ""Тюменьэнерго Инжиниринг""";12692440.80;RUB;12692440.80;;;;71.12.13.000: Услуги по инженерно-техническому проектированию систем энергоснабжения;;"АКЦИОНЕРНОЕ ОБЩЕСТВО ""ТЮМЕНЬЭНЕРГО ИНЖИНИРИНГ""";"АКЦИОНЕРНОЕ ОБЩЕСТВО ""ТЮМЕНЬЭНЕРГО ИНЖИНИРИНГ""";17.02.2026;27.02.2026;Закупка завершена;;;27.02.2026 14:30;
44-ФЗ;№0328300129426000093;Электронный аукцион;"Благоустройство общественной территории ""Сквер по ул. Белинского"" (2 этап) (асфальтировка участка, установка скамеек и урн, устройство площадки ТКО, озеленение, устройство электроснабжения).";;'263330505787133050100100120024399244;;;8667348.14;RUB;0;;;;;;УПРАВЛЕНИЕ ГОРОДСКОГО ХОЗЯЙСТВА АДМИНИСТРАЦИИ ГОРОДА КОВРОВА;УПРАВЛЕНИЕ МУНИЦИПАЛЬНОГО ЗАКАЗА АДМИНИСТРАЦИИ ГОРОДА КОВРОВА;19.02.2026;27.02.2026;Закупка завершена;;;27.02.2026;
44-ФЗ;№0163600013926000015;Открытый конкурс в электронной форме;Ремонт участка автомобильной дороги по ул. Рождественская в д. Михновка Смоленского муниципального округа Смоленской области;;'263670002824267000100100060014211244;;;14647429.17;RUB;0;;;;;;"УПРАВЛЕНИЕ ЖИЛИЩНО-КОММУНАЛЬНОГО ХОЗЯЙСТВА, СТРОИТЕЛЬСТВА И ДОРОЖНОГО ХОЗЯЙСТВА АДМИНИСТРАЦИИ МУНИЦИПАЛЬНОГО ОБРАЗОВАНИЯ ""СМОЛЕНСКИЙ МУНИЦИПАЛЬНЫЙ ОКРУГ"" СМОЛЕНСКОЙ ОБЛАСТИ";"УПРАВЛЕНИЕ ЖИЛИЩНО-КОММУНАЛЬНОГО ХОЗЯЙСТВА, СТРОИТЕЛЬСТВА И ДОРОЖНОГО ХОЗЯЙСТВА АДМИНИСТРАЦИИ МУНИЦИПАЛЬНОГО ОБРАЗОВАНИЯ ""СМОЛЕНСКИЙ МУНИЦИПАЛЬНЫЙ ОКРУГ"" СМОЛЕНСКОЙ ОБЛАСТИ";06.02.2026;27.02.2026;Закупка завершена;;;24.02.2026;
44-ФЗ;№0163600013926000014;Открытый конкурс в электронной форме;Ремонт участка автомобильной дороги по ул. Центральной в д. Алтуховка Смоленского муниципального округа Смоленской области;;'263670002824267000100100040014211244;;;19769535.92;RUB;0;;;;;;"УПРАВЛЕНИЕ ЖИЛИЩНО-КОММУНАЛЬНОГО ХОЗЯЙСТВА, СТРОИТЕЛЬСТВА И ДОРОЖНОГО ХОЗЯЙСТВА АДМИНИСТРАЦИИ МУНИЦИПАЛЬНОГО ОБРАЗОВАНИЯ ""СМОЛЕНСКИЙ МУНИЦИПАЛЬНЫЙ ОКРУГ"" СМОЛЕНСКОЙ ОБЛАСТИ";"УПРАВЛЕНИЕ ЖИЛИЩНО-КОММУНАЛЬНОГО ХОЗЯЙСТВА, СТРОИТЕЛЬСТВА И ДОРОЖНОГО ХОЗЯЙСТВА АДМИНИСТРАЦИИ МУНИЦИПАЛЬНОГО ОБРАЗОВАНИЯ ""СМОЛЕНСКИЙ МУНИЦИПАЛЬНЫЙ ОКРУГ"" СМОЛЕНСКОЙ ОБЛАСТИ";06.02.2026;27.02.2026;Закупка завершена;;;24.02.2026;
44-ФЗ;№0329200062226000117;Открытый конкурс в электронной форме;Оказание услуг по организации питания обучающихся на базе муниципальных общеобразовательных учреждений Старополтавского муниципального района Волгоградской области в учебный и каникулярный период 2026 года;;263342901063634290100100050015629244, 263342901150234290100100040015629244, 263342901153434290100100040015629244, 263342901151034290100100030015629244, 263342901157334290100100040015629244, 263342901158034290100100050015629244, 263342901154134290100100050015629244, 263342901064334290100100040015629244, 263342901061134290100100060015629244, 263342901062934290100100050015629244, 263342901160834290100100040015629244;;;7259069.70;RUB;0;;;;;;;"ГОСУДАРСТВЕННОЕ КАЗЕННОЕ УЧРЕЖДЕНИЕ ВОЛГОГРАДСКОЙ ОБЛАСТИ ""ЦЕНТР ОРГАНИЗАЦИИ ЗАКУПОК""";10.02.2026;27.02.2026;Закупка завершена;;;26.02.2026;
44-ФЗ;№0373200017426000202;Электронный аукцион;Аукцион в электронной форме на право заключения контракта на поставку овощей (лот 2);;'262773411532977340100101520010000244;;;13891648.50;RUB;0;;;;;;"ГОСУДАРСТВЕННОЕ БЮДЖЕТНОЕ УЧРЕЖДЕНИЕ ЗДРАВООХРАНЕНИЯ ГОРОДА МОСКВЫ ""МОСКОВСКИЙ КЛИНИЧЕСКИЙ НАУЧНО-ИССЛЕДОВАТЕЛЬСКИЙ ЦЕНТР БОЛЬНИЦА 52 ДЕПАРТАМЕНТА ЗДРАВООХРАНЕНИЯ ГОРОДА МОСКВЫ""";"ГОСУДАРСТВЕННОЕ БЮДЖЕТНОЕ УЧРЕЖДЕНИЕ ЗДРАВООХРАНЕНИЯ ГОРОДА МОСКВЫ ""МОСКОВСКИЙ КЛИНИЧЕСКИЙ НАУЧНО-ИССЛЕДОВАТЕЛЬСКИЙ ЦЕНТР БОЛЬНИЦА 52 ДЕПАРТАМЕНТА ЗДРАВООХРАНЕНИЯ ГОРОДА МОСКВЫ""";11.02.2026;27.02.2026;Закупка завершена;;;25.02.2026;
44-ФЗ;№0373200017426000210;Запрос котировок в электронной форме;Электронный запрос котировок на право заключения контракта на поставку лекарственного средства: Альбумин человека (повторно).;;'262773411532977340100102710010000244;;;5238000.00;RUB;0;;;;;;"ГОСУДАРСТВЕННОЕ БЮДЖЕТНОЕ УЧРЕЖДЕНИЕ ЗДРАВООХРАНЕНИЯ ГОРОДА МОСКВЫ ""МОСКОВСКИЙ КЛИНИЧЕСКИЙ НАУЧНО-ИССЛЕДОВАТЕЛЬСКИЙ ЦЕНТР БОЛЬНИЦА 52 ДЕПАРТАМЕНТА ЗДРАВООХРАНЕНИЯ ГОРОДА МОСКВЫ""";"ГОСУДАРСТВЕННОЕ БЮДЖЕТНОЕ УЧРЕЖДЕНИЕ ЗДРАВООХРАНЕНИЯ ГОРОДА МОСКВЫ ""МОСКОВСКИЙ КЛИНИЧЕСКИЙ НАУЧНО-ИССЛЕДОВАТЕЛЬСКИЙ ЦЕНТР БОЛЬНИЦА 52 ДЕПАРТАМЕНТА ЗДРАВООХРАНЕНИЯ ГОРОДА МОСКВЫ""";16.02.2026;27.02.2026;Закупка завершена;;;25.02.2026;
44-ФЗ;№0373200017426000155;Электронный аукцион;Аукцион в электронной форме на право заключения контракта на поставку лекарственного средства: Бендамустин.;;'262773411532977340100102220010000244;;;11798986.00;RUB;0;;;;;;"ГОСУДАРСТВЕННОЕ БЮДЖЕТНОЕ УЧРЕЖДЕНИЕ ЗДРАВООХРАНЕНИЯ ГОРОДА МОСКВЫ ""МОСКОВСКИЙ КЛИНИЧЕСКИЙ НАУЧНО-ИССЛЕДОВАТЕЛЬСКИЙ ЦЕНТР БОЛЬНИЦА 52 ДЕПАРТАМЕНТА ЗДРАВООХРАНЕНИЯ ГОРОДА МОСКВЫ""";"ГОСУДАРСТВЕННОЕ БЮДЖЕТНОЕ УЧРЕЖДЕНИЕ ЗДРАВООХРАНЕНИЯ ГОРОДА МОСКВЫ ""МОСКОВСКИЙ КЛИНИЧЕСКИЙ НАУЧНО-ИССЛЕДОВАТЕЛЬСКИЙ ЦЕНТР БОЛЬНИЦА 52 ДЕПАРТАМЕНТА ЗДРАВООХРАНЕНИЯ ГОРОДА МОСКВЫ""";09.02.2026;27.02.2026;Закупка завершена;;;25.02.2026;
44-ФЗ;№0119200000126001620;Электронный аукцион;ЭА 2255/26 «Текущий ремонт помещений Центральной районной библиотеки МБУК «ЦБС Рыбинского района»»;;'263244800101824480100100700014399244;;;6246081.24;RUB;0;;;;;;"МУНИЦИПАЛЬНОЕ БЮДЖЕТНОЕ УЧРЕЖДЕНИЕ КУЛЬТУРЫ ""ЦЕНТРАЛИЗОВАННАЯ БИБЛИОТЕЧНАЯ СИСТЕМА РЫБИНСКОГО РАЙОНА""";АГЕНТСТВО ГОСУДАРСТВЕННОГО ЗАКАЗА КРАСНОЯРСКОГО КРАЯ;13.02.2026;27.02.2026;Закупка завершена;;;25.02.2026;
44-ФЗ;№0154300000226000035;Электронный аукцион;Благоустройство дворовой территории многоквартирного дома, расположенного по адресу: Орловская область, г. Ливны, ул. Дзержинского, 112;;'263570201387457020100100260014211244;;;5688911.24;RUB;0;;;;;;УПРАВЛЕНИЕ ЖИЛИЩНО-КОММУНАЛЬНОГО ХОЗЯЙСТВА АДМИНИСТРАЦИИ ГОРОДА ЛИВНЫ;АДМИНИСТРАЦИЯ ГОРОДА ЛИВНЫ ОРЛОВСКОЙ ОБЛАСТИ;16.02.2026;27.02.2026;Закупка завершена;;;26.02.2026;
44-ФЗ;№0131200001026000389;Электронный аукцион;2026-00564_На оказание комплекса услуг по сопровождению, технической поддержке и обеспечению защиты информации государственной информационной системы Воронежской области «Региональная автоматизированная информационная система Воронежской области «Мировые судьи», интегрированной с региональным фрагментом Государственной автоматизированной системы Российской Федерации «Правосудие»;;'262366583162836650100100230010000242;;;9803890.68;RUB;0;;;;;;"КАЗЕННОЕ УЧРЕЖДЕНИЕ ВОРОНЕЖСКОЙ ОБЛАСТИ ""ЦЕНТР ОБЕСПЕЧЕНИЯ ДЕЯТЕЛЬНОСТИ МИРОВЫХ СУДЕЙ ВОРОНЕЖСКОЙ ОБЛАСТИ И ПРАВИТЕЛЬСТВА ВОРОНЕЖСКОЙ ОБЛАСТИ""";МИНИСТЕРСТВО ПО РЕГУЛИРОВАНИЮ КОНТРАКТНОЙ СИСТЕМЫ В СФЕРЕ ЗАКУПОК ВОРОНЕЖСКОЙ ОБЛАСТИ;18.02.2026;27.02.2026;Закупка завершена;;;26.02.2026;
44-ФЗ;№0373200017426000203;Электронный аукцион;Аукцион в электронной форме на право заключения контракта на поставку хлеба;;'262773411532977340100101530010000244;;;5927630.00;RUB;0;;;;;;"ГОСУДАРСТВЕННОЕ БЮДЖЕТНОЕ УЧРЕЖДЕНИЕ ЗДРАВООХРАНЕНИЯ ГОРОДА МОСКВЫ ""МОСКОВСКИЙ КЛИНИЧЕСКИЙ НАУЧНО-ИССЛЕДОВАТЕЛЬСКИЙ ЦЕНТР БОЛЬНИЦА 52 ДЕПАРТАМЕНТА ЗДРАВООХРАНЕНИЯ ГОРОДА МОСКВЫ""";"ГОСУДАРСТВЕННОЕ БЮДЖЕТНОЕ УЧРЕЖДЕНИЕ ЗДРАВООХРАНЕНИЯ ГОРОДА МОСКВЫ ""МОСКОВСКИЙ КЛИНИЧЕСКИЙ НАУЧНО-ИССЛЕДОВАТЕЛЬСКИЙ ЦЕНТР БОЛЬНИЦА 52 ДЕПАРТАМЕНТА ЗДРАВООХРАНЕНИЯ ГОРОДА МОСКВЫ""";11.02.2026;27.02.2026;Закупка завершена;;;25.02.2026;
44-ФЗ;№0373200017426000198;Электронный аукцион;Аукцион в электронной форме на право заключения контракта на поставку мяса и мясных продуктов (говядина);;'262773411532977340100101500010000244;;;29103600.00;RUB;0;;;;;;"ГОСУДАРСТВЕННОЕ БЮДЖЕТНОЕ УЧРЕЖДЕНИЕ ЗДРАВООХРАНЕНИЯ ГОРОДА МОСКВЫ ""МОСКОВСКИЙ КЛИНИЧЕСКИЙ НАУЧНО-ИССЛЕДОВАТЕЛЬСКИЙ ЦЕНТР БОЛЬНИЦА 52 ДЕПАРТАМЕНТА ЗДРАВООХРАНЕНИЯ ГОРОДА МОСКВЫ""";"ГОСУДАРСТВЕННОЕ БЮДЖЕТНОЕ УЧРЕЖДЕНИЕ ЗДРАВООХРАНЕНИЯ ГОРОДА МОСКВЫ ""МОСКОВСКИЙ КЛИНИЧЕСКИЙ НАУЧНО-ИССЛЕДОВАТЕЛЬСКИЙ ЦЕНТР БОЛЬНИЦА 52 ДЕПАРТАМЕНТА ЗДРАВООХРАНЕНИЯ ГОРОДА МОСКВЫ""";11.02.2026;27.02.2026;Закупка завершена;;;25.02.2026;
44-ФЗ;№0373200017426000223;Электронный аукцион;Аукцион в электронной форме на право заключения контракта на поставку халатов операционных, одноразового использования.;;'262773411532977340100102660010000000;;;10718250.00;RUB;0;;;;;;"ГОСУДАРСТВЕННОЕ БЮДЖЕТНОЕ УЧРЕЖДЕНИЕ ЗДРАВООХРАНЕНИЯ ГОРОДА МОСКВЫ ""МОСКОВСКИЙ КЛИНИЧЕСКИЙ НАУЧНО-ИССЛЕДОВАТЕЛЬСКИЙ ЦЕНТР БОЛЬНИЦА 52 ДЕПАРТАМЕНТА ЗДРАВООХРАНЕНИЯ ГОРОДА МОСКВЫ""";"ГОСУДАРСТВЕННОЕ БЮДЖЕТНОЕ УЧРЕЖДЕНИЕ ЗДРАВООХРАНЕНИЯ ГОРОДА МОСКВЫ ""МОСКОВСКИЙ КЛИНИЧЕСКИЙ НАУЧНО-ИССЛЕДОВАТЕЛЬСКИЙ ЦЕНТР БОЛЬНИЦА 52 ДЕПАРТАМЕНТА ЗДРАВООХРАНЕНИЯ ГОРОДА МОСКВЫ""";16.02.2026;27.02.2026;Закупка завершена;;;25.02.2026;
44-ФЗ;№0373200017426000205;Электронный аукцион;Аукцион в электронной форме на право заключения контракта на поставку мяса и мясных продуктов (язык говяжий);;'262773411532977340100101450010000244;;;8884590.00;RUB;0;;;;;;"ГОСУДАРСТВЕННОЕ БЮДЖЕТНОЕ УЧРЕЖДЕНИЕ ЗДРАВООХРАНЕНИЯ ГОРОДА МОСКВЫ ""МОСКОВСКИЙ КЛИНИЧЕСКИЙ НАУЧНО-ИССЛЕДОВАТЕЛЬСКИЙ ЦЕНТР БОЛЬНИЦА 52 ДЕПАРТАМЕНТА ЗДРАВООХРАНЕНИЯ ГОРОДА МОСКВЫ""";"ГОСУДАРСТВЕННОЕ БЮДЖЕТНОЕ УЧРЕЖДЕНИЕ ЗДРАВООХРАНЕНИЯ ГОРОДА МОСКВЫ ""МОСКОВСКИЙ КЛИНИЧЕСКИЙ НАУЧНО-ИССЛЕДОВАТЕЛЬСКИЙ ЦЕНТР БОЛЬНИЦА 52 ДЕПАРТАМЕНТА ЗДРАВООХРАНЕНИЯ ГОРОДА МОСКВЫ""";11.02.2026;27.02.2026;Закупка завершена;;;25.02.2026;
44-ФЗ;№0373200017426000201;Электронный аукцион;Аукцион в электронной форме на право заключения контракта на поставку молочной продукции, лот 2 (сыры, масло, творог);;'262773411532977340100101510010000244;;;22037345.00;RUB;0;;;;;;"ГОСУДАРСТВЕННОЕ БЮДЖЕТНОЕ УЧРЕЖДЕНИЕ ЗДРАВООХРАНЕНИЯ ГОРОДА МОСКВЫ ""МОСКОВСКИЙ КЛИНИЧЕСКИЙ НАУЧНО-ИССЛЕДОВАТЕЛЬСКИЙ ЦЕНТР БОЛЬНИЦА 52 ДЕПАРТАМЕНТА ЗДРАВООХРАНЕНИЯ ГОРОДА МОСКВЫ""";"ГОСУДАРСТВЕННОЕ БЮДЖЕТНОЕ УЧРЕЖДЕНИЕ ЗДРАВООХРАНЕНИЯ ГОРОДА МОСКВЫ ""МОСКОВСКИЙ КЛИНИЧЕСКИЙ НАУЧНО-ИССЛЕДОВАТЕЛЬСКИЙ ЦЕНТР БОЛЬНИЦА 52 ДЕПАРТАМЕНТА ЗДРАВООХРАНЕНИЯ ГОРОДА МОСКВЫ""";11.02.2026;27.02.2026;Закупка завершена;;;25.02.2026;
44-ФЗ;№0373200017426000197;Электронный аукцион;Аукцион в электронной форме на право заключения контракта на поставку молочной продукции (лот 1);;'262773411532977340100101490010000244;;;17434722.50;RUB;0;;;;;;"ГОСУДАРСТВЕННОЕ БЮДЖЕТНОЕ УЧРЕЖДЕНИЕ ЗДРАВООХРАНЕНИЯ ГОРОДА МОСКВЫ ""МОСКОВСКИЙ КЛИНИЧЕСКИЙ НАУЧНО-ИССЛЕДОВАТЕЛЬСКИЙ ЦЕНТР БОЛЬНИЦА 52 ДЕПАРТАМЕНТА ЗДРАВООХРАНЕНИЯ ГОРОДА МОСКВЫ""";"ГОСУДАРСТВЕННОЕ БЮДЖЕТНОЕ УЧРЕЖДЕНИЕ ЗДРАВООХРАНЕНИЯ ГОРОДА МОСКВЫ ""МОСКОВСКИЙ КЛИНИЧЕСКИЙ НАУЧНО-ИССЛЕДОВАТЕЛЬСКИЙ ЦЕНТР БОЛЬНИЦА 52 ДЕПАРТАМЕНТА ЗДРАВООХРАНЕНИЯ ГОРОДА МОСКВЫ""";11.02.2026;27.02.2026;Закупка завершена;;;25.02.2026;
44-ФЗ;№0373200017426000221;Электронный аукцион;Аукцион в электронной форме на право заключения контракта на поставку реагентов и расходного материала для анализаторов  производства Радиометр, лот 5.;;'262773411532977340100102730010000244;;;7947042.00;RUB;0;;;;;;"ГОСУДАРСТВЕННОЕ БЮДЖЕТНОЕ УЧРЕЖДЕНИЕ ЗДРАВООХРАНЕНИЯ ГОРОДА МОСКВЫ ""МОСКОВСКИЙ КЛИНИЧЕСКИЙ НАУЧНО-ИССЛЕДОВАТЕЛЬСКИЙ ЦЕНТР БОЛЬНИЦА 52 ДЕПАРТАМЕНТА ЗДРАВООХРАНЕНИЯ ГОРОДА МОСКВЫ""";"ГОСУДАРСТВЕННОЕ БЮДЖЕТНОЕ УЧРЕЖДЕНИЕ ЗДРАВООХРАНЕНИЯ ГОРОДА МОСКВЫ ""МОСКОВСКИЙ КЛИНИЧЕСКИЙ НАУЧНО-ИССЛЕДОВАТЕЛЬСКИЙ ЦЕНТР БОЛЬНИЦА 52 ДЕПАРТАМЕНТА ЗДРАВООХРАНЕНИЯ ГОРОДА МОСКВЫ""";16.02.2026;27.02.2026;Закупка завершена;;;25.02.2026;
44-ФЗ;№0166100000526000002;Открытый конкурс в электронной форме на проведение работ по строительству, реконструкции, кап. ремонту, сносу объекта кап. строительства в соответствии с п. 8 ч. 1 ст. 33 Закона № 44-ФЗ;Выполнение работ по капитальному ремонту административного здания прокуратуры по адресу: г. Тула, ул. Комсомольская, д. 45, корп. 1;;'261710703084371070100100010014339243;;;84647524.47;RUB;0;;;;;;ПРОКУРАТУРА ТУЛЬСКОЙ ОБЛАСТИ;ПРОКУРАТУРА ТУЛЬСКОЙ ОБЛАСТИ;10.02.2026;27.02.2026;Закупка завершена;;;27.02.2026;
44-ФЗ;№0329200062226000196;Электронный аукцион;Оказание услуг по охране объектов ГБПОУ «ДЗК им. А.А. Шарова»;;'262340500714434050100100080018010244;;;6997320.00;RUB;0;;;;;;"ГОСУДАРСТВЕННОЕ БЮДЖЕТНОЕ ПРОФЕССИОНАЛЬНОЕ ОБРАЗОВАТЕЛЬНОЕ УЧРЕЖДЕНИЕ ""ДУБОВСКИЙ ЗООВЕТЕРИНАРНЫЙ КОЛЛЕДЖ ИМЕНИ ГЕРОЯ СОВЕТСКОГО СОЮЗА А. А. ШАРОВА""";"ГОСУДАРСТВЕННОЕ КАЗЕННОЕ УЧРЕЖДЕНИЕ ВОЛГОГРАДСКОЙ ОБЛАСТИ ""ЦЕНТР ОРГАНИЗАЦИИ ЗАКУПОК""";18.02.2026;27.02.2026;Закупка завершена;;;26.02.2026;
44-ФЗ;№0856400000226000006;Электронный аукцион;Оказание услуг по заготовке и вывозке древесины;;'261591903017759190100100170010000244;;;16649581.08;RUB;0;;;;;;"ФЕДЕРАЛЬНОЕ КАЗЕННОЕ УЧРЕЖДЕНИЕ ""ИСПРАВИТЕЛЬНАЯ КОЛОНИЯ № 4 С ОСОБЫМИ УСЛОВИЯМИ ХОЗЯЙСТВЕННОЙ ДЕЯТЕЛЬНОСТИ ГЛАВНОГО УПРАВЛЕНИЯ ФЕДЕРАЛЬНОЙ СЛУЖБЫ ИСПОЛНЕНИЯ НАКАЗАНИЙ ПО ПЕРМСКОМУ КРАЮ""";"ФЕДЕРАЛЬНОЕ КАЗЕННОЕ УЧРЕЖДЕНИЕ ""ИСПРАВИТЕЛЬНАЯ КОЛОНИЯ № 4 С ОСОБЫМИ УСЛОВИЯМИ ХОЗЯЙСТВЕННОЙ ДЕЯТЕЛЬНОСТИ ГЛАВНОГО УПРАВЛЕНИЯ ФЕДЕРАЛЬНОЙ СЛУЖБЫ ИСПОЛНЕНИЯ НАКАЗАНИЙ ПО ПЕРМСКОМУ КРАЮ""";19.02.2026;27.02.2026;Закупка завершена;;;27.02.2026;
44-ФЗ;№0373100068326000051;Электронный аукцион;Поставка электродов электрохирургических эндоскопических, монополярных, многоразового использования;;'261771300322277130100100060390000244;;;5795833.50;RUB;0;;;;;;"ФЕДЕРАЛЬНОЕ ГОСУДАРСТВЕННОЕ БЮДЖЕТНОЕ УЧРЕЖДЕНИЕ ""НАЦИОНАЛЬНЫЙ МЕДИЦИНСКИЙ ИССЛЕДОВАТЕЛЬСКИЙ ЦЕНТР ТРАВМАТОЛОГИИ И ОРТОПЕДИИ ИМЕНИ Н.Н. ПРИОРОВА"" МИНИСТЕРСТВА ЗДРАВООХРАНЕНИЯ РОССИЙСКОЙ ФЕДЕРАЦИИ";"ФЕДЕРАЛЬНОЕ ГОСУДАРСТВЕННОЕ БЮДЖЕТНОЕ УЧРЕЖДЕНИЕ ""НАЦИОНАЛЬНЫЙ МЕДИЦИНСКИЙ ИССЛЕДОВАТЕЛЬСКИЙ ЦЕНТР ТРАВМАТОЛОГИИ И ОРТОПЕДИИ ИМЕНИ Н.Н. ПРИОРОВА"" МИНИСТЕРСТВА ЗДРАВООХРАНЕНИЯ РОССИЙСКОЙ ФЕДЕРАЦИИ";18.02.2026;27.02.2026;Закупка завершена;;;26.02.2026;
44-ФЗ;№0162200011826000288;Электронный аукцион;Поставка иммунобиологического лекарственного препарата для медицинского применения;;'262666001041566710100100010060000244;;;69496637.10;RUB;0;;;;;;МИНИСТЕРСТВО ЗДРАВООХРАНЕНИЯ СВЕРДЛОВСКОЙ ОБЛАСТИ;ДЕПАРТАМЕНТ ГОСУДАРСТВЕННЫХ ЗАКУПОК СВЕРДЛОВСКОЙ ОБЛАСТИ;18.02.2026;27.02.2026;Закупка завершена;;;26.02.2026;
44-ФЗ;№0117100014026000005;Электронный аукцион на проведение работ по строительству, реконструкции, кап. ремонту, сносу объекта кап. строительства в соответствии с п. 8 ч. 1 ст. 33 Закона № 44-ФЗ;Выполнение работ по капитальному ремонту здания склада с пристроями Алтайской таможни, расположенного по адресу: Алтайский край, г. Барнаул, ул. Сизова, 47;;'261222501918822240100100320014339243;;;12876200.00;RUB;0;;;;;;АЛТАЙСКАЯ ТАМОЖНЯ;АЛТАЙСКАЯ ТАМОЖНЯ;17.02.2026;27.02.2026;Закупка завершена;;;25.02.2026;
44-ФЗ;№0357500000826000013;Электронный аукцион;Лекарственный препарат (Софосбувир);;'262602720197160270100100210012120244;;;16285500.00;RUB;0;;;;;;"ГОСУДАРСТВЕННОЕ БЮДЖЕТНОЕ УЧРЕЖДЕНИЕ ЗДРАВООХРАНЕНИЯ ПСКОВСКОЙ ОБЛАСТИ ""ПСКОВСКАЯ ОБЛАСТНАЯ ИНФЕКЦИОННАЯ КЛИНИЧЕСКАЯ БОЛЬНИЦА""";"ГОСУДАРСТВЕННОЕ БЮДЖЕТНОЕ УЧРЕЖДЕНИЕ ЗДРАВООХРАНЕНИЯ ПСКОВСКОЙ ОБЛАСТИ ""ПСКОВСКАЯ ОБЛАСТНАЯ ИНФЕКЦИОННАЯ КЛИНИЧЕСКАЯ БОЛЬНИЦА""";18.02.2026;27.02.2026;Закупка завершена;;;27.02.2026;
44-ФЗ;№0851200000626000652;Электронный аукцион;2026-№166 Поставка лекарственных препаратов для медицинского применения: Булевиртид;;'262540215512354020100102040012120244;;;18163200.00;RUB;0;;;;;;"ГОСУДАРСТВЕННОЕ КАЗЕННОЕ УЧРЕЖДЕНИЕ НОВОСИБИРСКОЙ ОБЛАСТИ ""НОВОСИБОБЛФАРМ""";"ГОСУДАРСТВЕННОЕ КАЗЕННОЕ УЧРЕЖДЕНИЕ НОВОСИБИРСКОЙ ОБЛАСТИ ""УПРАВЛЕНИЕ КОНТРАКТНОЙ СИСТЕМЫ""";16.02.2026;27.02.2026;Закупка завершена;;;25.02.2026;
44-ФЗ;№0158300007826000053;Электронный аукцион;Содержание автомобильных дорог;;'263615410729861540100100080014211244;;;60000000.00;RUB;0;;;;;;"МУНИЦИПАЛЬНОЕ КАЗЕННОЕ УЧРЕЖДЕНИЕ ""БЛАГОУСТРОЙСТВО""";АДМИНИСТРАЦИЯ ГОРОДА ТАГАНРОГА;18.02.2026;27.02.2026;Закупка завершена;;;26.02.2026;
44-ФЗ;№0373200138226000020;Открытый конкурс в электронной форме;"Разработка проектной документации на благоустройство прилегающей территории ГБПОУ г. Москвы ""КМТИ им. Г.П.Вишневской"" по адресу: г. Москва, ул. Суздальская, д. 40Б";;'262771066180177340100100130010000243;;;5990743.07;RUB;0;;;;;;"ГОСУДАРСТВЕННОЕ КАЗЕННОЕ УЧРЕЖДЕНИЕ ГОРОДА МОСКВЫ ""ТЕХНИЧЕСКИЙ ЦЕНТР ДЕПАРТАМЕНТА КУЛЬТУРЫ ГОРОДА МОСКВЫ""";"ГОСУДАРСТВЕННОЕ КАЗЕННОЕ УЧРЕЖДЕНИЕ ГОРОДА МОСКВЫ ""ТЕХНИЧЕСКИЙ ЦЕНТР ДЕПАРТАМЕНТА КУЛЬТУРЫ ГОРОДА МОСКВЫ""";27.01.2026;27.02.2026;Закупка завершена;;;12.02.2026;
44-ФЗ;№0152200004725001200;Электронный аукцион;Выполнение работ по благоустройству парка культуры и отдыха в городе Тара в рамках мероприятия «Благоустройство территории малых городов» государственной программы «Формирование комфортной городской среды» (Реестровый номер 25.34.1202);;'253553500751955350100100290014299244;;;8103786.67;RUB;0;;;;;;АДМИНИСТРАЦИЯ ТАРСКОГО ГОРОДСКОГО ПОСЕЛЕНИЯ ТАРСКОГО МУНИЦИПАЛЬНОГО РАЙОНА ОМСКОЙ ОБЛАСТИ;ГЛАВНОЕ УПРАВЛЕНИЕ КОНТРАКТНОЙ СИСТЕМЫ ОМСКОЙ ОБЛАСТИ;26.12.2025;27.02.2026;Закупка завершена;;;15.01.2026;
44-ФЗ;№0856400000226000007;Электронный аукцион;Оказание услуг по заготовке и вывозке древесины;;'261591903017759190100100180010000244;;;5497060.42;RUB;0;;;;;;"ФЕДЕРАЛЬНОЕ КАЗЕННОЕ УЧРЕЖДЕНИЕ ""ИСПРАВИТЕЛЬНАЯ КОЛОНИЯ № 4 С ОСОБЫМИ УСЛОВИЯМИ ХОЗЯЙСТВЕННОЙ ДЕЯТЕЛЬНОСТИ ГЛАВНОГО УПРАВЛЕНИЯ ФЕДЕРАЛЬНОЙ СЛУЖБЫ ИСПОЛНЕНИЯ НАКАЗАНИЙ ПО ПЕРМСКОМУ КРАЮ""";"ФЕДЕРАЛЬНОЕ КАЗЕННОЕ УЧРЕЖДЕНИЕ ""ИСПРАВИТЕЛЬНАЯ КОЛОНИЯ № 4 С ОСОБЫМИ УСЛОВИЯМИ ХОЗЯЙСТВЕННОЙ ДЕЯТЕЛЬНОСТИ ГЛАВНОГО УПРАВЛЕНИЯ ФЕДЕРАЛЬНОЙ СЛУЖБЫ ИСПОЛНЕНИЯ НАКАЗАНИЙ ПО ПЕРМСКОМУ КРАЮ""";19.02.2026;27.02.2026;Закупка завершена;;;27.02.2026;
44-ФЗ;№0307200030626000230;Электронный аукцион;"Оказание услуг по физической охране ГБУЗ РК ""Ухтинская физиотерапевтическая поликлиника""";;'262110200089011020100100040018010244;;;5377014.56;RUB;0;;;;;;"ГОСУДАРСТВЕННОЕ БЮДЖЕТНОЕ УЧРЕЖДЕНИЕ ЗДРАВООХРАНЕНИЯ РЕСПУБЛИКИ КОМИ ""УХТИНСКАЯ ФИЗИОТЕРАПЕВТИЧЕСКАЯ ПОЛИКЛИНИКА""";"ГОСУДАРСТВЕННОЕ КАЗЕННОЕ УЧРЕЖДЕНИЕ РЕСПУБЛИКИ КОМИ ""ЦЕНТР ОБЕСПЕЧЕНИЯ ОРГАНИЗАЦИИ И ПРОВЕДЕНИЯ ТОРГОВ""";18.02.2026;27.02.2026;Закупка завершена;;;26.02.2026;
44-ФЗ;№0817200000326001172;Электронный аукцион;Выполнение работ по ремонту дорожного покрытия ул.Мамонтовская в с.Новичиха Новичихинского района Алтайского края;;'263226000180322600100100020014211244;;;5033652.54;RUB;0;;;;;;АДМИНИСТРАЦИЯ НОВИЧИХИНСКОГО СЕЛЬСОВЕТА НОВИЧИХИНСКОГО РАЙОНА АЛТАЙСКОГО КРАЯ;"КРАЕВОЕ ГОСУДАРСТВЕННОЕ КАЗЕННОЕ УЧРЕЖДЕНИЕ ""ЦЕНТР ГОСУДАРСТВЕННЫХ ЗАКУПОК АЛТАЙСКОГО КРАЯ""";13.02.2026;27.02.2026;Закупка завершена;;;25.02.2026;
44-ФЗ;№0329100013426000002;Электронный аукцион;"Выполнение работ по текущему ремонту кабинетов в зданиях ФГБОУ ВО ""ВГСПУ"" в рамках федерального проекта ""Педагоги и наставники""";;'261344404918734440100100050014339244;;;9297947.46;RUB;0;;;;;;"ФЕДЕРАЛЬНОЕ ГОСУДАРСТВЕННОЕ БЮДЖЕТНОЕ ОБРАЗОВАТЕЛЬНОЕ УЧРЕЖДЕНИЕ ВЫСШЕГО ОБРАЗОВАНИЯ ""ВОЛГОГРАДСКИЙ ГОСУДАРСТВЕННЫЙ СОЦИАЛЬНО-ПЕДАГОГИЧЕСКИЙ УНИВЕРСИТЕТ""";"ФЕДЕРАЛЬНОЕ ГОСУДАРСТВЕННОЕ БЮДЖЕТНОЕ ОБРАЗОВАТЕЛЬНОЕ УЧРЕЖДЕНИЕ ВЫСШЕГО ОБРАЗОВАНИЯ ""ВОЛГОГРАДСКИЙ ГОСУДАРСТВЕННЫЙ СОЦИАЛЬНО-ПЕДАГОГИЧЕСКИЙ УНИВЕРСИТЕТ""";17.02.2026;27.02.2026;Закупка завершена;;;26.02.2026;
44-ФЗ;№0360200054026000009;Открытый конкурс в электронной форме;Ремонт автомобильной дороги по улицам Дорожной, Карла Маркса, Кирова, Загородная Роща в г. Марксе на участке км 0+000 – км 4+980 в Марксовском районе Саратовской области;;'262645211818264520100100170014211244;;;119650341.00;RUB;0;;;;;;"ГОСУДАРСТВЕННОЕ КАЗЕННОЕ УЧРЕЖДЕНИЕ САРАТОВСКОЙ ОБЛАСТИ ""ДИРЕКЦИЯ ДОРОЖНОГО ХОЗЯЙСТВА""";"ГОСУДАРСТВЕННОЕ КАЗЕННОЕ УЧРЕЖДЕНИЕ САРАТОВСКОЙ ОБЛАСТИ ""ДИРЕКЦИЯ ДОРОЖНОГО ХОЗЯЙСТВА""";09.02.2026;27.02.2026;Закупка завершена;;;27.02.2026;
44-ФЗ;№0168500000626000553;Электронный аукцион;Расходный материал для отделения кардиохиургии;;'262730000004373260100101020013250244;;;19076379.18;RUB;0;;;;;;ГОСУДАРСТВЕННОЕ УЧРЕЖДЕНИЕ ЗДРАВООХРАНЕНИЯ УЛЬЯНОВСКАЯ ОБЛАСТНАЯ КЛИНИЧЕСКАЯ БОЛЬНИЦА;АГЕНТСТВО ГОСУДАРСТВЕННЫХ ЗАКУПОК УЛЬЯНОВСКОЙ ОБЛАСТИ;19.02.2026;27.02.2026;Закупка завершена;;;27.02.2026;
44-ФЗ;№0832200006626000092;Электронный аукцион;Оказание услуг по сопровождению подсистем государственной информационной системы управления общественными финансами министерства финансов Нижегородской области;;'262520000002152600100100480016203242;;;173373390.00;RUB;0;;;;;;МИНИСТЕРСТВО ФИНАНСОВ НИЖЕГОРОДСКОЙ ОБЛАСТИ;"ГОСУДАРСТВЕННОЕ КАЗЕННОЕ УЧРЕЖДЕНИЕ НИЖЕГОРОДСКОЙ ОБЛАСТИ ""ЦЕНТР РАЗМЕЩЕНИЯ ЗАКАЗА НИЖЕГОРОДСКОЙ ОБЛАСТИ""";17.02.2026;27.02.2026;Закупка завершена;;;26.02.2026;
44-ФЗ;№0166300021426000006;Электронный аукцион;Выполнение работ по щебенению автодороги в с. Головлино Киреевского района;;'263712800481271280100100110014211244;;;11018595.55;RUB;0;;;;;;АДМИНИСТРАЦИЯ МУНИЦИПАЛЬНОГО ОБРАЗОВАНИЯ КИРЕЕВСКИЙ РАЙОН;АДМИНИСТРАЦИЯ МУНИЦИПАЛЬНОГО ОБРАЗОВАНИЯ КИРЕЕВСКИЙ РАЙОН;16.02.2026;27.02.2026;Закупка завершена;;;25.02.2026;
44-ФЗ;№0119200000126001673;Электронный аукцион;ЭА-№-1634/26 «Поставка энтерального питания для нужд КГКУ «Психоневрологический интернат для детей «Подсолнух»»;;'262246303249024630100100030011086244;;;25946075.21;RUB;0;;;;;;"КРАЕВОЕ ГОСУДАРСТВЕННОЕ КАЗЕННОЕ УЧРЕЖДЕНИЕ ""ПСИХОНЕВРОЛОГИЧЕСКИЙ ИНТЕРНАТ ДЛЯ ДЕТЕЙ ""ПОДСОЛНУХ""";АГЕНТСТВО ГОСУДАРСТВЕННОГО ЗАКАЗА КРАСНОЯРСКОГО КРАЯ;16.02.2026;27.02.2026;Закупка завершена;;;25.02.2026;
44-ФЗ;№0162200011826000295;Электронный аукцион;Выполнение работ по комплексному благоустройству улицы Путейцев с прилегающими территориями «ТУРИНСК – УРАЛЬСКИЙ» (в границах участка от улицы Ленина до пересечения улиц Путейцев - 8-го Марта) 1 этап;;'263667600367866760100100380014299244;;;28868441.66;RUB;0;;;;;;"МУНИЦИПАЛЬНОЕ КАЗЕННОЕ УЧРЕЖДЕНИЕ ""УПРАВЛЕНИЕ КАПИТАЛЬНОГО СТРОИТЕЛЬСТВА И ЖИЛИЩНО-КОММУНАЛЬНОГО ХОЗЯЙСТВА""";ДЕПАРТАМЕНТ ГОСУДАРСТВЕННЫХ ЗАКУПОК СВЕРДЛОВСКОЙ ОБЛАСТИ;18.02.2026;27.02.2026;Закупка завершена;;;26.02.2026;
44-ФЗ;№0826300021026000032;Открытый конкурс в электронной форме;Оказание услуг по организации питания;;263312805034631280100100060015629244, 263312813792831280100100090015629244, 263312810166431280100100080015629244;;;18997440.00;RUB;0;;;;;;;"МУНИЦИПАЛЬНОЕ КАЗЕННОЕ УЧРЕЖДЕНИЕ ""УПРАВЛЕНИЕ МУНИЦИПАЛЬНЫХ ЗАКУПОК СТАРООСКОЛЬСКОГО ГОРОДСКОГО ОКРУГА""";06.02.2026;27.02.2026;Закупка завершена;;;25.02.2026;
44-ФЗ;№0869200000226001057;Запрос котировок в электронной форме;"Выполнение работ по Капитальному ремонту Учебного корпуса № 1 ГБПОУ ""ЮУрГТК"" расположенного по адресу: г.Челябинск, ул.Горького, дом 15 (Пожарный выход; Коридор 3 этажа)";;'262745200146874520100100100014120243;;;9937104.99;RUB;0;;;;;;"ГОСУДАРСТВЕННОЕ БЮДЖЕТНОЕ ПРОФЕССИОНАЛЬНОЕ ОБРАЗОВАТЕЛЬНОЕ УЧРЕЖДЕНИЕ ""ЮЖНО-УРАЛЬСКИЙ ГОСУДАРСТВЕННЫЙ ТЕХНИЧЕСКИЙ КОЛЛЕДЖ""";"ГОСУДАРСТВЕННОЕ КАЗЕННОЕ УЧРЕЖДЕНИЕ ""ЦЕНТР ОРГАНИЗАЦИИ ЗАКУПОК ЧЕЛЯБИНСКОЙ ОБЛАСТИ""";19.02.2026;27.02.2026;Закупка завершена;;;27.02.2026;
44-ФЗ;№0158300034526000036;Запрос котировок в электронной форме;Поставка бензина автомобильного (розничная реализация) и топлива дизельного (розничная реализация);;'263610201212661020100100160010000244;;;5496703.29;RUB;0;;;;;;МУНИЦИПАЛЬНОЕ БЮДЖЕТНОЕ ОБЩЕОБРАЗОВАТЕЛЬНОЕ УЧРЕЖДЕНИЕ АКСАЙСКОГО РАЙОНА ОКТЯБРЬСКАЯ СРЕДНЯЯ ОБЩЕОБРАЗОВАТЕЛЬНАЯ ШКОЛА;АДМИНИСТРАЦИЯ АКСАЙСКОГО РАЙОНА;18.02.2026;27.02.2026;Закупка завершена;;;26.02.2026;
44-ФЗ;№0119200000126001596;Электронный аукцион;ЭА 1628/26 «Разработка проектов лесовосстановления, выполнение работ по лесовосстановлению и агротехнический уход за лесными растениями основных лесных древесных пород при использовании лесов для автомобильной дороги Енисейск – Высокогорский на участке км 10 - км 19»;;'262246001772024600100100610010240244;;;6856730.49;RUB;0;;;;;;"КРАЕВОЕ ГОСУДАРСТВЕННОЕ КАЗЁННОЕ УЧРЕЖДЕНИЕ ""УПРАВЛЕНИЕ АВТОМОБИЛЬНЫХ ДОРОГ ПО КРАСНОЯРСКОМУ КРАЮ""";АГЕНТСТВО ГОСУДАРСТВЕННОГО ЗАКАЗА КРАСНОЯРСКОГО КРАЯ;13.02.2026;27.02.2026;Закупка завершена;;;25.02.2026;
44-ФЗ;№0348100018726000013;Электронный аукцион;Грузопассажирский автомобиль ГАЗель NN A32S22 (или эквивалент);;'261503202613877310100100010012910244;;;15372000.00;RUB;0;;;;;;"ФЕДЕРАЛЬНОЕ ГОСУДАРСТВЕННОЕ БЮДЖЕТНОЕ НАУЧНОЕ УЧРЕЖДЕНИЕ ""ФЕДЕРАЛЬНЫЙ ИССЛЕДОВАТЕЛЬСКИЙ ЦЕНТР ""НЕМЧИНОВКА""";"ФЕДЕРАЛЬНОЕ ГОСУДАРСТВЕННОЕ БЮДЖЕТНОЕ НАУЧНОЕ УЧРЕЖДЕНИЕ ""ФЕДЕРАЛЬНЫЙ ИССЛЕДОВАТЕЛЬСКИЙ ЦЕНТР ""НЕМЧИНОВКА""";13.02.2026;27.02.2026;Закупка завершена;;;26.02.2026;
44-ФЗ;№0846500000626000050;Электронный аукцион;Лекарственный препарат для медицинского применения ГРАЗОПРЕВИР+ЭЛБАСВИР;;'262482602241448260100100040012120244;;;10398581.76;RUB;0;;;;;;"ГОСУДАРСТВЕННОЕ УЧРЕЖДЕНИЕ ЗДРАВООХРАНЕНИЯ ""ЛИПЕЦКИЙ ОБЛАСТНОЙ ЦЕНТР ИНФЕКЦИОННЫХ БОЛЕЗНЕЙ""";"ОБЛАСТНОЕ КАЗЕННОЕ УЧРЕЖДЕНИЕ ""УПРАВЛЕНИЕ ПО РАЗМЕЩЕНИЮ ГОСЗАКАЗА ЛИПЕЦКОЙ ОБЛАСТИ""";13.02.2026;27.02.2026;Закупка завершена;;;25.02.2026;
44-ФЗ;№0102200001626000165;Электронный аукцион;Выполнение работ по разработке проектно – сметной документации «Ликвидация свалки в с. Илька Заиграевского района Республики Бурятия»;;'262032602677303260100100120017112244;;;18648035.69;RUB;0;;;;;;МИНИСТЕРСТВО ПРИРОДНЫХ РЕСУРСОВ И ЭКОЛОГИИ РЕСПУБЛИКИ БУРЯТИЯ;РЕСПУБЛИКАНСКОЕ АГЕНТСТВО ПО ГОСУДАРСТВЕННЫМ ЗАКУПКАМ;16.02.2026;27.02.2026;Закупка завершена;;;26.02.2026;
44-ФЗ;№0857500000126000080;Запрос котировок в электронной форме;Поставка лекарственного препарата для медицинского применения ПАНКРЕАТИН (в целях социального обеспечения граждан);;'262600000367660000100100930012120323;;;8973800.00;RUB;0;;;;;;"ГОСУДАРСТВЕННОЕ КАЗЕННОЕ УЧРЕЖДЕНИЕ ЗДРАВООХРАНЕНИЯ ПСКОВСКОЙ ОБЛАСТИ ""УПРАВЛЕНИЕ ЛЕКАРСТВЕННОГО И МЕДИЦИНСКОГО ОБЕСПЕЧЕНИЯ""";"ГОСУДАРСТВЕННОЕ КАЗЕННОЕ УЧРЕЖДЕНИЕ ЗДРАВООХРАНЕНИЯ ПСКОВСКОЙ ОБЛАСТИ ""УПРАВЛЕНИЕ ЛЕКАРСТВЕННОГО И МЕДИЦИНСКОГО ОБЕСПЕЧЕНИЯ""";17.02.2026;27.02.2026;Закупка завершена;;;27.02.2026;
44-ФЗ;№0304200009026000426;Запрос котировок в электронной форме;ЗК.26-94-012Д451070 Поставка изделий медицинского назначения;;'262072106027807250100100360022660244;;;8140000.00;RUB;0;;;;;;"ГОСУДАРСТВЕННОЕ КАЗЕННОЕ УЧРЕЖДЕНИЕ ЗДРАВООХРАНЕНИЯ ""ФАРМЕДТЕХ"" МИНИСТЕРСТВА ЗДРАВООХРАНЕНИЯ КАБАРДИНО-БАЛКАРСКОЙ РЕСПУБЛИКИ";"ГОСУДАРСТВЕННОЕ КАЗЕННОЕ УЧРЕЖДЕНИЕ ЗДРАВООХРАНЕНИЯ ""ФАРМЕДТЕХ"" МИНИСТЕРСТВА ЗДРАВООХРАНЕНИЯ КАБАРДИНО-БАЛКАРСКОЙ РЕСПУБЛИКИ";19.02.2026;27.02.2026;Закупка завершена;;;27.02.2026;
44-ФЗ;№0321100008226000017;Электронный аукцион;Уголь;;'261263401770626340100100160010510244;;;7785000.00;RUB;0;;;;;;УПРАВЛЕНИЕ ФЕДЕРАЛЬНОЙ СЛУЖБЫ ИСПОЛНЕНИЯ НАКАЗАНИЙ ПО СТАВРОПОЛЬСКОМУ КРАЮ;УПРАВЛЕНИЕ ФЕДЕРАЛЬНОЙ СЛУЖБЫ ИСПОЛНЕНИЯ НАКАЗАНИЙ ПО СТАВРОПОЛЬСКОМУ КРАЮ;19.02.2026;27.02.2026;Закупка завершена;;;27.02.2026;
44-ФЗ;№0373200041526000086;Электронный аукцион;Оказание услуг по предоставлению в аренду мягкого инвентаря (подменного фонда), стирке и обработке белья в учреждениях, подведомственных Департаменту труда и социальной защиты населения города Москвы  (закупка 4.26);;'262770182732077080100101290010000244;;;29980000.00;RUB;0;;;;;;"ГОСУДАРСТВЕННОЕ КАЗЕННОЕ УЧРЕЖДЕНИЕ ГОРОДА МОСКВЫ ""ДИРЕКЦИЯ ПО ОБЕСПЕЧЕНИЮ ДЕЯТЕЛЬНОСТИ ОРГАНИЗАЦИЙ ТРУДА И СОЦИАЛЬНОЙ ЗАЩИТЫ НАСЕЛЕНИЯ ГОРОДА МОСКВЫ""";"ГОСУДАРСТВЕННОЕ КАЗЕННОЕ УЧРЕЖДЕНИЕ ГОРОДА МОСКВЫ ""ДИРЕКЦИЯ ПО ОБЕСПЕЧЕНИЮ ДЕЯТЕЛЬНОСТИ ОРГАНИЗАЦИЙ ТРУДА И СОЦИАЛЬНОЙ ЗАЩИТЫ НАСЕЛЕНИЯ ГОРОДА МОСКВЫ""";19.02.2026;27.02.2026;Закупка завершена;;;27.02.2026;
44-ФЗ;№0829500001126000807;Электронный аукцион;Поставка лекарственного препарата для медицинского применения Кризотиниб;;'262344390134534430100101760012120244;;;12106920.00;RUB;0;;;;;;"ГОСУДАРСТВЕННОЕ БЮДЖЕТНОЕ УЧРЕЖДЕНИЕ ЗДРАВООХРАНЕНИЯ ""ВОЛГОГРАДСКИЙ ОБЛАСТНОЙ КЛИНИЧЕСКИЙ ОНКОЛОГИЧЕСКИЙ ДИСПАНСЕР""";"ГОСУДАРСТВЕННОЕ КАЗЕННОЕ УЧРЕЖДЕНИЕ  ""ЦЕНТР СОПРОВОЖДЕНИЯ ЗАКУПОК ГОСУДАРСТВЕННЫХ УЧРЕЖДЕНИЙ ЗДРАВООХРАНЕНИЯ ВОЛГОГРАДСКОЙ ОБЛАСТИ""";16.02.2026;27.02.2026;Закупка завершена;;;26.02.2026;
44-ФЗ;№0164200001926000382;Электронный аукцион;Поставка лекарственного препарата для медицинского применения Олапариб в пользу граждан в целях их социального обеспечения;;'262683100324168290100100130552120323;;;13998045.60;RUB;0;;;;;;МИНИСТЕРСТВО ЗДРАВООХРАНЕНИЯ ТАМБОВСКОЙ ОБЛАСТИ;МИНИСТЕРСТВО ИМУЩЕСТВЕННЫХ ОТНОШЕНИЙ И ГОСУДАРСТВЕННОГО ЗАКАЗА ТАМБОВСКОЙ ОБЛАСТИ;17.02.2026;27.02.2026;Закупка завершена;;;26.02.2026;
44-ФЗ;№0373200052326000179;Электронный аукцион;Электронный аукцион на поставку средств дезинфицирующих (лот 1) (среди субъектов малого предпринимательства и социально ориентированных некоммерческих организаций) для нужд ГБУЗ «ГКБ им. Ф.И. Иноземцева ДЗМ»;;'262771904680077190100102420010000244;;;15551874.60;RUB;0;;;;;;"ГОСУДАРСТВЕННОЕ БЮДЖЕТНОЕ УЧРЕЖДЕНИЕ ЗДРАВООХРАНЕНИЯ ГОРОДА МОСКВЫ ""ГОРОДСКАЯ КЛИНИЧЕСКАЯ БОЛЬНИЦА ИМЕНИ Ф.И. ИНОЗЕМЦЕВА ДЕПАРТАМЕНТА ЗДРАВООХРАНЕНИЯ ГОРОДА МОСКВЫ""";"ГОСУДАРСТВЕННОЕ БЮДЖЕТНОЕ УЧРЕЖДЕНИЕ ЗДРАВООХРАНЕНИЯ ГОРОДА МОСКВЫ ""ГОРОДСКАЯ КЛИНИЧЕСКАЯ БОЛЬНИЦА ИМЕНИ Ф.И. ИНОЗЕМЦЕВА ДЕПАРТАМЕНТА ЗДРАВООХРАНЕНИЯ ГОРОДА МОСКВЫ""";18.02.2026;27.02.2026;Закупка завершена;;;26.02.2026;
44-ФЗ;№0164200001926000356;Электронный аукцион;Поставка лекарственного препарата для медицинского применения Пазопаниб в пользу граждан в целях их социального обеспечения;;'262683100324168290100100130492120323;;;10750800.00;RUB;0;;;;;;МИНИСТЕРСТВО ЗДРАВООХРАНЕНИЯ ТАМБОВСКОЙ ОБЛАСТИ;МИНИСТЕРСТВО ИМУЩЕСТВЕННЫХ ОТНОШЕНИЙ И ГОСУДАРСТВЕННОГО ЗАКАЗА ТАМБОВСКОЙ ОБЛАСТИ;16.02.2026;27.02.2026;Закупка завершена;;;26.02.2026;
44-ФЗ;№0348200027026000085;Запрос котировок в электронной форме;Поставка лекарственных препаратов в 2026 году (лот 188.2: СПИНРАЗА) по решению суда и врачебной комиссии;;'262770206615777020100100790020000244;;;16957679.55;RUB;0;;;;;;"ГОСУДАРСТВЕННОЕ БЮДЖЕТНОЕ УЧРЕЖДЕНИЕ ЗДРАВООХРАНЕНИЯ МОСКОВСКОЙ ОБЛАСТИ ""МОСКОВСКИЙ ОБЛАСТНОЙ НАУЧНО-ИССЛЕДОВАТЕЛЬСКИЙ КЛИНИЧЕСКИЙ ИНСТИТУТ ИМ. М.Ф.ВЛАДИМИРСКОГО""";"ГОСУДАРСТВЕННОЕ БЮДЖЕТНОЕ УЧРЕЖДЕНИЕ ЗДРАВООХРАНЕНИЯ МОСКОВСКОЙ ОБЛАСТИ ""МОСКОВСКИЙ ОБЛАСТНОЙ НАУЧНО-ИССЛЕДОВАТЕЛЬСКИЙ КЛИНИЧЕСКИЙ ИНСТИТУТ ИМ. М.Ф.ВЛАДИМИРСКОГО""";17.02.2026;27.02.2026;Закупка завершена;;;25.02.2026;
44-ФЗ;№0318300017526000020;Электронный аукцион;Ямочный ремонт автомобильных дорог в г. Усть-Лабинске;;'263237301918123730100100060024211244;;;19997762.72;RUB;0;;;;;;"МУНИЦИПАЛЬНОЕ КАЗЕННОЕ УЧРЕЖДЕНИЕ УСТЬ-ЛАБИНСКОГО ГОРОДСКОГО ПОСЕЛЕНИЯ УСТЬ-ЛАБИНСКОГО РАЙОНА ""ЧИСТЫЙ ГОРОД""";АДМИНИСТРАЦИЯ МУНИЦИПАЛЬНОГО ОБРАЗОВАНИЯ УСТЬ-ЛАБИНСКИЙ РАЙОН;18.02.2026;27.02.2026;Закупка завершена;;;26.02.2026;
44-ФЗ;№0235100000126000015;Электронный аукцион;Поставка автомобилей получателям в целях их социального обеспечения в 2026 году;;'261390400051439060100100180012910323;;;9039333.35;RUB;0;;;;;;ОТДЕЛЕНИЕ ФОНДА ПЕНСИОННОГО И СОЦИАЛЬНОГО СТРАХОВАНИЯ РОССИЙСКОЙ ФЕДЕРАЦИИ ПО КАЛИНИНГРАДСКОЙ ОБЛАСТИ;ОТДЕЛЕНИЕ ФОНДА ПЕНСИОННОГО И СОЦИАЛЬНОГО СТРАХОВАНИЯ РОССИЙСКОЙ ФЕДЕРАЦИИ ПО КАЛИНИНГРАДСКОЙ ОБЛАСТИ;17.02.2026;27.02.2026;Закупка завершена;;;25.02.2026;
44-ФЗ;№0310200000326000427;Электронный аукцион;оказание услуг по техническому обслуживанию  и ремонту легкового автотранспорта;;'262150000344215000100100270010000244;;;9500000.00;RUB;0;;;;;;"ГОСУДАРСТВЕННОЕ БЮДЖЕТНОЕ УЧРЕЖДЕНИЕ ЗДРАВООХРАНЕНИЯ ""СТАНЦИЯ СКОРОЙ МЕДИЦИНСКОЙ ПОМОЩИ"" МИНИСТЕРСТВА ЗДРАВООХРАНЕНИЯ РЕСПУБЛИКИ СЕВЕРНАЯ ОСЕТИЯ-АЛАНИЯ";УПРАВЛЕНИЕ РЕСПУБЛИКИ СЕВЕРНАЯ ОСЕТИЯ-АЛАНИЯ ПО ПРОВЕДЕНИЮ ЗАКУПОК ДЛЯ ГОСУДАРСТВЕННЫХ НУЖД;18.02.2026;27.02.2026;Закупка завершена;;;26.02.2026;
44-ФЗ;№0373200041126000048;Электронный аукцион;"Ремонт топливной аппаратуры двигателей автомобильной и самоходной техники ГБУ ""Жилищник района Некрасовка""";;'262772185441077210100100270010000244;;;6000000.00;RUB;0;;;;;;"ГОСУДАРСТВЕННОЕ БЮДЖЕТНОЕ УЧРЕЖДЕНИЕ ГОРОДА МОСКВЫ ""ЖИЛИЩНИК РАЙОНА НЕКРАСОВКА""";"ГОСУДАРСТВЕННОЕ КАЗЕННОЕ УЧРЕЖДЕНИЕ ГОРОДА МОСКВЫ ""ДИРЕКЦИЯ ЗАКАЗЧИКА ЖИЛИЩНО-КОММУНАЛЬНОГО ХОЗЯЙСТВА И БЛАГОУСТРОЙСТВА ЮГО-ВОСТОЧНОГО АДМИНИСТРАТИВНОГО ОКРУГА""";18.02.2026;27.02.2026;Закупка завершена;;;26.02.2026;
44-ФЗ;№0301100049626000099;Электронный аукцион;Оказание услуг по техническому обслуживанию с заменой запасных частей медицинского оборудования ЦСО для нужд ФГБОУ ВО БГМУ Минздрава России (ВЦГПХ) ;;'261027402308802740100100080200000244;;;6178820.00;RUB;0;;;;;;"ФЕДЕРАЛЬНОЕ ГОСУДАРСТВЕННОЕ БЮДЖЕТНОЕ ОБРАЗОВАТЕЛЬНОЕ УЧРЕЖДЕНИЕ ВЫСШЕГО ОБРАЗОВАНИЯ ""БАШКИРСКИЙ ГОСУДАРСТВЕННЫЙ МЕДИЦИНСКИЙ УНИВЕРСИТЕТ"" МИНИСТЕРСТВА ЗДРАВООХРАНЕНИЯ РОССИЙСКОЙ ФЕДЕРАЦИИ";"ФЕДЕРАЛЬНОЕ ГОСУДАРСТВЕННОЕ БЮДЖЕТНОЕ ОБРАЗОВАТЕЛЬНОЕ УЧРЕЖДЕНИЕ ВЫСШЕГО ОБРАЗОВАНИЯ ""БАШКИРСКИЙ ГОСУДАРСТВЕННЫЙ МЕДИЦИНСКИЙ УНИВЕРСИТЕТ"" МИНИСТЕРСТВА ЗДРАВООХРАНЕНИЯ РОССИЙСКОЙ ФЕДЕРАЦИИ";17.02.2026;27.02.2026;Закупка завершена;;;26.02.2026;
44-ФЗ;№0360200054026000014;Открытый конкурс в электронной форме;Ремонт автоподъезда к с. Старые Бурасы от автомобильной дороги «Новые Бурасы – ж/д ст. Бурасы – Динамовский» на участке км 1+680- км 3+150 в Базарно-Карабулакском районе Саратовской области;;'262645211818264520100100070014211244;;;47435796.00;RUB;0;;;;;;"ГОСУДАРСТВЕННОЕ КАЗЕННОЕ УЧРЕЖДЕНИЕ САРАТОВСКОЙ ОБЛАСТИ ""ДИРЕКЦИЯ ДОРОЖНОГО ХОЗЯЙСТВА""";"ГОСУДАРСТВЕННОЕ КАЗЕННОЕ УЧРЕЖДЕНИЕ САРАТОВСКОЙ ОБЛАСТИ ""ДИРЕКЦИЯ ДОРОЖНОГО ХОЗЯЙСТВА""";05.02.2026;27.02.2026;Закупка завершена;;;25.02.2026;
44-ФЗ;№0142200001325032273;Открытый конкурс в электронной форме на проведение работ по строительству, реконструкции, кап. ремонту, сносу объекта кап. строительства в соответствии с п. 8 ч. 1 ст. 33 Закона № 44-ФЗ;"Выполнение работ по строительству по объекту: ""Проектирование и строительство физкультурно-оздоровительного комплекса по адресу: Самарская область, г. Тольятти, Комсомольский район, ул. Гидротехническая, 36""";;'252631585657263150100100550014399414;;;290465467.01;RUB;0;;;;;;"ГОСУДАРСТВЕННОЕ КАЗЕННОЕ УЧРЕЖДЕНИЕ САМАРСКОЙ ОБЛАСТИ ""УПРАВЛЕНИЕ КАПИТАЛЬНОГО СТРОИТЕЛЬСТВА""";КОМИТЕТ ПО ОРГАНИЗАЦИИ ТОРГОВ САМАРСКОЙ ОБЛАСТИ;30.12.2025;27.02.2026;Закупка завершена;;;21.01.2026;
44-ФЗ;№0332100022826000004;Электронный аукцион;Оказание услуг по физической охране имущества Федерального государственного бюджетного образовательного учреждения высшего образования «Нижегородский государственный агротехнологический университет имени Л.Я. Флорентьева;;'261526100279552610100100090028010244;;;12986487.00;RUB;0;;;;;;"ФЕДЕРАЛЬНОЕ ГОСУДАРСТВЕННОЕ БЮДЖЕТНОЕ ОБРАЗОВАТЕЛЬНОЕ УЧРЕЖДЕНИЕ ВЫСШЕГО ОБРАЗОВАНИЯ ""НИЖЕГОРОДСКИЙ ГОСУДАРСТВЕННЫЙ АГРОТЕХНОЛОГИЧЕСКИЙ УНИВЕРСИТЕТ ИМЕНИ Л.Я. ФЛОРЕНТЬЕВА""";"ФЕДЕРАЛЬНОЕ ГОСУДАРСТВЕННОЕ БЮДЖЕТНОЕ ОБРАЗОВАТЕЛЬНОЕ УЧРЕЖДЕНИЕ ВЫСШЕГО ОБРАЗОВАНИЯ ""НИЖЕГОРОДСКИЙ ГОСУДАРСТВЕННЫЙ АГРОТЕХНОЛОГИЧЕСКИЙ УНИВЕРСИТЕТ ИМЕНИ Л.Я. ФЛОРЕНТЬЕВА""";19.02.2026;27.02.2026;Закупка завершена;;;27.02.2026;
44-ФЗ;№0164200001926000354;Электронный аукцион;Поставка лекарственного препарата для медицинского применения Аталурен в пользу граждан в целях их социального обеспечения;;'262683100324168290100100130512120323;;;19855135.65;RUB;0;;;;;;МИНИСТЕРСТВО ЗДРАВООХРАНЕНИЯ ТАМБОВСКОЙ ОБЛАСТИ;МИНИСТЕРСТВО ИМУЩЕСТВЕННЫХ ОТНОШЕНИЙ И ГОСУДАРСТВЕННОГО ЗАКАЗА ТАМБОВСКОЙ ОБЛАСТИ;16.02.2026;27.02.2026;Закупка завершена;;;26.02.2026;
44-ФЗ;№0873500001826002085;Электронный аукцион;Аукцион в электронной форме на право заключения контракта на поставку лекарственных препаратов (Риоцигуат) для обеспечения граждан, имеющих право на получение государственной социальной помощи в городе Москве (УНЗ Z266057);;'262771433860977344300114970010000323;;;14192120.88;RUB;0;;;;;;"ФИЛИАЛ № 1 ГКУ ""АЗ (КС) ДЗМ""";"ФИЛИАЛ № 1 ГКУ ""АЗ (КС) ДЗМ""";16.02.2026;27.02.2026;Закупка завершена;;;25.02.2026;
44-ФЗ;№0136500001126000651;Электронный аукцион;Поставка медицинских изделий для нужд ГБУЗ ТО ОЦ СПИД на 2026 год;;'262690504495069500100100050030000244;;;15277500.00;RUB;0;;;;;;МИНИСТЕРСТВО ЗДРАВООХРАНЕНИЯ ТВЕРСКОЙ ОБЛАСТИ;КОМИТЕТ ГОСУДАРСТВЕННОГО ЗАКАЗА ТВЕРСКОЙ ОБЛАСТИ;17.02.2026;27.02.2026;Закупка завершена;;;27.02.2026;
44-ФЗ;№0362100036426000003;Электронный аукцион;Поставка картриджей для твердофазной экстракции в ФБУЗ Центр гигиены и эпидемиологии в Свердловской области;;'261667008196966700100100060012059244;;;5571376.00;RUB;0;;;;;;"ФЕДЕРАЛЬНОЕ БЮДЖЕТНОЕ УЧРЕЖДЕНИЕ ЗДРАВООХРАНЕНИЯ ""ЦЕНТР ГИГИЕНЫ И ЭПИДЕМИОЛОГИИ В СВЕРДЛОВСКОЙ ОБЛАСТИ""";"ФЕДЕРАЛЬНОЕ БЮДЖЕТНОЕ УЧРЕЖДЕНИЕ ЗДРАВООХРАНЕНИЯ ""ЦЕНТР ГИГИЕНЫ И ЭПИДЕМИОЛОГИИ В СВЕРДЛОВСКОЙ ОБЛАСТИ""";11.02.2026;27.02.2026;Закупка завершена;;;26.02.2026;
44-ФЗ;№0136500001126000674;Электронный аукцион;Выполнение работ по обеспечению безопасности дорожного движения;;'263690801875869080100100050014211244;;;6476709.01;RUB;0;;;;;;УПРАВЛЕНИЕ ЖИЛИЩНО-КОММУНАЛЬНОГО ХОЗЯЙСТВА, ДОРОЖНОЙ ДЕЯТЕЛЬНОСТИ И БЛАГОУСТРОЙСТВА АДМИНИСТРАЦИИ ВЫШНЕВОЛОЦКОГО МУНИЦИПАЛЬНОГО ОКРУГА;КОМИТЕТ ГОСУДАРСТВЕННОГО ЗАКАЗА ТВЕРСКОЙ ОБЛАСТИ;17.02.2026;27.02.2026;Закупка завершена;;;27.02.2026;
44-ФЗ;№0306300053626000018;Электронный аукцион;Оказание услуг по проведению цитологических исследований для ГБУЗ «Городская поликлиника №4» в 2026 году;;'262100102731010010100100140028690244;;;6033400.00;RUB;0;;;;;;"ГОСУДАРСТВЕННОЕ БЮДЖЕТНОЕ УЧРЕЖДЕНИЕ ЗДРАВООХРАНЕНИЯ РЕСПУБЛИКИ КАРЕЛИЯ ""ГОРОДСКАЯ ПОЛИКЛИНИКА № 4""";"ГОСУДАРСТВЕННОЕ БЮДЖЕТНОЕ УЧРЕЖДЕНИЕ ЗДРАВООХРАНЕНИЯ РЕСПУБЛИКИ КАРЕЛИЯ ""ГОРОДСКАЯ ПОЛИКЛИНИКА № 4""";18.02.2026;27.02.2026;Закупка завершена;;;27.02.2026;
44-ФЗ;№0817200000326000797;Открытый конкурс в электронной форме на проведение работ по строительству, реконструкции, кап. ремонту, сносу объекта кап. строительства в соответствии с п. 8 ч. 1 ст. 33 Закона № 44-ФЗ;Капитальный ремонт здания «Черемушкинской СОШ» имени Героя Советского Союза И.Н. Черникова, филиала МБОУ Залесовская СОШ №2 расположенного по адресу: Залесовский м.о., с. Черемушкино, ул. Анатолия, 32;;'263224200481922420100100060014120243;;;49425200.00;RUB;0;;;;;;УПРАВЛЕНИЕ ПО СОЦИАЛЬНОЙ ПОЛИТИКЕ ЗАЛЕСОВСКОГО МУНИЦИПАЛЬНОГО ОКРУГА;"КРАЕВОЕ ГОСУДАРСТВЕННОЕ КАЗЕННОЕ УЧРЕЖДЕНИЕ ""ЦЕНТР ГОСУДАРСТВЕННЫХ ЗАКУПОК АЛТАЙСКОГО КРАЯ""";05.02.2026;27.02.2026;Закупка завершена;;;25.02.2026;
44-ФЗ;№0848300051726000037;Открытый конкурс в электронной форме;Выполнение работ по ремонту дворовых территорий в Сергиево-Посадском городском округе Московской области в 2026 году (лот 2);;'263504213451050420100100230014299244;;;46575601.55;RUB;0;;;;;;"МУНИЦИПАЛЬНОЕ БЮДЖЕТНОЕ УЧРЕЖДЕНИЕ ""БЛАГОУСТРОЙСТВО СЕРГИЕВ ПОСАД""";"МУНИЦИПАЛЬНОЕ КАЗЕННОЕ УЧРЕЖДЕНИЕ ""ЦЕНТР МУНИЦИПАЛЬНЫХ ЗАКУПОК СЕРГИЕВО-ПОСАДСКОГО ГОРОДСКОГО ОКРУГА""";06.02.2026;27.02.2026;Закупка завершена;;;25.02.2026;
44-ФЗ;№0164200001926000353;Электронный аукцион;Поставка лекарственного препарата для медицинского применения Саксаглиптин в пользу граждан в целях их социального обеспечения;;'262683100324168290100100130522120323;;;8431200.00;RUB;0;;;;;;МИНИСТЕРСТВО ЗДРАВООХРАНЕНИЯ ТАМБОВСКОЙ ОБЛАСТИ;МИНИСТЕРСТВО ИМУЩЕСТВЕННЫХ ОТНОШЕНИЙ И ГОСУДАРСТВЕННОГО ЗАКАЗА ТАМБОВСКОЙ ОБЛАСТИ;16.02.2026;27.02.2026;Закупка завершена;;;26.02.2026;
44-ФЗ;№0373200557926000022;Электронный аукцион;Поставка эмали;;'262772276542877220100100240010000244;;;29900000.00;RUB;0;;;;;;"ГОСУДАРСТВЕННОЕ БЮДЖЕТНОЕ УЧРЕЖДЕНИЕ ГОРОДА МОСКВЫ ПО ЭКСПЛУАТАЦИИ И РЕМОНТУ ИНЖЕНЕРНЫХ СООРУЖЕНИЙ ""ГОРМОСТ""";"ГОСУДАРСТВЕННОЕ БЮДЖЕТНОЕ УЧРЕЖДЕНИЕ ГОРОДА МОСКВЫ ПО ЭКСПЛУАТАЦИИ И РЕМОНТУ ИНЖЕНЕРНЫХ СООРУЖЕНИЙ ""ГОРМОСТ""";16.02.2026;27.02.2026;Закупка завершена;;;25.02.2026;
44-ФЗ;№0155200000926000102;Электронный аукцион;Поставка лекарственного препарата для медицинского применения РАНИБИЗУМАБ;;'262583700855858370100100140012120244;;;9963343.87;RUB;0;;;;;;"ГОСУДАРСТВЕННОЕ БЮДЖЕТНОЕ УЧРЕЖДЕНИЕ ЗДРАВООХРАНЕНИЯ ""ПЕНЗЕНСКАЯ ОБЛАСТНАЯ ОФТАЛЬМОЛОГИЧЕСКАЯ БОЛЬНИЦА""";МИНИСТЕРСТВО ЭКОНОМИЧЕСКОГО РАЗВИТИЯ И ПРОМЫШЛЕННОСТИ ПЕНЗЕНСКОЙ ОБЛАСТИ;19.02.2026;27.02.2026;Закупка завершена;;;27.02.2026;
44-ФЗ;№0373200138226000086;Запрос котировок в электронной форме;"Оказание услуг по очистке кровель зданий ГБУК г. Москвы ""Московский музей современного искусства"" от снега, наледи и сосулек (2026-2027)";;'262770727805077070100100090010000244;;;5911296.93;RUB;0;;;;;;"ГОСУДАРСТВЕННОЕ БЮДЖЕТНОЕ УЧРЕЖДЕНИЕ КУЛЬТУРЫ ГОРОДА МОСКВЫ ""МОСКОВСКИЙ МУЗЕЙ СОВРЕМЕННОГО ИСКУССТВА""";"ГОСУДАРСТВЕННОЕ КАЗЕННОЕ УЧРЕЖДЕНИЕ ГОРОДА МОСКВЫ ""ТЕХНИЧЕСКИЙ ЦЕНТР ДЕПАРТАМЕНТА КУЛЬТУРЫ ГОРОДА МОСКВЫ""";17.02.2026;27.02.2026;Закупка завершена;;;25.02.2026;
44-ФЗ;№0320300090626000034;Запрос котировок в электронной форме;Сетки проволочные для тромбэктомии;;'262250400167025400100100160110000244;;;6390192.48;RUB;0;;;;;;"КРАЕВОЕ ГОСУДАРСТВЕННОЕ БЮДЖЕТНОЕ УЧРЕЖДЕНИЕ ЗДРАВООХРАНЕНИЯ ""ВЛАДИВОСТОКСКАЯ КЛИНИЧЕСКАЯ БОЛЬНИЦА № 1""";"КРАЕВОЕ ГОСУДАРСТВЕННОЕ БЮДЖЕТНОЕ УЧРЕЖДЕНИЕ ЗДРАВООХРАНЕНИЯ ""ВЛАДИВОСТОКСКАЯ КЛИНИЧЕСКАЯ БОЛЬНИЦА № 1""";10.02.2026;27.02.2026;Закупка завершена;;;17.02.2026;
44-ФЗ;№0201100003826000126;Электронный аукцион;Оказание услуг по санаторно-курортному лечению гражданам - получателям государственной социальной помощи в виде набора социальных услуг в организациях, оказывающих санаторно-курортную помощь;;'261027805535502740100101490018690323;;;16814160.00;RUB;0;;;;;;ОТДЕЛЕНИЕ ФОНДА ПЕНСИОННОГО И СОЦИАЛЬНОГО СТРАХОВАНИЯ РОССИЙСКОЙ ФЕДЕРАЦИИ ПО РЕСПУБЛИКЕ БАШКОРТОСТАН;ОТДЕЛЕНИЕ ФОНДА ПЕНСИОННОГО И СОЦИАЛЬНОГО СТРАХОВАНИЯ РОССИЙСКОЙ ФЕДЕРАЦИИ ПО РЕСПУБЛИКЕ БАШКОРТОСТАН;16.02.2026;27.02.2026;Закупка завершена;;;25.02.2026;
44-ФЗ;№0258100000826000028;Электронный аукцион;Оказание услуг по санаторно-курортному лечению граждан, получателей набора социальных услуг, по профилю лечения болезней костно-мышечной системы и соединительной ткани, в том числе передвигающихся на инвалидных колясках, в 2026 году в целях социального обеспечения;;'261616301349461630100101370018690323;;;5482890.00;RUB;0;;;;;;ОТДЕЛЕНИЕ ФОНДА ПЕНСИОННОГО И СОЦИАЛЬНОГО СТРАХОВАНИЯ РОССИЙСКОЙ ФЕДЕРАЦИИ ПО РОСТОВСКОЙ ОБЛАСТИ;ОТДЕЛЕНИЕ ФОНДА ПЕНСИОННОГО И СОЦИАЛЬНОГО СТРАХОВАНИЯ РОССИЙСКОЙ ФЕДЕРАЦИИ ПО РОСТОВСКОЙ ОБЛАСТИ;16.02.2026;27.02.2026;Закупка завершена;;;25.02.2026;
44-ФЗ;№0335100015626000067;Электронный аукцион;оказание услуг по техническому обслуживанию оборудования;;'261391751345739170100100120030000244;;;24237470.00;RUB;0;;;;;;"ФЕДЕРАЛЬНОЕ ГОСУДАРСТВЕННОЕ БЮДЖЕТНОЕ УЧРЕЖДЕНИЕ ""ФЕДЕРАЛЬНЫЙ ЦЕНТР ВЫСОКИХ МЕДИЦИНСКИХ ТЕХНОЛОГИЙ"" МИНИСТЕРСТВА ЗДРАВООХРАНЕНИЯ РОССИЙСКОЙ ФЕДЕРАЦИИ (Г. КАЛИНИНГРАД)";"ФЕДЕРАЛЬНОЕ ГОСУДАРСТВЕННОЕ БЮДЖЕТНОЕ УЧРЕЖДЕНИЕ ""ФЕДЕРАЛЬНЫЙ ЦЕНТР ВЫСОКИХ МЕДИЦИНСКИХ ТЕХНОЛОГИЙ"" МИНИСТЕРСТВА ЗДРАВООХРАНЕНИЯ РОССИЙСКОЙ ФЕДЕРАЦИИ (Г. КАЛИНИНГРАД)";18.02.2026;27.02.2026;Закупка завершена;;;26.02.2026;
44-ФЗ;№0432200000826000502;Запрос котировок в электронной форме;Ц-4051_Закупка медицинских изделий;;'262526013629952600100100372440000000;;;20655000.00;RUB;0;;;;;;"ГОСУДАРСТВЕННОЕ ПРЕДПРИЯТИЕ НИЖЕГОРОДСКОЙ ОБЛАСТИ ""НИЖЕГОРОДСКАЯ ОБЛАСТНАЯ ФАРМАЦИЯ""";"ГОСУДАРСТВЕННОЕ ПРЕДПРИЯТИЕ НИЖЕГОРОДСКОЙ ОБЛАСТИ ""НИЖЕГОРОДСКАЯ ОБЛАСТНАЯ ФАРМАЦИЯ""";17.02.2026;27.02.2026;Закупка завершена;;;25.02.2026;
44-ФЗ;№0334100020326000005;Электронный аукцион;Услуги по обращению с ЖБО;;'261382700052438270100100010023700247;;;6999934.08;RUB;0;;;;;;"ФЕДЕРАЛЬНОЕ КАЗЕННОЕ УЧРЕЖДЕНИЕ ""ИСПРАВИТЕЛЬНАЯ КОЛОНИЯ № 4 ГЛАВНОГО УПРАВЛЕНИЯ ФЕДЕРАЛЬНОЙ СЛУЖБЫ ИСПОЛНЕНИЯ НАКАЗАНИЙ ПО ИРКУТСКОЙ ОБЛАСТИ""";"ФЕДЕРАЛЬНОЕ КАЗЕННОЕ УЧРЕЖДЕНИЕ ""ИСПРАВИТЕЛЬНАЯ КОЛОНИЯ № 4 ГЛАВНОГО УПРАВЛЕНИЯ ФЕДЕРАЛЬНОЙ СЛУЖБЫ ИСПОЛНЕНИЯ НАКАЗАНИЙ ПО ИРКУТСКОЙ ОБЛАСТИ""";19.02.2026;27.02.2026;Закупка завершена;;;27.02.2026;
44-ФЗ;№0829500001126000770;Электронный аукцион;Поставка лекарственного препарата для медицинского применения Дазатиниб (РЛ);;'262346008846534600100101550012120323;;;11531596.80;RUB;0;;;;;;"ГОСУДАРСТВЕННОЕ КАЗЕННОЕ УЧРЕЖДЕНИЕ  ""ЦЕНТР СОПРОВОЖДЕНИЯ ЗАКУПОК ГОСУДАРСТВЕННЫХ УЧРЕЖДЕНИЙ ЗДРАВООХРАНЕНИЯ ВОЛГОГРАДСКОЙ ОБЛАСТИ""";"ГОСУДАРСТВЕННОЕ КАЗЕННОЕ УЧРЕЖДЕНИЕ  ""ЦЕНТР СОПРОВОЖДЕНИЯ ЗАКУПОК ГОСУДАРСТВЕННЫХ УЧРЕЖДЕНИЙ ЗДРАВООХРАНЕНИЯ ВОЛГОГРАДСКОЙ ОБЛАСТИ""";13.02.2026;27.02.2026;Закупка завершена;;;25.02.2026;
44-ФЗ;№0163200000326000625;Электронный аукцион;Поставка битума нефтяного дорожного БНД 70/100;;'262673102076567300100100800011920244;;;27027340.25;RUB;0;;;;;;"СМОЛЕНСКОЕ ОБЛАСТНОЕ ГОСУДАРСТВЕННОЕ БЮДЖЕТНОЕ УЧРЕЖДЕНИЕ ""УПРАВЛЕНИЕ ОБЛАСТНЫХ АВТОМОБИЛЬНЫХ ДОРОГ""";ГЛАВНОЕ УПРАВЛЕНИЕ СМОЛЕНСКОЙ ОБЛАСТИ ПО РЕГУЛИРОВАНИЮ КОНТРАКТНОЙ СИСТЕМЫ;16.02.2026;27.02.2026;Закупка завершена;;;25.02.2026;
44-ФЗ;№0163200000326000624;Электронный аукцион;Поставка битума нефтяного дорожного БНД 70/100;;'262673102076567300100100790011920244;;;27027340.25;RUB;0;;;;;;"СМОЛЕНСКОЕ ОБЛАСТНОЕ ГОСУДАРСТВЕННОЕ БЮДЖЕТНОЕ УЧРЕЖДЕНИЕ ""УПРАВЛЕНИЕ ОБЛАСТНЫХ АВТОМОБИЛЬНЫХ ДОРОГ""";ГЛАВНОЕ УПРАВЛЕНИЕ СМОЛЕНСКОЙ ОБЛАСТИ ПО РЕГУЛИРОВАНИЮ КОНТРАКТНОЙ СИСТЕМЫ;16.02.2026;27.02.2026;Закупка завершена;;;25.02.2026;
44-ФЗ;№0163200000326000623;Электронный аукцион;Поставка битума нефтяного дорожного БНД 70/100;;'262673102076567300100100780011920244;;;27027340.25;RUB;0;;;;;;"СМОЛЕНСКОЕ ОБЛАСТНОЕ ГОСУДАРСТВЕННОЕ БЮДЖЕТНОЕ УЧРЕЖДЕНИЕ ""УПРАВЛЕНИЕ ОБЛАСТНЫХ АВТОМОБИЛЬНЫХ ДОРОГ""";ГЛАВНОЕ УПРАВЛЕНИЕ СМОЛЕНСКОЙ ОБЛАСТИ ПО РЕГУЛИРОВАНИЮ КОНТРАКТНОЙ СИСТЕМЫ;16.02.2026;27.02.2026;Закупка завершена;;;25.02.2026;
44-ФЗ;№0172200001926000158;Запрос котировок в электронной форме;Поставка № 252 лекарственного препарата  ГАНАКСОЛОН для обеспечения пациента С на основании решения врачебной комиссии в  2026 году;;'262780804383378410100100060790000323;;;37507423.80;RUB;0;;;;;;КОМИТЕТ ПО ЗДРАВООХРАНЕНИЮ;КОМИТЕТ ПО ЗДРАВООХРАНЕНИЮ;16.02.2026;27.02.2026;Закупка завершена;;;25.02.2026;
44-ФЗ;№0155200000926000101;Электронный аукцион;Поставка лекарственного препарата для медицинского применения Дапаглифлозин;;'262583510860658350100100140012120323;;;5198596.20;RUB;0;;;;;;"ГОСУДАРСТВЕННОЕ БЮДЖЕТНОЕ УЧРЕЖДЕНИЕ ЗДРАВООХРАНЕНИЯ ""ПЕНЗЕНСКИЙ ОБЛАСТНОЙ ЦЕНТР ОБЩЕСТВЕННОГО ЗДОРОВЬЯ И МЕДИЦИНСКОЙ ПРОФИЛАКТИКИ""";МИНИСТЕРСТВО ЭКОНОМИЧЕСКОГО РАЗВИТИЯ И ПРОМЫШЛЕННОСТИ ПЕНЗЕНСКОЙ ОБЛАСТИ;19.02.2026;27.02.2026;Закупка завершена;;;27.02.2026;
44-ФЗ;№0851300007126000015;Электронный аукцион;Поставка дизельного топлива и бензина автомобильного;;'263540924024054090100100220011920244;;;10789530.00;RUB;0;;;;;;"МУНИЦИПАЛЬНОЕ КАЗЕННОЕ УЧРЕЖДЕНИЕ ГОРОДА НОВОСИБИРСКА ""ПЕРВОМАЙСКОЕ""";"МУНИЦИПАЛЬНОЕ КАЗЕННОЕ УЧРЕЖДЕНИЕ ГОРОДА НОВОСИБИРСКА ""ПЕРВОМАЙСКОЕ""";17.02.2026;27.02.2026;Закупка завершена;;;27.02.2026;
44-ФЗ;№0816500000626001734;Запрос котировок в электронной форме;Поставка ГСМ наливом в п. Черский Нижнеколымского района РС (Я);;'262140100076114010100100140051920000;;;9958463.09;RUB;0;;;;;;"КАЗЕННОЕ ПРЕДПРИЯТИЕ РЕСПУБЛИКИ САХА (ЯКУТИЯ) ""ДОРОГИ АРКТИКИ""";"ГОСУДАРСТВЕННОЕ КАЗЕННОЕ УЧРЕЖДЕНИЕ РЕСПУБЛИКИ САХА (ЯКУТИЯ) ""ЦЕНТР ЗАКУПОК РЕСПУБЛИКИ САХА (ЯКУТИЯ)""";16.02.2026;27.02.2026;Закупка завершена;;;25.02.2026;
44-ФЗ;№0163300029426000158;Запрос котировок в электронной форме;Восстановление покрытия из брусчатки на территории г. Смоленска;;'263673200146967320100100290014399244;;;5000000.00;RUB;0;;;;;;"МУНИЦИПАЛЬНОЕ БЮДЖЕТНОЕ УЧРЕЖДЕНИЕ ""СТРОИТЕЛЬ""";АДМИНИСТРАЦИЯ ГОРОДА СМОЛЕНСКА;19.02.2026;27.02.2026;Закупка завершена;;;27.02.2026;
44-ФЗ;№0119200000126001790;Электронный аукцион;"ЭА-№-1599/26 «Поставка с доставкой расходных материалов (Катетер ангиографический, одноразового использования ) для нужд отделения рентгенохирургических методов диагностики и лечения КГБУЗ ""КМКБСМП им. Н.С. Карповича""»";;'262246300541924630100101610013250244;;;11037910.30;RUB;0;;;;;;"КРАЕВОЕ ГОСУДАРСТВЕННОЕ БЮДЖЕТНОЕ УЧРЕЖДЕНИЕ ЗДРАВООХРАНЕНИЯ ""КРАСНОЯРСКАЯ МЕЖРАЙОННАЯ КЛИНИЧЕСКАЯ БОЛЬНИЦА СКОРОЙ МЕДИЦИНСКОЙ ПОМОЩИ ИМЕНИ Н.С. КАРПОВИЧА""";АГЕНТСТВО ГОСУДАРСТВЕННОГО ЗАКАЗА КРАСНОЯРСКОГО КРАЯ;16.02.2026;27.02.2026;Закупка завершена;;;25.02.2026;
44-ФЗ;№0108500000426000587;Электронный аукцион;Оказание услуг комплексного технологического обеспечения процедуры гемодиализа и гемодиафильтрации для нужд ГБУ РМЭ «РКБ»;;'262121503760512150100100250018690244;;;25925000.00;RUB;0;;;;;;"ГОСУДАРСТВЕННОЕ БЮДЖЕТНОЕ УЧРЕЖДЕНИЕ РЕСПУБЛИКИ МАРИЙ ЭЛ ""РЕСПУБЛИКАНСКАЯ КЛИНИЧЕСКАЯ БОЛЬНИЦА""";КОМИТЕТ ПО РЕГУЛИРОВАНИЮ КОНТРАКТНОЙ СИСТЕМЫ В СФЕРЕ ЗАКУПОК РЕСПУБЛИКИ МАРИЙ ЭЛ;13.02.2026;27.02.2026;Закупка завершена;;;25.02.2026;
44-ФЗ;№0873500000426000007;Запрос котировок в электронной форме;Оказание услуг (по заявкам) по уборке и содержанию прилегающих территорий ДОНМ и ГКУ ДИОМ в 2026 году (среди СМП и СОНО);;'262770502029577050100100130010000244;;;7863526.97;RUB;0;;;;;;ГОСУДАРСТВЕННОЕ КАЗЕННОЕ УЧРЕЖДЕНИЕ ГОРОДА МОСКВЫ ДИРЕКЦИЯ ИНФРАСТРУКТУРЫ ДЕПАРТАМЕНТА ОБРАЗОВАНИЯ И НАУКИ ГОРОДА МОСКВЫ;ГОСУДАРСТВЕННОЕ КАЗЕННОЕ УЧРЕЖДЕНИЕ ГОРОДА МОСКВЫ ДИРЕКЦИЯ ИНФРАСТРУКТУРЫ ДЕПАРТАМЕНТА ОБРАЗОВАНИЯ И НАУКИ ГОРОДА МОСКВЫ;17.02.2026;27.02.2026;Закупка завершена;;;25.02.2026;
44-ФЗ;№0373200011426000099;Открытый конкурс в электронной форме;Выполнение работ по текущему ремонту родовых боксов на 2 этаже перинатального центра ГБУЗ «ГКБ № 67 им. Л. А. Ворохобова ДЗМ»;;'262773409151977340100101150010000244;;;12199053.46;RUB;0;;;;;;"ГОСУДАРСТВЕННОЕ БЮДЖЕТНОЕ УЧРЕЖДЕНИЕ ЗДРАВООХРАНЕНИЯ ГОРОДА МОСКВЫ ""ГОРОДСКАЯ КЛИНИЧЕСКАЯ БОЛЬНИЦА № 67 ИМЕНИ Л. А. ВОРОХОБОВА ДЕПАРТАМЕНТА ЗДРАВООХРАНЕНИЯ ГОРОДА МОСКВЫ""";"ГОСУДАРСТВЕННОЕ БЮДЖЕТНОЕ УЧРЕЖДЕНИЕ ЗДРАВООХРАНЕНИЯ ГОРОДА МОСКВЫ ""ГОРОДСКАЯ КЛИНИЧЕСКАЯ БОЛЬНИЦА № 67 ИМЕНИ Л. А. ВОРОХОБОВА ДЕПАРТАМЕНТА ЗДРАВООХРАНЕНИЯ ГОРОДА МОСКВЫ""";11.02.2026;27.02.2026;Закупка завершена;;;25.02.2026;
44-ФЗ;№0122200002526000335;Электронный аукцион;Поставка лекарственного препарата для медицинского применения Акалабрутиниб для обеспечения льготных категорий граждан Хабаровского края;;'262272404126027210100101500012120244;;;22510164.60;RUB;0;;;;;;"КРАЕВОЕ ГОСУДАРСТВЕННОЕ КАЗЕННОЕ УЧРЕЖДЕНИЕ ЗДРАВООХРАНЕНИЯ ""МЕДИЦИНСКИЙ ИНФОРМАЦИОННО-АНАЛИТИЧЕСКИЙ ЦЕНТР"" МИНИСТЕРСТВА ЗДРАВООХРАНЕНИЯ ХАБАРОВСКОГО КРАЯ";КОМИТЕТ ГОСУДАРСТВЕННОГО ЗАКАЗА ПРАВИТЕЛЬСТВА ХАБАРОВСКОГО КРАЯ;16.02.2026;27.02.2026;Закупка завершена;;;26.02.2026;
44-ФЗ;№0848300066126000016;Открытый конкурс в электронной форме;Выполнение работ по ремонту дворовых территорий в Солнечногорском городском округе Московской области в 2026 году (лот 3);;'263504409080450440100100120014299244;;;36072060.06;RUB;0;;;;;;"МУНИЦИПАЛЬНОЕ БЮДЖЕТНОЕ УЧРЕЖДЕНИЕ ""ДИРЕКЦИЯ ЕДИНОГО ЗАКАЗЧИКА ГОРОДСКОГО ОКРУГА СОЛНЕЧНОГОРСК""";"МУНИЦИПАЛЬНОЕ КАЗЕННОЕ УЧРЕЖДЕНИЕ ГОРОДСКОГО ОКРУГА СОЛНЕЧНОГОРСК МОСКОВСКОЙ ОБЛАСТИ ""ЗАКУПКИ""";05.02.2026;27.02.2026;Закупка завершена;;;24.02.2026;
44-ФЗ;№0155200000926000107;Электронный аукцион;Поставка расходных материалов для нужд нефрологического центра ГБУЗ ПОКБ им. Н.Н. Бурденко в 2026 году;;'262583700874158370100100900012120244;;;7800000.00;RUB;0;;;;;;"ГОСУДАРСТВЕННОЕ БЮДЖЕТНОЕ УЧРЕЖДЕНИЕ ЗДРАВООХРАНЕНИЯ ""ПЕНЗЕНСКАЯ ОБЛАСТНАЯ КЛИНИЧЕСКАЯ БОЛЬНИЦА ИМ. Н.Н. БУРДЕНКО""";МИНИСТЕРСТВО ЭКОНОМИЧЕСКОГО РАЗВИТИЯ И ПРОМЫШЛЕННОСТИ ПЕНЗЕНСКОЙ ОБЛАСТИ;19.02.2026;27.02.2026;Закупка завершена;;;27.02.2026;
44-ФЗ;№0848300066126000014;Открытый конкурс в электронной форме;Выполнение работ по ремонту дворовых территорий в Солнечногорском городском округе Московской области в 2026 году (лот 2);;'263504409080450440100100110014299244;;;29540805.70;RUB;0;;;;;;"МУНИЦИПАЛЬНОЕ БЮДЖЕТНОЕ УЧРЕЖДЕНИЕ ""ДИРЕКЦИЯ ЕДИНОГО ЗАКАЗЧИКА ГОРОДСКОГО ОКРУГА СОЛНЕЧНОГОРСК""";"МУНИЦИПАЛЬНОЕ КАЗЕННОЕ УЧРЕЖДЕНИЕ ГОРОДСКОГО ОКРУГА СОЛНЕЧНОГОРСК МОСКОВСКОЙ ОБЛАСТИ ""ЗАКУПКИ""";05.02.2026;27.02.2026;Закупка завершена;;;24.02.2026;
44-ФЗ;№0829500001126000765;Электронный аукцион;Поставка лекарственного препарата для медицинского применения Золедроновая кислота (РЛ);;'262346008846534600100101340012120323;;;12444000.00;RUB;0;;;;;;"ГОСУДАРСТВЕННОЕ КАЗЕННОЕ УЧРЕЖДЕНИЕ  ""ЦЕНТР СОПРОВОЖДЕНИЯ ЗАКУПОК ГОСУДАРСТВЕННЫХ УЧРЕЖДЕНИЙ ЗДРАВООХРАНЕНИЯ ВОЛГОГРАДСКОЙ ОБЛАСТИ""";"ГОСУДАРСТВЕННОЕ КАЗЕННОЕ УЧРЕЖДЕНИЕ  ""ЦЕНТР СОПРОВОЖДЕНИЯ ЗАКУПОК ГОСУДАРСТВЕННЫХ УЧРЕЖДЕНИЙ ЗДРАВООХРАНЕНИЯ ВОЛГОГРАДСКОЙ ОБЛАСТИ""";13.02.2026;27.02.2026;Закупка завершена;;;25.02.2026;
44-ФЗ;№0348500002626000117;Запрос котировок в электронной форме;"Поставка лекарственных препаратов (ГРАЗОПРЕВИР+ЭЛБАСВИР) для нужд ГБУЗ МО ""Одинцовская ОБ"" в 2026 году.";;'262503231399050320100101960012120244;;;5658051.84;RUB;0;;;;;;"ГОСУДАРСТВЕННОЕ БЮДЖЕТНОЕ УЧРЕЖДЕНИЕ ЗДРАВООХРАНЕНИЯ МОСКОВСКОЙ ОБЛАСТИ ""ОДИНЦОВСКАЯ ОБЛАСТНАЯ БОЛЬНИЦА""";"ГОСУДАРСТВЕННОЕ БЮДЖЕТНОЕ УЧРЕЖДЕНИЕ ЗДРАВООХРАНЕНИЯ МОСКОВСКОЙ ОБЛАСТИ ""ОДИНЦОВСКАЯ ОБЛАСТНАЯ БОЛЬНИЦА""";19.02.2026;27.02.2026;Закупка завершена;;;27.02.2026;
44-ФЗ;№0372200175626000015;Запрос котировок в электронной форме;Оказание услуги по предоставлению мер социальной поддержки по поставке, включая доставку, погрузку, разгрузку, подъем на этаж, сборку предметов первой необходимости (далее – услуги) детям-сиротам и детям, оставшимся без попечения родителей (далее – Получатели услуг)  ;;'262782004178378200100100150010000323;;;7689420.70;RUB;0;;;;;;"САНКТ-ПЕТЕРБУРГСКОЕ ГОСУДАРСТВЕННОЕ КАЗЕННОЕ УЧРЕЖДЕНИЕ ""ЖИЛИЩНОЕ АГЕНТСТВО ПУШКИНСКОГО РАЙОНА САНКТ-ПЕТЕРБУРГА""";"САНКТ-ПЕТЕРБУРГСКОЕ ГОСУДАРСТВЕННОЕ КАЗЕННОЕ УЧРЕЖДЕНИЕ ""ЖИЛИЩНОЕ АГЕНТСТВО ПУШКИНСКОГО РАЙОНА САНКТ-ПЕТЕРБУРГА""";13.02.2026;27.02.2026;Закупка завершена;;;26.02.2026;
44-ФЗ;№0507500000326000123;Электронный аукцион;Поставка лекарственного препарата «АКАЛАБРУТИНИБ»;;'262110148756911010100101020012120000;;;125390370.00;RUB;0;;;;;;"ГОСУДАРСТВЕННОЕ УНИТАРНОЕ ПРЕДПРИЯТИЕ РЕСПУБЛИКИ КОМИ ""ГОСУДАРСТВЕННЫЕ АПТЕКИ РЕСПУБЛИКИ КОМИ""";"ГОСУДАРСТВЕННОЕ УНИТАРНОЕ ПРЕДПРИЯТИЕ РЕСПУБЛИКИ КОМИ ""ГОСУДАРСТВЕННЫЕ АПТЕКИ РЕСПУБЛИКИ КОМИ""";18.02.2026;27.02.2026;Закупка завершена;;;26.02.2026;
44-ФЗ;№0373200026126000060;Открытый конкурс в электронной форме;Оказание услуг по ежегодному техническому обслуживанию зданий ГБУЗ ГКБ №24 ДЗМ;;'262770701146577140100100680010000244;;;18000000.00;RUB;0;;;;;;"ГОСУДАРСТВЕННОЕ БЮДЖЕТНОЕ УЧРЕЖДЕНИЕ ЗДРАВООХРАНЕНИЯ ГОРОДА МОСКВЫ ""ГОРОДСКАЯ КЛИНИЧЕСКАЯ БОЛЬНИЦА № 24 ДЕПАРТАМЕНТА ЗДРАВООХРАНЕНИЯ ГОРОДА МОСКВЫ""";"ГОСУДАРСТВЕННОЕ БЮДЖЕТНОЕ УЧРЕЖДЕНИЕ ЗДРАВООХРАНЕНИЯ ГОРОДА МОСКВЫ ""ГОРОДСКАЯ КЛИНИЧЕСКАЯ БОЛЬНИЦА № 24 ДЕПАРТАМЕНТА ЗДРАВООХРАНЕНИЯ ГОРОДА МОСКВЫ""";10.02.2026;27.02.2026;Закупка завершена;;;26.02.2026;
44-ФЗ;№0869500001426000005;Запрос котировок в электронной форме;Оказание услуг по техническому обслуживанию и ремонту копировально-множительной техники для исполнительных органов Челябинской области;;'262745333346674530100100060019511242;;;6776000.00;RUB;0;;;;;;"ОБЛАСТНОЕ ГОСУДАРСТВЕННОЕ КАЗЕННОЕ УЧРЕЖДЕНИЕ ""ЦЕНТР ИНФОРМАЦИОННО-ТЕХНИЧЕСКОГО ОБСЛУЖИВАНИЯ""";"ОБЛАСТНОЕ ГОСУДАРСТВЕННОЕ КАЗЕННОЕ УЧРЕЖДЕНИЕ ""ЦЕНТР ИНФОРМАЦИОННО-ТЕХНИЧЕСКОГО ОБСЛУЖИВАНИЯ""";19.02.2026;27.02.2026;Закупка завершена;;;27.02.2026;
44-ФЗ;№0380200000126000597;Электронный аукцион;Поставка лекарственных средств (ЭТЕЛКАЛЬЦЕТИД);;'262190100531019010100100250022120244;;;6678576.00;RUB;0;;;;;;"ГОСУДАРСТВЕННОЕ БЮДЖЕТНОЕ УЧРЕЖДЕНИЕ ЗДРАВООХРАНЕНИЯ РЕСПУБЛИКИ ХАКАСИЯ ""РЕСПУБЛИКАНСКАЯ КЛИНИЧЕСКАЯ БОЛЬНИЦА ИМЕНИ Г.Я. РЕМИШЕВСКОЙ""";ГОСУДАРСТВЕННЫЙ КОМИТЕТ ПО РЕГУЛИРОВАНИЮ КОНТРАКТНОЙ СИСТЕМЫ В СФЕРЕ ЗАКУПОК РЕСПУБЛИКИ ХАКАСИЯ;13.02.2026;27.02.2026;Закупка завершена;;;25.02.2026;
44-ФЗ;№0348200049726000010;Открытый конкурс в электронной форме на проведение работ по строительству, реконструкции, кап. ремонту, сносу объекта кап. строительства в соответствии с п. 8 ч. 1 ст. 33 Закона № 44-ФЗ;Выполнение работ по капитальному ремонту мостового перехода через ручей у н.п. Петрищево на км 2.100 а/д МБК - Петрищево в городском округе Рузский Московской области;;'262500000152550240100104920014213243;;;85801207.51;RUB;0;;;;;;"ГОСУДАРСТВЕННОЕ БЮДЖЕТНОЕ УЧРЕЖДЕНИЕ МОСКОВСКОЙ ОБЛАСТИ ""МОСАВТОДОР""";"ГОСУДАРСТВЕННОЕ БЮДЖЕТНОЕ УЧРЕЖДЕНИЕ МОСКОВСКОЙ ОБЛАСТИ ""МОСАВТОДОР""";11.02.2026;27.02.2026;Закупка завершена;;;27.02.2026;
44-ФЗ;№0157200000326000054;Электронный аукцион;Автомобиль грузовой повышенной проходимости (регистрационный номер 31-А-ГЗ);;262600300530460030100100050012910244, 262601577859560150100100070012910244, 262602300452460230100100080012910244;;;5610000.00;RUB;0;;;;;;;МИНИСТЕРСТВО КОНКУРЕНТНОЙ ПОЛИТИКИ ПСКОВСКОЙ ОБЛАСТИ;12.02.2026;27.02.2026;Закупка завершена;;;25.02.2026;
44-ФЗ;№0164200001926000381;Электронный аукцион;Поставка лекарственного препарата для медицинского применения Олапариб в пользу граждан в целях их социального обеспечения;;'262683100324168290100100130562120323;;;13998045.60;RUB;0;;;;;;МИНИСТЕРСТВО ЗДРАВООХРАНЕНИЯ ТАМБОВСКОЙ ОБЛАСТИ;МИНИСТЕРСТВО ИМУЩЕСТВЕННЫХ ОТНОШЕНИЙ И ГОСУДАРСТВЕННОГО ЗАКАЗА ТАМБОВСКОЙ ОБЛАСТИ;17.02.2026;27.02.2026;Закупка завершена;;;26.02.2026;
44-ФЗ;№0369300310226000001;Электронный аукцион;"Выполнение работ в рамках реализации инициативного проекта ""Ремонт кровли здания библиотеки, по адресу п. Увельский, Привокзальная, 4""";;'263742402209674240100100050044391244;;;8229459.62;RUB;0;;;;;;"МУНИЦИПАЛЬНОЕ БЮДЖЕТНОЕ УЧРЕЖДЕНИЕ КУЛЬТУРЫ ""ЦЕНТРАЛИЗОВАННАЯ БИБЛИОТЕЧНАЯ СИСТЕМА"" УВЕЛЬСКОГО МУНИЦИПАЛЬНОГО ОКРУГА ЧЕЛЯБИНСКОЙ ОБЛАСТИ";"МУНИЦИПАЛЬНОЕ БЮДЖЕТНОЕ УЧРЕЖДЕНИЕ КУЛЬТУРЫ ""ЦЕНТРАЛИЗОВАННАЯ БИБЛИОТЕЧНАЯ СИСТЕМА"" УВЕЛЬСКОГО МУНИЦИПАЛЬНОГО ОКРУГА ЧЕЛЯБИНСКОЙ ОБЛАСТИ";18.02.2026;27.02.2026;Закупка завершена;;;26.02.2026;
44-ФЗ;№0311200050026000001;Электронный аукцион;Оказание услуг по созданию новой экспозиции музея Габдуллы Тукая;;'262160900945016090100100050017410244;;;31449500.00;RUB;0;;;;;;"ГОСУДАРСТВЕННОЕ БЮДЖЕТНОЕ УЧРЕЖДЕНИЕ КУЛЬТУРЫ ""ГОСУДАРСТВЕННЫЙ ЛИТЕРАТУРНО-МЕМОРИАЛЬНЫЙ МУЗЕЙНЫЙ КОМПЛЕКС ГАБДУЛЛЫ ТУКАЯ""";"ГОСУДАРСТВЕННОЕ БЮДЖЕТНОЕ УЧРЕЖДЕНИЕ КУЛЬТУРЫ ""ГОСУДАРСТВЕННЫЙ ЛИТЕРАТУРНО-МЕМОРИАЛЬНЫЙ МУЗЕЙНЫЙ КОМПЛЕКС ГАБДУЛЛЫ ТУКАЯ""";19.02.2026;27.02.2026;Закупка завершена;;;27.02.2026;
44-ФЗ;№0139300033726000049;Электронный аукцион;Текущий ремонт проезжей части дороги в  Ленинск-Кузнецком муниципальном округе в 2026 году;;'263421203271742120100100650014211244;;;6056238.18;RUB;0;;;;;;УПРАВЛЕНИЕ ЖИЛИЩНО-КОММУНАЛЬНОГО И ДОРОЖНОГО КОМПЛЕКСА АДМИНИСТРАЦИИ ЛЕНИНСК-КУЗНЕЦКОГО МУНИЦИПАЛЬНОГО ОКРУГА;УПРАВЛЕНИЕ ЖИЛИЩНО-КОММУНАЛЬНОГО И ДОРОЖНОГО КОМПЛЕКСА АДМИНИСТРАЦИИ ЛЕНИНСК-КУЗНЕЦКОГО МУНИЦИПАЛЬНОГО ОКРУГА;18.02.2026;27.02.2026;Закупка завершена;;;26.02.2026;
44-ФЗ;№0348500003526000049;Электронный аукцион;Поставка противоопухолевых лекарственных препаратов для медицинского применения (Пембролизумаб);;'262507406918050740100101220012120244;;;20369623.40;RUB;0;;;;;;"ГОСУДАРСТВЕННОЕ БЮДЖЕТНОЕ УЧРЕЖДЕНИЕ ЗДРАВООХРАНЕНИЯ МОСКОВСКОЙ ОБЛАСТИ ""ПОДОЛЬСКАЯ ОБЛАСТНАЯ КЛИНИЧЕСКАЯ БОЛЬНИЦА""";"ГОСУДАРСТВЕННОЕ БЮДЖЕТНОЕ УЧРЕЖДЕНИЕ ЗДРАВООХРАНЕНИЯ МОСКОВСКОЙ ОБЛАСТИ ""ПОДОЛЬСКАЯ ОБЛАСТНАЯ КЛИНИЧЕСКАЯ БОЛЬНИЦА""";18.02.2026;27.02.2026;Закупка завершена;;;27.02.2026;
44-ФЗ;№0157600003526000005;Открытый конкурс в электронной форме на проведение работ по строительству, реконструкции, кап. ремонту, сносу объекта кап. строительства в соответствии с п. 8 ч. 1 ст. 33 Закона № 44-ФЗ;Капитальный ремонт здания МБОУ «Харлапковская основная школа», расположенного по адресу: Палкинский район, д. Слопыгино, ул. Солнечная, д.45;;'263600001479860000100100210014120243;;;12216216.22;RUB;0;;;;;;АДМИНИСТРАЦИЯ ПАЛКИНСКОГО МУНИЦИПАЛЬНОГО ОКРУГА;АДМИНИСТРАЦИЯ ПАЛКИНСКОГО МУНИЦИПАЛЬНОГО ОКРУГА;09.02.2026;27.02.2026;Закупка завершена;;;26.02.2026;
44-ФЗ;№0173100007726000013;Открытый конкурс в электронной форме;Доработка проектной документации и проведение реставрационных работ на объекте культурного наследия федерального значения «Церковь Большое Вознесение», 1848 г., г. Москва, Никитская Б. ул., д. 36, стр. 1;;'261770585133177030100100410060000243;;;98399592.90;RUB;0;;;;;;МИНИСТЕРСТВО КУЛЬТУРЫ РОССИЙСКОЙ ФЕДЕРАЦИИ;МИНИСТЕРСТВО КУЛЬТУРЫ РОССИЙСКОЙ ФЕДЕРАЦИИ;10.02.2026;27.02.2026;Закупка завершена;;;27.02.2026;
44-ФЗ;№0174500001126000762;Электронный аукцион;на поставку лекарственного препарата для медицинского применения МНН: МОСУНЕТУЗУМАБ;;'262920101668892010100100050342120244;;;10646935.20;RUB;0;;;;;;"ГОСУДАРСТВЕННОЕ БЮДЖЕТНОЕ УЧРЕЖДЕНИЕ ЗДРАВООХРАНЕНИЯ СЕВАСТОПОЛЯ ""СЕВАСТОПОЛЬСКИЙ ГОРОДСКОЙ ОНКОЛОГИЧЕСКИЙ ДИСПАНСЕР ИМЕНИ А.А.ЗАДОРОЖНОГО""";ДЕПАРТАМЕНТ УПРАВЛЕНИЯ ДЕЛАМИ ГУБЕРНАТОРА И ПРАВИТЕЛЬСТВА СЕВАСТОПОЛЯ;18.02.2026;27.02.2026;Закупка завершена;;;27.02.2026;
44-ФЗ;№0173100007726000012;Открытый конкурс в электронной форме;Проведение работ по реставрации объекта культурного наследия регионального значения «Хайбахский историко-архитектурный комплекс», XVIII в. («Башня жилая № 6», XIX-XX вв.), расположенного по адресу: Чеченская Республика, Ачхой-Мартановский район (бывшее с. Хайбах);;'261770585133177030100100410040000243;;;134859660.72;RUB;0;;;;;;МИНИСТЕРСТВО КУЛЬТУРЫ РОССИЙСКОЙ ФЕДЕРАЦИИ;МИНИСТЕРСТВО КУЛЬТУРЫ РОССИЙСКОЙ ФЕДЕРАЦИИ;10.02.2026;27.02.2026;Закупка завершена;;;27.02.2026;
44-ФЗ;№0119200000126001064;Открытый конкурс в электронной форме;ОК-№-1042/26 «Выполнение инженерных изысканий, осуществление подготовки проектной и рабочей документации в целях реконструкции объекта капитального строительства:Реконструкция объекта незавершенного строительства, расположенного по адресу: г. Красноярск, пр. им. газеты «Красноярский рабочий», 29, стр. 125»;;'262246621522024660100100630014120414;;;39085807.43;RUB;0;;;;;;"КРАЕВОЕ ГОСУДАРСТВЕННОЕ КАЗЕННОЕ УЧРЕЖДЕНИЕ ""УПРАВЛЕНИЕ КАПИТАЛЬНОГО СТРОИТЕЛЬСТВА""";АГЕНТСТВО ГОСУДАРСТВЕННОГО ЗАКАЗА КРАСНОЯРСКОГО КРАЯ;06.02.2026;27.02.2026;Закупка завершена;;;24.02.2026;
44-ФЗ;№0373100094325001722;Электронный аукцион;"Поставка реагентов и материалов расходных для гематологического анализатора (для Системы гематологической, мод. Mindray, BC-6800 Plus, инв.№210124-4801, зав.№  UC-37003106; UC-37003107 от 26.07.2023г, фирмы Shenzhen Mindray Bio-Medical Electronics Co., LTD, Китай; для Анализатора гематологического автоматического, модель Mindray, BC-6800 Plus, инв.№210124-4798, зав.№  UC-31002731 от 12.01.2023г, фирмы Shenzhen Mindray Bio-Medical Electronics Co., LTD, Китай) (Закрытые системы)";;'251772407516277240100100047610000244;;;8209751.55;RUB;0;;;;;;"ФЕДЕРАЛЬНОЕ ГОСУДАРСТВЕННОЕ БЮДЖЕТНОЕ УЧРЕЖДЕНИЕ ""НАЦИОНАЛЬНЫЙ МЕДИЦИНСКИЙ ИССЛЕДОВАТЕЛЬСКИЙ ЦЕНТР ОНКОЛОГИИ ИМЕНИ Н.Н. БЛОХИНА"" МИНИСТЕРСТВА ЗДРАВООХРАНЕНИЯ РОССИЙСКОЙ ФЕДЕРАЦИИ";"ФЕДЕРАЛЬНОЕ ГОСУДАРСТВЕННОЕ БЮДЖЕТНОЕ УЧРЕЖДЕНИЕ ""НАЦИОНАЛЬНЫЙ МЕДИЦИНСКИЙ ИССЛЕДОВАТЕЛЬСКИЙ ЦЕНТР ОНКОЛОГИИ ИМЕНИ Н.Н. БЛОХИНА"" МИНИСТЕРСТВА ЗДРАВООХРАНЕНИЯ РОССИЙСКОЙ ФЕДЕРАЦИИ";24.12.2025;27.02.2026;Закупка завершена;;;26.02.2026;
44-ФЗ;№0816500000626001837;Запрос котировок в электронной форме;Поставка лекарственного препарата для медицинского применения РИБОЦИКЛИБ (Субвенции) в целях социального обеспечения;;'262143536061014350100100202080000323;;;7694227.80;RUB;0;;;;;;"ГОСУДАРСТВЕННОЕ КАЗЕННОЕ УЧРЕЖДЕНИЕ РЕСПУБЛИКИ САХА (ЯКУТИЯ) ""РЕСУРСНЫЙ ЦЕНТР ПРИ МИНИСТЕРСТВЕ ЗДРАВООХРАНЕНИЯ РЕСПУБЛИКИ САХА (ЯКУТИЯ)""";"ГОСУДАРСТВЕННОЕ КАЗЕННОЕ УЧРЕЖДЕНИЕ РЕСПУБЛИКИ САХА (ЯКУТИЯ) ""ЦЕНТР ЗАКУПОК РЕСПУБЛИКИ САХА (ЯКУТИЯ)""";17.02.2026;27.02.2026;Закупка завершена;;;25.02.2026;
44-ФЗ;№0303300064726000561;Открытый конкурс в электронной форме;Выполнение работ по демонтажу и транспортировки незаконно установленных рекламных конструкций;;'263054102909205710100100070014311244;;;9836000.00;RUB;0;;;;;;"МУНИЦИПАЛЬНОЕ КАЗЕННОЕ УЧРЕЖДЕНИЕ ""УПРАВЛЕНИЕ ТОРГОВЛИ, РЕКЛАМЫ И ПОТРЕБИТЕЛЬСКИХ УСЛУГ АДМИНИСТРАЦИИ ГОРОДА МАХАЧКАЛЫ""";"МУНИЦИПАЛЬНОЕ КАЗЕННОЕ УЧРЕЖДЕНИЕ ""ГОРЗАКАЗ""";11.02.2026;27.02.2026;Закупка завершена;;;27.02.2026;
44-ФЗ;№0119200000126001713;Электронный аукцион на проведение работ по строительству, реконструкции, кап. ремонту, сносу объекта кап. строительства в соответствии с п. 8 ч. 1 ст. 33 Закона № 44-ФЗ;ЭА-№-1987/26 «Капитальный ремонт помещений судебных участков № 43, № 148 в Кежемском районе, расположенных в здании по адресу: Красноярский край, г.Кодинск, ул. Маяковского, 8, 2026-2027 год»;;'262246613402824600100100910014399243;;;36639490.38;RUB;0;;;;;;АГЕНТСТВО ПО ОБЕСПЕЧЕНИЮ ДЕЯТЕЛЬНОСТИ МИРОВЫХ СУДЕЙ КРАСНОЯРСКОГО КРАЯ;АГЕНТСТВО ГОСУДАРСТВЕННОГО ЗАКАЗА КРАСНОЯРСКОГО КРАЯ;16.02.2026;27.02.2026;Закупка завершена;;;25.02.2026;
44-ФЗ;№0816500000626001826;Электронный аукцион;Оказание авиационных услуг;;'262143518405914350100100020165223244;;;58311136.00;RUB;0;;;;;;"ГОСУДАРСТВЕННОЕ БЮДЖЕТНОЕ УЧРЕЖДЕНИЕ РЕСПУБЛИКИ САХА (ЯКУТИЯ) ""ЯКУТСКАЯ БАЗА АВИАЦИОННОЙ ОХРАНЫ ЛЕСОВ""";"ГОСУДАРСТВЕННОЕ КАЗЕННОЕ УЧРЕЖДЕНИЕ РЕСПУБЛИКИ САХА (ЯКУТИЯ) ""ЦЕНТР ЗАКУПОК РЕСПУБЛИКИ САХА (ЯКУТИЯ)""";17.02.2026;27.02.2026;Закупка завершена;;;26.02.2026;
44-ФЗ;№0136500001126000646;Электронный аукцион на проведение работ по строительству, реконструкции, кап. ремонту, сносу объекта кап. строительства в соответствии с п. 8 ч. 1 ст. 33 Закона № 44-ФЗ;Выполнение работ по капитальному ремонту дороги по пер. Механизаторов с. Лесное Лесного муниципального округа;;'263693000134069300100102220014321243;;;11256107.02;RUB;0;;;;;;ОТДЕЛ ДОРОЖНОГО ХОЗЯЙСТВА И БЛАГОУСТРОЙСТВА ТЕРРИТОРИИ ЛЕСНОГО МУНИЦИПАЛЬНОГО ОКРУГА ТВЕРСКОЙ ОБЛАСТИ;КОМИТЕТ ГОСУДАРСТВЕННОГО ЗАКАЗА ТВЕРСКОЙ ОБЛАСТИ;16.02.2026;27.02.2026;Закупка завершена;;;27.02.2026;
44-ФЗ;№0816500000626001721;Запрос котировок в электронной форме;Поставка лекарственного препарата для медицинского применения МЕТОТРЕКСАТ (Субвенции) в целях социального обеспечения;;'262143536061014350100100202010000323;;;7046873.60;RUB;0;;;;;;"ГОСУДАРСТВЕННОЕ КАЗЕННОЕ УЧРЕЖДЕНИЕ РЕСПУБЛИКИ САХА (ЯКУТИЯ) ""РЕСУРСНЫЙ ЦЕНТР ПРИ МИНИСТЕРСТВЕ ЗДРАВООХРАНЕНИЯ РЕСПУБЛИКИ САХА (ЯКУТИЯ)""";"ГОСУДАРСТВЕННОЕ КАЗЕННОЕ УЧРЕЖДЕНИЕ РЕСПУБЛИКИ САХА (ЯКУТИЯ) ""ЦЕНТР ЗАКУПОК РЕСПУБЛИКИ САХА (ЯКУТИЯ)""";16.02.2026;27.02.2026;Закупка завершена;;;25.02.2026;
44-ФЗ;№0160300034226000010;Электронный аукцион;"Благоустройство сквера ""Дружба Народов"" в Заводском районе муниципального образования ""Город Саратов""";;'263645111282264510100100130014399244;;;15000000.00;RUB;0;;;;;;"АДМИНИСТРАЦИЯ ЗАВОДСКОГО РАЙОНА МУНИЦИПАЛЬНОГО ОБРАЗОВАНИЯ ""ГОРОД САРАТОВ""";"АДМИНИСТРАЦИЯ ЗАВОДСКОГО РАЙОНА МУНИЦИПАЛЬНОГО ОБРАЗОВАНИЯ ""ГОРОД САРАТОВ""";18.02.2026;27.02.2026;Закупка завершена;;;26.02.2026;
44-ФЗ;№0119300019826000061;Открытый конкурс в электронной форме;Выполнение работ по капитальному ремонту здания МБДОУ №282, расположенного по адресу: г. Красноярск, ул. Устиновича, 7А;;'263246506097624650100100050014120243;;;86063845.87;RUB;0;;;;;;"МУНИЦИПАЛЬНОЕ БЮДЖЕТНОЕ ДОШКОЛЬНОЕ ОБРАЗОВАТЕЛЬНОЕ УЧРЕЖДЕНИЕ ""ДЕТСКИЙ САД № 282""";ДЕПАРТАМЕНТ МУНИЦИПАЛЬНОГО ЗАКАЗА АДМИНИСТРАЦИИ ГОРОДА КРАСНОЯРСКА;05.02.2026;27.02.2026;Закупка завершена;;;24.02.2026;
44-ФЗ;№0372200084226000005;Электронный аукцион;Поставка автомобилей для обеспечения деятельности Санкт-Петербургского государственного казенного учреждения «Поисково-спасательная служба Санкт-Петербурга».;;'262780548181478050100100020012910244;;;11349666.67;RUB;0;;;;;;"САНКТ-ПЕТЕРБУРГСКОЕ ГОСУДАРСТВЕННОЕ КАЗЕННОЕ УЧРЕЖДЕНИЕ ""ПОИСКОВО-СПАСАТЕЛЬНАЯ СЛУЖБА САНКТ-ПЕТЕРБУРГА""";"САНКТ-ПЕТЕРБУРГСКОЕ ГОСУДАРСТВЕННОЕ КАЗЕННОЕ УЧРЕЖДЕНИЕ ""ПОИСКОВО-СПАСАТЕЛЬНАЯ СЛУЖБА САНКТ-ПЕТЕРБУРГА""";18.02.2026;27.02.2026;Закупка завершена;;;26.02.2026;
44-ФЗ;№0816500000626001636;Запрос котировок в электронной форме;Поставка лекарственного препарата для медицинского применения ЭНЗАЛУТАМИД (Субвенции) в целях социального обеспечения;;'262143536061014350100100201990000323;;;7869657.60;RUB;0;;;;;;"ГОСУДАРСТВЕННОЕ КАЗЕННОЕ УЧРЕЖДЕНИЕ РЕСПУБЛИКИ САХА (ЯКУТИЯ) ""РЕСУРСНЫЙ ЦЕНТР ПРИ МИНИСТЕРСТВЕ ЗДРАВООХРАНЕНИЯ РЕСПУБЛИКИ САХА (ЯКУТИЯ)""";"ГОСУДАРСТВЕННОЕ КАЗЕННОЕ УЧРЕЖДЕНИЕ РЕСПУБЛИКИ САХА (ЯКУТИЯ) ""ЦЕНТР ЗАКУПОК РЕСПУБЛИКИ САХА (ЯКУТИЯ)""";13.02.2026;27.02.2026;Закупка завершена;;;25.02.2026;
44-ФЗ;№0355100002726000065;Электронный аукцион;Оказание услуг по ремонту оборудования, применяемого в медицинских целях;;'261583507566158350100100080030000244;;;5512575.28;RUB;0;;;;;;"ФЕДЕРАЛЬНОЕ ГОСУДАРСТВЕННОЕ БЮДЖЕТНОЕ УЧРЕЖДЕНИЕ ""ФЕДЕРАЛЬНЫЙ ЦЕНТР СЕРДЕЧНО-СОСУДИСТОЙ ХИРУРГИИ"" МИНИСТЕРСТВА ЗДРАВООХРАНЕНИЯ РОССИЙСКОЙ ФЕДЕРАЦИИ (Г. ПЕНЗА)";"ФЕДЕРАЛЬНОЕ ГОСУДАРСТВЕННОЕ БЮДЖЕТНОЕ УЧРЕЖДЕНИЕ ""ФЕДЕРАЛЬНЫЙ ЦЕНТР СЕРДЕЧНО-СОСУДИСТОЙ ХИРУРГИИ"" МИНИСТЕРСТВА ЗДРАВООХРАНЕНИЯ РОССИЙСКОЙ ФЕДЕРАЦИИ (Г. ПЕНЗА)";18.02.2026;27.02.2026;Закупка завершена;;;26.02.2026;
44-ФЗ;№0174500001126000763;Запрос котировок в электронной форме;на поставку лекарственного препарата для медицинского применения МНН: ДУРВАЛУМАБ;;'262920101668892010100100050332120244;;;6985179.00;RUB;0;;;;;;"ГОСУДАРСТВЕННОЕ БЮДЖЕТНОЕ УЧРЕЖДЕНИЕ ЗДРАВООХРАНЕНИЯ СЕВАСТОПОЛЯ ""СЕВАСТОПОЛЬСКИЙ ГОРОДСКОЙ ОНКОЛОГИЧЕСКИЙ ДИСПАНСЕР ИМЕНИ А.А.ЗАДОРОЖНОГО""";ДЕПАРТАМЕНТ УПРАВЛЕНИЯ ДЕЛАМИ ГУБЕРНАТОРА И ПРАВИТЕЛЬСТВА СЕВАСТОПОЛЯ;18.02.2026;27.02.2026;Закупка завершена;;;27.02.2026;
44-ФЗ;№0816500000626001780;Запрос котировок в электронной форме;Выполнение работ по бурению колонковых скважин с отбором керновых проб в Усть-Янском районе на участках недр «Водомерная 1», «Водомерная 2, «Придорожное (залежь 4)»;;'262140100076114010100100700024313000;;;5669498.85;RUB;0;;;;;;"КАЗЕННОЕ ПРЕДПРИЯТИЕ РЕСПУБЛИКИ САХА (ЯКУТИЯ) ""ДОРОГИ АРКТИКИ""";"ГОСУДАРСТВЕННОЕ КАЗЕННОЕ УЧРЕЖДЕНИЕ РЕСПУБЛИКИ САХА (ЯКУТИЯ) ""ЦЕНТР ЗАКУПОК РЕСПУБЛИКИ САХА (ЯКУТИЯ)""";16.02.2026;27.02.2026;Закупка завершена;;;26.02.2026;
44-ФЗ;№0375100001226000036;Электронный аукцион;"Капитальный ремонт асфальтобетонного покрытия вокруг стадиона ФГБОУ ""МДЦ ""Артек"" и благоустройство прилегающей территории";;'261910300307091030100100010024211243;;;88722700.00;RUB;0;;;;;;"ФЕДЕРАЛЬНОЕ ГОСУДАРСТВЕННОЕ БЮДЖЕТНОЕ ОБРАЗОВАТЕЛЬНОЕ УЧРЕЖДЕНИЕ ""МЕЖДУНАРОДНЫЙ ДЕТСКИЙ ЦЕНТР ""АРТЕК""";"ФЕДЕРАЛЬНОЕ ГОСУДАРСТВЕННОЕ БЮДЖЕТНОЕ ОБРАЗОВАТЕЛЬНОЕ УЧРЕЖДЕНИЕ ""МЕЖДУНАРОДНЫЙ ДЕТСКИЙ ЦЕНТР ""АРТЕК""";19.02.2026;27.02.2026;Закупка завершена;;;27.02.2026;
44-ФЗ;№0119200000126001860;Запрос котировок в электронной форме;ЗК-№-1936/26 «Услуги по передаче данных по каналам связи для обеспечения работоспособности системы видеонаблюдения на территории г. Минусинска»;;'262246622644824600100102350016190244;;;7309950.39;RUB;0;;;;;;"КРАЕВОЕ ГОСУДАРСТВЕННОЕ КАЗЕННОЕ УЧРЕЖДЕНИЕ ""ЦЕНТР ИНФОРМАЦИОННЫХ ТЕХНОЛОГИЙ КРАСНОЯРСКОГО КРАЯ""";АГЕНТСТВО ГОСУДАРСТВЕННОГО ЗАКАЗА КРАСНОЯРСКОГО КРАЯ;17.02.2026;27.02.2026;Закупка завершена;;;25.02.2026;
44-ФЗ;№0137200001226001086;Электронный аукцион;Поставка песка для приготовления пескосоляной смеси;;'263402802813040280100100030010812244;;;10335000.00;RUB;0;;;;;;"МУНИЦИПАЛЬНОЕ БЮДЖЕТНОЕ УЧРЕЖДЕНИЕ ""СПЕЦИАЛИЗИРОВАННОЕ МОНТАЖНО - ЭКСПЛУАТАЦИОННОЕ УПРАВЛЕНИЕ""";МИНИСТЕРСТВО КОНКУРЕНТНОЙ ПОЛИТИКИ КАЛУЖСКОЙ ОБЛАСТИ;18.02.2026;27.02.2026;Закупка завершена;;;27.02.2026;
44-ФЗ;№0302300048726000151;Электронный аукцион;Приобретение автобусов;;'263032310714203260100100040012910000;;;175587699.96;RUB;0;;;;;;"МУНИЦИПАЛЬНОЕ УНИТАРНОЕ ПРЕДПРИЯТИЕ ""ГОРОДСКИЕ МАРШРУТЫ""";"МУНИЦИПАЛЬНОЕ УЧРЕЖДЕНИЕ ""УПРАВЛЕНИЕ ПО МУНИЦИПАЛЬНЫМ ЗАКУПКАМ АДМИНИСТРАЦИИ Г.УЛАН-УДЭ""";17.02.2026;27.02.2026;Закупка завершена;;;26.02.2026;
44-ФЗ;№0348200081026000817;Электронный аукцион;Поставка медицинского оборудования - лот 9.1;;'262502406865650240100103450013250244;;;75028800.00;RUB;0;;;;;;"ГОСУДАРСТВЕННОЕ КАЗЕННОЕ УЧРЕЖДЕНИЕ МОСКОВСКОЙ ОБЛАСТИ ""ДИРЕКЦИЯ ЕДИНОГО ЗАКАЗЧИКА МИНИСТЕРСТВА ЗДРАВООХРАНЕНИЯ МОСКОВСКОЙ ОБЛАСТИ""";"ГОСУДАРСТВЕННОЕ КАЗЕННОЕ УЧРЕЖДЕНИЕ МОСКОВСКОЙ ОБЛАСТИ ""ДИРЕКЦИЯ ЕДИНОГО ЗАКАЗЧИКА МИНИСТЕРСТВА ЗДРАВООХРАНЕНИЯ МОСКОВСКОЙ ОБЛАСТИ""";19.02.2026;27.02.2026;Закупка завершена;;;27.02.2026;
44-ФЗ;№0348200081026000785;Электронный аукцион;Поставка медицинского оборудования - лот 33.4;;'262502406865650240100107590013250244;;;31048528.24;RUB;0;;;;;;"ГОСУДАРСТВЕННОЕ КАЗЕННОЕ УЧРЕЖДЕНИЕ МОСКОВСКОЙ ОБЛАСТИ ""ДИРЕКЦИЯ ЕДИНОГО ЗАКАЗЧИКА МИНИСТЕРСТВА ЗДРАВООХРАНЕНИЯ МОСКОВСКОЙ ОБЛАСТИ""";"ГОСУДАРСТВЕННОЕ КАЗЕННОЕ УЧРЕЖДЕНИЕ МОСКОВСКОЙ ОБЛАСТИ ""ДИРЕКЦИЯ ЕДИНОГО ЗАКАЗЧИКА МИНИСТЕРСТВА ЗДРАВООХРАНЕНИЯ МОСКОВСКОЙ ОБЛАСТИ""";18.02.2026;27.02.2026;Закупка завершена;;;27.02.2026;
44-ФЗ;№0348200081026000818;Электронный аукцион;Поставка медицинского оборудования - лот 23.3;;'262502406865650240100108330013250244;;;55066666.64;RUB;0;;;;;;"ГОСУДАРСТВЕННОЕ КАЗЕННОЕ УЧРЕЖДЕНИЕ МОСКОВСКОЙ ОБЛАСТИ ""ДИРЕКЦИЯ ЕДИНОГО ЗАКАЗЧИКА МИНИСТЕРСТВА ЗДРАВООХРАНЕНИЯ МОСКОВСКОЙ ОБЛАСТИ""";"ГОСУДАРСТВЕННОЕ КАЗЕННОЕ УЧРЕЖДЕНИЕ МОСКОВСКОЙ ОБЛАСТИ ""ДИРЕКЦИЯ ЕДИНОГО ЗАКАЗЧИКА МИНИСТЕРСТВА ЗДРАВООХРАНЕНИЯ МОСКОВСКОЙ ОБЛАСТИ""";19.02.2026;27.02.2026;Закупка завершена;;;27.02.2026;
44-ФЗ;№0846600001226000008;Электронный аукцион на проведение работ по строительству, реконструкции, кап. ремонту, сносу объекта кап. строительства в соответствии с п. 8 ч. 1 ст. 33 Закона № 44-ФЗ;«Модернизация (реконструкция) системы теплоснабжения с применением энергосберегающих оборудования и технологий МБОУ СОШ № 1 и детских садов «Золотой петушок» и «Малышок» в с. Доброе, расположенных по адресу: Липецкая область, Добровский район, с. Доброе»;;'263480500173448050100100190014322407;;;12067200.00;RUB;0;;;;;;МУНИЦИПАЛЬНОЕ БЮДЖЕТНОЕ ОБЩЕОБРАЗОВАТЕЛЬНОЕ УЧРЕЖДЕНИЕ СРЕДНЯЯ ОБЩЕОБРАЗОВАТЕЛЬНАЯ ШКОЛА № 1 ИМ. А.И. ЛЕВИТОВА С. ДОБРОЕ ДОБРОВСКОГО МУНИЦИПАЛЬНОГО ОКРУГА ЛИПЕЦКОЙ ОБЛАСТИ;"МУНИЦИПАЛЬНОЕ КАЗЕННОЕ УЧРЕЖДЕНИЕ ""ЦЕНТР БУХГАЛТЕРСКОГО УЧЕТА И МУНИЦИПАЛЬНЫХ ЗАКУПОК"" ДОБРОВСКОГО МУНИЦИПАЛЬНОГО ОКРУГА ЛИПЕЦКОЙ ОБЛАСТИ";19.02.2026;27.02.2026;Закупка завершена;;;27.02.2026;
44-ФЗ;№0119200000126001821;Электронный аукцион;"ЭА-№-1503/26 «Поставка с доставкой расходных материалов (Катетер внутрисосудистый проводниковый, одноразового использования) для нужд отделения рентгенохирургических методов диагностики и лечения КГБУЗ ""КМКБСМП им. Н.С. Карповича""»";;'262246300541924630100101960013250244;;;6098750.00;RUB;0;;;;;;"КРАЕВОЕ ГОСУДАРСТВЕННОЕ БЮДЖЕТНОЕ УЧРЕЖДЕНИЕ ЗДРАВООХРАНЕНИЯ ""КРАСНОЯРСКАЯ МЕЖРАЙОННАЯ КЛИНИЧЕСКАЯ БОЛЬНИЦА СКОРОЙ МЕДИЦИНСКОЙ ПОМОЩИ ИМЕНИ Н.С. КАРПОВИЧА""";АГЕНТСТВО ГОСУДАРСТВЕННОГО ЗАКАЗА КРАСНОЯРСКОГО КРАЯ;16.02.2026;27.02.2026;Закупка завершена;;;25.02.2026;
44-ФЗ;№0302300048726000152;Электронный аукцион;Приобретение автобусов;;'263032310714203260100100050012910000;;;253324599.93;RUB;0;;;;;;"МУНИЦИПАЛЬНОЕ УНИТАРНОЕ ПРЕДПРИЯТИЕ ""ГОРОДСКИЕ МАРШРУТЫ""";"МУНИЦИПАЛЬНОЕ УЧРЕЖДЕНИЕ ""УПРАВЛЕНИЕ ПО МУНИЦИПАЛЬНЫМ ЗАКУПКАМ АДМИНИСТРАЦИИ Г.УЛАН-УДЭ""";17.02.2026;27.02.2026;Закупка завершена;;;26.02.2026;
44-ФЗ;№0119200000126001759;Электронный аукцион;ЭА-№-1824/26 «Оказание услуги по техническому сопровождению программного обеспечения ViPNet и оборудования защищенной сети передачи данных Красноярского края»;;'262246622644824600100102390017490244;;;21400000.00;RUB;0;;;;;;"КРАЕВОЕ ГОСУДАРСТВЕННОЕ КАЗЕННОЕ УЧРЕЖДЕНИЕ ""ЦЕНТР ИНФОРМАЦИОННЫХ ТЕХНОЛОГИЙ КРАСНОЯРСКОГО КРАЯ""";АГЕНТСТВО ГОСУДАРСТВЕННОГО ЗАКАЗА КРАСНОЯРСКОГО КРАЯ;16.02.2026;27.02.2026;Закупка завершена;;;26.02.2026;
44-ФЗ;№0136500001126000673;Электронный аукцион;Поставка медицинских изделий (Линза интраокулярная для задней камеры глаза, псевдофакичная);;'262690201603169520100100110030000244;;;7218000.00;RUB;0;;;;;;"ГОСУДАРСТВЕННОЕ БЮДЖЕТНОЕ УЧРЕЖДЕНИЕ ЗДРАВООХРАНЕНИЯ ТВЕРСКОЙ ОБЛАСТИ ""ГОРОДСКАЯ КЛИНИЧЕСКАЯ БОЛЬНИЦА №7""";КОМИТЕТ ГОСУДАРСТВЕННОГО ЗАКАЗА ТВЕРСКОЙ ОБЛАСТИ;17.02.2026;27.02.2026;Закупка завершена;;;27.02.2026;
44-ФЗ;№0171200001926000369;Запрос котировок в электронной форме;Установка светофорного объекта на пересечении автомобильных дорог по ул. Ярославская и ул. Советская в рп. Пречистое, Первомайского района, Ярославской области (координаты: 58.424613, 40.316882);;'263762300051676230100100060044211244;;;8009975.89;RUB;0;;;;;;АДМИНИСТРАЦИЯ ПЕРВОМАЙСКОГО МУНИЦИПАЛЬНОГО ОКРУГА ЯРОСЛАВСКОЙ ОБЛАСТИ;МИНИСТЕРСТВО КОНКУРЕНТНОЙ ПОЛИТИКИ ЯРОСЛАВСКОЙ ОБЛАСТИ;18.02.2026;27.02.2026;Закупка завершена;;;26.02.2026;
44-ФЗ;№0119200000126001820;Электронный аукцион;"ЭА-№-1460/26 «Поставка с доставкой расходных материалов (Проводник для доступа к коронарным/периферическим сосудам) для нужд отделения рентгенохирургических методов диагностики и лечения КГБУЗ ""КМКБСМП им. Н.С. Карповича""»";;'262246300541924630100101950013250244;;;5589992.40;RUB;0;;;;;;"КРАЕВОЕ ГОСУДАРСТВЕННОЕ БЮДЖЕТНОЕ УЧРЕЖДЕНИЕ ЗДРАВООХРАНЕНИЯ ""КРАСНОЯРСКАЯ МЕЖРАЙОННАЯ КЛИНИЧЕСКАЯ БОЛЬНИЦА СКОРОЙ МЕДИЦИНСКОЙ ПОМОЩИ ИМЕНИ Н.С. КАРПОВИЧА""";АГЕНТСТВО ГОСУДАРСТВЕННОГО ЗАКАЗА КРАСНОЯРСКОГО КРАЯ;16.02.2026;27.02.2026;Закупка завершена;;;25.02.2026;
44-ФЗ;№0801500001126000111;Открытый конкурс в электронной форме;Выполнение работ по текущему ремонту по устранению пожарных нарушений помещений ГБУЗ РКФПЦ по адресу г. Уфа, Пр. Октября, 155;;'262027403610402780100101220014332244;;;6328183.80;RUB;0;;;;;;ГОСУДАРСТВЕННОЕ БЮДЖЕТНОЕ УЧРЕЖДЕНИЕ ЗДРАВООХРАНЕНИЯ РЕСПУБЛИКАНСКИЙ КЛИНИЧЕСКИЙ ФТИЗИОПУЛЬМОНОЛОГИЧЕСКИЙ ЦЕНТР;"ГОСУДАРСТВЕННОЕ КАЗЕННОЕ УЧРЕЖДЕНИЕ РЕСПУБЛИКИ БАШКОРТОСТАН ""РЕСПУБЛИКАНСКИЙ ЦЕНТР ТОРГОВ""";06.02.2026;27.02.2026;Закупка завершена;;;25.02.2026;
44-ФЗ;№0119200000126001857;Запрос котировок в электронной форме;"ЗК-№-1926/26 «Оказание услуг по технической поддержке АИС ""Техническая поддержка""»";;'262246622644824600100102100016202244;;;5988800.01;RUB;0;;;;;;"КРАЕВОЕ ГОСУДАРСТВЕННОЕ КАЗЕННОЕ УЧРЕЖДЕНИЕ ""ЦЕНТР ИНФОРМАЦИОННЫХ ТЕХНОЛОГИЙ КРАСНОЯРСКОГО КРАЯ""";АГЕНТСТВО ГОСУДАРСТВЕННОГО ЗАКАЗА КРАСНОЯРСКОГО КРАЯ;17.02.2026;27.02.2026;Закупка завершена;;;25.02.2026;
44-ФЗ;№0309100002526000002;Электронный аукцион;Выполнение работ по текущему ремонту помещений физико-математического кластера главного учебного корпуса, расположенного по адресу:  г. Саранск, ул. Студенческая д. 11 А;;'261132815992513280100100070014399244;;;11321937.64;RUB;0;;;;;;"ФЕДЕРАЛЬНОЕ ГОСУДАРСТВЕННОЕ БЮДЖЕТНОЕ ОБРАЗОВАТЕЛЬНОЕ УЧРЕЖДЕНИЕ ВЫСШЕГО ОБРАЗОВАНИЯ ""МОРДОВСКИЙ ГОСУДАРСТВЕННЫЙ ПЕДАГОГИЧЕСКИЙ УНИВЕРСИТЕТ ИМЕНИ М. Е. ЕВСЕВЬЕВА""";"ФЕДЕРАЛЬНОЕ ГОСУДАРСТВЕННОЕ БЮДЖЕТНОЕ ОБРАЗОВАТЕЛЬНОЕ УЧРЕЖДЕНИЕ ВЫСШЕГО ОБРАЗОВАНИЯ ""МОРДОВСКИЙ ГОСУДАРСТВЕННЫЙ ПЕДАГОГИЧЕСКИЙ УНИВЕРСИТЕТ ИМЕНИ М. Е. ЕВСЕВЬЕВА""";16.02.2026;27.02.2026;Закупка завершена;;;26.02.2026;
44-ФЗ;№0136500001126000745;Запрос котировок в электронной форме;Поставка лекарственных препаратов для медицинского применения (Гидразина сульфат) на 2026 год;;'262690504495069500100100011040000323;;;6583040.00;RUB;0;;;;;;МИНИСТЕРСТВО ЗДРАВООХРАНЕНИЯ ТВЕРСКОЙ ОБЛАСТИ;КОМИТЕТ ГОСУДАРСТВЕННОГО ЗАКАЗА ТВЕРСКОЙ ОБЛАСТИ;19.02.2026;27.02.2026;Закупка завершена;;;27.02.2026;
44-ФЗ;№0136500001126000503;Открытый конкурс в электронной форме;"Выполнение работ по ремонту подъездных дорог к МОУ ""Квакшинская СОШ"", Тверская область, Калининский муниципальный округ, д.Квакшино, д.55";;'263692400322069490100105570014211244;;;18028393.92;RUB;0;;;;;;АДМИНИСТРАЦИЯ КАЛИНИНСКОГО МУНИЦИПАЛЬНОГО ОКРУГА ТВЕРСКОЙ ОБЛАСТИ;КОМИТЕТ ГОСУДАРСТВЕННОГО ЗАКАЗА ТВЕРСКОЙ ОБЛАСТИ;11.02.2026;27.02.2026;Закупка завершена;;;27.02.2026;
44-ФЗ;№0168500000626000285;Открытый конкурс в электронной форме на проведение работ по строительству, реконструкции, кап. ремонту, сносу объекта кап. строительства в соответствии с п. 8 ч. 1 ст. 33 Закона № 44-ФЗ;Капитальный ремонт общего имущества многоквартирных домов в рамках исполнения решений судов, возложенных на администрацию города Ульяновска;;'263732503713373250100100130014399243;;;13506971.70;RUB;0;;;;;;УПРАВЛЕНИЕ ЖИЛИЩНО-КОММУНАЛЬНОГО ХОЗЯЙСТВА АДМИНИСТРАЦИИ ГОРОДА УЛЬЯНОВСКА;АГЕНТСТВО ГОСУДАРСТВЕННЫХ ЗАКУПОК УЛЬЯНОВСКОЙ ОБЛАСТИ;06.02.2026;27.02.2026;Закупка завершена;;;25.02.2026;
44-ФЗ;№0119200000126001819;Электронный аукцион;ЭА-№-1213/26 «Поставка Аудиометра на основе вызванных потенциалов для нужд КГБУЗ КККЦОМД»;;'262246323646224630100100480012660244;;;6055746.67;RUB;0;;;;;;"КРАЕВОЕ ГОСУДАРСТВЕННОЕ БЮДЖЕТНОЕ УЧРЕЖДЕНИЕ ЗДРАВООХРАНЕНИЯ ""КРАСНОЯРСКИЙ КРАЕВОЙ КЛИНИЧЕСКИЙ ЦЕНТР ОХРАНЫ МАТЕРИНСТВА И ДЕТСТВА""";АГЕНТСТВО ГОСУДАРСТВЕННОГО ЗАКАЗА КРАСНОЯРСКОГО КРАЯ;16.02.2026;27.02.2026;Закупка завершена;;;25.02.2026;
44-ФЗ;№0148300027926000011;Открытый конкурс в электронной форме;Выполнение работ по текущему ремонту Выполнение работ по текущему ремонту: ямочный ремонт асфальтового покрытия территорий и внутриквартальных проездов в городском округе Краснознаменск Московской области в 2026 году;;'263503231672950320100100050014211244;;;9433892.34;RUB;0;;;;;;"МУНИЦИПАЛЬНОЕ БЮДЖЕТНОЕ УЧРЕЖДЕНИЕ ""КОММУНАЛЬНОЕ ХОЗЯЙСТВО И БЛАГОУСТРОЙСТВО"" ГОРОДСКОГО ОКРУГА КРАСНОЗНАМЕНСК МОСКОВСКОЙ ОБЛАСТИ";АДМИНИСТРАЦИЯ ГОРОДСКОГО ОКРУГА КРАСНОЗНАМЕНСК МОСКОВСКОЙ ОБЛАСТИ;11.02.2026;27.02.2026;Закупка завершена;;;27.02.2026;
44-ФЗ;№0173200001426000187;Электронный аукцион;Аукцион в электронной форме на право заключения контракта на поставку лекарственных препаратов (Лозартан) для обеспечения граждан, имеющих право на получение государственной социальной помощи в городе Москве (УНЗ Z266413).;;'262771433860977344300114350010000323;;;49950000.00;RUB;0;;;;;;"ФИЛИАЛ № 1 ГКУ ""АЗ (КС) ДЗМ""";ДЕПАРТАМЕНТ ГОРОДА МОСКВЫ ПО КОНКУРЕНТНОЙ ПОЛИТИКЕ;17.02.2026;27.02.2026;Закупка завершена;;;25.02.2026;
44-ФЗ;№0830500000226000291;Открытый конкурс в электронной форме;Выполнение работ по озеленению городских территорий (цветочное оформление (посадка) и уход (содержание) за зелеными насаждениями);;'263352819889035280100100190018130244;;;24008435.63;RUB;0;;;;;;"МУНИЦИПАЛЬНОЕ КАЗЕННОЕ УЧРЕЖДЕНИЕ ""СПЕЦАВТОТРАНС""";"ГОСУДАРСТВЕННОЕ КАЗЕННОЕ УЧРЕЖДЕНИЕ ВОЛОГОДСКОЙ ОБЛАСТИ ""ЦЕНТР ЗАКУПОК""";10.02.2026;27.02.2026;Закупка завершена;;;26.02.2026;
44-ФЗ;№0166300024726000234;Запрос котировок в электронной форме;Оказание услуг по предоставлению специализированной техники (с экипажем);;'263710500883571050100100250060000244;;;9962010.00;RUB;0;;;;;;ГЛАВНОЕ УПРАВЛЕНИЕ АДМИНИСТРАЦИИ ГОРОДА ТУЛЫ ПО ПРОЛЕТАРСКОМУ ТЕРРИТОРИАЛЬНОМУ ОКРУГУ;АДМИНИСТРАЦИЯ МУНИЦИПАЛЬНОГО ОБРАЗОВАНИЯ ГОРОД ТУЛА;19.02.2026;27.02.2026;Закупка завершена;;;27.02.2026;
44-ФЗ;№0164200001926000377;Электронный аукцион;Выполнение работ по содержанию автомобильных дорог общего пользования местного значения г. Рассказово Тамбовской области;;'263682800708468280100100890014211244;;;23169442.96;RUB;0;;;;;;"МУНИЦИПАЛЬНОЕ КАЗЕННОЕ УЧРЕЖДЕНИЕ ""КОМИТЕТ ПО УПРАВЛЕНИЮ ГОРОДСКИМ ХОЗЯЙСТВОМ""";МИНИСТЕРСТВО ИМУЩЕСТВЕННЫХ ОТНОШЕНИЙ И ГОСУДАРСТВЕННОГО ЗАКАЗА ТАМБОВСКОЙ ОБЛАСТИ;17.02.2026;27.02.2026;Закупка завершена;;;26.02.2026;
44-ФЗ;№0320300143726000006;Электронный аукцион;Выполнение работ по благоустройству общественной территории: Центральной площади г. Дальнегорска, расположена примерно в 60 м от ориентира по направлению на северо-запад, почтовый адрес ориентира: Приморский край, г. Дальнегорск, проспект 50 лет Октября, д.122 в части установки малой архитектурной формы (светомузыкального пешеходного фонтана);;'263250500320825050100100110014399244;;;85901506.28;RUB;0;;;;;;АДМИНИСТРАЦИЯ ДАЛЬНЕГОРСКОГО МУНИЦИПАЛЬНОГО ОКРУГА ПРИМОРСКОГО КРАЯ;"МУНИЦИПАЛЬНОЕ КАЗЕННОЕ УЧРЕЖДЕНИЕ ""ОБСЛУЖИВАЮЩЕЕ УЧРЕЖДЕНИЕ""";19.02.2026;27.02.2026;Закупка завершена;;;27.02.2026;
44-ФЗ;№0168500000626000551;Электронный аукцион;Охранные услуги;;'262732504853773250100100340018010244;;;7454956.59;RUB;0;;;;;;"ОБЛАСТНОЕ ГОСУДАРСТВЕННОЕ КАЗЁННОЕ УЧРЕЖДЕНИЕ ""КОРПОРАЦИЯ РАЗВИТИЯ ИНТЕРНЕТ-ТЕХНОЛОГИЙ - МНОГОФУНКЦИОНАЛЬНЫЙ ЦЕНТР ПРЕДОСТАВЛЕНИЯ ГОСУДАРСТВЕННЫХ И МУНИЦИПАЛЬНЫХ УСЛУГ В УЛЬЯНОВСКОЙ ОБЛАСТИ""";АГЕНТСТВО ГОСУДАРСТВЕННЫХ ЗАКУПОК УЛЬЯНОВСКОЙ ОБЛАСТИ;19.02.2026;27.02.2026;Закупка завершена;;;27.02.2026;
44-ФЗ;№0373200657326000034;Электронный аукцион;Оказание услуг по ремонту и техническому обслуживанию грузовой техники с разрешенной максимальной массой более 10 тонн с запасными частями исполнителя без потери гарантийных обязательств для нужд структурных подразделений ГБУ «Ритуал».;;'262774309622477430100101440010000244;;;29990000.00;RUB;0;;;;;;"ГОСУДАРСТВЕННОЕ БЮДЖЕТНОЕ УЧРЕЖДЕНИЕ ГОРОДА МОСКВЫ ""РИТУАЛ""";"ГОСУДАРСТВЕННОЕ БЮДЖЕТНОЕ УЧРЕЖДЕНИЕ ГОРОДА МОСКВЫ ""РИТУАЛ""";16.02.2026;27.02.2026;Закупка завершена;;;25.02.2026;
44-ФЗ;№0164200001926000195;Открытый конкурс в электронной форме на проведение работ по строительству, реконструкции, кап. ремонту, сносу объекта кап. строительства в соответствии с п. 8 ч. 1 ст. 33 Закона № 44-ФЗ;Капитальный ремонт здания МБОУ «Средняя общеобразовательная школа №15», расположенного по адресу: 393766, Тамбовская область, г. Мичуринск, ул. Лермонтова, д. 1;;'263680001310568000100100110014120243;;;136356115.20;RUB;0;;;;;;"МУНИЦИПАЛЬНОЕ БЮДЖЕТНОЕ УЧРЕЖДЕНИЕ ""СЛУЖБА ОБЕСПЕЧЕНИЯ РЕАЛИЗАЦИИ ПРОЕКТОВ"" АДМИНИСТРАЦИИ ГОРОДА МИЧУРИНСКА ТАМБОВСКОЙ ОБЛАСТИ";МИНИСТЕРСТВО ИМУЩЕСТВЕННЫХ ОТНОШЕНИЙ И ГОСУДАРСТВЕННОГО ЗАКАЗА ТАМБОВСКОЙ ОБЛАСТИ;06.02.2026;27.02.2026;Закупка завершена;;;25.02.2026;
44-ФЗ;№0187300019426000019;Электронный аукцион;Выполнение работ по санитарному содержанию территорий общего пользования в городе Пыть-Яхе;;'263861200531386120100100390038129244;;;5081958.44;RUB;0;;;;;;АДМИНИСТРАЦИЯ ГОРОДА ПЫТЬ-ЯХА ИСПОЛНИТЕЛЬНО-РАСПОРЯДИТЕЛЬНЫЙ ОРГАН МУНИЦИПАЛЬНОГО ОБРАЗОВАНИЯ;АДМИНИСТРАЦИЯ ГОРОДА ПЫТЬ-ЯХА ИСПОЛНИТЕЛЬНО-РАСПОРЯДИТЕЛЬНЫЙ ОРГАН МУНИЦИПАЛЬНОГО ОБРАЗОВАНИЯ;17.02.2026;27.02.2026;Закупка завершена;;;26.02.2026;
44-ФЗ;№0845300015026000029;Открытый конкурс в электронной форме;Оказание услуг по содержанию сетей ливневой и дренажной канализации, водоотводных труб и канав на территории г. Выборг;;'263470406371047040100100320014211244;;;15256217.39;RUB;0;;;;;;АДМИНИСТРАЦИЯ ВЫБОРГСКОГО МУНИЦИПАЛЬНОГО РАЙОНА ЛЕНИНГРАДСКОЙ ОБЛАСТИ;"МУНИЦИПАЛЬНОЕ КАЗЕННОЕ УЧРЕЖДЕНИЕ ВЫБОРГСКОГО МУНИЦИПАЛЬНОГО РАЙОНА ЛЕНИНГРАДСКОЙ ОБЛАСТИ ""ЕДИНОЕ УПРАВЛЕНИЕ МУНИЦИПАЛЬНЫМИ ЗАКАЗАМИ""";09.02.2026;27.02.2026;Закупка завершена;;;25.02.2026;
44-ФЗ;№0158200001326000200;Электронный аукцион;Закупка лекарственных препаратов для обеспечения граждан Российской Федерации, проживающих на территории Ростовской области и имеющих право на получение лекарственных препаратов в соответствии с Федеральным законом от 21.11.2011 № 323-ФЗ «Об основах охраны здоровья граждан в Российской Федерации» (Рисдиплам);;'262616304981461660100101440022120323;;;129902116.50;RUB;0;;;;;;МИНИСТЕРСТВО ЗДРАВООХРАНЕНИЯ РОСТОВСКОЙ ОБЛАСТИ;МИНИСТЕРСТВО ЗДРАВООХРАНЕНИЯ РОСТОВСКОЙ ОБЛАСТИ;12.02.2026;27.02.2026;Закупка завершена;;;25.02.2026;
44-ФЗ;№0373200099725002009;Электронный аукцион;Электронный аукцион на поставку инфузионных разветвителей в отделения реанимации ГБУЗ «Морозовская ДГКБ ДЗМ»;;'252770503923277050100120660010000244;;;6142500.00;RUB;0;;;;;;"ГОСУДАРСТВЕННОЕ БЮДЖЕТНОЕ УЧРЕЖДЕНИЕ ЗДРАВООХРАНЕНИЯ ГОРОДА МОСКВЫ ""МОРОЗОВСКАЯ ДЕТСКАЯ ГОРОДСКАЯ КЛИНИЧЕСКАЯ БОЛЬНИЦА ДЕПАРТАМЕНТА ЗДРАВООХРАНЕНИЯ ГОРОДА МОСКВЫ""";"ГОСУДАРСТВЕННОЕ БЮДЖЕТНОЕ УЧРЕЖДЕНИЕ ЗДРАВООХРАНЕНИЯ ГОРОДА МОСКВЫ ""МОРОЗОВСКАЯ ДЕТСКАЯ ГОРОДСКАЯ КЛИНИЧЕСКАЯ БОЛЬНИЦА ДЕПАРТАМЕНТА ЗДРАВООХРАНЕНИЯ ГОРОДА МОСКВЫ""";09.12.2025;27.02.2026;Определение поставщика отменено;;;17.12.2025;
44-ФЗ;№0171200001926000379;Электронный аукцион;Оказание услуг по техническому сопровождению программного обеспечения сбора, анализа и визуализации для Ситуационного центра Губернатора области;;'262760609547676060100100350016203244;;;7964000.00;RUB;0;;;;;;"ГОСУДАРСТВЕННОЕ БЮДЖЕТНОЕ УЧРЕЖДЕНИЕ ЯРОСЛАВСКОЙ ОБЛАСТИ ""ЭЛЕКТРОННЫЙ РЕГИОН""";МИНИСТЕРСТВО КОНКУРЕНТНОЙ ПОЛИТИКИ ЯРОСЛАВСКОЙ ОБЛАСТИ;18.02.2026;27.02.2026;Закупка завершена;;;26.02.2026;
44-ФЗ;№0119300019826000059;Открытый конкурс в электронной форме;Выполнение работ по капитальному ремонту здания МБДОУ № 60, расположенного по адресу: г. Красноярск, пер. Медицинский, 2А;;'263246422572024640100100040014120243;;;69334631.59;RUB;0;;;;;;"МУНИЦИПАЛЬНОЕ БЮДЖЕТНОЕ ДОШКОЛЬНОЕ ОБРАЗОВАТЕЛЬНОЕ УЧРЕЖДЕНИЕ ""ДЕТСКИЙ САД № 60""";ДЕПАРТАМЕНТ МУНИЦИПАЛЬНОГО ЗАКАЗА АДМИНИСТРАЦИИ ГОРОДА КРАСНОЯРСКА;05.02.2026;27.02.2026;Закупка завершена;;;24.02.2026;
44-ФЗ;№0873500001826001987;Электронный аукцион;Аукцион в электронной форме на право заключения контракта на поставку лекарственных препаратов (Меполизумаб) для индивидуального обеспечения отдельных категорий граждан, имеющих право на получение государственной социальной помощи (в соответствии с решениями врачебных комиссий) в городе Москве (УНЗ: Z266115);;'262771433860977344300114250010000323;;;10543005.00;RUB;0;;;;;;"ФИЛИАЛ № 1 ГКУ ""АЗ (КС) ДЗМ""";"ФИЛИАЛ № 1 ГКУ ""АЗ (КС) ДЗМ""";13.02.2026;27.02.2026;Закупка завершена;;;25.02.2026;
44-ФЗ;№0119200000126001930;Электронный аукцион;ЭА-№-413/26 «Оказание услуг по техническому обслуживанию и проведению контроля технического состояния медицинской техники и оборудования для нужд КГБУЗ ККПТД № 1 в 2026 г.»;;'262246400842024640100100120013313244;;;7472528.00;RUB;0;;;;;;"КРАЕВОЕ ГОСУДАРСТВЕННОЕ БЮДЖЕТНОЕ УЧРЕЖДЕНИЕ ЗДРАВООХРАНЕНИЯ ""КРАСНОЯРСКИЙ КРАЕВОЙ ПРОТИВОТУБЕРКУЛЕЗНЫЙ ДИСПАНСЕР № 1""";АГЕНТСТВО ГОСУДАРСТВЕННОГО ЗАКАЗА КРАСНОЯРСКОГО КРАЯ;17.02.2026;27.02.2026;Закупка завершена;;;25.02.2026;
44-ФЗ;№0144200002426000039;Электронный аукцион;Поставка лекарственных препаратов (МНН Рисдиплам);;'262462904003746320100100010152120000;;;11292384.30;RUB;0;;;;;;МИНИСТЕРСТВО ЗДРАВООХРАНЕНИЯ КУРСКОЙ ОБЛАСТИ;МИНИСТЕРСТВО ИМУЩЕСТВА КУРСКОЙ ОБЛАСТИ;19.02.2026;27.02.2026;Закупка завершена;;;27.02.2026;
44-ФЗ;№0815500000526001407;Электронный аукцион;Поставка, монтаж блочно-модульной конструкции здания врачебной амбулатории для обслуживания населения с последующим монтажом, подготовкой площадки, подготовкой основания под данную блочно-модульную конструкцию, отделочными и пусконаладочными работами, выполнением противопожарных мероприятий, а также с обеспечением создания условий доступа для маломобильных групп населения, по Чувашской Республике;;'262213009761421300100100300012511244;;;22080000.00;RUB;0;;;;;;"КАЗЕННОЕ УЧРЕЖДЕНИЕ ЧУВАШСКОЙ РЕСПУБЛИКИ ""ЦЕНТР РЕСУРСНОГО ОБЕСПЕЧЕНИЯ ГОСУДАРСТВЕННЫХ УЧРЕЖДЕНИЙ ЗДРАВООХРАНЕНИЯ"" МИНИСТЕРСТВА ЗДРАВООХРАНЕНИЯ ЧУВАШСКОЙ РЕСПУБЛИКИ";"КАЗЕННОЕ УЧРЕЖДЕНИЕ ЧУВАШСКОЙ РЕСПУБЛИКИ ""РЕГИОНАЛЬНЫЙ ЦЕНТР ЗАКУПОК ЧУВАШСКОЙ РЕСПУБЛИКИ""";12.02.2026;27.02.2026;Закупка завершена;;;25.02.2026;
44-ФЗ;№0142200001326002663;Электронный аукцион;Поставка специализированного продукта лечебного питания для детей старше 1-го года, больных фенилкетонурией на 2026 год. (п26-02-645а);;'262631819736763180100100162260000000;;;8696934.40;RUB;0;;;;;;"ГОСУДАРСТВЕННОЕ КАЗЕННОЕ УЧРЕЖДЕНИЕ САМАРСКОЙ ОБЛАСТИ ""САМАРАФАРМАЦИЯ""";КОМИТЕТ ПО ОРГАНИЗАЦИИ ТОРГОВ САМАРСКОЙ ОБЛАСТИ;17.02.2026;27.02.2026;Закупка завершена;;;26.02.2026;
44-ФЗ;№0142200001326002660;Электронный аукцион;Поставка лекарственного препарата «Прамипексол» в рамках льготного лекарственного обеспечения на 2026 год. (п26-02-898);;'262631819736763180100100102800000000;;;6610921.20;RUB;0;;;;;;"ГОСУДАРСТВЕННОЕ КАЗЕННОЕ УЧРЕЖДЕНИЕ САМАРСКОЙ ОБЛАСТИ ""САМАРАФАРМАЦИЯ""";КОМИТЕТ ПО ОРГАНИЗАЦИИ ТОРГОВ САМАРСКОЙ ОБЛАСТИ;17.02.2026;27.02.2026;Закупка завершена;;;26.02.2026;
44-ФЗ;№0142200001326002659;Электронный аукцион;Поставка лекарственного препарата «Адеметионин» в рамках льготного лекарственного обеспечения на 2026 год. (п26-03-412);;'262631819736763180100100102790000000;;;5406153.60;RUB;0;;;;;;"ГОСУДАРСТВЕННОЕ КАЗЕННОЕ УЧРЕЖДЕНИЕ САМАРСКОЙ ОБЛАСТИ ""САМАРАФАРМАЦИЯ""";КОМИТЕТ ПО ОРГАНИЗАЦИИ ТОРГОВ САМАРСКОЙ ОБЛАСТИ;17.02.2026;27.02.2026;Закупка завершена;;;26.02.2026;
44-ФЗ;№0142200001326002658;Электронный аукцион;Поставка лекарственного препарата «Леводопа+Бенсеразид» в рамках льготного лекарственного обеспечения на 2026 год (п26-03-398).;;'262631819736763180100100102760000000;;;8783016.00;RUB;0;;;;;;"ГОСУДАРСТВЕННОЕ КАЗЕННОЕ УЧРЕЖДЕНИЕ САМАРСКОЙ ОБЛАСТИ ""САМАРАФАРМАЦИЯ""";КОМИТЕТ ПО ОРГАНИЗАЦИИ ТОРГОВ САМАРСКОЙ ОБЛАСТИ;17.02.2026;27.02.2026;Закупка завершена;;;26.02.2026;
44-ФЗ;№0158300046826000023;Электронный аукцион;Содержание автомобильных дорог общего пользования местного значения и искусственных сооружений на них с целью обеспечения бесперебойного и безопасного движения автомобильного транспорта и осуществление надзора за состоянием этих дорог в соответствии с техническими требованиями, установленными в государственных стандартах, строительных нормах и правилах, законодательных актах, технических правилах ремонта и содержания дорог, классификации работ по ремонту и содержанию автомобильных дорог общего пользования;;'263614200536561420100100050024211244;;;14000000.00;RUB;0;;;;;;АДМИНИСТРАЦИЯ БЕЛОКАЛИТВИНСКОГО РАЙОНА;АДМИНИСТРАЦИЯ БЕЛОКАЛИТВИНСКОГО РАЙОНА;18.02.2026;27.02.2026;Закупка завершена;;;26.02.2026;
44-ФЗ;№0891200000626000879;Запрос котировок в электронной форме;Приобретение лекарственных препаратов в целях социального обеспечения отдельных категорий граждан (соц.значимые) 2026 г. (00000952-ЗК);;'262753609569575360100101840012120323;;;6874200.00;RUB;0;;;;;;МИНИСТЕРСТВО ЗДРАВООХРАНЕНИЯ ЗАБАЙКАЛЬСКОГО КРАЯ;"ГОСУДАРСТВЕННОЕ КАЗЕННОЕ УЧРЕЖДЕНИЕ ""ЗАБАЙКАЛЬСКИЙ ЦЕНТР ГОСУДАРСТВЕННЫХ ЗАКУПОК""";19.02.2026;27.02.2026;Закупка завершена;;;27.02.2026;
44-ФЗ;№0803600031826000001;Запрос котировок в электронной форме;оказание услуг по подведению каналов связи и обеспечению бесперебойной сети интернет;;'263054201084105420100100020010000244;;;6300000.00;RUB;0;;;;;;"МУНИЦИПАЛЬНОЕ КАЗЕННОЕ УЧРЕЖДЕНИЕ ""УПРАВЛЕНИЕ ПО ДЕЛАМ ГРАЖДАНСКОЙ ОБОРОНЫ, ПРЕДУПРЕЖДЕНИЯ И ЛИКВИДАЦИИ  ЧРЕЗВЫЧАЙНЫХ СИТУАЦИЙ И ОБЕСПЕЧЕНИЮ ПОЖАРНОЙ БЕЗОПАСНОСТИ"" ГОРОДСКОГО ОКРУГА ""ГОРОД ДЕРБЕНТ""";"УПРАВЛЕНИЕ ПО РЕГУЛИРОВАНИЮ КОНТРАКТНОЙ СИСТЕМЫ ГОРОДСКОГО ОКРУГА ""ГОРОД ДЕРБЕНТ""";17.02.2026;27.02.2026;Закупка завершена;;;26.02.2026;
44-ФЗ;№0119300019826000024;Электронный аукцион;приобретение в муниципальную собственность жилого помещения – квартиры, для детей-сирот и детей, оставшихся без попечения родителей, лиц из числа детей-сирот и детей, оставшихся без попечения родителей;;'263246621661924660100100370016810412;;;5225885.28;RUB;0;;;;;;ДЕПАРТАМЕНТ ГРАДОСТРОИТЕЛЬСТВА АДМИНИСТРАЦИИ ГОРОДА КРАСНОЯРСКА;ДЕПАРТАМЕНТ МУНИЦИПАЛЬНОГО ЗАКАЗА АДМИНИСТРАЦИИ ГОРОДА КРАСНОЯРСКА;29.01.2026;27.02.2026;Закупка завершена;;;09.02.2026;
44-ФЗ;№0873500001826002126;Электронный аукцион;Аукцион в электронной форме на право заключения контракта на поставку лекарственных препаратов (Тиоктовая кислота) для обеспечения граждан, имеющих право на получение государственной социальной помощи в городе Москве (УНЗ Z266418);;'262771433860977344300114210010000323;;;11340000.00;RUB;0;;;;;;"ФИЛИАЛ № 1 ГКУ ""АЗ (КС) ДЗМ""";"ФИЛИАЛ № 1 ГКУ ""АЗ (КС) ДЗМ""";17.02.2026;27.02.2026;Закупка завершена;;;25.02.2026;
44-ФЗ;№0873500001826002090;Электронный аукцион;Аукцион в электронной форме на право заключения контракта на поставку лекарственных препаратов (Глекапревир+Пибрентасвир) для обеспечения граждан, имеющих право на получение государственной социальной помощи в городе Москве (УНЗ Z266397);;'262771433860977344300114260010000323;;;14962147.20;RUB;0;;;;;;"ФИЛИАЛ № 1 ГКУ ""АЗ (КС) ДЗМ""";"ФИЛИАЛ № 1 ГКУ ""АЗ (КС) ДЗМ""";16.02.2026;27.02.2026;Закупка завершена;;;25.02.2026;
44-ФЗ;№0148300021226000034;Электронный аукцион;Выполнение работ по демонтажу незаконно установленных или возведенных на территории г. о. Люберцы нестационарных объектов;;'263502723318550270100100540014311244;;;5000000.00;RUB;0;;;;;;"МУНИЦИПАЛЬНОЕ УЧРЕЖДЕНИЕ ""ОБЪЕДИНЕННЫЙ КОМБИНАТ БЛАГОУСТРОЙСТВА И ЖИЛИЩНО-КОММУНАЛЬНОГО ХОЗЯЙСТВА""";АДМИНИСТРАЦИЯ ГОРОДСКОГО ОКРУГА ЛЮБЕРЦЫ МОСКОВСКОЙ ОБЛАСТИ;18.02.2026;27.02.2026;Закупка завершена;;;26.02.2026;
44-ФЗ;№0815500000526001643;Электронный аукцион;Поставка лекарственных препаратов ВИГАБАТРИН;;'262212600312321300100100071390000000;;;17927800.00;RUB;0;;;;;;"ГОСУДАРСТВЕННОЕ УНИТАРНОЕ ПРЕДПРИЯТИЕ ЧУВАШСКОЙ РЕСПУБЛИКИ ""ФАРМАЦИЯ"" МИНИСТЕРСТВА ЗДРАВООХРАНЕНИЯ ЧУВАШСКОЙ РЕСПУБЛИКИ";"КАЗЕННОЕ УЧРЕЖДЕНИЕ ЧУВАШСКОЙ РЕСПУБЛИКИ ""РЕГИОНАЛЬНЫЙ ЦЕНТР ЗАКУПОК ЧУВАШСКОЙ РЕСПУБЛИКИ""";17.02.2026;27.02.2026;Закупка завершена;;;27.02.2026;
44-ФЗ;№0119200000126002142;Электронный аукцион;ЭА-№-1250/26 «Услуги по передаче электроэнергии ПТД»;;'262880000035788010100100090013512247;;;5881600.00;RUB;0;;;;;;"КРАЕВОЕ ГОСУДАРСТВЕННОЕ БЮДЖЕТНОЕ УЧРЕЖДЕНИЕ ЗДРАВООХРАНЕНИЯ ""ТУРИНСКАЯ РАЙОННАЯ БОЛЬНИЦА""";АГЕНТСТВО ГОСУДАРСТВЕННОГО ЗАКАЗА КРАСНОЯРСКОГО КРАЯ;19.02.2026;27.02.2026;Закупка завершена;;;27.02.2026;
44-ФЗ;№0348500001826000016;Электронный аукцион;Оказание услуг по техническому обслуживанию и ремонту легковых автомобилей и легких грузовых автотранспортных средств в 2026 году (услуги по замене вышедших из строя двигателей внутреннего сгорания на новые  в рамках текущего ремонта автомобилей скорой медицинской помощи марки «Форд»);;'262502418182050240100101630014520244;;;20000000.00;RUB;0;;;;;;"ГОСУДАРСТВЕННОЕ БЮДЖЕТНОЕ УЧРЕЖДЕНИЕ  ЗДРАВООХРАНЕНИЯ МОСКОВСКОЙ ОБЛАСТИ ""МОСКОВСКАЯ ОБЛАСТНАЯ  СТАНЦИЯ СКОРОЙ МЕДИЦИНСКОЙ ПОМОЩИ""";"ГОСУДАРСТВЕННОЕ БЮДЖЕТНОЕ УЧРЕЖДЕНИЕ  ЗДРАВООХРАНЕНИЯ МОСКОВСКОЙ ОБЛАСТИ ""МОСКОВСКАЯ ОБЛАСТНАЯ  СТАНЦИЯ СКОРОЙ МЕДИЦИНСКОЙ ПОМОЩИ""";18.02.2026;27.02.2026;Закупка завершена;;;26.02.2026;
44-ФЗ;№0148300021226000035;Электронный аукцион;Оказание услуг по приему, обезвреживанию и размещению отходов от зимней уборки;;'263502723318550270100101150013821244;;;10000000.00;RUB;0;;;;;;"МУНИЦИПАЛЬНОЕ УЧРЕЖДЕНИЕ ""ОБЪЕДИНЕННЫЙ КОМБИНАТ БЛАГОУСТРОЙСТВА И ЖИЛИЩНО-КОММУНАЛЬНОГО ХОЗЯЙСТВА""";АДМИНИСТРАЦИЯ ГОРОДСКОГО ОКРУГА ЛЮБЕРЦЫ МОСКОВСКОЙ ОБЛАСТИ;18.02.2026;27.02.2026;Закупка завершена;;;26.02.2026;
44-ФЗ;№0155200000926000099;Электронный аукцион;Поставка расходных материалов к инсулиновым инфузионным помпам для обеспечения отдельных категорий граждан;;'262583601292158360100100330013250323;;;29000000.00;RUB;0;;;;;;МИНИСТЕРСТВО ЗДРАВООХРАНЕНИЯ ПЕНЗЕНСКОЙ ОБЛАСТИ;МИНИСТЕРСТВО ЭКОНОМИЧЕСКОГО РАЗВИТИЯ И ПРОМЫШЛЕННОСТИ ПЕНЗЕНСКОЙ ОБЛАСТИ;19.02.2026;27.02.2026;Закупка завершена;;;27.02.2026;
44-ФЗ;№0373200064726000021;Электронный аукцион;Аукцион в электронной форме среди субъектов малого предпринимательства и социально ориентированных некоммерческих организаций на поставку дезинфицирующих средств;;'262772915296777290100100180010000244;;;10760107.80;RUB;0;;;;;;"ГОСУДАРСТВЕННОЕ БЮДЖЕТНОЕ УЧРЕЖДЕНИЕ ЗДРАВООХРАНЕНИЯ ГОРОДА МОСКВЫ ""НАУЧНО-ПРАКТИЧЕСКИЙ ЦЕНТР ДЕТСКОЙ ПСИХОНЕВРОЛОГИИ ДЕПАРТАМЕНТА ЗДРАВООХРАНЕНИЯ ГОРОДА МОСКВЫ""";"ГОСУДАРСТВЕННОЕ БЮДЖЕТНОЕ УЧРЕЖДЕНИЕ ЗДРАВООХРАНЕНИЯ ГОРОДА МОСКВЫ ""НАУЧНО-ПРАКТИЧЕСКИЙ ЦЕНТР ДЕТСКОЙ ПСИХОНЕВРОЛОГИИ ДЕПАРТАМЕНТА ЗДРАВООХРАНЕНИЯ ГОРОДА МОСКВЫ""";17.02.2026;27.02.2026;Закупка завершена;;;25.02.2026;
44-ФЗ;№0373200001226000089;Электронный аукцион;Электронный аукцион на поставку биопротезов сердечного аортального клапана с расходным материалом для установки для нужд ГБУЗ «ГКБ им. И.В. Давыдовского ДЗМ» (180831);;'262770912942377090100101080010000244;;;29990000.00;RUB;0;;;;;;"ГОСУДАРСТВЕННОЕ БЮДЖЕТНОЕ УЧРЕЖДЕНИЕ ЗДРАВООХРАНЕНИЯ ГОРОДА  МОСКВЫ ""ГОРОДСКАЯ КЛИНИЧЕСКАЯ БОЛЬНИЦА ИМЕНИ И.В. ДАВЫДОВСКОГО ДЕПАРТАМЕНТА ЗДРАВООХРАНЕНИЯ ГОРОДА МОСКВЫ""";"ГОСУДАРСТВЕННОЕ БЮДЖЕТНОЕ УЧРЕЖДЕНИЕ ЗДРАВООХРАНЕНИЯ ГОРОДА  МОСКВЫ ""ГОРОДСКАЯ КЛИНИЧЕСКАЯ БОЛЬНИЦА ИМЕНИ И.В. ДАВЫДОВСКОГО ДЕПАРТАМЕНТА ЗДРАВООХРАНЕНИЯ ГОРОДА МОСКВЫ""";17.02.2026;27.02.2026;Закупка завершена;;;25.02.2026;
44-ФЗ;№0373200001226000092;Электронный аукцион;"Электронный аукцион на поставку коронарной продукции (проводники, стенты) для нужд ГБУЗ ""ГКБ им. И.В. Давыдовского ДЗМ» (182683) лот 2";;'262770912942377090100101110010000244;;;29527000.00;RUB;0;;;;;;"ГОСУДАРСТВЕННОЕ БЮДЖЕТНОЕ УЧРЕЖДЕНИЕ ЗДРАВООХРАНЕНИЯ ГОРОДА  МОСКВЫ ""ГОРОДСКАЯ КЛИНИЧЕСКАЯ БОЛЬНИЦА ИМЕНИ И.В. ДАВЫДОВСКОГО ДЕПАРТАМЕНТА ЗДРАВООХРАНЕНИЯ ГОРОДА МОСКВЫ""";"ГОСУДАРСТВЕННОЕ БЮДЖЕТНОЕ УЧРЕЖДЕНИЕ ЗДРАВООХРАНЕНИЯ ГОРОДА  МОСКВЫ ""ГОРОДСКАЯ КЛИНИЧЕСКАЯ БОЛЬНИЦА ИМЕНИ И.В. ДАВЫДОВСКОГО ДЕПАРТАМЕНТА ЗДРАВООХРАНЕНИЯ ГОРОДА МОСКВЫ""";17.02.2026;27.02.2026;Закупка завершена;;;25.02.2026;
44-ФЗ;№0891200000626000819;Электронный аукцион;Услуги по регулярным пассажирским перевозкам воздушным транспортом на местных линиях Чита-Красный Чикой-Чита (00000920-ЭА);;'262750003179375000100100190015110244;;;13615000.00;RUB;0;;;;;;МИНИСТЕРСТВО ТРАНСПОРТА И ДОРОЖНОГО ХОЗЯЙСТВА ЗАБАЙКАЛЬСКОГО КРАЯ;"ГОСУДАРСТВЕННОЕ КАЗЕННОЕ УЧРЕЖДЕНИЕ ""ЗАБАЙКАЛЬСКИЙ ЦЕНТР ГОСУДАРСТВЕННЫХ ЗАКУПОК""";17.02.2026;27.02.2026;Закупка завершена;;;25.02.2026;
44-ФЗ;№0373200230725000091;Электронный аукцион;Поставка интерактивных панелей для нужд ГБПОУ МИК;;'252773128103977310100101390010000244;;;29750000.00;RUB;0;;;;;;"ГОСУДАРСТВЕННОЕ БЮДЖЕТНОЕ ПРОФЕССИОНАЛЬНОЕ ОБРАЗОВАТЕЛЬНОЕ УЧРЕЖДЕНИЕ ГОРОДА МОСКВЫ ""МОСКОВСКИЙ ИНДУСТРИАЛЬНЫЙ КОЛЛЕДЖ""";"ГОСУДАРСТВЕННОЕ БЮДЖЕТНОЕ ПРОФЕССИОНАЛЬНОЕ ОБРАЗОВАТЕЛЬНОЕ УЧРЕЖДЕНИЕ ГОРОДА МОСКВЫ ""МОСКОВСКИЙ ИНДУСТРИАЛЬНЫЙ КОЛЛЕДЖ""";22.12.2025;27.02.2026;Закупка завершена;;;15.01.2026;
44-ФЗ;№0149200002326000382;Открытый конкурс в электронной форме;Выполнение работ по ремонту моста через р. Западная Лица на км 3+400 автоподъезда к городу Заозерск;;'262519150092451900100100090014211244;;;158296596.00;RUB;0;;;;;;ГОСУДАРСТВЕННОЕ ОБЛАСТНОЕ КАЗЕННОЕ УЧРЕЖДЕНИЕ ПО УПРАВЛЕНИЮ АВТОМОБИЛЬНЫМИ ДОРОГАМИ МУРМАНСКОЙ ОБЛАСТИ;КОМИТЕТ ПО КОНКУРЕНТНОЙ ПОЛИТИКЕ МУРМАНСКОЙ ОБЛАСТИ;06.02.2026;27.02.2026;Закупка завершена;;;26.02.2026;
44-ФЗ;№0119300019826000031;Электронный аукцион;приобретение в муниципальную собственность жилого помещения – квартиры, для детей-сирот и детей, оставшихся без попечения родителей, лиц из числа детей-сирот и детей, оставшихся без попечения родителей;;'263246621661924660100100310016810412;;;5225885.28;RUB;0;;;;;;ДЕПАРТАМЕНТ ГРАДОСТРОИТЕЛЬСТВА АДМИНИСТРАЦИИ ГОРОДА КРАСНОЯРСКА;ДЕПАРТАМЕНТ МУНИЦИПАЛЬНОГО ЗАКАЗА АДМИНИСТРАЦИИ ГОРОДА КРАСНОЯРСКА;29.01.2026;27.02.2026;Закупка завершена;;;09.02.2026;
44-ФЗ;№0158300000126000010;Электронный аукцион;Ремонт автомобильной дороги общего пользования  «п. Жирнов – п. Шолоховский» в Тацинском районе Ростовской области  на участках км 5+243 - км 7+487 и км 10+587 – км 10+843 ;;'263613400550961340100100170104211244;;;36961637.23;RUB;0;;;;;;АДМИНИСТРАЦИЯ ТАЦИНСКОГО РАЙОНА;АДМИНИСТРАЦИЯ ТАЦИНСКОГО РАЙОНА;17.02.2026;27.02.2026;Закупка завершена;;;26.02.2026;
44-ФЗ;№0373200152825001327;Электронный аукцион;Поставка расходных материалов для внутривенных вливаний для нужд ГБУЗ «ГКБ им. А.К. Ерамишанцева ДЗМ»;;'252771603570577160100112200010000244;;;9661320.00;RUB;0;;;;;;"ГОСУДАРСТВЕННОЕ БЮДЖЕТНОЕ УЧРЕЖДЕНИЕ ЗДРАВООХРАНЕНИЯ ГОРОДА МОСКВЫ ""ГОРОДСКАЯ КЛИНИЧЕСКАЯ БОЛЬНИЦА ИМЕНИ А.К. ЕРАМИШАНЦЕВА ДЕПАРТАМЕНТА ЗДРАВООХРАНЕНИЯ ГОРОДА МОСКВЫ""";"ГОСУДАРСТВЕННОЕ БЮДЖЕТНОЕ УЧРЕЖДЕНИЕ ЗДРАВООХРАНЕНИЯ ГОРОДА МОСКВЫ ""ГОРОДСКАЯ КЛИНИЧЕСКАЯ БОЛЬНИЦА ИМЕНИ А.К. ЕРАМИШАНЦЕВА ДЕПАРТАМЕНТА ЗДРАВООХРАНЕНИЯ ГОРОДА МОСКВЫ""";25.12.2025;27.02.2026;Закупка завершена;;;20.02.2026;
44-ФЗ;№0358300068926000068;Электронный аукцион;"Выполнение работ по текущему ремонту помещений в корпусе литер ""БМ""   для нужд ГБУ РО «ЦГБ им. Н.А. Семашко» в г. Ростове-на-Дону ";;'262616502538261650100100880014339244;;;9757144.53;RUB;0;;;;;;"ГОСУДАРСТВЕННОЕ БЮДЖЕТНОЕ УЧРЕЖДЕНИЕ РОСТОВСКОЙ ОБЛАСТИ ""ЦЕНТРАЛЬНАЯ ГОРОДСКАЯ БОЛЬНИЦА ИМ. Н.А. СЕМАШКО"" В Г. РОСТОВЕ-НА-ДОНУ";"ГОСУДАРСТВЕННОЕ БЮДЖЕТНОЕ УЧРЕЖДЕНИЕ РОСТОВСКОЙ ОБЛАСТИ ""ЦЕНТРАЛЬНАЯ ГОРОДСКАЯ БОЛЬНИЦА ИМ. Н.А. СЕМАШКО"" В Г. РОСТОВЕ-НА-ДОНУ";18.02.2026;27.02.2026;Закупка завершена;;;26.02.2026;
44-ФЗ;№0155200000926000105;Электронный аукцион;Поставка расходных материалов для нужд нефрологического центра ГБУЗ ПОКБ им. Н.Н. Бурденко в 2026 году;;'262583700874158370100100910012120244;;;9600000.00;RUB;0;;;;;;"ГОСУДАРСТВЕННОЕ БЮДЖЕТНОЕ УЧРЕЖДЕНИЕ ЗДРАВООХРАНЕНИЯ ""ПЕНЗЕНСКАЯ ОБЛАСТНАЯ КЛИНИЧЕСКАЯ БОЛЬНИЦА ИМ. Н.Н. БУРДЕНКО""";МИНИСТЕРСТВО ЭКОНОМИЧЕСКОГО РАЗВИТИЯ И ПРОМЫШЛЕННОСТИ ПЕНЗЕНСКОЙ ОБЛАСТИ;19.02.2026;27.02.2026;Закупка завершена;;;27.02.2026;
44-ФЗ;№0306500000326000141;Электронный аукцион;Поставка эндопротезов коленного сустава для травматологического отделения №1 (без объема);;'262100133412810010100100030670000244;;;8630746.23;RUB;0;;;;;;"ГОСУДАРСТВЕННОЕ БЮДЖЕТНОЕ УЧРЕЖДЕНИЕ ЗДРАВООХРАНЕНИЯ РЕСПУБЛИКИ КАРЕЛИЯ ""РЕСПУБЛИКАНСКАЯ БОЛЬНИЦА ИМ. В.А. БАРАНОВА""";"ГОСУДАРСТВЕННОЕ БЮДЖЕТНОЕ УЧРЕЖДЕНИЕ ЗДРАВООХРАНЕНИЯ РЕСПУБЛИКИ КАРЕЛИЯ ""РЕСПУБЛИКАНСКАЯ БОЛЬНИЦА ИМ. В.А. БАРАНОВА""";16.02.2026;27.02.2026;Закупка завершена;;;25.02.2026;
44-ФЗ;№0846600000326000014;Открытый конкурс в электронной форме;Выполнение работ по ремонту дороги по ул. Молодежная в ж/д ст. Политово Данковского округа, Липецкой области;;'263480300250048030100100130014211244;;;5339618.08;RUB;0;;;;;;АДМИНИСТРАЦИЯ ДАНКОВСКОГО МУНИЦИПАЛЬНОГО ОКРУГА ЛИПЕЦКОЙ ОБЛАСТИ РОССИЙСКОЙ ФЕДЕРАЦИИ;"МУНИЦИПАЛЬНОЕ КАЗЕННОЕ УЧРЕЖДЕНИЕ ДАНКОВСКОГО МУНИЦИПАЛЬНОГО ОКРУГА ЛИПЕЦКОЙ ОБЛАСТИ ""ЦЕНТР ФИНАНСОВЫХ КОМПЕТЕНЦИЙ""";02.02.2026;27.02.2026;Закупка завершена;;;18.02.2026;
223-ФЗ;№32615749740;Иной способ;Поставка лекарственных препаратов;;;1;Поставка лекарственных препаратов;21730875.37;RUB;21730875.37;;;;21.20.10.211: Препараты противоопухолевые;;"АКЦИОНЕРНОЕ ОБЩЕСТВО ""ГУБЕРНСКИЕ АПТЕКИ""";"АКЦИОНЕРНОЕ ОБЩЕСТВО ""ГУБЕРНСКИЕ АПТЕКИ""";27.02.2026;27.02.2026;Закупка завершена;;;27.02.2026 10:30;
44-ФЗ;№0373200017526000020;Электронный аукцион;Поставка товаров для реализации мероприятий по КСОДД;;'262771770959477150100100440010000244;;;8000000.00;RUB;0;;;;;;"ГОСУДАРСТВЕННОЕ БЮДЖЕТНОЕ УЧРЕЖДЕНИЕ ГОРОДА МОСКВЫ ""АВТОМОБИЛЬНЫЕ ДОРОГИ СЕВЕРО-ВОСТОЧНОГО АДМИНИСТРАТИВНОГО ОКРУГА""";"ГОСУДАРСТВЕННОЕ КАЗЕННОЕ УЧРЕЖДЕНИЕ ГОРОДА МОСКВЫ ""ДИРЕКЦИЯ ЗАКАЗЧИКА ЖИЛИЩНО-КОММУНАЛЬНОГО ХОЗЯЙСТВА И БЛАГОУСТРОЙСТВА СЕВЕРО-ВОСТОЧНОГО АДМИНИСТРАТИВНОГО ОКРУГА""";17.02.2026;27.02.2026;Закупка завершена;;;26.02.2026;
44-ФЗ;№0815500000526001567;Электронный аукцион;"Ремонт автомобильной дороги ""Комсомольское -Яльчики-Буинск""-Кушелга с км 2+220 по км 3+360 в Яльчикского муниципального округа Чувашской Республики";;'263210000344021000100100230014211244;;;12219627.31;RUB;0;;;;;;УПРАВЛЕНИЕ ПО БЛАГОУСТРОЙСТВУ И РАЗВИТИЮ ТЕРРИТОРИЙ АДМИНИСТРАЦИИ ЯЛЬЧИКСКОГО МУНИЦИПАЛЬНОГО ОКРУГА ЧУВАШСКОЙ РЕСПУБЛИКИ;"КАЗЕННОЕ УЧРЕЖДЕНИЕ ЧУВАШСКОЙ РЕСПУБЛИКИ ""РЕГИОНАЛЬНЫЙ ЦЕНТР ЗАКУПОК ЧУВАШСКОЙ РЕСПУБЛИКИ""";16.02.2026;27.02.2026;Закупка завершена;;;26.02.2026;
44-ФЗ;№0139300002926000086;Электронный аукцион;Приобретение жилых помещений;;'263421600671842170100100090016810412;;;7667424.00;RUB;0;;;;;;КОМИТЕТ СОЦИАЛЬНОЙ ЗАЩИТЫ АДМИНИСТРАЦИИ ГОРОДА НОВОКУЗНЕЦКА;АДМИНИСТРАЦИЯ ГОРОДА НОВОКУЗНЕЦКА;19.02.2026;27.02.2026;Закупка завершена;;;27.02.2026;
44-ФЗ;№0171200001926000335;Запрос котировок в электронной форме;Содержание технических средств организации дорожного движения городского округа город Рыбинск Ярославской области: светофоры, дорожные знаки;;'263761007736776100100100130014211244;;;9326250.00;RUB;0;;;;;;"МУНИЦИПАЛЬНОЕ БЮДЖЕТНОЕ УЧРЕЖДЕНИЕ ГОРОДСКОГО ОКРУГА ГОРОД РЫБИНСК ЯРОСЛАВСКОЙ ОБЛАСТИ ""УПРАВЛЕНИЕ ГОРОДСКОГО ХОЗЯЙСТВА""";МИНИСТЕРСТВО КОНКУРЕНТНОЙ ПОЛИТИКИ ЯРОСЛАВСКОЙ ОБЛАСТИ;16.02.2026;27.02.2026;Закупка завершена;;;26.02.2026;
44-ФЗ;№0118300013326000124;Электронный аукцион;Оказание услуг по технической поддержке сети ViPNet;;'263231506198823150100100200026209244;;;12221901.56;RUB;0;;;;;;АДМИНИСТРАЦИЯ  МУНИЦИПАЛЬНОГО ОБРАЗОВАНИЯ ГОРОД НОВОРОССИЙСК;АДМИНИСТРАЦИЯ  МУНИЦИПАЛЬНОГО ОБРАЗОВАНИЯ ГОРОД НОВОРОССИЙСК;17.02.2026;27.02.2026;Закупка завершена;;;26.02.2026;
44-ФЗ;№0187300001226000010;Электронный аукцион;"Выполнение работ по благоустройству объекта ""Тротуар по ул. 2П-2 от проезда к пос. Солнечный до ул. 60 лет Октября и тротуар по ул. 60 лет Октября от ул. 2П-2 до ул. Кузоваткина г. Нижневартовска""";;'263860316573786030100100210014399244;;;88815470.48;RUB;0;;;;;;"МУНИЦИПАЛЬНОЕ КАЗЕННОЕ УЧРЕЖДЕНИЕ ""УПРАВЛЕНИЕ КАПИТАЛЬНОГО СТРОИТЕЛЬСТВА ГОРОДА НИЖНЕВАРТОВСКА""";АДМИНИСТРАЦИЯ ГОРОДА НИЖНЕВАРТОВСКА;11.02.2026;27.02.2026;Закупка завершена;;;25.02.2026;
223-ФЗ;№32615695421;Запрос предложений в электронной форме, участниками которого могут быть только субъекты малого и среднего предпринимательства;Оказание услуг по уборке, обслуживанию и содержанию объектов филиала ПАО «Россети Центр и Приволжье»- «Мариэнерго»;;;1;Оказание услуг по уборке, обслуживанию и содержанию объектов филиала ПАО «Россети Центр и Приволжье»- «Мариэнерго»;9698604.72;RUB;9698604.72;;;;81.21.10.000: Услуги по общей уборке зданий;;"ПУБЛИЧНОЕ АКЦИОНЕРНОЕ ОБЩЕСТВО ""РОССЕТИ ЦЕНТР И ПРИВОЛЖЬЕ""";"ФИЛИАЛ ПАО ""РОССЕТИ ЦЕНТР И ПРИВОЛЖЬЕ""-""МАРИЭНЕРГО""";11.02.2026;27.02.2026;Закупка завершена;;;19.02.2026 12:00;
44-ФЗ;№0166300024726000196;Запрос котировок в электронной форме;Выполнение работ, связанных с осуществлением регулярных перевозок пассажиров и багажа городским наземным электрическим транспортом (троллейбус) по регулируемым тарифам в границах муниципального образования город Тула по троллейбусным маршрутам №№ 1,2, 4, 5, 7;;'263710608544871060100100080524931244;;;9162327.94;RUB;0;;;;;;"МУНИЦИПАЛЬНОЕ КАЗЕННОЕ УЧРЕЖДЕНИЕ ""ЦЕНТР ОРГАНИЗАЦИИ ДОРОЖНО - ТРАНСПОРТНОЙ ДЕЯТЕЛЬНОСТИ ГОРОДА ТУЛЫ""";АДМИНИСТРАЦИЯ МУНИЦИПАЛЬНОГО ОБРАЗОВАНИЯ ГОРОД ТУЛА;17.02.2026;27.02.2026;Закупка завершена;;;25.02.2026;
44-ФЗ;№0131300021026000009;Электронный аукцион;Устройство тротуара по ул. Георгиева, ул. 50 лет Октября в с. Верхняя Хава, Верхнехавского муниципального района Воронежской области;;'263360700170936070100100060014211244;;;6573568.88;RUB;0;;;;;;АДМИНИСТРАЦИЯ ВЕРХНЕХАВСКОГО СЕЛЬСКОГО ПОСЕЛЕНИЯ ВЕРХНЕХАВСКОГО МУНИЦИПАЛЬНОГО РАЙОНА ВОРОНЕЖСКОЙ ОБЛАСТИ;ФИНАНСОВЫЙ ОТДЕЛ АДМИНИСТРАЦИИ ВЕРХНЕХАВСКОГО МУНИЦИПАЛЬНОГО РАЙОНА ВОРОНЕЖСКОЙ ОБЛАСТИ;18.02.2026;27.02.2026;Закупка завершена;;;26.02.2026;
44-ФЗ;№0166300024726000197;Запрос котировок в электронной форме;Выполнение работ, связанных с осуществлением регулярных перевозок пассажиров и багажа городским наземным электрическим транспортом (троллейбус) по регулируемым тарифам в границах муниципального образования город Тула по троллейбусным маршрутам №№ 1,2, 4, 5, 7;;'263710608544871060100100080534931244;;;9162327.94;RUB;0;;;;;;"МУНИЦИПАЛЬНОЕ КАЗЕННОЕ УЧРЕЖДЕНИЕ ""ЦЕНТР ОРГАНИЗАЦИИ ДОРОЖНО - ТРАНСПОРТНОЙ ДЕЯТЕЛЬНОСТИ ГОРОДА ТУЛЫ""";АДМИНИСТРАЦИЯ МУНИЦИПАЛЬНОГО ОБРАЗОВАНИЯ ГОРОД ТУЛА;17.02.2026;27.02.2026;Закупка завершена;;;25.02.2026;
44-ФЗ;№0166300002026000001;Электронный аукцион;Выполнение работ по содержанию автомобильных дорог и тротуаров, находящихся на территории муниципального образования город Богородицк Богородицкого района;;'263711200405271120100100510014211244;;;5000000.00;RUB;0;;;;;;АДМИНИСТРАЦИЯ МУНИЦИПАЛЬНОГО ОБРАЗОВАНИЯ БОГОРОДИЦКИЙ РАЙОН;АДМИНИСТРАЦИЯ МУНИЦИПАЛЬНОГО ОБРАЗОВАНИЯ БОГОРОДИЦКИЙ РАЙОН;19.02.2026;27.02.2026;Закупка завершена;;;27.02.2026;
44-ФЗ;№0373200045226000215;Запрос котировок в электронной форме;Электронный запрос котировок на поставку расходных медицинских материалов (Лот № 28-45/26) для нужд ГБУЗ ММНКЦ им. С.П. Боткина ДЗМ;;'262771408263677140100102850010000244;;;5799123.00;RUB;0;;;;;;"ГОСУДАРСТВЕННОЕ БЮДЖЕТНОЕ УЧРЕЖДЕНИЕ ЗДРАВООХРАНЕНИЯ ГОРОДА МОСКВЫ ""МОСКОВСКИЙ МНОГОПРОФИЛЬНЫЙ НАУЧНО-КЛИНИЧЕСКИЙ ЦЕНТР ИМЕНИ С.П. БОТКИНА"" ДЕПАРТАМЕНТА ЗДРАВООХРАНЕНИЯ ГОРОДА МОСКВЫ";"ГОСУДАРСТВЕННОЕ БЮДЖЕТНОЕ УЧРЕЖДЕНИЕ ЗДРАВООХРАНЕНИЯ ГОРОДА МОСКВЫ ""МОСКОВСКИЙ МНОГОПРОФИЛЬНЫЙ НАУЧНО-КЛИНИЧЕСКИЙ ЦЕНТР ИМЕНИ С.П. БОТКИНА"" ДЕПАРТАМЕНТА ЗДРАВООХРАНЕНИЯ ГОРОДА МОСКВЫ";10.02.2026;27.02.2026;Закупка завершена;;;26.02.2026;
44-ФЗ;№0142200001326002962;Электронный аукцион;Поставка лекарственного препарата «ВАЛЬПРОЕВАЯ КИСЛОТА» в рамках льготного лекарственного обеспечения на 2026 год.(п26-02-974);;'262631819736763180100100102120000000;;;5703361.20;RUB;0;;;;;;"ГОСУДАРСТВЕННОЕ КАЗЕННОЕ УЧРЕЖДЕНИЕ САМАРСКОЙ ОБЛАСТИ ""САМАРАФАРМАЦИЯ""";КОМИТЕТ ПО ОРГАНИЗАЦИИ ТОРГОВ САМАРСКОЙ ОБЛАСТИ;18.02.2026;27.02.2026;Закупка завершена;;;27.02.2026;
44-ФЗ;№0166300024726000198;Запрос котировок в электронной форме;Выполнение работ, связанных с осуществлением регулярных перевозок пассажиров и багажа городским наземным электрическим транспортом (троллейбус) по регулируемым тарифам в границах муниципального образования город Тула по троллейбусным маршрутам №№ 1,2, 4, 5, 7;;'263710608544871060100100080544931244;;;9162327.94;RUB;0;;;;;;"МУНИЦИПАЛЬНОЕ КАЗЕННОЕ УЧРЕЖДЕНИЕ ""ЦЕНТР ОРГАНИЗАЦИИ ДОРОЖНО - ТРАНСПОРТНОЙ ДЕЯТЕЛЬНОСТИ ГОРОДА ТУЛЫ""";АДМИНИСТРАЦИЯ МУНИЦИПАЛЬНОГО ОБРАЗОВАНИЯ ГОРОД ТУЛА;17.02.2026;27.02.2026;Закупка завершена;;;25.02.2026;
44-ФЗ;№0348200027026000084;Запрос котировок в электронной форме;Поставка лекарственных препаратов в 2026 году (лот 188.1: СПИНРАЗА) по решению суда и врачебной комиссии;;'262770206615777020100100790010000244;;;16957679.55;RUB;0;;;;;;"ГОСУДАРСТВЕННОЕ БЮДЖЕТНОЕ УЧРЕЖДЕНИЕ ЗДРАВООХРАНЕНИЯ МОСКОВСКОЙ ОБЛАСТИ ""МОСКОВСКИЙ ОБЛАСТНОЙ НАУЧНО-ИССЛЕДОВАТЕЛЬСКИЙ КЛИНИЧЕСКИЙ ИНСТИТУТ ИМ. М.Ф.ВЛАДИМИРСКОГО""";"ГОСУДАРСТВЕННОЕ БЮДЖЕТНОЕ УЧРЕЖДЕНИЕ ЗДРАВООХРАНЕНИЯ МОСКОВСКОЙ ОБЛАСТИ ""МОСКОВСКИЙ ОБЛАСТНОЙ НАУЧНО-ИССЛЕДОВАТЕЛЬСКИЙ КЛИНИЧЕСКИЙ ИНСТИТУТ ИМ. М.Ф.ВЛАДИМИРСКОГО""";17.02.2026;27.02.2026;Закупка завершена;;;25.02.2026;
44-ФЗ;№0857200000226000048;Электронный аукцион;Оказание услуг по приемочной диагностике законченных ремонтом участков автомобильных дорог в рамках реализации Регионального проекта «Региональная и местная дорожная сеть» в составе Федерального проекта «Региональная и местная дорожная сеть» Национального проекта «Инфраструктура для жизни»;;'262602714346260270100100310017120244;;;7500000.00;RUB;0;;;;;;"ГОСУДАРСТВЕННОЕ БЮДЖЕТНОЕ УЧРЕЖДЕНИЕ ПСКОВСКОЙ ОБЛАСТИ ""УПРАВЛЕНИЕ АВТОМОБИЛЬНЫХ ДОРОГ ПСКОВСКОЙ ОБЛАСТИ""";"ГОСУДАРСТВЕННОЕ БЮДЖЕТНОЕ УЧРЕЖДЕНИЕ ПСКОВСКОЙ ОБЛАСТИ ""УПРАВЛЕНИЕ АВТОМОБИЛЬНЫХ ДОРОГ ПСКОВСКОЙ ОБЛАСТИ""";18.02.2026;27.02.2026;Закупка завершена;;;26.02.2026;
44-ФЗ;№0348200081026000804;Электронный аукцион;Закупка лекарственного препарата Метотрексат для обеспечения отдельных категорий граждан, в отношении которых установлены меры социальной поддержки Л263608;;'262502406865650240100108030232120323;;;6468000.00;RUB;0;;;;;;"ГОСУДАРСТВЕННОЕ КАЗЕННОЕ УЧРЕЖДЕНИЕ МОСКОВСКОЙ ОБЛАСТИ ""ДИРЕКЦИЯ ЕДИНОГО ЗАКАЗЧИКА МИНИСТЕРСТВА ЗДРАВООХРАНЕНИЯ МОСКОВСКОЙ ОБЛАСТИ""";"ГОСУДАРСТВЕННОЕ КАЗЕННОЕ УЧРЕЖДЕНИЕ МОСКОВСКОЙ ОБЛАСТИ ""ДИРЕКЦИЯ ЕДИНОГО ЗАКАЗЧИКА МИНИСТЕРСТВА ЗДРАВООХРАНЕНИЯ МОСКОВСКОЙ ОБЛАСТИ""";18.02.2026;27.02.2026;Закупка завершена;;;27.02.2026;
44-ФЗ;№0187300008126000033;Запрос котировок в электронной форме;Оказание услуг по содержанию и обслуживанию автомобильных дорог и дорожной инфраструктуры в микрорайонах Центральный, Южный, Приурал, промзоне города Нягани;;'263861001171386100100100840015221244;;;9779950.00;RUB;0;;;;;;"МУНИЦИПАЛЬНОЕ КАЗЕННОЕ УЧРЕЖДЕНИЕ ГОРОДА НЯГАНИ ""УПРАВЛЕНИЕ ГОРОДСКОГО ХОЗЯЙСТВА""";АДМИНИСТРАЦИЯ ГОРОДА НЯГАНИ;12.02.2026;27.02.2026;Закупка завершена;;;25.02.2026;
44-ФЗ;№0166300024726000199;Запрос котировок в электронной форме;Выполнение работ, связанных с осуществлением регулярных перевозок пассажиров и багажа городским наземным электрическим транспортом (троллейбус) по регулируемым тарифам в границах муниципального образования город Тула по троллейбусным маршрутам №№ 1,2, 4, 5, 7;;'263710608544871060100100080714931244;;;6533909.77;RUB;0;;;;;;"МУНИЦИПАЛЬНОЕ КАЗЕННОЕ УЧРЕЖДЕНИЕ ""ЦЕНТР ОРГАНИЗАЦИИ ДОРОЖНО - ТРАНСПОРТНОЙ ДЕЯТЕЛЬНОСТИ ГОРОДА ТУЛЫ""";АДМИНИСТРАЦИЯ МУНИЦИПАЛЬНОГО ОБРАЗОВАНИЯ ГОРОД ТУЛА;17.02.2026;27.02.2026;Закупка завершена;;;25.02.2026;
44-ФЗ;№0134200000126000409;Электронный аукцион;Услуги в области стоматологии (бесплатное изготовление и ремонт зубных протезов (кроме расходов на оплату стоимости драгоценных металлов и металлокерамики) в медицинских организациях по месту жительства в соответствии с Законом Иркутской области от 17 декабря 2008 года № 105-оз «О мерах социальной поддержки отдельных категорий ветеранов в Иркутской области»);;'262380828248938080100100330018623323;;;5499997.44;RUB;0;;;;;;"ОБЛАСТНОЕ ГОСУДАРСТВЕННОЕ БЮДЖЕТНОЕ УЧРЕЖДЕНИЕ ""УПРАВЛЕНИЕ СОЦИАЛЬНОЙ ЗАЩИТЫ И СОЦИАЛЬНОГО ОБСЛУЖИВАНИЯ НАСЕЛЕНИЯ ПО УСТЬ-КУТСКОМУ РАЙОНУ""";МИНИСТЕРСТВО ПО РЕГУЛИРОВАНИЮ КОНТРАКТНОЙ СИСТЕМЫ В СФЕРЕ ЗАКУПОК ИРКУТСКОЙ ОБЛАСТИ;16.02.2026;27.02.2026;Закупка завершена;;;27.02.2026;
44-ФЗ;№0187300008126000032;Запрос котировок в электронной форме;Оказание услуг по содержанию и обслуживанию автомобильных дорог и дорожной инфраструктуры в микрорайонах Восточный, Западный, Геология города Нягани;;'263861001171386100100100830015221244;;;9779950.00;RUB;0;;;;;;"МУНИЦИПАЛЬНОЕ КАЗЕННОЕ УЧРЕЖДЕНИЕ ГОРОДА НЯГАНИ ""УПРАВЛЕНИЕ ГОРОДСКОГО ХОЗЯЙСТВА""";АДМИНИСТРАЦИЯ ГОРОДА НЯГАНИ;12.02.2026;27.02.2026;Закупка завершена;;;25.02.2026;
44-ФЗ;№0191300014026000010;Открытый конкурс в электронной форме;Ремонт автомобильной дороги с.Новоберезовское до с.Нижняя Хила на участке км 6+500-км 6+640;;'263752700666775270100100020014211244;;;5045656.20;RUB;0;;;;;;"УПРАВЛЕНИЕ ИНВЕСТИЦИОННОЙ ПОЛИТИКИ И РАЗВИТИЯ ИНФРАСТРУКТУРЫ МУНИЦИПАЛЬНОГО РАЙОНА ""ШИЛКИНСКИЙ РАЙОН""";"АДМИНИСТРАЦИЯ МУНИЦИПАЛЬНОГО РАЙОНА ""ШИЛКИНСКИЙ РАЙОН""";11.02.2026;27.02.2026;Закупка завершена;;;27.02.2026;
44-ФЗ;№0848300051126000008;Открытый конкурс в электронной форме;Создание и ремонт пешеходных коммуникаций на дворовых территориях и общественных пространствах на территории г.о Лыткарино Московской области в 2026г;;'263502611720350270100100390014211244;;;8659698.45;RUB;0;;;;;;УПРАВЛЕНИЕ ЖИЛИЩНО-КОММУНАЛЬНОГО ХОЗЯЙСТВА И РАЗВИТИЯ ГОРОДСКОЙ ИНФРАСТРУКТУРЫ ГОРОДА ЛЫТКАРИНО;"МУНИЦИПАЛЬНОЕ КАЗЕННОЕ УЧРЕЖДЕНИЕ ""КОМИТЕТ ПО ТОРГАМ ГОРОДА ЛЫТКАРИНО""";09.02.2026;27.02.2026;Закупка завершена;;;25.02.2026;
44-ФЗ;№0563600006426000011;Электронный аукцион;Поставка запасных частей для ремонта трамваев;;'263673101030167310100100100023020000;;;9155648.00;RUB;0;;;;;;МУНИЦИПАЛЬНОЕ УНИТАРНОЕ ТРАМВАЙНО-ТРОЛЛЕЙБУСНОЕ ПРЕДПРИЯТИЕ ГОРОДА СМОЛЕНСКА;МУНИЦИПАЛЬНОЕ УНИТАРНОЕ ТРАМВАЙНО-ТРОЛЛЕЙБУСНОЕ ПРЕДПРИЯТИЕ ГОРОДА СМОЛЕНСКА;18.02.2026;27.02.2026;Закупка завершена;;;26.02.2026;
44-ФЗ;№0118300003726000030;Электронный аукцион;Капитальный ремонт пер. Малый в г. Геленджике;;'263230404040023040100100250014211243;;;6145375.16;RUB;0;;;;;;УПРАВЛЕНИЕ ЖИЛИЩНО-КОММУНАЛЬНОГО ХОЗЯЙСТВА АДМИНИСТРАЦИИ МУНИЦИПАЛЬНОГО ОБРАЗОВАНИЯ ГОРОД-КУРОРТ ГЕЛЕНДЖИК;АДМИНИСТРАЦИЯ МУНИЦИПАЛЬНОГО ОБРАЗОВАНИЯ ГОРОДСКОЙ ОКРУГ ГОРОД-КУРОРТ ГЕЛЕНДЖИК КРАСНОДАРСКОГО КРАЯ;16.02.2026;27.02.2026;Закупка завершена;;;25.02.2026;
44-ФЗ;№0158200003326000026;Открытый конкурс в электронной форме;Оказание услуг по информационному освещению деятельности Правительства Ростовской области в средствах массовой информации, на медиаресурсах в информационно-телекоммуникационной сети «Интернет»;;'262616302165761630100101840046391244;;;15417165.00;RUB;0;;;;;;ПРАВИТЕЛЬСТВО РОСТОВСКОЙ ОБЛАСТИ;ПРАВИТЕЛЬСТВО РОСТОВСКОЙ ОБЛАСТИ;11.02.2026;27.02.2026;Закупка завершена;;;27.02.2026;
44-ФЗ;№0158200003326000024;Открытый конкурс в электронной форме;Оказание услуг по освещению деятельности политических партий, представленных в Законодательном Собрании Ростовской области, в порядке, предусмотренном Областным законом от 22.07.2010 № 447-ЗС «О гарантиях равенства политических партий, представленных в Законодательном Собрании Ростовской области, при освещении их деятельности региональным телеканалом и радиоканалом»;;'262616302165761630100113440026391244;;;61551660.00;RUB;0;;;;;;ПРАВИТЕЛЬСТВО РОСТОВСКОЙ ОБЛАСТИ;ПРАВИТЕЛЬСТВО РОСТОВСКОЙ ОБЛАСТИ;09.02.2026;27.02.2026;Закупка завершена;;;27.02.2026;
44-ФЗ;№0373200059726000062;Электронный аукцион;"Поставка лекарственных препаратов (МНН: Адеметионин) для нужд ГБУЗ ""МНПЦ борьбы с туберкулезом ДЗМ"".";;'262771811506477180100100740010000244;;;7623000.00;RUB;0;;;;;;"ГОСУДАРСТВЕННОЕ БЮДЖЕТНОЕ УЧРЕЖДЕНИЕ ЗДРАВООХРАНЕНИЯ ГОРОДА МОСКВЫ ""МОСКОВСКИЙ ГОРОДСКОЙ НАУЧНО-ПРАКТИЧЕСКИЙ ЦЕНТР БОРЬБЫ С ТУБЕРКУЛЕЗОМ ДЕПАРТАМЕНТА ЗДРАВООХРАНЕНИЯ ГОРОДА МОСКВЫ""";"ГОСУДАРСТВЕННОЕ БЮДЖЕТНОЕ УЧРЕЖДЕНИЕ ЗДРАВООХРАНЕНИЯ ГОРОДА МОСКВЫ ""МОСКОВСКИЙ ГОРОДСКОЙ НАУЧНО-ПРАКТИЧЕСКИЙ ЦЕНТР БОРЬБЫ С ТУБЕРКУЛЕЗОМ ДЕПАРТАМЕНТА ЗДРАВООХРАНЕНИЯ ГОРОДА МОСКВЫ""";17.02.2026;27.02.2026;Закупка завершена;;;25.02.2026;
44-ФЗ;№0373200059726000063;Электронный аукцион;"Поставка лекарственных препаратов (МНН: Меропенем) для нужд ГБУЗ ""МНПЦ борьбы с туберкулезом ДЗМ"".";;'262771811506477180100100750010000244;;;26000000.00;RUB;0;;;;;;"ГОСУДАРСТВЕННОЕ БЮДЖЕТНОЕ УЧРЕЖДЕНИЕ ЗДРАВООХРАНЕНИЯ ГОРОДА МОСКВЫ ""МОСКОВСКИЙ ГОРОДСКОЙ НАУЧНО-ПРАКТИЧЕСКИЙ ЦЕНТР БОРЬБЫ С ТУБЕРКУЛЕЗОМ ДЕПАРТАМЕНТА ЗДРАВООХРАНЕНИЯ ГОРОДА МОСКВЫ""";"ГОСУДАРСТВЕННОЕ БЮДЖЕТНОЕ УЧРЕЖДЕНИЕ ЗДРАВООХРАНЕНИЯ ГОРОДА МОСКВЫ ""МОСКОВСКИЙ ГОРОДСКОЙ НАУЧНО-ПРАКТИЧЕСКИЙ ЦЕНТР БОРЬБЫ С ТУБЕРКУЛЕЗОМ ДЕПАРТАМЕНТА ЗДРАВООХРАНЕНИЯ ГОРОДА МОСКВЫ""";17.02.2026;27.02.2026;Закупка завершена;;;25.02.2026;
44-ФЗ;№0830500000226000265;Открытый конкурс в электронной форме;Благоустройство дворовых территорий по адресам: ул. Советская, д.41, ул. Луковецкая, д.4 в г. Соколе;;'263352702483835270100100060014399244;;;10616505.55;RUB;0;;;;;;"ТЕРРИТОРИАЛЬНЫЙ ОРГАН АДМИНИСТРАЦИИ СОКОЛЬСКОГО МУНИЦИПАЛЬНОГО ОКРУГА ВОЛОГОДСКОЙ ОБЛАСТИ - ""ГОРОД СОКОЛ""";"ГОСУДАРСТВЕННОЕ КАЗЕННОЕ УЧРЕЖДЕНИЕ ВОЛОГОДСКОЙ ОБЛАСТИ ""ЦЕНТР ЗАКУПОК""";09.02.2026;27.02.2026;Закупка завершена;;;25.02.2026;
44-ФЗ;№0373100072126000256;Электронный аукцион;Поставка реагентов для нужд Федерального государственного бюджетного научного учреждения «РНЦХ им. акад. Б.В. Петровского»;;'261770403012477040100100052310000000;;;6761208.89;RUB;0;;;;;;"ФЕДЕРАЛЬНОЕ ГОСУДАРСТВЕННОЕ БЮДЖЕТНОЕ НАУЧНОЕ УЧРЕЖДЕНИЕ ""РОССИЙСКИЙ НАУЧНЫЙ ЦЕНТР ХИРУРГИИ ИМЕНИ АКАДЕМИКА Б.В. ПЕТРОВСКОГО""";"ФЕДЕРАЛЬНОЕ ГОСУДАРСТВЕННОЕ БЮДЖЕТНОЕ НАУЧНОЕ УЧРЕЖДЕНИЕ ""РОССИЙСКИЙ НАУЧНЫЙ ЦЕНТР ХИРУРГИИ ИМЕНИ АКАДЕМИКА Б.В. ПЕТРОВСКОГО""";19.02.2026;27.02.2026;Закупка завершена;;;27.02.2026;
44-ФЗ;№0373100072126000229;Электронный аукцион;Поставка медицинских расходных материалов для травматолого-ортопедических операций для нужд ФГБНУ «РНЦХ им. акад. Б.В. Петровского»;;'261770403012477040100100052170000000;;;55000000.00;RUB;0;;;;;;"ФЕДЕРАЛЬНОЕ ГОСУДАРСТВЕННОЕ БЮДЖЕТНОЕ НАУЧНОЕ УЧРЕЖДЕНИЕ ""РОССИЙСКИЙ НАУЧНЫЙ ЦЕНТР ХИРУРГИИ ИМЕНИ АКАДЕМИКА Б.В. ПЕТРОВСКОГО""";"ФЕДЕРАЛЬНОЕ ГОСУДАРСТВЕННОЕ БЮДЖЕТНОЕ НАУЧНОЕ УЧРЕЖДЕНИЕ ""РОССИЙСКИЙ НАУЧНЫЙ ЦЕНТР ХИРУРГИИ ИМЕНИ АКАДЕМИКА Б.В. ПЕТРОВСКОГО""";19.02.2026;27.02.2026;Закупка завершена;;;27.02.2026;
44-ФЗ;№0173100012026000002;Электронный аукцион;Оказание услуг по охране здания, имущества и территории ФАС России по адресу: г. Москва, Уланский пер., д.16, корп.1;;'261770351653977030100100090018010244;;;10056507.10;RUB;0;;;;;;ФЕДЕРАЛЬНАЯ АНТИМОНОПОЛЬНАЯ СЛУЖБА;ФЕДЕРАЛЬНАЯ АНТИМОНОПОЛЬНАЯ СЛУЖБА;18.02.2026;27.02.2026;Закупка завершена;;;26.02.2026;
44-ФЗ;№0134200000126000261;Открытый конкурс в электронной форме;Услуги по организации отдыха детей и их оздоровления;;'262380817098638080100100370048541323;;;13192200.00;RUB;0;;;;;;МИНИСТЕРСТВО СОЦИАЛЬНОГО РАЗВИТИЯ, ОПЕКИ И ПОПЕЧИТЕЛЬСТВА ИРКУТСКОЙ ОБЛАСТИ;МИНИСТЕРСТВО ПО РЕГУЛИРОВАНИЮ КОНТРАКТНОЙ СИСТЕМЫ В СФЕРЕ ЗАКУПОК ИРКУТСКОЙ ОБЛАСТИ;06.02.2026;27.02.2026;Закупка завершена;;;27.02.2026;
44-ФЗ;№0134200000126000240;Открытый конкурс в электронной форме;Услуги по организации отдыха детей и их оздоровления;;'262380817098638080100100370128541323;;;7182420.00;RUB;0;;;;;;МИНИСТЕРСТВО СОЦИАЛЬНОГО РАЗВИТИЯ, ОПЕКИ И ПОПЕЧИТЕЛЬСТВА ИРКУТСКОЙ ОБЛАСТИ;МИНИСТЕРСТВО ПО РЕГУЛИРОВАНИЮ КОНТРАКТНОЙ СИСТЕМЫ В СФЕРЕ ЗАКУПОК ИРКУТСКОЙ ОБЛАСТИ;06.02.2026;27.02.2026;Закупка завершена;;;27.02.2026;
44-ФЗ;№0432200000826000560;Электронный аукцион;Ц-4527_Закупка лекарственных средств_БЕДАКВИЛИН;;'262526013629952600100100055270000000;;;21991112.00;RUB;0;;;;;;"ГОСУДАРСТВЕННОЕ ПРЕДПРИЯТИЕ НИЖЕГОРОДСКОЙ ОБЛАСТИ ""НИЖЕГОРОДСКАЯ ОБЛАСТНАЯ ФАРМАЦИЯ""";"ГОСУДАРСТВЕННОЕ ПРЕДПРИЯТИЕ НИЖЕГОРОДСКОЙ ОБЛАСТИ ""НИЖЕГОРОДСКАЯ ОБЛАСТНАЯ ФАРМАЦИЯ""";19.02.2026;27.02.2026;Закупка завершена;;;27.02.2026;
44-ФЗ;№0848600008926000014;Электронный аукцион;Оказание услуг по предоставлению видеоизображения для системы технологического обеспечения региональной общественной безопасности и оперативного управления «Безопасный регион» на территории Московской области для нужд городского округа Ступино Московской области;;'263504506235950450100100080016311244;;;19822140.00;RUB;0;;;;;;АДМИНИСТРАЦИЯ ГОРОДСКОГО ОКРУГА СТУПИНО МОСКОВСКОЙ ОБЛАСТИ;"МУНИЦИПАЛЬНОЕ КАЗЁННОЕ УЧРЕЖДЕНИЕ ""СТУПИНСКИЙ ЦЕНТР ЗАКУПОК"" ГОРОДСКОГО ОКРУГА СТУПИНО МОСКОВСКОЙ ОБЛАСТИ";18.02.2026;27.02.2026;Закупка завершена;;;26.02.2026;
44-ФЗ;№0816500000626002030;Запрос котировок в электронной форме;Оказание услуг по бронированию, оформлению и продаже авиабилетов для детей из Арктических районов Республики Саха (Якутия) для участия в региональных и всероссийских соревнованиях, олимпиадах и конкурсах;;'262143528884414350100100080010000244;;;9500000.00;RUB;0;;;;;;МИНИСТЕРСТВО ПО РАЗВИТИЮ АРКТИКИ И ДЕЛАМ НАРОДОВ СЕВЕРА РЕСПУБЛИКИ САХА (ЯКУТИЯ);"ГОСУДАРСТВЕННОЕ КАЗЕННОЕ УЧРЕЖДЕНИЕ РЕСПУБЛИКИ САХА (ЯКУТИЯ) ""ЦЕНТР ЗАКУПОК РЕСПУБЛИКИ САХА (ЯКУТИЯ)""";18.02.2026;27.02.2026;Закупка завершена;;;26.02.2026;
44-ФЗ;№0830500000226000182;Открытый конкурс в электронной форме;Благоустройство дворовых территорий многоквартирных домов с. Шухободь;;'263352834601035280100100190014299244;;;9299975.93;RUB;0;;;;;;АДМИНИСТРАЦИЯ ЧЕРЕПОВЕЦКОГО МУНИЦИПАЛЬНОГО ОКРУГА ВОЛОГОДСКОЙ ОБЛАСТИ;"ГОСУДАРСТВЕННОЕ КАЗЕННОЕ УЧРЕЖДЕНИЕ ВОЛОГОДСКОЙ ОБЛАСТИ ""ЦЕНТР ЗАКУПОК""";04.02.2026;27.02.2026;Закупка завершена;;;25.02.2026;
44-ФЗ;№0373100046126000003;Открытый конкурс в электронной форме;Выполнение работ по реставрации музейного предмета Автомобиль легковой среднего класса ГАЗ-М20 «Победа» КП 21134 из фонда Политехнического музея, для экспонирования в экспозиции «Моторы России» основного исторического здания музея.;;'261770101210277010100100040017490243;;;7860000.00;RUB;0;;;;;;"ФЕДЕРАЛЬНОЕ ГОСУДАРСТВЕННОЕ БЮДЖЕТНОЕ УЧРЕЖДЕНИЕ КУЛЬТУРЫ ""ПОЛИТЕХНИЧЕСКИЙ МУЗЕЙ""";"ФЕДЕРАЛЬНОЕ ГОСУДАРСТВЕННОЕ БЮДЖЕТНОЕ УЧРЕЖДЕНИЕ КУЛЬТУРЫ ""ПОЛИТЕХНИЧЕСКИЙ МУЗЕЙ""";10.02.2026;27.02.2026;Закупка завершена;;;26.02.2026;
223-ФЗ;№32615751014;Иной способ;Оказание услуг по транспортированию твердых коммунальных отходов (с территории Воловского и Тербунского районов Липецкой области) для нужд Елецкого филиала ООО «ТЭКО-Сервис» ;;;1;Оказание услуг по транспортированию твердых коммунальных отходов (с территории Воловского и Тербунского районов Липецкой области) для нужд Елецкого филиала ООО «ТЭКО-Сервис»;16116000.00;RUB;16116000.00;;;;38.11.21: Услуги по сбору неопасных отходов городского хозяйства, непригодных для повторного использования;;"ОБЩЕСТВО С ОГРАНИЧЕННОЙ ОТВЕТСТВЕННОСТЬЮ ""ТЭКО-СЕРВИС""";"ОБЩЕСТВО С ОГРАНИЧЕННОЙ ОТВЕТСТВЕННОСТЬЮ ""ТЭКО-СЕРВИС""";27.02.2026;27.02.2026;Закупка завершена;;;27.02.2026 11:30;
44-ФЗ;№1011500002326000003;Электронный аукцион;"Оказание услуг по организации горячего питания по стандартам ""Халяль"" ";;'262165547685016550100100010015629244;;;41258850.00;RUB;0;;;;;;"ГОСУДАРСТВЕННОЕ АВТОНОМНОЕ УЧРЕЖДЕНИЕ МОЛОДЕЖНЫЙ ЦЕНТР ""СЭЛЭТ - АК БАРС"" МИНИСТЕРСТВА ПО ДЕЛАМ МОЛОДЕЖИ РЕСПУБЛИКИ ТАТАРСТАН";"ГОСУДАРСТВЕННОЕ АВТОНОМНОЕ УЧРЕЖДЕНИЕ МОЛОДЕЖНЫЙ ЦЕНТР ""СЭЛЭТ - АК БАРС"" МИНИСТЕРСТВА ПО ДЕЛАМ МОЛОДЕЖИ РЕСПУБЛИКИ ТАТАРСТАН";19.02.2026;27.02.2026;Закупка завершена;;;27.02.2026;
44-ФЗ;№0846600000626000010;Электронный аукцион;Благоустройство пешеходных коммуникаций по ул. Спортивная в районе домов 2-70 с. Красное Краснинского округа Липецкой области;;'263480002890148000100100020014211244;;;5050505.05;RUB;0;;;;;;КРАСНИНСКИЙ ТЕРРИТОРИАЛЬНЫЙ ОТДЕЛ АДМИНИСТРАЦИИ КРАСНИНСКОГО МУНИЦИПАЛЬНОГО ОКРУГА ЛИПЕЦКОЙ ОБЛАСТИ РОССИЙСКОЙ ФЕДЕРАЦИИ;"МУНИЦИПАЛЬНОЕ КАЗЕННОЕ УЧРЕЖДЕНИЕ ""ЦЕНТР КОМПЕТЕНЦИИ В СФЕРЕ БУХГАЛТЕРСКОГО УЧЕТА И МУНИЦИПАЛЬНОГО ЗАКАЗА КРАСНИНСКОГО МУНИЦИПАЛЬНОГО ОКРУГА""";17.02.2026;27.02.2026;Закупка завершена;;;26.02.2026;
44-ФЗ;№0828600002426000034;Открытый конкурс в электронной форме;Оказание услуг по организации горячего питания учащихся для нужд муниципального бюджетного общеобразовательного учреждения «Средняя общеобразовательная школа № 3» г. Киржача Владимирской области;;'263331600600433160100100010015629244;;;6057860.00;RUB;0;;;;;;"МУНИЦИПАЛЬНОЕ БЮДЖЕТНОЕ ОБЩЕОБРАЗОВАТЕЛЬНОЕ УЧРЕЖДЕНИЕ ""СРЕДНЯЯ ОБЩЕОБРАЗОВАТЕЛЬНАЯ ШКОЛА № 3"" Г. КИРЖАЧА ВЛАДИМИРСКОЙ ОБЛАСТИ";"МУНИЦИПАЛЬНОЕ КАЗЕННОЕ УЧРЕЖДЕНИЕ ""УПРАВЛЕНИЕ МУНИЦИПАЛЬНЫМИ ЗАКУПКАМИ КИРЖАЧСКОГО РАЙОНА""";11.02.2026;27.02.2026;Закупка завершена;;;27.02.2026;
44-ФЗ;№0387200009126000285;Электронный аукцион;Поставка лекарственного препарата для медицинского применения Адеметионин для обеспечения отдельных категорий граждан, проживающих на территории Ханты-Мансийского автономного округа – Югры, включенных в региональный сегмент Федерального регистра лиц, за счет средств, предоставляемых из федерального бюджета бюджетам субъектов РФ на реализацию отдельных полномочий в области оказания государственной социальной помощи в 2026 году;;'262860103583886020100100660342120323;;;9324800.00;RUB;0;;;;;;"КАЗЕННОЕ УЧРЕЖДЕНИЕ ХАНТЫ-МАНСИЙСКОГО АВТОНОМНОГО ОКРУГА - ЮГРЫ ""ЦЕНТР ЛЕКАРСТВЕННОГО МОНИТОРИНГА""";"КАЗЕННОЕ УЧРЕЖДЕНИЕ ХАНТЫ-МАНСИЙСКОГО АВТОНОМНОГО ОКРУГА - ЮГРЫ ""ЦЕНТР ЛЕКАРСТВЕННОГО МОНИТОРИНГА""";13.02.2026;27.02.2026;Закупка завершена;;;27.02.2026;
44-ФЗ;№0816500000626001813;Электронный аукцион;Оказание авиационных услуг;;'262143518405914350100100020135223244;;;12895732.00;RUB;0;;;;;;"ГОСУДАРСТВЕННОЕ БЮДЖЕТНОЕ УЧРЕЖДЕНИЕ РЕСПУБЛИКИ САХА (ЯКУТИЯ) ""ЯКУТСКАЯ БАЗА АВИАЦИОННОЙ ОХРАНЫ ЛЕСОВ""";"ГОСУДАРСТВЕННОЕ КАЗЕННОЕ УЧРЕЖДЕНИЕ РЕСПУБЛИКИ САХА (ЯКУТИЯ) ""ЦЕНТР ЗАКУПОК РЕСПУБЛИКИ САХА (ЯКУТИЯ)""";17.02.2026;27.02.2026;Закупка завершена;;;26.02.2026;
223-ФЗ;№32615683262;Иной способ;"Поставка железнодорожного оборудования (для верхнего строения путей) для нужд филиалов ПАО ""ТГК-14"" (4325351)";;;1;"Поставка железнодорожного оборудования (для верхнего строения путей) для нужд филиалов ПАО ""ТГК-14""";10505806.20;RUB;10505806.20;;;;30.20.40.174: Конструкции верхнего строения пути узкой колеи;;"ПУБЛИЧНОЕ АКЦИОНЕРНОЕ ОБЩЕСТВО ""ТЕРРИТОРИАЛЬНАЯ ГЕНЕРИРУЮЩАЯ КОМПАНИЯ № 14""";"ПУБЛИЧНОЕ АКЦИОНЕРНОЕ ОБЩЕСТВО ""ТЕРРИТОРИАЛЬНАЯ ГЕНЕРИРУЮЩАЯ КОМПАНИЯ № 14""";09.02.2026;27.02.2026;Закупка завершена;;;26.02.2026 15:00;
44-ФЗ;№0816500000626001704;Запрос котировок в электронной форме;Поставка лекарственного препарата для медицинского применения РИВАРОКСАБАН (Субвенции) в целях социального обеспечения;;'262143536061014350100100202030000323;;;6431040.00;RUB;0;;;;;;"ГОСУДАРСТВЕННОЕ КАЗЕННОЕ УЧРЕЖДЕНИЕ РЕСПУБЛИКИ САХА (ЯКУТИЯ) ""РЕСУРСНЫЙ ЦЕНТР ПРИ МИНИСТЕРСТВЕ ЗДРАВООХРАНЕНИЯ РЕСПУБЛИКИ САХА (ЯКУТИЯ)""";"ГОСУДАРСТВЕННОЕ КАЗЕННОЕ УЧРЕЖДЕНИЕ РЕСПУБЛИКИ САХА (ЯКУТИЯ) ""ЦЕНТР ЗАКУПОК РЕСПУБЛИКИ САХА (ЯКУТИЯ)""";13.02.2026;27.02.2026;Закупка завершена;;;25.02.2026;
44-ФЗ;№0816500000626001776;Электронный аукцион;Оказание авиационных услуг;;'262143518405914350100100020035223244;;;5312929.23;RUB;0;;;;;;"ГОСУДАРСТВЕННОЕ БЮДЖЕТНОЕ УЧРЕЖДЕНИЕ РЕСПУБЛИКИ САХА (ЯКУТИЯ) ""ЯКУТСКАЯ БАЗА АВИАЦИОННОЙ ОХРАНЫ ЛЕСОВ""";"ГОСУДАРСТВЕННОЕ КАЗЕННОЕ УЧРЕЖДЕНИЕ РЕСПУБЛИКИ САХА (ЯКУТИЯ) ""ЦЕНТР ЗАКУПОК РЕСПУБЛИКИ САХА (ЯКУТИЯ)""";16.02.2026;27.02.2026;Закупка завершена;;;26.02.2026;
44-ФЗ;№0816500000626001777;Электронный аукцион;Оказание авиационных услуг;;'262143518405914350100100020025223244;;;50685833.60;RUB;0;;;;;;"ГОСУДАРСТВЕННОЕ БЮДЖЕТНОЕ УЧРЕЖДЕНИЕ РЕСПУБЛИКИ САХА (ЯКУТИЯ) ""ЯКУТСКАЯ БАЗА АВИАЦИОННОЙ ОХРАНЫ ЛЕСОВ""";"ГОСУДАРСТВЕННОЕ КАЗЕННОЕ УЧРЕЖДЕНИЕ РЕСПУБЛИКИ САХА (ЯКУТИЯ) ""ЦЕНТР ЗАКУПОК РЕСПУБЛИКИ САХА (ЯКУТИЯ)""";16.02.2026;27.02.2026;Закупка завершена;;;26.02.2026;
44-ФЗ;№0816500000626001809;Электронный аукцион;Оказание авиационных услуг;;'262143518405914350100100020125223244;;;12895732.00;RUB;0;;;;;;"ГОСУДАРСТВЕННОЕ БЮДЖЕТНОЕ УЧРЕЖДЕНИЕ РЕСПУБЛИКИ САХА (ЯКУТИЯ) ""ЯКУТСКАЯ БАЗА АВИАЦИОННОЙ ОХРАНЫ ЛЕСОВ""";"ГОСУДАРСТВЕННОЕ КАЗЕННОЕ УЧРЕЖДЕНИЕ РЕСПУБЛИКИ САХА (ЯКУТИЯ) ""ЦЕНТР ЗАКУПОК РЕСПУБЛИКИ САХА (ЯКУТИЯ)""";17.02.2026;27.02.2026;Закупка завершена;;;26.02.2026;
44-ФЗ;№0172100001826000004;Электронный аукцион;Молоко питьевое в рамках Государственного оборонного заказа;;'261782504624978410100100000081051223;;;19750000.00;RUB;0;;;;;;ГЛАВНОЕ УПРАВЛЕНИЕ ФЕДЕРАЛЬНОЙ СЛУЖБЫ ИСПОЛНЕНИЯ НАКАЗАНИЙ ПО Г. САНКТ-ПЕТЕРБУРГУ И ЛЕНИНГРАДСКОЙ ОБЛАСТИ;ГЛАВНОЕ УПРАВЛЕНИЕ ФЕДЕРАЛЬНОЙ СЛУЖБЫ ИСПОЛНЕНИЯ НАКАЗАНИЙ ПО Г. САНКТ-ПЕТЕРБУРГУ И ЛЕНИНГРАДСКОЙ ОБЛАСТИ;18.02.2026;27.02.2026;Закупка завершена;;;26.02.2026;
44-ФЗ;№0133200001726000273;Электронный аукцион на проведение работ по строительству, реконструкции, кап. ремонту, сносу объекта кап. строительства в соответствии с п. 8 ч. 1 ст. 33 Закона № 44-ФЗ;Создание мест (площадок) накопления твердых коммунальных отходов ;;'263370602317137060100100190014329414;;;9715633.44;RUB;0;;;;;;УПРАВЛЕНИЕ ЖИЛИЩНО-КОММУНАЛЬНОГО ХОЗЯЙСТВА АДМИНИСТРАЦИИ ЮЖСКОГО МУНИЦИПАЛЬНОГО РАЙОНА;ДЕПАРТАМЕНТ КОНКУРСОВ И АУКЦИОНОВ ИВАНОВСКОЙ ОБЛАСТИ;19.02.2026;27.02.2026;Закупка завершена;;;27.02.2026;
44-ФЗ;№0365100000926000047;Электронный аукцион;Поставка Лекарственного препарата МНН «НИВОЛУМАБ»  для нужд НИИ онкологии Томского НИМЦ;;'261701901197970170100101120012120244;;;17408259.00;RUB;0;;;;;;"ФЕДЕРАЛЬНОЕ ГОСУДАРСТВЕННОЕ БЮДЖЕТНОЕ НАУЧНОЕ УЧРЕЖДЕНИЕ ""ТОМСКИЙ НАЦИОНАЛЬНЫЙ ИССЛЕДОВАТЕЛЬСКИЙ МЕДИЦИНСКИЙ ЦЕНТР РОССИЙСКОЙ АКАДЕМИИ НАУК""";"ФЕДЕРАЛЬНОЕ ГОСУДАРСТВЕННОЕ БЮДЖЕТНОЕ НАУЧНОЕ УЧРЕЖДЕНИЕ ""ТОМСКИЙ НАЦИОНАЛЬНЫЙ ИССЛЕДОВАТЕЛЬСКИЙ МЕДИЦИНСКИЙ ЦЕНТР РОССИЙСКОЙ АКАДЕМИИ НАУК""";19.02.2026;27.02.2026;Закупка завершена;;;27.02.2026;
44-ФЗ;№0869200000226001018;Электронный аукцион;Выполнение работ, связанных с осуществлением регулярных перевозок пассажиров и багажа по регулируемым тарифам;;'262745145069374510100100030574931244;;;5396529.60;RUB;0;;;;;;"ОБЛАСТНОЕ ГОСУДАРСТВЕННОЕ КАЗЕННОЕ УЧРЕЖДЕНИЕ ""ОРГАНИЗАТОР ПЕРЕВОЗОК ЧЕЛЯБИНСКОЙ ОБЛАСТИ""";"ГОСУДАРСТВЕННОЕ КАЗЕННОЕ УЧРЕЖДЕНИЕ ""ЦЕНТР ОРГАНИЗАЦИИ ЗАКУПОК ЧЕЛЯБИНСКОЙ ОБЛАСТИ""";18.02.2026;27.02.2026;Закупка завершена;;;27.02.2026;
44-ФЗ;№0373200616326000001;Электронный аукцион;Поставка бумаги и бумажных изделий для нужд образовательных организаций, подведомственных Департаменту образования и науки города Москвы (совместные торги);;262772890080377280100100040010000244, 262772824698077280100100030010000244, 262772823758377280100100030010000244, 262772886081577280100100030010000244, 262772890044077280100100020010000244, 262772784492377270100100020010000244, 262772782499877270100100030010000244, 262772823270877280100100030010000244, 262772719060777270100100030010000244, 262772784440177270100100050010000244, 262772885836577280100100030010000244;;;7175340.66;RUB;0;;;;;;;"ГОСУДАРСТВЕННОЕ БЮДЖЕТНОЕ ОБЩЕОБРАЗОВАТЕЛЬНОЕ УЧРЕЖДЕНИЕ ГОРОДА МОСКВЫ ""ШКОЛА № 2103""";18.02.2026;27.02.2026;Закупка завершена;;;26.02.2026;
44-ФЗ;№0816500000626001874;Электронный аукцион;Оказание авиационных услуг;;'262143518405914350100100020045223244;;;15050864.25;RUB;0;;;;;;"ГОСУДАРСТВЕННОЕ БЮДЖЕТНОЕ УЧРЕЖДЕНИЕ РЕСПУБЛИКИ САХА (ЯКУТИЯ) ""ЯКУТСКАЯ БАЗА АВИАЦИОННОЙ ОХРАНЫ ЛЕСОВ""";"ГОСУДАРСТВЕННОЕ КАЗЕННОЕ УЧРЕЖДЕНИЕ РЕСПУБЛИКИ САХА (ЯКУТИЯ) ""ЦЕНТР ЗАКУПОК РЕСПУБЛИКИ САХА (ЯКУТИЯ)""";17.02.2026;27.02.2026;Закупка завершена;;;26.02.2026;
223-ФЗ;№32615711316;Запрос котировок в электронной форме, участниками которого могут быть только субъекты малого и среднего предпринимательства;Поставка металлопроката для нужд филиала ПАО «Россети Центр и Приволжье» - «Мариэнерго»;;;1;Поставка металлопроката для нужд филиала ПАО «Россети Центр и Приволжье» - «Мариэнерго»;5192548.14;RUB;5192548.14;;;;24.10.62.121: Прокат сортовой горячекатаный круглый прочий, без дополнительной обработки, включая смотанный после прокатки, из нелегированных сталей,24.10.62.124: Прокат сортовой горячекатаный полосовой прочий, без дополнительной обработки, включая смотанный после прокатки, из нелегированных сталей,24.20.13.160: Трубы стальные водогазопроводные,24.10.71.111: Уголки стальные горячекатаные равнополочные из нелегированных сталей,24.10.61.120: Катанка горячекатаная со свободной намоткой в бухты из нелегированных сталей,24.10.51.000: Прокат листовой из нелегированных сталей, шириной не менее 600 мм, плакированный, с гальваническим или иным покрытием,24.10.31.000: Прокат листовой горячекатаный из нелегированных сталей, без дополнительной обработки, шириной не менее 600 мм,24.10.41.000: Прокат листовой холоднокатаный из прочих нелегированных сталей, без дополнительной обработки, шириной не менее 600 мм,24.20.14.110: Трубы некруглого сечения стальные;;"ПУБЛИЧНОЕ АКЦИОНЕРНОЕ ОБЩЕСТВО ""РОССЕТИ ЦЕНТР И ПРИВОЛЖЬЕ""";"ФИЛИАЛ ПАО ""РОССЕТИ ЦЕНТР И ПРИВОЛЖЬЕ""-""МАРИЭНЕРГО""";16.02.2026;27.02.2026;Закупка завершена;;;24.02.2026 12:00;
44-ФЗ;№0816500000626001877;Электронный аукцион;Оказание авиационных услуг;;'262143518405914350100100020185223244;;;14562784.00;RUB;0;;;;;;"ГОСУДАРСТВЕННОЕ БЮДЖЕТНОЕ УЧРЕЖДЕНИЕ РЕСПУБЛИКИ САХА (ЯКУТИЯ) ""ЯКУТСКАЯ БАЗА АВИАЦИОННОЙ ОХРАНЫ ЛЕСОВ""";"ГОСУДАРСТВЕННОЕ КАЗЕННОЕ УЧРЕЖДЕНИЕ РЕСПУБЛИКИ САХА (ЯКУТИЯ) ""ЦЕНТР ЗАКУПОК РЕСПУБЛИКИ САХА (ЯКУТИЯ)""";17.02.2026;27.02.2026;Закупка завершена;;;26.02.2026;
44-ФЗ;№0816500000626001879;Электронный аукцион;Оказание авиационных услуг;;'262143518405914350100100020175223244;;;20184624.00;RUB;0;;;;;;"ГОСУДАРСТВЕННОЕ БЮДЖЕТНОЕ УЧРЕЖДЕНИЕ РЕСПУБЛИКИ САХА (ЯКУТИЯ) ""ЯКУТСКАЯ БАЗА АВИАЦИОННОЙ ОХРАНЫ ЛЕСОВ""";"ГОСУДАРСТВЕННОЕ КАЗЕННОЕ УЧРЕЖДЕНИЕ РЕСПУБЛИКИ САХА (ЯКУТИЯ) ""ЦЕНТР ЗАКУПОК РЕСПУБЛИКИ САХА (ЯКУТИЯ)""";17.02.2026;27.02.2026;Закупка завершена;;;26.02.2026;
44-ФЗ;№0134200000126000451;Электронный аукцион;Поставка лекарственного препарата для медицинского применения – Натрия хлорид;;'262380412139238040100100580012120244;;;6710000.00;RUB;0;;;;;;"ОБЛАСТНОЕ ГОСУДАРСТВЕННОЕ БЮДЖЕТНОЕ УЧРЕЖДЕНИЕ ЗДРАВООХРАНЕНИЯ ""УСТЬ-ИЛИМСКАЯ РАЙОННАЯ БОЛЬНИЦА""";МИНИСТЕРСТВО ПО РЕГУЛИРОВАНИЮ КОНТРАКТНОЙ СИСТЕМЫ В СФЕРЕ ЗАКУПОК ИРКУТСКОЙ ОБЛАСТИ;18.02.2026;27.02.2026;Закупка завершена;;;27.02.2026;
44-ФЗ;№0816500000626001883;Электронный аукцион;Оказание авиационных услуг;;'262143518405914350100100020095223244;;;10033909.50;RUB;0;;;;;;"ГОСУДАРСТВЕННОЕ БЮДЖЕТНОЕ УЧРЕЖДЕНИЕ РЕСПУБЛИКИ САХА (ЯКУТИЯ) ""ЯКУТСКАЯ БАЗА АВИАЦИОННОЙ ОХРАНЫ ЛЕСОВ""";"ГОСУДАРСТВЕННОЕ КАЗЕННОЕ УЧРЕЖДЕНИЕ РЕСПУБЛИКИ САХА (ЯКУТИЯ) ""ЦЕНТР ЗАКУПОК РЕСПУБЛИКИ САХА (ЯКУТИЯ)""";17.02.2026;27.02.2026;Закупка завершена;;;26.02.2026;
44-ФЗ;№0432200000826000499;Запрос котировок в электронной форме;Ц-4219_Закупка медицинских изделий;;'262526013629952600100100372460000000;;;10000000.00;RUB;0;;;;;;"ГОСУДАРСТВЕННОЕ ПРЕДПРИЯТИЕ НИЖЕГОРОДСКОЙ ОБЛАСТИ ""НИЖЕГОРОДСКАЯ ОБЛАСТНАЯ ФАРМАЦИЯ""";"ГОСУДАРСТВЕННОЕ ПРЕДПРИЯТИЕ НИЖЕГОРОДСКОЙ ОБЛАСТИ ""НИЖЕГОРОДСКАЯ ОБЛАСТНАЯ ФАРМАЦИЯ""";17.02.2026;27.02.2026;Закупка завершена;;;25.02.2026;
44-ФЗ;№0816500000626001886;Электронный аукцион;Оказание авиационных услуг;;'262143518405914350100100020105223244;;;10033909.50;RUB;0;;;;;;"ГОСУДАРСТВЕННОЕ БЮДЖЕТНОЕ УЧРЕЖДЕНИЕ РЕСПУБЛИКИ САХА (ЯКУТИЯ) ""ЯКУТСКАЯ БАЗА АВИАЦИОННОЙ ОХРАНЫ ЛЕСОВ""";"ГОСУДАРСТВЕННОЕ КАЗЕННОЕ УЧРЕЖДЕНИЕ РЕСПУБЛИКИ САХА (ЯКУТИЯ) ""ЦЕНТР ЗАКУПОК РЕСПУБЛИКИ САХА (ЯКУТИЯ)""";17.02.2026;27.02.2026;Закупка завершена;;;26.02.2026;
44-ФЗ;№2025500000126000004;Электронный аукцион на проведение работ по строительству, реконструкции, кап. ремонту, сносу объекта кап. строительства в соответствии с п. 8 ч. 1 ст. 33 Закона № 44-ФЗ;Выполнить работы по строительству объекта: «Подъездная автомобильная дорога к производственному зданию № 1».;;'262302300943930150100100040044211244;;;9900866.07;RUB;0;;;;;;"АКЦИОНЕРНОЕ ОБЩЕСТВО ""ОСОБАЯ ЭКОНОМИЧЕСКАЯ ЗОНА ""ЛОТОС""";"АКЦИОНЕРНОЕ ОБЩЕСТВО ""ОСОБАЯ ЭКОНОМИЧЕСКАЯ ЗОНА ""ЛОТОС""";16.02.2026;27.02.2026;Закупка завершена;;;25.02.2026;
44-ФЗ;№1005200000226000002;Электронный аукцион;Поставка тракторов;;'262081602812008160100100020012830244;;;27200042.82;RUB;0;;;;;;"АВТОНОМНОЕ УЧРЕЖДЕНИЕ РЕСПУБЛИКИ КАЛМЫКИЯ ""КАЛМЛЕС""";"АВТОНОМНОЕ УЧРЕЖДЕНИЕ РЕСПУБЛИКИ КАЛМЫКИЯ ""КАЛМЛЕС""";17.02.2026;27.02.2026;Закупка завершена;;;25.02.2026;
44-ФЗ;№0104300005126000010;Открытый конкурс в электронной форме на проведение работ по строительству, реконструкции, кап. ремонту, сносу объекта кап. строительства в соответствии с п. 8 ч. 1 ст. 33 Закона № 44-ФЗ;"Капитальный ремонт здания Муниципального казенного общеобразовательного учреждения ""Средняя общеобразовательная школа №4 имени Р.И.Абазова городского поселения Терек"" Терского муниципального района Кабардино-Балкарской Республики.";;'263070500799007050100100030014339243;;;82278450.15;RUB;0;;;;;;"МУНИЦИПАЛЬНОЕ КАЗЕННОЕ ОБЩЕОБРАЗОВАТЕЛЬНОЕ УЧРЕЖДЕНИЕ ""СРЕДНЯЯ ОБЩЕОБРАЗОВАТЕЛЬНАЯ ШКОЛА №4 ИМЕНИ Р.И. АБАЗОВА ГОРОДСКОГО ПОСЕЛЕНИЯ ТЕРЕК"" ТЕРСКОГО МУНИЦИПАЛЬНОГО РАЙОНА КАБАРДИНО-БАЛКАРСКОЙ РЕСПУБЛИКИ";"МУНИЦИПАЛЬНОЕ УЧРЕЖДЕНИЕ ""МЕСТНАЯ АДМИНИСТРАЦИЯ ТЕРСКОГО МУНИЦИПАЛЬНОГО РАЙОНА КБР""";05.02.2026;27.02.2026;Закупка завершена;;;24.02.2026;
44-ФЗ;№0136300050526000016;Запрос котировок в электронной форме;Выполнение работ по  содержанию пешеходных зон  ручным способом в городе Кимры  Кимрского муниципального округа Тверской области в 2026 году ;;'263691000522769100100100310014211244;;;7194038.26;RUB;0;;;;;;АДМИНИСТРАЦИЯ КИМРСКОГО МУНИЦИПАЛЬНОГО ОКРУГА ТВЕРСКОЙ ОБЛАСТИ;АДМИНИСТРАЦИЯ КИМРСКОГО МУНИЦИПАЛЬНОГО ОКРУГА ТВЕРСКОЙ ОБЛАСТИ;18.02.2026;27.02.2026;Закупка завершена;;;26.02.2026;
44-ФЗ;№0836600003326000027;Электронный аукцион на проведение работ по строительству, реконструкции, кап. ремонту, сносу объекта кап. строительства в соответствии с п. 8 ч. 1 ст. 33 Закона № 44-ФЗ;"Строительство котельной ""Затверецкая"" (I этап)";;'263690100198869500100100340014120414;;;224767868.44;RUB;0;;;;;;ДЕПАРТАМЕНТ ЖИЛИЩНО-КОММУНАЛЬНОГО ХОЗЯЙСТВА, ЖИЛИЩНОЙ ПОЛИТИКИ И СТРОИТЕЛЬСТВА АДМИНИСТРАЦИИ ГОРОДА ТВЕРИ;"МУНИЦИПАЛЬНОЕ КАЗЕННОЕ УЧРЕЖДЕНИЕ ""ЦЕНТР ОРГАНИЗАЦИИ ТОРГОВ""";10.02.2026;27.02.2026;Закупка завершена;;;26.02.2026;
44-ФЗ;№0145200000426000117;Электронный аукцион;Поставка системы эндоскопической визуализации;;'262470000118078420100100360022660244;;;44100000.00;RUB;0;;;;;;КОМИТЕТ ПО ЗДРАВООХРАНЕНИЮ ЛЕНИНГРАДСКОЙ ОБЛАСТИ;КОМИТЕТ ГОСУДАРСТВЕННОГО ЗАКАЗА ЛЕНИНГРАДСКОЙ ОБЛАСТИ;10.02.2026;27.02.2026;Закупка завершена;;;18.02.2026;
44-ФЗ;№0432200000826000478;Электронный аукцион;Ц-4041_Закупка расходных материалов;;'262526013629952600100100372350000000;;;15600000.00;RUB;0;;;;;;"ГОСУДАРСТВЕННОЕ ПРЕДПРИЯТИЕ НИЖЕГОРОДСКОЙ ОБЛАСТИ ""НИЖЕГОРОДСКАЯ ОБЛАСТНАЯ ФАРМАЦИЯ""";"ГОСУДАРСТВЕННОЕ ПРЕДПРИЯТИЕ НИЖЕГОРОДСКОЙ ОБЛАСТИ ""НИЖЕГОРОДСКАЯ ОБЛАСТНАЯ ФАРМАЦИЯ""";16.02.2026;27.02.2026;Закупка завершена;;;25.02.2026;
44-ФЗ;№0373200045226000289;Электронный аукцион;Электронный аукцион на поставку интраокулярных линз для офтальмологического центра для нужд ГБУЗ ММНКЦ им. С.П. Боткина ДЗМ;;'262771408263677140100103320010000244;;;7568500.00;RUB;0;;;;;;"ГОСУДАРСТВЕННОЕ БЮДЖЕТНОЕ УЧРЕЖДЕНИЕ ЗДРАВООХРАНЕНИЯ ГОРОДА МОСКВЫ ""МОСКОВСКИЙ МНОГОПРОФИЛЬНЫЙ НАУЧНО-КЛИНИЧЕСКИЙ ЦЕНТР ИМЕНИ С.П. БОТКИНА"" ДЕПАРТАМЕНТА ЗДРАВООХРАНЕНИЯ ГОРОДА МОСКВЫ";"ГОСУДАРСТВЕННОЕ БЮДЖЕТНОЕ УЧРЕЖДЕНИЕ ЗДРАВООХРАНЕНИЯ ГОРОДА МОСКВЫ ""МОСКОВСКИЙ МНОГОПРОФИЛЬНЫЙ НАУЧНО-КЛИНИЧЕСКИЙ ЦЕНТР ИМЕНИ С.П. БОТКИНА"" ДЕПАРТАМЕНТА ЗДРАВООХРАНЕНИЯ ГОРОДА МОСКВЫ";18.02.2026;27.02.2026;Закупка завершена;;;26.02.2026;
44-ФЗ;№0169300003326000046;Электронный аукцион;Приобретение в муниципальную собственность жилого помещения (благоустроенной квартиры) для переселения граждан из жилищного фонда, признанного непригодным для проживания, в рамках Государственной программы Челябинской области «Стимулирование развития жилищного строительства в Челябинской области», утвержденной Постановлением Правительства Челябинской области от 21.12.2020 г. № 698-П, путем участия в долевом строительстве многоквартирного жилого дома;;'263740405514274040100100420016810412;;;6156967.68;RUB;0;;;;;;"МУНИЦИПАЛЬНОЕ КАЗЕННОЕ УЧРЕЖДЕНИЕ ""КАПИТАЛЬНОЕ СТРОИТЕЛЬСТВО""";АДМИНИСТРАЦИЯ ЗЛАТОУСТОВСКОГО ГОРОДСКОГО ОКРУГА;18.02.2026;27.02.2026;Закупка завершена;;;26.02.2026;
44-ФЗ;№0104300005126000009;Открытый конкурс в электронной форме на проведение работ по строительству, реконструкции, кап. ремонту, сносу объекта кап. строительства в соответствии с п. 8 ч. 1 ст. 33 Закона № 44-ФЗ;"Капитальный ремонт здания дошкольного отделения ""МКОУ СОШ №3 им.Т.К. Мальбахова г.п.Терек"", расположенного по адресу: Кабардино-Балкарская Республика, Терский район, г.п. Терек, ул.Ногмова,7";;'263070500153207050100100020014339243;;;53089911.08;RUB;0;;;;;;"МУНИЦИПАЛЬНОЕ КАЗЕННОЕ ОБЩЕОБРАЗОВАТЕЛЬНОЕ УЧРЕЖДЕНИЕ ""СРЕДНЯЯ ОБЩЕОБРАЗОВАТЕЛЬНАЯ ШКОЛА №3  ИМЕНИ Т.К. МАЛЬБАХОВА ГОРОДСКОГО ПОСЕЛЕНИЯ ТЕРЕК"" ТЕРСКОГО МУНИЦИПАЛЬНОГО РАЙОНА КАБАРДИНО-БАЛКАРСКОЙ РЕСПУБЛИКИ";"МУНИЦИПАЛЬНОЕ УЧРЕЖДЕНИЕ ""МЕСТНАЯ АДМИНИСТРАЦИЯ ТЕРСКОГО МУНИЦИПАЛЬНОГО РАЙОНА КБР""";05.02.2026;27.02.2026;Закупка завершена;;;24.02.2026;
44-ФЗ;№0843500000226000580;Электронный аукцион;На поставку лекарственных препаратов для медицинского применения в целях социального обеспечения (Рисдиплам);;'262450109049045010100100050212120323;;;26646620.00;RUB;0;;;;;;"ГОСУДАРСТВЕННОЕ КАЗЕННОЕ УЧРЕЖДЕНИЕ ""МЕДИЦИНСКИЙ ИНФОРМАЦИОННО-АНАЛИТИЧЕСКИЙ ЦЕНТР В КУРГАНСКОЙ ОБЛАСТИ""";"ГОСУДАРСТВЕННОЕ КАЗЕННОЕ УЧРЕЖДЕНИЕ ""ЦЕНТР ЗАКУПОК И БУХГАЛТЕРСКОГО УЧЕТА КУРГАНСКОЙ ОБЛАСТИ""";19.02.2026;27.02.2026;Закупка завершена;;;27.02.2026;
44-ФЗ;№0360300052826000085;Электронный аукцион;Выполнение работ по нанесению дорожной разметки на улично-дорожной сети городского поселения город Балашов;;'263644003852864400100100180014211244;;;10575461.52;RUB;0;;;;;;КОМИТЕТ ПО ЖИЛИЩНО-КОММУНАЛЬНОМУ ХОЗЯЙСТВУ АДМИНИСТРАЦИИ БАЛАШОВСКОГО МУНИЦИПАЛЬНОГО РАЙОНА;АДМИНИСТРАЦИЯ БАЛАШОВСКОГО МУНИЦИПАЛЬНОГО РАЙОНА САРАТОВСКОЙ ОБЛАСТИ;12.02.2026;27.02.2026;Закупка завершена;;;25.02.2026;
44-ФЗ;№0169300003326000038;Электронный аукцион;Приобретение в муниципальную собственность жилого помещения (благоустроенной квартиры) для переселения граждан из жилищного фонда, признанного непригодным для проживания, в рамках Государственной программы Челябинской области «Стимулирование развития жилищного строительства в Челябинской области», утвержденной Постановлением Правительства Челябинской области от 21.12.2020 г. № 698-П, путем участия в долевом строительстве многоквартирного жилого дома;;'263740405514274040100100390016810412;;;7937434.08;RUB;0;;;;;;"МУНИЦИПАЛЬНОЕ КАЗЕННОЕ УЧРЕЖДЕНИЕ ""КАПИТАЛЬНОЕ СТРОИТЕЛЬСТВО""";АДМИНИСТРАЦИЯ ЗЛАТОУСТОВСКОГО ГОРОДСКОГО ОКРУГА;18.02.2026;27.02.2026;Закупка завершена;;;26.02.2026;
44-ФЗ;№0432200000826000510;Запрос котировок в электронной форме;Ц-4227_Закупка медицинских изделий;;'262526013629952600100100372550000000;;;10590000.00;RUB;0;;;;;;"ГОСУДАРСТВЕННОЕ ПРЕДПРИЯТИЕ НИЖЕГОРОДСКОЙ ОБЛАСТИ ""НИЖЕГОРОДСКАЯ ОБЛАСТНАЯ ФАРМАЦИЯ""";"ГОСУДАРСТВЕННОЕ ПРЕДПРИЯТИЕ НИЖЕГОРОДСКОЙ ОБЛАСТИ ""НИЖЕГОРОДСКАЯ ОБЛАСТНАЯ ФАРМАЦИЯ""";17.02.2026;27.02.2026;Закупка завершена;;;25.02.2026;
44-ФЗ;№0373100020126000010;Электронный аукцион;Поставка комплекса для оценки эффективности защиты акустической речевой информации в технических средствах и системах (для нужд ОТС-филиала РТУ РЭБОТИ (г. Ростов-на-Дону));;'261770809864577080100101210012651244;;;12200000.00;RUB;0;;;;;;РЕГИОНАЛЬНОЕ ТАМОЖЕННОЕ УПРАВЛЕНИЕ РАДИОЭЛЕКТРОННОЙ БЕЗОПАСНОСТИ ОБЪЕКТОВ ТАМОЖЕННОЙ ИНФРАСТРУКТУРЫ;РЕГИОНАЛЬНОЕ ТАМОЖЕННОЕ УПРАВЛЕНИЕ РАДИОЭЛЕКТРОННОЙ БЕЗОПАСНОСТИ ОБЪЕКТОВ ТАМОЖЕННОЙ ИНФРАСТРУКТУРЫ;17.02.2026;27.02.2026;Закупка завершена;;;25.02.2026;
44-ФЗ;№0160300002626000004;Электронный аукцион;Выполнение работ по ремонту дорожного покрытия по пер. Почтовый с. Перелюб;;'263642400086264240100100060014211244;;;6492020.31;RUB;0;;;;;;АДМИНИСТРАЦИЯ ПЕРЕЛЮБСКОГО МУНИЦИПАЛЬНОГО ОБРАЗОВАНИЯ ПЕРЕЛЮБСКОГО МУНИЦИПАЛЬНОГО РАЙОНА САРАТОВСКОЙ ОБЛАСТИ;АДМИНИСТРАЦИЯ ПЕРЕЛЮБСКОГО МУНИЦИПАЛЬНОГО ОБРАЗОВАНИЯ ПЕРЕЛЮБСКОГО МУНИЦИПАЛЬНОГО РАЙОНА САРАТОВСКОЙ ОБЛАСТИ;18.02.2026;27.02.2026;Закупка завершена;;;26.02.2026;
44-ФЗ;№0155200000926000100;Электронный аукцион;Поставка лекарственного препарата для медицинского применения ИНСУЛИН-ИЗОФАН (ЧЕЛОВЕЧЕСКИЙ ГЕННО-ИНЖЕНЕРНЫЙ);;'262583510860658350100100190012120323;;;5383800.00;RUB;0;;;;;;"ГОСУДАРСТВЕННОЕ БЮДЖЕТНОЕ УЧРЕЖДЕНИЕ ЗДРАВООХРАНЕНИЯ ""ПЕНЗЕНСКИЙ ОБЛАСТНОЙ ЦЕНТР ОБЩЕСТВЕННОГО ЗДОРОВЬЯ И МЕДИЦИНСКОЙ ПРОФИЛАКТИКИ""";МИНИСТЕРСТВО ЭКОНОМИЧЕСКОГО РАЗВИТИЯ И ПРОМЫШЛЕННОСТИ ПЕНЗЕНСКОЙ ОБЛАСТИ;19.02.2026;27.02.2026;Закупка завершена;;;27.02.2026;
44-ФЗ;№0365100000926000048;Электронный аукцион;Поставка Лекарственного препарата МНН «ЦЕТУКСИМАБ»  для нужд НИИ онкологии Томского НИМЦ;;'261701901197970170100101100012120244;;;30498000.00;RUB;0;;;;;;"ФЕДЕРАЛЬНОЕ ГОСУДАРСТВЕННОЕ БЮДЖЕТНОЕ НАУЧНОЕ УЧРЕЖДЕНИЕ ""ТОМСКИЙ НАЦИОНАЛЬНЫЙ ИССЛЕДОВАТЕЛЬСКИЙ МЕДИЦИНСКИЙ ЦЕНТР РОССИЙСКОЙ АКАДЕМИИ НАУК""";"ФЕДЕРАЛЬНОЕ ГОСУДАРСТВЕННОЕ БЮДЖЕТНОЕ НАУЧНОЕ УЧРЕЖДЕНИЕ ""ТОМСКИЙ НАЦИОНАЛЬНЫЙ ИССЛЕДОВАТЕЛЬСКИЙ МЕДИЦИНСКИЙ ЦЕНТР РОССИЙСКОЙ АКАДЕМИИ НАУК""";19.02.2026;27.02.2026;Закупка завершена;;;27.02.2026;
44-ФЗ;№0137200001226001139;Запрос котировок в электронной форме на проведение работ по строительству, реконструкции, кап. ремонту, сносу объекта кап. строительства в соответствии с п. 8 ч. 1 ст. 33 Закона № 44-ФЗ ;"Выполнение работ по капитальному ремонту здания МБУК ""ЦБС г. Калуги"" (Центральная городская библиотека им. Н.В. Гоголя) , расположенного по адресу: г. Калуга, ул. Ленина, д. 66/3";;'263402710458040270100100430014120243;;;6400025.67;RUB;0;;;;;;"МУНИЦИПАЛЬНОЕ КАЗЕННОЕ УЧРЕЖДЕНИЕ ""УПРАВЛЕНИЕ КАПИТАЛЬНОГО СТРОИТЕЛЬСТВА ГОРОДА КАЛУГИ""";МИНИСТЕРСТВО КОНКУРЕНТНОЙ ПОЛИТИКИ КАЛУЖСКОЙ ОБЛАСТИ;19.02.2026;27.02.2026;Закупка завершена;;;27.02.2026;
44-ФЗ;№0123200000326000212;Электронный аукцион;"Поставка лекарственного препарата для медицинского применения ""ИНСУЛИН ГЛАРГИН+ЛИКСИСЕНАТИД"" в рамках государственной программы «Развитие здравоохранения Амурской области» мероприятия «Обеспечение больных сахарным диабетом современными лекарственными препаратами, высококачественными инсулинами, сахароснижающими препаратами и средствами самоконтроля»";;'262280112372028010100101960012120244;;;13792293.00;RUB;0;;;;;;МИНИСТЕРСТВО ЗДРАВООХРАНЕНИЯ АМУРСКОЙ ОБЛАСТИ;УПРАВЛЕНИЕ ГОСУДАРСТВЕННОГО ЗАКАЗА АМУРСКОЙ ОБЛАСТИ;18.02.2026;27.02.2026;Закупка завершена;;;27.02.2026;
44-ФЗ;№0150200003926000120;Электронный аукцион;Поставка лекарственных препаратов для медицинского применения МНН Метформин (с целью оказания отдельным категориям граждан социальной поддержки по обеспечению лекарственными препаратами);;'262532102896053210100100010540000323;;;7355700.00;RUB;0;;;;;;МИНИСТЕРСТВО ЗДРАВООХРАНЕНИЯ НОВГОРОДСКОЙ ОБЛАСТИ;АДМИНИСТРАЦИЯ ГУБЕРНАТОРА НОВГОРОДСКОЙ ОБЛАСТИ;18.02.2026;27.02.2026;Закупка завершена;;;27.02.2026;
44-ФЗ;№0169300003326000052;Электронный аукцион;Приобретение в муниципальную собственность жилого помещения (благоустроенной квартиры) для переселения граждан из жилищного фонда, признанного непригодным для проживания, в рамках Государственной программы Челябинской области «Стимулирование развития жилищного строительства в Челябинской области», утвержденной Постановлением Правительства Челябинской области от 21.12.2020 г. № 698-П, путем участия в долевом строительстве многоквартирного жилого дома;;'263740405514274040100100480016810412;;;5054227.20;RUB;0;;;;;;"МУНИЦИПАЛЬНОЕ КАЗЕННОЕ УЧРЕЖДЕНИЕ ""КАПИТАЛЬНОЕ СТРОИТЕЛЬСТВО""";АДМИНИСТРАЦИЯ ЗЛАТОУСТОВСКОГО ГОРОДСКОГО ОКРУГА;18.02.2026;27.02.2026;Закупка завершена;;;26.02.2026;
44-ФЗ;№0169300003326000050;Электронный аукцион;Приобретение в муниципальную собственность жилого помещения (благоустроенной квартиры) для переселения граждан из жилищного фонда, признанного непригодным для проживания, в рамках Государственной программы Челябинской области «Стимулирование развития жилищного строительства в Челябинской области», утвержденной Постановлением Правительства Челябинской области от 21.12.2020 г. № 698-П, путем участия в долевом строительстве многоквартирного жилого дома;;'263740405514274040100100470016810412;;;5146122.24;RUB;0;;;;;;"МУНИЦИПАЛЬНОЕ КАЗЕННОЕ УЧРЕЖДЕНИЕ ""КАПИТАЛЬНОЕ СТРОИТЕЛЬСТВО""";АДМИНИСТРАЦИЯ ЗЛАТОУСТОВСКОГО ГОРОДСКОГО ОКРУГА;18.02.2026;27.02.2026;Закупка завершена;;;26.02.2026;
44-ФЗ;№0873500001826002088;Электронный аукцион;Аукцион в электронной форме на право заключения контракта на поставку лекарственных препаратов (Иммуноглобулин человека нормальный) для индивидуального обеспечения отдельных категорий граждан, имеющих право на получение государственной социальной помощи (в соответствии с решениями врачебных комиссий) в городе Москве (УНЗ Z266213);;'262771433860977344300114000010000323;;;13745383.75;RUB;0;;;;;;"ФИЛИАЛ № 1 ГКУ ""АЗ (КС) ДЗМ""";"ФИЛИАЛ № 1 ГКУ ""АЗ (КС) ДЗМ""";16.02.2026;27.02.2026;Закупка завершена;;;25.02.2026;
44-ФЗ;№0349100021126000011;Запрос котировок в электронной форме;Оказание услуг по проведению лабораторных исследований при осуществлении производственного контроля;;'261519005315951900100100080110000244;;;5579538.38;RUB;0;;;;;;"ФЕДЕРАЛЬНОЕ ГОСУДАРСТВЕННОЕ БЮДЖЕТНОЕ УЧРЕЖДЕНИЕ ЗДРАВООХРАНЕНИЯ ""МУРМАНСКИЙ МНОГОПРОФИЛЬНЫЙ ЦЕНТР ИМЕНИ Н.И. ПИРОГОВА ФЕДЕРАЛЬНОГО МЕДИКО-БИОЛОГИЧЕСКОГО АГЕНТСТВА""";"ФЕДЕРАЛЬНОЕ ГОСУДАРСТВЕННОЕ БЮДЖЕТНОЕ УЧРЕЖДЕНИЕ ЗДРАВООХРАНЕНИЯ ""МУРМАНСКИЙ МНОГОПРОФИЛЬНЫЙ ЦЕНТР ИМЕНИ Н.И. ПИРОГОВА ФЕДЕРАЛЬНОГО МЕДИКО-БИОЛОГИЧЕСКОГО АГЕНТСТВА""";17.02.2026;27.02.2026;Закупка завершена;;;25.02.2026;
44-ФЗ;№0340100000226000032;Электронный аукцион;Выполнение работ по ремонту аппарата рентгеновского для облучения донорской крови и её компонентов;;'261434600765643450100100080303312244;;;5190000.00;RUB;0;;;;;;"ФЕДЕРАЛЬНОЕ ГОСУДАРСТВЕННОЕ БЮДЖЕТНОЕ УЧРЕЖДЕНИЕ  НАУКИ ""КИРОВСКИЙ НАУЧНО-ИССЛЕДОВАТЕЛЬСКИЙ ИНСТИТУТ ГЕМАТОЛОГИИ И ПЕРЕЛИВАНИЯ КРОВИ ФЕДЕРАЛЬНОГО МЕДИКО-БИОЛОГИЧЕСКОГО АГЕНТСТВА""";"ФЕДЕРАЛЬНОЕ ГОСУДАРСТВЕННОЕ БЮДЖЕТНОЕ УЧРЕЖДЕНИЕ  НАУКИ ""КИРОВСКИЙ НАУЧНО-ИССЛЕДОВАТЕЛЬСКИЙ ИНСТИТУТ ГЕМАТОЛОГИИ И ПЕРЕЛИВАНИЯ КРОВИ ФЕДЕРАЛЬНОГО МЕДИКО-БИОЛОГИЧЕСКОГО АГЕНТСТВА""";18.02.2026;27.02.2026;Закупка завершена;;;26.02.2026;
44-ФЗ;№0173100007926000017;Электронный аукцион;Датчик обнаружения противоподкопный;;'261770656271077060100105000192630211;;;21642066.00;RUB;0;;;;;;ФЕДЕРАЛЬНАЯ СЛУЖБА ИСПОЛНЕНИЯ НАКАЗАНИЙ;ФЕДЕРАЛЬНАЯ СЛУЖБА ИСПОЛНЕНИЯ НАКАЗАНИЙ;17.02.2026;27.02.2026;Закупка завершена;;;27.02.2026;
44-ФЗ;№0873500001826001941;Электронный аукцион;Аукцион в электронной форме на право заключения контракта на поставку лекарственных препаратов (Селперкатиниб) для индивидуального обеспечения отдельных категорий граждан, имеющих право на получение государственной социальной помощи (в соответствии с решениями врачебных комиссий) в городе Москве (УНЗ: Z265520);;'262771433860977344300115000010000323;;;9360046.08;RUB;0;;;;;;"ФИЛИАЛ № 1 ГКУ ""АЗ (КС) ДЗМ""";"ФИЛИАЛ № 1 ГКУ ""АЗ (КС) ДЗМ""";13.02.2026;27.02.2026;Закупка завершена;;;25.02.2026;
44-ФЗ;№0122300011126000002;Электронный аукцион;Приобретение газопоршневого агрегата мощностью 1000 кВт на объекте ДЭС п. Циммермановка;;'263271900150427190100100170012711244;;;61355070.00;RUB;0;;;;;;АДМИНИСТРАЦИЯ УЛЬЧСКОГО МУНИЦИПАЛЬНОГО РАЙОНА ХАБАРОВСКОГО КРАЯ;АДМИНИСТРАЦИЯ УЛЬЧСКОГО МУНИЦИПАЛЬНОГО РАЙОНА ХАБАРОВСКОГО КРАЯ;16.02.2026;27.02.2026;Закупка завершена;;;26.02.2026;
44-ФЗ;№0873500001826001995;Электронный аукцион;Аукцион в электронной форме на право заключения контракта на поставку лекарственных препаратов (Селексипаг) для индивидуального обеспечения отдельных категорий граждан, имеющих право на получение государственной социальной помощи (в соответствии с решениями врачебных комиссий) в городе Москве (УНЗ: Z265934 - Д);;'262771433860977344300114900010000323;;;25126372.80;RUB;0;;;;;;"ФИЛИАЛ № 1 ГКУ ""АЗ (КС) ДЗМ""";"ФИЛИАЛ № 1 ГКУ ""АЗ (КС) ДЗМ""";13.02.2026;27.02.2026;Закупка завершена;;;25.02.2026;
44-ФЗ;№0873500001826001944;Электронный аукцион;Аукцион в электронной форме на право заключения контракта на поставку лекарственных препаратов (Пэгвисомант) для обеспечения граждан, имеющих право на получение государственной социальной помощи в городе Москве (УНЗ: Z266056);;'262771433860977344300114850010000323;;;7160076.00;RUB;0;;;;;;"ФИЛИАЛ № 1 ГКУ ""АЗ (КС) ДЗМ""";"ФИЛИАЛ № 1 ГКУ ""АЗ (КС) ДЗМ""";13.02.2026;27.02.2026;Закупка завершена;;;25.02.2026;
44-ФЗ;№0139200000126000584;Электронный аукцион на проведение работ по строительству, реконструкции, кап. ремонту, сносу объекта кап. строительства в соответствии с п. 8 ч. 1 ст. 33 Закона № 44-ФЗ;Выполнение работ по капитальному ремонту кровли здания учебного корпуса №2 Государственного бюджетного профессионального образовательного учреждения Ленинск-Кузнецкий горнотехнический техникум (ГБПОУ ЛКГТТ), расположенного по адресу: Кемеровская область-Кузбасс, г.Ленинск-Кузнецкий, ул.Энгельса, 9;;'262421200080342120100100160014391243;;;6224047.07;RUB;0;;;;;;ГОСУДАРСТВЕННОЕ БЮДЖЕТНОЕ ПРОФЕССИОНАЛЬНОЕ ОБРАЗОВАТЕЛЬНОЕ УЧРЕЖДЕНИЕ ЛЕНИНСК-КУЗНЕЦКИЙ ГОРНОТЕХНИЧЕСКИЙ ТЕХНИКУМ;ДЕПАРТАМЕНТ КОНТРАКТНОЙ СИСТЕМЫ КУЗБАССА;05.02.2026;27.02.2026;Закупка завершена;;;16.02.2026;
44-ФЗ;№0373200117126000001;Электронный аукцион;Оказание услуг по уборке и содержанию прилегающей территории ГБОУ ШКОЛА № 2044 ИМЕНИ А.М. СЕРЕБРЯКОВА;;'262771573132277150100100030010000244;;;17236752.26;RUB;0;;;;;;"ГОСУДАРСТВЕННОЕ БЮДЖЕТНОЕ ОБЩЕОБРАЗОВАТЕЛЬНОЕ УЧРЕЖДЕНИЕ ГОРОДА МОСКВЫ ""ШКОЛА № 2044 ИМЕНИ ГЕРОЯ СОВЕТСКОГО СОЮЗА А.М. СЕРЕБРЯКОВА""";"ГОСУДАРСТВЕННОЕ БЮДЖЕТНОЕ ОБЩЕОБРАЗОВАТЕЛЬНОЕ УЧРЕЖДЕНИЕ ГОРОДА МОСКВЫ ""ШКОЛА № 2044 ИМЕНИ ГЕРОЯ СОВЕТСКОГО СОЮЗА А.М. СЕРЕБРЯКОВА""";17.02.2026;27.02.2026;Закупка завершена;;;25.02.2026;
44-ФЗ;№0373200215526000122;Электронный аукцион;Оказание услуг по проведению регламентных мероприятий и эксплуатационной поддержке оборудования (обеспечение резервного электроснабжения (САЭ) корпусов и оборудования) в 2026 году;;'262772208653977220100100730010000244;;;6496604.66;RUB;0;;;;;;"ГОСУДАРСТВЕННОЕ БЮДЖЕТНОЕ УЧРЕЖДЕНИЕ ЗДРАВООХРАНЕНИЯ ГОРОДА МОСКВЫ ""ГОРОДСКАЯ КЛИНИЧЕСКАЯ БОЛЬНИЦА № 29 ИМ. Н.Э. БАУМАНА ДЕПАРТАМЕНТА ЗДРАВООХРАНЕНИЯ ГОРОДА МОСКВЫ""";"ГОСУДАРСТВЕННОЕ БЮДЖЕТНОЕ УЧРЕЖДЕНИЕ ЗДРАВООХРАНЕНИЯ ГОРОДА МОСКВЫ ""ГОРОДСКАЯ КЛИНИЧЕСКАЯ БОЛЬНИЦА № 29 ИМ. Н.Э. БАУМАНА ДЕПАРТАМЕНТА ЗДРАВООХРАНЕНИЯ ГОРОДА МОСКВЫ""";16.02.2026;27.02.2026;Закупка завершена;;;25.02.2026;
44-ФЗ;№0373200215526000118;Электронный аукцион;Электронный аукцион на поставку хозяйственных товаров (полотенца бумажные, туалетная бумага, салфетки) для нужд ГБУЗ «ГКБ № 29 им. Н.Э. Баумана ДЗМ»;;'262772208653977220100101360010000244;;;15870636.16;RUB;0;;;;;;"ГОСУДАРСТВЕННОЕ БЮДЖЕТНОЕ УЧРЕЖДЕНИЕ ЗДРАВООХРАНЕНИЯ ГОРОДА МОСКВЫ ""ГОРОДСКАЯ КЛИНИЧЕСКАЯ БОЛЬНИЦА № 29 ИМ. Н.Э. БАУМАНА ДЕПАРТАМЕНТА ЗДРАВООХРАНЕНИЯ ГОРОДА МОСКВЫ""";"ГОСУДАРСТВЕННОЕ БЮДЖЕТНОЕ УЧРЕЖДЕНИЕ ЗДРАВООХРАНЕНИЯ ГОРОДА МОСКВЫ ""ГОРОДСКАЯ КЛИНИЧЕСКАЯ БОЛЬНИЦА № 29 ИМ. Н.Э. БАУМАНА ДЕПАРТАМЕНТА ЗДРАВООХРАНЕНИЯ ГОРОДА МОСКВЫ""";16.02.2026;27.02.2026;Закупка завершена;;;25.02.2026;
44-ФЗ;№0158300003226000016;Электронный аукцион;Ремонт внутрипоселковой  дороги  п. Матвеев Курган, ул. Украинская. Начало объекта находится по адресу: Ростовская область, Матвеево-Курганский район, п. Матвеев Курган, ул. Украинская, в 13 м юго-западнее от д. 1. Конец объекта находится по адресу: Ростовская область, Матвеево-Курганский район, п. Матвеев Курган, ул. Украинская, в 15 м северо-западнее от д. 43;;'263611900308861190100100140014211244;;;8165798.31;RUB;0;;;;;;АДМИНИСТРАЦИЯ МАТВЕЕВО-КУРГАНСКОГО РАЙОНА;АДМИНИСТРАЦИЯ МАТВЕЕВО-КУРГАНСКОГО РАЙОНА;16.02.2026;27.02.2026;Закупка завершена;;;26.02.2026;
44-ФЗ;№0362100030226000008;Электронный аукцион;Поставка реагентов на биохимический анализатор Vitros 5600;;'261666001346266290100100130012120244;;;29826487.04;RUB;0;;;;;;"ФЕДЕРАЛЬНОЕ ГОСУДАРСТВЕННОЕ БЮДЖЕТНОЕ УЧРЕЖДЕНИЕ ЗДРАВООХРАНЕНИЯ ""ЦЕНТРАЛЬНАЯ МЕДИКО-САНИТАРНАЯ ЧАСТЬ № 31 ФЕДЕРАЛЬНОГО МЕДИКО-БИОЛОГИЧЕСКОГО АГЕНТСТВА""";"ФЕДЕРАЛЬНОЕ ГОСУДАРСТВЕННОЕ БЮДЖЕТНОЕ УЧРЕЖДЕНИЕ ЗДРАВООХРАНЕНИЯ ""ЦЕНТРАЛЬНАЯ МЕДИКО-САНИТАРНАЯ ЧАСТЬ № 31 ФЕДЕРАЛЬНОГО МЕДИКО-БИОЛОГИЧЕСКОГО АГЕНТСТВА""";16.02.2026;27.02.2026;Закупка завершена;;;26.02.2026;
44-ФЗ;№0121200004726000126;Электронный аукцион;поставка лекарственного препарата СЕЛПЕРКАТИНИБ для медицинского применения  для обеспечения государственных нужд Ставропольского края;;'262263300599426340100101180012120323;;;7799993.60;RUB;0;;;;;;МИНИСТЕРСТВО ЗДРАВООХРАНЕНИЯ СТАВРОПОЛЬСКОГО КРАЯ;КОМИТЕТ СТАВРОПОЛЬСКОГО КРАЯ ПО ГОСУДАРСТВЕННЫМ ЗАКУПКАМ;18.02.2026;27.02.2026;Закупка завершена;;;27.02.2026;
44-ФЗ;№0122200002526000357;Запрос котировок в электронной форме;Поставка лекарственного препарата для медицинского применения ДАКЛАТАСВИР;;'262272500647627250100101290012120244;;;5852428.68;RUB;0;;;;;;"КРАЕВОЕ ГОСУДАРСТВЕННОЕ БЮДЖЕТНОЕ УЧРЕЖДЕНИЕ ЗДРАВООХРАНЕНИЯ ""ГОРОДСКАЯ КЛИНИЧЕСКАЯ БОЛЬНИЦА"" ИМЕНИ ПРОФЕССОРА А.М. ВОЙНО-ЯСЕНЕЦКОГО МИНИСТЕРСТВА ЗДРАВООХРАНЕНИЯ ХАБАРОВСКОГО КРАЯ";КОМИТЕТ ГОСУДАРСТВЕННОГО ЗАКАЗА ПРАВИТЕЛЬСТВА ХАБАРОВСКОГО КРАЯ;17.02.2026;27.02.2026;Закупка завершена;;;26.02.2026;
44-ФЗ;№0373100016226000001;Открытый конкурс в электронной форме;выполнение работ по организационно-технологическому обеспечению проведения заключительного этапа всероссийской олимпиады школьников в 2026 году по экономике;;'261771702689477010100100130018513244;;;8572399.99;RUB;0;;;;;;"ФЕДЕРАЛЬНОЕ ГОСУДАРСТВЕННОЕ БЮДЖЕТНОЕ НАУЧНОЕ УЧРЕЖДЕНИЕ ""ИНСТИТУТ СОДЕРЖАНИЯ И МЕТОДОВ ОБУЧЕНИЯ ИМЕНИ В.С. ЛЕДНЕВА""";"ФЕДЕРАЛЬНОЕ ГОСУДАРСТВЕННОЕ БЮДЖЕТНОЕ НАУЧНОЕ УЧРЕЖДЕНИЕ ""ИНСТИТУТ СОДЕРЖАНИЯ И МЕТОДОВ ОБУЧЕНИЯ ИМЕНИ В.С. ЛЕДНЕВА""";10.02.2026;27.02.2026;Закупка завершена;;;26.02.2026;
44-ФЗ;№2400500000326000170;Запрос котировок в электронной форме;Наименование объекта закупки: Закупка лекарственного препарата для медицинского применения (МНН: БУДЕСОНИД+ГЛИКОПИРРОНИЯ БРОМИД+ФОРМОТЕРОЛ) для обеспечения отдельных категорий граждан, постоянно проживающих на территории Владимирской области, при оказании амбулаторно-поликлинической помощи в целях их социального обеспечения в соответствии с Законом Владимирской области от 02.10.2007 № 120-ОЗ «О социальной поддержке и социальном обслуживании отдельных категорий граждан во Владимирской области» в 2026 году.;;'262332500810333250100101880012120323;;;5966400.00;RUB;0;;;;;;"ГОСУДАРСТВЕННОЕ КАЗЕННОЕ УЧРЕЖДЕНИЕ ЗДРАВООХРАНЕНИЯ ВЛАДИМИРСКОЙ ОБЛАСТИ ""ЦЕНТР ПО ОСУЩЕСТВЛЕНИЮ ЗАКУПОК ТОВАРОВ, РАБОТ И УСЛУГ В СФЕРЕ ЗДРАВООХРАНЕНИЯ ВЛАДИМИРСКОЙ ОБЛАСТИ""";"ГОСУДАРСТВЕННОЕ КАЗЕННОЕ УЧРЕЖДЕНИЕ ЗДРАВООХРАНЕНИЯ ВЛАДИМИРСКОЙ ОБЛАСТИ ""ЦЕНТР ПО ОСУЩЕСТВЛЕНИЮ ЗАКУПОК ТОВАРОВ, РАБОТ И УСЛУГ В СФЕРЕ ЗДРАВООХРАНЕНИЯ ВЛАДИМИРСКОЙ ОБЛАСТИ""";18.02.2026;27.02.2026;Закупка завершена;;;26.02.2026;
44-ФЗ;№0369100026826000001;Электронный аукцион;Услуги частной охраны (выставление поста охраны) на 2026 год;;'261745102884474510100100050018010244;;;10708706.88;RUB;0;;;;;;"ФЕДЕРАЛЬНОЕ ГОСУДАРСТВЕННОЕ БЮДЖЕТНОЕ ОБРАЗОВАТЕЛЬНОЕ УЧРЕЖДЕНИЕ ВЫСШЕГО ОБРАЗОВАНИЯ ""ЧЕЛЯБИНСКИЙ ГОСУДАРСТВЕННЫЙ ИНСТИТУТ КУЛЬТУРЫ""";"ФЕДЕРАЛЬНОЕ ГОСУДАРСТВЕННОЕ БЮДЖЕТНОЕ ОБРАЗОВАТЕЛЬНОЕ УЧРЕЖДЕНИЕ ВЫСШЕГО ОБРАЗОВАНИЯ ""ЧЕЛЯБИНСКИЙ ГОСУДАРСТВЕННЫЙ ИНСТИТУТ КУЛЬТУРЫ""";13.02.2026;27.02.2026;Закупка завершена;;;25.02.2026;
44-ФЗ;№0134200000126000454;Электронный аукцион;Поставка лекарственных препаратов для медицинского применения НИЛОТИНИБ;;'262380817232738080100100800422120323;;;12852096.00;RUB;0;;;;;;МИНИСТЕРСТВО ЗДРАВООХРАНЕНИЯ ИРКУТСКОЙ ОБЛАСТИ;МИНИСТЕРСТВО ПО РЕГУЛИРОВАНИЮ КОНТРАКТНОЙ СИСТЕМЫ В СФЕРЕ ЗАКУПОК ИРКУТСКОЙ ОБЛАСТИ;18.02.2026;27.02.2026;Закупка завершена;;;27.02.2026;
44-ФЗ;№0131300044726000010;Открытый конкурс в электронной форме;"Благоустройство общественной территории ""Сквер 30-лет Победы"" в г. Нововоронеж Воронежской области";;'263365100284636510100100260014299244;;;113058745.00;RUB;0;;;;;;АДМИНИСТРАЦИЯ ГОРОДСКОГО ОКРУГА ГОРОД НОВОВОРОНЕЖ;АДМИНИСТРАЦИЯ ГОРОДСКОГО ОКРУГА ГОРОД НОВОВОРОНЕЖ;09.02.2026;27.02.2026;Закупка завершена;;;24.02.2026;
44-ФЗ;№0818600006126000023;Открытый конкурс в электронной форме на проведение работ по строительству, реконструкции, кап. ремонту, сносу объекта кап. строительства в соответствии с п. 8 ч. 1 ст. 33 Закона № 44-ФЗ;Капитальный ремонт пищеблока муниципального автономного общеобразовательного учреждения средняя общеобразовательная школа № 9 ст. Отрадной Отрадненского района;;'263234500827623450100100020014120243;;;19025833.51;RUB;0;;;;;;МУНИЦИПАЛЬНОЕ АВТОНОМНОЕ ОБЩЕОБРАЗОВАТЕЛЬНОЕ УЧРЕЖДЕНИЕ СРЕДНЯЯ ОБЩЕОБРАЗОВАТЕЛЬНАЯ ШКОЛА № 9;"МУНИЦИПАЛЬНОЕ КАЗЕННОЕ УЧРЕЖДЕНИЕ ""ЦЕНТР МУНИЦИПАЛЬНЫХ ЗАКУПОК И УСЛУГ""";06.02.2026;27.02.2026;Закупка завершена;;;24.02.2026;
44-ФЗ;№0262100000126000029;Электронный аукцион;Выполнение работ по изготовлению ортезов – аппаратов на нижние конечности в целях социального обеспечения граждан в 2026 году;;'261666100918766700100101040013250323;;;15600000.00;RUB;0;;;;;;ОТДЕЛЕНИЕ ФОНДА ПЕНСИОННОГО И СОЦИАЛЬНОГО СТРАХОВАНИЯ РОССИЙСКОЙ ФЕДЕРАЦИИ ПО СВЕРДЛОВСКОЙ ОБЛАСТИ;ОТДЕЛЕНИЕ ФОНДА ПЕНСИОННОГО И СОЦИАЛЬНОГО СТРАХОВАНИЯ РОССИЙСКОЙ ФЕДЕРАЦИИ ПО СВЕРДЛОВСКОЙ ОБЛАСТИ;16.02.2026;27.02.2026;Закупка завершена;;;25.02.2026;
44-ФЗ;№0122200002526000369;Запрос котировок в электронной форме;Поставка лекарственного препарата для медицинского применения ГРАЗОПРЕВИР+ЭЛБАСВИР;;'262272500647627250100101280012120244;;;9735927.04;RUB;0;;;;;;"КРАЕВОЕ ГОСУДАРСТВЕННОЕ БЮДЖЕТНОЕ УЧРЕЖДЕНИЕ ЗДРАВООХРАНЕНИЯ ""ГОРОДСКАЯ КЛИНИЧЕСКАЯ БОЛЬНИЦА"" ИМЕНИ ПРОФЕССОРА А.М. ВОЙНО-ЯСЕНЕЦКОГО МИНИСТЕРСТВА ЗДРАВООХРАНЕНИЯ ХАБАРОВСКОГО КРАЯ";КОМИТЕТ ГОСУДАРСТВЕННОГО ЗАКАЗА ПРАВИТЕЛЬСТВА ХАБАРОВСКОГО КРАЯ;18.02.2026;27.02.2026;Закупка завершена;;;26.02.2026;
44-ФЗ;№0325300046426000001;Открытый конкурс в электронной форме;Оказание услуг по  организации   питания  воспитанников структурных подразделений дошкольного образования МКОУ «СОШ с. Солянка».;;'263300800890630230100100050015629244;;;7433584.95;RUB;0;;;;;;"МУНИЦИПАЛЬНОЕ КАЗЕННОЕ ОБЩЕОБРАЗОВАТЕЛЬНОЕ УЧРЕЖДЕНИЕ ""СРЕДНЯЯ ОБЩЕОБРАЗОВАТЕЛЬНАЯ ШКОЛА С.СОЛЯНКА""";"МУНИЦИПАЛЬНОЕ КАЗЕННОЕ ОБЩЕОБРАЗОВАТЕЛЬНОЕ УЧРЕЖДЕНИЕ ""СРЕДНЯЯ ОБЩЕОБРАЗОВАТЕЛЬНАЯ ШКОЛА С.СОЛЯНКА""";09.02.2026;27.02.2026;Закупка завершена;;;25.02.2026;
44-ФЗ;№0136500001126000477;Открытый конкурс в электронной форме;Оказание услуг по обучению медицинского персонала (совместная закупка);;262691300387769130100100010018542244, 262690300574869500100100440018542244, 262690200773569520100100250018542244, 262690500597669500100100190018542244, 262693000001969300100100110018542244, 262690400058069500100100240018542244, 262691001300269100100100240018542244, 262690505435669500100100200018542244, 262692600054569260100100200018542244, 262690600096369060100100210018542244, 262690401192069500100100150018542244, 262690700018769070100100240018542244;;;6085500.00;RUB;0;;;;;;;КОМИТЕТ ГОСУДАРСТВЕННОГО ЗАКАЗА ТВЕРСКОЙ ОБЛАСТИ;11.02.2026;27.02.2026;Закупка завершена;;;27.02.2026;
44-ФЗ;№0862600020826000027;Электронный аукцион;Выполнение работ, связанных с осуществлением регулярных перевозок пассажиров и багажа автомобильным транспортом по регулируемым тарифам на муниципальных маршрутах Талицкого муниципального округа;;'263665400384366330100100050024931244;;;7700764.71;RUB;0;;;;;;АДМИНИСТРАЦИЯ ТАЛИЦКОГО МУНИЦИПАЛЬНОГО ОКРУГА;"МУНИЦИПАЛЬНОЕ КАЗЁННОЕ УЧРЕЖДЕНИЕ ТАЛИЦКОГО МУНИЦИПАЛЬНОГО ОКРУГА ""ЦЕНТР ОБЕСПЕЧЕНИЯ ЗАКУПОК""";19.02.2026;27.02.2026;Закупка завершена;;;27.02.2026;
44-ФЗ;№0101100000626000013;Электронный аукцион на проведение работ по строительству, реконструкции, кап. ремонту, сносу объекта кап. строительства в соответствии с п. 8 ч. 1 ст. 33 Закона № 44-ФЗ;Выполнение капитального ремонта в здании Белорецкого межрайонного суда Республики Башкортостан, постоянное судебное присутствие в с. Старосубхангулово Республики Башкортостан;;'261027405995102740100100220014120243;;;5384515.76;RUB;0;;;;;;УПРАВЛЕНИЕ СУДЕБНОГО ДЕПАРТАМЕНТА В РЕСПУБЛИКЕ БАШКОРТОСТАН;УПРАВЛЕНИЕ СУДЕБНОГО ДЕПАРТАМЕНТА В РЕСПУБЛИКЕ БАШКОРТОСТАН;17.02.2026;27.02.2026;Закупка завершена;;;26.02.2026;
44-ФЗ;№0888600000426000012;Электронный аукцион;Выполнение работ, связанных с осуществлением регулярных перевозок пассажиров и багажа автомобильным транспортом по регулируемым тарифам по муниципальным маршрутам № 1 в пгт Угольные Копи;;'263870000237587000100100840014931244;;;33965741.88;RUB;0;;;;;;АДМИНИСТРАЦИЯ АНАДЫРСКОГО МУНИЦИПАЛЬНОГО ОКРУГА;"МУНИЦИПАЛЬНОЕ КАЗЕННОЕ УЧРЕЖДЕНИЕ ""УПРАВЛЕНИЕ ТЕХНИЧЕСКОГО ОБЕСПЕЧЕНИЯ И ЭКСПЛУАТАЦИИ ИМУЩЕСТВА АНАДЫРСКОГО МУНИЦИПАЛЬНОГО ОКРУГА""";19.02.2026;27.02.2026;Закупка завершена;;;27.02.2026;
44-ФЗ;№0122200002526000342;Электронный аукцион;Поставка лекарственного препарата для медицинского применения Эверолимус для обеспечения льготных категорий граждан Хабаровского края;;'262272404126027210100101490012120244;;;7641375.00;RUB;0;;;;;;"КРАЕВОЕ ГОСУДАРСТВЕННОЕ КАЗЕННОЕ УЧРЕЖДЕНИЕ ЗДРАВООХРАНЕНИЯ ""МЕДИЦИНСКИЙ ИНФОРМАЦИОННО-АНАЛИТИЧЕСКИЙ ЦЕНТР"" МИНИСТЕРСТВА ЗДРАВООХРАНЕНИЯ ХАБАРОВСКОГО КРАЯ";КОМИТЕТ ГОСУДАРСТВЕННОГО ЗАКАЗА ПРАВИТЕЛЬСТВА ХАБАРОВСКОГО КРАЯ;16.02.2026;27.02.2026;Закупка завершена;;;26.02.2026;
44-ФЗ;№0846600000326000012;Открытый конкурс в электронной форме;Выполнение работ по ремонту дорог по ул. Первомайская, ул. Советская в с. Березовка Данковского округа, Липецкой области;;'263480300250048030100100140014211244;;;7237665.20;RUB;0;;;;;;АДМИНИСТРАЦИЯ ДАНКОВСКОГО МУНИЦИПАЛЬНОГО ОКРУГА ЛИПЕЦКОЙ ОБЛАСТИ РОССИЙСКОЙ ФЕДЕРАЦИИ;"МУНИЦИПАЛЬНОЕ КАЗЕННОЕ УЧРЕЖДЕНИЕ ДАНКОВСКОГО МУНИЦИПАЛЬНОГО ОКРУГА ЛИПЕЦКОЙ ОБЛАСТИ ""ЦЕНТР ФИНАНСОВЫХ КОМПЕТЕНЦИЙ""";02.02.2026;27.02.2026;Закупка завершена;;;18.02.2026;
44-ФЗ;№0366200035625010212;Электронный аукцион на проведение работ по строительству, реконструкции, кап. ремонту, сносу объекта кап. строительства в соответствии с п. 8 ч. 1 ст. 33 Закона № 44-ФЗ;Выполнение работ по капитальному ремонту фасада (этап 3) ГПОУ ТО «АХТТ», расположенного по адресу: Тульская область, город Алексин, улица Площадь победы, дом 12, в рамках федерального проекта «Профессионалитет»;;'252711100332071110100100400034120243;;;9860691.00;RUB;0;;;;;;"ГОСУДАРСТВЕННОЕ ПРОФЕССИОНАЛЬНОЕ ОБРАЗОВАТЕЛЬНОЕ УЧРЕЖДЕНИЕ ТУЛЬСКОЙ ОБЛАСТИ ""АЛЕКСИНСКИЙ ХИМИКО-ТЕХНОЛОГИЧЕСКИЙ ТЕХНИКУМ""";"ГОСУДАРСТВЕННОЕ КАЗЕННОЕ УЧРЕЖДЕНИЕ ТУЛЬСКОЙ ОБЛАСТИ ""ЦЕНТР ОРГАНИЗАЦИИ ЗАКУПОК""";30.12.2025;27.02.2026;Закупка завершена;;;28.01.2026;
44-ФЗ;№0169300035826000027;Электронный аукцион на проведение работ по строительству, реконструкции, кап. ремонту, сносу объекта кап. строительства в соответствии с п. 8 ч. 1 ст. 33 Закона № 44-ФЗ;строительство объекта  «Ливневая канализация от ул. Добролюбова до ул. Циолковского г. Миасс Челябинской области»;;'263741502365774150100100020014322414;;;6983038.00;RUB;0;;;;;;"МУНИЦИПАЛЬНОЕ КАЗЕННОЕ УЧРЕЖДЕНИЕ ""КОМИТЕТ ПО СТРОИТЕЛЬСТВУ""";АДМИНИСТРАЦИЯ МИАССКОГО ГОРОДСКОГО ОКРУГА ЧЕЛЯБИНСКОЙ ОБЛАСТИ;18.02.2026;27.02.2026;Закупка завершена;;;26.02.2026;
44-ФЗ;№0136500001126000710;Запрос котировок в электронной форме на проведение работ по строительству, реконструкции, кап. ремонту, сносу объекта кап. строительства в соответствии с п. 8 ч. 1 ст. 33 Закона № 44-ФЗ ;"Выполнение работ по капитальному ремонту объекта капитального строительства в сфере культуры (крыша здания МБУК ""Зубцовский ДК"")";;'263692300129069230100100130034120243;;;7335178.00;RUB;0;;;;;;"МУНИЦИПАЛЬНОЕ БЮДЖЕТНОЕ УЧРЕЖДЕНИЕ КУЛЬТУРЫ ""ЗУБЦОВСКИЙ ДОМ КУЛЬТУРЫ""";КОМИТЕТ ГОСУДАРСТВЕННОГО ЗАКАЗА ТВЕРСКОЙ ОБЛАСТИ;18.02.2026;27.02.2026;Закупка завершена;;;26.02.2026;
44-ФЗ;№0744200000226001075;Электронный аукцион;Поставка лекарственных препаратов (МНН Метотрексат);;'262462904003746320100100022042120000;;;5412766.56;RUB;0;;;;;;МИНИСТЕРСТВО ЗДРАВООХРАНЕНИЯ КУРСКОЙ ОБЛАСТИ;"ОБЛАСТНОЕ КАЗЕННОЕ УЧРЕЖДЕНИЕ ""ЦЕНТР ЗАКУПОК КУРСКОЙ ОБЛАСТИ""";19.02.2026;27.02.2026;Закупка завершена;;;27.02.2026;
44-ФЗ;№0162200011826000264;Электронный аукцион;Поставка медицинских расходных материалов;;'262666100878666710100100040063250244;;;6000000.00;RUB;0;;;;;;"ГОСУДАРСТВЕННОЕ БЮДЖЕТНОЕ УЧРЕЖДЕНИЕ ЗДРАВООХРАНЕНИЯ СВЕРДЛОВСКОЙ ОБЛАСТИ ""НАУЧНО-ПРАКТИЧЕСКИЙ ЦЕНТР СПЕЦИАЛИЗИРОВАННЫХ ВИДОВ МЕДИЦИНСКОЙ ПОМОЩИ ""УРАЛЬСКИЙ ИНСТИТУТ КАРДИОЛОГИИ""";ДЕПАРТАМЕНТ ГОСУДАРСТВЕННЫХ ЗАКУПОК СВЕРДЛОВСКОЙ ОБЛАСТИ;17.02.2026;27.02.2026;Закупка завершена;;;25.02.2026;
44-ФЗ;№0360600004626000020;Электронный аукцион;Нефтепродукты по топливным картам;;'263645214880764520100100260010000244;;;14000000.00;RUB;0;;;;;;"МУНИЦИПАЛЬНОЕ БЮДЖЕТНОЕ УЧРЕЖДЕНИЕ ""СЛУЖБА БЛАГОУСТРОЙСТВА ВОЛЖСКОГО РАЙОНА""";"МУНИЦИПАЛЬНОЕ БЮДЖЕТНОЕ УЧРЕЖДЕНИЕ ""СЛУЖБА БЛАГОУСТРОЙСТВА ВОЛЖСКОГО РАЙОНА""";18.02.2026;27.02.2026;Закупка завершена;;;26.02.2026;
44-ФЗ;№0375300161826000001;Электронный аукцион;Поставка и установка модульного здания (конструкции) в сфере культуры для размещения Виноградовского Дома культуры по адресу: Республика Крым, Сакский район, с.Виноградово, ул.Ленина, дом 18 а;;'263910700468591070100100140012511244;;;23261418.44;RUB;0;;;;;;"МУНИЦИПАЛЬНОЕ БЮДЖЕТНОЕ УЧРЕЖДЕНИЕ КУЛЬТУРЫ ""МЕЖПОСЕЛЕНЧЕСКИЙ ЦЕНТР КУЛЬТУРЫ, ИСКУССТВ И НАРОДНОГО ТВОРЧЕСТВА"" САКСКОГО РАЙОНА РЕСПУБЛИКИ КРЫМ";"МУНИЦИПАЛЬНОЕ БЮДЖЕТНОЕ УЧРЕЖДЕНИЕ КУЛЬТУРЫ ""МЕЖПОСЕЛЕНЧЕСКИЙ ЦЕНТР КУЛЬТУРЫ, ИСКУССТВ И НАРОДНОГО ТВОРЧЕСТВА"" САКСКОГО РАЙОНА РЕСПУБЛИКИ КРЫМ";17.02.2026;27.02.2026;Закупка завершена;;;25.02.2026;
44-ФЗ;№0875300057126000008;Электронный аукцион;Содержание автомобильных дорог общего пользования местного значения муниципального образования Красноперекопский район Республики Крым;;'263910600168191060100100110014211244;;;12000000.00;RUB;0;;;;;;АДМИНИСТРАЦИЯ КРАСНОПЕРЕКОПСКОГО РАЙОНА РЕСПУБЛИКИ КРЫМ;АДМИНИСТРАЦИЯ КРАСНОПЕРЕКОПСКОГО РАЙОНА РЕСПУБЛИКИ КРЫМ;17.02.2026;27.02.2026;Закупка завершена;;;25.02.2026;
44-ФЗ;№1003600001526000010;Электронный аукцион;Текущий ремонт дорог г. Кизляра - ямочный ремонт;;'263054701210505470100101680014211244;;;6861236.58;RUB;0;;;;;;"МУНИЦИПАЛЬНОЕ БЮДЖЕТНОЕ УЧРЕЖДЕНИЕ ""УПРАВЛЕНИЕ ЖИЛИЩНО-КОММУНАЛЬНОГО ХОЗЯЙСТВА"" ГОРОДСКОГО ОКРУГА ""ГОРОД КИЗЛЯР""";"МУНИЦИПАЛЬНОЕ БЮДЖЕТНОЕ УЧРЕЖДЕНИЕ ""УПРАВЛЕНИЕ ЖИЛИЩНО-КОММУНАЛЬНОГО ХОЗЯЙСТВА"" ГОРОДСКОГО ОКРУГА ""ГОРОД КИЗЛЯР""";17.02.2026;27.02.2026;Закупка завершена;;;26.02.2026;
44-ФЗ;№0348200068126000020;Электронный аукцион;Поставка лекарственного средства для ЭКО (ФОЛЛИТРОПИН АЛЬФА) на 2026 год (лот 1);;'262770904128977090100100320012120244;;;6744540.00;RUB;0;;;;;;"ГОСУДАРСТВЕННОЕ БЮДЖЕТНОЕ УЧРЕЖДЕНИЕ ЗДРАВООХРАНЕНИЯ МОСКОВСКОЙ ОБЛАСТИ ""МОСКОВСКИЙ ОБЛАСТНОЙ НАУЧНО-ИССЛЕДОВАТЕЛЬСКИЙ ИНСТИТУТ АКУШЕРСТВА И ГИНЕКОЛОГИИ ИМЕНИ АКАДЕМИКА В.И. КРАСНОПОЛЬСКОГО""";"ГОСУДАРСТВЕННОЕ БЮДЖЕТНОЕ УЧРЕЖДЕНИЕ ЗДРАВООХРАНЕНИЯ МОСКОВСКОЙ ОБЛАСТИ ""МОСКОВСКИЙ ОБЛАСТНОЙ НАУЧНО-ИССЛЕДОВАТЕЛЬСКИЙ ИНСТИТУТ АКУШЕРСТВА И ГИНЕКОЛОГИИ ИМЕНИ АКАДЕМИКА В.И. КРАСНОПОЛЬСКОГО""";18.02.2026;27.02.2026;Закупка завершена;;;26.02.2026;
44-ФЗ;№0131300016026000006;Электронный аукцион на проведение работ по строительству, реконструкции, кап. ремонту, сносу объекта кап. строительства в соответствии с п. 8 ч. 1 ст. 33 Закона № 44-ФЗ;Капитальный ремонт здания муниципального казенного общеобразовательного учреждения Николаевская средняя общеобразовательная школа, Воронежская область, р-н Аннинский, с. Николаевка, ул. Юбилейная, зд. 23;;'263360100202236010100100290014339243;;;21104536.85;RUB;0;;;;;;АДМИНИСТРАЦИЯ АННИНСКОГО МУНИЦИПАЛЬНОГО РАЙОНА ВОРОНЕЖСКОЙ ОБЛАСТИ;ОТДЕЛ ФИНАНСОВ АДМИНИСТРАЦИИ АННИНСКОГО МУНИЦИПАЛЬНОГО РАЙОНА ВОРОНЕЖСКОЙ ОБЛАСТИ;17.02.2026;27.02.2026;Закупка завершена;;;25.02.2026;
44-ФЗ;№0302100024826000024;Электронный аукцион;Оказание услуг по санаторно-курортному лечению в 2026 году гражданам – получателям набора социальных услуг по профилям лечения – болезни нервной системы, болезни системы кровообращения, болезни костно-мышечной системы, болезни органов пищеварения, болезни органов дыхания, болезни уха и сосцевидного отростка, болезни эндокринной системы, расстройства питания и нарушения обмена веществ.;;'261032304882803260100100870018690323;;;8772624.00;RUB;0;;;;;;ОТДЕЛЕНИЕ ФОНДА ПЕНСИОННОГО И СОЦИАЛЬНОГО СТРАХОВАНИЯ РОССИЙСКОЙ ФЕДЕРАЦИИ ПО РЕСПУБЛИКЕ БУРЯТИЯ;ОТДЕЛЕНИЕ ФОНДА ПЕНСИОННОГО И СОЦИАЛЬНОГО СТРАХОВАНИЯ РОССИЙСКОЙ ФЕДЕРАЦИИ ПО РЕСПУБЛИКЕ БУРЯТИЯ;13.02.2026;27.02.2026;Закупка завершена;;;25.02.2026;
44-ФЗ;№0311100000626000033;Электронный аукцион;Поставка продуктов питания;;'261166000967516600100100380011011244;;;7599000.00;RUB;0;;;;;;"ФЕДЕРАЛЬНОЕ КАЗЕННОЕ УЧРЕЖДЕНИЕ ""КАЗАНСКАЯ ПСИХИАТРИЧЕСКАЯ БОЛЬНИЦА (СТАЦИОНАР) СПЕЦИАЛИЗИРОВАННОГО ТИПА С ИНТЕНСИВНЫМ НАБЛЮДЕНИЕМ"" МИНИСТЕРСТВА ЗДРАВООХРАНЕНИЯ РОССИЙСКОЙ ФЕДЕРАЦИИ";"ФЕДЕРАЛЬНОЕ КАЗЕННОЕ УЧРЕЖДЕНИЕ ""КАЗАНСКАЯ ПСИХИАТРИЧЕСКАЯ БОЛЬНИЦА (СТАЦИОНАР) СПЕЦИАЛИЗИРОВАННОГО ТИПА С ИНТЕНСИВНЫМ НАБЛЮДЕНИЕМ"" МИНИСТЕРСТВА ЗДРАВООХРАНЕНИЯ РОССИЙСКОЙ ФЕДЕРАЦИИ";19.02.2026;27.02.2026;Закупка завершена;;;27.02.2026;
44-ФЗ;№0356100029526000047;Электронный аукцион;Поставка медицинских расходных материалов;;'261590229378859020100100020250000244;;;15000000.00;RUB;0;;;;;;"ФЕДЕРАЛЬНОЕ ГОСУДАРСТВЕННОЕ БЮДЖЕТНОЕ УЧРЕЖДЕНИЕ ""ФЕДЕРАЛЬНЫЙ ЦЕНТР СЕРДЕЧНО-СОСУДИСТОЙ ХИРУРГИИ ИМЕНИ С.Г. СУХАНОВА"" МИНИСТЕРСТВА ЗДРАВООХРАНЕНИЯ РОССИЙСКОЙ ФЕДЕРАЦИИ (Г. ПЕРМЬ)";"ФЕДЕРАЛЬНОЕ ГОСУДАРСТВЕННОЕ БЮДЖЕТНОЕ УЧРЕЖДЕНИЕ ""ФЕДЕРАЛЬНЫЙ ЦЕНТР СЕРДЕЧНО-СОСУДИСТОЙ ХИРУРГИИ ИМЕНИ С.Г. СУХАНОВА"" МИНИСТЕРСТВА ЗДРАВООХРАНЕНИЯ РОССИЙСКОЙ ФЕДЕРАЦИИ (Г. ПЕРМЬ)";18.02.2026;27.02.2026;Закупка завершена;;;26.02.2026;
44-ФЗ;№0358300275026000022;Открытый конкурс в электронной форме на проведение работ по строительству, реконструкции, кап. ремонту, сносу объекта кап. строительства в соответствии с п. 8 ч. 1 ст. 33 Закона № 44-ФЗ;Выборочный капитальный ремонт здания фельдшерско-акушерского пункта ст. Бессергеневская, по адресу: Ростовская область, Октябрьский район, ст. Бессергеневская, ул. Школьная, 64а;;'262612500239661250100100180014120243;;;6136844.20;RUB;0;;;;;;"ГОСУДАРСТВЕННОЕ БЮДЖЕТНОЕ УЧРЕЖДЕНИЕ РОСТОВСКОЙ ОБЛАСТИ ""ЦЕНТРАЛЬНАЯ РАЙОННАЯ БОЛЬНИЦА"" В ОКТЯБРЬСКОМ РАЙОНЕ";"ГОСУДАРСТВЕННОЕ БЮДЖЕТНОЕ УЧРЕЖДЕНИЕ РОСТОВСКОЙ ОБЛАСТИ ""ЦЕНТРАЛЬНАЯ РАЙОННАЯ БОЛЬНИЦА"" В ОКТЯБРЬСКОМ РАЙОНЕ";06.02.2026;27.02.2026;Закупка завершена;;;24.02.2026;
44-ФЗ;№0373200040826000001;Электронный аукцион;Оказание услуг по регламентным работам (по видам технического обслуживания) на автобусах;;262773425020877330100100050010000244, 262773511375877350100100030010000244, 262771357750977130100100060010000244, 262771516150677150100100020010000244;;;7150000.00;RUB;0;;;;;;;"ГОСУДАРСТВЕННОЕ БЮДЖЕТНОЕ УЧРЕЖДЕНИЕ ГОРОДА МОСКВЫ ""МОЙ СЕМЕЙНЫЙ ЦЕНТР ""СОГЛАСИЕ""";17.02.2026;27.02.2026;Закупка завершена;;;25.02.2026;
44-ФЗ;№0859200001126001017;Электронный аукцион;Поставка лекарственного препарата для медицинского применения;;'262622600187162260100100470022120244;;;8808800.00;RUB;0;;;;;;"ГОСУДАРСТВЕННОЕ БЮДЖЕТНОЕ УЧРЕЖДЕНИЕ РЯЗАНСКОЙ ОБЛАСТИ ""КАСИМОВСКАЯ ЦЕНТРАЛЬНАЯ РАЙОННАЯ БОЛЬНИЦА""";"ГОСУДАРСТВЕННОЕ КАЗЕННОЕ УЧРЕЖДЕНИЕ РЯЗАНСКОЙ ОБЛАСТИ ""ЦЕНТР ЗАКУПОК РЯЗАНСКОЙ ОБЛАСТИ""";16.02.2026;27.02.2026;Закупка завершена;;;25.02.2026;
44-ФЗ;№0328300129426000096;Запрос котировок в электронной форме;Работы по погрузке и вывозу снега с улично-дорожной сети г. Коврова, погрузке и планировке снега на снегосвалке.;;'263330571381233050100100140018129244;;;7745764.97;RUB;0;;;;;;"МУНИЦИПАЛЬНОЕ КАЗЕННОЕ УЧРЕЖДЕНИЕ ГОРОДА КОВРОВА ВЛАДИМИРСКОЙ ОБЛАСТИ ""ГОРОД""";УПРАВЛЕНИЕ МУНИЦИПАЛЬНОГО ЗАКАЗА АДМИНИСТРАЦИИ ГОРОДА КОВРОВА;19.02.2026;27.02.2026;Закупка завершена;;;27.02.2026;
44-ФЗ;№0123200000326000137;Открытый конкурс в электронной форме;Выполнение работ по ремонту автомобильных дорог общего пользования регионального или межмуниципального значения Амурской области;;'262280102589028010100100430014211244;;;145075605.41;RUB;0;;;;;;"ГОСУДАРСТВЕННОЕ КАЗЕННОЕ УЧРЕЖДЕНИЕ УПРАВЛЕНИЕ АВТОМОБИЛЬНЫХ ДОРОГ АМУРСКОЙ ОБЛАСТИ ""АМУРУПРАДОР""";УПРАВЛЕНИЕ ГОСУДАРСТВЕННОГО ЗАКАЗА АМУРСКОЙ ОБЛАСТИ;09.02.2026;27.02.2026;Закупка завершена;;;25.02.2026;
44-ФЗ;№0848600006826000004;Открытый конкурс в электронной форме;Оказание охранных услуг;;'263500503479650050100100010018010244;;;18739200.00;RUB;0;;;;;;"МУНИЦИПАЛЬНОЕ УЧРЕЖДЕНИЕ ""ПАРКИ ГОРОДСКОГО ОКРУГА ВОСКРЕСЕНСК""";"МУНИЦИПАЛЬНОЕ КАЗЕННОЕ УЧРЕЖДЕНИЕ ""ВОСКРЕСЕНСКИЙ ЦЕНТР ЗАКУПОК""";06.02.2026;27.02.2026;Закупка завершена;;;25.02.2026;
44-ФЗ;№0869200000226000980;Электронный аукцион;на поставку лекарственного препарата для медицинского применения – ЦЕРТОЛИЗУМАБА ПЭГОЛ для оказания отдельным категориям граждан социальной услуги по обеспечению лекарственными препаратами для медицинского применения по рецептам на лекарственные препараты, медицинскими изделиями по рецептам на медицинские изделия, а также специализированными продуктами лечебного питания для детей-инвалидов за счет средств областного бюджета;;'262745313582774530100100270500000323;;;12525294.60;RUB;0;;;;;;МИНИСТЕРСТВО ЗДРАВООХРАНЕНИЯ ЧЕЛЯБИНСКОЙ ОБЛАСТИ;"ГОСУДАРСТВЕННОЕ КАЗЕННОЕ УЧРЕЖДЕНИЕ ""ЦЕНТР ОРГАНИЗАЦИИ ЗАКУПОК ЧЕЛЯБИНСКОЙ ОБЛАСТИ""";18.02.2026;27.02.2026;Закупка завершена;;;26.02.2026;
44-ФЗ;№0817200000326001192;Электронный аукцион на проведение работ по строительству, реконструкции, кап. ремонту, сносу объекта кап. строительства в соответствии с п. 8 ч. 1 ст. 33 Закона № 44-ФЗ;Выполнение  работ  по объекту: Капитальный ремонт здания  МБОУ Кытмановская СОШ №1 Кытмановского района Алтайского края расположенного по адресу : Алтайский край, Кытмановский район, с.Кытманово, ул.Комсомольская, д.41;;'263225500147722550100100010014120243;;;199015420.33;RUB;0;;;;;;АДМИНИСТРАЦИЯ КЫТМАНОВСКОГО РАЙОНА АЛТАЙСКОГО КРАЯ;"КРАЕВОЕ ГОСУДАРСТВЕННОЕ КАЗЕННОЕ УЧРЕЖДЕНИЕ ""ЦЕНТР ГОСУДАРСТВЕННЫХ ЗАКУПОК АЛТАЙСКОГО КРАЯ""";13.02.2026;27.02.2026;Закупка завершена;;;25.02.2026;
44-ФЗ;№0869300001626000022;Электронный аукцион;Восстановление оснований и покрытий из песчано-щебеночной смеси на автомобильной дороге по ул. Равнинная в с. Миасское Красноармейского округа Челябинской области ;;'263743001376674300100100020100000244;;;10130107.78;RUB;0;;;;;;УПРАВЛЕНИЕ СТРОИТЕЛЬСТВА И ИНЖЕНЕРНОЙ ИНФРАСТРУКТУРЫ АДМИНИСТРАЦИИ КРАСНОАРМЕЙСКОГО МУНИЦИПАЛЬНОГО ОКРУГА;УПРАВЛЕНИЕ СТРОИТЕЛЬСТВА И ИНЖЕНЕРНОЙ ИНФРАСТРУКТУРЫ АДМИНИСТРАЦИИ КРАСНОАРМЕЙСКОГО МУНИЦИПАЛЬНОГО ОКРУГА;17.02.2026;27.02.2026;Закупка завершена;;;25.02.2026;
44-ФЗ;№0848300048326000018;Электронный аукцион;"Приобретение автобуса для подвоза обучающихся в общеобразовательную организацию, расположенную в сельском населенном пункте МБОУ ""Краснопоймовская СОШ"" муниципального округа Луховицы Московской области в 2026 году";;'263507272297450720100100250012910244;;;5617247.40;RUB;0;;;;;;АДМИНИСТРАЦИЯ МУНИЦИПАЛЬНОГО ОКРУГА ЛУХОВИЦЫ МОСКОВСКОЙ ОБЛАСТИ;"МУНИЦИПАЛЬНОЕ КАЗЕННОЕ УЧРЕЖДЕНИЕ МУНИЦИПАЛЬНОГО ОКРУГА ЛУХОВИЦЫ МОСКОВСКОЙ ОБЛАСТИ ""УПРАВЛЕНИЕ ПО ЗАКУПКАМ""";16.02.2026;27.02.2026;Закупка завершена;;;26.02.2026;
44-ФЗ;№0744200000226001045;Запрос котировок в электронной форме;Поставка лекарственного препарата для медицинского применения - Меропенем;;'262463228633746320100100850012120244;;;5164300.00;RUB;0;;;;;;"ОБЛАСТНОЕ БЮДЖЕТНОЕ УЧРЕЖДЕНИЕ ЗДРАВООХРАНЕНИЯ ""КУРСКАЯ ОБЛАСТНАЯ МНОГОПРОФИЛЬНАЯ КЛИНИЧЕСКАЯ БОЛЬНИЦА""";"ОБЛАСТНОЕ КАЗЕННОЕ УЧРЕЖДЕНИЕ ""ЦЕНТР ЗАКУПОК КУРСКОЙ ОБЛАСТИ""";18.02.2026;27.02.2026;Закупка завершена;;;26.02.2026;
44-ФЗ;№0373200558126000004;Электронный аукцион;Поставка медицинских бахил в кассетах;;'262773313714377330100100060010000244;;;13398000.00;RUB;0;;;;;;"ГОСУДАРСТВЕННОЕ БЮДЖЕТНОЕ УЧРЕЖДЕНИЕ ЗДРАВООХРАНЕНИЯ ГОРОДА МОСКВЫ ""ГОРОДСКАЯ ПОЛИКЛИНИКА № 180 ДЕПАРТАМЕНТА ЗДРАВООХРАНЕНИЯ ГОРОДА МОСКВЫ""";"ГОСУДАРСТВЕННОЕ БЮДЖЕТНОЕ УЧРЕЖДЕНИЕ ЗДРАВООХРАНЕНИЯ ГОРОДА МОСКВЫ ""ГОРОДСКАЯ ПОЛИКЛИНИКА № 180 ДЕПАРТАМЕНТА ЗДРАВООХРАНЕНИЯ ГОРОДА МОСКВЫ""";17.02.2026;27.02.2026;Закупка завершена;;;25.02.2026;
44-ФЗ;№0120300018226000005;Электронный аукцион;"Обустройство детской игровой зоны и зоны отдыха на территории площади ГЦНК ""Приморье"" муниципального округа Спасск-Дальний";;'263251000487025100100100200014399244;;;6796880.00;RUB;0;;;;;;АДМИНИСТРАЦИЯ МУНИЦИПАЛЬНОГО ОКРУГА СПАССК-ДАЛЬНИЙ ПРИМОРСКОГО КРАЯ;АДМИНИСТРАЦИЯ МУНИЦИПАЛЬНОГО ОКРУГА СПАССК-ДАЛЬНИЙ ПРИМОРСКОГО КРАЯ;17.02.2026;27.02.2026;Закупка завершена;;;26.02.2026;
44-ФЗ;№0301600012326000001;Запрос котировок в электронной форме;Поставка горюче-смазочных материалов с применением пластиковых (топливных) карт;;'263027617991902760100100100010000244;;;5439910.00;RUB;0;;;;;;"МУНИЦИПАЛЬНОЕ БЮДЖЕТНОЕ УЧРЕЖДЕНИЕ ""УФАГОРСВЕТ"" ГОРОДСКОГО ОКРУГА ГОРОД УФА РЕСПУБЛИКИ БАШКОРТОСТАН";"МУНИЦИПАЛЬНОЕ БЮДЖЕТНОЕ УЧРЕЖДЕНИЕ ""УФАГОРСВЕТ"" ГОРОДСКОГО ОКРУГА ГОРОД УФА РЕСПУБЛИКИ БАШКОРТОСТАН";17.02.2026;27.02.2026;Закупка завершена;;;25.02.2026;
44-ФЗ;№0573100027726000034;Электронный аукцион;Выполнение работ по капитальному ремонту воздушной линии электропередач 10кВ (фидер 105) с устройством подъездных путей Ленинградского отделения филиала «Северо Западный территориальный округ» ФГУП «РАДОН»;;'261770400970077040100117160014222000;;;10545000.00;RUB;0;;;;;;"ФЕДЕРАЛЬНОЕ ГОСУДАРСТВЕННОЕ УНИТАРНОЕ ПРЕДПРИЯТИЕ ""ОБЪЕДИНЕННЫЙ ЭКОЛОГО-ТЕХНОЛОГИЧЕСКИЙ И НАУЧНО-ИССЛЕДОВАТЕЛЬСКИЙ ЦЕНТР ПО ОБЕЗВРЕЖИВАНИЮ РАО И ОХРАНЕ ОКРУЖАЮЩЕЙ СРЕДЫ""";"ФЕДЕРАЛЬНОЕ ГОСУДАРСТВЕННОЕ УНИТАРНОЕ ПРЕДПРИЯТИЕ ""ОБЪЕДИНЕННЫЙ ЭКОЛОГО-ТЕХНОЛОГИЧЕСКИЙ И НАУЧНО-ИССЛЕДОВАТЕЛЬСКИЙ ЦЕНТР ПО ОБЕЗВРЕЖИВАНИЮ РАО И ОХРАНЕ ОКРУЖАЮЩЕЙ СРЕДЫ""";17.02.2026;27.02.2026;Закупка завершена;;;25.02.2026;
44-ФЗ;№0332300173326000005;Запрос котировок в электронной форме;Поставка автомобильного бензина и дизельного топлива;;'263525000656552500100100050111920244;;;9990790.00;RUB;0;;;;;;"ГОСУДАРСТВЕННОЕ БЮДЖЕТНОЕ УЧРЕЖДЕНИЕ ЗДРАВООХРАНЕНИЯ НИЖЕГОРОДСКОЙ ОБЛАСТИ ""КСТОВСКАЯ ЦЕНТРАЛЬНАЯ РАЙОННАЯ БОЛЬНИЦА""";"ГОСУДАРСТВЕННОЕ БЮДЖЕТНОЕ УЧРЕЖДЕНИЕ ЗДРАВООХРАНЕНИЯ НИЖЕГОРОДСКОЙ ОБЛАСТИ ""КСТОВСКАЯ ЦЕНТРАЛЬНАЯ РАЙОННАЯ БОЛЬНИЦА""";17.02.2026;27.02.2026;Закупка завершена;;;26.02.2026;
44-ФЗ;№0830500000226000197;Открытый конкурс в электронной форме;"Ремонт Муниципального автономного общеобразовательного учреждения ""Начальная общеобразовательная школа № 10"" по адресу: г. Вологда, ул. Благовещенская, д. 48";;'263352543213335250100100160014399244;;;24999759.54;RUB;0;;;;;;"МУНИЦИПАЛЬНОЕ КАЗЕННОЕ УЧРЕЖДЕНИЕ ""УПРАВЛЕНИЕ КАПИТАЛЬНОГО СТРОИТЕЛЬСТВА И РЕМОНТА""";"ГОСУДАРСТВЕННОЕ КАЗЕННОЕ УЧРЕЖДЕНИЕ ВОЛОГОДСКОЙ ОБЛАСТИ ""ЦЕНТР ЗАКУПОК""";05.02.2026;27.02.2026;Закупка завершена;;;25.02.2026;
44-ФЗ;№0387200002826000163;Запрос котировок в электронной форме;Оказание услуг по переработке плазмы на альбумин;;'262860100444586010100101870018690244;;;6027000.00;RUB;0;;;;;;"БЮДЖЕТНОЕ УЧРЕЖДЕНИЕ ХАНТЫ-МАНСИЙСКОГО АВТОНОМНОГО ОКРУГА - ЮГРЫ ""ОКРУЖНАЯ КЛИНИЧЕСКАЯ БОЛЬНИЦА""";"БЮДЖЕТНОЕ УЧРЕЖДЕНИЕ ХАНТЫ-МАНСИЙСКОГО АВТОНОМНОГО ОКРУГА - ЮГРЫ ""ОКРУЖНАЯ КЛИНИЧЕСКАЯ БОЛЬНИЦА""";13.02.2026;27.02.2026;Закупка завершена;;;25.02.2026;
44-ФЗ;№0187300010126000006;Электронный аукцион;"Благоустройство общественной территории ""Сквер ""Колокол"" в г. Лангепасе для нужд ЛГ МКУ ""УКС"" (3ЭА/26)";;'263860710088286070100100220014299244;;;20533300.00;RUB;0;;;;;;"ЛАНГЕПАССКОЕ ГОРОДСКОЕ МУНИЦИПАЛЬНОЕ КАЗЕННОЕ УЧРЕЖДЕНИЕ ""УПРАВЛЕНИЕ КАПИТАЛЬНОГО СТРОИТЕЛЬСТВА""";АДМИНИСТРАЦИЯ ГОРОДА ЛАНГЕПАСА;17.02.2026;27.02.2026;Закупка завершена;;;25.02.2026;
44-ФЗ;№0128300009126000036;Запрос котировок в электронной форме;Оказание услуг по зимнему содержанию улично-дорожной сети муниципального образования город Вязники;;'263330300400033030100100160018129244;;;5000253.20;RUB;0;;;;;;АДМИНИСТРАЦИЯ МУНИЦИПАЛЬНОГО ОБРАЗОВАНИЯ ВЯЗНИКОВСКИЙ РАЙОН ВЛАДИМИРСКОЙ ОБЛАСТИ;АДМИНИСТРАЦИЯ МУНИЦИПАЛЬНОГО ОБРАЗОВАНИЯ ВЯЗНИКОВСКИЙ РАЙОН ВЛАДИМИРСКОЙ ОБЛАСТИ;19.02.2026;27.02.2026;Закупка завершена;;;27.02.2026;
44-ФЗ;№0119600013226000017;Запрос котировок в электронной форме;Выполнение работ по содержанию автомобильных дорог общего пользования местного значения города Игарки;;'263243700587824370100100290014211244;;;7480000.00;RUB;0;;;;;;АДМИНИСТРАЦИЯ ТУРУХАНСКОГО МУНИЦИПАЛЬНОГО ОКРУГА;АДМИНИСТРАЦИЯ ТУРУХАНСКОГО МУНИЦИПАЛЬНОГО ОКРУГА;19.02.2026;27.02.2026;Закупка завершена;;;27.02.2026;
44-ФЗ;№0373100078726000107;Электронный аукцион;Поставка расходных медицинских материалов (Лот №50);;'261773301215177330100100650013250244;;;6316065.76;RUB;0;;;;;;"ФЕДЕРАЛЬНОЕ ГОСУДАРСТВЕННОЕ БЮДЖЕТНОЕ НАУЧНОЕ УЧРЕЖДЕНИЕ ""РОССИЙСКИЙ ЦЕНТР НЕВРОЛОГИИ И НЕЙРОНАУК""";"ФЕДЕРАЛЬНОЕ ГОСУДАРСТВЕННОЕ БЮДЖЕТНОЕ НАУЧНОЕ УЧРЕЖДЕНИЕ ""РОССИЙСКИЙ ЦЕНТР НЕВРОЛОГИИ И НЕЙРОНАУК""";17.02.2026;27.02.2026;Закупка завершена;;;26.02.2026;
44-ФЗ;№0187300007826000028;Запрос котировок в электронной форме;"Благоустройство территории набережной ""Отдыха""";;'263860901420586090100100090024299244;;;6731391.37;RUB;0;;;;;;"КАЗЕННОЕ УЧРЕЖДЕНИЕ ""ДИРЕКЦИЯ ЕДИНОГО ЗАКАЗЧИКА ПО ГОРОДСКОМУ ХОЗЯЙСТВУ"" ГОРОДСКОГО ОКРУГА РАДУЖНЫЙ ХАНТЫ-МАНСИЙСКОГО АВТОНОМНОГО ОКРУГА-ЮГРЫ";АДМИНИСТРАЦИЯ ГОРОДА РАДУЖНЫЙ;19.02.2026;27.02.2026;Закупка завершена;;;27.02.2026;
44-ФЗ;№0165200003326000021;Открытый конкурс в электронной форме;Выполнение работ по благоустройству привокзальной площади (сквера) по адресу: Томская область, Молчановский район, с. Молчаново, ул. Димитрова, 80б;;'263701000555470100100100080014399244;;;7494870.33;RUB;0;;;;;;ИСПОЛНИТЕЛЬНО-РАСПОРЯДИТЕЛЬНЫЙ ОРГАН МУНИЦИПАЛЬНОГО ОБРАЗОВАНИЯ МОЛЧАНОВСКОГО СЕЛЬСКОГО ПОСЕЛЕНИЯ - АДМИНИСТРАЦИЯ МОЛЧАНОВСКОГО СЕЛЬСКОГО ПОСЕЛЕНИЯ;ДЕПАРТАМЕНТ ГОСУДАРСТВЕННОГО ЗАКАЗА ТОМСКОЙ ОБЛАСТИ;06.02.2026;27.02.2026;Закупка завершена;;;24.02.2026;
44-ФЗ;№0846600001526000007;Электронный аукцион на проведение работ по строительству, реконструкции, кап. ремонту, сносу объекта кап. строительства в соответствии с п. 8 ч. 1 ст. 33 Закона № 44-ФЗ;Капитальный ремонт фасадов, кровли, входных групп, помещений и внутренних инженерных сетей МБУК «Городской культурно – досуговый центр» г. Чаплыгина Липецкой области;;'263481800324948180100100030014120243;;;76750874.61;RUB;0;;;;;;"МУНИЦИПАЛЬНОЕ БЮДЖЕТНОЕ УЧРЕЖДЕНИЕ КУЛЬТУРЫ ""ГОРОДСКОЙ КУЛЬТУРНО-ДОСУГОВЫЙ ЦЕНТР"" ГОРОДА ЧАПЛЫГИНА ЛИПЕЦКОЙ ОБЛАСТИ";"МУНИЦИПАЛЬНОЕ КАЗЕННОЕ УЧРЕЖДЕНИЕ ""ЦЕНТР ФИНАНСОВЫХ КОМПЕТЕНЦИЙ"" ЧАПЛЫГИНСКОГО МУНИЦИПАЛЬНОГО ОКРУГА ЛИПЕЦКОЙ ОБЛАСТИ";13.02.2026;27.02.2026;Закупка завершена;;;25.02.2026;
44-ФЗ;№0137200001226001044;Электронный аукцион;Поставка лекарственного препарата для медицинского применения (МНН Трастузумаб дерукстекан) (лот 17);;'262402702230540270100102590012120000;;;23394096.00;RUB;0;;;;;;"ГОСУДАРСТВЕННОЕ ПРЕДПРИЯТИЕ КАЛУЖСКОЙ ОБЛАСТИ ""КАЛУГАФАРМАЦИЯ""";МИНИСТЕРСТВО КОНКУРЕНТНОЙ ПОЛИТИКИ КАЛУЖСКОЙ ОБЛАСТИ;18.02.2026;27.02.2026;Закупка завершена;;;27.02.2026;
44-ФЗ;№0132600015226000014;Электронный аукцион;Ремонт автомобильных дорог общего пользования местного значения по ул.Советской, ул.Садовой в с.Сарлей Дальнеконстантиновского муниципального округа Нижегородской области (1 этап);;'263525007750252500100100080014211244;;;6204174.30;RUB;0;;;;;;САРЛЕЙСКИЙ ТЕРРИТОРИАЛЬНЫЙ ОТДЕЛ АДМИНИСТРАЦИИ ДАЛЬНЕКОНСТАНТИНОВСКОГО МУНИЦИПАЛЬНОГО ОКРУГА НИЖЕГОРОДСКОЙ ОБЛАСТИ;АДМИНИСТРАЦИЯ ДАЛЬНЕКОНСТАНТИНОВСКОГО МУНИЦИПАЛЬНОГО ОКРУГА НИЖЕГОРОДСКОЙ ОБЛАСТИ;17.02.2026;27.02.2026;Закупка завершена;;;25.02.2026;
44-ФЗ;№0573500000526000007;Открытый конкурс в электронной форме;Выполнение работ по ремонту подземных инженерных коммуникаций;;'262771903435477300100100090010000000;;;27569988.44;RUB;0;;;;;;"КАЗЕННОЕ ПРЕДПРИЯТИЕ ""МОСКОВСКАЯ ЭНЕРГЕТИЧЕСКАЯ ДИРЕКЦИЯ""";"КАЗЕННОЕ ПРЕДПРИЯТИЕ ""МОСКОВСКАЯ ЭНЕРГЕТИЧЕСКАЯ ДИРЕКЦИЯ""";10.02.2026;27.02.2026;Закупка завершена;;;26.02.2026;
44-ФЗ;№0131300024926000003;Открытый конкурс в электронной форме на проведение работ по строительству, реконструкции, кап. ремонту, сносу объекта кап. строительства в соответствии с п. 8 ч. 1 ст. 33 Закона № 44-ФЗ;Капитальный ремонт здания МБДОУ «Центр развития ребенка-детский сад №7», по адресу: 397600, Воронежская область, Калачеевский район, г. Калач, ул. Карла Маркса, д.11(кровля, отмостка);;'263361000771836100100100090014120243;;;20284000.00;RUB;0;;;;;;"МУНИЦИПАЛЬНОЕ БЮДЖЕТНОЕ ДОШКОЛЬНОЕ ОБРАЗОВАТЕЛЬНОЕ УЧРЕЖДЕНИЕ ""ДЕТСКИЙ САД ""РАЗВИТИЕ"" - ЦЕНТР ПСИХОЛОГО-ПЕДАГОГИЧЕСКОЙ, МЕДИЦИНСКОЙ И СОЦИАЛЬНОЙ ПОМОЩИ КАЛАЧЕЕВСКОГО МУНИЦИПАЛЬНОГО РАЙОНА""";АДМИНИСТРАЦИЯ КАЛАЧЕЕВСКОГО МУНИЦИПАЛЬНОГО РАЙОНА ВОРОНЕЖСКОЙ ОБЛАСТИ;28.01.2026;27.02.2026;Закупка завершена;;;24.02.2026;
44-ФЗ;№0873500001826001902;Электронный аукцион;Аукцион в электронной форме на право заключения контракта на поставку лекарственных препаратов (Иксекизумаб) для обеспечения граждан, имеющих право на получение государственной социальной помощи в городе Москве (УНЗ: Z264240);;'262771433860977344300114880010000323;;;7814218.50;RUB;0;;;;;;"ФИЛИАЛ № 1 ГКУ ""АЗ (КС) ДЗМ""";"ФИЛИАЛ № 1 ГКУ ""АЗ (КС) ДЗМ""";13.02.2026;27.02.2026;Закупка завершена;;;25.02.2026;
44-ФЗ;№0873500002326000029;Электронный аукцион;Поставка и монтаж напольного пурифайера.;;'262775133398377510100100330010000244;;;7394697.57;RUB;0;;;;;;"ГОСУДАРСТВЕННОЕ БЮДЖЕТНОЕ УЧРЕЖДЕНИЕ ГОРОДА МОСКВЫ ""ЦЕНТР ДОСУГА И СПОРТА ТРОИЦКОГО И НОВОМОСКОВСКОГО АДМИНИСТРАТИВНЫХ ОКРУГОВ ГОРОДА МОСКВЫ""";"ГОСУДАРСТВЕННОЕ КАЗЕННОЕ УЧРЕЖДЕНИЕ ГОРОДА МОСКВЫ ""ДИРЕКЦИЯ ЗАКАЗЧИКА ЖИЛИЩНО-КОММУНАЛЬНОГО ХОЗЯЙСТВА И БЛАГОУСТРОЙСТВА ТРОИЦКОГО И НОВОМОСКОВСКОГО АДМИНИСТРАТИВНЫХ ОКРУГОВ""";18.02.2026;27.02.2026;Закупка завершена;;;25.02.2026;
44-ФЗ;№0187300003226000038;Запрос котировок в электронной форме;Приобретение благоустроенного жилого помещения (дома блокированной застройки) в рамках реализации государственной программы Ханты-Мансийского автономного округа - Югры «Об адресной программе Ханты-Мансийского автономного округа – Югры по переселению граждан из аварийного жилищного фонда на 2024 – 2030 годы»;;'263861400165086140100100040186810412;;;8880000.00;RUB;0;;;;;;КОМИТЕТ ПО УПРАВЛЕНИЮ МУНИЦИПАЛЬНОЙ СОБСТВЕННОСТЬЮ АДМИНИСТРАЦИИ ОКТЯБРЬСКОГО РАЙОНА;АДМИНИСТРАЦИЯ ОКТЯБРЬСКОГО РАЙОНА;18.02.2026;27.02.2026;Закупка завершена;;;26.02.2026;
44-ФЗ;№0187300003226000037;Запрос котировок в электронной форме;Приобретение благоустроенного жилого помещения (дома блокированной застройки) в рамках реализации государственной программы Ханты-Мансийского автономного округа - Югры «Об адресной программе Ханты-Мансийского автономного округа – Югры по переселению граждан из аварийного жилищного фонда на 2024 – 2030 годы»;;'263861400165086140100100040176810412;;;8880000.00;RUB;0;;;;;;КОМИТЕТ ПО УПРАВЛЕНИЮ МУНИЦИПАЛЬНОЙ СОБСТВЕННОСТЬЮ АДМИНИСТРАЦИИ ОКТЯБРЬСКОГО РАЙОНА;АДМИНИСТРАЦИЯ ОКТЯБРЬСКОГО РАЙОНА;18.02.2026;27.02.2026;Закупка завершена;;;26.02.2026;
44-ФЗ;№0187300003226000036;Запрос котировок в электронной форме;Приобретение благоустроенного жилого помещения (дома блокированной застройки) в рамках реализации государственной программы Ханты-Мансийского автономного округа - Югры «Об адресной программе Ханты-Мансийского автономного округа – Югры по переселению граждан из аварийного жилищного фонда на 2024 – 2030 годы»;;'263861400165086140100100040166810412;;;8880000.00;RUB;0;;;;;;КОМИТЕТ ПО УПРАВЛЕНИЮ МУНИЦИПАЛЬНОЙ СОБСТВЕННОСТЬЮ АДМИНИСТРАЦИИ ОКТЯБРЬСКОГО РАЙОНА;АДМИНИСТРАЦИЯ ОКТЯБРЬСКОГО РАЙОНА;18.02.2026;27.02.2026;Закупка завершена;;;26.02.2026;
44-ФЗ;№0187300003226000034;Запрос котировок в электронной форме;Приобретение благоустроенного жилого помещения (дома блокированной застройки) в рамках реализации государственной программы Ханты-Мансийского автономного округа - Югры «Об адресной программе Ханты-Мансийского автономного округа – Югры по переселению граждан из аварийного жилищного фонда на 2024 – 2030 годы»;;'263861400165086140100100040146810412;;;8880000.00;RUB;0;;;;;;КОМИТЕТ ПО УПРАВЛЕНИЮ МУНИЦИПАЛЬНОЙ СОБСТВЕННОСТЬЮ АДМИНИСТРАЦИИ ОКТЯБРЬСКОГО РАЙОНА;АДМИНИСТРАЦИЯ ОКТЯБРЬСКОГО РАЙОНА;18.02.2026;27.02.2026;Закупка завершена;;;26.02.2026;
44-ФЗ;№0187300003226000035;Запрос котировок в электронной форме;Приобретение благоустроенного жилого помещения (дома блокированной застройки) в рамках реализации государственной программы Ханты-Мансийского автономного округа - Югры «Об адресной программе Ханты-Мансийского автономного округа – Югры по переселению граждан из аварийного жилищного фонда на 2024 – 2030 годы»;;'263861400165086140100100040156810412;;;8880000.00;RUB;0;;;;;;КОМИТЕТ ПО УПРАВЛЕНИЮ МУНИЦИПАЛЬНОЙ СОБСТВЕННОСТЬЮ АДМИНИСТРАЦИИ ОКТЯБРЬСКОГО РАЙОНА;АДМИНИСТРАЦИЯ ОКТЯБРЬСКОГО РАЙОНА;18.02.2026;27.02.2026;Закупка завершена;;;26.02.2026;
44-ФЗ;№0373100086926000091;Электронный аукцион;Поставка лекарственного препарата для медицинского применения МНН БОТУЛИНИЧЕСКИЙ ТОКСИН ТИПА А ;;'261773458113677340100100090870000244;;;17933105.00;RUB;0;;;;;;"ФЕДЕРАЛЬНОЕ ГОСУДАРСТВЕННОЕ БЮДЖЕТНОЕ УЧРЕЖДЕНИЕ ""ГОСУДАРСТВЕННЫЙ НАУЧНЫЙ ЦЕНТР РОССИЙСКОЙ ФЕДЕРАЦИИ - ФЕДЕРАЛЬНЫЙ МЕДИЦИНСКИЙ БИОФИЗИЧЕСКИЙ ЦЕНТР ИМЕНИ А.И. БУРНАЗЯНА""";"ФЕДЕРАЛЬНОЕ ГОСУДАРСТВЕННОЕ БЮДЖЕТНОЕ УЧРЕЖДЕНИЕ ""ГОСУДАРСТВЕННЫЙ НАУЧНЫЙ ЦЕНТР РОССИЙСКОЙ ФЕДЕРАЦИИ - ФЕДЕРАЛЬНЫЙ МЕДИЦИНСКИЙ БИОФИЗИЧЕСКИЙ ЦЕНТР ИМЕНИ А.И. БУРНАЗЯНА""";19.02.2026;27.02.2026;Закупка завершена;;;27.02.2026;
44-ФЗ;№0269100000226000013;Электронный аукцион;Оказание услуги по санаторно-курортному лечению в 2026 году детям-инвалидам по профилям заболевания – педиатрия, терапия, болезни системы кровообращения, болезни нервной системы, болезни органов пищеварения, болезни костно-мышечной системы и соединительной ткани, болезни уха и сосцевидного отростка, болезни эндокринной системы, болезни мочеполовой системы, болезни органов дыхания, болезни глаза и его придаточного аппарата и сопровождающим их лицам;;'261745304082274530100101170018690323;;;9637702.20;RUB;0;;;;;;ОТДЕЛЕНИЕ ФОНДА ПЕНСИОННОГО И СОЦИАЛЬНОГО СТРАХОВАНИЯ РОССИЙСКОЙ ФЕДЕРАЦИИ ПО ЧЕЛЯБИНСКОЙ ОБЛАСТИ;ОТДЕЛЕНИЕ ФОНДА ПЕНСИОННОГО И СОЦИАЛЬНОГО СТРАХОВАНИЯ РОССИЙСКОЙ ФЕДЕРАЦИИ ПО ЧЕЛЯБИНСКОЙ ОБЛАСТИ;17.02.2026;27.02.2026;Закупка завершена;;;27.02.2026;
44-ФЗ;№0387200009126000399;Электронный аукцион;Поставка лекарственного препарата для медицинского применения Фентанил для обеспечения отдельных категорий граждан, проживающих на территории Ханты-Мансийского автономного округа – Югры и страдающих некоторыми видами заболеваний, при лечении которых лекарственные средства, медицинские изделия и специализированные продукты лечебного питания предоставляются по рецептам  за счет средств бюджета автономного округа  в 2026 году;;'262860103583886020100100600342120323;;;11917709.00;RUB;0;;;;;;"КАЗЕННОЕ УЧРЕЖДЕНИЕ ХАНТЫ-МАНСИЙСКОГО АВТОНОМНОГО ОКРУГА - ЮГРЫ ""ЦЕНТР ЛЕКАРСТВЕННОГО МОНИТОРИНГА""";"КАЗЕННОЕ УЧРЕЖДЕНИЕ ХАНТЫ-МАНСИЙСКОГО АВТОНОМНОГО ОКРУГА - ЮГРЫ ""ЦЕНТР ЛЕКАРСТВЕННОГО МОНИТОРИНГА""";17.02.2026;27.02.2026;Закупка завершена;;;26.02.2026;
44-ФЗ;№0216100000226000052;Электронный аукцион;Оказание услуг по санаторно-курортному лечению граждан-получателей набора социальных услуг (взрослые) в 2026 году в санаторно-курортных учреждениях, расположенных в г. Якутске по профилю «Болезни костно-мышечной системы и соединительной ткани».;;'261143500470014350100102020018690323;;;11769937.20;RUB;0;;;;;;ОТДЕЛЕНИЕ ФОНДА ПЕНСИОННОГО И СОЦИАЛЬНОГО СТРАХОВАНИЯ РОССИЙСКОЙ ФЕДЕРАЦИИ ПО РЕСПУБЛИКЕ САХА (ЯКУТИЯ);ОТДЕЛЕНИЕ ФОНДА ПЕНСИОННОГО И СОЦИАЛЬНОГО СТРАХОВАНИЯ РОССИЙСКОЙ ФЕДЕРАЦИИ ПО РЕСПУБЛИКЕ САХА (ЯКУТИЯ);17.02.2026;27.02.2026;Закупка завершена;;;27.02.2026;
44-ФЗ;№0816500000626002125;Электронный аукцион;Оказание авиационных услуг;;'262143518405914350100100020285223244;;;17548256.00;RUB;0;;;;;;"ГОСУДАРСТВЕННОЕ БЮДЖЕТНОЕ УЧРЕЖДЕНИЕ РЕСПУБЛИКИ САХА (ЯКУТИЯ) ""ЯКУТСКАЯ БАЗА АВИАЦИОННОЙ ОХРАНЫ ЛЕСОВ""";"ГОСУДАРСТВЕННОЕ КАЗЕННОЕ УЧРЕЖДЕНИЕ РЕСПУБЛИКИ САХА (ЯКУТИЯ) ""ЦЕНТР ЗАКУПОК РЕСПУБЛИКИ САХА (ЯКУТИЯ)""";19.02.2026;27.02.2026;Закупка завершена;;;27.02.2026;
44-ФЗ;№0387200009126000451;Электронный аукцион;Поставка лекарственного препарата для медицинского применения Инсулин аспарт для обеспечения отдельных категорий граждан, проживающих на территории Ханты-Мансийского автономного округа – Югры и страдающих некоторыми видами заболеваний, при лечении которых лекарственные средства, медицинские изделия и специализированные продукты лечебного питания предоставляются по рецептам за счет средств бюджета автономного округа в 2026 году;;'262860103583886020100100600302120323;;;16339158.00;RUB;0;;;;;;"КАЗЕННОЕ УЧРЕЖДЕНИЕ ХАНТЫ-МАНСИЙСКОГО АВТОНОМНОГО ОКРУГА - ЮГРЫ ""ЦЕНТР ЛЕКАРСТВЕННОГО МОНИТОРИНГА""";"КАЗЕННОЕ УЧРЕЖДЕНИЕ ХАНТЫ-МАНСИЙСКОГО АВТОНОМНОГО ОКРУГА - ЮГРЫ ""ЦЕНТР ЛЕКАРСТВЕННОГО МОНИТОРИНГА""";18.02.2026;27.02.2026;Закупка завершена;;;26.02.2026;
44-ФЗ;№0869200000226001069;Электронный аукцион;Оказание услуги по подаче сигнала для проведения видеомониторинга пожарной опасности в лесах на территории Челябинской области (оказание услуги по техническому сопровождению системы дистанционного мониторинга и раннего обнаружения лесных пожаров);;'262745317187174530100100170018020242;;;16291329.95;RUB;0;;;;;;ГЛАВНОЕ УПРАВЛЕНИЕ ЛЕСАМИ ЧЕЛЯБИНСКОЙ ОБЛАСТИ;"ГОСУДАРСТВЕННОЕ КАЗЕННОЕ УЧРЕЖДЕНИЕ ""ЦЕНТР ОРГАНИЗАЦИИ ЗАКУПОК ЧЕЛЯБИНСКОЙ ОБЛАСТИ""";19.02.2026;27.02.2026;Закупка завершена;;;27.02.2026;
44-ФЗ;№0360600004526000024;Электронный аукцион;Оказание услуг по аренде транспортных средств с водителем;;'263645214885364520100100320014941244;;;10000000.00;RUB;0;;;;;;"МУНИЦИПАЛЬНОЕ БЮДЖЕТНОЕ УЧРЕЖДЕНИЕ ""СЛУЖБА БЛАГОУСТРОЙСТВА  КИРОВСКОГО РАЙОНА""";"МУНИЦИПАЛЬНОЕ БЮДЖЕТНОЕ УЧРЕЖДЕНИЕ ""СЛУЖБА БЛАГОУСТРОЙСТВА  КИРОВСКОГО РАЙОНА""";18.02.2026;27.02.2026;Закупка завершена;;;26.02.2026;
44-ФЗ;№0351100006626000017;Электронный аукцион;Поставка медицинских изделий для хирургических вмешательств;;'261540623480254060100100360013250244;;;5272325.00;RUB;0;;;;;;"ФЕДЕРАЛЬНОЕ ГОСУДАРСТВЕННОЕ БЮДЖЕТНОЕ УЧРЕЖДЕНИЕ ЗДРАВООХРАНЕНИЯ ""СИБИРСКИЙ ОКРУЖНОЙ МЕДИЦИНСКИЙ ЦЕНТР ФЕДЕРАЛЬНОГО МЕДИКО-БИОЛОГИЧЕСКОГО АГЕНТСТВА""";"ФЕДЕРАЛЬНОЕ ГОСУДАРСТВЕННОЕ БЮДЖЕТНОЕ УЧРЕЖДЕНИЕ ЗДРАВООХРАНЕНИЯ ""СИБИРСКИЙ ОКРУЖНОЙ МЕДИЦИНСКИЙ ЦЕНТР ФЕДЕРАЛЬНОГО МЕДИКО-БИОЛОГИЧЕСКОГО АГЕНТСТВА""";18.02.2026;27.02.2026;Закупка завершена;;;26.02.2026;
44-ФЗ;№0817200000326001228;Электронный аукцион;Поставка медицинских изделий в 2026-2027 годах (Лот 9.1);;'262222401314422240100102160150000244;;;10788500.00;RUB;0;;;;;;"КРАЕВОЕ ГОСУДАРСТВЕННОЕ БЮДЖЕТНОЕ УЧРЕЖДЕНИЕ ЗДРАВООХРАНЕНИЯ ""КРАЕВАЯ КЛИНИЧЕСКАЯ БОЛЬНИЦА СКОРОЙ МЕДИЦИНСКОЙ ПОМОЩИ""";"КРАЕВОЕ ГОСУДАРСТВЕННОЕ КАЗЕННОЕ УЧРЕЖДЕНИЕ ""ЦЕНТР ГОСУДАРСТВЕННЫХ ЗАКУПОК АЛТАЙСКОГО КРАЯ""";16.02.2026;27.02.2026;Закупка завершена;;;27.02.2026;
44-ФЗ;№0169300000326000126;Электронный аукцион на проведение работ по строительству, реконструкции, кап. ремонту, сносу объекта кап. строительства в соответствии с п. 8 ч. 1 ст. 33 Закона № 44-ФЗ;"Выполнение работ по объекту: ""Строительство автодороги по ул. Радужная в части пересечения с просп. Карла Маркса в г. Магнитогорске, Челябинской области""";;'263741400667374550100101380014211414;;;60418677.49;RUB;0;;;;;;"МУНИЦИПАЛЬНОЕ КАЗЕННОЕ УЧРЕЖДЕНИЕ ""УПРАВЛЕНИЕ КАПИТАЛЬНОГО СТРОИТЕЛЬСТВА""";АДМИНИСТРАЦИЯ ГОРОДА МАГНИТОГОРСКА;13.02.2026;27.02.2026;Закупка завершена;;;26.02.2026;
44-ФЗ;№0187300003526000026;Открытый конкурс в электронной форме;Оказание услуг по организации летнего отдыха, оздоровления детей в детском оздоровительном центре Кондинского района Ханты-Мансийского автономного округа – Югры;;'263861600157486160100100090018690244;;;6346332.72;RUB;0;;;;;;УПРАВЛЕНИЕ ОБРАЗОВАНИЯ АДМИНИСТРАЦИИ КОНДИНСКОГО РАЙОНА;АДМИНИСТРАЦИЯ КОНДИНСКОГО РАЙОНА;09.02.2026;27.02.2026;Закупка завершена;;;26.02.2026;
44-ФЗ;№0187300003526000025;Открытый конкурс в электронной форме;Оказание услуг по организации летнего отдыха, оздоровления детей в детском оздоровительном центре Кондинского района Ханты-Мансийского автономного округа – Югры;;'263861600157486160100100060018690244;;;12692665.44;RUB;0;;;;;;УПРАВЛЕНИЕ ОБРАЗОВАНИЯ АДМИНИСТРАЦИИ КОНДИНСКОГО РАЙОНА;АДМИНИСТРАЦИЯ КОНДИНСКОГО РАЙОНА;09.02.2026;27.02.2026;Закупка завершена;;;26.02.2026;
44-ФЗ;№0373200067026000118;Электронный аукцион;"Электронный аукцион на поставку лекарственных препаратов ЛC-31_26 (повторный ЛС-6_26 Пропофол) для ГБУЗ ""НИИ СП им. Н. В. Склифосовского ДЗМ"" в 2026 году.";;'262770203632177020100101450010000244;;;8924550.00;RUB;0;;;;;;"ГОСУДАРСТВЕННОЕ БЮДЖЕТНОЕ УЧРЕЖДЕНИЕ ЗДРАВООХРАНЕНИЯ ГОРОДА МОСКВЫ ""НАУЧНО-ИССЛЕДОВАТЕЛЬСКИЙ ИНСТИТУТ СКОРОЙ ПОМОЩИ ИМ. Н.В. СКЛИФОСОВСКОГО ДЕПАРТАМЕНТА ЗДРАВООХРАНЕНИЯ ГОРОДА МОСКВЫ""";"ГОСУДАРСТВЕННОЕ БЮДЖЕТНОЕ УЧРЕЖДЕНИЕ ЗДРАВООХРАНЕНИЯ ГОРОДА МОСКВЫ ""НАУЧНО-ИССЛЕДОВАТЕЛЬСКИЙ ИНСТИТУТ СКОРОЙ ПОМОЩИ ИМ. Н.В. СКЛИФОСОВСКОГО ДЕПАРТАМЕНТА ЗДРАВООХРАНЕНИЯ ГОРОДА МОСКВЫ""";17.02.2026;27.02.2026;Закупка завершена;;;25.02.2026;
44-ФЗ;№0351200003326000348;Запрос котировок в электронной форме;2026-№339 Поставка лекарственных препаратов для медицинского применения: Фиразир;;'262540215512354020100100150110000244;;;33234001.74;RUB;0;;;;;;"ГОСУДАРСТВЕННОЕ КАЗЕННОЕ УЧРЕЖДЕНИЕ НОВОСИБИРСКОЙ ОБЛАСТИ ""НОВОСИБОБЛФАРМ""";"ГОСУДАРСТВЕННОЕ КАЗЕННОЕ УЧРЕЖДЕНИЕ НОВОСИБИРСКОЙ ОБЛАСТИ ""НОВОСИБОБЛФАРМ""";19.02.2026;27.02.2026;Закупка завершена;;;27.02.2026;
44-ФЗ;№0820500000826000537;Электронный аукцион;Лекарственные препараты: ДАПАГЛИФЛОЗИН  в пользу граждан в целях их социального обеспечения;;'262254001845425400100100130010000323;;;65103500.00;RUB;0;;;;;;МИНИСТЕРСТВО ЗДРАВООХРАНЕНИЯ ПРИМОРСКОГО КРАЯ;"КРАЕВОЕ ГОСУДАРСТВЕННОЕ КАЗЕННОЕ УЧРЕЖДЕНИЕ ""ЦЕНТР ГОСУДАРСТВЕННЫХ ЗАКУПОК ПРИМОРСКОГО КРАЯ""";17.02.2026;27.02.2026;Закупка завершена;;;27.02.2026;
44-ФЗ;№0869200000226001062;Запрос котировок в электронной форме;на поставку лекарственного препарата для медицинского применения – ФЕНТАНИЛ в рамках развития паллиативной медицинской помощи;;'262745313582774530100100030090000323;;;5036900.00;RUB;0;;;;;;МИНИСТЕРСТВО ЗДРАВООХРАНЕНИЯ ЧЕЛЯБИНСКОЙ ОБЛАСТИ;"ГОСУДАРСТВЕННОЕ КАЗЕННОЕ УЧРЕЖДЕНИЕ ""ЦЕНТР ОРГАНИЗАЦИИ ЗАКУПОК ЧЕЛЯБИНСКОЙ ОБЛАСТИ""";19.02.2026;27.02.2026;Закупка завершена;;;27.02.2026;
44-ФЗ;№0187300004526000020;Электронный аукцион;Выполнение работ по нанесению горизонтальной разметки покрытия автомобильных дорог города Мегиона и поселка городского типа Высокий;;'263860501562486050100100820014211244;;;15972400.00;RUB;0;;;;;;"МУНИЦИПАЛЬНОЕ КАЗЕННОЕ УЧРЕЖДЕНИЕ ""УПРАВЛЕНИЕ КАПИТАЛЬНОГО СТРОИТЕЛЬСТВА""";АДМИНИСТРАЦИЯ ГОРОДА МЕГИОНА;13.02.2026;27.02.2026;Закупка завершена;;;26.02.2026;
44-ФЗ;№0351200003326000346;Запрос котировок в электронной форме;2026-№353 Поставка лекарственных препаратов для медицинского применения: Энплейт;;'262540215512354020100100150130000244;;;39839423.51;RUB;0;;;;;;"ГОСУДАРСТВЕННОЕ КАЗЕННОЕ УЧРЕЖДЕНИЕ НОВОСИБИРСКОЙ ОБЛАСТИ ""НОВОСИБОБЛФАРМ""";"ГОСУДАРСТВЕННОЕ КАЗЕННОЕ УЧРЕЖДЕНИЕ НОВОСИБИРСКОЙ ОБЛАСТИ ""НОВОСИБОБЛФАРМ""";19.02.2026;27.02.2026;Закупка завершена;;;27.02.2026;
44-ФЗ;№0817200000326001260;Электронный аукцион;Поставка медицинских изделий в 2026-2027 годах (Лот 5);;'262222401314422240100102160070000244;;;40000000.00;RUB;0;;;;;;"КРАЕВОЕ ГОСУДАРСТВЕННОЕ БЮДЖЕТНОЕ УЧРЕЖДЕНИЕ ЗДРАВООХРАНЕНИЯ ""КРАЕВАЯ КЛИНИЧЕСКАЯ БОЛЬНИЦА СКОРОЙ МЕДИЦИНСКОЙ ПОМОЩИ""";"КРАЕВОЕ ГОСУДАРСТВЕННОЕ КАЗЕННОЕ УЧРЕЖДЕНИЕ ""ЦЕНТР ГОСУДАРСТВЕННЫХ ЗАКУПОК АЛТАЙСКОГО КРАЯ""";18.02.2026;27.02.2026;Закупка завершена;;;27.02.2026;
44-ФЗ;№0153100001426000007;Электронный аукцион на проведение работ по строительству, реконструкции, кап. ремонту, сносу объекта кап. строительства в соответствии с п. 8 ч. 1 ст. 33 Закона № 44-ФЗ;Выполнение работ по капитальному ремонту и реставрации крыши здания, расположенного по адресу: Оренбургская область, г. Оренбург, ул. Пушкинская/Кобозева, д. 10/29 (сохранение объекта культурного наследия);;'261561008449856100100100120014120243;;;13468670.00;RUB;0;;;;;;УПРАВЛЕНИЕ ФЕДЕРАЛЬНОЙ СЛУЖБЫ ГОСУДАРСТВЕННОЙ РЕГИСТРАЦИИ, КАДАСТРА И КАРТОГРАФИИ ПО ОРЕНБУРГСКОЙ ОБЛАСТИ;УПРАВЛЕНИЕ ФЕДЕРАЛЬНОЙ СЛУЖБЫ ГОСУДАРСТВЕННОЙ РЕГИСТРАЦИИ, КАДАСТРА И КАРТОГРАФИИ ПО ОРЕНБУРГСКОЙ ОБЛАСТИ;19.02.2026;27.02.2026;Закупка завершена;;;27.02.2026;
44-ФЗ;№0277100000126000008;Открытый конкурс в электронной форме;Выполнение работ в целях социального обеспечения получателя протезом нижней конечности;;'261040000029104110100100080013250323;;;6452171.00;RUB;0;;;;;;ОТДЕЛЕНИЕ ФОНДА ПЕНСИОННОГО И СОЦИАЛЬНОГО СТРАХОВАНИЯ РОССИЙСКОЙ ФЕДЕРАЦИИ ПО РЕСПУБЛИКЕ АЛТАЙ;ОТДЕЛЕНИЕ ФОНДА ПЕНСИОННОГО И СОЦИАЛЬНОГО СТРАХОВАНИЯ РОССИЙСКОЙ ФЕДЕРАЦИИ ПО РЕСПУБЛИКЕ АЛТАЙ;04.02.2026;27.02.2026;Закупка завершена;;;24.02.2026;
44-ФЗ;№0869200000226000827;Электронный аукцион;Капитальный ремонт пожарной сигнализации, системы оповещения и управления эвакуацией, в помещениях спального корпуса и столовой.;;'262745300612374530100100730014120243;;;5868851.24;RUB;0;;;;;;"ГОСУДАРСТВЕННОЕ БЮДЖЕТНОЕ УЧРЕЖДЕНИЕ ЗДРАВООХРАНЕНИЯ ""ЧЕЛЯБИНСКИЙ ОБЛАСТНОЙ КЛИНИЧЕСКИЙ  ПРОТИВОТУБЕРКУЛЕЗНЫЙ ДИСПАНСЕР""";"ГОСУДАРСТВЕННОЕ КАЗЕННОЕ УЧРЕЖДЕНИЕ ""ЦЕНТР ОРГАНИЗАЦИИ ЗАКУПОК ЧЕЛЯБИНСКОЙ ОБЛАСТИ""";16.02.2026;27.02.2026;Закупка завершена;;;26.02.2026;
44-ФЗ;№0869300001626000018;Электронный аукцион;Восстановление оснований и покрытий из песчано-щебеночной смеси на участке автомобильной дороги по ул. Космонавтов в с. Миасское Красноармейского округа Челябинской области ;;'263743001376674300100100020070000244;;;6215217.89;RUB;0;;;;;;УПРАВЛЕНИЕ СТРОИТЕЛЬСТВА И ИНЖЕНЕРНОЙ ИНФРАСТРУКТУРЫ АДМИНИСТРАЦИИ КРАСНОАРМЕЙСКОГО МУНИЦИПАЛЬНОГО ОКРУГА;УПРАВЛЕНИЕ СТРОИТЕЛЬСТВА И ИНЖЕНЕРНОЙ ИНФРАСТРУКТУРЫ АДМИНИСТРАЦИИ КРАСНОАРМЕЙСКОГО МУНИЦИПАЛЬНОГО ОКРУГА;17.02.2026;27.02.2026;Закупка завершена;;;25.02.2026;
44-ФЗ;№0338300036826000012;Электронный аукцион;Приобретение мобильных (модульных) комплексов для хранения (вскрытий, осмотров) трупов в отдаленных и труднодоступных районах Камчатского края;;'262820100010082010100101970022511612;;;20940000.00;RUB;0;;;;;;"ГОСУДАРСТВЕННОЕ БЮДЖЕТНОЕ УЧРЕЖДЕНИЕ ЗДРАВООХРАНЕНИЯ КАМЧАТСКОГО КРАЯ ""ОЛЮТОРСКАЯ РАЙОННАЯ БОЛЬНИЦА""";"ГОСУДАРСТВЕННОЕ БЮДЖЕТНОЕ УЧРЕЖДЕНИЕ ЗДРАВООХРАНЕНИЯ КАМЧАТСКОГО КРАЯ ""ОЛЮТОРСКАЯ РАЙОННАЯ БОЛЬНИЦА""";19.02.2026;27.02.2026;Закупка завершена;;;27.02.2026;
44-ФЗ;№0356500001426000472;Открытый конкурс в электронной форме в соответствии со ст. 111.4 Закона № 44-ФЗ;Поставка лекарственного препарата, предусматривающая встречные инвестиционные обязательства поставщика по созданию и (или) модернизации и (или) освоению производства такого лекарственного препарата на территории Пермского края;;262591821467959180100100260010000244, 262590704264359070100100110010000244, 262590410132259060100100080010000244, 262598100788559810100100140010000244, 262593200002059470100100050010000244, 262591602961759160100100210010000244, 262590506157759050100100270010000244, 262591902821059190100100140010000244, 262592004644659200100100620010000244, 262594950003859330100100050010000244, 262590500335059050100100410010000244, 262595100146059510100100100010000244, 262595701890359570100100550010000244, 262590807860359080100100360010000244, 262593000255059300100100020010000244, 262590705348359070100100030010000244, 262591108100359110100100190010000244, 262594805842759480100100240010000244, 262590229047359020100101010010000244, 262591603241959160100100160010000244, 262590505918359050100100230010000244, 262594402010159440100100130010000244, 262591700452759170100100130010000244, 262591420230559140100100030010000244, 262590506107059050100100500010000244, 262590615288359060100100050010000244, 262590426206259480100100100010000244, 262594303002659430100100060010000244, 262594100054859190100100190010000244, 262593900035759390100100030010000244, 262595500004059470100100100010000244, 262592103592059210100100460010000244, 262593700085959330100100160010000244, 262593318033659330100100140010000244, 262590229228759040100100210010000244, 262590300407659030100100420010000244, 262598100789259810100100360010000244, 262594700117859470100100100010000244;;;264840400.00;RUB;0;;;;;;;"ГОСУДАРСТВЕННОЕ КАЗЕННОЕ УЧРЕЖДЕНИЕ ПЕРМСКОГО КРАЯ ""ЦЕНТР ОРГАНИЗАЦИИ ЗАКУПОК""";09.02.2026;27.02.2026;Закупка завершена;;;25.02.2026;
44-ФЗ;№2073400000726000001;Открытый конкурс в электронной форме для заключения договора на проведение аудита бухгалтерской (финансовой) отчетности (согласно ч. 4 ст. 5 Федерального закона от 30.12.2008г. № 307-ФЗ);Оказание услуг по проведению аудита бухгалтерской (финансовой) отчетности АО «КРДВ», подготовленной в соответствии с Российскими стандартами бухгалтерского учета, и аудита консолидированной финансовой отчетности Группы АО «КРДВ», подготовленной в соответствии с Международными стандартами финансовой отчетности, за 2026, 2027, 2028 годы;;;;;23068333.33;RUB;0;;;;;;"АКЦИОНЕРНОЕ ОБЩЕСТВО ""КОРПОРАЦИЯ РАЗВИТИЯ ДАЛЬНЕГО ВОСТОКА И АРКТИКИ""";"АКЦИОНЕРНОЕ ОБЩЕСТВО ""КОРПОРАЦИЯ РАЗВИТИЯ ДАЛЬНЕГО ВОСТОКА И АРКТИКИ""";05.02.2026;27.02.2026;Закупка завершена;;;24.02.2026;
44-ФЗ;№0801600004926000003;Электронный аукцион;Поставка горюче-смазочных материалов по пластиковым картам.;;263023200379502320100100060011920244, 263023200345002320100100040011920244, 263023200260002320100100050011920244, 263023200368202320100100040011920244, 263023200308002320100100040011920244, 263023200365002320100100040011920244, 263023200380502320100100040011920244, 263023200349902320100100070011920244, 263023200348102320100100050011920244, 263023200347402320100100040011920244, 263023200366802320100100060011920244, 263023200381202320100100040011920244, 263023200443902320100100060011920244, 263023200346702320100100070011920244;;;6634008.30;RUB;0;;;;;;;"МУНИЦИПАЛЬНОЕ КАЗЕННОЕ УЧРЕЖДЕНИЕ ""ЦЕНТР БУХГАЛТЕРСКОГО УЧЕТА И ОТЧЕТНОСТИ""";18.02.2026;27.02.2026;Закупка завершена;;;26.02.2026;
44-ФЗ;№0161300000126000079;Запрос котировок в электронной форме;Поставка контейнеров для сбора твердых коммунальных отходов;;'263650117204065010100100370012920244;;;5017800.60;RUB;0;;;;;;ДЕПАРТАМЕНТ ГОРОДСКОГО ХОЗЯЙСТВА АДМИНИСТРАЦИИ ГОРОДА ЮЖНО-САХАЛИНСКА;АДМИНИСТРАЦИЯ ГОРОДА ЮЖНО-САХАЛИНСКА;17.02.2026;27.02.2026;Закупка завершена;;;26.02.2026;
44-ФЗ;№0843500000226000546;Электронный аукцион;Выполнение работ по устройству пожарных резервуаров на территории города Кургана;;'263450102246845010100100160014322244;;;27292825.27;RUB;0;;;;;;"МУНИЦИПАЛЬНОЕ КАЗЕННОЕ УЧРЕЖДЕНИЕ ""УПРАВЛЕНИЕ ПО ДЕЛАМ ГРАЖДАНСКОЙ ОБОРОНЫ И ЧРЕЗВЫЧАЙНЫМ СИТУАЦИЯМ ГОРОДА КУРГАНА""";"ГОСУДАРСТВЕННОЕ КАЗЕННОЕ УЧРЕЖДЕНИЕ ""ЦЕНТР ЗАКУПОК И БУХГАЛТЕРСКОГО УЧЕТА КУРГАНСКОЙ ОБЛАСТИ""";17.02.2026;27.02.2026;Закупка завершена;;;27.02.2026;
44-ФЗ;№0123300008226000023;Открытый конкурс в электронной форме на проведение работ по строительству, реконструкции, кап. ремонту, сносу объекта кап. строительства в соответствии с п. 8 ч. 1 ст. 33 Закона № 44-ФЗ;Выполнение работ по капитальному ремонту тепловых сетей и ГВС в квартале 408 от ТК-206М до ТК-201М;;'263280113022028010100100180014221243;;;74634448.38;RUB;0;;;;;;"МУНИЦИПАЛЬНОЕ УЧРЕЖДЕНИЕ ""ГОРОДСКОЕ УПРАВЛЕНИЕ КАПИТАЛЬНОГО СТРОИТЕЛЬСТВА""";АДМИНИСТРАЦИЯ ГОРОДА БЛАГОВЕЩЕНСКА;09.02.2026;27.02.2026;Закупка завершена;;;25.02.2026;
44-ФЗ;№1020300000526000003;Открытый конкурс в электронной форме;"Выполнение работ по благоустройству "" Композиция смыслов: природа, форма, будущее. Благоустройство центральной площади города Уссурийск"" 2 этап (изготовление поставка и установка малых архитектурных форм (МАФ)) (далее – объект), в рамках реализации муниципальной программы «Формирование современной городской среды Уссурийского городского округа» на 2018-2030 годы, п 2. Благоустройство общественных территорий УГО ПК, п.2.1 Благоустройство общественных территорий победителей Всероссийского конкурса лучших проектов создания комфортной городской среды.";;'263251105391225110100100130014399244;;;60371425.28;RUB;0;;;;;;"МУНИЦИПАЛЬНОЕ КАЗЕННОЕ УЧРЕЖДЕНИЕ ""ДИРЕКЦИЯ ПАРКОВ И СКВЕРОВ"" УССУРИЙСКОГО ГОРОДСКОГО ОКРУГА ПРИМОРСКОГО КРАЯ";"МУНИЦИПАЛЬНОЕ КАЗЕННОЕ УЧРЕЖДЕНИЕ ""ДИРЕКЦИЯ ПАРКОВ И СКВЕРОВ"" УССУРИЙСКОГО ГОРОДСКОГО ОКРУГА ПРИМОРСКОГО КРАЯ";10.02.2026;27.02.2026;Закупка завершена;;;26.02.2026;
44-ФЗ;№0122200002526000309;Электронный аукцион на проведение работ по строительству, реконструкции, кап. ремонту, сносу объекта кап. строительства в соответствии с п. 8 ч. 1 ст. 33 Закона № 44-ФЗ;"Выполнение работ по капитальному ремонту объекта ""Автомобильная дорога ""Обход пос. Красная Речка – с. Казакевичево"" на участке км 0+000 – км 0+928 (подъезд №1)""";;'262272108650527220100100310014211243;;;89965304.98;RUB;0;;;;;;"КРАЕВОЕ ГОСУДАРСТВЕННОЕ КАЗЁННОЕ УЧРЕЖДЕНИЕ ""ХАБАРОВСКОЕ УПРАВЛЕНИЕ АВТОМОБИЛЬНЫХ ДОРОГ""";КОМИТЕТ ГОСУДАРСТВЕННОГО ЗАКАЗА ПРАВИТЕЛЬСТВА ХАБАРОВСКОГО КРАЯ;12.02.2026;27.02.2026;Закупка завершена;;;25.02.2026;
44-ФЗ;№0801500001126000163;Электронный аукцион;Оказание услуг по адаптации и сопровождению экземпляров системы «КонсультантПлюс» на основе специального лицензионного сервисного программного обеспечения, обеспечивающего совместимость с имеющимися у Заказчика экземплярами системы «КонсультантПлюс» и специальной копией системы «КонсультантПлюс»;;'262027491486302740100100130016209242;;;7257996.00;RUB;0;;;;;;"ГОСУДАРСТВЕННОЕ КАЗЕННОЕ УЧРЕЖДЕНИЕ РЕСПУБЛИКИ БАШКОРТОСТАН ""ИНФОРМАЦИОННЫЕ ТЕХНОЛОГИИ""";"ГОСУДАРСТВЕННОЕ КАЗЕННОЕ УЧРЕЖДЕНИЕ РЕСПУБЛИКИ БАШКОРТОСТАН ""РЕСПУБЛИКАНСКИЙ ЦЕНТР ТОРГОВ""";19.02.2026;27.02.2026;Закупка завершена;;;27.02.2026;
44-ФЗ;№0139300012126000028;Электронный аукцион на проведение работ по строительству, реконструкции, кап. ремонту, сносу объекта кап. строительства в соответствии с п. 8 ч. 1 ст. 33 Закона № 44-ФЗ;Капитальный ремонт здания Муниципальное бюджетное общеобразовательное учреждение Киселевского городского округа «Основная общеобразовательная школа № 33» в части внутреннего электроосвещения по адресу: Российская Федерация, Кемеровская область-Кузбасс, г. Киселевск, ул. Студенческая,18/3;;'263421100801342110100100090014321243;;;11123209.05;RUB;0;;;;;;УПРАВЛЕНИЕ ОБРАЗОВАНИЯ КИСЕЛЕВСКОГО ГОРОДСКОГО ОКРУГА;АДМИНИСТРАЦИЯ КИСЕЛЕВСКОГО ГОРОДСКОГО ОКРУГА;18.02.2026;27.02.2026;Закупка завершена;;;26.02.2026;
44-ФЗ;№0169300000326000159;Электронный аукцион;Приобретение жилья для граждан, проживающих в жилищном фонде, признанном аварийным и подлежащем сносу;;'263745605172774560100101100016810412;;;5896598.40;RUB;0;;;;;;КОМИТЕТ ПО УПРАВЛЕНИЮ ИМУЩЕСТВОМ И ЗЕМЕЛЬНЫМИ ОТНОШЕНИЯМИ АДМИНИСТРАЦИИ ГОРОДА МАГНИТОГОРСКА;АДМИНИСТРАЦИЯ ГОРОДА МАГНИТОГОРСКА;17.02.2026;27.02.2026;Закупка завершена;;;26.02.2026;
44-ФЗ;№0338200002226000061;Электронный аукцион;Поставка лекарственного препарата для медицинского применения атезолизумаб;;'262410104019841010100100010180000244;;;64131210.00;RUB;0;;;;;;"ГОСУДАРСТВЕННОЕ БЮДЖЕТНОЕ УЧРЕЖДЕНИЕ ЗДРАВООХРАНЕНИЯ ""КАМЧАТСКИЙ КРАЕВОЙ ОНКОЛОГИЧЕСКИЙ ДИСПАНСЕР""";"ГОСУДАРСТВЕННОЕ БЮДЖЕТНОЕ УЧРЕЖДЕНИЕ ЗДРАВООХРАНЕНИЯ ""КАМЧАТСКИЙ КРАЕВОЙ ОНКОЛОГИЧЕСКИЙ ДИСПАНСЕР""";19.02.2026;27.02.2026;Закупка завершена;;;27.02.2026;
44-ФЗ;№0351200003326000345;Запрос котировок в электронной форме;2026-№343 Поставка лекарственных препаратов для медицинского применения: Джакави;;'262540215512354020100100150140000244;;;12948418.56;RUB;0;;;;;;"ГОСУДАРСТВЕННОЕ КАЗЕННОЕ УЧРЕЖДЕНИЕ НОВОСИБИРСКОЙ ОБЛАСТИ ""НОВОСИБОБЛФАРМ""";"ГОСУДАРСТВЕННОЕ КАЗЕННОЕ УЧРЕЖДЕНИЕ НОВОСИБИРСКОЙ ОБЛАСТИ ""НОВОСИБОБЛФАРМ""";19.02.2026;27.02.2026;Закупка завершена;;;27.02.2026;
44-ФЗ;№0869200000226000995;Электронный аукцион;на поставку лекарственного препарата для медицинского применения – ЭПОЭТИН АЛЬФА для оказания отдельным категориям граждан социальной услуги по обеспечению лекарственными препаратами для медицинского применения по рецептам на лекарственные препараты, медицинскими изделиями по рецептам на медицинские изделия, а также специализированными продуктами лечебного питания для детей-инвалидов;;'262745313582774530100100310430000323;;;5561370.00;RUB;0;;;;;;МИНИСТЕРСТВО ЗДРАВООХРАНЕНИЯ ЧЕЛЯБИНСКОЙ ОБЛАСТИ;"ГОСУДАРСТВЕННОЕ КАЗЕННОЕ УЧРЕЖДЕНИЕ ""ЦЕНТР ОРГАНИЗАЦИИ ЗАКУПОК ЧЕЛЯБИНСКОЙ ОБЛАСТИ""";18.02.2026;27.02.2026;Закупка завершена;;;26.02.2026;
44-ФЗ;№0169300000326000160;Электронный аукцион;Приобретение жилья для граждан, проживающих в жилищном фонде, признанном аварийным и подлежащем сносу;;'263745605172774560100101010016810412;;;5599854.00;RUB;0;;;;;;КОМИТЕТ ПО УПРАВЛЕНИЮ ИМУЩЕСТВОМ И ЗЕМЕЛЬНЫМИ ОТНОШЕНИЯМИ АДМИНИСТРАЦИИ ГОРОДА МАГНИТОГОРСКА;АДМИНИСТРАЦИЯ ГОРОДА МАГНИТОГОРСКА;17.02.2026;27.02.2026;Закупка завершена;;;26.02.2026;
