Закупки по;Реестровый номер закупки;Способ определения поставщика (подрядчика, исполнителя), подрядной организации (размещения закупки);Наименование закупки;Предмет электронного аукциона (только для ПП РФ 615);Идентификационный код закупки;Номер лота;Наименование лота;Начальная (максимальная) цена контракта;Валюта;Начальная (максимальная) цена в валюте контракта;Валюта контракта;Классификация по ОКДП;Классификация по ОКПД;Классификация по ОКПД2;Код позиции;Наименование Заказчика;Организация, осуществляющая размещение ;Дата размещения;Дата обновления;Этап закупки;Особенности размещения заказа\ Преимущества (44-ФЗ);Дата начала подачи заявок;Дата окончания подачи заявок;Дата проведения электронного аукциона
44-ФЗ;№0321300001126000206;Электронный аукцион;Услуги связанные с осуществлением регулярных перевозок пассажиров автомобильным транспортом по регулируемым тарифам по муниципальным маршрутам;;'263263411648926340100100140014931244;;;9502437.11;RUB;0;;;;;;КОМИТЕТ ПО ОРГАНИЗАЦИИ ТРАНСПОРТНОГО ОБСЛУЖИВАНИЯ НАСЕЛЕНИЯ ГОРОДА СТАВРОПОЛЯ;КОМИТЕТ ЭКОНОМИЧЕСКОГО РАЗВИТИЯ И ТОРГОВЛИ АДМИНИСТРАЦИИ ГОРОДА СТАВРОПОЛЯ;15.05.2026;28.05.2026;Закупка завершена;;;26.05.2026;
44-ФЗ;№0372500009526000002;Запрос котировок в электронной форме;Поставка спортивной экипировки и инвентаря для хоккея с шайбой;;'262781673272478160100100010020000244;;;7265270.80;RUB;0;;;;;;ГОСУДАРСТВЕННОЕ БЮДЖЕТНОЕ УЧРЕЖДЕНИЕ ДОПОЛНИТЕЛЬНОГО ОБРАЗОВАНИЯ СПОРТИВНАЯ ШКОЛА № 2 ФРУНЗЕНСКОГО РАЙОНА САНКТ-ПЕТЕРБУРГА;ГОСУДАРСТВЕННОЕ БЮДЖЕТНОЕ УЧРЕЖДЕНИЕ ДОПОЛНИТЕЛЬНОГО ОБРАЗОВАНИЯ СПОРТИВНАЯ ШКОЛА № 2 ФРУНЗЕНСКОГО РАЙОНА САНКТ-ПЕТЕРБУРГА;20.05.2026;28.05.2026;Закупка завершена;;;28.05.2026;
44-ФЗ;№0831600001026000094;Открытый конкурс в электронной форме;Благоустройство МКОУ Лосевская СОШ (спортивная зона);;'263362000062336200100100090014399244;;;13048445.75;RUB;0;;;;;;МУНИЦИПАЛЬНЫЙ ОТДЕЛ ПО ОБРАЗОВАНИЮ, МОЛОДЕЖНОЙ ПОЛИТИКЕ И СПОРТУ АДМИНИСТРАЦИИ ПАВЛОВСКОГО МУНИЦИПАЛЬНОГО РАЙОНА ВОРОНЕЖСКОЙ ОБЛАСТИ;"МУНИЦИПАЛЬНОЕ КАЗЕННОЕ УЧРЕЖДЕНИЕ ПАВЛОВСКОГО МУНИЦИПАЛЬНОГО РАЙОНА ""МЕЖВЕДОМСТВЕННЫЙ МНОГОФУНКЦИОНАЛЬНЫЙ ЦЕНТР""";04.05.2026;28.05.2026;Закупка завершена;;;20.05.2026;
44-ФЗ;№0372500009526000003;Запрос котировок в электронной форме;Поставка спортивной экипировки и инвентаря для хоккея с шайбой;;'262781673272478160100100010030000244;;;8966747.51;RUB;0;;;;;;ГОСУДАРСТВЕННОЕ БЮДЖЕТНОЕ УЧРЕЖДЕНИЕ ДОПОЛНИТЕЛЬНОГО ОБРАЗОВАНИЯ СПОРТИВНАЯ ШКОЛА № 2 ФРУНЗЕНСКОГО РАЙОНА САНКТ-ПЕТЕРБУРГА;ГОСУДАРСТВЕННОЕ БЮДЖЕТНОЕ УЧРЕЖДЕНИЕ ДОПОЛНИТЕЛЬНОГО ОБРАЗОВАНИЯ СПОРТИВНАЯ ШКОЛА № 2 ФРУНЗЕНСКОГО РАЙОНА САНКТ-ПЕТЕРБУРГА;20.05.2026;28.05.2026;Закупка завершена;;;28.05.2026;
44-ФЗ;№0302300064926000006;Электронный аукцион;"Выполнение работ по капитальному ремонту ограждения земельного участка МБОУ ""Таксимовская СОШ №1 имени А.А. Мезенцева""";;'263031300198003130100100110014329243;;;8051313.91;RUB;0;;;;;;"МУНИЦИПАЛЬНОЕ БЮДЖЕТНОЕ ОБЩЕОБРАЗОВАТЕЛЬНОЕ УЧРЕЖДЕНИЕ ""ТАКСИМОВСКАЯ СРЕДНЯЯ ОБЩЕОБРАЗОВАТЕЛЬНАЯ ШКОЛА № 1 ИМЕНИ А.А. МЕЗЕНЦЕВА""";"МУНИЦИПАЛЬНОЕ БЮДЖЕТНОЕ ОБЩЕОБРАЗОВАТЕЛЬНОЕ УЧРЕЖДЕНИЕ ""ТАКСИМОВСКАЯ СРЕДНЯЯ ОБЩЕОБРАЗОВАТЕЛЬНАЯ ШКОЛА № 1 ИМЕНИ А.А. МЕЗЕНЦЕВА""";18.05.2026;28.05.2026;Закупка завершена;;;26.05.2026;
44-ФЗ;№0105500000226001067;Запрос котировок в электронной форме;Поставка мебели (лот 1);;'262081413442008160100100210010000244;;;8519466.00;RUB;0;;;;;;"КАЗЕННОЕ УЧРЕЖДЕНИЕ РЕСПУБЛИКИ КАЛМЫКИЯ ""ЦЕНТР ЗАНЯТОСТИ НАСЕЛЕНИЯ РЕСПУБЛИКИ КАЛМЫКИЯ""";СЛУЖБА РЕГУЛИРОВАНИЯ КОНТРАКТНОЙ СИСТЕМЫ В СФЕРЕ ЗАКУПОК РЕСПУБЛИКИ КАЛМЫКИЯ;19.05.2026;28.05.2026;Закупка завершена;;;26.05.2026;
44-ФЗ;№0172200002326000070;Открытый конкурс в электронной форме;Выполнение работ по частичному ремонту нежилого здания, находящегося в оперативном управлении Санкт-Петербургского государственного казённого учреждения «Жилищное агентство Василеостровского района Санкт-Петербурга», расположенного по адресу: Санкт-Петербург, ул. Кораблестроителей, д.31, корп. 5, литера А.;;'262780109564978010100100670014399244;;;9700185.36;RUB;0;;;;;;"САНКТ-ПЕТЕРБУРГСКОЕ ГОСУДАРСТВЕННОЕ КАЗЕННОЕ УЧРЕЖДЕНИЕ ""ЖИЛИЩНОЕ АГЕНТСТВО ВАСИЛЕОСТРОВСКОГО РАЙОНА САНКТ-ПЕТЕРБУРГА""";АДМИНИСТРАЦИЯ ВАСИЛЕОСТРОВСКОГО РАЙОНА САНКТ-ПЕТЕРБУРГА;14.05.2026;28.05.2026;Определение поставщика отменено;;;01.06.2026;
44-ФЗ;№0848300064126000155;Открытый конкурс в электронной форме;Выполнение работ по комплексному благоустройству мест захоронений (Дятловское кладбище);;'263501209158750010100100480018130244;;;42498748.80;RUB;0;;;;;;"МУНИЦИПАЛЬНОЕ КАЗЕННОЕ УЧРЕЖДЕНИЕ ГОРОДСКОГО ОКРУГА БАЛАШИХА ""ЦЕНТРАЛЬНАЯ РИТУАЛЬНАЯ СЛУЖБА""";"МУНИЦИПАЛЬНОЕ КАЗЁННОЕ УЧРЕЖДЕНИЕ ""КОМИТЕТ ПО ОРГАНИЗАЦИИ ЗАКУПОК ГОРОДСКОГО ОКРУГА БАЛАШИХА""";29.04.2026;28.05.2026;Закупка завершена;;;25.05.2026;
44-ФЗ;№0172200002526000248;Открытый конкурс в электронной форме;Выполнение работ по благоустройству элементов благоустройства территории по адресу: Санкт-Петербург, угол пр. Героев и Дудергофского канала, кад. номер 78:40:0000000:5101;;'262780701846478070100100460014399244;;;203114382.49;RUB;0;;;;;;АДМИНИСТРАЦИЯ КРАСНОСЕЛЬСКОГО РАЙОНА САНКТ-ПЕТЕРБУРГА;КОМИТЕТ ПО ГОСУДАРСТВЕННОМУ ЗАКАЗУ САНКТ-ПЕТЕРБУРГА;12.05.2026;28.05.2026;Закупка завершена;;;26.05.2026;
44-ФЗ;№0373100089326000046;Электронный аукцион;Поставка тягача седельного для нужд ФГБВУ «Центррегионводхоз»;;'261500802812777250100100500012910244;;;10163598.67;RUB;0;;;;;;"ФЕДЕРАЛЬНОЕ ГОСУДАРСТВЕННОЕ БЮДЖЕТНОЕ ВОДОХОЗЯЙСТВЕННОЕ УЧРЕЖДЕНИЕ ""ЦЕНТРРЕГИОНВОДХОЗ""";"ФЕДЕРАЛЬНОЕ ГОСУДАРСТВЕННОЕ БЮДЖЕТНОЕ ВОДОХОЗЯЙСТВЕННОЕ УЧРЕЖДЕНИЕ ""ЦЕНТРРЕГИОНВОДХОЗ""";07.05.2026;28.05.2026;Закупка завершена;;;15.05.2026;
44-ФЗ;№0148200005426000196;Открытый конкурс в электронной форме;Выполнение работ по круглогодичному содержанию автомобильных дорог регионального или межмуниципального значения Московской области и их элементов (Лот 13);;'262500000152550240100107560014211244;;;238868558.00;RUB;0;;;;;;"ГОСУДАРСТВЕННОЕ БЮДЖЕТНОЕ УЧРЕЖДЕНИЕ МОСКОВСКОЙ ОБЛАСТИ ""МОСАВТОДОР""";КОМИТЕТ ПО КОНКУРЕНТНОЙ ПОЛИТИКЕ МОСКОВСКОЙ ОБЛАСТИ;08.05.2026;28.05.2026;Закупка завершена;;;28.05.2026;
44-ФЗ;№0373200086726000374;Открытый конкурс в электронной форме;Выполнение работ по устройству систем видеонаблюдения и контроля удаленного доступа;;'262772480786777240100100500010000244;;;10031334.64;RUB;0;;;;;;"ГОСУДАРСТВЕННОЕ БЮДЖЕТНОЕ УЧРЕЖДЕНИЕ ГОРОДА МОСКВЫ ""АВТОМОБИЛЬНЫЕ ДОРОГИ ЮЖНОГО АДМИНИСТРАТИВНОГО ОКРУГА""";"ГОСУДАРСТВЕННОЕ КАЗЕННОЕ УЧРЕЖДЕНИЕ ГОРОДА МОСКВЫ ""ДИРЕКЦИЯ ЗАКАЗЧИКА ЖИЛИЩНО-КОММУНАЛЬНОГО ХОЗЯЙСТВА И БЛАГОУСТРОЙСТВА ЮЖНОГО АДМИНИСТРАТИВНОГО ОКРУГА""";06.05.2026;28.05.2026;Закупка завершена;;;22.05.2026;
44-ФЗ;№0128200000126003075;Электронный аукцион на проведение работ по строительству, реконструкции, кап. ремонту, сносу объекта кап. строительства в соответствии с п. 8 ч. 1 ст. 33 Закона № 44-ФЗ;"Капитальный ремонт физиотерапевтического отделения ""ГБУЗ ВО ""Ковровская городская больница № 2"", расположенного по адресу: Владимирская область, г. Ковров, ул. Первомайская, д. 23.";;'262330500583433050100100790014339243;;;13305827.60;RUB;0;;;;;;"ГОСУДАРСТВЕННОЕ БЮДЖЕТНОЕ УЧРЕЖДЕНИЕ ЗДРАВООХРАНЕНИЯ ВЛАДИМИРСКОЙ ОБЛАСТИ ""КОВРОВСКАЯ ГОРОДСКАЯ БОЛЬНИЦА № 2""";МИНИСТЕРСТВО ИМУЩЕСТВЕННЫХ И ЗЕМЕЛЬНЫХ ОТНОШЕНИЙ ВЛАДИМИРСКОЙ ОБЛАСТИ;20.05.2026;28.05.2026;Закупка завершена;;;28.05.2026;
44-ФЗ;№0172200001926000599;Запрос котировок в электронной форме;Поставка № 783 лекарственного препарата ЛУСПАТЕРЦЕПТ для обеспечения отдельных категорий граждан в 2026 году;;'262780804383378410100100013592120323;;;29511863.00;RUB;0;;;;;;КОМИТЕТ ПО ЗДРАВООХРАНЕНИЮ;КОМИТЕТ ПО ЗДРАВООХРАНЕНИЮ;19.05.2026;28.05.2026;Закупка завершена;;;26.05.2026;
44-ФЗ;№0172200001926000603;Запрос котировок в электронной форме;Поставка № 789 лекарственного препарата  КАРИПРАЗИН для обеспечения отдельных категорий граждан в  2026 году ;;'262780804383378410100100013392120323;;;19793760.00;RUB;0;;;;;;КОМИТЕТ ПО ЗДРАВООХРАНЕНИЮ;КОМИТЕТ ПО ЗДРАВООХРАНЕНИЮ;19.05.2026;28.05.2026;Закупка завершена;;;26.05.2026;
223-ФЗ;№32616057619;Иной способ;ТЗ 6 ООТиПБ Поставка спецодежды;;;1;ТЗ 6 ООТиПБ Поставка спецодежды;9315254.97;RUB;9315254.97;;;;14.12.30.131: Халаты, фартуки, жилеты и сорочки мужские производственные и профессиональные,14.12.11.110: Комплекты мужские производственные и профессиональные,14.12.11.120: Костюмы мужские производственные и профессиональные,14.12.21.120: Костюмы женские производственные и профессиональные,14.12.21.130: Куртки (жакеты) и блейзеры женские производственные и профессиональные,14.19.43.150: Уборы головные прочие, кроме головных уборов из резины или пластмасс, защитных головных уборов и головных уборов из асбеста, не включенные в другие группировки,14.12.30.132: Юбки, халаты, блузки, фартуки, жилеты, платья и сорочки женские производственные и профессиональные;;"ОБЩЕСТВО С ОГРАНИЧЕННОЙ ОТВЕТСТВЕННОСТЬЮ ""СОВРУДНИК""";"ОБЩЕСТВО С ОГРАНИЧЕННОЙ ОТВЕТСТВЕННОСТЬЮ ""СОВРУДНИК""";28.05.2026;28.05.2026;Закупка завершена;;;29.05.2026 18:00;
44-ФЗ;№0848600006826000187;Запрос котировок в электронной форме;Выполнение работ по демонтажу и монтажу световых консолей;;'263500505381650050100101510014399244;;;9149964.25;RUB;0;;;;;;"МУНИЦИПАЛЬНОЕ БЮДЖЕТНОЕ УЧРЕЖДЕНИЕ ГОРОДСКОГО ОКРУГА ВОСКРЕСЕНСК МОСКОВСКОЙ ОБЛАСТИ ""БЛАГОУСТРОЙСТВО И ОЗЕЛЕНЕНИЕ""";"МУНИЦИПАЛЬНОЕ КАЗЕННОЕ УЧРЕЖДЕНИЕ ""ВОСКРЕСЕНСКИЙ ЦЕНТР ЗАКУПОК""";20.05.2026;28.05.2026;Закупка завершена;;;27.05.2026;
44-ФЗ;№0859200001126006099;Электронный аукцион на проведение работ по строительству, реконструкции, кап. ремонту, сносу объекта кап. строительства в соответствии с п. 8 ч. 1 ст. 33 Закона № 44-ФЗ;Капитальный ремонт водопроводной сети по ул.Школьная в г.Кораблино Кораблинского района Рязанской области;;'263620001039962000100100460014221243;;;7704670.00;RUB;0;;;;;;АДМИНИСТРАЦИЯ КОРАБЛИНСКОГО МУНИЦИПАЛЬНОГО ОКРУГА РЯЗАНСКОЙ ОБЛАСТИ;"ГОСУДАРСТВЕННОЕ КАЗЕННОЕ УЧРЕЖДЕНИЕ РЯЗАНСКОЙ ОБЛАСТИ ""ЦЕНТР ЗАКУПОК РЯЗАНСКОЙ ОБЛАСТИ""";18.05.2026;28.05.2026;Закупка завершена;;;26.05.2026;
44-ФЗ;№0372100030626000747;Электронный аукцион;Поставка кусачек медицинских;;'261781304544178040100100100350000244;;;5408344.00;RUB;0;;;;;;"ФЕДЕРАЛЬНОЕ ГОСУДАРСТВЕННОЕ БЮДЖЕТНОЕ УЧРЕЖДЕНИЕ ""НАЦИОНАЛЬНЫЙ МЕДИЦИНСКИЙ ИССЛЕДОВАТЕЛЬСКИЙ ЦЕНТР ТРАВМАТОЛОГИИ И ОРТОПЕДИИ ИМЕНИ Р.Р. ВРЕДЕНА"" МИНИСТЕРСТВА ЗДРАВООХРАНЕНИЯ РОССИЙСКОЙ ФЕДЕРАЦИИ";"ФЕДЕРАЛЬНОЕ ГОСУДАРСТВЕННОЕ БЮДЖЕТНОЕ УЧРЕЖДЕНИЕ ""НАЦИОНАЛЬНЫЙ МЕДИЦИНСКИЙ ИССЛЕДОВАТЕЛЬСКИЙ ЦЕНТР ТРАВМАТОЛОГИИ И ОРТОПЕДИИ ИМЕНИ Р.Р. ВРЕДЕНА"" МИНИСТЕРСТВА ЗДРАВООХРАНЕНИЯ РОССИЙСКОЙ ФЕДЕРАЦИИ";20.05.2026;28.05.2026;Закупка завершена;;;28.05.2026;
44-ФЗ;№0128200000126002968;Электронный аукцион;"Оказание услуг по текущему ремонту МРТ SIGNA Voyager (RU7258MR01) S/N SV15T2100092TJ с заменой охлаждающей головы для нужд ГБУЗВО ""ОКОД""";;'262332900914733280100102210013313244;;;12401707.00;RUB;0;;;;;;"ГОСУДАРСТВЕННОЕ БЮДЖЕТНОЕ УЧРЕЖДЕНИЕ ЗДРАВООХРАНЕНИЯ ВЛАДИМИРСКОЙ ОБЛАСТИ ""ОБЛАСТНОЙ КЛИНИЧЕСКИЙ ОНКОЛОГИЧЕСКИЙ ДИСПАНСЕР""";МИНИСТЕРСТВО ИМУЩЕСТВЕННЫХ И ЗЕМЕЛЬНЫХ ОТНОШЕНИЙ ВЛАДИМИРСКОЙ ОБЛАСТИ;19.05.2026;28.05.2026;Закупка завершена;;;28.05.2026;
44-ФЗ;№0372200010026000017;Запрос котировок в электронной форме;Частичный ремонт кровельного покрытия;;'262781646229978020100100340024391244;;;5881975.26;RUB;0;;;;;;"САНКТ-ПЕТЕРБУРГСКОЕ ГОСУДАРСТВЕННОЕ КАЗЕННОЕ УЧРЕЖДЕНИЕ ""ЦЕНТР ОБЕСПЕЧЕНИЯ МЕРОПРИЯТИЙ ГРАЖДАНСКОЙ ЗАЩИТЫ""";"САНКТ-ПЕТЕРБУРГСКОЕ ГОСУДАРСТВЕННОЕ КАЗЕННОЕ УЧРЕЖДЕНИЕ ""ЦЕНТР ОБЕСПЕЧЕНИЯ МЕРОПРИЯТИЙ ГРАЖДАНСКОЙ ЗАЩИТЫ""";21.05.2026;28.05.2026;Закупка завершена;;;28.05.2026;
44-ФЗ;№0348100026526000079;Электронный аукцион;Выполнение работ по текущему ремонту Спального корпуса № 3 на территории ФГБУ «МФК Минфина России»;;'261500906786650090100101140014120244;;;5569821.40;RUB;0;;;;;;"ФЕДЕРАЛЬНОЕ ГОСУДАРСТВЕННОЕ БЮДЖЕТНОЕ УЧРЕЖДЕНИЕ ""МНОГОФУНКЦИОНАЛЬНЫЙ КОМПЛЕКС МИНИСТЕРСТВА ФИНАНСОВ РОССИЙСКОЙ ФЕДЕРАЦИИ""";"ФЕДЕРАЛЬНОЕ ГОСУДАРСТВЕННОЕ БЮДЖЕТНОЕ УЧРЕЖДЕНИЕ ""МНОГОФУНКЦИОНАЛЬНЫЙ КОМПЛЕКС МИНИСТЕРСТВА ФИНАНСОВ РОССИЙСКОЙ ФЕДЕРАЦИИ""";20.05.2026;28.05.2026;Закупка завершена;;;28.05.2026;
44-ФЗ;№0848600006826000181;Электронный аукцион;Выполнение работ по летнему содержанию : Выполнение работ по расчистке площадей от кустарника и мелколесья вдоль автомобильных дорог для открытия обзора дорожных знаков, пешеходных переходов, съездов и выездов;;'263500505381650050100101610014211244;;;7000000.00;RUB;0;;;;;;"МУНИЦИПАЛЬНОЕ БЮДЖЕТНОЕ УЧРЕЖДЕНИЕ ГОРОДСКОГО ОКРУГА ВОСКРЕСЕНСК МОСКОВСКОЙ ОБЛАСТИ ""БЛАГОУСТРОЙСТВО И ОЗЕЛЕНЕНИЕ""";"МУНИЦИПАЛЬНОЕ КАЗЕННОЕ УЧРЕЖДЕНИЕ ""ВОСКРЕСЕНСКИЙ ЦЕНТР ЗАКУПОК""";19.05.2026;28.05.2026;Закупка завершена;;;27.05.2026;
44-ФЗ;№0151300051326000008;Открытый конкурс в электронной форме;Разработка ПСД «Разработка проектно-сметной документации с получением положительного заключения экспертизы «Строительство повысительной насосной станции ст. Юбилейная Новосибирского района Новосибирской области»;;'263543310758554330100100150017112244;;;13037698.26;RUB;0;;;;;;АДМИНИСТРАЦИЯ СТАНЦИОННОГО СЕЛЬСОВЕТА НОВОСИБИРСКОГО РАЙОНА НОВОСИБИРСКОЙ ОБЛАСТИ;АДМИНИСТРАЦИЯ СТАНЦИОННОГО СЕЛЬСОВЕТА НОВОСИБИРСКОГО РАЙОНА НОВОСИБИРСКОЙ ОБЛАСТИ;08.05.2026;28.05.2026;Закупка завершена;;;25.05.2026;
44-ФЗ;№0348100026526000080;Электронный аукцион;Выполнение работ по текущему ремонту Спального корпуса 5 на территории ФГБУ «МФК Минфина России»;;'261500906786650090100101130014120244;;;5101454.69;RUB;0;;;;;;"ФЕДЕРАЛЬНОЕ ГОСУДАРСТВЕННОЕ БЮДЖЕТНОЕ УЧРЕЖДЕНИЕ ""МНОГОФУНКЦИОНАЛЬНЫЙ КОМПЛЕКС МИНИСТЕРСТВА ФИНАНСОВ РОССИЙСКОЙ ФЕДЕРАЦИИ""";"ФЕДЕРАЛЬНОЕ ГОСУДАРСТВЕННОЕ БЮДЖЕТНОЕ УЧРЕЖДЕНИЕ ""МНОГОФУНКЦИОНАЛЬНЫЙ КОМПЛЕКС МИНИСТЕРСТВА ФИНАНСОВ РОССИЙСКОЙ ФЕДЕРАЦИИ""";20.05.2026;28.05.2026;Закупка завершена;;;28.05.2026;
44-ФЗ;№0348200081026002963;Электронный аукцион;Закупка лекарственного препарата Валсартан+Сакубитрил для обеспечения отдельных категорий граждан, в отношении которых установлены меры социальной поддержки Л270367 в 2027 году;;'262502406865650240100117110022120323;;;64596421.12;RUB;0;;;;;;"ГОСУДАРСТВЕННОЕ КАЗЕННОЕ УЧРЕЖДЕНИЕ МОСКОВСКОЙ ОБЛАСТИ ""ДИРЕКЦИЯ ЕДИНОГО ЗАКАЗЧИКА МИНИСТЕРСТВА ЗДРАВООХРАНЕНИЯ МОСКОВСКОЙ ОБЛАСТИ""";"ГОСУДАРСТВЕННОЕ КАЗЕННОЕ УЧРЕЖДЕНИЕ МОСКОВСКОЙ ОБЛАСТИ ""ДИРЕКЦИЯ ЕДИНОГО ЗАКАЗЧИКА МИНИСТЕРСТВА ЗДРАВООХРАНЕНИЯ МОСКОВСКОЙ ОБЛАСТИ""";18.05.2026;28.05.2026;Закупка завершена;;;28.05.2026;
44-ФЗ;№0172200001926000601;Запрос котировок в электронной форме;Поставка № 779 лекарственного препарата ОКСКАРБАЗЕПИН для обеспечения отдельных категорий граждан в 2026 году;;'262780804383378410100100013582120323;;;8292937.50;RUB;0;;;;;;КОМИТЕТ ПО ЗДРАВООХРАНЕНИЮ;КОМИТЕТ ПО ЗДРАВООХРАНЕНИЮ;19.05.2026;28.05.2026;Закупка завершена;;;26.05.2026;
44-ФЗ;№0348200081026002964;Электронный аукцион;Закупка лекарственного препарата Валсартан+Сакубитрил для обеспечения отдельных категорий граждан, в отношении которых установлены меры социальной поддержки Л270366 в 2027 году;;'262502406865650240100117110032120323;;;63419434.40;RUB;0;;;;;;"ГОСУДАРСТВЕННОЕ КАЗЕННОЕ УЧРЕЖДЕНИЕ МОСКОВСКОЙ ОБЛАСТИ ""ДИРЕКЦИЯ ЕДИНОГО ЗАКАЗЧИКА МИНИСТЕРСТВА ЗДРАВООХРАНЕНИЯ МОСКОВСКОЙ ОБЛАСТИ""";"ГОСУДАРСТВЕННОЕ КАЗЕННОЕ УЧРЕЖДЕНИЕ МОСКОВСКОЙ ОБЛАСТИ ""ДИРЕКЦИЯ ЕДИНОГО ЗАКАЗЧИКА МИНИСТЕРСТВА ЗДРАВООХРАНЕНИЯ МОСКОВСКОЙ ОБЛАСТИ""";18.05.2026;28.05.2026;Закупка завершена;;;28.05.2026;
44-ФЗ;№0848300059126000082;Открытый конкурс в электронной форме на проведение работ по строительству, реконструкции, кап. ремонту, сносу объекта кап. строительства в соответствии с п. 8 ч. 1 ст. 33 Закона № 44-ФЗ;"Выполнение работ по капитальному ремонту автомобильной дороги ""д. Сытьково, (уч.5)""-10001 на территории Рузского муниципального округа Московской области";;'263507500328750750100100940014211243;;;7996048.14;RUB;0;;;;;;АДМИНИСТРАЦИЯ РУЗСКОГО МУНИЦИПАЛЬНОГО ОКРУГА МОСКОВСКОЙ ОБЛАСТИ;"МУНИЦИПАЛЬНОЕ КАЗЕННОЕ УЧРЕЖДЕНИЕ ""ЦЕНТР ЗАКУПОК РУЗСКОГО МУНИЦИПАЛЬНОГО ОКРУГА""";08.05.2026;28.05.2026;Закупка завершена;;;28.05.2026;
44-ФЗ;№0172200001926000602;Запрос котировок в электронной форме;Поставка № 796 лекарственного препарата ЭВЕРОЛИМУС для обеспечения отдельных категорий граждан в 2026 году ;;'262780804383378410100100013452120323;;;18792263.40;RUB;0;;;;;;КОМИТЕТ ПО ЗДРАВООХРАНЕНИЮ;КОМИТЕТ ПО ЗДРАВООХРАНЕНИЮ;19.05.2026;28.05.2026;Закупка завершена;;;26.05.2026;
44-ФЗ;№0172200001926000604;Запрос котировок в электронной форме;Поставка № 790 лекарственного препарата  КАРИПРАЗИН для обеспечения отдельных категорий граждан в  2026 году ;;'262780804383378410100100013412120323;;;29072736.00;RUB;0;;;;;;КОМИТЕТ ПО ЗДРАВООХРАНЕНИЮ;КОМИТЕТ ПО ЗДРАВООХРАНЕНИЮ;19.05.2026;28.05.2026;Закупка завершена;;;26.05.2026;
44-ФЗ;№0348200081026003006;Электронный аукцион;Закупка лекарственного препарата Селуметиниб для обеспечения отдельных категорий граждан, в отношении которых установлены меры социальной поддержки Л264954 Л265186;;'262502406865650240100119120012120323;;;9952800.00;RUB;0;;;;;;"ГОСУДАРСТВЕННОЕ КАЗЕННОЕ УЧРЕЖДЕНИЕ МОСКОВСКОЙ ОБЛАСТИ ""ДИРЕКЦИЯ ЕДИНОГО ЗАКАЗЧИКА МИНИСТЕРСТВА ЗДРАВООХРАНЕНИЯ МОСКОВСКОЙ ОБЛАСТИ""";"ГОСУДАРСТВЕННОЕ КАЗЕННОЕ УЧРЕЖДЕНИЕ МОСКОВСКОЙ ОБЛАСТИ ""ДИРЕКЦИЯ ЕДИНОГО ЗАКАЗЧИКА МИНИСТЕРСТВА ЗДРАВООХРАНЕНИЯ МОСКОВСКОЙ ОБЛАСТИ""";19.05.2026;28.05.2026;Закупка завершена;;;28.05.2026;
44-ФЗ;№0349100021126000201;Электронный аукцион;Поставка изделий медицинского назначения;;'261519005315951900100100112010000244;;;10000000.00;RUB;0;;;;;;"ФЕДЕРАЛЬНОЕ ГОСУДАРСТВЕННОЕ БЮДЖЕТНОЕ УЧРЕЖДЕНИЕ ЗДРАВООХРАНЕНИЯ ""МУРМАНСКИЙ МНОГОПРОФИЛЬНЫЙ ЦЕНТР ИМЕНИ Н.И. ПИРОГОВА ФЕДЕРАЛЬНОГО МЕДИКО-БИОЛОГИЧЕСКОГО АГЕНТСТВА""";"ФЕДЕРАЛЬНОЕ ГОСУДАРСТВЕННОЕ БЮДЖЕТНОЕ УЧРЕЖДЕНИЕ ЗДРАВООХРАНЕНИЯ ""МУРМАНСКИЙ МНОГОПРОФИЛЬНЫЙ ЦЕНТР ИМЕНИ Н.И. ПИРОГОВА ФЕДЕРАЛЬНОГО МЕДИКО-БИОЛОГИЧЕСКОГО АГЕНТСТВА""";20.05.2026;28.05.2026;Закупка завершена;;;28.05.2026;
44-ФЗ;№0348300029126000193;Электронный аукцион;Поставка расходного материала для биохимических исследований (субстраты)(централизованная лаборатория);;'263500900589150090100102140012120244;;;6465846.00;RUB;0;;;;;;"ГОСУДАРСТВЕННОЕ БЮДЖЕТНОЕ УЧРЕЖДЕНИЕ ЗДРАВООХРАНЕНИЯ МОСКОВСКОЙ ОБЛАСТИ ""ДОМОДЕДОВСКАЯ БОЛЬНИЦА""";"ГОСУДАРСТВЕННОЕ БЮДЖЕТНОЕ УЧРЕЖДЕНИЕ ЗДРАВООХРАНЕНИЯ МОСКОВСКОЙ ОБЛАСТИ ""ДОМОДЕДОВСКАЯ БОЛЬНИЦА""";20.05.2026;28.05.2026;Закупка завершена;;;28.05.2026;
44-ФЗ;№0348200081026002971;Электронный аукцион;Закупка лекарственного препарата Прамипексол для обеспечения отдельных категорий граждан, в отношении которых установлены меры социальной поддержки Л265313;;'262502406865650240100118910172120323;;;8517494.70;RUB;0;;;;;;"ГОСУДАРСТВЕННОЕ КАЗЕННОЕ УЧРЕЖДЕНИЕ МОСКОВСКОЙ ОБЛАСТИ ""ДИРЕКЦИЯ ЕДИНОГО ЗАКАЗЧИКА МИНИСТЕРСТВА ЗДРАВООХРАНЕНИЯ МОСКОВСКОЙ ОБЛАСТИ""";"ГОСУДАРСТВЕННОЕ КАЗЕННОЕ УЧРЕЖДЕНИЕ МОСКОВСКОЙ ОБЛАСТИ ""ДИРЕКЦИЯ ЕДИНОГО ЗАКАЗЧИКА МИНИСТЕРСТВА ЗДРАВООХРАНЕНИЯ МОСКОВСКОЙ ОБЛАСТИ""";18.05.2026;28.05.2026;Закупка завершена;;;28.05.2026;
44-ФЗ;№0348200027026000205;Электронный аукцион;Поставка расходных медицинских материалов для восстановления двигательных функций в 2026 году (лот 1.1);;'262770206615777020100102530013250244;;;7149135.64;RUB;0;;;;;;"ГОСУДАРСТВЕННОЕ БЮДЖЕТНОЕ УЧРЕЖДЕНИЕ ЗДРАВООХРАНЕНИЯ МОСКОВСКОЙ ОБЛАСТИ ""МОСКОВСКИЙ ОБЛАСТНОЙ НАУЧНО-ИССЛЕДОВАТЕЛЬСКИЙ КЛИНИЧЕСКИЙ ИНСТИТУТ ИМ. М.Ф.ВЛАДИМИРСКОГО""";"ГОСУДАРСТВЕННОЕ БЮДЖЕТНОЕ УЧРЕЖДЕНИЕ ЗДРАВООХРАНЕНИЯ МОСКОВСКОЙ ОБЛАСТИ ""МОСКОВСКИЙ ОБЛАСТНОЙ НАУЧНО-ИССЛЕДОВАТЕЛЬСКИЙ КЛИНИЧЕСКИЙ ИНСТИТУТ ИМ. М.Ф.ВЛАДИМИРСКОГО""";20.05.2026;28.05.2026;Закупка завершена;;;28.05.2026;
44-ФЗ;№0348200081026002965;Электронный аукцион;Закупка лекарственного препарата Венетоклакс для обеспечения отдельных категорий граждан, в отношении которых установлены меры социальной поддержки Л270400  в 2027 году;;'262502406865650240100118140022120323;;;77042565.60;RUB;0;;;;;;"ГОСУДАРСТВЕННОЕ КАЗЕННОЕ УЧРЕЖДЕНИЕ МОСКОВСКОЙ ОБЛАСТИ ""ДИРЕКЦИЯ ЕДИНОГО ЗАКАЗЧИКА МИНИСТЕРСТВА ЗДРАВООХРАНЕНИЯ МОСКОВСКОЙ ОБЛАСТИ""";"ГОСУДАРСТВЕННОЕ КАЗЕННОЕ УЧРЕЖДЕНИЕ МОСКОВСКОЙ ОБЛАСТИ ""ДИРЕКЦИЯ ЕДИНОГО ЗАКАЗЧИКА МИНИСТЕРСТВА ЗДРАВООХРАНЕНИЯ МОСКОВСКОЙ ОБЛАСТИ""";18.05.2026;28.05.2026;Закупка завершена;;;28.05.2026;
44-ФЗ;№0158200001326000778;Электронный аукцион;Закупка лекарственных препаратов для обеспечения граждан Российской Федерации, проживающих на территории Ростовской области и имеющих право на получение лекарственных препаратов в соответствии с Федеральным законом от 21.11.2011 № 323-ФЗ «Об основах охраны здоровья граждан в Российской Федерации» (Тезепелумаб);;'262616304981461660100101441962120323;;;25202241.43;RUB;0;;;;;;МИНИСТЕРСТВО ЗДРАВООХРАНЕНИЯ РОСТОВСКОЙ ОБЛАСТИ;МИНИСТЕРСТВО ЗДРАВООХРАНЕНИЯ РОСТОВСКОЙ ОБЛАСТИ;20.05.2026;28.05.2026;Закупка завершена;;;28.05.2026;
44-ФЗ;№0348200081026003001;Электронный аукцион;Закупка лекарственного препарата Инсулин детемир для обеспечения отдельных категорий граждан, имеющих группу инвалидности Л270443 в 2027 году;;'262502406865650240100119140012120323;;;24940502.40;RUB;0;;;;;;"ГОСУДАРСТВЕННОЕ КАЗЕННОЕ УЧРЕЖДЕНИЕ МОСКОВСКОЙ ОБЛАСТИ ""ДИРЕКЦИЯ ЕДИНОГО ЗАКАЗЧИКА МИНИСТЕРСТВА ЗДРАВООХРАНЕНИЯ МОСКОВСКОЙ ОБЛАСТИ""";"ГОСУДАРСТВЕННОЕ КАЗЕННОЕ УЧРЕЖДЕНИЕ МОСКОВСКОЙ ОБЛАСТИ ""ДИРЕКЦИЯ ЕДИНОГО ЗАКАЗЧИКА МИНИСТЕРСТВА ЗДРАВООХРАНЕНИЯ МОСКОВСКОЙ ОБЛАСТИ""";19.05.2026;28.05.2026;Закупка завершена;;;28.05.2026;
44-ФЗ;№0135100003926000016;Электронный аукцион на проведение работ по строительству, реконструкции, кап. ремонту, сносу объекта кап. строительства в соответствии с п. 8 ч. 1 ст. 33 Закона № 44-ФЗ;Капитальный ремонт здания по адресу: Калининградская область, г. Советск, ул. Тимирязева д. 96 «А»;;'261390602863539060100100200034339243;;;18710000.00;RUB;0;;;;;;ПРОКУРАТУРА КАЛИНИНГРАДСКОЙ ОБЛАСТИ;ПРОКУРАТУРА КАЛИНИНГРАДСКОЙ ОБЛАСТИ;20.05.2026;28.05.2026;Закупка завершена;;;28.05.2026;
44-ФЗ;№0848300059126000083;Открытый конкурс в электронной форме на проведение работ по строительству, реконструкции, кап. ремонту, сносу объекта кап. строительства в соответствии с п. 8 ч. 1 ст. 33 Закона № 44-ФЗ;"Выполнение работ по капитальному ремонту автомобильной дороги ""д. Ивойлово (уч. 1)""-185 на территории Рузского муниципального округа Московской области";;'263507500328750750100100950014211243;;;8548529.54;RUB;0;;;;;;АДМИНИСТРАЦИЯ РУЗСКОГО МУНИЦИПАЛЬНОГО ОКРУГА МОСКОВСКОЙ ОБЛАСТИ;"МУНИЦИПАЛЬНОЕ КАЗЕННОЕ УЧРЕЖДЕНИЕ ""ЦЕНТР ЗАКУПОК РУЗСКОГО МУНИЦИПАЛЬНОГО ОКРУГА""";08.05.2026;28.05.2026;Закупка завершена;;;28.05.2026;
44-ФЗ;№0348300053626000107;Запрос котировок в электронной форме;Поставка противоопухолевых средств (ДУРВАЛУМАБ);;'263502903736250290100102060012120244;;;5593910.40;RUB;0;;;;;;"ГОСУДАРСТВЕННОЕ БЮДЖЕТНОЕ УЧРЕЖДЕНИЕ ЗДРАВООХРАНЕНИЯ МОСКОВСКОЙ ОБЛАСТИ ""МЫТИЩИНСКАЯ ОБЛАСТНАЯ КЛИНИЧЕСКАЯ БОЛЬНИЦА""";"ГОСУДАРСТВЕННОЕ БЮДЖЕТНОЕ УЧРЕЖДЕНИЕ ЗДРАВООХРАНЕНИЯ МОСКОВСКОЙ ОБЛАСТИ ""МЫТИЩИНСКАЯ ОБЛАСТНАЯ КЛИНИЧЕСКАЯ БОЛЬНИЦА""";21.05.2026;28.05.2026;Закупка завершена;;;28.05.2026;
44-ФЗ;№0124300021026000475;Электронный аукцион;Приобретение жилого помещения (квартиры) путем участия в долевом строительстве многоквартирного жилого дома в городе Архангельске для предоставления гражданам, переселяемым из аварийного жилищного фонда ;;'263290126558129010100100022996810412;;;5829861.10;RUB;0;;;;;;"ДЕПАРТАМЕНТ ГОРОДСКОГО ХОЗЯЙСТВА АДМИНИСТРАЦИИ ГОРОДСКОГО ОКРУГА ""ГОРОД АРХАНГЕЛЬСК""";"АДМИНИСТРАЦИЯ ГОРОДСКОГО ОКРУГА ""ГОРОД АРХАНГЕЛЬСК""";19.05.2026;28.05.2026;Закупка завершена;;;28.05.2026;
44-ФЗ;№0154300026426000036;Электронный аукцион;Капитальный ремонт проезда по д. Карандаково Мценского района Орловской области;;'263571700368557170100100270014211243;;;7450027.99;RUB;0;;;;;;ОТДЕЛ ДОРОЖНОГО ХОЗЯЙСТВА И ТРАНСПОРТА АДМИНИСТРАЦИИ МЦЕНСКОГО РАЙОНА;ОТДЕЛ ДОРОЖНОГО ХОЗЯЙСТВА И ТРАНСПОРТА АДМИНИСТРАЦИИ МЦЕНСКОГО РАЙОНА;20.05.2026;28.05.2026;Закупка завершена;;;28.05.2026;
44-ФЗ;№0348200081026002962;Электронный аукцион;Закупка лекарственного препарата Осимертиниб для обеспечения отдельных категорий граждан, в отношении которых установлены меры социальной поддержки Л270393 в 2027 году;;'262502406865650240100117580202120323;;;44701683.00;RUB;0;;;;;;"ГОСУДАРСТВЕННОЕ КАЗЕННОЕ УЧРЕЖДЕНИЕ МОСКОВСКОЙ ОБЛАСТИ ""ДИРЕКЦИЯ ЕДИНОГО ЗАКАЗЧИКА МИНИСТЕРСТВА ЗДРАВООХРАНЕНИЯ МОСКОВСКОЙ ОБЛАСТИ""";"ГОСУДАРСТВЕННОЕ КАЗЕННОЕ УЧРЕЖДЕНИЕ МОСКОВСКОЙ ОБЛАСТИ ""ДИРЕКЦИЯ ЕДИНОГО ЗАКАЗЧИКА МИНИСТЕРСТВА ЗДРАВООХРАНЕНИЯ МОСКОВСКОЙ ОБЛАСТИ""";18.05.2026;28.05.2026;Закупка завершена;;;28.05.2026;
44-ФЗ;№0128200000126002915;Электронный аукцион;"Оказание услуг по текущему ремонту МРТ SIGNA Voyager (RU7258MR01) S/N SV15T2100092TJ с заменой РЧ усилителя для нужд ГБУЗВО ""ОКОД""";;'262332900914733280100102220013313244;;;19950519.73;RUB;0;;;;;;"ГОСУДАРСТВЕННОЕ БЮДЖЕТНОЕ УЧРЕЖДЕНИЕ ЗДРАВООХРАНЕНИЯ ВЛАДИМИРСКОЙ ОБЛАСТИ ""ОБЛАСТНОЙ КЛИНИЧЕСКИЙ ОНКОЛОГИЧЕСКИЙ ДИСПАНСЕР""";МИНИСТЕРСТВО ИМУЩЕСТВЕННЫХ И ЗЕМЕЛЬНЫХ ОТНОШЕНИЙ ВЛАДИМИРСКОЙ ОБЛАСТИ;15.05.2026;28.05.2026;Закупка завершена;;;27.05.2026;
44-ФЗ;№0373200041126000299;Электронный аукцион;"Оказание услуг по техническому обслуживанию систем охранной сигнализации, тревожной сигнализации, установленных на объектах ГБУ г. Москвы ""ОКЦ ЮВАО"" (среди СМП и СОНО)";;'262772259790377220100100930010000244;;;17949061.97;RUB;0;;;;;;"ГОСУДАРСТВЕННОЕ БЮДЖЕТНОЕ УЧРЕЖДЕНИЕ ГОРОДА МОСКВЫ ""ОБЪЕДИНЕНИЕ КУЛЬТУРНЫХ И ДОСУГОВЫХ ЦЕНТРОВ ЮГО-ВОСТОЧНОГО АДМИНИСТРАТИВНОГО ОКРУГА""";"ГОСУДАРСТВЕННОЕ КАЗЕННОЕ УЧРЕЖДЕНИЕ ГОРОДА МОСКВЫ ""ДИРЕКЦИЯ ЗАКАЗЧИКА ЖИЛИЩНО-КОММУНАЛЬНОГО ХОЗЯЙСТВА И БЛАГОУСТРОЙСТВА ЮГО-ВОСТОЧНОГО АДМИНИСТРАТИВНОГО ОКРУГА""";20.05.2026;28.05.2026;Закупка завершена;;;28.05.2026;
44-ФЗ;№0115100003826000050;Электронный аукцион;Изготовление, поставка и монтаж плавучей конструкции из модульных понтонов;;'261212805686821300100100550010000244;;;16193315.12;RUB;0;;;;;;ГЛАВНОЕ УПРАВЛЕНИЕ МИНИСТЕРСТВА РОССИЙСКОЙ ФЕДЕРАЦИИ ПО ДЕЛАМ ГРАЖДАНСКОЙ ОБОРОНЫ, ЧРЕЗВЫЧАЙНЫМ СИТУАЦИЯМ И ЛИКВИДАЦИИ ПОСЛЕДСТВИЙ СТИХИЙНЫХ БЕДСТВИЙ ПО ЧУВАШСКОЙ РЕСПУБЛИКЕ - ЧУВАШИИ;ГЛАВНОЕ УПРАВЛЕНИЕ МИНИСТЕРСТВА РОССИЙСКОЙ ФЕДЕРАЦИИ ПО ДЕЛАМ ГРАЖДАНСКОЙ ОБОРОНЫ, ЧРЕЗВЫЧАЙНЫМ СИТУАЦИЯМ И ЛИКВИДАЦИИ ПОСЛЕДСТВИЙ СТИХИЙНЫХ БЕДСТВИЙ ПО ЧУВАШСКОЙ РЕСПУБЛИКЕ - ЧУВАШИИ;14.05.2026;28.05.2026;Закупка завершена;;;28.05.2026;
44-ФЗ;№0373100025226000018;Электронный аукцион;Оказание услуг по уборке и содержанию прилегающей территории (ЮАО);;262771301781077250100100350010000244, 261772503130577250100100670010000244;;;29950985.04;RUB;0;;;;;;;"ГОСУДАРСТВЕННОЕ БЮДЖЕТНОЕ ПРОФЕССИОНАЛЬНОЕ ОБРАЗОВАТЕЛЬНОЕ УЧРЕЖДЕНИЕ ГОРОДА МОСКВЫ ""МОСКОВСКИЙ ТЕХНОЛОГИЧЕСКИЙ КОЛЛЕДЖ ИМЕНИ И.А. ЛИХАЧЁВА""";18.05.2026;28.05.2026;Закупка завершена;;;26.05.2026;
44-ФЗ;№0373100025226000019;Электронный аукцион;Оказание услуг по уборке и содержанию прилегающей территории (СЗАО);;261772503130577250100100660010000244, 262771301781077250100100340010000244;;;12199214.72;RUB;0;;;;;;;"ГОСУДАРСТВЕННОЕ БЮДЖЕТНОЕ ПРОФЕССИОНАЛЬНОЕ ОБРАЗОВАТЕЛЬНОЕ УЧРЕЖДЕНИЕ ГОРОДА МОСКВЫ ""МОСКОВСКИЙ ТЕХНОЛОГИЧЕСКИЙ КОЛЛЕДЖ ИМЕНИ И.А. ЛИХАЧЁВА""";19.05.2026;28.05.2026;Закупка завершена;;;27.05.2026;
44-ФЗ;№0373200015526000279;Электронный аукцион;Оказание услуг по уборке, погрузке и вывозу снега с территорий ГБУЗ «МНПЦ наркологии ДЗМ» в зимний период;;'262772335638677230100103220010000244;;;6897623.73;RUB;0;;;;;;"ГОСУДАРСТВЕННОЕ БЮДЖЕТНОЕ УЧРЕЖДЕНИЕ ЗДРАВООХРАНЕНИЯ ГОРОДА МОСКВЫ ""МОСКОВСКИЙ НАУЧНО-ПРАКТИЧЕСКИЙ ЦЕНТР НАРКОЛОГИИ ДЕПАРТАМЕНТА ЗДРАВООХРАНЕНИЯ ГОРОДА МОСКВЫ""";"ГОСУДАРСТВЕННОЕ БЮДЖЕТНОЕ УЧРЕЖДЕНИЕ ЗДРАВООХРАНЕНИЯ ГОРОДА МОСКВЫ ""МОСКОВСКИЙ НАУЧНО-ПРАКТИЧЕСКИЙ ЦЕНТР НАРКОЛОГИИ ДЕПАРТАМЕНТА ЗДРАВООХРАНЕНИЯ ГОРОДА МОСКВЫ""";19.05.2026;28.05.2026;Закупка завершена;;;27.05.2026;
44-ФЗ;№0173200001426000897;Электронный аукцион;Аукцион в электронной форме на право заключения контракта на поставку лекарственных препаратов (Вилдаглиптин) для обеспечения граждан, имеющих право на получение государственной социальной помощи в городе Москве (УНЗ Z2617705 - повторная закупка);;'262771433860977140100113260010000323;;;187504779.00;RUB;0;;;;;;"ГОСУДАРСТВЕННОЕ КАЗЕННОЕ УЧРЕЖДЕНИЕ ГОРОДА МОСКВЫ ""АГЕНТСТВО ПО ЗАКУПКАМ (КОНТРАКТНАЯ СЛУЖБА) ДЕПАРТАМЕНТА ЗДРАВООХРАНЕНИЯ ГОРОДА МОСКВЫ""";ДЕПАРТАМЕНТ ГОРОДА МОСКВЫ ПО КОНКУРЕНТНОЙ ПОЛИТИКЕ;18.05.2026;28.05.2026;Закупка завершена;;;26.05.2026;
44-ФЗ;№0173200001426000895;Электронный аукцион;Аукцион в электронной форме на право заключения контракта на поставку лекарственных препаратов (Иммуноглобулин человека нормальный) для обеспечения граждан, имеющих право на получение государственной социальной помощи в городе Москве (УНЗ Z2617704 - повторная закупка);;'262771433860977140100115970010000323;;;35596000.00;RUB;0;;;;;;"ГОСУДАРСТВЕННОЕ КАЗЕННОЕ УЧРЕЖДЕНИЕ ГОРОДА МОСКВЫ ""АГЕНТСТВО ПО ЗАКУПКАМ (КОНТРАКТНАЯ СЛУЖБА) ДЕПАРТАМЕНТА ЗДРАВООХРАНЕНИЯ ГОРОДА МОСКВЫ""";ДЕПАРТАМЕНТ ГОРОДА МОСКВЫ ПО КОНКУРЕНТНОЙ ПОЛИТИКЕ;18.05.2026;28.05.2026;Закупка завершена;;;26.05.2026;
44-ФЗ;№0173200001426000875;Электронный аукцион;"Аукцион в электронной форме на поставку реагентов для анализаторов производства ""SHENZHEN MINDRAY BIO-MEDICAL ELECTRONICS CO., LTD."" ВИЧ-инфекции (МИ2026-17П1) ";;'262771433860977140100107310010000244;;;189211341.00;RUB;0;;;;;;"ГОСУДАРСТВЕННОЕ КАЗЕННОЕ УЧРЕЖДЕНИЕ ГОРОДА МОСКВЫ ""АГЕНТСТВО ПО ЗАКУПКАМ (КОНТРАКТНАЯ СЛУЖБА) ДЕПАРТАМЕНТА ЗДРАВООХРАНЕНИЯ ГОРОДА МОСКВЫ""";ДЕПАРТАМЕНТ ГОРОДА МОСКВЫ ПО КОНКУРЕНТНОЙ ПОЛИТИКЕ;13.05.2026;28.05.2026;Закупка завершена;;;26.05.2026;
44-ФЗ;№0173200001426000846;Электронный аукцион;Поставка автобусов;;'262771035088477220100100560010000244;;;37310992.60;RUB;0;;;;;;ГОСУДАРСТВЕННОЕ КАЗЕННОЕ УЧРЕЖДЕНИЕ ГОРОДА МОСКВЫ - ЦЕНТР ОРГАНИЗАЦИИ ДОРОЖНОГО ДВИЖЕНИЯ ПРАВИТЕЛЬСТВА МОСКВЫ;ДЕПАРТАМЕНТ ГОРОДА МОСКВЫ ПО КОНКУРЕНТНОЙ ПОЛИТИКЕ;08.05.2026;28.05.2026;Закупка завершена;;;26.05.2026;
44-ФЗ;№0173200001426000899;Электронный аукцион;Аукцион в электронной форме на право заключения контракта на поставку лекарственных препаратов (Тафамидис) для индивидуального обеспечения отдельных категорий граждан, имеющих право на получение государственной социальной помощи (в соответствии с решениями врачебных комиссий) в городе Москве (УНЗ: Z2615169);;'262771433860977344300152640010000323;;;36359692.50;RUB;0;;;;;;"ФИЛИАЛ № 1 ГКУ ""АЗ (КС) ДЗМ""";ДЕПАРТАМЕНТ ГОРОДА МОСКВЫ ПО КОНКУРЕНТНОЙ ПОЛИТИКЕ;18.05.2026;28.05.2026;Закупка завершена;;;26.05.2026;
44-ФЗ;№0173200001426000900;Электронный аукцион;Поставка бумаги;;'262770203815077020100104370010000000;;;157590657.32;RUB;0;;;;;;"ГОСУДАРСТВЕННОЕ УНИТАРНОЕ ПРЕДПРИЯТИЕ ГОРОДА МОСКВЫ ""МОСКОВСКИЙ ОРДЕНА ЛЕНИНА И ОРДЕНА ТРУДОВОГО КРАСНОГО ЗНАМЕНИ МЕТРОПОЛИТЕН ИМЕНИ В.И.ЛЕНИНА""";ДЕПАРТАМЕНТ ГОРОДА МОСКВЫ ПО КОНКУРЕНТНОЙ ПОЛИТИКЕ;18.05.2026;28.05.2026;Закупка завершена;;;26.05.2026;
44-ФЗ;№0163600007026000120;Электронный аукцион;Выполнение работ по содержанию автомобильных дорог общего пользования местного значения, искусственных сооружений на них, расположенных на территориях подведомственных Екимовичскому и Остерскому территориальным комитетам Управления по развитию территорий Администрации муниципального образования «Рославльский муниципальный округ» Смоленской области;;'263672501292867250100100260028129244;;;9450000.00;RUB;0;;;;;;"УПРАВЛЕНИЕ ЖИЛИЩНО-КОММУНАЛЬНОГО ХОЗЯЙСТВА, ЭНЕРГЕТИКИ, ДОРОГ И ТРАНСПОРТА АДМИНИСТРАЦИИ МУНИЦИПАЛЬНОГО ОБРАЗОВАНИЯ ""РОСЛАВЛЬСКИЙ МУНИЦИПАЛЬНЫЙ ОКРУГ"" СМОЛЕНСКОЙ ОБЛАСТИ";"АДМИНИСТРАЦИЯ МУНИЦИПАЛЬНОГО ОБРАЗОВАНИЯ ""РОСЛАВЛЬСКИЙ МУНИЦИПАЛЬНЫЙ ОКРУГ"" СМОЛЕНСКОЙ ОБЛАСТИ";19.05.2026;28.05.2026;Закупка завершена;;;27.05.2026;
44-ФЗ;№0373100134326000007;Открытый конкурс в электронной форме;Оказание комплекса услуг для нужд Заказчика;;'261770504378277010100100170018230244;;;15175831.33;RUB;0;;;;;;"ФЕДЕРАЛЬНОЕ ГОСУДАРСТВЕННОЕ БЮДЖЕТНОЕ НАУЧНОЕ УЧРЕЖДЕНИЕ ""ИНСТИТУТ ИЗУЧЕНИЯ ДЕТСТВА, СЕМЬИ И ВОСПИТАНИЯ""";"ФЕДЕРАЛЬНОЕ ГОСУДАРСТВЕННОЕ БЮДЖЕТНОЕ НАУЧНОЕ УЧРЕЖДЕНИЕ ""ИНСТИТУТ ИЗУЧЕНИЯ ДЕТСТВА, СЕМЬИ И ВОСПИТАНИЯ""";08.05.2026;28.05.2026;Закупка завершена;;;25.05.2026;
44-ФЗ;№0373100011126000014;Электронный аукцион;Системы подвеса основных (портальных) и подвесных низкочастотных акустических систем в рамках субсидии от 06.05.2025 № 054-02-2025-547;;'261771702306877170100100360012511244;;;9240547.64;RUB;0;;;;;;"ФЕДЕРАЛЬНОЕ ГОСУДАРСТВЕННОЕ БЮДЖЕТНОЕ УЧРЕЖДЕНИЕ КУЛЬТУРЫ ""РОССИЙСКИЙ ГОСУДАРСТВЕННЫЙ ТЕАТР ""САТИРИКОН"" ИМЕНИ АРКАДИЯ РАЙКИНА""";"ФЕДЕРАЛЬНОЕ ГОСУДАРСТВЕННОЕ БЮДЖЕТНОЕ УЧРЕЖДЕНИЕ КУЛЬТУРЫ ""РОССИЙСКИЙ ГОСУДАРСТВЕННЫЙ ТЕАТР ""САТИРИКОН"" ИМЕНИ АРКАДИЯ РАЙКИНА""";18.05.2026;28.05.2026;Закупка завершена;;;26.05.2026;
44-ФЗ;№0348500004326000107;Электронный аукцион;"Выполнение работ по текущему ремонту выполнение аварийно-восстановительных и непредвиденных работ по замене кровли в здании круглосуточного стационара ГБУЗ Московской области ""ПКБ им. Проф. Розанова В.Н."" по адресу: Московская обл. г.о. Пушкинский, г. Ивантеевка, ул. Первомайская д. 39, корпус №1.";;'262503816535350380100101780014391244;;;14283522.77;RUB;0;;;;;;"ГОСУДАРСТВЕННОЕ БЮДЖЕТНОЕ УЧРЕЖДЕНИЕ ЗДРАВООХРАНЕНИЯ МОСКОВСКОЙ ОБЛАСТИ ""ПУШКИНСКАЯ КЛИНИЧЕСКАЯ БОЛЬНИЦА ИМ. ПРОФ. РОЗАНОВА В.Н.""";"ГОСУДАРСТВЕННОЕ БЮДЖЕТНОЕ УЧРЕЖДЕНИЕ ЗДРАВООХРАНЕНИЯ МОСКОВСКОЙ ОБЛАСТИ ""ПУШКИНСКАЯ КЛИНИЧЕСКАЯ БОЛЬНИЦА ИМ. ПРОФ. РОЗАНОВА В.Н.""";18.05.2026;28.05.2026;Закупка завершена;;;26.05.2026;
44-ФЗ;№0149200002326002466;Электронный аукцион;"Поставка медицинского изделия (Аппарат искусственной вентиляции легких анестезиологический, НКМИ 275750), ввод в эксплуатацию медицинского изделия, обучение правилам эксплуатации специалистов, эксплуатирующих медицинское изделие для филиалов ГОБУЗ ""МОКБ им. П.А. Баяндина""";;'262519080011451900100102730220000244;;;34800000.00;RUB;0;;;;;;"ГОСУДАРСТВЕННОЕ ОБЛАСТНОЕ БЮДЖЕТНОЕ УЧРЕЖДЕНИЕ ЗДРАВООХРАНЕНИЯ ""МУРМАНСКАЯ ОБЛАСТНАЯ КЛИНИЧЕСКАЯ БОЛЬНИЦА ИМЕНИ П.А. БАЯНДИНА""";КОМИТЕТ ПО КОНКУРЕНТНОЙ ПОЛИТИКЕ МУРМАНСКОЙ ОБЛАСТИ;08.05.2026;28.05.2026;Закупка завершена;;;18.05.2026;
44-ФЗ;№0376100002726000018;Электронный аукцион;Поставка системных блоков и мониторов, подключаемых к компьютеру;;'261010501417701050100100220012620244;;;6589760.00;RUB;0;;;;;;"ФЕДЕРАЛЬНОЕ ГОСУДАРСТВЕННОЕ БЮДЖЕТНОЕ ОБРАЗОВАТЕЛЬНОЕ УЧРЕЖДЕНИЕ ВЫСШЕГО ОБРАЗОВАНИЯ ""МАЙКОПСКИЙ ГОСУДАРСТВЕННЫЙ ТЕХНОЛОГИЧЕСКИЙ УНИВЕРСИТЕТ""";"ФЕДЕРАЛЬНОЕ ГОСУДАРСТВЕННОЕ БЮДЖЕТНОЕ ОБРАЗОВАТЕЛЬНОЕ УЧРЕЖДЕНИЕ ВЫСШЕГО ОБРАЗОВАНИЯ ""МАЙКОПСКИЙ ГОСУДАРСТВЕННЫЙ ТЕХНОЛОГИЧЕСКИЙ УНИВЕРСИТЕТ""";06.05.2026;28.05.2026;Закупка завершена;;;14.05.2026;
44-ФЗ;№0826500000926001540;Электронный аукцион;Поставка лекарственного препарата для медицинского применения  Акалабрутиниб на 2026 год;;'262311700092131170100101510012120323;;;5692491.00;RUB;0;;;;;;"ОБЛАСТНОЕ ГОСУДАРСТВЕННОЕ БЮДЖЕТНОЕ УЧРЕЖДЕНИЕ ЗДРАВООХРАНЕНИЯ ""РОВЕНЬСКАЯ ЦЕНТРАЛЬНАЯ РАЙОННАЯ БОЛЬНИЦА""";"ОБЛАСТНОЕ ГОСУДАРСТВЕННОЕ КАЗЕННОЕ УЧРЕЖДЕНИЕ БЕЛГОРОДСКОЙ ОБЛАСТИ ""ЦЕНТР ЗАКУПОК""";19.05.2026;28.05.2026;Закупка завершена;;;27.05.2026;
44-ФЗ;№0163600007026000122;Электронный аукцион;Выполнение работ по содержанию автомобильных дорог общего пользования местного значения, искусственных сооружений на них, расположенных на территориях подведомственных Перенскому и Любовскому территориальным комитетам Управления по развитию территорий Администрации муниципального образования «Рославльский муниципальный округ» Смоленской области;;'263672501292867250100100260018129244;;;8400000.00;RUB;0;;;;;;"УПРАВЛЕНИЕ ЖИЛИЩНО-КОММУНАЛЬНОГО ХОЗЯЙСТВА, ЭНЕРГЕТИКИ, ДОРОГ И ТРАНСПОРТА АДМИНИСТРАЦИИ МУНИЦИПАЛЬНОГО ОБРАЗОВАНИЯ ""РОСЛАВЛЬСКИЙ МУНИЦИПАЛЬНЫЙ ОКРУГ"" СМОЛЕНСКОЙ ОБЛАСТИ";"АДМИНИСТРАЦИЯ МУНИЦИПАЛЬНОГО ОБРАЗОВАНИЯ ""РОСЛАВЛЬСКИЙ МУНИЦИПАЛЬНЫЙ ОКРУГ"" СМОЛЕНСКОЙ ОБЛАСТИ";19.05.2026;28.05.2026;Закупка завершена;;;27.05.2026;
44-ФЗ;№0179200001726000269;Электронный аукцион;Поставка компьютерной техники.;;'262090102408509010100102490012620244;;;6584105.00;RUB;0;;;;;;МИНИСТЕРСТВО ЗДРАВООХРАНЕНИЯ КАРАЧАЕВО-ЧЕРКЕССКОЙ РЕСПУБЛИКИ;МИНИСТЕРСТВО ЗДРАВООХРАНЕНИЯ КАРАЧАЕВО-ЧЕРКЕССКОЙ РЕСПУБЛИКИ;19.05.2026;28.05.2026;Закупка завершена;;;27.05.2026;
44-ФЗ;№0381500000126000037;Электронный аукцион;Поставка эвакуатора с платформой ломаного типа;;'262236702591023780100100300012910244;;;7730000.00;RUB;0;;;;;;"МУНИЦИПАЛЬНОЕ БЮДЖЕТНОЕ УЧРЕЖДЕНИЕ ""ПАРКИ ФЕДЕРАЛЬНОЙ ТЕРРИТОРИИ ""СИРИУС""";"МУНИЦИПАЛЬНОЕ БЮДЖЕТНОЕ УЧРЕЖДЕНИЕ ""ПАРКИ ФЕДЕРАЛЬНОЙ ТЕРРИТОРИИ ""СИРИУС""";18.05.2026;28.05.2026;Закупка завершена;;;27.05.2026;
44-ФЗ;№0173200005026000001;Электронный аукцион;Оказание услуг по уборке помещений Департамента инвестиционной и промышленной политики города Москвы.;;'262771007197977030100100100010000244;;;5076177.80;RUB;0;;;;;;ДЕПАРТАМЕНТ ИНВЕСТИЦИОННОЙ И ПРОМЫШЛЕННОЙ ПОЛИТИКИ ГОРОДА МОСКВЫ;ДЕПАРТАМЕНТ ИНВЕСТИЦИОННОЙ И ПРОМЫШЛЕННОЙ ПОЛИТИКИ ГОРОДА МОСКВЫ;18.05.2026;28.05.2026;Закупка завершена;;;26.05.2026;
44-ФЗ;№0345100003326000063;Электронный аукцион;Ремонтно-восстановительные и наладочные работы на тестовом нейтронном спектрометре «Т-Спектр»;;'261470500185047050100100870013313244;;;6196666.67;RUB;0;;;;;;"ФЕДЕРАЛЬНОЕ ГОСУДАРСТВЕННОЕ БЮДЖЕТНОЕ УЧРЕЖДЕНИЕ ""ПЕТЕРБУРГСКИЙ ИНСТИТУТ ЯДЕРНОЙ ФИЗИКИ ИМ.Б.П.КОНСТАНТИНОВА НАЦИОНАЛЬНОГО ИССЛЕДОВАТЕЛЬСКОГО ЦЕНТРА ""КУРЧАТОВСКИЙ ИНСТИТУТ""";"ФЕДЕРАЛЬНОЕ ГОСУДАРСТВЕННОЕ БЮДЖЕТНОЕ УЧРЕЖДЕНИЕ ""ПЕТЕРБУРГСКИЙ ИНСТИТУТ ЯДЕРНОЙ ФИЗИКИ ИМ.Б.П.КОНСТАНТИНОВА НАЦИОНАЛЬНОГО ИССЛЕДОВАТЕЛЬСКОГО ЦЕНТРА ""КУРЧАТОВСКИЙ ИНСТИТУТ""";19.05.2026;28.05.2026;Закупка завершена;;;27.05.2026;
223-ФЗ;№32616059649;Иной способ;выполнение работ по капитальному ремонту  пищеблока, обеденного зала и прилегающих помещений в МАОУ СОШ №77 по адресу: г. Краснодар, посёлок Белозёрный 17/1;;;1;выполнение работ по капитальному ремонту  пищеблока, обеденного зала и прилегающих помещений в МАОУ СОШ №77 по адресу: г. Краснодар, посёлок Белозёрный 17/1;10582203.31;RUB;10582203.31;;;;43.39.19.190: Работы завершающие и отделочные в зданиях и сооружениях, прочие, не включенные в другие группировки;;МУНИЦИПАЛЬНОЕ АВТОНОМНОЕ ОБЩЕОБРАЗОВАТЕЛЬНОЕ УЧРЕЖДЕНИЕ МУНИЦИПАЛЬНОГО ОБРАЗОВАНИЯ ГОРОД КРАСНОДАР СРЕДНЯЯ ОБЩЕОБРАЗОВАТЕЛЬНАЯ ШКОЛА № 77 ИМЕНИ 9-Й ПЛАСТУНСКОЙ КРАСНОДАРСКОЙ ОРДЕНА КУТУЗОВА II СТЕПЕНИ И ОРДЕНА КРАСНОЙ ЗВЕЗДЫ ДИВИЗИИ;МУНИЦИПАЛЬНОЕ АВТОНОМНОЕ ОБЩЕОБРАЗОВАТЕЛЬНОЕ УЧРЕЖДЕНИЕ МУНИЦИПАЛЬНОГО ОБРАЗОВАНИЯ ГОРОД КРАСНОДАР СРЕДНЯЯ ОБЩЕОБРАЗОВАТЕЛЬНАЯ ШКОЛА № 77 ИМЕНИ 9-Й ПЛАСТУНСКОЙ КРАСНОДАРСКОЙ ОРДЕНА КУТУЗОВА II СТЕПЕНИ И ОРДЕНА КРАСНОЙ ЗВЕЗДЫ ДИВИЗИИ;28.05.2026;28.05.2026;Закупка завершена;;;28.05.2026 19:30;
44-ФЗ;№0358100011626000355;Электронный аукцион;Поставка лекарственных препаратов для медицинского применения МНН Эмпэгфилграстим (лот 60);;'261616703414261670100100221012120244;;;12453066.00;RUB;0;;;;;;"ФЕДЕРАЛЬНОЕ ГОСУДАРСТВЕННОЕ БЮДЖЕТНОЕ УЧРЕЖДЕНИЕ ""НАЦИОНАЛЬНЫЙ МЕДИЦИНСКИЙ ИССЛЕДОВАТЕЛЬСКИЙ ЦЕНТР ОНКОЛОГИИ"" МИНИСТЕРСТВА ЗДРАВООХРАНЕНИЯ РОССИЙСКОЙ ФЕДЕРАЦИИ";"ФЕДЕРАЛЬНОЕ ГОСУДАРСТВЕННОЕ БЮДЖЕТНОЕ УЧРЕЖДЕНИЕ ""НАЦИОНАЛЬНЫЙ МЕДИЦИНСКИЙ ИССЛЕДОВАТЕЛЬСКИЙ ЦЕНТР ОНКОЛОГИИ"" МИНИСТЕРСТВА ЗДРАВООХРАНЕНИЯ РОССИЙСКОЙ ФЕДЕРАЦИИ";20.05.2026;28.05.2026;Закупка завершена;;;28.05.2026;
44-ФЗ;№0105300000726000022;Электронный аукцион;"Выполнение работ по устройству объекта: ""Остановка ""Университет"" по адресу: Республика Калмыкия, г. Элиста, ул. Ленина""";;'263081414532608160100100170014299244;;;8000000.00;RUB;0;;;;;;УПРАВЛЕНИЕ ГОРОДСКОГО ХОЗЯЙСТВА,ТРАНСПОРТА И БЛАГОУСТРОЙСТВА АДМИНИСТРАЦИИ ГОРОДА ЭЛИСТЫ;АДМИНИСТРАЦИЯ ГОРОДА ЭЛИСТЫ;20.05.2026;28.05.2026;Закупка завершена;;;28.05.2026;
44-ФЗ;№0121200004726000599;Электронный аукцион;поставка лекарственного препарата для медицинского применения (Ленватиниб);;'262263209466326320100100400012120244;;;9067607.10;RUB;0;;;;;;"ГОСУДАРСТВЕННОЕ БЮДЖЕТНОЕ УЧРЕЖДЕНИЕ ЗДРАВООХРАНЕНИЯ СТАВРОПОЛЬСКОГО КРАЯ ""ПЯТИГОРСКИЙ МЕЖРАЙОННЫЙ ОНКОЛОГИЧЕСКИЙ ДИСПАНСЕР""";КОМИТЕТ СТАВРОПОЛЬСКОГО КРАЯ ПО ГОСУДАРСТВЕННЫМ ЗАКУПКАМ;19.05.2026;28.05.2026;Закупка завершена;;;27.05.2026;
44-ФЗ;№0127200000226003085;Электронный аукцион;Закупка гидравлического аварийно-спасательного оборудования;;'262323402348932570100100450012812244;;;7219148.31;RUB;0;;;;;;"ГОСУДАРСТВЕННОЕ КАЗЕННОЕ УЧРЕЖДЕНИЕ БРЯНСКОЙ ОБЛАСТИ ""БРЯНСКИЙ ПОЖАРНО-СПАСАТЕЛЬНЫЙ ЦЕНТР""";УПРАВЛЕНИЕ ГОСУДАРСТВЕННЫХ ЗАКУПОК БРЯНСКОЙ ОБЛАСТИ;18.05.2026;28.05.2026;Закупка завершена;;;26.05.2026;
44-ФЗ;№0132600032726000364;Электронный аукцион;Выполнение работ по модернизации светофорных объектов на ул. Веденяпина (на участке около д. №6 по ул. Веденяпина и д. №15 по ул. Героя Юрия Смирнова) г. Нижнего Новгорода в целях внедрения интеллектуальной транспортной системы в рамках реализации федерального проекта «Общесистемные меры развития дорожного хозяйства»;;'263526034535952620100100260104211244;;;15280055.44;RUB;0;;;;;;"МУНИЦИПАЛЬНОЕ КАЗЕННОЕ УЧРЕЖДЕНИЕ ""ЦЕНТР ОРГАНИЗАЦИИ ДОРОЖНОГО ДВИЖЕНИЯ ГОРОДА НИЖНЕГО НОВГОРОДА""";Департамент экономического развития и инвестиций администрации города Нижнего Новгорода;19.05.2026;28.05.2026;Закупка завершена;;;27.05.2026;
44-ФЗ;№0304200009026001058;Электронный аукцион;ЭА.26-779-01201R1110 поставка изделий медицинского назначения;;'262072106027807250100102350280000244;;;12634751.47;RUB;0;;;;;;"ГОСУДАРСТВЕННОЕ КАЗЕННОЕ УЧРЕЖДЕНИЕ ЗДРАВООХРАНЕНИЯ ""ФАРМЕДТЕХ"" МИНИСТЕРСТВА ЗДРАВООХРАНЕНИЯ КАБАРДИНО-БАЛКАРСКОЙ РЕСПУБЛИКИ";"ГОСУДАРСТВЕННОЕ КАЗЕННОЕ УЧРЕЖДЕНИЕ ЗДРАВООХРАНЕНИЯ ""ФАРМЕДТЕХ"" МИНИСТЕРСТВА ЗДРАВООХРАНЕНИЯ КАБАРДИНО-БАЛКАРСКОЙ РЕСПУБЛИКИ";03.05.2026;28.05.2026;Закупка завершена;;;12.05.2026;
44-ФЗ;№0132600032726000368;Электронный аукцион;Содержание автомобильных дорог на территории Автозаводского, Ленинского, Московского и Советского района г. Нижнего Новгорода ручным способом уборки внекатегорийных дорог, категории А, Б и В с 01 июля 2026г. по 30 сентября 2026г.;;'263525620156252560100100220015221244;;;48116028.12;RUB;0;;;;;;"МУНИЦИПАЛЬНОЕ БЮДЖЕТНОЕ УЧРЕЖДЕНИЕ ""РЕМОНТ И ЭКСПЛУАТАЦИЯ ДОРОГ""";Департамент экономического развития и инвестиций администрации города Нижнего Новгорода;20.05.2026;28.05.2026;Закупка завершена;;;28.05.2026;
44-ФЗ;№0373100047426000407;Электронный аукцион;"Поставка (изготовление) медицинских журналов и бланков для нужд ФГБУ ""НМХЦ им. Н.И.Пирогова"" Минздрава России";;'261773310856977190100101390011723244;;;5400000.00;RUB;0;;;;;;"ФЕДЕРАЛЬНОЕ ГОСУДАРСТВЕННОЕ БЮДЖЕТНОЕ УЧРЕЖДЕНИЕ ""НАЦИОНАЛЬНЫЙ МЕДИКО-ХИРУРГИЧЕСКИЙ ЦЕНТР ИМЕНИ Н.И.ПИРОГОВА"" МИНИСТЕРСТВА ЗДРАВООХРАНЕНИЯ РОССИЙСКОЙ ФЕДЕРАЦИИ";"ФЕДЕРАЛЬНОЕ ГОСУДАРСТВЕННОЕ БЮДЖЕТНОЕ УЧРЕЖДЕНИЕ ""НАЦИОНАЛЬНЫЙ МЕДИКО-ХИРУРГИЧЕСКИЙ ЦЕНТР ИМЕНИ Н.И.ПИРОГОВА"" МИНИСТЕРСТВА ЗДРАВООХРАНЕНИЯ РОССИЙСКОЙ ФЕДЕРАЦИИ";14.05.2026;28.05.2026;Закупка завершена;;;26.05.2026;
44-ФЗ;№0172200004926000140;Открытый конкурс в электронной форме;Выполнение общестроительных работ по ремонту помещений групп в здании ГБДОУ детский сад № 17 Приморского района Санкт-Петербурга в 2026 году.;;'262781404650478140100100110014339244;;;5810305.30;RUB;0;;;;;;ГОСУДАРСТВЕННОЕ БЮДЖЕТНОЕ ДОШКОЛЬНОЕ ОБРАЗОВАТЕЛЬНОЕ УЧРЕЖДЕНИЕ ДЕТСКИЙ САД № 17 КОМБИНИРОВАННОГО ВИДА ПРИМОРСКОГО РАЙОНА САНКТ-ПЕТЕРБУРГА;АДМИНИСТРАЦИЯ ПРИМОРСКОГО РАЙОНА САНКТ-ПЕТЕРБУРГА;07.05.2026;28.05.2026;Закупка завершена;;;25.05.2026;
223-ФЗ;№32615985132;Конкурс в электронной форме, участниками которого могут быть только субъекты малого и среднего предпринимательства;26Т0420010.0002. Приобретение (поставку) материалов для эксплуатации устройств печати для нужд ПАО «Россети Северо-Запад»;;;1;26Т0420010.0002. Приобретение (поставку) материалов для эксплуатации устройств печати для нужд ПАО «Россети Северо-Запад»;22727494.47;RUB;22727494.47;;;;28.23.25.000: Части и принадлежности прочих офисных машин;;"ПУБЛИЧНОЕ АКЦИОНЕРНОЕ ОБЩЕСТВО ""РОССЕТИ СЕВЕРО-ЗАПАД""";"ПУБЛИЧНОЕ АКЦИОНЕРНОЕ ОБЩЕСТВО ""РОССЕТИ СЕВЕРО-ЗАПАД""";06.05.2026;28.05.2026;Закупка завершена;;;14.05.2026 14:00;
44-ФЗ;№0304200009026001056;Электронный аукцион;ЭА.26-777-01201R1110 поставка изделий медицинского назначения;;'262072106027807250100102350260000244;;;18055479.00;RUB;0;;;;;;"ГОСУДАРСТВЕННОЕ КАЗЕННОЕ УЧРЕЖДЕНИЕ ЗДРАВООХРАНЕНИЯ ""ФАРМЕДТЕХ"" МИНИСТЕРСТВА ЗДРАВООХРАНЕНИЯ КАБАРДИНО-БАЛКАРСКОЙ РЕСПУБЛИКИ";"ГОСУДАРСТВЕННОЕ КАЗЕННОЕ УЧРЕЖДЕНИЕ ЗДРАВООХРАНЕНИЯ ""ФАРМЕДТЕХ"" МИНИСТЕРСТВА ЗДРАВООХРАНЕНИЯ КАБАРДИНО-БАЛКАРСКОЙ РЕСПУБЛИКИ";02.05.2026;28.05.2026;Закупка завершена;;;12.05.2026;
44-ФЗ;№0372100052926000420;Электронный аукцион;Поставка медицинских расходных материалов для нужд Отделения рентгенохирургических методов диагностики и лечения;;'261784246167978420100100291690000244;;;20622000.00;RUB;0;;;;;;"ФЕДЕРАЛЬНОЕ ГОСУДАРСТВЕННОЕ БЮДЖЕТНОЕ ОБРАЗОВАТЕЛЬНОЕ УЧРЕЖДЕНИЕ ВЫСШЕГО ОБРАЗОВАНИЯ ""СЕВЕРО-ЗАПАДНЫЙ ГОСУДАРСТВЕННЫЙ МЕДИЦИНСКИЙ УНИВЕРСИТЕТ ИМЕНИ И.И. МЕЧНИКОВА"" МИНИСТЕРСТВА ЗДРАВООХРАНЕНИЯ РОССИЙСКОЙ ФЕДЕРАЦИИ";"ФЕДЕРАЛЬНОЕ ГОСУДАРСТВЕННОЕ БЮДЖЕТНОЕ ОБРАЗОВАТЕЛЬНОЕ УЧРЕЖДЕНИЕ ВЫСШЕГО ОБРАЗОВАНИЯ ""СЕВЕРО-ЗАПАДНЫЙ ГОСУДАРСТВЕННЫЙ МЕДИЦИНСКИЙ УНИВЕРСИТЕТ ИМЕНИ И.И. МЕЧНИКОВА"" МИНИСТЕРСТВА ЗДРАВООХРАНЕНИЯ РОССИЙСКОЙ ФЕДЕРАЦИИ";14.05.2026;28.05.2026;Закупка завершена;;;26.05.2026;
44-ФЗ;№0372100052926000423;Электронный аукцион;Поставка продуктов питания;;'261784246167978420100100310070000244;;;15205806.00;RUB;0;;;;;;"ФЕДЕРАЛЬНОЕ ГОСУДАРСТВЕННОЕ БЮДЖЕТНОЕ ОБРАЗОВАТЕЛЬНОЕ УЧРЕЖДЕНИЕ ВЫСШЕГО ОБРАЗОВАНИЯ ""СЕВЕРО-ЗАПАДНЫЙ ГОСУДАРСТВЕННЫЙ МЕДИЦИНСКИЙ УНИВЕРСИТЕТ ИМЕНИ И.И. МЕЧНИКОВА"" МИНИСТЕРСТВА ЗДРАВООХРАНЕНИЯ РОССИЙСКОЙ ФЕДЕРАЦИИ";"ФЕДЕРАЛЬНОЕ ГОСУДАРСТВЕННОЕ БЮДЖЕТНОЕ ОБРАЗОВАТЕЛЬНОЕ УЧРЕЖДЕНИЕ ВЫСШЕГО ОБРАЗОВАНИЯ ""СЕВЕРО-ЗАПАДНЫЙ ГОСУДАРСТВЕННЫЙ МЕДИЦИНСКИЙ УНИВЕРСИТЕТ ИМЕНИ И.И. МЕЧНИКОВА"" МИНИСТЕРСТВА ЗДРАВООХРАНЕНИЯ РОССИЙСКОЙ ФЕДЕРАЦИИ";15.05.2026;28.05.2026;Закупка завершена;;;26.05.2026;
44-ФЗ;№0813500000126009071;Электронный аукцион;№ 24314 Услуги частной охраны (Выставление поста охраны) для дошкольных образовательных учреждений г. Глазова;;263183700609518370100100040018010244, 263182901065118370100100040018010244;;;17112417.60;RUB;0;;;;;;;"ГОСУДАРСТВЕННОЕ КАЗЕННОЕ УЧРЕЖДЕНИЕ УДМУРТСКОЙ РЕСПУБЛИКИ ""РЕГИОНАЛЬНЫЙ ЦЕНТР ЗАКУПОК УДМУРТСКОЙ РЕСПУБЛИКИ""";15.05.2026;28.05.2026;Закупка завершена;;;27.05.2026;
223-ФЗ;№32616012612;Конкурс в электронной форме, участниками которого могут быть только субъекты малого и среднего предпринимательства;Выполнение работ по ремонту многоквартирного дома;;;1;Выполнение работ по ремонту многоквартирного дома;40736709.12;RUB;40736709.12;;;;43.22.11.190: Работы по монтажу водопроводных и канализационных систем прочие, не включенные в другие группировки,41.20.30.100: Работы по возведению жилых зданий, кроме работ по сохранению и воссозданию объектов культурного наследия;;"ГОСУДАРСТВЕННОЕ БЮДЖЕТНОЕ УЧРЕЖДЕНИЕ ГОРОДА МОСКВЫ ""ЖИЛИЩНИК РАЙОНА БИРЮЛЕВО ЗАПАДНОЕ""";"ГОСУДАРСТВЕННОЕ БЮДЖЕТНОЕ УЧРЕЖДЕНИЕ ГОРОДА МОСКВЫ ""ЖИЛИЩНИК РАЙОНА БИРЮЛЕВО ЗАПАДНОЕ""";15.05.2026;28.05.2026;Закупка завершена;;;01.06.2026 06:00;
44-ФЗ;№0157200000326000571;Электронный аукцион на проведение работ по строительству, реконструкции, кап. ремонту, сносу объекта кап. строительства в соответствии с п. 8 ч. 1 ст. 33 Закона № 44-ФЗ;Капитальный ремонт автомобильной дороги общего пользования регионального значения Псков-Гдов-Сланцы-Кингисепп-Краколье (устройство недостающих автобусных остановок в д. Залахтовье) в Гдовском районе Псковской области (регистрационный номер: 600-А-ГЗ);;'262602714346260270100103000014211243;;;8573916.63;RUB;0;;;;;;"ГОСУДАРСТВЕННОЕ БЮДЖЕТНОЕ УЧРЕЖДЕНИЕ ПСКОВСКОЙ ОБЛАСТИ ""УПРАВЛЕНИЕ АВТОМОБИЛЬНЫХ ДОРОГ ПСКОВСКОЙ ОБЛАСТИ""";МИНИСТЕРСТВО КОНКУРЕНТНОЙ ПОЛИТИКИ ПСКОВСКОЙ ОБЛАСТИ;20.05.2026;28.05.2026;Закупка завершена;;;28.05.2026;
223-ФЗ;№32615871761;Иной способ;Выполнение работ по ремонту зданий и сооружений;;;1;Выполнение работ по ремонту зданий и сооружений;19701344.75;RUB;19701344.75;;;;43.29.19.190: Работы монтажные прочие, не включенные в другие группировки;;"ОБЩЕСТВО С ОГРАНИЧЕННОЙ ОТВЕТСТВЕННОСТЬЮ ""ГАЗПРОМ МЕТАНОЛ""";"АКЦИОНЕРНОЕ ОБЩЕСТВО ""ВОСТОКГАЗПРОМ""";02.04.2026;28.05.2026;Закупка завершена;;;22.05.2026 14:00;
44-ФЗ;№0172200004326000092;Электронный аукцион;Оказание услуг по выполнению календарного плана;;'262780402941178040100100090019319244;;;15370350.00;RUB;0;;;;;;ГОСУДАРСТВЕННОЕ БЮДЖЕТНОЕ УЧРЕЖДЕНИЕ ДОПОЛНИТЕЛЬНОГО ОБРАЗОВАНИЯ СПОРТИВНАЯ ШКОЛА № 2 КАЛИНИНСКОГО РАЙОНА САНКТ-ПЕТЕРБУРГА;АДМИНИСТРАЦИЯ КАЛИНИНСКОГО РАЙОНА САНКТ-ПЕТЕРБУРГА;20.05.2026;28.05.2026;Закупка завершена;;;28.05.2026;
44-ФЗ;№0373200082126000119;Электронный аукцион;Поставка программного обеспечения для аварийного восстановления данных и информационных систем ГУП «Мосгортранс»;;'262770500260277430100100450010000000;;;29593769.51;RUB;0;;;;;;"ГОСУДАРСТВЕННОЕ УНИТАРНОЕ ПРЕДПРИЯТИЕ ГОРОДА МОСКВЫ ""МОСГОРТРАНС""";"ГОСУДАРСТВЕННОЕ КАЗЕННОЕ УЧРЕЖДЕНИЕ ГОРОДА МОСКВЫ ""ДИРЕКЦИЯ ТРАНСПОРТНЫХ ЗАКУПОК""";13.04.2026;28.05.2026;Закупка завершена;;;21.04.2026;
44-ФЗ;№0372200219626000164;Электронный аукцион;Поставка операционного рентгеновского аппарата с электронно-оптическим преобразователем одно- или двухпроекционный с дугой (ручное или механическое орбитальное движение), 209270/Системы флюороскопической рентгеновской общего назначения передвижной, цифровой ;;'262781024853178100100101180012660244;;;27314805.33;RUB;0;;;;;;"САНКТ-ПЕТЕРБУРГСКОЕ ГОСУДАРСТВЕННОЕ БЮДЖЕТНОЕ УЧРЕЖДЕНИЕ ЗДРАВООХРАНЕНИЯ ""ГОРОДСКАЯ БОЛЬНИЦА № 26""";"САНКТ-ПЕТЕРБУРГСКОЕ ГОСУДАРСТВЕННОЕ КАЗЕННОЕ УЧРЕЖДЕНИЕ ""ДИРЕКЦИЯ ПО ЗАКУПКАМ КОМИТЕТА ПО ЗДРАВООХРАНЕНИЮ""";05.05.2026;28.05.2026;Закупка завершена;;;13.05.2026;
44-ФЗ;№0163200000326002537;Открытый конкурс в электронной форме;Выполнение работ и оказание услуг, связанных с одновременной подготовкой проектной документации, выполнением работ по капитальному ремонту объекта капитального строительства: Капитальный ремонт кровли здания учебного корпуса №2 и столовой СОГБПОУ «Починковский индустриально-технологический техникум», расположенных по адресу: 216450, Смоленская область, м.о. Починковский, г. Починок, ул. Садовая, д. 23А, д.17;;'262670002760167000100100100010000243;;;5560000.00;RUB;0;;;;;;"СМОЛЕНСКОЕ ОБЛАСТНОЕ ГОСУДАРСТВЕННОЕ БЮДЖЕТНОЕ ПРОФЕССИОНАЛЬНОЕ ОБРАЗОВАТЕЛЬНОЕ УЧРЕЖДЕНИЕ ""ПОЧИНКОВСКИЙ ИНДУСТРИАЛЬНО-ТЕХНОЛОГИЧЕСКИЙ ТЕХНИКУМ""";ГЛАВНОЕ УПРАВЛЕНИЕ СМОЛЕНСКОЙ ОБЛАСТИ ПО РЕГУЛИРОВАНИЮ КОНТРАКТНОЙ СИСТЕМЫ;08.05.2026;28.05.2026;Закупка завершена;;;25.05.2026;
44-ФЗ;№0173200001426000927;Запрос котировок в электронной форме;Поставка лекарственного препарата (Этанерцепт) для обеспечения граждан, имеющих право на получение государственной социальной помощи в городе Москве (УНЗ: Z2618137 - повторная закупка);;'262771433860977140100115460010000323;;;158927560.00;RUB;0;;;;;;"ГОСУДАРСТВЕННОЕ КАЗЕННОЕ УЧРЕЖДЕНИЕ ГОРОДА МОСКВЫ ""АГЕНТСТВО ПО ЗАКУПКАМ (КОНТРАКТНАЯ СЛУЖБА) ДЕПАРТАМЕНТА ЗДРАВООХРАНЕНИЯ ГОРОДА МОСКВЫ""";ДЕПАРТАМЕНТ ГОРОДА МОСКВЫ ПО КОНКУРЕНТНОЙ ПОЛИТИКЕ;25.05.2026;28.05.2026;Определение поставщика отменено;;;01.06.2026;
44-ФЗ;№0373100040326000024;Запрос котировок в электронной форме;На оказание услуг по организации экспозиции Минтранса России в Совете Федерации Федерального Собрания Российской Федерации, посвященной национальному проекту «Эффективная транспортная система»;;'261770411620577080100100230018230244;;;7000000.00;RUB;0;;;;;;"ФЕДЕРАЛЬНОЕ ГОСУДАРСТВЕННОЕ БЮДЖЕТНОЕ УЧРЕЖДЕНИЕ ""СИТУАЦИОННО-ИНФОРМАЦИОННЫЙ ЦЕНТР МИНИСТЕРСТВА ТРАНСПОРТА РОССИЙСКОЙ ФЕДЕРАЦИИ""";"ФЕДЕРАЛЬНОЕ ГОСУДАРСТВЕННОЕ БЮДЖЕТНОЕ УЧРЕЖДЕНИЕ ""СИТУАЦИОННО-ИНФОРМАЦИОННЫЙ ЦЕНТР МИНИСТЕРСТВА ТРАНСПОРТА РОССИЙСКОЙ ФЕДЕРАЦИИ""";21.05.2026;28.05.2026;Закупка завершена;;;28.05.2026;
44-ФЗ;№0373200068626000300;Электронный аукцион;Оказание услуг по организации выездных учебно-тренировочных мероприятий по плаванию в 2026 г.;;'262772027023677200100100080010000244;;;9986260.00;RUB;0;;;;;;"ГОСУДАРСТВЕННОЕ БЮДЖЕТНОЕ УЧРЕЖДЕНИЕ ДОПОЛНИТЕЛЬНОГО ОБРАЗОВАНИЯ ГОРОДА МОСКВЫ СПОРТИВНАЯ ШКОЛА ОЛИМПИЙСКОГО РЕЗЕРВА ""МОСКОВСКАЯ АКАДЕМИЯ ПЛАВАНИЯ"" ДЕПАРТАМЕНТА СПОРТА ГОРОДА МОСКВЫ";"ГОСУДАРСТВЕННОЕ КАЗЕННОЕ УЧРЕЖДЕНИЕ ГОРОДА МОСКВЫ ""СЛУЖБА МОНИТОРИНГА И ТЕХНИЧЕСКОГО КОНТРОЛЯ"" ДЕПАРТАМЕНТА СПОРТА ГОРОДА МОСКВЫ";20.05.2026;28.05.2026;Закупка завершена;;;28.05.2026;
44-ФЗ;№0162300000826000107;Открытый конкурс в электронной форме;Оказание услуги по организации питания учащихся;;'263666801615166230100100050015629244;;;31204229.23;RUB;0;;;;;;МУНИЦИПАЛЬНОЕ БЮДЖЕТНОЕ ОБЩЕОБРАЗОВАТЕЛЬНОЕ УЧРЕЖДЕНИЕ СРЕДНЯЯ ОБЩЕОБРАЗОВАТЕЛЬНАЯ ШКОЛА № 71;АДМИНИСТРАЦИЯ ГОРОДА НИЖНИЙ ТАГИЛ;03.04.2026;28.05.2026;Закупка завершена;;;20.04.2026;
44-ФЗ;№0190200000326005780;Запрос котировок в электронной форме;Поставка лабораторной установки и стенда в рамках реализации федерального проекта «Профессионалитет»;;'262890401281589040100100010250000244;;;6013190.27;RUB;0;;;;;;"ГОСУДАРСТВЕННОЕ БЮДЖЕТНОЕ ПРОФЕССИОНАЛЬНОЕ ОБРАЗОВАТЕЛЬНОЕ УЧРЕЖДЕНИЕ ЯМАЛО-НЕНЕЦКОГО АВТОНОМНОГО ОКРУГА ""НОВОУРЕНГОЙСКИЙ МНОГОПРОФИЛЬНЫЙ КОЛЛЕДЖ""";ДЕПАРТАМЕНТ ГОСУДАРСТВЕННОГО ЗАКАЗА ЯМАЛО-НЕНЕЦКОГО АВТОНОМНОГО ОКРУГА;18.05.2026;28.05.2026;Закупка завершена;;;26.05.2026;
44-ФЗ;№0848300051126000061;Электронный аукцион;Поставка аварийного запаса для аварийно-диспетчерских служб для локализации и ликвидации последствий аварий на объектах водоснабжения и водоотведения;;'263502611720350270100100550010000000;;;14976041.10;RUB;0;;;;;;УПРАВЛЕНИЕ ЖИЛИЩНО-КОММУНАЛЬНОГО ХОЗЯЙСТВА И РАЗВИТИЯ ГОРОДСКОЙ ИНФРАСТРУКТУРЫ ГОРОДА ЛЫТКАРИНО;"МУНИЦИПАЛЬНОЕ КАЗЕННОЕ УЧРЕЖДЕНИЕ ""КОМИТЕТ ПО ТОРГАМ ГОРОДА ЛЫТКАРИНО""";20.05.2026;28.05.2026;Определение поставщика отменено;;;29.05.2026;
44-ФЗ;№0373100086926000391;Электронный аукцион;Поставка изделий медицинского назначения (перчатки (лот 1));;'261773458113677340100100320400000244;;;9220284.00;RUB;0;;;;;;"ФЕДЕРАЛЬНОЕ ГОСУДАРСТВЕННОЕ БЮДЖЕТНОЕ УЧРЕЖДЕНИЕ ""ГОСУДАРСТВЕННЫЙ НАУЧНЫЙ ЦЕНТР РОССИЙСКОЙ ФЕДЕРАЦИИ - ФЕДЕРАЛЬНЫЙ МЕДИЦИНСКИЙ БИОФИЗИЧЕСКИЙ ЦЕНТР ИМЕНИ А.И. БУРНАЗЯНА""";"ФЕДЕРАЛЬНОЕ ГОСУДАРСТВЕННОЕ БЮДЖЕТНОЕ УЧРЕЖДЕНИЕ ""ГОСУДАРСТВЕННЫЙ НАУЧНЫЙ ЦЕНТР РОССИЙСКОЙ ФЕДЕРАЦИИ - ФЕДЕРАЛЬНЫЙ МЕДИЦИНСКИЙ БИОФИЗИЧЕСКИЙ ЦЕНТР ИМЕНИ А.И. БУРНАЗЯНА""";15.05.2026;28.05.2026;Закупка завершена;;;26.05.2026;
44-ФЗ;№0372200007126000049;Запрос котировок в электронной форме;Оказание услуг по уборке помещений и прилегающей территории ;;'262781308819578420100100200028121244;;;9920038.20;RUB;0;;;;;;"САНКТ-ПЕТЕРБУРГСКОЕ ГОСУДАРСТВЕННОЕ БЮДЖЕТНОЕ УЧРЕЖДЕНИЕ ""ДИРЕКЦИЯ ПО УПРАВЛЕНИЮ ОБЪЕКТАМИ АДМИНИСТРАТИВНОГО НАЗНАЧЕНИЯ""";"САНКТ-ПЕТЕРБУРГСКОЕ ГОСУДАРСТВЕННОЕ БЮДЖЕТНОЕ УЧРЕЖДЕНИЕ ""ДИРЕКЦИЯ ПО УПРАВЛЕНИЮ ОБЪЕКТАМИ АДМИНИСТРАТИВНОГО НАЗНАЧЕНИЯ""";12.05.2026;28.05.2026;Закупка завершена;;;19.05.2026;
44-ФЗ;№0373200625126000004;Электронный аукцион;Оказание услуг по химчистке текстильных изделий и мягкого инвентаря;;262772673784877260100100190010000244, 262772631637477260100100160010000244, 262772664391077260100100300010000244, 262772628741277260100100200010000244, 262773711905777240100100210010000244, 262772671153677260100100250010000244, 262772630848677260100100220010000244, 262772618059677260100100220010000244, 262772607661277260100100300010000244, 262772672699877260100100170010000244, 262772670556477260100100260010000244;;;5980663.00;RUB;0;;;;;;;"ГОСУДАРСТВЕННОЕ БЮДЖЕТНОЕ ОБЩЕОБРАЗОВАТЕЛЬНОЕ УЧРЕЖДЕНИЕ ГОРОДА МОСКВЫ ""ШКОЛА № 1450 ""ОЛИМП""";20.05.2026;28.05.2026;Закупка завершена;;;28.05.2026;
44-ФЗ;№0136500001126003070;Запрос котировок в электронной форме;Поставка лекарственных препаратов для медицинского применения (Сатрализумаб) на 2026 год 23-ЗО;;'262690504495069500100100012530000323;;;5177321.84;RUB;0;;;;;;МИНИСТЕРСТВО ЗДРАВООХРАНЕНИЯ ТВЕРСКОЙ ОБЛАСТИ;КОМИТЕТ ГОСУДАРСТВЕННОГО ЗАКАЗА ТВЕРСКОЙ ОБЛАСТИ;19.05.2026;28.05.2026;Закупка завершена;;;27.05.2026;
44-ФЗ;№0136500001126003069;Запрос котировок в электронной форме;Поставка лекарственных препаратов для медицинского применения (Селексипаг) на 2026 год 23-ЗО;;'262690504495069500100100012540000323;;;9892890.00;RUB;0;;;;;;МИНИСТЕРСТВО ЗДРАВООХРАНЕНИЯ ТВЕРСКОЙ ОБЛАСТИ;КОМИТЕТ ГОСУДАРСТВЕННОГО ЗАКАЗА ТВЕРСКОЙ ОБЛАСТИ;19.05.2026;28.05.2026;Закупка завершена;;;27.05.2026;
44-ФЗ;№0873200009526000033;Электронный аукцион;Выполнение работ по приведению в нормативное техническое состояние тепловых энергоустановок и сетей теплоснабжения в целях обеспечения бесперебойного ресурсоснабжения объектов Департамента здравоохранения города Москвы;;'262771925351877100100100510010000244;;;23765903.62;RUB;0;;;;;;"ГОСУДАРСТВЕННОЕ КАЗЕННОЕ УЧРЕЖДЕНИЕ ГОРОДА МОСКВЫ ""СОЦЭНЕРГО ДЕПАРТАМЕНТА ЗДРАВООХРАНЕНИЯ ГОРОДА МОСКВЫ""";"ГОСУДАРСТВЕННОЕ КАЗЕННОЕ УЧРЕЖДЕНИЕ ГОРОДА МОСКВЫ ""СОЦЭНЕРГО ДЕПАРТАМЕНТА ЗДРАВООХРАНЕНИЯ ГОРОДА МОСКВЫ""";20.05.2026;28.05.2026;Закупка завершена;;;28.05.2026;
223-ФЗ;№32616000493;Аукцион в электронной форме, участниками которого могут быть только субъекты малого и среднего предпринимательства;Право заключения договора на ОКПД2 25.94.11 Поставка крепёжных и химических анкеров в рамках реализации проекта «Реконструкция энергетического производственно-технологического комплекса Владивостокской ТЭЦ-2 с заменой турбоагрегатов ст. №№1, 2, 3 и установкой 3-х котлоагрегатов по 540 т/ч каждый» Этап Реконструкции №3 (лот № 0374-КС ДОХ-2026-УСГС);;;1;ОКПД2 25.94.11 Поставка крепёжных и химических анкеров в рамках реализации проекта «Реконструкция энергетического производственно-технологического комплекса Владивостокской ТЭЦ-2 с заменой турбоагрегатов ст. №№1, 2, 3 и установкой 3-х котлоагрегатов по 540 т/ч каждый» Этап Реконструкции №3;18327218.00;RUB;18327218.00;;;;25.94.11: Изделия крепежные резьбовые из черных металлов, не включенные в другие группировки;;"АКЦИОНЕРНОЕ ОБЩЕСТВО ""УСТЬ-СРЕДНЕКАНГЭССТРОЙ""";"АКЦИОНЕРНОЕ ОБЩЕСТВО ""УСТЬ-СРЕДНЕКАНГЭССТРОЙ""";13.05.2026;28.05.2026;Закупка завершена;;;22.05.2026 16:00;
44-ФЗ;№0895100000126000652;Электронный аукцион;Поставка специализированных автотранспортных средств для отбора и доставки проб (передвижная лаборатория);;'261910229920291020100100320052910244;;;7180000.00;RUB;0;;;;;;АЗОВО-ЧЕРНОМОРСКОЕ МЕЖРЕГИОНАЛЬНОЕ УПРАВЛЕНИЕ ФЕДЕРАЛЬНОЙ СЛУЖБЫ ПО ВЕТЕРИНАРНОМУ И ФИТОСАНИТАРНОМУ НАДЗОРУ;"ФЕДЕРАЛЬНОЕ КАЗЕННОЕ УЧРЕЖДЕНИЕ ""ЦЕНТР ПО ОБЕСПЕЧЕНИЮ ДЕЯТЕЛЬНОСТИ КАЗНАЧЕЙСТВА РОССИИ""";19.05.2026;28.05.2026;Закупка завершена;;;27.05.2026;
44-ФЗ;№0373200082126000191;Электронный аукцион;Выполнение работ по сборке дополнительного оборудования на специализированных транспортных средствах Заказчика;;'262771035088477220100100550010000244;;;5906666.68;RUB;0;;;;;;ГОСУДАРСТВЕННОЕ КАЗЕННОЕ УЧРЕЖДЕНИЕ ГОРОДА МОСКВЫ - ЦЕНТР ОРГАНИЗАЦИИ ДОРОЖНОГО ДВИЖЕНИЯ ПРАВИТЕЛЬСТВА МОСКВЫ;"ГОСУДАРСТВЕННОЕ КАЗЕННОЕ УЧРЕЖДЕНИЕ ГОРОДА МОСКВЫ ""ДИРЕКЦИЯ ТРАНСПОРТНЫХ ЗАКУПОК""";18.05.2026;28.05.2026;Закупка завершена;;;26.05.2026;
44-ФЗ;№0873200009526000032;Электронный аукцион;Выполнение работ по приведению в нормативное техническое состояние оборудования индивидуального теплового пункта;;'262771925351877100100100430010000244;;;17067279.76;RUB;0;;;;;;"ГОСУДАРСТВЕННОЕ КАЗЕННОЕ УЧРЕЖДЕНИЕ ГОРОДА МОСКВЫ ""СОЦЭНЕРГО ДЕПАРТАМЕНТА ЗДРАВООХРАНЕНИЯ ГОРОДА МОСКВЫ""";"ГОСУДАРСТВЕННОЕ КАЗЕННОЕ УЧРЕЖДЕНИЕ ГОРОДА МОСКВЫ ""СОЦЭНЕРГО ДЕПАРТАМЕНТА ЗДРАВООХРАНЕНИЯ ГОРОДА МОСКВЫ""";20.05.2026;28.05.2026;Закупка завершена;;;28.05.2026;
44-ФЗ;№0373200307326000108;Электронный аукцион;"Аукцион в электронной форме на право заключения контракта на поставку средства для обработки металлических поверхностей для нужд ГБУ ""Автомобильные дороги""";;'262772765679077140100104430010000244;;;28876400.92;RUB;0;;;;;;"ГОСУДАРСТВЕННОЕ БЮДЖЕТНОЕ УЧРЕЖДЕНИЕ ГОРОДА МОСКВЫ ""АВТОМОБИЛЬНЫЕ ДОРОГИ""";"ГОСУДАРСТВЕННОЕ БЮДЖЕТНОЕ УЧРЕЖДЕНИЕ ГОРОДА МОСКВЫ ""АВТОМОБИЛЬНЫЕ ДОРОГИ""";30.04.2026;28.05.2026;Закупка завершена;;;08.05.2026;
223-ФЗ;№32615861131;Аукцион в электронной форме, участниками которого могут быть только субъекты малого и среднего предпринимательства;Поставка товаров (шторы рулонные) для оснащения образовательных учреждений после капитального ремонта в 2026 году (КР2026-293);;;1;Поставка товаров (шторы рулонные) для оснащения образовательных учреждений после капитального ремонта в 2026 году (КР2026-293);53405604.48;RUB;53405604.48;;;;13.92.22.120: Навесы и маркизы (шторы от солнца);;"ГОСУДАРСТВЕННОЕ АВТОНОМНОЕ УЧРЕЖДЕНИЕ ГОРОДА МОСКВЫ ""ЦЕНТР ТЕХНИЧЕСКОГО ОСНАЩЕНИЯ И МОДЕРНИЗАЦИИ ОБРАЗОВАНИЯ""";ДЕПАРТАМЕНТ ГОРОДА МОСКВЫ ПО КОНКУРЕНТНОЙ ПОЛИТИКЕ;31.03.2026;28.05.2026;Закупка завершена;;;07.04.2026 10:00;
44-ФЗ;№0149200002326002740;Электронный аукцион на проведение работ по строительству, реконструкции, кап. ремонту, сносу объекта кап. строительства в соответствии с п. 8 ч. 1 ст. 33 Закона № 44-ФЗ;Выполнение работ по обустройству пешеходного тротуара вдоль автомобильной дороги от остановочного комплекса до пешеходного перехода по ул. Гагарина - ул. Душенова, включая реконструкцию данной дороги с организацией на ней кругового движения;;'263511602058051130100100460014211414;;;122062919.18;RUB;0;;;;;;"МУНИЦИПАЛЬНОЕ КАЗЕННОЕ УЧРЕЖДЕНИЕ ""ОТДЕЛ КАПИТАЛЬНОГО СТРОИТЕЛЬСТВА ЗАТО АЛЕКСАНДРОВСК""";КОМИТЕТ ПО КОНКУРЕНТНОЙ ПОЛИТИКЕ МУРМАНСКОЙ ОБЛАСТИ;19.05.2026;28.05.2026;Закупка завершена;;;28.05.2026;
44-ФЗ;№0353100008826000049;Электронный аукцион;Рыба трескообразная мороженая в рамках государственного оборонного заказа;;'261561202923856120100100000701020223;;;13579650.00;RUB;0;;;;;;"ФЕДЕРАЛЬНОЕ КАЗЕННОЕ УЧРЕЖДЕНИЕ ""БАЗА МАТЕРИАЛЬНО-ТЕХНИЧЕСКОГО И ВОЕННОГО СНАБЖЕНИЯ УПРАВЛЕНИЯ ФЕДЕРАЛЬНОЙ СЛУЖБЫ ИСПОЛНЕНИЯ НАКАЗАНИЙ ПО ОРЕНБУРГСКОЙ ОБЛАСТИ""";"ФЕДЕРАЛЬНОЕ КАЗЕННОЕ УЧРЕЖДЕНИЕ ""БАЗА МАТЕРИАЛЬНО-ТЕХНИЧЕСКОГО И ВОЕННОГО СНАБЖЕНИЯ УПРАВЛЕНИЯ ФЕДЕРАЛЬНОЙ СЛУЖБЫ ИСПОЛНЕНИЯ НАКАЗАНИЙ ПО ОРЕНБУРГСКОЙ ОБЛАСТИ""";19.05.2026;28.05.2026;Закупка завершена;;;27.05.2026;
44-ФЗ;№0815500000526007322;Электронный аукцион;Поставка лекарственных препаратов ЦЕТУКСИМАБ;;'262212600312321300100100073030000000;;;99982380.00;RUB;0;;;;;;"ГОСУДАРСТВЕННОЕ УНИТАРНОЕ ПРЕДПРИЯТИЕ ЧУВАШСКОЙ РЕСПУБЛИКИ ""ФАРМАЦИЯ"" МИНИСТЕРСТВА ЗДРАВООХРАНЕНИЯ ЧУВАШСКОЙ РЕСПУБЛИКИ";"КАЗЕННОЕ УЧРЕЖДЕНИЕ ЧУВАШСКОЙ РЕСПУБЛИКИ ""РЕГИОНАЛЬНЫЙ ЦЕНТР ЗАКУПОК ЧУВАШСКОЙ РЕСПУБЛИКИ""";19.05.2026;28.05.2026;Закупка завершена;;;27.05.2026;
44-ФЗ;№0358100011626000354;Электронный аукцион;Поставка реагентов для проведения лабораторных исследований (лот 59.2) для СМП и СОНО;;'261616703414261670100100400980000244;;;5581610.22;RUB;0;;;;;;"ФЕДЕРАЛЬНОЕ ГОСУДАРСТВЕННОЕ БЮДЖЕТНОЕ УЧРЕЖДЕНИЕ ""НАЦИОНАЛЬНЫЙ МЕДИЦИНСКИЙ ИССЛЕДОВАТЕЛЬСКИЙ ЦЕНТР ОНКОЛОГИИ"" МИНИСТЕРСТВА ЗДРАВООХРАНЕНИЯ РОССИЙСКОЙ ФЕДЕРАЦИИ";"ФЕДЕРАЛЬНОЕ ГОСУДАРСТВЕННОЕ БЮДЖЕТНОЕ УЧРЕЖДЕНИЕ ""НАЦИОНАЛЬНЫЙ МЕДИЦИНСКИЙ ИССЛЕДОВАТЕЛЬСКИЙ ЦЕНТР ОНКОЛОГИИ"" МИНИСТЕРСТВА ЗДРАВООХРАНЕНИЯ РОССИЙСКОЙ ФЕДЕРАЦИИ";20.05.2026;28.05.2026;Закупка завершена;;;28.05.2026;
44-ФЗ;№0142200001326011317;Электронный аукцион;"Поставка интраокулярных линз для нужд Государственного бюджетного учреждения здравоохранения ""Самарская областная клиническая офтальмологическая больница имени Т.И. Ерошевского"".";;'262631602761063160100101340013250244;;;6673000.00;RUB;0;;;;;;"ГОСУДАРСТВЕННОЕ БЮДЖЕТНОЕ УЧРЕЖДЕНИЕ ЗДРАВООХРАНЕНИЯ ""САМАРСКАЯ ОБЛАСТНАЯ КЛИНИЧЕСКАЯ ОФТАЛЬМОЛОГИЧЕСКАЯ БОЛЬНИЦА ИМЕНИ Т.И. ЕРОШЕВСКОГО""";КОМИТЕТ ПО ОРГАНИЗАЦИИ ТОРГОВ САМАРСКОЙ ОБЛАСТИ;19.05.2026;28.05.2026;Закупка завершена;;;27.05.2026;
44-ФЗ;№0358100011626000353;Электронный аукцион;Поставка реагентов для проведения лабораторных исследований (лот 59.1) ;;'261616703414261670100100400940000244;;;22810460.70;RUB;0;;;;;;"ФЕДЕРАЛЬНОЕ ГОСУДАРСТВЕННОЕ БЮДЖЕТНОЕ УЧРЕЖДЕНИЕ ""НАЦИОНАЛЬНЫЙ МЕДИЦИНСКИЙ ИССЛЕДОВАТЕЛЬСКИЙ ЦЕНТР ОНКОЛОГИИ"" МИНИСТЕРСТВА ЗДРАВООХРАНЕНИЯ РОССИЙСКОЙ ФЕДЕРАЦИИ";"ФЕДЕРАЛЬНОЕ ГОСУДАРСТВЕННОЕ БЮДЖЕТНОЕ УЧРЕЖДЕНИЕ ""НАЦИОНАЛЬНЫЙ МЕДИЦИНСКИЙ ИССЛЕДОВАТЕЛЬСКИЙ ЦЕНТР ОНКОЛОГИИ"" МИНИСТЕРСТВА ЗДРАВООХРАНЕНИЯ РОССИЙСКОЙ ФЕДЕРАЦИИ";20.05.2026;28.05.2026;Закупка завершена;;;28.05.2026;
44-ФЗ;№0173100009526000034;Открытый конкурс в электронной форме;Оказание услуг по технической поддержке автоматизированной информационной системы «Бюджетного и управленческого учета, составления отчетности» Министерства промышленности и торговли Российской Федерации, шифр «Сопровождение БУ 2026-2028»;;'261770559633977030100100860016203242;;;45000000.00;RUB;0;;;;;;МИНИСТЕРСТВО ПРОМЫШЛЕННОСТИ И ТОРГОВЛИ РОССИЙСКОЙ ФЕДЕРАЦИИ;МИНИСТЕРСТВО ПРОМЫШЛЕННОСТИ И ТОРГОВЛИ РОССИЙСКОЙ ФЕДЕРАЦИИ;12.05.2026;28.05.2026;Закупка завершена;;;28.05.2026;
223-ФЗ;№32616013522;Иной способ;Поставка протяжек;;;1;Поставка протяжек;6919559.25;RUB;6919559.25;;;;25.73.40.180: Протяжки;;"ОБЩЕСТВО С ОГРАНИЧЕННОЙ ОТВЕТСТВЕННОСТЬЮ ""ЛЕБЕДЯНСКИЙ МАШИНОСТРОИТЕЛЬНЫЙ ЗАВОД""";"ОБЩЕСТВО С ОГРАНИЧЕННОЙ ОТВЕТСТВЕННОСТЬЮ ""ПРОИЗВОДСТВЕННАЯ КОМПАНИЯ ""БОРЕЦ""";15.05.2026;28.05.2026;Закупка завершена;;;25.05.2026 09:00;
223-ФЗ;№32615869626;Конкурс в электронной форме, участниками которого могут быть только субъекты малого и среднего предпринимательства;Право заключения договора для нужд АО «Сахаэнерго» по лоту: «ОКПД-2 42.22.22.140 Выполнение работ (включая поставку) по капитальному ремонту линий электропередач п. Депутатский Усть-Янского района Республики Саха (Якутия)» (Лот № 26601-РЕМ ПРОД-2026-СахаЭ);;;1;ОКПД-2 42.22.22.140 Выполнение работ (включая поставку) по капитальному ремонту линий электропередач п. Депутатский Усть-Янского района Республики Саха (Якутия) (лот №26601-РЕМ ПРОД-2026-СахаЭ);90989878.32;RUB;90989878.32;;;;42.22.22.140: Работы по ремонту местных линий электропередачи и связи;;"АКЦИОНЕРНОЕ ОБЩЕСТВО ""САХАЭНЕРГО""";"АКЦИОНЕРНОЕ ОБЩЕСТВО ""РУСГИДРО СНАБЖЕНИЕ""";02.04.2026;28.05.2026;Закупка завершена;;;29.04.2026 16:00;
44-ФЗ;№0573100024326000038;Запрос котировок в электронной форме;Поставка средств автотранспортных;;'261770643326377060100100380012910244;;;7600000.00;RUB;0;;;;;;"ФЕДЕРАЛЬНОЕ ГОСУДАРСТВЕННОЕ БЮДЖЕТНОЕ УЧРЕЖДЕНИЕ ""ВСЕРОССИЙСКИЙ НАУЧНО-ИССЛЕДОВАТЕЛЬСКИЙ ИНСТИТУТ МИНЕРАЛЬНОГО СЫРЬЯ ИМ. Н.М. ФЕДОРОВСКОГО""";"ФЕДЕРАЛЬНОЕ ГОСУДАРСТВЕННОЕ БЮДЖЕТНОЕ УЧРЕЖДЕНИЕ ""ВСЕРОССИЙСКИЙ НАУЧНО-ИССЛЕДОВАТЕЛЬСКИЙ ИНСТИТУТ МИНЕРАЛЬНОГО СЫРЬЯ ИМ. Н.М. ФЕДОРОВСКОГО""";20.05.2026;28.05.2026;Закупка завершена;;;27.05.2026;
223-ФЗ;№32616026651;Иной способ;Поставка автомобилей Газель Бизнес 330232, Газель Бизнес 27057 или эквивалент для нужд ОП Сургут ООО «ГЭХ Автотранс»;;;1;Поставка автомобилей Газель Бизнес 330232, Газель Бизнес 27057 или эквивалент для нужд ОП Сургут ООО «ГЭХ Автотранс»;6614269.00;RUB;6614269.00;;;;29.10.42.111: Автомобили грузовые с бензиновым двигателем, имеющие технически допустимую максимальную массу не более 3,5 т;;"ОБЩЕСТВО С ОГРАНИЧЕННОЙ ОТВЕТСТВЕННОСТЬЮ ""ГЭХ АВТОТРАНС""";"ОБЩЕСТВО С ОГРАНИЧЕННОЙ ОТВЕТСТВЕННОСТЬЮ ""ГЭХ АВТОТРАНС""";20.05.2026;28.05.2026;Закупка завершена;;;01.06.2026 14:00;
44-ФЗ;№0573100024326000040;Запрос котировок в электронной форме;Поставка буровых реагентов;;'261770643326377060100100310020000244;;;5998567.15;RUB;0;;;;;;"ФЕДЕРАЛЬНОЕ ГОСУДАРСТВЕННОЕ БЮДЖЕТНОЕ УЧРЕЖДЕНИЕ ""ВСЕРОССИЙСКИЙ НАУЧНО-ИССЛЕДОВАТЕЛЬСКИЙ ИНСТИТУТ МИНЕРАЛЬНОГО СЫРЬЯ ИМ. Н.М. ФЕДОРОВСКОГО""";"ФЕДЕРАЛЬНОЕ ГОСУДАРСТВЕННОЕ БЮДЖЕТНОЕ УЧРЕЖДЕНИЕ ""ВСЕРОССИЙСКИЙ НАУЧНО-ИССЛЕДОВАТЕЛЬСКИЙ ИНСТИТУТ МИНЕРАЛЬНОГО СЫРЬЯ ИМ. Н.М. ФЕДОРОВСКОГО""";20.05.2026;28.05.2026;Закупка завершена;;;27.05.2026;
44-ФЗ;№0184200000626000480;Электронный аукцион;поставка (включая установку, монтаж, наладку, введение в эксплуатацию) системы пожарной сигнализации и системы оповещения и управления эвакуацией людей при пожаре;;'262298300389829830100100650012630244;;;5953011.06;RUB;0;;;;;;"КАЗЕННОЕ УЧРЕЖДЕНИЕ НЕНЕЦКОГО АВТОНОМНОГО ОКРУГА ""СЛУЖБА МАТЕРИАЛЬНО-ТЕХНИЧЕСКОГО ОБЕСПЕЧЕНИЯ ДЕЯТЕЛЬНОСТИ ОРГАНОВ ГОСУДАРСТВЕННОЙ ВЛАСТИ НЕНЕЦКОГО АВТОНОМНОГО ОКРУГА""";УПРАВЛЕНИЕ ГОСУДАРСТВЕННОГО ЗАКАЗА НЕНЕЦКОГО АВТОНОМНОГО ОКРУГА;05.05.2026;28.05.2026;Закупка завершена;;;14.05.2026;
44-ФЗ;№0372100052926000425;Электронный аукцион;Поставка учебной и научной литературы;;'261784246167978420100100250015811244;;;9560382.90;RUB;0;;;;;;"ФЕДЕРАЛЬНОЕ ГОСУДАРСТВЕННОЕ БЮДЖЕТНОЕ ОБРАЗОВАТЕЛЬНОЕ УЧРЕЖДЕНИЕ ВЫСШЕГО ОБРАЗОВАНИЯ ""СЕВЕРО-ЗАПАДНЫЙ ГОСУДАРСТВЕННЫЙ МЕДИЦИНСКИЙ УНИВЕРСИТЕТ ИМЕНИ И.И. МЕЧНИКОВА"" МИНИСТЕРСТВА ЗДРАВООХРАНЕНИЯ РОССИЙСКОЙ ФЕДЕРАЦИИ";"ФЕДЕРАЛЬНОЕ ГОСУДАРСТВЕННОЕ БЮДЖЕТНОЕ ОБРАЗОВАТЕЛЬНОЕ УЧРЕЖДЕНИЕ ВЫСШЕГО ОБРАЗОВАНИЯ ""СЕВЕРО-ЗАПАДНЫЙ ГОСУДАРСТВЕННЫЙ МЕДИЦИНСКИЙ УНИВЕРСИТЕТ ИМЕНИ И.И. МЕЧНИКОВА"" МИНИСТЕРСТВА ЗДРАВООХРАНЕНИЯ РОССИЙСКОЙ ФЕДЕРАЦИИ";15.05.2026;28.05.2026;Закупка завершена;;;26.05.2026;
44-ФЗ;№0348200081026003010;Электронный аукцион;Закупка лекарственного препарата Лактулоза для обеспечения отдельных категорий граждан, в отношении которых установлены меры социальной поддержки Л265310;;'262502406865650240100118910162120323;;;8096790.00;RUB;0;;;;;;"ГОСУДАРСТВЕННОЕ КАЗЕННОЕ УЧРЕЖДЕНИЕ МОСКОВСКОЙ ОБЛАСТИ ""ДИРЕКЦИЯ ЕДИНОГО ЗАКАЗЧИКА МИНИСТЕРСТВА ЗДРАВООХРАНЕНИЯ МОСКОВСКОЙ ОБЛАСТИ""";"ГОСУДАРСТВЕННОЕ КАЗЕННОЕ УЧРЕЖДЕНИЕ МОСКОВСКОЙ ОБЛАСТИ ""ДИРЕКЦИЯ ЕДИНОГО ЗАКАЗЧИКА МИНИСТЕРСТВА ЗДРАВООХРАНЕНИЯ МОСКОВСКОЙ ОБЛАСТИ""";19.05.2026;28.05.2026;Закупка завершена;;;28.05.2026;
44-ФЗ;№0348200081026002966;Электронный аукцион;Закупка лекарственного препарата Ленватиниб для обеспечения отдельных категорий граждан, в отношении которых установлены меры социальной поддержки Л270392 в 2027 году;;'262502406865650240100117580212120323;;;58369197.60;RUB;0;;;;;;"ГОСУДАРСТВЕННОЕ КАЗЕННОЕ УЧРЕЖДЕНИЕ МОСКОВСКОЙ ОБЛАСТИ ""ДИРЕКЦИЯ ЕДИНОГО ЗАКАЗЧИКА МИНИСТЕРСТВА ЗДРАВООХРАНЕНИЯ МОСКОВСКОЙ ОБЛАСТИ""";"ГОСУДАРСТВЕННОЕ КАЗЕННОЕ УЧРЕЖДЕНИЕ МОСКОВСКОЙ ОБЛАСТИ ""ДИРЕКЦИЯ ЕДИНОГО ЗАКАЗЧИКА МИНИСТЕРСТВА ЗДРАВООХРАНЕНИЯ МОСКОВСКОЙ ОБЛАСТИ""";18.05.2026;28.05.2026;Закупка завершена;;;28.05.2026;
44-ФЗ;№0145300015926000035;Открытый конкурс в электронной форме;Выполнение работ по капитальному ремонту участка тепловых сетей от УТ-14а до УТ-20а диаметром 426 мм по адресу: Ленинградская область, г. Приозерск;;'263471201391347120100100080024221243;;;48019132.27;RUB;0;;;;;;АДМИНИСТРАЦИЯ ПРИОЗЕРСКОГО МУНИЦИПАЛЬНОГО РАЙОНА ЛЕНИНГРАДСКОЙ ОБЛАСТИ;АДМИНИСТРАЦИЯ ПРИОЗЕРСКОГО МУНИЦИПАЛЬНОГО РАЙОНА ЛЕНИНГРАДСКОЙ ОБЛАСТИ;04.05.2026;28.05.2026;Закупка завершена;;;27.05.2026;
44-ФЗ;№0373200022226001181;Электронный аукцион;Электронный аукцион на поставку реагентов для центра персонализированной медицины (Этап 98) для нужд ГБУЗ МКНЦ имени А. С. Логинова ДЗМ в 2026 году (ЦПМ ГЗ/ПДД);;'262772009352377200100112790010000244;;;15269303.07;RUB;0;;;;;;"ГОСУДАРСТВЕННОЕ БЮДЖЕТНОЕ УЧРЕЖДЕНИЕ ЗДРАВООХРАНЕНИЯ ГОРОДА МОСКВЫ ""МОСКОВСКИЙ КЛИНИЧЕСКИЙ НАУЧНО-ПРАКТИЧЕСКИЙ ЦЕНТР ИМЕНИ А.С. ЛОГИНОВА ДЕПАРТАМЕНТА ЗДРАВООХРАНЕНИЯ ГОРОДА МОСКВЫ""";"ГОСУДАРСТВЕННОЕ БЮДЖЕТНОЕ УЧРЕЖДЕНИЕ ЗДРАВООХРАНЕНИЯ ГОРОДА МОСКВЫ ""МОСКОВСКИЙ КЛИНИЧЕСКИЙ НАУЧНО-ПРАКТИЧЕСКИЙ ЦЕНТР ИМЕНИ А.С. ЛОГИНОВА ДЕПАРТАМЕНТА ЗДРАВООХРАНЕНИЯ ГОРОДА МОСКВЫ""";20.05.2026;28.05.2026;Закупка завершена;;;28.05.2026;
44-ФЗ;№0848600008926000181;Открытый конкурс в электронной форме на проведение работ по строительству, реконструкции, кап. ремонту, сносу объекта кап. строительства в соответствии с п. 8 ч. 1 ст. 33 Закона № 44-ФЗ;"Выполнение работ по капитальному ремонту автомобильной дороги общего пользования местного значения Московская область,г.Ступино, от ул.Загумная до СНТ ""Лесная поляна""";;'263504507112050450100100560014211243;;;12022633.28;RUB;0;;;;;;"МУНИЦИПАЛЬНОЕ КАЗЕННОЕ УЧРЕЖДЕНИЕ ""УПРАВЛЕНИЕ АВТОДОРОГ, ТРАНСПОРТА И СВЯЗИ"" ГОРОДСКОГО ОКРУГА СТУПИНО МОСКОВСКОЙ ОБЛАСТИ";"МУНИЦИПАЛЬНОЕ КАЗЁННОЕ УЧРЕЖДЕНИЕ ""СТУПИНСКИЙ ЦЕНТР ЗАКУПОК"" ГОРОДСКОГО ОКРУГА СТУПИНО МОСКОВСКОЙ ОБЛАСТИ";08.05.2026;28.05.2026;Закупка завершена;;;27.05.2026;
44-ФЗ;№0373200035326000093;Электронный аукцион;"Электронный аукцион на поставку речевых процессоров совместимых с кохлеарными имплантами Cochlear для нужд ГБУЗ ""НИКИО им. Л.И. Свержевского"" ДЗМ";;'262772631344777260100101040010000244;;;5640000.00;RUB;0;;;;;;"ГОСУДАРСТВЕННОЕ БЮДЖЕТНОЕ УЧРЕЖДЕНИЕ ЗДРАВООХРАНЕНИЯ ГОРОДА МОСКВЫ ""НАУЧНО-ИССЛЕДОВАТЕЛЬСКИЙ КЛИНИЧЕСКИЙ ИНСТИТУТ ОТОРИНОЛАРИНГОЛОГИИ ИМ. Л.И. СВЕРЖЕВСКОГО"" ДЕПАРТАМЕНТА ЗДРАВООХРАНЕНИЯ ГОРОДА МОСКВЫ";"ГОСУДАРСТВЕННОЕ БЮДЖЕТНОЕ УЧРЕЖДЕНИЕ ЗДРАВООХРАНЕНИЯ ГОРОДА МОСКВЫ ""НАУЧНО-ИССЛЕДОВАТЕЛЬСКИЙ КЛИНИЧЕСКИЙ ИНСТИТУТ ОТОРИНОЛАРИНГОЛОГИИ ИМ. Л.И. СВЕРЖЕВСКОГО"" ДЕПАРТАМЕНТА ЗДРАВООХРАНЕНИЯ ГОРОДА МОСКВЫ";20.05.2026;28.05.2026;Закупка завершена;;;28.05.2026;
44-ФЗ;№0172200004626000097;Открытый конкурс в электронной форме на проведение работ по строительству, реконструкции, кап. ремонту, сносу объекта кап. строительства в соответствии с п. 8 ч. 1 ст. 33 Закона № 44-ФЗ;Выполнение работ по капитальному ремонту фасада и кровли здания СПб ГБУ «ДК «Левашовский» по адресу: г. Санкт-Петербург, пос. Левашово, ул. Володарского, д. 9, лит. А;;'262780233954578020100100060014120243;;;21368609.12;RUB;0;;;;;;"САНКТ-ПЕТЕРБУРГСКОЕ ГОСУДАРСТВЕННОЕ БЮДЖЕТНОЕ УЧРЕЖДЕНИЕ ""ДОМ КУЛЬТУРЫ ""ЛЕВАШОВСКИЙ""";АДМИНИСТРАЦИЯ ВЫБОРГСКОГО РАЙОНА САНКТ-ПЕТЕРБУРГА;30.04.2026;28.05.2026;Закупка завершена;;;26.05.2026;
44-ФЗ;№0813500000126009097;Электронный аукцион;"зз-0016-22501 - 2026 оказание услуг по передаче прав на использование программного обеспечения, его внедрению и настройке в государственной информационной системе ""Система исполнения регламентов Удмуртской Республики""";;'262183114296918310100100350010000244;;;8000000.00;RUB;0;;;;;;МИНИСТЕРСТВО ЦИФРОВОГО РАЗВИТИЯ УДМУРТСКОЙ РЕСПУБЛИКИ;"ГОСУДАРСТВЕННОЕ КАЗЕННОЕ УЧРЕЖДЕНИЕ УДМУРТСКОЙ РЕСПУБЛИКИ ""РЕГИОНАЛЬНЫЙ ЦЕНТР ЗАКУПОК УДМУРТСКОЙ РЕСПУБЛИКИ""";20.05.2026;28.05.2026;Закупка завершена;;;28.05.2026;
44-ФЗ;№0373200640126000009;Электронный аукцион;Оказание услуг по уборке внутренних помещений для нужд образовательных организаций, подведомственных Департаменту образования и науки города Москвы (совместный лот);;262772524765777240100100170010000244, 262772719060777270100100220010000244, 262772784492377270100100280010000244;;;17813889.00;RUB;0;;;;;;;"ГОСУДАРСТВЕННОЕ БЮДЖЕТНОЕ ОБЩЕОБРАЗОВАТЕЛЬНОЕ УЧРЕЖДЕНИЕ ГОРОДА МОСКВЫ ""ШКОЛА № 2114""";30.04.2026;28.05.2026;Закупка завершена;;;15.05.2026;
44-ФЗ;№0171200001926002031;Запрос котировок в электронной форме на проведение работ по строительству, реконструкции, кап. ремонту, сносу объекта кап. строительства в соответствии с п. 8 ч. 1 ст. 33 Закона № 44-ФЗ ;Строительство внеплощадочных сетей водоснабжения, внеплощадочных сетей водоотведения (хозяйственно бытовой и ливневой канализации) и сетей электроснабжения для подключения проектируемой КНС к ВРУ проектируемого жилого дома по объекту капитального строительства: «Многоквартирный жилой дом» по адресу: Ярославская обл., г. Переславль-Залесский, ул. Менделеева;;'263760804053976080100100190020000414;;;7799773.69;RUB;0;;;;;;"МУНИЦИПАЛЬНОЕ БЮДЖЕТНОЕ УЧРЕЖДЕНИЕ ""ЦЕНТР БЛАГОУСТРОЙСТВА ТЕРРИТОРИЙ"" ПЕРЕСЛАВЛЬ-ЗАЛЕССКОГО МУНИЦИПАЛЬНОГО ОКРУГА ЯРОСЛАВСКОЙ ОБЛАСТИ";МИНИСТЕРСТВО КОНКУРЕНТНОЙ ПОЛИТИКИ ЯРОСЛАВСКОЙ ОБЛАСТИ;18.05.2026;28.05.2026;Закупка завершена;;;26.05.2026;
44-ФЗ;№0131200001026002875;Электронный аукцион;2026-03065*Поставка медицинских изделий совместимых с системой офтальмологической хирургической Constellation® Vision System;;'262366601806036660100100020210000244;;;9769423.80;RUB;0;;;;;;"БЮДЖЕТНОЕ УЧРЕЖДЕНИЕ ЗДРАВООХРАНЕНИЯ ВОРОНЕЖСКОЙ ОБЛАСТИ ""ВОРОНЕЖСКАЯ ОБЛАСТНАЯ КЛИНИЧЕСКАЯ ОФТАЛЬМОЛОГИЧЕСКАЯ БОЛЬНИЦА""";МИНИСТЕРСТВО ПО РЕГУЛИРОВАНИЮ КОНТРАКТНОЙ СИСТЕМЫ В СФЕРЕ ЗАКУПОК ВОРОНЕЖСКОЙ ОБЛАСТИ;15.05.2026;28.05.2026;Закупка завершена;;;27.05.2026;
44-ФЗ;№0373100030826000082;Электронный аукцион;Оказание услуг по ремонту и техническому обслуживанию комплекса копировально-множительной техники и послепечатного оборудования;;'261771024708377100100101090013312244;;;12282200.00;RUB;0;;;;;;"ФЕДЕРАЛЬНОЕ ГОСУДАРСТВЕННОЕ БЮДЖЕТНОЕ УЧРЕЖДЕНИЕ ""УПРАВЛЕНИЕ СЛУЖЕБНЫМИ ЗДАНИЯМИ И МАТЕРИАЛЬНО-ТЕХНИЧЕСКИМ ОБЕСПЕЧЕНИЕМ"" МИНИСТЕРСТВА ТРУДА И СОЦИАЛЬНОЙ ЗАЩИТЫ РОССИЙСКОЙ ФЕДЕРАЦИИ";"ФЕДЕРАЛЬНОЕ ГОСУДАРСТВЕННОЕ БЮДЖЕТНОЕ УЧРЕЖДЕНИЕ ""УПРАВЛЕНИЕ СЛУЖЕБНЫМИ ЗДАНИЯМИ И МАТЕРИАЛЬНО-ТЕХНИЧЕСКИМ ОБЕСПЕЧЕНИЕМ"" МИНИСТЕРСТВА ТРУДА И СОЦИАЛЬНОЙ ЗАЩИТЫ РОССИЙСКОЙ ФЕДЕРАЦИИ";19.05.2026;28.05.2026;Закупка завершена;;;27.05.2026;
44-ФЗ;№0813500000126008561;Открытый конкурс в электронной форме на проведение работ по строительству, реконструкции, кап. ремонту, сносу объекта кап. строительства в соответствии с п. 8 ч. 1 ст. 33 Закона № 44-ФЗ;"зз-0017-22717 - 2026 Выполнение работ на объекте: ""Капитальный ремонт здания МБОУ ""СОШ № 52"" по ул. 9 Января,д.249 Индустриального района г. Ижевска"".";;'263182600233118310100100470014120243;;;192505163.92;RUB;0;;;;;;"МУНИЦИПАЛЬНОЕ КАЗЕННОЕ УЧРЕЖДЕНИЕ ГОРОДА ИЖЕВСКА ""СЛУЖБА ГОРОДСКОГО СТРОИТЕЛЬСТВА""";"ГОСУДАРСТВЕННОЕ КАЗЕННОЕ УЧРЕЖДЕНИЕ УДМУРТСКОЙ РЕСПУБЛИКИ ""РЕГИОНАЛЬНЫЙ ЦЕНТР ЗАКУПОК УДМУРТСКОЙ РЕСПУБЛИКИ""";08.05.2026;28.05.2026;Закупка завершена;;;26.05.2026;
44-ФЗ;№0145300010026000158;Электронный аукцион;Организация горячего питания обучающихся для нужд МКОУ «Лодейнопольская ООШ №1;;'263470900500647110100100100015629000;;;7354204.00;RUB;0;;;;;;"МУНИЦИПАЛЬНОЕ КАЗЕННОЕ ОБЩЕОБРАЗОВАТЕЛЬНОЕ УЧРЕЖДЕНИЕ ""ЛОДЕЙНОПОЛЬСКАЯ ОСНОВНАЯ ОБЩЕОБРАЗОВАТЕЛЬНАЯ ШКОЛА № 1""";АДМИНИСТРАЦИЯ ЛОДЕЙНОПОЛЬСКОГО МУНИЦИПАЛЬНОГО РАЙОНА ЛЕНИНГРАДСКОЙ ОБЛАСТИ;20.05.2026;28.05.2026;Закупка завершена;;;28.05.2026;
44-ФЗ;№0860200000826004340;Электронный аукцион;Поставка  лекарственного препарата Инсулин растворимый (человеческий генно-инженерный) с целью обеспечения льготных категорий граждан;;'262645504666664550100106670022120323;;;14304012.45;RUB;0;;;;;;МИНИСТЕРСТВО ЗДРАВООХРАНЕНИЯ САРАТОВСКОЙ ОБЛАСТИ;"ГОСУДАРСТВЕННОЕ КАЗЕННОЕ УЧРЕЖДЕНИЕ САРАТОВСКОЙ ОБЛАСТИ ""ГОСУДАРСТВЕННОЕ АГЕНТСТВО ПО ЦЕНТРАЛИЗАЦИИ ЗАКУПОК""";15.05.2026;28.05.2026;Закупка завершена;;;27.05.2026;
44-ФЗ;№0137600005126000046;Электронный аукцион;Содержание участков автомобильных дорог в Мещовском муниципальном округе Калужской области;;'263400002867740000100100420014211244;;;5990220.96;RUB;0;;;;;;АДМИНИСТРАЦИЯ МЕЩОВСКОГО МУНИЦИПАЛЬНОГО ОКРУГА КАЛУЖСКОЙ ОБЛАСТИ;АДМИНИСТРАЦИЯ МЕЩОВСКОГО МУНИЦИПАЛЬНОГО ОКРУГА КАЛУЖСКОЙ ОБЛАСТИ;18.05.2026;28.05.2026;Закупка завершена;;;26.05.2026;
44-ФЗ;№0335100006526000062;Электронный аукцион;"Поставка лабораторного комплекса для направленной селекции в аквакультуре  для нужд ФГБОУ ВО ""КГТУ""";;'261390401489139060100100880693299244;;;13583113.06;RUB;0;;;;;;"ФЕДЕРАЛЬНОЕ ГОСУДАРСТВЕННОЕ БЮДЖЕТНОЕ ОБРАЗОВАТЕЛЬНОЕ УЧРЕЖДЕНИЕ ВЫСШЕГО ОБРАЗОВАНИЯ ""КАЛИНИНГРАДСКИЙ ГОСУДАРСТВЕННЫЙ ТЕХНИЧЕСКИЙ УНИВЕРСИТЕТ""";"ФЕДЕРАЛЬНОЕ ГОСУДАРСТВЕННОЕ БЮДЖЕТНОЕ ОБРАЗОВАТЕЛЬНОЕ УЧРЕЖДЕНИЕ ВЫСШЕГО ОБРАЗОВАНИЯ ""КАЛИНИНГРАДСКИЙ ГОСУДАРСТВЕННЫЙ ТЕХНИЧЕСКИЙ УНИВЕРСИТЕТ""";18.05.2026;28.05.2026;Закупка завершена;;;26.05.2026;
44-ФЗ;№0813500000126008622;Открытый конкурс в электронной форме на проведение работ по строительству, реконструкции, кап. ремонту, сносу объекта кап. строительства в соответствии с п. 8 ч. 1 ст. 33 Закона № 44-ФЗ;"зз-0017-21823 - 2026 Выполнение работ на объекте: ""Капитальный ремонт здания МБОУ ""СОШ № 62"" по ул. Кирова,56 Октябрьского района г. Ижевска"".";;'263182600233118310100100460014120243;;;153934155.54;RUB;0;;;;;;"МУНИЦИПАЛЬНОЕ КАЗЕННОЕ УЧРЕЖДЕНИЕ ГОРОДА ИЖЕВСКА ""СЛУЖБА ГОРОДСКОГО СТРОИТЕЛЬСТВА""";"ГОСУДАРСТВЕННОЕ КАЗЕННОЕ УЧРЕЖДЕНИЕ УДМУРТСКОЙ РЕСПУБЛИКИ ""РЕГИОНАЛЬНЫЙ ЦЕНТР ЗАКУПОК УДМУРТСКОЙ РЕСПУБЛИКИ""";08.05.2026;28.05.2026;Закупка завершена;;;26.05.2026;
44-ФЗ;№0432200000826002521;Запрос котировок в электронной форме;Ц-6410_Закупка лекарственных средств_ЭКУЛИЗУМАБ;;'262526013629952600100100064100000000;;;6144405.00;RUB;0;;;;;;"ГОСУДАРСТВЕННОЕ ПРЕДПРИЯТИЕ НИЖЕГОРОДСКОЙ ОБЛАСТИ ""НИЖЕГОРОДСКАЯ ОБЛАСТНАЯ ФАРМАЦИЯ""";"ГОСУДАРСТВЕННОЕ ПРЕДПРИЯТИЕ НИЖЕГОРОДСКОЙ ОБЛАСТИ ""НИЖЕГОРОДСКАЯ ОБЛАСТНАЯ ФАРМАЦИЯ""";15.05.2026;28.05.2026;Закупка завершена;;;26.05.2026;
44-ФЗ;№0860200000826004322;Электронный аукцион;Поставка лекарственного препарата  Гликлазид  с целью обеспечения льготных категорий граждан;;'262645504666664550100107550032120323;;;8175828.60;RUB;0;;;;;;МИНИСТЕРСТВО ЗДРАВООХРАНЕНИЯ САРАТОВСКОЙ ОБЛАСТИ;"ГОСУДАРСТВЕННОЕ КАЗЕННОЕ УЧРЕЖДЕНИЕ САРАТОВСКОЙ ОБЛАСТИ ""ГОСУДАРСТВЕННОЕ АГЕНТСТВО ПО ЦЕНТРАЛИЗАЦИИ ЗАКУПОК""";15.05.2026;28.05.2026;Закупка завершена;;;27.05.2026;
44-ФЗ;№0356500001426003931;Открытый конкурс в электронной форме;"ОРГАНИЗАЦИЯ ГОРЯЧЕГО ПИТАНИЯ ДЕТЕЙ, ОБУЧАЮЩИХСЯ В МБОУ Г.КУДЫМКАРА ""СОШ №2"" (ОРГАНИЗАЦИЯ ПИТАНИЯ ОБУЧАЮЩИХСЯ ОТДЕЛЬНЫХ КАТЕГОРИЙ, ОБУЧАЮЩИХСЯ С ОГРАНИЧЕННЫМИ ВОЗМОЖНОСТЯМИ ЗДОРОВЬЯ, ОБУЧАЮЩИХСЯ ПО ОБЩЕОБРАЗОВАТЕЛЬНЫМ ПРОГРАММАМ НАЧАЛЬНОГО ОБЩЕГО ОБРАЗОВАНИЯ)";;'263810700821581070100100110010000244;;;9302748.20;RUB;0;;;;;;"МУНИЦИПАЛЬНОЕ БЮДЖЕТНОЕ ОБЩЕОБРАЗОВАТЕЛЬНОЕ УЧРЕЖДЕНИЕ Г. КУДЫМКАРА ""СРЕДНЯЯ ОБЩЕОБРАЗОВАТЕЛЬНАЯ ШКОЛА № 2""";"ГОСУДАРСТВЕННОЕ КАЗЕННОЕ УЧРЕЖДЕНИЕ ПЕРМСКОГО КРАЯ ""ЦЕНТР ОРГАНИЗАЦИИ ЗАКУПОК""";07.05.2026;28.05.2026;Закупка завершена;;;28.05.2026;
44-ФЗ;№0152600014526000029;Запрос котировок в электронной форме;Выполнение работ по ремонту автомобильной дороги подъезд к МБУ ЗСДОЛ «Юбилейный» р.п. Полтавка Полтавского района Омской области;;'263550730462255070100100170014211244;;;5821978.14;RUB;0;;;;;;УПРАВЛЕНИЕ ПО РАЗВИТИЮ ТЕРРИТОРИЙ АДМИНИСТРАЦИИ ПОЛТАВСКОГО РАЙОНА ОМСКОЙ ОБЛАСТИ;УПРАВЛЕНИЕ КОНТРАКТНОЙ СИСТЕМЫ АДМИНИСТРАЦИИ ПОЛТАВСКОГО РАЙОНА ОМСКОЙ ОБЛАСТИ;20.05.2026;28.05.2026;Закупка завершена;;;27.05.2026;
44-ФЗ;№0173100010926000038;Электронный аукцион;Оказание услуг по лицензионному обслуживанию, сопровождению программного обеспечения по осуществлению финансового менеджмента и анализа поступления администрируемых доходов в бюджеты бюджетной системы Российской Федерации;;'261770656053677090100100880016202242;;;15456000.00;RUB;0;;;;;;ФЕДЕРАЛЬНАЯ СЛУЖБА ГОСУДАРСТВЕННОЙ РЕГИСТРАЦИИ, КАДАСТРА И КАРТОГРАФИИ;ФЕДЕРАЛЬНАЯ СЛУЖБА ГОСУДАРСТВЕННОЙ РЕГИСТРАЦИИ, КАДАСТРА И КАРТОГРАФИИ;18.05.2026;28.05.2026;Закупка завершена;;;26.05.2026;
44-ФЗ;№0172200004626000098;Открытый конкурс в электронной форме на проведение работ по строительству, реконструкции, кап. ремонту, сносу объекта кап. строительства в соответствии с п. 8 ч. 1 ст. 33 Закона № 44-ФЗ;Выполнение работ по капитальному ремонту помещений в здании Санкт-Петербургского государственного бюджетного учреждения «Централизованная библиотечная система Выборгского района», расположенного по адресу: 194021, Санкт-Петербург, пр-кт Тореза, д. 32, литера А (библиотека им. Д.С. Лихачева);;'262780220744378020100100240014339243;;;37661148.55;RUB;0;;;;;;"САНКТ-ПЕТЕРБУРГСКОЕ ГОСУДАРСТВЕННОЕ БЮДЖЕТНОЕ УЧРЕЖДЕНИЕ ""ЦЕНТРАЛИЗОВАННАЯ БИБЛИОТЕЧНАЯ СИСТЕМА ВЫБОРГСКОГО РАЙОНА""";АДМИНИСТРАЦИЯ ВЫБОРГСКОГО РАЙОНА САНКТ-ПЕТЕРБУРГА;30.04.2026;28.05.2026;Закупка завершена;;;26.05.2026;
44-ФЗ;№0372200030126000018;Открытый конкурс в электронной форме;Выполнение работ по замене лифтового оборудования (больничный лифт рег. № 02416) в Санкт-Петербургском государственном бюджетном учреждении здравоохранения «Родильный дом №6 им. проф. В.Ф. Снегирева», по адресу: г. Санкт-Петербург, ул. Маяковского, д.5;;'262780800477878410100100230014329243;;;8354284.34;RUB;0;;;;;;"САНКТ-ПЕТЕРБУРГСКОЕ ГОСУДАРСТВЕННОЕ БЮДЖЕТНОЕ УЧРЕЖДЕНИЕ ЗДРАВООХРАНЕНИЯ ""РОДИЛЬНЫЙ ДОМ № 6 ИМ. ПРОФ. В.Ф. СНЕГИРЕВА""";"САНКТ-ПЕТЕРБУРГСКОЕ ГОСУДАРСТВЕННОЕ БЮДЖЕТНОЕ УЧРЕЖДЕНИЕ ЗДРАВООХРАНЕНИЯ ""РОДИЛЬНЫЙ ДОМ № 6 ИМ. ПРОФ. В.Ф. СНЕГИРЕВА""";08.05.2026;28.05.2026;Закупка завершена;;;25.05.2026;
44-ФЗ;№0815500000526007213;Электронный аукцион;Ремонт системы водоснабжения с подключением к автономной системе электроснабжения в с. Именево Красноармейского муниципального округа Чувашской Республики;;'263213700008221370100100640014322244;;;5203030.91;RUB;0;;;;;;АДМИНИСТРАЦИЯ КРАСНОАРМЕЙСКОГО МУНИЦИПАЛЬНОГО ОКРУГА ЧУВАШСКОЙ РЕСПУБЛИКИ;"КАЗЕННОЕ УЧРЕЖДЕНИЕ ЧУВАШСКОЙ РЕСПУБЛИКИ ""РЕГИОНАЛЬНЫЙ ЦЕНТР ЗАКУПОК ЧУВАШСКОЙ РЕСПУБЛИКИ""";18.05.2026;28.05.2026;Закупка завершена;;;27.05.2026;
44-ФЗ;№0857200000226000228;Запрос котировок в электронной форме;Оказание услуг по проведению строительного контроля на объекте: «Ремонт автомобильной дороги Печоры – Качаново – Пыталово – Вышгородок на участке км 95+542 – км 112+909 (выборочно) в Пыталовском муниципальном округе Псковской области»;;'262602714346260270100102930017112244;;;9472172.16;RUB;0;;;;;;"ГОСУДАРСТВЕННОЕ БЮДЖЕТНОЕ УЧРЕЖДЕНИЕ ПСКОВСКОЙ ОБЛАСТИ ""УПРАВЛЕНИЕ АВТОМОБИЛЬНЫХ ДОРОГ ПСКОВСКОЙ ОБЛАСТИ""";"ГОСУДАРСТВЕННОЕ БЮДЖЕТНОЕ УЧРЕЖДЕНИЕ ПСКОВСКОЙ ОБЛАСТИ ""УПРАВЛЕНИЕ АВТОМОБИЛЬНЫХ ДОРОГ ПСКОВСКОЙ ОБЛАСТИ""";18.05.2026;28.05.2026;Закупка завершена;;;27.05.2026;
44-ФЗ;№0136500001126003064;Электронный аукцион;Разработка проектной документации и выполнение инженерных изысканий, выполнение работ по капитальному ремонту объекта капитального строительства в сфере образования;;'262690300564269500100100090010000243;;;125813650.00;RUB;0;;;;;;ГОСУДАРСТВЕННОЕ БЮДЖЕТНОЕ ПРОФЕССИОНАЛЬНОЕ ОБРАЗОВАТЕЛЬНОЕ УЧРЕЖДЕНИЕ ТВЕРСКОЙ ТЕХНОЛОГИЧЕСКИЙ КОЛЛЕДЖ;КОМИТЕТ ГОСУДАРСТВЕННОГО ЗАКАЗА ТВЕРСКОЙ ОБЛАСТИ;19.05.2026;28.05.2026;Закупка завершена;;;27.05.2026;
44-ФЗ;№0862600016326000001;Электронный аукцион на проведение работ по строительству, реконструкции, кап. ремонту, сносу объекта кап. строительства в соответствии с п. 8 ч. 1 ст. 33 Закона № 44-ФЗ;"Реконструкция плоскостных сооружений стадиона ""Заря"", расположенного по адресу: Свердловская область, Камышловский район, п. Восход, ул. Комсомольская 10г";;'263663302714566330100100030014299414;;;50273140.96;RUB;0;;;;;;"МУНИЦИПАЛЬНОЕ КАЗЕННОЕ УЧРЕЖДЕНИЕ ЗАРЕЧЕНСКОГО СЕЛЬСКОГО ПОСЕЛЕНИЯ ""ФИЗКУЛЬТУРНО-ОЗДОРОВИТЕЛЬНЫЙ КОМПЛЕКС""";"МУНИЦИПАЛЬНОЕ КАЗЕННОЕ УЧРЕЖДЕНИЕ ЗАРЕЧЕНСКОГО СЕЛЬСКОГО ПОСЕЛЕНИЯ ""ФИЗКУЛЬТУРНО-ОЗДОРОВИТЕЛЬНЫЙ КОМПЛЕКС""";08.05.2026;28.05.2026;Закупка завершена;;;18.05.2026;
44-ФЗ;№0311100002626000043;Электронный аукцион;Оказание услуг по обследованию заглубленных помещений объектов университета для оценки возможности его использования для укрытия, оценки защитных свойств несущих и ограждающих конструкций и разработке технических решений и проектно-сметной документации на проведение работ по приспособлению сооружений для защиты укрываемого персонала и обучающихся КНИТУ-КАИ с целью приведения их в полную готовность;;'261165400311416550100101340020000244;;;8702241.86;RUB;0;;;;;;"ФЕДЕРАЛЬНОЕ ГОСУДАРСТВЕННОЕ БЮДЖЕТНОЕ ОБРАЗОВАТЕЛЬНОЕ УЧРЕЖДЕНИЕ ВЫСШЕГО ОБРАЗОВАНИЯ ""КАЗАНСКИЙ НАЦИОНАЛЬНЫЙ ИССЛЕДОВАТЕЛЬСКИЙ ТЕХНИЧЕСКИЙ УНИВЕРСИТЕТ ИМ. А.Н. ТУПОЛЕВА-КАИ""";"ФЕДЕРАЛЬНОЕ ГОСУДАРСТВЕННОЕ БЮДЖЕТНОЕ ОБРАЗОВАТЕЛЬНОЕ УЧРЕЖДЕНИЕ ВЫСШЕГО ОБРАЗОВАНИЯ ""КАЗАНСКИЙ НАЦИОНАЛЬНЫЙ ИССЛЕДОВАТЕЛЬСКИЙ ТЕХНИЧЕСКИЙ УНИВЕРСИТЕТ ИМ. А.Н. ТУПОЛЕВА-КАИ""";22.05.2026;28.05.2026;Определение поставщика отменено;;;01.06.2026;
44-ФЗ;№0815500000526007223;Электронный аукцион;Ремонт водонапорной башни, скважины и системы водоснабжения по ул. Лесная, Набережная в д. Яншихово-Челлы Красноармейского муниципального округа Чувашской Республики;;'263213700008221370100100590014322244;;;6192990.07;RUB;0;;;;;;АДМИНИСТРАЦИЯ КРАСНОАРМЕЙСКОГО МУНИЦИПАЛЬНОГО ОКРУГА ЧУВАШСКОЙ РЕСПУБЛИКИ;"КАЗЕННОЕ УЧРЕЖДЕНИЕ ЧУВАШСКОЙ РЕСПУБЛИКИ ""РЕГИОНАЛЬНЫЙ ЦЕНТР ЗАКУПОК ЧУВАШСКОЙ РЕСПУБЛИКИ""";18.05.2026;28.05.2026;Закупка завершена;;;27.05.2026;
44-ФЗ;№0137600007926000060;Электронный аукцион;Ремонт автомобильной дороги по ул.Мира протяженностью 0,365 км, г.Сосенский Козельского муниципального округа Калужской области;;'263400002883940000100100700014211244;;;5741638.92;RUB;0;;;;;;АДМИНИСТРАЦИЯ КОЗЕЛЬСКОГО МУНИЦИПАЛЬНОГО ОКРУГА КАЛУЖСКОЙ ОБЛАСТИ;АДМИНИСТРАЦИЯ КОЗЕЛЬСКОГО МУНИЦИПАЛЬНОГО ОКРУГА КАЛУЖСКОЙ ОБЛАСТИ;18.05.2026;28.05.2026;Закупка завершена;;;26.05.2026;
44-ФЗ;№0137600007926000061;Электронный аукцион;Ремонт автомобильной дороги по ул.Машиностроителей (дублер) протяженностью 0,395 км, г.Сосенский Козельского муниципального округа Калужской области;;'263400002883940000100100720014211244;;;9043811.22;RUB;0;;;;;;АДМИНИСТРАЦИЯ КОЗЕЛЬСКОГО МУНИЦИПАЛЬНОГО ОКРУГА КАЛУЖСКОЙ ОБЛАСТИ;АДМИНИСТРАЦИЯ КОЗЕЛЬСКОГО МУНИЦИПАЛЬНОГО ОКРУГА КАЛУЖСКОЙ ОБЛАСТИ;18.05.2026;28.05.2026;Закупка завершена;;;26.05.2026;
44-ФЗ;№0846600002126000278;Электронный аукцион;Поставка продуктов питания (овощи) на 2 полугодие 2026 года;;263482603262048260100100120010113244, 263482401892748240100100240010113244, 263482602594448260100100240010113244, 263482401770848240100100230010113244, 263482502653648250100100160010113244, 263482602636048260100100230010113244, 263482502655048250100100220010113244, 263482603757048260100100240010113244, 263482604101548260100100150010113244, 263482502273248250100100180010113244, 263482602614448260100100240010113244, 263482402122148240100100260010113244, 263482602631348260100100230010113244, 263482603760448260100100220010113244, 263482502570148250100100250010113244, 263482400947148240100100220010113244, 263482402688648240100100230010113244, 263482602643348260100100150010113244, 263482602609548260100100230010113244, 263482606211048260100100220010113244, 263482602708148260100100230010113244, 263482502656848250100100170010113244, 263482505354748250100100230010113244, 263482402686148240100100240010113244, 263482402689348240100100250010113244, 263482603015848260100100200010113244, 263482602697048260100100210010113244, 263482602783948260100100150010113244, 263482602613748260100100260010113244;;;9816085.61;RUB;0;;;;;;;"МУНИЦИПАЛЬНОЕ КАЗЕННОЕ УЧРЕЖДЕНИЕ ""УПРАВЛЕНИЕ МУНИЦИПАЛЬНОГО ЗАКАЗА ГОРОДА ЛИПЕЦКА""";18.05.2026;28.05.2026;Закупка завершена;;;26.05.2026;
44-ФЗ;№0373200215526000409;Открытый конкурс в электронной форме;Выполнение работ по обеспечению санитарно-гигиенических параметров в лечебных помещениях в корпусе № 4 (2-й этаж);;'262772208653977220100104340010000244;;;29971466.22;RUB;0;;;;;;"ГОСУДАРСТВЕННОЕ БЮДЖЕТНОЕ УЧРЕЖДЕНИЕ ЗДРАВООХРАНЕНИЯ ГОРОДА МОСКВЫ ""ГОРОДСКАЯ КЛИНИЧЕСКАЯ БОЛЬНИЦА № 29 ИМ. Н.Э. БАУМАНА ДЕПАРТАМЕНТА ЗДРАВООХРАНЕНИЯ ГОРОДА МОСКВЫ""";"ГОСУДАРСТВЕННОЕ БЮДЖЕТНОЕ УЧРЕЖДЕНИЕ ЗДРАВООХРАНЕНИЯ ГОРОДА МОСКВЫ ""ГОРОДСКАЯ КЛИНИЧЕСКАЯ БОЛЬНИЦА № 29 ИМ. Н.Э. БАУМАНА ДЕПАРТАМЕНТА ЗДРАВООХРАНЕНИЯ ГОРОДА МОСКВЫ""";08.05.2026;28.05.2026;Закупка завершена;;;28.05.2026;
44-ФЗ;№0369100000226000016;Запрос котировок в электронной форме;Оказание услуг по техническому обслуживанию КСБ АПП Челябинской области для нужд Челябинского филиала ФГКУ Росгранстрой;;'261770982726674474300100830018020244;;;5112000.00;RUB;0;;;;;;"ФИЛИАЛ ФЕДЕРАЛЬНОГО ГОСУДАРСТВЕННОГО КАЗЕННОГО УЧРЕЖДЕНИЯ ""ДИРЕКЦИЯ ПО СТРОИТЕЛЬСТВУ И ЭКСПЛУАТАЦИИ ОБЪЕКТОВ РОСГРАНИЦЫ"" В Г. ЧЕЛЯБИНСКЕ";"ФИЛИАЛ ФЕДЕРАЛЬНОГО ГОСУДАРСТВЕННОГО КАЗЕННОГО УЧРЕЖДЕНИЯ ""ДИРЕКЦИЯ ПО СТРОИТЕЛЬСТВУ И ЭКСПЛУАТАЦИИ ОБЪЕКТОВ РОСГРАНИЦЫ"" В Г. ЧЕЛЯБИНСКЕ";15.05.2026;28.05.2026;Закупка завершена;;;22.05.2026;
44-ФЗ;№0711200008326000141;Электронный аукцион;Оказание услуг по комплексному техническому обслуживанию стерилизационного оборудования для нужд ГАУЗ «РКОД МЗ РТ им. проф. М.З. Сигала» на 2026 год;;'262166012085016600100101510013313244;;;7808051.49;RUB;0;;;;;;"ГОСУДАРСТВЕННОЕ АВТОНОМНОЕ УЧРЕЖДЕНИЕ ЗДРАВООХРАНЕНИЯ ""РЕСПУБЛИКАНСКИЙ КЛИНИЧЕСКИЙ ОНКОЛОГИЧЕСКИЙ ДИСПАНСЕР МИНИСТЕРСТВА ЗДРАВООХРАНЕНИЯ РЕСПУБЛИКИ ТАТАРСТАН ИМЕНИ ПРОФЕССОРА М.З.СИГАЛА""";"ГОСУДАРСТВЕННОЕ АВТОНОМНОЕ УЧРЕЖДЕНИЕ ЗДРАВООХРАНЕНИЯ ""РЕСПУБЛИКАНСКИЙ КЛИНИЧЕСКИЙ ОНКОЛОГИЧЕСКИЙ ДИСПАНСЕР МИНИСТЕРСТВА ЗДРАВООХРАНЕНИЯ РЕСПУБЛИКИ ТАТАРСТАН ИМЕНИ ПРОФЕССОРА М.З.СИГАЛА""";18.05.2026;28.05.2026;Закупка завершена;;;26.05.2026;
44-ФЗ;№0145200000426000825;Электронный аукцион;Поставка автомобильного бензина и дизельного топлива (2) в 2026 г.;;'262780444227347030100100790011920244;;;80000000.00;RUB;0;;;;;;"ГОСУДАРСТВЕННОЕ БЮДЖЕТНОЕ УЧРЕЖДЕНИЕ ЗДРАВООХРАНЕНИЯ ЛЕНИНГРАДСКОЙ ОБЛАСТИ ""СТАНЦИЯ СКОРОЙ МЕДИЦИНСКОЙ ПОМОЩИ""";КОМИТЕТ ГОСУДАРСТВЕННОГО ЗАКАЗА ЛЕНИНГРАДСКОЙ ОБЛАСТИ;20.05.2026;28.05.2026;Закупка завершена;;;28.05.2026;
44-ФЗ;№0145200000426000824;Электронный аукцион на проведение работ по строительству, реконструкции, кап. ремонту, сносу объекта кап. строительства в соответствии с п. 8 ч. 1 ст. 33 Закона № 44-ФЗ;Работы по монтажу пандуса с капитальным ремонтом крыльца и заменой входной группы по адресу:  Ленинградская область, Ломоносовский район с. Русско-Высоцкое, д. 21А;;'262472001631547250100100610020000243;;;7763660.76;RUB;0;;;;;;"ГОСУДАРСТВЕННОЕ БЮДЖЕТНОЕ УЧРЕЖДЕНИЕ ЗДРАВООХРАНЕНИЯ ЛЕНИНГРАДСКОЙ ОБЛАСТИ ""ЛОМОНОСОВСКАЯ МЕЖРАЙОННАЯ БОЛЬНИЦА ИМ.И.Н.ЮДЧЕНКО""";КОМИТЕТ ГОСУДАРСТВЕННОГО ЗАКАЗА ЛЕНИНГРАДСКОЙ ОБЛАСТИ;20.05.2026;28.05.2026;Закупка завершена;;;28.05.2026;
44-ФЗ;№0873400004126000011;Электронный аукцион;Поставка программно-аппаратного комплекса информационной безопасности (в сфере ИКТ);;'261971008825377100100100270010000242;;;9944794.90;RUB;0;;;;;;"ФЕДЕРАЛЬНОЕ КАЗЕННОЕ УЧРЕЖДЕНИЕ "" ИНФОРМАЦИОННЫЕ ТЕХНОЛОГИИ В СОЦИАЛЬНОЙ СФЕРЕ""";"ФЕДЕРАЛЬНОЕ КАЗЕННОЕ УЧРЕЖДЕНИЕ "" ИНФОРМАЦИОННЫЕ ТЕХНОЛОГИИ В СОЦИАЛЬНОЙ СФЕРЕ""";19.05.2026;28.05.2026;Закупка завершена;;;27.05.2026;
44-ФЗ;№0843500000226001683;Открытый конкурс в электронной форме;"По созданию 100 новых мест в общеобразовательных организациях - поставка и монтаж некапитального модульного здания для МКОУ ""Усть-Уйская СОШ"", расположенного по адресу: Курганская область, Целинный муниципальный округ, с. Усть-Уйское, ул. Томина, д.7.";;'263452409771045240100100390014120244;;;203766666.67;RUB;0;;;;;;АДМИНИСТРАЦИЯ ЦЕЛИННОГО МУНИЦИПАЛЬНОГО ОКРУГА КУРГАНСКОЙ ОБЛАСТИ;"ГОСУДАРСТВЕННОЕ КАЗЕННОЕ УЧРЕЖДЕНИЕ ""ЦЕНТР ЗАКУПОК И БУХГАЛТЕРСКОГО УЧЕТА КУРГАНСКОЙ ОБЛАСТИ""";06.04.2026;28.05.2026;Определение поставщика отменено;;;22.04.2026;
44-ФЗ;№0167200003426004414;Запрос котировок в электронной форме;поставка медицинского изделия: системы рентгеновской диагностической передвижной общего назначения, цифровой, ввод в эксплуатацию медицинского изделия, обучение правилам эксплуатации специалистов, эксплуатирующих медицинское изделие;;'262720311621172030100104030012660244;;;8000000.00;RUB;0;;;;;;"ГОСУДАРСТВЕННОЕ БЮДЖЕТНОЕ УЧРЕЖДЕНИЕ ЗДРАВООХРАНЕНИЯ ТЮМЕНСКОЙ ОБЛАСТИ ""ОБЛАСТНАЯ КЛИНИЧЕСКАЯ БОЛЬНИЦА №2""";УПРАВЛЕНИЕ ГОСУДАРСТВЕННЫХ ЗАКУПОК ТЮМЕНСКОЙ ОБЛАСТИ;21.05.2026;28.05.2026;Закупка завершена;;;28.05.2026;
44-ФЗ;№0846600002126000277;Электронный аукцион;Поставка продуктов питания (овощи) на 2 полугодие 2026 года;;263482300807348230100100200010113244, 263482402679848240100100200010113244, 263482602627148260100100240010113244, 263482405845448240100100230010113244, 263482301804048230100100200010113244, 263482603756248260100100120010113244, 263482401901448240100100260010113244, 263482301496948230100100100010113244, 263482402681548240100100150010113244, 263482401859648240100100240010113244, 263482402683048240100100230010113244, 263482401848348240100100240010113244, 263482602630648260100100220010113244, 263482301577948230100100160010113244, 263482401899848240100100220010113244, 263482402687948240100100220010113244, 263482402682248240100100240010113244, 263482402678048240100100160010113244, 263482402685448240100100220010113244, 263482401862048240100100270010113244, 263482401801048240100100220010113244, 263482402126048240100100200010113244, 263482602571148260100100140010113244, 263482401836348240100100220010113244, 263482302157148230100100260010113244, 263482401821148240100100110010113244, 263482305171348230100100180010113244, 263482301605048260100100220010113244, 263482302154048230100100240010113244, 263482402027448240100100210010113244, 263482402680848240100100220010113244, 263482400933748240100100230010113244;;;9730168.04;RUB;0;;;;;;;"МУНИЦИПАЛЬНОЕ КАЗЕННОЕ УЧРЕЖДЕНИЕ ""УПРАВЛЕНИЕ МУНИЦИПАЛЬНОГО ЗАКАЗА ГОРОДА ЛИПЕЦКА""";18.05.2026;28.05.2026;Закупка завершена;;;26.05.2026;
44-ФЗ;№0173200000226000047;Электронный аукцион;Оказание услуг по санитарному содержанию и уборке помещений;;'262770425306477010100100950010000244;;;10307180.00;RUB;0;;;;;;ДЕПАРТАМЕНТ ТРУДА И СОЦИАЛЬНОЙ ЗАЩИТЫ НАСЕЛЕНИЯ ГОРОДА МОСКВЫ;ДЕПАРТАМЕНТ ТРУДА И СОЦИАЛЬНОЙ ЗАЩИТЫ НАСЕЛЕНИЯ ГОРОДА МОСКВЫ;18.05.2026;28.05.2026;Закупка завершена;;;26.05.2026;
44-ФЗ;№0145200000426000800;Электронный аукцион;Поставка быстровозводимого модульного поста скорой медицинской помощи по адресу: Ленинградская область, Всеволожский муниципальный район, д. Новое Девяткино, ул. Главная;;'262780444227347030100100660032511244;;;16993000.00;RUB;0;;;;;;"ГОСУДАРСТВЕННОЕ БЮДЖЕТНОЕ УЧРЕЖДЕНИЕ ЗДРАВООХРАНЕНИЯ ЛЕНИНГРАДСКОЙ ОБЛАСТИ ""СТАНЦИЯ СКОРОЙ МЕДИЦИНСКОЙ ПОМОЩИ""";КОМИТЕТ ГОСУДАРСТВЕННОГО ЗАКАЗА ЛЕНИНГРАДСКОЙ ОБЛАСТИ;18.05.2026;28.05.2026;Закупка завершена;;;27.05.2026;
44-ФЗ;№0848300048726000266;Электронный аукцион;"Оказание услуг по ликвидации несанкционированных навалов отходов 3-5 класса опасности: отходов производства и потребления; отходов строительства, сноса зданий и сооружений, в том числе грунтов; биологических отходов";;'263503502806050350100101060013811244;;;10000000.00;RUB;0;;;;;;"МУНИЦИПАЛЬНОЕ БЮДЖЕТНОЕ УЧРЕЖДЕНИЕ ПАВЛОВО-ПОСАДСКОГО ГОРОДСКОГО ОКРУГА  МОСКОВСКОЙ ОБЛАСТИ ""БЛАГОУСТРОЙСТВО""";"МУНИЦИПАЛЬНОЕ КАЗЕННОЕ УЧРЕЖДЕНИЕ ПАВЛОВО-ПОСАДСКОГО ГОРОДСКОГО ОКРУГА МОСКОВСКОЙ ОБЛАСТИ ""ЦЕНТР МУНИЦИПАЛЬНЫХ ЗАКУПОК""";20.05.2026;28.05.2026;Закупка завершена;;;28.05.2026;
223-ФЗ;№32615917068;Конкурс в электронной форме, участниками которого могут быть только субъекты малого и среднего предпринимательства;"Лот № 0401-КС ПИР СМР-2026-СЭ. Право заключения договора на мероприятия по строительству, реконструкции сетей ВБСР филиала ""Распределительные сети"", в том числе монтаж систем учета электроэнергии(рамочный договор).";;;1;"ОКПД2 35.12.10.120. Мероприятия по строительству, реконструкции сетей ВБСР филиала ""Распределительные сети"", в том числе монтаж систем учета электроэнергии(рамочный договор).";32251199.00;RUB;32251199.00;;;;35.12.10.120: Услуги по технологическому присоединению к распределительным электросетям;;"ПУБЛИЧНОЕ АКЦИОНЕРНОЕ ОБЩЕСТВО ЭНЕРГЕТИКИ И ЭЛЕКТРИФИКАЦИИ ""САХАЛИНЭНЕРГО""";"ПУБЛИЧНОЕ АКЦИОНЕРНОЕ ОБЩЕСТВО ЭНЕРГЕТИКИ И ЭЛЕКТРИФИКАЦИИ ""САХАЛИНЭНЕРГО""";16.04.2026;28.05.2026;Закупка завершена;;;14.05.2026 17:00;
44-ФЗ;№0869200000226004248;Электронный аукцион;Оказание услуг по физической охране объектов ГКУЗ ОМЦ «Резерв»;;'262745000355874600100100060018010244;;;6308746.08;RUB;0;;;;;;"ГОСУДАРСТВЕННОЕ КАЗЕННОЕ УЧРЕЖДЕНИЕ ЗДРАВООХРАНЕНИЯ ОБЛАСТНОЙ МЕДИЦИНСКИЙ ЦЕНТР МОБРЕЗЕРВОВ ""РЕЗЕРВ""";"ГОСУДАРСТВЕННОЕ КАЗЕННОЕ УЧРЕЖДЕНИЕ ""ЦЕНТР ОРГАНИЗАЦИИ ЗАКУПОК ЧЕЛЯБИНСКОЙ ОБЛАСТИ""";15.05.2026;28.05.2026;Закупка завершена;;;27.05.2026;
44-ФЗ;№0134300017726000010;Электронный аукцион;Выполнение работ по благоустройству территории МДОУ Д/С №28 «Рябинка» расположенного по адресу:  РФ, Иркутская область, Казачинско-Ленский район, рп. Магистральный, 1 мкр-он, д. 15А;;'263382800553238280100100110014399244;;;5000000.00;RUB;0;;;;;;"МУНИЦИПАЛЬНОЕ ДОШКОЛЬНОЕ ОБРАЗОВАТЕЛЬНОЕ УЧРЕЖДЕНИЕ ДЕТСКИЙ САД №28 ""РЯБИНКА""";ОТДЕЛ ОБРАЗОВАНИЯ АДМИНИСТРАЦИИ КАЗАЧИНСКО-ЛЕНСКОГО МУНИЦИПАЛЬНОГО РАЙОНА;19.05.2026;28.05.2026;Закупка завершена;;;27.05.2026;
44-ФЗ;№0848300051726000232;Электронный аукцион;оказание услуг по транспортировке и утилизации и (или) обезвреживанию концентрата фильтрата с полигона ТКО «Парфеново» (проведение работ биологического этапа рекультивации);;'263504213451050420100100900013822244;;;5400000.00;RUB;0;;;;;;"МУНИЦИПАЛЬНОЕ БЮДЖЕТНОЕ УЧРЕЖДЕНИЕ ""БЛАГОУСТРОЙСТВО СЕРГИЕВ ПОСАД""";"МУНИЦИПАЛЬНОЕ КАЗЕННОЕ УЧРЕЖДЕНИЕ ""ЦЕНТР МУНИЦИПАЛЬНЫХ ЗАКУПОК СЕРГИЕВО-ПОСАДСКОГО ГОРОДСКОГО ОКРУГА""";15.05.2026;28.05.2026;Закупка завершена;;;27.05.2026;
44-ФЗ;№0348100046526000116;Электронный аукцион;Каска защитная;;'261504702469477240100100001583299225;;;11000000.00;RUB;0;;;;;;"ФЕДЕРАЛЬНОЕ КАЗЕННОЕ УЧРЕЖДЕНИЕ ""ЦЕНТР МАТЕРИАЛЬНО-ТЕХНИЧЕСКОГО И МЕТРОЛОГИЧЕСКОГО ОБЕСПЕЧЕНИЯ МИНИСТЕРСТВА РОССИЙСКОЙ ФЕДЕРАЦИИ ПО ДЕЛАМ ГРАЖДАНСКОЙ ОБОРОНЫ, ЧРЕЗВЫЧАЙНЫМ СИТУАЦИЯМ И ЛИКВИДАЦИИ ПОСЛЕДСТВИЙ СТИХИЙНЫХ БЕДСТВИЙ""";"ФЕДЕРАЛЬНОЕ КАЗЕННОЕ УЧРЕЖДЕНИЕ ""ЦЕНТР МАТЕРИАЛЬНО-ТЕХНИЧЕСКОГО И МЕТРОЛОГИЧЕСКОГО ОБЕСПЕЧЕНИЯ МИНИСТЕРСТВА РОССИЙСКОЙ ФЕДЕРАЦИИ ПО ДЕЛАМ ГРАЖДАНСКОЙ ОБОРОНЫ, ЧРЕЗВЫЧАЙНЫМ СИТУАЦИЯМ И ЛИКВИДАЦИИ ПОСЛЕДСТВИЙ СТИХИЙНЫХ БЕДСТВИЙ""";20.05.2026;28.05.2026;Закупка завершена;;;28.05.2026;
44-ФЗ;№0859200001126006145;Электронный аукцион;Поставка реагентов для анализатора мочи (закупка 3);;'262623000824562300100103000012120244;;;5504142.40;RUB;0;;;;;;"ГОСУДАРСТВЕННОЕ БЮДЖЕТНОЕ УЧРЕЖДЕНИЕ РЯЗАНСКОЙ ОБЛАСТИ  ""ОБЛАСТНОЙ КЛИНИЧЕСКИЙ ОНКОЛОГИЧЕСКИЙ ДИСПАНСЕР""";"ГОСУДАРСТВЕННОЕ КАЗЕННОЕ УЧРЕЖДЕНИЕ РЯЗАНСКОЙ ОБЛАСТИ ""ЦЕНТР ЗАКУПОК РЯЗАНСКОЙ ОБЛАСТИ""";19.05.2026;28.05.2026;Закупка завершена;;;28.05.2026;
44-ФЗ;№0846600002126000275;Электронный аукцион;Поставка продуктов питания (мясо охлажденное, субпродукты) на 2 полугодие 2026 года;;263482402680848240100100250011011244, 263482402027448240100100240011011244, 263482402687948240100100150011011244, 263482302154048230100100270011011244, 263482401862048240100100110011011244, 263482402685448240100100250011011244, 263482401836348240100100250011011244, 263482400933748240100100260011011244, 263482402682248240100100270011011244, 263482402678048240100100090011011244, 263482405845448240100100260011011244, 263482602627148260100100270011011244, 263482402679848240100100230011011244, 263482402683048240100100260011011244, 263482401859648240100100270011011244, 263482402126048240100100130011011244, 263482401801048240100100230011011244, 263482401848348240100100270011011244, 263482402681548240100100080011011244, 263482603756248260100100080011011244, 263482602630648260100100240011011244;;;10728766.30;RUB;0;;;;;;;"МУНИЦИПАЛЬНОЕ КАЗЕННОЕ УЧРЕЖДЕНИЕ ""УПРАВЛЕНИЕ МУНИЦИПАЛЬНОГО ЗАКАЗА ГОРОДА ЛИПЕЦКА""";18.05.2026;28.05.2026;Закупка завершена;;;26.05.2026;
44-ФЗ;№0846600002126000276;Электронный аукцион;Поставка продуктов питания (мясо охлажденное, субпродукты) на 2 полугодие 2026 года;;263482401901448240100100280011011244, 263482301496948230100100080011011244, 263482401892748240100100270011011244, 263482602636048260100100260011011244, 263482301804048230100100160011011244, 263482300807348230100100230011011244, 263482402688648240100100260011011244, 263482401770848240100100260011011244, 263482401821148240100100080011011244, 263482602631348260100100260011011244, 263482401899848240100100250011011244, 263482301577948230100100090011011244, 263482402122148240100100190011011244, 263482302157148230100100290011011244, 263482400947148240100100250011011244, 263482305171348230100100110011011244, 263482402689348240100100280011011244, 263482402686148240100100270011011244, 263482602783948260100100080011011244;;;9008252.50;RUB;0;;;;;;;"МУНИЦИПАЛЬНОЕ КАЗЕННОЕ УЧРЕЖДЕНИЕ ""УПРАВЛЕНИЕ МУНИЦИПАЛЬНОГО ЗАКАЗА ГОРОДА ЛИПЕЦКА""";18.05.2026;28.05.2026;Закупка завершена;;;26.05.2026;
44-ФЗ;№0131300007926000057;Электронный аукцион;Оказание услуги по организации горячего питания школьников;;263362800598336280100100060015629244, 263362800618336280100100070015629244, 263362800600036280100100040015629244, 263362800614436280100100050015629244, 263362801709736280100100050015629244, 263362800653936280100100010015629244, 263362800651436280100100120015629244, 263362800612036280100100070015629244, 263362800620036280100100030015629244, 263362800601736280100100040015629244, 263362800596936280100100060015629244, 263362800586336280100100040015629244;;;9436350.00;RUB;0;;;;;;;АДМИНИСТРАЦИЯ СЕМИЛУКСКОГО МУНИЦИПАЛЬНОГО РАЙОНА ВОРОНЕЖСКОЙ ОБЛАСТИ;18.05.2026;28.05.2026;Закупка завершена;;;26.05.2026;
44-ФЗ;№0809500000326001774;Открытый конкурс в электронной форме на проведение работ по строительству, реконструкции, кап. ремонту, сносу объекта кап. строительства в соответствии с п. 8 ч. 1 ст. 33 Закона № 44-ФЗ;строительство фонтана по ул. Б. Хмельницкого в г. Саранск (сквер на участке между ул. Димитрова и ул. Ст. Разина);;'263132512736113260100102090014299414;;;28861380.00;RUB;0;;;;;;"КАЗЕННОЕ УЧРЕЖДЕНИЕ ГОРОДСКОГО ОКРУГА САРАНСК ""ДИРЕКЦИЯ КОММУНАЛЬНОГО ХОЗЯЙСТВА И БЛАГОУСТРОЙСТВА""";"ГОСУДАРСТВЕННОЕ КАЗЕННОЕ УЧРЕЖДЕНИЕ РЕСПУБЛИКИ МОРДОВИЯ ""РЕГИОНАЛЬНЫЙ ЦЕНТР ОРГАНИЗАЦИИ ЗАКУПОК""";12.05.2026;28.05.2026;Закупка завершена;;;28.05.2026;
223-ФЗ;№32616058660;Иной способ;работы по инженерным изысканиям, разработке проектно-сметной и рабочей документации, разработку информационной модели объекта капитального строительства (BIM модели) объекта капитального строительства: «Строительство автодорог в границах КРТ мкр. Волжский в г. Тамбове (3-этап)»;;;1;работы по инженерным изысканиям, разработке проектно-сметной и рабочей документации, разработку информационной модели объекта капитального строительства (BIM модели) объекта капитального строительства: «Строительство автодорог в границах КРТ мкр. Волжский в г. Тамбове (3-этап)»;10094663.81;RUB;10094663.81;;;;71.12.14.100: Услуги по инженерно-техническому проектированию тоннелей, автомагистралей, улиц, транспортных развязок и подобных объектов, кроме объектов культурного наследия;;"АКЦИОНЕРНОЕ ОБЩЕСТВО ""АГЕНТСТВО ПО ИПОТЕЧНОМУ ЖИЛИЩНОМУ КРЕДИТОВАНИЮ ТАМБОВСКОЙ ОБЛАСТИ""";"АКЦИОНЕРНОЕ ОБЩЕСТВО ""АГЕНТСТВО ПО ИПОТЕЧНОМУ ЖИЛИЩНОМУ КРЕДИТОВАНИЮ ТАМБОВСКОЙ ОБЛАСТИ""";28.05.2026;28.05.2026;Закупка завершена;;;28.05.2026 17:00;
44-ФЗ;№0131300019126000056;Открытый конкурс в электронной форме;«Обустройство площадок для раздельного накопления твердых коммунальных отходов в Верхнекарачанском сельском поселении Грибановского муниципального района Воронежской области»;;'263360900169436090100100080014399244;;;6664999.95;RUB;0;;;;;;АДМИНИСТРАЦИЯ ВЕРХНЕКАРАЧАНСКОГО СЕЛЬСКОГО ПОСЕЛЕНИЯ ГРИБАНОВСКОГО МУНИЦИПАЛЬНОГО РАЙОНА ВОРОНЕЖСКОЙ ОБЛАСТИ;ОТДЕЛ ПО ФИНАНСАМ АДМИНИСТРАЦИИ ГРИБАНОВСКОГО МУНИЦИПАЛЬНОГО РАЙОНА ВОРОНЕЖСКОЙ ОБЛАСТИ;14.05.2026;28.05.2026;Определение поставщика отменено;;;01.06.2026;
44-ФЗ;№0373200007926000008;Электронный аукцион;"Поставка картриджей для нужд ГКУ ""Новые технологии управления""";;'262770176553077010100100080010000244;;;13300242.90;RUB;0;;;;;;"ГОСУДАРСТВЕННОЕ КАЗЕННОЕ УЧРЕЖДЕНИЕ ГОРОДА МОСКВЫ ""НОВЫЕ ТЕХНОЛОГИИ УПРАВЛЕНИЯ""";"ГОСУДАРСТВЕННОЕ КАЗЕННОЕ УЧРЕЖДЕНИЕ ГОРОДА МОСКВЫ ""НОВЫЕ ТЕХНОЛОГИИ УПРАВЛЕНИЯ""";18.05.2026;28.05.2026;Закупка завершена;;;26.05.2026;
44-ФЗ;№0124300021026000474;Электронный аукцион;Приобретение жилого помещения (квартиры) путем участия в долевом строительстве многоквартирного жилого дома в городе Архангельске для предоставления гражданам, переселяемым из аварийного жилищного фонда ;;'263290126558129010100100022976810412;;;5014410.80;RUB;0;;;;;;"ДЕПАРТАМЕНТ ГОРОДСКОГО ХОЗЯЙСТВА АДМИНИСТРАЦИИ ГОРОДСКОГО ОКРУГА ""ГОРОД АРХАНГЕЛЬСК""";"АДМИНИСТРАЦИЯ ГОРОДСКОГО ОКРУГА ""ГОРОД АРХАНГЕЛЬСК""";19.05.2026;28.05.2026;Закупка завершена;;;28.05.2026;
44-ФЗ;№0373200032226000440;Электронный аукцион;Аренда микроавтобуса с водителем для нужд ГБУ г. Москвы «Атлант»;;'262772864701177280100100810010000244;;;7350741.48;RUB;0;;;;;;"ГОСУДАРСТВЕННОЕ БЮДЖЕТНОЕ УЧРЕЖДЕНИЕ ГОРОДА МОСКВЫ ""МОЙ ДОСУГОВЫЙ ЦЕНТР ""АТЛАНТ""";"ГОСУДАРСТВЕННОЕ КАЗЕННОЕ УЧРЕЖДЕНИЕ ГОРОДА МОСКВЫ ""ДИРЕКЦИЯ ЗАКАЗЧИКА ЖИЛИЩНО-КОММУНАЛЬНОГО ХОЗЯЙСТВА И БЛАГОУСТРОЙСТВА ЮГО-ЗАПАДНОГО АДМИНИСТРАТИВНОГО ОКРУГА""";20.05.2026;28.05.2026;Закупка завершена;;;28.05.2026;
44-ФЗ;№0124300021026000470;Электронный аукцион;Приобретение жилого помещения (квартиры) путем участия в долевом строительстве многоквартирного жилого дома в городе Архангельске для предоставления гражданам, переселяемым из аварийного жилищного фонда ;;'263290126558129010100100022956810412;;;6000253.70;RUB;0;;;;;;"ДЕПАРТАМЕНТ ГОРОДСКОГО ХОЗЯЙСТВА АДМИНИСТРАЦИИ ГОРОДСКОГО ОКРУГА ""ГОРОД АРХАНГЕЛЬСК""";"АДМИНИСТРАЦИЯ ГОРОДСКОГО ОКРУГА ""ГОРОД АРХАНГЕЛЬСК""";19.05.2026;28.05.2026;Закупка завершена;;;28.05.2026;
44-ФЗ;№0863500000626001189;Электронный аукцион;Поставка лекарственного(-ых) препарата(-ов) для медицинского применения (Ибрутиниб);;'262673000996067300100101210012120323;;;8701625.70;RUB;0;;;;;;МИНИСТЕРСТВО ЗДРАВООХРАНЕНИЯ СМОЛЕНСКОЙ ОБЛАСТИ;"СМОЛЕНСКОЕ ОБЛАСТНОЕ ГОСУДАРСТВЕННОЕ КАЗЕННОЕ УЧРЕЖДЕНИЕ ""РЕГИОНАЛЬНЫЙ ЦЕНТР ЗАКУПОК""";19.05.2026;28.05.2026;Закупка завершена;;;28.05.2026;
44-ФЗ;№0846600002126000274;Электронный аукцион;Поставка продуктов питания (мясо охлажденное, субпродукты) на 2 полугодие 2026 года;;263482603760448260100100250011011244, 263482505354748250100100270011011244, 263482502656848250100100100011011244, 263482602708148260100100240011011244, 263482604101548260100100120011011244, 263482502570148250100100280011011244, 263482602571148260100100110011011244, 263482301605048260100100250011011244, 263482606211048260100100230011011244, 263482602697048260100100140011011244, 263482603015848260100100220011011244, 263482602613748260100100290011011244, 263482602643348260100100040011011244, 263482502655048250100100250011011244, 263482502653648250100100090011011244, 263482602614448260100100270011011244, 263482502273248250100100110011011244, 263482602609548260100100260011011244, 263482602594448260100100270011011244, 263482603262048260100100150011011244, 263482603757048260100100270011011244;;;9774428.00;RUB;0;;;;;;;"МУНИЦИПАЛЬНОЕ КАЗЕННОЕ УЧРЕЖДЕНИЕ ""УПРАВЛЕНИЕ МУНИЦИПАЛЬНОГО ЗАКАЗА ГОРОДА ЛИПЕЦКА""";18.05.2026;28.05.2026;Закупка завершена;;;26.05.2026;
44-ФЗ;№0863500000626001188;Электронный аукцион;Поставка лекарственного(-ых) препарата(-ов) для медицинского применения (Олапариб);;'262673000996067300100101200012120323;;;8438584.00;RUB;0;;;;;;МИНИСТЕРСТВО ЗДРАВООХРАНЕНИЯ СМОЛЕНСКОЙ ОБЛАСТИ;"СМОЛЕНСКОЕ ОБЛАСТНОЕ ГОСУДАРСТВЕННОЕ КАЗЕННОЕ УЧРЕЖДЕНИЕ ""РЕГИОНАЛЬНЫЙ ЦЕНТР ЗАКУПОК""";19.05.2026;28.05.2026;Закупка завершена;;;28.05.2026;
44-ФЗ;№9800600000426000023;Электронный аукцион;"Приобретение котла КВС-2,0 с верхней загрузкой топлива в котельную ""Квартальная"" с. Сямжа";;'263351600465335160100100280012521244;;;6924000.00;RUB;0;;;;;;АДМИНИСТРАЦИЯ СЯМЖЕНСКОГО МУНИЦИПАЛЬНОГО ОКРУГА ВОЛОГОДСКОЙ ОБЛАСТИ;АДМИНИСТРАЦИЯ СЯМЖЕНСКОГО МУНИЦИПАЛЬНОГО ОКРУГА ВОЛОГОДСКОЙ ОБЛАСТИ;19.05.2026;28.05.2026;Закупка завершена;;;27.05.2026;
44-ФЗ;№0863500000626001186;Электронный аукцион;Поставка лекарственного(-ых) препарата(-ов) для медицинского применения (Ибрутиниб);;'262673000996067300100101220012120323;;;8243645.40;RUB;0;;;;;;МИНИСТЕРСТВО ЗДРАВООХРАНЕНИЯ СМОЛЕНСКОЙ ОБЛАСТИ;"СМОЛЕНСКОЕ ОБЛАСТНОЕ ГОСУДАРСТВЕННОЕ КАЗЕННОЕ УЧРЕЖДЕНИЕ ""РЕГИОНАЛЬНЫЙ ЦЕНТР ЗАКУПОК""";19.05.2026;28.05.2026;Закупка завершена;;;28.05.2026;
44-ФЗ;№0860200000826004508;Запрос котировок в электронной форме;Услуги частной охраны (Выставление поста охраны);;'262645214734564520100100050028010244;;;6203581.70;RUB;0;;;;;;"ГОСУДАРСТВЕННОЕ УЧРЕЖДЕНИЕ ЗДРАВООХРАНЕНИЯ ""САРАТОВСКАЯ ГОРОДСКАЯ ПОЛИКЛИНИКА № 2""";"ГОСУДАРСТВЕННОЕ КАЗЕННОЕ УЧРЕЖДЕНИЕ САРАТОВСКОЙ ОБЛАСТИ ""ГОСУДАРСТВЕННОЕ АГЕНТСТВО ПО ЦЕНТРАЛИЗАЦИИ ЗАКУПОК""";20.05.2026;28.05.2026;Закупка завершена;;;27.05.2026;
44-ФЗ;№0131300045126000024;Открытый конкурс в электронной форме на проведение работ по строительству, реконструкции, кап. ремонту, сносу объекта кап. строительства в соответствии с п. 8 ч. 1 ст. 33 Закона № 44-ФЗ;Выполнение работ по капитальному ремонту автомобильных дорог общего пользования местного значения городского поселения-город Лиски Лискинского муниципального района Воронежской области;;'263365200848836520100100230014211243;;;8971516.07;RUB;0;;;;;;АДМИНИСТРАЦИЯ ГОРОДСКОГО ПОСЕЛЕНИЯ-ГОРОД ЛИСКИ ЛИСКИНСКОГО МУНИЦИПАЛЬНОГО РАЙОНА ВОРОНЕЖСКОЙ ОБЛАСТИ;АДМИНИСТРАЦИЯ ГОРОДСКОГО ПОСЕЛЕНИЯ-ГОРОД ЛИСКИ ЛИСКИНСКОГО МУНИЦИПАЛЬНОГО РАЙОНА ВОРОНЕЖСКОЙ ОБЛАСТИ;11.05.2026;28.05.2026;Закупка завершена;;;27.05.2026;
44-ФЗ;№0142200001326011519;Электронный аукцион;Выполнение работ, связанных с осуществлением регулярных перевозок пассажиров и багажа автомобильным транспортом (автобусами) по муниципальным маршрутам регулярных перевозок по регулируемым тарифам;;'263631570013463110100100070174931244;;;50623828.27;RUB;0;;;;;;ДЕПАРТАМЕНТ ТРАНСПОРТА АДМИНИСТРАЦИИ ГОРОДСКОГО ОКРУГА САМАРА;КОМИТЕТ ПО ОРГАНИЗАЦИИ ТОРГОВ САМАРСКОЙ ОБЛАСТИ;20.05.2026;28.05.2026;Закупка завершена;;;28.05.2026;
44-ФЗ;№0142200001326011520;Электронный аукцион;Выполнение работ, связанных с осуществлением регулярных перевозок пассажиров и багажа автомобильным транспортом (автобусами) по муниципальным маршрутам регулярных перевозок по регулируемым тарифам;;'263631570013463110100100070184931244;;;63756063.93;RUB;0;;;;;;ДЕПАРТАМЕНТ ТРАНСПОРТА АДМИНИСТРАЦИИ ГОРОДСКОГО ОКРУГА САМАРА;КОМИТЕТ ПО ОРГАНИЗАЦИИ ТОРГОВ САМАРСКОЙ ОБЛАСТИ;20.05.2026;28.05.2026;Закупка завершена;;;28.05.2026;
44-ФЗ;№0145300022226000021;Открытый конкурс в электронной форме;Выполнение работ по благоустройству общественной территории: Площадь между домом №1В и домом №17 в г.п. Виллози.;;'263472000758247250100100450024399244;;;38124128.03;RUB;0;;;;;;АДМИНИСТРАЦИЯ ВИЛЛОЗСКОГО ГОРОДСКОГО ПОСЕЛЕНИЯ ЛОМОНОСОВСКОГО РАЙОНА;АДМИНИСТРАЦИЯ ВИЛЛОЗСКОГО ГОРОДСКОГО ПОСЕЛЕНИЯ ЛОМОНОСОВСКОГО РАЙОНА;08.05.2026;28.05.2026;Закупка завершена;;;25.05.2026;
44-ФЗ;№0118300013326000671;Открытый конкурс в электронной форме;"Текущий ремонт колонн ""Памятник Братская могила"" с. Мысхако, ул. Шоссейная ,32";;'263231509380623150100100670024399244;;;5248558.23;RUB;0;;;;;;"МУНИЦИПАЛЬНОЕ КАЗЕННОЕ УЧРЕЖДЕНИЕ ""УПРАВЛЕНИЕ ЖИЛИЩНО-КОММУНАЛЬНОГО ХОЗЯЙСТВА ГОРОДА"" МУНИЦИПАЛЬНОГО ОБРАЗОВАНИЯ ГОРОД НОВОРОССИЙСК";АДМИНИСТРАЦИЯ  МУНИЦИПАЛЬНОГО ОБРАЗОВАНИЯ ГОРОД НОВОРОССИЙСК;08.05.2026;28.05.2026;Закупка завершена;;;25.05.2026;
44-ФЗ;№0813500000126008716;Открытый конкурс в электронной форме;№ 11552 Говядина и субпродукты (Юго-восточное направление);;263180400693518280100100100010000244, 262181100076518380100100840011011244, 262182600067018400100100850050000244, 263180400658018280100100100050000244, 262182700023118380100100300020000244, 262183300285418400100107750011011244, 263181000070918380100100510011011244, 263180870033318410100100210011011244;;;15308038.95;RUB;0;;;;;;;"ГОСУДАРСТВЕННОЕ КАЗЕННОЕ УЧРЕЖДЕНИЕ УДМУРТСКОЙ РЕСПУБЛИКИ ""РЕГИОНАЛЬНЫЙ ЦЕНТР ЗАКУПОК УДМУРТСКОЙ РЕСПУБЛИКИ""";12.05.2026;28.05.2026;Закупка завершена;;;28.05.2026;
44-ФЗ;№0142200001326011321;Электронный аукцион;Поставка медицинских изделий в операционный блок (лот №17) Государственного бюджетного учреждения здравоохранения «Самарский областной клинический кардиологический диспансер им. В.П. Полякова»;;'262631102793763110100100660013250244;;;78894985.30;RUB;0;;;;;;"ГОСУДАРСТВЕННОЕ БЮДЖЕТНОЕ УЧРЕЖДЕНИЕ ЗДРАВООХРАНЕНИЯ ""САМАРСКИЙ ОБЛАСТНОЙ КЛИНИЧЕСКИЙ КАРДИОЛОГИЧЕСКИЙ ДИСПАНСЕР ИМ. В.П. ПОЛЯКОВА""";КОМИТЕТ ПО ОРГАНИЗАЦИИ ТОРГОВ САМАРСКОЙ ОБЛАСТИ;19.05.2026;28.05.2026;Закупка завершена;;;27.05.2026;
44-ФЗ;№0813500000126008711;Открытый конкурс в электронной форме;№ 11540 Говядина замороженная для детского питания (Юго-восточное направление);;263180870065418410100100180011011244, 263180870062218410100100280011011244, 262182700757218380100100060040000244, 263180870112918410100100120011011244, 262181100076518380100100700011011244, 263180835166818410100100120011011244, 263182400178018310100100090040000244, 263184104688718410100100130011011244, 263180870117518410100100200011011244, 262181400096418380100100260060000244, 262182600067018400100100850040000244, 263180870033318410100100200011011244, 263184103550018410100100150011011244, 262180840080518410100100190020000244, 263180870115018410100100250011011244, 263180870058018410100100400011011244;;;9678679.40;RUB;0;;;;;;;"ГОСУДАРСТВЕННОЕ КАЗЕННОЕ УЧРЕЖДЕНИЕ УДМУРТСКОЙ РЕСПУБЛИКИ ""РЕГИОНАЛЬНЫЙ ЦЕНТР ЗАКУПОК УДМУРТСКОЙ РЕСПУБЛИКИ""";12.05.2026;28.05.2026;Закупка завершена;;;28.05.2026;
44-ФЗ;№0318300537426000142;Электронный аукцион;Осуществление поставки оборудования и сопутствующих мероприятий для построения элемента муниципальной автоматизированной системы централизованного оповещения (МАСЦО) на территории муниципального образования город-курорт Анапа;;'263230104099523010100100110012630244;;;19286400.00;RUB;0;;;;;;"МУНИЦИПАЛЬНОЕ БЮДЖЕТНОЕ УЧРЕЖДЕНИЕ ""ЦИФРОВАЯ АНАПА"" МУНИЦИПАЛЬНОГО ОБРАЗОВАНИЯ ГОРОД-КУРОРТ АНАПА";УПРАВЛЕНИЕ ЗАКУПОК АДМИНИСТРАЦИИ МУНИЦИПАЛЬНОГО ОБРАЗОВАНИЯ ГОРОД-КУРОРТ АНАПА;13.05.2026;28.05.2026;Закупка завершена;;;26.05.2026;
44-ФЗ;№0826500000926001509;Электронный аукцион;Поставка медицинских изделий для анализатора автоматического  иммунохемилюминесцентного MAGLUMI на 2027 г;;'262312402097531230100136960012120244;;;5203929.00;RUB;0;;;;;;"ОБЛАСТНОЕ ГОСУДАРСТВЕННОЕ БЮДЖЕТНОЕ УЧРЕЖДЕНИЕ ЗДРАВООХРАНЕНИЯ ""БЕЛГОРОДСКАЯ ОБЛАСТНАЯ КЛИНИЧЕСКАЯ БОЛЬНИЦА СВЯТИТЕЛЯ ИОАСАФА""";"ОБЛАСТНОЕ ГОСУДАРСТВЕННОЕ КАЗЕННОЕ УЧРЕЖДЕНИЕ БЕЛГОРОДСКОЙ ОБЛАСТИ ""ЦЕНТР ЗАКУПОК""";15.05.2026;28.05.2026;Закупка завершена;;;27.05.2026;
223-ФЗ;№32615956407;Аукцион в электронной форме, участниками которого могут быть только субъекты малого и среднего предпринимательства;ОКПД2: 29.10.59.310 Поставка автомобиля с краном-манипулятором для СП Хабаровские тепловые сети (реализация проекта P_505-ХТС-34-57), г. Хабаровск;;;1;ОКПД2: 29.10.59.310 Поставка автомобиля с краном-манипулятором для СП Хабаровские тепловые сети (реализация проекта P_505-ХТС-34-57), г. Хабаровск;10933306.01;RUB;10933306.01;;;;29.10.59.310: Средства транспортные, оснащенные кранами-манипуляторами;;"АКЦИОНЕРНОЕ ОБЩЕСТВО ""ДАЛЬНЕВОСТОЧНАЯ ГЕНЕРИРУЮЩАЯ КОМПАНИЯ""";"АКЦИОНЕРНОЕ ОБЩЕСТВО ""ДАЛЬНЕВОСТОЧНАЯ ГЕНЕРИРУЮЩАЯ КОМПАНИЯ""";28.04.2026;28.05.2026;Закупка завершена;;;07.05.2026 16:00;
44-ФЗ;№0136500001126003055;Электронный аукцион;Поставка лекарственных препаратов для медицинского применения (Селексипаг) на 2027 год;;'262690504495069500100102070190000323;;;9901180.80;RUB;0;;;;;;МИНИСТЕРСТВО ЗДРАВООХРАНЕНИЯ ТВЕРСКОЙ ОБЛАСТИ;КОМИТЕТ ГОСУДАРСТВЕННОГО ЗАКАЗА ТВЕРСКОЙ ОБЛАСТИ;19.05.2026;28.05.2026;Закупка завершена;;;27.05.2026;
44-ФЗ;№0811300008326000317;Электронный аукцион;Выполнение работ по сбору, транспортированию и размещению строительного мусора с несанкционированных свалок;;'263165812282816580100100140013812244;;;8000000.00;RUB;0;;;;;;"МУНИЦИПАЛЬНОЕ КАЗЕННОЕ УЧРЕЖДЕНИЕ ""АДМИНИСТРАЦИЯ КИРОВСКОГО И МОСКОВСКОГО РАЙОНОВ ИСПОЛНИТЕЛЬНОГО КОМИТЕТА МУНИЦИПАЛЬНОГО ОБРАЗОВАНИЯ ГОРОДА КАЗАНИ""";"МУНИЦИПАЛЬНОЕ КАЗЕННОЕ УЧРЕЖДЕНИЕ ""ДИРЕКЦИЯ ПО КОНКУРЕНТНОЙ ПОЛИТИКЕ И ЗАКУПКАМ ГОРОДА КАЗАНИ""";20.05.2026;28.05.2026;Закупка завершена;;;28.05.2026;
44-ФЗ;№0358100014426000031;Запрос котировок в электронной форме;Выполнение работ по текущему ремонту ограждения по периметру учебного городка ЮРГПУ(НПИ) (инв. № 000001111349) по адресу: г. Новочеркасск, ул. Просвещения 132;;'261615001083461500100100470014399244;;;5272807.97;RUB;0;;;;;;"ФЕДЕРАЛЬНОЕ ГОСУДАРСТВЕННОЕ БЮДЖЕТНОЕ ОБРАЗОВАТЕЛЬНОЕ УЧРЕЖДЕНИЕ ВЫСШЕГО ОБРАЗОВАНИЯ ""ЮЖНО-РОССИЙСКИЙ ГОСУДАРСТВЕННЫЙ ПОЛИТЕХНИЧЕСКИЙ УНИВЕРСИТЕТ (НПИ) ИМЕНИ М.И. ПЛАТОВА""";"ФЕДЕРАЛЬНОЕ ГОСУДАРСТВЕННОЕ БЮДЖЕТНОЕ ОБРАЗОВАТЕЛЬНОЕ УЧРЕЖДЕНИЕ ВЫСШЕГО ОБРАЗОВАНИЯ ""ЮЖНО-РОССИЙСКИЙ ГОСУДАРСТВЕННЫЙ ПОЛИТЕХНИЧЕСКИЙ УНИВЕРСИТЕТ (НПИ) ИМЕНИ М.И. ПЛАТОВА""";21.05.2026;28.05.2026;Закупка завершена;;;28.05.2026;
44-ФЗ;№0815500000526007341;Электронный аукцион;Выполнение работ по устройству тротуара по ул. Машиностроителей и ул. Раздольная в городе Канаш Чувашской Республики;;'263210002102221000100102010014211244;;;13112813.36;RUB;0;;;;;;АДМИНИСТРАЦИЯ КАНАШСКОГО МУНИЦИПАЛЬНОГО ОКРУГА ЧУВАШСКОЙ РЕСПУБЛИКИ;"КАЗЕННОЕ УЧРЕЖДЕНИЕ ЧУВАШСКОЙ РЕСПУБЛИКИ ""РЕГИОНАЛЬНЫЙ ЦЕНТР ЗАКУПОК ЧУВАШСКОЙ РЕСПУБЛИКИ""";20.05.2026;28.05.2026;Закупка завершена;;;28.05.2026;
44-ФЗ;№0859200001126006082;Электронный аукцион;Поставка наборов базовых для внутривенных вливаний;;262622801427362340100100600013250244, 262622801401962340100100300013250244, 262622600187162260100100800013250244, 262621300456162130100100340013250244, 262623300266862330100100830013250244, 262621400145062140100100760013250244, 262622500247062250100101250013250244, 262622901929962290100100190013250244, 262621500302762150100100640013250244, 262621700118462170100100610013250244, 262623000105662300100101760013250244, 262623000114462300100100970013250244, 262623200231262320100100880013250244, 262623101060062340100100730013250244, 262622000372062200100100300013250244, 262620900068462090100100330013250244, 262622901874662290100100220013250244, 262622901971862290100102320013250244, 262622903819662290100101330013250244, 262623000160262300100100430013250244, 262623001514762300100100520013250244, 262620601071962060100100750013250244, 262622901840062290100100960013250244, 262623101117762340100100170013250244, 262622801995562340100101250013250244, 262623000824562300100102320013250244, 262622100102862210100100470013250244, 262623101597562340100100500013250244, 262622400097862240100100430013250244;;;13459816.50;RUB;0;;;;;;;"ГОСУДАРСТВЕННОЕ КАЗЕННОЕ УЧРЕЖДЕНИЕ РЯЗАНСКОЙ ОБЛАСТИ ""ЦЕНТР ЗАКУПОК РЯЗАНСКОЙ ОБЛАСТИ""";18.05.2026;28.05.2026;Закупка завершена;;;27.05.2026;
44-ФЗ;№0815500000526007190;Электронный аукцион;Текущий ремонт здания сельского Дома культуры по адресу: Чувашская Республика, Канашский район, с.Шибылги, ул. Павлова, д.33;;'263210600801021060100100110014399244;;;5867545.49;RUB;0;;;;;;"МУНИЦИПАЛЬНОЕ БЮДЖЕТНОЕ УЧРЕЖДЕНИЕ КУЛЬТУРЫ ""ЦЕНТРАЛИЗОВАННАЯ КЛУБНАЯ СИСТЕМА"" КАНАШСКОГО МУНИЦИПАЛЬНОГО ОКРУГА ЧУВАШСКОЙ РЕСПУБЛИКИ";"КАЗЕННОЕ УЧРЕЖДЕНИЕ ЧУВАШСКОЙ РЕСПУБЛИКИ ""РЕГИОНАЛЬНЫЙ ЦЕНТР ЗАКУПОК ЧУВАШСКОЙ РЕСПУБЛИКИ""";18.05.2026;28.05.2026;Закупка завершена;;;28.05.2026;
44-ФЗ;№0301100049626000683;Электронный аукцион;Поставка микрохирургических инструментов для офтальмологии (скальпели офтальмологические) для нужд Уф НИИ ГБ ФГБОУ ВО БГМУ Минздрава России;;'261027402308802740100100012150000244;;;18289800.00;RUB;0;;;;;;"ФЕДЕРАЛЬНОЕ ГОСУДАРСТВЕННОЕ БЮДЖЕТНОЕ ОБРАЗОВАТЕЛЬНОЕ УЧРЕЖДЕНИЕ ВЫСШЕГО ОБРАЗОВАНИЯ ""БАШКИРСКИЙ ГОСУДАРСТВЕННЫЙ МЕДИЦИНСКИЙ УНИВЕРСИТЕТ"" МИНИСТЕРСТВА ЗДРАВООХРАНЕНИЯ РОССИЙСКОЙ ФЕДЕРАЦИИ";"ФЕДЕРАЛЬНОЕ ГОСУДАРСТВЕННОЕ БЮДЖЕТНОЕ ОБРАЗОВАТЕЛЬНОЕ УЧРЕЖДЕНИЕ ВЫСШЕГО ОБРАЗОВАНИЯ ""БАШКИРСКИЙ ГОСУДАРСТВЕННЫЙ МЕДИЦИНСКИЙ УНИВЕРСИТЕТ"" МИНИСТЕРСТВА ЗДРАВООХРАНЕНИЯ РОССИЙСКОЙ ФЕДЕРАЦИИ";13.05.2026;28.05.2026;Закупка завершена;;;21.05.2026;
44-ФЗ;№0848300058926000096;Открытый конкурс в электронной форме;"Выполнение работ по текущему ремонту входной группы (центрального входа) здания МБУК ""ЦДК им. М.И.Калинина""";;'263501804052550180100100260014399244;;;6700000.00;RUB;0;;;;;;"МУНИЦИПАЛЬНОЕ БЮДЖЕТНОЕ УЧРЕЖДЕНИЕ КУЛЬТУРЫ ГОРОДСКОГО ОКРУГА КОРОЛЁВ МОСКОВСКОЙ ОБЛАСТИ ""ЦЕНТРАЛЬНЫЙ ДВОРЕЦ КУЛЬТУРЫ ИМЕНИ М.И. КАЛИНИНА""";"МУНИЦИПАЛЬНОЕ КАЗЕННОЕ УЧРЕЖДЕНИЕ ""МУНИЦИПАЛЬНЫЙ ЗАКАЗ""";12.05.2026;28.05.2026;Закупка завершена;;;28.05.2026;
44-ФЗ;№0346300089326000170;Электронный аукцион;Поставка продуктов питания на 2 полугодие 2026 года (хлебобулочные изделия);;262482600895648260100100740011071244, 262482605051748260100101880011071244, 262482601045848260100101570011071244, 262482300499248230100100570011071244, 262482300645348230100102010011071244;;;7005074.98;RUB;0;;;;;;;"ГОСУДАРСТВЕННОЕ УЧРЕЖДЕНИЕ ЗДРАВООХРАНЕНИЯ  ""ЛИПЕЦКАЯ ОБЛАСТНАЯ КЛИНИЧЕСКАЯ ИНФЕКЦИОННАЯ БОЛЬНИЦА""";18.05.2026;28.05.2026;Закупка завершена;;;27.05.2026;
44-ФЗ;№0355100002726000232;Электронный аукцион;Оказание услуги частной охраны (Выставление поста охраны);;'261583507566158350100100190010000244;;;12185870.40;RUB;0;;;;;;"ФЕДЕРАЛЬНОЕ ГОСУДАРСТВЕННОЕ БЮДЖЕТНОЕ УЧРЕЖДЕНИЕ ""ФЕДЕРАЛЬНЫЙ ЦЕНТР СЕРДЕЧНО-СОСУДИСТОЙ ХИРУРГИИ"" МИНИСТЕРСТВА ЗДРАВООХРАНЕНИЯ РОССИЙСКОЙ ФЕДЕРАЦИИ (Г. ПЕНЗА)";"ФЕДЕРАЛЬНОЕ ГОСУДАРСТВЕННОЕ БЮДЖЕТНОЕ УЧРЕЖДЕНИЕ ""ФЕДЕРАЛЬНЫЙ ЦЕНТР СЕРДЕЧНО-СОСУДИСТОЙ ХИРУРГИИ"" МИНИСТЕРСТВА ЗДРАВООХРАНЕНИЯ РОССИЙСКОЙ ФЕДЕРАЦИИ (Г. ПЕНЗА)";18.05.2026;28.05.2026;Закупка завершена;;;26.05.2026;
44-ФЗ;№0809500000326001888;Электронный аукцион;"благоустройство территории здания муниципального бюджетного общеобразовательного учреждения ""Средняя общеобразовательная школа №10"" Рузаевского муниципального района, расположенного по адресу: Республика Мордовия, Рузаевский район, г. Рузаевка, ул. Тухачевского, д. 10 (в рамках текущего ремонта)";;'263132412601213240100100130014399244;;;8495730.00;RUB;0;;;;;;"МУНИЦИПАЛЬНОЕ БЮДЖЕТНОЕ ОБЩЕОБРАЗОВАТЕЛЬНОЕ УЧРЕЖДЕНИЕ ""СРЕДНЯЯ ОБЩЕОБРАЗОВАТЕЛЬНАЯ ШКОЛА №10"" РУЗАЕВСКОГО МУНИЦИПАЛЬНОГО РАЙОНА";"ГОСУДАРСТВЕННОЕ КАЗЕННОЕ УЧРЕЖДЕНИЕ РЕСПУБЛИКИ МОРДОВИЯ ""РЕГИОНАЛЬНЫЙ ЦЕНТР ОРГАНИЗАЦИИ ЗАКУПОК""";20.05.2026;28.05.2026;Закупка завершена;;;28.05.2026;
44-ФЗ;№0360100030526000697;Электронный аукцион;Поставка медицинского оборудования (Коагулометр ИВД, лабораторный);;'261645200647164520100101660040000244;;;6433166.67;RUB;0;;;;;;"ФЕДЕРАЛЬНОЕ ГОСУДАРСТВЕННОЕ БЮДЖЕТНОЕ ОБРАЗОВАТЕЛЬНОЕ УЧРЕЖДЕНИЕ ВЫСШЕГО ОБРАЗОВАНИЯ ""САРАТОВСКИЙ ГОСУДАРСТВЕННЫЙ МЕДИЦИНСКИЙ УНИВЕРСИТЕТ ИМЕНИ В.И.РАЗУМОВСКОГО"" МИНИСТЕРСТВА ЗДРАВООХРАНЕНИЯ РОССИЙСКОЙ ФЕДЕРАЦИИ";"ФЕДЕРАЛЬНОЕ ГОСУДАРСТВЕННОЕ БЮДЖЕТНОЕ ОБРАЗОВАТЕЛЬНОЕ УЧРЕЖДЕНИЕ ВЫСШЕГО ОБРАЗОВАНИЯ ""САРАТОВСКИЙ ГОСУДАРСТВЕННЫЙ МЕДИЦИНСКИЙ УНИВЕРСИТЕТ ИМЕНИ В.И.РАЗУМОВСКОГО"" МИНИСТЕРСТВА ЗДРАВООХРАНЕНИЯ РОССИЙСКОЙ ФЕДЕРАЦИИ";15.05.2026;28.05.2026;Закупка завершена;;;26.05.2026;
44-ФЗ;№0813500000126009062;Электронный аукцион;№ 24317 Услуги частной охраны (Выставление поста охраны) для дошкольных образовательных учреждений г. Глазова;;263182901586818370100100070018010244, 263183700359118370100100080018010244;;;17112417.60;RUB;0;;;;;;;"ГОСУДАРСТВЕННОЕ КАЗЕННОЕ УЧРЕЖДЕНИЕ УДМУРТСКОЙ РЕСПУБЛИКИ ""РЕГИОНАЛЬНЫЙ ЦЕНТР ЗАКУПОК УДМУРТСКОЙ РЕСПУБЛИКИ""";15.05.2026;28.05.2026;Закупка завершена;;;27.05.2026;
44-ФЗ;№0373200035126000053;Электронный аукцион;"Аукцион в электронной форме на право заключения контракта на оказание услуг по техническому обслуживанию систем вентиляции в филиалах и структурных подразделениях ГБУЗ ""Московский Центр дерматовенерологии и косметологии""";;'262772503416977250100100610010000244;;;26292786.15;RUB;0;;;;;;"ГОСУДАРСТВЕННОЕ БЮДЖЕТНОЕ УЧРЕЖДЕНИЕ ЗДРАВООХРАНЕНИЯ ГОРОДА МОСКВЫ ""МОСКОВСКИЙ НАУЧНО-ПРАКТИЧЕСКИЙ ЦЕНТР ДЕРМАТОВЕНЕРОЛОГИИ И КОСМЕТОЛОГИИ ДЕПАРТАМЕНТА ЗДРАВООХРАНЕНИЯ ГОРОДА МОСКВЫ""";"ГОСУДАРСТВЕННОЕ БЮДЖЕТНОЕ УЧРЕЖДЕНИЕ ЗДРАВООХРАНЕНИЯ ГОРОДА МОСКВЫ ""МОСКОВСКИЙ НАУЧНО-ПРАКТИЧЕСКИЙ ЦЕНТР ДЕРМАТОВЕНЕРОЛОГИИ И КОСМЕТОЛОГИИ ДЕПАРТАМЕНТА ЗДРАВООХРАНЕНИЯ ГОРОДА МОСКВЫ""";18.05.2026;28.05.2026;Закупка завершена;;;26.05.2026;
223-ФЗ;№32616058411;Иной способ;Поставка реагентов для нужд ФГБУ «ВНИИКР»;;;1;Поставка реагентов для нужд ФГБУ «ВНИИКР»;19960390.00;RUB;19960390.00;;;;"21.10.60.196: Препараты диагностические (реагенты) микробного и вирусного происхождения; наборы диагностические";;"ФЕДЕРАЛЬНОЕ ГОСУДАРСТВЕННОЕ БЮДЖЕТНОЕ УЧРЕЖДЕНИЕ ""ВСЕРОССИЙСКИЙ ЦЕНТР КАРАНТИНА РАСТЕНИЙ""";"ФЕДЕРАЛЬНОЕ ГОСУДАРСТВЕННОЕ БЮДЖЕТНОЕ УЧРЕЖДЕНИЕ ""ВСЕРОССИЙСКИЙ ЦЕНТР КАРАНТИНА РАСТЕНИЙ""";28.05.2026;28.05.2026;Закупка завершена;;;29.05.2026 18:00;
44-ФЗ;№0848300060526000096;Открытый конкурс в электронной форме;Выполнение работ по ремонту дворовых территорий городского округа Жуковский (лот 4);;'263501301962550400100101450014299244;;;10932003.39;RUB;0;;;;;;АДМИНИСТРАЦИЯ ГОРОДСКОГО ОКРУГА ЖУКОВСКИЙ МОСКОВСКОЙ ОБЛАСТИ;"МУНИЦИПАЛЬНОЕ КАЗЕННОЕ УЧРЕЖДЕНИЕ ""МОНИТОРИНГ И ОРГАНИЗАЦИЯ ЗАКУПОК ГОРОДСКОГО ОКРУГА ЖУКОВСКИЙ""";07.05.2026;28.05.2026;Закупка завершена;;;25.05.2026;
44-ФЗ;№0815500000526007288;Электронный аукцион;Услуги частной охраны (Выставление поста охраны);;'262213020683121300100100950018010244;;;9606667.34;RUB;0;;;;;;"БЮДЖЕТНОЕ УЧРЕЖДЕНИЕ ЧУВАШСКОЙ РЕСПУБЛИКИ ""РЕСПУБЛИКАНСКИЙ ЦЕНТР МЕДИЦИНЫ КАТАСТРОФ И СКОРОЙ МЕДИЦИНСКОЙ ПОМОЩИ"" МИНИСТЕРСТВА ЗДРАВООХРАНЕНИЯ ЧУВАШСКОЙ РЕСПУБЛИКИ";"КАЗЕННОЕ УЧРЕЖДЕНИЕ ЧУВАШСКОЙ РЕСПУБЛИКИ ""РЕГИОНАЛЬНЫЙ ЦЕНТР ЗАКУПОК ЧУВАШСКОЙ РЕСПУБЛИКИ""";19.05.2026;28.05.2026;Закупка завершена;;;27.05.2026;
44-ФЗ;№0843500000226002537;Открытый конкурс в электронной форме на проведение работ по строительству, реконструкции, кап. ремонту, сносу объекта кап. строительства в соответствии с п. 8 ч. 1 ст. 33 Закона № 44-ФЗ;"Капитальный ремонт помещений Стационара 4-го (вторая половина) этажа ГБУ ""Межрайонная больница №3"" по адресу: Курганская область, Кетовский муниципальный округ, с.Кетово, ул. Космонавтов, д. 48";;'262451000042145100100100160064399243;;;24481000.00;RUB;0;;;;;;"ГОСУДАРСТВЕННОЕ БЮДЖЕТНОЕ УЧРЕЖДЕНИЕ ""МЕЖРАЙОННАЯ БОЛЬНИЦА № 3""";"ГОСУДАРСТВЕННОЕ КАЗЕННОЕ УЧРЕЖДЕНИЕ ""ЦЕНТР ЗАКУПОК И БУХГАЛТЕРСКОГО УЧЕТА КУРГАНСКОЙ ОБЛАСТИ""";08.05.2026;28.05.2026;Закупка завершена;;;25.05.2026;
44-ФЗ;№0811300008326000315;Электронный аукцион;Оказание комплекса телематических услуг связи и сопутствующих сервисов для нужд Исполнительного комитета г.Казани;;'263165515110816550100100150016110244;;;8177082.12;RUB;0;;;;;;"МУНИЦИПАЛЬНОЕ КАЗЕННОЕ УЧРЕЖДЕНИЕ ""УПРАВЛЕНИЕ ИНФОРМАЦИОННЫХ ТЕХНОЛОГИЙ И СВЯЗИ ИСПОЛНИТЕЛЬНОГО КОМИТЕТА МУНИЦИПАЛЬНОГО ОБРАЗОВАНИЯ ГОРОДА КАЗАНИ""";"МУНИЦИПАЛЬНОЕ КАЗЕННОЕ УЧРЕЖДЕНИЕ ""ДИРЕКЦИЯ ПО КОНКУРЕНТНОЙ ПОЛИТИКЕ И ЗАКУПКАМ ГОРОДА КАЗАНИ""";20.05.2026;28.05.2026;Закупка завершена;;;28.05.2026;
44-ФЗ;№0145200000426000787;Электронный аукцион;Приобретение квартиры для нужд ГБУЗ ЛО  «Сертоловская ГБ»;;'262470000118078420100100830016810412;;;6298912.00;RUB;0;;;;;;КОМИТЕТ ПО ЗДРАВООХРАНЕНИЮ ЛЕНИНГРАДСКОЙ ОБЛАСТИ;КОМИТЕТ ГОСУДАРСТВЕННОГО ЗАКАЗА ЛЕНИНГРАДСКОЙ ОБЛАСТИ;15.05.2026;28.05.2026;Закупка завершена;;;27.05.2026;
44-ФЗ;№0509200000426000345;Электронный аукцион;Поставка лекарственных препаратов для медицинского применения МНН Гозерелин;;'262130000294913270100100013020000000;;;32288233.24;RUB;0;;;;;;"ГОСУДАРСТВЕННОЕ УНИТАРНОЕ ПРЕДПРИЯТИЕ РЕСПУБЛИКИ МОРДОВИЯ ""ФАРМАЦИЯ""";"ГОСУДАРСТВЕННОЕ УНИТАРНОЕ ПРЕДПРИЯТИЕ РЕСПУБЛИКИ МОРДОВИЯ ""ФАРМАЦИЯ""";20.05.2026;28.05.2026;Закупка завершена;;;28.05.2026;
44-ФЗ;№0372200219626000184;Электронный аукцион;Поставка лекарственного препарата для медицинского применения (МНН Натрия пертехнетат [99MТС]) в 2026 году;;'261781308525078130100101030012120244;;;5295675.00;RUB;0;;;;;;"САНКТ-ПЕТЕРБУРГСКОЕ ГОСУДАРСТВЕННОЕ БЮДЖЕТНОЕ УЧРЕЖДЕНИЕ ЗДРАВООХРАНЕНИЯ ""ГОРОДСКОЙ КЛИНИЧЕСКИЙ ОНКОЛОГИЧЕСКИЙ ДИСПАНСЕР""";"САНКТ-ПЕТЕРБУРГСКОЕ ГОСУДАРСТВЕННОЕ КАЗЕННОЕ УЧРЕЖДЕНИЕ ""ДИРЕКЦИЯ ПО ЗАКУПКАМ КОМИТЕТА ПО ЗДРАВООХРАНЕНИЮ""";18.05.2026;28.05.2026;Закупка завершена;;;26.05.2026;
44-ФЗ;№0372200219626000183;Электронный аукцион;Поставка лекарственного препарата для медицинского применения (МНН: Гадобутрол) в 2026 году;;'262784331175778430100100520012120244;;;33036000.00;RUB;0;;;;;;"ГОСУДАРСТВЕННОЕ БЮДЖЕТНОЕ УЧРЕЖДЕНИЕ ЗДРАВООХРАНЕНИЯ ""САНКТ-ПЕТЕРБУРГСКИЙ КЛИНИЧЕСКИЙ НАУЧНО-ПРАКТИЧЕСКИЙ ЦЕНТР СПЕЦИАЛИЗИРОВАННЫХ ВИДОВ МЕДИЦИНСКОЙ ПОМОЩИ (ОНКОЛОГИЧЕСКИЙ) ИМЕНИ Н.П. НАПАЛКОВА""";"САНКТ-ПЕТЕРБУРГСКОЕ ГОСУДАРСТВЕННОЕ КАЗЕННОЕ УЧРЕЖДЕНИЕ ""ДИРЕКЦИЯ ПО ЗАКУПКАМ КОМИТЕТА ПО ЗДРАВООХРАНЕНИЮ""";18.05.2026;28.05.2026;Закупка завершена;;;26.05.2026;
44-ФЗ;№0168500000626001788;Открытый конкурс в электронной форме на проведение работ по строительству, реконструкции, кап. ремонту, сносу объекта кап. строительства в соответствии с п. 8 ч. 1 ст. 33 Закона № 44-ФЗ;"Капитальный ремонт главного корпуса ГУЗ ""Новоспасская районная больница"" (2 этап) расположенного по адресу: Ульяновская область, Новоспасский район р.п. Новоспасское, площадь Семашко, 10";;'263731300222473130100100330014120000;;;280825377.10;RUB;0;;;;;;"ГОСУДАРСТВЕННОЕ УЧРЕЖДЕНИЕ ЗДРАВООХРАНЕНИЯ ""НОВОСПАССКАЯ РАЙОННАЯ БОЛЬНИЦА ИМЕНИ Н.К. БУКИНА""";АГЕНТСТВО ГОСУДАРСТВЕННЫХ ЗАКУПОК УЛЬЯНОВСКОЙ ОБЛАСТИ;12.05.2026;28.05.2026;Закупка завершена;;;28.05.2026;
44-ФЗ;№0509200000426000347;Электронный аукцион;Поставка лекарственных препаратов для медицинского применения МНН Голимумаб;;'262130000294913270100100013190000000;;;36607340.07;RUB;0;;;;;;"ГОСУДАРСТВЕННОЕ УНИТАРНОЕ ПРЕДПРИЯТИЕ РЕСПУБЛИКИ МОРДОВИЯ ""ФАРМАЦИЯ""";"ГОСУДАРСТВЕННОЕ УНИТАРНОЕ ПРЕДПРИЯТИЕ РЕСПУБЛИКИ МОРДОВИЯ ""ФАРМАЦИЯ""";20.05.2026;28.05.2026;Закупка завершена;;;28.05.2026;
44-ФЗ;№0343100000726000805;Электронный аукцион;Оказание услуг по модернизации и сопровождению реестров оказания медицинской помощи в соответствии с тарифным соглашением 2026 года Курганской области и в рамках изменения ФФОМС;;'261450102221045010100100130590000244;;;8402800.00;RUB;0;;;;;;"ФЕДЕРАЛЬНОЕ ГОСУДАРСТВЕННОЕ БЮДЖЕТНОЕ УЧРЕЖДЕНИЕ ""НАЦИОНАЛЬНЫЙ МЕДИЦИНСКИЙ ИССЛЕДОВАТЕЛЬСКИЙ ЦЕНТР ТРАВМАТОЛОГИИ И ОРТОПЕДИИ ИМЕНИ АКАДЕМИКА Г.А. ИЛИЗАРОВА"" МИНИСТЕРСТВА ЗДРАВООХРАНЕНИЯ РОССИЙСКОЙ ФЕДЕРАЦИИ";"ФЕДЕРАЛЬНОЕ ГОСУДАРСТВЕННОЕ БЮДЖЕТНОЕ УЧРЕЖДЕНИЕ ""НАЦИОНАЛЬНЫЙ МЕДИЦИНСКИЙ ИССЛЕДОВАТЕЛЬСКИЙ ЦЕНТР ТРАВМАТОЛОГИИ И ОРТОПЕДИИ ИМЕНИ АКАДЕМИКА Г.А. ИЛИЗАРОВА"" МИНИСТЕРСТВА ЗДРАВООХРАНЕНИЯ РОССИЙСКОЙ ФЕДЕРАЦИИ";20.05.2026;28.05.2026;Закупка завершена;;;28.05.2026;
44-ФЗ;№0344100003626000095;Электронный аукцион;Поставка горюче-смазочных материалов посредством топливных карт для нужд ФГБУЗ МСЧ № 125 ФМБА России;;'261463400052046340100100080020000244;;;5001240.00;RUB;0;;;;;;"ФЕДЕРАЛЬНОЕ ГОСУДАРСТВЕННОЕ БЮДЖЕТНОЕ УЧРЕЖДЕНИЕ ЗДРАВООХРАНЕНИЯ ""МЕДИКО-САНИТАРНАЯ ЧАСТЬ № 125 ФЕДЕРАЛЬНОГО МЕДИКО-БИОЛОГИЧЕСКОГО АГЕНТСТВА""";"ФЕДЕРАЛЬНОЕ ГОСУДАРСТВЕННОЕ БЮДЖЕТНОЕ УЧРЕЖДЕНИЕ ЗДРАВООХРАНЕНИЯ ""МЕДИКО-САНИТАРНАЯ ЧАСТЬ № 125 ФЕДЕРАЛЬНОГО МЕДИКО-БИОЛОГИЧЕСКОГО АГЕНТСТВА""";20.05.2026;28.05.2026;Закупка завершена;;;28.05.2026;
44-ФЗ;№0142200001326011312;Запрос котировок в электронной форме;Выполнение работ по реализации общественного проекта «А мы идём в театр» – восстановление асфальтобетонного покрытия тротуара по ул. Чернышевского вдоль сквера «Слава Труду» и по ул. Дзержинского вдоль площади Искусств;;'263633000130063300100101040014299244;;;5474455.15;RUB;0;;;;;;АДМИНИСТРАЦИЯ ГОРОДСКОГО ОКРУГА НОВОКУЙБЫШЕВСК;КОМИТЕТ ПО ОРГАНИЗАЦИИ ТОРГОВ САМАРСКОЙ ОБЛАСТИ;19.05.2026;28.05.2026;Закупка завершена;;;26.05.2026;
44-ФЗ;№0509200000426000348;Электронный аукцион;Поставка лекарственных препаратов для медицинского применения МНН Вандетаниб;;'262130000294913270100100012920000000;;;7805001.60;RUB;0;;;;;;"ГОСУДАРСТВЕННОЕ УНИТАРНОЕ ПРЕДПРИЯТИЕ РЕСПУБЛИКИ МОРДОВИЯ ""ФАРМАЦИЯ""";"ГОСУДАРСТВЕННОЕ УНИТАРНОЕ ПРЕДПРИЯТИЕ РЕСПУБЛИКИ МОРДОВИЯ ""ФАРМАЦИЯ""";20.05.2026;28.05.2026;Закупка завершена;;;28.05.2026;
44-ФЗ;№0346300089426000147;Открытый конкурс в электронной форме на проведение работ по строительству, реконструкции, кап. ремонту, сносу объекта кап. строительства в соответствии с п. 8 ч. 1 ст. 33 Закона № 44-ФЗ;Проведение капитального ремонта кардиологического отделения для больных с острым инфарктом миокарда и острым коронарным синдромом, расположенного по адресу: г. Липецк, ул. Космонавтов, д. 39, включая оказание работ, услуг по изготовлению проектной документации с прохождением экспертизы достоверности определения сметной стоимости.;;'262482605051748260100102160010000243;;;60128500.00;RUB;0;;;;;;"ГОСУДАРСТВЕННОЕ  УЧРЕЖДЕНИЕ ЗДРАВООХРАНЕНИЯ ""ЛИПЕЦКАЯ ГОРОДСКАЯ БОЛЬНИЦА СКОРОЙ МЕДИЦИНСКОЙ ПОМОЩИ № 1""";"ГОСУДАРСТВЕННОЕ  УЧРЕЖДЕНИЕ ЗДРАВООХРАНЕНИЯ ""ЛИПЕЦКАЯ ГОРОДСКАЯ БОЛЬНИЦА СКОРОЙ МЕДИЦИНСКОЙ ПОМОЩИ № 1""";08.05.2026;28.05.2026;Закупка завершена;;;25.05.2026;
44-ФЗ;№0131300000626000705;Электронный аукцион;Поставка яблок на 2 полугодие 2026 года;;263366228144736620100100150010124244, 263366220527736620100100150010124244, 263366205057736620100100150010124244, 263366205041836620100100150010124244, 263366205031236620100100160010124244, 263366205033736620100100140010124244, 263366205027036620100100150010124244, 263366206582336620100100150010124244, 263366215899736620100100140010124244, 263366205043236620100100150010124244, 263366204709136620100100150010124244, 263366207057336620100100150010124244, 263366205054536620100100140010124244, 263366205073936620100100140010124244, 263366205045736620100100150010124244, 263366205254236620100100190010124244, 263366205052036620100100200010124244, 263366205035136620100100210010124244, 263366207280636620100100160010124244, 263366205051336620100100190010124244, 263366205036936620100100190010124244, 263366205034436620100100190010124244, 263366206417836620100100190010124244, 263366604350036660100100180010124244, 263366227104736620100100160010124244, 263366207117536620100100170010124244, 263366205110836620100100170010124244, 263366205737136620100100160010124244, 263366213502036620100100160010124244, 263366214030136620100100170010124244, 263366205040036620100100160010124244, 263366205059136620100100220010124244, 263366205055236620100100290010124244, 263366205032036620100100310010124244, 263366205044036620100100510010124244, 263366204512936620100100020010124244, 263366221202736620100100150010124244, 263366205061936620100100140010124244, 263366205037636620100100160010124244, 263366215311736620100100170010124244, 263366206418536620100100200010124244, 263366215900636620100100210010124244, 263366205320036620100100130010124244, 263366218354536620100100210010000244, 263366205058436620100100150010124244, 263366206507636620100100160010124244;;;6477442.84;RUB;0;;;;;;;АДМИНИСТРАЦИЯ ГОРОДСКОГО ОКРУГА ГОРОД ВОРОНЕЖ;19.05.2026;28.05.2026;Закупка завершена;;;27.05.2026;
44-ФЗ;№0348300029126000184;Электронный аукцион;Поставка расходного материала для биохимического анализатора ERBA XL, совместимых с анализатором и реагентами, имеющимися  в лаборатории (лот 2) (централизованная лаборатория);;'263500900589150090100101910012120244;;;8315704.40;RUB;0;;;;;;"ГОСУДАРСТВЕННОЕ БЮДЖЕТНОЕ УЧРЕЖДЕНИЕ ЗДРАВООХРАНЕНИЯ МОСКОВСКОЙ ОБЛАСТИ ""ДОМОДЕДОВСКАЯ БОЛЬНИЦА""";"ГОСУДАРСТВЕННОЕ БЮДЖЕТНОЕ УЧРЕЖДЕНИЕ ЗДРАВООХРАНЕНИЯ МОСКОВСКОЙ ОБЛАСТИ ""ДОМОДЕДОВСКАЯ БОЛЬНИЦА""";04.05.2026;28.05.2026;Определение поставщика отменено;;;12.05.2026;
44-ФЗ;№0124300021026000468;Электронный аукцион;Приобретение жилого помещения (квартиры) путем участия в долевом строительстве многоквартирного жилого дома в городе Архангельске для предоставления гражданам, переселяемым из аварийного жилищного фонда ;;'263290126558129010100100022936810412;;;5050923.50;RUB;0;;;;;;"ДЕПАРТАМЕНТ ГОРОДСКОГО ХОЗЯЙСТВА АДМИНИСТРАЦИИ ГОРОДСКОГО ОКРУГА ""ГОРОД АРХАНГЕЛЬСК""";"АДМИНИСТРАЦИЯ ГОРОДСКОГО ОКРУГА ""ГОРОД АРХАНГЕЛЬСК""";19.05.2026;28.05.2026;Закупка завершена;;;28.05.2026;
223-ФЗ;№32615916940;Конкурс в электронной форме, участниками которого могут быть только субъекты малого и среднего предпринимательства;"Лот № 0404-КС ПИР СМР-2026-СЭ. Право заключения договора на мероприятия по строительству, реконструкции сетей ЦБСР филиала ""Распределительные сети"", в том числе монтаж систем учета электроэнергии (рамочный договор).";;;1;"ОКПД2 35.12.10.120. Мероприятия по строительству, реконструкции сетей ЦБСР филиала ""Распределительные сети"", в том числе монтаж систем учета электроэнергии (рамочный договор).";32711985.00;RUB;32711985.00;;;;35.12.10.120: Услуги по технологическому присоединению к распределительным электросетям;;"ПУБЛИЧНОЕ АКЦИОНЕРНОЕ ОБЩЕСТВО ЭНЕРГЕТИКИ И ЭЛЕКТРИФИКАЦИИ ""САХАЛИНЭНЕРГО""";"ПУБЛИЧНОЕ АКЦИОНЕРНОЕ ОБЩЕСТВО ЭНЕРГЕТИКИ И ЭЛЕКТРИФИКАЦИИ ""САХАЛИНЭНЕРГО""";16.04.2026;28.05.2026;Закупка завершена;;;14.05.2026 17:00;
44-ФЗ;№0801500001126000935;Электронный аукцион;Капитальный ремонт территории ГБОУ Учалинская КШИ, расположенного по адресу: 453701,РБ,г.Учалы,ул.Муртазина,38;;'262027001317702700100100080024120243;;;5373184.22;RUB;0;;;;;;ГОСУДАРСТВЕННОЕ БЮДЖЕТНОЕ ОБЩЕОБРАЗОВАТЕЛЬНОЕ УЧРЕЖДЕНИЕ УЧАЛИНСКАЯ КОРРЕКЦИОННАЯ ШКОЛА-ИНТЕРНАТ ДЛЯ ОБУЧАЮЩИХСЯ С ОГРАНИЧЕННЫМИ ВОЗМОЖНОСТЯМИ ЗДОРОВЬЯ;"ГОСУДАРСТВЕННОЕ КАЗЕННОЕ УЧРЕЖДЕНИЕ РЕСПУБЛИКИ БАШКОРТОСТАН ""РЕСПУБЛИКАНСКИЙ ЦЕНТР ТОРГОВ""";18.05.2026;28.05.2026;Закупка завершена;;;28.05.2026;
44-ФЗ;№0131300000626000685;Электронный аукцион;Поставка  яйца куриного в скорлупе свежего на 2 полугодие 2026 года;;263366213502036620100100200010147244, 263366204512936620100100190010147244, 263366205040036620100100200010147244, 263366227104736620100100200010147244, 263366220527736620100100190010147244, 263366228144736620100100190010147244, 263366205737136620100100200010147244, 263366214030136620100100210010147244, 263366206582336620100100190010147244, 263366207057336620100100190010147244, 263366205027036620100100190010147244, 263366205057736620100100190010147244, 263366205043236620100100190010147244, 263366204709136620100100190010147244, 263366205033736620100100180010147244, 263366205041836620100100190010147244, 263366205032036620100100420010147244, 263366205031236620100100610010147244, 263366205052036620100100240010147244, 263366205254236620100100230010147244, 263366205059136620100100260010147244, 263366207280636620100100210010147244, 263366205055236620100100370010147244, 263366205034436620100100230010147244, 263366205036936620100100230010147244, 263366206417836620100100230010147244, 263366205035136620100100240010147244, 263366207117536620100100210010147244, 263366604350036660100100220010147244, 263366205110836620100100210010147244, 263366205051336620100100220010147244, 263366205061936620100100180010147244, 263366205054536620100100180010147244, 263366205045736620100100190010147244, 263366215899736620100100180010147244, 263366215900636620100100250010147244, 263366205320036620100100170010147244, 263366205073936620100100170010147244, 263366221202736620100100190010147244, 263366206418536620100100180010147244, 263366205037636620100100200010147244, 263366205044036620100100160010147244, 263366215311736620100100210010147244, 263366218354536620100100250010000244, 263366205058436620100100190010147244, 263366206507636620100100200010147244;;;7040057.52;RUB;0;;;;;;;АДМИНИСТРАЦИЯ ГОРОДСКОГО ОКРУГА ГОРОД ВОРОНЕЖ;18.05.2026;28.05.2026;Закупка завершена;;;26.05.2026;
44-ФЗ;№0509200000426000351;Электронный аукцион;Поставка лекарственных препаратов для медицинского применения МНН Дурвалумаб;;'262130000294913270100100013230000000;;;18035930.00;RUB;0;;;;;;"ГОСУДАРСТВЕННОЕ УНИТАРНОЕ ПРЕДПРИЯТИЕ РЕСПУБЛИКИ МОРДОВИЯ ""ФАРМАЦИЯ""";"ГОСУДАРСТВЕННОЕ УНИТАРНОЕ ПРЕДПРИЯТИЕ РЕСПУБЛИКИ МОРДОВИЯ ""ФАРМАЦИЯ""";20.05.2026;28.05.2026;Закупка завершена;;;28.05.2026;
44-ФЗ;№0329200062226001321;Электронный аукцион;Ремонт ул. Московской от ул. Первомайской до ул. Воровского в р. п. Быково Волгоградской области;;'263340201086134020100100060014211244;;;9147994.75;RUB;0;;;;;;АДМИНИСТРАЦИЯ БЫКОВСКОГО ГОРОДСКОГО ПОСЕЛЕНИЯ;"ГОСУДАРСТВЕННОЕ КАЗЕННОЕ УЧРЕЖДЕНИЕ ВОЛГОГРАДСКОЙ ОБЛАСТИ ""ЦЕНТР ОРГАНИЗАЦИИ ЗАКУПОК""";19.05.2026;28.05.2026;Закупка завершена;;;27.05.2026;
44-ФЗ;№0168500000626001897;Электронный аукцион;Медицинские изделия для отделения РХМДиЛ: датчики внутрисосудистые для системы ультразвуковой визуализации;;'263731300222473130100100280010000000;;;14868000.00;RUB;0;;;;;;"ГОСУДАРСТВЕННОЕ УЧРЕЖДЕНИЕ ЗДРАВООХРАНЕНИЯ ""НОВОСПАССКАЯ РАЙОННАЯ БОЛЬНИЦА ИМЕНИ Н.К. БУКИНА""";АГЕНТСТВО ГОСУДАРСТВЕННЫХ ЗАКУПОК УЛЬЯНОВСКОЙ ОБЛАСТИ;20.05.2026;28.05.2026;Закупка завершена;;;28.05.2026;
44-ФЗ;№0852500000126001981;Запрос котировок в электронной форме;Поставка топлива моторного (Реестровый номер 26.0502);;'262550320238755040100100100011920244;;;6000000.00;RUB;0;;;;;;ГЛАВНОЕ УПРАВЛЕНИЕ ЛЕСНОГО ХОЗЯЙСТВА ОМСКОЙ ОБЛАСТИ;"КАЗЕННОЕ УЧРЕЖДЕНИЕ ОМСКОЙ ОБЛАСТИ ""ЦЕНТР ЗАКУПОК ТОВАРОВ, РАБОТ, УСЛУГ""";21.05.2026;28.05.2026;Закупка завершена;;;28.05.2026;
44-ФЗ;№0375100003626000469;Электронный аукцион;"Поставка изделий медицинского назначения ""Катетер многоцелевой для чрескожного дренирования""";;'261910206500391020100106050013250244;;;9761665.00;RUB;0;;;;;;"ГОСУДАРСТВЕННОЕ БЮДЖЕТНОЕ УЧРЕЖДЕНИЕ ЗДРАВООХРАНЕНИЯ РЕСПУБЛИКИ КРЫМ ""РЕСПУБЛИКАНСКАЯ КЛИНИЧЕСКАЯ БОЛЬНИЦА ИМ. Н.А. СЕМАШКО""";"ГОСУДАРСТВЕННОЕ БЮДЖЕТНОЕ УЧРЕЖДЕНИЕ ЗДРАВООХРАНЕНИЯ РЕСПУБЛИКИ КРЫМ ""РЕСПУБЛИКАНСКАЯ КЛИНИЧЕСКАЯ БОЛЬНИЦА ИМ. Н.А. СЕМАШКО""";18.05.2026;28.05.2026;Закупка завершена;;;27.05.2026;
44-ФЗ;№0173100009526000038;Электронный аукцион;Выполнение работы «Вывоз и кондиционирование твердых радиоактивных отходов, накопленных в АО «ЦС «Звездочка», находящихся в федеральной собственности, с последующей передачей вторичных радиоактивных отходов на захоронение», шифр «Обращение с ТРО»;;'261770559633977030100100300013822244;;;92316970.00;RUB;0;;;;;;МИНИСТЕРСТВО ПРОМЫШЛЕННОСТИ И ТОРГОВЛИ РОССИЙСКОЙ ФЕДЕРАЦИИ;МИНИСТЕРСТВО ПРОМЫШЛЕННОСТИ И ТОРГОВЛИ РОССИЙСКОЙ ФЕДЕРАЦИИ;18.05.2026;28.05.2026;Закупка завершена;;;27.05.2026;
44-ФЗ;№0160300003626000230;Запрос котировок в электронной форме;Приобретение жилых помещений ;;'263644903274664490100100090096810412;;;8536605.00;RUB;0;;;;;;"МУНИЦИПАЛЬНОЕ КАЗЕННОЕ УЧРЕЖДЕНИЕ ""ЭНГЕЛЬССКАЯ НЕДВИЖИМОСТЬ""";АДМИНИСТРАЦИЯ ЭНГЕЛЬССКОГО МУНИЦИПАЛЬНОГО РАЙОНА;20.05.2026;28.05.2026;Закупка завершена;;;27.05.2026;
44-ФЗ;№0173100009526000039;Электронный аукцион;Выполнение работы «Обращение с твердыми радиоактивными отходами, накопленными в объекте 162 головной организации АО «ЦС «Звездочка», находящимися в федеральной собственности», шифр «Обращение с РАО объект 162»;;'261770559633977030100100300023822244;;;138383030.00;RUB;0;;;;;;МИНИСТЕРСТВО ПРОМЫШЛЕННОСТИ И ТОРГОВЛИ РОССИЙСКОЙ ФЕДЕРАЦИИ;МИНИСТЕРСТВО ПРОМЫШЛЕННОСТИ И ТОРГОВЛИ РОССИЙСКОЙ ФЕДЕРАЦИИ;18.05.2026;28.05.2026;Закупка завершена;;;27.05.2026;
44-ФЗ;№0356500001426004381;Электронный аукцион;Содержание автомобильных дорог Куединского муниципального округа на 2026-2027 гг. Лот № 1;;'263593900042059390100100410010000244;;;7380799.72;RUB;0;;;;;;"МУНИЦИПАЛЬНОЕ КАЗЕННОЕ УЧРЕЖДЕНИЕ ""УПРАВЛЕНИЕ КАПИТАЛЬНОГО СТРОИТЕЛЬСТВА""";"ГОСУДАРСТВЕННОЕ КАЗЕННОЕ УЧРЕЖДЕНИЕ ПЕРМСКОГО КРАЯ ""ЦЕНТР ОРГАНИЗАЦИИ ЗАКУПОК""";20.05.2026;28.05.2026;Закупка завершена;;;28.05.2026;
44-ФЗ;№0105100000726000051;Электронный аукцион;Текущий ремонт зданий и сооружений судов общей юрисдикции Республики Калмыкия;;'261081410660908160100100710044339244;;;5000000.00;RUB;0;;;;;;УПРАВЛЕНИЕ СУДЕБНОГО ДЕПАРТАМЕНТА В РЕСПУБЛИКЕ КАЛМЫКИЯ;УПРАВЛЕНИЕ СУДЕБНОГО ДЕПАРТАМЕНТА В РЕСПУБЛИКЕ КАЛМЫКИЯ;20.05.2026;28.05.2026;Закупка завершена;;;28.05.2026;
44-ФЗ;№0160300003626000229;Запрос котировок в электронной форме;Приобретение жилых помещений ;;'263644903274664490100100090086810412;;;8356887.00;RUB;0;;;;;;"МУНИЦИПАЛЬНОЕ КАЗЕННОЕ УЧРЕЖДЕНИЕ ""ЭНГЕЛЬССКАЯ НЕДВИЖИМОСТЬ""";АДМИНИСТРАЦИЯ ЭНГЕЛЬССКОГО МУНИЦИПАЛЬНОГО РАЙОНА;20.05.2026;28.05.2026;Закупка завершена;;;27.05.2026;
44-ФЗ;№0356500001426004395;Электронный аукцион;Оказание услуг по обеспечению приема платы за проезд и провоз багажа с использованием безналичных средств в автомобильном транспорте и городском наземном электрическом транспорте города Перми;;'263590408259959060100100210010000000;;;30000000.00;RUB;0;;;;;;"МУНИЦИПАЛЬНОЕ КАЗЕННОЕ УЧРЕЖДЕНИЕ ""ГОРОДСКОЕ УПРАВЛЕНИЕ ТРАНСПОРТА""";"ГОСУДАРСТВЕННОЕ КАЗЕННОЕ УЧРЕЖДЕНИЕ ПЕРМСКОГО КРАЯ ""ЦЕНТР ОРГАНИЗАЦИИ ЗАКУПОК""";20.05.2026;28.05.2026;Закупка завершена;;;28.05.2026;
44-ФЗ;№0853500000326003260;Открытый конкурс в электронной форме;Ремонт участка дороги пер. Чапаева от ул. Целинная до ул. Ленина п. Новоорск Новоорского района Оренбургской области (в рамках текущего ремонта);;'263563500841056350100100160014211244;;;6309178.02;RUB;0;;;;;;АДМИНИСТРАЦИЯ МУНИЦИПАЛЬНОГО ОБРАЗОВАНИЯ НОВООРСКИЙ ПОССОВЕТ НОВООРСКОГО РАЙОНА ОРЕНБУРГСКОЙ ОБЛАСТИ;"ГОСУДАРСТВЕННОЕ КАЗЕННОЕ УЧРЕЖДЕНИЕ ОРЕНБУРГСКОЙ ОБЛАСТИ ""ЦЕНТР ОРГАНИЗАЦИИ ЗАКУПОК""";08.05.2026;28.05.2026;Закупка завершена;;;26.05.2026;
44-ФЗ;№0356500001426004356;Запрос котировок в электронной форме;Выполнение работ по текущему ремонту административных помещений многоквартирного дома, расположенного по адресу:  г. Пермь, ул. Николая Островского, 55 ;;'263590229383759020100100570010000244;;;7781028.53;RUB;0;;;;;;"МУНИЦИПАЛЬНОЕ КАЗЕННОЕ УЧРЕЖДЕНИЕ ""УПРАВЛЕНИЕ ПО ЭКСПЛУАТАЦИИ АДМИНИСТРАТИВНЫХ ЗДАНИЙ ГОРОДА ПЕРМИ""";"ГОСУДАРСТВЕННОЕ КАЗЕННОЕ УЧРЕЖДЕНИЕ ПЕРМСКОГО КРАЯ ""ЦЕНТР ОРГАНИЗАЦИИ ЗАКУПОК""";19.05.2026;28.05.2026;Закупка завершена;;;28.05.2026;
44-ФЗ;№0815500000526007244;Электронный аукцион;Выполнение работ по объекту: «Благоустройство парковочной зоны по адресу: Чувашская Республика-Чувашия, г. Канаш, ул. Красноармейская, д. 79, 2-этап»;;'263210002102221000100100940014399244;;;5282350.74;RUB;0;;;;;;АДМИНИСТРАЦИЯ КАНАШСКОГО МУНИЦИПАЛЬНОГО ОКРУГА ЧУВАШСКОЙ РЕСПУБЛИКИ;"КАЗЕННОЕ УЧРЕЖДЕНИЕ ЧУВАШСКОЙ РЕСПУБЛИКИ ""РЕГИОНАЛЬНЫЙ ЦЕНТР ЗАКУПОК ЧУВАШСКОЙ РЕСПУБЛИКИ""";19.05.2026;28.05.2026;Закупка завершена;;;28.05.2026;
44-ФЗ;№0356500001426004345;Электронный аукцион;Содержание автомобильных дорог Куединского муниципального округа на 2026-2027 гг. Лот № 7;;'263593900042059390100100390010000244;;;5101324.83;RUB;0;;;;;;"МУНИЦИПАЛЬНОЕ КАЗЕННОЕ УЧРЕЖДЕНИЕ ""УПРАВЛЕНИЕ КАПИТАЛЬНОГО СТРОИТЕЛЬСТВА""";"ГОСУДАРСТВЕННОЕ КАЗЕННОЕ УЧРЕЖДЕНИЕ ПЕРМСКОГО КРАЯ ""ЦЕНТР ОРГАНИЗАЦИИ ЗАКУПОК""";19.05.2026;28.05.2026;Закупка завершена;;;28.05.2026;
44-ФЗ;№0356500001426004338;Электронный аукцион;Оказание услуг по организации питания в МБОУ Григорьевская СОШ;;'263594200278859420100100060010000244;;;6489024.08;RUB;0;;;;;;МУНИЦИПАЛЬНОЕ БЮДЖЕТНОЕ ОБЩЕОБРАЗОВАТЕЛЬНОЕ УЧРЕЖДЕНИЕ ГРИГОРЬЕВСКАЯ СРЕДНЯЯ ОБЩЕОБРАЗОВАТЕЛЬНАЯ ШКОЛА;"ГОСУДАРСТВЕННОЕ КАЗЕННОЕ УЧРЕЖДЕНИЕ ПЕРМСКОГО КРАЯ ""ЦЕНТР ОРГАНИЗАЦИИ ЗАКУПОК""";19.05.2026;28.05.2026;Закупка завершена;;;28.05.2026;
44-ФЗ;№0848300059126000084;Открытый конкурс в электронной форме на проведение работ по строительству, реконструкции, кап. ремонту, сносу объекта кап. строительства в соответствии с п. 8 ч. 1 ст. 33 Закона № 44-ФЗ;"Выполнение работ по капитальному ремонту автомобильной дороги ""р.п. Тучково ул. 1-я Новопетровская-1988"" на территории Рузского муниципального округа Московской области";;'263507500328750750100100960014211243;;;5111330.51;RUB;0;;;;;;АДМИНИСТРАЦИЯ РУЗСКОГО МУНИЦИПАЛЬНОГО ОКРУГА МОСКОВСКОЙ ОБЛАСТИ;"МУНИЦИПАЛЬНОЕ КАЗЕННОЕ УЧРЕЖДЕНИЕ ""ЦЕНТР ЗАКУПОК РУЗСКОГО МУНИЦИПАЛЬНОГО ОКРУГА""";08.05.2026;28.05.2026;Закупка завершена;;;28.05.2026;
44-ФЗ;№0121200004726000604;Электронный аукцион;Шов деформационный мостовых сооружений;;'262263524419426354300100790012511244;;;7526750.00;RUB;0;;;;;;"ФИЛИАЛ ""КРАЙАВТОМОСТ"" ГОСУДАРСТВЕННОГО БЮДЖЕТНОГО УЧРЕЖДЕНИЯ СТАВРОПОЛЬСКОГО КРАЯ ""СТАВАВТОДОР"" (ФИЛИАЛ ""КРАЙАВТОМОСТ"" ГБУ СК ""СТАВАВТОДОР"")";КОМИТЕТ СТАВРОПОЛЬСКОГО КРАЯ ПО ГОСУДАРСТВЕННЫМ ЗАКУПКАМ;19.05.2026;28.05.2026;Закупка завершена;;;27.05.2026;
223-ФЗ;№32615892482;Конкурс в электронной форме, участниками которого могут быть только субъекты малого и среднего предпринимательства;"Выполнение работ по обустройству территории ГАУ ""Парк Яуза""";;;1;"Выполнение работ по обустройству территории ГАУ ""Парк Яуза""";17221069.76;RUB;17221069.76;;;;42.99.29.100: Работы строительные по строительству гражданских сооружений, не включенные в другие группировки, кроме работ по сохранению и воссозданию объектов культурного наследия;;"ГОСУДАРСТВЕННОЕ АВТОНОМНОЕ УЧРЕЖДЕНИЕ ГОРОДА МОСКВЫ ""ПАРК ЯУЗА""";"ГОСУДАРСТВЕННОЕ АВТОНОМНОЕ УЧРЕЖДЕНИЕ ГОРОДА МОСКВЫ ""ПАРК ЯУЗА""";08.04.2026;28.05.2026;Закупка завершена;;;01.06.2026 08:00;
44-ФЗ;№0307200030626001063;Электронный аукцион;Поставка иммунобиологических препаратов Вакцина для профилактики менингококковой инфекций серогрупп A, C, W, Y, Х, полисахаридная, конъюгированная для учреждений здравоохранения Республики Коми за счет средств республиканского бюджета Республики Коми на 2026 год;;'262110148649111010100100880012120244;;;5236000.00;RUB;0;;;;;;МИНИСТЕРСТВО ЗДРАВООХРАНЕНИЯ РЕСПУБЛИКИ КОМИ;"ГОСУДАРСТВЕННОЕ КАЗЕННОЕ УЧРЕЖДЕНИЕ РЕСПУБЛИКИ КОМИ ""ЦЕНТР ОБЕСПЕЧЕНИЯ ОРГАНИЗАЦИИ И ПРОВЕДЕНИЯ ТОРГОВ""";19.05.2026;28.05.2026;Закупка завершена;;;27.05.2026;
44-ФЗ;№0318300008826000162;Открытый конкурс в электронной форме;Поставка продуктов питания (Молочная продукция);;263235202772023520100100110020000244, 263235202771323520100100140020000244, 263235202751223520100100150020000244, 263235202750523520100100150020000244, 263235203180823520100100140020000244, 263235202877023520100100150020000244, 263235202761823520100100140020000244, 263235202760023520100100130020000244, 263235202770623520100100150020000244, 263235202878823520100100140020000244, 263235202762523520100100140020000244, 263235202754423520100100110020000244, 263235202940723520100100140020000244, 263235202774523520100100140020000244, 263235202755123520100100140020000244, 263235202745623520100100110020000244, 263235202753723520100100140020000244, 263235202765723520100100150020000244, 263235205126523520100100260020000244, 263235202889023520100100210020000244, 263235202888323520100100150020000244, 263235202874923520100100120020000244, 263235202875623520100100130020000244, 263235202969323520100100130020000244, 263235202773823520100100140020000244, 263235205410723520100100210020000244, 263235202887623520100100200020000244, 263235204987623520100100200020000244, 263235202885123520100100140020000244, 263235202820223520100100110020000244, 263235202785823520100100150020000244, 263235202763223520100100140020000244, 263235202758323520100100160020000244, 263235202764023520100100160020000244, 263235202907623520100100120020000244, 263235202873123520100100150020000244, 263235202886923520100100140020000244, 263235202876323520100100190020000244, 263235202776023520100100180020000244, 263235202769623520100100150020000244, 263235204184523520100100130020000244, 263235202879523520100100130020000244;;;14604005.60;RUB;0;;;;;;;"МУНИЦИПАЛЬНОЕ КАЗЕННОЕ УЧРЕЖДЕНИЕ ""МУНИЦИПАЛЬНЫЙ ЗАКАЗ"" МУНИЦИПАЛЬНОГО ОБРАЗОВАНИЯ ТЕМРЮКСКИЙ РАЙОН";08.05.2026;28.05.2026;Закупка завершена;;;26.05.2026;
44-ФЗ;№0160300003626000228;Запрос котировок в электронной форме;Приобретение жилых помещений ;;'263644903274664490100100090076810412;;;7458297.00;RUB;0;;;;;;"МУНИЦИПАЛЬНОЕ КАЗЕННОЕ УЧРЕЖДЕНИЕ ""ЭНГЕЛЬССКАЯ НЕДВИЖИМОСТЬ""";АДМИНИСТРАЦИЯ ЭНГЕЛЬССКОГО МУНИЦИПАЛЬНОГО РАЙОНА;20.05.2026;28.05.2026;Закупка завершена;;;27.05.2026;
44-ФЗ;№0826500000926001558;Электронный аукцион;Поставка медицинских изделий для анализатора автоматического  иммунохемилюминесцентного MAGLUMI XIII на 2027 г;;'262312402097531230100137020012120244;;;15568190.00;RUB;0;;;;;;"ОБЛАСТНОЕ ГОСУДАРСТВЕННОЕ БЮДЖЕТНОЕ УЧРЕЖДЕНИЕ ЗДРАВООХРАНЕНИЯ ""БЕЛГОРОДСКАЯ ОБЛАСТНАЯ КЛИНИЧЕСКАЯ БОЛЬНИЦА СВЯТИТЕЛЯ ИОАСАФА""";"ОБЛАСТНОЕ ГОСУДАРСТВЕННОЕ КАЗЕННОЕ УЧРЕЖДЕНИЕ БЕЛГОРОДСКОЙ ОБЛАСТИ ""ЦЕНТР ЗАКУПОК""";19.05.2026;28.05.2026;Закупка завершена;;;27.05.2026;
44-ФЗ;№0366200035626003373;Электронный аукцион;Выполнение работ по благоустройству спортивной площадки на территории Муниципального казенного общеобразовательного учреждения «Страховская средняя общеобразовательная школа им. В.Д. Поленова», расположенного по адресу:Тульская область, Заокский район, с. Страхово, ул.Экспериментальная, д. 14;;'263712601378771260100100080014299244;;;18153970.01;RUB;0;;;;;;"МУНИЦИПАЛЬНОЕ КАЗЕННОЕ ОБЩЕОБРАЗОВАТЕЛЬНОЕ УЧРЕЖДЕНИЕ ""СТРАХОВСКАЯ СРЕДНЯЯ ОБЩЕОБРАЗОВАТЕЛЬНАЯ ШКОЛА ИМ. В.Д.ПОЛЕНОВА""";"ГОСУДАРСТВЕННОЕ КАЗЕННОЕ УЧРЕЖДЕНИЕ ТУЛЬСКОЙ ОБЛАСТИ ""ЦЕНТР ОРГАНИЗАЦИИ ЗАКУПОК""";18.05.2026;28.05.2026;Закупка завершена;;;26.05.2026;
44-ФЗ;№0329200062226001332;Электронный аукцион;"Оказание услуг по предоставлению права использования программного обеспечения ""1С:Комплект поддержки централизованных государственных учреждений"" и ""1С:Предприятие 8. Расширенная корпоративная лицензия"" для обеспечения функционирования подсистемы централизованного бюджетного учета, отчетности государственной информационной системы Волгоградской области ""Электронный бюджет Волгоградской области""";;'262344420115234440100100130015829246;;;12646324.00;RUB;0;;;;;;"ГОСУДАРСТВЕННОЕ КАЗЕННОЕ УЧРЕЖДЕНИЕ ВОЛГОГРАДСКОЙ ОБЛАСТИ ""ЦЕНТР БЮДЖЕТНОГО УЧЕТА И ОТЧЕТНОСТИ""";"ГОСУДАРСТВЕННОЕ КАЗЕННОЕ УЧРЕЖДЕНИЕ ВОЛГОГРАДСКОЙ ОБЛАСТИ ""ЦЕНТР ОРГАНИЗАЦИИ ЗАКУПОК""";19.05.2026;28.05.2026;Закупка завершена;;;27.05.2026;
44-ФЗ;№0373200001326000856;Электронный аукцион;Электронный аукцион на поставку расходных материалов (Канюля назальная стандартная для подачи кислорода) для реанимационных отделений стационара ГБУЗ «ГКБ им. В.В. Вересаева ДЗМ» в 2026-2027 гг. за единицу продукции;;'262771303416477130100108660010000244;;;6180258.00;RUB;0;;;;;;"ГОСУДАРСТВЕННОЕ БЮДЖЕТНОЕ УЧРЕЖДЕНИЕ ЗДРАВООХРАНЕНИЯ ГОРОДА МОСКВЫ ""ГОРОДСКАЯ КЛИНИЧЕСКАЯ БОЛЬНИЦА ИМЕНИ В.В. ВЕРЕСАЕВА ДЕПАРТАМЕНТА ЗДРАВООХРАНЕНИЯ ГОРОДА МОСКВЫ""";"ГОСУДАРСТВЕННОЕ БЮДЖЕТНОЕ УЧРЕЖДЕНИЕ ЗДРАВООХРАНЕНИЯ ГОРОДА МОСКВЫ ""ГОРОДСКАЯ КЛИНИЧЕСКАЯ БОЛЬНИЦА ИМЕНИ В.В. ВЕРЕСАЕВА ДЕПАРТАМЕНТА ЗДРАВООХРАНЕНИЯ ГОРОДА МОСКВЫ""";19.05.2026;28.05.2026;Закупка завершена;;;28.05.2026;
44-ФЗ;№0366200035626003467;Запрос котировок в электронной форме;Выполнение работ по благоустройству территории;;'263712700148871270100100120010000243;;;7999679.80;RUB;0;;;;;;"МУНИЦИПАЛЬНОЕ КАЗЕННОЕ ОБЩЕОБРАЗОВАТЕЛЬНОЕ УЧРЕЖДЕНИЕ ""НОВОПЕТРОВСКАЯ СРЕДНЯЯ ШКОЛА""";"ГОСУДАРСТВЕННОЕ КАЗЕННОЕ УЧРЕЖДЕНИЕ ТУЛЬСКОЙ ОБЛАСТИ ""ЦЕНТР ОРГАНИЗАЦИИ ЗАКУПОК""";19.05.2026;28.05.2026;Закупка завершена;;;26.05.2026;
44-ФЗ;№0142200001326008587;Открытый конкурс в электронной форме;Оказание услуг по проведению измерений количества твердых коммунальных отходов на территории Самарской области в целях определения нормативов накопления ТКО методом измерения количества ТКО;;'262631580080563150100100400017120244;;;23157722.87;RUB;0;;;;;;МИНИСТЕРСТВО ПРИРОДНЫХ РЕСУРСОВ И ЭКОЛОГИИ САМАРСКОЙ ОБЛАСТИ;КОМИТЕТ ПО ОРГАНИЗАЦИИ ТОРГОВ САМАРСКОЙ ОБЛАСТИ;16.04.2026;28.05.2026;Закупка завершена;;;05.05.2026;
44-ФЗ;№0160300003626000226;Запрос котировок в электронной форме;Приобретение жилых помещений ;;'263644903274664490100100090066810412;;;9794631.00;RUB;0;;;;;;"МУНИЦИПАЛЬНОЕ КАЗЕННОЕ УЧРЕЖДЕНИЕ ""ЭНГЕЛЬССКАЯ НЕДВИЖИМОСТЬ""";АДМИНИСТРАЦИЯ ЭНГЕЛЬССКОГО МУНИЦИПАЛЬНОГО РАЙОНА;20.05.2026;28.05.2026;Закупка завершена;;;27.05.2026;
44-ФЗ;№0369300076126000022;Электронный аукцион;Ремонт улично-дорожной сети ул. Школьная, включая проезд до ул. Ветеранов около детского сада «Теремок», в п. Белоносово Еткульского муниципального округа Челябинской области.;;'263743000835774300100100140014211244;;;13097484.26;RUB;0;;;;;;УПРАВЛЕНИЕ ЖИЛИЩНО-КОММУНАЛЬНОГО ХОЗЯЙСТВА И ИНЖЕНЕРНОЙ ИНФРАСТРУКТУРЫ АДМИНИСТРАЦИИ ЕТКУЛЬСКОГО МУНИЦИПАЛЬНОГО ОКРУГА ЧЕЛЯБИНСКОЙ ОБЛАСТИ;УПРАВЛЕНИЕ ЖИЛИЩНО-КОММУНАЛЬНОГО ХОЗЯЙСТВА И ИНЖЕНЕРНОЙ ИНФРАСТРУКТУРЫ АДМИНИСТРАЦИИ ЕТКУЛЬСКОГО МУНИЦИПАЛЬНОГО ОКРУГА ЧЕЛЯБИНСКОЙ ОБЛАСТИ;13.05.2026;28.05.2026;Закупка завершена;;;26.05.2026;
44-ФЗ;№0160300003626000225;Запрос котировок в электронной форме;Приобретение жилых помещений ;;'263644903274664490100100090046810412;;;8311957.50;RUB;0;;;;;;"МУНИЦИПАЛЬНОЕ КАЗЕННОЕ УЧРЕЖДЕНИЕ ""ЭНГЕЛЬССКАЯ НЕДВИЖИМОСТЬ""";АДМИНИСТРАЦИЯ ЭНГЕЛЬССКОГО МУНИЦИПАЛЬНОГО РАЙОНА;20.05.2026;28.05.2026;Закупка завершена;;;27.05.2026;
44-ФЗ;№0315100000526000278;Электронный аукцион;Поставка  эндопротезов тазобедренного сустава тотальных  с парой трения металл-полиэтилен;;'261213003718921300100100140640000244;;;29960000.00;RUB;0;;;;;;"ФЕДЕРАЛЬНОЕ ГОСУДАРСТВЕННОЕ БЮДЖЕТНОЕ УЧРЕЖДЕНИЕ ""ФЕДЕРАЛЬНЫЙ ЦЕНТР ТРАВМАТОЛОГИИ, ОРТОПЕДИИ И ЭНДОПРОТЕЗИРОВАНИЯ"" МИНИСТЕРСТВА ЗДРАВООХРАНЕНИЯ РОССИЙСКОЙ ФЕДЕРАЦИИ (Г. ЧЕБОКСАРЫ)";"ФЕДЕРАЛЬНОЕ ГОСУДАРСТВЕННОЕ БЮДЖЕТНОЕ УЧРЕЖДЕНИЕ ""ФЕДЕРАЛЬНЫЙ ЦЕНТР ТРАВМАТОЛОГИИ, ОРТОПЕДИИ И ЭНДОПРОТЕЗИРОВАНИЯ"" МИНИСТЕРСТВА ЗДРАВООХРАНЕНИЯ РОССИЙСКОЙ ФЕДЕРАЦИИ (Г. ЧЕБОКСАРЫ)";20.05.2026;28.05.2026;Закупка завершена;;;28.05.2026;
44-ФЗ;№0373200059726000194;Электронный аукцион;Оказание услуг по техническому обслуживанию автоматической пожарной сигнализации и систем оповещения и управления эвакуации людей при пожаре в ГБУЗ «МНПЦ борьбы с туберкулезом ДЗМ»;;'262771811506477180100101350010000244;;;8553814.78;RUB;0;;;;;;"ГОСУДАРСТВЕННОЕ БЮДЖЕТНОЕ УЧРЕЖДЕНИЕ ЗДРАВООХРАНЕНИЯ ГОРОДА МОСКВЫ ""МОСКОВСКИЙ ГОРОДСКОЙ НАУЧНО-ПРАКТИЧЕСКИЙ ЦЕНТР БОРЬБЫ С ТУБЕРКУЛЕЗОМ ДЕПАРТАМЕНТА ЗДРАВООХРАНЕНИЯ ГОРОДА МОСКВЫ""";"ГОСУДАРСТВЕННОЕ БЮДЖЕТНОЕ УЧРЕЖДЕНИЕ ЗДРАВООХРАНЕНИЯ ГОРОДА МОСКВЫ ""МОСКОВСКИЙ ГОРОДСКОЙ НАУЧНО-ПРАКТИЧЕСКИЙ ЦЕНТР БОРЬБЫ С ТУБЕРКУЛЕЗОМ ДЕПАРТАМЕНТА ЗДРАВООХРАНЕНИЯ ГОРОДА МОСКВЫ""";19.05.2026;28.05.2026;Закупка завершена;;;27.05.2026;
44-ФЗ;№0863500000626001185;Электронный аукцион;Поставка лекарственного(-ых) препарата(-ов) для медицинского применения (ОСИМЕРТИНИБ);;'262673000996067300100101190012120323;;;9532960.50;RUB;0;;;;;;МИНИСТЕРСТВО ЗДРАВООХРАНЕНИЯ СМОЛЕНСКОЙ ОБЛАСТИ;"СМОЛЕНСКОЕ ОБЛАСТНОЕ ГОСУДАРСТВЕННОЕ КАЗЕННОЕ УЧРЕЖДЕНИЕ ""РЕГИОНАЛЬНЫЙ ЦЕНТР ЗАКУПОК""";19.05.2026;28.05.2026;Закупка завершена;;;28.05.2026;
44-ФЗ;№0826300021026000189;Электронный аукцион;Оказание услуг по содержанию мест захоронений (содержание кладбищ);;'263312803516131280100100200018129244;;;17310519.24;RUB;0;;;;;;"МУНИЦИПАЛЬНОЕ КАЗЕННОЕ УЧРЕЖДЕНИЕ ""УПРАВЛЕНИЕ ЖИЗНЕОБЕСПЕЧЕНИЕМ И РАЗВИТИЕМ СТАРООСКОЛЬСКОГО ГОРОДСКОГО ОКРУГА""";"МУНИЦИПАЛЬНОЕ КАЗЕННОЕ УЧРЕЖДЕНИЕ ""УПРАВЛЕНИЕ МУНИЦИПАЛЬНЫХ ЗАКУПОК СТАРООСКОЛЬСКОГО ГОРОДСКОГО ОКРУГА""";20.05.2026;28.05.2026;Закупка завершена;;;28.05.2026;
44-ФЗ;№0149200002326002807;Запрос котировок в электронной форме;Поставка лекарственного препарата для медицинского применения РИСДИПЛАМ;;'262519010997251900100100013930000323;;;7594289.28;RUB;0;;;;;;МИНИСТЕРСТВО ЗДРАВООХРАНЕНИЯ  МУРМАНСКОЙ ОБЛАСТИ;КОМИТЕТ ПО КОНКУРЕНТНОЙ ПОЛИТИКЕ МУРМАНСКОЙ ОБЛАСТИ;20.05.2026;28.05.2026;Закупка завершена;;;28.05.2026;
44-ФЗ;№0329200062226001323;Электронный аукцион;Выполнение работ по организации парковочного пространства в шаговой доступности от железнодорожного вокзала в границах ул. им. генерал-лейтенанта Воронина, ул. Коммунистическая, ул. Володарского, ул. Порт-Саида, включая мероприятия по организации дорожного движения в 4 полосы по ул. Коммунистической от ул. Порт-Саида до ул. Володарского;;'263344428203134440100100200014211244;;;71239000.00;RUB;0;;;;;;"МУНИЦИПАЛЬНОЕ БЮДЖЕТНОЕ УЧРЕЖДЕНИЕ ""ЦЕНТР ОРГАНИЗАЦИИ ДОРОЖНОГО ДВИЖЕНИЯ ВОЛГОГРАДА""";"ГОСУДАРСТВЕННОЕ КАЗЕННОЕ УЧРЕЖДЕНИЕ ВОЛГОГРАДСКОЙ ОБЛАСТИ ""ЦЕНТР ОРГАНИЗАЦИИ ЗАКУПОК""";19.05.2026;28.05.2026;Закупка завершена;;;27.05.2026;
223-ФЗ;№32615981733;Иной способ;Лот №121_26 «Выполнение работ по разработке рабочей документации на строительство дублирующего временного железнодорожного пути необщего пользования»;;;1;Лот №121_26 «Выполнение работ по разработке рабочей документации на строительство дублирующего временного железнодорожного пути необщего пользования»;5854458.14;RUB;5854458.14;;;;71.12.19.100: Услуги по инженерно-техническому проектированию прочих объектов, кроме объектов культурного наследия;;"ПУБЛИЧНОЕ АКЦИОНЕРНОЕ ОБЩЕСТВО ""ВЛАДИВОСТОКСКИЙ МОРСКОЙ ТОРГОВЫЙ ПОРТ""";"ПУБЛИЧНОЕ АКЦИОНЕРНОЕ ОБЩЕСТВО ""ВЛАДИВОСТОКСКИЙ МОРСКОЙ ТОРГОВЫЙ ПОРТ""";06.05.2026;28.05.2026;Закупка завершена;;;18.05.2026 16:00;
44-ФЗ;№0121200004726000607;Электронный аукцион;поставка лекарственного препарата для медицинского применения инсулин аспарт;;'262263300425326360100100190022120323;;;23337600.00;RUB;0;;;;;;"ГОСУДАРСТВЕННОЕ БЮДЖЕТНОЕ УЧРЕЖДЕНИЕ ЗДРАВООХРАНЕНИЯ СТАВРОПОЛЬСКОГО КРАЯ ""КРАЕВОЙ ЭНДОКРИНОЛОГИЧЕСКИЙ ДИСПАНСЕР""";КОМИТЕТ СТАВРОПОЛЬСКОГО КРАЯ ПО ГОСУДАРСТВЕННЫМ ЗАКУПКАМ;20.05.2026;28.05.2026;Закупка завершена;;;28.05.2026;
44-ФЗ;№0163200000326002782;Электронный аукцион;"Выполнение работ по одновременной подготовке проектной документации и капитальному ремонту объекта капитального строительства: ""Капитальный ремонт учебно-лабораторного корпуса № 1 ОГАПОУ Смоленская академия градостроительства и архитектуры (Смоленская обл., г. Смоленск, ул. Ново-Рославльская, д. 6)""";;'262673008133167300100100340010000243;;;15000000.00;RUB;0;;;;;;"ОБЛАСТНОЕ ГОСУДАРСТВЕННОЕ БЮДЖЕТНОЕ УЧРЕЖДЕНИЕ ""УПРАВЛЕНИЕ КАПИТАЛЬНОГО СТРОИТЕЛЬСТВА СМОЛЕНСКОЙ ОБЛАСТИ""";ГЛАВНОЕ УПРАВЛЕНИЕ СМОЛЕНСКОЙ ОБЛАСТИ ПО РЕГУЛИРОВАНИЮ КОНТРАКТНОЙ СИСТЕМЫ;19.05.2026;28.05.2026;Закупка завершена;;;27.05.2026;
44-ФЗ;№0830500000226001398;Электронный аукцион;Поставка порта/катетера сосудистого;;'262352508074935250100100050280000244;;;13058335.00;RUB;0;;;;;;"БЮДЖЕТНОЕ УЧРЕЖДЕНИЕ ЗДРАВООХРАНЕНИЯ ВОЛОГОДСКОЙ ОБЛАСТИ ""ВОЛОГОДСКИЙ ОБЛАСТНОЙ ОНКОЛОГИЧЕСКИЙ ДИСПАНСЕР""";"ГОСУДАРСТВЕННОЕ КАЗЕННОЕ УЧРЕЖДЕНИЕ ВОЛОГОДСКОЙ ОБЛАСТИ ""ЦЕНТР ЗАКУПОК""";19.05.2026;28.05.2026;Закупка завершена;;;27.05.2026;
44-ФЗ;№0160300003626000224;Запрос котировок в электронной форме;Приобретение жилых помещений ;;'263644903274664490100100090036810412;;;9830574.60;RUB;0;;;;;;"МУНИЦИПАЛЬНОЕ КАЗЕННОЕ УЧРЕЖДЕНИЕ ""ЭНГЕЛЬССКАЯ НЕДВИЖИМОСТЬ""";АДМИНИСТРАЦИЯ ЭНГЕЛЬССКОГО МУНИЦИПАЛЬНОГО РАЙОНА;20.05.2026;28.05.2026;Закупка завершена;;;27.05.2026;
44-ФЗ;№0801500001126000962;Электронный аукцион;Оказание услуг по проведению комплексного технического обслуживания лифтов;;'262027600647202760100100740013312244;;;6502740.00;RUB;0;;;;;;ГОСУДАРСТВЕННОЕ БЮДЖЕТНОЕ УЧРЕЖДЕНИЕ ЗДРАВООХРАНЕНИЯ РЕСПУБЛИКИ БАШКОРТОСТАН ГОРОДСКАЯ КЛИНИЧЕСКАЯ БОЛЬНИЦА № 21 ГОРОДА УФЫ ИМЕНИ В.Г. САХАУТДИНОВА;"ГОСУДАРСТВЕННОЕ КАЗЕННОЕ УЧРЕЖДЕНИЕ РЕСПУБЛИКИ БАШКОРТОСТАН ""РЕСПУБЛИКАНСКИЙ ЦЕНТР ТОРГОВ""";20.05.2026;28.05.2026;Закупка завершена;;;28.05.2026;
44-ФЗ;№0801500001126000961;Электронный аукцион на проведение работ по строительству, реконструкции, кап. ремонту, сносу объекта кап. строительства в соответствии с п. 8 ч. 1 ст. 33 Закона № 44-ФЗ;Выполнение работ по сохранению объекта культурного наследия: «Капитальный ремонт систем пожаротушения и пожарной безопасности административного здания, расположенного по адресу: г. Уфа, ул. Ленина, 86»;;'262027413693402740100101160014321243;;;34029483.65;RUB;0;;;;;;ГОСУДАРСТВЕННОЕ КАЗЕННОЕ УЧРЕЖДЕНИЕ РЕСПУБЛИКИ БАШКОРТОСТАН ХОЗЯЙСТВЕННОЕ УПРАВЛЕНИЕ;"ГОСУДАРСТВЕННОЕ КАЗЕННОЕ УЧРЕЖДЕНИЕ РЕСПУБЛИКИ БАШКОРТОСТАН ""РЕСПУБЛИКАНСКИЙ ЦЕНТР ТОРГОВ""";20.05.2026;28.05.2026;Закупка завершена;;;28.05.2026;
44-ФЗ;№0145300015926000034;Открытый конкурс в электронной форме;Выполнение работ по текущему ремонту помещений в здании МКУК «Приозерская межпоселенческая районная библиотека» по адресу: Ленинградская область, г. Приозерск, ул. Калинина, д. 20;;'263471201391347120100100150034339244;;;12912319.01;RUB;0;;;;;;АДМИНИСТРАЦИЯ ПРИОЗЕРСКОГО МУНИЦИПАЛЬНОГО РАЙОНА ЛЕНИНГРАДСКОЙ ОБЛАСТИ;АДМИНИСТРАЦИЯ ПРИОЗЕРСКОГО МУНИЦИПАЛЬНОГО РАЙОНА ЛЕНИНГРАДСКОЙ ОБЛАСТИ;30.04.2026;28.05.2026;Закупка завершена;;;26.05.2026;
44-ФЗ;№0167200003426004307;Электронный аукцион;Оказание услуг по сопровождению, настройке и адаптации программного обеспечения «Универсальная отчетность «Акцент»;;'262720219020572030100101910016209242;;;9619400.00;RUB;0;;;;;;"ГОСУДАРСТВЕННОЕ КАЗЕННОЕ УЧРЕЖДЕНИЕ ТЮМЕНСКОЙ ОБЛАСТИ ""ЦЕНТР ИНФОРМАЦИОННЫХ ТЕХНОЛОГИЙ ТЮМЕНСКОЙ ОБЛАСТИ""";УПРАВЛЕНИЕ ГОСУДАРСТВЕННЫХ ЗАКУПОК ТЮМЕНСКОЙ ОБЛАСТИ;19.05.2026;28.05.2026;Закупка завершена;;;27.05.2026;
44-ФЗ;№0329200062226001327;Электронный аукцион;Выполнение комплекса работ по установке системы оповещения и управления эвакуацией на общественной территории парк «70 лет Победы»;;'263344204553234420100100300023320244;;;12543949.10;RUB;0;;;;;;"МУНИЦИПАЛЬНОЕ БЮДЖЕТНОЕ УЧРЕЖДЕНИЕ ""ЖИЛИЩНО-КОММУНАЛЬНОЕ ХОЗЯЙСТВО КРАСНООКТЯБРЬСКОГО РАЙОНА ВОЛГОГРАДА""";"ГОСУДАРСТВЕННОЕ КАЗЕННОЕ УЧРЕЖДЕНИЕ ВОЛГОГРАДСКОЙ ОБЛАСТИ ""ЦЕНТР ОРГАНИЗАЦИИ ЗАКУПОК""";19.05.2026;28.05.2026;Закупка завершена;;;27.05.2026;
44-ФЗ;№0826500000926001587;Запрос котировок в электронной форме;Оказание услуг по предоставлению доступа к сервису активации совместной технической поддержки, активации сервиса обновления экспертных данных, активации сервиса обновления баз решающих правил программных продуктов VipNet программно-аппаратного комплекса по защите региональной сети государственной информационной системы межведомственного электронного взаимодействия Белгородской области;;'262312344604831230100100160016202242;;;7963000.00;RUB;0;;;;;;МИНИСТЕРСТВО ЦИФРОВОГО РАЗВИТИЯ БЕЛГОРОДСКОЙ ОБЛАСТИ;"ОБЛАСТНОЕ ГОСУДАРСТВЕННОЕ КАЗЕННОЕ УЧРЕЖДЕНИЕ БЕЛГОРОДСКОЙ ОБЛАСТИ ""ЦЕНТР ЗАКУПОК""";20.05.2026;28.05.2026;Закупка завершена;;;27.05.2026;
44-ФЗ;№0145200000426000781;Электронный аукцион;"Ремонт фасада и отмостки учебного корпуса ГБ ПОУ ЛО ""ПК""";;'262470401234547040100100120014339244;;;8372630.48;RUB;0;;;;;;"ГОСУДАРСТВЕННОЕ БЮДЖЕТНОЕ ПРОФЕССИОНАЛЬНОЕ ОБРАЗОВАТЕЛЬНОЕ УЧРЕЖДЕНИЕ ЛЕНИНГРАДСКОЙ ОБЛАСТИ ""ПОЛИТЕХНИЧЕСКИЙ КОЛЛЕДЖ"" ГОРОДА СВЕТОГОРСКА";КОМИТЕТ ГОСУДАРСТВЕННОГО ЗАКАЗА ЛЕНИНГРАДСКОЙ ОБЛАСТИ;15.05.2026;28.05.2026;Закупка завершена;;;27.05.2026;
44-ФЗ;№0160300003626000223;Запрос котировок в электронной форме;Приобретение жилых помещений ;;'263644903274664490100100090016810412;;;8087310.00;RUB;0;;;;;;"МУНИЦИПАЛЬНОЕ КАЗЕННОЕ УЧРЕЖДЕНИЕ ""ЭНГЕЛЬССКАЯ НЕДВИЖИМОСТЬ""";АДМИНИСТРАЦИЯ ЭНГЕЛЬССКОГО МУНИЦИПАЛЬНОГО РАЙОНА;20.05.2026;28.05.2026;Закупка завершена;;;27.05.2026;
44-ФЗ;№0142200001326011515;Электронный аукцион;Выполнение работ, связанных с осуществлением регулярных перевозок пассажиров и багажа автомобильным транспортом (автобусами) по муниципальным маршрутам регулярных перевозок по регулируемым тарифам;;'263631570013463110100100070164931244;;;49620107.34;RUB;0;;;;;;ДЕПАРТАМЕНТ ТРАНСПОРТА АДМИНИСТРАЦИИ ГОРОДСКОГО ОКРУГА САМАРА;КОМИТЕТ ПО ОРГАНИЗАЦИИ ТОРГОВ САМАРСКОЙ ОБЛАСТИ;20.05.2026;28.05.2026;Закупка завершена;;;28.05.2026;
44-ФЗ;№0809500000326001889;Электронный аукцион;закупка горюче-смазочных материалов;;'262132621398313260100100210011920244;;;11757660.00;RUB;0;;;;;;"ГОСУДАРСТВЕННОЕ КАЗЕННОЕ УЧРЕЖДЕНИЕ РЕСПУБЛИКИ МОРДОВИЯ ""АВТОБАЗА № 13""";"ГОСУДАРСТВЕННОЕ КАЗЕННОЕ УЧРЕЖДЕНИЕ РЕСПУБЛИКИ МОРДОВИЯ ""РЕГИОНАЛЬНЫЙ ЦЕНТР ОРГАНИЗАЦИИ ЗАКУПОК""";20.05.2026;28.05.2026;Закупка завершена;;;28.05.2026;
44-ФЗ;№0328300068926000213;Запрос котировок в электронной форме;"Поставка лекарственных препаратов (МНН: Глекапревир+Пибрентасвир) для нужд ГБУЗ ВО ""АРБ""";;'262330100089933010100102480012120244;;;6139770.00;RUB;0;;;;;;"ГОСУДАРСТВЕННОЕ БЮДЖЕТНОЕ УЧРЕЖДЕНИЕ ЗДРАВООХРАНЕНИЯ ВЛАДИМИРСКОЙ ОБЛАСТИ ""АЛЕКСАНДРОВСКАЯ РАЙОННАЯ БОЛЬНИЦА""";"ГОСУДАРСТВЕННОЕ БЮДЖЕТНОЕ УЧРЕЖДЕНИЕ ЗДРАВООХРАНЕНИЯ ВЛАДИМИРСКОЙ ОБЛАСТИ ""АЛЕКСАНДРОВСКАЯ РАЙОННАЯ БОЛЬНИЦА""";21.05.2026;28.05.2026;Закупка завершена;;;28.05.2026;
44-ФЗ;№0145200000426000790;Электронный аукцион на проведение работ по строительству, реконструкции, кап. ремонту, сносу объекта кап. строительства в соответствии с п. 8 ч. 1 ст. 33 Закона № 44-ФЗ;Проведение капитального ремонта здания с установкой подъемника по адресу: Ленинградская область, Ломоносовский район, п.Ропша, Стрельнинское ш. зд. 107;;'262472001631547250100101220014120243;;;5980410.00;RUB;0;;;;;;"ГОСУДАРСТВЕННОЕ БЮДЖЕТНОЕ УЧРЕЖДЕНИЕ ЗДРАВООХРАНЕНИЯ ЛЕНИНГРАДСКОЙ ОБЛАСТИ ""ЛОМОНОСОВСКАЯ МЕЖРАЙОННАЯ БОЛЬНИЦА ИМ.И.Н.ЮДЧЕНКО""";КОМИТЕТ ГОСУДАРСТВЕННОГО ЗАКАЗА ЛЕНИНГРАДСКОЙ ОБЛАСТИ;15.05.2026;28.05.2026;Закупка завершена;;;27.05.2026;
44-ФЗ;№0145200000426000788;Электронный аукцион на проведение работ по строительству, реконструкции, кап. ремонту, сносу объекта кап. строительства в соответствии с п. 8 ч. 1 ст. 33 Закона № 44-ФЗ;Проведение капитального ремонта здания с установкой подъемника по адресу:  Ленинградская область, Ломоносовский район, д. Горбунки, 31;;'262472001631547250100101230014120243;;;5937560.00;RUB;0;;;;;;"ГОСУДАРСТВЕННОЕ БЮДЖЕТНОЕ УЧРЕЖДЕНИЕ ЗДРАВООХРАНЕНИЯ ЛЕНИНГРАДСКОЙ ОБЛАСТИ ""ЛОМОНОСОВСКАЯ МЕЖРАЙОННАЯ БОЛЬНИЦА ИМ.И.Н.ЮДЧЕНКО""";КОМИТЕТ ГОСУДАРСТВЕННОГО ЗАКАЗА ЛЕНИНГРАДСКОЙ ОБЛАСТИ;15.05.2026;28.05.2026;Закупка завершена;;;27.05.2026;
44-ФЗ;№0152300011926000614;Электронный аукцион;Оказание услуг по предоставлению денежных средств в рамках кредитной линии на финансирование дефицита бюджета города Омска и погашение муниципальных долговых обязательств (Реестровый номер 32.0627.26);;'263550302370155030100100360016419730;;;89500000.00;RUB;0;;;;;;ДЕПАРТАМЕНТ ФИНАНСОВ АДМИНИСТРАЦИИ ГОРОДА ОМСКА;ДЕПАРТАМЕНТ КОНТРАКТНОЙ СИСТЕМЫ В СФЕРЕ ЗАКУПОК АДМИНИСТРАЦИИ ГОРОДА ОМСКА;18.05.2026;28.05.2026;Закупка завершена;;;26.05.2026;
44-ФЗ;№0152300011926000613;Электронный аукцион;Оказание услуг по предоставлению денежных средств в рамках кредитной линии на финансирование дефицита бюджета города Омска и погашение муниципальных долговых обязательств (Реестровый номер 32.0626.26);;'263550302370155030100100310016419730;;;89500000.00;RUB;0;;;;;;ДЕПАРТАМЕНТ ФИНАНСОВ АДМИНИСТРАЦИИ ГОРОДА ОМСКА;ДЕПАРТАМЕНТ КОНТРАКТНОЙ СИСТЕМЫ В СФЕРЕ ЗАКУПОК АДМИНИСТРАЦИИ ГОРОДА ОМСКА;18.05.2026;28.05.2026;Закупка завершена;;;26.05.2026;
44-ФЗ;№0832200006626000376;Электронный аукцион на проведение работ по строительству, реконструкции, кап. ремонту, сносу объекта кап. строительства в соответствии с п. 8 ч. 1 ст. 33 Закона № 44-ФЗ;"Капитальный ремонт комнат общежития №401,402,403,404,405,406,407,408,409,410,411,412, №501,502,503,504,505,506, коридоров 4 и 5 этажа общежития ГБОУ ""Лицей-интернат ""Центр одаренных детей""";;'262526302651252630100100610014339243;;;9000000.00;RUB;0;;;;;;"ГОСУДАРСТВЕННОЕ БЮДЖЕТНОЕ ОБЩЕОБРАЗОВАТЕЛЬНОЕ УЧРЕЖДЕНИЕ ""ЛИЦЕЙ-ИНТЕРНАТ ""ЦЕНТР ОДАРЕННЫХ ДЕТЕЙ""";"ГОСУДАРСТВЕННОЕ КАЗЕННОЕ УЧРЕЖДЕНИЕ НИЖЕГОРОДСКОЙ ОБЛАСТИ ""ЦЕНТР РАЗМЕЩЕНИЯ ЗАКАЗА НИЖЕГОРОДСКОЙ ОБЛАСТИ""";18.05.2026;28.05.2026;Закупка завершена;;;26.05.2026;
44-ФЗ;№0329200062226001329;Электронный аукцион;Поставка бензина автомобильного и топлива дизельного;;'262344408989534440100100660021920244;;;10825490.00;RUB;0;;;;;;"ГОСУДАРСТВЕННОЕ БЮДЖЕТНОЕ УЧРЕЖДЕНИЕ ВОЛГОГРАДСКОЙ ОБЛАСТИ ""ИСПОЛНИТЕЛЬНАЯ ДИРЕКЦИЯ АДМИНИСТРАЦИИ ВОЛГОГРАДСКОЙ ОБЛАСТИ""";"ГОСУДАРСТВЕННОЕ КАЗЕННОЕ УЧРЕЖДЕНИЕ ВОЛГОГРАДСКОЙ ОБЛАСТИ ""ЦЕНТР ОРГАНИЗАЦИИ ЗАКУПОК""";19.05.2026;28.05.2026;Закупка завершена;;;27.05.2026;
44-ФЗ;№0373200041126000300;Электронный аукцион;Оказание услуг по предоставлению доступа к сети Интернет в 2026-2028 гг. (Среди СМП и СОНО);;'262772259790377220100100940010000244;;;19832250.00;RUB;0;;;;;;"ГОСУДАРСТВЕННОЕ БЮДЖЕТНОЕ УЧРЕЖДЕНИЕ ГОРОДА МОСКВЫ ""ОБЪЕДИНЕНИЕ КУЛЬТУРНЫХ И ДОСУГОВЫХ ЦЕНТРОВ ЮГО-ВОСТОЧНОГО АДМИНИСТРАТИВНОГО ОКРУГА""";"ГОСУДАРСТВЕННОЕ КАЗЕННОЕ УЧРЕЖДЕНИЕ ГОРОДА МОСКВЫ ""ДИРЕКЦИЯ ЗАКАЗЧИКА ЖИЛИЩНО-КОММУНАЛЬНОГО ХОЗЯЙСТВА И БЛАГОУСТРОЙСТВА ЮГО-ВОСТОЧНОГО АДМИНИСТРАТИВНОГО ОКРУГА""";20.05.2026;28.05.2026;Закупка завершена;;;28.05.2026;
44-ФЗ;№0145200000426000833;Запрос котировок в электронной форме;"Оказание услуг по информационно-техническому сопровождению программно-аппаратного комплекса государственной информационной системы ""Автоматизированная система оплаты проезда Ленинградской области""";;'262780563945978410100100100016209246;;;9480115.56;RUB;0;;;;;;"ГОСУДАРСТВЕННОЕ КАЗЕННОЕ УЧРЕЖДЕНИЕ ЛЕНИНГРАДСКОЙ ОБЛАСТИ ""ЛЕНИНГРАДСКОЕ ОБЛАСТНОЕ УПРАВЛЕНИЕ ТРАНСПОРТА""";КОМИТЕТ ГОСУДАРСТВЕННОГО ЗАКАЗА ЛЕНИНГРАДСКОЙ ОБЛАСТИ;21.05.2026;28.05.2026;Закупка завершена;;;28.05.2026;
44-ФЗ;№0573200000626000008;Электронный аукцион;Выполнение работ по  мойке и окраске элементов установок наружного освещения;;'262770321427077030100100150010000000;;;23099533.60;RUB;0;;;;;;"ГОСУДАРСТВЕННОЕ УНИТАРНОЕ ПРЕДПРИЯТИЕ ГОРОДА МОСКВЫ ""МОССВЕТ""";"ГОСУДАРСТВЕННОЕ УНИТАРНОЕ ПРЕДПРИЯТИЕ ГОРОДА МОСКВЫ ""МОССВЕТ""";18.05.2026;28.05.2026;Закупка завершена;;;26.05.2026;
44-ФЗ;№0387200009126002162;Электронный аукцион;Поставка лекарственного препарата для медицинского применения Тенофовир+Элсульфавирин+Эмтрицитабин для обеспечения отдельных категорий граждан, проживающих на территории Ханты-Мансийского автономного округа – Югры и страдающих некоторыми видами заболеваний, при лечении которых лекарственные средства, медицинские изделия и специализированные продукты лечебного питания предоставляются по рецептам за счет средств бюджета автономного округа (для лечения ВИЧ-инфекции в амбулаторных условиях) в 2026 году;;'262860103583886020100100602932120323;;;21779280.00;RUB;0;;;;;;"КАЗЕННОЕ УЧРЕЖДЕНИЕ ХАНТЫ-МАНСИЙСКОГО АВТОНОМНОГО ОКРУГА - ЮГРЫ ""ЦЕНТР ЛЕКАРСТВЕННОГО МОНИТОРИНГА""";"КАЗЕННОЕ УЧРЕЖДЕНИЕ ХАНТЫ-МАНСИЙСКОГО АВТОНОМНОГО ОКРУГА - ЮГРЫ ""ЦЕНТР ЛЕКАРСТВЕННОГО МОНИТОРИНГА""";18.05.2026;28.05.2026;Закупка завершена;;;27.05.2026;
44-ФЗ;№0865200000326000652;Электронный аукцион;Поставка нефтепродуктов через автозаправочные станции (автозаправочные комплексы) по пластиковым (топливным) картам в 3 квартале 2026 года;;262701716958370170100100890011920244, 262700900408070090100100160011920244, 262701713477470170100100540021920000, 262702400881270240100100200011920244, 262700700208870070100100050021920244, 262702002939270170100100090011920244, 262701702778070170100100710011920244, 262701700444770170100100360011920244, 262702102350970170100100420011920244, 262701705212070170100100160011920244, 262701401474370170100100170011920244, 262701903777670170100100130011920244, 262702001614670170100100090011920244, 262700700867570070100100090011920244, 262702104204370170100100150021920244, 262701745436570170100100060011920244, 262701723446570170100100080011920244, 262701714861870170100100060011920244, 262701401556070140100100070021920244, 262701903031570170100100200011920244, 262701706490470170100100170011920244, 262702101957370170100100140011920244, 262700200672370020100100540011920244, 262701901281370170100100410011920244, 262702102165370170100101790011920244, 262701701846470170100100060021920244, 262702105204170170100100350011920244, 262700200123570020100100260011920244, 262700700561070070100100320011920244, 262701714702970170100100350010000244, 262701720095670170100100640011920244, 262701800270070170100101280011920244, 262702104154770170100100060011920244, 262701738418970170100100090011920244, 262701400514670140100100840011920244, 262702201262070220100100340010000000, 262701724921470170100100290011920244, 262701600075370160100100310011920244, 262701702312970170100100090011920000, 262701901617370170100100120011920244, 262701000221870100100100090011920244, 262701902716870170100100210011920244, 262700400189770040100100400121920000, 262700300034770030100100550010000244, 262701901619870170100100140011920244, 262701731794770170100100160011920244, 262701200109770120100100720011920244, 263701000076470100100100730011920244, 262701730632870170100100720011920244, 262701404489070170100100590011920244, 262702104386570170100100040021920244, 262701717698270170100100890011920244, 262701717561170170100100390011920244, 262700700202470070100100320011920244, 262700500192470050100100110021920244, 262700200889770020100100250011920244, 262702102045970170100100460041920244, 262701400960970140100100920011920244, 262701734700370170100100220011920244, 262702000989370170100100230011920244, 262702102094970170100100050011920244, 262701717233970170100102560011920244, 262701705136670170100100050011920244, 262701738622870170100100210011920244, 262702102237570170100100380011920244;;;38456298.95;RUB;0;;;;;;;"ОБЛАСТНОЕ ГОСУДАРСТВЕННОЕ КАЗЕННОЕ УЧРЕЖДЕНИЕ ""ЦЕНТР ГОСУДАРСТВЕННЫХ ЗАКУПОК ТОМСКОЙ ОБЛАСТИ""";15.05.2026;28.05.2026;Закупка завершена;;;26.05.2026;
44-ФЗ;№0348200027026000206;Электронный аукцион;Поставка расходных медицинских материалов для восстановления двигательных функций в 2026 году (лот 1.2);;'262770206615777020100102540013250244;;;10790944.20;RUB;0;;;;;;"ГОСУДАРСТВЕННОЕ БЮДЖЕТНОЕ УЧРЕЖДЕНИЕ ЗДРАВООХРАНЕНИЯ МОСКОВСКОЙ ОБЛАСТИ ""МОСКОВСКИЙ ОБЛАСТНОЙ НАУЧНО-ИССЛЕДОВАТЕЛЬСКИЙ КЛИНИЧЕСКИЙ ИНСТИТУТ ИМ. М.Ф.ВЛАДИМИРСКОГО""";"ГОСУДАРСТВЕННОЕ БЮДЖЕТНОЕ УЧРЕЖДЕНИЕ ЗДРАВООХРАНЕНИЯ МОСКОВСКОЙ ОБЛАСТИ ""МОСКОВСКИЙ ОБЛАСТНОЙ НАУЧНО-ИССЛЕДОВАТЕЛЬСКИЙ КЛИНИЧЕСКИЙ ИНСТИТУТ ИМ. М.Ф.ВЛАДИМИРСКОГО""";20.05.2026;28.05.2026;Закупка завершена;;;28.05.2026;
44-ФЗ;№0348300053626000111;Запрос котировок в электронной форме;Поставка противоопухолевых средств (ПЕРТУЗУМАБ);;'263502903736250290100102130012120244;;;8699880.00;RUB;0;;;;;;"ГОСУДАРСТВЕННОЕ БЮДЖЕТНОЕ УЧРЕЖДЕНИЕ ЗДРАВООХРАНЕНИЯ МОСКОВСКОЙ ОБЛАСТИ ""МЫТИЩИНСКАЯ ОБЛАСТНАЯ КЛИНИЧЕСКАЯ БОЛЬНИЦА""";"ГОСУДАРСТВЕННОЕ БЮДЖЕТНОЕ УЧРЕЖДЕНИЕ ЗДРАВООХРАНЕНИЯ МОСКОВСКОЙ ОБЛАСТИ ""МЫТИЩИНСКАЯ ОБЛАСТНАЯ КЛИНИЧЕСКАЯ БОЛЬНИЦА""";21.05.2026;28.05.2026;Закупка завершена;;;28.05.2026;
44-ФЗ;№2200700007926000003;Электронный аукцион для торгов по обращению с твердыми коммунальными отходами;Оказание услуг по транспортированию по транспортированию твердых коммунальных отходов, образующихся в границах территории МО город Алапаевск, МО Алапаевское, Махневское МО (Лот №1);;;;;153340842.16;RUB;0;;;;;;"АКЦИОНЕРНОЕ ОБЩЕСТВО ""СПЕЦИАЛИЗИРОВАННАЯ АВТОБАЗА""";"АКЦИОНЕРНОЕ ОБЩЕСТВО ""СПЕЦИАЛИЗИРОВАННАЯ АВТОБАЗА""";14.05.2026;28.05.2026;Закупка завершена;;;26.05.2026;
44-ФЗ;№0131200001026002835;Электронный аукцион на проведение работ по строительству, реконструкции, кап. ремонту, сносу объекта кап. строительства в соответствии с п. 8 ч. 1 ст. 33 Закона № 44-ФЗ;2026-02874:) Выполнение подрядных работ для государственных нужд по капитальному ремонту объекта капитального строительства: «Капитальный ремонт бюджетного учреждения Воронежской области «Дом-интернат для престарелых и инвалидов «Пансионат «Каширский», Воронежская обл., Каширский р-н, с. Каширское, ул. Комсомольская, д. 7»;;'262361300710636130100100120013030243;;;7243597.20;RUB;0;;;;;;"БЮДЖЕТНОЕ УЧРЕЖДЕНИЕ ВОРОНЕЖСКОЙ ОБЛАСТИ ""ДОМ-ИНТЕРНАТ ДЛЯ ПРЕСТАРЕЛЫХ И ИНВАЛИДОВ ""ПАНСИОНАТ ""КАШИРСКИЙ""";МИНИСТЕРСТВО ПО РЕГУЛИРОВАНИЮ КОНТРАКТНОЙ СИСТЕМЫ В СФЕРЕ ЗАКУПОК ВОРОНЕЖСКОЙ ОБЛАСТИ;14.05.2026;28.05.2026;Закупка завершена;;;26.05.2026;
44-ФЗ;№0149200002326002823;Запрос котировок в электронной форме;Поставка лекарственного препарата для медицинского применения КАПЕЦИТАБИН;;'262519010997251900100100013490000323;;;10467126.00;RUB;0;;;;;;МИНИСТЕРСТВО ЗДРАВООХРАНЕНИЯ  МУРМАНСКОЙ ОБЛАСТИ;КОМИТЕТ ПО КОНКУРЕНТНОЙ ПОЛИТИКЕ МУРМАНСКОЙ ОБЛАСТИ;20.05.2026;28.05.2026;Закупка завершена;;;28.05.2026;
44-ФЗ;№0587600004526000008;Электронный аукцион;Капитальный ремонт напорного магистрального трубопровода от КНС 139 до КНС 63 и от КНС 63 до мкр-н. Бахилова пгт. Высокий ;;'263860501341986050100100080084329000;;;30261544.11;RUB;0;;;;;;"МУНИЦИПАЛЬНОЕ УНИТАРНОЕ ПРЕДПРИЯТИЕ ""ТЕПЛОВОДОКАНАЛ""";"МУНИЦИПАЛЬНОЕ УНИТАРНОЕ ПРЕДПРИЯТИЕ ""ТЕПЛОВОДОКАНАЛ""";15.05.2026;28.05.2026;Закупка завершена;;;27.05.2026;
44-ФЗ;№0329200062226001320;Электронный аукцион;Ремонт ул. Мира от ул. Октябрьская до ул. Щербакова в р. п. Быково Волгоградской области;;'263340201086134020100100070014211244;;;12723674.72;RUB;0;;;;;;АДМИНИСТРАЦИЯ БЫКОВСКОГО ГОРОДСКОГО ПОСЕЛЕНИЯ;"ГОСУДАРСТВЕННОЕ КАЗЕННОЕ УЧРЕЖДЕНИЕ ВОЛГОГРАДСКОЙ ОБЛАСТИ ""ЦЕНТР ОРГАНИЗАЦИИ ЗАКУПОК""";19.05.2026;28.05.2026;Закупка завершена;;;27.05.2026;
44-ФЗ;№0340200003326005326;Открытый конкурс в электронной форме;Ремонт автомобильных дорог общего пользования местного значения в городе Орлове Орловского муниципального округа Кировской области;;'263430000209143000100100110014211244;;;16016083.00;RUB;0;;;;;;АДМИНИСТРАЦИЯ ОРЛОВСКОГО МУНИЦИПАЛЬНОГО ОКРУГА КИРОВСКОЙ ОБЛАСТИ;"КИРОВСКОЕ ОБЛАСТНОЕ ГОСУДАРСТВЕННОЕ КАЗЕННОЕ УЧРЕЖДЕНИЕ ""ЦЕНТР ПО ТЕХНИЧЕСКОМУ СОПРОВОЖДЕНИЮ ГОСУДАРСТВЕННЫХ ЗАКУПОК""";20.04.2026;28.05.2026;Закупка завершена;;;25.05.2026;
44-ФЗ;№0154200000726000406;Электронный аукцион;Созданы (приобретены, построены, смонтированы) некапитальные объекты первичного звена здравоохранения (Здания сборные из металла);;262570900155757090100100220032511244, 262572500101857250100100220032511244;;;13129584.90;RUB;0;;;;;;;ДЕПАРТАМЕНТ ЭКОНОМИЧЕСКОГО РАЗВИТИЯ И ИНВЕСТИЦИОННОЙ ДЕЯТЕЛЬНОСТИ ОРЛОВСКОЙ ОБЛАСТИ;18.05.2026;28.05.2026;Закупка завершена;;;26.05.2026;
44-ФЗ;№0853500000326003519;Электронный аукцион;На поставку лекарственного препарата для медицинского применения Апиксабан при амбулаторном лечении сердечно-сосудистых заболеваний;;'262561207412856120100100060042120323;;;10990800.00;RUB;0;;;;;;МИНИСТЕРСТВО ЗДРАВООХРАНЕНИЯ ОРЕНБУРГСКОЙ ОБЛАСТИ;"ГОСУДАРСТВЕННОЕ КАЗЕННОЕ УЧРЕЖДЕНИЕ ОРЕНБУРГСКОЙ ОБЛАСТИ ""ЦЕНТР ОРГАНИЗАЦИИ ЗАКУПОК""";18.05.2026;28.05.2026;Закупка завершена;;;26.05.2026;
44-ФЗ;№0162200011826001330;Электронный аукцион;Оказание услуг по сопровождению программного комплекса «Информационная система управления финансами» (ПК «ИСУФ»);;'262666100460866710100100100016202244;;;19999900.00;RUB;0;;;;;;МИНИСТЕРСТВО ФИНАНСОВ СВЕРДЛОВСКОЙ ОБЛАСТИ;ДЕПАРТАМЕНТ ГОСУДАРСТВЕННЫХ ЗАКУПОК СВЕРДЛОВСКОЙ ОБЛАСТИ;15.05.2026;28.05.2026;Закупка завершена;;;26.05.2026;
44-ФЗ;№0162200011826001352;Электронный аукцион;Поставка сервера для нужд ГКУ СО «ОИРЦ»;;'262667143939766710100100580012620244;;;5229224.70;RUB;0;;;;;;"ГОСУДАРСТВЕННОЕ КАЗЕННОЕ УЧРЕЖДЕНИЕ СВЕРДЛОВСКОЙ ОБЛАСТИ ""ОБЛАСТНОЙ ИНФОРМАЦИОННО-РАСЧЕТНЫЙ ЦЕНТР""";ДЕПАРТАМЕНТ ГОСУДАРСТВЕННЫХ ЗАКУПОК СВЕРДЛОВСКОЙ ОБЛАСТИ;18.05.2026;28.05.2026;Закупка завершена;;;26.05.2026;
44-ФЗ;№0373100091426000593;Электронный аукцион;Поставка лекарственного препарата для медицинского применения (МНН: АЛЬБУМИН ЧЕЛОВЕКА );;'261773401280677340100100081930000244;;;10000000.00;RUB;0;;;;;;"ФЕДЕРАЛЬНОЕ ГОСУДАРСТВЕННОЕ БЮДЖЕТНОЕ УЧРЕЖДЕНИЕ ""НАЦИОНАЛЬНЫЙ МЕДИЦИНСКИЙ ИССЛЕДОВАТЕЛЬСКИЙ ЦЕНТР ТРАНСПЛАНТОЛОГИИ И ИСКУССТВЕННЫХ ОРГАНОВ ИМЕНИ АКАДЕМИКА В.И. ШУМАКОВА"" МИНИСТЕРСТВА ЗДРАВООХРАНЕНИЯ РОССИЙСКОЙ ФЕДЕРАЦИИ";"ФЕДЕРАЛЬНОЕ ГОСУДАРСТВЕННОЕ БЮДЖЕТНОЕ УЧРЕЖДЕНИЕ ""НАЦИОНАЛЬНЫЙ МЕДИЦИНСКИЙ ИССЛЕДОВАТЕЛЬСКИЙ ЦЕНТР ТРАНСПЛАНТОЛОГИИ И ИСКУССТВЕННЫХ ОРГАНОВ ИМЕНИ АКАДЕМИКА В.И. ШУМАКОВА"" МИНИСТЕРСТВА ЗДРАВООХРАНЕНИЯ РОССИЙСКОЙ ФЕДЕРАЦИИ";20.05.2026;28.05.2026;Закупка завершена;;;28.05.2026;
44-ФЗ;№0848300047226000325;Запрос котировок в электронной форме;Оказание услуг по организации отдыха и оздоровления детей, находящихся в трудной жизненной ситуации, в возрасте от 7 до 15 лет включительно в рамках проведения оздоровительной кампании 2026 года (лот 1);;'263502409874950240100100050018690244;;;9600000.00;RUB;0;;;;;;УПРАВЛЕНИЕ ОБРАЗОВАНИЯ АДМИНИСТРАЦИИ ГОРОДСКОГО ОКРУГА КРАСНОГОРСК МОСКОВСКОЙ ОБЛАСТИ;"МУНИЦИПАЛЬНОЕ КАЗЕННОЕ УЧРЕЖДЕНИЕ ""КРАСНОГОРСКИЙ ЦЕНТР ТОРГОВ""";21.05.2026;28.05.2026;Закупка завершена;;;28.05.2026;
44-ФЗ;№0380200000126003958;Электронный аукцион на проведение работ по строительству, реконструкции, кап. ремонту, сносу объекта кап. строительства в соответствии с п. 8 ч. 1 ст. 33 Закона № 44-ФЗ;Выполнение подрядных работ по реконструкции объекта капитального строительства: «Реконструкция водозабора по адресу: Республика Хакасия, с. Аскиз, ул. Красноармейская, 42»;;'262190109067519010100100100034221414;;;30666526.34;RUB;0;;;;;;"ГОСУДАРСТВЕННОЕ КАЗЁННОЕ УЧРЕЖДЕНИЕ РЕСПУБЛИКИ ХАКАСИЯ ""УПРАВЛЕНИЕ КАПИТАЛЬНОГО СТРОИТЕЛЬСТВА""";ГОСУДАРСТВЕННЫЙ КОМИТЕТ ПО РЕГУЛИРОВАНИЮ КОНТРАКТНОЙ СИСТЕМЫ В СФЕРЕ ЗАКУПОК РЕСПУБЛИКИ ХАКАСИЯ;20.05.2026;28.05.2026;Закупка завершена;;;28.05.2026;
44-ФЗ;№0342100011826000344;Электронный аукцион;Поставка медицинских изделий для оборудования Volcano Imaging System, Лот 2;;'261631700285863170100100042310000244;;;15600000.00;RUB;0;;;;;;"ФЕДЕРАЛЬНОЕ ГОСУДАРСТВЕННОЕ БЮДЖЕТНОЕ ОБРАЗОВАТЕЛЬНОЕ УЧРЕЖДЕНИЕ ВЫСШЕГО ОБРАЗОВАНИЯ ""САМАРСКИЙ ГОСУДАРСТВЕННЫЙ МЕДИЦИНСКИЙ УНИВЕРСИТЕТ"" МИНИСТЕРСТВА ЗДРАВООХРАНЕНИЯ РОССИЙСКОЙ ФЕДЕРАЦИИ";"ФЕДЕРАЛЬНОЕ ГОСУДАРСТВЕННОЕ БЮДЖЕТНОЕ ОБРАЗОВАТЕЛЬНОЕ УЧРЕЖДЕНИЕ ВЫСШЕГО ОБРАЗОВАНИЯ ""САМАРСКИЙ ГОСУДАРСТВЕННЫЙ МЕДИЦИНСКИЙ УНИВЕРСИТЕТ"" МИНИСТЕРСТВА ЗДРАВООХРАНЕНИЯ РОССИЙСКОЙ ФЕДЕРАЦИИ";18.05.2026;28.05.2026;Закупка завершена;;;26.05.2026;
44-ФЗ;№0152300011926000612;Электронный аукцион;Оказание услуг по предоставлению денежных средств в рамках кредитной линии на финансирование дефицита бюджета города Омска и погашение муниципальных долговых обязательств (Реестровый номер 32.0625.26);;'263550302370155030100100300016419730;;;89500000.00;RUB;0;;;;;;ДЕПАРТАМЕНТ ФИНАНСОВ АДМИНИСТРАЦИИ ГОРОДА ОМСКА;ДЕПАРТАМЕНТ КОНТРАКТНОЙ СИСТЕМЫ В СФЕРЕ ЗАКУПОК АДМИНИСТРАЦИИ ГОРОДА ОМСКА;18.05.2026;28.05.2026;Закупка завершена;;;26.05.2026;
44-ФЗ;№0136300015126000026;Электронный аукцион на проведение работ по строительству, реконструкции, кап. ремонту, сносу объекта кап. строительства в соответствии с п. 8 ч. 1 ст. 33 Закона № 44-ФЗ;Ремонт фундамента объекта культурного наследия регионального значения «Дом жилой, 2-я пол. XVIII в.», расположенного по адресу: Тверская область, г. Торопец, ул. Красноармейская, д. 15;;'263690000367969000100100620014399243;;;8456400.11;RUB;0;;;;;;ОТДЕЛ ЖИЛИЩНО-КОММУНАЛЬНОГО И ДОРОЖНОГО ХОЗЯЙСТВА АДМИНИСТРАЦИИ ТОРОПЕЦКОГО МУНИЦИПАЛЬНОГО ОКРУГА ТВЕРСКОЙ ОБЛАСТИ;АДМИНИСТРАЦИЯ ТОРОПЕЦКОГО МУНИЦИПАЛЬНОГО ОКРУГА ТВЕРСКОЙ ОБЛАСТИ;19.05.2026;28.05.2026;Закупка завершена;;;27.05.2026;
44-ФЗ;№0160300003626000221;Запрос котировок в электронной форме;выполнение работ по ремонту покрытия в зоне остановочных павильонов, расположенных на территории г. Энгельса Энгельсского муниципального района Саратовской области;;'263644902091064490100100300014211244;;;9667024.15;RUB;0;;;;;;КОМИТЕТ ЖИЛИЩНО-КОММУНАЛЬНОГО ХОЗЯЙСТВА, ТОПЛИВНО-ЭНЕРГЕТИЧЕСКОГО КОМПЛЕКСА, ТРАНСПОРТА И СВЯЗИ АДМИНИСТРАЦИИ ЭНГЕЛЬССКОГО МУНИЦИПАЛЬНОГО РАЙОНА;АДМИНИСТРАЦИЯ ЭНГЕЛЬССКОГО МУНИЦИПАЛЬНОГО РАЙОНА;19.05.2026;28.05.2026;Закупка завершена;;;26.05.2026;
44-ФЗ;№0366200035626003261;Открытый конкурс в электронной форме;Выполнение работ по благоустройству территории пляжа в ЦПКиО им. П.П. Белоусова;;'262710607681371060100100300014399244;;;148278352.80;RUB;0;;;;;;"ГОСУДАРСТВЕННОЕ УЧРЕЖДЕНИЕ ТУЛЬСКОЙ ОБЛАСТИ ""ТУЛЬСКИЕ ПАРКИ""";"ГОСУДАРСТВЕННОЕ КАЗЕННОЕ УЧРЕЖДЕНИЕ ТУЛЬСКОЙ ОБЛАСТИ ""ЦЕНТР ОРГАНИЗАЦИИ ЗАКУПОК""";08.05.2026;28.05.2026;Закупка завершена;;;25.05.2026;
44-ФЗ;№0362100027626000016;Запрос котировок в электронной форме;Изостатический пресс;;'261666000861766700100100210012841244;;;6034506.33;RUB;0;;;;;;ФЕДЕРАЛЬНОЕ ГОСУДАРСТВЕННОЕ БЮДЖЕТНОЕ УЧРЕЖДЕНИЕ НАУКИ ИНСТИТУТ ВЫСОКОТЕМПЕРАТУРНОЙ ЭЛЕКТРОХИМИИ УРАЛЬСКОГО ОТДЕЛЕНИЯ РОССИЙСКОЙ АКАДЕМИИ НАУК;ФЕДЕРАЛЬНОЕ ГОСУДАРСТВЕННОЕ БЮДЖЕТНОЕ УЧРЕЖДЕНИЕ НАУКИ ИНСТИТУТ ВЫСОКОТЕМПЕРАТУРНОЙ ЭЛЕКТРОХИМИИ УРАЛЬСКОГО ОТДЕЛЕНИЯ РОССИЙСКОЙ АКАДЕМИИ НАУК;21.05.2026;28.05.2026;Закупка завершена;;;28.05.2026;
44-ФЗ;№0372500005326000048;Открытый конкурс в электронной форме;Проектирование реконструкции  наружного освещения кварталов Санкт-Петербурга: Квартал 30 М. Охты (Рижская ул. – Новочеркасский пр. – Гранитная ул. – ул. Громова);;'262783808733078380100100350027112414;;;10117908.86;RUB;0;;;;;;КОМИТЕТ ПО ЭНЕРГЕТИКЕ И ИНЖЕНЕРНОМУ ОБЕСПЕЧЕНИЮ;"САНКТ-ПЕТЕРБУРГСКОЕ ГОСУДАРСТВЕННОЕ БЮДЖЕТНОЕ УЧРЕЖДЕНИЕ ""ЛЕНСВЕТ""";29.04.2026;28.05.2026;Закупка завершена;;;26.05.2026;
44-ФЗ;№0373200053626000215;Электронный аукцион;Электронный аукцион на право заключения контракта на поставку лекарственного препарата: АМФОТЕРИЦИН B [ЛИПИДНЫЙ КОМПЛЕКС] для нужд ГБУЗ ИКБ № 2 ДЗМ.;;'262771913872377190100102370010000244;;;8188200.00;RUB;0;;;;;;"ГОСУДАРСТВЕННОЕ БЮДЖЕТНОЕ УЧРЕЖДЕНИЕ ЗДРАВООХРАНЕНИЯ ГОРОДА МОСКВЫ ""ИНФЕКЦИОННАЯ КЛИНИЧЕСКАЯ БОЛЬНИЦА № 2 ДЕПАРТАМЕНТА ЗДРАВООХРАНЕНИЯ ГОРОДА МОСКВЫ""";"ГОСУДАРСТВЕННОЕ БЮДЖЕТНОЕ УЧРЕЖДЕНИЕ ЗДРАВООХРАНЕНИЯ ГОРОДА МОСКВЫ ""ИНФЕКЦИОННАЯ КЛИНИЧЕСКАЯ БОЛЬНИЦА № 2 ДЕПАРТАМЕНТА ЗДРАВООХРАНЕНИЯ ГОРОДА МОСКВЫ""";19.05.2026;28.05.2026;Закупка завершена;;;27.05.2026;
44-ФЗ;№0852500000126001914;Электронный аукцион;Поставка лекарственного препарата для медицинского применения с МНН Селексипаг для предоставления мер социальной поддержки отдельным категориям граждан, связанных с обеспечением лекарственными препаратами и медицинскими изделиями (в том числе граждан с орфанными заболеваниями) (Реестровый номер 261177);;'262550307931055030100102040012120323;;;5872479.60;RUB;0;;;;;;МИНИСТЕРСТВО ЗДРАВООХРАНЕНИЯ ОМСКОЙ ОБЛАСТИ;"КАЗЕННОЕ УЧРЕЖДЕНИЕ ОМСКОЙ ОБЛАСТИ ""ЦЕНТР ЗАКУПОК ТОВАРОВ, РАБОТ, УСЛУГ""";19.05.2026;28.05.2026;Закупка завершена;;;27.05.2026;
44-ФЗ;№0373200062926000070;Электронный аукцион;Электронный аукцион на оказание услуг по уборке прилегающих территорий  филиала 3 и филиала 1 ГБУЗ «ГП № 107 ДЗМ»;;'262771503287877150100100730010000244;;;16586830.05;RUB;0;;;;;;"ГОСУДАРСТВЕННОЕ БЮДЖЕТНОЕ УЧРЕЖДЕНИЕ ЗДРАВООХРАНЕНИЯ ГОРОДА МОСКВЫ ""ГОРОДСКАЯ ПОЛИКЛИНИКА № 107 ДЕПАРТАМЕНТА ЗДРАВООХРАНЕНИЯ ГОРОДА МОСКВЫ""";"ГОСУДАРСТВЕННОЕ БЮДЖЕТНОЕ УЧРЕЖДЕНИЕ ЗДРАВООХРАНЕНИЯ ГОРОДА МОСКВЫ ""ГОРОДСКАЯ ПОЛИКЛИНИКА № 107 ДЕПАРТАМЕНТА ЗДРАВООХРАНЕНИЯ ГОРОДА МОСКВЫ""";18.05.2026;28.05.2026;Закупка завершена;;;26.05.2026;
44-ФЗ;№0318100047926000100;Электронный аукцион;Изготовление и поставка наградной продукции;;'261235500439023650100100920010000244;;;7010660.00;RUB;0;;;;;;"ФЕДЕРАЛЬНОЕ ГОСУДАРСТВЕННОЕ БЮДЖЕТНОЕ ОБРАЗОВАТЕЛЬНОЕ УЧРЕЖДЕНИЕ ""ВСЕРОССИЙСКИЙ ДЕТСКИЙ ЦЕНТР ""ОРЛЁНОК""";"ФЕДЕРАЛЬНОЕ ГОСУДАРСТВЕННОЕ БЮДЖЕТНОЕ ОБРАЗОВАТЕЛЬНОЕ УЧРЕЖДЕНИЕ ""ВСЕРОССИЙСКИЙ ДЕТСКИЙ ЦЕНТР ""ОРЛЁНОК""";15.05.2026;28.05.2026;Закупка завершена;;;26.05.2026;
223-ФЗ;№32615979830;Иной способ;"224405 выполнение работ: ""Техническое перевооружение коллектора острого пара котлов ст. №№ 13, 14 и БРОУ 100/35 ата строительно-монтажные работы Салаватской ТЭЦ филиала ООО «БГК»""";;;1;Техническое перевооружение коллектора острого пара котлов ст. №№ 13, 14 и БРОУ 100/35 ата строительно-монтажные работы Салаватской ТЭЦ филиала ООО «БГК»;28172677.72;RUB;28172677.72;;;;33.14.11.000: Услуги по ремонту и техническому обслуживанию электродвигателей, генераторов, трансформаторов и распределительной и регулирующей аппаратуры для электричества;;"ОБЩЕСТВО С ОГРАНИЧЕННОЙ ОТВЕТСТВЕННОСТЬЮ ""БАШКИРСКАЯ ГЕНЕРИРУЮЩАЯ КОМПАНИЯ""";"ОБЩЕСТВО С ОГРАНИЧЕННОЙ ОТВЕТСТВЕННОСТЬЮ ""ИНТЕР РАО-ЦЕНТР УПРАВЛЕНИЯ ЗАКУПКАМИ""";05.05.2026;28.05.2026;Закупка завершена;;;28.05.2026 18:00;
44-ФЗ;№0806300011826000188;Электронный аукцион;Благоустройство парка Каменный Ручей;;'263100135716410010100100090024399244;;;12000000.00;RUB;0;;;;;;"МУНИЦИПАЛЬНОЕ БЮДЖЕТНОЕ УЧРЕЖДЕНИЕ ПЕТРОЗАВОДСКОГО ГОРОДСКОГО ОКРУГА ""ЖКХ""";"МУНИЦИПАЛЬНОЕ КАЗЕННОЕ УЧРЕЖДЕНИЕ ПЕТРОЗАВОДСКОГО ГОРОДСКОГО ОКРУГА ""ПЕТРОСНАБ""";20.05.2026;28.05.2026;Закупка завершена;;;28.05.2026;
44-ФЗ;№0173100011926000037;Электронный аукцион;Поставка оборудования системы хранения данных для информационно-телекоммуникационной инфраструктуры Росстата (ИТКИ Росстата);;'261770823464077080100100930012620242;;;141874144.48;RUB;0;;;;;;ФЕДЕРАЛЬНАЯ СЛУЖБА ГОСУДАРСТВЕННОЙ СТАТИСТИКИ;ФЕДЕРАЛЬНАЯ СЛУЖБА ГОСУДАРСТВЕННОЙ СТАТИСТИКИ;18.05.2026;28.05.2026;Закупка завершена;;;26.05.2026;
44-ФЗ;№0162200011826001373;Электронный аукцион;Поставка нефтепродуктов по электронным (топливным) картам;;'262667116130366710100100160011920244;;;45000000.00;RUB;0;;;;;;"ГОСУДАРСТВЕННОЕ КАЗЕННОЕ УЧРЕЖДЕНИЕ СВЕРДЛОВСКОЙ ОБЛАСТИ ""АВТОХОЗЯЙСТВО ПРАВИТЕЛЬСТВА СВЕРДЛОВСКОЙ ОБЛАСТИ""";ДЕПАРТАМЕНТ ГОСУДАРСТВЕННЫХ ЗАКУПОК СВЕРДЛОВСКОЙ ОБЛАСТИ;19.05.2026;28.05.2026;Закупка завершена;;;27.05.2026;
44-ФЗ;№0172200002726000064;Открытый конкурс в электронной форме;Выполнение работ по ремонту спортивного зала, раздевалок и помещения 4-Н Государственного бюджетного общеобразовательного учреждения средняя общеобразовательная школа № 636 с углубленным изучением иностранных языков Центрального района Санкт-Петербурга по адресу: Санкт-Петербург, наб. реки Мойки, д. 38, лит. А;;'262782542622678410100100100024399244;;;6337314.56;RUB;0;;;;;;ГОСУДАРСТВЕННОЕ БЮДЖЕТНОЕ ОБЩЕОБРАЗОВАТЕЛЬНОЕ УЧРЕЖДЕНИЕ СРЕДНЯЯ ОБЩЕОБРАЗОВАТЕЛЬНАЯ ШКОЛА № 636 С УГЛУБЛЕННЫМ ИЗУЧЕНИЕМ ИНОСТРАННЫХ ЯЗЫКОВ ЦЕНТРАЛЬНОГО РАЙОНА САНКТ-ПЕТЕРБУРГА;АДМИНИСТРАЦИЯ ЦЕНТРАЛЬНОГО РАЙОНА САНКТ-ПЕТЕРБУРГА;07.05.2026;28.05.2026;Закупка завершена;;;25.05.2026;
44-ФЗ;№0815500000526007371;Запрос котировок в электронной форме;На поставку иммунологических лекарственных препаратов, предназначенных для иммунодиагностики туберкулеза. Аллерген туберкулезный рекомбинантный в стандартном разведении;;'262212801542021300100102050012120244;;;6975989.46;RUB;0;;;;;;МИНИСТЕРСТВО ЗДРАВООХРАНЕНИЯ ЧУВАШСКОЙ РЕСПУБЛИКИ;"КАЗЕННОЕ УЧРЕЖДЕНИЕ ЧУВАШСКОЙ РЕСПУБЛИКИ ""РЕГИОНАЛЬНЫЙ ЦЕНТР ЗАКУПОК ЧУВАШСКОЙ РЕСПУБЛИКИ""";20.05.2026;28.05.2026;Закупка завершена;;;28.05.2026;
44-ФЗ;№0815500000526007370;Запрос котировок в электронной форме;На поставку иммунологических лекарственных препаратов, предназначенных для иммунодиагностики туберкулеза. Аллерген туберкулезный рекомбинантный в стандартном разведении;;'262212801542021300100102040012120244;;;8122950.00;RUB;0;;;;;;МИНИСТЕРСТВО ЗДРАВООХРАНЕНИЯ ЧУВАШСКОЙ РЕСПУБЛИКИ;"КАЗЕННОЕ УЧРЕЖДЕНИЕ ЧУВАШСКОЙ РЕСПУБЛИКИ ""РЕГИОНАЛЬНЫЙ ЦЕНТР ЗАКУПОК ЧУВАШСКОЙ РЕСПУБЛИКИ""";20.05.2026;28.05.2026;Закупка завершена;;;28.05.2026;
44-ФЗ;№0162200011826001371;Электронный аукцион;Поставка лекарственного препарата для медицинского применения;;'262666001041566710100100032370000323;;;125128080.00;RUB;0;;;;;;МИНИСТЕРСТВО ЗДРАВООХРАНЕНИЯ СВЕРДЛОВСКОЙ ОБЛАСТИ;ДЕПАРТАМЕНТ ГОСУДАРСТВЕННЫХ ЗАКУПОК СВЕРДЛОВСКОЙ ОБЛАСТИ;19.05.2026;28.05.2026;Закупка завершена;;;27.05.2026;
44-ФЗ;№0813500000126009432;Электронный аукцион;зз-0015-24759 - 2026 Боевая одежда пожарного, средства защиты рук пожарного, пояса пожарные спасательные;;'262183110434618410100100240010000244;;;5540000.00;RUB;0;;;;;;"ГОСУДАРСТВЕННОЕ УЧРЕЖДЕНИЕ УДМУРТСКОЙ РЕСПУБЛИКИ ""ГОСУДАРСТВЕННАЯ ПРОТИВОПОЖАРНАЯ СЛУЖБА УДМУРТСКОЙ РЕСПУБЛИКИ""";"ГОСУДАРСТВЕННОЕ КАЗЕННОЕ УЧРЕЖДЕНИЕ УДМУРТСКОЙ РЕСПУБЛИКИ ""РЕГИОНАЛЬНЫЙ ЦЕНТР ЗАКУПОК УДМУРТСКОЙ РЕСПУБЛИКИ""";20.05.2026;28.05.2026;Закупка завершена;;;28.05.2026;
44-ФЗ;№0162200011826001336;Электронный аукцион;Текущий ремонт фасадов и крылец зданий;;'262665806961266850100100910014339244;;;8457148.58;RUB;0;;;;;;"ГОСУДАРСТВЕННОЕ КАЗЕННОЕ УЧРЕЖДЕНИЕ СВЕРДЛОВСКОЙ ОБЛАСТИ ""ЛЕЧЕБНО-ОЗДОРОВИТЕЛЬНЫЙ КОМПЛЕКС ПРАВИТЕЛЬСТВА СВЕРДЛОВСКОЙ ОБЛАСТИ""";ДЕПАРТАМЕНТ ГОСУДАРСТВЕННЫХ ЗАКУПОК СВЕРДЛОВСКОЙ ОБЛАСТИ;18.05.2026;28.05.2026;Закупка завершена;;;26.05.2026;
44-ФЗ;№0162200011826001376;Электронный аукцион;оказание услуг по лабораторным исследованиям;;'263665802140266580100100290018690244;;;7000000.00;RUB;0;;;;;;"ГОСУДАРСТВЕННОЕ БЮДЖЕТНОЕ УЧРЕЖДЕНИЕ ЗДРАВООХРАНЕНИЯ СВЕРДЛОВСКОЙ ОБЛАСТИ ""ЦЕНТРАЛЬНАЯ ГОРОДСКАЯ БОЛЬНИЦА № 2 ИМЕНИ А.А. МИСЛАВСКОГО ГОРОД ЕКАТЕРИНБУРГ""";ДЕПАРТАМЕНТ ГОСУДАРСТВЕННЫХ ЗАКУПОК СВЕРДЛОВСКОЙ ОБЛАСТИ;19.05.2026;28.05.2026;Закупка завершена;;;27.05.2026;
44-ФЗ;№0162200011826001318;Электронный аукцион;"Ремонт зрительного зала МБУК ""КДЦ"" СМО пгт. Сосьва, ул. Балдина, д.35";;'263663202236066800100100100024339244;;;5711155.50;RUB;0;;;;;;"МУНИЦИПАЛЬНОЕ БЮДЖЕТНОЕ УЧРЕЖДЕНИЕ КУЛЬТУРЫ ""КУЛЬТУРНО-ДОСУГОВЫЙ ЦЕНТР"" СОСЬВИНСКОГО МУНИЦИПАЛЬНОГО ОКРУГА СВЕРДЛОВСКОЙ ОБЛАСТИ";ДЕПАРТАМЕНТ ГОСУДАРСТВЕННЫХ ЗАКУПОК СВЕРДЛОВСКОЙ ОБЛАСТИ;14.05.2026;28.05.2026;Закупка завершена;;;26.05.2026;
44-ФЗ;№0152200004726000324;Электронный аукцион на проведение работ по строительству, реконструкции, кап. ремонту, сносу объекта кап. строительства в соответствии с п. 8 ч. 1 ст. 33 Закона № 44-ФЗ;"Выполнение работ по капитальному ремонту здания бюджетного дошкольного образовательного учреждения Любинского района Омской области ""Камышловский детский сад"" (БДОУ ""Камышловский д/с""), расположенного по адресу: Омская область, Любинский район, п. Камышловский, ул. Ленина, д. 16 (Реестровый номер 26.33.0361)";;'263551900732855190100100110014120243;;;14599435.83;RUB;0;;;;;;"БЮДЖЕТНОЕ ДОШКОЛЬНОЕ ОБРАЗОВАТЕЛЬНОЕ УЧРЕЖДЕНИЕ ЛЮБИНСКОГО РАЙОНА ОМСКОЙ ОБЛАСТИ ""КАМЫШЛОВСКИЙ ДЕТСКИЙ САД""";ГЛАВНОЕ УПРАВЛЕНИЕ КОНТРАКТНОЙ СИСТЕМЫ ОМСКОЙ ОБЛАСТИ;20.05.2026;28.05.2026;Закупка завершена;;;28.05.2026;
44-ФЗ;№0162200011826001364;Электронный аукцион;Поставка лекарственного препарата для медицинского применения;;'262666001041566710100100032320000323;;;142520400.00;RUB;0;;;;;;МИНИСТЕРСТВО ЗДРАВООХРАНЕНИЯ СВЕРДЛОВСКОЙ ОБЛАСТИ;ДЕПАРТАМЕНТ ГОСУДАРСТВЕННЫХ ЗАКУПОК СВЕРДЛОВСКОЙ ОБЛАСТИ;19.05.2026;28.05.2026;Закупка завершена;;;27.05.2026;
44-ФЗ;№0162200011826001361;Электронный аукцион;Поставка лекарственного препарата для медицинского применения;;'262666001041566710100100032330000323;;;52536000.00;RUB;0;;;;;;МИНИСТЕРСТВО ЗДРАВООХРАНЕНИЯ СВЕРДЛОВСКОЙ ОБЛАСТИ;ДЕПАРТАМЕНТ ГОСУДАРСТВЕННЫХ ЗАКУПОК СВЕРДЛОВСКОЙ ОБЛАСТИ;19.05.2026;28.05.2026;Закупка завершена;;;27.05.2026;
44-ФЗ;№0162200011826001359;Электронный аукцион;Поставка лекарственного препарата для медицинского применения;;'262666001041566710100100032310000323;;;18795840.00;RUB;0;;;;;;МИНИСТЕРСТВО ЗДРАВООХРАНЕНИЯ СВЕРДЛОВСКОЙ ОБЛАСТИ;ДЕПАРТАМЕНТ ГОСУДАРСТВЕННЫХ ЗАКУПОК СВЕРДЛОВСКОЙ ОБЛАСТИ;19.05.2026;28.05.2026;Закупка завершена;;;27.05.2026;
44-ФЗ;№0162200011826001302;Открытый конкурс в электронной форме;Ремонт автомобильных дорог общего пользования местного значения в муниципальном образовании Каменск-Уральский городской округ;;'263661201544566120100100250014211244;;;212229153.18;RUB;0;;;;;;"МУНИЦИПАЛЬНОЕ КАЗЕННОЕ УЧРЕЖДЕНИЕ ""УПРАВЛЕНИЕ ГОРОДСКОГО ХОЗЯЙСТВА""";ДЕПАРТАМЕНТ ГОСУДАРСТВЕННЫХ ЗАКУПОК СВЕРДЛОВСКОЙ ОБЛАСТИ;12.05.2026;28.05.2026;Закупка завершена;;;28.05.2026;
44-ФЗ;№0373200068626000294;Электронный аукцион;Поставка патронов для отделения пулевой стрельбы;;'262772315384477230100100590010000244;;;9951200.00;RUB;0;;;;;;"ГОСУДАРСТВЕННОЕ БЮДЖЕТНОЕ УЧРЕЖДЕНИЕ ДОПОЛНИТЕЛЬНОГО ОБРАЗОВАНИЯ ГОРОДА МОСКВЫ СПОРТИВНАЯ ШКОЛА ОЛИМПИЙСКОГО РЕЗЕРВА ""МОСКВИЧ"" ДЕПАРТАМЕНТА СПОРТА ГОРОДА МОСКВЫ";"ГОСУДАРСТВЕННОЕ КАЗЕННОЕ УЧРЕЖДЕНИЕ ГОРОДА МОСКВЫ ""СЛУЖБА МОНИТОРИНГА И ТЕХНИЧЕСКОГО КОНТРОЛЯ"" ДЕПАРТАМЕНТА СПОРТА ГОРОДА МОСКВЫ";18.05.2026;28.05.2026;Закупка завершена;;;26.05.2026;
44-ФЗ;№0162200011826001333;Электронный аукцион на проведение работ по строительству, реконструкции, кап. ремонту, сносу объекта кап. строительства в соответствии с п. 8 ч. 1 ст. 33 Закона № 44-ФЗ;Капитальный ремонт МАОУ СОШ № 4, расположенного по адресу: 624162, Свердловская область, г. Верхний Тагил, улица Чапаева, дом 54;;'263668201984566820100100150014120243;;;181906392.93;RUB;0;;;;;;"МУНИЦИПАЛЬНОЕ КАЗЕННОЕ УЧРЕЖДЕНИЕ ""СЛУЖБА МУНИЦИПАЛЬНОГО ЗАКАЗА И ГОРОДСКОГО ХОЗЯЙСТВА""";ДЕПАРТАМЕНТ ГОСУДАРСТВЕННЫХ ЗАКУПОК СВЕРДЛОВСКОЙ ОБЛАСТИ;18.05.2026;28.05.2026;Закупка завершена;;;26.05.2026;
44-ФЗ;№0848600006826000139;Запрос котировок в электронной форме;Оказание услуг по строительному контролю за выполнением работ   по ремонту автомобильных дорог общего пользования местного значения на территории городского округа Воскресенск;;'263500505381650050100101590017112244;;;8293714.77;RUB;0;;;;;;"МУНИЦИПАЛЬНОЕ БЮДЖЕТНОЕ УЧРЕЖДЕНИЕ ГОРОДСКОГО ОКРУГА ВОСКРЕСЕНСК МОСКОВСКОЙ ОБЛАСТИ ""БЛАГОУСТРОЙСТВО И ОЗЕЛЕНЕНИЕ""";"МУНИЦИПАЛЬНОЕ КАЗЕННОЕ УЧРЕЖДЕНИЕ ""ВОСКРЕСЕНСКИЙ ЦЕНТР ЗАКУПОК""";20.04.2026;28.05.2026;Закупка завершена;;;27.04.2026;
44-ФЗ;№0162200011826001366;Электронный аукцион;Поставка лекарственного препарата для медицинского применения;;'262666001041566710100100032430000323;;;5449449.60;RUB;0;;;;;;МИНИСТЕРСТВО ЗДРАВООХРАНЕНИЯ СВЕРДЛОВСКОЙ ОБЛАСТИ;ДЕПАРТАМЕНТ ГОСУДАРСТВЕННЫХ ЗАКУПОК СВЕРДЛОВСКОЙ ОБЛАСТИ;19.05.2026;28.05.2026;Закупка завершена;;;27.05.2026;
44-ФЗ;№0162200011826001317;Электронный аукцион на проведение работ по строительству, реконструкции, кап. ремонту, сносу объекта кап. строительства в соответствии с п. 8 ч. 1 ст. 33 Закона № 44-ФЗ;"Капитальный ремонт общежития ГБПОУ СО ""АКИ"" по адресу: Свердловская область, г. Асбест, ул. Войкова, 62";;'262660300552166830100100070014399243;;;35132850.00;RUB;0;;;;;;"ГОСУДАРСТВЕННОЕ БЮДЖЕТНОЕ ПРОФЕССИОНАЛЬНОЕ ОБРАЗОВАТЕЛЬНОЕ УЧРЕЖДЕНИЕ СВЕРДЛОВСКОЙ ОБЛАСТИ ""АСБЕСТОВСКИЙ КОЛЛЕДЖ ИСКУССТВ""";ДЕПАРТАМЕНТ ГОСУДАРСТВЕННЫХ ЗАКУПОК СВЕРДЛОВСКОЙ ОБЛАСТИ;14.05.2026;28.05.2026;Закупка завершена;;;26.05.2026;
44-ФЗ;№0318300119426000670;Электронный аукцион;Приобретение жилого помещения путем участия в долевом строительстве многоквартирного дома или жилого дома блокированной застройки, состоящего из трех и более блоков, в границах муниципального образования город Краснодар;;'263231007160823100100100041304120412;;;5250003.00;RUB;0;;;;;;ДЕПАРТАМЕНТ СТРОИТЕЛЬСТВА АДМИНИСТРАЦИИ МУНИЦИПАЛЬНОГО ОБРАЗОВАНИЯ ГОРОД КРАСНОДАР;УПРАВЛЕНИЕ ЗАКУПОК АДМИНИСТРАЦИИ МУНИЦИПАЛЬНОГО ОБРАЗОВАНИЯ ГОРОД КРАСНОДАР;15.05.2026;28.05.2026;Закупка завершена;;;26.05.2026;
44-ФЗ;№0873400003926000397;Электронный аукцион;Поставка лекарственного препарата Тедуглутид, лиофилизат для приготовления раствора для подкожного введения, 5 мг в рамках реализации постановления Правительства Российской Федерации от 6 апреля 2021 года № 545 «О порядке приобретения лекарственных препаратов, медицинских изделий и технических средств реабилитации для конкретного ребенка с тяжелым жизнеугрожающим и хроническим заболеванием, в том числе редким (орфанным) заболеванием, либо для групп таких детей»;;'261970515020277050100100280132120244;;;16746329.60;RUB;0;;;;;;"ФЕДЕРАЛЬНОЕ КАЗЕННОЕ УЧРЕЖДЕНИЕ ""ФЕДЕРАЛЬНЫЙ ЦЕНТР ПЛАНИРОВАНИЯ И ОРГАНИЗАЦИИ ЛЕКАРСТВЕННОГО ОБЕСПЕЧЕНИЯ ГРАЖДАН"" МИНИСТЕРСТВА ЗДРАВООХРАНЕНИЯ РОССИЙСКОЙ ФЕДЕРАЦИИ";"ФЕДЕРАЛЬНОЕ КАЗЕННОЕ УЧРЕЖДЕНИЕ ""ФЕДЕРАЛЬНЫЙ ЦЕНТР ПЛАНИРОВАНИЯ И ОРГАНИЗАЦИИ ЛЕКАРСТВЕННОГО ОБЕСПЕЧЕНИЯ ГРАЖДАН"" МИНИСТЕРСТВА ЗДРАВООХРАНЕНИЯ РОССИЙСКОЙ ФЕДЕРАЦИИ";20.05.2026;28.05.2026;Закупка завершена;;;28.05.2026;
44-ФЗ;№0873400003926000398;Электронный аукцион;Поставка лекарственного препарата Себелипаза альфа, концентрат для приготовления раствора для инфузий, 2 мг/мл в рамках реализации постановления Правительства Российской Федерации от 6 апреля 2021 года № 545 «О порядке приобретения лекарственных препаратов, медицинских изделий и технических средств реабилитации для конкретного ребенка с тяжелым жизнеугрожающим и хроническим заболеванием, в том числе редким (орфанным) заболеванием, либо для групп таких детей»;;'261970515020277050100100280142120244;;;73174312.20;RUB;0;;;;;;"ФЕДЕРАЛЬНОЕ КАЗЕННОЕ УЧРЕЖДЕНИЕ ""ФЕДЕРАЛЬНЫЙ ЦЕНТР ПЛАНИРОВАНИЯ И ОРГАНИЗАЦИИ ЛЕКАРСТВЕННОГО ОБЕСПЕЧЕНИЯ ГРАЖДАН"" МИНИСТЕРСТВА ЗДРАВООХРАНЕНИЯ РОССИЙСКОЙ ФЕДЕРАЦИИ";"ФЕДЕРАЛЬНОЕ КАЗЕННОЕ УЧРЕЖДЕНИЕ ""ФЕДЕРАЛЬНЫЙ ЦЕНТР ПЛАНИРОВАНИЯ И ОРГАНИЗАЦИИ ЛЕКАРСТВЕННОГО ОБЕСПЕЧЕНИЯ ГРАЖДАН"" МИНИСТЕРСТВА ЗДРАВООХРАНЕНИЯ РОССИЙСКОЙ ФЕДЕРАЦИИ";20.05.2026;28.05.2026;Закупка завершена;;;28.05.2026;
44-ФЗ;№0873400003926000395;Электронный аукцион;Поставка лекарственного препарата Селуметиниб, капсулы, 25 мг в рамках реализации постановления Правительства Российской Федерации от 6 апреля 2021 года № 545 «О порядке приобретения лекарственных препаратов, медицинских изделий и технических средств реабилитации для конкретного ребенка с тяжелым жизнеугрожающим и хроническим заболеванием, в том числе редким (орфанным) заболеванием, либо для групп таких детей»;;'261970515020277050100100240262120244;;;29766528.00;RUB;0;;;;;;"ФЕДЕРАЛЬНОЕ КАЗЕННОЕ УЧРЕЖДЕНИЕ ""ФЕДЕРАЛЬНЫЙ ЦЕНТР ПЛАНИРОВАНИЯ И ОРГАНИЗАЦИИ ЛЕКАРСТВЕННОГО ОБЕСПЕЧЕНИЯ ГРАЖДАН"" МИНИСТЕРСТВА ЗДРАВООХРАНЕНИЯ РОССИЙСКОЙ ФЕДЕРАЦИИ";"ФЕДЕРАЛЬНОЕ КАЗЕННОЕ УЧРЕЖДЕНИЕ ""ФЕДЕРАЛЬНЫЙ ЦЕНТР ПЛАНИРОВАНИЯ И ОРГАНИЗАЦИИ ЛЕКАРСТВЕННОГО ОБЕСПЕЧЕНИЯ ГРАЖДАН"" МИНИСТЕРСТВА ЗДРАВООХРАНЕНИЯ РОССИЙСКОЙ ФЕДЕРАЦИИ";20.05.2026;28.05.2026;Закупка завершена;;;28.05.2026;
44-ФЗ;№0873400003926000396;Электронный аукцион;Поставка лекарственного препарата Гилтеритиниб, таблетки, покрытые пленочной оболочкой, 40 мг в рамках реализации постановления Правительства Российской Федерации от 6 апреля 2021 года № 545 «О порядке приобретения лекарственных препаратов, медицинских изделий и технических средств реабилитации для конкретного ребенка с тяжелым жизнеугрожающим и хроническим заболеванием, в том числе редким (орфанным) заболеванием, либо для групп таких детей»;;'261970515020277050100100240272120244;;;44855838.72;RUB;0;;;;;;"ФЕДЕРАЛЬНОЕ КАЗЕННОЕ УЧРЕЖДЕНИЕ ""ФЕДЕРАЛЬНЫЙ ЦЕНТР ПЛАНИРОВАНИЯ И ОРГАНИЗАЦИИ ЛЕКАРСТВЕННОГО ОБЕСПЕЧЕНИЯ ГРАЖДАН"" МИНИСТЕРСТВА ЗДРАВООХРАНЕНИЯ РОССИЙСКОЙ ФЕДЕРАЦИИ";"ФЕДЕРАЛЬНОЕ КАЗЕННОЕ УЧРЕЖДЕНИЕ ""ФЕДЕРАЛЬНЫЙ ЦЕНТР ПЛАНИРОВАНИЯ И ОРГАНИЗАЦИИ ЛЕКАРСТВЕННОГО ОБЕСПЕЧЕНИЯ ГРАЖДАН"" МИНИСТЕРСТВА ЗДРАВООХРАНЕНИЯ РОССИЙСКОЙ ФЕДЕРАЦИИ";20.05.2026;28.05.2026;Закупка завершена;;;28.05.2026;
44-ФЗ;№0318300119426000672;Электронный аукцион;Приобретение жилого помещения путем участия в долевом строительстве многоквартирного дома или жилого дома блокированной застройки, состоящего из трех и более блоков, в границах муниципального образования город Краснодар;;'263231007160823100100100041234120412;;;5250003.00;RUB;0;;;;;;ДЕПАРТАМЕНТ СТРОИТЕЛЬСТВА АДМИНИСТРАЦИИ МУНИЦИПАЛЬНОГО ОБРАЗОВАНИЯ ГОРОД КРАСНОДАР;УПРАВЛЕНИЕ ЗАКУПОК АДМИНИСТРАЦИИ МУНИЦИПАЛЬНОГО ОБРАЗОВАНИЯ ГОРОД КРАСНОДАР;15.05.2026;28.05.2026;Закупка завершена;;;26.05.2026;
44-ФЗ;№0318300119426000676;Электронный аукцион;Приобретение жилого помещения путем участия в долевом строительстве многоквартирного дома или жилого дома блокированной застройки, состоящего из трех и более блоков, в границах муниципального образования город Краснодар;;'263231007160823100100100041184120412;;;5250003.00;RUB;0;;;;;;ДЕПАРТАМЕНТ СТРОИТЕЛЬСТВА АДМИНИСТРАЦИИ МУНИЦИПАЛЬНОГО ОБРАЗОВАНИЯ ГОРОД КРАСНОДАР;УПРАВЛЕНИЕ ЗАКУПОК АДМИНИСТРАЦИИ МУНИЦИПАЛЬНОГО ОБРАЗОВАНИЯ ГОРОД КРАСНОДАР;15.05.2026;28.05.2026;Закупка завершена;;;26.05.2026;
44-ФЗ;№0318300119426000679;Электронный аукцион;Приобретение жилого помещения путем участия в долевом строительстве многоквартирного дома или жилого дома блокированной застройки, состоящего из трех и более блоков, в границах муниципального образования город Краснодар;;'263231007160823100100100041094120412;;;5250003.00;RUB;0;;;;;;ДЕПАРТАМЕНТ СТРОИТЕЛЬСТВА АДМИНИСТРАЦИИ МУНИЦИПАЛЬНОГО ОБРАЗОВАНИЯ ГОРОД КРАСНОДАР;УПРАВЛЕНИЕ ЗАКУПОК АДМИНИСТРАЦИИ МУНИЦИПАЛЬНОГО ОБРАЗОВАНИЯ ГОРОД КРАСНОДАР;15.05.2026;28.05.2026;Закупка завершена;;;26.05.2026;
44-ФЗ;№0318300119426000677;Электронный аукцион;Приобретение жилого помещения путем участия в долевом строительстве многоквартирного дома или жилого дома блокированной застройки, состоящего из трех и более блоков, в границах муниципального образования город Краснодар;;'263231007160823100100100041104120412;;;5250003.00;RUB;0;;;;;;ДЕПАРТАМЕНТ СТРОИТЕЛЬСТВА АДМИНИСТРАЦИИ МУНИЦИПАЛЬНОГО ОБРАЗОВАНИЯ ГОРОД КРАСНОДАР;УПРАВЛЕНИЕ ЗАКУПОК АДМИНИСТРАЦИИ МУНИЦИПАЛЬНОГО ОБРАЗОВАНИЯ ГОРОД КРАСНОДАР;15.05.2026;28.05.2026;Закупка завершена;;;26.05.2026;
44-ФЗ;№0162200011826001383;Электронный аукцион;Поставка медицинских расходных материалов;;'262666100878666710100100040213250244;;;40000000.00;RUB;0;;;;;;"ГОСУДАРСТВЕННОЕ БЮДЖЕТНОЕ УЧРЕЖДЕНИЕ ЗДРАВООХРАНЕНИЯ СВЕРДЛОВСКОЙ ОБЛАСТИ ""НАУЧНО-ПРАКТИЧЕСКИЙ ЦЕНТР СПЕЦИАЛИЗИРОВАННЫХ ВИДОВ МЕДИЦИНСКОЙ ПОМОЩИ ""УРАЛЬСКИЙ ИНСТИТУТ КАРДИОЛОГИИ""";ДЕПАРТАМЕНТ ГОСУДАРСТВЕННЫХ ЗАКУПОК СВЕРДЛОВСКОЙ ОБЛАСТИ;20.05.2026;28.05.2026;Определение поставщика отменено;;;01.06.2026;
44-ФЗ;№0162200011826001346;Электронный аукцион;Поставка медицинских расходных материалов;;'262666100878666710100100040223250244;;;8000000.00;RUB;0;;;;;;"ГОСУДАРСТВЕННОЕ БЮДЖЕТНОЕ УЧРЕЖДЕНИЕ ЗДРАВООХРАНЕНИЯ СВЕРДЛОВСКОЙ ОБЛАСТИ ""НАУЧНО-ПРАКТИЧЕСКИЙ ЦЕНТР СПЕЦИАЛИЗИРОВАННЫХ ВИДОВ МЕДИЦИНСКОЙ ПОМОЩИ ""УРАЛЬСКИЙ ИНСТИТУТ КАРДИОЛОГИИ""";ДЕПАРТАМЕНТ ГОСУДАРСТВЕННЫХ ЗАКУПОК СВЕРДЛОВСКОЙ ОБЛАСТИ;18.05.2026;28.05.2026;Закупка завершена;;;26.05.2026;
44-ФЗ;№0348100015526000326;Электронный аукцион;Оказание услуг по дистанционному описанию изображений компьютерной томографии, магнитно-резонансной томографии и маммографии  ФГБУ ЯММЦ ФМБА России на 2026-2027 гг.;;'261504302557791030100100310030000244;;;8744750.00;RUB;0;;;;;;"ФЕДЕРАЛЬНОЕ ГОСУДАРСТВЕННОЕ БЮДЖЕТНОЕ УЧРЕЖДЕНИЕ ""ЯЛТИНСКИЙ МНОГОПРОФИЛЬНЫЙ МЕДИЦИНСКИЙ ЦЕНТР ФЕДЕРАЛЬНОГО МЕДИКО-БИОЛОГИЧЕСКОГО АГЕНТСТВА""";"ФЕДЕРАЛЬНОЕ ГОСУДАРСТВЕННОЕ БЮДЖЕТНОЕ УЧРЕЖДЕНИЕ ""ЯЛТИНСКИЙ МНОГОПРОФИЛЬНЫЙ МЕДИЦИНСКИЙ ЦЕНТР ФЕДЕРАЛЬНОГО МЕДИКО-БИОЛОГИЧЕСКОГО АГЕНТСТВА""";13.05.2026;28.05.2026;Закупка завершена;;;28.05.2026;
44-ФЗ;№0817200000326006312;Открытый конкурс в электронной форме;Выполнение работ по ремонту улично-дорожной сети в Юго-Западной зоне Алтайского края;;263226900353022690100100020024211244, 263220600524622060100100020024211244, 263226700201022670100100080024211244, 263223900079722390100100090024211244, 263228300159922830100100560024211244;;;41006431.00;RUB;0;;;;;;;"КРАЕВОЕ ГОСУДАРСТВЕННОЕ КАЗЕННОЕ УЧРЕЖДЕНИЕ ""ЦЕНТР ГОСУДАРСТВЕННЫХ ЗАКУПОК АЛТАЙСКОГО КРАЯ""";30.04.2026;28.05.2026;Закупка завершена;;;28.05.2026;
44-ФЗ;№0891200000626004896;Открытый конкурс в электронной форме;Выполнение работ на монтажные работы по восстановлению уличного освещения ул. Бабушкина, с. Шелопугино, Устройство уличного освещения ул. Школьная, с. Шелопугино, Устройство уличного освещения ул. Горинская, с. Шелопугино, Устройство уличного освещения ул. Южная, с. Шелопугино, Устройство уличного освещения ул. Первомайская, с. Нижняя Шахтама, Устройство уличного освещения ул. Школьная, с. Копунь, Устройство уличного освещения ул. Новая, ул. Центральная, с. Шивия Шелопугинского муниципального округа Забайкальского края. (00005309-ОК);;'263752600323075260100100080034321244;;;13107452.27;RUB;0;;;;;;"МУНИЦИПАЛЬНОЕ УЧРЕЖДЕНИЕ ""ЦЕНТР БУХГАЛТЕРСКОГО ОБСЛУЖИВАНИЯ И МАТЕРИАЛЬНО-ТЕХНИЧЕСКОГО ОБЕСПЕЧЕНИЯ ШЕЛОПУГИНСКОГО МУНИЦИПАЛЬНОГО ОКРУГА""";"ГОСУДАРСТВЕННОЕ КАЗЕННОЕ УЧРЕЖДЕНИЕ ""ЗАБАЙКАЛЬСКИЙ ЦЕНТР ГОСУДАРСТВЕННЫХ ЗАКУПОК""";05.05.2026;28.05.2026;Закупка завершена;;;25.05.2026;
44-ФЗ;№0373200581926000068;Электронный аукцион;"Электронный аукцион на поставку изделий медицинского назначения (халаты) для нужд ГБУЗ ""ГП №115 ДЗМ"" в 2026г";;'262773425619077340100100820010000244;;;7344400.00;RUB;0;;;;;;"ГОСУДАРСТВЕННОЕ БЮДЖЕТНОЕ УЧРЕЖДЕНИЕ ЗДРАВООХРАНЕНИЯ ГОРОДА МОСКВЫ ""ГОРОДСКАЯ ПОЛИКЛИНИКА № 115 ДЕПАРТАМЕНТА ЗДРАВООХРАНЕНИЯ ГОРОДА МОСКВЫ""";"ГОСУДАРСТВЕННОЕ БЮДЖЕТНОЕ УЧРЕЖДЕНИЕ ЗДРАВООХРАНЕНИЯ ГОРОДА МОСКВЫ ""ГОРОДСКАЯ ПОЛИКЛИНИКА № 115 ДЕПАРТАМЕНТА ЗДРАВООХРАНЕНИЯ ГОРОДА МОСКВЫ""";19.05.2026;28.05.2026;Закупка завершена;;;27.05.2026;
44-ФЗ;№0891200000626004945;Открытый конкурс в электронной форме;Благоустройство территории администрации Газимуро-Заводского муниципального округа (00005396-ОК);;'263750000511275000100100410014299244;;;9005970.00;RUB;0;;;;;;"МУНИЦИПАЛЬНОЕ КАЗЕННОЕ УЧРЕЖДЕНИЕ ""ЦЕНТР БУХГАЛТЕРСКОГО И МАТЕРИАЛЬНО-ТЕХНИЧЕСКОГО ОБЕСПЕЧЕНИЯ ГАЗИМУРО-ЗАВОДСКОГО МУНИЦИПАЛЬНОГО ОКРУГА""";"ГОСУДАРСТВЕННОЕ КАЗЕННОЕ УЧРЕЖДЕНИЕ ""ЗАБАЙКАЛЬСКИЙ ЦЕНТР ГОСУДАРСТВЕННЫХ ЗАКУПОК""";06.05.2026;28.05.2026;Закупка завершена;;;25.05.2026;
223-ФЗ;№32615985139;Запрос предложений в электронной форме, участниками которого могут быть только субъекты малого и среднего предпринимательства;Поставка запасных частей для тракторной техники Т-130, Т-170;;;1;Поставка запасных частей для тракторной техники Т-130, Т-170;7930000.00;RUB;7930000.00;;;;45.31.12.000: Услуги по оптовой торговле прочими автомобильными деталями, узлами и принадлежностями;;"АКЦИОНЕРНОЕ ОБЩЕСТВО ""АВТОТРАНСПОРТНОЕ ХОЗЯЙСТВО""";"АКЦИОНЕРНОЕ ОБЩЕСТВО ""АВТОТРАНСПОРТНОЕ ХОЗЯЙСТВО""";06.05.2026;28.05.2026;Закупка завершена;;;15.05.2026 11:00;
44-ФЗ;№0145300010326000209;Электронный аукцион;Выполнение работ по формированию эстетического облика здания и территории Муниципального бюджетного дошкольного образовательного учреждения  № 15 «Детский сад общеразвивающего вида с приоритетным  осуществлением деятельности по познавательно-речевому развитию детей» г. Кингисеппа (МБДОУ №15 г. Кингисеппа) по адресу: Ленинградская область, Кингисеппский район, г. Кингисепп, пер. Аптекарский, д.4А;;'263470702486047070100100040010000244;;;39774814.41;RUB;0;;;;;;"МУНИЦИПАЛЬНОЕ КАЗЕННОЕ УЧРЕЖДЕНИЕ ""АДМИНИСТРАТИВНО-ХОЗЯЙСТВЕННЫЙ КОМПЛЕКС"" МУНИЦИПАЛЬНОГО ОБРАЗОВАНИЯ ""КИНГИСЕППСКИЙ МУНИЦИПАЛЬНЫЙ РАЙОН"" ЛЕНИНГРАДСКОЙ ОБЛАСТИ";"АДМИНИСТРАЦИЯ МУНИЦИПАЛЬНОГО ОБРАЗОВАНИЯ ""КИНГИСЕППСКИЙ МУНИЦИПАЛЬНЫЙ РАЙОН"" ЛЕНИНГРАДСКОЙ ОБЛАСТИ";18.05.2026;28.05.2026;Закупка завершена;;;26.05.2026;
44-ФЗ;№0171200001926002060;Запрос котировок в электронной форме;Благоустройство дворовой территории многоквартирного дома по адресу: Ярославская область, город Рыбинск, ул. Юбилейная, д. 4 - детская площадка и спортивная площадка;;'263761007736776100100100480014399244;;;5511517.49;RUB;0;;;;;;"МУНИЦИПАЛЬНОЕ БЮДЖЕТНОЕ УЧРЕЖДЕНИЕ ГОРОДСКОГО ОКРУГА ГОРОД РЫБИНСК ЯРОСЛАВСКОЙ ОБЛАСТИ ""УПРАВЛЕНИЕ ГОРОДСКОГО ХОЗЯЙСТВА""";МИНИСТЕРСТВО КОНКУРЕНТНОЙ ПОЛИТИКИ ЯРОСЛАВСКОЙ ОБЛАСТИ;19.05.2026;28.05.2026;Закупка завершена;;;26.05.2026;
44-ФЗ;№0145300010326000193;Открытый конкурс в электронной форме;Ремонт объекта: «Подъезд к дер. Литизно», расположенного по адресу: Ленинградская область, Кингисеппский муниципальный район, Опольевское сельское поселение.;;'263470702504647070100100090014211244;;;10760224.19;RUB;0;;;;;;"МУНИЦИПАЛЬНОЕ КАЗЕННОЕ УЧРЕЖДЕНИЕ ""СЛУЖБА ЗАКАЗЧИКА"" МУНИЦИПАЛЬНОГО ОБРАЗОВАНИЯ ""КИНГИСЕППСКИЙ МУНИЦИПАЛЬНЫЙ РАЙОН"" ЛЕНИНГРАДСКОЙ ОБЛАСТИ";"АДМИНИСТРАЦИЯ МУНИЦИПАЛЬНОГО ОБРАЗОВАНИЯ ""КИНГИСЕППСКИЙ МУНИЦИПАЛЬНЫЙ РАЙОН"" ЛЕНИНГРАДСКОЙ ОБЛАСТИ";08.05.2026;28.05.2026;Закупка завершена;;;25.05.2026;
44-ФЗ;№0119200000126008654;Электронный аукцион;ЭА-№-8458/26 «Поставка изделий для ангиографии»;;'262244300541024430100100100013250244;;;18722400.00;RUB;0;;;;;;"КРАЕВОЕ ГОСУДАРСТВЕННОЕ БЮДЖЕТНОЕ УЧРЕЖДЕНИЕ ЗДРАВООХРАНЕНИЯ ""АЧИНСКАЯ МЕЖРАЙОННАЯ БОЛЬНИЦА""";АГЕНТСТВО ГОСУДАРСТВЕННОГО ЗАКАЗА КРАСНОЯРСКОГО КРАЯ;13.05.2026;28.05.2026;Закупка завершена;;;26.05.2026;
44-ФЗ;№0372500012626000088;Электронный аукцион;Выполнение работ по текущему ремонту служебного помещения по адресу: Санкт-Петербург, вн.тер.г. муниципальный округ Измайловское, ул 8-я Красноармейская, д. 23 литера А (помещение 6Н);;'262780173270778010100101240020000244;;;6831822.65;RUB;0;;;;;;"САНКТ-ПЕТЕРБУРГСКОЕ ГОСУДАРСТВЕННОЕ БЮДЖЕТНОЕ УЧРЕЖДЕНИЕ ""ЦЕНТРАЛЬНОЕ УПРАВЛЕНИЕ РЕГИОНАЛЬНЫХ ДОРОГ И БЛАГОУСТРОЙСТВА""";"САНКТ-ПЕТЕРБУРГСКОЕ ГОСУДАРСТВЕННОЕ БЮДЖЕТНОЕ УЧРЕЖДЕНИЕ ""ЦЕНТРАЛЬНОЕ УПРАВЛЕНИЕ РЕГИОНАЛЬНЫХ ДОРОГ И БЛАГОУСТРОЙСТВА""";21.04.2026;28.05.2026;Закупка завершена;;;29.04.2026;
44-ФЗ;№0380200000126003709;Электронный аукцион на проведение работ по строительству, реконструкции, кап. ремонту, сносу объекта кап. строительства в соответствии с п. 8 ч. 1 ст. 33 Закона № 44-ФЗ;Выполнение работ по установке противопожарной системы АУПС И СОУЭ;;'262190100531019010100106130014321244;;;11330852.11;RUB;0;;;;;;"ГОСУДАРСТВЕННОЕ БЮДЖЕТНОЕ УЧРЕЖДЕНИЕ ЗДРАВООХРАНЕНИЯ РЕСПУБЛИКИ ХАКАСИЯ ""РЕСПУБЛИКАНСКАЯ КЛИНИЧЕСКАЯ БОЛЬНИЦА ИМЕНИ Г.Я. РЕМИШЕВСКОЙ""";ГОСУДАРСТВЕННЫЙ КОМИТЕТ ПО РЕГУЛИРОВАНИЮ КОНТРАКТНОЙ СИСТЕМЫ В СФЕРЕ ЗАКУПОК РЕСПУБЛИКИ ХАКАСИЯ;18.05.2026;28.05.2026;Закупка завершена;;;26.05.2026;
44-ФЗ;№0111300095226000036;Запрос котировок в электронной форме;Услуги по организации и проведению татарского народного праздника «Сабантуй-2026» в Зеленодольском муниципальном районе;;'263164802952316480100100060019499244;;;7439000.00;RUB;0;;;;;;"МУНИЦИПАЛЬНОЕ БЮДЖЕТНОЕ УЧРЕЖДЕНИЕ ""РАЙОННЫЙ КООРДИНАЦИОННО-МЕТОДИЧЕСКИЙ ЦЕНТР КУЛЬТУРЫ"" ЗЕЛЕНОДОЛЬСКОГО МУНИЦИПАЛЬНОГО РАЙОНА";ИСПОЛНИТЕЛЬНЫЙ КОМИТЕТ ЗЕЛЕНОДОЛЬСКОГО МУНИЦИПАЛЬНОГО РАЙОНА;20.05.2026;28.05.2026;Закупка завершена;;;27.05.2026;
44-ФЗ;№0168500000626001900;Электронный аукцион;Техническая поддержка подсистемы «Телемедицинские консультации»;;'262732503135773250100100080016202246;;;10093516.75;RUB;0;;;;;;"ГОСУДАРСТВЕННОЕ УЧРЕЖДЕНИЕ ЗДРАВООХРАНЕНИЯ ""УЛЬЯНОВСКИЙ ОБЛАСТНОЙ МЕДИЦИНСКИЙ ИНФОРМАЦИОННО-АНАЛИТИЧЕСКИЙ ЦЕНТР""";АГЕНТСТВО ГОСУДАРСТВЕННЫХ ЗАКУПОК УЛЬЯНОВСКОЙ ОБЛАСТИ;20.05.2026;28.05.2026;Закупка завершена;;;28.05.2026;
44-ФЗ;№0119200000126008604;Электронный аукцион;"ЭА 9015/26 «Установка ограждения на территории КГБОУ ""Красноярская школа № 5"" по адресу: Красноярский край, г. Красноярск, ул. Московская, 31»";;'262246202271824620100100070014399244;;;6070200.00;RUB;0;;;;;;"КРАЕВОЕ ГОСУДАРСТВЕННОЕ БЮДЖЕТНОЕ ОБЩЕОБРАЗОВАТЕЛЬНОЕ УЧРЕЖДЕНИЕ ""КРАСНОЯРСКАЯ ШКОЛА № 5""";АГЕНТСТВО ГОСУДАРСТВЕННОГО ЗАКАЗА КРАСНОЯРСКОГО КРАЯ;12.05.2026;28.05.2026;Закупка завершена;;;26.05.2026;
44-ФЗ;№0853500000326003163;Открытый конкурс в электронной форме на проведение работ по строительству, реконструкции, кап. ремонту, сносу объекта кап. строительства в соответствии с п. 8 ч. 1 ст. 33 Закона № 44-ФЗ;Капитальный ремонт автомобильных дорог общего пользования по ул.Пролетарская в с.Донское Красногвардейского района Оренбургской области;;'263563100602856310100100070014211243;;;5951120.58;RUB;0;;;;;;АДМИНИСТРАЦИЯ МУНИЦИПАЛЬНОГО ОБРАЗОВАНИЯ ПЛЕШАНОВСКИЙ СЕЛЬСОВЕТ КРАСНОГВАРДЕЙСКОГО РАЙОНА ОРЕНБУРГСКОЙ ОБЛАСТИ;"ГОСУДАРСТВЕННОЕ КАЗЕННОЕ УЧРЕЖДЕНИЕ ОРЕНБУРГСКОЙ ОБЛАСТИ ""ЦЕНТР ОРГАНИЗАЦИИ ЗАКУПОК""";06.05.2026;28.05.2026;Закупка завершена;;;25.05.2026;
44-ФЗ;№0815500000526007569;Электронный аукцион;Поставка материалов для клинико- диагностической лаборатории;;'263212600261021300100102650012120244;;;77014961.83;RUB;0;;;;;;"БЮДЖЕТНОЕ УЧРЕЖДЕНИЕ ЧУВАШСКОЙ РЕСПУБЛИКИ ""ГОРОДСКАЯ КЛИНИЧЕСКАЯ БОЛЬНИЦА №1"" МИНИСТЕРСТВА ЗДРАВООХРАНЕНИЯ ЧУВАШСКОЙ РЕСПУБЛИКИ";"КАЗЕННОЕ УЧРЕЖДЕНИЕ ЧУВАШСКОЙ РЕСПУБЛИКИ ""РЕГИОНАЛЬНЫЙ ЦЕНТР ЗАКУПОК ЧУВАШСКОЙ РЕСПУБЛИКИ""";22.05.2026;28.05.2026;Определение поставщика отменено;;;01.06.2026;
44-ФЗ;№0311300262826000034;Электронный аукцион;Оказание услуг по предоставлению во временное пользование мягкого инвентаря и спецодежды;;'262165901239116590100100420017729244;;;7130277.57;RUB;0;;;;;;"ГОСУДАРСТВЕННОЕ АВТОНОМНОЕ УЧРЕЖДЕНИЕ ЗДРАВООХРАНЕНИЯ ""ЦЕНТРАЛЬНАЯ ГОРОДСКАЯ КЛИНИЧЕСКАЯ БОЛЬНИЦА № 18 ИМЕНИ ПРОФЕССОРА К.Ш. ЗЫЯТДИНОВА"" Г. КАЗАНИ";"ГОСУДАРСТВЕННОЕ АВТОНОМНОЕ УЧРЕЖДЕНИЕ ЗДРАВООХРАНЕНИЯ ""ЦЕНТРАЛЬНАЯ ГОРОДСКАЯ КЛИНИЧЕСКАЯ БОЛЬНИЦА № 18 ИМЕНИ ПРОФЕССОРА К.Ш. ЗЫЯТДИНОВА"" Г. КАЗАНИ";20.05.2026;28.05.2026;Закупка завершена;;;28.05.2026;
44-ФЗ;№0373200014226000282;Открытый конкурс в электронной форме;Выполнение работ по благоустройству территории;;'262773069881777300100100210010000244;;;24104905.09;RUB;0;;;;;;"ГОСУДАРСТВЕННОЕ БЮДЖЕТНОЕ УЧРЕЖДЕНИЕ ГОРОДА МОСКВЫ ""ЖИЛИЩНИК РАЙОНА ФИЛЕВСКИЙ ПАРК""";"ГОСУДАРСТВЕННОЕ КАЗЕННОЕ УЧРЕЖДЕНИЕ ГОРОДА МОСКВЫ ""ДИРЕКЦИЯ ЗАКАЗЧИКА ЖИЛИЩНО-КОММУНАЛЬНОГО ХОЗЯЙСТВА И БЛАГОУСТРОЙСТВА ЗАПАДНОГО АДМИНИСТРАТИВНОГО ОКРУГА""";05.05.2026;28.05.2026;Закупка завершена;;;25.05.2026;
44-ФЗ;№0131200001026002886;Электронный аукцион;2026-03318 - Поставка лекарственного препарата для медицинского применения Даклатасвир;;262366204418936650100100330082120244, 262366401040336640100100060082120244;;;5356109.64;RUB;0;;;;;;;МИНИСТЕРСТВО ПО РЕГУЛИРОВАНИЮ КОНТРАКТНОЙ СИСТЕМЫ В СФЕРЕ ЗАКУПОК ВОРОНЕЖСКОЙ ОБЛАСТИ;18.05.2026;28.05.2026;Закупка завершена;;;26.05.2026;
44-ФЗ;№0373100124326000004;Электронный аукцион;Оказание услуг по уборке и содержанию прилегающей территории;;262773706635977240100100220010000244, 262773600037077250100100170010000244, 262772524764077250100100210010000244;;;11460693.90;RUB;0;;;;;;;"ГОСУДАРСТВЕННОЕ БЮДЖЕТНОЕ ПРОФЕССИОНАЛЬНОЕ ОБРАЗОВАТЕЛЬНОЕ УЧРЕЖДЕНИЕ ГОРОДА МОСКВЫ ""ЮРИДИЧЕСКИЙ КОЛЛЕДЖ""";18.05.2026;28.05.2026;Закупка завершена;;;26.05.2026;
44-ФЗ;№0366200035626002676;Открытый конкурс в электронной форме;Разработка проекта ликвидации объекта накопленного вреда окружающей среде: «Загрязненный участок, Тульская область, МО Богородицкий район, г. Богородицк (Тульская область, в границах кадастрового квартала 71:25:030301)»;;'263711200405271120100100730017112244;;;38000000.00;RUB;0;;;;;;АДМИНИСТРАЦИЯ МУНИЦИПАЛЬНОГО ОБРАЗОВАНИЯ БОГОРОДИЦКИЙ РАЙОН;"ГОСУДАРСТВЕННОЕ КАЗЕННОЕ УЧРЕЖДЕНИЕ ТУЛЬСКОЙ ОБЛАСТИ ""ЦЕНТР ОРГАНИЗАЦИИ ЗАКУПОК""";17.04.2026;28.05.2026;Закупка завершена;;;22.05.2026;
223-ФЗ;№32616052466;Иной способ;Поставка продуктов питания;;;1;Поставка продуктов питания;8000000.00;RUB;8000000.00;;;;10.84.12.130: Майонезы,10.41.54.110: Масло подсолнечное рафинированное, но не подвергнутое химической модификации, расфасованное в потребительскую упаковку,01.47.21.000: Яйца куриные в скорлупе свежие,10.84.30.130: Соль пищевая поваренная йодированная,10.81.12.110: Сахар белый свекловичный в твердом состоянии без вкусоароматических или красящих добавок,10.83.13.120: Чай черный (ферментированный) в упаковках массой не более 3 кг,10.83.11.120: Кофе жареный,10.83.12.120: Экстракты, эссенции и концентраты кофе или заменителей кофе,10.82.13.000: Порошок какао без добавок сахара или других подслащивающих веществ,10.51.51.113: Молоко сгущенное (концентрированное) с сахаром,10.51.12.111: Сливки питьевые пастеризованные,10.39.22.130: Пюре и пасты фруктовые, ягодные и ореховые,10.39.22.110: Джемы, желе фруктовые и ягодные,10.39.16.000: Горох, консервированный без уксуса или уксусной кислоты (кроме готовых блюд из овощей),10.39.17.190: Овощи (кроме картофеля), консервированные без уксуса или уксусной кислоты, прочие (кроме готовых овощных блюд), не включенные в другие группировки,10.39.15.000: Фасоль, консервированная без уксуса или уксусной кислоты (кроме готовых блюд из овощей),10.39.17.112: Паста томатная,10.39.12.000: Овощи (кроме картофеля) и грибы, консервированные для кратковременного хранения,20.13.43.199: Карбонаты прочие, не включенные в другие группировки,10.84.11.000: Уксус и его заменители, получаемые из уксусной кислоты,10.72.11.120: Изделия хлебобулочные сухарные,11.07.11.121: Воды природные питьевые упакованные негазированные,10.32.19.111: Соки из фруктов прямого отжима прочие,01.25.35.000: Орехи грецкие,01.25.39.000: Орехи прочие, не включенные в другие группировки,10.84.12.150: Приправы и пряности смешанные,10.84.22.110: Перец черный дробленый или молотый,10.84.23.164: Лист лавровый обработанный,20.14.34.231: Кислота лимонная,10.72.12.120: Печенье сладкое,10.72.12.130: Вафли и облатки вафельные,10.82.22.139: Конфеты шоколадные, не включенные в другие группировки, прочие,10.20.14.120: Филе морской рыбы мороженое,10.20.25.113: Консервы рыбные в масле,10.20.34.110: Блюда готовые из ракообразных, моллюсков и прочих водных беспозвоночных,10.20.34.126: Консервы из морской капусты,10.20.23.122: Сельдь соленая или в рассоле,01.11.75.110: Зерно гороха,10.61.12.000: Рис полуобрушенный или полностью обрушенный, или дробленый,01.11.61.000: Фасоль овощная,10.73.11.110: Изделия макаронные, изготовленные из муки из твердой пшеницы для макаронных изделий, кроме макаронных изделий с использованием дополнительного сырья,10.61.31.111: Крупа манная,10.61.31.119: Крупа из пшеницы прочая,10.61.33.111: Зерна овса плющеные или переработанные в хлопья,10.61.33.119: Зерна плющеные или переработанные в хлопья прочие, не включенные в другие группировки,10.61.32.113: Крупа гречневая,10.61.32.114: Пшено,10.61.21.113: Мука пшеничная хлебопекарная высшего сорта,10.61.32.115: Крупа ячневая,10.61.32.116: Крупа перловая;;"ГОСУДАРСТВЕННОЕ АВТОНОМНОЕ УЧРЕЖДЕНИЕ РЕСПУБЛИКИ МАРИЙ ЭЛ ""ЛЕЧЕБНО-ОЗДОРОВИТЕЛЬНЫЙ КОМПЛЕКС ""ЛЕСНАЯ СКАЗКА""";"ГОСУДАРСТВЕННОЕ АВТОНОМНОЕ УЧРЕЖДЕНИЕ РЕСПУБЛИКИ МАРИЙ ЭЛ ""ЛЕЧЕБНО-ОЗДОРОВИТЕЛЬНЫЙ КОМПЛЕКС ""ЛЕСНАЯ СКАЗКА""";27.05.2026;28.05.2026;Закупка отменена;;;01.06.2026 10:00;
44-ФЗ;№0848300044526000147;Открытый конкурс в электронной форме;Выполнение работ по текущему ремонту в 2026 году кровли для нужд МБОУ Лицей № 15 г. Химки;;'263504727608150470100100070014391244;;;6520067.30;RUB;0;;;;;;МУНИЦИПАЛЬНОЕ БЮДЖЕТНОЕ ОБЩЕОБРАЗОВАТЕЛЬНОЕ УЧРЕЖДЕНИЕ ЛИЦЕЙ № 15 Г. ХИМКИ;"МУНИЦИПАЛЬНОЕ КАЗЕННОЕ УЧРЕЖДЕНИЕ ""УПРАВЛЕНИЕ ЦЕНТРАЛИЗАЦИИ ЗАКУПОК""";12.05.2026;28.05.2026;Закупка завершена;;;28.05.2026;
44-ФЗ;№0104300014426000443;Открытый конкурс в электронной форме на проведение работ по строительству, реконструкции, кап. ремонту, сносу объекта кап. строительства в соответствии с п. 8 ч. 1 ст. 33 Закона № 44-ФЗ;"""Павильон выставочный зал мемориального комплекса, посвященного 200-летию добровольного вхождения Балкарии в состав Российского государства (пересечение пр. Ленина и ул.Тлостанова в г. Нальчик)""";;'263072502864507250100100270014399414;;;191191191.19;RUB;0;;;;;;"МУНИЦИПАЛЬНОЕ КАЗЕННОЕ УЧРЕЖДЕНИЕ ""УПРАВЛЕНИЕ КАПИТАЛЬНОГО СТРОИТЕЛЬСТВА"" МЕСТНОЙ АДМИНИСТРАЦИИ ГОРОДСКОГО ОКРУГА НАЛЬЧИК";МЕСТНАЯ АДМИНИСТРАЦИЯ ГОРОДСКОГО ОКРУГА НАЛЬЧИК;05.05.2026;28.05.2026;Закупка завершена;;;26.05.2026;
44-ФЗ;№0373200136826000010;Электронный аукцион;Выполнение работ по проведению текущего ремонта зданий и (или) сооружений;;'262773509392877350100100360010000244;;;14258985.35;RUB;0;;;;;;"ГОСУДАРСТВЕННОЕ БЮДЖЕТНОЕ ОБЩЕОБРАЗОВАТЕЛЬНОЕ УЧРЕЖДЕНИЕ ГОРОДА МОСКВЫ ""ШКОЛА № 1557 ИМЕНИ ПЕТРА ЛЕОНИДОВИЧА КАПИЦЫ""";"ГОСУДАРСТВЕННОЕ БЮДЖЕТНОЕ ОБЩЕОБРАЗОВАТЕЛЬНОЕ УЧРЕЖДЕНИЕ ГОРОДА МОСКВЫ ""ШКОЛА № 1557 ИМЕНИ ПЕТРА ЛЕОНИДОВИЧА КАПИЦЫ""";19.05.2026;28.05.2026;Закупка завершена;;;27.05.2026;
44-ФЗ;№0379200000426000114;Электронный аукцион;Реагенты диагностические;;'262090102116509010100101990012120244;;;5392000.00;RUB;0;;;;;;"РЕСПУБЛИКАНСКОЕ ГОСУДАРСТВЕННОЕ БЮДЖЕТНОЕ ЛЕЧЕБНО-ПРОФИЛАКТИЧЕСКОЕ УЧРЕЖДЕНИЕ ""КАРАЧАЕВО-ЧЕРКЕССКАЯ РЕСПУБЛИКАНСКАЯ КЛИНИЧЕСКАЯ БОЛЬНИЦА""";"РЕСПУБЛИКАНСКОЕ ГОСУДАРСТВЕННОЕ БЮДЖЕТНОЕ ЛЕЧЕБНО-ПРОФИЛАКТИЧЕСКОЕ УЧРЕЖДЕНИЕ ""КАРАЧАЕВО-ЧЕРКЕССКАЯ РЕСПУБЛИКАНСКАЯ КЛИНИЧЕСКАЯ БОЛЬНИЦА""";18.05.2026;28.05.2026;Закупка завершена;;;26.05.2026;
44-ФЗ;№0813500000126009934;Запрос котировок в электронной форме;зз-0015-24401 - 2026 Трактор;;'262181800350018380100100090012830244;;;5400000.00;RUB;0;;;;;;"БЮДЖЕТНОЕ ПРОФЕССИОНАЛЬНОЕ ОБРАЗОВАТЕЛЬНОЕ УЧРЕЖДЕНИЕ УДМУРТСКОЙ РЕСПУБЛИКИ ""САРАПУЛЬСКИЙ ПОЛИТЕХНИЧЕСКИЙ КОЛЛЕДЖ""";"ГОСУДАРСТВЕННОЕ КАЗЕННОЕ УЧРЕЖДЕНИЕ УДМУРТСКОЙ РЕСПУБЛИКИ ""РЕГИОНАЛЬНЫЙ ЦЕНТР ЗАКУПОК УДМУРТСКОЙ РЕСПУБЛИКИ""";25.05.2026;28.05.2026;Определение поставщика отменено;;;01.06.2026;
44-ФЗ;№0165300019126000007;Электронный аукцион;Ремонт автомобильной дороги общего пользования местного значения по адресу: Томская область, Томский район, п. Зональная Станция, мкр. Радужный в границах земельного участка с кадастровым номером 70:14:0300092:1238;;'263701404433970140100100150014211244;;;5628682.57;RUB;0;;;;;;АДМИНИСТРАЦИЯ ЗОНАЛЬНЕНСКОГО СЕЛЬСКОГО ПОСЕЛЕНИЯ;АДМИНИСТРАЦИЯ ЗОНАЛЬНЕНСКОГО СЕЛЬСКОГО ПОСЕЛЕНИЯ;18.05.2026;28.05.2026;Закупка завершена;;;26.05.2026;
223-ФЗ;№32616057611;Иной способ;Поставка продуктов питания в ассортименте (свежие овощи, фрукты);;;1;Поставка продуктов питания в ассортименте (свежие овощи, фрукты);20630357.50;RUB;20630357.50;;;;10.39.21.110: Фрукты, свежие или предварительно подвергнутые тепловой обработке, замороженные,01.13.90.000: Овощи свежие, не включенные в другие группировки,10.39.21: Фрукты, ягоды и орехи, свежие или предварительно подвергнутые тепловой обработке, замороженные,01.13: Овощи и культуры бахчевые, корнеплоды и клубнеплоды;;"ФЕДЕРАЛЬНОЕ ГОСУДАРСТВЕННОЕ БЮДЖЕТНОЕ УЧРЕЖДЕНИЕ ""КОМБИНАТ ПИТАНИЯ ""КРЕМЛЕВСКИЙ"" УПРАВЛЕНИЯ ДЕЛАМИ ПРЕЗИДЕНТА РОССИЙСКОЙ ФЕДЕРАЦИИ";"ФЕДЕРАЛЬНОЕ ГОСУДАРСТВЕННОЕ БЮДЖЕТНОЕ УЧРЕЖДЕНИЕ ""КОМБИНАТ ПИТАНИЯ ""КРЕМЛЕВСКИЙ"" УПРАВЛЕНИЯ ДЕЛАМИ ПРЕЗИДЕНТА РОССИЙСКОЙ ФЕДЕРАЦИИ";28.05.2026;28.05.2026;Закупка завершена;;;01.06.2026 14:00;
44-ФЗ;№0332200035226000148;Запрос котировок в электронной форме;Поставка электрической высокооборотной силовой (моторной) системы;;'262526203501752620100100930013250244;;;5520000.00;RUB;0;;;;;;"ГОСУДАРСТВЕННОЕ БЮДЖЕТНОЕ УЧРЕЖДЕНИЕ ЗДРАВООХРАНЕНИЯ НИЖЕГОРОДСКОЙ ОБЛАСТИ ""НИЖЕГОРОДСКАЯ ОБЛАСТНАЯ ДЕТСКАЯ КЛИНИЧЕСКАЯ БОЛЬНИЦА""";"ГОСУДАРСТВЕННОЕ БЮДЖЕТНОЕ УЧРЕЖДЕНИЕ ЗДРАВООХРАНЕНИЯ НИЖЕГОРОДСКОЙ ОБЛАСТИ ""НИЖЕГОРОДСКАЯ ОБЛАСТНАЯ ДЕТСКАЯ КЛИНИЧЕСКАЯ БОЛЬНИЦА""";21.05.2026;28.05.2026;Закупка завершена;;;28.05.2026;
44-ФЗ;№0379200000426000112;Электронный аукцион;Реагенты диагностические;;'262090102116509010100101930012120244;;;13043478.00;RUB;0;;;;;;"РЕСПУБЛИКАНСКОЕ ГОСУДАРСТВЕННОЕ БЮДЖЕТНОЕ ЛЕЧЕБНО-ПРОФИЛАКТИЧЕСКОЕ УЧРЕЖДЕНИЕ ""КАРАЧАЕВО-ЧЕРКЕССКАЯ РЕСПУБЛИКАНСКАЯ КЛИНИЧЕСКАЯ БОЛЬНИЦА""";"РЕСПУБЛИКАНСКОЕ ГОСУДАРСТВЕННОЕ БЮДЖЕТНОЕ ЛЕЧЕБНО-ПРОФИЛАКТИЧЕСКОЕ УЧРЕЖДЕНИЕ ""КАРАЧАЕВО-ЧЕРКЕССКАЯ РЕСПУБЛИКАНСКАЯ КЛИНИЧЕСКАЯ БОЛЬНИЦА""";18.05.2026;28.05.2026;Закупка завершена;;;26.05.2026;
223-ФЗ;№32616057599;Иной способ;Поставка продуктов питания;;;1;Поставка продуктов питания;10000000.00;RUB;10000000.00;;;;01.13.13.000: Капуста цветная и брокколи,10.39.11.000: Овощи (кроме картофеля) и грибы замороженные,10.39.21.120: Ягоды свежие или предварительно подвергнутые тепловой обработке, замороженные,10.39.17.100: Овощи (кроме картофеля), консервированные без уксуса или уксусной кислоты, прочие (кроме готовых овощных блюд),10.31.11.000: Картофель замороженный,01.25.12.000: Малина,10.39.18.110: Овощи (кроме картофеля), приготовленные или консервированные с уксусом или уксусной кислотой,10.20.34.126: Консервы из морской капусты,01.24.27.000: Сливы,10.61.24.000: Смеси для приготовления хлебобулочных и мучных кондитерских изделий,10.39.17.200: Грибы, консервированные без уксуса или уксусной кислоты, прочие,10.39.16.000: Горох, консервированный без уксуса или уксусной кислоты (кроме готовых блюд из овощей),10.39.25.134: Смеси сушеных фруктов (сухой компот),01.24.23.000: Абрикосы,01.22.11.000: Авокадо,01.24.22.000: Айва,01.22.19.000: Плоды тропических и субтропических культур прочие,01.23.13.000: Апельсины,01.13.21.000: Арбузы,01.13.33.000: Баклажаны,01.22.12.000: Бананы,01.30.10.136: Виноград (культура ягодная),10.39.25.131: Виноград сушеный (изюм),01.24.24.000: Вишня,01.25.19.180: Голубика,01.25.90.120: Гранат,01.13.80.000: Грибы и трюфели,01.24.21.000: Груши,01.13.29.000: Культуры бахчевые прочие,01.13.90.000: Овощи свежие, не включенные в другие группировки,10.84.23.161: Имбирь обработанный,01.22.14.000: Инжир,01.13.39.110: Кабачки,01.13.12.190: Капуста прочая,01.13.12.150: Капуста пекинская,01.13.12.120: Капуста белокочанная,01.13.51.120: Картофель столовый поздний,01.13.51.110: Картофель столовый ранний,01.25.11.000: Киви,01.24.29.140: Кизил,01.25.13.000: Земляника (клубника),01.25.90.110: Хурма,01.13.39.120: Кукуруза сахарная,01.23.12.000: Лимоны и лаймы,01.11.61.000: Фасоль овощная,01.13.43.110: Лук репчатый,01.23.14.000: Мандарины, включая танжерины, клементины и аналогичные гибриды цитрусовых культур,01.13.41.110: Морковь столовая,01.24.26.000: Нектарины,01.13.32.000: Огурцы,01.28.11.000: Перец необработанный,01.24.25.000: Персики,01.13.34.000: Томаты (помидоры),01.13.49.130: Редис,01.13.49.120: Редька,01.13.49.110: Свекла столовая,01.13.19.000: Овощи листовые или стебельные прочие,10.39.25.110: Фрукты переработанные,01.13.39.130: Тыквы,01.25.90.130: Фейхоа,01.24.29.110: Черешня,01.13.42.000: Чеснок,01.24.10.000: Яблоки,01.11.83.000: Арахис (орех земляной) лущеный,01.25.39.000: Орехи прочие, не включенные в другие группировки,10.39.21.110: Фрукты, свежие или предварительно подвергнутые тепловой обработке, замороженные,01.11.99.120: Семена масличного мака,01.25.31.000: Миндаль,01.25.35.000: Орехи грецкие,01.22.13.000: Финики,10.39.25.139: Фрукты сушеные прочие,01.27.19.190: Культуры для производства напитков прочие, не включенные в другие группировки,01.11.91.120: Семена льна для переработки,01.13.60.160: Семена тыквенных овощных культур,01.11.95.120: Семена подсолнечника для переработки,01.25.34.000: Фисташки;;"ОБЩЕСТВО С ОГРАНИЧЕННОЙ ОТВЕТСТВЕННОСТЬЮ ""САНАТОРИЙ ""ТАРХАНЫ""";"ОБЩЕСТВО С ОГРАНИЧЕННОЙ ОТВЕТСТВЕННОСТЬЮ ""САНАТОРИЙ ""ТАРХАНЫ""";28.05.2026;28.05.2026;Закупка завершена;;;29.05.2026 09:00;
44-ФЗ;№0119200000126008712;Электронный аукцион;ЭА-№-9130/26 «Электронный аукцион для субъектов малого предпринимательства, социально ориентированных некоммерческих организаций на право заключения контракта на поставку с доставкой говядины охлажденной»;;'262246503087624650100105680011011244;;;9990000.00;RUB;0;;;;;;"КРАЕВОЕ ГОСУДАРСТВЕННОЕ БЮДЖЕТНОЕ УЧРЕЖДЕНИЕ ЗДРАВООХРАНЕНИЯ ""КРАЕВАЯ КЛИНИЧЕСКАЯ БОЛЬНИЦА""";АГЕНТСТВО ГОСУДАРСТВЕННОГО ЗАКАЗА КРАСНОЯРСКОГО КРАЯ;13.05.2026;28.05.2026;Закупка завершена;;;26.05.2026;
44-ФЗ;№0167200003426004246;Запрос котировок в электронной форме;Поставка медицинского изделия: системы ультразвуковой визуализации универсальной, с питанием от сети, ввод в эксплуатацию медицинского изделия, обучение правилам эксплуатации специалистов, эксплуатирующих медицинское изделие;;'262720311621172030100103910012660244;;;6250000.00;RUB;0;;;;;;"ГОСУДАРСТВЕННОЕ БЮДЖЕТНОЕ УЧРЕЖДЕНИЕ ЗДРАВООХРАНЕНИЯ ТЮМЕНСКОЙ ОБЛАСТИ ""ОБЛАСТНАЯ КЛИНИЧЕСКАЯ БОЛЬНИЦА №2""";УПРАВЛЕНИЕ ГОСУДАРСТВЕННЫХ ЗАКУПОК ТЮМЕНСКОЙ ОБЛАСТИ;18.05.2026;28.05.2026;Закупка завершена;;;25.05.2026;
44-ФЗ;№0167200003426004268;Запрос котировок в электронной форме;поставка медицинского изделия: системы ультразвуковой визуализации универсальной, с питанием от сети, ввод в эксплуатацию медицинского изделия, обучение правилам эксплуатации специалистов, эксплуатирующих медицинское изделие;;'262720311621172030100103950012660244;;;5747600.00;RUB;0;;;;;;"ГОСУДАРСТВЕННОЕ БЮДЖЕТНОЕ УЧРЕЖДЕНИЕ ЗДРАВООХРАНЕНИЯ ТЮМЕНСКОЙ ОБЛАСТИ ""ОБЛАСТНАЯ КЛИНИЧЕСКАЯ БОЛЬНИЦА №2""";УПРАВЛЕНИЕ ГОСУДАРСТВЕННЫХ ЗАКУПОК ТЮМЕНСКОЙ ОБЛАСТИ;18.05.2026;28.05.2026;Закупка завершена;;;25.05.2026;
223-ФЗ;№32616056556;Иной способ;Выполнение работ по ремонту участка сети холодного водоснабжения (диаметром 110мм) согласно параметрам ЛСР №399/26    ;;;1;Выполнение работ по ремонту участка сети холодного водоснабжения (диаметром 110мм) согласно параметрам ЛСР №399/26;9871486.28;RUB;9871486.28;;;;42.21.22.110: Работы строительные по прокладке местных трубопроводов воды или сточных вод;;"ОБЩЕСТВО С ОГРАНИЧЕННОЙ ОТВЕТСТВЕННОСТЬЮ ""ВОДОКАНАЛ-НТ""";"ОБЩЕСТВО С ОГРАНИЧЕННОЙ ОТВЕТСТВЕННОСТЬЮ ""ВОДОКАНАЛ-НТ""";28.05.2026;28.05.2026;Закупка завершена;;;28.05.2026 13:45;
44-ФЗ;№0111300095226000035;Электронный аукцион;Выполнение работ по содержанию дорожного полотна и содержанию объектов благоустройства на территории г. Зеленодольск ;;'263164801786316480100100360018129244;;;33421886.97;RUB;0;;;;;;ИСПОЛНИТЕЛЬНЫЙ КОМИТЕТ ЗЕЛЕНОДОЛЬСКОГО МУНИЦИПАЛЬНОГО РАЙОНА;ИСПОЛНИТЕЛЬНЫЙ КОМИТЕТ ЗЕЛЕНОДОЛЬСКОГО МУНИЦИПАЛЬНОГО РАЙОНА;20.05.2026;28.05.2026;Закупка завершена;;;28.05.2026;
44-ФЗ;№2100700002926000008;Электронный аукцион для торгов по обращению с твердыми коммунальными отходами;Оказание услуг по транспортированию твердых коммунальных отходов в городском округе Воротынский (правобережье) Нижегородской области;;;;;43254899.04;RUB;0;;;;;;"ОБЩЕСТВО С ОГРАНИЧЕННОЙ ОТВЕТСТВЕННОСТЬЮ ""МСК-НТ""";"ОБЩЕСТВО С ОГРАНИЧЕННОЙ ОТВЕТСТВЕННОСТЬЮ ""МСК-НТ""";18.05.2026;28.05.2026;Закупка завершена;;;26.05.2026;
44-ФЗ;№0187300006526000672;Открытый конкурс в электронной форме;Выполнение работ по строительству объекта: «Автомобильная дорога по ул. Железнодорожная в г. Сургуте»;;'263860200320486020100100570034211414;;;81669490.21;RUB;0;;;;;;"МУНИЦИПАЛЬНОЕ КАЗЕННОЕ УЧРЕЖДЕНИЕ ""УПРАВЛЕНИЕ КАПИТАЛЬНОГО СТРОИТЕЛЬСТВА""";АДМИНИСТРАЦИЯ ГОРОДА СУРГУТА;05.05.2026;28.05.2026;Закупка завершена;;;21.05.2026;
44-ФЗ;№0373100047426000410;Электронный аукцион;"Поставка медицинских изделий для нужд  ФГБУ ""НМХЦ им. Н.И. Пирогова"" Минздрава России";;'261773310856977190100100171523250244;;;10000000.00;RUB;0;;;;;;"ФЕДЕРАЛЬНОЕ ГОСУДАРСТВЕННОЕ БЮДЖЕТНОЕ УЧРЕЖДЕНИЕ ""НАЦИОНАЛЬНЫЙ МЕДИКО-ХИРУРГИЧЕСКИЙ ЦЕНТР ИМЕНИ Н.И.ПИРОГОВА"" МИНИСТЕРСТВА ЗДРАВООХРАНЕНИЯ РОССИЙСКОЙ ФЕДЕРАЦИИ";"ФЕДЕРАЛЬНОЕ ГОСУДАРСТВЕННОЕ БЮДЖЕТНОЕ УЧРЕЖДЕНИЕ ""НАЦИОНАЛЬНЫЙ МЕДИКО-ХИРУРГИЧЕСКИЙ ЦЕНТР ИМЕНИ Н.И.ПИРОГОВА"" МИНИСТЕРСТВА ЗДРАВООХРАНЕНИЯ РОССИЙСКОЙ ФЕДЕРАЦИИ";15.05.2026;28.05.2026;Закупка завершена;;;26.05.2026;
44-ФЗ;№2100700002926000009;Электронный аукцион для торгов по обращению с твердыми коммунальными отходами;Оказание услуг по транспортированию твердых коммунальных отходов в муниципальных округах: Сеченовский, Спасский и Краснооктябрьский Нижегородской области;;;;;87892336.75;RUB;0;;;;;;"ОБЩЕСТВО С ОГРАНИЧЕННОЙ ОТВЕТСТВЕННОСТЬЮ ""МСК-НТ""";"ОБЩЕСТВО С ОГРАНИЧЕННОЙ ОТВЕТСТВЕННОСТЬЮ ""МСК-НТ""";18.05.2026;28.05.2026;Закупка завершена;;;26.05.2026;
44-ФЗ;№2100700002926000011;Электронный аукцион для торгов по обращению с твердыми коммунальными отходами;Оказание услуг  по транспортированию твердых коммунальных отходов в муниципальных округах: Сергачский, Пильненский и Большеболдинский Нижегородской области;;;;;155338905.92;RUB;0;;;;;;"ОБЩЕСТВО С ОГРАНИЧЕННОЙ ОТВЕТСТВЕННОСТЬЮ ""МСК-НТ""";"ОБЩЕСТВО С ОГРАНИЧЕННОЙ ОТВЕТСТВЕННОСТЬЮ ""МСК-НТ""";18.05.2026;28.05.2026;Закупка завершена;;;26.05.2026;
44-ФЗ;№2100700002926000007;Электронный аукцион для торгов по обращению с твердыми коммунальными отходами;Оказание услуг по транспортированию твердых коммунальных отходов в муниципальных округах: Лысковский (правобережье), Княгининский и Бутурлинский Нижегородской области;;;;;165598058.52;RUB;0;;;;;;"ОБЩЕСТВО С ОГРАНИЧЕННОЙ ОТВЕТСТВЕННОСТЬЮ ""МСК-НТ""";"ОБЩЕСТВО С ОГРАНИЧЕННОЙ ОТВЕТСТВЕННОСТЬЮ ""МСК-НТ""";18.05.2026;28.05.2026;Закупка завершена;;;26.05.2026;
44-ФЗ;№0358300132526000497;Электронный аукцион;Поставка бумаги для офисной техники;;'262616410011861640100100410011712244;;;5580000.00;RUB;0;;;;;;"ГОСУДАРСТВЕННОЕ БЮДЖЕТНОЕ УЧРЕЖДЕНИЕ РОСТОВСКОЙ ОБЛАСТИ ""КЛИНИКО-ДИАГНОСТИЧЕСКИЙ ЦЕНТР ""ЗДОРОВЬЕ"" В Г. РОСТОВЕ-НА-ДОНУ";"ГОСУДАРСТВЕННОЕ БЮДЖЕТНОЕ УЧРЕЖДЕНИЕ РОСТОВСКОЙ ОБЛАСТИ ""КЛИНИКО-ДИАГНОСТИЧЕСКИЙ ЦЕНТР ""ЗДОРОВЬЕ"" В Г. РОСТОВЕ-НА-ДОНУ";20.05.2026;28.05.2026;Закупка завершена;;;28.05.2026;
44-ФЗ;№2100700002926000006;Электронный аукцион для торгов по обращению с твердыми коммунальными отходами;Оказание услуг по транспортированию твердых коммунальных отходов в Починковском муниципальном округе Нижегородской области;;;;;44286067.34;RUB;0;;;;;;"ОБЩЕСТВО С ОГРАНИЧЕННОЙ ОТВЕТСТВЕННОСТЬЮ ""МСК-НТ""";"ОБЩЕСТВО С ОГРАНИЧЕННОЙ ОТВЕТСТВЕННОСТЬЮ ""МСК-НТ""";18.05.2026;28.05.2026;Закупка завершена;;;26.05.2026;
44-ФЗ;№2100700002926000005;Электронный аукцион для торгов по обращению с твердыми коммунальными отходами;Оказание услуг  по транспортированию твердых коммунальных отходов в муниципальном образовании г. Арзамас, Арзамасском районе и Вадском муниципальном округе Нижегородской области;;;;;126899623.92;RUB;0;;;;;;"ОБЩЕСТВО С ОГРАНИЧЕННОЙ ОТВЕТСТВЕННОСТЬЮ ""МСК-НТ""";"ОБЩЕСТВО С ОГРАНИЧЕННОЙ ОТВЕТСТВЕННОСТЬЮ ""МСК-НТ""";18.05.2026;28.05.2026;Закупка завершена;;;26.05.2026;
44-ФЗ;№0335300000226000285;Электронный аукцион;Соль для промышленных целей;;'263390635362839060100101050010893244;;;87500000.00;RUB;0;;;;;;"МУНИЦИПАЛЬНОЕ БЮДЖЕТНОЕ УЧРЕЖДЕНИЕ ""ЧИСТОТА"" ГОРОДСКОГО ОКРУГА ""ГОРОД КАЛИНИНГРАД""";"КОМИТЕТ ПО ФИНАНСАМ АДМИНИСТРАЦИИ ГОРОДСКОГО ОКРУГА ""ГОРОД КАЛИНИНГРАД""";18.05.2026;28.05.2026;Закупка завершена;;;26.05.2026;
44-ФЗ;№0167200003426004405;Запрос котировок в электронной форме;поставка медицинского изделия: дрель/пила хирургическая универсальная, с питанием от перезаряжаемой аккумуляторной батареи, ввод в эксплуатацию медицинского изделия, обучение правилам эксплуатации специалистов, эксплуатирующих медицинское изделие;;'262720311621172030100104040013250244;;;7500000.00;RUB;0;;;;;;"ГОСУДАРСТВЕННОЕ БЮДЖЕТНОЕ УЧРЕЖДЕНИЕ ЗДРАВООХРАНЕНИЯ ТЮМЕНСКОЙ ОБЛАСТИ ""ОБЛАСТНАЯ КЛИНИЧЕСКАЯ БОЛЬНИЦА №2""";УПРАВЛЕНИЕ ГОСУДАРСТВЕННЫХ ЗАКУПОК ТЮМЕНСКОЙ ОБЛАСТИ;21.05.2026;28.05.2026;Закупка завершена;;;28.05.2026;
44-ФЗ;№0387200005526000073;Электронный аукцион;Аренда паллетомест с поддонами;;'262860200023586020100102040016820244;;;9951725.00;RUB;0;;;;;;"БЮДЖЕТНОЕ УЧРЕЖДЕНИЕ ХАНТЫ-МАНСИЙСКОГО АВТОНОМНОГО ОКРУГА - ЮГРЫ ""СУРГУТСКАЯ КЛИНИЧЕСКАЯ ПСИХОНЕВРОЛОГИЧЕСКАЯ БОЛЬНИЦА""";"БЮДЖЕТНОЕ УЧРЕЖДЕНИЕ ХАНТЫ-МАНСИЙСКОГО АВТОНОМНОГО ОКРУГА - ЮГРЫ ""СУРГУТСКАЯ КЛИНИЧЕСКАЯ ПСИХОНЕВРОЛОГИЧЕСКАЯ БОЛЬНИЦА""";19.05.2026;28.05.2026;Закупка завершена;;;27.05.2026;
44-ФЗ;№0372200230126000003;Открытый конкурс в электронной форме;Оказание услуг по организации и обеспечению охраны на стационарных постах для нужд ГБОУ «СПб губернаторский ФМЛ № 30» в 2026-2027 годах;;'262780113644778010100100050018010244;;;8842176.00;RUB;0;;;;;;"ГОСУДАРСТВЕННОЕ БЮДЖЕТНОЕ ОБЩЕОБРАЗОВАТЕЛЬНОЕ УЧРЕЖДЕНИЕ ""САНКТ-ПЕТЕРБУРГСКИЙ ГУБЕРНАТОРСКИЙ ФИЗИКО-МАТЕМАТИЧЕСКИЙ ЛИЦЕЙ № 30""";"ГОСУДАРСТВЕННОЕ БЮДЖЕТНОЕ ОБЩЕОБРАЗОВАТЕЛЬНОЕ УЧРЕЖДЕНИЕ ""САНКТ-ПЕТЕРБУРГСКИЙ ГУБЕРНАТОРСКИЙ ФИЗИКО-МАТЕМАТИЧЕСКИЙ ЛИЦЕЙ № 30""";06.05.2026;28.05.2026;Закупка завершена;;;22.05.2026;
44-ФЗ;№0367100010726000010;Электронный аукцион;Выполнение работ по капитальному ремонту помещений 5 этажа общежития №4 ФГБОУ ВО «Тюменский ГМУ»  Минздрава России, расположенного по адресу: г. Тюмень, ул. Одесская, д. 48;;'261720300101072030100100070010000243;;;9497743.24;RUB;0;;;;;;"ФЕДЕРАЛЬНОЕ ГОСУДАРСТВЕННОЕ БЮДЖЕТНОЕ ОБРАЗОВАТЕЛЬНОЕ УЧРЕЖДЕНИЕ ВЫСШЕГО ОБРАЗОВАНИЯ ""ТЮМЕНСКИЙ ГОСУДАРСТВЕННЫЙ МЕДИЦИНСКИЙ УНИВЕРСИТЕТ"" МИНИСТЕРСТВА ЗДРАВООХРАНЕНИЯ РОССИЙСКОЙ ФЕДЕРАЦИИ";"ФЕДЕРАЛЬНОЕ ГОСУДАРСТВЕННОЕ БЮДЖЕТНОЕ ОБРАЗОВАТЕЛЬНОЕ УЧРЕЖДЕНИЕ ВЫСШЕГО ОБРАЗОВАНИЯ ""ТЮМЕНСКИЙ ГОСУДАРСТВЕННЫЙ МЕДИЦИНСКИЙ УНИВЕРСИТЕТ"" МИНИСТЕРСТВА ЗДРАВООХРАНЕНИЯ РОССИЙСКОЙ ФЕДЕРАЦИИ";18.05.2026;28.05.2026;Закупка завершена;;;27.05.2026;
44-ФЗ;№2100700002926000002;Электронный аукцион для торгов по обращению с твердыми коммунальными отходами;Оказание услуг по транспортированию твердых коммунальных отходов в муниципальном образовании городской округ г. Саров и Вознесенском муниципальном округе Нижегородской области;;;;;68665934.23;RUB;0;;;;;;"ОБЩЕСТВО С ОГРАНИЧЕННОЙ ОТВЕТСТВЕННОСТЬЮ ""МСК-НТ""";"ОБЩЕСТВО С ОГРАНИЧЕННОЙ ОТВЕТСТВЕННОСТЬЮ ""МСК-НТ""";18.05.2026;28.05.2026;Закупка завершена;;;26.05.2026;
44-ФЗ;№0367100010726000011;Электронный аукцион;Выполнение работ по капитальному ремонту помещений второго этажа (правое крыло) учебного корпуса №1 ФГБОУ ВО Тюменский ГМУ Минздрава России по адресу: г.Тюмень, ул.Одесская,52;;'261720300101072030100100070020000243;;;9518958.83;RUB;0;;;;;;"ФЕДЕРАЛЬНОЕ ГОСУДАРСТВЕННОЕ БЮДЖЕТНОЕ ОБРАЗОВАТЕЛЬНОЕ УЧРЕЖДЕНИЕ ВЫСШЕГО ОБРАЗОВАНИЯ ""ТЮМЕНСКИЙ ГОСУДАРСТВЕННЫЙ МЕДИЦИНСКИЙ УНИВЕРСИТЕТ"" МИНИСТЕРСТВА ЗДРАВООХРАНЕНИЯ РОССИЙСКОЙ ФЕДЕРАЦИИ";"ФЕДЕРАЛЬНОЕ ГОСУДАРСТВЕННОЕ БЮДЖЕТНОЕ ОБРАЗОВАТЕЛЬНОЕ УЧРЕЖДЕНИЕ ВЫСШЕГО ОБРАЗОВАНИЯ ""ТЮМЕНСКИЙ ГОСУДАРСТВЕННЫЙ МЕДИЦИНСКИЙ УНИВЕРСИТЕТ"" МИНИСТЕРСТВА ЗДРАВООХРАНЕНИЯ РОССИЙСКОЙ ФЕДЕРАЦИИ";18.05.2026;28.05.2026;Закупка завершена;;;27.05.2026;
44-ФЗ;№2100700002926000004;Электронный аукцион для торгов по обращению с твердыми коммунальными отходами;Оказание услуг по транспортированию твердых коммунальных отходов в муниципальном образовании городской округ Перевозский и Дальнеконстантиновском муниципальном округе Нижегородской области;;;;;73669754.56;RUB;0;;;;;;"ОБЩЕСТВО С ОГРАНИЧЕННОЙ ОТВЕТСТВЕННОСТЬЮ ""МСК-НТ""";"ОБЩЕСТВО С ОГРАНИЧЕННОЙ ОТВЕТСТВЕННОСТЬЮ ""МСК-НТ""";18.05.2026;28.05.2026;Закупка завершена;;;26.05.2026;
44-ФЗ;№2100700002926000012;Электронный аукцион для торгов по обращению с твердыми коммунальными отходами;Оказание услуг по транспортированию твердых коммунальных отходов в муниципальном округе Большемурашкинский Нижегородской области;;;;;30670543.20;RUB;0;;;;;;"ОБЩЕСТВО С ОГРАНИЧЕННОЙ ОТВЕТСТВЕННОСТЬЮ ""МСК-НТ""";"ОБЩЕСТВО С ОГРАНИЧЕННОЙ ОТВЕТСТВЕННОСТЬЮ ""МСК-НТ""";18.05.2026;28.05.2026;Закупка завершена;;;26.05.2026;
44-ФЗ;№2100700002926000010;Электронный аукцион для торгов по обращению с твердыми коммунальными отходами;Оказание услуг по транспортированию твердых коммунальных отходов в муниципальном округе Гагинский Нижегородской области;;;;;22265477.77;RUB;0;;;;;;"ОБЩЕСТВО С ОГРАНИЧЕННОЙ ОТВЕТСТВЕННОСТЬЮ ""МСК-НТ""";"ОБЩЕСТВО С ОГРАНИЧЕННОЙ ОТВЕТСТВЕННОСТЬЮ ""МСК-НТ""";18.05.2026;28.05.2026;Закупка завершена;;;26.05.2026;
44-ФЗ;№0335300000226000290;Электронный аукцион;"Работы по обеспечению безопасности дорожного движения (установка комплекса автоматической фотовидеофиксации нарушений правил дорожного движения для обеспечения контроля дорожного движения) в границах городского округа ""Город Калининград"".";;'263390460589439060100100560014211244;;;5896666.66;RUB;0;;;;;;"МУНИЦИПАЛЬНОЕ КАЗЕННОЕ УЧРЕЖДЕНИЕ ""ГОРОДСКОЕ ДОРОЖНОЕ СТРОИТЕЛЬСТВО И РЕМОНТ"" ГОРОДСКОГО ОКРУГА ""ГОРОД КАЛИНИНГРАД""";"КОМИТЕТ ПО ФИНАНСАМ АДМИНИСТРАЦИИ ГОРОДСКОГО ОКРУГА ""ГОРОД КАЛИНИНГРАД""";19.05.2026;28.05.2026;Закупка завершена;;;27.05.2026;
223-ФЗ;№32615957829;Иной способ;"Выполнение строительно-монтажных, пусконаладочных и иных работ при подключении к системам теплоснабжения ПАО «МОЭК» комплексной застройки - объектов капитального строительства «Жилой комплекс многоэтажных домов с подземным паркингом и нежилыми встроенными помещениями на первых этажах, в том числе дошкольная образовательная организация на 100 мест и помещениями свободного назначения», расположенных по адресу: Российская Федерация, город Москва, вн. тер.г. муниципальный округ Рязанский, проспект Рязанский земельный участок 26/6; Российская Федерация, город Москва, вн. тер.г. муниципальный округ Рязанский, улица Окская, земельный участок 9А; Российская Федерация, город Москва, вн. тер.г. муниципальный округ Рязанский, ул. Окская, земельный участок 11А с кадастровыми номерами: 77:04:0002006:20868, 77:04:0002006:18978, 77:04:0002006:18979  и на реконструкцию тепловых сетей 2Д 800 мм на 2Д 1000 мм от тепловой камеры к.309 до тепловой камеры к.803а (2 этап), через тепловые камеры к.801, к.803 для подключения существующих и перспективных потребителей, в том числе, но не исключительно для условий подключения № Т-УП1-01-250904/6 (26VP1265)";;;1;"Выполнение строительно-монтажных, пусконаладочных и иных работ при подключении к системам теплоснабжения ПАО «МОЭК» комплексной застройки - объектов капитального строительства «Жилой комплекс многоэтажных домов с подземным паркингом и нежилыми встроенными помещениями на первых этажах, в том числе дошкольная образовательная организация на 100 мест и помещениями свободного назначения», расположенных по адресу: Российская Федерация, город Москва, вн. тер.г. муниципальный округ Рязанский, проспект Рязанский земельный участок 26/6; Российская Федерация, город Москва, вн. тер.г. муниципальный округ Рязанский, улица Окская, земельный участок 9А; Российская Федерация, город Москва, вн. тер.г. муниципальный округ Рязанский, ул. Окская, земельный участок 11А с кадастровыми номерами: 77:04:0002006:20868, 77:04:0002006:18978, 77:04:0002006:18979  и на реконструкцию тепловых сетей 2Д 800 мм на 2Д 1000 мм от тепловой камеры к.309 до тепловой камеры к.803а (2 этап), через тепловые камеры к.801, к.803 для подключения существующих и перспективных потребителей, в том числе, но не исключительно для условий подключения № Т-УП1-01-250904/6";142323635.41;RUB;142323635.41;;;;41.20.20.710: Сооружения электрических и тепловых сетей;;"ПУБЛИЧНОЕ АКЦИОНЕРНОЕ ОБЩЕСТВО ""МОСКОВСКАЯ ОБЪЕДИНЕННАЯ ЭНЕРГЕТИЧЕСКАЯ КОМПАНИЯ""";"ПУБЛИЧНОЕ АКЦИОНЕРНОЕ ОБЩЕСТВО ""МОСКОВСКАЯ ОБЪЕДИНЕННАЯ ЭНЕРГЕТИЧЕСКАЯ КОМПАНИЯ""";28.04.2026;28.05.2026;Закупка завершена;;;07.05.2026 14:00;
223-ФЗ;№32615927252;Конкурс в электронной форме, участниками которого могут быть только субъекты малого и среднего предпринимательства;"К №26-40-ОЭ на право заключения договора на поставку пунктов коммерческого учета 35 кВ для нужд филиала ПАО ""Россети Сибирь"" - ""Омскэнерго""";;;1;Поставка пунктов коммерческого учета 35 кВ;5309975.58;RUB;5309975.58;;;;26.51.43.120: Системы информационные электроизмерительные, комплексы измерительно-вычислительные и установки для измерения электрических и магнитных величин;;"ПУБЛИЧНОЕ АКЦИОНЕРНОЕ ОБЩЕСТВО ""РОССЕТИ СИБИРЬ""";"ПУБЛИЧНОЕ АКЦИОНЕРНОЕ ОБЩЕСТВО ""РОССЕТИ СИБИРЬ""";20.04.2026;28.05.2026;Закупка завершена;;;28.04.2026 15:30;
44-ФЗ;№0187300008126000269;Электронный аукцион;"Работы по благоустройству территорий муниципальных общеобразовательных организаций, включая обустройство и (или) ремонт, оснащение плоскостных спортивных сооружений, развивающих площадок МАОУ г. Нягани ""ОСШ №3""";;'263861002446286100100100430014399244;;;108793643.53;RUB;0;;;;;;"МУНИЦИПАЛЬНОЕ КАЗЕННОЕ УЧРЕЖДЕНИЕ СТРОИТЕЛЬСТВА ГОРОДА НЯГАНИ ""УПРАВЛЕНИЕ КАПИТАЛЬНОГО СТРОИТЕЛЬСТВА И РЕКОНСТРУКЦИИ""";АДМИНИСТРАЦИЯ ГОРОДА НЯГАНИ;15.05.2026;28.05.2026;Закупка завершена;;;27.05.2026;
44-ФЗ;№0173100007826000009;Электронный аукцион;Изготовление и поставка ведомственных наград Федеральной налоговой службы;;'261770732915277070100100480010000244;;;5980933.80;RUB;0;;;;;;ФЕДЕРАЛЬНАЯ НАЛОГОВАЯ СЛУЖБА;ФЕДЕРАЛЬНАЯ НАЛОГОВАЯ СЛУЖБА;15.05.2026;28.05.2026;Закупка завершена;;;26.05.2026;
44-ФЗ;№0119200000126008594;Электронный аукцион;ЭА-№-8900/26 «Поставка оборудования VipNet»;;'262246622644824600100102890012620244;;;18074200.00;RUB;0;;;;;;"КРАЕВОЕ ГОСУДАРСТВЕННОЕ КАЗЕННОЕ УЧРЕЖДЕНИЕ ""ЦЕНТР ИНФОРМАЦИОННЫХ ТЕХНОЛОГИЙ КРАСНОЯРСКОГО КРАЯ""";АГЕНТСТВО ГОСУДАРСТВЕННОГО ЗАКАЗА КРАСНОЯРСКОГО КРАЯ;12.05.2026;28.05.2026;Закупка завершена;;;27.05.2026;
44-ФЗ;№0172300001526000011;Электронный аукцион;Организация благоустройства и осуществление работ в сфере озеленения на территории МО Невская застава в 2026 году.;;'263781133382178110100100230010000244;;;32821976.84;RUB;0;;;;;;МЕСТНАЯ АДМИНИСТРАЦИЯ ВНУТРИГОРОДСКОГО МУНИЦИПАЛЬНОГО ОБРАЗОВАНИЯ ГОРОДА ФЕДЕРАЛЬНОГО ЗНАЧЕНИЯ САНКТ-ПЕТЕРБУРГА МУНИЦИПАЛЬНЫЙ ОКРУГ НЕВСКАЯ ЗАСТАВА;МЕСТНАЯ АДМИНИСТРАЦИЯ ВНУТРИГОРОДСКОГО МУНИЦИПАЛЬНОГО ОБРАЗОВАНИЯ ГОРОДА ФЕДЕРАЛЬНОГО ЗНАЧЕНИЯ САНКТ-ПЕТЕРБУРГА МУНИЦИПАЛЬНЫЙ ОКРУГ НЕВСКАЯ ЗАСТАВА;19.05.2026;28.05.2026;Закупка завершена;;;27.05.2026;
223-ФЗ;№32615950389;Иной способ;"Выполнение строительно-монтажных, пусконаладочных и иных работ при подключении к системам теплоснабжения ПАО «МОЭК» комплексной застройки - объектов капитального строительства «Жилой комплекс многоэтажных домов с подземным паркингом и нежилыми встроенными помещениями на первых этажах, в том числе дошкольная образовательная организация на 100 мест и помещениями свободного назначения», расположенных по адресу: Российская Федерация, город Москва, вн. тер.г. муниципальный округ Рязанский, проспект Рязанский земельный участок 26/6; Российская Федерация, город Москва, вн. тер.г. муниципальный округ Рязанский, улица Окская, земельный участок 9А; Российская Федерация, город Москва, вн. тер.г. муниципальный округ Рязанский, ул. Окская, земельный участок 11А с кадастровыми номерами: 77:04:0002006:20868, 77:04:0002006:18978, 77:04:0002006:18979  и на реконструкцию тепловых сетей 2Д 600 мм на 2Д 700 мм от тепловой камеры к.825 до тепловой камеры к.830 (1 этап), через тепловые камеры к.826а, к.826, к.827, к.828, к.829 для подключения существующих и перспективных потребителей, в том числе, но не исключительно для условий подключения № Т-УП1-01-250904/6 (26VP1251)";;;1;"Выполнение строительно-монтажных, пусконаладочных и иных работ при подключении к системам теплоснабжения ПАО «МОЭК» комплексной застройки - объектов капитального строительства «Жилой комплекс многоэтажных домов с подземным паркингом и нежилыми встроенными помещениями на первых этажах, в том числе дошкольная образовательная организация на 100 мест и помещениями свободного назначения», расположенных по адресу: Российская Федерация, город Москва, вн. тер.г. муниципальный округ Рязанский, проспект Рязанский земельный участок 26/6; Российская Федерация, город Москва, вн. тер.г. муниципальный округ Рязанский, улица Окская, земельный участок 9А; Российская Федерация, город Москва, вн. тер.г. муниципальный округ Рязанский, ул. Окская, земельный участок 11А с кадастровыми номерами: 77:04:0002006:20868, 77:04:0002006:18978, 77:04:0002006:18979  и на реконструкцию тепловых сетей 2Д 600 мм на 2Д 700 мм от тепловой камеры к.825 до тепловой камеры к.830 (1 этап), через тепловые камеры к.826а, к.826, к.827, к.828, к.829 для подключения существующих и перспективных потребителей, в том числе, но не исключительно для условий подключения № Т-УП1-01-250904/6";149281723.19;RUB;149281723.19;;;;41.20.20.710: Сооружения электрических и тепловых сетей;;"ПУБЛИЧНОЕ АКЦИОНЕРНОЕ ОБЩЕСТВО ""МОСКОВСКАЯ ОБЪЕДИНЕННАЯ ЭНЕРГЕТИЧЕСКАЯ КОМПАНИЯ""";"ПУБЛИЧНОЕ АКЦИОНЕРНОЕ ОБЩЕСТВО ""МОСКОВСКАЯ ОБЪЕДИНЕННАЯ ЭНЕРГЕТИЧЕСКАЯ КОМПАНИЯ""";24.04.2026;28.05.2026;Закупка завершена;;;05.05.2026 14:00;
44-ФЗ;№0806500000226000390;Электронный аукцион;Оказание услуг по предоставлению кредита на обеспечение источников финансирования дефицита бюджета Республики Карелия и (или) погашение долговых обязательств Республики Карелия (уплата процентов за пользование кредитом);;'262100104059010010100100230196419720;;;94454794.53;RUB;0;;;;;;МИНИСТЕРСТВО ФИНАНСОВ РЕСПУБЛИКИ КАРЕЛИЯ;"ГОСУДАРСТВЕННОЕ КАЗЕННОЕ УЧРЕЖДЕНИЕ РЕСПУБЛИКИ КАРЕЛИЯ ""ЦЕНТР ОРГАНИЗАЦИИ ЗАКУПОК РЕСПУБЛИКИ КАРЕЛИЯ И МОНИТОРИНГА В СФЕРЕ ЭКОНОМИКИ""";15.05.2026;28.05.2026;Закупка завершена;;;28.05.2026;
44-ФЗ;№0121600018126000055;Запрос котировок в электронной форме;Поставка и монтаж спортивно-технологического оборудования для создания «умной» спортивной площадки.;;'263261080006526100100100050010000244;;;8938472.06;RUB;0;;;;;;"МУНИЦИПАЛЬНОЕ УЧРЕЖДЕНИЕ КОЧУБЕЕВСКОГО МУНИЦИПАЛЬНОГО ОКРУГА СТАВРОПОЛЬСКОГО КРАЯ ""СПОРТИВНЫЙ КОМПЛЕКС ""УРОЖАЙ""";АДМИНИСТРАЦИЯ КОЧУБЕЕВСКОГО МУНИЦИПАЛЬНОГО ОКРУГА СТАВРОПОЛЬСКОГО КРАЯ;24.04.2026;28.05.2026;Определение поставщика отменено;;;28.05.2026;
44-ФЗ;№0373200068626000292;Электронный аукцион;Оказание услуг по проведению расчетов по операциям оплаты товаров/услуг (эквайринг);;'262771464495977140100100130010000244;;;23041140.00;RUB;0;;;;;;"ГОСУДАРСТВЕННОЕ БЮДЖЕТНОЕ УЧРЕЖДЕНИЕ ГОРОДА МОСКВЫ ""СПОРТИВНЫЙ КОМПЛЕКС ""МЕГАСПОРТ"" ДЕПАРТАМЕНТА СПОРТА ГОРОДА МОСКВЫ";"ГОСУДАРСТВЕННОЕ КАЗЕННОЕ УЧРЕЖДЕНИЕ ГОРОДА МОСКВЫ ""СЛУЖБА МОНИТОРИНГА И ТЕХНИЧЕСКОГО КОНТРОЛЯ"" ДЕПАРТАМЕНТА СПОРТА ГОРОДА МОСКВЫ";18.05.2026;28.05.2026;Закупка завершена;;;26.05.2026;
44-ФЗ;№0851200000626003349;Электронный аукцион;2026-№767 Поставка лекарственных препаратов для медицинского применения: Рибоциклиб;;'262540215512354020100105090022120244;;;8180644.50;RUB;0;;;;;;"ГОСУДАРСТВЕННОЕ КАЗЕННОЕ УЧРЕЖДЕНИЕ НОВОСИБИРСКОЙ ОБЛАСТИ ""НОВОСИБОБЛФАРМ""";"ГОСУДАРСТВЕННОЕ КАЗЕННОЕ УЧРЕЖДЕНИЕ НОВОСИБИРСКОЙ ОБЛАСТИ ""УПРАВЛЕНИЕ КОНТРАКТНОЙ СИСТЕМЫ""";15.05.2026;28.05.2026;Закупка завершена;;;26.05.2026;
44-ФЗ;№0851200000626003363;Электронный аукцион;2026-№760 Поставка лекарственных препаратов для медицинского применения: Висмодегиб;;'262540215512354020100105290022120244;;;13191270.40;RUB;0;;;;;;"ГОСУДАРСТВЕННОЕ КАЗЕННОЕ УЧРЕЖДЕНИЕ НОВОСИБИРСКОЙ ОБЛАСТИ ""НОВОСИБОБЛФАРМ""";"ГОСУДАРСТВЕННОЕ КАЗЕННОЕ УЧРЕЖДЕНИЕ НОВОСИБИРСКОЙ ОБЛАСТИ ""УПРАВЛЕНИЕ КОНТРАКТНОЙ СИСТЕМЫ""";15.05.2026;28.05.2026;Закупка завершена;;;26.05.2026;
44-ФЗ;№0119200000126009082;Запрос котировок в электронной форме;ЗК-№-7130/26.П1 «Препараты для лечения заболеваний органов дыхания прочие ИВАКАФТОР+ТЕЗАКАФТОР+ЭЛЕКСАКАФТОР И ИВАКАФТОР»;;'262246621260724660100100185910000323;;;17285268.00;RUB;0;;;;;;МИНИСТЕРСТВО ЗДРАВООХРАНЕНИЯ КРАСНОЯРСКОГО КРАЯ;АГЕНТСТВО ГОСУДАРСТВЕННОГО ЗАКАЗА КРАСНОЯРСКОГО КРАЯ;19.05.2026;28.05.2026;Закупка завершена;;;27.05.2026;
44-ФЗ;№0806500000226000391;Электронный аукцион;Оказание услуг по предоставлению кредита на обеспечение источников финансирования дефицита бюджета Республики Карелия и (или) погашение долговых обязательств Республики Карелия (уплата процентов за пользование кредитом);;'262100104059010010100100230186419720;;;75563835.61;RUB;0;;;;;;МИНИСТЕРСТВО ФИНАНСОВ РЕСПУБЛИКИ КАРЕЛИЯ;"ГОСУДАРСТВЕННОЕ КАЗЕННОЕ УЧРЕЖДЕНИЕ РЕСПУБЛИКИ КАРЕЛИЯ ""ЦЕНТР ОРГАНИЗАЦИИ ЗАКУПОК РЕСПУБЛИКИ КАРЕЛИЯ И МОНИТОРИНГА В СФЕРЕ ЭКОНОМИКИ""";15.05.2026;28.05.2026;Закупка завершена;;;28.05.2026;
44-ФЗ;№0119200000126009023;Запрос котировок в электронной форме;ЗК-№-9094/26 «На поставку лекарственного препарата для медицинского применения Тремелимумаб для нужд КГБУЗ КККОД им. А.И. Крыжановского»;;'262246503513724650100102810012120244;;;6816991.65;RUB;0;;;;;;"КРАЕВОЕ ГОСУДАРСТВЕННОЕ БЮДЖЕТНОЕ УЧРЕЖДЕНИЕ ЗДРАВООХРАНЕНИЯ ""КРАСНОЯРСКИЙ КРАЕВОЙ КЛИНИЧЕСКИЙ ОНКОЛОГИЧЕСКИЙ ДИСПАНСЕР ИМЕНИ А.И. КРЫЖАНОВСКОГО""";АГЕНТСТВО ГОСУДАРСТВЕННОГО ЗАКАЗА КРАСНОЯРСКОГО КРАЯ;19.05.2026;28.05.2026;Закупка завершена;;;26.05.2026;
44-ФЗ;№0119200000126008744;Электронный аукцион;ЭА-№-8438/26 «Устройство спортивных сооружений в сельской местности: комплексная площадка для подвижных игр (Красноярский край, Уярский район, г. Уяр, ул. Ленина, 74). ЕПС 32 (не относящееся к капитальному строительству и капитальному ремонту)»;;'263244000543724400100100120024299244;;;5055000.00;RUB;0;;;;;;"МУНИЦИПАЛЬНОЕ БЮДЖЕТНОЕ УЧРЕЖДЕНИЕ ДОПОЛНИТЕЛЬНОГО ОБРАЗОВАНИЯ СПОРТИВНАЯ ШКОЛА ""ЮНОСТЬ"" УЯРСКОГО РАЙОНА";АГЕНТСТВО ГОСУДАРСТВЕННОГО ЗАКАЗА КРАСНОЯРСКОГО КРАЯ;14.05.2026;28.05.2026;Закупка завершена;;;26.05.2026;
44-ФЗ;№0375200002026000322;Электронный аукцион;Поставка медицинских изделий для эндоваскулярной хирургии;;'262910206042191020100102580093250244;;;5000000.00;RUB;0;;;;;;"ГОСУДАРСТВЕННОЕ БЮДЖЕТНОЕ УЧРЕЖДЕНИЕ ЗДРАВООХРАНЕНИЯ РЕСПУБЛИКИ КРЫМ ""СИМФЕРОПОЛЬСКАЯ ГОРОДСКАЯ КЛИНИЧЕСКАЯ БОЛЬНИЦА №7""";"ГОСУДАРСТВЕННОЕ БЮДЖЕТНОЕ УЧРЕЖДЕНИЕ ЗДРАВООХРАНЕНИЯ РЕСПУБЛИКИ КРЫМ ""СИМФЕРОПОЛЬСКАЯ ГОРОДСКАЯ КЛИНИЧЕСКАЯ БОЛЬНИЦА №7""";19.05.2026;28.05.2026;Закупка завершена;;;27.05.2026;
44-ФЗ;№0119200000126008703;Электронный аукцион на проведение работ по строительству, реконструкции, кап. ремонту, сносу объекта кап. строительства в соответствии с п. 8 ч. 1 ст. 33 Закона № 44-ФЗ;"ЭА-№-8783/26 «Капитальный ремонт кровли столовой КГКУ ""Шушенский детский дом""»";;'262244200896224420100100090014120243;;;5815061.12;RUB;0;;;;;;"КРАЕВОЕ ГОСУДАРСТВЕННОЕ КАЗЕННОЕ УЧРЕЖДЕНИЕ ДЛЯ ДЕТЕЙ-СИРОТ И ДЕТЕЙ, ОСТАВШИХСЯ БЕЗ ПОПЕЧЕНИЯ РОДИТЕЛЕЙ ""ШУШЕНСКИЙ ДЕТСКИЙ ДОМ""";АГЕНТСТВО ГОСУДАРСТВЕННОГО ЗАКАЗА КРАСНОЯРСКОГО КРАЯ;13.05.2026;28.05.2026;Закупка завершена;;;26.05.2026;
44-ФЗ;№0119200000126008818;Электронный аукцион;ЭА-№-8931/26 «На поставку лекарственного препарата для медицинского применения Пролголимаб для нужд КГБУЗ КККОД им. А.И. Крыжановского»;;'262246503513724650100102770012120244;;;29982352.40;RUB;0;;;;;;"КРАЕВОЕ ГОСУДАРСТВЕННОЕ БЮДЖЕТНОЕ УЧРЕЖДЕНИЕ ЗДРАВООХРАНЕНИЯ ""КРАСНОЯРСКИЙ КРАЕВОЙ КЛИНИЧЕСКИЙ ОНКОЛОГИЧЕСКИЙ ДИСПАНСЕР ИМЕНИ А.И. КРЫЖАНОВСКОГО""";АГЕНТСТВО ГОСУДАРСТВЕННОГО ЗАКАЗА КРАСНОЯРСКОГО КРАЯ;14.05.2026;28.05.2026;Закупка завершена;;;26.05.2026;
44-ФЗ;№0375200002026000330;Электронный аукцион;Поставка медицинских изделий для эндоваскулярной хирургии;;'262910206042191020100102580103250244;;;6000000.00;RUB;0;;;;;;"ГОСУДАРСТВЕННОЕ БЮДЖЕТНОЕ УЧРЕЖДЕНИЕ ЗДРАВООХРАНЕНИЯ РЕСПУБЛИКИ КРЫМ ""СИМФЕРОПОЛЬСКАЯ ГОРОДСКАЯ КЛИНИЧЕСКАЯ БОЛЬНИЦА №7""";"ГОСУДАРСТВЕННОЕ БЮДЖЕТНОЕ УЧРЕЖДЕНИЕ ЗДРАВООХРАНЕНИЯ РЕСПУБЛИКИ КРЫМ ""СИМФЕРОПОЛЬСКАЯ ГОРОДСКАЯ КЛИНИЧЕСКАЯ БОЛЬНИЦА №7""";20.05.2026;28.05.2026;Закупка завершена;;;28.05.2026;
44-ФЗ;№0819300033326000031;Электронный аукцион на проведение работ по строительству, реконструкции, кап. ремонту, сносу объекта кап. строительства в соответствии с п. 8 ч. 1 ст. 33 Закона № 44-ФЗ;"Капитальный ремонт системы автоматической пожарной сигнализации и системы оповещения и управления эвакуацией людей при пожаре в здании МБДОУ «Саянский детский сад «Волшебный град» по адресу: Красноярский край, Рыбинский район, пгт. Саянский, ул. Кошурникова, 1б, в рамках проекта ""Создание безопасных условий ведения образовательного процесса"" Муниципальное бюджетное образовательное учреждение ""Саянский детский сад ""Волшебный град""					";;'263244800601624480100100190014321243;;;10333150.00;RUB;0;;;;;;"МУНИЦИПАЛЬНОЕ БЮДЖЕТНОЕ ДОШКОЛЬНОЕ ОБРАЗОВАТЕЛЬНОЕ УЧРЕЖДЕНИЕ ""САЯНСКИЙ ДЕТСКИЙ САД  ""ВОЛШЕБНЫЙ ГРАД""";"МУНИЦИПАЛЬНОЕ КАЗЕННОЕ УЧРЕЖДЕНИЕ ""ЦЕНТРАЛИЗОВАННАЯ СЛУЖБА ЗАКАЗА РЫБИНСКОГО МУНИЦИПАЛЬНОГО ОКРУГА""";04.05.2026;28.05.2026;Закупка завершена;;;12.05.2026;
223-ФЗ;№32616054285;Иной способ;Выполнение работ по изготовлению оборудования для комплекса эталонов давления для нужд ФГУП «ВНИИМ им.Д.И.Менделеева»;;;1;Выполнение работ по изготовлению оборудования для комплекса эталонов давления для нужд ФГУП «ВНИИМ им.Д.И.Менделеева»;8766310.00;RUB;8766310.00;;;;72.19.29.190: Услуги (работы), связанные с научными исследованиями и экспериментальными разработками в области технических наук и в области технологий, прочие, не включенные в другие группировки, кроме биотехнологии;;"ФЕДЕРАЛЬНОЕ ГОСУДАРСТВЕННОЕ УНИТАРНОЕ ПРЕДПРИЯТИЕ ""ВСЕРОССИЙСКИЙ НАУЧНО-ИССЛЕДОВАТЕЛЬСКИЙ ИНСТИТУТ МЕТРОЛОГИИ ИМ.Д.И.МЕНДЕЛЕЕВА""";"ФЕДЕРАЛЬНОЕ ГОСУДАРСТВЕННОЕ УНИТАРНОЕ ПРЕДПРИЯТИЕ ""ВСЕРОССИЙСКИЙ НАУЧНО-ИССЛЕДОВАТЕЛЬСКИЙ ИНСТИТУТ МЕТРОЛОГИИ ИМ.Д.И.МЕНДЕЛЕЕВА""";27.05.2026;28.05.2026;Закупка завершена;;;28.05.2026 13:30;
44-ФЗ;№0851200000626003425;Электронный аукцион;"Выполнение работ по ремонту а/д ""Мошково-Кайлы"" в Мошковском районе Новосибирской области";;'262540510031654050100101210014211244;;;62986995.38;RUB;0;;;;;;"ГОСУДАРСТВЕННОЕ КАЗЕННОЕ УЧРЕЖДЕНИЕ НОВОСИБИРСКОЙ ОБЛАСТИ ""ТЕРРИТОРИАЛЬНОЕ УПРАВЛЕНИЕ АВТОМОБИЛЬНЫХ ДОРОГ НОВОСИБИРСКОЙ ОБЛАСТИ""";"ГОСУДАРСТВЕННОЕ КАЗЕННОЕ УЧРЕЖДЕНИЕ НОВОСИБИРСКОЙ ОБЛАСТИ ""УПРАВЛЕНИЕ КОНТРАКТНОЙ СИСТЕМЫ""";18.05.2026;28.05.2026;Закупка завершена;;;26.05.2026;
44-ФЗ;№0851200000626003400;Электронный аукцион;Выполнение работ по содержанию искусственных сооружений на автомобильных дорогах общего пользования регионального и межмуниципального значения в Тогучинском районе Новосибирской области (восстановление элементов мостового сооружения);;'262540510031654050100101400014211244;;;5728633.31;RUB;0;;;;;;"ГОСУДАРСТВЕННОЕ КАЗЕННОЕ УЧРЕЖДЕНИЕ НОВОСИБИРСКОЙ ОБЛАСТИ ""ТЕРРИТОРИАЛЬНОЕ УПРАВЛЕНИЕ АВТОМОБИЛЬНЫХ ДОРОГ НОВОСИБИРСКОЙ ОБЛАСТИ""";"ГОСУДАРСТВЕННОЕ КАЗЕННОЕ УЧРЕЖДЕНИЕ НОВОСИБИРСКОЙ ОБЛАСТИ ""УПРАВЛЕНИЕ КОНТРАКТНОЙ СИСТЕМЫ""";18.05.2026;28.05.2026;Закупка завершена;;;26.05.2026;
223-ФЗ;№32616039798;Иной способ;Поставка нефтепродуктов  через сеть АЗС;;;1;Поставка нефтепродуктов  через сеть АЗС;16719000.00;RUB;16719000.00;;;;46.71: Услуги по оптовой торговле твердым, жидким и газообразным топливом и связанными продуктами;;"АКЦИОНЕРНОЕ ОБЩЕСТВО ""САДОВО-ПАРКОВОЕ ПРЕДПРИЯТИЕ ""ЦЕНТРАЛЬНОЕ""";"АКЦИОНЕРНОЕ ОБЩЕСТВО ""САДОВО-ПАРКОВОЕ ПРЕДПРИЯТИЕ ""ЦЕНТРАЛЬНОЕ""";25.05.2026;28.05.2026;Закупка завершена;;;29.05.2026 15:00;
44-ФЗ;№0151100014126000021;Электронный аукцион на проведение работ по строительству, реконструкции, кап. ремонту, сносу объекта кап. строительства в соответствии с п. 8 ч. 1 ст. 33 Закона № 44-ФЗ;Комплекс подрядных работ по капитальному ремонту режимного корпуса №4 (второе корпусное отделение) ФКУ СИЗО-1 ГУФСИН России по Новосибирской области;;'261540110963954010100100260014339243;;;8152670.29;RUB;0;;;;;;ГЛАВНОЕ УПРАВЛЕНИЕ ФЕДЕРАЛЬНОЙ СЛУЖБЫ ИСПОЛНЕНИЯ НАКАЗАНИЙ ПО НОВОСИБИРСКОЙ ОБЛАСТИ;ГЛАВНОЕ УПРАВЛЕНИЕ ФЕДЕРАЛЬНОЙ СЛУЖБЫ ИСПОЛНЕНИЯ НАКАЗАНИЙ ПО НОВОСИБИРСКОЙ ОБЛАСТИ;19.05.2026;28.05.2026;Закупка завершена;;;27.05.2026;
44-ФЗ;№0165100007926000402;Запрос котировок в электронной форме;Поставка лекарственного препарата для медицинского применения Руксолитиниб;;'262702102165370170100102170022120323;;;8556497.60;RUB;0;;;;;;ДЕПАРТАМЕНТ ЗДРАВООХРАНЕНИЯ ТОМСКОЙ ОБЛАСТИ;ДЕПАРТАМЕНТ ЗДРАВООХРАНЕНИЯ ТОМСКОЙ ОБЛАСТИ;20.05.2026;28.05.2026;Закупка завершена;;;28.05.2026;
44-ФЗ;№0372100054726000053;Открытый конкурс в электронной форме;Оказание услуг по обеспечению проведения морских газогеохимических исследований морским транспортом в рамках экспедиционных работ в заливах Анива и Терпения Охотского моря ;;'261783905878078390100100810017219244;;;85150000.00;RUB;0;;;;;;"ФЕДЕРАЛЬНОЕ ГОСУДАРСТВЕННОЕ БЮДЖЕТНОЕ УЧРЕЖДЕНИЕ ""ВСЕРОССИЙСКИЙ НАУЧНО-ИССЛЕДОВАТЕЛЬСКИЙ ИНСТИТУТ ГЕОЛОГИИ И МИНЕРАЛЬНЫХ РЕСУРСОВ МИРОВОГО ОКЕАНА ИМЕНИ АКАДЕМИКА И.С. ГРАМБЕРГА""";"ФЕДЕРАЛЬНОЕ ГОСУДАРСТВЕННОЕ БЮДЖЕТНОЕ УЧРЕЖДЕНИЕ ""ВСЕРОССИЙСКИЙ НАУЧНО-ИССЛЕДОВАТЕЛЬСКИЙ ИНСТИТУТ ГЕОЛОГИИ И МИНЕРАЛЬНЫХ РЕСУРСОВ МИРОВОГО ОКЕАНА ИМЕНИ АКАДЕМИКА И.С. ГРАМБЕРГА""";08.05.2026;28.05.2026;Закупка завершена;;;26.05.2026;
44-ФЗ;№0137200001226004239;Электронный аукцион;Поставка лекарственного препарата для медицинского применения (МНН СЕВЕЛАМЕР);;'262402702230540270100109190012120000;;;16903926.00;RUB;0;;;;;;"ГОСУДАРСТВЕННОЕ ПРЕДПРИЯТИЕ КАЛУЖСКОЙ ОБЛАСТИ ""КАЛУГАФАРМАЦИЯ""";МИНИСТЕРСТВО КОНКУРЕНТНОЙ ПОЛИТИКИ КАЛУЖСКОЙ ОБЛАСТИ;19.05.2026;28.05.2026;Закупка завершена;;;28.05.2026;
44-ФЗ;№0834600012326000002;Открытый конкурс в электронной форме;Выполнение работ по созданию «умной» спортивной площадки, расположенной по адресу: Иркутская область, Иркутский район, кадастровый номер земельного участка: 38:06:010902:10561;;'263380827960938080100100030010000244;;;22434693.72;RUB;0;;;;;;"МУНИЦИПАЛЬНОЕ КАЗЕННОЕ УЧРЕЖДЕНИЕ ИРКУТСКОГО РАЙОННОГО МУНИЦИПАЛЬНОГО ОБРАЗОВАНИЯ ""СЛУЖБА КАПИТАЛЬНОГО СТРОИТЕЛЬСТВА""";"МУНИЦИПАЛЬНОЕ КАЗЕННОЕ УЧРЕЖДЕНИЕ ИРКУТСКОГО РАЙОННОГО МУНИЦИПАЛЬНОГО ОБРАЗОВАНИЯ ""СЛУЖБА КАПИТАЛЬНОГО СТРОИТЕЛЬСТВА""";30.04.2026;28.05.2026;Закупка завершена;;;18.05.2026;
44-ФЗ;№0851200000626003453;Электронный аукцион;Оказание услуг по содержанию (на автомобильных дорогах общего пользования и улично-дорожной сети населенных пунктов на территории Новосибирской области) в местах концентрации ДТП и в иных опасных местах комплексов и приборов фото- и видеофиксации правонарушений в области обеспечения безопасности дорожного движения;;'262540257005654020100100870013313244;;;149793052.00;RUB;0;;;;;;"ГОСУДАРСТВЕННОЕ КАЗЕННОЕ УЧРЕЖДЕНИЕ НОВОСИБИРСКОЙ ОБЛАСТИ ""ЦЕНТР ОРГАНИЗАЦИИ ДОРОЖНОГО ДВИЖЕНИЯ""";"ГОСУДАРСТВЕННОЕ КАЗЕННОЕ УЧРЕЖДЕНИЕ НОВОСИБИРСКОЙ ОБЛАСТИ ""УПРАВЛЕНИЕ КОНТРАКТНОЙ СИСТЕМЫ""";20.05.2026;28.05.2026;Закупка завершена;;;28.05.2026;
44-ФЗ;№0218100003226000093;Электронный аукцион;Оказание услуг по санаторно-курортному лечению граждан, имеющих право на получение государственной социальной помощи в виде набора социальных услуг (приобретение услуг в пользу граждан в целях их социального обеспечения);;'261230801432023100100102110018690323;;;14621040.00;RUB;0;;;;;;ОТДЕЛЕНИЕ ФОНДА ПЕНСИОННОГО И СОЦИАЛЬНОГО СТРАХОВАНИЯ РОССИЙСКОЙ ФЕДЕРАЦИИ ПО КРАСНОДАРСКОМУ КРАЮ;ОТДЕЛЕНИЕ ФОНДА ПЕНСИОННОГО И СОЦИАЛЬНОГО СТРАХОВАНИЯ РОССИЙСКОЙ ФЕДЕРАЦИИ ПО КРАСНОДАРСКОМУ КРАЮ;19.05.2026;28.05.2026;Закупка завершена;;;27.05.2026;
44-ФЗ;№0149200002326002778;Электронный аукцион;"Поставка наборов ""Родовая сумка""";;'262510791266551070100100140013299323;;;11428829.66;RUB;0;;;;;;"ГОСУДАРСТВЕННОЕ ОБЛАСТНОЕ КАЗЕННОЕ УЧРЕЖДЕНИЕ ""ЦЕНТР СОЦИАЛЬНОЙ ПОДДЕРЖКИ НАСЕЛЕНИЯ МУРМАНСКОЙ ОБЛАСТИ""";КОМИТЕТ ПО КОНКУРЕНТНОЙ ПОЛИТИКЕ МУРМАНСКОЙ ОБЛАСТИ;19.05.2026;28.05.2026;Закупка завершена;;;27.05.2026;
44-ФЗ;№0267100002326000101;Запрос котировок в электронной форме на проведение работ по строительству, реконструкции, кап. ремонту, сносу объекта кап. строительства в соответствии с п. 8 ч. 1 ст. 33 Закона № 44-ФЗ ;"Выполнение работ по объекту: капитальный ремонт здания «Общественное питание, культурно-просветительное, торговое, электрощитовые, вентиляционные камеры, машинное отделение, лечебный корпус, грязехранилище, спальный корпус». Ремонт участков кровли: водогрязеличебница; переход водогрязеличебницы и клуб-столовая; клуб-столовая. Адрес: г. Тюмень, ул. Санаторная, 10. Кадастровый номер: 72:23:0533001:485.";;'261720401364272030100100320010000243;;;9140130.43;RUB;0;;;;;;"ФЕДЕРАЛЬНОЕ БЮДЖЕТНОЕ УЧРЕЖДЕНИЕ ЦЕНТР РЕАБИЛИТАЦИИ ФОНДА ПЕНСИОННОГО И СОЦИАЛЬНОГО СТРАХОВАНИЯ РОССИЙСКОЙ ФЕДЕРАЦИИ ""ТАРАСКУЛЬ""";"ФЕДЕРАЛЬНОЕ БЮДЖЕТНОЕ УЧРЕЖДЕНИЕ ЦЕНТР РЕАБИЛИТАЦИИ ФОНДА ПЕНСИОННОГО И СОЦИАЛЬНОГО СТРАХОВАНИЯ РОССИЙСКОЙ ФЕДЕРАЦИИ ""ТАРАСКУЛЬ""";13.05.2026;28.05.2026;Закупка завершена;;;26.05.2026;
44-ФЗ;№0137200001226004315;Электронный аукцион;Поставка лекарственного препарата для медицинского применения (МНН Трастузумаб) (лот 40);;'262402702230540270100109590012120000;;;101295558.00;RUB;0;;;;;;"ГОСУДАРСТВЕННОЕ ПРЕДПРИЯТИЕ КАЛУЖСКОЙ ОБЛАСТИ ""КАЛУГАФАРМАЦИЯ""";МИНИСТЕРСТВО КОНКУРЕНТНОЙ ПОЛИТИКИ КАЛУЖСКОЙ ОБЛАСТИ;20.05.2026;28.05.2026;Закупка завершена;;;28.05.2026;
44-ФЗ;№0119200000126008816;Электронный аукцион;ЭА-№-9052/26 «Оказание услуг по фрахтованию воздушного судна, для выполнения полетов (проведения противоэпизоотических мероприятий специалистами ) в Хатангской тундре»;;'262840100830884010100100450015110244;;;5737513.60;RUB;0;;;;;;"КРАЕВОЕ ГОСУДАРСТВЕННОЕ КАЗЕННОЕ УЧРЕЖДЕНИЕ ""ТАЙМЫРСКИЙ ОТДЕЛ ВЕТЕРИНАРИИ""";АГЕНТСТВО ГОСУДАРСТВЕННОГО ЗАКАЗА КРАСНОЯРСКОГО КРАЯ;14.05.2026;28.05.2026;Закупка завершена;;;26.05.2026;
44-ФЗ;№0372100001026000241;Запрос котировок в электронной форме;Поставка медицинских изделий для отделения РЭХ на 2026 год;;'261780206765178020100100081130000244;;;7500000.00;RUB;0;;;;;;ФЕДЕРАЛЬНОЕ ГОСУДАРСТВЕННОЕ БЮДЖЕТНОЕ УЧРЕЖДЕНИЕ ЗДРАВООХРАНЕНИЯ САНКТ-ПЕТЕРБУРГСКАЯ КЛИНИЧЕСКАЯ БОЛЬНИЦА РОССИЙСКОЙ АКАДЕМИИ НАУК;ФЕДЕРАЛЬНОЕ ГОСУДАРСТВЕННОЕ БЮДЖЕТНОЕ УЧРЕЖДЕНИЕ ЗДРАВООХРАНЕНИЯ САНКТ-ПЕТЕРБУРГСКАЯ КЛИНИЧЕСКАЯ БОЛЬНИЦА РОССИЙСКОЙ АКАДЕМИИ НАУК;20.05.2026;28.05.2026;Закупка завершена;;;28.05.2026;
44-ФЗ;№0806500000226000393;Электронный аукцион;Оказание услуг по предоставлению кредита на обеспечение источников финансирования дефицита бюджета Республики Карелия и (или) погашение долговых обязательств Республики Карелия (уплата процентов за пользование кредитом);;'262100104059010010100100230166419720;;;47227397.26;RUB;0;;;;;;МИНИСТЕРСТВО ФИНАНСОВ РЕСПУБЛИКИ КАРЕЛИЯ;"ГОСУДАРСТВЕННОЕ КАЗЕННОЕ УЧРЕЖДЕНИЕ РЕСПУБЛИКИ КАРЕЛИЯ ""ЦЕНТР ОРГАНИЗАЦИИ ЗАКУПОК РЕСПУБЛИКИ КАРЕЛИЯ И МОНИТОРИНГА В СФЕРЕ ЭКОНОМИКИ""";15.05.2026;28.05.2026;Закупка завершена;;;28.05.2026;
44-ФЗ;№0806500000226000394;Электронный аукцион;Оказание услуг по предоставлению кредита на обеспечение источников финансирования дефицита бюджета Республики Карелия и (или) погашение долговых обязательств Республики Карелия (уплата процентов за пользование кредитом);;'262100104059010010100100230176419720;;;47227397.26;RUB;0;;;;;;МИНИСТЕРСТВО ФИНАНСОВ РЕСПУБЛИКИ КАРЕЛИЯ;"ГОСУДАРСТВЕННОЕ КАЗЕННОЕ УЧРЕЖДЕНИЕ РЕСПУБЛИКИ КАРЕЛИЯ ""ЦЕНТР ОРГАНИЗАЦИИ ЗАКУПОК РЕСПУБЛИКИ КАРЕЛИЯ И МОНИТОРИНГА В СФЕРЕ ЭКОНОМИКИ""";15.05.2026;28.05.2026;Закупка завершена;;;28.05.2026;
44-ФЗ;№0373200152826000399;Открытый конкурс в электронной форме;"Модернизация систем противопожарной защиты в ГБУЗ ""ГКБ им. А.К. Ерамишанцева ДЗМ""";;'262771603570577160100103770010000244;;;9978264.94;RUB;0;;;;;;"ГОСУДАРСТВЕННОЕ БЮДЖЕТНОЕ УЧРЕЖДЕНИЕ ЗДРАВООХРАНЕНИЯ ГОРОДА МОСКВЫ ""ГОРОДСКАЯ КЛИНИЧЕСКАЯ БОЛЬНИЦА ИМЕНИ А.К. ЕРАМИШАНЦЕВА ДЕПАРТАМЕНТА ЗДРАВООХРАНЕНИЯ ГОРОДА МОСКВЫ""";"ГОСУДАРСТВЕННОЕ БЮДЖЕТНОЕ УЧРЕЖДЕНИЕ ЗДРАВООХРАНЕНИЯ ГОРОДА МОСКВЫ ""ГОРОДСКАЯ КЛИНИЧЕСКАЯ БОЛЬНИЦА ИМЕНИ А.К. ЕРАМИШАНЦЕВА ДЕПАРТАМЕНТА ЗДРАВООХРАНЕНИЯ ГОРОДА МОСКВЫ""";16.04.2026;28.05.2026;Закупка завершена;;;04.05.2026;
44-ФЗ;№0172200000726000220;Электронный аукцион;Оказание услуг по сопровождению медицинской информационной системы «qMS» для Санкт-Петербургского государственного бюджетного учреждения здравоохранения «Городская поликлиника № 107» для нужд Санкт-Петербурга  в 2026 году;;'262780602097578060100102020016203244;;;5654640.00;RUB;0;;;;;;"САНКТ-ПЕТЕРБУРГСКОЕ ГОСУДАРСТВЕННОЕ БЮДЖЕТНОЕ УЧРЕЖДЕНИЕ ЗДРАВООХРАНЕНИЯ ""ГОРОДСКАЯ ПОЛИКЛИНИКА № 107""";АДМИНИСТРАЦИЯ КРАСНОГВАРДЕЙСКОГО РАЙОНА САНКТ-ПЕТЕРБУРГА;18.05.2026;28.05.2026;Закупка завершена;;;26.05.2026;
44-ФЗ;№0362100027626000009;Электронный аукцион;Установка для измельчения керамики  штифтового типа;;'261666000861766700100100140012892244;;;14998680.00;RUB;0;;;;;;ФЕДЕРАЛЬНОЕ ГОСУДАРСТВЕННОЕ БЮДЖЕТНОЕ УЧРЕЖДЕНИЕ НАУКИ ИНСТИТУТ ВЫСОКОТЕМПЕРАТУРНОЙ ЭЛЕКТРОХИМИИ УРАЛЬСКОГО ОТДЕЛЕНИЯ РОССИЙСКОЙ АКАДЕМИИ НАУК;ФЕДЕРАЛЬНОЕ ГОСУДАРСТВЕННОЕ БЮДЖЕТНОЕ УЧРЕЖДЕНИЕ НАУКИ ИНСТИТУТ ВЫСОКОТЕМПЕРАТУРНОЙ ЭЛЕКТРОХИМИИ УРАЛЬСКОГО ОТДЕЛЕНИЯ РОССИЙСКОЙ АКАДЕМИИ НАУК;20.05.2026;28.05.2026;Закупка завершена;;;28.05.2026;
44-ФЗ;№0372500005326000046;Открытый конкурс в электронной форме;Проектирование  реконструкции электрических сетей и устройств  наружного освещения улиц: Привокзальная пл., г. Пушкин;;'262783808733078380100100340027112414;;;6798382.82;RUB;0;;;;;;КОМИТЕТ ПО ЭНЕРГЕТИКЕ И ИНЖЕНЕРНОМУ ОБЕСПЕЧЕНИЮ;"САНКТ-ПЕТЕРБУРГСКОЕ ГОСУДАРСТВЕННОЕ БЮДЖЕТНОЕ УЧРЕЖДЕНИЕ ""ЛЕНСВЕТ""";29.04.2026;28.05.2026;Закупка завершена;;;28.05.2026;
44-ФЗ;№0851200000626003490;Электронный аукцион;Поставка горюче-смазочных материалов;;'262540507820554050100100460011920244;;;9730000.00;RUB;0;;;;;;"ГОСУДАРСТВЕННОЕ БЮДЖЕТНОЕ УЧРЕЖДЕНИЕ НОВОСИБИРСКОЙ ОБЛАСТИ ""АВТОТРАНСПОРТНЫЙ КОМБИНАТ""";"ГОСУДАРСТВЕННОЕ КАЗЕННОЕ УЧРЕЖДЕНИЕ НОВОСИБИРСКОЙ ОБЛАСТИ ""УПРАВЛЕНИЕ КОНТРАКТНОЙ СИСТЕМЫ""";20.05.2026;28.05.2026;Закупка завершена;;;28.05.2026;
44-ФЗ;№0142200001326011345;Электронный аукцион;Реализация общественного проекта: «Дорога для будущих поколений» – устройство асфальтобетонного покрытия дороги по ул. Молодежной;;'263634000428263400100100380014211243;;;8713998.44;RUB;0;;;;;;УПРАВЛЕНИЕ КАПИТАЛЬНОГО СТРОИТЕЛЬСТВА АДМИНИСТРАЦИИ ГОРОДСКОГО ОКРУГА ОТРАДНЫЙ САМАРСКОЙ ОБЛАСТИ;КОМИТЕТ ПО ОРГАНИЗАЦИИ ТОРГОВ САМАРСКОЙ ОБЛАСТИ;19.05.2026;28.05.2026;Закупка завершена;;;27.05.2026;
44-ФЗ;№0162300005826000130;Электронный аукцион;Оказание услуги по комплексной уборке административных помещений и прилегающей территории;;'263660603723266860100100350018122244;;;7740000.00;RUB;0;;;;;;"МУНИЦИПАЛЬНОЕ КАЗЕННОЕ УЧРЕЖДЕНИЕ ""АДМИНИСТРАТИВНО-ХОЗЯЙСТВЕННОЕ УПРАВЛЕНИЕ""";АДМИНИСТРАЦИЯ ГОРОДСКОГО ОКРУГА ВЕРХНЯЯ ПЫШМА;20.05.2026;28.05.2026;Закупка завершена;;;28.05.2026;
44-ФЗ;№0819300037426000082;Запрос котировок в электронной форме;"""Фасад школы - лицо поколения"", МБОУ Курагинская СОШ № 1 имени Героя Советского Союза А.А. Петряева, ремонт фасада здания""";;'263242300974524230100100120014339244;;;9399561.78;RUB;0;;;;;;"МУНИЦИПАЛЬНОЕ КАЗЕННОЕ УЧРЕЖДЕНИЕ ""СЛУЖБА ЗАКАЗЧИКА""";"МУНИЦИПАЛЬНОЕ КАЗЕННОЕ УЧРЕЖДЕНИЕ ""УПРАВЛЕНИЕ ЕДИНОГО ЗАКАЗЧИКА КУРАГИНСКОГО РАЙОНА""";30.04.2026;28.05.2026;Определение поставщика отменено;;;08.05.2026;
44-ФЗ;№0387200002426000125;Запрос котировок в электронной форме;Поставка лекарственного препарата для медицинского применения Кальция фолинат;;'262860307854886030100100211330000244;;;5328750.00;RUB;0;;;;;;"БЮДЖЕТНОЕ УЧРЕЖДЕНИЕ ХАНТЫ-МАНСИЙСКОГО АВТОНОМНОГО ОКРУГА - ЮГРЫ ""НИЖНЕВАРТОВСКИЙ ОНКОЛОГИЧЕСКИЙ ДИСПАНСЕР""";"БЮДЖЕТНОЕ УЧРЕЖДЕНИЕ ХАНТЫ-МАНСИЙСКОГО АВТОНОМНОГО ОКРУГА - ЮГРЫ ""НИЖНЕВАРТОВСКИЙ ОНКОЛОГИЧЕСКИЙ ДИСПАНСЕР""";29.04.2026;28.05.2026;Закупка завершена;;;26.05.2026;
44-ФЗ;№0301100049626000722;Электронный аукцион;Поставка медикаментов (ФАРИЦИМАБ) для нужд Уф НИИ ГБ ФГБОУ ВО БГМУ Минздрава России;;'261027402308802740100100021500000244;;;17807010.00;RUB;0;;;;;;"ФЕДЕРАЛЬНОЕ ГОСУДАРСТВЕННОЕ БЮДЖЕТНОЕ ОБРАЗОВАТЕЛЬНОЕ УЧРЕЖДЕНИЕ ВЫСШЕГО ОБРАЗОВАНИЯ ""БАШКИРСКИЙ ГОСУДАРСТВЕННЫЙ МЕДИЦИНСКИЙ УНИВЕРСИТЕТ"" МИНИСТЕРСТВА ЗДРАВООХРАНЕНИЯ РОССИЙСКОЙ ФЕДЕРАЦИИ";"ФЕДЕРАЛЬНОЕ ГОСУДАРСТВЕННОЕ БЮДЖЕТНОЕ ОБРАЗОВАТЕЛЬНОЕ УЧРЕЖДЕНИЕ ВЫСШЕГО ОБРАЗОВАНИЯ ""БАШКИРСКИЙ ГОСУДАРСТВЕННЫЙ МЕДИЦИНСКИЙ УНИВЕРСИТЕТ"" МИНИСТЕРСТВА ЗДРАВООХРАНЕНИЯ РОССИЙСКОЙ ФЕДЕРАЦИИ";17.05.2026;28.05.2026;Закупка завершена;;;26.05.2026;
44-ФЗ;№0173100008626000012;Открытый конкурс в электронной форме;Услуги по сопровождению федеральной государственной информационной системы мониторинга деятельности многофункциональных центров предоставления государственных  и муниципальных услуг (ФГИС МДМ);;'261771034949477030100100660016202246;;;72486518.00;RUB;0;;;;;;МИНИСТЕРСТВО ЭКОНОМИЧЕСКОГО РАЗВИТИЯ РОССИЙСКОЙ ФЕДЕРАЦИИ;МИНИСТЕРСТВО ЭКОНОМИЧЕСКОГО РАЗВИТИЯ РОССИЙСКОЙ ФЕДЕРАЦИИ;07.05.2026;28.05.2026;Закупка завершена;;;25.05.2026;
44-ФЗ;№0325100016026000328;Электронный аукцион;Поставка расходных материалов для аортокоронарного шунтирования;;'261301508168930150100100251580000244;;;13583200.00;RUB;0;;;;;;"ФЕДЕРАЛЬНОЕ ГОСУДАРСТВЕННОЕ БЮДЖЕТНОЕ УЧРЕЖДЕНИЕ ""ФЕДЕРАЛЬНЫЙ ЦЕНТР СЕРДЕЧНО-СОСУДИСТОЙ ХИРУРГИИ"" МИНИСТЕРСТВА ЗДРАВООХРАНЕНИЯ РОССИЙСКОЙ ФЕДЕРАЦИИ (Г. АСТРАХАНЬ)";"ФЕДЕРАЛЬНОЕ ГОСУДАРСТВЕННОЕ БЮДЖЕТНОЕ УЧРЕЖДЕНИЕ ""ФЕДЕРАЛЬНЫЙ ЦЕНТР СЕРДЕЧНО-СОСУДИСТОЙ ХИРУРГИИ"" МИНИСТЕРСТВА ЗДРАВООХРАНЕНИЯ РОССИЙСКОЙ ФЕДЕРАЦИИ (Г. АСТРАХАНЬ)";19.05.2026;28.05.2026;Закупка завершена;;;27.05.2026;
44-ФЗ;№0173100008626000011;Открытый конкурс в электронной форме;Услуги по сопровождению информационно-аналитической системы мониторинга качества государственных услуг (ИАС МКГУ);;'261771034949477030100100610016202246;;;70094400.00;RUB;0;;;;;;МИНИСТЕРСТВО ЭКОНОМИЧЕСКОГО РАЗВИТИЯ РОССИЙСКОЙ ФЕДЕРАЦИИ;МИНИСТЕРСТВО ЭКОНОМИЧЕСКОГО РАЗВИТИЯ РОССИЙСКОЙ ФЕДЕРАЦИИ;07.05.2026;28.05.2026;Закупка завершена;;;25.05.2026;
44-ФЗ;№0852500000126001890;Электронный аукцион;Поставка лекарственного препарата для медицинского применения с МНН Акалабрутиниб для предоставления мер социальной поддержки отдельным категориям граждан, связанных с обеспечением лекарственными препаратами и медицинскими изделиями (в том числе граждан с орфанными заболеваниями) (Реестровый номер 261158);;'262550307931055030100101890012120323;;;21495888.00;RUB;0;;;;;;МИНИСТЕРСТВО ЗДРАВООХРАНЕНИЯ ОМСКОЙ ОБЛАСТИ;"КАЗЕННОЕ УЧРЕЖДЕНИЕ ОМСКОЙ ОБЛАСТИ ""ЦЕНТР ЗАКУПОК ТОВАРОВ, РАБОТ, УСЛУГ""";18.05.2026;28.05.2026;Закупка завершена;;;27.05.2026;
44-ФЗ;№0372100048826000772;Электронный аукцион;Поставка изделий медицинского назначения;;'261782100688778430100100013192120244;;;5628598.80;RUB;0;;;;;;"ФЕДЕРАЛЬНОЕ ГОСУДАРСТВЕННОЕ БЮДЖЕТНОЕ УЧРЕЖДЕНИЕ ""НАЦИОНАЛЬНЫЙ МЕДИЦИНСКИЙ ИССЛЕДОВАТЕЛЬСКИЙ ЦЕНТР ОНКОЛОГИИ ИМЕНИ Н.Н. ПЕТРОВА"" МИНИСТЕРСТВА ЗДРАВООХРАНЕНИЯ РОССИЙСКОЙ ФЕДЕРАЦИИ";"ФЕДЕРАЛЬНОЕ ГОСУДАРСТВЕННОЕ БЮДЖЕТНОЕ УЧРЕЖДЕНИЕ ""НАЦИОНАЛЬНЫЙ МЕДИЦИНСКИЙ ИССЛЕДОВАТЕЛЬСКИЙ ЦЕНТР ОНКОЛОГИИ ИМЕНИ Н.Н. ПЕТРОВА"" МИНИСТЕРСТВА ЗДРАВООХРАНЕНИЯ РОССИЙСКОЙ ФЕДЕРАЦИИ";07.05.2026;28.05.2026;Закупка завершена;;;15.05.2026;
223-ФЗ;№32616055269;Иной способ;Выполнение строительно- монтажных работ по адресу: г. Тюмень, ул. Мельникайте, д. 129а;;;1;Выполнение строительно- монтажных работ по адресу: г. Тюмень, ул. Мельникайте, д. 129а;12112725.32;RUB;12112725.32;;;;43.99.90.190: Работы строительные специализированные прочие, не включенные в другие группировки;;"ОБЩЕСТВО С ОГРАНИЧЕННОЙ ОТВЕТСТВЕННОСТЬЮ ""КАМЕЛОТ-А""";"ОБЩЕСТВО С ОГРАНИЧЕННОЙ ОТВЕТСТВЕННОСТЬЮ ""РТС-ТЕНДЕР""";28.05.2026;28.05.2026;Закупка завершена;;;29.05.2026 14:00;
44-ФЗ;№0119200000126008976;Электронный аукцион;ЭА-№-9292/26 «Оказание услуги по обеспечению функционирования и предоставлению информации со специальных технических средств автоматической фиксации нарушений правил дорожного движения, имеющих функции фото - и киносъемки, видеозаписи, установленных на дорогах общего пользования Красноярского края»;;'262246001772024600100100900026399244;;;20514060.00;RUB;0;;;;;;"КРАЕВОЕ ГОСУДАРСТВЕННОЕ КАЗЁННОЕ УЧРЕЖДЕНИЕ ""УПРАВЛЕНИЕ АВТОМОБИЛЬНЫХ ДОРОГ ПО КРАСНОЯРСКОМУ КРАЮ""";АГЕНТСТВО ГОСУДАРСТВЕННОГО ЗАКАЗА КРАСНОЯРСКОГО КРАЯ;18.05.2026;28.05.2026;Закупка завершена;;;27.05.2026;
44-ФЗ;№0373200121326000001;Электронный аукцион;Оказание услуг по техническому обслуживанию, текущему ремонту с заменой запасных частей и расходных материалов автотранспортных средств (марка Ford);;262500300928077510100100070010000244, 262771323418877430100100050010000244, 262772055311477200100100070010000244, 262772719063977270100100100010000244, 262772358574977210100100100010000244, 261773200451077290100100120010000244, 262773553875077350100100030010000244, 262773101646477310100100040010000244, 262772450555277240100100090010000244, 262772632315677260100100050010000244, 262771822917477180100100100010000244, 262771509215477150100100390010000244, 262772404016077240100100170010000244;;;27752000.00;RUB;0;;;;;;;"ГОСУДАРСТВЕННОЕ БЮДЖЕТНОЕ УЧРЕЖДЕНИЕ ГОРОДА МОСКВЫ ЦЕНТР СОДЕЙСТВИЯ СЕМЕЙНОМУ ВОСПИТАНИЮ ""СКОЛКОВСКИЙ"" ДЕПАРТАМЕНТА ТРУДА И СОЦИАЛЬНОЙ ЗАЩИТЫ НАСЕЛЕНИЯ ГОРОДА МОСКВЫ";13.04.2026;28.05.2026;Закупка завершена;;;27.05.2026;
44-ФЗ;№0127300013126000247;Электронный аукцион на проведение работ по строительству, реконструкции, кап. ремонту, сносу объекта кап. строительства в соответствии с п. 8 ч. 1 ст. 33 Закона № 44-ФЗ;Капитальный ремонт кровли Муниципального бюджетного общеобразовательного учреждения «Средняя общеобразовательная школа №21» г. Брянска, расположенного по адресу: 241025, Брянская область, г. Брянск, пер. Магистральный д.1;;'263323201535532570100100050014391243;;;5949018.62;RUB;0;;;;;;"МУНИЦИПАЛЬНОЕ БЮДЖЕТНОЕ ОБЩЕОБРАЗОВАТЕЛЬНОЕ УЧРЕЖДЕНИЕ ""СРЕДНЯЯ ОБЩЕОБРАЗОВАТЕЛЬНАЯ ШКОЛА № 21"" Г.БРЯНСКА";БРЯНСКАЯ ГОРОДСКАЯ АДМИНИСТРАЦИЯ;14.05.2026;28.05.2026;Закупка завершена;;;26.05.2026;
44-ФЗ;№0351300069026000419;Электронный аукцион;Поставка лекарственных препаратов (заявка № А-242/26);;'262540110990354010100104060012120244;;;6817552.00;RUB;0;;;;;;"ГОСУДАРСТВЕННОЕ БЮДЖЕТНОЕ УЧРЕЖДЕНИЕ ЗДРАВООХРАНЕНИЯ НОВОСИБИРСКОЙ ОБЛАСТИ ""ГОРОДСКАЯ КЛИНИЧЕСКАЯ БОЛЬНИЦА № 2""";"ГОСУДАРСТВЕННОЕ БЮДЖЕТНОЕ УЧРЕЖДЕНИЕ ЗДРАВООХРАНЕНИЯ НОВОСИБИРСКОЙ ОБЛАСТИ ""ГОРОДСКАЯ КЛИНИЧЕСКАЯ БОЛЬНИЦА № 2""";18.05.2026;28.05.2026;Закупка завершена;;;26.05.2026;
44-ФЗ;№0177200000926001619;Электронный аукцион;Обеспечение лекарственными препаратами отдельной категории граждан в соответствии с Приказом Министерства здравоохранения Республики Алтай от 24 апреля 2023 года № 62-од (Поставка лекарственных препаратов МЕТОТРЕКСАТ);;'262041100854204110100100030742120323;;;9317600.00;RUB;0;;;;;;МИНИСТЕРСТВО ЗДРАВООХРАНЕНИЯ РЕСПУБЛИКИ АЛТАЙ;МИНИСТЕРСТВО ЭКОНОМИЧЕСКОГО РАЗВИТИЯ РЕСПУБЛИКИ АЛТАЙ;19.05.2026;28.05.2026;Закупка завершена;;;28.05.2026;
44-ФЗ;№0801500001126000914;Электронный аукцион;Поставка лекарственного(-ых) препарата(-ов) для медицинского применения (Гуселькумаб) для обеспечения отдельных групп населения и граждан по категориям заболеваний, имеющих право на меры социальной поддержки при оказании амбулаторно-поликлинической помощи за счет средств бюджета Республики Башкортостан в 2026 году.;;'262027415782102740100107510012120323;;;9498777.20;RUB;0;;;;;;ГОСУДАРСТВЕННОЕ КАЗЕННОЕ УЧРЕЖДЕНИЕ УПРАВЛЕНИЕ МАТЕРИАЛЬНО-ТЕХНИЧЕСКОГО ОБЕСПЕЧЕНИЯ МИНИСТЕРСТВА ЗДРАВООХРАНЕНИЯ РЕСПУБЛИКИ БАШКОРТОСТАН;"ГОСУДАРСТВЕННОЕ КАЗЕННОЕ УЧРЕЖДЕНИЕ РЕСПУБЛИКИ БАШКОРТОСТАН ""РЕСПУБЛИКАНСКИЙ ЦЕНТР ТОРГОВ""";13.05.2026;28.05.2026;Закупка завершена;;;28.05.2026;
223-ФЗ;№32616057167;Иной способ;Ремонт помещений тяговой подстанции ТП-16 по адресу: Липецкая область, г.Липецк, ул.Неделина, сооружение 20. Этап 2.;;;1;Ремонт помещений тяговой подстанции ТП-16 по адресу: Липецкая область, г.Липецк, ул.Неделина, сооружение 20. Этап 2.;5145740.97;RUB;5145740.97;;;;43.99.90.200: Работы строительные специализированные, не включенные в другие группировки, на объектах культурного наследия;;"МУНИЦИПАЛЬНОЕ УНИТАРНОЕ ПРЕДПРИЯТИЕ ""ГОРОДСКОЙ ЭЛЕКТРОТРАНСПОРТ""";"МУНИЦИПАЛЬНОЕ УНИТАРНОЕ ПРЕДПРИЯТИЕ ""ГОРОДСКОЙ ЭЛЕКТРОТРАНСПОРТ""";28.05.2026;28.05.2026;Закупка завершена;;;28.05.2026 14:30;
44-ФЗ;№0211100000226000139;Электронный аукцион;Оказание услуг по охране административных зданий, имущества и прилегающих территорий зданий ОСФР по Республике Татарстан и Клиентских служб (на правах отдела) РТ;;'261165301753016550100101930018010244;;;17948250.00;RUB;0;;;;;;ОТДЕЛЕНИЕ ФОНДА ПЕНСИОННОГО И СОЦИАЛЬНОГО СТРАХОВАНИЯ РОССИЙСКОЙ ФЕДЕРАЦИИ ПО РЕСПУБЛИКЕ ТАТАРСТАН;ОТДЕЛЕНИЕ ФОНДА ПЕНСИОННОГО И СОЦИАЛЬНОГО СТРАХОВАНИЯ РОССИЙСКОЙ ФЕДЕРАЦИИ ПО РЕСПУБЛИКЕ ТАТАРСТАН;18.05.2026;28.05.2026;Закупка завершена;;;26.05.2026;
44-ФЗ;№0165300010526000279;Открытый конкурс в электронной форме;Выполнение работ по ремонту автомобильных дорог общего пользования местного значения муниципального образования «Город Томск»;;'263702105427170170100100010034211244;;;77542946.80;RUB;0;;;;;;ДЕПАРТАМЕНТ ДОРОЖНОЙ ДЕЯТЕЛЬНОСТИ И БЛАГОУСТРОЙСТВА АДМИНИСТРАЦИИ ГОРОДА ТОМСКА;АДМИНИСТРАЦИЯ ГОРОДА ТОМСКА;24.04.2026;28.05.2026;Закупка завершена;;;28.05.2026;
44-ФЗ;№0142200001326009327;Электронный аукцион;Поставка медицинских изделий (Инкубатор для новорожденных закрытого типа), ввод в эксплуатацию медицинских изделий, обучение правилам эксплуатации специалистов, эксплуатирующих медицинские изделия, и специалистов, осуществляющих техническое обслуживание медицинских изделий;;262631819736763180100101010050000244, 262720207019472030100101380013250244, 262280112372028010100103140010000000, 262650102556865010100104540013250244, 262760206382976020100101490013250244, 262622910085662290100100590013250244, 262056204455005720100100440013250244, 262645504666664550100107240013250244, 262561207412856120100100340013250244, 262132703308413270100102040013250244, 262323200089532570100100750013250244, 262462902149046320100100590010000244, 262072106027807250100102150013250244, 262450117042745010100100440013250244, 262940302014094030100100430013250244, 262616105356561610100103870013250244, 262183104497918410100101640010000244, 262519008038551900100100240020000244, 262502406865650240100114020013250244, 262246323646224630100103080013250244, 262745313582774530100100620013250244, 262434701047543450100100460010000244, 262550201838555030100104840013250244, 262690504495069500100102170010000244;;;257303972.15;RUB;0;;;;;;;КОМИТЕТ ПО ОРГАНИЗАЦИИ ТОРГОВ САМАРСКОЙ ОБЛАСТИ;22.04.2026;28.05.2026;Закупка завершена;;;08.05.2026;
44-ФЗ;№0173100008626000009;Открытый конкурс в электронной форме;Оказание услуг по сопровождению федеральной государственной информационной системы «Портал открытых данных Российской Федерации»;;'261771034949477030100100440016202246;;;8000000.00;RUB;0;;;;;;МИНИСТЕРСТВО ЭКОНОМИЧЕСКОГО РАЗВИТИЯ РОССИЙСКОЙ ФЕДЕРАЦИИ;МИНИСТЕРСТВО ЭКОНОМИЧЕСКОГО РАЗВИТИЯ РОССИЙСКОЙ ФЕДЕРАЦИИ;07.05.2026;28.05.2026;Закупка завершена;;;25.05.2026;
44-ФЗ;№0373100068326000346;Электронный аукцион;Поставка расходных медицинских изделий (Система внешней ортопедической фиксации, многоразового использования) ;;'261771300322277130100100062310000244;;;15130978.00;RUB;0;;;;;;"ФЕДЕРАЛЬНОЕ ГОСУДАРСТВЕННОЕ БЮДЖЕТНОЕ УЧРЕЖДЕНИЕ ""НАЦИОНАЛЬНЫЙ МЕДИЦИНСКИЙ ИССЛЕДОВАТЕЛЬСКИЙ ЦЕНТР ТРАВМАТОЛОГИИ И ОРТОПЕДИИ ИМЕНИ Н.Н. ПРИОРОВА"" МИНИСТЕРСТВА ЗДРАВООХРАНЕНИЯ РОССИЙСКОЙ ФЕДЕРАЦИИ";"ФЕДЕРАЛЬНОЕ ГОСУДАРСТВЕННОЕ БЮДЖЕТНОЕ УЧРЕЖДЕНИЕ ""НАЦИОНАЛЬНЫЙ МЕДИЦИНСКИЙ ИССЛЕДОВАТЕЛЬСКИЙ ЦЕНТР ТРАВМАТОЛОГИИ И ОРТОПЕДИИ ИМЕНИ Н.Н. ПРИОРОВА"" МИНИСТЕРСТВА ЗДРАВООХРАНЕНИЯ РОССИЙСКОЙ ФЕДЕРАЦИИ";20.05.2026;28.05.2026;Закупка завершена;;;28.05.2026;
44-ФЗ;№0318300119426000642;Электронный аукцион;Приобретение жилого помещения путем участия в долевом строительстве многоквартирного дома или жилого дома блокированной застройки, состоящего из трех и более блоков, в границах муниципального образования город Краснодар;;'263231007160823100100100041004120412;;;5250003.00;RUB;0;;;;;;ДЕПАРТАМЕНТ СТРОИТЕЛЬСТВА АДМИНИСТРАЦИИ МУНИЦИПАЛЬНОГО ОБРАЗОВАНИЯ ГОРОД КРАСНОДАР;УПРАВЛЕНИЕ ЗАКУПОК АДМИНИСТРАЦИИ МУНИЦИПАЛЬНОГО ОБРАЗОВАНИЯ ГОРОД КРАСНОДАР;14.05.2026;28.05.2026;Закупка завершена;;;26.05.2026;
44-ФЗ;№0318300119426000646;Электронный аукцион;Приобретение жилого помещения путем участия в долевом строительстве многоквартирного дома или жилого дома блокированной застройки, состоящего из трех и более блоков, в границах муниципального образования город Краснодар;;'263231007160823100100100041074120412;;;5250003.00;RUB;0;;;;;;ДЕПАРТАМЕНТ СТРОИТЕЛЬСТВА АДМИНИСТРАЦИИ МУНИЦИПАЛЬНОГО ОБРАЗОВАНИЯ ГОРОД КРАСНОДАР;УПРАВЛЕНИЕ ЗАКУПОК АДМИНИСТРАЦИИ МУНИЦИПАЛЬНОГО ОБРАЗОВАНИЯ ГОРОД КРАСНОДАР;15.05.2026;28.05.2026;Закупка завершена;;;26.05.2026;
44-ФЗ;№0318300119426000661;Электронный аукцион;Приобретение жилого помещения путем участия в долевом строительстве многоквартирного дома или жилого дома блокированной застройки, состоящего из трех и более блоков, в границах муниципального образования город Краснодар;;'263231007160823100100100041204120412;;;5250003.00;RUB;0;;;;;;ДЕПАРТАМЕНТ СТРОИТЕЛЬСТВА АДМИНИСТРАЦИИ МУНИЦИПАЛЬНОГО ОБРАЗОВАНИЯ ГОРОД КРАСНОДАР;УПРАВЛЕНИЕ ЗАКУПОК АДМИНИСТРАЦИИ МУНИЦИПАЛЬНОГО ОБРАЗОВАНИЯ ГОРОД КРАСНОДАР;15.05.2026;28.05.2026;Закупка завершена;;;26.05.2026;
44-ФЗ;№0318300119426000653;Электронный аукцион;Приобретение жилого помещения путем участия в долевом строительстве многоквартирного дома или жилого дома блокированной застройки, состоящего из трех и более блоков, в границах муниципального образования город Краснодар;;'263231007160823100100100041194120412;;;5250003.00;RUB;0;;;;;;ДЕПАРТАМЕНТ СТРОИТЕЛЬСТВА АДМИНИСТРАЦИИ МУНИЦИПАЛЬНОГО ОБРАЗОВАНИЯ ГОРОД КРАСНОДАР;УПРАВЛЕНИЕ ЗАКУПОК АДМИНИСТРАЦИИ МУНИЦИПАЛЬНОГО ОБРАЗОВАНИЯ ГОРОД КРАСНОДАР;15.05.2026;28.05.2026;Закупка завершена;;;26.05.2026;
44-ФЗ;№0318300119426000659;Электронный аукцион;Приобретение жилого помещения путем участия в долевом строительстве многоквартирного дома или жилого дома блокированной застройки, состоящего из трех и более блоков, в границах муниципального образования город Краснодар;;'263231007160823100100100041114120412;;;5250003.00;RUB;0;;;;;;ДЕПАРТАМЕНТ СТРОИТЕЛЬСТВА АДМИНИСТРАЦИИ МУНИЦИПАЛЬНОГО ОБРАЗОВАНИЯ ГОРОД КРАСНОДАР;УПРАВЛЕНИЕ ЗАКУПОК АДМИНИСТРАЦИИ МУНИЦИПАЛЬНОГО ОБРАЗОВАНИЯ ГОРОД КРАСНОДАР;15.05.2026;28.05.2026;Закупка завершена;;;26.05.2026;
44-ФЗ;№0372200045326000004;Открытый конкурс в электронной форме на проведение работ по строительству, реконструкции, кап. ремонту, сносу объекта кап. строительства в соответствии с п. 8 ч. 1 ст. 33 Закона № 44-ФЗ;Выполнение работ по капитальному ремонту фасада и кровли отделения по кинопоказу «Восход» по адресу: Санкт-Петербург, ул. Пограничника Гарькавого, д.22, корп. 1, лит. А;;'262784139578378410100100160014120243;;;21517829.30;RUB;0;;;;;;"САНКТ-ПЕТЕРБУРГСКОЕ ГОСУДАРСТВЕННОЕ БЮДЖЕТНОЕ УЧРЕЖДЕНИЕ КУЛЬТУРЫ ""ПЕТЕРБУРГ-КИНО""";"САНКТ-ПЕТЕРБУРГСКОЕ ГОСУДАРСТВЕННОЕ БЮДЖЕТНОЕ УЧРЕЖДЕНИЕ КУЛЬТУРЫ ""ПЕТЕРБУРГ-КИНО""";08.05.2026;28.05.2026;Закупка завершена;;;25.05.2026;
44-ФЗ;№0318300119426000656;Электронный аукцион;Приобретение жилого помещения путем участия в долевом строительстве многоквартирного дома или жилого дома блокированной застройки, состоящего из трех и более блоков, в границах муниципального образования город Краснодар;;'263231007160823100100100041244120412;;;5250003.00;RUB;0;;;;;;ДЕПАРТАМЕНТ СТРОИТЕЛЬСТВА АДМИНИСТРАЦИИ МУНИЦИПАЛЬНОГО ОБРАЗОВАНИЯ ГОРОД КРАСНОДАР;УПРАВЛЕНИЕ ЗАКУПОК АДМИНИСТРАЦИИ МУНИЦИПАЛЬНОГО ОБРАЗОВАНИЯ ГОРОД КРАСНОДАР;15.05.2026;28.05.2026;Закупка завершена;;;26.05.2026;
44-ФЗ;№0318300119426000667;Электронный аукцион;Приобретение жилого помещения путем участия в долевом строительстве многоквартирного дома или жилого дома блокированной застройки, состоящего из трех и более блоков, в границах муниципального образования город Краснодар;;'263231007160823100100100041274120412;;;5250003.00;RUB;0;;;;;;ДЕПАРТАМЕНТ СТРОИТЕЛЬСТВА АДМИНИСТРАЦИИ МУНИЦИПАЛЬНОГО ОБРАЗОВАНИЯ ГОРОД КРАСНОДАР;УПРАВЛЕНИЕ ЗАКУПОК АДМИНИСТРАЦИИ МУНИЦИПАЛЬНОГО ОБРАЗОВАНИЯ ГОРОД КРАСНОДАР;15.05.2026;28.05.2026;Закупка завершена;;;26.05.2026;
44-ФЗ;№0173100008626000013;Открытый конкурс в электронной форме;Оказание услуг по техническому сопровождению, администрированию, сервисной поддержке и эксплуатации программно-технических средств и информационных ресурсов федеральной государственной информационной системы территориального планирования (ФГИС ТП);;'261771034949477030100100590016202246;;;25842312.00;RUB;0;;;;;;МИНИСТЕРСТВО ЭКОНОМИЧЕСКОГО РАЗВИТИЯ РОССИЙСКОЙ ФЕДЕРАЦИИ;МИНИСТЕРСТВО ЭКОНОМИЧЕСКОГО РАЗВИТИЯ РОССИЙСКОЙ ФЕДЕРАЦИИ;07.05.2026;28.05.2026;Закупка завершена;;;25.05.2026;
44-ФЗ;№0172200001426000091;Открытый конкурс в электронной форме;Выполнение работ по ремонту обеденного зала в здании ГБОУ СОШ № 504 с углубленным изучением английского языка Кировского района Санкт-Петербурга имени П.С. Кузьмина по адресу: г.Санкт-Петербург, Кировский район, бульвар Новаторов д.43 лит.А;;'262780514947978050100100120024339244;;;9923718.91;RUB;0;;;;;;ГОСУДАРСТВЕННОЕ БЮДЖЕТНОЕ ОБЩЕОБРАЗОВАТЕЛЬНОЕ УЧРЕЖДЕНИЕ СРЕДНЯЯ ОБЩЕОБРАЗОВАТЕЛЬНАЯ ШКОЛА № 504 С УГЛУБЛЕННЫМ ИЗУЧЕНИЕМ АНГЛИЙСКОГО ЯЗЫКА КИРОВСКОГО РАЙОНА САНКТ-ПЕТЕРБУРГА ИМЕНИ П.С. КУЗЬМИНА;АДМИНИСТРАЦИЯ КИРОВСКОГО РАЙОНА САНКТ-ПЕТЕРБУРГА;08.05.2026;28.05.2026;Закупка завершена;;;25.05.2026;
44-ФЗ;№0318300119426000668;Электронный аукцион;Приобретение жилого помещения путем участия в долевом строительстве многоквартирного дома или жилого дома блокированной застройки, состоящего из трех и более блоков, в границах муниципального образования город Краснодар;;'263231007160823100100100041294120412;;;5250003.00;RUB;0;;;;;;ДЕПАРТАМЕНТ СТРОИТЕЛЬСТВА АДМИНИСТРАЦИИ МУНИЦИПАЛЬНОГО ОБРАЗОВАНИЯ ГОРОД КРАСНОДАР;УПРАВЛЕНИЕ ЗАКУПОК АДМИНИСТРАЦИИ МУНИЦИПАЛЬНОГО ОБРАЗОВАНИЯ ГОРОД КРАСНОДАР;15.05.2026;28.05.2026;Закупка завершена;;;26.05.2026;
44-ФЗ;№0167200003426004272;Электронный аукцион;Оказание услуг по предоставлению (передаче) прав на программное обеспечение модуля государственной информационной системы обеспечения градостроительной деятельности Тюменской области;;'262720219020572030100102740015829246;;;20000000.00;RUB;0;;;;;;"ГОСУДАРСТВЕННОЕ КАЗЕННОЕ УЧРЕЖДЕНИЕ ТЮМЕНСКОЙ ОБЛАСТИ ""ЦЕНТР ИНФОРМАЦИОННЫХ ТЕХНОЛОГИЙ ТЮМЕНСКОЙ ОБЛАСТИ""";УПРАВЛЕНИЕ ГОСУДАРСТВЕННЫХ ЗАКУПОК ТЮМЕНСКОЙ ОБЛАСТИ;18.05.2026;28.05.2026;Закупка завершена;;;26.05.2026;
44-ФЗ;№0137200001226004309;Электронный аукцион;Выполнение работ по нанесению горизонтальной дорожной разметки термопластиком и холодным пластиком на территории городского округа города Калуги Калужской области;;'263402711693040270100100240014211244;;;19999988.11;RUB;0;;;;;;"МУНИЦИПАЛЬНОЕ КАЗЕННОЕ УЧРЕЖДЕНИЕ ""СЛУЖБА ЕДИНОГО ЗАКАЗА ГОРОДСКОГО ХОЗЯЙСТВА""";МИНИСТЕРСТВО КОНКУРЕНТНОЙ ПОЛИТИКИ КАЛУЖСКОЙ ОБЛАСТИ;20.05.2026;28.05.2026;Закупка завершена;;;28.05.2026;
