Закупки по;Реестровый номер закупки;Способ определения поставщика (подрядчика, исполнителя), подрядной организации (размещения закупки);Наименование закупки;Предмет электронного аукциона (только для ПП РФ 615);Идентификационный код закупки;Номер лота;Наименование лота;Начальная (максимальная) цена контракта;Валюта;Начальная (максимальная) цена в валюте контракта;Валюта контракта;Классификация по ОКДП;Классификация по ОКПД;Классификация по ОКПД2;Код позиции;Наименование Заказчика;Организация, осуществляющая размещение ;Дата размещения;Дата обновления;Этап закупки;Особенности размещения заказа\ Преимущества (44-ФЗ);Дата начала подачи заявок;Дата окончания подачи заявок;Дата проведения электронного аукциона
44-ФЗ;№0148200005426000210;Открытый конкурс в электронной форме;Выполнение работ по круглогодичному содержанию автомобильных дорог регионального или межмуниципального значения Московской области и их элементов (Лот 51);;'262500000152550240100107550014211244;;;246860901.86;RUB;0;;;;;;"ГОСУДАРСТВЕННОЕ БЮДЖЕТНОЕ УЧРЕЖДЕНИЕ МОСКОВСКОЙ ОБЛАСТИ ""МОСАВТОДОР""";КОМИТЕТ ПО КОНКУРЕНТНОЙ ПОЛИТИКЕ МОСКОВСКОЙ ОБЛАСТИ;13.05.2026;01.06.2026;Закупка завершена;;;01.06.2026;
44-ФЗ;№0813500000126008944;Открытый конкурс в электронной форме;№ 11237 Масло, творог для нужд учреждений Октябрьского р-на г.Ижевска;;263183106314618310100100060080000244, 263183106300118310100100060150000244, 263183106313918310100100040140000244, 263183106302618310100100040080000244, 263183106310718310100100040080000244, 263183106315318310100100030090000244, 263183106296018310100100050150000244, 263183106316018310100100060090000244, 263183106390018310100100040030000244, 263183106320218310100100160011051244, 263183106394018310100100050080000244, 263183105534618310100100060080000244, 263183106304018310100100030090000244, 263183106389018310100100060010000244, 263183106321018310100100070080000244, 263183112991118310100100040190000244, 263183109044618310100100060080000244, 263183109043918310100100060080000244;;;17709257.98;RUB;0;;;;;;;"ГОСУДАРСТВЕННОЕ КАЗЕННОЕ УЧРЕЖДЕНИЕ УДМУРТСКОЙ РЕСПУБЛИКИ ""РЕГИОНАЛЬНЫЙ ЦЕНТР ЗАКУПОК УДМУРТСКОЙ РЕСПУБЛИКИ""";14.05.2026;01.06.2026;Закупка завершена;;;01.06.2026;
44-ФЗ;№0111500005326000014;Электронный аукцион;Оказание услуг по реализации Дня Молодежи Республики Татарстан в 2026 году ;;'262165540481716550100100290019319244;;;10056800.00;RUB;0;;;;;;МИНИСТЕРСТВО ПО ДЕЛАМ МОЛОДЕЖИ РЕСПУБЛИКИ ТАТАРСТАН;МИНИСТЕРСТВО ПО ДЕЛАМ МОЛОДЕЖИ РЕСПУБЛИКИ ТАТАРСТАН;22.05.2026;01.06.2026;Закупка завершена;;;01.06.2026;
44-ФЗ;№0373200018826000353;Электронный аукцион;"Поставка многокомпонентного искусственного почвогрунта для ГБУ ""Автомобильные дороги САО""";;'262771485556577140100102000010000244;;;6480000.00;RUB;0;;;;;;"ГОСУДАРСТВЕННОЕ БЮДЖЕТНОЕ УЧРЕЖДЕНИЕ ГОРОДА МОСКВЫ ""АВТОМОБИЛЬНЫЕ ДОРОГИ СЕВЕРНОГО АДМИНИСТРАТИВНОГО ОКРУГА""";"ГОСУДАРСТВЕННОЕ КАЗЕННОЕ УЧРЕЖДЕНИЕ ГОРОДА МОСКВЫ ""ДИРЕКЦИЯ ЗАКАЗЧИКА ЖИЛИЩНО-КОММУНАЛЬНОГО ХОЗЯЙСТВА И БЛАГОУСТРОЙСТВА СЕВЕРНОГО АДМИНИСТРАТИВНОГО ОКРУГА""";21.05.2026;01.06.2026;Закупка завершена;;;29.05.2026;
44-ФЗ;№0373200018826000352;Электронный аукцион;Выполнение работ по ремонту внутридомовых инженерных систем газоснабжения в многоквартирных домах;;'262774394497177430100100470010000244;;;27173670.54;RUB;0;;;;;;"ГОСУДАРСТВЕННОЕ БЮДЖЕТНОЕ УЧРЕЖДЕНИЕ ГОРОДА МОСКВЫ ""ЖИЛИЩНИК ГОЛОВИНСКОГО РАЙОНА""";"ГОСУДАРСТВЕННОЕ КАЗЕННОЕ УЧРЕЖДЕНИЕ ГОРОДА МОСКВЫ ""ДИРЕКЦИЯ ЗАКАЗЧИКА ЖИЛИЩНО-КОММУНАЛЬНОГО ХОЗЯЙСТВА И БЛАГОУСТРОЙСТВА СЕВЕРНОГО АДМИНИСТРАТИВНОГО ОКРУГА""";20.05.2026;01.06.2026;Закупка завершена;;;28.05.2026;
44-ФЗ;№0813500000126008945;Открытый конкурс в электронной форме;№ 11236 Масло, творог для нужд учреждений Первомайского р-на г.Ижевска;;263183506345018410100100030140000244, 263183504156018410100100060160000244, 263183503691518410100100040050000244, 263183503604818410100100050070000244, 263183505130318410100100060160000244, 263183504150618410100100070100000244, 263183503278018410100100040080000244, 263183504154518410100100070070000244, 263183504159118410100100080090000244, 263183503348818410100100050100000244, 263183504145718410100100040070000244, 263183503168118410100100050120000244, 263183503615018410100100050080000244, 263183504141818410100100030070000244, 263183503448118410100100110070000244, 263183504138318410100100070090000244, 263183504929418410100100080070000244, 263183504143218410100100050080000244, 263183504137618410100100060080000244, 263183504135118410100100040080000244, 263183504891018410100100070080000244, 263183504155218410100100080080000244, 263183504152018410100100070070000244;;;15479058.40;RUB;0;;;;;;;"ГОСУДАРСТВЕННОЕ КАЗЕННОЕ УЧРЕЖДЕНИЕ УДМУРТСКОЙ РЕСПУБЛИКИ ""РЕГИОНАЛЬНЫЙ ЦЕНТР ЗАКУПОК УДМУРТСКОЙ РЕСПУБЛИКИ""";14.05.2026;01.06.2026;Закупка завершена;;;01.06.2026;
44-ФЗ;№0148200005426000205;Открытый конкурс в электронной форме;Выполнение работ по круглогодичному содержанию автомобильных дорог регионального или межмуниципального значения Московской области и их элементов (Лот 40);;'262500000152550240100107640014211244;;;132835224.86;RUB;0;;;;;;"ГОСУДАРСТВЕННОЕ БЮДЖЕТНОЕ УЧРЕЖДЕНИЕ МОСКОВСКОЙ ОБЛАСТИ ""МОСАВТОДОР""";КОМИТЕТ ПО КОНКУРЕНТНОЙ ПОЛИТИКЕ МОСКОВСКОЙ ОБЛАСТИ;13.05.2026;01.06.2026;Закупка завершена;;;01.06.2026;
44-ФЗ;№0846600002126000308;Электронный аукцион на проведение работ по строительству, реконструкции, кап. ремонту, сносу объекта кап. строительства в соответствии с п. 8 ч. 1 ст. 33 Закона № 44-ФЗ;"Выполнение работ по объекту: ""Техперевооружение участка тепловой сети по ул. И.Франко от ТК-94 до угла ул. Минина"".";;'263482600198248250100100130014399000;;;17608699.00;RUB;0;;;;;;"МУНИЦИПАЛЬНОЕ УНИТАРНОЕ ПРЕДПРИЯТИЕ ""ЛИПЕЦКТЕПЛОСЕТЬ""";"МУНИЦИПАЛЬНОЕ КАЗЕННОЕ УЧРЕЖДЕНИЕ ""УПРАВЛЕНИЕ МУНИЦИПАЛЬНОГО ЗАКАЗА ГОРОДА ЛИПЕЦКА""";21.05.2026;01.06.2026;Закупка завершена;;;29.05.2026;
44-ФЗ;№0859200001126006263;Электронный аукцион;Оказание услуг по обеспечению функционирования элементов инфраструктуры электронного правительства в Рязанской области;;'262623411959562340100100260016311244;;;61391123.44;RUB;0;;;;;;"ГОСУДАРСТВЕННОЕ КАЗЕННОЕ УЧРЕЖДЕНИЕ РЯЗАНСКОЙ ОБЛАСТИ ""ЦЕНТР ИНФОРМАЦИОННЫХ ТЕХНОЛОГИЙ РЯЗАНСКОЙ ОБЛАСТИ""";"ГОСУДАРСТВЕННОЕ КАЗЕННОЕ УЧРЕЖДЕНИЕ РЯЗАНСКОЙ ОБЛАСТИ ""ЦЕНТР ЗАКУПОК РЯЗАНСКОЙ ОБЛАСТИ""";20.05.2026;01.06.2026;Закупка завершена;;;29.05.2026;
44-ФЗ;№0813500000126008948;Открытый конкурс в электронной форме;№ 11230 Масло, творог для нужд учреждений Индустриального р-на г.Ижевска;;263183301660018400100100040080000244, 263183302297018400100100030080000244, 263183302267418400100100050030000244, 263183302260318400100100050020000244, 263183302257918400100100050080000244, 263183302256118400100100050080000244, 263183302265018400100100050030000244, 263183303190418400100100060040000244, 263183302272318400100100060080000244, 263183302300418400100100030090000244, 263183302254718400100100060020000244, 263183302271618400100100040150000244, 263184001131318400100100040070000244, 263183302288218400100100050070000244, 262183101818218400100100170011051244, 263183302292418400100100040080000244, 263183302253018400100100070090000244, 263183302286818400100100040170000244, 263183302264218400100100060020000244, 263183302381518400100100060110000244, 263183303831418400100100030040000244, 263183301659018400100100030080000244, 263183302274818400100100030090000244;;;15764686.82;RUB;0;;;;;;;"ГОСУДАРСТВЕННОЕ КАЗЕННОЕ УЧРЕЖДЕНИЕ УДМУРТСКОЙ РЕСПУБЛИКИ ""РЕГИОНАЛЬНЫЙ ЦЕНТР ЗАКУПОК УДМУРТСКОЙ РЕСПУБЛИКИ""";14.05.2026;01.06.2026;Закупка завершена;;;01.06.2026;
44-ФЗ;№0318100050626000121;Электронный аукцион;Продукты питания;;'261230401425623040100100370260000244;;;5020388.50;RUB;0;;;;;;"ФЕДЕРАЛЬНОЕ ГОСУДАРСТВЕННОЕ БЮДЖЕТНОЕ УЧРЕЖДЕНИЕ ТУБЕРКУЛЕЗНЫЙ САНАТОРИЙ ""ГОЛУБАЯ БУХТА"" МИНИСТЕРСТВА ЗДРАВООХРАНЕНИЯ РОССИЙСКОЙ ФЕДЕРАЦИИ";"ФЕДЕРАЛЬНОЕ ГОСУДАРСТВЕННОЕ БЮДЖЕТНОЕ УЧРЕЖДЕНИЕ ТУБЕРКУЛЕЗНЫЙ САНАТОРИЙ ""ГОЛУБАЯ БУХТА"" МИНИСТЕРСТВА ЗДРАВООХРАНЕНИЯ РОССИЙСКОЙ ФЕДЕРАЦИИ";21.05.2026;01.06.2026;Закупка завершена;;;29.05.2026;
44-ФЗ;№0142200001326011546;Электронный аукцион;Поставка лекарственного препарата «Рисдиплам» в рамках льготного лекарственного обеспечения на 2026 год. (п26-01-2897);;'262631819736763180100100951560000000;;;87267706.70;RUB;0;;;;;;"ГОСУДАРСТВЕННОЕ КАЗЕННОЕ УЧРЕЖДЕНИЕ САМАРСКОЙ ОБЛАСТИ ""САМАРАФАРМАЦИЯ""";КОМИТЕТ ПО ОРГАНИЗАЦИИ ТОРГОВ САМАРСКОЙ ОБЛАСТИ;21.05.2026;01.06.2026;Закупка завершена;;;29.05.2026;
44-ФЗ;№0846600002126000309;Электронный аукцион на проведение работ по строительству, реконструкции, кап. ремонту, сносу объекта кап. строительства в соответствии с п. 8 ч. 1 ст. 33 Закона № 44-ФЗ;Выполнение работ по объекту: Реконструкция теплотрассы по ул.Пожарского от ТК-84 до ТК-90а (I, II, III этапы строительства).;;'263482600198248250100100110014399000;;;182514424.00;RUB;0;;;;;;"МУНИЦИПАЛЬНОЕ УНИТАРНОЕ ПРЕДПРИЯТИЕ ""ЛИПЕЦКТЕПЛОСЕТЬ""";"МУНИЦИПАЛЬНОЕ КАЗЕННОЕ УЧРЕЖДЕНИЕ ""УПРАВЛЕНИЕ МУНИЦИПАЛЬНОГО ЗАКАЗА ГОРОДА ЛИПЕЦКА""";21.05.2026;01.06.2026;Закупка завершена;;;29.05.2026;
44-ФЗ;№0345300138926000013;Открытый конкурс в электронной форме;Выполнение работ по уборке, уходу и содержанию зеленых насаждений общего пользования и территорий ФКГС в муниципальном образовании «Муринское городское поселение» Всеволожского муниципального района Ленинградской области, во втором полугодии 2026 года, включая поставку элементов благоустройства;;'263470304885347030100100180010000244;;;23345789.36;RUB;0;;;;;;"МУНИЦИПАЛЬНОЕ БЮДЖЕТНОЕ УЧРЕЖДЕНИЕ ""СОДЕРЖАНИЕ И РАЗВИТИЕ ТЕРРИТОРИИ"" МУНИЦИПАЛЬНОГО ОБРАЗОВАНИЯ ""МУРИНСКОЕ ГОРОДСКОЕ ПОСЕЛЕНИЕ"" ВСЕВОЛОЖСКОГО МУНИЦИПАЛЬНОГО РАЙОНА ЛЕНИНГРАДСКОЙ ОБЛАСТИ";"МУНИЦИПАЛЬНОЕ БЮДЖЕТНОЕ УЧРЕЖДЕНИЕ ""СОДЕРЖАНИЕ И РАЗВИТИЕ ТЕРРИТОРИИ"" МУНИЦИПАЛЬНОГО ОБРАЗОВАНИЯ ""МУРИНСКОЕ ГОРОДСКОЕ ПОСЕЛЕНИЕ"" ВСЕВОЛОЖСКОГО МУНИЦИПАЛЬНОГО РАЙОНА ЛЕНИНГРАДСКОЙ ОБЛАСТИ";13.05.2026;01.06.2026;Закупка завершена;;;29.05.2026;
44-ФЗ;№0372200219626000188;Электронный аукцион;ПОСТАВКА ЛЕКАРСТВЕННОГО ПРЕПАРАТА ДЛЯ МЕДИЦИНСКОГО ПРИМЕНЕНИЯ  (глекапревир+пибрентасвир);;'262782566168578420100101780012120244;;;15105834.20;RUB;0;;;;;;"САНКТ-ПЕТЕРБУРГСКОЕ ГОСУДАРСТВЕННОЕ БЮДЖЕТНОЕ УЧРЕЖДЕНИЕ ЗДРАВООХРАНЕНИЯ ""КЛИНИЧЕСКАЯ ИНФЕКЦИОННАЯ БОЛЬНИЦА ИМ. С.П. БОТКИНА""";"САНКТ-ПЕТЕРБУРГСКОЕ ГОСУДАРСТВЕННОЕ КАЗЕННОЕ УЧРЕЖДЕНИЕ ""ДИРЕКЦИЯ ПО ЗАКУПКАМ КОМИТЕТА ПО ЗДРАВООХРАНЕНИЮ""";21.05.2026;01.06.2026;Закупка завершена;;;29.05.2026;
44-ФЗ;№0373400006726000071;Открытый конкурс в электронной форме;Оказание услуг по комплексному обследованию технического состояния фасада здания с целью составления дефектных ведомостей, определение плана ремонтных работ по обустройству навесной фасадной системы, по подготовке проектно-сметной документации для капитального ремонта объекта недвижимого имущества ФГБУ «ИМГРЭ»  по адресу: г. Москва, ул. Вересаева, д.15;;'261773139416077310100100620017112243;;;10000000.00;RUB;0;;;;;;"ФЕДЕРАЛЬНОЕ ГОСУДАРСТВЕННОЕ БЮДЖЕТНОЕ УЧРЕЖДЕНИЕ ""ИНСТИТУТ МИНЕРАЛОГИИ, ГЕОХИМИИ И КРИСТАЛЛОХИМИИ РЕДКИХ ЭЛЕМЕНТОВ""";"ФЕДЕРАЛЬНОЕ ГОСУДАРСТВЕННОЕ БЮДЖЕТНОЕ УЧРЕЖДЕНИЕ ""ИНСТИТУТ МИНЕРАЛОГИИ, ГЕОХИМИИ И КРИСТАЛЛОХИМИИ РЕДКИХ ЭЛЕМЕНТОВ""";14.05.2026;01.06.2026;Закупка завершена;;;01.06.2026;
44-ФЗ;№0373200002826000129;Электронный аукцион;"Поставка кресел для конференц зала для нужд ГБУЗ ""ЦПРиН ДЗМ"" в 2026 году.";;'262770906570977090100101430010000244;;;5399400.60;RUB;0;;;;;;"ГОСУДАРСТВЕННОЕ БЮДЖЕТНОЕ УЧРЕЖДЕНИЕ ЗДРАВООХРАНЕНИЯ ГОРОДА МОСКВЫ ""ЦЕНТР ПАТОЛОГИИ РЕЧИ И НЕЙРОРЕАБИЛИТАЦИИ ДЕПАРТАМЕНТА ЗДРАВООХРАНЕНИЯ ГОРОДА МОСКВЫ""";"ГОСУДАРСТВЕННОЕ БЮДЖЕТНОЕ УЧРЕЖДЕНИЕ ЗДРАВООХРАНЕНИЯ ГОРОДА МОСКВЫ ""ЦЕНТР ПАТОЛОГИИ РЕЧИ И НЕЙРОРЕАБИЛИТАЦИИ ДЕПАРТАМЕНТА ЗДРАВООХРАНЕНИЯ ГОРОДА МОСКВЫ""";21.05.2026;01.06.2026;Закупка завершена;;;29.05.2026;
44-ФЗ;№0829500001126003330;Электронный аукцион;Поставка лекарственного препарата для медицинского применения Пэгфилграстим;;'262344390134534430100105030012120244;;;12075796.80;RUB;0;;;;;;"ГОСУДАРСТВЕННОЕ БЮДЖЕТНОЕ УЧРЕЖДЕНИЕ ЗДРАВООХРАНЕНИЯ ""ВОЛГОГРАДСКИЙ ОБЛАСТНОЙ КЛИНИЧЕСКИЙ ОНКОЛОГИЧЕСКИЙ ДИСПАНСЕР""";"ГОСУДАРСТВЕННОЕ КАЗЕННОЕ УЧРЕЖДЕНИЕ  ""ЦЕНТР СОПРОВОЖДЕНИЯ ЗАКУПОК ГОСУДАРСТВЕННЫХ УЧРЕЖДЕНИЙ ЗДРАВООХРАНЕНИЯ ВОЛГОГРАДСКОЙ ОБЛАСТИ""";19.05.2026;01.06.2026;Закупка завершена;;;28.05.2026;
44-ФЗ;№0207100000126000170;Открытый конкурс в электронной форме;Выполнение работ по изготовлению протеза при вычленении бедра модульного с микропроцессорным управлением, в том числе при недоразвитии конечности в целях социального обеспечения граждан;;'261110147140011010100102950013250323;;;5021007.63;RUB;0;;;;;;ОТДЕЛЕНИЕ ФОНДА ПЕНСИОННОГО И СОЦИАЛЬНОГО СТРАХОВАНИЯ РОССИЙСКОЙ ФЕДЕРАЦИИ ПО РЕСПУБЛИКЕ КОМИ;ОТДЕЛЕНИЕ ФОНДА ПЕНСИОННОГО И СОЦИАЛЬНОГО СТРАХОВАНИЯ РОССИЙСКОЙ ФЕДЕРАЦИИ ПО РЕСПУБЛИКЕ КОМИ;12.05.2026;01.06.2026;Закупка завершена;;;28.05.2026;
44-ФЗ;№0311300268226000069;Запрос котировок в электронной форме;"Поставка изделий медицинского назначения (электрод) для нужд ГАУЗ ""Городская клиническая больница №16""г. Казани";;'262165801915416580100101040013250244;;;6565614.00;RUB;0;;;;;;"ГОСУДАРСТВЕННОЕ АВТОНОМНОЕ УЧРЕЖДЕНИЕ ЗДРАВООХРАНЕНИЯ ""ГОРОДСКАЯ КЛИНИЧЕСКАЯ БОЛЬНИЦА №16"" Г.КАЗАНИ";"ГОСУДАРСТВЕННОЕ АВТОНОМНОЕ УЧРЕЖДЕНИЕ ЗДРАВООХРАНЕНИЯ ""ГОРОДСКАЯ КЛИНИЧЕСКАЯ БОЛЬНИЦА №16"" Г.КАЗАНИ";25.05.2026;01.06.2026;Закупка завершена;;;01.06.2026;
44-ФЗ;№0366200035626003475;Электронный аукцион;Оказание услуг по расширению и развитию лабораторной информационной системы патологоанатомического отделения для ГУЗ «ТОКОД»;;'262710501529371050100100120110000244;;;7000000.00;RUB;0;;;;;;"ГОСУДАРСТВЕННОЕ УЧРЕЖДЕНИЕ ЗДРАВООХРАНЕНИЯ ""ТУЛЬСКИЙ ОБЛАСТНОЙ КЛИНИЧЕСКИЙ ОНКОЛОГИЧЕСКИЙ ДИСПАНСЕР""";"ГОСУДАРСТВЕННОЕ КАЗЕННОЕ УЧРЕЖДЕНИЕ ТУЛЬСКОЙ ОБЛАСТИ ""ЦЕНТР ОРГАНИЗАЦИИ ЗАКУПОК""";20.05.2026;01.06.2026;Закупка завершена;;;28.05.2026;
44-ФЗ;№0372200219626000191;Электронный аукцион;ПОСТАВКА ЛЕКАРСТВЕННОГО ПРЕПАРАТА ДЛЯ МЕДИЦИНСКОГО ПРИМЕНЕНИЯ  (Гразопревир+ Элбасвир);;'262782566168578420100101790012120244;;;33438681.60;RUB;0;;;;;;"САНКТ-ПЕТЕРБУРГСКОЕ ГОСУДАРСТВЕННОЕ БЮДЖЕТНОЕ УЧРЕЖДЕНИЕ ЗДРАВООХРАНЕНИЯ ""КЛИНИЧЕСКАЯ ИНФЕКЦИОННАЯ БОЛЬНИЦА ИМ. С.П. БОТКИНА""";"САНКТ-ПЕТЕРБУРГСКОЕ ГОСУДАРСТВЕННОЕ КАЗЕННОЕ УЧРЕЖДЕНИЕ ""ДИРЕКЦИЯ ПО ЗАКУПКАМ КОМИТЕТА ПО ЗДРАВООХРАНЕНИЮ""";21.05.2026;01.06.2026;Закупка завершена;;;29.05.2026;
44-ФЗ;№0172200001526000005;Открытый конкурс в электронной форме;"Оказание услуг по организации и проведению молодежного форума - ""ДОБРОФОРУМ"", демонстрирующего деятельность молодежного добровольческого движения в Санкт-Петербурге";;'262781203515178380100100010019329244;;;6624600.00;RUB;0;;;;;;КОМИТЕТ ПО МОЛОДЕЖНОЙ ПОЛИТИКЕ И ВЗАИМОДЕЙСТВИЮ С ОБЩЕСТВЕННЫМИ ОРГАНИЗАЦИЯМИ;КОМИТЕТ ПО МОЛОДЕЖНОЙ ПОЛИТИКЕ И ВЗАИМОДЕЙСТВИЮ С ОБЩЕСТВЕННЫМИ ОРГАНИЗАЦИЯМИ;15.05.2026;01.06.2026;Закупка завершена;;;01.06.2026;
44-ФЗ;№0207100000126000189;Электронный аукцион;поставка легковых автомобилей с адаптированными органами управления, предназначенных для застрахованных лиц с ограниченными физическими возможностями, получивших повреждение здоровья вследствие несчастного случая на производстве и (или) профессионального заболевания, в целях социального обеспечения граждан;;'261110147140011010100100680012910323;;;5002000.00;RUB;0;;;;;;ОТДЕЛЕНИЕ ФОНДА ПЕНСИОННОГО И СОЦИАЛЬНОГО СТРАХОВАНИЯ РОССИЙСКОЙ ФЕДЕРАЦИИ ПО РЕСПУБЛИКЕ КОМИ;ОТДЕЛЕНИЕ ФОНДА ПЕНСИОННОГО И СОЦИАЛЬНОГО СТРАХОВАНИЯ РОССИЙСКОЙ ФЕДЕРАЦИИ ПО РЕСПУБЛИКЕ КОМИ;21.05.2026;01.06.2026;Закупка завершена;;;29.05.2026;
44-ФЗ;№0173100007726000088;Открытый конкурс в электронной форме;Разработка проектной документации для проведения реставрационных работ по сохранению объектов культурного наследия: федерального значения «Архиерейский дом», XIX в., входящий в состав объекта культурного наследия федерального значения «Ансамбль Знаменского монастыря», расположенный по адресу: Курская область, г. Курск, ул. Луначарского, д. 6, и объект культурного наследия регионального значения «Тускарные ворота», последняя четверть XIX в., расположенный по адресу: Курская область, г. Курск, ул. Луначарского, д. 8;;'261770585133177030100100410380000243;;;46793162.14;RUB;0;;;;;;МИНИСТЕРСТВО КУЛЬТУРЫ РОССИЙСКОЙ ФЕДЕРАЦИИ;МИНИСТЕРСТВО КУЛЬТУРЫ РОССИЙСКОЙ ФЕДЕРАЦИИ;15.05.2026;01.06.2026;Закупка завершена;;;01.06.2026;
44-ФЗ;№0144200002426000163;Открытый конкурс в электронной форме на проведение работ по строительству, реконструкции, кап. ремонту, сносу объекта кап. строительства в соответствии с п. 8 ч. 1 ст. 33 Закона № 44-ФЗ;"Капитальный ремонт здания МБОУ ""Средняя общеобразовательная школа с углубленным изучением предметов художественно-эстетического цикла №27 имени А.А.Дейнеки""";;'263462904271846320100100310014120243;;;126530007.00;RUB;0;;;;;;КОМИТЕТ ОБРАЗОВАНИЯ ГОРОДА КУРСКА;МИНИСТЕРСТВО ГРАДОСТРОИТЕЛЬНОЙ ПОЛИТИКИ, ИМУЩЕСТВЕННЫХ И ЗЕМЕЛЬНЫХ ОТНОШЕНИЙ КУРСКОЙ ОБЛАСТИ;28.04.2026;01.06.2026;Закупка завершена;;;14.05.2026;
44-ФЗ;№0343100000726000824;Электронный аукцион;Поставка сервера;;'261450102221045010100100081340000244;;;34760997.00;RUB;0;;;;;;"ФЕДЕРАЛЬНОЕ ГОСУДАРСТВЕННОЕ БЮДЖЕТНОЕ УЧРЕЖДЕНИЕ ""НАЦИОНАЛЬНЫЙ МЕДИЦИНСКИЙ ИССЛЕДОВАТЕЛЬСКИЙ ЦЕНТР ТРАВМАТОЛОГИИ И ОРТОПЕДИИ ИМЕНИ АКАДЕМИКА Г.А. ИЛИЗАРОВА"" МИНИСТЕРСТВА ЗДРАВООХРАНЕНИЯ РОССИЙСКОЙ ФЕДЕРАЦИИ";"ФЕДЕРАЛЬНОЕ ГОСУДАРСТВЕННОЕ БЮДЖЕТНОЕ УЧРЕЖДЕНИЕ ""НАЦИОНАЛЬНЫЙ МЕДИЦИНСКИЙ ИССЛЕДОВАТЕЛЬСКИЙ ЦЕНТР ТРАВМАТОЛОГИИ И ОРТОПЕДИИ ИМЕНИ АКАДЕМИКА Г.А. ИЛИЗАРОВА"" МИНИСТЕРСТВА ЗДРАВООХРАНЕНИЯ РОССИЙСКОЙ ФЕДЕРАЦИИ";22.05.2026;01.06.2026;Закупка завершена;;;01.06.2026;
44-ФЗ;№0132600032726000378;Электронный аукцион на проведение работ по строительству, реконструкции, кап. ремонту, сносу объекта кап. строительства в соответствии с п. 8 ч. 1 ст. 33 Закона № 44-ФЗ;Снос объекта капитального строительства, расположенного по адресу: г. Нижний Новгород, Московское шоссе, д. 314 литера А;;'263525701339252570100100760014311244;;;8221806.04;RUB;0;;;;;;АДМИНИСТРАЦИЯ КАНАВИНСКОГО РАЙОНА ГОРОДА НИЖНЕГО НОВГОРОДА;Департамент экономического развития и инвестиций администрации города Нижнего Новгорода;22.05.2026;01.06.2026;Закупка завершена;;;01.06.2026;
44-ФЗ;№0142200001326011542;Электронный аукцион;Поставка лекарственного препарата «СЕЛЕКСИПАГ» в рамках льготного лекарственного обеспечения на 2026 год.(п26-01-2776);;'262631819736763180100100951520000000;;;22135776.00;RUB;0;;;;;;"ГОСУДАРСТВЕННОЕ КАЗЕННОЕ УЧРЕЖДЕНИЕ САМАРСКОЙ ОБЛАСТИ ""САМАРАФАРМАЦИЯ""";КОМИТЕТ ПО ОРГАНИЗАЦИИ ТОРГОВ САМАРСКОЙ ОБЛАСТИ;21.05.2026;01.06.2026;Закупка завершена;;;29.05.2026;
44-ФЗ;№0142200001326011547;Электронный аукцион;Поставка лекарственных препаратов «Тезепелумаб» в рамках льготного лекарственного обеспечения на 2026 год. (п26-01-2900);;'262631819736763180100100951540000000;;;30020344.78;RUB;0;;;;;;"ГОСУДАРСТВЕННОЕ КАЗЕННОЕ УЧРЕЖДЕНИЕ САМАРСКОЙ ОБЛАСТИ ""САМАРАФАРМАЦИЯ""";КОМИТЕТ ПО ОРГАНИЗАЦИИ ТОРГОВ САМАРСКОЙ ОБЛАСТИ;21.05.2026;01.06.2026;Закупка завершена;;;29.05.2026;
44-ФЗ;№0373100115126000015;Электронный аукцион;"Оказание транспортно-экспедиционных услуг, связанных с возвратом экспонатов временной выставки под рабочим названием ""Беатриса Сандомирская""";;'261770401841677040100100170015229244;;;6539740.01;RUB;0;;;;;;"ФЕДЕРАЛЬНОЕ ГОСУДАРСТВЕННОЕ БЮДЖЕТНОЕ УЧРЕЖДЕНИЕ КУЛЬТУРЫ ""ГОСУДАРСТВЕННЫЙ МУЗЕЙ ИЗОБРАЗИТЕЛЬНЫХ ИСКУССТВ ИМЕНИ А.С.ПУШКИНА""";"ФЕДЕРАЛЬНОЕ ГОСУДАРСТВЕННОЕ БЮДЖЕТНОЕ УЧРЕЖДЕНИЕ КУЛЬТУРЫ ""ГОСУДАРСТВЕННЫЙ МУЗЕЙ ИЗОБРАЗИТЕЛЬНЫХ ИСКУССТВ ИМЕНИ А.С.ПУШКИНА""";21.05.2026;01.06.2026;Закупка завершена;;;01.06.2026;
44-ФЗ;№0142200001326011543;Электронный аукцион;Поставка лекарственного препарата «Сипонимод» в рамках льготного лекарственного обеспечения на 2026 год. (п26-01-2898);;'262631819736763180100100951550000000;;;25314838.08;RUB;0;;;;;;"ГОСУДАРСТВЕННОЕ КАЗЕННОЕ УЧРЕЖДЕНИЕ САМАРСКОЙ ОБЛАСТИ ""САМАРАФАРМАЦИЯ""";КОМИТЕТ ПО ОРГАНИЗАЦИИ ТОРГОВ САМАРСКОЙ ОБЛАСТИ;21.05.2026;01.06.2026;Закупка завершена;;;29.05.2026;
44-ФЗ;№0137200001226004404;Электронный аукцион;Поставка лекарственного препарата для медицинского применения (МНН КАЛИЯ ХЛОРИД+КАЛЬЦИЯ ХЛОРИД+НАТРИЯ ХЛОРИД) (лот 104.1);;'262402702230540270100107900022120000;;;5537250.00;RUB;0;;;;;;"ГОСУДАРСТВЕННОЕ ПРЕДПРИЯТИЕ КАЛУЖСКОЙ ОБЛАСТИ ""КАЛУГАФАРМАЦИЯ""";МИНИСТЕРСТВО КОНКУРЕНТНОЙ ПОЛИТИКИ КАЛУЖСКОЙ ОБЛАСТИ;22.05.2026;01.06.2026;Закупка завершена;;;01.06.2026;
44-ФЗ;№0145100003626000014;Электронный аукцион;Поставка и монтаж системы видеонаблюдения, включая демонтаж компонентов ранее установленной системы видеонаблюдения для нужд УФНС России по Ленинградской области;;'261780615917378060100100670010000244;;;7835137.94;RUB;0;;;;;;УПРАВЛЕНИЕ ФЕДЕРАЛЬНОЙ НАЛОГОВОЙ СЛУЖБЫ ПО ЛЕНИНГРАДСКОЙ ОБЛАСТИ;УПРАВЛЕНИЕ ФЕДЕРАЛЬНОЙ НАЛОГОВОЙ СЛУЖБЫ ПО ЛЕНИНГРАДСКОЙ ОБЛАСТИ;22.05.2026;01.06.2026;Закупка завершена;;;01.06.2026;
44-ФЗ;№0111100008426000039;Электронный аукцион;Ремонт программно-технических средств, восстановление ресурсных характеристик печатающих устройств для нужд районных (городских) судов Республики Татарстан;;'261165403402416550100100730019511242;;;6807179.94;RUB;0;;;;;;УПРАВЛЕНИЕ СУДЕБНОГО ДЕПАРТАМЕНТА В РЕСПУБЛИКЕ ТАТАРСТАН;УПРАВЛЕНИЕ СУДЕБНОГО ДЕПАРТАМЕНТА В РЕСПУБЛИКЕ ТАТАРСТАН;22.05.2026;01.06.2026;Закупка завершена;;;01.06.2026;
44-ФЗ;№0244100000526000064;Запрос котировок в электронной форме;Выполнение работ по текущему ремонту помещений административного здания ОСФР по Курской области, расположенного по адресу: Курская обл., г. Курск, ул. Мирная, д. 20.;;'261462902698846320100100760014339244;;;9794019.00;RUB;0;;;;;;ОТДЕЛЕНИЕ ФОНДА ПЕНСИОННОГО И СОЦИАЛЬНОГО СТРАХОВАНИЯ РОССИЙСКОЙ ФЕДЕРАЦИИ ПО КУРСКОЙ ОБЛАСТИ;ОТДЕЛЕНИЕ ФОНДА ПЕНСИОННОГО И СОЦИАЛЬНОГО СТРАХОВАНИЯ РОССИЙСКОЙ ФЕДЕРАЦИИ ПО КУРСКОЙ ОБЛАСТИ;21.05.2026;01.06.2026;Закупка завершена;;;01.06.2026;
44-ФЗ;№0142200001326011544;Электронный аукцион;Поставка лекарственного препарата «Нусинерсен» в рамках льготного лекарственного обеспечения на 2026 год.( п26-01-2924);;'262631819736763180100100951630000000;;;10131000.00;RUB;0;;;;;;"ГОСУДАРСТВЕННОЕ КАЗЕННОЕ УЧРЕЖДЕНИЕ САМАРСКОЙ ОБЛАСТИ ""САМАРАФАРМАЦИЯ""";КОМИТЕТ ПО ОРГАНИЗАЦИИ ТОРГОВ САМАРСКОЙ ОБЛАСТИ;21.05.2026;01.06.2026;Закупка завершена;;;29.05.2026;
44-ФЗ;№0142200001326011545;Электронный аукцион;Поставка лекарственного препарата «Ивакафтор+Тезакафтор+Элексакафтор и Ивакафтор» в рамках льготного лекарственного обеспечения на 2026 год. (п26-01-2896);;'262631819736763180100100951570000000;;;40464982.80;RUB;0;;;;;;"ГОСУДАРСТВЕННОЕ КАЗЕННОЕ УЧРЕЖДЕНИЕ САМАРСКОЙ ОБЛАСТИ ""САМАРАФАРМАЦИЯ""";КОМИТЕТ ПО ОРГАНИЗАЦИИ ТОРГОВ САМАРСКОЙ ОБЛАСТИ;21.05.2026;01.06.2026;Закупка завершена;;;29.05.2026;
44-ФЗ;№0148200005426000220;Открытый конкурс в электронной форме;Выполнение работ и оказание услуг, связанных с одновременным выполнением инженерных изысканий, подготовкой проектной документации, выполнением работ по капитальному ремонту объекта капитального строительства и поставкой оборудования необходимого для обеспечения эксплуатации объекта по мероприятию: Капитальный ремонт ЦТП-3 по адресу: Московская область, г.о. Луховицы, г. Луховицы, ул. Жуковского, д. 25 б (в т.ч. ПИР);;'263507272297450720100100510014120243;;;78442290.00;RUB;0;;;;;;АДМИНИСТРАЦИЯ МУНИЦИПАЛЬНОГО ОКРУГА ЛУХОВИЦЫ МОСКОВСКОЙ ОБЛАСТИ;КОМИТЕТ ПО КОНКУРЕНТНОЙ ПОЛИТИКЕ МОСКОВСКОЙ ОБЛАСТИ;15.05.2026;01.06.2026;Закупка завершена;;;01.06.2026;
44-ФЗ;№0373100011826000042;Электронный аукцион;Оборудование для ОЭБ;;'261771714966377170100100370012651244;;;33404280.00;RUB;0;;;;;;"ФЕДЕРАЛЬНОЕ БЮДЖЕТНОЕ УЧРЕЖДЕНИЕ ЗДРАВООХРАНЕНИЯ ""ЦЕНТР ГИГИЕНЫ И ЭПИДЕМИОЛОГИИ В ГОРОДЕ МОСКВЕ""";"ФЕДЕРАЛЬНОЕ БЮДЖЕТНОЕ УЧРЕЖДЕНИЕ ЗДРАВООХРАНЕНИЯ ""ЦЕНТР ГИГИЕНЫ И ЭПИДЕМИОЛОГИИ В ГОРОДЕ МОСКВЕ""";22.05.2026;01.06.2026;Закупка завершена;;;01.06.2026;
44-ФЗ;№0348100007526000042;Электронный аукцион;Распылительная сушилка;;'261502703128450270100100330402899244;;;6074958.67;RUB;0;;;;;;"ФЕДЕРАЛЬНОЕ ГОСУДАРСТВЕННОЕ БЮДЖЕТНОЕ НАУЧНОЕ УЧРЕЖДЕНИЕ ""ФЕДЕРАЛЬНЫЙ ИССЛЕДОВАТЕЛЬСКИЙ ЦЕНТР КАРТОФЕЛЯ ИМЕНИ А.Г. ЛОРХА""";"ФЕДЕРАЛЬНОЕ ГОСУДАРСТВЕННОЕ БЮДЖЕТНОЕ НАУЧНОЕ УЧРЕЖДЕНИЕ ""ФЕДЕРАЛЬНЫЙ ИССЛЕДОВАТЕЛЬСКИЙ ЦЕНТР КАРТОФЕЛЯ ИМЕНИ А.Г. ЛОРХА""";20.05.2026;01.06.2026;Закупка завершена;;;28.05.2026;
44-ФЗ;№0387200008526000090;Запрос котировок в электронной форме;Поставка медицинских изделий (Стол операционный универсальный) для объекта: «Бюджетное учреждение Ханты – Мансийского автономного округа — Югры «Нефтеюганская районная больница». Поликлиника»;;'262860102030286010100103460013250414;;;8283333.31;RUB;0;;;;;;"КАЗЕННОЕ УЧРЕЖДЕНИЕ ХАНТЫ-МАНСИЙСКОГО АВТОНОМНОГО ОКРУГА - ЮГРЫ ""УПРАВЛЕНИЕ КАПИТАЛЬНОГО СТРОИТЕЛЬСТВА""";"КАЗЕННОЕ УЧРЕЖДЕНИЕ ХАНТЫ-МАНСИЙСКОГО АВТОНОМНОГО ОКРУГА - ЮГРЫ ""УПРАВЛЕНИЕ КАПИТАЛЬНОГО СТРОИТЕЛЬСТВА""";25.05.2026;01.06.2026;Закупка завершена;;;01.06.2026;
44-ФЗ;№0149200002326002845;Электронный аукцион;Выполнение работ установке недостающих дорожных знаков на автомобильных дорогах общего пользования регионального значения Мурманской области;;'262519150092451900100100530014211244;;;57416036.06;RUB;0;;;;;;ГОСУДАРСТВЕННОЕ ОБЛАСТНОЕ КАЗЕННОЕ УЧРЕЖДЕНИЕ ПО УПРАВЛЕНИЮ АВТОМОБИЛЬНЫМИ ДОРОГАМИ МУРМАНСКОЙ ОБЛАСТИ;КОМИТЕТ ПО КОНКУРЕНТНОЙ ПОЛИТИКЕ МУРМАНСКОЙ ОБЛАСТИ;20.05.2026;01.06.2026;Закупка завершена;;;29.05.2026;
44-ФЗ;№0873200009826002344;Запрос котировок в электронной форме;Поставка лекарственного препарата (Леналидомид) для обеспечения граждан, имеющих право на получение государственной социальной помощи в городе Москве (УНЗ: Z2618724 - повторная закупка);;'262771433860977140100119820010000323;;;7350157.50;RUB;0;;;;;;"ГОСУДАРСТВЕННОЕ КАЗЕННОЕ УЧРЕЖДЕНИЕ ГОРОДА МОСКВЫ ""АГЕНТСТВО ПО ЗАКУПКАМ (КОНТРАКТНАЯ СЛУЖБА) ДЕПАРТАМЕНТА ЗДРАВООХРАНЕНИЯ ГОРОДА МОСКВЫ""";"ГОСУДАРСТВЕННОЕ КАЗЕННОЕ УЧРЕЖДЕНИЕ ГОРОДА МОСКВЫ ""АГЕНТСТВО ПО ЗАКУПКАМ (КОНТРАКТНАЯ СЛУЖБА) ДЕПАРТАМЕНТА ЗДРАВООХРАНЕНИЯ ГОРОДА МОСКВЫ""";22.05.2026;01.06.2026;Закупка завершена;;;29.05.2026;
44-ФЗ;№0137200001226004400;Электронный аукцион;Поставка лекарственного препарата для медицинского применения (МНН Вилантерол+Умеклидиния бромид+Флутиказона фуроат);;'262402702230540270100109670012120000;;;22697543.33;RUB;0;;;;;;"ГОСУДАРСТВЕННОЕ ПРЕДПРИЯТИЕ КАЛУЖСКОЙ ОБЛАСТИ ""КАЛУГАФАРМАЦИЯ""";МИНИСТЕРСТВО КОНКУРЕНТНОЙ ПОЛИТИКИ КАЛУЖСКОЙ ОБЛАСТИ;22.05.2026;01.06.2026;Закупка завершена;;;01.06.2026;
44-ФЗ;№0273000000126000764;Электронный аукцион;(634-2026)  Выполнение работ по капитальному ремонту общего имущества в многоквартирном(ых) доме(ах) по адресу(ам): г. Москва, ЮАО, Россошанский пр. 8 к.1;;;;;7596056.84;RUB;0;;;;;;ФОНД КАПИТАЛЬНОГО РЕМОНТА МНОГОКВАРТИРНЫХ ДОМОВ ГОРОДА МОСКВЫ;ФОНД КАПИТАЛЬНОГО РЕМОНТА МНОГОКВАРТИРНЫХ ДОМОВ ГОРОДА МОСКВЫ;21.05.2026;01.06.2026;Закупка завершена;;;29.05.2026;
44-ФЗ;№0106100000226000027;Электронный аукцион;Котел водогрейный;;'261100104089710010100100270012521244;;;7444250.00;RUB;0;;;;;;УПРАВЛЕНИЕ ФЕДЕРАЛЬНОЙ СЛУЖБЫ ИСПОЛНЕНИЯ НАКАЗАНИЙ ПО РЕСПУБЛИКЕ КАРЕЛИЯ;УПРАВЛЕНИЕ ФЕДЕРАЛЬНОЙ СЛУЖБЫ ИСПОЛНЕНИЯ НАКАЗАНИЙ ПО РЕСПУБЛИКЕ КАРЕЛИЯ;20.05.2026;01.06.2026;Закупка завершена;;;28.05.2026;
44-ФЗ;№0137600028426000037;Электронный аукцион;Выполнение работ по текущему ремонту дорог Боровского муниципального округа Калужской области;;'263400002868440000100100410014211244;;;5918378.30;RUB;0;;;;;;АДМИНИСТРАЦИЯ БОРОВСКОГО МУНИЦИПАЛЬНОГО ОКРУГА КАЛУЖСКОЙ ОБЛАСТИ;АДМИНИСТРАЦИЯ БОРОВСКОГО МУНИЦИПАЛЬНОГО ОКРУГА КАЛУЖСКОЙ ОБЛАСТИ;20.05.2026;01.06.2026;Закупка завершена;;;28.05.2026;
44-ФЗ;№0379200000426000116;Электронный аукцион;Реагенты диагностические;;'262090102116509010100102010012120244;;;8695652.00;RUB;0;;;;;;"РЕСПУБЛИКАНСКОЕ ГОСУДАРСТВЕННОЕ БЮДЖЕТНОЕ ЛЕЧЕБНО-ПРОФИЛАКТИЧЕСКОЕ УЧРЕЖДЕНИЕ ""КАРАЧАЕВО-ЧЕРКЕССКАЯ РЕСПУБЛИКАНСКАЯ КЛИНИЧЕСКАЯ БОЛЬНИЦА""";"РЕСПУБЛИКАНСКОЕ ГОСУДАРСТВЕННОЕ БЮДЖЕТНОЕ ЛЕЧЕБНО-ПРОФИЛАКТИЧЕСКОЕ УЧРЕЖДЕНИЕ ""КАРАЧАЕВО-ЧЕРКЕССКАЯ РЕСПУБЛИКАНСКАЯ КЛИНИЧЕСКАЯ БОЛЬНИЦА""";20.05.2026;01.06.2026;Закупка завершена;;;28.05.2026;
44-ФЗ;№1048200005226000033;Электронный аукцион;"Выполнение работ по текущему ремонту Выполнение работ по текущему ремонту помещений на объекте ГБУЗ МО ""БСП"" по адресу: Московская область, г. Балашиха, ул. Парковая, д.13.";;'262500104416950010100100660014120000;;;40787575.06;RUB;0;;;;;;"ГОСУДАРСТВЕННОЕ БЮДЖЕТНОЕ УЧРЕЖДЕНИЕ ЗДРАВООХРАНЕНИЯ МОСКОВСКОЙ ОБЛАСТИ ""БАЛАШИХИНСКАЯ СТОМАТОЛОГИЧЕСКАЯ ПОЛИКЛИНИКА""";"ГОСУДАРСТВЕННОЕ БЮДЖЕТНОЕ УЧРЕЖДЕНИЕ ЗДРАВООХРАНЕНИЯ МОСКОВСКОЙ ОБЛАСТИ ""БАЛАШИХИНСКАЯ СТОМАТОЛОГИЧЕСКАЯ ПОЛИКЛИНИКА""";22.05.2026;01.06.2026;Закупка завершена;;;01.06.2026;
44-ФЗ;№0137600006426000025;Электронный аукцион;Ремонт автомобильных дорог в Жиздринском муниципальном округе Калужской области;;'263400003260240000100100290014211244;;;5467416.52;RUB;0;;;;;;ТЕРРИТОРИАЛЬНОЕ УПРАВЛЕНИЕ АДМИНИСТРАЦИИ ЖИЗДРИНСКОГО МУНИЦИПАЛЬНОГО ОКРУГА КАЛУЖСКОЙ ОБЛАСТИ;АДМИНИСТРАЦИЯ ЖИЗДРИНСКОГО МУНИЦИПАЛЬНОГО ОКРУГА КАЛУЖСКОЙ ОБЛАСТИ;20.05.2026;01.06.2026;Закупка завершена;;;28.05.2026;
44-ФЗ;№0145200000426000823;Электронный аукцион;Поставка транспортного средства для нужд ЛОГБУ «Сланцевский ДИВВиТ» в 2026 году.;;'262471300484847070100100350010000000;;;6000000.00;RUB;0;;;;;;"ЛЕНИНГРАДСКОЕ ОБЛАСТНОЕ ГОСУДАРСТВЕННОЕ БЮДЖЕТНОЕ УЧРЕЖДЕНИЕ ""ЛЕНИНГРАДСКИЙ ОБЛАСТНОЙ ДОМ-ИНТЕРНАТ ВЕТЕРАНОВ ВОЙНЫ И ТРУДА""";КОМИТЕТ ГОСУДАРСТВЕННОГО ЗАКАЗА ЛЕНИНГРАДСКОЙ ОБЛАСТИ;20.05.2026;01.06.2026;Закупка завершена;;;28.05.2026;
44-ФЗ;№0373100115126000016;Запрос котировок в электронной форме;Оказание услуг по страхованию музейных предметов из собрания ГМИИ им. А.С. Пушкина для выставочных проектов «Искусство впечатления. Импрессионизм: Кемерово» и «Искусство впечатления. Импрессионизм: Абакан, Красноярск, Иркутск»;;'261770401841677040100100190016512244;;;6956633.33;RUB;0;;;;;;"ФЕДЕРАЛЬНОЕ ГОСУДАРСТВЕННОЕ БЮДЖЕТНОЕ УЧРЕЖДЕНИЕ КУЛЬТУРЫ ""ГОСУДАРСТВЕННЫЙ МУЗЕЙ ИЗОБРАЗИТЕЛЬНЫХ ИСКУССТВ ИМЕНИ А.С.ПУШКИНА""";"ФЕДЕРАЛЬНОЕ ГОСУДАРСТВЕННОЕ БЮДЖЕТНОЕ УЧРЕЖДЕНИЕ КУЛЬТУРЫ ""ГОСУДАРСТВЕННЫЙ МУЗЕЙ ИЗОБРАЗИТЕЛЬНЫХ ИСКУССТВ ИМЕНИ А.С.ПУШКИНА""";22.05.2026;01.06.2026;Закупка завершена;;;01.06.2026;
44-ФЗ;№0174500001126003009;Электронный аукцион;"Приобретение жилого помещения для предоставления детям-сиротам и детям, оставшимся без попечения родителей, лицам из их числа, в рамках реализации регионального проекта ""Обеспечение жильем детей-сирот и детей, оставшихся без попечения родителей, лиц из числа детей-сирот и детей, оставшихся без попечения родителей"" (лот №22)";;'262920400768192010100100930024120412;;;6595512.00;RUB;0;;;;;;"ГОСУДАРСТВЕННОЕ КАЗЕННОЕ УЧРЕЖДЕНИЕ ГОРОДА СЕВАСТОПОЛЯ ""ЕДИНАЯ ДИРЕКЦИЯ КАПИТАЛЬНОГО СТРОИТЕЛЬСТВА""";ДЕПАРТАМЕНТ АДМИНИСТРАТИВНО-ХОЗЯЙСТВЕННОГО ОБЕСПЕЧЕНИЯ ИСПОЛНИТЕЛЬНЫХ ОРГАНОВ ГОРОДА СЕВАСТОПОЛЯ;19.05.2026;01.06.2026;Закупка завершена;;;01.06.2026;
44-ФЗ;№0137600028126000003;Электронный аукцион;Устройство тротуара по улице Красноцветова (инд. Номер 29244876 ОП МП-030) от дома №12 до дома №48 в п. Ферзиково, Ферзиковского округа, Калужской области 900 м (2 этап).;;'263400003333140000100100130014211244;;;5483123.56;RUB;0;;;;;;ТЕРРИТОРИАЛЬНОЕ УПРАВЛЕНИЕ ПОСЕЛОК ФЕРЗИКОВО АДМИНИСТРАЦИИ ФЕРЗИКОВСКОГО МУНИЦИПАЛЬНОГО ОКРУГА КАЛУЖСКОЙ ОБЛАСТИ;ТЕРРИТОРИАЛЬНОЕ УПРАВЛЕНИЕ ПОСЕЛОК ФЕРЗИКОВО АДМИНИСТРАЦИИ ФЕРЗИКОВСКОГО МУНИЦИПАЛЬНОГО ОКРУГА КАЛУЖСКОЙ ОБЛАСТИ;20.05.2026;01.06.2026;Закупка завершена;;;28.05.2026;
44-ФЗ;№0136300000726000202;Электронный аукцион;Ремонт подъездов к зданию МБОУ СОШ №2 п.Редкино с восстановлением пешеходных дорожек и школьного плаца;;'263691101635969490100100060014211244;;;18390542.00;RUB;0;;;;;;МУНИЦИПАЛЬНОЕ БЮДЖЕТНОЕ ОБЩЕОБРАЗОВАТЕЛЬНОЕ УЧРЕЖДЕНИЕ СРЕДНЯЯ ОБЩЕОБРАЗОВАТЕЛЬНАЯ ШКОЛА №2 П. РЕДКИНО;АДМИНИСТРАЦИЯ КОНАКОВСКОГО МУНИЦИПАЛЬНОГО ОКРУГА ТВЕРСКОЙ ОБЛАСТИ;18.05.2026;01.06.2026;Закупка завершена;;;28.05.2026;
44-ФЗ;№0371100009126000002;Электронный аукцион;"Выполнение работ по организации выставки ""Белый клобук. Образ русского архиерея""";;'261760900626676090100100080019102244;;;11948473.33;RUB;0;;;;;;"ФЕДЕРАЛЬНОЕ ГОСУДАРСТВЕННОЕ БЮДЖЕТНОЕ УЧРЕЖДЕНИЕ КУЛЬТУРЫ ""ГОСУДАРСТВЕННЫЙ РОСТОВО-ЯРОСЛАВСКИЙ АРХИТЕКТУРНО-ХУДОЖЕСТВЕННЫЙ МУЗЕЙ-ЗАПОВЕДНИК""";"ФЕДЕРАЛЬНОЕ ГОСУДАРСТВЕННОЕ БЮДЖЕТНОЕ УЧРЕЖДЕНИЕ КУЛЬТУРЫ ""ГОСУДАРСТВЕННЫЙ РОСТОВО-ЯРОСЛАВСКИЙ АРХИТЕКТУРНО-ХУДОЖЕСТВЕННЫЙ МУЗЕЙ-ЗАПОВЕДНИК""";22.05.2026;01.06.2026;Закупка завершена;;;01.06.2026;
44-ФЗ;№0373200052426000040;Электронный аукцион;Оказание услуг по проверке соответствия помещений санитарно-эпидемиологическим нормам в ГБУЗ «ГП № 46 ДЗМ» в 2026г.;;'262770110782077090100100500010000244;;;5343088.99;RUB;0;;;;;;"ГОСУДАРСТВЕННОЕ БЮДЖЕТНОЕ УЧРЕЖДЕНИЕ ЗДРАВООХРАНЕНИЯ ГОРОДА МОСКВЫ ""ГОРОДСКАЯ ПОЛИКЛИНИКА № 46 ДЕПАРТАМЕНТА ЗДРАВООХРАНЕНИЯ ГОРОДА МОСКВЫ""";"ГОСУДАРСТВЕННОЕ БЮДЖЕТНОЕ УЧРЕЖДЕНИЕ ЗДРАВООХРАНЕНИЯ ГОРОДА МОСКВЫ ""ГОРОДСКАЯ ПОЛИКЛИНИКА № 46 ДЕПАРТАМЕНТА ЗДРАВООХРАНЕНИЯ ГОРОДА МОСКВЫ""";20.05.2026;01.06.2026;Закупка завершена;;;28.05.2026;
44-ФЗ;№0843500000226002860;Электронный аукцион на проведение работ по строительству, реконструкции, кап. ремонту, сносу объекта кап. строительства в соответствии с п. 8 ч. 1 ст. 33 Закона № 44-ФЗ;Капитальный ремонт здания филиала муниципального казенного общеобразовательного учреждения «Целинная средняя общеобразовательная школа им. Н. Д. Томина» – Матвеевская основная общеобразовательная школа»;;'263452409771045240100100410014120243;;;30309363.60;RUB;0;;;;;;АДМИНИСТРАЦИЯ ЦЕЛИННОГО МУНИЦИПАЛЬНОГО ОКРУГА КУРГАНСКОЙ ОБЛАСТИ;"ГОСУДАРСТВЕННОЕ КАЗЕННОЕ УЧРЕЖДЕНИЕ ""ЦЕНТР ЗАКУПОК И БУХГАЛТЕРСКОГО УЧЕТА КУРГАНСКОЙ ОБЛАСТИ""";22.05.2026;01.06.2026;Закупка завершена;;;01.06.2026;
44-ФЗ;№0360100005226000031;Электронный аукцион;поставка запасных частей, расходных материалов для транспортных средств  Главного управления МЧС России по Саратовской области на 2026 год;;'261645060473364500100100040012932244;;;5005381.85;RUB;0;;;;;;ГЛАВНОЕ УПРАВЛЕНИЕ МИНИСТЕРСТВА РОССИЙСКОЙ ФЕДЕРАЦИИ ПО ДЕЛАМ ГРАЖДАНСКОЙ ОБОРОНЫ,ЧРЕЗВЫЧАЙНЫМ СИТУАЦИЯМ И ЛИКВИДАЦИИ ПОСЛЕДСТВИЙ СТИХИЙНЫХ БЕДСТВИЙ ПО САРАТОВСКОЙ ОБЛАСТИ;ГЛАВНОЕ УПРАВЛЕНИЕ МИНИСТЕРСТВА РОССИЙСКОЙ ФЕДЕРАЦИИ ПО ДЕЛАМ ГРАЖДАНСКОЙ ОБОРОНЫ,ЧРЕЗВЫЧАЙНЫМ СИТУАЦИЯМ И ЛИКВИДАЦИИ ПОСЛЕДСТВИЙ СТИХИЙНЫХ БЕДСТВИЙ ПО САРАТОВСКОЙ ОБЛАСТИ;20.05.2026;01.06.2026;Закупка завершена;;;29.05.2026;
44-ФЗ;№0174500001126003170;Электронный аукцион;На поставку подарочных комплектов «Подарок новорожденному»;;'262920402126092040100100710013299244;;;9592000.00;RUB;0;;;;;;"ГОСУДАРСТВЕННОЕ БЮДЖЕТНОЕ УЧРЕЖДЕНИЕ ЗДРАВООХРАНЕНИЯ СЕВАСТОПОЛЯ ""ГОРОДСКАЯ БОЛЬНИЦА № 5 - ""ЦЕНТР ОХРАНЫ ЗДОРОВЬЯ МАТЕРИ И РЕБЕНКА""";ДЕПАРТАМЕНТ АДМИНИСТРАТИВНО-ХОЗЯЙСТВЕННОГО ОБЕСПЕЧЕНИЯ ИСПОЛНИТЕЛЬНЫХ ОРГАНОВ ГОРОДА СЕВАСТОПОЛЯ;22.05.2026;01.06.2026;Закупка завершена;;;01.06.2026;
44-ФЗ;№0348200049726000140;Открытый конкурс в электронной форме;Выполнение работ по круглогодичному содержанию автомобильных дорог и их элементов, переданных во временную эксплуатацию в ГБУ МО «Мосавтодор» (Лот 6);;'262500000152550240100107300014211244;;;7439366.19;RUB;0;;;;;;"ГОСУДАРСТВЕННОЕ БЮДЖЕТНОЕ УЧРЕЖДЕНИЕ МОСКОВСКОЙ ОБЛАСТИ ""МОСАВТОДОР""";"ГОСУДАРСТВЕННОЕ БЮДЖЕТНОЕ УЧРЕЖДЕНИЕ МОСКОВСКОЙ ОБЛАСТИ ""МОСАВТОДОР""";04.05.2026;01.06.2026;Закупка завершена;;;29.05.2026;
44-ФЗ;№0848600081326000073;Электронный аукцион;Выполнение работ по круглогодичному содержанию Выполнение работ по содержанию дворовых территорий и общественных пространств городского округа Лосино-Петровский.;;'263505011780750500100100240014211244;;;16000000.00;RUB;0;;;;;;"МУНИЦИПАЛЬНОЕ БЮДЖЕТНОЕ УЧРЕЖДЕНИЕ ГОРОДСКОГО ОКРУГА ЛОСИНО-ПЕТРОВСКИЙ ""ГОРОДСКОЕ ХОЗЯЙСТВО""";"МУНИЦИПАЛЬНОЕ КАЗЕННОЕ УЧРЕЖДЕНИЕ ГОРОДСКОГО ОКРУГА ЛОСИНО-ПЕТРОВСКИЙ ""ДЕПАРТАМЕНТ ПО КОНКУРЕНТНОЙ ПОЛИТИКЕ""";21.05.2026;01.06.2026;Закупка завершена;;;01.06.2026;
44-ФЗ;№0145200000426000836;Электронный аукцион;"Ремонт медицинского блока в ГБУ ЛО ""Пикалевский ресурсный центр"" по адресу:ЛО.,Бокситогорский р-н.,г.Пикалево,1 мкр.,дом 20";;'262470100371247150100100110014339244;;;5705346.64;RUB;0;;;;;;"ГОСУДАРСТВЕННОЕ БЮДЖЕТНОЕ УЧРЕЖДЕНИЕ ЛЕНИНГРАДСКОЙ ОБЛАСТИ ЦЕНТР ПОМОЩИ ДЕТЯМ-СИРОТАМ И ДЕТЯМ,ОСТАВШИМСЯ БЕЗ ПОПЕЧЕНИЯ РОДИТЕЛЕЙ ""ПИКАЛЕВСКИЙ РЕСУРСНЫЙ ЦЕНТР ПО СОДЕЙСТВИЮ СЕМЕЙНОМУ УСТРОЙСТВУ""";КОМИТЕТ ГОСУДАРСТВЕННОГО ЗАКАЗА ЛЕНИНГРАДСКОЙ ОБЛАСТИ;21.05.2026;01.06.2026;Закупка завершена;;;29.05.2026;
44-ФЗ;№0826500000926001598;Электронный аукцион;Поставка медицинских изделий - Кровать больничная, ввод в эксплуатацию медицинских изделий, обучение правилам эксплуатации специалистов, эксплуатирующих медицинские изделия, и специалистов осуществляющих техническое обслуживание медицинских изделий;;'262312100021931210100102910013250244;;;5222100.00;RUB;0;;;;;;"ОБЛАСТНОЕ ГОСУДАРСТВЕННОЕ БЮДЖЕТНОЕ УЧРЕЖДЕНИЕ ЗДРАВООХРАНЕНИЯ ""ЯКОВЛЕВСКАЯ ЦЕНТРАЛЬНАЯ РАЙОННАЯ БОЛЬНИЦА""";"ОБЛАСТНОЕ ГОСУДАРСТВЕННОЕ КАЗЕННОЕ УЧРЕЖДЕНИЕ БЕЛГОРОДСКОЙ ОБЛАСТИ ""ЦЕНТР ЗАКУПОК""";21.05.2026;01.06.2026;Закупка завершена;;;29.05.2026;
44-ФЗ;№0311200027226000014;Открытый конкурс в электронной форме на проведение работ по строительству, реконструкции, кап. ремонту, сносу объекта кап. строительства в соответствии с п. 8 ч. 1 ст. 33 Закона № 44-ФЗ;Реконструкция систем водоотведения в населенных пунктах Республики Татарстан;;'262165301484316550100100100014221414;;;129141730.00;RUB;0;;;;;;"ГОСУДАРСТВЕННОЕ КАЗЕННОЕ УЧРЕЖДЕНИЕ ""ГЛАВНОЕ УПРАВЛЕНИЕ ИНЖЕНЕРНЫХ СЕТЕЙ РЕСПУБЛИКИ ТАТАРСТАН""";"ГОСУДАРСТВЕННОЕ КАЗЕННОЕ УЧРЕЖДЕНИЕ ""ГЛАВНОЕ УПРАВЛЕНИЕ ИНЖЕНЕРНЫХ СЕТЕЙ РЕСПУБЛИКИ ТАТАРСТАН""";13.05.2026;01.06.2026;Закупка завершена;;;29.05.2026;
44-ФЗ;№0846500000626000337;Электронный аукцион;Работы по модернизации информационно-аналитического портала Правительства Липецкой области;;'262482614682948260100100020016201246;;;15000000.00;RUB;0;;;;;;МИНИСТЕРСТВО ЦИФРОВОГО РАЗВИТИЯ И ИСКУССТВЕННОГО ИНТЕЛЛЕКТА ЛИПЕЦКОЙ ОБЛАСТИ;"ОБЛАСТНОЕ КАЗЕННОЕ УЧРЕЖДЕНИЕ ""УПРАВЛЕНИЕ ПО РАЗМЕЩЕНИЮ ГОСЗАКАЗА ЛИПЕЦКОЙ ОБЛАСТИ""";20.05.2026;01.06.2026;Закупка завершена;;;28.05.2026;
44-ФЗ;№0813500000126008955;Открытый конкурс в электронной форме;№ 11229 Масло, творог для нужд учреждений Устиновского р-на г.Ижевска;;263183430081418400100100090090000244, 263183430024318400100100050100000244, 263183430007418400100100050110000244, 263183430050018400100100060170000244, 262183430051818400100100130100000244, 263183430040518400100100050100000244, 263183430015518400100100060110000244, 263183430014818400100100070150000244, 263183430042018400100100050070000244, 263183430087818400100100030070000244, 263183430078018400100100040080000244, 263183430054018400100100060070000244, 263183430055718400100100050070000244, 263183430049018400100100040080000244, 263183430071918400100100030090000244, 263183404690318400100100030080000244, 263183430084618400100100170080000244, 263183402961918400100100040070000244, 262183104832418400100100140080000244, 263183430086018400100100080070000244, 263183430074018400100100040070000244, 263183430080718400100100060070000244, 263183430013018400100100030070000244, 263183430085318400100100070090000244, 263183430072618400100100030150000244, 263183430067718400100100060080000244, 263183430016218400100100050090000244, 263183402722718400100100060090000244, 263183430068418400100100040080000244;;;21374263.20;RUB;0;;;;;;;"ГОСУДАРСТВЕННОЕ КАЗЕННОЕ УЧРЕЖДЕНИЕ УДМУРТСКОЙ РЕСПУБЛИКИ ""РЕГИОНАЛЬНЫЙ ЦЕНТР ЗАКУПОК УДМУРТСКОЙ РЕСПУБЛИКИ""";14.05.2026;01.06.2026;Закупка завершена;;;01.06.2026;
44-ФЗ;№0826500000926001596;Электронный аукцион;"Выполнение работ по объекту: ""Ремонт автомобильной дороги Бабкино-Большебыково-Высокий-Большое, км 8+600 - км 12+900 в Красногвардейском муниципальном округе  Белгородской области, протяженностью 4,3 км, IV категории""";;'262312336140431230100101560014211244;;;116444650.61;RUB;0;;;;;;"ОБЛАСТНОЕ ГОСУДАРСТВЕННОЕ КАЗЕННОЕ УЧРЕЖДЕНИЕ ""УПРАВЛЕНИЕ ДОРОЖНОГО ХОЗЯЙСТВА И ТРАНСПОРТА БЕЛГОРОДСКОЙ ОБЛАСТИ""";"ОБЛАСТНОЕ ГОСУДАРСТВЕННОЕ КАЗЕННОЕ УЧРЕЖДЕНИЕ БЕЛГОРОДСКОЙ ОБЛАСТИ ""ЦЕНТР ЗАКУПОК""";21.05.2026;01.06.2026;Закупка завершена;;;29.05.2026;
44-ФЗ;№0145200000426000835;Электронный аукцион;Оказание услуг по мониторингу технического состояния, поддержанию эксплуатационной готовности и проведению предпаводковых мероприятий на гидротехнических сооружениях (ГТС), находящихся в собственности Ленинградской области;;'262470307759747030100100190018425244;;;19656000.00;RUB;0;;;;;;"ЛЕНИНГРАДСКОЕ ОБЛАСТНОЕ ГОСУДАРСТВЕННОЕ КАЗЕННОЕ УЧРЕЖДЕНИЕ ""РЕГИОНАЛЬНОЕ АГЕНТСТВО ПРИРОДОПОЛЬЗОВАНИЯ И ОХРАНЫ ОКРУЖАЮЩЕЙ СРЕДЫ""";КОМИТЕТ ГОСУДАРСТВЕННОГО ЗАКАЗА ЛЕНИНГРАДСКОЙ ОБЛАСТИ;21.05.2026;01.06.2026;Закупка завершена;;;29.05.2026;
44-ФЗ;№0366200035626003447;Запрос котировок в электронной форме;Поставка лекарственного препарата для медицинского применения Дапаглифлозин (инвалиды);;'262710700631171070100100540480000323;;;7068600.00;RUB;0;;;;;;МИНИСТЕРСТВО ЗДРАВООХРАНЕНИЯ ТУЛЬСКОЙ ОБЛАСТИ;"ГОСУДАРСТВЕННОЕ КАЗЕННОЕ УЧРЕЖДЕНИЕ ТУЛЬСКОЙ ОБЛАСТИ ""ЦЕНТР ОРГАНИЗАЦИИ ЗАКУПОК""";19.05.2026;01.06.2026;Закупка завершена;;;28.05.2026;
44-ФЗ;№0857200000226000245;Электронный аукцион;Поставка запасных частей для техники;;'262602714346260270100103090012932244;;;5000000.00;RUB;0;;;;;;"ГОСУДАРСТВЕННОЕ БЮДЖЕТНОЕ УЧРЕЖДЕНИЕ ПСКОВСКОЙ ОБЛАСТИ ""УПРАВЛЕНИЕ АВТОМОБИЛЬНЫХ ДОРОГ ПСКОВСКОЙ ОБЛАСТИ""";"ГОСУДАРСТВЕННОЕ БЮДЖЕТНОЕ УЧРЕЖДЕНИЕ ПСКОВСКОЙ ОБЛАСТИ ""УПРАВЛЕНИЕ АВТОМОБИЛЬНЫХ ДОРОГ ПСКОВСКОЙ ОБЛАСТИ""";21.05.2026;01.06.2026;Закупка завершена;;;29.05.2026;
44-ФЗ;№0853500000326002945;Открытый конкурс в электронной форме на проведение работ по строительству, реконструкции, кап. ремонту, сносу объекта кап. строительства в соответствии с п. 8 ч. 1 ст. 33 Закона № 44-ФЗ;на выполнение работ по капитальному ремонту здания круглосуточного стационара, расположенного по адресу: Оренбургская область, г. Медногорск, ул. Ежова, д. 7/1;;'262560600112156060100100300014120243;;;270300000.00;RUB;0;;;;;;"ГОСУДАРСТВЕННОЕ БЮДЖЕТНОЕ УЧРЕЖДЕНИЕ ЗДРАВООХРАНЕНИЯ ""ГОРОДСКАЯ БОЛЬНИЦА"" ГОРОДА МЕДНОГОРСКА";"ГОСУДАРСТВЕННОЕ КАЗЕННОЕ УЧРЕЖДЕНИЕ ОРЕНБУРГСКОЙ ОБЛАСТИ ""ЦЕНТР ОРГАНИЗАЦИИ ЗАКУПОК""";05.05.2026;01.06.2026;Закупка завершена;;;19.05.2026;
44-ФЗ;№0137200001226004378;Электронный аукцион;Поставка лекарственного препарата для медицинского применения (МНН Семаглутид);;'262402702230540270100109710012120000;;;55307752.50;RUB;0;;;;;;"ГОСУДАРСТВЕННОЕ ПРЕДПРИЯТИЕ КАЛУЖСКОЙ ОБЛАСТИ ""КАЛУГАФАРМАЦИЯ""";МИНИСТЕРСТВО КОНКУРЕНТНОЙ ПОЛИТИКИ КАЛУЖСКОЙ ОБЛАСТИ;21.05.2026;01.06.2026;Закупка завершена;;;01.06.2026;
44-ФЗ;№0169300000126000664;Открытый конкурс в электронной форме;26-124919 Оказание услуг по организации загородного отдыха и оздоровления детей, нуждающихся в особой заботе государства;;'263745110218174530100100970108541323;;;8052000.00;RUB;0;;;;;;КОМИТЕТ СОЦИАЛЬНОЙ ПОЛИТИКИ ГОРОДА ЧЕЛЯБИНСКА;УПРАВЛЕНИЕ МУНИЦИПАЛЬНЫХ ЗАКУПОК АДМИНИСТРАЦИИ ГОРОДА ЧЕЛЯБИНСКА;04.05.2026;01.06.2026;Закупка завершена;;;20.05.2026;
44-ФЗ;№0373100011626000022;Запрос котировок в электронной форме;Поставка химических реагентов, реактивов (стандартные образцы);;'261771618221077240100100030030000244;;;5162646.76;RUB;0;;;;;;"ФЕДЕРАЛЬНОЕ ГОСУДАРСТВЕННОЕ БЮДЖЕТНОЕ УЧРЕЖДЕНИЕ ""ВСЕРОССИЙСКИЙ НАУЧНО-ИССЛЕДОВАТЕЛЬСКИЙ И ИСПЫТАТЕЛЬНЫЙ ИНСТИТУТ МЕДИЦИНСКОЙ ТЕХНИКИ"" ФЕДЕРАЛЬНОЙ СЛУЖБЫ ПО НАДЗОРУ В СФЕРЕ ЗДРАВООХРАНЕНИЯ";"ФЕДЕРАЛЬНОЕ ГОСУДАРСТВЕННОЕ БЮДЖЕТНОЕ УЧРЕЖДЕНИЕ ""ВСЕРОССИЙСКИЙ НАУЧНО-ИССЛЕДОВАТЕЛЬСКИЙ И ИСПЫТАТЕЛЬНЫЙ ИНСТИТУТ МЕДИЦИНСКОЙ ТЕХНИКИ"" ФЕДЕРАЛЬНОЙ СЛУЖБЫ ПО НАДЗОРУ В СФЕРЕ ЗДРАВООХРАНЕНИЯ";25.05.2026;01.06.2026;Закупка завершена;;;01.06.2026;
44-ФЗ;№0373200597226000031;Электронный аукцион;Оказание услуг по демонтажу информационных конструкций и последующее восстановление покрытий поверхностей стен для нужд ГБУ МФЦ города Москвы;;'262773141945677060100100310010000244;;;16352500.19;RUB;0;;;;;;"ГОСУДАРСТВЕННОЕ БЮДЖЕТНОЕ УЧРЕЖДЕНИЕ ГОРОДА МОСКВЫ ""МНОГОФУНКЦИОНАЛЬНЫЕ ЦЕНТРЫ ПРЕДОСТАВЛЕНИЯ ГОСУДАРСТВЕННЫХ УСЛУГ ГОРОДА МОСКВЫ""";"ГОСУДАРСТВЕННОЕ БЮДЖЕТНОЕ УЧРЕЖДЕНИЕ ГОРОДА МОСКВЫ ""МНОГОФУНКЦИОНАЛЬНЫЕ ЦЕНТРЫ ПРЕДОСТАВЛЕНИЯ ГОСУДАРСТВЕННЫХ УСЛУГ ГОРОДА МОСКВЫ""";19.05.2026;01.06.2026;Закупка завершена;;;29.05.2026;
44-ФЗ;№0813500000126009487;Электронный аукцион;зз-0017-23916 - 2026 Монтаж системы пожарной сигнализации и системы оповещения и управления эвакуацией людей при пожаре;;'263183430037018400100100080014321244;;;5984724.42;RUB;0;;;;;;"МУНИЦИПАЛЬНОЕ БЮДЖЕТНОЕ ОБЩЕОБРАЗОВАТЕЛЬНОЕ УЧРЕЖДЕНИЕ ""СРЕДНЯЯ ОБЩЕОБРАЗОВАТЕЛЬНАЯ ШКОЛА №73""";"ГОСУДАРСТВЕННОЕ КАЗЕННОЕ УЧРЕЖДЕНИЕ УДМУРТСКОЙ РЕСПУБЛИКИ ""РЕГИОНАЛЬНЫЙ ЦЕНТР ЗАКУПОК УДМУРТСКОЙ РЕСПУБЛИКИ""";20.05.2026;01.06.2026;Закупка завершена;;;28.05.2026;
44-ФЗ;№0172300011226000004;Открытый конкурс в электронной форме;Выполнение работ по ремонту дорог и внутриквартальных проездов на территории муниципального образования поселок Лисий Нос;;'263781433495078140100100140014399244;;;6973198.23;RUB;0;;;;;;МЕСТНАЯ АДМИНИСТРАЦИЯ ВНУТРИГОРОДСКОГО МУНИЦИПАЛЬНОГО ОБРАЗОВАНИЯ ГОРОДА ФЕДЕРАЛЬНОГО ЗНАЧЕНИЯ САНКТ-ПЕТЕРБУРГА ПОСЕЛОК ЛИСИЙ НОС;МЕСТНАЯ АДМИНИСТРАЦИЯ ВНУТРИГОРОДСКОГО МУНИЦИПАЛЬНОГО ОБРАЗОВАНИЯ ГОРОДА ФЕДЕРАЛЬНОГО ЗНАЧЕНИЯ САНКТ-ПЕТЕРБУРГА ПОСЕЛОК ЛИСИЙ НОС;21.05.2026;01.06.2026;Закупка завершена;;;01.06.2026;
44-ФЗ;№0355100013926000004;Электронный аукцион;Косилка самоходная универсальная;;'261583400177058340100100100012830244;;;13483690.00;RUB;0;;;;;;"ФЕДЕРАЛЬНОЕ ГОСУДАРСТВЕННОЕ БЮДЖЕТНОЕ  ОБРАЗОВАТЕЛЬНОЕ УЧРЕЖДЕНИЕ ВЫСШЕГО ОБРАЗОВАНИЯ ""ПЕНЗЕНСКИЙ ГОСУДАРСТВЕННЫЙ АГРАРНЫЙ УНИВЕРСИТЕТ""";"ФЕДЕРАЛЬНОЕ ГОСУДАРСТВЕННОЕ БЮДЖЕТНОЕ  ОБРАЗОВАТЕЛЬНОЕ УЧРЕЖДЕНИЕ ВЫСШЕГО ОБРАЗОВАНИЯ ""ПЕНЗЕНСКИЙ ГОСУДАРСТВЕННЫЙ АГРАРНЫЙ УНИВЕРСИТЕТ""";22.05.2026;01.06.2026;Закупка завершена;;;01.06.2026;
44-ФЗ;№0167200003426004444;Электронный аукцион;Поставка медицинских изделий для урологического отделения (Катетер многоцелевой для чрескожного дренирования);;'262720311621172030100103780013250244;;;12000000.00;RUB;0;;;;;;"ГОСУДАРСТВЕННОЕ БЮДЖЕТНОЕ УЧРЕЖДЕНИЕ ЗДРАВООХРАНЕНИЯ ТЮМЕНСКОЙ ОБЛАСТИ ""ОБЛАСТНАЯ КЛИНИЧЕСКАЯ БОЛЬНИЦА №2""";УПРАВЛЕНИЕ ГОСУДАРСТВЕННЫХ ЗАКУПОК ТЮМЕНСКОЙ ОБЛАСТИ;22.05.2026;01.06.2026;Закупка завершена;;;01.06.2026;
44-ФЗ;№0348100096326000020;Запрос котировок в электронной форме;Поставка тиратронов;;'261503700786950370100100480012899244;;;5094951.00;RUB;0;;;;;;"ФЕДЕРАЛЬНОЕ ГОСУДАРСТВЕННОЕ БЮДЖЕТНОЕ УЧРЕЖДЕНИЕ ""ИНСТИТУТ ФИЗИКИ ВЫСОКИХ ЭНЕРГИЙ ИМЕНИ А.А. ЛОГУНОВА НАЦИОНАЛЬНОГО ИССЛЕДОВАТЕЛЬСКОГО ЦЕНТРА ""КУРЧАТОВСКИЙ ИНСТИТУТ""";"ФЕДЕРАЛЬНОЕ ГОСУДАРСТВЕННОЕ БЮДЖЕТНОЕ УЧРЕЖДЕНИЕ ""ИНСТИТУТ ФИЗИКИ ВЫСОКИХ ЭНЕРГИЙ ИМЕНИ А.А. ЛОГУНОВА НАЦИОНАЛЬНОГО ИССЛЕДОВАТЕЛЬСКОГО ЦЕНТРА ""КУРЧАТОВСКИЙ ИНСТИТУТ""";25.05.2026;01.06.2026;Закупка завершена;;;01.06.2026;
44-ФЗ;№0373100011626000020;Электронный аукцион;Поставка оборудования для лаборатории ФГБУ ВНИИИМТ Росздравнадзора ;;'261771618221077240100100010110000244;;;17402000.00;RUB;0;;;;;;"ФЕДЕРАЛЬНОЕ ГОСУДАРСТВЕННОЕ БЮДЖЕТНОЕ УЧРЕЖДЕНИЕ ""ВСЕРОССИЙСКИЙ НАУЧНО-ИССЛЕДОВАТЕЛЬСКИЙ И ИСПЫТАТЕЛЬНЫЙ ИНСТИТУТ МЕДИЦИНСКОЙ ТЕХНИКИ"" ФЕДЕРАЛЬНОЙ СЛУЖБЫ ПО НАДЗОРУ В СФЕРЕ ЗДРАВООХРАНЕНИЯ";"ФЕДЕРАЛЬНОЕ ГОСУДАРСТВЕННОЕ БЮДЖЕТНОЕ УЧРЕЖДЕНИЕ ""ВСЕРОССИЙСКИЙ НАУЧНО-ИССЛЕДОВАТЕЛЬСКИЙ И ИСПЫТАТЕЛЬНЫЙ ИНСТИТУТ МЕДИЦИНСКОЙ ТЕХНИКИ"" ФЕДЕРАЛЬНОЙ СЛУЖБЫ ПО НАДЗОРУ В СФЕРЕ ЗДРАВООХРАНЕНИЯ";18.05.2026;01.06.2026;Закупка завершена;;;29.05.2026;
44-ФЗ;№0167200003426004401;Запрос котировок в электронной форме;Поставка мебели для офисов и предприятий торговли;;'262720311621172030100103450010000244;;;7000000.00;RUB;0;;;;;;"ГОСУДАРСТВЕННОЕ БЮДЖЕТНОЕ УЧРЕЖДЕНИЕ ЗДРАВООХРАНЕНИЯ ТЮМЕНСКОЙ ОБЛАСТИ ""ОБЛАСТНАЯ КЛИНИЧЕСКАЯ БОЛЬНИЦА №2""";УПРАВЛЕНИЕ ГОСУДАРСТВЕННЫХ ЗАКУПОК ТЮМЕНСКОЙ ОБЛАСТИ;21.05.2026;01.06.2026;Закупка завершена;;;28.05.2026;
44-ФЗ;№0168500000626001925;Запрос котировок в электронной форме;Лекарственный препарат для медицинского применения Аллерген туберкулезный рекомбинантный в стандартном разведении;;'262732500095173250100100260050000244;;;9998412.15;RUB;0;;;;;;МИНИСТЕРСТВО ЗДРАВООХРАНЕНИЯ УЛЬЯНОВСКОЙ ОБЛАСТИ;АГЕНТСТВО ГОСУДАРСТВЕННЫХ ЗАКУПОК УЛЬЯНОВСКОЙ ОБЛАСТИ;22.05.2026;01.06.2026;Закупка завершена;;;29.05.2026;
44-ФЗ;№0131300000626000784;Электронный аукцион;Приобретение нового готового жилого помещения со 100%-ной отделкой для переселения граждан из аварийного жилищного фонда.;;'263366509065936650100100470036810000;;;5073650.00;RUB;0;;;;;;УПРАВЛЕНИЕ ЖИЛИЩНЫХ ОТНОШЕНИЙ АДМИНИСТРАЦИИ ГОРОДСКОГО ОКРУГА ГОРОД ВОРОНЕЖ;АДМИНИСТРАЦИЯ ГОРОДСКОГО ОКРУГА ГОРОД ВОРОНЕЖ;22.05.2026;01.06.2026;Закупка завершена;;;01.06.2026;
44-ФЗ;№0162200011826001374;Электронный аукцион на проведение работ по строительству, реконструкции, кап. ремонту, сносу объекта кап. строительства в соответствии с п. 8 ч. 1 ст. 33 Закона № 44-ФЗ;Капитальный ремонт сетей холодного водоснабжения в мкрн Динас муниципального округа Первоуральск;;'263662502866766840100100330014221000;;;15202784.39;RUB;0;;;;;;УПРАВЛЕНИЕ ЖИЛИЩНО-КОММУНАЛЬНОГО ХОЗЯЙСТВА И СТРОИТЕЛЬСТВА МУНИЦИПАЛЬНОГО ОКРУГА ПЕРВОУРАЛЬСК;ДЕПАРТАМЕНТ ГОСУДАРСТВЕННЫХ ЗАКУПОК СВЕРДЛОВСКОЙ ОБЛАСТИ;19.05.2026;01.06.2026;Закупка завершена;;;28.05.2026;
223-ФЗ;№32616070021;Иной способ;Выполнение работы по обустройству нижней террасы Центральной набережной Волгограда от бронекатера БК-13 до моста через р. Волгу;;;1;Выполнение работы по обустройству нижней террасы Центральной набережной Волгограда от бронекатера БК-13 до моста через р. Волгу;278229815.22;RUB;278229815.22;;;;42.99.29.100: Работы строительные по строительству гражданских сооружений, не включенные в другие группировки, кроме работ по сохранению и воссозданию объектов культурного наследия;;"МУНИЦИПАЛЬНОЕ БЮДЖЕТНОЕ УЧРЕЖДЕНИЕ ""СЕВЕРНОЕ""";"МУНИЦИПАЛЬНОЕ БЮДЖЕТНОЕ УЧРЕЖДЕНИЕ ""СЕВЕРНОЕ""";01.06.2026;01.06.2026;Закупка завершена;;;01.06.2026 00:00;
44-ФЗ;№0159100003526000011;Электронный аукцион;Поставка системных блоков (в рамках ИКТ);;'261623401078162340100100400012620242;;;19585333.95;RUB;0;;;;;;УПРАВЛЕНИЕ ФЕДЕРАЛЬНОЙ НАЛОГОВОЙ СЛУЖБЫ ПО РЯЗАНСКОЙ ОБЛАСТИ;УПРАВЛЕНИЕ ФЕДЕРАЛЬНОЙ НАЛОГОВОЙ СЛУЖБЫ ПО РЯЗАНСКОЙ ОБЛАСТИ;20.05.2026;01.06.2026;Закупка завершена;;;29.05.2026;
44-ФЗ;№0368100010826000146;Электронный аукцион;Поставка запасных частей для воздушных судов;;'261730300200073250100100370083030244;;;19749699.57;RUB;0;;;;;;"ФЕДЕРАЛЬНОЕ ГОСУДАРСТВЕННОЕ БЮДЖЕТНОЕ ОБРАЗОВАТЕЛЬНОЕ УЧРЕЖДЕНИЕ ВЫСШЕГО ОБРАЗОВАНИЯ ""УЛЬЯНОВСКИЙ ИНСТИТУТ ГРАЖДАНСКОЙ АВИАЦИИ ИМЕНИ ГЛАВНОГО МАРШАЛА АВИАЦИИ Б.П. БУГАЕВА""";"ФЕДЕРАЛЬНОЕ ГОСУДАРСТВЕННОЕ БЮДЖЕТНОЕ ОБРАЗОВАТЕЛЬНОЕ УЧРЕЖДЕНИЕ ВЫСШЕГО ОБРАЗОВАНИЯ ""УЛЬЯНОВСКИЙ ИНСТИТУТ ГРАЖДАНСКОЙ АВИАЦИИ ИМЕНИ ГЛАВНОГО МАРШАЛА АВИАЦИИ Б.П. БУГАЕВА""";21.05.2026;01.06.2026;Закупка завершена;;;29.05.2026;
44-ФЗ;№0121200004726000623;Электронный аукцион;поставка лекарственного препарата  Олокизумаб  для медицинского применения для обеспечения граждан, имеющих право на получение государственной социальной помощи в соответствии с пп. 1 п.  1 ст. 6.2 Федерального закона «О государственной социальной помощи», для обеспечения государственных нужд Ставропольского края;;'262263300599426340100104270012120323;;;8365489.08;RUB;0;;;;;;МИНИСТЕРСТВО ЗДРАВООХРАНЕНИЯ СТАВРОПОЛЬСКОГО КРАЯ;КОМИТЕТ СТАВРОПОЛЬСКОГО КРАЯ ПО ГОСУДАРСТВЕННЫМ ЗАКУПКАМ;22.05.2026;01.06.2026;Закупка завершена;;;01.06.2026;
44-ФЗ;№0860200000826004550;Запрос котировок в электронной форме;Поставка продуктов питания (мясо говядины);;'262645501461864530100103430011011244;;;5188315.00;RUB;0;;;;;;"ГОСУДАРСТВЕННОЕ УЧРЕЖДЕНИЕ ЗДРАВООХРАНЕНИЯ ""ОБЛАСТНОЙ КЛИНИЧЕСКИЙ ПРОТИВОТУБЕРКУЛЕЗНЫЙ ДИСПАНСЕР""";"ГОСУДАРСТВЕННОЕ КАЗЕННОЕ УЧРЕЖДЕНИЕ САРАТОВСКОЙ ОБЛАСТИ ""ГОСУДАРСТВЕННОЕ АГЕНТСТВО ПО ЦЕНТРАЛИЗАЦИИ ЗАКУПОК""";21.05.2026;01.06.2026;Закупка завершена;;;28.05.2026;
44-ФЗ;№0145200000426000826;Электронный аукцион;Выполнение работ по благоустройству многофункциональной спортивной площадки для ГБУ ЛО «Ивангородский центр для детей с ОВЗ» по адресу: Ленинградская область, г. Ивангород, ул. Восточная, д. 13;;'262472100336547070100100100014399244;;;7856320.00;RUB;0;;;;;;"ГОСУДАРСТВЕННОЕ БЮДЖЕТНОЕ УЧРЕЖДЕНИЕ ЛЕНИНГРАДСКОЙ ОБЛАСТИ ЦЕНТР ПОМОЩИ ДЕТЯМ-СИРОТАМ И ДЕТЯМ, ОСТАВШИМСЯ БЕЗ ПОПЕЧЕНИЯ РОДИТЕЛЕЙ ""ИВАНГОРОДСКИЙ ЦЕНТР ПО СОДЕЙСТВИЮ СЕМЕЙНОМУ ВОСПИТАНИЮ ДЛЯ ДЕТЕЙ С ОГРАНИЧЕННЫМИ ВОЗМОЖНОСТЯМИ ЗДОРОВЬЯ""";КОМИТЕТ ГОСУДАРСТВЕННОГО ЗАКАЗА ЛЕНИНГРАДСКОЙ ОБЛАСТИ;20.05.2026;01.06.2026;Закупка завершена;;;28.05.2026;
44-ФЗ;№0373100086926000402;Запрос котировок в электронной форме;Поставка лекарственных препаратов для медицинского применения МНН НАТРИЯ ХЛОРИД;;'261773458113677340100100093100000244;;;7720350.00;RUB;0;;;;;;"ФЕДЕРАЛЬНОЕ ГОСУДАРСТВЕННОЕ БЮДЖЕТНОЕ УЧРЕЖДЕНИЕ ""ГОСУДАРСТВЕННЫЙ НАУЧНЫЙ ЦЕНТР РОССИЙСКОЙ ФЕДЕРАЦИИ - ФЕДЕРАЛЬНЫЙ МЕДИЦИНСКИЙ БИОФИЗИЧЕСКИЙ ЦЕНТР ИМЕНИ А.И. БУРНАЗЯНА""";"ФЕДЕРАЛЬНОЕ ГОСУДАРСТВЕННОЕ БЮДЖЕТНОЕ УЧРЕЖДЕНИЕ ""ГОСУДАРСТВЕННЫЙ НАУЧНЫЙ ЦЕНТР РОССИЙСКОЙ ФЕДЕРАЦИИ - ФЕДЕРАЛЬНЫЙ МЕДИЦИНСКИЙ БИОФИЗИЧЕСКИЙ ЦЕНТР ИМЕНИ А.И. БУРНАЗЯНА""";25.05.2026;01.06.2026;Закупка завершена;;;01.06.2026;
44-ФЗ;№0124300021026000478;Электронный аукцион;Приобретение жилого помещения (квартиры) путем участия в долевом строительстве многоквартирного жилого дома в городе Архангельске для предоставления гражданам, переселяемым из аварийного жилищного фонда ;;'263290126558129010100100023006810412;;;8775218.90;RUB;0;;;;;;"ДЕПАРТАМЕНТ ГОРОДСКОГО ХОЗЯЙСТВА АДМИНИСТРАЦИИ ГОРОДСКОГО ОКРУГА ""ГОРОД АРХАНГЕЛЬСК""";"АДМИНИСТРАЦИЯ ГОРОДСКОГО ОКРУГА ""ГОРОД АРХАНГЕЛЬСК""";20.05.2026;01.06.2026;Закупка завершена;;;29.05.2026;
44-ФЗ;№0813500000126008491;Открытый конкурс в электронной форме на проведение работ по строительству, реконструкции, кап. ремонту, сносу объекта кап. строительства в соответствии с п. 8 ч. 1 ст. 33 Закона № 44-ФЗ;"зз-0017-21154 - 2026 Устройство парковки напротив магазина ""Дэлет"" по ул. Селтинская поселка Ува в рамках самообложения";;'263182101674018210100100450014211244;;;7577070.00;RUB;0;;;;;;"ТЕРРИТОРИАЛЬНОЕ УПРАВЛЕНИЕ ""УВИНСКОЕ"" АДМИНИСТРАЦИИ МУНИЦИПАЛЬНОГО ОБРАЗОВАНИЯ ""МУНИЦИПАЛЬНЫЙ ОКРУГ УВИНСКИЙ РАЙОН УДМУРТСКОЙ РЕСПУБЛИКИ""";"ГОСУДАРСТВЕННОЕ КАЗЕННОЕ УЧРЕЖДЕНИЕ УДМУРТСКОЙ РЕСПУБЛИКИ ""РЕГИОНАЛЬНЫЙ ЦЕНТР ЗАКУПОК УДМУРТСКОЙ РЕСПУБЛИКИ""";07.05.2026;01.06.2026;Закупка завершена;;;28.05.2026;
44-ФЗ;№0873200009826002310;Запрос котировок в электронной форме;Поставка лекарственного препарата (Лозартан) для обеспечения граждан, имеющих право на получение государственной социальной помощи в городе Москве (УНЗ: Z2618848 - повторная закупка);;'262771433860977140100119780010000323;;;24231939.42;RUB;0;;;;;;"ГОСУДАРСТВЕННОЕ КАЗЕННОЕ УЧРЕЖДЕНИЕ ГОРОДА МОСКВЫ ""АГЕНТСТВО ПО ЗАКУПКАМ (КОНТРАКТНАЯ СЛУЖБА) ДЕПАРТАМЕНТА ЗДРАВООХРАНЕНИЯ ГОРОДА МОСКВЫ""";"ГОСУДАРСТВЕННОЕ КАЗЕННОЕ УЧРЕЖДЕНИЕ ГОРОДА МОСКВЫ ""АГЕНТСТВО ПО ЗАКУПКАМ (КОНТРАКТНАЯ СЛУЖБА) ДЕПАРТАМЕНТА ЗДРАВООХРАНЕНИЯ ГОРОДА МОСКВЫ""";22.05.2026;01.06.2026;Закупка завершена;;;29.05.2026;
44-ФЗ;№0873200009826002337;Запрос котировок в электронной форме;Поставка лекарственного препарата (Абиратерон) для индивидуального обеспечения граждан, имеющих право на получение государственной социальной помощи в городе Москве (УНЗ: Z2619161 - повторная закупка);;'262771433860977140100119320010000323;;;11298121.20;RUB;0;;;;;;"ГОСУДАРСТВЕННОЕ КАЗЕННОЕ УЧРЕЖДЕНИЕ ГОРОДА МОСКВЫ ""АГЕНТСТВО ПО ЗАКУПКАМ (КОНТРАКТНАЯ СЛУЖБА) ДЕПАРТАМЕНТА ЗДРАВООХРАНЕНИЯ ГОРОДА МОСКВЫ""";"ГОСУДАРСТВЕННОЕ КАЗЕННОЕ УЧРЕЖДЕНИЕ ГОРОДА МОСКВЫ ""АГЕНТСТВО ПО ЗАКУПКАМ (КОНТРАКТНАЯ СЛУЖБА) ДЕПАРТАМЕНТА ЗДРАВООХРАНЕНИЯ ГОРОДА МОСКВЫ""";22.05.2026;01.06.2026;Закупка завершена;;;29.05.2026;
44-ФЗ;№0373100091426000610;Электронный аукцион;Поставка лекарственного препарата для медицинского применения (МНН: Альбумин человека);;'261773401280677340100100082110000244;;;10000000.00;RUB;0;;;;;;"ФЕДЕРАЛЬНОЕ ГОСУДАРСТВЕННОЕ БЮДЖЕТНОЕ УЧРЕЖДЕНИЕ ""НАЦИОНАЛЬНЫЙ МЕДИЦИНСКИЙ ИССЛЕДОВАТЕЛЬСКИЙ ЦЕНТР ТРАНСПЛАНТОЛОГИИ И ИСКУССТВЕННЫХ ОРГАНОВ ИМЕНИ АКАДЕМИКА В.И. ШУМАКОВА"" МИНИСТЕРСТВА ЗДРАВООХРАНЕНИЯ РОССИЙСКОЙ ФЕДЕРАЦИИ";"ФЕДЕРАЛЬНОЕ ГОСУДАРСТВЕННОЕ БЮДЖЕТНОЕ УЧРЕЖДЕНИЕ ""НАЦИОНАЛЬНЫЙ МЕДИЦИНСКИЙ ИССЛЕДОВАТЕЛЬСКИЙ ЦЕНТР ТРАНСПЛАНТОЛОГИИ И ИСКУССТВЕННЫХ ОРГАНОВ ИМЕНИ АКАДЕМИКА В.И. ШУМАКОВА"" МИНИСТЕРСТВА ЗДРАВООХРАНЕНИЯ РОССИЙСКОЙ ФЕДЕРАЦИИ";22.05.2026;01.06.2026;Закупка завершена;;;01.06.2026;
44-ФЗ;№0373200099726000544;Открытый конкурс в электронной форме;"Электронный конкурс на поставку говядины, свежих фруктов и низкобелковых продуктов в 2026-2027гг  для нужд пищеблока ГБУЗ ""Морозовская ДГКБ ДЗМ""";;'262770503923277050100105850010000244;;;21819321.20;RUB;0;;;;;;"ГОСУДАРСТВЕННОЕ БЮДЖЕТНОЕ УЧРЕЖДЕНИЕ ЗДРАВООХРАНЕНИЯ ГОРОДА МОСКВЫ ""МОРОЗОВСКАЯ ДЕТСКАЯ ГОРОДСКАЯ КЛИНИЧЕСКАЯ БОЛЬНИЦА ДЕПАРТАМЕНТА ЗДРАВООХРАНЕНИЯ ГОРОДА МОСКВЫ""";"ГОСУДАРСТВЕННОЕ БЮДЖЕТНОЕ УЧРЕЖДЕНИЕ ЗДРАВООХРАНЕНИЯ ГОРОДА МОСКВЫ ""МОРОЗОВСКАЯ ДЕТСКАЯ ГОРОДСКАЯ КЛИНИЧЕСКАЯ БОЛЬНИЦА ДЕПАРТАМЕНТА ЗДРАВООХРАНЕНИЯ ГОРОДА МОСКВЫ""";12.05.2026;01.06.2026;Закупка завершена;;;28.05.2026;
44-ФЗ;№0830500000226001429;Электронный аукцион;Поставка медицинских изделий: сеток проволочных для тромбэктомии (1) ;;'262352801339535280100100230320000244;;;6250000.00;RUB;0;;;;;;"БЮДЖЕТНОЕ УЧРЕЖДЕНИЕ ЗДРАВООХРАНЕНИЯ ВОЛОГОДСКОЙ ОБЛАСТИ ""ВОЛОГОДСКАЯ ОБЛАСТНАЯ КЛИНИЧЕСКАЯ БОЛЬНИЦА № 2""";"ГОСУДАРСТВЕННОЕ КАЗЕННОЕ УЧРЕЖДЕНИЕ ВОЛОГОДСКОЙ ОБЛАСТИ ""ЦЕНТР ЗАКУПОК""";21.05.2026;01.06.2026;Закупка завершена;;;29.05.2026;
44-ФЗ;№0372200038326000233;Открытый конкурс в электронной форме;Оказание услуг по комплексному обслуживанию зданий, сооружений, их элементов, инженерных систем и оборудования;;'262781609955878160100102690018110244;;;35376331.98;RUB;0;;;;;;"САНКТ-ПЕТЕРБУРГСКОЕ ГОСУДАРСТВЕННОЕ БЮДЖЕТНОЕ УЧРЕЖДЕНИЕ ЗДРАВООХРАНЕНИЯ ""ДЕТСКАЯ ГОРОДСКАЯ КЛИНИЧЕСКАЯ БОЛЬНИЦА № 5 ИМЕНИ НИЛА ФЕДОРОВИЧА ФИЛАТОВА""";"САНКТ-ПЕТЕРБУРГСКОЕ ГОСУДАРСТВЕННОЕ БЮДЖЕТНОЕ УЧРЕЖДЕНИЕ ЗДРАВООХРАНЕНИЯ ""ДЕТСКАЯ ГОРОДСКАЯ КЛИНИЧЕСКАЯ БОЛЬНИЦА № 5 ИМЕНИ НИЛА ФЕДОРОВИЧА ФИЛАТОВА""";15.05.2026;01.06.2026;Закупка завершена;;;01.06.2026;
44-ФЗ;№0372100048826000867;Электронный аукцион;Оказание услуг по техническому обслуживанию медицинского оборудования с поставкой источников ионизирующего излучения;;'261782100688778430100100790010000244;;;6020000.00;RUB;0;;;;;;"ФЕДЕРАЛЬНОЕ ГОСУДАРСТВЕННОЕ БЮДЖЕТНОЕ УЧРЕЖДЕНИЕ ""НАЦИОНАЛЬНЫЙ МЕДИЦИНСКИЙ ИССЛЕДОВАТЕЛЬСКИЙ ЦЕНТР ОНКОЛОГИИ ИМЕНИ Н.Н. ПЕТРОВА"" МИНИСТЕРСТВА ЗДРАВООХРАНЕНИЯ РОССИЙСКОЙ ФЕДЕРАЦИИ";"ФЕДЕРАЛЬНОЕ ГОСУДАРСТВЕННОЕ БЮДЖЕТНОЕ УЧРЕЖДЕНИЕ ""НАЦИОНАЛЬНЫЙ МЕДИЦИНСКИЙ ИССЛЕДОВАТЕЛЬСКИЙ ЦЕНТР ОНКОЛОГИИ ИМЕНИ Н.Н. ПЕТРОВА"" МИНИСТЕРСТВА ЗДРАВООХРАНЕНИЯ РОССИЙСКОЙ ФЕДЕРАЦИИ";21.05.2026;01.06.2026;Закупка завершена;;;29.05.2026;
44-ФЗ;№0307200030626001099;Запрос котировок в электронной форме;Поставка аппарата для продленных и продолжительных процедур экстракорпоральной гемокоррекции на объект капитального строительства «Республиканская инфекционная больница в г. Сыктывкаре (I этап)»;;'262110146100011010100101240012660407;;;8500000.00;RUB;0;;;;;;"ГОСУДАРСТВЕННОЕ БЮДЖЕТНОЕ УЧРЕЖДЕНИЕ РЕСПУБЛИКИ КОМИ ""СЛУЖБА ЕДИНОГО ЗАКАЗЧИКА РЕСПУБЛИКИ КОМИ""";"ГОСУДАРСТВЕННОЕ КАЗЕННОЕ УЧРЕЖДЕНИЕ РЕСПУБЛИКИ КОМИ ""ЦЕНТР ОБЕСПЕЧЕНИЯ ОРГАНИЗАЦИИ И ПРОВЕДЕНИЯ ТОРГОВ""";22.05.2026;01.06.2026;Закупка завершена;;;29.05.2026;
44-ФЗ;№0364100000726000002;Электронный аукцион;поставка трактора;;'261682700221368270100100010032830244;;;18073333.33;RUB;0;;;;;;"ФЕДЕРАЛЬНОЕ ГОСУДАРСТВЕННОЕ БЮДЖЕТНОЕ НАУЧНОЕ УЧРЕЖДЕНИЕ ""ФЕДЕРАЛЬНЫЙ НАУЧНЫЙ ЦЕНТР ИМЕНИ И.В. МИЧУРИНА""";"ФЕДЕРАЛЬНОЕ ГОСУДАРСТВЕННОЕ БЮДЖЕТНОЕ НАУЧНОЕ УЧРЕЖДЕНИЕ ""ФЕДЕРАЛЬНЫЙ НАУЧНЫЙ ЦЕНТР ИМЕНИ И.В. МИЧУРИНА""";19.05.2026;01.06.2026;Закупка завершена;;;29.05.2026;
44-ФЗ;№0373200041526000364;Открытый конкурс в электронной форме на проведение работ по строительству, реконструкции, кап. ремонту, сносу объекта кап. строительства в соответствии с п. 8 ч. 1 ст. 33 Закона № 44-ФЗ;Выполнение работ по капитальному ремонту в учреждении, подведомственном ДТСЗН г.Москвы (Закупка 214);;'262770182732077080100104290010000243;;;29443812.38;RUB;0;;;;;;"ГОСУДАРСТВЕННОЕ КАЗЕННОЕ УЧРЕЖДЕНИЕ ГОРОДА МОСКВЫ ""ДИРЕКЦИЯ ПО ОБЕСПЕЧЕНИЮ ДЕЯТЕЛЬНОСТИ ОРГАНИЗАЦИЙ ТРУДА И СОЦИАЛЬНОЙ ЗАЩИТЫ НАСЕЛЕНИЯ ГОРОДА МОСКВЫ""";"ГОСУДАРСТВЕННОЕ КАЗЕННОЕ УЧРЕЖДЕНИЕ ГОРОДА МОСКВЫ ""ДИРЕКЦИЯ ПО ОБЕСПЕЧЕНИЮ ДЕЯТЕЛЬНОСТИ ОРГАНИЗАЦИЙ ТРУДА И СОЦИАЛЬНОЙ ЗАЩИТЫ НАСЕЛЕНИЯ ГОРОДА МОСКВЫ""";14.05.2026;01.06.2026;Закупка завершена;;;01.06.2026;
44-ФЗ;№0373200041526000366;Открытый конкурс в электронной форме на проведение работ по строительству, реконструкции, кап. ремонту, сносу объекта кап. строительства в соответствии с п. 8 ч. 1 ст. 33 Закона № 44-ФЗ;Выполнение работ по капитальному ремонту в учреждении, подведомственном ДТСЗН г.Москвы (Закупка 140);;'262770182732077080100104250010000243;;;29760283.71;RUB;0;;;;;;"ГОСУДАРСТВЕННОЕ КАЗЕННОЕ УЧРЕЖДЕНИЕ ГОРОДА МОСКВЫ ""ДИРЕКЦИЯ ПО ОБЕСПЕЧЕНИЮ ДЕЯТЕЛЬНОСТИ ОРГАНИЗАЦИЙ ТРУДА И СОЦИАЛЬНОЙ ЗАЩИТЫ НАСЕЛЕНИЯ ГОРОДА МОСКВЫ""";"ГОСУДАРСТВЕННОЕ КАЗЕННОЕ УЧРЕЖДЕНИЕ ГОРОДА МОСКВЫ ""ДИРЕКЦИЯ ПО ОБЕСПЕЧЕНИЮ ДЕЯТЕЛЬНОСТИ ОРГАНИЗАЦИЙ ТРУДА И СОЦИАЛЬНОЙ ЗАЩИТЫ НАСЕЛЕНИЯ ГОРОДА МОСКВЫ""";14.05.2026;01.06.2026;Закупка завершена;;;01.06.2026;
44-ФЗ;№0187300004826000009;Электронный аукцион;Приобретение, доставка и монтаж спортивного оборудования для хоккейного корта (Благоустройство крытого хоккейного корта в с. Перегребное III этап);;'263861400662686140100100300013230244;;;11044000.00;RUB;0;;;;;;АДМИНИСТРАЦИЯ СЕЛЬСКОГО ПОСЕЛЕНИЯ ПЕРЕГРЕБНОЕ;АДМИНИСТРАЦИЯ СЕЛЬСКОГО ПОСЕЛЕНИЯ ПЕРЕГРЕБНОЕ;21.05.2026;01.06.2026;Закупка завершена;;;29.05.2026;
44-ФЗ;№0155500000626000168;Электронный аукцион;Оказание охранных услуг (физическая охрана) объектов ГБУЗ «Городская поликлиника» в 2026 году;;'262583620069058360100100420018010244;;;19863250.00;RUB;0;;;;;;"ГОСУДАРСТВЕННОЕ БЮДЖЕТНОЕ УЧРЕЖДЕНИЕ ЗДРАВООХРАНЕНИЯ ""ГОРОДСКАЯ ПОЛИКЛИНИКА""";МИНИСТЕРСТВО ПО ТАРИФНОМУ РЕГУЛИРОВАНИЮ И ГОСУДАРСТВЕННЫМ ЗАКУПКАМ ПЕНЗЕНСКОЙ ОБЛАСТИ;22.05.2026;01.06.2026;Закупка завершена;;;01.06.2026;
44-ФЗ;№0848500003926000007;Электронный аукцион;Поставка программно-аппаратных комплексов СПН-Ш;;'262501820056050240100100960012620244;;;53880000.00;RUB;0;;;;;;"ГОСУДАРСТВЕННОЕ КАЗЕННОЕ УЧРЕЖДЕНИЕ МОСКОВСКОЙ ОБЛАСТИ ""МОСОБЛЭКОМОНИТОРИНГ""";"ГОСУДАРСТВЕННОЕ КАЗЕННОЕ УЧРЕЖДЕНИЕ МОСКОВСКОЙ ОБЛАСТИ ""МОСОБЛЭКОМОНИТОРИНГ""";21.05.2026;01.06.2026;Закупка завершена;;;01.06.2026;
44-ФЗ;№0373200082126000200;Электронный аукцион;Поставка бутилированной воды для служебного пользования;;'262770500260277430100100950010000000;;;24188385.90;RUB;0;;;;;;"ГОСУДАРСТВЕННОЕ УНИТАРНОЕ ПРЕДПРИЯТИЕ ГОРОДА МОСКВЫ ""МОСГОРТРАНС""";"ГОСУДАРСТВЕННОЕ КАЗЕННОЕ УЧРЕЖДЕНИЕ ГОРОДА МОСКВЫ ""ДИРЕКЦИЯ ТРАНСПОРТНЫХ ЗАКУПОК""";20.05.2026;01.06.2026;Закупка завершена;;;28.05.2026;
44-ФЗ;№0128600006826000203;Электронный аукцион;Выполнение работ по благоустройству дворовых  и прилегающих территорий многоквартирных домов №25 по ул. Лермонтова, №24 по ул. Лермонтова, №24 корп. 1 по ул. Лермонтова, проезд к дому №25 по ул. Лермонтова в г. Александров Александровского муниципального округа Владимирской области (в рамках текущего ремонта по благоустройству дворовых и прилегающих территорий);;'263330102261333010100101190014399244;;;8357478.40;RUB;0;;;;;;"МУНИЦИПАЛЬНОЕ КАЗЕННОЕ УЧРЕЖДЕНИЕ ""УПРАВЛЕНИЕ ЖИЛИЩНО-КОММУНАЛЬНОГО ХОЗЯЙСТВА АЛЕКСАНДРОВСКОГО МУНИЦИПАЛЬНОГО ОКРУГА""";КОМИТЕТ ПО УПРАВЛЕНИЮ МУНИЦИПАЛЬНЫМ ИМУЩЕСТВОМ АДМИНИСТРАЦИИ АЛЕКСАНДРОВСКОГО МУНИЦИПАЛЬНОГО ОКРУГА ВЛАДИМИРСКОЙ ОБЛАСТИ;22.05.2026;01.06.2026;Закупка завершена;;;01.06.2026;
44-ФЗ;№0149200002326002865;Запрос котировок в электронной форме;Поставка лекарственного препарата для медицинского применения СИПОНИМОД;;'262519010997251900100100014040000323;;;7825950.72;RUB;0;;;;;;МИНИСТЕРСТВО ЗДРАВООХРАНЕНИЯ  МУРМАНСКОЙ ОБЛАСТИ;КОМИТЕТ ПО КОНКУРЕНТНОЙ ПОЛИТИКЕ МУРМАНСКОЙ ОБЛАСТИ;21.05.2026;01.06.2026;Закупка завершена;;;01.06.2026;
44-ФЗ;№0373200082126000202;Электронный аукцион;Поставка стеллажей для хранения стоек и полок для паллетных стеллажей;;'262771035088477220100100600010000244;;;5044200.00;RUB;0;;;;;;ГОСУДАРСТВЕННОЕ КАЗЕННОЕ УЧРЕЖДЕНИЕ ГОРОДА МОСКВЫ - ЦЕНТР ОРГАНИЗАЦИИ ДОРОЖНОГО ДВИЖЕНИЯ ПРАВИТЕЛЬСТВА МОСКВЫ;"ГОСУДАРСТВЕННОЕ КАЗЕННОЕ УЧРЕЖДЕНИЕ ГОРОДА МОСКВЫ ""ДИРЕКЦИЯ ТРАНСПОРТНЫХ ЗАКУПОК""";20.05.2026;01.06.2026;Закупка завершена;;;28.05.2026;
44-ФЗ;№0813500000126008623;Открытый конкурс в электронной форме на проведение работ по строительству, реконструкции, кап. ремонту, сносу объекта кап. строительства в соответствии с п. 8 ч. 1 ст. 33 Закона № 44-ФЗ;зз-0017-21410 - 2026 Строительство системы водоснабжения в п.Кез Удмуртской Республики. Первый этап;;'263183702114218370100100170014221414;;;251089533.50;RUB;0;;;;;;"АДМИНИСТРАЦИЯ МУНИЦИПАЛЬНОГО ОБРАЗОВАНИЯ ""МУНИЦИПАЛЬНЫЙ ОКРУГ КЕЗСКИЙ РАЙОН УДМУРТСКОЙ РЕСПУБЛИКИ""";"ГОСУДАРСТВЕННОЕ КАЗЕННОЕ УЧРЕЖДЕНИЕ УДМУРТСКОЙ РЕСПУБЛИКИ ""РЕГИОНАЛЬНЫЙ ЦЕНТР ЗАКУПОК УДМУРТСКОЙ РЕСПУБЛИКИ""";08.05.2026;01.06.2026;Закупка завершена;;;28.05.2026;
44-ФЗ;№0373200032226000443;Электронный аукцион;"Поставка автоэмалей для нужд ГБУ ""Жилищник района Ясенево""";;'262772886610177280100100520010000244;;;6219000.00;RUB;0;;;;;;"ГОСУДАРСТВЕННОЕ БЮДЖЕТНОЕ УЧРЕЖДЕНИЕ ГОРОДА МОСКВЫ ""ЖИЛИЩНИК РАЙОНА ЯСЕНЕВО""";"ГОСУДАРСТВЕННОЕ КАЗЕННОЕ УЧРЕЖДЕНИЕ ГОРОДА МОСКВЫ ""ДИРЕКЦИЯ ЗАКАЗЧИКА ЖИЛИЩНО-КОММУНАЛЬНОГО ХОЗЯЙСТВА И БЛАГОУСТРОЙСТВА ЮГО-ЗАПАДНОГО АДМИНИСТРАТИВНОГО ОКРУГА""";22.05.2026;01.06.2026;Закупка завершена;;;01.06.2026;
44-ФЗ;№0329200062226001331;Электронный аукцион;Поставка битума нефтяного дорожного;;'262344420181134430100100850011920244;;;97000000.00;RUB;0;;;;;;"ГОСУДАРСТВЕННОЕ БЮДЖЕТНОЕ УЧРЕЖДЕНИЕ ВОЛГОГРАДСКОЙ ОБЛАСТИ ""ВОЛГОГРАДАВТОДОР""";"ГОСУДАРСТВЕННОЕ КАЗЕННОЕ УЧРЕЖДЕНИЕ ВОЛГОГРАДСКОЙ ОБЛАСТИ ""ЦЕНТР ОРГАНИЗАЦИИ ЗАКУПОК""";19.05.2026;01.06.2026;Закупка завершена;;;29.05.2026;
44-ФЗ;№0167200003426004382;Электронный аукцион;Поставка лекарственного препарата для медицинского применения Йопромид;;'262720300024972030100111410012120244;;;8438500.00;RUB;0;;;;;;"ГОСУДАРСТВЕННОЕ БЮДЖЕТНОЕ УЧРЕЖДЕНИЕ ЗДРАВООХРАНЕНИЯ ТЮМЕНСКОЙ ОБЛАСТИ ""ОБЛАСТНАЯ КЛИНИЧЕСКАЯ БОЛЬНИЦА № 1""";УПРАВЛЕНИЕ ГОСУДАРСТВЕННЫХ ЗАКУПОК ТЮМЕНСКОЙ ОБЛАСТИ;21.05.2026;01.06.2026;Закупка завершена;;;29.05.2026;
44-ФЗ;№0355100013926000005;Электронный аукцион;Опрыскиватель-разбрасыватель самоходный;;'261583400177058340100100160012830244;;;14860000.00;RUB;0;;;;;;"ФЕДЕРАЛЬНОЕ ГОСУДАРСТВЕННОЕ БЮДЖЕТНОЕ  ОБРАЗОВАТЕЛЬНОЕ УЧРЕЖДЕНИЕ ВЫСШЕГО ОБРАЗОВАНИЯ ""ПЕНЗЕНСКИЙ ГОСУДАРСТВЕННЫЙ АГРАРНЫЙ УНИВЕРСИТЕТ""";"ФЕДЕРАЛЬНОЕ ГОСУДАРСТВЕННОЕ БЮДЖЕТНОЕ  ОБРАЗОВАТЕЛЬНОЕ УЧРЕЖДЕНИЕ ВЫСШЕГО ОБРАЗОВАНИЯ ""ПЕНЗЕНСКИЙ ГОСУДАРСТВЕННЫЙ АГРАРНЫЙ УНИВЕРСИТЕТ""";22.05.2026;01.06.2026;Закупка завершена;;;01.06.2026;
44-ФЗ;№0145600006926000166;Запрос котировок в электронной форме;Приобретение в муниципальную собственность жилого помещения (квартиры) на территории города Гатчины для переселения граждан из аварийного жилищного фонда (условный номер квартиры № 5);;'263470512167547050100100860016810412;;;8109000.00;RUB;0;;;;;;АДМИНИСТРАЦИЯ МУНИЦИПАЛЬНОГО ОБРАЗОВАНИЯ ГАТЧИНСКИЙ МУНИЦИПАЛЬНЫЙ ОКРУГ ЛЕНИНГРАДСКОЙ ОБЛАСТИ;АДМИНИСТРАЦИЯ МУНИЦИПАЛЬНОГО ОБРАЗОВАНИЯ ГАТЧИНСКИЙ МУНИЦИПАЛЬНЫЙ ОКРУГ ЛЕНИНГРАДСКОЙ ОБЛАСТИ;25.05.2026;01.06.2026;Закупка завершена;;;01.06.2026;
44-ФЗ;№0848400001226000007;Электронный аукцион;Поставка холодильного оборудования с выполнением пусконаладочных работ холодильных камер и моноблоков для СМП и СОНО ;;'261504102137677230100100120270000244;;;10550000.00;RUB;0;;;;;;"ФЕДЕРАЛЬНОЕ КАЗЕННОЕ УЧРЕЖДЕНИЕ ""БАЗА МАТЕРИАЛЬНО-ТЕХНИЧЕСКОГО И ВОЕННОГО СНАБЖЕНИЯ ГЛАВНОГО УПРАВЛЕНИЯ ФЕДЕРАЛЬНОЙ СЛУЖБЫ ИСПОЛНЕНИЯ НАКАЗАНИЙ ПО МОСКОВСКОЙ ОБЛАСТИ""";"ФЕДЕРАЛЬНОЕ КАЗЕННОЕ УЧРЕЖДЕНИЕ ""БАЗА МАТЕРИАЛЬНО-ТЕХНИЧЕСКОГО И ВОЕННОГО СНАБЖЕНИЯ ГЛАВНОГО УПРАВЛЕНИЯ ФЕДЕРАЛЬНОЙ СЛУЖБЫ ИСПОЛНЕНИЯ НАКАЗАНИЙ ПО МОСКОВСКОЙ ОБЛАСТИ""";22.05.2026;01.06.2026;Закупка завершена;;;01.06.2026;
44-ФЗ;№0173100010926000034;Открытый конкурс в электронной форме;Оказание услуг обеспечения персоналом в области транспорта для нужд ЦА Росреестра;;'261770656053677090100100140010000244;;;60529248.00;RUB;0;;;;;;ФЕДЕРАЛЬНАЯ СЛУЖБА ГОСУДАРСТВЕННОЙ РЕГИСТРАЦИИ, КАДАСТРА И КАРТОГРАФИИ;ФЕДЕРАЛЬНАЯ СЛУЖБА ГОСУДАРСТВЕННОЙ РЕГИСТРАЦИИ, КАДАСТРА И КАРТОГРАФИИ;12.05.2026;01.06.2026;Закупка завершена;;;28.05.2026;
223-ФЗ;№32615997650;Иной способ;выполнение работ по ремонту зданий и сооружений электрических сетей филиала «Удмуртэнерго» для нужд филиала ПАО «Россети Центр и Приволжье» - «Удмуртэнерго»;;;1;"Выполнение работ по ремонту зданий и сооружений электрических сетей филиала ""Удмуртэнерго""";8083593.12;RUB;8083593.12;;;;41.20.20.290: Здания нежилые, не включенные в другие группировки;;"ПУБЛИЧНОЕ АКЦИОНЕРНОЕ ОБЩЕСТВО ""РОССЕТИ ЦЕНТР И ПРИВОЛЖЬЕ""";"ФИЛИАЛ ПАО ""РОССЕТИ ЦЕНТР И ПРИВОЛЖЬЕ""-""УДМУРТЭНЕРГО""";12.05.2026;01.06.2026;Закупка завершена;;;19.05.2026 12:00;
44-ФЗ;№0145300016425000025;Открытый конкурс в электронной форме;Благоустройство территории, расположенной по адресу: Ленинградская область, Кингисеппский район, Усть-Лужское сельское поселение, д. Липово, напротив д. 52;;'253470702333847070100100350014299244;;;20047586.29;RUB;0;;;;;;АДМИНИСТРАЦИЯ УСТЬ-ЛУЖСКОГО СЕЛЬСКОГО ПОСЕЛЕНИЯ КИНГИСЕППСКОГО МУНИЦИПАЛЬНОГО РАЙОНА ЛЕНИНГРАДСКОЙ ОБЛАСТИ;АДМИНИСТРАЦИЯ УСТЬ-ЛУЖСКОГО СЕЛЬСКОГО ПОСЕЛЕНИЯ КИНГИСЕППСКОГО МУНИЦИПАЛЬНОГО РАЙОНА ЛЕНИНГРАДСКОЙ ОБЛАСТИ;29.12.2025;01.06.2026;Закупка завершена;;;08.04.2026;
44-ФЗ;№0373200015026000354;Электронный аукцион;Поставка изделий медицинского назначения для нужд отделения травматологии и ортопедии ГБУЗ «ГВВ № 2 ДЗМ» в 2026 году (повторно);;'262772106287077210100103570010000244;;;19990000.00;RUB;0;;;;;;"ГОСУДАРСТВЕННОЕ БЮДЖЕТНОЕ УЧРЕЖДЕНИЕ ЗДРАВООХРАНЕНИЯ ГОРОДА МОСКВЫ ""ГОСПИТАЛЬ ДЛЯ ВЕТЕРАНОВ ВОЙН № 2 ДЕПАРТАМЕНТА ЗДРАВООХРАНЕНИЯ ГОРОДА МОСКВЫ""";"ГОСУДАРСТВЕННОЕ БЮДЖЕТНОЕ УЧРЕЖДЕНИЕ ЗДРАВООХРАНЕНИЯ ГОРОДА МОСКВЫ ""ГОСПИТАЛЬ ДЛЯ ВЕТЕРАНОВ ВОЙН № 2 ДЕПАРТАМЕНТА ЗДРАВООХРАНЕНИЯ ГОРОДА МОСКВЫ""";21.05.2026;01.06.2026;Закупка завершена;;;29.05.2026;
44-ФЗ;№0848600008926000173;Открытый конкурс в электронной форме на проведение работ по строительству, реконструкции, кап. ремонту, сносу объекта кап. строительства в соответствии с п. 8 ч. 1 ст. 33 Закона № 44-ФЗ;Выполнение работ по капитальному ремонту автомобильной дороги общего пользования местного значения Московская область, городской округ Ступино, д.Торбеево, ул.Даниловская;;'263504507112050450100100870014211243;;;5120218.20;RUB;0;;;;;;"МУНИЦИПАЛЬНОЕ КАЗЕННОЕ УЧРЕЖДЕНИЕ ""УПРАВЛЕНИЕ АВТОДОРОГ, ТРАНСПОРТА И СВЯЗИ"" ГОРОДСКОГО ОКРУГА СТУПИНО МОСКОВСКОЙ ОБЛАСТИ";"МУНИЦИПАЛЬНОЕ КАЗЁННОЕ УЧРЕЖДЕНИЕ ""СТУПИНСКИЙ ЦЕНТР ЗАКУПОК"" ГОРОДСКОГО ОКРУГА СТУПИНО МОСКОВСКОЙ ОБЛАСТИ";08.05.2026;01.06.2026;Закупка завершена;;;01.06.2026;
44-ФЗ;№0142200001326011429;Электронный аукцион;Поставка лекарственных средств для Государственного бюджетного учреждения здравоохранения «Самарская областная клиническая больница им. В.Д. Середавина»;;'262631202313163120100100022230000244;;;11153974.00;RUB;0;;;;;;"ГОСУДАРСТВЕННОЕ БЮДЖЕТНОЕ УЧРЕЖДЕНИЕ ЗДРАВООХРАНЕНИЯ ""САМАРСКАЯ ОБЛАСТНАЯ КЛИНИЧЕСКАЯ БОЛЬНИЦА ИМ. В.Д.СЕРЕДАВИНА""";КОМИТЕТ ПО ОРГАНИЗАЦИИ ТОРГОВ САМАРСКОЙ ОБЛАСТИ;20.05.2026;01.06.2026;Закупка завершена;;;29.05.2026;
223-ФЗ;№32615968901;Иной способ;Услуги добровольного медицинского страхования;;;1;Услуги добровольного медицинского страхования;48105009.00;RUB;48105009.00;;;;65.12.12.000: Услуги по медицинскому страхованию;;"АКЦИОНЕРНОЕ ОБЩЕСТВО ""ВОЗРОЖДЕНИЕ""";"АКЦИОНЕРНОЕ ОБЩЕСТВО ""ВОЗРОЖДЕНИЕ""";30.04.2026;01.06.2026;Закупка завершена;;;15.05.2026 14:00;
44-ФЗ;№0344300069026000187;Открытый конкурс в электронной форме на проведение работ по строительству, реконструкции, кап. ремонту, сносу объекта кап. строительства в соответствии с п. 8 ч. 1 ст. 33 Закона № 44-ФЗ;Капитальный ремонт здания Комитета социальной защиты населения города Курска, расположенного по адресу: Курская область, г. Курск, ул. Пигорева, д. 2/17 (III этап);;'263463201940546320100100770014399243;;;6000000.00;RUB;0;;;;;;КОМИТЕТ СОЦИАЛЬНОЙ ЗАЩИТЫ НАСЕЛЕНИЯ  ГОРОДА КУРСКА;"МУНИЦИПАЛЬНОЕ КАЗЕННОЕ УЧРЕЖДЕНИЕ ""ЦЕНТР ЗАКУПОК И РАЗВИТИЯ СОЦИАЛЬНЫХ ИНИЦИАТИВ ГОРОДА КУРСКА""";15.05.2026;01.06.2026;Закупка завершена;;;01.06.2026;
44-ФЗ;№0809500000326001827;Открытый конкурс в электронной форме;"выполнение работ по проектированию и капитальному ремонту объекта: «Капитальный ремонт здания МОУ ""Гимназия № 12"", расположенного по адресу: 430005, Республика Мордовия, г. Саранск, проспект Ленина, д. 11»";;'263132621138313260100100270010000243;;;127209184.42;RUB;0;;;;;;"КАЗЕННОЕ УЧРЕЖДЕНИЕ ГОРОДСКОГО ОКРУГА САРАНСК ""ГОРОДСКАЯ СЛУЖБА ЗАКАЗЧИКА ПО КАПИТАЛЬНОМУ СТРОИТЕЛЬСТВУ""";"ГОСУДАРСТВЕННОЕ КАЗЕННОЕ УЧРЕЖДЕНИЕ РЕСПУБЛИКИ МОРДОВИЯ ""РЕГИОНАЛЬНЫЙ ЦЕНТР ОРГАНИЗАЦИИ ЗАКУПОК""";15.05.2026;01.06.2026;Закупка завершена;;;01.06.2026;
44-ФЗ;№0190600005226000306;Электронный аукцион на проведение работ по строительству, реконструкции, кап. ремонту, сносу объекта кап. строительства в соответствии с п. 8 ч. 1 ст. 33 Закона № 44-ФЗ;"Снос аварийного жилищного фонда (г. Лабытнанги, ул. Строителей, д. 5 б; г. Лабытнанги, ул. Строителей, д. 13; г. Лабытнанги, ул. Ленина, д. 11; г. Лабытнанги, пер. Таежный, д. 40 а)";;'263890103863989010100101210014311244;;;11264612.11;RUB;0;;;;;;"МУНИЦИПАЛЬНОЕ УЧРЕЖДЕНИЕ ""ДИРЕКЦИЯ ПО ОБЕСПЕЧЕНИЮ ДЕЯТЕЛЬНОСТИ В СФЕРЕ ЖИЛИЩНО-КОММУНАЛЬНОГО ХОЗЯЙСТВА""";АДМИНИСТРАЦИЯ ПРИУРАЛЬСКОГО РАЙОНА;21.05.2026;01.06.2026;Закупка завершена;;;29.05.2026;
44-ФЗ;№0869200000226004258;Электронный аукцион;Приобретение жилых помещений в государственную собственность Челябинской области в целях предоставления медицинским работникам, состоящим в трудовых отношениях с ГАУЗ «ГБ № 2 г. Миасс»;;'263741500432674150100100050016810406;;;6876004.71;RUB;0;;;;;;"ГОСУДАРСТВЕННОЕ АВТОНОМНОЕ УЧРЕЖДЕНИЕ ЗДРАВООХРАНЕНИЯ ""ГОРОДСКАЯ БОЛЬНИЦА № 2 Г. МИАСС""";"ГОСУДАРСТВЕННОЕ КАЗЕННОЕ УЧРЕЖДЕНИЕ ""ЦЕНТР ОРГАНИЗАЦИИ ЗАКУПОК ЧЕЛЯБИНСКОЙ ОБЛАСТИ""";18.05.2026;01.06.2026;Закупка завершена;;;29.05.2026;
44-ФЗ;№0194200000526003702;Электронный аукцион;Поставка изделий медицинского назначения;;'262201400006820150100100270010000244;;;10235641.50;RUB;0;;;;;;"ГОСУДАРСТВЕННОЕ БЮДЖЕТНОЕ УЧРЕЖДЕНИЕ ""РЕСПУБЛИКАНСКИЙ КЛИНИЧЕСКИЙ ЦЕНТР ОНКОЛОГИИ И РАДИОЛОГИИ""";КОМИТЕТ ПРАВИТЕЛЬСТВА ЧЕЧЕНСКОЙ РЕСПУБЛИКИ ПО ГОСУДАРСТВЕННОМУ ЗАКАЗУ;22.05.2026;01.06.2026;Закупка завершена;;;01.06.2026;
44-ФЗ;№0859200001126004261;Открытый конкурс в электронной форме;Благоустройство набережной реки Вожа в городе Рыбное;;'263620001926462000100100470014399244;;;120198430.00;RUB;0;;;;;;АДМИНИСТРАЦИЯ РЫБНОВСКОГО МУНИЦИПАЛЬНОГО ОКРУГА РЯЗАНСКОЙ ОБЛАСТИ;"ГОСУДАРСТВЕННОЕ КАЗЕННОЕ УЧРЕЖДЕНИЕ РЯЗАНСКОЙ ОБЛАСТИ ""ЦЕНТР ЗАКУПОК РЯЗАНСКОЙ ОБЛАСТИ""";14.04.2026;01.06.2026;Закупка завершена;;;30.04.2026;
44-ФЗ;№0145600000226000034;Запрос котировок в электронной форме;Выполнение работ по устройству основания для «Умной» спортивной площадки по адресу: Ленинградская область, Волховский район, г.Новая Ладога, ул.Северная, у д.4;;'263471800262947020100100210024399244;;;5200000.00;RUB;0;;;;;;АДМИНИСТРАЦИЯ НОВОЛАДОЖСКОГО ГОРОДСКОГО ПОСЕЛЕНИЯ ВОЛХОВСКОГО МУНИЦИПАЛЬНОГО РАЙОНА ЛЕНИНГРАДСКОЙ ОБЛАСТИ;АДМИНИСТРАЦИЯ НОВОЛАДОЖСКОГО ГОРОДСКОГО ПОСЕЛЕНИЯ ВОЛХОВСКОГО МУНИЦИПАЛЬНОГО РАЙОНА ЛЕНИНГРАДСКОЙ ОБЛАСТИ;25.05.2026;01.06.2026;Закупка завершена;;;01.06.2026;
44-ФЗ;№0815500000526007331;Электронный аукцион;Ремонт теплотрасс в населенных пунктах п. Кугеси, д. Сятракасы Чебоксарского муниципального округа Чувашской Республики;;'263210000345721000100101740014221244;;;5867984.06;RUB;0;;;;;;УПРАВЛЕНИЕ БЛАГОУСТРОЙСТВА И РАЗВИТИЯ ТЕРРИТОРИЙ АДМИНИСТРАЦИИ ЧЕБОКСАРСКОГО МУНИЦИПАЛЬНОГО ОКРУГА ЧУВАШСКОЙ РЕСПУБЛИКИ;"КАЗЕННОЕ УЧРЕЖДЕНИЕ ЧУВАШСКОЙ РЕСПУБЛИКИ ""РЕГИОНАЛЬНЫЙ ЦЕНТР ЗАКУПОК ЧУВАШСКОЙ РЕСПУБЛИКИ""";19.05.2026;01.06.2026;Закупка завершена;;;29.05.2026;
44-ФЗ;№0194200000526003696;Электронный аукцион;Оснащение оборудованием и учебными материалами кабинетов естественных наук общеобразовательной школы;;'262202000141520140100101090010000244;;;27192392.40;RUB;0;;;;;;МИНИСТЕРСТВО ОБРАЗОВАНИЯ И НАУКИ ЧЕЧЕНСКОЙ РЕСПУБЛИКИ;КОМИТЕТ ПРАВИТЕЛЬСТВА ЧЕЧЕНСКОЙ РЕСПУБЛИКИ ПО ГОСУДАРСТВЕННОМУ ЗАКАЗУ;22.05.2026;01.06.2026;Закупка завершена;;;01.06.2026;
44-ФЗ;№0190300001326000455;Электронный аукцион;Приобретение у Продавца жилого помещения (квартиры) в городе Тарко-Сале Пуровского района Ямало-Ненецкого автономного округа в собственность муниципального округа Пуровский район, для переселения граждан, проживающих в аварийном жилищном фонде;;'263891102624889110100100170016810412;;;10553963.19;RUB;0;;;;;;ДЕПАРТАМЕНТ СТРОИТЕЛЬСТВА, АРХИТЕКТУРЫ И ЖИЛИЩНОЙ ПОЛИТИКИ АДМИНИСТРАЦИИ ПУРОВСКОГО РАЙОНА;АДМИНИСТРАЦИЯ ПУРОВСКОГО РАЙОНА;21.05.2026;01.06.2026;Закупка завершена;;;29.05.2026;
44-ФЗ;№0194200000526003692;Электронный аукцион;Поставка изделий медицинского назначения;;'262202000237720140100100610013250244;;;58911609.50;RUB;0;;;;;;"ГОСУДАРСТВЕННОЕ БЮДЖЕТНОЕ УЧРЕЖДЕНИЕ ""РЕСПУБЛИКАНСКИЙ КЛИНИЧЕСКИЙ ГОСПИТАЛЬ ВЕТЕРАНОВ ВОЙН ИМЕНИ МАГОМЕДА ТЕМИРБИЕВИЧА ИНДЕРБИЕВА""";КОМИТЕТ ПРАВИТЕЛЬСТВА ЧЕЧЕНСКОЙ РЕСПУБЛИКИ ПО ГОСУДАРСТВЕННОМУ ЗАКАЗУ;22.05.2026;01.06.2026;Закупка завершена;;;01.06.2026;
44-ФЗ;№0194200000526003690;Электронный аукцион;Поставка изделий медицинского назначения;;'262202000237720140100100600011399244;;;12000000.00;RUB;0;;;;;;"ГОСУДАРСТВЕННОЕ БЮДЖЕТНОЕ УЧРЕЖДЕНИЕ ""РЕСПУБЛИКАНСКИЙ КЛИНИЧЕСКИЙ ГОСПИТАЛЬ ВЕТЕРАНОВ ВОЙН ИМЕНИ МАГОМЕДА ТЕМИРБИЕВИЧА ИНДЕРБИЕВА""";КОМИТЕТ ПРАВИТЕЛЬСТВА ЧЕЧЕНСКОЙ РЕСПУБЛИКИ ПО ГОСУДАРСТВЕННОМУ ЗАКАЗУ;22.05.2026;01.06.2026;Закупка завершена;;;01.06.2026;
44-ФЗ;№0843500000226002889;Электронный аукцион на проведение работ по строительству, реконструкции, кап. ремонту, сносу объекта кап. строительства в соответствии с п. 8 ч. 1 ст. 33 Закона № 44-ФЗ;«Капитальный ремонт здания по адресу: Курганская область, Белозерский район, д. Корюкина, ул. Конституции, д .20»;;'263450400480545040100100080014120243;;;35388924.28;RUB;0;;;;;;"МУНИЦИПАЛЬНОЕ БЮДЖЕТНОЕ ОБЩЕОБРАЗОВАТЕЛЬНОЕ УЧРЕЖДЕНИЕ ""БЕЛОЗЕРСКАЯ СРЕДНЯЯ ОБЩЕОБРАЗОВАТЕЛЬНАЯ ШКОЛА ИМЕНИ В.Н. КОРОБЕЙНИКОВА""";"ГОСУДАРСТВЕННОЕ КАЗЕННОЕ УЧРЕЖДЕНИЕ ""ЦЕНТР ЗАКУПОК И БУХГАЛТЕРСКОГО УЧЕТА КУРГАНСКОЙ ОБЛАСТИ""";22.05.2026;01.06.2026;Закупка завершена;;;01.06.2026;
44-ФЗ;№0190300001326000460;Электронный аукцион;Приобретение у Продавца жилого помещения (квартиры) в городе Тарко-Сале Пуровского района Ямало-Ненецкого автономного округа в собственность муниципального округа Пуровский район, для переселения граждан, проживающих в аварийном жилищном фонде;;'263891102624889110100100160016810412;;;10613144.29;RUB;0;;;;;;ДЕПАРТАМЕНТ СТРОИТЕЛЬСТВА, АРХИТЕКТУРЫ И ЖИЛИЩНОЙ ПОЛИТИКИ АДМИНИСТРАЦИИ ПУРОВСКОГО РАЙОНА;АДМИНИСТРАЦИЯ ПУРОВСКОГО РАЙОНА;22.05.2026;01.06.2026;Закупка завершена;;;01.06.2026;
44-ФЗ;№0137200001226004227;Электронный аукцион;Поставка коммутационного оборудования;;'262402701965540270100100150022630244;;;10588041.23;RUB;0;;;;;;"ГОСУДАРСТВЕННОЕ БЮДЖЕТНОЕ УЧРЕЖДЕНИЕ КАЛУЖСКОЙ ОБЛАСТИ ""АГЕНТСТВО ИНФОРМАЦИОННЫХ ТЕХНОЛОГИЙ КАЛУЖСКОЙ ОБЛАСТИ""";МИНИСТЕРСТВО КОНКУРЕНТНОЙ ПОЛИТИКИ КАЛУЖСКОЙ ОБЛАСТИ;18.05.2026;01.06.2026;Закупка завершена;;;01.06.2026;
44-ФЗ;№0103200008426004370;Электронный аукцион;Закупка медикаментов (Натрия хлорид);;'262057201514905730100100430012120244;;;6000000.00;RUB;0;;;;;;"ГОСУДАРСТВЕННОЕ БЮДЖЕТНОЕ УЧРЕЖДЕНИЕ РЕСПУБЛИКИ ДАГЕСТАН ""РЕСПУБЛИКАНСКИЙ ПЕРИНАТАЛЬНЫЙ ЦЕНТР ИМ. ОМАРОВА С.-М.А.""";КОМИТЕТ ПО ГОСУДАРСТВЕННЫМ ЗАКУПКАМ РЕСПУБЛИКИ ДАГЕСТАН;15.05.2026;01.06.2026;Закупка завершена;;;01.06.2026;
44-ФЗ;№0194200000526003679;Электронный аукцион;Поставка фронтального погрузчика;;'262201425915920150100100250012892244;;;6650000.00;RUB;0;;;;;;МИНИСТЕРСТВО АВТОМОБИЛЬНЫХ ДОРОГ ЧЕЧЕНСКОЙ РЕСПУБЛИКИ;КОМИТЕТ ПРАВИТЕЛЬСТВА ЧЕЧЕНСКОЙ РЕСПУБЛИКИ ПО ГОСУДАРСТВЕННОМУ ЗАКАЗУ;21.05.2026;01.06.2026;Закупка завершена;;;01.06.2026;
44-ФЗ;№0366200035626003434;Электронный аукцион;Выполнение работ по текущему ремонту медицинского крыла;;'262712500640271250100100650010000244;;;9630124.95;RUB;0;;;;;;"ГОСУДАРСТВЕННОЕ УЧРЕЖДЕНИЕ ТУЛЬСКОЙ ОБЛАСТИ ""ДОМ СОЦИАЛЬНОГО ОБСЛУЖИВАНИЯ ""ДУБЕНСКИЙ ДОМ ЗАБОТЫ""";"ГОСУДАРСТВЕННОЕ КАЗЕННОЕ УЧРЕЖДЕНИЕ ТУЛЬСКОЙ ОБЛАСТИ ""ЦЕНТР ОРГАНИЗАЦИИ ЗАКУПОК""";19.05.2026;01.06.2026;Закупка завершена;;;28.05.2026;
44-ФЗ;№0133200001726001377;Открытый конкурс в электронной форме;Разработка проектной документации на объект «Строительство газораспределительной сети и газификация жилых домов по адресу: Ивановская область, Палехский район, с. Дорки Большие, с. Дорки Малые, д. Мокеиха, д. Потанино, д. Новая»;;'263370003559737000100100080014110414;;;11580000.00;RUB;0;;;;;;УПРАВЛЕНИЕ МУНИЦИПАЛЬНОГО ХОЗЯЙСТВА АДМИНИСТРАЦИИ ПАЛЕХСКОГО МУНИЦИПАЛЬНОГО ОКРУГА ИВАНОВСКОЙ ОБЛАСТИ;ДЕПАРТАМЕНТ КОНКУРСОВ И АУКЦИОНОВ ИВАНОВСКОЙ ОБЛАСТИ;08.05.2026;01.06.2026;Закупка завершена;;;27.05.2026;
44-ФЗ;№0172200002526000129;Открытый конкурс в электронной форме;"Выполнение работ по проектированию строительства здания структурного подразделения ""Эколого-образовательный центр ""Петербургская усадьба"" Санкт-Петербургского государственного бюджетного профессионального образовательного учреждения ""Садово-архитектурный колледж"" по адресу: Санкт-Петербург, ул. Кольцова, дом 8";;'262780902552378380100100620017112414;;;49091124.94;RUB;0;;;;;;"САНКТ-ПЕТЕРБУРГСКОЕ ГОСУДАРСТВЕННОЕ КАЗЕННОЕ УЧРЕЖДЕНИЕ ""ФОНД КАПИТАЛЬНОГО СТРОИТЕЛЬСТВА И РЕКОНСТРУКЦИИ""";КОМИТЕТ ПО ГОСУДАРСТВЕННОМУ ЗАКАЗУ САНКТ-ПЕТЕРБУРГА;10.04.2026;01.06.2026;Закупка завершена;;;22.05.2026;
44-ФЗ;№0194200000526003676;Электронный аукцион;Ремонт дорог с устройством асфальтобетонного покрытия по ул. В.Дагаева,пер. Гагарина, пер. Школьный, ул. Мехтиева  в г. Серноводск, Серноводского муниципального района, ЧР;;'263200200064120290100100070014211244;;;8390599.76;RUB;0;;;;;;АДМИНИСТРАЦИЯ СЕРНОВОДСКОГО МУНИЦИПАЛЬНОГО РАЙОНА;КОМИТЕТ ПРАВИТЕЛЬСТВА ЧЕЧЕНСКОЙ РЕСПУБЛИКИ ПО ГОСУДАРСТВЕННОМУ ЗАКАЗУ;21.05.2026;01.06.2026;Закупка завершена;;;01.06.2026;
44-ФЗ;№0310100005926000138;Электронный аукцион;Поставка линз интраокулярных для задней камеры глаза, псевдофакичные.;;'261151101759915110100100040080000244;;;7392000.00;RUB;0;;;;;;"ФЕДЕРАЛЬНОЕ ГОСУДАРСТВЕННОЕ БЮДЖЕТНОЕ УЧРЕЖДЕНИЕ ""СЕВЕРО-КАВКАЗСКИЙ МНОГОПРОФИЛЬНЫЙ МЕДИЦИНСКИЙ ЦЕНТР"" МИНИСТЕРСТВА ЗДРАВООХРАНЕНИЯ РОССИЙСКОЙ ФЕДЕРАЦИИ (Г. БЕСЛАН)";"ФЕДЕРАЛЬНОЕ ГОСУДАРСТВЕННОЕ БЮДЖЕТНОЕ УЧРЕЖДЕНИЕ ""СЕВЕРО-КАВКАЗСКИЙ МНОГОПРОФИЛЬНЫЙ МЕДИЦИНСКИЙ ЦЕНТР"" МИНИСТЕРСТВА ЗДРАВООХРАНЕНИЯ РОССИЙСКОЙ ФЕДЕРАЦИИ (Г. БЕСЛАН)";24.04.2026;01.06.2026;Закупка завершена;;;04.05.2026;
44-ФЗ;№0372200219626000190;Электронный аукцион;ПОСТАВКА ЛЕКАРСТВЕННОГО ПРЕПАРАТА ДЛЯ МЕДИЦИНСКОГО ПРИМЕНЕНИЯ  (Софосбувир);;'262782566168578420100101800012120244;;;39963000.00;RUB;0;;;;;;"САНКТ-ПЕТЕРБУРГСКОЕ ГОСУДАРСТВЕННОЕ БЮДЖЕТНОЕ УЧРЕЖДЕНИЕ ЗДРАВООХРАНЕНИЯ ""КЛИНИЧЕСКАЯ ИНФЕКЦИОННАЯ БОЛЬНИЦА ИМ. С.П. БОТКИНА""";"САНКТ-ПЕТЕРБУРГСКОЕ ГОСУДАРСТВЕННОЕ КАЗЕННОЕ УЧРЕЖДЕНИЕ ""ДИРЕКЦИЯ ПО ЗАКУПКАМ КОМИТЕТА ПО ЗДРАВООХРАНЕНИЮ""";21.05.2026;01.06.2026;Закупка завершена;;;29.05.2026;
44-ФЗ;№0194200000526003675;Электронный аукцион;Текущий ремонт здания ГБУ «Республиканский детский реабилитационный центр»;;'262201426349020140100100280014339244;;;19000000.00;RUB;0;;;;;;"ГОСУДАРСТВЕННОЕ БЮДЖЕТНОЕ УЧРЕЖДЕНИЕ ""РЕСПУБЛИКАНСКИЙ ДЕТСКИЙ РЕАБИЛИТАЦИОННЫЙ ЦЕНТР""";КОМИТЕТ ПРАВИТЕЛЬСТВА ЧЕЧЕНСКОЙ РЕСПУБЛИКИ ПО ГОСУДАРСТВЕННОМУ ЗАКАЗУ;22.05.2026;01.06.2026;Закупка завершена;;;01.06.2026;
44-ФЗ;№0190300004626000128;Запрос котировок в электронной форме;Выполнение работ по устройству контурной подсветки фасадов жилых домов  г. Муравленко;;'263890600615889060100101020014321244;;;10000000.00;RUB;0;;;;;;"МУНИЦИПАЛЬНОЕ КАЗЁННОЕ УЧРЕЖДЕНИЕ ""УПРАВЛЕНИЕ КОММУНАЛЬНОГО ЗАКАЗА""";АДМИНИСТРАЦИЯ ГОРОДА МУРАВЛЕНКО;25.05.2026;01.06.2026;Закупка завершена;;;01.06.2026;
44-ФЗ;№0142200001326011723;Электронный аукцион;Поставка медицинских изделий для государственного бюджетного учреждения здравоохранения Самарской области «Тольяттинская городская клиническая больница №2 имени В.В. Баныкина»;;'262632000338663240100100040420000244;;;5507100.00;RUB;0;;;;;;"ГОСУДАРСТВЕННОЕ БЮДЖЕТНОЕ УЧРЕЖДЕНИЕ ЗДРАВООХРАНЕНИЯ САМАРСКОЙ ОБЛАСТИ ""ТОЛЬЯТТИНСКАЯ ГОРОДСКАЯ КЛИНИЧЕСКАЯ БОЛЬНИЦА № 2 ИМЕНИ В.В.БАНЫКИНА""";КОМИТЕТ ПО ОРГАНИЗАЦИИ ТОРГОВ САМАРСКОЙ ОБЛАСТИ;22.05.2026;01.06.2026;Закупка завершена;;;01.06.2026;
44-ФЗ;№0372500005326000044;Открытый конкурс в электронной форме;Проектирование  реконструкции электрических сетей и устройств  наружного освещения улиц: Чугунная ул.;;'262783808733078380100100370027112414;;;8567068.39;RUB;0;;;;;;КОМИТЕТ ПО ЭНЕРГЕТИКЕ И ИНЖЕНЕРНОМУ ОБЕСПЕЧЕНИЮ;"САНКТ-ПЕТЕРБУРГСКОЕ ГОСУДАРСТВЕННОЕ БЮДЖЕТНОЕ УЧРЕЖДЕНИЕ ""ЛЕНСВЕТ""";29.04.2026;01.06.2026;Закупка завершена;;;28.05.2026;
44-ФЗ;№0194200000526003673;Электронный аукцион на проведение работ по строительству, реконструкции, кап. ремонту, сносу объекта кап. строительства в соответствии с п. 8 ч. 1 ст. 33 Закона № 44-ФЗ;Капитальный ремонт автомобильных дорог Надтеречного района;;'263202000284220070100100070014211243;;;31611279.41;RUB;0;;;;;;АДМИНИСТРАЦИЯ НАДТЕРЕЧНОГО МУНИЦИПАЛЬНОГО  РАЙОНА ЧЕЧЕНСКОЙ РЕСПУБЛИКИ;КОМИТЕТ ПРАВИТЕЛЬСТВА ЧЕЧЕНСКОЙ РЕСПУБЛИКИ ПО ГОСУДАРСТВЕННОМУ ЗАКАЗУ;20.05.2026;01.06.2026;Закупка завершена;;;01.06.2026;
44-ФЗ;№0813500000126009612;Электронный аукцион;зз-0016-24241 - 2026 Услуги частной охраны(Выставление поста охраны) для дошкольных образовательных учреждений;;'263182901078918370100100110018010244;;;16386720.00;RUB;0;;;;;;"МУНИЦИПАЛЬНОЕ БЮДЖЕТНОЕ ДОШКОЛЬНОЕ ОБРАЗОВАТЕЛЬНОЕ УЧРЕЖДЕНИЕ ""ДЕТСКИЙ САД № 17""";"ГОСУДАРСТВЕННОЕ КАЗЕННОЕ УЧРЕЖДЕНИЕ УДМУРТСКОЙ РЕСПУБЛИКИ ""РЕГИОНАЛЬНЫЙ ЦЕНТР ЗАКУПОК УДМУРТСКОЙ РЕСПУБЛИКИ""";21.05.2026;01.06.2026;Закупка завершена;;;29.05.2026;
44-ФЗ;№0194200000526003667;Электронный аукцион;Разработка проектно-сметной документации и проведение государственной экспертизы для объекта капитального строительства:  «Строительство водопроводных сетей в Ножай-Юртовском муниципальном районе Чеченской Республики» ;;'263202000311620090100100280027112414;;;17055000.00;RUB;0;;;;;;АДМИНИСТРАЦИЯ НОЖАЙ-ЮРТОВСКОГО МУНИЦИПАЛЬНОГО РАЙОНА ЧЕЧЕНСКОЙ РЕСПУБЛИКИ;КОМИТЕТ ПРАВИТЕЛЬСТВА ЧЕЧЕНСКОЙ РЕСПУБЛИКИ ПО ГОСУДАРСТВЕННОМУ ЗАКАЗУ;20.05.2026;01.06.2026;Закупка завершена;;;01.06.2026;
44-ФЗ;№0124300012726000074;Электронный аукцион;Выполнение работ по изготовлению и установке памятного знака «Ветеранам боевых действий» на общественной территории, расположенной вдоль пр. Труда от ул. Ломоносова до ул. Тургенева в городе Северодвинске;;'263290201200829020100100580014399244;;;9605375.00;RUB;0;;;;;;КОМИТЕТ ЖИЛИЩНО-КОММУНАЛЬНОГО ХОЗЯЙСТВА,ТРАНСПОРТА И СВЯЗИ АДМИНИСТРАЦИИ СЕВЕРОДВИНСКА;"АДМИНИСТРАЦИЯ МУНИЦИПАЛЬНОГО ОБРАЗОВАНИЯ ""ГОРОД СЕВЕРОДВИНСК""";21.05.2026;01.06.2026;Закупка завершена;;;29.05.2026;
44-ФЗ;№0348200027026000221;Электронный аукцион;Поставка лекарственных препаратов в 2026 году (лот 246: МНН БЛИНАТУМОМАБ);;'262770206615777020100102510012120244;;;8240577.31;RUB;0;;;;;;"ГОСУДАРСТВЕННОЕ БЮДЖЕТНОЕ УЧРЕЖДЕНИЕ ЗДРАВООХРАНЕНИЯ МОСКОВСКОЙ ОБЛАСТИ ""МОСКОВСКИЙ ОБЛАСТНОЙ НАУЧНО-ИССЛЕДОВАТЕЛЬСКИЙ КЛИНИЧЕСКИЙ ИНСТИТУТ ИМ. М.Ф.ВЛАДИМИРСКОГО""";"ГОСУДАРСТВЕННОЕ БЮДЖЕТНОЕ УЧРЕЖДЕНИЕ ЗДРАВООХРАНЕНИЯ МОСКОВСКОЙ ОБЛАСТИ ""МОСКОВСКИЙ ОБЛАСТНОЙ НАУЧНО-ИССЛЕДОВАТЕЛЬСКИЙ КЛИНИЧЕСКИЙ ИНСТИТУТ ИМ. М.Ф.ВЛАДИМИРСКОГО""";22.05.2026;01.06.2026;Закупка завершена;;;01.06.2026;
44-ФЗ;№0846600002126000318;Электронный аукцион;Оказание услуг, связанных с осуществлением регулярных перевозок пассажиров и багажа автомобильным транспортом по регулируемым тарифам по муниципальным маршрутам № 2т «ул. Вермишева – ул. Вермишева» (через ул. Терешковой), № 37 «Ж/д вокзал - ЛКСМ»,№ 7 «Микрорайон «Елецкий» - Новое заводоуправление»,№ 2 «Ж/д вокзал – ул. Доменщиков»;;'263482612966148260100100010354931244;;;6470325.99;RUB;0;;;;;;ДЕПАРТАМЕНТ ТРАНСПОРТА АДМИНИСТРАЦИИ ГОРОДА ЛИПЕЦКА;"МУНИЦИПАЛЬНОЕ КАЗЕННОЕ УЧРЕЖДЕНИЕ ""УПРАВЛЕНИЕ МУНИЦИПАЛЬНОГО ЗАКАЗА ГОРОДА ЛИПЕЦКА""";22.05.2026;01.06.2026;Закупка завершена;;;01.06.2026;
44-ФЗ;№0853500000326003583;Электронный аукцион на проведение работ по строительству, реконструкции, кап. ремонту, сносу объекта кап. строительства в соответствии с п. 8 ч. 1 ст. 33 Закона № 44-ФЗ;Капитальный ремонт участка автомобильной дороги с устройством асфальтобетонного покрытия по ул. Спортивная (от ул. Спортивная д.44 до ул. Космонавтов) в г.Бугуруслане, Оренбургской области;;'263560202108556020100100350014211244;;;6643867.56;RUB;0;;;;;;"МУНИЦИПАЛЬНОЕ КАЗЕННОЕ УЧРЕЖДЕНИЕ МУНИЦИПАЛЬНОГО ОБРАЗОВАНИЯ ""ГОРОД БУГУРУСЛАН"" ""УПРАВЛЕНИЕ ГОРОДСКОГО ХОЗЯЙСТВА""";"ГОСУДАРСТВЕННОЕ КАЗЕННОЕ УЧРЕЖДЕНИЕ ОРЕНБУРГСКОЙ ОБЛАСТИ ""ЦЕНТР ОРГАНИЗАЦИИ ЗАКУПОК""";19.05.2026;01.06.2026;Закупка завершена;;;28.05.2026;
44-ФЗ;№0128600006826000198;Электронный аукцион;Выполнение работ по благоустройству дворовых территорий многоквартирных домов №26 по ул. Совхоз Правда, №27 по ул. Совхоз Правда, №28 по ул. Совхоз Правда, №32 по ул. Совхоз Правда в г. Александров Александровского муниципального округа Владимирской области (в рамках текущего ремонта по благоустройству дворовых территорий);;'263330102261333010100101180014399244;;;6768565.99;RUB;0;;;;;;"МУНИЦИПАЛЬНОЕ КАЗЕННОЕ УЧРЕЖДЕНИЕ ""УПРАВЛЕНИЕ ЖИЛИЩНО-КОММУНАЛЬНОГО ХОЗЯЙСТВА АЛЕКСАНДРОВСКОГО МУНИЦИПАЛЬНОГО ОКРУГА""";КОМИТЕТ ПО УПРАВЛЕНИЮ МУНИЦИПАЛЬНЫМ ИМУЩЕСТВОМ АДМИНИСТРАЦИИ АЛЕКСАНДРОВСКОГО МУНИЦИПАЛЬНОГО ОКРУГА ВЛАДИМИРСКОЙ ОБЛАСТИ;22.05.2026;01.06.2026;Закупка завершена;;;01.06.2026;
44-ФЗ;№0348200027026000211;Электронный аукцион;Поставка расходных медицинских материалов для восстановления двигательных функций в 2026 году (лот 1.5);;'262770206615777020100102570013250244;;;9418995.60;RUB;0;;;;;;"ГОСУДАРСТВЕННОЕ БЮДЖЕТНОЕ УЧРЕЖДЕНИЕ ЗДРАВООХРАНЕНИЯ МОСКОВСКОЙ ОБЛАСТИ ""МОСКОВСКИЙ ОБЛАСТНОЙ НАУЧНО-ИССЛЕДОВАТЕЛЬСКИЙ КЛИНИЧЕСКИЙ ИНСТИТУТ ИМ. М.Ф.ВЛАДИМИРСКОГО""";"ГОСУДАРСТВЕННОЕ БЮДЖЕТНОЕ УЧРЕЖДЕНИЕ ЗДРАВООХРАНЕНИЯ МОСКОВСКОЙ ОБЛАСТИ ""МОСКОВСКИЙ ОБЛАСТНОЙ НАУЧНО-ИССЛЕДОВАТЕЛЬСКИЙ КЛИНИЧЕСКИЙ ИНСТИТУТ ИМ. М.Ф.ВЛАДИМИРСКОГО""";20.05.2026;01.06.2026;Закупка завершена;;;28.05.2026;
44-ФЗ;№0815500000526007436;Электронный аукцион;Поставка, монтаж оборудования и пуско-наладочные работы для создания муниципальной системы оповещения населения на территории города Чебоксары Чувашской Республике.;;'263212802073421300100100460012640244;;;21801120.00;RUB;0;;;;;;"МУНИЦИПАЛЬНОЕ КАЗЁННОЕ УЧРЕЖДЕНИЕ ""УПРАВЛЕНИЕ ПО ДЕЛАМ ГРАЖДАНСКОЙ ОБОРОНЫ И ЧРЕЗВЫЧАЙНЫМ СИТУАЦИЯМ ГОРОДА ЧЕБОКСАРЫ""";"КАЗЕННОЕ УЧРЕЖДЕНИЕ ЧУВАШСКОЙ РЕСПУБЛИКИ ""РЕГИОНАЛЬНЫЙ ЦЕНТР ЗАКУПОК ЧУВАШСКОЙ РЕСПУБЛИКИ""";21.05.2026;01.06.2026;Закупка завершена;;;01.06.2026;
44-ФЗ;№0301600005226000034;Запрос котировок в электронной форме;Оказание услуг по аренде спецтехники (экскаватор-погрузчик, автомобиль-самосвал, специальный автокран);;'263027694707802760100100610014941244;;;5000000.00;RUB;0;;;;;;"МУНИЦИПАЛЬНОЕ БЮДЖЕТНОЕ УЧРЕЖДЕНИЕ ""ГОРЗЕЛЕНХОЗ"" ГОРОДСКОГО ОКРУГА ГОРОД УФА РЕСПУБЛИКИ БАШКОРТОСТАН";"МУНИЦИПАЛЬНОЕ БЮДЖЕТНОЕ УЧРЕЖДЕНИЕ ""ГОРЗЕЛЕНХОЗ"" ГОРОДСКОГО ОКРУГА ГОРОД УФА РЕСПУБЛИКИ БАШКОРТОСТАН";20.05.2026;01.06.2026;Закупка завершена;;;28.05.2026;
44-ФЗ;№0848300059126000094;Открытый конкурс в электронной форме;Оказание услуг по организации отдыха и оздоровления детей, проживающих на территории Рузского муниципального округа Московской области в 2026 году;;'263507500501250750100100200018541244;;;5344000.00;RUB;0;;;;;;УПРАВЛЕНИЕ ОБРАЗОВАНИЯ АДМИНИСТРАЦИИ РУЗСКОГО МУНИЦИПАЛЬНОГО ОКРУГА МОСКОВСКОЙ ОБЛАСТИ;"МУНИЦИПАЛЬНОЕ КАЗЕННОЕ УЧРЕЖДЕНИЕ ""ЦЕНТР ЗАКУПОК РУЗСКОГО МУНИЦИПАЛЬНОГО ОКРУГА""";14.05.2026;01.06.2026;Закупка завершена;;;01.06.2026;
44-ФЗ;№0825500000726001313;Электронный аукцион;Поставка расходных материалов для ВСУЗИ;;'262301604595830190100100420050000244;;;24000000.00;RUB;0;;;;;;ГОСУДАРСТВЕННОЕ БЮДЖЕТНОЕ УЧРЕЖДЕНИЕ ЗДРАВООХРАНЕНИЯ АСТРАХАНСКОЙ ОБЛАСТИ АЛЕКСАНДРО-МАРИИНСКАЯ ОБЛАСТНАЯ КЛИНИЧЕСКАЯ БОЛЬНИЦА;"ГОСУДАРСТВЕННОЕ КАЗЕННОЕ УЧРЕЖДЕНИЕ АСТРАХАНСКОЙ ОБЛАСТИ ""РЕГИОНАЛЬНЫЙ ЦЕНТР ОРГАНИЗАЦИИ ЗАКУПОК""";21.05.2026;01.06.2026;Закупка завершена;;;29.05.2026;
44-ФЗ;№0356500001426004488;Электронный аукцион;на приобретение жилого помещения для расселения (переселения) аварийного жилищного фонда (106);;'263590229339359020100101450010000412;;;5831600.00;RUB;0;;;;;;УПРАВЛЕНИЕ ЖИЛИЩНЫХ ОТНОШЕНИЙ АДМИНИСТРАЦИИ ГОРОДА ПЕРМИ;"ГОСУДАРСТВЕННОЕ КАЗЕННОЕ УЧРЕЖДЕНИЕ ПЕРМСКОГО КРАЯ ""ЦЕНТР ОРГАНИЗАЦИИ ЗАКУПОК""";22.05.2026;01.06.2026;Закупка завершена;;;01.06.2026;
44-ФЗ;№0373100013126000672;Электронный аукцион;Поставка средств дезинфицирующих;;'261772809483277280100100016360000244;;;6141000.00;RUB;0;;;;;;"ФЕДЕРАЛЬНОЕ ГОСУДАРСТВЕННОЕ БЮДЖЕТНОЕ УЧРЕЖДЕНИЕ ""НАЦИОНАЛЬНЫЙ МЕДИЦИНСКИЙ ИССЛЕДОВАТЕЛЬСКИЙ ЦЕНТР АКУШЕРСТВА, ГИНЕКОЛОГИИ И ПЕРИНАТОЛОГИИ ИМЕНИ АКАДЕМИКА В.И.КУЛАКОВА"" МИНИСТЕРСТВА ЗДРАВООХРАНЕНИЯ РОССИЙСКОЙ ФЕДЕРАЦИИ";"ФЕДЕРАЛЬНОЕ ГОСУДАРСТВЕННОЕ БЮДЖЕТНОЕ УЧРЕЖДЕНИЕ ""НАЦИОНАЛЬНЫЙ МЕДИЦИНСКИЙ ИССЛЕДОВАТЕЛЬСКИЙ ЦЕНТР АКУШЕРСТВА, ГИНЕКОЛОГИИ И ПЕРИНАТОЛОГИИ ИМЕНИ АКАДЕМИКА В.И.КУЛАКОВА"" МИНИСТЕРСТВА ЗДРАВООХРАНЕНИЯ РОССИЙСКОЙ ФЕДЕРАЦИИ";21.05.2026;01.06.2026;Закупка завершена;;;01.06.2026;
44-ФЗ;№0356500001426004503;Электронный аукцион;на приобретение жилого помещения для расселения (переселения) аварийного жилищного фонда (105);;'263590229339359020100101410010000412;;;5589476.48;RUB;0;;;;;;УПРАВЛЕНИЕ ЖИЛИЩНЫХ ОТНОШЕНИЙ АДМИНИСТРАЦИИ ГОРОДА ПЕРМИ;"ГОСУДАРСТВЕННОЕ КАЗЕННОЕ УЧРЕЖДЕНИЕ ПЕРМСКОГО КРАЯ ""ЦЕНТР ОРГАНИЗАЦИИ ЗАКУПОК""";22.05.2026;01.06.2026;Закупка завершена;;;01.06.2026;
44-ФЗ;№0101300016026000006;Открытый конкурс в электронной форме;Содержание автомобильных дорог (восстановление верхних изношенных слоев асфальтобетонных покрытий на отдельных участках дорог) по ул. Михляева с. Дуван муниципального района Дуванский район Республики Башкортостан;;'263022002175002200100100260014211244;;;5690441.12;RUB;0;;;;;;АДМИНИСТРАЦИЯ МУНИЦИПАЛЬНОГО РАЙОНА ДУВАНСКИЙ РАЙОН РЕСПУБЛИКИ БАШКОРТОСТАН;АДМИНИСТРАЦИЯ МУНИЦИПАЛЬНОГО РАЙОНА ДУВАНСКИЙ РАЙОН РЕСПУБЛИКИ БАШКОРТОСТАН;14.05.2026;01.06.2026;Закупка завершена;;;01.06.2026;
44-ФЗ;№0172200000726000230;Электронный аукцион;Поставка автоматизированных рабочих мест;;'262780604491278060100101030010000244;;;8760378.00;RUB;0;;;;;;"САНКТ-ПЕТЕРБУРГСКОЕ ГОСУДАРСТВЕННОЕ БЮДЖЕТНОЕ УЧРЕЖДЕНИЕ ЗДРАВООХРАНЕНИЯ ""ГОРОДСКАЯ ПОЛИКЛИНИКА № 17""";АДМИНИСТРАЦИЯ КРАСНОГВАРДЕЙСКОГО РАЙОНА САНКТ-ПЕТЕРБУРГА;21.05.2026;01.06.2026;Закупка завершена;;;29.05.2026;
44-ФЗ;№0356500001426004525;Электронный аукцион;на приобретение жилого помещения для расселения (переселения) аварийного жилищного фонда (108);;'263590229339359020100101490010000412;;;6467843.55;RUB;0;;;;;;УПРАВЛЕНИЕ ЖИЛИЩНЫХ ОТНОШЕНИЙ АДМИНИСТРАЦИИ ГОРОДА ПЕРМИ;"ГОСУДАРСТВЕННОЕ КАЗЕННОЕ УЧРЕЖДЕНИЕ ПЕРМСКОГО КРАЯ ""ЦЕНТР ОРГАНИЗАЦИИ ЗАКУПОК""";22.05.2026;01.06.2026;Закупка завершена;;;01.06.2026;
44-ФЗ;№0356500001426004536;Электронный аукцион;на приобретение жилого помещения для расселения (переселения) аварийного жилищного фонда (103);;'263590229339359020100101560010000412;;;5650073.14;RUB;0;;;;;;УПРАВЛЕНИЕ ЖИЛИЩНЫХ ОТНОШЕНИЙ АДМИНИСТРАЦИИ ГОРОДА ПЕРМИ;"ГОСУДАРСТВЕННОЕ КАЗЕННОЕ УЧРЕЖДЕНИЕ ПЕРМСКОГО КРАЯ ""ЦЕНТР ОРГАНИЗАЦИИ ЗАКУПОК""";22.05.2026;01.06.2026;Закупка завершена;;;01.06.2026;
44-ФЗ;№0356500001426004512;Электронный аукцион;на приобретение жилого помещения для расселения (переселения) аварийного жилищного фонда (104);;'263590229339359020100101570010000412;;;5531953.15;RUB;0;;;;;;УПРАВЛЕНИЕ ЖИЛИЩНЫХ ОТНОШЕНИЙ АДМИНИСТРАЦИИ ГОРОДА ПЕРМИ;"ГОСУДАРСТВЕННОЕ КАЗЕННОЕ УЧРЕЖДЕНИЕ ПЕРМСКОГО КРАЯ ""ЦЕНТР ОРГАНИЗАЦИИ ЗАКУПОК""";22.05.2026;01.06.2026;Закупка завершена;;;01.06.2026;
44-ФЗ;№0142200001326011582;Электронный аукцион;Оказание услуг по сопровождению прикладного программного обеспечения подсистем государственной информационной системы Самарской области «Единая медицинская информационно-аналитическая система» (ГИС СО ЕМИАС) в части отдельных функций и сервисов;;'262631201962563120100100290040000244;;;140000000.00;RUB;0;;;;;;"ГОСУДАРСТВЕННОЕ БЮДЖЕТНОЕ УЧРЕЖДЕНИЕ ЗДРАВООХРАНЕНИЯ ""САМАРСКИЙ ОБЛАСТНОЙ МЕДИЦИНСКИЙ ИНФОРМАЦИОННО-АНАЛИТИЧЕСКИЙ ЦЕНТР""";КОМИТЕТ ПО ОРГАНИЗАЦИИ ТОРГОВ САМАРСКОЙ ОБЛАСТИ;21.05.2026;01.06.2026;Закупка завершена;;;29.05.2026;
44-ФЗ;№0194200000526003652;Электронный аукцион;Выполнение работ по осуществлению полномочий в области дорожной деятельности в отношении автомобильных дорог общего пользования местного значения за счет средств дорожного фонда Урус-Мартановского городского поселения;;'262201000051820100100100150014211243;;;7580644.41;RUB;0;;;;;;"МУНИЦИПАЛЬНОЕ УЧРЕЖДЕНИЕ ""МЭРИЯ УРУС-МАРТАНОВСКОГО ГОРОДСКОГО ПОСЕЛЕНИЯ""";КОМИТЕТ ПРАВИТЕЛЬСТВА ЧЕЧЕНСКОЙ РЕСПУБЛИКИ ПО ГОСУДАРСТВЕННОМУ ЗАКАЗУ;20.05.2026;01.06.2026;Закупка завершена;;;01.06.2026;
44-ФЗ;№0373100130926000009;Электронный аукцион;Cоздание системы видеонаблюдения в здании, расположенном по адресу, г. Москва, Настасьинский пер., д.3, стр. 2;;'261771091932077100100100180014321244;;;5751856.00;RUB;0;;;;;;"ФЕДЕРАЛЬНОЕ ГОСУДАРСТВЕННОЕ БЮДЖЕТНОЕ УЧРЕЖДЕНИЕ ""НАУЧНО-ИССЛЕДОВАТЕЛЬСКИЙ ФИНАНСОВЫЙ ИНСТИТУТ МИНИСТЕРСТВА ФИНАНСОВ РОССИЙСКОЙ ФЕДЕРАЦИИ""";"ФЕДЕРАЛЬНОЕ ГОСУДАРСТВЕННОЕ БЮДЖЕТНОЕ УЧРЕЖДЕНИЕ ""НАУЧНО-ИССЛЕДОВАТЕЛЬСКИЙ ФИНАНСОВЫЙ ИНСТИТУТ МИНИСТЕРСТВА ФИНАНСОВ РОССИЙСКОЙ ФЕДЕРАЦИИ""";21.05.2026;01.06.2026;Закупка завершена;;;29.05.2026;
44-ФЗ;№0194200000526003651;Электронный аукцион;Ремонт дорожных покрытий Урус-Мартановского городского поселения по ул. А. Гучигова, Татарская, А. Шерипова.;;'262201000051820100100100140014211244;;;6783267.08;RUB;0;;;;;;"МУНИЦИПАЛЬНОЕ УЧРЕЖДЕНИЕ ""МЭРИЯ УРУС-МАРТАНОВСКОГО ГОРОДСКОГО ПОСЕЛЕНИЯ""";КОМИТЕТ ПРАВИТЕЛЬСТВА ЧЕЧЕНСКОЙ РЕСПУБЛИКИ ПО ГОСУДАРСТВЕННОМУ ЗАКАЗУ;20.05.2026;01.06.2026;Закупка завершена;;;01.06.2026;
44-ФЗ;№0172200002126000045;Открытый конкурс в электронной форме;Оказание услуг по физической охране объектов администрации Колпинского района Санкт-Петербурга по адресам: Санкт-Петербург, г. Колпино, бульвар Победы, д. 1, пр. Ленина, д. 24/8, лит. А;;'262781700689178170100100340018010244;;;23246748.48;RUB;0;;;;;;АДМИНИСТРАЦИЯ КОЛПИНСКОГО РАЙОНА САНКТ-ПЕТЕРБУРГА;АДМИНИСТРАЦИЯ КОЛПИНСКОГО РАЙОНА САНКТ-ПЕТЕРБУРГА;07.05.2026;01.06.2026;Закупка завершена;;;25.05.2026;
44-ФЗ;№0373100047426000414;Электронный аукцион;"Поставка медицинских изделий для нужд  ФГБУ ""НМХЦ им. Н.И. Пирогова"" Минздрава России";;'261773310856977190100100171413250244;;;6700000.00;RUB;0;;;;;;"ФЕДЕРАЛЬНОЕ ГОСУДАРСТВЕННОЕ БЮДЖЕТНОЕ УЧРЕЖДЕНИЕ ""НАЦИОНАЛЬНЫЙ МЕДИКО-ХИРУРГИЧЕСКИЙ ЦЕНТР ИМЕНИ Н.И.ПИРОГОВА"" МИНИСТЕРСТВА ЗДРАВООХРАНЕНИЯ РОССИЙСКОЙ ФЕДЕРАЦИИ";"ФЕДЕРАЛЬНОЕ ГОСУДАРСТВЕННОЕ БЮДЖЕТНОЕ УЧРЕЖДЕНИЕ ""НАЦИОНАЛЬНЫЙ МЕДИКО-ХИРУРГИЧЕСКИЙ ЦЕНТР ИМЕНИ Н.И.ПИРОГОВА"" МИНИСТЕРСТВА ЗДРАВООХРАНЕНИЯ РОССИЙСКОЙ ФЕДЕРАЦИИ";20.05.2026;01.06.2026;Закупка завершена;;;29.05.2026;
44-ФЗ;№0360100030526000721;Электронный аукцион;Поставка лекарственных препаратов (МНН –Афлиберцепт №3);;'261645200647164520100100062700000244;;;38693898.67;RUB;0;;;;;;"ФЕДЕРАЛЬНОЕ ГОСУДАРСТВЕННОЕ БЮДЖЕТНОЕ ОБРАЗОВАТЕЛЬНОЕ УЧРЕЖДЕНИЕ ВЫСШЕГО ОБРАЗОВАНИЯ ""САРАТОВСКИЙ ГОСУДАРСТВЕННЫЙ МЕДИЦИНСКИЙ УНИВЕРСИТЕТ ИМЕНИ В.И.РАЗУМОВСКОГО"" МИНИСТЕРСТВА ЗДРАВООХРАНЕНИЯ РОССИЙСКОЙ ФЕДЕРАЦИИ";"ФЕДЕРАЛЬНОЕ ГОСУДАРСТВЕННОЕ БЮДЖЕТНОЕ ОБРАЗОВАТЕЛЬНОЕ УЧРЕЖДЕНИЕ ВЫСШЕГО ОБРАЗОВАНИЯ ""САРАТОВСКИЙ ГОСУДАРСТВЕННЫЙ МЕДИЦИНСКИЙ УНИВЕРСИТЕТ ИМЕНИ В.И.РАЗУМОВСКОГО"" МИНИСТЕРСТВА ЗДРАВООХРАНЕНИЯ РОССИЙСКОЙ ФЕДЕРАЦИИ";19.05.2026;01.06.2026;Закупка завершена;;;28.05.2026;
44-ФЗ;№0149200002326002890;Электронный аукцион;Оказание услуг по проведению специальной оценки условий труда;;'262519080011451900100102890010000244;;;6000000.00;RUB;0;;;;;;"ГОСУДАРСТВЕННОЕ ОБЛАСТНОЕ БЮДЖЕТНОЕ УЧРЕЖДЕНИЕ ЗДРАВООХРАНЕНИЯ ""МУРМАНСКАЯ ОБЛАСТНАЯ КЛИНИЧЕСКАЯ БОЛЬНИЦА ИМЕНИ П.А. БАЯНДИНА""";КОМИТЕТ ПО КОНКУРЕНТНОЙ ПОЛИТИКЕ МУРМАНСКОЙ ОБЛАСТИ;22.05.2026;01.06.2026;Закупка завершена;;;01.06.2026;
44-ФЗ;№0162200011826001398;Электронный аукцион;Поставка автобусов;;'263662502866766840100100320012910244;;;115104000.00;RUB;0;;;;;;УПРАВЛЕНИЕ ЖИЛИЩНО-КОММУНАЛЬНОГО ХОЗЯЙСТВА И СТРОИТЕЛЬСТВА МУНИЦИПАЛЬНОГО ОКРУГА ПЕРВОУРАЛЬСК;ДЕПАРТАМЕНТ ГОСУДАРСТВЕННЫХ ЗАКУПОК СВЕРДЛОВСКОЙ ОБЛАСТИ;21.05.2026;01.06.2026;Закупка завершена;;;29.05.2026;
44-ФЗ;№0360100030526000715;Электронный аукцион;Поставка медицинского оборудования (машины моющие/дезинфицирующие для хирургических инструментов/оборудования);;'261645200647164520100101660110000244;;;9120000.00;RUB;0;;;;;;"ФЕДЕРАЛЬНОЕ ГОСУДАРСТВЕННОЕ БЮДЖЕТНОЕ ОБРАЗОВАТЕЛЬНОЕ УЧРЕЖДЕНИЕ ВЫСШЕГО ОБРАЗОВАНИЯ ""САРАТОВСКИЙ ГОСУДАРСТВЕННЫЙ МЕДИЦИНСКИЙ УНИВЕРСИТЕТ ИМЕНИ В.И.РАЗУМОВСКОГО"" МИНИСТЕРСТВА ЗДРАВООХРАНЕНИЯ РОССИЙСКОЙ ФЕДЕРАЦИИ";"ФЕДЕРАЛЬНОЕ ГОСУДАРСТВЕННОЕ БЮДЖЕТНОЕ ОБРАЗОВАТЕЛЬНОЕ УЧРЕЖДЕНИЕ ВЫСШЕГО ОБРАЗОВАНИЯ ""САРАТОВСКИЙ ГОСУДАРСТВЕННЫЙ МЕДИЦИНСКИЙ УНИВЕРСИТЕТ ИМЕНИ В.И.РАЗУМОВСКОГО"" МИНИСТЕРСТВА ЗДРАВООХРАНЕНИЯ РОССИЙСКОЙ ФЕДЕРАЦИИ";19.05.2026;01.06.2026;Закупка завершена;;;28.05.2026;
44-ФЗ;№0381500000126000039;Электронный аукцион;Поставка слипа для спуска и подъёма маломерных судов в Имеретинском морском порту;;'262236702591023780100100210042822244;;;12180666.67;RUB;0;;;;;;"МУНИЦИПАЛЬНОЕ БЮДЖЕТНОЕ УЧРЕЖДЕНИЕ ""ПАРКИ ФЕДЕРАЛЬНОЙ ТЕРРИТОРИИ ""СИРИУС""";"МУНИЦИПАЛЬНОЕ БЮДЖЕТНОЕ УЧРЕЖДЕНИЕ ""ПАРКИ ФЕДЕРАЛЬНОЙ ТЕРРИТОРИИ ""СИРИУС""";19.05.2026;01.06.2026;Закупка завершена;;;29.05.2026;
44-ФЗ;№0195400000326000007;Электронный аукцион;"Выполнение работ по разработке проектно-сметной документации, с последующим получением положительного заключения в Главгосэкспертизе по достоверности сметной стоимости на капитальный ремонт инженерных сетей объектов недвижимого имущества,  закрепленных на праве оперативного управления за Минобрнауки России по адресам: ул. Тверская, д. 11, стр. 1, 4; Брюсов переулок д. 21, стр. 1";;'261971006293977100100100860017112243;;;17240000.00;RUB;0;;;;;;МИНИСТЕРСТВО НАУКИ И ВЫСШЕГО ОБРАЗОВАНИЯ РОССИЙСКОЙ ФЕДЕРАЦИИ;МИНИСТЕРСТВО НАУКИ И ВЫСШЕГО ОБРАЗОВАНИЯ РОССИЙСКОЙ ФЕДЕРАЦИИ;22.05.2026;01.06.2026;Закупка завершена;;;01.06.2026;
44-ФЗ;№0826600004226000045;Электронный аукцион;Поставка бензина автомобильного и дизельного топлива (розничная реализация) на 2 полугодие 2026 года;;'263312201485631220100100260011920244;;;5690158.04;RUB;0;;;;;;АДМИНИСТРАЦИЯ АЛЕКСЕЕВСКОГО МУНИЦИПАЛЬНОГО ОКРУГА БЕЛГОРОДСКОЙ ОБЛАСТИ;"МУНИЦИПАЛЬНОЕ КАЗЕННОЕ УЧРЕЖДЕНИЕ ""УПРАВЛЕНИЕ МУНИЦИПАЛЬНОГО ЗАКАЗА АЛЕКСЕЕВСКОГО МУНИЦИПАЛЬНОГО ОКРУГА""";21.05.2026;01.06.2026;Закупка завершена;;;01.06.2026;
223-ФЗ;№32616027690;Иной способ;Право заключения договора на выполнение строительно-монтажных и пусконаладочных работ по техперевооружению ВЛ-0,4кВ №2 ТП-101 ф.2 ПС 35/10 кВ Бурмакино-1 с заменой провода на СИП и опор, д. Борисовская, Некрасовский р-н для нужд ПАО «Россети Центр» (филиала «Ярэнерго»);;;1;Выполнение строительно-монтажных работ по техперевооружению ВЛ-0,4кВ №2 ТП-101 ф.2 ПС 35/10 кВ Бурмакино-1 с заменой провода на СИП и опор, д. Борисовская, Некрасовский р-н;5159957.06;RUB;5159957.06;;;;43.21.10.290: Работы электромонтажные прочие, не включенные в другие группировки;;"ПУБЛИЧНОЕ АКЦИОНЕРНОЕ ОБЩЕСТВО ""РОССЕТИ ЦЕНТР""";"ПУБЛИЧНОЕ АКЦИОНЕРНОЕ ОБЩЕСТВО ""РОССЕТИ ЦЕНТР""";20.05.2026;01.06.2026;Закупка завершена;;;27.05.2026 12:00;
44-ФЗ;№0348200081026003024;Электронный аукцион;Закупка лекарственного препарата Кетоаналоги аминокислот для обеспечения отдельных категорий граждан, в отношении которых установлены меры социальной поддержки Л270233 в 2027 году;;'262502406865650240100112540032120323;;;78562150.00;RUB;0;;;;;;"ГОСУДАРСТВЕННОЕ КАЗЕННОЕ УЧРЕЖДЕНИЕ МОСКОВСКОЙ ОБЛАСТИ ""ДИРЕКЦИЯ ЕДИНОГО ЗАКАЗЧИКА МИНИСТЕРСТВА ЗДРАВООХРАНЕНИЯ МОСКОВСКОЙ ОБЛАСТИ""";"ГОСУДАРСТВЕННОЕ КАЗЕННОЕ УЧРЕЖДЕНИЕ МОСКОВСКОЙ ОБЛАСТИ ""ДИРЕКЦИЯ ЕДИНОГО ЗАКАЗЧИКА МИНИСТЕРСТВА ЗДРАВООХРАНЕНИЯ МОСКОВСКОЙ ОБЛАСТИ""";20.05.2026;01.06.2026;Закупка завершена;;;01.06.2026;
44-ФЗ;№0373200063126000541;Электронный аукцион;Аукцион в электронной форме на поставку лекарственных средств (Лот Т25) в 2026 году для ГБУЗ «ГКБ имени М.П. Кончаловского ДЗМ» повторно;;'262773506919277350100105840010000244;;;19997856.00;RUB;0;;;;;;"ГОСУДАРСТВЕННОЕ БЮДЖЕТНОЕ УЧРЕЖДЕНИЕ ЗДРАВООХРАНЕНИЯ ГОРОДА МОСКВЫ ""ГОРОДСКАЯ КЛИНИЧЕСКАЯ БОЛЬНИЦА ИМЕНИ М.П. КОНЧАЛОВСКОГО ДЕПАРТАМЕНТА ЗДРАВООХРАНЕНИЯ ГОРОДА МОСКВЫ""";"ГОСУДАРСТВЕННОЕ БЮДЖЕТНОЕ УЧРЕЖДЕНИЕ ЗДРАВООХРАНЕНИЯ ГОРОДА МОСКВЫ ""ГОРОДСКАЯ КЛИНИЧЕСКАЯ БОЛЬНИЦА ИМЕНИ М.П. КОНЧАЛОВСКОГО ДЕПАРТАМЕНТА ЗДРАВООХРАНЕНИЯ ГОРОДА МОСКВЫ""";22.05.2026;01.06.2026;Закупка завершена;;;01.06.2026;
44-ФЗ;№0860200000826004532;Электронный аукцион;Поставка  лекарственного препарата Нусинерсен целью обеспечения льготных категорий граждан;;'262645504666664550100108650012120323;;;20262000.00;RUB;0;;;;;;МИНИСТЕРСТВО ЗДРАВООХРАНЕНИЯ САРАТОВСКОЙ ОБЛАСТИ;"ГОСУДАРСТВЕННОЕ КАЗЕННОЕ УЧРЕЖДЕНИЕ САРАТОВСКОЙ ОБЛАСТИ ""ГОСУДАРСТВЕННОЕ АГЕНТСТВО ПО ЦЕНТРАЛИЗАЦИИ ЗАКУПОК""";21.05.2026;01.06.2026;Закупка завершена;;;29.05.2026;
44-ФЗ;№0373200138226000403;Запрос котировок в электронной форме;Оказание услуг по подготовке и проведению мероприятий «Фестиваль вдохновения», «День молодежи в Коломенском», «День семьи, любви и верности», «Мероприятие, приуроченное ко Дню шахмат», «Музыкальное путешествие»;;'262772409353177240100100300010000244;;;7198692.96;RUB;0;;;;;;"ГОСУДАРСТВЕННОЕ БЮДЖЕТНОЕ УЧРЕЖДЕНИЕ КУЛЬТУРЫ ГОРОДА МОСКВЫ ""МОСКОВСКИЙ ГОСУДАРСТВЕННЫЙ ОБЪЕДИНЕННЫЙ ХУДОЖЕСТВЕННЫЙ ИСТОРИКО-АРХИТЕКТУРНЫЙ И ПРИРОДНО-ЛАНДШАФТНЫЙ МУЗЕЙ-ЗАПОВЕДНИК""";"ГОСУДАРСТВЕННОЕ КАЗЕННОЕ УЧРЕЖДЕНИЕ ГОРОДА МОСКВЫ ""ТЕХНИЧЕСКИЙ ЦЕНТР ДЕПАРТАМЕНТА КУЛЬТУРЫ ГОРОДА МОСКВЫ""";22.05.2026;01.06.2026;Закупка завершена;;;29.05.2026;
44-ФЗ;№0187200001726000624;Электронный аукцион;Оказание услуг по организации и проведению приемной кампании «АБИТУРИЕНТ-2026»;;'262860220000186020100102380016399244;;;8956967.01;RUB;0;;;;;;"БЮДЖЕТНОЕ УЧРЕЖДЕНИЕ ВЫСШЕГО ОБРАЗОВАНИЯ ХАНТЫ-МАНСИЙСКОГО АВТОНОМНОГО ОКРУГА - ЮГРЫ ""СУРГУТСКИЙ ГОСУДАРСТВЕННЫЙ УНИВЕРСИТЕТ""";ДЕПАРТАМЕНТ ГОСУДАРСТВЕННОГО ЗАКАЗА ХАНТЫ-МАНСИЙСКОГО АВТОНОМНОГО ОКРУГА - ЮГРЫ;21.05.2026;01.06.2026;Закупка завершена;;;29.05.2026;
44-ФЗ;№0373400007426000026;Электронный аукцион;"Поставка оборудования для биоинформатической обработки данных для нужд ФНЦ ""ВНИТИП""";;'261504200086950444300100230012620244;;;36956155.47;RUB;0;;;;;;"""ВСЕРОССИЙСКИЙ НАУЧНО-ИССЛЕДОВАТЕЛЬСКИЙ ИНСТИТУТ ПТИЦЕПЕРЕРАБАТЫВАЮЩЕЙ ПРОМЫШЛЕННОСТИ"" - ФИЛИАЛ ФЕДЕРАЛЬНОГО ГОСУДАРСТВЕННОГО БЮДЖЕТНОГО НАУЧНОГО УЧРЕЖДЕНИЯ ФЕДЕРАЛЬНОГО НАУЧНОГО ЦЕНТРА ""ВСЕРОССИЙСКИЙ НАУЧНО-ИССЛЕДОВАТЕЛЬСКИЙ И ТЕХНОЛОГИЧЕСКИЙ ИНСТИТУТ ПТИЦЕВОДСТВА""";"""ВСЕРОССИЙСКИЙ НАУЧНО-ИССЛЕДОВАТЕЛЬСКИЙ ИНСТИТУТ ПТИЦЕПЕРЕРАБАТЫВАЮЩЕЙ ПРОМЫШЛЕННОСТИ"" - ФИЛИАЛ ФЕДЕРАЛЬНОГО ГОСУДАРСТВЕННОГО БЮДЖЕТНОГО НАУЧНОГО УЧРЕЖДЕНИЯ ФЕДЕРАЛЬНОГО НАУЧНОГО ЦЕНТРА ""ВСЕРОССИЙСКИЙ НАУЧНО-ИССЛЕДОВАТЕЛЬСКИЙ И ТЕХНОЛОГИЧЕСКИЙ ИНСТИТУТ ПТИЦЕВОДСТВА""";21.05.2026;01.06.2026;Закупка завершена;;;29.05.2026;
223-ФЗ;№32615941736;Иной способ;Приборы учета и материалы для нужд ПАО «Россети Томск» в рамках исполнения договора на поставку приборов учета электроэнергии со встроенным радиомодулем стандарта NB-FI;;;1;Приборы учета и материалы для нужд ПАО «Россети Томск» в рамках исполнения договора на поставку приборов учета электроэнергии со встроенным радиомодулем стандарта NB-FI;9990000.00;RUB;9990000.00;;;;26.51.63.130: Счетчики производства или потребления электроэнергии,26.51.44.000: Приборы и аппаратура для телекоммуникаций,26.30.11.150: Средства связи радиоэлектронные,26.30.40.110: Антенны и отражатели антенные всех видов и их части,26.40.20.122: Приемники телевизионные (телевизоры) цветного изображения с жидкокристаллическим экраном, плазменной панелью,26.20.16.190: Устройства ввода/вывода данных прочие;;"ПУБЛИЧНОЕ АКЦИОНЕРНОЕ ОБЩЕСТВО ""РОССЕТИ ТОМСК""";"ПУБЛИЧНОЕ АКЦИОНЕРНОЕ ОБЩЕСТВО ""РОССЕТИ ТОМСК""";23.04.2026;01.06.2026;Закупка завершена;;;12.05.2026 15:00;
44-ФЗ;№0375200054926000249;Электронный аукцион;Выполнение работ по «Установке и монтажу системы видеонаблюдения на объекте: «ОСП «Городская больница» ГБУЗ РК «Феодосийский медицинский центр» по адресу: г. Феодосия, ул. Корабельная, 33»;;'262910810438691080100101690013320244;;;6678329.15;RUB;0;;;;;;"ГОСУДАРСТВЕННОЕ БЮДЖЕТНОЕ УЧРЕЖДЕНИЕ ЗДРАВООХРАНЕНИЯ РЕСПУБЛИКИ КРЫМ ""ФЕОДОСИЙСКИЙ МЕДИЦИНСКИЙ ЦЕНТР""";"ГОСУДАРСТВЕННОЕ БЮДЖЕТНОЕ УЧРЕЖДЕНИЕ ЗДРАВООХРАНЕНИЯ РЕСПУБЛИКИ КРЫМ ""ФЕОДОСИЙСКИЙ МЕДИЦИНСКИЙ ЦЕНТР""";18.05.2026;01.06.2026;Закупка завершена;;;26.05.2026;
44-ФЗ;№0848300053826000180;Открытый конкурс в электронной форме;Выполнение работ по текущему ремонту кровли;;263502501405050470100100390014391244, 263502501346650250100100050014391244;;;10174274.19;RUB;0;;;;;;;"МУНИЦИПАЛЬНОЕ КАЗЕННОЕ УЧРЕЖДЕНИЕ ""ЛОБНЕНСКИЙ ЦЕНТР ЗАКУПОК""";13.05.2026;01.06.2026;Закупка завершена;;;29.05.2026;
44-ФЗ;№0373200597926000024;Открытый конкурс в электронной форме;"Выполнение комплекса ремонтных работ в ГБУЗ ""ДС № 68 ДЗМ"" по адресу: Московская область, г. Королев, ул. Марины Цветаевой, д. 5";;'262770407612977060100100940010000244;;;19819408.34;RUB;0;;;;;;"ГОСУДАРСТВЕННОЕ БЮДЖЕТНОЕ УЧРЕЖДЕНИЕ ГОРОДА МОСКВЫ ""ДИРЕКЦИЯ РАЗВИТИЯ ОБЪЕКТОВ ЗДРАВООХРАНЕНИЯ ГОРОДА МОСКВЫ""";"ГОСУДАРСТВЕННОЕ БЮДЖЕТНОЕ УЧРЕЖДЕНИЕ ГОРОДА МОСКВЫ ""ДИРЕКЦИЯ РАЗВИТИЯ ОБЪЕКТОВ ЗДРАВООХРАНЕНИЯ ГОРОДА МОСКВЫ""";12.05.2026;01.06.2026;Закупка завершена;;;28.05.2026;
44-ФЗ;№0121600018326000035;Электронный аукцион;Выполнение работ по ремонту участков автомобильных дорог общего пользования местного значения по улицам: ул.Садовая, ул. 1 Мая (от улицы Стратийчука до ул.Садовая), ул.Совхозная, ул.Стратийчука (от ул.Комсомольской до ул. Новая), ул.Шоссейная, пер.Виноградный, пер.Звездный, пер.Вишневый, ул.Заводская в с.Курсавка Андроповского муниципального округа Ставропольского края ;;'263260300155126030100100320014211244;;;33500113.76;RUB;0;;;;;;АДМИНИСТРАЦИЯ АНДРОПОВСКОГО МУНИЦИПАЛЬНОГО ОКРУГА СТАВРОПОЛЬСКОГО КРАЯ;АДМИНИСТРАЦИЯ АНДРОПОВСКОГО МУНИЦИПАЛЬНОГО ОКРУГА СТАВРОПОЛЬСКОГО КРАЯ;19.05.2026;01.06.2026;Закупка завершена;;;29.05.2026;
44-ФЗ;№0366200035626003275;Электронный аукцион;Поставка лекарственного препарата Экулизумаб  для ГУЗ ТО «Тульская областная клиническая больница».;;'262710500830671050100100011300000244;;;6769105.20;RUB;0;;;;;;"ГОСУДАРСТВЕННОЕ УЧРЕЖДЕНИЕ ЗДРАВООХРАНЕНИЯ ТУЛЬСКОЙ ОБЛАСТИ ""ТУЛЬСКАЯ ОБЛАСТНАЯ КЛИНИЧЕСКАЯ БОЛЬНИЦА""";"ГОСУДАРСТВЕННОЕ КАЗЕННОЕ УЧРЕЖДЕНИЕ ТУЛЬСКОЙ ОБЛАСТИ ""ЦЕНТР ОРГАНИЗАЦИИ ЗАКУПОК""";08.05.2026;01.06.2026;Закупка завершена;;;19.05.2026;
44-ФЗ;№0167300028826000014;Электронный аукцион;Приобретение жилого помещения для переселения граждан из аварийного жилищного фонда;;'263720602514672060100101220014120412;;;6297664.00;RUB;0;;;;;;АДМИНИСТРАЦИЯ ТОБОЛЬСКОГО МУНИЦИПАЛЬНОГО ОКРУГА ТЮМЕНСКОЙ ОБЛАСТИ;АДМИНИСТРАЦИЯ ТОБОЛЬСКОГО МУНИЦИПАЛЬНОГО ОКРУГА ТЮМЕНСКОЙ ОБЛАСТИ;21.05.2026;01.06.2026;Закупка завершена;;;29.05.2026;
44-ФЗ;№0813500000126009444;Электронный аукцион;зз-0016-24328 - 2026 Выполнение работ по содержанию и эксплуатационно-техническому обслуживанию объектов внешнего благоустройства Центральной площади города Ижевска во второй половине 2026 года;;'263182600155318410100100660018129244;;;25000000.00;RUB;0;;;;;;"МУНИЦИПАЛЬНОЕ КАЗЕННОЕ УЧРЕЖДЕНИЕ ГОРОДА ИЖЕВСКА ""СЛУЖБА БЛАГОУСТРОЙСТВА И ДОРОЖНОГО ХОЗЯЙСТВА""";"ГОСУДАРСТВЕННОЕ КАЗЕННОЕ УЧРЕЖДЕНИЕ УДМУРТСКОЙ РЕСПУБЛИКИ ""РЕГИОНАЛЬНЫЙ ЦЕНТР ЗАКУПОК УДМУРТСКОЙ РЕСПУБЛИКИ""";20.05.2026;01.06.2026;Закупка завершена;;;28.05.2026;
44-ФЗ;№0356500001426004533;Электронный аукцион;на приобретение жилого помещения для расселения (переселения) аварийного жилищного фонда (94);;'263590229339359020100101440010000412;;;7580553.59;RUB;0;;;;;;УПРАВЛЕНИЕ ЖИЛИЩНЫХ ОТНОШЕНИЙ АДМИНИСТРАЦИИ ГОРОДА ПЕРМИ;"ГОСУДАРСТВЕННОЕ КАЗЕННОЕ УЧРЕЖДЕНИЕ ПЕРМСКОГО КРАЯ ""ЦЕНТР ОРГАНИЗАЦИИ ЗАКУПОК""";22.05.2026;01.06.2026;Закупка завершена;;;01.06.2026;
44-ФЗ;№0852500000126001960;Электронный аукцион;Поставка лекарственного препарата для медицинского применения с МНН Триентин для предоставления мер социальной поддержки отдельным категориям граждан, связанных с обеспечением лекарственными препаратами и медицинскими изделиями (в том числе граждан с орфанными заболеваниями) (Реестровый номер 261209);;'262550307931055030100101910012120323;;;6074838.00;RUB;0;;;;;;МИНИСТЕРСТВО ЗДРАВООХРАНЕНИЯ ОМСКОЙ ОБЛАСТИ;"КАЗЕННОЕ УЧРЕЖДЕНИЕ ОМСКОЙ ОБЛАСТИ ""ЦЕНТР ЗАКУПОК ТОВАРОВ, РАБОТ, УСЛУГ""";21.05.2026;01.06.2026;Закупка завершена;;;29.05.2026;
223-ФЗ;№32514630493;Иной способ;Поставка ГСМ (Топливо дизельное летнее);;;1;Поставка ГСМ (Топливо дизельное летнее);5040000.00;RUB;5040000.00;;;;19.20.21.310: Топливо дизельное летнее;;"АКЦИОНЕРНОЕ ОБЩЕСТВО ""ПТИЦЕФАБРИКА ""БОРОВСКАЯ"" ИМЕНИ А.А.СОЗОНОВА""";"АКЦИОНЕРНОЕ ОБЩЕСТВО ""ПТИЦЕФАБРИКА ""БОРОВСКАЯ"" ИМЕНИ А.А.СОЗОНОВА""";19.03.2025;01.06.2026;Закупка завершена;;;27.03.2025 00:00;
223-ФЗ;№32514426884;Иной способ;Поставка ГСМ (топливо дизельное зимнее);;;1;Поставка ГСМ (топливо дизельное зимнее);5460000.00;RUB;5460000.00;;;;19.20.21.320: Топливо дизельное зимнее;;"АКЦИОНЕРНОЕ ОБЩЕСТВО ""ПТИЦЕФАБРИКА ""БОРОВСКАЯ"" ИМЕНИ А.А.СОЗОНОВА""";"АКЦИОНЕРНОЕ ОБЩЕСТВО ""ПТИЦЕФАБРИКА ""БОРОВСКАЯ"" ИМЕНИ А.А.СОЗОНОВА""";20.01.2025;01.06.2026;Закупка завершена;;;28.01.2025 00:00;
223-ФЗ;№32615943410;Иной способ;Стойки железобетонные типа СВ, приставки;;;1;Стойки железобетонные типа СВ, приставки;14950000.00;RUB;14950000.00;;;;23.61.12.162: Опоры ЛЭП, связи и элементы контактной сети электрифицированных дорог и осветительной сети,23.61.12.169: Конструкции и детали специального назначения сборные железобетонные прочие, не включенные в другие группировки;;"ПУБЛИЧНОЕ АКЦИОНЕРНОЕ ОБЩЕСТВО ""РОССЕТИ ТОМСК""";"ПУБЛИЧНОЕ АКЦИОНЕРНОЕ ОБЩЕСТВО ""РОССЕТИ ТОМСК""";23.04.2026;01.06.2026;Закупка завершена;;;08.05.2026 16:30;
44-ФЗ;№0194200000526003554;Электронный аукцион;Оснащение предметами интерьера общеобразовательной школы;;'262202000141520140100101060010000244;;;12627000.00;RUB;0;;;;;;МИНИСТЕРСТВО ОБРАЗОВАНИЯ И НАУКИ ЧЕЧЕНСКОЙ РЕСПУБЛИКИ;КОМИТЕТ ПРАВИТЕЛЬСТВА ЧЕЧЕНСКОЙ РЕСПУБЛИКИ ПО ГОСУДАРСТВЕННОМУ ЗАКАЗУ;18.05.2026;01.06.2026;Закупка завершена;;;01.06.2026;
44-ФЗ;№0194200000526003571;Электронный аукцион;Поставка лабораторных средств;;'262201425552420150100101370012059244;;;42310821.22;RUB;0;;;;;;"ГОСУДАРСТВЕННОЕ БЮДЖЕТНОЕ УЧРЕЖДЕНИЕ ""РЕСПУБЛИКАНСКИЙ ПЕРИНАТАЛЬНЫЙ ЦЕНТР""";КОМИТЕТ ПРАВИТЕЛЬСТВА ЧЕЧЕНСКОЙ РЕСПУБЛИКИ ПО ГОСУДАРСТВЕННОМУ ЗАКАЗУ;18.05.2026;01.06.2026;Закупка завершена;;;01.06.2026;
223-ФЗ;№32615984299;Конкурс в электронной форме, участниками которого могут быть только субъекты малого и среднего предпринимательства;Право заключения договора на оказание услуг специализированной техникой и механизмами для нужд АО «Энергосервис Кубани» на территориях, обслуживаемых Сочинскими электрическими сетями;;;1;Оказание услуг специализированной техникой и механизмами для нужд АО «Энергосервис Кубани» на территориях, обслуживаемых Сочинскими электрическими сетями;5000000.00;RUB;5000000.00;;;;77.32: Услуги по аренде и лизингу строительных машин и оборудования для гражданского строительства;;"АКЦИОНЕРНОЕ ОБЩЕСТВО ""ЭНЕРГОСЕРВИС КУБАНИ""";"АКЦИОНЕРНОЕ ОБЩЕСТВО ""ЭНЕРГОСЕРВИС КУБАНИ""";06.05.2026;01.06.2026;Закупка завершена;;;18.05.2026 11:00;
44-ФЗ;№0348100016926000194;Электронный аукцион;Оказание услуг по техническому обслуживанию рентгеновского медицинского оборудования для нужд ФГБУ ФКЦ ВМТ ФМБА России, Поликлиники №1, Поликлиники №2, Поликлиники №6 в 2026 году;;'261504700127050470100100040100000244;;;15506164.65;RUB;0;;;;;;"ФЕДЕРАЛЬНОЕ ГОСУДАРСТВЕННОЕ БЮДЖЕТНОЕ УЧРЕЖДЕНИЕ ""ФЕДЕРАЛЬНЫЙ КЛИНИЧЕСКИЙ ЦЕНТР ВЫСОКИХ МЕДИЦИНСКИХ ТЕХНОЛОГИЙ ФЕДЕРАЛЬНОГО МЕДИКО-БИОЛОГИЧЕСКОГО АГЕНТСТВА""";"ФЕДЕРАЛЬНОЕ ГОСУДАРСТВЕННОЕ БЮДЖЕТНОЕ УЧРЕЖДЕНИЕ ""ФЕДЕРАЛЬНЫЙ КЛИНИЧЕСКИЙ ЦЕНТР ВЫСОКИХ МЕДИЦИНСКИХ ТЕХНОЛОГИЙ ФЕДЕРАЛЬНОГО МЕДИКО-БИОЛОГИЧЕСКОГО АГЕНТСТВА""";22.05.2026;01.06.2026;Закупка завершена;;;01.06.2026;
44-ФЗ;№0194200000526003553;Электронный аукцион;Оснащение предметами интерьера общеобразовательной школы;;'262202000141520140100101070010000244;;;18456840.00;RUB;0;;;;;;МИНИСТЕРСТВО ОБРАЗОВАНИЯ И НАУКИ ЧЕЧЕНСКОЙ РЕСПУБЛИКИ;КОМИТЕТ ПРАВИТЕЛЬСТВА ЧЕЧЕНСКОЙ РЕСПУБЛИКИ ПО ГОСУДАРСТВЕННОМУ ЗАКАЗУ;18.05.2026;01.06.2026;Закупка завершена;;;01.06.2026;
44-ФЗ;№0830500000226001435;Электронный аукцион;Выполнение работ по устройству въездных стел в рамках благоустройства территории.;;'263350000249935000100100060014399244;;;8256400.00;RUB;0;;;;;;ФЕРАПОНТОВСКОЕ ТЕРРИТОРИАЛЬНОЕ УПРАВЛЕНИЕ АДМИНИСТРАЦИИ КИРИЛЛОВСКОГО МУНИЦИПАЛЬНОГО ОКРУГА ВОЛОГОДСКОЙ ОБЛАСТИ;"ГОСУДАРСТВЕННОЕ КАЗЕННОЕ УЧРЕЖДЕНИЕ ВОЛОГОДСКОЙ ОБЛАСТИ ""ЦЕНТР ЗАКУПОК""";21.05.2026;01.06.2026;Закупка завершена;;;29.05.2026;
44-ФЗ;№0108500000426002735;Открытый конкурс в электронной форме;Ремонт автомобильной дороги Виловатово - Шиндыръялы на участке км 0+005 - км 6+983;;'262121507676312150100100660014211244;;;156797745.00;RUB;0;;;;;;"ГОСУДАРСТВЕННОЕ КАЗЕННОЕ УЧРЕЖДЕНИЕ РЕСПУБЛИКИ МАРИЙ ЭЛ ""МАРИЙСКАВТОДОР""";КОМИТЕТ ПО РЕГУЛИРОВАНИЮ КОНТРАКТНОЙ СИСТЕМЫ В СФЕРЕ ЗАКУПОК РЕСПУБЛИКИ МАРИЙ ЭЛ;06.05.2026;01.06.2026;Закупка завершена;;;22.05.2026;
44-ФЗ;№0372200108226000113;Электронный аукцион;Оказание услуг по предоставлению концертной площадки для проведения праздничной программы с участием детских коллективов системы дополнительного образования Санкт-Петербурга, приуроченной к празднованию памятной даты «День Героев Отечества».;;'262780802324178400100100050150000244;;;7939501.66;RUB;0;;;;;;"ГОСУДАРСТВЕННОЕ БЮДЖЕТНОЕ НЕТИПОВОЕ ОБРАЗОВАТЕЛЬНОЕ УЧРЕЖДЕНИЕ ""САНКТ-ПЕТЕРБУРГСКИЙ ГОРОДСКОЙ ДВОРЕЦ ТВОРЧЕСТВА ЮНЫХ""";"ГОСУДАРСТВЕННОЕ БЮДЖЕТНОЕ НЕТИПОВОЕ ОБРАЗОВАТЕЛЬНОЕ УЧРЕЖДЕНИЕ ""САНКТ-ПЕТЕРБУРГСКИЙ ГОРОДСКОЙ ДВОРЕЦ ТВОРЧЕСТВА ЮНЫХ""";07.05.2026;01.06.2026;Закупка завершена;;;15.05.2026;
44-ФЗ;№0373100059326000362;Электронный аукцион;Поставка медицинских расходных материалов для отделения диабетической стопы;;'261772801635177280100100320893250244;;;15391200.00;RUB;0;;;;;;"ФЕДЕРАЛЬНОЕ ГОСУДАРСТВЕННОЕ БЮДЖЕТНОЕ УЧРЕЖДЕНИЕ ""НАЦИОНАЛЬНЫЙ МЕДИЦИНСКИЙ ИССЛЕДОВАТЕЛЬСКИЙ ЦЕНТР ЭНДОКРИНОЛОГИИ ИМЕНИ АКАДЕМИКА И.И. ДЕДОВА"" МИНИСТЕРСТВА ЗДРАВООХРАНЕНИЯ РОССИЙСКОЙ ФЕДЕРАЦИИ";"ФЕДЕРАЛЬНОЕ ГОСУДАРСТВЕННОЕ БЮДЖЕТНОЕ УЧРЕЖДЕНИЕ ""НАЦИОНАЛЬНЫЙ МЕДИЦИНСКИЙ ИССЛЕДОВАТЕЛЬСКИЙ ЦЕНТР ЭНДОКРИНОЛОГИИ ИМЕНИ АКАДЕМИКА И.И. ДЕДОВА"" МИНИСТЕРСТВА ЗДРАВООХРАНЕНИЯ РОССИЙСКОЙ ФЕДЕРАЦИИ";22.05.2026;01.06.2026;Закупка завершена;;;01.06.2026;
44-ФЗ;№0348100016926000192;Электронный аукцион;Оказание услуг по техническому обслуживанию и текущему ремонту медицинского оборудования для нужд ФГБУ ФКЦ ВМТ ФМБА России, Поликлиники №1,  Поликлиники №2, Поликлиники №4, Поликлиники №6 в 2026 году;;'261504700127050470100100040080000244;;;5583555.45;RUB;0;;;;;;"ФЕДЕРАЛЬНОЕ ГОСУДАРСТВЕННОЕ БЮДЖЕТНОЕ УЧРЕЖДЕНИЕ ""ФЕДЕРАЛЬНЫЙ КЛИНИЧЕСКИЙ ЦЕНТР ВЫСОКИХ МЕДИЦИНСКИХ ТЕХНОЛОГИЙ ФЕДЕРАЛЬНОГО МЕДИКО-БИОЛОГИЧЕСКОГО АГЕНТСТВА""";"ФЕДЕРАЛЬНОЕ ГОСУДАРСТВЕННОЕ БЮДЖЕТНОЕ УЧРЕЖДЕНИЕ ""ФЕДЕРАЛЬНЫЙ КЛИНИЧЕСКИЙ ЦЕНТР ВЫСОКИХ МЕДИЦИНСКИХ ТЕХНОЛОГИЙ ФЕДЕРАЛЬНОГО МЕДИКО-БИОЛОГИЧЕСКОГО АГЕНТСТВА""";21.05.2026;01.06.2026;Закупка завершена;;;29.05.2026;
44-ФЗ;№0142200001326011480;Электронный аукцион;Оказание услуг по транспортированию грузов (вывоз отходов) транспортным средством с экипажем;;'263631120007463110100100350013811244;;;5000000.00;RUB;0;;;;;;"МУНИЦИПАЛЬНОЕ БЮДЖЕТНОЕ УЧРЕЖДЕНИЕ ГОРОДСКОГО ОКРУГА САМАРА ""ЖИЛЛИДЕР""";КОМИТЕТ ПО ОРГАНИЗАЦИИ ТОРГОВ САМАРСКОЙ ОБЛАСТИ;20.05.2026;01.06.2026;Закупка завершена;;;28.05.2026;
44-ФЗ;№0318300168726000051;Электронный аукцион;Устройство пожарного водоема  по адресу: Краснодарский край, Северский район, Азовское сельское поселение, ст. Убинская, Дубрава;;'263231007528923100100100210024399244;;;6205692.76;RUB;0;;;;;;"МУНИЦИПАЛЬНОЕ БЮДЖЕТНОЕ УЧРЕЖДЕНИЕ МУНИЦИПАЛЬНОГО ОБРАЗОВАНИЯ ГОРОД КРАСНОДАР   БАЗА ОТДЫХА ""ДУБРАВА""";"МУНИЦИПАЛЬНОЕ БЮДЖЕТНОЕ УЧРЕЖДЕНИЕ МУНИЦИПАЛЬНОГО ОБРАЗОВАНИЯ ГОРОД КРАСНОДАР   БАЗА ОТДЫХА ""ДУБРАВА""";22.05.2026;01.06.2026;Закупка завершена;;;01.06.2026;
44-ФЗ;№0160300002726000015;Открытый конкурс в электронной форме;"Выполнение работ по ремонту путепровода ""9-10"" через железную дорогу на км 0+169 улицы им. С.Т. Разина в Октябрьском районе г. Саратова (2 этап), (3 этап)";;'263645209396464520100100310014213244;;;109539280.69;RUB;0;;;;;;"КОМИТЕТ ДОРОЖНОГО ХОЗЯЙСТВА И БЛАГОУСТРОЙСТВА АДМИНИСТРАЦИИ МУНИЦИПАЛЬНОГО ОБРАЗОВАНИЯ ""ГОРОД САРАТОВ""";"КОМИТЕТ ДОРОЖНОГО ХОЗЯЙСТВА И БЛАГОУСТРОЙСТВА АДМИНИСТРАЦИИ МУНИЦИПАЛЬНОГО ОБРАЗОВАНИЯ ""ГОРОД САРАТОВ""";06.05.2026;01.06.2026;Закупка завершена;;;29.05.2026;
44-ФЗ;№0852500000126001957;Электронный аукцион;Поставка медицинских расходных материалов 2026/9-2 (Реестровый номер 261097);;'262550302559355030100100250023250244;;;7000000.00;RUB;0;;;;;;"БЮДЖЕТНОЕ УЧРЕЖДЕНИЕ ЗДРАВООХРАНЕНИЯ ОМСКОЙ ОБЛАСТИ ""КЛИНИЧЕСКИЙ ОНКОЛОГИЧЕСКИЙ ДИСПАНСЕР""";"КАЗЕННОЕ УЧРЕЖДЕНИЕ ОМСКОЙ ОБЛАСТИ ""ЦЕНТР ЗАКУПОК ТОВАРОВ, РАБОТ, УСЛУГ""";21.05.2026;01.06.2026;Закупка завершена;;;29.05.2026;
44-ФЗ;№0303300064726001667;Запрос котировок в электронной форме;Закупка техники (Экскаватор погрузчик 1);;'263054100850405710100100200032892244;;;8350000.00;RUB;0;;;;;;"МУНИЦИПАЛЬНОЕ КАЗЕННОЕ УЧРЕЖДЕНИЕ "" УПРАВЛЕНИЕ ЖИЛИЩНО-КОММУНАЛЬНОГО ХОЗЯЙСТВА ГОРОДА МАХАЧКАЛА """;"МУНИЦИПАЛЬНОЕ КАЗЕННОЕ УЧРЕЖДЕНИЕ ""ГОРЗАКАЗ""";20.05.2026;01.06.2026;Закупка завершена;;;01.06.2026;
223-ФЗ;№32615974153;Запрос предложений в электронной форме, участниками которого могут быть только субъекты малого и среднего предпринимательства;Выполнение работ по покраске металличеких опор ВЛ 35, 110кВ для нужд филиала ПАО «Россети Центр и Приволжье» - «Калугаэнерго»;;;1;Выполнение работ по покраске металличеких опор ВЛ 35, 110кВ для нужд филиала ПАО «Россети Центр и Приволжье» - «Калугаэнерго»;5960079.42;RUB;5960079.42;;;;42.22.22.140: Работы по ремонту местных линий электропередачи и связи;;"ПУБЛИЧНОЕ АКЦИОНЕРНОЕ ОБЩЕСТВО ""РОССЕТИ ЦЕНТР И ПРИВОЛЖЬЕ""";"ФИЛИАЛ ПАО ""РОССЕТИ ЦЕНТР И ПРИВОЛЖЬЕ""-""КАЛУГАЭНЕРГО""";04.05.2026;01.06.2026;Закупка завершена;;;13.05.2026 11:00;
44-ФЗ;№0321100007226000008;Открытый конкурс в электронной форме на проведение работ по строительству, реконструкции, кап. ремонту, сносу объекта кап. строительства в соответствии с п. 8 ч. 1 ст. 33 Закона № 44-ФЗ;Выполнение работ по капитальному ремонту гидротехнических сооружений;;'261263403850526340100100120014291243;;;54394174.04;RUB;0;;;;;;"ФЕДЕРАЛЬНОЕ ГОСУДАРСТВЕННОЕ БЮДЖЕТНОЕ УЧРЕЖДЕНИЕ ""УПРАВЛЕНИЕ МЕЛИОРАЦИИ ЗЕМЕЛЬ И СЕЛЬСКОХОЗЯЙСТВЕННОГО ВОДОСНАБЖЕНИЯ ПО СТАВРОПОЛЬСКОМУ КРАЮ""";"ФЕДЕРАЛЬНОЕ ГОСУДАРСТВЕННОЕ БЮДЖЕТНОЕ УЧРЕЖДЕНИЕ ""УПРАВЛЕНИЕ МЕЛИОРАЦИИ ЗЕМЕЛЬ И СЕЛЬСКОХОЗЯЙСТВЕННОГО ВОДОСНАБЖЕНИЯ ПО СТАВРОПОЛЬСКОМУ КРАЮ""";13.05.2026;01.06.2026;Закупка завершена;;;01.06.2026;
44-ФЗ;№0167200003426004028;Электронный аукцион;Поставка медицинских изделий: Периметр автоматический (аппарат для определения полей зрения (периметр)), ввод в эксплуатацию медицинского изделия, обучение правилам эксплуатации специалистов, эксплуатирующих медицинское изделие;;262721700384272050100103530012660244, 262721400465472200100101450012660244, 262722300850372060100103050012660244, 262721500400872070100100960012660244, 262722900003572240100101300012660244;;;10220000.00;RUB;0;;;;;;;УПРАВЛЕНИЕ ГОСУДАРСТВЕННЫХ ЗАКУПОК ТЮМЕНСКОЙ ОБЛАСТИ;08.05.2026;01.06.2026;Закупка завершена;;;19.05.2026;
44-ФЗ;№0303300064726001670;Запрос котировок в электронной форме;Закупка техники;;'263054100850405710100100170052910244;;;6530000.00;RUB;0;;;;;;"МУНИЦИПАЛЬНОЕ КАЗЕННОЕ УЧРЕЖДЕНИЕ "" УПРАВЛЕНИЕ ЖИЛИЩНО-КОММУНАЛЬНОГО ХОЗЯЙСТВА ГОРОДА МАХАЧКАЛА """;"МУНИЦИПАЛЬНОЕ КАЗЕННОЕ УЧРЕЖДЕНИЕ ""ГОРЗАКАЗ""";21.05.2026;01.06.2026;Закупка завершена;;;01.06.2026;
223-ФЗ;№32615998086;Иной способ;Поставка секций водо-водяного подогревателя для ЦТП на ул. Склизкова;;;1;Поставка секций водо-водяного подогревателя для ЦТП на ул. Склизкова;5536040.85;RUB;5536040.85;;;;25.30.12.115: Оборудование теплообменное;;"ОБЩЕСТВО С ОГРАНИЧЕННОЙ ОТВЕТСТВЕННОСТЬЮ ""ОБЪЕДИНЕННЫЕ ЭНЕРГЕТИЧЕСКИЕ СИСТЕМЫ ТВЕРСКОЙ ОБЛАСТИ""";"ОБЩЕСТВО С ОГРАНИЧЕННОЙ ОТВЕТСТВЕННОСТЬЮ ""ОБЪЕДИНЕННЫЕ ЭНЕРГЕТИЧЕСКИЕ СИСТЕМЫ ТВЕРСКОЙ ОБЛАСТИ""";12.05.2026;01.06.2026;Закупка завершена;;;28.05.2026 15:00;
44-ФЗ;№0373200022226001125;Открытый конкурс в электронной форме;Электронный конкурс на поставку продуктов питания пациентов (Бакалея, чай) в 2026-2027 годах  для нужд ГБУЗ МКНЦ имени А.С. Логинова ДЗМ.;;'262772009352377200100111140010000244;;;6275020.00;RUB;0;;;;;;"ГОСУДАРСТВЕННОЕ БЮДЖЕТНОЕ УЧРЕЖДЕНИЕ ЗДРАВООХРАНЕНИЯ ГОРОДА МОСКВЫ ""МОСКОВСКИЙ КЛИНИЧЕСКИЙ НАУЧНО-ПРАКТИЧЕСКИЙ ЦЕНТР ИМЕНИ А.С. ЛОГИНОВА ДЕПАРТАМЕНТА ЗДРАВООХРАНЕНИЯ ГОРОДА МОСКВЫ""";"ГОСУДАРСТВЕННОЕ БЮДЖЕТНОЕ УЧРЕЖДЕНИЕ ЗДРАВООХРАНЕНИЯ ГОРОДА МОСКВЫ ""МОСКОВСКИЙ КЛИНИЧЕСКИЙ НАУЧНО-ПРАКТИЧЕСКИЙ ЦЕНТР ИМЕНИ А.С. ЛОГИНОВА ДЕПАРТАМЕНТА ЗДРАВООХРАНЕНИЯ ГОРОДА МОСКВЫ""";14.05.2026;01.06.2026;Закупка завершена;;;01.06.2026;
44-ФЗ;№0303300064726001662;Запрос котировок в электронной форме;Закупка техники;;'263054100850405710100100170012910244;;;6530000.00;RUB;0;;;;;;"МУНИЦИПАЛЬНОЕ КАЗЕННОЕ УЧРЕЖДЕНИЕ "" УПРАВЛЕНИЕ ЖИЛИЩНО-КОММУНАЛЬНОГО ХОЗЯЙСТВА ГОРОДА МАХАЧКАЛА """;"МУНИЦИПАЛЬНОЕ КАЗЕННОЕ УЧРЕЖДЕНИЕ ""ГОРЗАКАЗ""";20.05.2026;01.06.2026;Закупка завершена;;;01.06.2026;
44-ФЗ;№0303300064726001659;Электронный аукцион;Закупка техники;;'263054100850405710100100160012892244;;;13800000.00;RUB;0;;;;;;"МУНИЦИПАЛЬНОЕ КАЗЕННОЕ УЧРЕЖДЕНИЕ "" УПРАВЛЕНИЕ ЖИЛИЩНО-КОММУНАЛЬНОГО ХОЗЯЙСТВА ГОРОДА МАХАЧКАЛА """;"МУНИЦИПАЛЬНОЕ КАЗЕННОЕ УЧРЕЖДЕНИЕ ""ГОРЗАКАЗ""";20.05.2026;01.06.2026;Закупка завершена;;;01.06.2026;
44-ФЗ;№0303300064726001665;Запрос котировок в электронной форме;Закупка техники (Экскаватор погрузчик 1);;'263054100850405710100100200012892244;;;8350000.00;RUB;0;;;;;;"МУНИЦИПАЛЬНОЕ КАЗЕННОЕ УЧРЕЖДЕНИЕ "" УПРАВЛЕНИЕ ЖИЛИЩНО-КОММУНАЛЬНОГО ХОЗЯЙСТВА ГОРОДА МАХАЧКАЛА """;"МУНИЦИПАЛЬНОЕ КАЗЕННОЕ УЧРЕЖДЕНИЕ ""ГОРЗАКАЗ""";20.05.2026;01.06.2026;Закупка завершена;;;01.06.2026;
44-ФЗ;№0303300064726001663;Запрос котировок в электронной форме;Закупка техники;;'263054100850405710100100170042910244;;;6530000.00;RUB;0;;;;;;"МУНИЦИПАЛЬНОЕ КАЗЕННОЕ УЧРЕЖДЕНИЕ "" УПРАВЛЕНИЕ ЖИЛИЩНО-КОММУНАЛЬНОГО ХОЗЯЙСТВА ГОРОДА МАХАЧКАЛА """;"МУНИЦИПАЛЬНОЕ КАЗЕННОЕ УЧРЕЖДЕНИЕ ""ГОРЗАКАЗ""";20.05.2026;01.06.2026;Закупка завершена;;;01.06.2026;
44-ФЗ;№0148200005426000237;Электронный аукцион;Выполнение работ по подготовке проектной документации и выполнению инженерных изысканий, выполнение работ по капитальному ремонту, и поставке и вводу в эксплуатацию компьютерного томографа в целях ввода в эксплуатацию объекта - лот 72.1.2;;'262502406865650240100116910010000000;;;131883011.13;RUB;0;;;;;;"ГОСУДАРСТВЕННОЕ КАЗЕННОЕ УЧРЕЖДЕНИЕ МОСКОВСКОЙ ОБЛАСТИ ""ДИРЕКЦИЯ ЕДИНОГО ЗАКАЗЧИКА МИНИСТЕРСТВА ЗДРАВООХРАНЕНИЯ МОСКОВСКОЙ ОБЛАСТИ""";КОМИТЕТ ПО КОНКУРЕНТНОЙ ПОЛИТИКЕ МОСКОВСКОЙ ОБЛАСТИ;22.05.2026;01.06.2026;Закупка завершена;;;01.06.2026;
44-ФЗ;№0303300064726001666;Запрос котировок в электронной форме;Закупка техники (Экскаватор погрузчик 1);;'263054100850405710100100200022892244;;;8350000.00;RUB;0;;;;;;"МУНИЦИПАЛЬНОЕ КАЗЕННОЕ УЧРЕЖДЕНИЕ "" УПРАВЛЕНИЕ ЖИЛИЩНО-КОММУНАЛЬНОГО ХОЗЯЙСТВА ГОРОДА МАХАЧКАЛА """;"МУНИЦИПАЛЬНОЕ КАЗЕННОЕ УЧРЕЖДЕНИЕ ""ГОРЗАКАЗ""";20.05.2026;01.06.2026;Закупка завершена;;;01.06.2026;
44-ФЗ;№0150200003926000627;Электронный аукцион на проведение работ по строительству, реконструкции, кап. ремонту, сносу объекта кап. строительства в соответствии с п. 8 ч. 1 ст. 33 Закона № 44-ФЗ;"Выполнение работ по объекту: ""Реконструкция автомобильной дороги общего пользования межмуниципального значения Валдай – Демянск на участке км 24+470 – км 56+845 в Валдайском и Демянском муниципальных районах Новгородской области""";;'262532104724053210100100570014211414;;;245343628.08;RUB;0;;;;;;"ГОСУДАРСТВЕННОЕ ОБЛАСТНОЕ КАЗЕННОЕ УЧРЕЖДЕНИЕ ""УПРАВЛЕНИЕ АВТОМОБИЛЬНЫХ ДОРОГ НОВГОРОДСКОЙ ОБЛАСТИ ""НОВГОРОДАВТОДОР""";АДМИНИСТРАЦИЯ ГУБЕРНАТОРА НОВГОРОДСКОЙ ОБЛАСТИ;22.05.2026;01.06.2026;Закупка завершена;;;01.06.2026;
44-ФЗ;№0373200307326000122;Электронный аукцион;"Аукцион в электронной форме на право заключения контракта на поставку механических захватов для бордюрного камня для нужд ГБУ ""Автомобильные дороги""";;'262772765679077140100104900010000244;;;7200135.80;RUB;0;;;;;;"ГОСУДАРСТВЕННОЕ БЮДЖЕТНОЕ УЧРЕЖДЕНИЕ ГОРОДА МОСКВЫ ""АВТОМОБИЛЬНЫЕ ДОРОГИ""";"ГОСУДАРСТВЕННОЕ БЮДЖЕТНОЕ УЧРЕЖДЕНИЕ ГОРОДА МОСКВЫ ""АВТОМОБИЛЬНЫЕ ДОРОГИ""";21.05.2026;01.06.2026;Закупка завершена;;;29.05.2026;
44-ФЗ;№0373200307326000121;Электронный аукцион;"Аукцион в электронной форме на право заключения контракта на оказание услуг по техническому обслуживанию и ремонту вилочных погрузчиков для нужд ГБУ ""Автомобильные дороги""";;'262772765679077140100106140010000244;;;29450000.00;RUB;0;;;;;;"ГОСУДАРСТВЕННОЕ БЮДЖЕТНОЕ УЧРЕЖДЕНИЕ ГОРОДА МОСКВЫ ""АВТОМОБИЛЬНЫЕ ДОРОГИ""";"ГОСУДАРСТВЕННОЕ БЮДЖЕТНОЕ УЧРЕЖДЕНИЕ ГОРОДА МОСКВЫ ""АВТОМОБИЛЬНЫЕ ДОРОГИ""";20.05.2026;01.06.2026;Закупка завершена;;;28.05.2026;
44-ФЗ;№0373200062926000073;Электронный аукцион;Электронный аукцион на поставку перчаток латексных для нужд ГБУЗ «ГП № 107 ДЗМ»;;'262771503287877150100100760010000244;;;6000000.00;RUB;0;;;;;;"ГОСУДАРСТВЕННОЕ БЮДЖЕТНОЕ УЧРЕЖДЕНИЕ ЗДРАВООХРАНЕНИЯ ГОРОДА МОСКВЫ ""ГОРОДСКАЯ ПОЛИКЛИНИКА № 107 ДЕПАРТАМЕНТА ЗДРАВООХРАНЕНИЯ ГОРОДА МОСКВЫ""";"ГОСУДАРСТВЕННОЕ БЮДЖЕТНОЕ УЧРЕЖДЕНИЕ ЗДРАВООХРАНЕНИЯ ГОРОДА МОСКВЫ ""ГОРОДСКАЯ ПОЛИКЛИНИКА № 107 ДЕПАРТАМЕНТА ЗДРАВООХРАНЕНИЯ ГОРОДА МОСКВЫ""";20.05.2026;01.06.2026;Закупка завершена;;;28.05.2026;
44-ФЗ;№0815500000526007346;Электронный аукцион;Поставка медицинских изделий (Набор для доставки кардиохирургического окклюдера);;'262212900938821300100101990013250244;;;6800000.00;RUB;0;;;;;;"БЮДЖЕТНОЕ УЧРЕЖДЕНИЕ ЧУВАШСКОЙ РЕСПУБЛИКИ ""РЕСПУБЛИКАНСКИЙ КАРДИОЛОГИЧЕСКИЙ ДИСПАНСЕР"" МИНИСТЕРСТВА ЗДРАВООХРАНЕНИЯ ЧУВАШСКОЙ РЕСПУБЛИКИ";"КАЗЕННОЕ УЧРЕЖДЕНИЕ ЧУВАШСКОЙ РЕСПУБЛИКИ ""РЕГИОНАЛЬНЫЙ ЦЕНТР ЗАКУПОК ЧУВАШСКОЙ РЕСПУБЛИКИ""";20.05.2026;01.06.2026;Закупка завершена;;;28.05.2026;
44-ФЗ;№0366200035626003569;Электронный аукцион на проведение работ по строительству, реконструкции, кап. ремонту, сносу объекта кап. строительства в соответствии с п. 8 ч. 1 ст. 33 Закона № 44-ФЗ;Выполнение работ по капитальному ремонту помещений корпуса №1 ГПОУ ТО «АМТ» по адресу: Тульская область, г. Алексин, ул. Гремицы, д. 8а в рамках реализации федерального проекта «Профессионалитет»;;'262711100306371110100100510014120243;;;5254396.20;RUB;0;;;;;;"ГОСУДАРСТВЕННОЕ ПРОФЕССИОНАЛЬНОЕ ОБРАЗОВАТЕЛЬНОЕ УЧРЕЖДЕНИЕ ТУЛЬСКОЙ ОБЛАСТИ ""АЛЕКСИНСКИЙ МАШИНОСТРОИТЕЛЬНЫЙ ТЕХНИКУМ""";"ГОСУДАРСТВЕННОЕ КАЗЕННОЕ УЧРЕЖДЕНИЕ ТУЛЬСКОЙ ОБЛАСТИ ""ЦЕНТР ОРГАНИЗАЦИИ ЗАКУПОК""";22.05.2026;01.06.2026;Закупка завершена;;;01.06.2026;
44-ФЗ;№0368100010826000145;Электронный аукцион;Поставка запасных частей для воздушных судов;;'261730300200073250100100370093030244;;;19782942.46;RUB;0;;;;;;"ФЕДЕРАЛЬНОЕ ГОСУДАРСТВЕННОЕ БЮДЖЕТНОЕ ОБРАЗОВАТЕЛЬНОЕ УЧРЕЖДЕНИЕ ВЫСШЕГО ОБРАЗОВАНИЯ ""УЛЬЯНОВСКИЙ ИНСТИТУТ ГРАЖДАНСКОЙ АВИАЦИИ ИМЕНИ ГЛАВНОГО МАРШАЛА АВИАЦИИ Б.П. БУГАЕВА""";"ФЕДЕРАЛЬНОЕ ГОСУДАРСТВЕННОЕ БЮДЖЕТНОЕ ОБРАЗОВАТЕЛЬНОЕ УЧРЕЖДЕНИЕ ВЫСШЕГО ОБРАЗОВАНИЯ ""УЛЬЯНОВСКИЙ ИНСТИТУТ ГРАЖДАНСКОЙ АВИАЦИИ ИМЕНИ ГЛАВНОГО МАРШАЛА АВИАЦИИ Б.П. БУГАЕВА""";21.05.2026;01.06.2026;Закупка завершена;;;29.05.2026;
44-ФЗ;№0149200002326002986;Запрос котировок в электронной форме;Поставка лекарственного препарата для медицинского применения МЕТФОРМИН;;'262519010997251900100100013780000323;;;19892197.20;RUB;0;;;;;;МИНИСТЕРСТВО ЗДРАВООХРАНЕНИЯ  МУРМАНСКОЙ ОБЛАСТИ;КОМИТЕТ ПО КОНКУРЕНТНОЙ ПОЛИТИКЕ МУРМАНСКОЙ ОБЛАСТИ;25.05.2026;01.06.2026;Закупка завершена;;;01.06.2026;
44-ФЗ;№0149200002326002984;Запрос котировок в электронной форме;Поставка лекарственного препарата для медицинского применения ОЛОКИЗУМАБ;;'262519010997251900100100013810000323;;;11411400.00;RUB;0;;;;;;МИНИСТЕРСТВО ЗДРАВООХРАНЕНИЯ  МУРМАНСКОЙ ОБЛАСТИ;КОМИТЕТ ПО КОНКУРЕНТНОЙ ПОЛИТИКЕ МУРМАНСКОЙ ОБЛАСТИ;25.05.2026;01.06.2026;Закупка завершена;;;01.06.2026;
44-ФЗ;№0154200000726000417;Электронный аукцион;Закупка лекарственных препаратов для медицинского применения  с целью льготного обеспечения граждан Российской Федерации, проживающих на территории Орловской области, страдающих жизнеугрожающими и хроническими прогрессирующими редкими (орфанными) заболеваниями, приводящими к сокращению продолжительности жизни граждан или их инвалидности, за счет средств областного бюджета в 2026 году. Иптакопан;;'262575306130857530100102920012120323;;;10799989.20;RUB;0;;;;;;ДЕПАРТАМЕНТ ЗДРАВООХРАНЕНИЯ ОРЛОВСКОЙ ОБЛАСТИ;ДЕПАРТАМЕНТ ЭКОНОМИЧЕСКОГО РАЗВИТИЯ И ИНВЕСТИЦИОННОЙ ДЕЯТЕЛЬНОСТИ ОРЛОВСКОЙ ОБЛАСТИ;20.05.2026;01.06.2026;Закупка завершена;;;28.05.2026;
44-ФЗ;№0149200002326002833;Запрос котировок в электронной форме;Поставка лекарственного препарата для медицинского применения ЛИНАГЛИПТИН;;'262519010997251900100100013760000323;;;10642957.50;RUB;0;;;;;;МИНИСТЕРСТВО ЗДРАВООХРАНЕНИЯ  МУРМАНСКОЙ ОБЛАСТИ;КОМИТЕТ ПО КОНКУРЕНТНОЙ ПОЛИТИКЕ МУРМАНСКОЙ ОБЛАСТИ;20.05.2026;01.06.2026;Закупка завершена;;;01.06.2026;
44-ФЗ;№0119200000126009222;Запрос котировок в электронной форме;ЗК 9396/26 «Оказание услуг по обслуживанию автономных общественных санузлов (туалетов) КГКУ ''ТИЦ'' с вакуумной системой»;;'262246618822424600100101020018122244;;;9000000.00;RUB;0;;;;;;"КРАЕВОЕ ГОСУДАРСТВЕННОЕ КАЗЕННОЕ УЧРЕЖДЕНИЕ ""ТУРИСТСКИЙ ИНФОРМАЦИОННЫЙ ЦЕНТР КРАСНОЯРСКОГО КРАЯ""";АГЕНТСТВО ГОСУДАРСТВЕННОГО ЗАКАЗА КРАСНОЯРСКОГО КРАЯ;21.05.2026;01.06.2026;Закупка завершена;;;29.05.2026;
44-ФЗ;№0142200001326010865;Открытый конкурс в электронной форме;Развитие и эксплуатация государственной информационной системы Самарской области «Информационная система обеспечения градостроительной деятельности», в том числе с функциями автоматизированной информационно-аналитической поддержки осуществления полномочий в области градостроительной деятельности, в соответствии с требованиями, установленными действующим законодательством;;'262631716942363170100100040016201244;;;20000000.00;RUB;0;;;;;;МИНИСТЕРСТВО ГРАДОСТРОИТЕЛЬНОЙ ПОЛИТИКИ САМАРСКОЙ ОБЛАСТИ;КОМИТЕТ ПО ОРГАНИЗАЦИИ ТОРГОВ САМАРСКОЙ ОБЛАСТИ;13.05.2026;01.06.2026;Закупка завершена;;;29.05.2026;
44-ФЗ;№0149200002326002985;Запрос котировок в электронной форме;Поставка лекарственного препарата для медицинского применения НЕТАКИМАБ;;'262519010997251900100100013800000323;;;5280000.00;RUB;0;;;;;;МИНИСТЕРСТВО ЗДРАВООХРАНЕНИЯ  МУРМАНСКОЙ ОБЛАСТИ;КОМИТЕТ ПО КОНКУРЕНТНОЙ ПОЛИТИКЕ МУРМАНСКОЙ ОБЛАСТИ;25.05.2026;01.06.2026;Закупка завершена;;;01.06.2026;
44-ФЗ;№0340200003326006392;Открытый конкурс в электронной форме;Выполнение работ по ремонту автомобильной дороги по ул. Садовая в г. Котельниче Кировской области;;'263434200156543130100100370014211244;;;8968382.47;RUB;0;;;;;;АДМИНИСТРАЦИЯ ГОРОДСКОГО ОКРУГА ГОРОДА КОТЕЛЬНИЧА КИРОВСКОЙ ОБЛАСТИ;"КИРОВСКОЕ ОБЛАСТНОЕ ГОСУДАРСТВЕННОЕ КАЗЕННОЕ УЧРЕЖДЕНИЕ ""ЦЕНТР ПО ТЕХНИЧЕСКОМУ СОПРОВОЖДЕНИЮ ГОСУДАРСТВЕННЫХ ЗАКУПОК""";12.05.2026;01.06.2026;Закупка завершена;;;29.05.2026;
44-ФЗ;№0813500000126009804;Электронный аукцион;зз-0014-24771 - 2026 Электрокардиостимулятор имплантируемый однокамерный, частотно-адаптивный;;'262183505247318400100100050910000244;;;9060000.00;RUB;0;;;;;;"БЮДЖЕТНОЕ УЧРЕЖДЕНИЕ ЗДРАВООХРАНЕНИЯ УДМУРТСКОЙ РЕСПУБЛИКИ ""РЕСПУБЛИКАНСКИЙ КЛИНИКО-ДИАГНОСТИЧЕСКИЙ ЦЕНТР МИНИСТЕРСТВА ЗДРАВООХРАНЕНИЯ УДМУРТСКОЙ РЕСПУБЛИКИ""";"ГОСУДАРСТВЕННОЕ КАЗЕННОЕ УЧРЕЖДЕНИЕ УДМУРТСКОЙ РЕСПУБЛИКИ ""РЕГИОНАЛЬНЫЙ ЦЕНТР ЗАКУПОК УДМУРТСКОЙ РЕСПУБЛИКИ""";22.05.2026;01.06.2026;Закупка завершена;;;01.06.2026;
44-ФЗ;№0869200000226004360;Запрос котировок в электронной форме;Поставка автомобилей легковых;;'262745317187174530100100020040000244;;;9999800.00;RUB;0;;;;;;ГЛАВНОЕ УПРАВЛЕНИЕ ЛЕСАМИ ЧЕЛЯБИНСКОЙ ОБЛАСТИ;"ГОСУДАРСТВЕННОЕ КАЗЕННОЕ УЧРЕЖДЕНИЕ ""ЦЕНТР ОРГАНИЗАЦИИ ЗАКУПОК ЧЕЛЯБИНСКОЙ ОБЛАСТИ""";19.05.2026;01.06.2026;Закупка завершена;;;27.05.2026;
44-ФЗ;№0142200001326011620;Запрос котировок в электронной форме;Выполнение работ по реализации общественного проекта «Рублевка» - обустройство детской спортивно - игровой и универсальной спортивной площадок напротив д. 45, д. 47, д. 49, д. 51, д. 53, д. 55 по ул. Партизанской;;'263633500745763300100100160014299244;;;7276963.67;RUB;0;;;;;;"МУНИЦИПАЛЬНОЕ КАЗЕННОЕ УЧРЕЖДЕНИЕ ""ДЕПАРТАМЕНТ СТРОИТЕЛЬСТВА АДМИНИСТРАЦИИ ГОРОДСКОГО ОКРУГА ЧАПАЕВСК""";КОМИТЕТ ПО ОРГАНИЗАЦИИ ТОРГОВ САМАРСКОЙ ОБЛАСТИ;21.05.2026;01.06.2026;Закупка завершена;;;28.05.2026;
44-ФЗ;№0358300132526000508;Электронный аукцион;"поставка запасных частей для аппаратов ""Искусственная почка""";;'262616410011861640100102200012899244;;;10000000.00;RUB;0;;;;;;"ГОСУДАРСТВЕННОЕ БЮДЖЕТНОЕ УЧРЕЖДЕНИЕ РОСТОВСКОЙ ОБЛАСТИ ""КЛИНИКО-ДИАГНОСТИЧЕСКИЙ ЦЕНТР ""ЗДОРОВЬЕ"" В Г. РОСТОВЕ-НА-ДОНУ";"ГОСУДАРСТВЕННОЕ БЮДЖЕТНОЕ УЧРЕЖДЕНИЕ РОСТОВСКОЙ ОБЛАСТИ ""КЛИНИКО-ДИАГНОСТИЧЕСКИЙ ЦЕНТР ""ЗДОРОВЬЕ"" В Г. РОСТОВЕ-НА-ДОНУ";22.05.2026;01.06.2026;Закупка завершена;;;01.06.2026;
44-ФЗ;№0330100009426000041;Электронный аукцион;Поставка запасных частей для транспортных средств Главного управления МЧС России по Вологодской области;;'261352514353335250100100720012932244;;;5235527.22;RUB;0;;;;;;ГЛАВНОЕ УПРАВЛЕНИЕ МИНИСТЕРСТВА РОССИЙСКОЙ ФЕДЕРАЦИИ ПО ДЕЛАМ ГРАЖДАНСКОЙ ОБОРОНЫ, ЧРЕЗВЫЧАЙНЫМ СИТУАЦИЯМ И ЛИКВИДАЦИИ ПОСЛЕДСТВИЙ СТИХИЙНЫХ БЕДСТВИЙ ПО ВОЛОГОДСКОЙ ОБЛАСТИ;ГЛАВНОЕ УПРАВЛЕНИЕ МИНИСТЕРСТВА РОССИЙСКОЙ ФЕДЕРАЦИИ ПО ДЕЛАМ ГРАЖДАНСКОЙ ОБОРОНЫ, ЧРЕЗВЫЧАЙНЫМ СИТУАЦИЯМ И ЛИКВИДАЦИИ ПОСЛЕДСТВИЙ СТИХИЙНЫХ БЕДСТВИЙ ПО ВОЛОГОДСКОЙ ОБЛАСТИ;21.05.2026;01.06.2026;Закупка завершена;;;29.05.2026;
44-ФЗ;№0358300132526000506;Электронный аукцион;ремонт медицинского оборудования;;'262616410011861640100102230013313244;;;13208000.00;RUB;0;;;;;;"ГОСУДАРСТВЕННОЕ БЮДЖЕТНОЕ УЧРЕЖДЕНИЕ РОСТОВСКОЙ ОБЛАСТИ ""КЛИНИКО-ДИАГНОСТИЧЕСКИЙ ЦЕНТР ""ЗДОРОВЬЕ"" В Г. РОСТОВЕ-НА-ДОНУ";"ГОСУДАРСТВЕННОЕ БЮДЖЕТНОЕ УЧРЕЖДЕНИЕ РОСТОВСКОЙ ОБЛАСТИ ""КЛИНИКО-ДИАГНОСТИЧЕСКИЙ ЦЕНТР ""ЗДОРОВЬЕ"" В Г. РОСТОВЕ-НА-ДОНУ";22.05.2026;01.06.2026;Закупка завершена;;;01.06.2026;
44-ФЗ;№0162200011826001418;Запрос котировок в электронной форме;Выполнение работ, связанных с осуществлением регулярных перевозок пассажиров и багажа автомобильным транспортом по регулируемым тарифам (маршруты №№ 103, 104);;'262665807811066850100100570014931244;;;5142211.06;RUB;0;;;;;;"ГОСУДАРСТВЕННОЕ КАЗЕННОЕ  УЧРЕЖДЕНИЕ СВЕРДЛОВСКОЙ ОБЛАСТИ ""УПРАВЛЕНИЕ АВТОМОБИЛЬНЫХ ДОРОГ""";ДЕПАРТАМЕНТ ГОСУДАРСТВЕННЫХ ЗАКУПОК СВЕРДЛОВСКОЙ ОБЛАСТИ;22.05.2026;01.06.2026;Закупка завершена;;;29.05.2026;
44-ФЗ;№0162200011826001417;Запрос котировок в электронной форме;Выполнение работ, связанных с осуществлением регулярных перевозок пассажиров и багажа автомобильным транспортом по регулируемым тарифам (маршрут № 101);;'262665807811066850100100540014931244;;;5237914.88;RUB;0;;;;;;"ГОСУДАРСТВЕННОЕ КАЗЕННОЕ  УЧРЕЖДЕНИЕ СВЕРДЛОВСКОЙ ОБЛАСТИ ""УПРАВЛЕНИЕ АВТОМОБИЛЬНЫХ ДОРОГ""";ДЕПАРТАМЕНТ ГОСУДАРСТВЕННЫХ ЗАКУПОК СВЕРДЛОВСКОЙ ОБЛАСТИ;22.05.2026;01.06.2026;Закупка завершена;;;29.05.2026;
44-ФЗ;№0118300003726000211;Электронный аукцион;Приобретение жилого помещения в городе Краснодаре в целях предоставления детям-сиротам и детям, оставшимся без попечения родителей, и лицам из числа детей-сирот и детей, оставшихся без попечения родителей;;'263230403863423040100100050146810412;;;5883333.33;RUB;0;;;;;;УПРАВЛЕНИЕ ИМУЩЕСТВЕННЫХ ОТНОШЕНИЙ АДМИНИСТРАЦИИ МУНИЦИПАЛЬНОГО ОБРАЗОВАНИЯ ГОРОД-КУРОРТ ГЕЛЕНДЖИК;АДМИНИСТРАЦИЯ МУНИЦИПАЛЬНОГО ОБРАЗОВАНИЯ ГОРОДСКОЙ ОКРУГ ГОРОД-КУРОРТ ГЕЛЕНДЖИК КРАСНОДАРСКОГО КРАЯ;19.05.2026;01.06.2026;Закупка завершена;;;28.05.2026;
44-ФЗ;№0373100025726000136;Электронный аукцион;Оказание услуг по по техническому обслуживанию медицинского оборудования;;'261770500425477050100100070073313244;;;5300000.00;RUB;0;;;;;;ФЕДЕРАЛЬНОЕ ГОСУДАРСТВЕННОЕ БЮДЖЕТНОЕ УЧРЕЖДЕНИЕ НАУКИ ФЕДЕРАЛЬНЫЙ ИССЛЕДОВАТЕЛЬСКИЙ ЦЕНТР ПИТАНИЯ, БИОТЕХНОЛОГИИ И БЕЗОПАСНОСТИ ПИЩИ;ФЕДЕРАЛЬНОЕ ГОСУДАРСТВЕННОЕ БЮДЖЕТНОЕ УЧРЕЖДЕНИЕ НАУКИ ФЕДЕРАЛЬНЫЙ ИССЛЕДОВАТЕЛЬСКИЙ ЦЕНТР ПИТАНИЯ, БИОТЕХНОЛОГИИ И БЕЗОПАСНОСТИ ПИЩИ;20.05.2026;01.06.2026;Закупка завершена;;;28.05.2026;
44-ФЗ;№0830500000226001448;Запрос котировок в электронной форме;Оказание услуг по сопровождению информационной системы «Региональная интегрированная информационная система видеонаблюдения и видеоаналитики Вологодской области»;;'262352535088235250100100020010000244;;;9688769.10;RUB;0;;;;;;"БЮДЖЕТНОЕ УЧРЕЖДЕНИЕ ВОЛОГОДСКОЙ ОБЛАСТИ ""ЭЛЕКТРОННЫЙ РЕГИОН""";"ГОСУДАРСТВЕННОЕ КАЗЕННОЕ УЧРЕЖДЕНИЕ ВОЛОГОДСКОЙ ОБЛАСТИ ""ЦЕНТР ЗАКУПОК""";22.05.2026;01.06.2026;Закупка завершена;;;29.05.2026;
44-ФЗ;№0373200022226001207;Электронный аукцион;Электронный аукцион на поставку анализатора автоматического на основе клеточной иммунофлуоресценции для диагностики аутоиммунных заболеваний с целью реализации средств нормированного страхового запаса территориального фонда обязательного медицинского страхования в 2026 году для нужд ГБУЗ МКНЦ имени А.С. Логинова ДЗМ;;'262772009352377200100113010010000244;;;7177889.76;RUB;0;;;;;;"ГОСУДАРСТВЕННОЕ БЮДЖЕТНОЕ УЧРЕЖДЕНИЕ ЗДРАВООХРАНЕНИЯ ГОРОДА МОСКВЫ ""МОСКОВСКИЙ КЛИНИЧЕСКИЙ НАУЧНО-ПРАКТИЧЕСКИЙ ЦЕНТР ИМЕНИ А.С. ЛОГИНОВА ДЕПАРТАМЕНТА ЗДРАВООХРАНЕНИЯ ГОРОДА МОСКВЫ""";"ГОСУДАРСТВЕННОЕ БЮДЖЕТНОЕ УЧРЕЖДЕНИЕ ЗДРАВООХРАНЕНИЯ ГОРОДА МОСКВЫ ""МОСКОВСКИЙ КЛИНИЧЕСКИЙ НАУЧНО-ПРАКТИЧЕСКИЙ ЦЕНТР ИМЕНИ А.С. ЛОГИНОВА ДЕПАРТАМЕНТА ЗДРАВООХРАНЕНИЯ ГОРОДА МОСКВЫ""";22.05.2026;01.06.2026;Закупка завершена;;;01.06.2026;
44-ФЗ;№0373200022226001208;Электронный аукцион;Электронный аукцион на поставку системы электрофореза  с целью реализации средств нормированного страхового запаса территориального фонда обязательного медицинского страхования в 2026 году для нужд ГБУЗ МКНЦ имени А.С. Логинова ДЗМ;;'262772009352377200100112390010000244;;;15937723.51;RUB;0;;;;;;"ГОСУДАРСТВЕННОЕ БЮДЖЕТНОЕ УЧРЕЖДЕНИЕ ЗДРАВООХРАНЕНИЯ ГОРОДА МОСКВЫ ""МОСКОВСКИЙ КЛИНИЧЕСКИЙ НАУЧНО-ПРАКТИЧЕСКИЙ ЦЕНТР ИМЕНИ А.С. ЛОГИНОВА ДЕПАРТАМЕНТА ЗДРАВООХРАНЕНИЯ ГОРОДА МОСКВЫ""";"ГОСУДАРСТВЕННОЕ БЮДЖЕТНОЕ УЧРЕЖДЕНИЕ ЗДРАВООХРАНЕНИЯ ГОРОДА МОСКВЫ ""МОСКОВСКИЙ КЛИНИЧЕСКИЙ НАУЧНО-ПРАКТИЧЕСКИЙ ЦЕНТР ИМЕНИ А.С. ЛОГИНОВА ДЕПАРТАМЕНТА ЗДРАВООХРАНЕНИЯ ГОРОДА МОСКВЫ""";22.05.2026;01.06.2026;Закупка завершена;;;01.06.2026;
44-ФЗ;№0111300036826000014;Электронный аукцион;Строительство Татарского подворья в рамках проведения XVI сельского Сабантуя в с.Малый Труев, Кузнецкого района , Пензенской области          ;;'263162300965216230100100110014299244;;;14074105.85;RUB;0;;;;;;"МУНИЦИПАЛЬНОЕ БЮДЖЕТНОЕ УЧРЕЖДЕНИЕ ""РАЙОННЫЙ ДОМ КУЛЬТУРЫ"" КУКМОРСКОГО МУНИЦИПАЛЬНОГО РАЙОНА РЕСПУБЛИКИ ТАТАРСТАН";ИСПОЛНИТЕЛЬНЫЙ КОМИТЕТ КУКМОРСКОГО МУНИЦИПАЛЬНОГО РАЙОНА;22.05.2026;01.06.2026;Закупка завершена;;;01.06.2026;
44-ФЗ;№0509200000426000361;Электронный аукцион;Поставка лекарственных препаратов для медицинского применения МНН Нусинерсен;;'262130000294913270100100013390000000;;;13508000.00;RUB;0;;;;;;"ГОСУДАРСТВЕННОЕ УНИТАРНОЕ ПРЕДПРИЯТИЕ РЕСПУБЛИКИ МОРДОВИЯ ""ФАРМАЦИЯ""";"ГОСУДАРСТВЕННОЕ УНИТАРНОЕ ПРЕДПРИЯТИЕ РЕСПУБЛИКИ МОРДОВИЯ ""ФАРМАЦИЯ""";22.05.2026;01.06.2026;Закупка завершена;;;01.06.2026;
44-ФЗ;№0372200162726000011;Электронный аукцион;Поставка велосипедов трековых для видов спорта «спорт слепых» и «спорт лиц с поражением ОДА» в 2026 году;;'262780515860378050100100320013092244;;;19703700.00;RUB;0;;;;;;"ГОСУДАРСТВЕННОЕ БЮДЖЕТНОЕ УЧРЕЖДЕНИЕ ""САНКТ-ПЕТЕРБУРГСКИЙ ЦЕНТР ФИЗИЧЕСКОЙ КУЛЬТУРЫ И СПОРТА""";"ГОСУДАРСТВЕННОЕ БЮДЖЕТНОЕ УЧРЕЖДЕНИЕ ""САНКТ-ПЕТЕРБУРГСКИЙ ЦЕНТР ФИЗИЧЕСКОЙ КУЛЬТУРЫ И СПОРТА""";30.03.2026;01.06.2026;Закупка завершена;;;05.05.2026;
44-ФЗ;№0119200000126009292;Электронный аукцион;ЭА-№-8184/26 «Оказание услуг по техническому обслуживанию рентгенологического оборудования КГБУЗ «КМКБ № 20 им. И.С. Берзона»»;;'262246201142724620100102950013313244;;;270000000.00;RUB;0;;;;;;"КРАЕВОЕ ГОСУДАРСТВЕННОЕ БЮДЖЕТНОЕ УЧРЕЖДЕНИЕ ЗДРАВООХРАНЕНИЯ ""КРАСНОЯРСКАЯ МЕЖРАЙОННАЯ КЛИНИЧЕСКАЯ БОЛЬНИЦА № 20 ИМЕНИ И.С. БЕРЗОНА""";АГЕНТСТВО ГОСУДАРСТВЕННОГО ЗАКАЗА КРАСНОЯРСКОГО КРАЯ;21.05.2026;01.06.2026;Закупка завершена;;;29.05.2026;
223-ФЗ;№32616067663;Иной способ;поставка премиксов;;;1;поставка премиксов;42310000.00;RUB;42310000.00;;;;10.91.10.173: Премиксы для птиц;;"АКЦИОНЕРНОЕ ОБЩЕСТВО ""ПТИЦЕФАБРИКА БАРХАТОВСКАЯ""";"АКЦИОНЕРНОЕ ОБЩЕСТВО ""ПТИЦЕФАБРИКА БАРХАТОВСКАЯ""";01.06.2026;01.06.2026;Закупка завершена;;;01.06.2026 15:00;
44-ФЗ;№0301100049626000765;Электронный аукцион;Текущий ремонт инженерных коммуникаций отделения хирургического торакального Главного корпуса Клиники БГМУ;;'261027402308802740100100520044322244;;;7769310.70;RUB;0;;;;;;"ФЕДЕРАЛЬНОЕ ГОСУДАРСТВЕННОЕ БЮДЖЕТНОЕ ОБРАЗОВАТЕЛЬНОЕ УЧРЕЖДЕНИЕ ВЫСШЕГО ОБРАЗОВАНИЯ ""БАШКИРСКИЙ ГОСУДАРСТВЕННЫЙ МЕДИЦИНСКИЙ УНИВЕРСИТЕТ"" МИНИСТЕРСТВА ЗДРАВООХРАНЕНИЯ РОССИЙСКОЙ ФЕДЕРАЦИИ";"ФЕДЕРАЛЬНОЕ ГОСУДАРСТВЕННОЕ БЮДЖЕТНОЕ ОБРАЗОВАТЕЛЬНОЕ УЧРЕЖДЕНИЕ ВЫСШЕГО ОБРАЗОВАНИЯ ""БАШКИРСКИЙ ГОСУДАРСТВЕННЫЙ МЕДИЦИНСКИЙ УНИВЕРСИТЕТ"" МИНИСТЕРСТВА ЗДРАВООХРАНЕНИЯ РОССИЙСКОЙ ФЕДЕРАЦИИ";21.05.2026;01.06.2026;Закупка завершена;;;29.05.2026;
44-ФЗ;№0815500000526007475;Запрос котировок в электронной форме;Поставка оборудования для общеобразовательных учреждений Чувашской Республики;;'262212805435621300100100370010000242;;;9049832.00;RUB;0;;;;;;МИНИСТЕРСТВО ОБРАЗОВАНИЯ ЧУВАШСКОЙ РЕСПУБЛИКИ;"КАЗЕННОЕ УЧРЕЖДЕНИЕ ЧУВАШСКОЙ РЕСПУБЛИКИ ""РЕГИОНАЛЬНЫЙ ЦЕНТР ЗАКУПОК ЧУВАШСКОЙ РЕСПУБЛИКИ""";21.05.2026;01.06.2026;Закупка завершена;;;29.05.2026;
44-ФЗ;№0832600007626000005;Открытый конкурс в электронной форме;Благоустройство общественной территории - Площадь мира» ( 2 очередь). Наружное электроосвещение.;;'263524304324552430100100280014321244;;;16083754.06;RUB;0;;;;;;"МУНИЦИПАЛЬНОЕ БЮДЖЕТНОЕ УЧРЕЖДЕНИЕ ""ДИРЕКЦИЯ КОММУНАЛЬНОГО ХОЗЯЙСТВА""";"МУНИЦИПАЛЬНОЕ БЮДЖЕТНОЕ УЧРЕЖДЕНИЕ ""ДИРЕКЦИЯ КОММУНАЛЬНОГО ХОЗЯЙСТВА""";04.05.2026;01.06.2026;Закупка завершена;;;21.05.2026;
44-ФЗ;№0509200000426000373;Электронный аукцион;Поставка лекарственных препаратов для медицинского применения МНН Палбоциклиб;;'262130000294913270100100013450000000;;;107999955.00;RUB;0;;;;;;"ГОСУДАРСТВЕННОЕ УНИТАРНОЕ ПРЕДПРИЯТИЕ РЕСПУБЛИКИ МОРДОВИЯ ""ФАРМАЦИЯ""";"ГОСУДАРСТВЕННОЕ УНИТАРНОЕ ПРЕДПРИЯТИЕ РЕСПУБЛИКИ МОРДОВИЯ ""ФАРМАЦИЯ""";22.05.2026;01.06.2026;Закупка завершена;;;01.06.2026;
44-ФЗ;№0373200041526000406;Электронный аукцион;Поставка, монтаж систем подъема и перемещения пациентов с помощью верхних направляющих (в комплекте с принадлежностями) в учреждение, подведомственное ДТСЗН г.Москвы, с целью адаптации для инвалидов и маломобильных групп населения (в рамках капитального ремонта);;'262770182732077080100104660010000243;;;12515550.02;RUB;0;;;;;;"ГОСУДАРСТВЕННОЕ КАЗЕННОЕ УЧРЕЖДЕНИЕ ГОРОДА МОСКВЫ ""ДИРЕКЦИЯ ПО ОБЕСПЕЧЕНИЮ ДЕЯТЕЛЬНОСТИ ОРГАНИЗАЦИЙ ТРУДА И СОЦИАЛЬНОЙ ЗАЩИТЫ НАСЕЛЕНИЯ ГОРОДА МОСКВЫ""";"ГОСУДАРСТВЕННОЕ КАЗЕННОЕ УЧРЕЖДЕНИЕ ГОРОДА МОСКВЫ ""ДИРЕКЦИЯ ПО ОБЕСПЕЧЕНИЮ ДЕЯТЕЛЬНОСТИ ОРГАНИЗАЦИЙ ТРУДА И СОЦИАЛЬНОЙ ЗАЩИТЫ НАСЕЛЕНИЯ ГОРОДА МОСКВЫ""";22.05.2026;01.06.2026;Закупка завершена;;;01.06.2026;
44-ФЗ;№0187300006526000699;Открытый конкурс в электронной форме на проведение работ по строительству, реконструкции, кап. ремонту, сносу объекта кап. строительства в соответствии с п. 8 ч. 1 ст. 33 Закона № 44-ФЗ;Капитальный ремонт здания МАОУ ДО «Центр плавания «Дельфин»;;'263860200306786020100101500014120243;;;169787004.51;RUB;0;;;;;;"МУНИЦИПАЛЬНОЕ КАЗЕННОЕ УЧРЕЖДЕНИЕ ""ДИРЕКЦИЯ ЭКСПЛУАТАЦИИ АДМИНИСТРАТИВНЫХ ЗДАНИЙ И ИНЖЕНЕРНЫХ СИСТЕМ""";АДМИНИСТРАЦИЯ ГОРОДА СУРГУТА;08.05.2026;01.06.2026;Закупка завершена;;;27.05.2026;
44-ФЗ;№0509200000426000372;Электронный аукцион;Поставка лекарственных препаратов для медицинского применения МНН Лейпрорелин;;'262130000294913270100100013440000000;;;14300787.60;RUB;0;;;;;;"ГОСУДАРСТВЕННОЕ УНИТАРНОЕ ПРЕДПРИЯТИЕ РЕСПУБЛИКИ МОРДОВИЯ ""ФАРМАЦИЯ""";"ГОСУДАРСТВЕННОЕ УНИТАРНОЕ ПРЕДПРИЯТИЕ РЕСПУБЛИКИ МОРДОВИЯ ""ФАРМАЦИЯ""";22.05.2026;01.06.2026;Закупка завершена;;;01.06.2026;
223-ФЗ;№32616067645;Иной способ;поставка премиксов;;;1;поставка премиксов;45872380.00;RUB;45872380.00;;;;10.91.10.173: Премиксы для птиц;;"АКЦИОНЕРНОЕ ОБЩЕСТВО ""ПТИЦЕФАБРИКА БАРХАТОВСКАЯ""";"АКЦИОНЕРНОЕ ОБЩЕСТВО ""ПТИЦЕФАБРИКА БАРХАТОВСКАЯ""";01.06.2026;01.06.2026;Закупка завершена;;;01.06.2026 15:00;
44-ФЗ;№0509200000426000369;Электронный аукцион;Поставка лекарственных препаратов для медицинского применения МНН Олокизумаб;;'262130000294913270100100013370000000;;;56156100.00;RUB;0;;;;;;"ГОСУДАРСТВЕННОЕ УНИТАРНОЕ ПРЕДПРИЯТИЕ РЕСПУБЛИКИ МОРДОВИЯ ""ФАРМАЦИЯ""";"ГОСУДАРСТВЕННОЕ УНИТАРНОЕ ПРЕДПРИЯТИЕ РЕСПУБЛИКИ МОРДОВИЯ ""ФАРМАЦИЯ""";22.05.2026;01.06.2026;Закупка завершена;;;01.06.2026;
44-ФЗ;№0125600001226000010;Открытый конкурс в электронной форме;работы по инструментальной диагностике автомобильных дорог общего пользования местного значения в г. Астрахани;;'263301511829730150100100040017120244;;;5996352.90;RUB;0;;;;;;"УПРАВЛЕНИЕ ДОРОЖНОГО ХОЗЯЙСТВА И ТРАНСПОРТА АДМИНИСТРАЦИИ МУНИЦИПАЛЬНОГО ОБРАЗОВАНИЯ ""ГОРОДСКОЙ ОКРУГ ГОРОД АСТРАХАНЬ""";"УПРАВЛЕНИЕ ДОРОЖНОГО ХОЗЯЙСТВА И ТРАНСПОРТА АДМИНИСТРАЦИИ МУНИЦИПАЛЬНОГО ОБРАЗОВАНИЯ ""ГОРОДСКОЙ ОКРУГ ГОРОД АСТРАХАНЬ""";13.05.2026;01.06.2026;Закупка завершена;;;01.06.2026;
44-ФЗ;№0509200000426000371;Электронный аукцион;Поставка лекарственных препаратов для медицинского применения МНН Ниволумаб;;'262130000294913270100100013430000000;;;153823320.00;RUB;0;;;;;;"ГОСУДАРСТВЕННОЕ УНИТАРНОЕ ПРЕДПРИЯТИЕ РЕСПУБЛИКИ МОРДОВИЯ ""ФАРМАЦИЯ""";"ГОСУДАРСТВЕННОЕ УНИТАРНОЕ ПРЕДПРИЯТИЕ РЕСПУБЛИКИ МОРДОВИЯ ""ФАРМАЦИЯ""";22.05.2026;01.06.2026;Закупка завершена;;;01.06.2026;
44-ФЗ;№0119200000126009095;Электронный аукцион;ЭА-№-9354/26 «Поставка лекарственного препарата для медицинского применения «Цефтазидим+Авибактам» для КГБУЗ «КМКБ № 20 им. И.С. Берзона»»;;'262246201142724620100103250012120244;;;5325000.00;RUB;0;;;;;;"КРАЕВОЕ ГОСУДАРСТВЕННОЕ БЮДЖЕТНОЕ УЧРЕЖДЕНИЕ ЗДРАВООХРАНЕНИЯ ""КРАСНОЯРСКАЯ МЕЖРАЙОННАЯ КЛИНИЧЕСКАЯ БОЛЬНИЦА № 20 ИМЕНИ И.С. БЕРЗОНА""";АГЕНТСТВО ГОСУДАРСТВЕННОГО ЗАКАЗА КРАСНОЯРСКОГО КРАЯ;20.05.2026;01.06.2026;Закупка завершена;;;28.05.2026;
44-ФЗ;№0165300010526000321;Электронный аукцион;Оказание услуг по предоставлению кредита;;'263702102392570170100100330036419730;;;90345369.86;RUB;0;;;;;;ДЕПАРТАМЕНТ ФИНАНСОВ АДМИНИСТРАЦИИ ГОРОДА ТОМСКА;АДМИНИСТРАЦИЯ ГОРОДА ТОМСКА;14.05.2026;01.06.2026;Закупка завершена;;;01.06.2026;
44-ФЗ;№0509200000426000368;Электронный аукцион;Поставка лекарственных препаратов для медицинского применения МНН Ипилимумаб;;'262130000294913270100100013420000000;;;6756391.95;RUB;0;;;;;;"ГОСУДАРСТВЕННОЕ УНИТАРНОЕ ПРЕДПРИЯТИЕ РЕСПУБЛИКИ МОРДОВИЯ ""ФАРМАЦИЯ""";"ГОСУДАРСТВЕННОЕ УНИТАРНОЕ ПРЕДПРИЯТИЕ РЕСПУБЛИКИ МОРДОВИЯ ""ФАРМАЦИЯ""";22.05.2026;01.06.2026;Закупка завершена;;;01.06.2026;
44-ФЗ;№0119200000126009276;Электронный аукцион;ЭА-№-8115/26.П1 «Препараты слабительные ЛАКТУЛОЗА»;;'262246621260724660100100011390000323;;;7910000.00;RUB;0;;;;;;МИНИСТЕРСТВО ЗДРАВООХРАНЕНИЯ КРАСНОЯРСКОГО КРАЯ;АГЕНТСТВО ГОСУДАРСТВЕННОГО ЗАКАЗА КРАСНОЯРСКОГО КРАЯ;21.05.2026;01.06.2026;Закупка завершена;;;29.05.2026;
44-ФЗ;№0373200334026000006;Электронный аукцион;Оказание услуг по погрузке и вывозу снега при уборке территорий образовательных организаций, подведомственных Департаменту образования и науки города Москвы (совместная закупка среди СМП и СОНО) в 2026-2028гг;;262770551367877050100100260010000244, 262770138494377010100100210010000244, 262771375704377050100100410010000244, 262770505241077050100100430010000244, 262770279752777020100100280010000244, 262770283335977020100100390010000244;;;12105400.00;RUB;0;;;;;;;"ГОСУДАРСТВЕННОЕ БЮДЖЕТНОЕ ОБЩЕОБРАЗОВАТЕЛЬНОЕ УЧРЕЖДЕНИЕ ГОРОДА МОСКВЫ ""ШКОЛА № 518""";22.05.2026;01.06.2026;Закупка завершена;;;01.06.2026;
44-ФЗ;№0119200000126009081;Запрос котировок в электронной форме;ЗК-№-9098/26 «На поставку лекарственного препарата для медицинского применения Эмпэгфилграстим для нужд КГБУЗ КККОД им. А.И. Крыжановского»;;'262246503513724650100102860012120244;;;74770740.00;RUB;0;;;;;;"КРАЕВОЕ ГОСУДАРСТВЕННОЕ БЮДЖЕТНОЕ УЧРЕЖДЕНИЕ ЗДРАВООХРАНЕНИЯ ""КРАСНОЯРСКИЙ КРАЕВОЙ КЛИНИЧЕСКИЙ ОНКОЛОГИЧЕСКИЙ ДИСПАНСЕР ИМЕНИ А.И. КРЫЖАНОВСКОГО""";АГЕНТСТВО ГОСУДАРСТВЕННОГО ЗАКАЗА КРАСНОЯРСКОГО КРАЯ;19.05.2026;01.06.2026;Закупка завершена;;;28.05.2026;
44-ФЗ;№0119200000126009293;Электронный аукцион;ЭА-№-9586/26 «Препараты противоопухолевые АКАЛАБРУТИНИБ»;;'262246621260724660100100172800000323;;;42950592.00;RUB;0;;;;;;МИНИСТЕРСТВО ЗДРАВООХРАНЕНИЯ КРАСНОЯРСКОГО КРАЯ;АГЕНТСТВО ГОСУДАРСТВЕННОГО ЗАКАЗА КРАСНОЯРСКОГО КРАЯ;21.05.2026;01.06.2026;Закупка завершена;;;29.05.2026;
44-ФЗ;№0524200000326000954;Электронный аукцион;Поставка лекарственного препарата для медицинского применения ЭТАНЕРЦЕПТ, 25 мг/мл ;;'262290000024729010100100017032120000;;;17429720.00;RUB;0;;;;;;"ГОСУДАРСТВЕННОЕ УНИТАРНОЕ ПРЕДПРИЯТИЕ АРХАНГЕЛЬСКОЙ ОБЛАСТИ ""ФАРМАЦИЯ""";"ГОСУДАРСТВЕННОЕ УНИТАРНОЕ ПРЕДПРИЯТИЕ АРХАНГЕЛЬСКОЙ ОБЛАСТИ ""ФАРМАЦИЯ""";22.05.2026;01.06.2026;Закупка завершена;;;01.06.2026;
44-ФЗ;№0524200000326000952;Электронный аукцион;Поставка лекарственного препарата для медицинского применения ЛАНРЕОТИД;;'262290000024729010100100017012120000;;;43775640.00;RUB;0;;;;;;"ГОСУДАРСТВЕННОЕ УНИТАРНОЕ ПРЕДПРИЯТИЕ АРХАНГЕЛЬСКОЙ ОБЛАСТИ ""ФАРМАЦИЯ""";"ГОСУДАРСТВЕННОЕ УНИТАРНОЕ ПРЕДПРИЯТИЕ АРХАНГЕЛЬСКОЙ ОБЛАСТИ ""ФАРМАЦИЯ""";22.05.2026;01.06.2026;Закупка завершена;;;01.06.2026;
44-ФЗ;№0509200000426000367;Электронный аукцион;Поставка лекарственных препаратов для медицинского применения МНН Олапариб;;'262130000294913270100100013310000000;;;74142966.24;RUB;0;;;;;;"ГОСУДАРСТВЕННОЕ УНИТАРНОЕ ПРЕДПРИЯТИЕ РЕСПУБЛИКИ МОРДОВИЯ ""ФАРМАЦИЯ""";"ГОСУДАРСТВЕННОЕ УНИТАРНОЕ ПРЕДПРИЯТИЕ РЕСПУБЛИКИ МОРДОВИЯ ""ФАРМАЦИЯ""";22.05.2026;01.06.2026;Закупка завершена;;;01.06.2026;
44-ФЗ;№0303300097126000009;Открытый конкурс в электронной форме;Ремонт автомобильных дорог г.Хасавюрт;;'263054400041505440100100150014211244;;;43497488.20;RUB;0;;;;;;"МУНИЦИПАЛЬНОЕ КАЗЕННОЕ УЧРЕЖДЕНИЕ  ""УПРАВЛЕНИЕ КОММУНАЛЬНОГО ХОЗЯЙСТВА ГОРОД ХАСАВЮРТ""";"МУНИЦИПАЛЬНОЕ КАЗЕННОЕ УЧРЕЖДЕНИЕ  ""УПРАВЛЕНИЕ КОММУНАЛЬНОГО ХОЗЯЙСТВА ГОРОД ХАСАВЮРТ""";14.05.2026;01.06.2026;Закупка завершена;;;01.06.2026;
44-ФЗ;№0119200000126009170;Запрос котировок в электронной форме;ЗК-№-9578/26 «Препараты противоопухолевые БОЗУТИНИБ»;;'262246621260724660100100172980000323;;;5948838.00;RUB;0;;;;;;МИНИСТЕРСТВО ЗДРАВООХРАНЕНИЯ КРАСНОЯРСКОГО КРАЯ;АГЕНТСТВО ГОСУДАРСТВЕННОГО ЗАКАЗА КРАСНОЯРСКОГО КРАЯ;20.05.2026;01.06.2026;Закупка завершена;;;28.05.2026;
44-ФЗ;№0524200000326000950;Электронный аукцион;Поставка лекарственного препарата для медицинского применения ОЛАПАРИБ  ;;'262290000024729010100100016922120000;;;83738793.60;RUB;0;;;;;;"ГОСУДАРСТВЕННОЕ УНИТАРНОЕ ПРЕДПРИЯТИЕ АРХАНГЕЛЬСКОЙ ОБЛАСТИ ""ФАРМАЦИЯ""";"ГОСУДАРСТВЕННОЕ УНИТАРНОЕ ПРЕДПРИЯТИЕ АРХАНГЕЛЬСКОЙ ОБЛАСТИ ""ФАРМАЦИЯ""";22.05.2026;01.06.2026;Закупка завершена;;;01.06.2026;
44-ФЗ;№0119200000126009178;Запрос котировок в электронной форме;ЗК-№-9584/26 «Препараты для лечения обструктивных заболеваний дыхательных путей БЕНРАЛИЗУМАБ»;;'262246621260724660100100172970000323;;;6786603.00;RUB;0;;;;;;МИНИСТЕРСТВО ЗДРАВООХРАНЕНИЯ КРАСНОЯРСКОГО КРАЯ;АГЕНТСТВО ГОСУДАРСТВЕННОГО ЗАКАЗА КРАСНОЯРСКОГО КРАЯ;20.05.2026;01.06.2026;Закупка завершена;;;28.05.2026;
44-ФЗ;№0524200000326000951;Электронный аукцион;Поставка лекарственного препарата для медицинского применения ДАБРАФЕНИБ  ;;'262290000024729010100100017002120000;;;89760339.60;RUB;0;;;;;;"ГОСУДАРСТВЕННОЕ УНИТАРНОЕ ПРЕДПРИЯТИЕ АРХАНГЕЛЬСКОЙ ОБЛАСТИ ""ФАРМАЦИЯ""";"ГОСУДАРСТВЕННОЕ УНИТАРНОЕ ПРЕДПРИЯТИЕ АРХАНГЕЛЬСКОЙ ОБЛАСТИ ""ФАРМАЦИЯ""";22.05.2026;01.06.2026;Закупка завершена;;;01.06.2026;
44-ФЗ;№0165300010526000318;Электронный аукцион;Оказание услуг по предоставлению кредита;;'263702102392570170100100460036419730;;;62998356.16;RUB;0;;;;;;ДЕПАРТАМЕНТ ФИНАНСОВ АДМИНИСТРАЦИИ ГОРОДА ТОМСКА;АДМИНИСТРАЦИЯ ГОРОДА ТОМСКА;14.05.2026;01.06.2026;Закупка завершена;;;01.06.2026;
44-ФЗ;№0358300395526000017;Запрос котировок в электронной форме на проведение работ по строительству, реконструкции, кап. ремонту, сносу объекта кап. строительства в соответствии с п. 8 ч. 1 ст. 33 Закона № 44-ФЗ ;Выполнение работ по сносу многоквартирного жилого дома;;'263616202102061620100100100024311244;;;5242800.00;RUB;0;;;;;;"МУНИЦИПАЛЬНОЕ КАЗЕННОЕ УЧРЕЖДЕНИЕ ""УПРАВЛЕНИЕ ЖИЛИЩНО-КОММУНАЛЬНОГО ХОЗЯЙСТВА"" ЖЕЛЕЗНОДОРОЖНОГО РАЙОНА ГОРОДА РОСТОВА-НА-ДОНУ";"МУНИЦИПАЛЬНОЕ КАЗЕННОЕ УЧРЕЖДЕНИЕ ""УПРАВЛЕНИЕ ЖИЛИЩНО-КОММУНАЛЬНОГО ХОЗЯЙСТВА"" ЖЕЛЕЗНОДОРОЖНОГО РАЙОНА ГОРОДА РОСТОВА-НА-ДОНУ";22.05.2026;01.06.2026;Закупка завершена;;;29.05.2026;
44-ФЗ;№0524200000326000957;Электронный аукцион;Поставка лекарственного препарата для медицинского применения ГОЛИМУМАБ ;;'262290000024729010100100017062120000;;;9459261.00;RUB;0;;;;;;"ГОСУДАРСТВЕННОЕ УНИТАРНОЕ ПРЕДПРИЯТИЕ АРХАНГЕЛЬСКОЙ ОБЛАСТИ ""ФАРМАЦИЯ""";"ГОСУДАРСТВЕННОЕ УНИТАРНОЕ ПРЕДПРИЯТИЕ АРХАНГЕЛЬСКОЙ ОБЛАСТИ ""ФАРМАЦИЯ""";22.05.2026;01.06.2026;Закупка завершена;;;01.06.2026;
44-ФЗ;№0509200000426000364;Электронный аукцион;Поставка лекарственных препаратов для медицинского применения МНН Кетоаналоги аминокислот;;'262130000294913270100100013290000000;;;11401866.00;RUB;0;;;;;;"ГОСУДАРСТВЕННОЕ УНИТАРНОЕ ПРЕДПРИЯТИЕ РЕСПУБЛИКИ МОРДОВИЯ ""ФАРМАЦИЯ""";"ГОСУДАРСТВЕННОЕ УНИТАРНОЕ ПРЕДПРИЯТИЕ РЕСПУБЛИКИ МОРДОВИЯ ""ФАРМАЦИЯ""";22.05.2026;01.06.2026;Закупка завершена;;;01.06.2026;
44-ФЗ;№0360400001826000008;Электронный аукцион;Текущий ремонт  корпуса № 3 ППК СГТУ имени Гагарина Ю.А , ул Сакко и Ванцетти, д.15;;'261645400411064544500500140014339244;;;29519560.06;RUB;0;;;;;;"Профессионально-педагогический колледж федерального государственного бюджетного образовательного учреждения высшего  образования ""Саратовский государственный технический университет имени Гагарина Ю.А.""";"Профессионально-педагогический колледж федерального государственного бюджетного образовательного учреждения высшего  образования ""Саратовский государственный технический университет имени Гагарина Ю.А.""";20.05.2026;01.06.2026;Закупка завершена;;;29.05.2026;
44-ФЗ;№0524200000326000960;Электронный аукцион;Поставка лекарственного препарата для медицинского применения Аторвастатин ;;'262290000024729010100100017092120000;;;35799000.00;RUB;0;;;;;;"ГОСУДАРСТВЕННОЕ УНИТАРНОЕ ПРЕДПРИЯТИЕ АРХАНГЕЛЬСКОЙ ОБЛАСТИ ""ФАРМАЦИЯ""";"ГОСУДАРСТВЕННОЕ УНИТАРНОЕ ПРЕДПРИЯТИЕ АРХАНГЕЛЬСКОЙ ОБЛАСТИ ""ФАРМАЦИЯ""";22.05.2026;01.06.2026;Закупка завершена;;;01.06.2026;
44-ФЗ;№0509200000426000365;Электронный аукцион;Поставка лекарственных препаратов для медицинского применения МНН Ленватиниб;;'262130000294913270100100013260000000;;;54785788.80;RUB;0;;;;;;"ГОСУДАРСТВЕННОЕ УНИТАРНОЕ ПРЕДПРИЯТИЕ РЕСПУБЛИКИ МОРДОВИЯ ""ФАРМАЦИЯ""";"ГОСУДАРСТВЕННОЕ УНИТАРНОЕ ПРЕДПРИЯТИЕ РЕСПУБЛИКИ МОРДОВИЯ ""ФАРМАЦИЯ""";22.05.2026;01.06.2026;Закупка завершена;;;01.06.2026;
44-ФЗ;№0509200000426000360;Электронный аукцион;Поставка лекарственных препаратов для медицинского применения МНН Нинтеданиб;;'262130000294913270100100013350000000;;;7125916.80;RUB;0;;;;;;"ГОСУДАРСТВЕННОЕ УНИТАРНОЕ ПРЕДПРИЯТИЕ РЕСПУБЛИКИ МОРДОВИЯ ""ФАРМАЦИЯ""";"ГОСУДАРСТВЕННОЕ УНИТАРНОЕ ПРЕДПРИЯТИЕ РЕСПУБЛИКИ МОРДОВИЯ ""ФАРМАЦИЯ""";22.05.2026;01.06.2026;Закупка завершена;;;01.06.2026;
44-ФЗ;№0373100025226000020;Электронный аукцион;Оказание услуг по уборке внутренних помещений;;262771301781077250100100360010000244, 261772503130577250100100650010000244;;;29781927.62;RUB;0;;;;;;;"ГОСУДАРСТВЕННОЕ БЮДЖЕТНОЕ ПРОФЕССИОНАЛЬНОЕ ОБРАЗОВАТЕЛЬНОЕ УЧРЕЖДЕНИЕ ГОРОДА МОСКВЫ ""МОСКОВСКИЙ ТЕХНОЛОГИЧЕСКИЙ КОЛЛЕДЖ ИМЕНИ И.А. ЛИХАЧЁВА""";20.05.2026;01.06.2026;Закупка завершена;;;29.05.2026;
44-ФЗ;№0241100000126000074;Открытый конкурс в электронной форме;Выполнение работ по изготовлению протезов нижних конечностей;;'261440100118244010100100810013250323;;;11000000.00;RUB;0;;;;;;ОТДЕЛЕНИЕ ФОНДА ПЕНСИОННОГО И СОЦИАЛЬНОГО СТРАХОВАНИЯ РОССИЙСКОЙ ФЕДЕРАЦИИ ПО КОСТРОМСКОЙ ОБЛАСТИ;ОТДЕЛЕНИЕ ФОНДА ПЕНСИОННОГО И СОЦИАЛЬНОГО СТРАХОВАНИЯ РОССИЙСКОЙ ФЕДЕРАЦИИ ПО КОСТРОМСКОЙ ОБЛАСТИ;04.05.2026;01.06.2026;Закупка завершена;;;28.05.2026;
223-ФЗ;№32615960050;Конкурс в электронной форме, участниками которого могут быть только субъекты малого и среднего предпринимательства;Право заключения договора поставки транспортных средств для нужд филиала ПАО «Россети Северный Кавказ» (Заказчик, Организатор) - «Ставропольэнерго»;;;1;Право заключения договора на поставку ТС (спецтехника) для нужд филиала ПАО «Россети Северный Кавказ» - «Ставропольэнерго»;201507000.00;RUB;201507000.00;;;;29.10: Средства автотранспортные;;"ПУБЛИЧНОЕ АКЦИОНЕРНОЕ ОБЩЕСТВО ""РОССЕТИ СЕВЕРНЫЙ КАВКАЗ""";"ПУБЛИЧНОЕ АКЦИОНЕРНОЕ ОБЩЕСТВО ""РОССЕТИ СЕВЕРНЫЙ КАВКАЗ""";28.04.2026;01.06.2026;Закупка завершена;;;20.05.2026 14:00;
44-ФЗ;№0873400003926000405;Электронный аукцион;Поставка лекарственного препарата Асфотаза альфа, раствор для подкожного введения, 40 мг/мл,  0,7 мл в рамках реализации постановления Правительства Российской Федерации от 6 апреля 2021 года № 545 «О порядке приобретения лекарственных препаратов, медицинских изделий и технических средств реабилитации для конкретного ребенка с тяжелым жизнеугрожающим и хроническим заболеванием, в том числе редким (орфанным) заболеванием, либо для групп таких детей»;;'261970515020277050100100270042120244;;;100959936.00;RUB;0;;;;;;"ФЕДЕРАЛЬНОЕ КАЗЕННОЕ УЧРЕЖДЕНИЕ ""ФЕДЕРАЛЬНЫЙ ЦЕНТР ПЛАНИРОВАНИЯ И ОРГАНИЗАЦИИ ЛЕКАРСТВЕННОГО ОБЕСПЕЧЕНИЯ ГРАЖДАН"" МИНИСТЕРСТВА ЗДРАВООХРАНЕНИЯ РОССИЙСКОЙ ФЕДЕРАЦИИ";"ФЕДЕРАЛЬНОЕ КАЗЕННОЕ УЧРЕЖДЕНИЕ ""ФЕДЕРАЛЬНЫЙ ЦЕНТР ПЛАНИРОВАНИЯ И ОРГАНИЗАЦИИ ЛЕКАРСТВЕННОГО ОБЕСПЕЧЕНИЯ ГРАЖДАН"" МИНИСТЕРСТВА ЗДРАВООХРАНЕНИЯ РОССИЙСКОЙ ФЕДЕРАЦИИ";22.05.2026;01.06.2026;Закупка завершена;;;01.06.2026;
44-ФЗ;№0873200009826002309;Электронный аукцион;Аукцион в электронной форме на право заключения контракта на поставку лекарственных препаратов (Цинакальцет) для обеспечения граждан, имеющих право на получение государственной социальной помощи в городе Москве (УНЗ: Z2618733 - повторная закупка);;'262771433860977140100119690010000323;;;10299408.00;RUB;0;;;;;;"ГОСУДАРСТВЕННОЕ КАЗЕННОЕ УЧРЕЖДЕНИЕ ГОРОДА МОСКВЫ ""АГЕНТСТВО ПО ЗАКУПКАМ (КОНТРАКТНАЯ СЛУЖБА) ДЕПАРТАМЕНТА ЗДРАВООХРАНЕНИЯ ГОРОДА МОСКВЫ""";"ГОСУДАРСТВЕННОЕ КАЗЕННОЕ УЧРЕЖДЕНИЕ ГОРОДА МОСКВЫ ""АГЕНТСТВО ПО ЗАКУПКАМ (КОНТРАКТНАЯ СЛУЖБА) ДЕПАРТАМЕНТА ЗДРАВООХРАНЕНИЯ ГОРОДА МОСКВЫ""";22.05.2026;01.06.2026;Закупка завершена;;;01.06.2026;
44-ФЗ;№0373200015526000286;Электронный аукцион;Оказание услуг по торговому эквайрингу с предоставлением оборудования для приема банковских карт Исполнителем;;'262772335638677230100102990010000244;;;13005000.00;RUB;0;;;;;;"ГОСУДАРСТВЕННОЕ БЮДЖЕТНОЕ УЧРЕЖДЕНИЕ ЗДРАВООХРАНЕНИЯ ГОРОДА МОСКВЫ ""МОСКОВСКИЙ НАУЧНО-ПРАКТИЧЕСКИЙ ЦЕНТР НАРКОЛОГИИ ДЕПАРТАМЕНТА ЗДРАВООХРАНЕНИЯ ГОРОДА МОСКВЫ""";"ГОСУДАРСТВЕННОЕ БЮДЖЕТНОЕ УЧРЕЖДЕНИЕ ЗДРАВООХРАНЕНИЯ ГОРОДА МОСКВЫ ""МОСКОВСКИЙ НАУЧНО-ПРАКТИЧЕСКИЙ ЦЕНТР НАРКОЛОГИИ ДЕПАРТАМЕНТА ЗДРАВООХРАНЕНИЯ ГОРОДА МОСКВЫ""";22.05.2026;01.06.2026;Закупка завершена;;;01.06.2026;
44-ФЗ;№0301100049626000769;Электронный аукцион;Текущий ремонт по замене дверей и перегородок в отделении хирургического торакального корпуса Клиники БГМУ;;'261027402308802740100100570014332244;;;7983354.71;RUB;0;;;;;;"ФЕДЕРАЛЬНОЕ ГОСУДАРСТВЕННОЕ БЮДЖЕТНОЕ ОБРАЗОВАТЕЛЬНОЕ УЧРЕЖДЕНИЕ ВЫСШЕГО ОБРАЗОВАНИЯ ""БАШКИРСКИЙ ГОСУДАРСТВЕННЫЙ МЕДИЦИНСКИЙ УНИВЕРСИТЕТ"" МИНИСТЕРСТВА ЗДРАВООХРАНЕНИЯ РОССИЙСКОЙ ФЕДЕРАЦИИ";"ФЕДЕРАЛЬНОЕ ГОСУДАРСТВЕННОЕ БЮДЖЕТНОЕ ОБРАЗОВАТЕЛЬНОЕ УЧРЕЖДЕНИЕ ВЫСШЕГО ОБРАЗОВАНИЯ ""БАШКИРСКИЙ ГОСУДАРСТВЕННЫЙ МЕДИЦИНСКИЙ УНИВЕРСИТЕТ"" МИНИСТЕРСТВА ЗДРАВООХРАНЕНИЯ РОССИЙСКОЙ ФЕДЕРАЦИИ";21.05.2026;01.06.2026;Закупка завершена;;;29.05.2026;
44-ФЗ;№0340200003326006111;Электронный аукцион;Оказание услуг по комплексному техническому обслуживанию и ремонту МРТ BRIVO MR355, КТ Brightspeed Select, КТ SOMATOM go. Up с заменой запасных частей;;'262434534425743450100100100013313244;;;38144600.00;RUB;0;;;;;;"КИРОВСКОЕ ОБЛАСТНОЕ ГОСУДАРСТВЕННОЕ БЮДЖЕТНОЕ УЧРЕЖДЕНИЕ ЗДРАВООХРАНЕНИЯ ""КИРОВСКИЙ КЛИНИКО-ДИАГНОСТИЧЕСКИЙ ЦЕНТР""";"КИРОВСКОЕ ОБЛАСТНОЕ ГОСУДАРСТВЕННОЕ КАЗЕННОЕ УЧРЕЖДЕНИЕ ""ЦЕНТР ПО ТЕХНИЧЕСКОМУ СОПРОВОЖДЕНИЮ ГОСУДАРСТВЕННЫХ ЗАКУПОК""";06.05.2026;01.06.2026;Закупка завершена;;;29.05.2026;
44-ФЗ;№0843500000226002872;Электронный аукцион;На поставку лекарственных препаратов для медицинского применения в целях социального обеспечения (Метформин) Лот 3;;'262450109049045010100100560210000323;;;6645600.00;RUB;0;;;;;;"ГОСУДАРСТВЕННОЕ КАЗЕННОЕ УЧРЕЖДЕНИЕ ""МЕДИЦИНСКИЙ ИНФОРМАЦИОННО-АНАЛИТИЧЕСКИЙ ЦЕНТР В КУРГАНСКОЙ ОБЛАСТИ""";"ГОСУДАРСТВЕННОЕ КАЗЕННОЕ УЧРЕЖДЕНИЕ ""ЦЕНТР ЗАКУПОК И БУХГАЛТЕРСКОГО УЧЕТА КУРГАНСКОЙ ОБЛАСТИ""";22.05.2026;01.06.2026;Закупка завершена;;;01.06.2026;
44-ФЗ;№0373200052726000475;Электронный аукцион;"Оказание услуг по внесению сведений о медицинских картах в электронную информационную систему Главархива МСА-1, а также сопутствующих услуг для ГБУЗ ""ГКБ имени В.М. Буянова ДЗМ""";;'262772459896677240100104890010000244;;;12187989.64;RUB;0;;;;;;"ГОСУДАРСТВЕННОЕ БЮДЖЕТНОЕ УЧРЕЖДЕНИЕ ЗДРАВООХРАНЕНИЯ ГОРОДА МОСКВЫ ""ГОРОДСКАЯ КЛИНИЧЕСКАЯ БОЛЬНИЦА ИМЕНИ В.М. БУЯНОВА ДЕПАРТАМЕНТА ЗДРАВООХРАНЕНИЯ ГОРОДА МОСКВЫ""";"ГОСУДАРСТВЕННОЕ БЮДЖЕТНОЕ УЧРЕЖДЕНИЕ ЗДРАВООХРАНЕНИЯ ГОРОДА МОСКВЫ ""ГОРОДСКАЯ КЛИНИЧЕСКАЯ БОЛЬНИЦА ИМЕНИ В.М. БУЯНОВА ДЕПАРТАМЕНТА ЗДРАВООХРАНЕНИЯ ГОРОДА МОСКВЫ""";22.05.2026;01.06.2026;Закупка завершена;;;01.06.2026;
44-ФЗ;№0373100119526000139;Электронный аукцион;Проведение капитального ремонта недвижимого и особо ценного движимого имущества;;'261770902428377090100100890023313243;;;6349761.00;RUB;0;;;;;;"ФЕДЕРАЛЬНОЕ ГОСУДАРСТВЕННОЕ БЮДЖЕТНОЕ УЧРЕЖДЕНИЕ ""НАЦИОНАЛЬНЫЙ МЕДИЦИНСКИЙ ИССЛЕДОВАТЕЛЬСКИЙ ЦЕНТР ТЕРАПИИ И ПРОФИЛАКТИЧЕСКОЙ МЕДИЦИНЫ"" МИНИСТЕРСТВА ЗДРАВООХРАНЕНИЯ РОССИЙСКОЙ ФЕДЕРАЦИИ";"ФЕДЕРАЛЬНОЕ ГОСУДАРСТВЕННОЕ БЮДЖЕТНОЕ УЧРЕЖДЕНИЕ ""НАЦИОНАЛЬНЫЙ МЕДИЦИНСКИЙ ИССЛЕДОВАТЕЛЬСКИЙ ЦЕНТР ТЕРАПИИ И ПРОФИЛАКТИЧЕСКОЙ МЕДИЦИНЫ"" МИНИСТЕРСТВА ЗДРАВООХРАНЕНИЯ РОССИЙСКОЙ ФЕДЕРАЦИИ";22.05.2026;01.06.2026;Закупка завершена;;;01.06.2026;
44-ФЗ;№0351100006626000141;Электронный аукцион;Поставка лекарственных препаратов для медицинского применения;;'261540623480254060100100050482120244;;;6806382.00;RUB;0;;;;;;"ФЕДЕРАЛЬНОЕ ГОСУДАРСТВЕННОЕ БЮДЖЕТНОЕ УЧРЕЖДЕНИЕ ЗДРАВООХРАНЕНИЯ ""СИБИРСКИЙ ОКРУЖНОЙ МЕДИЦИНСКИЙ ЦЕНТР ФЕДЕРАЛЬНОГО МЕДИКО-БИОЛОГИЧЕСКОГО АГЕНТСТВА""";"ФЕДЕРАЛЬНОЕ ГОСУДАРСТВЕННОЕ БЮДЖЕТНОЕ УЧРЕЖДЕНИЕ ЗДРАВООХРАНЕНИЯ ""СИБИРСКИЙ ОКРУЖНОЙ МЕДИЦИНСКИЙ ЦЕНТР ФЕДЕРАЛЬНОГО МЕДИКО-БИОЛОГИЧЕСКОГО АГЕНТСТВА""";22.05.2026;01.06.2026;Закупка завершена;;;01.06.2026;
44-ФЗ;№0358300395526000016;Запрос котировок в электронной форме на проведение работ по строительству, реконструкции, кап. ремонту, сносу объекта кап. строительства в соответствии с п. 8 ч. 1 ст. 33 Закона № 44-ФЗ ;Выполнение работ по сносу многоквартирного жилого дома;;'263616202102061620100100100034311244;;;8716000.00;RUB;0;;;;;;"МУНИЦИПАЛЬНОЕ КАЗЕННОЕ УЧРЕЖДЕНИЕ ""УПРАВЛЕНИЕ ЖИЛИЩНО-КОММУНАЛЬНОГО ХОЗЯЙСТВА"" ЖЕЛЕЗНОДОРОЖНОГО РАЙОНА ГОРОДА РОСТОВА-НА-ДОНУ";"МУНИЦИПАЛЬНОЕ КАЗЕННОЕ УЧРЕЖДЕНИЕ ""УПРАВЛЕНИЕ ЖИЛИЩНО-КОММУНАЛЬНОГО ХОЗЯЙСТВА"" ЖЕЛЕЗНОДОРОЖНОГО РАЙОНА ГОРОДА РОСТОВА-НА-ДОНУ";22.05.2026;01.06.2026;Закупка завершена;;;29.05.2026;
44-ФЗ;№0187200001726000590;Электронный аукцион;Поставка, установка (монтаж) здания сборно-разборного типа с применением быстровозводимых технологий (АБК);;'262860103092886010100101190014120244;;;57077500.00;RUB;0;;;;;;"БЮДЖЕТНОЕ УЧРЕЖДЕНИЕ ХАНТЫ-МАНСИЙСКОГО АВТОНОМНОГО ОКРУГА - ЮГРЫ ""БАЗА АВИАЦИОННОЙ И НАЗЕМНОЙ ОХРАНЫ ЛЕСОВ""";ДЕПАРТАМЕНТ ГОСУДАРСТВЕННОГО ЗАКАЗА ХАНТЫ-МАНСИЙСКОГО АВТОНОМНОГО ОКРУГА - ЮГРЫ;15.05.2026;01.06.2026;Закупка завершена;;;28.05.2026;
44-ФЗ;№0740300000126000474;Открытый конкурс в электронной форме;Выполнение работ по текущему ремонту лыжероллерной трассы по адресу: г. Киров, ул. Подгорная, д. 15 (1-я очередь, этап 2026 года);;'263434801059843450100100050020000244;;;9738478.65;RUB;0;;;;;;"МУНИЦИПАЛЬНОЕ БЮДЖЕТНОЕ УЧРЕЖДЕНИЕ ДОПОЛНИТЕЛЬНОГО ОБРАЗОВАНИЯ ""СПОРТИВНАЯ ШКОЛА ОЛИМПИЙСКОГО РЕЗЕРВА №3"" ГОРОДА КИРОВА";"МУНИЦИПАЛЬНОЕ КАЗЕННОЕ УЧРЕЖДЕНИЕ ""ЦЕНТР ПРОВЕДЕНИЯ ТОРГОВ И ЭНЕРГОЭФФЕКТИВНОСТИ""";13.05.2026;01.06.2026;Закупка завершена;;;29.05.2026;
44-ФЗ;№0111200003326000022;Электронный аукцион; Оказание услуг по организации и проведению всероссийских соревнований по тхэквондо (ВТФ);;'262165504341616550100100300019319244;;;9769924.67;RUB;0;;;;;;МИНИСТЕРСТВО СПОРТА РЕСПУБЛИКИ ТАТАРСТАН;МИНИСТЕРСТВО СПОРТА РЕСПУБЛИКИ ТАТАРСТАН;20.05.2026;01.06.2026;Закупка завершена;;;28.05.2026;
44-ФЗ;№0149200002326002909;Запрос котировок в электронной форме;Поставка лекарственного препарата для медицинского применения РИБОЦИКЛИБ;;'262519010997251900100100014140000323;;;24542073.36;RUB;0;;;;;;МИНИСТЕРСТВО ЗДРАВООХРАНЕНИЯ  МУРМАНСКОЙ ОБЛАСТИ;КОМИТЕТ ПО КОНКУРЕНТНОЙ ПОЛИТИКЕ МУРМАНСКОЙ ОБЛАСТИ;22.05.2026;01.06.2026;Закупка завершена;;;01.06.2026;
44-ФЗ;№0332300267026000143;Электронный аукцион;Ремонт автомобильной дороги общего пользования местного значения на ул. Ступина в г.о.г. Арзамас Нижегородской области;;'263524302045652430100100300014211244;;;32550110.74;RUB;0;;;;;;"МУНИЦИПАЛЬНОЕ КАЗЕННОЕ УЧРЕЖДЕНИЕ ""СЛУЖБА ГОРОДСКОГО ХОЗЯЙСТВА""";АДМИНИСТРАЦИЯ ГОРОДСКОГО ОКРУГА ГОРОД АРЗАМАС НИЖЕГОРОДСКОЙ ОБЛАСТИ;06.05.2026;01.06.2026;Закупка завершена;;;15.05.2026;
44-ФЗ;№0373100037226000493;Электронный аукцион;Поставка лекарственного препарата (КОЛИСТИМЕТАТ НАТРИЯ).;;'261772404418977240100100451782120244;;;13868800.00;RUB;0;;;;;;"ФЕДЕРАЛЬНОЕ ГОСУДАРСТВЕННОЕ БЮДЖЕТНОЕ УЧРЕЖДЕНИЕ ""ФЕДЕРАЛЬНЫЙ НАУЧНО-КЛИНИЧЕСКИЙ ЦЕНТР СПЕЦИАЛИЗИРОВАННЫХ ВИДОВ МЕДИЦИНСКОЙ ПОМОЩИ И МЕДИЦИНСКИХ ТЕХНОЛОГИЙ ФЕДЕРАЛЬНОГО МЕДИКО-БИОЛОГИЧЕСКОГО АГЕНТСТВА""";"ФЕДЕРАЛЬНОЕ ГОСУДАРСТВЕННОЕ БЮДЖЕТНОЕ УЧРЕЖДЕНИЕ ""ФЕДЕРАЛЬНЫЙ НАУЧНО-КЛИНИЧЕСКИЙ ЦЕНТР СПЕЦИАЛИЗИРОВАННЫХ ВИДОВ МЕДИЦИНСКОЙ ПОМОЩИ И МЕДИЦИНСКИХ ТЕХНОЛОГИЙ ФЕДЕРАЛЬНОГО МЕДИКО-БИОЛОГИЧЕСКОГО АГЕНТСТВА""";18.05.2026;01.06.2026;Закупка завершена;;;26.05.2026;
223-ФЗ;№32615778029;Иной способ;Право заключения Договора на оказание услуги «Выполнение работ, относящихся к компетенции клиентов, при осуществлении процедуры технологического присоединения» для нужд ПАО «Россети Центр» (филиала «Тверьэнерго»).;;;1;Право заключения Договора на оказание услуги «Выполнение работ, относящихся к компетенции клиентов, при осуществлении процедуры технологического присоединения» для нужд ПАО «Россети Центр» (филиала «Тверьэнерго»).;18300000.00;RUB;18300000.00;;;;43.21.10.290: Работы электромонтажные прочие, не включенные в другие группировки;;"ПУБЛИЧНОЕ АКЦИОНЕРНОЕ ОБЩЕСТВО ""РОССЕТИ ЦЕНТР""";"ПУБЛИЧНОЕ АКЦИОНЕРНОЕ ОБЩЕСТВО ""РОССЕТИ ЦЕНТР""";06.03.2026;01.06.2026;Закупка завершена;;;19.03.2026 12:00;
44-ФЗ;№0358300132526000501;Электронный аукцион;Поставка реагентов для проведения исследований на автоматическом анализаторе MAGLUMI ;;'262616410011861640100102130032120244;;;6937700.00;RUB;0;;;;;;"ГОСУДАРСТВЕННОЕ БЮДЖЕТНОЕ УЧРЕЖДЕНИЕ РОСТОВСКОЙ ОБЛАСТИ ""КЛИНИКО-ДИАГНОСТИЧЕСКИЙ ЦЕНТР ""ЗДОРОВЬЕ"" В Г. РОСТОВЕ-НА-ДОНУ";"ГОСУДАРСТВЕННОЕ БЮДЖЕТНОЕ УЧРЕЖДЕНИЕ РОСТОВСКОЙ ОБЛАСТИ ""КЛИНИКО-ДИАГНОСТИЧЕСКИЙ ЦЕНТР ""ЗДОРОВЬЕ"" В Г. РОСТОВЕ-НА-ДОНУ";21.05.2026;01.06.2026;Закупка завершена;;;29.05.2026;
44-ФЗ;№0153300066926000545;Запрос котировок в электронной форме;Приобретение жилых помещений путем участия в долевом строительстве многоквартирных домов на территории города Оренбурга для предоставления детям-сиротам и детям, оставшимся без попечения родителей, лицам из их числа по договорам найма специализированного жилого помещения;;'263561000881056100100100030356810412;;;8316000.00;RUB;0;;;;;;ДЕПАРТАМЕНТ ИМУЩЕСТВЕННЫХ И ЖИЛИЩНЫХ ОТНОШЕНИЙ АДМИНИСТРАЦИИ ГОРОДА ОРЕНБУРГА;АДМИНИСТРАЦИЯ ГОРОДА ОРЕНБУРГА;22.05.2026;01.06.2026;Закупка завершена;;;29.05.2026;
223-ФЗ;№32616069077;Иной способ;Поставка товаров аптечного ассортимента;;;1;Поставка товаров аптечного ассортимента;300000000.00;RUB;300000000.00;;;;21.20.24.110: Материалы клейкие перевязочные;;"ВОЛГОГРАДСКОЕ ОБЛАСТНОЕ ГОСУДАРСТВЕННОЕ УНИТАРНОЕ ПРЕДПРИЯТИЕ ""ВОЛГОФАРМ""";"ВОЛГОГРАДСКОЕ ОБЛАСТНОЕ ГОСУДАРСТВЕННОЕ УНИТАРНОЕ ПРЕДПРИЯТИЕ ""ВОЛГОФАРМ""";01.06.2026;01.06.2026;Закупка завершена;;;01.06.2026 13:30;
44-ФЗ;№0813500000126009927;Запрос котировок в электронной форме;зз-0015-24676 - 2026 Приобретение трактора;;'262182700813518380100100110012830244;;;5464000.00;RUB;0;;;;;;"БЮДЖЕТНОЕ ПРОФЕССИОНАЛЬНОЕ ОБРАЗОВАТЕЛЬНОЕ УЧРЕЖДЕНИЕ УДМУРТСКОЙ РЕСПУБЛИКИ ""САРАПУЛЬСКИЙ КОЛЛЕДЖ СОЦИАЛЬНО-ПЕДАГОГИЧЕСКИХ ТЕХНОЛОГИЙ И СЕРВИСА""";"ГОСУДАРСТВЕННОЕ КАЗЕННОЕ УЧРЕЖДЕНИЕ УДМУРТСКОЙ РЕСПУБЛИКИ ""РЕГИОНАЛЬНЫЙ ЦЕНТР ЗАКУПОК УДМУРТСКОЙ РЕСПУБЛИКИ""";25.05.2026;01.06.2026;Закупка завершена;;;01.06.2026;
44-ФЗ;№0373200017526000248;Электронный аукцион;Оказание услуг по изготовлению и поставке летней спецодежды;;262971500536377150100100610010000244, 262971500510977150100100510010000244, 262771677864477160100100570010000244, 262771779901277170100100450010000244, 262771548855877150100100600010000244, 262771676328577160100100460010000244, 262771676370477160100100410010000244, 262771548856577150100100410010000244, 262771777240577170100100490010000244, 262771548857277150100100460010000244, 262771777200377170100100460010000244, 262771770959477150100101680010000244, 262771548881577150100100650010000244, 262771548854077150100100460010000244, 262771678959777160100100390010000244, 262971500511677150100100390010000244, 262771678930077160100100430010000000, 262771596681477150100100440010000244;;;25936200.00;RUB;0;;;;;;;"ГОСУДАРСТВЕННОЕ КАЗЕННОЕ УЧРЕЖДЕНИЕ ГОРОДА МОСКВЫ ""ДИРЕКЦИЯ ЗАКАЗЧИКА ЖИЛИЩНО-КОММУНАЛЬНОГО ХОЗЯЙСТВА И БЛАГОУСТРОЙСТВА СЕВЕРО-ВОСТОЧНОГО АДМИНИСТРАТИВНОГО ОКРУГА""";20.05.2026;01.06.2026;Закупка завершена;;;28.05.2026;
44-ФЗ;№0364100001526000052;Электронный аукцион на проведение работ по строительству, реконструкции, кап. ремонту, сносу объекта кап. строительства в соответствии с п. 8 ч. 1 ст. 33 Закона № 44-ФЗ;Выполнение работ по выборочному капитальному ремонту здания Моршанского районного суда Тамбовской области.;;'261683101776668290100100290044339243;;;7010712.22;RUB;0;;;;;;УПРАВЛЕНИЕ СУДЕБНОГО ДЕПАРТАМЕНТА В ТАМБОВСКОЙ ОБЛАСТИ;УПРАВЛЕНИЕ СУДЕБНОГО ДЕПАРТАМЕНТА В ТАМБОВСКОЙ ОБЛАСТИ;21.05.2026;01.06.2026;Закупка завершена;;;29.05.2026;
44-ФЗ;№0813500000126009743;Электронный аукцион;зз-0019-25300 - 2026 Лекарственный препарат Акситиниб;;'262183503379118410100100090652120244;;;6413904.00;RUB;0;;;;;;"БЮДЖЕТНОЕ УЧРЕЖДЕНИЕ ЗДРАВООХРАНЕНИЯ  УДМУРТСКОЙ РЕСПУБЛИКИ ""РЕСПУБЛИКАНСКИЙ КЛИНИЧЕСКИЙ ОНКОЛОГИЧЕСКИЙ ДИСПАНСЕР ИМЕНИ СЕРГЕЯ ГРИГОРЬЕВИЧА ПРИМУШКО МИНИСТЕРСТВА ЗДРАВООХРАНЕНИЯ УДМУРТСКОЙ РЕСПУБЛИКИ""";"ГОСУДАРСТВЕННОЕ КАЗЕННОЕ УЧРЕЖДЕНИЕ УДМУРТСКОЙ РЕСПУБЛИКИ ""РЕГИОНАЛЬНЫЙ ЦЕНТР ЗАКУПОК УДМУРТСКОЙ РЕСПУБЛИКИ""";22.05.2026;01.06.2026;Закупка завершена;;;01.06.2026;
44-ФЗ;№0151200006026000040;Электронный аукцион;Приобретение жилого дома на территории рабочего поселка Чистоозерное Чистоозерного района Новосибирской области для обеспечения жильем по договору социального найма многодетной малообеспеченной семьи, имеющей 5 и более детей;;'263544117499454410100100220016810412;;;5000000.00;RUB;0;;;;;;АДМИНИСТРАЦИЯ ЧИСТООЗЕРНОГО РАЙОНА НОВОСИБИРСКОЙ ОБЛАСТИ;МИНИСТЕРСТВО СТРОИТЕЛЬСТВА НОВОСИБИРСКОЙ ОБЛАСТИ;22.05.2026;01.06.2026;Закупка завершена;;;01.06.2026;
44-ФЗ;№0829500001126003343;Электронный аукцион;Поставка медицинских изделий (оксигенаторы мембранные с принадлежностями);;'262344390133834600100102470013250244;;;7093000.41;RUB;0;;;;;;"ГОСУДАРСТВЕННОЕ БЮДЖЕТНОЕ УЧРЕЖДЕНИЕ ЗДРАВООХРАНЕНИЯ ""ВОЛГОГРАДСКИЙ ОБЛАСТНОЙ КЛИНИЧЕСКИЙ КАРДИОЛОГИЧЕСКИЙ ЦЕНТР"", ВОЛГОГРАД";"ГОСУДАРСТВЕННОЕ КАЗЕННОЕ УЧРЕЖДЕНИЕ  ""ЦЕНТР СОПРОВОЖДЕНИЯ ЗАКУПОК ГОСУДАРСТВЕННЫХ УЧРЕЖДЕНИЙ ЗДРАВООХРАНЕНИЯ ВОЛГОГРАДСКОЙ ОБЛАСТИ""";19.05.2026;01.06.2026;Закупка завершена;;;28.05.2026;
44-ФЗ;№0829500001126003332;Электронный аукцион;Поставка лекарственного препарата для медицинского применения Даролутамид;;'262344390134534430100105000012120244;;;35524944.00;RUB;0;;;;;;"ГОСУДАРСТВЕННОЕ БЮДЖЕТНОЕ УЧРЕЖДЕНИЕ ЗДРАВООХРАНЕНИЯ ""ВОЛГОГРАДСКИЙ ОБЛАСТНОЙ КЛИНИЧЕСКИЙ ОНКОЛОГИЧЕСКИЙ ДИСПАНСЕР""";"ГОСУДАРСТВЕННОЕ КАЗЕННОЕ УЧРЕЖДЕНИЕ  ""ЦЕНТР СОПРОВОЖДЕНИЯ ЗАКУПОК ГОСУДАРСТВЕННЫХ УЧРЕЖДЕНИЙ ЗДРАВООХРАНЕНИЯ ВОЛГОГРАДСКОЙ ОБЛАСТИ""";19.05.2026;01.06.2026;Закупка завершена;;;28.05.2026;
44-ФЗ;№0348200053526000188;Открытый конкурс в электронной форме;Оказание услуг по электроснабжению филиала «Мытищинский» ГБУЗ МО «МОКПТД» в 2026 году;;'262771518673350290100102320013512244;;;5121419.81;RUB;0;;;;;;"ГОСУДАРСТВЕННОЕ БЮДЖЕТНОЕ УЧРЕЖДЕНИЕ ЗДРАВООХРАНЕНИЯ МОСКОВСКОЙ ОБЛАСТИ ""МОСКОВСКИЙ ОБЛАСТНОЙ КЛИНИЧЕСКИЙ ПРОТИВОТУБЕРКУЛЕЗНЫЙ ДИСПАНСЕР""";"ГОСУДАРСТВЕННОЕ БЮДЖЕТНОЕ УЧРЕЖДЕНИЕ ЗДРАВООХРАНЕНИЯ МОСКОВСКОЙ ОБЛАСТИ ""МОСКОВСКИЙ ОБЛАСТНОЙ КЛИНИЧЕСКИЙ ПРОТИВОТУБЕРКУЛЕЗНЫЙ ДИСПАНСЕР""";15.05.2026;01.06.2026;Закупка завершена;;;01.06.2026;
44-ФЗ;№0344300040426000001;Открытый конкурс в электронной форме на проведение работ по строительству, реконструкции, кап. ремонту, сносу объекта кап. строительства в соответствии с п. 8 ч. 1 ст. 33 Закона № 44-ФЗ;"Капитальный ремонт 3-го этажа младшего корпуса здания МБОУ ""Лицей №3"" города Курчатова Курской области";;'263463400488446340100100140014120243;;;14857711.93;RUB;0;;;;;;"МУНИЦИПАЛЬНОЕ БЮДЖЕТНОЕ ОБЩЕОБРАЗОВАТЕЛЬНОЕ УЧРЕЖДЕНИЕ ""ЛИЦЕЙ №3"" ГОРОДА КУРЧАТОВА КУРСКОЙ ОБЛАСТИ";"МУНИЦИПАЛЬНОЕ БЮДЖЕТНОЕ ОБЩЕОБРАЗОВАТЕЛЬНОЕ УЧРЕЖДЕНИЕ ""ЛИЦЕЙ №3"" ГОРОДА КУРЧАТОВА КУРСКОЙ ОБЛАСТИ";14.05.2026;01.06.2026;Закупка завершена;;;01.06.2026;
44-ФЗ;№0380200000126003793;Электронный аукцион;Выполнение проектно-изыскательских работ по объекту: «Реконструкция автомобильной дороги по ул. Ленина в с. Таштып Таштыпского района Республики Хакасия 1, 2 этапы»;;'263190900019019090100100110014110414;;;12122000.00;RUB;0;;;;;;АДМИНИСТРАЦИЯ СЕЛЬСКОГО ПОСЕЛЕНИЯ ТАШТЫПСКОГО СЕЛЬСОВЕТА ТАШТЫПСКОГО МУНИЦИПАЛЬНОГО РАЙОНА РЕСПУБЛИКИ ХАКАСИЯ;ГОСУДАРСТВЕННЫЙ КОМИТЕТ ПО РЕГУЛИРОВАНИЮ КОНТРАКТНОЙ СИСТЕМЫ В СФЕРЕ ЗАКУПОК РЕСПУБЛИКИ ХАКАСИЯ;20.05.2026;01.06.2026;Закупка завершена;;;28.05.2026;
44-ФЗ;№0873200009826002463;Запрос котировок в электронной форме;Запрос котировок в электронной форме на поставку специализированного продукта лечебного питания для детей-инвалидов, больных фенилкетонурией, имеющих право на получение государственной социальной помощи в городе Москве (УНЗ С261021 - повторная закупка);;'262771433860977140100119810010000323;;;5809360.44;RUB;0;;;;;;"ГОСУДАРСТВЕННОЕ КАЗЕННОЕ УЧРЕЖДЕНИЕ ГОРОДА МОСКВЫ ""АГЕНТСТВО ПО ЗАКУПКАМ (КОНТРАКТНАЯ СЛУЖБА) ДЕПАРТАМЕНТА ЗДРАВООХРАНЕНИЯ ГОРОДА МОСКВЫ""";"ГОСУДАРСТВЕННОЕ КАЗЕННОЕ УЧРЕЖДЕНИЕ ГОРОДА МОСКВЫ ""АГЕНТСТВО ПО ЗАКУПКАМ (КОНТРАКТНАЯ СЛУЖБА) ДЕПАРТАМЕНТА ЗДРАВООХРАНЕНИЯ ГОРОДА МОСКВЫ""";25.05.2026;01.06.2026;Закупка завершена;;;01.06.2026;
44-ФЗ;№0372100009726000014;Электронный аукцион;Капитальный ремонта кровли здания мебельного цеха, по адресу: Северный проезд д.1 лит. АШ;;'261781703499478170100100420014339243;;;7959896.43;RUB;0;;;;;;"ФЕДЕРАЛЬНОЕ КАЗЕННОЕ УЧРЕЖДЕНИЕ ""ИСПРАВИТЕЛЬНАЯ КОЛОНИЯ № 5 ГЛАВНОГО УПРАВЛЕНИЯ ФЕДЕРАЛЬНОЙ СЛУЖБЫ ИСПОЛНЕНИЯ НАКАЗАНИЙ ПО Г. САНКТ-ПЕТЕРБУРГУ И ЛЕНИНГРАДСКОЙ ОБЛАСТИ""";"ФЕДЕРАЛЬНОЕ КАЗЕННОЕ УЧРЕЖДЕНИЕ ""ИСПРАВИТЕЛЬНАЯ КОЛОНИЯ № 5 ГЛАВНОГО УПРАВЛЕНИЯ ФЕДЕРАЛЬНОЙ СЛУЖБЫ ИСПОЛНЕНИЯ НАКАЗАНИЙ ПО Г. САНКТ-ПЕТЕРБУРГУ И ЛЕНИНГРАДСКОЙ ОБЛАСТИ""";20.05.2026;01.06.2026;Закупка завершена;;;29.05.2026;
44-ФЗ;№0329200062226001338;Электронный аукцион;Устройство(ремонт) асфальтобетонного покрытия по адресу: Волгоградская область, Фроловский район, п. Пригородный, ул. Подгорная в границах (40 лет Октября - ул. Октябрьская), ул. Строителей S = 2860 м2 (в рамках текущего ремонта автомобильной дороги).;;'263343200058934320100100130014211244;;;10101010.00;RUB;0;;;;;;АДМИНИСТРАЦИЯ ПРИГОРОДНОГО СЕЛЬСКОГО ПОСЕЛЕНИЯ ФРОЛОВСКОГО МУНИЦИПАЛЬНОГО РАЙОНА ВОЛГОГРАДСКОЙ ОБЛАСТИ;"ГОСУДАРСТВЕННОЕ КАЗЕННОЕ УЧРЕЖДЕНИЕ ВОЛГОГРАДСКОЙ ОБЛАСТИ ""ЦЕНТР ОРГАНИЗАЦИИ ЗАКУПОК""";20.05.2026;01.06.2026;Закупка завершена;;;28.05.2026;
44-ФЗ;№0145300018626000027;Электронный аукцион;Благоустройство территории по адресу: Ленинградская обл., Кировский р-н, г.п. Синявино, ул. Лесная, д. 18;;'263470602388947060100101450014299244;;;11711589.97;RUB;0;;;;;;АДМИНИСТРАЦИЯ СИНЯВИНСКОГО ГОРОДСКОГО ПОСЕЛЕНИЯ КИРОВСКОГО МУНИЦИПАЛЬНОГО РАЙОНА ЛЕНИНГРАДСКОЙ ОБЛАСТИ;АДМИНИСТРАЦИЯ СИНЯВИНСКОГО ГОРОДСКОГО ПОСЕЛЕНИЯ КИРОВСКОГО МУНИЦИПАЛЬНОГО РАЙОНА ЛЕНИНГРАДСКОЙ ОБЛАСТИ;21.05.2026;01.06.2026;Закупка завершена;;;29.05.2026;
44-ФЗ;№0813500000126009465;Электронный аукцион;зз-0019-24758 - 2026 Лекарственный препарат Авелумаб;;'262183503379118410100100090602120244;;;26294400.00;RUB;0;;;;;;"БЮДЖЕТНОЕ УЧРЕЖДЕНИЕ ЗДРАВООХРАНЕНИЯ  УДМУРТСКОЙ РЕСПУБЛИКИ ""РЕСПУБЛИКАНСКИЙ КЛИНИЧЕСКИЙ ОНКОЛОГИЧЕСКИЙ ДИСПАНСЕР ИМЕНИ СЕРГЕЯ ГРИГОРЬЕВИЧА ПРИМУШКО МИНИСТЕРСТВА ЗДРАВООХРАНЕНИЯ УДМУРТСКОЙ РЕСПУБЛИКИ""";"ГОСУДАРСТВЕННОЕ КАЗЕННОЕ УЧРЕЖДЕНИЕ УДМУРТСКОЙ РЕСПУБЛИКИ ""РЕГИОНАЛЬНЫЙ ЦЕНТР ЗАКУПОК УДМУРТСКОЙ РЕСПУБЛИКИ""";20.05.2026;01.06.2026;Закупка завершена;;;01.06.2026;
44-ФЗ;№0362300228326000017;Электронный аукцион;Ремонт инженерных сетей;;'263661100132066760100100300014399244;;;5446000.00;RUB;0;;;;;;"АДМИНИСТРАЦИЯ ГОРОДСКОГО ОКРУГА ""ГОРОД ИРБИТ"" СВЕРДЛОВСКОЙ ОБЛАСТИ";"АДМИНИСТРАЦИЯ ГОРОДСКОГО ОКРУГА ""ГОРОД ИРБИТ"" СВЕРДЛОВСКОЙ ОБЛАСТИ";21.05.2026;01.06.2026;Закупка завершена;;;01.06.2026;
44-ФЗ;№0348300053626000120;Запрос котировок в электронной форме;Поставка противоопухолевых средств (РАМУЦИРУМАБ);;'263502903736250290100102190012120244;;;6058855.60;RUB;0;;;;;;"ГОСУДАРСТВЕННОЕ БЮДЖЕТНОЕ УЧРЕЖДЕНИЕ ЗДРАВООХРАНЕНИЯ МОСКОВСКОЙ ОБЛАСТИ ""МЫТИЩИНСКАЯ ОБЛАСТНАЯ КЛИНИЧЕСКАЯ БОЛЬНИЦА""";"ГОСУДАРСТВЕННОЕ БЮДЖЕТНОЕ УЧРЕЖДЕНИЕ ЗДРАВООХРАНЕНИЯ МОСКОВСКОЙ ОБЛАСТИ ""МЫТИЩИНСКАЯ ОБЛАСТНАЯ КЛИНИЧЕСКАЯ БОЛЬНИЦА""";22.05.2026;01.06.2026;Закупка завершена;;;29.05.2026;
44-ФЗ;№0358300068926000297;Электронный аукцион;Оказание услуг по ремонту медицинского оборудования: Система компьютерной томографии Aquilion Lightning (TSX-036A) с принадлежностями, 135190 для нужд ГБУ РО «ЦГБ им. Н.А. Семашко» в г. Ростове-на-Дону ;;'262616502538261650100102750013313244;;;18291712.06;RUB;0;;;;;;"ГОСУДАРСТВЕННОЕ БЮДЖЕТНОЕ УЧРЕЖДЕНИЕ РОСТОВСКОЙ ОБЛАСТИ ""ЦЕНТРАЛЬНАЯ ГОРОДСКАЯ БОЛЬНИЦА ИМ. Н.А. СЕМАШКО"" В Г. РОСТОВЕ-НА-ДОНУ";"ГОСУДАРСТВЕННОЕ БЮДЖЕТНОЕ УЧРЕЖДЕНИЕ РОСТОВСКОЙ ОБЛАСТИ ""ЦЕНТРАЛЬНАЯ ГОРОДСКАЯ БОЛЬНИЦА ИМ. Н.А. СЕМАШКО"" В Г. РОСТОВЕ-НА-ДОНУ";21.05.2026;01.06.2026;Закупка завершена;;;29.05.2026;
44-ФЗ;№0368100010826000142;Электронный аукцион;Поставка запасных частей для воздушных судов;;'261730300200073250100100370073030244;;;18468673.78;RUB;0;;;;;;"ФЕДЕРАЛЬНОЕ ГОСУДАРСТВЕННОЕ БЮДЖЕТНОЕ ОБРАЗОВАТЕЛЬНОЕ УЧРЕЖДЕНИЕ ВЫСШЕГО ОБРАЗОВАНИЯ ""УЛЬЯНОВСКИЙ ИНСТИТУТ ГРАЖДАНСКОЙ АВИАЦИИ ИМЕНИ ГЛАВНОГО МАРШАЛА АВИАЦИИ Б.П. БУГАЕВА""";"ФЕДЕРАЛЬНОЕ ГОСУДАРСТВЕННОЕ БЮДЖЕТНОЕ ОБРАЗОВАТЕЛЬНОЕ УЧРЕЖДЕНИЕ ВЫСШЕГО ОБРАЗОВАНИЯ ""УЛЬЯНОВСКИЙ ИНСТИТУТ ГРАЖДАНСКОЙ АВИАЦИИ ИМЕНИ ГЛАВНОГО МАРШАЛА АВИАЦИИ Б.П. БУГАЕВА""";21.05.2026;01.06.2026;Закупка завершена;;;29.05.2026;
44-ФЗ;№0343200013826000299;Электронный аукцион;Поставка лекарственных препаратов для медицинского применения (МНН: ОЛАПАРИБ);;'262450101937745010100102810022120244;;;24066220.64;RUB;0;;;;;;"ГОСУДАРСТВЕННОЕ БЮДЖЕТНОЕ УЧРЕЖДЕНИЕ ""КУРГАНСКИЙ ОБЛАСТНОЙ ОНКОЛОГИЧЕСКИЙ ДИСПАНСЕР""";"ГОСУДАРСТВЕННОЕ БЮДЖЕТНОЕ УЧРЕЖДЕНИЕ ""КУРГАНСКИЙ ОБЛАСТНОЙ ОНКОЛОГИЧЕСКИЙ ДИСПАНСЕР""";21.05.2026;01.06.2026;Закупка завершена;;;29.05.2026;
44-ФЗ;№0157200000326000564;Электронный аукцион;Хлебобулочные изделия для учреждений здравоохранения – 1 (регистрационный номер 596-А-ГЗ);;262602702528260180100100790011071244, 262602705399560270100102470011071244, 262602716468860270100107570011071244, 262601701175660170100100800011071244, 262601300878460130100100560011071244, 262602702400060270100103170011071244, 262602701949760270100101450011071244, 262601300269460130100100160011071244;;;12204973.01;RUB;0;;;;;;;МИНИСТЕРСТВО КОНКУРЕНТНОЙ ПОЛИТИКИ ПСКОВСКОЙ ОБЛАСТИ;19.05.2026;01.06.2026;Закупка завершена;;;29.05.2026;
44-ФЗ;№0157200000326000566;Электронный аукцион;Хлебобулочные изделия для учреждений здравоохранения – 2 (регистрационный номер 597-А-ГЗ);;262602701384060270100102000011071244, 262602705399560270100102480011071244, 262601300878460130100100570011071244, 262602702400060270100103180011071244, 262602701949760270100101460011071244, 262600900816460090100101850011071244, 262601701175660170100100810011071244, 262602502079360250100100190011071244, 262602702528260180100100830011071244;;;5491410.17;RUB;0;;;;;;;МИНИСТЕРСТВО КОНКУРЕНТНОЙ ПОЛИТИКИ ПСКОВСКОЙ ОБЛАСТИ;19.05.2026;01.06.2026;Закупка завершена;;;29.05.2026;
44-ФЗ;№0311500001926000064;Открытый конкурс в электронной форме на проведение работ по строительству, реконструкции, кап. ремонту, сносу объекта кап. строительства в соответствии с п. 8 ч. 1 ст. 33 Закона № 44-ФЗ;На выполнение работ по  капитальному ремонту автодорог общего пользования Республики Татарстан;;'262166034588516600100100690014211243;;;30000000.00;RUB;0;;;;;;"ГОСУДАРСТВЕННОЕ БЮДЖЕТНОЕ УЧРЕЖДЕНИЕ ""ДИРЕКЦИЯ ФИНАНСИРОВАНИЯ ПРОГРАММ ДОРОЖНЫХ РАБОТ""";"ГОСУДАРСТВЕННОЕ БЮДЖЕТНОЕ УЧРЕЖДЕНИЕ ""ДИРЕКЦИЯ ФИНАНСИРОВАНИЯ ПРОГРАММ ДОРОЖНЫХ РАБОТ""";14.05.2026;01.06.2026;Закупка завершена;;;01.06.2026;
44-ФЗ;№0817200000326007521;Электронный аукцион;Поставка оборудования (теплообменники) для котельной № 10 муниципального округа город Славгород Алтайского края;;'263221000954022100100100240012825244;;;7908000.00;RUB;0;;;;;;КОМИТЕТ ПО ЖИЛИЩНО-КОММУНАЛЬНОМУ ХОЗЯЙСТВУ И ЭКОЛОГИИ АДМИНИСТРАЦИИ МУНИЦИПАЛЬНОГО ОКРУГА ГОРОД СЛАВГОРОД АЛТАЙСКОГО КРАЯ;"КРАЕВОЕ ГОСУДАРСТВЕННОЕ КАЗЕННОЕ УЧРЕЖДЕНИЕ ""ЦЕНТР ГОСУДАРСТВЕННЫХ ЗАКУПОК АЛТАЙСКОГО КРАЯ""";21.05.2026;01.06.2026;Закупка завершена;;;29.05.2026;
44-ФЗ;№0825500000726001312;Электронный аукцион;Поставка медицинских изделий: Порт/катетер;;'262301501244530150100100950013250244;;;10000000.00;RUB;0;;;;;;"ГОСУДАРСТВЕННОЕ БЮДЖЕТНОЕ УЧРЕЖДЕНИЕ ЗДРАВООХРАНЕНИЯ АСТРАХАНСКОЙ ОБЛАСТИ ""ОБЛАСТНОЙ КЛИНИЧЕСКИЙ ОНКОЛОГИЧЕСКИЙ ДИСПАНСЕР""";"ГОСУДАРСТВЕННОЕ КАЗЕННОЕ УЧРЕЖДЕНИЕ АСТРАХАНСКОЙ ОБЛАСТИ ""РЕГИОНАЛЬНЫЙ ЦЕНТР ОРГАНИЗАЦИИ ЗАКУПОК""";21.05.2026;01.06.2026;Закупка завершена;;;29.05.2026;
44-ФЗ;№0846500000626000331;Электронный аукцион;Лекарственный препарат для медицинского применения Тикагрелор.;;'262482500508548250100103300012120244;;;28952085.12;RUB;0;;;;;;МИНИСТЕРСТВО ЗДРАВООХРАНЕНИЯ ЛИПЕЦКОЙ ОБЛАСТИ;"ОБЛАСТНОЕ КАЗЕННОЕ УЧРЕЖДЕНИЕ ""УПРАВЛЕНИЕ ПО РАЗМЕЩЕНИЮ ГОСЗАКАЗА ЛИПЕЦКОЙ ОБЛАСТИ""";20.05.2026;01.06.2026;Закупка завершена;;;28.05.2026;
44-ФЗ;№0162300000826000227;Электронный аукцион на проведение работ по строительству, реконструкции, кап. ремонту, сносу объекта кап. строительства в соответствии с п. 8 ч. 1 ст. 33 Закона № 44-ФЗ;"Капитальный ремонт корпуса бывшего медицинского блока и столовой с пищеблоком в загородном оздоровительном лагере круглогодичного действия ""Антоновский"", город Нижний Тагил""";;'263662305565866230100100890014221243;;;134724000.00;RUB;0;;;;;;"МУНИЦИПАЛЬНОЕ КАЗЕННОЕ УЧРЕЖДЕНИЕ ""СЛУЖБА ЗАКАЗЧИКА ГОРОДСКОГО ХОЗЯЙСТВА""";АДМИНИСТРАЦИЯ ГОРОДА НИЖНИЙ ТАГИЛ;21.05.2026;01.06.2026;Закупка завершена;;;29.05.2026;
44-ФЗ;№0103200008426004419;Электронный аукцион;Поставка медицинского расходного материала;;'262056002077905730100100030560000244;;;5648333.35;RUB;0;;;;;;"ГОСУДАРСТВЕННОЕ БЮДЖЕТНОЕ УЧРЕЖДЕНИЕ РЕСПУБЛИКИ ДАГЕСТАН ""ДЕТСКАЯ РЕСПУБЛИКАНСКАЯ КЛИНИЧЕСКАЯ БОЛЬНИЦА ИМ.Н.М.КУРАЕВА""";КОМИТЕТ ПО ГОСУДАРСТВЕННЫМ ЗАКУПКАМ РЕСПУБЛИКИ ДАГЕСТАН;18.05.2026;01.06.2026;Закупка завершена;;;01.06.2026;
44-ФЗ;№0853500000326003381;Открытый конкурс в электронной форме на проведение работ по строительству, реконструкции, кап. ремонту, сносу объекта кап. строительства в соответствии с п. 8 ч. 1 ст. 33 Закона № 44-ФЗ;Капитальный ремонт внутрипоселковой дороги по улице Садовое Кольцо, от дома № 105 до дома № 205 в с. Нежинка 2 в Оренбургском районе Оренбургской области;;'263563802903156380100100310014211243;;;6258652.50;RUB;0;;;;;;АДМИНИСТРАЦИЯ МУНИЦИПАЛЬНОГО ОБРАЗОВАНИЯ НЕЖИНСКИЙ СЕЛЬСОВЕТ ОРЕНБУРГСКОГО РАЙОНА ОРЕНБУРГСКОЙ ОБЛАСТИ;"ГОСУДАРСТВЕННОЕ КАЗЕННОЕ УЧРЕЖДЕНИЕ ОРЕНБУРГСКОЙ ОБЛАСТИ ""ЦЕНТР ОРГАНИЗАЦИИ ЗАКУПОК""";14.05.2026;01.06.2026;Закупка завершена;;;01.06.2026;
44-ФЗ;№0387200009126002254;Электронный аукцион;Поставка средств дезинфицирующих;;'262860200080686020100103080012020244;;;10485162.89;RUB;0;;;;;;"БЮДЖЕТНОЕ УЧРЕЖДЕНИЕ ХАНТЫ-МАНСИЙСКОГО АВТОНОМНОГО ОКРУГА - ЮГРЫ ""СУРГУТСКИЙ ОКРУЖНОЙ КЛИНИЧЕСКИЙ ЦЕНТР ОХРАНЫ МАТЕРИНСТВА И ДЕТСТВА""";"КАЗЕННОЕ УЧРЕЖДЕНИЕ ХАНТЫ-МАНСИЙСКОГО АВТОНОМНОГО ОКРУГА - ЮГРЫ ""ЦЕНТР ЛЕКАРСТВЕННОГО МОНИТОРИНГА""";21.05.2026;01.06.2026;Закупка завершена;;;29.05.2026;
44-ФЗ;№0162300005326000991;Электронный аукцион на проведение работ по строительству, реконструкции, кап. ремонту, сносу объекта кап. строительства в соответствии с п. 8 ч. 1 ст. 33 Закона № 44-ФЗ;"Выполнение работ по капитальному ремонту здания в ДОЛ ""Заря""";;'263667124849866710100100870014120243;;;14436980.46;RUB;0;;;;;;"МУНИЦИПАЛЬНОЕ КАЗЕННОЕ УЧРЕЖДЕНИЕ ""УПРАВЛЕНИЕ ЗАКАЗЧИКА ПО КАПИТАЛЬНОМУ РЕМОНТУ""";АДМИНИСТРАЦИЯ ГОРОДА ЕКАТЕРИНБУРГА;21.05.2026;01.06.2026;Закупка завершена;;;29.05.2026;
223-ФЗ;№32615898209;Конкурс в электронной форме, участниками которого могут быть только субъекты малого и среднего предпринимательства;"26-003876 Реконструкция устройств РЗА на ПС 220 кВ Белорецк, Иремель для ООО""БСК""";;;1;"Реконструкция устройств РЗА на ПС 220 кВ Белорецк, Иремель для ООО ""БСК""";17868944.43;RUB;17868944.43;;;;43.21.10.120: Работы электромонтажные, связанные с установкой приборов;;"ОБЩЕСТВО С ОГРАНИЧЕННОЙ ОТВЕТСТВЕННОСТЬЮ ""БАШКИРСКАЯ СЕТЕВАЯ КОМПАНИЯ""";"АКЦИОНЕРНОЕ ОБЩЕСТВО ""АГЕНТСТВО ПО ГОСУДАРСТВЕННОМУ ЗАКАЗУ РЕСПУБЛИКИ ТАТАРСТАН""";10.04.2026;01.06.2026;Закупка завершена;;;27.04.2026 10:00;
44-ФЗ;№0853500000326003637;Электронный аукцион;На поставку лекарственного препарата для медицинского применения Метотрексат для обеспечения льготных категорий граждан;;'262561207412856120100100022192120323;;;13526304.00;RUB;0;;;;;;МИНИСТЕРСТВО ЗДРАВООХРАНЕНИЯ ОРЕНБУРГСКОЙ ОБЛАСТИ;"ГОСУДАРСТВЕННОЕ КАЗЕННОЕ УЧРЕЖДЕНИЕ ОРЕНБУРГСКОЙ ОБЛАСТИ ""ЦЕНТР ОРГАНИЗАЦИИ ЗАКУПОК""";20.05.2026;01.06.2026;Закупка завершена;;;28.05.2026;
44-ФЗ;№0373100120526000363;Запрос котировок в электронной форме;Оказание услуг по организации привозного горячего питания в индивидуальной упаковке;;'261771404207077194300100200035629244;;;5000000.00;RUB;0;;;;;;"НАУЧНО-ИССЛЕДОВАТЕЛЬСКИЙ ИНСТИТУТ УРОЛОГИИ И ИНТЕРВЕНЦИОННОЙ РАДИОЛОГИИ ИМЕНИ Н.А. ЛОПАТКИНА - ФИЛИАЛ ФЕДЕРАЛЬНОГО ГОСУДАРСТВЕННОГО БЮДЖЕТНОГО УЧРЕЖДЕНИЯ ""НАЦИОНАЛЬНЫЙ МЕДИЦИНСКИЙ ИССЛЕДОВАТЕЛЬСКИЙ ЦЕНТР РАДИОЛОГИИ"" МИНИСТЕРСТВА ЗДРАВООХРАНЕНИЯ РОССИЙСКОЙ ФЕДЕРАЦИИ";"НАУЧНО-ИССЛЕДОВАТЕЛЬСКИЙ ИНСТИТУТ УРОЛОГИИ И ИНТЕРВЕНЦИОННОЙ РАДИОЛОГИИ ИМЕНИ Н.А. ЛОПАТКИНА - ФИЛИАЛ ФЕДЕРАЛЬНОГО ГОСУДАРСТВЕННОГО БЮДЖЕТНОГО УЧРЕЖДЕНИЯ ""НАЦИОНАЛЬНЫЙ МЕДИЦИНСКИЙ ИССЛЕДОВАТЕЛЬСКИЙ ЦЕНТР РАДИОЛОГИИ"" МИНИСТЕРСТВА ЗДРАВООХРАНЕНИЯ РОССИЙСКОЙ ФЕДЕРАЦИИ";21.05.2026;01.06.2026;Закупка завершена;;;01.06.2026;
44-ФЗ;№0851200000626003434;Электронный аукцион;2026-№589 Поставка лекарственных препаратов для медицинского применения: Вакцина для профилактики клещевого энцефалита;;'262540215512354020100104310032120244;;;6204000.00;RUB;0;;;;;;"ГОСУДАРСТВЕННОЕ КАЗЕННОЕ УЧРЕЖДЕНИЕ НОВОСИБИРСКОЙ ОБЛАСТИ ""НОВОСИБОБЛФАРМ""";"ГОСУДАРСТВЕННОЕ КАЗЕННОЕ УЧРЕЖДЕНИЕ НОВОСИБИРСКОЙ ОБЛАСТИ ""УПРАВЛЕНИЕ КОНТРАКТНОЙ СИСТЕМЫ""";19.05.2026;01.06.2026;Закупка завершена;;;28.05.2026;
44-ФЗ;№0301200042326000204;Электронный аукцион;Поставка горюче-смазочных материалов на 2 полугодие 2026 года;;263027806072502780100100470010000244, 262027400111902740100101900011920244, 263027406905002740100100360011920244, 263027701348002770100101090011920244, 263027601555802760100100390010000244;;;6658677.00;RUB;0;;;;;;;"ГОСУДАРСТВЕННОЕ БЮДЖЕТНОЕ УЧРЕЖДЕНИЕ ЗДРАВООХРАНЕНИЯ ""РЕСПУБЛИКАНСКАЯ ДЕТСКАЯ КЛИНИЧЕСКАЯ БОЛЬНИЦА""";15.05.2026;01.06.2026;Закупка завершена;;;29.05.2026;
44-ФЗ;№0851200000626003511;Электронный аукцион;Выполнение работ  по содержанию автомобильных дорог в Баганском, Краснозерском, Купинском, Чистоозерном районах, Карасукском муниципальном округе Новосибирской области (нанесение дорожной разметки).;;'262540510031654050100101850014211244;;;44920862.86;RUB;0;;;;;;"ГОСУДАРСТВЕННОЕ КАЗЕННОЕ УЧРЕЖДЕНИЕ НОВОСИБИРСКОЙ ОБЛАСТИ ""ТЕРРИТОРИАЛЬНОЕ УПРАВЛЕНИЕ АВТОМОБИЛЬНЫХ ДОРОГ НОВОСИБИРСКОЙ ОБЛАСТИ""";"ГОСУДАРСТВЕННОЕ КАЗЕННОЕ УЧРЕЖДЕНИЕ НОВОСИБИРСКОЙ ОБЛАСТИ ""УПРАВЛЕНИЕ КОНТРАКТНОЙ СИСТЕМЫ""";21.05.2026;01.06.2026;Закупка завершена;;;29.05.2026;
44-ФЗ;№0339300000126000313;Электронный аукцион;Выполнение работ по установке светофорного объекта: г. Кемерово, бульвар им. академика Леонида Барбараша, 6;;'263420702386942054500500080014211244;;;9722790.00;RUB;0;;;;;;управление дорожного хозяйства и благоустройства администрации города Кемерово;АДМИНИСТРАЦИЯ ГОРОДА КЕМЕРОВО;18.05.2026;01.06.2026;Закупка завершена;;;28.05.2026;
44-ФЗ;№0826300021526000045;Открытый конкурс в электронной форме;Выполнение работ, связанных с осуществлением  регулярных перевозок пассажиров и багажа автомобильным транспортом по регулируемым тарифам;;'263312701227431270100100050014931244;;;15137869.00;RUB;0;;;;;;"МУНИЦИПАЛЬНОЕ КАЗЕННОЕ УЧРЕЖДЕНИЕ ""ГУБКИНСКИЙ ПАССАЖИРСКИЙ АВТОСЕРВИС""";"МУНИЦИПАЛЬНОЕ КАЗЕННОЕ УЧРЕЖДЕНИЕ  ""УПРАВЛЕНИЕ ПО ОБЕСПЕЧЕНИЮ ДЕЯТЕЛЬНОСТИ ОРГАНОВ МЕСТНОГО САМОУПРАВЛЕНИЯ ГУБКИНСКОГО ГОРОДСКОГО ОКРУГА""";12.05.2026;01.06.2026;Закупка завершена;;;28.05.2026;
44-ФЗ;№0187300001226000295;Запрос котировок в электронной форме;Выполнение работ по техническому обслуживанию, текущему ремонту и ликвидации аварийных ситуаций на объектах уличного освещения города;;'263860322764886030100101760013314244;;;5386389.16;RUB;0;;;;;;"МУНИЦИПАЛЬНОЕ БЮДЖЕТНОЕ УЧРЕЖДЕНИЕ ""УПРАВЛЕНИЕ ПО ДОРОЖНОМУ ХОЗЯЙСТВУ И БЛАГОУСТРОЙСТВУ ГОРОДА НИЖНЕВАРТОВСКА""";АДМИНИСТРАЦИЯ ГОРОДА НИЖНЕВАРТОВСКА;21.05.2026;01.06.2026;Закупка завершена;;;28.05.2026;
44-ФЗ;№0851200000626003455;Электронный аукцион;Выполнение работ  по содержанию автомобильных дорог в Кочковском, Ордынском районах, Доволенском муниципальном округе Новосибирской области (нанесение дорожной разметки).;;'262540510031654050100101840014211244;;;26478932.75;RUB;0;;;;;;"ГОСУДАРСТВЕННОЕ КАЗЕННОЕ УЧРЕЖДЕНИЕ НОВОСИБИРСКОЙ ОБЛАСТИ ""ТЕРРИТОРИАЛЬНОЕ УПРАВЛЕНИЕ АВТОМОБИЛЬНЫХ ДОРОГ НОВОСИБИРСКОЙ ОБЛАСТИ""";"ГОСУДАРСТВЕННОЕ КАЗЕННОЕ УЧРЕЖДЕНИЕ НОВОСИБИРСКОЙ ОБЛАСТИ ""УПРАВЛЕНИЕ КОНТРАКТНОЙ СИСТЕМЫ""";20.05.2026;01.06.2026;Закупка завершена;;;28.05.2026;
44-ФЗ;№0801500001126000923;Электронный аукцион;Поставка лекарственного(-ых) препарата(-ов) для медицинского применения (Метотрексат) для обеспечения отдельных групп населения и граждан по категориям заболеваний, имеющих право на меры социальной поддержки при оказании амбулаторно-поликлинической помощи за счет средств бюджета Республики Башкортостан в 2026 году.;;'262027415782102740100107160012120323;;;17070600.00;RUB;0;;;;;;ГОСУДАРСТВЕННОЕ КАЗЕННОЕ УЧРЕЖДЕНИЕ УПРАВЛЕНИЕ МАТЕРИАЛЬНО-ТЕХНИЧЕСКОГО ОБЕСПЕЧЕНИЯ МИНИСТЕРСТВА ЗДРАВООХРАНЕНИЯ РЕСПУБЛИКИ БАШКОРТОСТАН;"ГОСУДАРСТВЕННОЕ КАЗЕННОЕ УЧРЕЖДЕНИЕ РЕСПУБЛИКИ БАШКОРТОСТАН ""РЕСПУБЛИКАНСКИЙ ЦЕНТР ТОРГОВ""";14.05.2026;01.06.2026;Закупка завершена;;;01.06.2026;
44-ФЗ;№0801500001126000938;Электронный аукцион;Поставка лекарственного(-ых) препарата(-ов) для медицинского применения (Секукинумаб) для обеспечения отдельных групп населения и граждан по категориям заболеваний, имеющих право на меры социальной поддержки при оказании амбулаторно-поликлинической помощи за счет средств бюджета Республики Башкортостан в 2026 году.;;'262027415782102740100107450012120323;;;12313143.72;RUB;0;;;;;;ГОСУДАРСТВЕННОЕ КАЗЕННОЕ УЧРЕЖДЕНИЕ УПРАВЛЕНИЕ МАТЕРИАЛЬНО-ТЕХНИЧЕСКОГО ОБЕСПЕЧЕНИЯ МИНИСТЕРСТВА ЗДРАВООХРАНЕНИЯ РЕСПУБЛИКИ БАШКОРТОСТАН;"ГОСУДАРСТВЕННОЕ КАЗЕННОЕ УЧРЕЖДЕНИЕ РЕСПУБЛИКИ БАШКОРТОСТАН ""РЕСПУБЛИКАНСКИЙ ЦЕНТР ТОРГОВ""";19.05.2026;01.06.2026;Закупка завершена;;;01.06.2026;
44-ФЗ;№0373200027426001003;Электронный аукцион;Электронный аукцион на поставку датчика для измерения пульсоксиметрии для монитора пациента Philips для нужд ЦАР ГБУЗ «ГКБ имени С. С. Юдина ДЗМ» (СЗ 0142/2/1);;'262772407087077240100110440010000244;;;6333933.60;RUB;0;;;;;;"ГОСУДАРСТВЕННОЕ БЮДЖЕТНОЕ УЧРЕЖДЕНИЕ ЗДРАВООХРАНЕНИЯ ГОРОДА МОСКВЫ ""ГОРОДСКАЯ КЛИНИЧЕСКАЯ БОЛЬНИЦА ИМЕНИ С.С. ЮДИНА ДЕПАРТАМЕНТА ЗДРАВООХРАНЕНИЯ ГОРОДА МОСКВЫ""";"ГОСУДАРСТВЕННОЕ БЮДЖЕТНОЕ УЧРЕЖДЕНИЕ ЗДРАВООХРАНЕНИЯ ГОРОДА МОСКВЫ ""ГОРОДСКАЯ КЛИНИЧЕСКАЯ БОЛЬНИЦА ИМЕНИ С.С. ЮДИНА ДЕПАРТАМЕНТА ЗДРАВООХРАНЕНИЯ ГОРОДА МОСКВЫ""";20.05.2026;01.06.2026;Закупка завершена;;;28.05.2026;
44-ФЗ;№0813500000126009825;Электронный аукцион;№ 11559 Хлебобулочные изделия для нужд учреждений Октябрьского р-на г.Ижевска;;263183106394018310100100050210000244, 263183105534618310100100060210000244, 263183109044618310100100060180000244, 263183109043918310100100060190000244, 263183106304018310100100030190000244, 263183106389018310100100060080000244, 263183106296018310100100050190000244, 263183106316018310100100060200000244, 263183106314618310100100060200000244, 263183106300118310100100060190000244, 263183106313918310100100040160000244, 263183106302618310100100040200000244, 263183106390018310100100040090000244, 263183106320218310100100190011071244, 263183112991118310100100040130000244, 263183106321018310100100070190000244, 263183106310718310100100040190000244, 263183106315318310100100030210000244;;;6981339.94;RUB;0;;;;;;;"ГОСУДАРСТВЕННОЕ КАЗЕННОЕ УЧРЕЖДЕНИЕ УДМУРТСКОЙ РЕСПУБЛИКИ ""РЕГИОНАЛЬНЫЙ ЦЕНТР ЗАКУПОК УДМУРТСКОЙ РЕСПУБЛИКИ""";22.05.2026;01.06.2026;Закупка завершена;;;01.06.2026;
44-ФЗ;№0111200000926000197;Электронный аукцион;Поставка транспортных средств;;'262166009848116570100100140012830244;;;48500000.00;RUB;0;;;;;;МИНИСТЕРСТВО ЛЕСНОГО ХОЗЯЙСТВА РЕСПУБЛИКИ ТАТАРСТАН;ГОСУДАРСТВЕННЫЙ КОМИТЕТ РЕСПУБЛИКИ ТАТАРСТАН ПО ЗАКУПКАМ;22.05.2026;01.06.2026;Закупка завершена;;;01.06.2026;
44-ФЗ;№0851200000626003487;Электронный аукцион;Поставка лекарственного препарата для медицинского применения МНН: АТЕЗОЛИЗУМАБ (3858);;'262540412116954040100103070012120244;;;118761500.00;RUB;0;;;;;;"ГОСУДАРСТВЕННОЕ БЮДЖЕТНОЕ УЧРЕЖДЕНИЕ ЗДРАВООХРАНЕНИЯ НОВОСИБИРСКОЙ ОБЛАСТИ ""НОВОСИБИРСКИЙ ОБЛАСТНОЙ КЛИНИЧЕСКИЙ ОНКОЛОГИЧЕСКИЙ ДИСПАНСЕР""";"ГОСУДАРСТВЕННОЕ КАЗЕННОЕ УЧРЕЖДЕНИЕ НОВОСИБИРСКОЙ ОБЛАСТИ ""УПРАВЛЕНИЕ КОНТРАКТНОЙ СИСТЕМЫ""";20.05.2026;01.06.2026;Закупка завершена;;;29.05.2026;
44-ФЗ;№0174500001126003161;Электронный аукцион;"на оказание услуг по организации бесплатного горячего питания для обучающихся в ГБОУ ""Средняя общеобразовательная школа № 11 имени С.С. Виноградова""";;'262920300782692030100100100015629244;;;12026321.36;RUB;0;;;;;;"ГОСУДАРСТВЕННОЕ БЮДЖЕТНОЕ ОБРАЗОВАТЕЛЬНОЕ УЧРЕЖДЕНИЕ ГОРОДА СЕВАСТОПОЛЯ ""СРЕДНЯЯ ОБЩЕОБРАЗОВАТЕЛЬНАЯ ШКОЛА №11 ИМЕНИ С.С.ВИНОГРАДОВА""";ДЕПАРТАМЕНТ АДМИНИСТРАТИВНО-ХОЗЯЙСТВЕННОГО ОБЕСПЕЧЕНИЯ ИСПОЛНИТЕЛЬНЫХ ОРГАНОВ ГОРОДА СЕВАСТОПОЛЯ;22.05.2026;01.06.2026;Закупка завершена;;;01.06.2026;
44-ФЗ;№0145600003926000003;Электронный аукцион;"Благоустройство общественной территории ""Территория парковки возле Храма Благовещения Пресвятой Богородицы в деревне Коваши""";;'263472000770547250100100130014399244;;;10676176.17;RUB;0;;;;;;АДМИНИСТРАЦИЯ ЛЕБЯЖЕНСКОГО ГОРОДСКОГО ПОСЕЛЕНИЯ ЛОМОНОСОВСКОГО МУНИЦИПАЛЬНОГО РАЙОНА ЛЕНИНГРАДСКОЙ ОБЛАСТИ;АДМИНИСТРАЦИЯ ЛЕБЯЖЕНСКОГО ГОРОДСКОГО ПОСЕЛЕНИЯ ЛОМОНОСОВСКОГО МУНИЦИПАЛЬНОГО РАЙОНА ЛЕНИНГРАДСКОЙ ОБЛАСТИ;21.05.2026;01.06.2026;Закупка завершена;;;29.05.2026;
44-ФЗ;№0301100049626000773;Электронный аукцион;Текущий ремонт мягкой кровли хозяйственного блока (Литер Б) ВЦГПХ ФГБОУ ВО БГМУ Минздрава России;;'261027402308802740100100590014391244;;;5521226.44;RUB;0;;;;;;"ФЕДЕРАЛЬНОЕ ГОСУДАРСТВЕННОЕ БЮДЖЕТНОЕ ОБРАЗОВАТЕЛЬНОЕ УЧРЕЖДЕНИЕ ВЫСШЕГО ОБРАЗОВАНИЯ ""БАШКИРСКИЙ ГОСУДАРСТВЕННЫЙ МЕДИЦИНСКИЙ УНИВЕРСИТЕТ"" МИНИСТЕРСТВА ЗДРАВООХРАНЕНИЯ РОССИЙСКОЙ ФЕДЕРАЦИИ";"ФЕДЕРАЛЬНОЕ ГОСУДАРСТВЕННОЕ БЮДЖЕТНОЕ ОБРАЗОВАТЕЛЬНОЕ УЧРЕЖДЕНИЕ ВЫСШЕГО ОБРАЗОВАНИЯ ""БАШКИРСКИЙ ГОСУДАРСТВЕННЫЙ МЕДИЦИНСКИЙ УНИВЕРСИТЕТ"" МИНИСТЕРСТВА ЗДРАВООХРАНЕНИЯ РОССИЙСКОЙ ФЕДЕРАЦИИ";21.05.2026;01.06.2026;Закупка завершена;;;29.05.2026;
44-ФЗ;№0373200032226000439;Электронный аукцион;Оказание услуг по техническому обслуживанию систем охранно-пожарной сигнализации и систем оповещения и управления эвакуацией в помещениях ГБУ г. Москвы «Атлант» в 2026 г.;;'262772864701177280100100750010000244;;;9950000.00;RUB;0;;;;;;"ГОСУДАРСТВЕННОЕ БЮДЖЕТНОЕ УЧРЕЖДЕНИЕ ГОРОДА МОСКВЫ ""МОЙ ДОСУГОВЫЙ ЦЕНТР ""АТЛАНТ""";"ГОСУДАРСТВЕННОЕ КАЗЕННОЕ УЧРЕЖДЕНИЕ ГОРОДА МОСКВЫ ""ДИРЕКЦИЯ ЗАКАЗЧИКА ЖИЛИЩНО-КОММУНАЛЬНОГО ХОЗЯЙСТВА И БЛАГОУСТРОЙСТВА ЮГО-ЗАПАДНОГО АДМИНИСТРАТИВНОГО ОКРУГА""";20.05.2026;01.06.2026;Закупка завершена;;;29.05.2026;
44-ФЗ;№0803200014726000059;Электронный аукцион;Оказание транспортных услуг по обслуживанию общественно-политических и иных мероприятий республиканского значения Республики Дагестан;;'262057200787805720100100080015229244;;;24000000.00;RUB;0;;;;;;МИНИСТЕРСТВО ТРАНСПОРТА И ДОРОЖНОГО ХОЗЯЙСТВА РЕСПУБЛИКИ ДАГЕСТАН;МИНИСТЕРСТВО ТРАНСПОРТА И ДОРОЖНОГО ХОЗЯЙСТВА РЕСПУБЛИКИ ДАГЕСТАН;19.05.2026;01.06.2026;Закупка завершена;;;01.06.2026;
44-ФЗ;№0348300053626000116;Электронный аукцион;Поставка противоопухолевых средств (ПЕМБРОЛИЗУМАБ);;'263502903736250290100102120012120244;;;7680000.00;RUB;0;;;;;;"ГОСУДАРСТВЕННОЕ БЮДЖЕТНОЕ УЧРЕЖДЕНИЕ ЗДРАВООХРАНЕНИЯ МОСКОВСКОЙ ОБЛАСТИ ""МЫТИЩИНСКАЯ ОБЛАСТНАЯ КЛИНИЧЕСКАЯ БОЛЬНИЦА""";"ГОСУДАРСТВЕННОЕ БЮДЖЕТНОЕ УЧРЕЖДЕНИЕ ЗДРАВООХРАНЕНИЯ МОСКОВСКОЙ ОБЛАСТИ ""МЫТИЩИНСКАЯ ОБЛАСТНАЯ КЛИНИЧЕСКАЯ БОЛЬНИЦА""";22.05.2026;01.06.2026;Закупка завершена;;;01.06.2026;
44-ФЗ;№0373100042426000236;Открытый конкурс в электронной форме;Оказание услуг в рамках организации и проведения III этапа (финальные спортивные соревнования) XIII летней Спартакиады учащихся (юношеская) России 2026 года по гандболу;;'261770924989777090100100580139319244;;;21064244.40;RUB;0;;;;;;"ФЕДЕРАЛЬНОЕ ГОСУДАРСТВЕННОЕ БЮДЖЕТНОЕ УЧРЕЖДЕНИЕ ""ФЕДЕРАЛЬНЫЙ ЦЕНТР ПОДГОТОВКИ СПОРТИВНОГО РЕЗЕРВА""";"ФЕДЕРАЛЬНОЕ ГОСУДАРСТВЕННОЕ БЮДЖЕТНОЕ УЧРЕЖДЕНИЕ ""ФЕДЕРАЛЬНЫЙ ЦЕНТР ПОДГОТОВКИ СПОРТИВНОГО РЕЗЕРВА""";15.05.2026;01.06.2026;Закупка завершена;;;01.06.2026;
44-ФЗ;№0108500000426003051;Электронный аукцион;Оказание комплекса услуг по техническому обслуживанию и ремонту медицинской техники с использованием запасных частей оборудования:магнитно-резонансного томографа MAGNETOM ESSENZA (серийный номер 49249),магнитно-резонансного томографа MAGNETOM Amira (DE) (серийный номер 175142).;;'262121501971912150100101720013313244;;;12828791.31;RUB;0;;;;;;"ГОСУДАРСТВЕННОЕ БЮДЖЕТНОЕ УЧРЕЖДЕНИЕ РЕСПУБЛИКИ МАРИЙ ЭЛ ""ЙОШКАР-ОЛИНСКАЯ ГОРОДСКАЯ КЛИНИЧЕСКАЯ БОЛЬНИЦА""";КОМИТЕТ ПО РЕГУЛИРОВАНИЮ КОНТРАКТНОЙ СИСТЕМЫ В СФЕРЕ ЗАКУПОК РЕСПУБЛИКИ МАРИЙ ЭЛ;20.05.2026;01.06.2026;Закупка завершена;;;28.05.2026;
44-ФЗ;№0373400007426000025;Электронный аукцион;"Автоматическая система учета конверсии корма петухов на 100 голов для нужд СГЦ ""Смена""";;'261504200086950444300100240012651244;;;35743680.00;RUB;0;;;;;;"""ВСЕРОССИЙСКИЙ НАУЧНО-ИССЛЕДОВАТЕЛЬСКИЙ ИНСТИТУТ ПТИЦЕПЕРЕРАБАТЫВАЮЩЕЙ ПРОМЫШЛЕННОСТИ"" - ФИЛИАЛ ФЕДЕРАЛЬНОГО ГОСУДАРСТВЕННОГО БЮДЖЕТНОГО НАУЧНОГО УЧРЕЖДЕНИЯ ФЕДЕРАЛЬНОГО НАУЧНОГО ЦЕНТРА ""ВСЕРОССИЙСКИЙ НАУЧНО-ИССЛЕДОВАТЕЛЬСКИЙ И ТЕХНОЛОГИЧЕСКИЙ ИНСТИТУТ ПТИЦЕВОДСТВА""";"""ВСЕРОССИЙСКИЙ НАУЧНО-ИССЛЕДОВАТЕЛЬСКИЙ ИНСТИТУТ ПТИЦЕПЕРЕРАБАТЫВАЮЩЕЙ ПРОМЫШЛЕННОСТИ"" - ФИЛИАЛ ФЕДЕРАЛЬНОГО ГОСУДАРСТВЕННОГО БЮДЖЕТНОГО НАУЧНОГО УЧРЕЖДЕНИЯ ФЕДЕРАЛЬНОГО НАУЧНОГО ЦЕНТРА ""ВСЕРОССИЙСКИЙ НАУЧНО-ИССЛЕДОВАТЕЛЬСКИЙ И ТЕХНОЛОГИЧЕСКИЙ ИНСТИТУТ ПТИЦЕВОДСТВА""";21.05.2026;01.06.2026;Закупка завершена;;;29.05.2026;
44-ФЗ;№0187300001726000209;Электронный аукцион;Купля - продажа жилого помещения (квартиры) в гп. Пойковский  на территории Нефтеюганского района;;'263861900502386190100100091196810412;;;5812028.60;RUB;0;;;;;;ДЕПАРТАМЕНТ ИМУЩЕСТВЕННЫХ ОТНОШЕНИЙ НЕФТЕЮГАНСКОГО РАЙОНА;АДМИНИСТРАЦИЯ НЕФТЕЮГАНСКОГО РАЙОНА;19.05.2026;01.06.2026;Закупка завершена;;;28.05.2026;
44-ФЗ;№0187300001726000212;Электронный аукцион;Купля - продажа жилого помещения (квартиры) в гп. Пойковский  на территории Нефтеюганского района;;'263861900502386190100100091146810412;;;5812028.60;RUB;0;;;;;;ДЕПАРТАМЕНТ ИМУЩЕСТВЕННЫХ ОТНОШЕНИЙ НЕФТЕЮГАНСКОГО РАЙОНА;АДМИНИСТРАЦИЯ НЕФТЕЮГАНСКОГО РАЙОНА;19.05.2026;01.06.2026;Закупка завершена;;;28.05.2026;
44-ФЗ;№0187300001726000210;Электронный аукцион;Купля - продажа жилого помещения (квартиры) в гп. Пойковский  на территории Нефтеюганского района;;'263861900502386190100100091186810412;;;5812028.60;RUB;0;;;;;;ДЕПАРТАМЕНТ ИМУЩЕСТВЕННЫХ ОТНОШЕНИЙ НЕФТЕЮГАНСКОГО РАЙОНА;АДМИНИСТРАЦИЯ НЕФТЕЮГАНСКОГО РАЙОНА;19.05.2026;01.06.2026;Закупка завершена;;;28.05.2026;
44-ФЗ;№0187300001726000208;Электронный аукцион;Купля - продажа жилого помещения (квартиры) в гп. Пойковский  на территории Нефтеюганского района;;'263861900502386190100100091156810412;;;5812028.60;RUB;0;;;;;;ДЕПАРТАМЕНТ ИМУЩЕСТВЕННЫХ ОТНОШЕНИЙ НЕФТЕЮГАНСКОГО РАЙОНА;АДМИНИСТРАЦИЯ НЕФТЕЮГАНСКОГО РАЙОНА;19.05.2026;01.06.2026;Закупка завершена;;;28.05.2026;
44-ФЗ;№0187300001726000202;Электронный аукцион;Купля - продажа жилого помещения (квартиры) в гп. Пойковский  на территории Нефтеюганского района;;'263861900502386190100100091066810412;;;8053198.30;RUB;0;;;;;;ДЕПАРТАМЕНТ ИМУЩЕСТВЕННЫХ ОТНОШЕНИЙ НЕФТЕЮГАНСКОГО РАЙОНА;АДМИНИСТРАЦИЯ НЕФТЕЮГАНСКОГО РАЙОНА;19.05.2026;01.06.2026;Закупка завершена;;;28.05.2026;
44-ФЗ;№0187300001726000211;Электронный аукцион;Купля - продажа жилого помещения (квартиры) в гп. Пойковский  на территории Нефтеюганского района;;'263861900502386190100100091126810412;;;5812028.60;RUB;0;;;;;;ДЕПАРТАМЕНТ ИМУЩЕСТВЕННЫХ ОТНОШЕНИЙ НЕФТЕЮГАНСКОГО РАЙОНА;АДМИНИСТРАЦИЯ НЕФТЕЮГАНСКОГО РАЙОНА;19.05.2026;01.06.2026;Закупка завершена;;;28.05.2026;
44-ФЗ;№0187300001726000206;Электронный аукцион;Купля - продажа жилого помещения (квартиры) в гп. Пойковский  на территории Нефтеюганского района;;'263861900502386190100100091166810412;;;5812028.60;RUB;0;;;;;;ДЕПАРТАМЕНТ ИМУЩЕСТВЕННЫХ ОТНОШЕНИЙ НЕФТЕЮГАНСКОГО РАЙОНА;АДМИНИСТРАЦИЯ НЕФТЕЮГАНСКОГО РАЙОНА;19.05.2026;01.06.2026;Закупка завершена;;;28.05.2026;
44-ФЗ;№0187300001726000207;Электронный аукцион;Купля - продажа жилого помещения (квартиры) в гп. Пойковский  на территории Нефтеюганского района;;'263861900502386190100100091176810412;;;5812028.60;RUB;0;;;;;;ДЕПАРТАМЕНТ ИМУЩЕСТВЕННЫХ ОТНОШЕНИЙ НЕФТЕЮГАНСКОГО РАЙОНА;АДМИНИСТРАЦИЯ НЕФТЕЮГАНСКОГО РАЙОНА;19.05.2026;01.06.2026;Закупка завершена;;;28.05.2026;
44-ФЗ;№0373100005026000525;Электронный аукцион;Поставка аппаратно-программного комплекса (ф. 020 О);;'261773010211077300100101180032620244;;;13758333.30;RUB;0;;;;;;"ФЕДЕРАЛЬНОЕ ГОСУДАРСТВЕННОЕ БЮДЖЕТНОЕ УЧРЕЖДЕНИЕ ""НАЦИОНАЛЬНЫЙ ЦЕНТР СПОРТИВНОЙ МЕДИЦИНЫ ФЕДЕРАЛЬНОГО МЕДИКО-БИОЛОГИЧЕСКОГО АГЕНТСТВА""";"ФЕДЕРАЛЬНОЕ ГОСУДАРСТВЕННОЕ БЮДЖЕТНОЕ УЧРЕЖДЕНИЕ ""НАЦИОНАЛЬНЫЙ ЦЕНТР СПОРТИВНОЙ МЕДИЦИНЫ ФЕДЕРАЛЬНОГО МЕДИКО-БИОЛОГИЧЕСКОГО АГЕНТСТВА""";22.05.2026;01.06.2026;Закупка завершена;;;01.06.2026;
44-ФЗ;№0187300001726000201;Электронный аукцион;Купля - продажа жилого помещения (квартиры) в гп. Пойковский  на территории Нефтеюганского района;;'263861900502386190100100091036810412;;;8053198.30;RUB;0;;;;;;ДЕПАРТАМЕНТ ИМУЩЕСТВЕННЫХ ОТНОШЕНИЙ НЕФТЕЮГАНСКОГО РАЙОНА;АДМИНИСТРАЦИЯ НЕФТЕЮГАНСКОГО РАЙОНА;19.05.2026;01.06.2026;Закупка завершена;;;28.05.2026;
44-ФЗ;№0187300001726000205;Электронный аукцион;Купля - продажа жилого помещения (квартиры) в гп. Пойковский  на территории Нефтеюганского района;;'263861900502386190100100091206810412;;;5812028.60;RUB;0;;;;;;ДЕПАРТАМЕНТ ИМУЩЕСТВЕННЫХ ОТНОШЕНИЙ НЕФТЕЮГАНСКОГО РАЙОНА;АДМИНИСТРАЦИЯ НЕФТЕЮГАНСКОГО РАЙОНА;19.05.2026;01.06.2026;Закупка завершена;;;28.05.2026;
44-ФЗ;№0187300001726000213;Электронный аукцион;Купля - продажа жилого помещения (квартиры) в гп. Пойковский  на территории Нефтеюганского района;;'263861900502386190100100091136810412;;;5812028.60;RUB;0;;;;;;ДЕПАРТАМЕНТ ИМУЩЕСТВЕННЫХ ОТНОШЕНИЙ НЕФТЕЮГАНСКОГО РАЙОНА;АДМИНИСТРАЦИЯ НЕФТЕЮГАНСКОГО РАЙОНА;19.05.2026;01.06.2026;Закупка завершена;;;28.05.2026;
44-ФЗ;№0187300001726000204;Электронный аукцион;Купля - продажа жилого помещения (квартиры) в гп. Пойковский  на территории Нефтеюганского района;;'263861900502386190100100091086810412;;;5812028.60;RUB;0;;;;;;ДЕПАРТАМЕНТ ИМУЩЕСТВЕННЫХ ОТНОШЕНИЙ НЕФТЕЮГАНСКОГО РАЙОНА;АДМИНИСТРАЦИЯ НЕФТЕЮГАНСКОГО РАЙОНА;19.05.2026;01.06.2026;Закупка завершена;;;28.05.2026;
44-ФЗ;№0187300001726000203;Электронный аукцион;Купля - продажа жилого помещения (квартиры) в гп. Пойковский  на территории Нефтеюганского района;;'263861900502386190100100091076810412;;;8053198.30;RUB;0;;;;;;ДЕПАРТАМЕНТ ИМУЩЕСТВЕННЫХ ОТНОШЕНИЙ НЕФТЕЮГАНСКОГО РАЙОНА;АДМИНИСТРАЦИЯ НЕФТЕЮГАНСКОГО РАЙОНА;19.05.2026;01.06.2026;Закупка завершена;;;28.05.2026;
44-ФЗ;№0187300001726000217;Электронный аукцион;Купля - продажа жилого помещения (квартиры) в гп. Пойковский  на территории Нефтеюганского района;;'263861900502386190100100091046810412;;;5812028.60;RUB;0;;;;;;ДЕПАРТАМЕНТ ИМУЩЕСТВЕННЫХ ОТНОШЕНИЙ НЕФТЕЮГАНСКОГО РАЙОНА;АДМИНИСТРАЦИЯ НЕФТЕЮГАНСКОГО РАЙОНА;19.05.2026;01.06.2026;Закупка завершена;;;28.05.2026;
44-ФЗ;№0187300001726000215;Электронный аукцион;Купля - продажа жилого помещения (квартиры) в гп. Пойковский  на территории Нефтеюганского района;;'263861900502386190100100091106810412;;;5812028.60;RUB;0;;;;;;ДЕПАРТАМЕНТ ИМУЩЕСТВЕННЫХ ОТНОШЕНИЙ НЕФТЕЮГАНСКОГО РАЙОНА;АДМИНИСТРАЦИЯ НЕФТЕЮГАНСКОГО РАЙОНА;19.05.2026;01.06.2026;Закупка завершена;;;28.05.2026;
44-ФЗ;№0187300001726000216;Электронный аукцион;Купля - продажа жилого помещения (квартиры) в гп. Пойковский  на территории Нефтеюганского района;;'263861900502386190100100091096810412;;;5812028.60;RUB;0;;;;;;ДЕПАРТАМЕНТ ИМУЩЕСТВЕННЫХ ОТНОШЕНИЙ НЕФТЕЮГАНСКОГО РАЙОНА;АДМИНИСТРАЦИЯ НЕФТЕЮГАНСКОГО РАЙОНА;19.05.2026;01.06.2026;Закупка завершена;;;28.05.2026;
44-ФЗ;№0373100005026000522;Электронный аукцион;Поставка системы для средневолновой диатермической терапии (ф. 022 О);;'261773010211077300100101200053250244;;;8889699.99;RUB;0;;;;;;"ФЕДЕРАЛЬНОЕ ГОСУДАРСТВЕННОЕ БЮДЖЕТНОЕ УЧРЕЖДЕНИЕ ""НАЦИОНАЛЬНЫЙ ЦЕНТР СПОРТИВНОЙ МЕДИЦИНЫ ФЕДЕРАЛЬНОГО МЕДИКО-БИОЛОГИЧЕСКОГО АГЕНТСТВА""";"ФЕДЕРАЛЬНОЕ ГОСУДАРСТВЕННОЕ БЮДЖЕТНОЕ УЧРЕЖДЕНИЕ ""НАЦИОНАЛЬНЫЙ ЦЕНТР СПОРТИВНОЙ МЕДИЦИНЫ ФЕДЕРАЛЬНОГО МЕДИКО-БИОЛОГИЧЕСКОГО АГЕНТСТВА""";21.05.2026;01.06.2026;Закупка завершена;;;29.05.2026;
44-ФЗ;№0187300001726000218;Электронный аукцион;Купля - продажа жилого помещения (квартиры) в гп. Пойковский  на территории Нефтеюганского района;;'263861900502386190100100091056810412;;;8053198.30;RUB;0;;;;;;ДЕПАРТАМЕНТ ИМУЩЕСТВЕННЫХ ОТНОШЕНИЙ НЕФТЕЮГАНСКОГО РАЙОНА;АДМИНИСТРАЦИЯ НЕФТЕЮГАНСКОГО РАЙОНА;19.05.2026;01.06.2026;Закупка завершена;;;28.05.2026;
44-ФЗ;№0187300001726000214;Электронный аукцион;Купля - продажа жилого помещения (квартиры) в гп. Пойковский  на территории Нефтеюганского района;;'263861900502386190100100091116810412;;;5812028.60;RUB;0;;;;;;ДЕПАРТАМЕНТ ИМУЩЕСТВЕННЫХ ОТНОШЕНИЙ НЕФТЕЮГАНСКОГО РАЙОНА;АДМИНИСТРАЦИЯ НЕФТЕЮГАНСКОГО РАЙОНА;19.05.2026;01.06.2026;Закупка завершена;;;28.05.2026;
44-ФЗ;№0351300298626000070;Электронный аукцион;Выполнение работ по монтажу системы пожаротушения, пожарной сигнализации и системы оповещения и управления эвакуацией;;'263540707033954060100100960014321244;;;5852302.27;RUB;0;;;;;;"МУНИЦИПАЛЬНОЕ БЮДЖЕТНОЕ УЧРЕЖДЕНИЕ ГОРОДА НОВОСИБИРСКА ""ГОРОДСКОЙ ЦЕНТР ОРГАНИЗАЦИИ ДОРОЖНОГО ДВИЖЕНИЯ""";"МУНИЦИПАЛЬНОЕ БЮДЖЕТНОЕ УЧРЕЖДЕНИЕ ГОРОДА НОВОСИБИРСКА ""ГОРОДСКОЙ ЦЕНТР ОРГАНИЗАЦИИ ДОРОЖНОГО ДВИЖЕНИЯ""";22.05.2026;01.06.2026;Закупка завершена;;;01.06.2026;
44-ФЗ;№0372200006926000020;Открытый конкурс в электронной форме;Проектирование строительства наружного освещения кварталов Санкт-Петербурга: Квартал (Сахарный пер. – Б. Сампсониевский пр. - Финляндский пр. - Пироговская наб.);;'262784001491878110100100400017112414;;;7879121.02;RUB;0;;;;;;"САНКТ-ПЕТЕРБУРГСКОЕ ГОСУДАРСТВЕННОЕ КАЗЕННОЕ УЧРЕЖДЕНИЕ ""УПРАВЛЕНИЕ ЗАКАЗЧИКА ПО СТРОИТЕЛЬСТВУ И КАПИТАЛЬНОМУ РЕМОНТУ ОБЪЕКТОВ ИНЖЕНЕРНО-ЭНЕРГЕТИЧЕСКОГО КОМПЛЕКСА""";"САНКТ-ПЕТЕРБУРГСКОЕ ГОСУДАРСТВЕННОЕ КАЗЕННОЕ УЧРЕЖДЕНИЕ ""УПРАВЛЕНИЕ ЗАКАЗЧИКА ПО СТРОИТЕЛЬСТВУ И КАПИТАЛЬНОМУ РЕМОНТУ ОБЪЕКТОВ ИНЖЕНЕРНО-ЭНЕРГЕТИЧЕСКОГО КОМПЛЕКСА""";14.05.2026;01.06.2026;Закупка завершена;;;01.06.2026;
44-ФЗ;№0155500000626000167;Электронный аукцион;Выполнение работ по содержанию устройства автоматического пункта весогабаритного контроля транспортных средств на км 50+750м., автодороги «г. Городище - г. Никольск - д. Ночка - граница области» Никольского района Пензенской области.;;'262583706156958370100100500013312244;;;7058645.00;RUB;0;;;;;;"ГОСУДАРСТВЕННОЕ БЮДЖЕТНОЕ УЧРЕЖДЕНИЕ ПЕНЗЕНСКОЙ ОБЛАСТИ ""БЕЗОПАСНЫЙ РЕГИОН""";МИНИСТЕРСТВО ПО ТАРИФНОМУ РЕГУЛИРОВАНИЮ И ГОСУДАРСТВЕННЫМ ЗАКУПКАМ ПЕНЗЕНСКОЙ ОБЛАСТИ;22.05.2026;01.06.2026;Закупка завершена;;;01.06.2026;
44-ФЗ;№0372200006926000019;Открытый конкурс в электронной форме;Проектирование строительства наружного освещения кварталов Санкт-Петербурга: Придомовая территория у д. 8 и д. 8 корп. 2 по Петербургскому шоссе, г. Пушкин;;'262784001491878110100100390017112414;;;6212918.22;RUB;0;;;;;;"САНКТ-ПЕТЕРБУРГСКОЕ ГОСУДАРСТВЕННОЕ КАЗЕННОЕ УЧРЕЖДЕНИЕ ""УПРАВЛЕНИЕ ЗАКАЗЧИКА ПО СТРОИТЕЛЬСТВУ И КАПИТАЛЬНОМУ РЕМОНТУ ОБЪЕКТОВ ИНЖЕНЕРНО-ЭНЕРГЕТИЧЕСКОГО КОМПЛЕКСА""";"САНКТ-ПЕТЕРБУРГСКОЕ ГОСУДАРСТВЕННОЕ КАЗЕННОЕ УЧРЕЖДЕНИЕ ""УПРАВЛЕНИЕ ЗАКАЗЧИКА ПО СТРОИТЕЛЬСТВУ И КАПИТАЛЬНОМУ РЕМОНТУ ОБЪЕКТОВ ИНЖЕНЕРНО-ЭНЕРГЕТИЧЕСКОГО КОМПЛЕКСА""";14.05.2026;01.06.2026;Закупка завершена;;;01.06.2026;
44-ФЗ;№0351300298626000069;Электронный аукцион;Поставка горюче-смазочных материалов;;'263540707033954060100100940011920244;;;17586090.48;RUB;0;;;;;;"МУНИЦИПАЛЬНОЕ БЮДЖЕТНОЕ УЧРЕЖДЕНИЕ ГОРОДА НОВОСИБИРСКА ""ГОРОДСКОЙ ЦЕНТР ОРГАНИЗАЦИИ ДОРОЖНОГО ДВИЖЕНИЯ""";"МУНИЦИПАЛЬНОЕ БЮДЖЕТНОЕ УЧРЕЖДЕНИЕ ГОРОДА НОВОСИБИРСКА ""ГОРОДСКОЙ ЦЕНТР ОРГАНИЗАЦИИ ДОРОЖНОГО ДВИЖЕНИЯ""";22.05.2026;01.06.2026;Закупка завершена;;;01.06.2026;
44-ФЗ;№0372200006926000015;Открытый конкурс в электронной форме;"Проектирование строительства второй нитки ""Песочинского"" водовода от Горского шоссе (НС ""Осиновая Роща"") до Песочного шоссе";;'262784001491878110100100380017112414;;;17882112.18;RUB;0;;;;;;"САНКТ-ПЕТЕРБУРГСКОЕ ГОСУДАРСТВЕННОЕ КАЗЕННОЕ УЧРЕЖДЕНИЕ ""УПРАВЛЕНИЕ ЗАКАЗЧИКА ПО СТРОИТЕЛЬСТВУ И КАПИТАЛЬНОМУ РЕМОНТУ ОБЪЕКТОВ ИНЖЕНЕРНО-ЭНЕРГЕТИЧЕСКОГО КОМПЛЕКСА""";"САНКТ-ПЕТЕРБУРГСКОЕ ГОСУДАРСТВЕННОЕ КАЗЕННОЕ УЧРЕЖДЕНИЕ ""УПРАВЛЕНИЕ ЗАКАЗЧИКА ПО СТРОИТЕЛЬСТВУ И КАПИТАЛЬНОМУ РЕМОНТУ ОБЪЕКТОВ ИНЖЕНЕРНО-ЭНЕРГЕТИЧЕСКОГО КОМПЛЕКСА""";14.05.2026;01.06.2026;Закупка завершена;;;01.06.2026;
44-ФЗ;№0813500000126009814;Электронный аукцион;№ 11560 Хлебобулочные изделия для нужд учреждений Ленинского р-на г.Ижевска;;263183202655618320100100060210000244, 263183206685518320100100050190000244, 263183202162118320100100030210000244, 263183202192818320100100070070000244, 263183201929118320100100040190000244, 263183203675518320100100040220000244, 263183201930118320100100050190000244, 263183202665118320100100050210000244, 263183202659518320100100070210000244, 263183202672518320100100040120000244, 263183202254418320100100100190000244, 263183203185218320100100050200000244, 263183202537618320100100050210000244, 263183202661218320100100050220000244, 263183206771418320100100070210000244, 263183202673218320100100040190000244, 263183202660518320100100080210000244, 263183202658818320100100040180000244, 263183202654918320100100080180000244, 263183204100018320100100060200000244;;;8970224.33;RUB;0;;;;;;;"ГОСУДАРСТВЕННОЕ КАЗЕННОЕ УЧРЕЖДЕНИЕ УДМУРТСКОЙ РЕСПУБЛИКИ ""РЕГИОНАЛЬНЫЙ ЦЕНТР ЗАКУПОК УДМУРТСКОЙ РЕСПУБЛИКИ""";22.05.2026;01.06.2026;Закупка завершена;;;01.06.2026;
44-ФЗ;№0301100049626000753;Электронный аукцион;Текущий ремонт (монтаж приточной вентиляции) на 1-5 этажах общежития № 2 ФГБОУ ВО БГМУ Минздрава России;;'261027402308802740100100520034322244;;;8433103.43;RUB;0;;;;;;"ФЕДЕРАЛЬНОЕ ГОСУДАРСТВЕННОЕ БЮДЖЕТНОЕ ОБРАЗОВАТЕЛЬНОЕ УЧРЕЖДЕНИЕ ВЫСШЕГО ОБРАЗОВАНИЯ ""БАШКИРСКИЙ ГОСУДАРСТВЕННЫЙ МЕДИЦИНСКИЙ УНИВЕРСИТЕТ"" МИНИСТЕРСТВА ЗДРАВООХРАНЕНИЯ РОССИЙСКОЙ ФЕДЕРАЦИИ";"ФЕДЕРАЛЬНОЕ ГОСУДАРСТВЕННОЕ БЮДЖЕТНОЕ ОБРАЗОВАТЕЛЬНОЕ УЧРЕЖДЕНИЕ ВЫСШЕГО ОБРАЗОВАНИЯ ""БАШКИРСКИЙ ГОСУДАРСТВЕННЫЙ МЕДИЦИНСКИЙ УНИВЕРСИТЕТ"" МИНИСТЕРСТВА ЗДРАВООХРАНЕНИЯ РОССИЙСКОЙ ФЕДЕРАЦИИ";21.05.2026;01.06.2026;Закупка завершена;;;29.05.2026;
44-ФЗ;№0360100026226000219;Электронный аукцион;Поставка боксов биологической безопасности класса II  (Санитарный щит- Создание лабораторий);;'261645202447064520100100830100000244;;;7216179.95;RUB;0;;;;;;"ФЕДЕРАЛЬНОЕ КАЗЕННОЕ УЧРЕЖДЕНИЕ НАУКИ ""РОССИЙСКИЙ НАУЧНО-ИССЛЕДОВАТЕЛЬСКИЙ ПРОТИВОЧУМНЫЙ ИНСТИТУТ ""МИКРОБ"" ФЕДЕРАЛЬНОЙ СЛУЖБЫ ПО НАДЗОРУ В СФЕРЕ ЗАЩИТЫ ПРАВ ПОТРЕБИТЕЛЕЙ И БЛАГОПОЛУЧИЯ ЧЕЛОВЕКА";"ФЕДЕРАЛЬНОЕ КАЗЕННОЕ УЧРЕЖДЕНИЕ НАУКИ ""РОССИЙСКИЙ НАУЧНО-ИССЛЕДОВАТЕЛЬСКИЙ ПРОТИВОЧУМНЫЙ ИНСТИТУТ ""МИКРОБ"" ФЕДЕРАЛЬНОЙ СЛУЖБЫ ПО НАДЗОРУ В СФЕРЕ ЗАЩИТЫ ПРАВ ПОТРЕБИТЕЛЕЙ И БЛАГОПОЛУЧИЯ ЧЕЛОВЕКА";21.05.2026;01.06.2026;Закупка завершена;;;29.05.2026;
44-ФЗ;№0348200062626000013;Электронный аукцион;Поставка инвентаря для современного пятиборья;;'262504707816050470100100740010000244;;;5317164.00;RUB;0;;;;;;"ГОСУДАРСТВЕННОЕ БЮДЖЕТНОЕ ПРОФЕССИОНАЛЬНОЕ ОБРАЗОВАТЕЛЬНОЕ УЧРЕЖДЕНИЕ МОСКОВСКОЙ ОБЛАСТИ ""УЧИЛИЩЕ (ТЕХНИКУМ) ОЛИМПИЙСКОГО  РЕЗЕРВА № 3""";"ГОСУДАРСТВЕННОЕ БЮДЖЕТНОЕ ПРОФЕССИОНАЛЬНОЕ ОБРАЗОВАТЕЛЬНОЕ УЧРЕЖДЕНИЕ МОСКОВСКОЙ ОБЛАСТИ ""УЧИЛИЩЕ (ТЕХНИКУМ) ОЛИМПИЙСКОГО  РЕЗЕРВА № 3""";27.04.2026;01.06.2026;Закупка завершена;;;20.05.2026;
44-ФЗ;№0348100055826000007;Открытый конкурс в электронной форме;Текущий ремонт парадной части фасада здания архива (корпус А,Б,В);;'261502400100250240100100200074339244;;;25670012.00;RUB;0;;;;;;"ФЕДЕРАЛЬНОЕ  КАЗЕННОЕ УЧРЕЖДЕНИЕ ""РОССИЙСКИЙ ГОСУДАРСТВЕННЫЙ АРХИВ КИНОФОТОФОНОДОКУМЕНТОВ""";"ФЕДЕРАЛЬНОЕ  КАЗЕННОЕ УЧРЕЖДЕНИЕ ""РОССИЙСКИЙ ГОСУДАРСТВЕННЫЙ АРХИВ КИНОФОТОФОНОДОКУМЕНТОВ""";04.05.2026;01.06.2026;Закупка завершена;;;20.05.2026;
44-ФЗ;№0174500001126002863;Открытый конкурс в электронной форме;на оказание услуг по сопровождению и технической поддержке региональной системы межведомственного электронного взаимодействия города Севастополя;;'262920400386392040100100140016202244;;;15400000.00;RUB;0;;;;;;ДЕПАРТАМЕНТ ЦИФРОВОГО РАЗВИТИЯ ГОРОДА СЕВАСТОПОЛЯ;ДЕПАРТАМЕНТ АДМИНИСТРАТИВНО-ХОЗЯЙСТВЕННОГО ОБЕСПЕЧЕНИЯ ИСПОЛНИТЕЛЬНЫХ ОРГАНОВ ГОРОДА СЕВАСТОПОЛЯ;13.05.2026;01.06.2026;Закупка завершена;;;01.06.2026;
44-ФЗ;№0813500000126009817;Электронный аукцион;№ 11554 Хлебобулочные изделия для нужд учреждений Индустриального р-на г.Ижевска;;263183302286818400100100040210000244, 263183302253018400100100070200000244, 263183302256118400100100050190000244, 263183302265018400100100050080000244, 263183302271618400100100040190000244, 263183302288218400100100050180000244, 263183302264218400100100060070000244, 263183303831418400100100030030000244, 262183101818218400100100290011071244, 263183302254718400100100060090000244, 263183302267418400100100050080000244, 263183302381518400100100060010000244, 263184001131318400100100040190000244, 263183302260318400100100050070000244, 263183303190418400100100060080000244, 263183301659018400100100030220000244, 263183302297018400100100030220000244, 263183302292418400100100040200000244, 263183302274818400100100030220000244, 263183302272318400100100060200000244, 263183302257918400100100050190000244, 263183301660018400100100040210000244, 263183302300418400100100030230000244;;;7239708.05;RUB;0;;;;;;;"ГОСУДАРСТВЕННОЕ КАЗЕННОЕ УЧРЕЖДЕНИЕ УДМУРТСКОЙ РЕСПУБЛИКИ ""РЕГИОНАЛЬНЫЙ ЦЕНТР ЗАКУПОК УДМУРТСКОЙ РЕСПУБЛИКИ""";22.05.2026;01.06.2026;Закупка завершена;;;01.06.2026;
44-ФЗ;№0848300051526000049;Электронный аукцион;Оказание услуг по разработке проектов организации дорожного движения для автомобильных дорог общего пользования муниципального округа Шаховская;;'263507900143550790100101720014211244;;;10229814.00;RUB;0;;;;;;АДМИНИСТРАЦИЯ МУНИЦИПАЛЬНОГО ОКРУГА ШАХОВСКАЯ МОСКОВСКОЙ ОБЛАСТИ;"МУНИЦИПАЛЬНОЕ КАЗЕННОЕ УЧРЕЖДЕНИЕ МУНИЦИПАЛЬНОГО ОКРУГА ШАХОВСКАЯ ""ЦЕНТР МУНИЦИПАЛЬНЫХ ЗАКУПОК""";18.05.2026;01.06.2026;Закупка завершена;;;29.05.2026;
44-ФЗ;№0869600050526000019;Электронный аукцион;Выполнение работ по ремонту тротуара по ул. Забабахина (нечётная сторона) на участке от ул. Чуйкова до пр. Мира и тротуара по ул. Васильева (нечётная сторона);;'263745900593774590100100140054211244;;;30411894.00;RUB;0;;;;;;"МУНИЦИПАЛЬНОЕ КАЗЁННОЕ УЧРЕЖДЕНИЕ ""УПРАВЛЕНИЕ ГОРОДСКОГО ХОЗЯЙСТВА СНЕЖИНСКОГО ГОРОДСКОГО ОКРУГА""";"МУНИЦИПАЛЬНОЕ КАЗЁННОЕ УЧРЕЖДЕНИЕ ""УПРАВЛЕНИЕ ГОРОДСКОГО ХОЗЯЙСТВА СНЕЖИНСКОГО ГОРОДСКОГО ОКРУГА""";21.05.2026;01.06.2026;Закупка завершена;;;29.05.2026;
44-ФЗ;№0174500001126003028;Электронный аукцион;"Приобретение жилого помещения для предоставления детям-сиротам и детям, оставшимся без попечения родителей, лицам из их числа, в рамках реализации регионального проекта ""Обеспечение жильем детей-сирот и детей, оставшихся без попечения родителей, лиц из числа детей-сирот и детей, оставшихся без попечения родителей"" (лот №17)";;'262920400768192010100100880024120412;;;6595512.00;RUB;0;;;;;;"ГОСУДАРСТВЕННОЕ КАЗЕННОЕ УЧРЕЖДЕНИЕ ГОРОДА СЕВАСТОПОЛЯ ""ЕДИНАЯ ДИРЕКЦИЯ КАПИТАЛЬНОГО СТРОИТЕЛЬСТВА""";ДЕПАРТАМЕНТ АДМИНИСТРАТИВНО-ХОЗЯЙСТВЕННОГО ОБЕСПЕЧЕНИЯ ИСПОЛНИТЕЛЬНЫХ ОРГАНОВ ГОРОДА СЕВАСТОПОЛЯ;19.05.2026;01.06.2026;Закупка завершена;;;28.05.2026;
44-ФЗ;№0848300047226000290;Открытый конкурс в электронной форме;Выполнение работ по текущему ремонту сетей уличного электроосвещения по адресу: Московская обл., г.о. Красногорск, мкр. Павшинская пойма, набережная Москва-реки.;;'263502421047950240100100200014321244;;;21395511.55;RUB;0;;;;;;"МУНИЦИПАЛЬНОЕ КАЗЕННОЕ УЧРЕЖДЕНИЕ ГОРОДСКОГО ОКРУГА КРАСНОГОРСК ""УПРАВЛЕНИЕ КАПИТАЛЬНОГО СТРОИТЕЛЬСТВА""";"МУНИЦИПАЛЬНОЕ КАЗЕННОЕ УЧРЕЖДЕНИЕ ""КРАСНОГОРСКИЙ ЦЕНТР ТОРГОВ""";06.05.2026;01.06.2026;Закупка завершена;;;22.05.2026;
44-ФЗ;№0184200000626000510;Электронный аукцион;оказание услуг по организации авиаперевозки к месту оздоровления и обратно детей из семей, находящихся в трудной жизненной ситуации, и сопровождающих их лиц в пользу граждан в целях их социального обеспечения;;'262298300838129830100100070015110323;;;6690000.00;RUB;0;;;;;;"ГОСУДАРСТВЕННОЕ КАЗЕННОЕ УЧРЕЖДЕНИЕ НЕНЕЦКОГО АВТОНОМНОГО ОКРУГА ""ОТДЕЛЕНИЕ СОЦИАЛЬНОЙ ЗАЩИТЫ НАСЕЛЕНИЯ""";УПРАВЛЕНИЕ ГОСУДАРСТВЕННОГО ЗАКАЗА НЕНЕЦКОГО АВТОНОМНОГО ОКРУГА;21.05.2026;01.06.2026;Закупка завершена;;;29.05.2026;
44-ФЗ;№0132300001726000290;Открытый конкурс в электронной форме;"Выполнение проектно-изыскательских работ по объекту: ""Ликвидация объекта накопленного вреда окружающей среде: «Несанкционированная свалка отходов бывшего ПО/ЧХЗ ""Корунд"", расположенного по адресу: в районе дома 2 по ул. Науки, г. Дзержинск (Нижегородская область, 52:21:0000026)» (299-ОКЭФ-26-ГД)";;'263524912387452490100100060027112244;;;41622647.46;RUB;0;;;;;;"МУНИЦИПАЛЬНОЕ БЮДЖЕТНОЕ УЧРЕЖДЕНИЕ ""ИНЖЕНЕРНО-ЭКОЛОГИЧЕСКАЯ СЛУЖБА ГОРОДА ДЗЕРЖИНСКА""";АДМИНИСТРАЦИЯ Г.ДЗЕРЖИНСКА НИЖЕГОРОДСКОЙ ОБЛАСТИ;15.05.2026;01.06.2026;Закупка завершена;;;01.06.2026;
44-ФЗ;№0172200004726000132;Открытый конкурс в электронной форме;Оказание услуг по организации стационарного отдыха на территории Российской Федерации в организациях отдыха детей и молодежи и их оздоровления, реализующих мероприятия по социальной адаптации, располагающихся на стационарной базе круглогодичного или сезонного действия, предусматривающей материально-техническую базу и иные условия круглосуточного пребывания детей, в период летних школьных каникул 2026 года, третья смена (лот 2);;'262781102009678110100100270050000244;;;9235275.00;RUB;0;;;;;;АДМИНИСТРАЦИЯ НЕВСКОГО РАЙОНА САНКТ-ПЕТЕРБУРГА;АДМИНИСТРАЦИЯ НЕВСКОГО РАЙОНА САНКТ-ПЕТЕРБУРГА;15.05.2026;01.06.2026;Закупка завершена;;;01.06.2026;
44-ФЗ;№0373100070926000003;Электронный аукцион;Оказание услуг технической поддержки программного обеспечения подсистемы предоставления информации в части управления задачами и проектами в 2026-2027 годах;;'261773353573077330100100270016202242;;;31000000.02;RUB;0;;;;;;МЕЖРЕГИОНАЛЬНАЯ ИНСПЕКЦИЯ ФЕДЕРАЛЬНОЙ НАЛОГОВОЙ СЛУЖБЫ ПО ЦЕНТРАЛИЗОВАННОЙ ОБРАБОТКЕ ДАННЫХ;МЕЖРЕГИОНАЛЬНАЯ ИНСПЕКЦИЯ ФЕДЕРАЛЬНОЙ НАЛОГОВОЙ СЛУЖБЫ ПО ЦЕНТРАЛИЗОВАННОЙ ОБРАБОТКЕ ДАННЫХ;21.05.2026;01.06.2026;Закупка завершена;;;29.05.2026;
44-ФЗ;№0373100070926000005;Электронный аукцион;Оказание услуг по сопровождению программного обеспечения «Типовое решение по информационной безопасности взаимодействия с Единой биометрической системой» ФНС России;;'261773353573077330100100210016202242;;;29874642.00;RUB;0;;;;;;МЕЖРЕГИОНАЛЬНАЯ ИНСПЕКЦИЯ ФЕДЕРАЛЬНОЙ НАЛОГОВОЙ СЛУЖБЫ ПО ЦЕНТРАЛИЗОВАННОЙ ОБРАБОТКЕ ДАННЫХ;МЕЖРЕГИОНАЛЬНАЯ ИНСПЕКЦИЯ ФЕДЕРАЛЬНОЙ НАЛОГОВОЙ СЛУЖБЫ ПО ЦЕНТРАЛИЗОВАННОЙ ОБРАБОТКЕ ДАННЫХ;21.05.2026;01.06.2026;Закупка завершена;;;29.05.2026;
44-ФЗ;№0373100070926000004;Электронный аукцион;Оказание услуг технической поддержки программного обеспечения подсистемы защиты серверов приложений в 2026-2027 годах;;'261773353573077330100100250016202242;;;14199040.02;RUB;0;;;;;;МЕЖРЕГИОНАЛЬНАЯ ИНСПЕКЦИЯ ФЕДЕРАЛЬНОЙ НАЛОГОВОЙ СЛУЖБЫ ПО ЦЕНТРАЛИЗОВАННОЙ ОБРАБОТКЕ ДАННЫХ;МЕЖРЕГИОНАЛЬНАЯ ИНСПЕКЦИЯ ФЕДЕРАЛЬНОЙ НАЛОГОВОЙ СЛУЖБЫ ПО ЦЕНТРАЛИЗОВАННОЙ ОБРАБОТКЕ ДАННЫХ;21.05.2026;01.06.2026;Закупка завершена;;;29.05.2026;
44-ФЗ;№0172200004726000133;Открытый конкурс в электронной форме;Оказание услуг по организации стационарного отдыха на территории Российской Федерации в организациях отдыха детей и молодежи и их оздоровления, реализующих мероприятия по социальной адаптации, располагающихся на стационарной базе круглогодичного или сезонного действия, предусматривающей материально-техническую базу и иные условия круглосуточного пребывания детей, в период летних школьных каникул 2026 года, третья смена (лот 1);;'262781102009678110100100270040000244;;;9235275.00;RUB;0;;;;;;АДМИНИСТРАЦИЯ НЕВСКОГО РАЙОНА САНКТ-ПЕТЕРБУРГА;АДМИНИСТРАЦИЯ НЕВСКОГО РАЙОНА САНКТ-ПЕТЕРБУРГА;15.05.2026;01.06.2026;Закупка завершена;;;01.06.2026;
44-ФЗ;№0348600004326000017;Открытый конкурс в электронной форме;Оказание круглогодичных эксплуатационных услуг на дворовых территориях в 2026 году (лот1);;'263501818589850180100100350018129244;;;39718524.04;RUB;0;;;;;;"МУНИЦИПАЛЬНОЕ БЮДЖЕТНОЕ УЧРЕЖДЕНИЕ ГОРОДСКОГО ОКРУГА КОРОЛЁВ МОСКОВСКОЙ ОБЛАСТИ ПО КОМПЛЕКСНОМУ СОДЕРЖАНИЮ ОБЪЕКТОВ ДОРОЖНОГО ХОЗЯЙСТВА И БЛАГОУСТРОЙСТВУ ""АВТОБЫТДОР""";"МУНИЦИПАЛЬНОЕ БЮДЖЕТНОЕ УЧРЕЖДЕНИЕ ГОРОДСКОГО ОКРУГА КОРОЛЁВ МОСКОВСКОЙ ОБЛАСТИ ПО КОМПЛЕКСНОМУ СОДЕРЖАНИЮ ОБЪЕКТОВ ДОРОЖНОГО ХОЗЯЙСТВА И БЛАГОУСТРОЙСТВУ ""АВТОБЫТДОР""";15.05.2026;01.06.2026;Закупка завершена;;;01.06.2026;
44-ФЗ;№0167200003426004497;Запрос котировок в электронной форме;Выполнение работ по текущему ремонту помещений ГБУЗ ТО «ОКБ №2»;;'262720311621172030100103930014339244;;;7410410.56;RUB;0;;;;;;"ГОСУДАРСТВЕННОЕ БЮДЖЕТНОЕ УЧРЕЖДЕНИЕ ЗДРАВООХРАНЕНИЯ ТЮМЕНСКОЙ ОБЛАСТИ ""ОБЛАСТНАЯ КЛИНИЧЕСКАЯ БОЛЬНИЦА №2""";УПРАВЛЕНИЕ ГОСУДАРСТВЕННЫХ ЗАКУПОК ТЮМЕНСКОЙ ОБЛАСТИ;25.05.2026;01.06.2026;Закупка завершена;;;01.06.2026;
44-ФЗ;№0826300021526000044;Открытый конкурс в электронной форме;Выполнение работ, связанных с осуществлением  регулярных перевозок пассажиров и багажа автомобильным транспортом по регулируемым тарифам;;'263312701227431270100100040014931244;;;11256426.00;RUB;0;;;;;;"МУНИЦИПАЛЬНОЕ КАЗЕННОЕ УЧРЕЖДЕНИЕ ""ГУБКИНСКИЙ ПАССАЖИРСКИЙ АВТОСЕРВИС""";"МУНИЦИПАЛЬНОЕ КАЗЕННОЕ УЧРЕЖДЕНИЕ  ""УПРАВЛЕНИЕ ПО ОБЕСПЕЧЕНИЮ ДЕЯТЕЛЬНОСТИ ОРГАНОВ МЕСТНОГО САМОУПРАВЛЕНИЯ ГУБКИНСКОГО ГОРОДСКОГО ОКРУГА""";12.05.2026;01.06.2026;Закупка завершена;;;28.05.2026;
44-ФЗ;№0162200011826001410;Электронный аукцион;Поставка лекарственного препарата для медицинского применения;;'262666001041566710100100032220000323;;;7303000.00;RUB;0;;;;;;МИНИСТЕРСТВО ЗДРАВООХРАНЕНИЯ СВЕРДЛОВСКОЙ ОБЛАСТИ;ДЕПАРТАМЕНТ ГОСУДАРСТВЕННЫХ ЗАКУПОК СВЕРДЛОВСКОЙ ОБЛАСТИ;21.05.2026;01.06.2026;Закупка завершена;;;29.05.2026;
44-ФЗ;№0826300021526000046;Открытый конкурс в электронной форме;Выполнение работ, связанных с осуществлением  регулярных перевозок пассажиров и багажа автомобильным транспортом по регулируемым тарифам;;'263312701227431270100100060014931244;;;9600310.00;RUB;0;;;;;;"МУНИЦИПАЛЬНОЕ КАЗЕННОЕ УЧРЕЖДЕНИЕ ""ГУБКИНСКИЙ ПАССАЖИРСКИЙ АВТОСЕРВИС""";"МУНИЦИПАЛЬНОЕ КАЗЕННОЕ УЧРЕЖДЕНИЕ  ""УПРАВЛЕНИЕ ПО ОБЕСПЕЧЕНИЮ ДЕЯТЕЛЬНОСТИ ОРГАНОВ МЕСТНОГО САМОУПРАВЛЕНИЯ ГУБКИНСКОГО ГОРОДСКОГО ОКРУГА""";12.05.2026;01.06.2026;Закупка завершена;;;28.05.2026;
44-ФЗ;№0373100041026000542;Открытый конкурс в электронной форме;"Оказание комплекса услуг по эксплуатации и техническому обслуживанию инженерно-технических систем, оборудования, наружных коммуникаций, зданий, сооружений ЛРНЦ ""Русское поле";;'261772800895377280100100930018110244;;;131000006.16;RUB;0;;;;;;"ФЕДЕРАЛЬНОЕ ГОСУДАРСТВЕННОЕ БЮДЖЕТНОЕ УЧРЕЖДЕНИЕ ""НАЦИОНАЛЬНЫЙ МЕДИЦИНСКИЙ ИССЛЕДОВАТЕЛЬСКИЙ ЦЕНТР ДЕТСКОЙ ГЕМАТОЛОГИИ, ОНКОЛОГИИ И ИММУНОЛОГИИ ИМЕНИ ДМИТРИЯ РОГАЧЕВА"" МИНИСТЕРСТВА ЗДРАВООХРАНЕНИЯ РОССИЙСКОЙ ФЕДЕРАЦИИ";"ФЕДЕРАЛЬНОЕ ГОСУДАРСТВЕННОЕ БЮДЖЕТНОЕ УЧРЕЖДЕНИЕ ""НАЦИОНАЛЬНЫЙ МЕДИЦИНСКИЙ ИССЛЕДОВАТЕЛЬСКИЙ ЦЕНТР ДЕТСКОЙ ГЕМАТОЛОГИИ, ОНКОЛОГИИ И ИММУНОЛОГИИ ИМЕНИ ДМИТРИЯ РОГАЧЕВА"" МИНИСТЕРСТВА ЗДРАВООХРАНЕНИЯ РОССИЙСКОЙ ФЕДЕРАЦИИ";12.05.2026;01.06.2026;Закупка завершена;;;28.05.2026;
44-ФЗ;№0149200002326002787;Электронный аукцион;Поставка продуктов питания (говядина замороженная)-1;;'262519080011451900100101040770000244;;;21007500.00;RUB;0;;;;;;"ГОСУДАРСТВЕННОЕ ОБЛАСТНОЕ БЮДЖЕТНОЕ УЧРЕЖДЕНИЕ ЗДРАВООХРАНЕНИЯ ""МУРМАНСКАЯ ОБЛАСТНАЯ КЛИНИЧЕСКАЯ БОЛЬНИЦА ИМЕНИ П.А. БАЯНДИНА""";КОМИТЕТ ПО КОНКУРЕНТНОЙ ПОЛИТИКЕ МУРМАНСКОЙ ОБЛАСТИ;20.05.2026;01.06.2026;Закупка завершена;;;28.05.2026;
44-ФЗ;№0162200011826001411;Электронный аукцион;Поставка лекарственного препарата для медицинского применения;;'262666001041566710100100032230000323;;;8236800.00;RUB;0;;;;;;МИНИСТЕРСТВО ЗДРАВООХРАНЕНИЯ СВЕРДЛОВСКОЙ ОБЛАСТИ;ДЕПАРТАМЕНТ ГОСУДАРСТВЕННЫХ ЗАКУПОК СВЕРДЛОВСКОЙ ОБЛАСТИ;21.05.2026;01.06.2026;Закупка завершена;;;29.05.2026;
44-ФЗ;№0162200011826001409;Электронный аукцион;Поставка лекарственного препарата для медицинского применения;;'262666001041566710100100032210000323;;;9828000.00;RUB;0;;;;;;МИНИСТЕРСТВО ЗДРАВООХРАНЕНИЯ СВЕРДЛОВСКОЙ ОБЛАСТИ;ДЕПАРТАМЕНТ ГОСУДАРСТВЕННЫХ ЗАКУПОК СВЕРДЛОВСКОЙ ОБЛАСТИ;21.05.2026;01.06.2026;Закупка завершена;;;29.05.2026;
44-ФЗ;№0364300009926000001;Открытый конкурс в электронной форме;"Выполнение строительно-монтажных работ по объекту ""Восстановление несущих строительных конструкций объекта капитального строительства при проведении капитального ремонта здания филиала муниципального бюджетного общеобразовательного учреждения Избердеевской средней общеобразовательной школы имени Героя Советского Союза В.В.Кораблина в с. Дубовое, расположенного по адресу: Тамбовская область, Петровский муниципальный округ, с. Дубовое, ул. Школьная, 20""";;'263681300529268130100100120014120243;;;27447584.00;RUB;0;;;;;;МУНИЦИПАЛЬНОЕ БЮДЖЕТНОЕ ОБЩЕОБРАЗОВАТЕЛЬНОЕ УЧРЕЖДЕНИЕ ИЗБЕРДЕЕВСКАЯ СРЕДНЯЯ ОБЩЕОБРАЗОВАТЕЛЬНАЯ ШКОЛА ИМЕНИ ГЕРОЯ СОВЕТСКОГО СОЮЗА В.В.КОРАБЛИНА;МУНИЦИПАЛЬНОЕ БЮДЖЕТНОЕ ОБЩЕОБРАЗОВАТЕЛЬНОЕ УЧРЕЖДЕНИЕ ИЗБЕРДЕЕВСКАЯ СРЕДНЯЯ ОБЩЕОБРАЗОВАТЕЛЬНАЯ ШКОЛА ИМЕНИ ГЕРОЯ СОВЕТСКОГО СОЮЗА В.В.КОРАБЛИНА;13.05.2026;01.06.2026;Закупка завершена;;;29.05.2026;
44-ФЗ;№0121200004726000603;Электронный аукцион;Поставка комбайна зерноуборочного самоходного;;'262262501560726250100100350012830244;;;11098609.34;RUB;0;;;;;;"ГОСУДАРСТВЕННОЕ БЮДЖЕТНОЕ ПРОФЕССИОНАЛЬНОЕ ОБРАЗОВАТЕЛЬНОЕ УЧРЕЖДЕНИЕ ""ГЕОРГИЕВСКИЙ ТЕХНИКУМ МЕХАНИЗАЦИИ, АВТОМАТИЗАЦИИ И УПРАВЛЕНИЯ""";КОМИТЕТ СТАВРОПОЛЬСКОГО КРАЯ ПО ГОСУДАРСТВЕННЫМ ЗАКУПКАМ;19.05.2026;01.06.2026;Закупка завершена;;;28.05.2026;
44-ФЗ;№0846500000626000333;Электронный аукцион;Лекарственный препарат для медицинского применения ВАЛСАРТАН+САКУБИТРИЛ;;'262482500508548250100103200012120244;;;15954307.60;RUB;0;;;;;;МИНИСТЕРСТВО ЗДРАВООХРАНЕНИЯ ЛИПЕЦКОЙ ОБЛАСТИ;"ОБЛАСТНОЕ КАЗЕННОЕ УЧРЕЖДЕНИЕ ""УПРАВЛЕНИЕ ПО РАЗМЕЩЕНИЮ ГОСЗАКАЗА ЛИПЕЦКОЙ ОБЛАСТИ""";20.05.2026;01.06.2026;Закупка завершена;;;28.05.2026;
44-ФЗ;№0846500000626000332;Электронный аукцион;Лекарственный препарат для медицинского применения Тикагрелор.;;'262482500508548250100103310012120244;;;5271168.00;RUB;0;;;;;;МИНИСТЕРСТВО ЗДРАВООХРАНЕНИЯ ЛИПЕЦКОЙ ОБЛАСТИ;"ОБЛАСТНОЕ КАЗЕННОЕ УЧРЕЖДЕНИЕ ""УПРАВЛЕНИЕ ПО РАЗМЕЩЕНИЮ ГОСЗАКАЗА ЛИПЕЦКОЙ ОБЛАСТИ""";20.05.2026;01.06.2026;Закупка завершена;;;28.05.2026;
44-ФЗ;№2400500000326000579;Запрос котировок в электронной форме;Закупка лекарственного препарата для медицинского применения (МНН:АСФОТАЗА АЛЬФА) для обеспечения отдельных категорий граждан, постоянно проживающих на территории Владимирской области, при оказании амбулаторно-поликлинической помощи в целях их социального обеспечения в соответствии с Законом Владимирской области от 02.10.2007 № 120-ОЗ «О социальной поддержке и социальном обслуживании отдельных категорий граждан во Владимирской области» в 2026 году.;;'262332500810333250100107570012120323;;;6172767.74;RUB;0;;;;;;"ГОСУДАРСТВЕННОЕ КАЗЕННОЕ УЧРЕЖДЕНИЕ ЗДРАВООХРАНЕНИЯ ВЛАДИМИРСКОЙ ОБЛАСТИ ""ЦЕНТР ПО ОСУЩЕСТВЛЕНИЮ ЗАКУПОК ТОВАРОВ, РАБОТ И УСЛУГ В СФЕРЕ ЗДРАВООХРАНЕНИЯ ВЛАДИМИРСКОЙ ОБЛАСТИ""";"ГОСУДАРСТВЕННОЕ КАЗЕННОЕ УЧРЕЖДЕНИЕ ЗДРАВООХРАНЕНИЯ ВЛАДИМИРСКОЙ ОБЛАСТИ ""ЦЕНТР ПО ОСУЩЕСТВЛЕНИЮ ЗАКУПОК ТОВАРОВ, РАБОТ И УСЛУГ В СФЕРЕ ЗДРАВООХРАНЕНИЯ ВЛАДИМИРСКОЙ ОБЛАСТИ""";22.05.2026;01.06.2026;Закупка завершена;;;29.05.2026;
44-ФЗ;№2400500000326000577;Запрос котировок в электронной форме;Закупка лекарственного препарата для медицинского применения (МНН:АСФОТАЗА АЛЬФА) для обеспечения отдельных категорий граждан, постоянно проживающих на территории Владимирской области, при оказании амбулаторно-поликлинической помощи в целях их социального обеспечения в соответствии с Законом Владимирской области от 02.10.2007 № 120-ОЗ «О социальной поддержке и социальном обслуживании отдельных категорий граждан во Владимирской области» в 2026 году.;;'262332500810333250100107590012120323;;;6172767.74;RUB;0;;;;;;"ГОСУДАРСТВЕННОЕ КАЗЕННОЕ УЧРЕЖДЕНИЕ ЗДРАВООХРАНЕНИЯ ВЛАДИМИРСКОЙ ОБЛАСТИ ""ЦЕНТР ПО ОСУЩЕСТВЛЕНИЮ ЗАКУПОК ТОВАРОВ, РАБОТ И УСЛУГ В СФЕРЕ ЗДРАВООХРАНЕНИЯ ВЛАДИМИРСКОЙ ОБЛАСТИ""";"ГОСУДАРСТВЕННОЕ КАЗЕННОЕ УЧРЕЖДЕНИЕ ЗДРАВООХРАНЕНИЯ ВЛАДИМИРСКОЙ ОБЛАСТИ ""ЦЕНТР ПО ОСУЩЕСТВЛЕНИЮ ЗАКУПОК ТОВАРОВ, РАБОТ И УСЛУГ В СФЕРЕ ЗДРАВООХРАНЕНИЯ ВЛАДИМИРСКОЙ ОБЛАСТИ""";22.05.2026;01.06.2026;Закупка завершена;;;29.05.2026;
44-ФЗ;№0848300047126000228;Электронный аукцион;Поставка нефтепродуктов;;'263500910736450090100100040011920244;;;6529164.00;RUB;0;;;;;;"МУНИЦИПАЛЬНОЕ КАЗЕННОЕ УЧРЕЖДЕНИЕ ГОРОДСКОГО ОКРУГА ДОМОДЕДОВО ""УПРАВЛЕНИЕ ПО ОБЕСПЕЧЕНИЮ ДЕЯТЕЛЬНОСТИ ОРГАНОВ МЕСТНОГО САМОУПРАВЛЕНИЯ ГОРОДСКОГО ОКРУГА ДОМОДЕДОВО МОСКОВСКОЙ ОБЛАСТИ""";"МУНИЦИПАЛЬНОЕ КАЗЕННОЕ УЧРЕЖДЕНИЕ ГОРОДСКОГО ОКРУГА ДОМОДЕДОВО ""ДИРЕКЦИЯ ЕДИНОГО ЗАКАЗЧИКА""";20.05.2026;01.06.2026;Закупка завершена;;;28.05.2026;
44-ФЗ;№0373100087926000018;Электронный аукцион;Поставка лабораторного реактора высокого давления;;'261772500973377250100100280012651244;;;9895000.00;RUB;0;;;;;;ФЕДЕРАЛЬНОЕ ГОСУДАРСТВЕННОЕ БЮДЖЕТНОЕ УЧРЕЖДЕНИЕ НАУКИ ОРДЕНА ТРУДОВОГО КРАСНОГО ЗНАМЕНИ ИНСТИТУТ НЕФТЕХИМИЧЕСКОГО СИНТЕЗА ИМ. А.В. ТОПЧИЕВА РОССИЙСКОЙ АКАДЕМИИ НАУК;ФЕДЕРАЛЬНОЕ ГОСУДАРСТВЕННОЕ БЮДЖЕТНОЕ УЧРЕЖДЕНИЕ НАУКИ ОРДЕНА ТРУДОВОГО КРАСНОГО ЗНАМЕНИ ИНСТИТУТ НЕФТЕХИМИЧЕСКОГО СИНТЕЗА ИМ. А.В. ТОПЧИЕВА РОССИЙСКОЙ АКАДЕМИИ НАУК;21.05.2026;01.06.2026;Закупка завершена;;;29.05.2026;
44-ФЗ;№0373100094326000637;Электронный аукцион;Поставка и ввод в эксплуатацию программно-аппаратного комплекса межсетевого экрана в отказоустойчивом кластере для безопасного доступа в Интернет для нужд ФГБУ «НМИЦ онкологии им. Н.Н. Блохина» Минздрава России.;;'261772407516277240100100120380000244;;;14342311.33;RUB;0;;;;;;"ФЕДЕРАЛЬНОЕ ГОСУДАРСТВЕННОЕ БЮДЖЕТНОЕ УЧРЕЖДЕНИЕ ""НАЦИОНАЛЬНЫЙ МЕДИЦИНСКИЙ ИССЛЕДОВАТЕЛЬСКИЙ ЦЕНТР ОНКОЛОГИИ ИМЕНИ Н.Н. БЛОХИНА"" МИНИСТЕРСТВА ЗДРАВООХРАНЕНИЯ РОССИЙСКОЙ ФЕДЕРАЦИИ";"ФЕДЕРАЛЬНОЕ ГОСУДАРСТВЕННОЕ БЮДЖЕТНОЕ УЧРЕЖДЕНИЕ ""НАЦИОНАЛЬНЫЙ МЕДИЦИНСКИЙ ИССЛЕДОВАТЕЛЬСКИЙ ЦЕНТР ОНКОЛОГИИ ИМЕНИ Н.Н. БЛОХИНА"" МИНИСТЕРСТВА ЗДРАВООХРАНЕНИЯ РОССИЙСКОЙ ФЕДЕРАЦИИ";21.05.2026;01.06.2026;Закупка завершена;;;29.05.2026;
44-ФЗ;№0145600007926000009;Электронный аукцион;"""Ремонт автомобильных дорог в д. Старосиверская (ул. Новая)""";;'263470512185147050100100200014211244;;;9024787.01;RUB;0;;;;;;СИВЕРСКОЕ ТЕРРИТОРИАЛЬНОЕ УПРАВЛЕНИЕ АДМИНИСТРАЦИИ МУНИЦИПАЛЬНОГО ОБРАЗОВАНИЯ ГАТЧИНСКИЙ МУНИЦИПАЛЬНЫЙ ОКРУГ ЛЕНИНГРАДСКОЙ ОБЛАСТИ;СИВЕРСКОЕ ТЕРРИТОРИАЛЬНОЕ УПРАВЛЕНИЕ АДМИНИСТРАЦИИ МУНИЦИПАЛЬНОГО ОБРАЗОВАНИЯ ГАТЧИНСКИЙ МУНИЦИПАЛЬНЫЙ ОКРУГ ЛЕНИНГРАДСКОЙ ОБЛАСТИ;19.05.2026;01.06.2026;Закупка завершена;;;01.06.2026;
44-ФЗ;№0873200009826002253;Электронный аукцион;Аукцион в электронной форме на право заключения контракта на поставку лекарственных препаратов (Ботулинический токсин типа А-гемагглютинин комплекс) для обеспечения граждан, имеющих право на получение государственной социальной помощи в городе Москве (УНЗ Z2618673).;;'262771433860977140100119700010000323;;;16291800.00;RUB;0;;;;;;"ГОСУДАРСТВЕННОЕ КАЗЕННОЕ УЧРЕЖДЕНИЕ ГОРОДА МОСКВЫ ""АГЕНТСТВО ПО ЗАКУПКАМ (КОНТРАКТНАЯ СЛУЖБА) ДЕПАРТАМЕНТА ЗДРАВООХРАНЕНИЯ ГОРОДА МОСКВЫ""";"ГОСУДАРСТВЕННОЕ КАЗЕННОЕ УЧРЕЖДЕНИЕ ГОРОДА МОСКВЫ ""АГЕНТСТВО ПО ЗАКУПКАМ (КОНТРАКТНАЯ СЛУЖБА) ДЕПАРТАМЕНТА ЗДРАВООХРАНЕНИЯ ГОРОДА МОСКВЫ""";22.05.2026;01.06.2026;Закупка завершена;;;01.06.2026;
44-ФЗ;№0103200008426003500;Открытый конкурс в электронной форме на проведение работ по строительству, реконструкции, кап. ремонту, сносу объекта кап. строительства в соответствии с п. 8 ч. 1 ст. 33 Закона № 44-ФЗ;Капитальный ремонт ГБУ РД «Буйнакская ЦРБ» Республика Дагестан, г. Буйнакск;;'262057203266605720100100040014120243;;;170790301.66;RUB;0;;;;;;"ГОСУДАРСТВЕННОЕ КАЗЕННОЕ УЧРЕЖДЕНИЕ РЕСПУБЛИКИ ДАГЕСТАН ""ДИРЕКЦИЯ РАЗВИТИЯ СЕТИ ОБЪЕКТОВ ЗДРАВОХРАНЕНИЯ РЕСПУБЛИКИ ДАГЕСТАН""";КОМИТЕТ ПО ГОСУДАРСТВЕННЫМ ЗАКУПКАМ РЕСПУБЛИКИ ДАГЕСТАН;24.04.2026;01.06.2026;Закупка завершена;;;14.05.2026;
44-ФЗ;№0348200081026002664;Электронный аукцион;Поставка медицинского оборудования - лот 73.3;;'262502406865650240100117090050000244;;;7433333.33;RUB;0;;;;;;"ГОСУДАРСТВЕННОЕ КАЗЕННОЕ УЧРЕЖДЕНИЕ МОСКОВСКОЙ ОБЛАСТИ ""ДИРЕКЦИЯ ЕДИНОГО ЗАКАЗЧИКА МИНИСТЕРСТВА ЗДРАВООХРАНЕНИЯ МОСКОВСКОЙ ОБЛАСТИ""";"ГОСУДАРСТВЕННОЕ КАЗЕННОЕ УЧРЕЖДЕНИЕ МОСКОВСКОЙ ОБЛАСТИ ""ДИРЕКЦИЯ ЕДИНОГО ЗАКАЗЧИКА МИНИСТЕРСТВА ЗДРАВООХРАНЕНИЯ МОСКОВСКОЙ ОБЛАСТИ""";06.05.2026;01.06.2026;Закупка завершена;;;14.05.2026;
44-ФЗ;№0177200000926001529;Открытый конкурс в электронной форме на проведение работ по строительству, реконструкции, кап. ремонту, сносу объекта кап. строительства в соответствии с п. 8 ч. 1 ст. 33 Закона № 44-ФЗ;Капитальный ремонт автомобильной дороги «Усть-Сема - Чемал – Куюс» км 6+122 - км 9+442 (устройство электроосвещения);;'262040000006904110100100450024211243;;;15545122.64;RUB;0;;;;;;"КАЗЕННОЕ УЧРЕЖДЕНИЕ РЕСПУБЛИКИ АЛТАЙ ""РЕСПУБЛИКАНСКОЕ УПРАВЛЕНИЕ АВТОМОБИЛЬНЫХ ДОРОГ ОБЩЕГО ПОЛЬЗОВАНИЯ ""ГОРНО-АЛТАЙАВТОДОР""";МИНИСТЕРСТВО ЭКОНОМИЧЕСКОГО РАЗВИТИЯ РЕСПУБЛИКИ АЛТАЙ;08.05.2026;01.06.2026;Закупка завершена;;;28.05.2026;
44-ФЗ;№0373200086726000422;Электронный аукцион;выполнение работ по ремонту защитных сооружений в рамках целевой субсидии на проведение текущего ремонта государственными учреждениями в районе Москворечье-Сабурово;;'262772490542377240100100560010000244;;;11156943.35;RUB;0;;;;;;"ГОСУДАРСТВЕННОЕ БЮДЖЕТНОЕ УЧРЕЖДЕНИЕ ГОРОДА МОСКВЫ ""ЖИЛИЩНИК РАЙОНА МОСКВОРЕЧЬЕ-САБУРОВО""";"ГОСУДАРСТВЕННОЕ КАЗЕННОЕ УЧРЕЖДЕНИЕ ГОРОДА МОСКВЫ ""ДИРЕКЦИЯ ЗАКАЗЧИКА ЖИЛИЩНО-КОММУНАЛЬНОГО ХОЗЯЙСТВА И БЛАГОУСТРОЙСТВА ЮЖНОГО АДМИНИСТРАТИВНОГО ОКРУГА""";21.05.2026;01.06.2026;Закупка завершена;;;29.05.2026;
44-ФЗ;№0816500000626008710;Электронный аукцион;Приобретение 2 (двух) жилых помещений (благоустроенных квартир) у лица, являющегося застройщиком, в строящемся жилом доме в с. Борогонцы, Усть-Алданского района, Республики Саха (Якутия), в рамках реализации республиканской адресной программы «Переселение граждан из аварийного жилищного фонда на 2025-2028 годы».;;'262143533916814350100100730014120412;;;18061728.30;RUB;0;;;;;;"ГОСУДАРСТВЕННОЕ КАЗЕННОЕ УЧРЕЖДЕНИЕ РЕСПУБЛИКИ САХА (ЯКУТИЯ) ""ДИРЕКЦИЯ ЖИЛИЩНОГО СТРОИТЕЛЬСТВА РЕСПУБЛИКИ САХА (ЯКУТИЯ)""";"ГОСУДАРСТВЕННОЕ КАЗЕННОЕ УЧРЕЖДЕНИЕ РЕСПУБЛИКИ САХА (ЯКУТИЯ) ""ЦЕНТР ЗАКУПОК РЕСПУБЛИКИ САХА (ЯКУТИЯ)""";20.05.2026;01.06.2026;Закупка завершена;;;29.05.2026;
44-ФЗ;№0816500000626008707;Электронный аукцион;Приобретение 2 (двух) жилых помещений (благоустроенных квартир) у лица, являющегося застройщиком, в строящемся жилом доме в г. Нюрба, Нюрбинского района, Республики Саха (Якутия), в рамках реализации республиканской адресной программы «Переселение граждан из аварийного жилищного фонда на 2025-2028 года».;;'262143533916814350100101010014120412;;;16999044.36;RUB;0;;;;;;"ГОСУДАРСТВЕННОЕ КАЗЕННОЕ УЧРЕЖДЕНИЕ РЕСПУБЛИКИ САХА (ЯКУТИЯ) ""ДИРЕКЦИЯ ЖИЛИЩНОГО СТРОИТЕЛЬСТВА РЕСПУБЛИКИ САХА (ЯКУТИЯ)""";"ГОСУДАРСТВЕННОЕ КАЗЕННОЕ УЧРЕЖДЕНИЕ РЕСПУБЛИКИ САХА (ЯКУТИЯ) ""ЦЕНТР ЗАКУПОК РЕСПУБЛИКИ САХА (ЯКУТИЯ)""";20.05.2026;01.06.2026;Закупка завершена;;;29.05.2026;
44-ФЗ;№0304100003226000001;Открытый конкурс в электронной форме на проведение работ по строительству, реконструкции, кап. ремонту, сносу объекта кап. строительства в соответствии с п. 8 ч. 1 ст. 33 Закона № 44-ФЗ;выполнение работ по капитальному ремонту здания общежития №2, КБР, г.Нальчик, пр.Ленина, 1в;;'261071102953607250100100090014339243;;;268313591.00;RUB;0;;;;;;"ФЕДЕРАЛЬНОЕ ГОСУДАРСТВЕННОЕ БЮДЖЕТНОЕ ОБРАЗОВАТЕЛЬНОЕ УЧРЕЖДЕНИЕ ВЫСШЕГО ОБРАЗОВАНИЯ ""КАБАРДИНО-БАЛКАРСКИЙ ГОСУДАРСТВЕННЫЙ АГРАРНЫЙ УНИВЕРСИТЕТ ИМЕНИ В.М. КОКОВА""";"ФЕДЕРАЛЬНОЕ ГОСУДАРСТВЕННОЕ БЮДЖЕТНОЕ ОБРАЗОВАТЕЛЬНОЕ УЧРЕЖДЕНИЕ ВЫСШЕГО ОБРАЗОВАНИЯ ""КАБАРДИНО-БАЛКАРСКИЙ ГОСУДАРСТВЕННЫЙ АГРАРНЫЙ УНИВЕРСИТЕТ ИМЕНИ В.М. КОКОВА""";12.05.2026;01.06.2026;Закупка завершена;;;28.05.2026;
44-ФЗ;№0859200001126006334;Электронный аукцион;"Текущий ремонт кровли здания обособленного структурного подразделения Муниципального бюджетного учреждения культуры ""Межпоселенческий организационно-методический центр"" Касимовского муниципального округа Рязанской области ""Елатомский дом культуры"" расположенного по адресу: Рязанская область, м.о. Касимовский, р.п. Елатьма, ул. Янина, зд. 3, помещ. П1";;'263622600990562040100100170014391244;;;9115387.67;RUB;0;;;;;;"МУНИЦИПАЛЬНОЕ БЮДЖЕТНОЕ УЧРЕЖДЕНИЕ КУЛЬТУРЫ ""МЕЖПОСЕЛЕНЧЕСКИЙ ОРГАНИЗАЦИОННО-МЕТОДИЧЕСКИЙ ЦЕНТР"" КАСИМОВСКОГО МУНИЦИПАЛЬНОГО ОКРУГА РЯЗАНСКОЙ ОБЛАСТИ";"ГОСУДАРСТВЕННОЕ КАЗЕННОЕ УЧРЕЖДЕНИЕ РЯЗАНСКОЙ ОБЛАСТИ ""ЦЕНТР ЗАКУПОК РЯЗАНСКОЙ ОБЛАСТИ""";21.05.2026;01.06.2026;Закупка завершена;;;29.05.2026;
44-ФЗ;№0163200000326002819;Электронный аукцион;Оказание услуг по сопровождению и технической поддержке информационной системы «Система-112»;;'262673007198267300100100060016202244;;;7112944.34;RUB;0;;;;;;"СМОЛЕНСКОЕ ОБЛАСТНОЕ ГОСУДАРСТВЕННОЕ АВТОНОМНОЕ УЧРЕЖДЕНИЕ ""ЦЕНТР ИНФОРМАЦИОННЫХ ТЕХНОЛОГИЙ""";ГЛАВНОЕ УПРАВЛЕНИЕ СМОЛЕНСКОЙ ОБЛАСТИ ПО РЕГУЛИРОВАНИЮ КОНТРАКТНОЙ СИСТЕМЫ;20.05.2026;01.06.2026;Закупка завершена;;;28.05.2026;
44-ФЗ;№0848300044526000146;Открытый конкурс в электронной форме;"Выполнение работ по капитальному ремонту и оказание услуг, связанных с одновременным выполнением инженерных изысканий, подготовкой проектной документации автомобильных дорог по мероприятию: ""Капитальный ремонт автомобильных дорог городского округа Химки Московской области"" по адресу: Московская обл, г Химки, деревня Носово, от ул. Лесная к СНТ ""Регион"", ""Луч"", ""Радуга""";;'263504713127050470100100630014211244;;;8844867.21;RUB;0;;;;;;"МУНИЦИПАЛЬНОЕ БЮДЖЕТНОЕ УЧРЕЖДЕНИЕ ГОРОДСКОГО ОКРУГА ХИМКИ МОСКОВСКОЙ ОБЛАСТИ ""ОБЪЕДИНЕННОЕ ГОРОДСКОЕ ХОЗЯЙСТВО""";"МУНИЦИПАЛЬНОЕ КАЗЕННОЕ УЧРЕЖДЕНИЕ ""УПРАВЛЕНИЕ ЦЕНТРАЛИЗАЦИИ ЗАКУПОК""";08.05.2026;01.06.2026;Закупка завершена;;;01.06.2026;
44-ФЗ;№0136500001126003166;Запрос котировок в электронной форме;Разработка проектной документации, выполнение работ по капитальному ремонту объекта капитального строительства в сфере образования (система внутренней канализации МБОУ СОШ № 4 по адресу: г. Тверь, пр-т Николая Корыткова, 20 б);;'263690500331269500100100250010000243;;;6250000.00;RUB;0;;;;;;УПРАВЛЕНИЕ ОБРАЗОВАНИЯ АДМИНИСТРАЦИИ ГОРОДА ТВЕРИ;КОМИТЕТ ГОСУДАРСТВЕННОГО ЗАКАЗА ТВЕРСКОЙ ОБЛАСТИ;22.05.2026;01.06.2026;Закупка завершена;;;29.05.2026;
44-ФЗ;№0348200081026002671;Электронный аукцион;Поставка медицинского оборудования - лот 47.4;;'262502406865650240100111290012660244;;;23619444.42;RUB;0;;;;;;"ГОСУДАРСТВЕННОЕ КАЗЕННОЕ УЧРЕЖДЕНИЕ МОСКОВСКОЙ ОБЛАСТИ ""ДИРЕКЦИЯ ЕДИНОГО ЗАКАЗЧИКА МИНИСТЕРСТВА ЗДРАВООХРАНЕНИЯ МОСКОВСКОЙ ОБЛАСТИ""";"ГОСУДАРСТВЕННОЕ КАЗЕННОЕ УЧРЕЖДЕНИЕ МОСКОВСКОЙ ОБЛАСТИ ""ДИРЕКЦИЯ ЕДИНОГО ЗАКАЗЧИКА МИНИСТЕРСТВА ЗДРАВООХРАНЕНИЯ МОСКОВСКОЙ ОБЛАСТИ""";06.05.2026;01.06.2026;Закупка завершена;;;14.05.2026;
223-ФЗ;№32616066691;Иной способ;Поставка сеянцев лиственницы ЗКС;;;1;Поставка сеянцев лиственницы ЗКС ;7687920.00;RUB;7687920.00;;;;02.10.11.112: Сеянцы деревьев хвойных пород с закрытой корневой системой;;"КРАЕВОЕ ГОСУДАРСТВЕННОЕ СПЕЦИАЛИЗИРОВАННОЕ АВТОНОМНОЕ УЧРЕЖДЕНИЕ ""ВОСТОЧНОЕ ЛЕСНОЕ ХОЗЯЙСТВО""";"КРАЕВОЕ ГОСУДАРСТВЕННОЕ СПЕЦИАЛИЗИРОВАННОЕ АВТОНОМНОЕ УЧРЕЖДЕНИЕ ""ВОСТОЧНОЕ ЛЕСНОЕ ХОЗЯЙСТВО""";01.06.2026;01.06.2026;Закупка завершена;;;01.06.2026 12:00;
44-ФЗ;№0116300010726000040;Электронный аукцион на проведение работ по строительству, реконструкции, кап. ремонту, сносу объекта кап. строительства в соответствии с п. 8 ч. 1 ст. 33 Закона № 44-ФЗ;Выполнение работ по ремонту автомобильных дорог (ул. Юбилейная);;'263143302033714330100100860024211243;;;5170716.73;RUB;0;;;;;;"АДМИНИСТРАЦИЯ ГОРОДСКОГО ПОСЕЛЕНИЯ ""ПОСЕЛОК АЙХАЛ"" МУНИЦИПАЛЬНОГО РАЙОНА ""МИРНИНСКИЙ РАЙОН"" РЕСПУБЛИКИ САХА (ЯКУТИЯ)";"АДМИНИСТРАЦИЯ ГОРОДСКОГО ПОСЕЛЕНИЯ ""ПОСЕЛОК АЙХАЛ"" МУНИЦИПАЛЬНОГО РАЙОНА ""МИРНИНСКИЙ РАЙОН"" РЕСПУБЛИКИ САХА (ЯКУТИЯ)";20.05.2026;01.06.2026;Закупка завершена;;;28.05.2026;
223-ФЗ;№32616066968;Иной способ;Поставка лекарственных препаратов на коммерческий склад №K-125;;;1;Поставка лекарственных препаратов;28244045.14;RUB;28244045.14;;;;21.20.10.211: Препараты противоопухолевые;;"АКЦИОНЕРНОЕ ОБЩЕСТВО ""ГУБЕРНСКИЕ АПТЕКИ""";"АКЦИОНЕРНОЕ ОБЩЕСТВО ""ГУБЕРНСКИЕ АПТЕКИ""";01.06.2026;01.06.2026;Закупка завершена;;;01.06.2026 11:50;
44-ФЗ;№0373100005826000009;Электронный аукцион;Предоставление прав использования программного обеспечения средств хранения данных центра обработки данных для информационной системы «Автоматизированная система «Мониторинг интенсивности и состава транспортного потока в части транспортных средств, осуществляющих перевозки крупногабаритных и (или) тяжеловесных грузов на стационарных пунктах весового контроля, расположенных на автомобильных дорогах федерального значения Российской Федерации» на условиях простой (неисключительной) лицензии;;'261771713181077150100100320015829242;;;7749956.67;RUB;0;;;;;;"ФЕДЕРАЛЬНОЕ КАЗЕННОЕ УЧРЕЖДЕНИЕ ""ЦЕНТР МОНИТОРИНГА БЕЗОПАСНОЙ ЭКСПЛУАТАЦИИ АВТОМОБИЛЬНЫХ ДОРОГ ФЕДЕРАЛЬНОГО ДОРОЖНОГО АГЕНТСТВА""";"ФЕДЕРАЛЬНОЕ КАЗЕННОЕ УЧРЕЖДЕНИЕ ""ЦЕНТР МОНИТОРИНГА БЕЗОПАСНОЙ ЭКСПЛУАТАЦИИ АВТОМОБИЛЬНЫХ ДОРОГ ФЕДЕРАЛЬНОГО ДОРОЖНОГО АГЕНТСТВА""";20.05.2026;01.06.2026;Закупка завершена;;;28.05.2026;
44-ФЗ;№0103200008426004304;Открытый конкурс в электронной форме на проведение работ по строительству, реконструкции, кап. ремонту, сносу объекта кап. строительства в соответствии с п. 8 ч. 1 ст. 33 Закона № 44-ФЗ;"Выполнение подрядных работ по строительству объекта: ""Водоснабжение (артскважина) в с. Абдурашидотар Хасавюртовского района Респ. Дагестан""";;'262056207055005720100100110010000414;;;37331816.25;RUB;0;;;;;;"ГОСУДАРСТВЕННОЕ КАЗЕННОЕ УЧРЕЖДЕНИЕ РЕСПУБЛИКИ ДАГЕСТАН ""АГРОСТРОЙ""";КОМИТЕТ ПО ГОСУДАРСТВЕННЫМ ЗАКУПКАМ РЕСПУБЛИКИ ДАГЕСТАН;14.05.2026;01.06.2026;Закупка завершена;;;01.06.2026;
44-ФЗ;№0373100005826000008;Электронный аукцион;Предоставление прав использования программного обеспечения средств хранения данных центра обработки данных для государственной информационной системы оказания государственной услуги «Выдача специальных разрешений на автомобильную перевозку крупногабаритных и (или) тяжеловесных грузов» на условиях  простой (неисключительной) лицензии;;'261771713181077150100100330015829246;;;7749997.33;RUB;0;;;;;;"ФЕДЕРАЛЬНОЕ КАЗЕННОЕ УЧРЕЖДЕНИЕ ""ЦЕНТР МОНИТОРИНГА БЕЗОПАСНОЙ ЭКСПЛУАТАЦИИ АВТОМОБИЛЬНЫХ ДОРОГ ФЕДЕРАЛЬНОГО ДОРОЖНОГО АГЕНТСТВА""";"ФЕДЕРАЛЬНОЕ КАЗЕННОЕ УЧРЕЖДЕНИЕ ""ЦЕНТР МОНИТОРИНГА БЕЗОПАСНОЙ ЭКСПЛУАТАЦИИ АВТОМОБИЛЬНЫХ ДОРОГ ФЕДЕРАЛЬНОГО ДОРОЖНОГО АГЕНТСТВА""";19.05.2026;01.06.2026;Закупка завершена;;;28.05.2026;
44-ФЗ;№0152200004726000329;Электронный аукцион;"Выполнение работ по благоустройству прилегающей территории к МБУК ""Черлакский РДК"" (Инициативный проект) (Реестровый номер 26.34.0330)";;'263553901520755390100100180024399244;;;5649233.06;RUB;0;;;;;;"МУНИЦИПАЛЬНОЕ БЮДЖЕТНОЕ УЧРЕЖДЕНИЕ КУЛЬТУРЫ ЧЕРЛАКСКОГО МУНИЦИПАЛЬНОГО РАЙОНА ОМСКОЙ ОБЛАСТИ ""ЧЕРЛАКСКИЙ РАЙОННЫЙ ДОМ КУЛЬТУРЫ""";ГЛАВНОЕ УПРАВЛЕНИЕ КОНТРАКТНОЙ СИСТЕМЫ ОМСКОЙ ОБЛАСТИ;21.05.2026;01.06.2026;Закупка завершена;;;01.06.2026;
44-ФЗ;№0358300284526000128;Электронный аукцион;Устранение деформаций и повреждений асфальтобетонных покрытий на улично-дорожной сети города Ростова-на-Дону: традиционной асфальтобетонной смесью, устройство шва-стыка с использованием стыковочной ленты, восстановление дорожной одежды на пучинистых участках, струйно-инъекционным методом, санация трещин;;'263616429485861640100100220384211244;;;5000000.00;RUB;0;;;;;;"МУНИЦИПАЛЬНОЕ КАЗЁННОЕ  УЧРЕЖДЕНИЕ ""ДИРЕКЦИЯ ПО СТРОИТЕЛЬСТВУ ОБЪЕКТОВ ТРАНСПОРТНОЙ ИНФРАСТРУКТУРЫ Г. РОСТОВА-НА-ДОНУ""";"МУНИЦИПАЛЬНОЕ КАЗЁННОЕ  УЧРЕЖДЕНИЕ ""ДИРЕКЦИЯ ПО СТРОИТЕЛЬСТВУ ОБЪЕКТОВ ТРАНСПОРТНОЙ ИНФРАСТРУКТУРЫ Г. РОСТОВА-НА-ДОНУ""";22.05.2026;01.06.2026;Закупка завершена;;;01.06.2026;
44-ФЗ;№0848300053226000137;Запрос котировок в электронной форме;Оказание услуг по организации отдыха детей в возрасте от 7 до 15 лет, имеющих место жительства в Городском округе Серпухов Московской области, в том числе находящихся в трудной жизненной ситуации;;'263504308454050430100101300018541244;;;8480000.00;RUB;0;;;;;;АДМИНИСТРАЦИЯ ГОРОДСКОГО ОКРУГА СЕРПУХОВ МОСКОВСКОЙ ОБЛАСТИ;"МУНИЦИПАЛЬНОЕ КАЗЕННОЕ УЧРЕЖДЕНИЕ ""УПРАВЛЕНИЕ МУНИЦИПАЛЬНОГО ЗАКАЗА АДМИНИСТРАЦИИ ГОРОДСКОГО ОКРУГА СЕРПУХОВ МОСКОВСКОЙ ОБЛАСТИ""";22.05.2026;01.06.2026;Закупка завершена;;;29.05.2026;
44-ФЗ;№0851600010126000068;Электронный аукцион;Поставка горюче-смазочных материалов через АЗС с использованием топливных карт (смарт-карт) на 2 полугодие 2026г.;;'263545300025554530100100160010000244;;;6979890.00;RUB;0;;;;;;"МУНИЦИПАЛЬНОЕ КАЗЕННОЕ УЧРЕЖДЕНИЕ ""УПРАВЛЕНИЕ ХОЗЯЙСТВЕННОЙ СЛУЖБЫ ТАТАРСКОГО МУНИЦИПАЛЬНОГО ОКРУГА НОВОСИБИРСКОЙ ОБЛАСТИ""";"МУНИЦИПАЛЬНОЕ КАЗЕННОЕ УЧРЕЖДЕНИЕ ""ЦЕНТР ЗАКУПОК ТАТАРСКОГО МУНИЦИПАЛЬНОГО ОКРУГА НОВОСИБИРСКОЙ ОБЛАСТИ""";20.05.2026;01.06.2026;Закупка завершена;;;28.05.2026;
44-ФЗ;№0803600031826000017;Электронный аукцион;Поставка автосамосвалов (6т);;'263054203305205420100100080032910244;;;5450000.00;RUB;0;;;;;;"УПРАВЛЕНИЕ ЗЕМЕЛЬНЫХ И ИМУЩЕСТВЕННЫХ ОТНОШЕНИЙ АДМИНИСТРАЦИИ ГОРОДСКОГО ОКРУГА ""ГОРОД ДЕРБЕНТ""";"УПРАВЛЕНИЕ ПО РЕГУЛИРОВАНИЮ КОНТРАКТНОЙ СИСТЕМЫ ГОРОДСКОГО ОКРУГА ""ГОРОД ДЕРБЕНТ""";19.05.2026;01.06.2026;Закупка завершена;;;29.05.2026;
44-ФЗ;№0803600031826000016;Электронный аукцион;Поставка автосамосвалов (6т);;'263054203305205420100100080012910244;;;16350000.00;RUB;0;;;;;;"УПРАВЛЕНИЕ ЗЕМЕЛЬНЫХ И ИМУЩЕСТВЕННЫХ ОТНОШЕНИЙ АДМИНИСТРАЦИИ ГОРОДСКОГО ОКРУГА ""ГОРОД ДЕРБЕНТ""";"УПРАВЛЕНИЕ ПО РЕГУЛИРОВАНИЮ КОНТРАКТНОЙ СИСТЕМЫ ГОРОДСКОГО ОКРУГА ""ГОРОД ДЕРБЕНТ""";19.05.2026;01.06.2026;Закупка завершена;;;29.05.2026;
44-ФЗ;№0848300053226000136;Запрос котировок в электронной форме;Оказание услуг по организации отдыха детей в возрасте от 7 до 15 лет, имеющих место жительства в Городском округе Серпухов Московской области, в том числе находящихся в трудной жизненной ситуации;;'263504308454050430100101310018541244;;;7020000.00;RUB;0;;;;;;АДМИНИСТРАЦИЯ ГОРОДСКОГО ОКРУГА СЕРПУХОВ МОСКОВСКОЙ ОБЛАСТИ;"МУНИЦИПАЛЬНОЕ КАЗЕННОЕ УЧРЕЖДЕНИЕ ""УПРАВЛЕНИЕ МУНИЦИПАЛЬНОГО ЗАКАЗА АДМИНИСТРАЦИИ ГОРОДСКОГО ОКРУГА СЕРПУХОВ МОСКОВСКОЙ ОБЛАСТИ""";22.05.2026;01.06.2026;Закупка завершена;;;29.05.2026;
44-ФЗ;№0813500000126009820;Электронный аукцион;№ 11555 Хлебобулочные изделия для нужд учреждений Первомайского р-на г.Ижевска;;263183504159118410100100080220000244, 263183504145718410100100040200000244, 263183504138318410100100070180000244, 263183504929418410100100080190000244, 263183504154518410100100070190000244, 263183503448118410100100110200000244, 263183504891018410100100070190000244, 263183504155218410100100080210000244, 263183503615018410100100050220000244, 263183504141818410100100030190000244, 263183504135118410100100040220000244, 263183503604818410100100050210000244, 263183504152018410100100070210000244, 263183504143218410100100050210000244, 263183504137618410100100060220000244, 263183506345018410100100030170000244, 263183505130318410100100060200000244, 263183504150618410100100070120000244, 263183503348818410100100050120000244, 263183504156018410100100060210000244, 263183503691518410100100040120000244;;;6116102.48;RUB;0;;;;;;;"ГОСУДАРСТВЕННОЕ КАЗЕННОЕ УЧРЕЖДЕНИЕ УДМУРТСКОЙ РЕСПУБЛИКИ ""РЕГИОНАЛЬНЫЙ ЦЕНТР ЗАКУПОК УДМУРТСКОЙ РЕСПУБЛИКИ""";22.05.2026;01.06.2026;Закупка завершена;;;01.06.2026;
44-ФЗ;№0324300031926000166;Запрос котировок в электронной форме;Поставка расходного материала;;'262290104157429010100105450013250244;;;8880000.00;RUB;0;;;;;;"ГОСУДАРСТВЕННОЕ БЮДЖЕТНОЕ УЧРЕЖДЕНИЕ ЗДРАВООХРАНЕНИЯ АРХАНГЕЛЬСКОЙ ОБЛАСТИ ""ПЕРВАЯ ГОРОДСКАЯ КЛИНИЧЕСКАЯ БОЛЬНИЦА ИМ. Е.Е. ВОЛОСЕВИЧ""";"ГОСУДАРСТВЕННОЕ БЮДЖЕТНОЕ УЧРЕЖДЕНИЕ ЗДРАВООХРАНЕНИЯ АРХАНГЕЛЬСКОЙ ОБЛАСТИ ""ПЕРВАЯ ГОРОДСКАЯ КЛИНИЧЕСКАЯ БОЛЬНИЦА ИМ. Е.Е. ВОЛОСЕВИЧ""";25.05.2026;01.06.2026;Закупка завершена;;;01.06.2026;
44-ФЗ;№0803600031826000015;Электронный аукцион;Поставка автосамосвалов (6т);;'263054203305205420100100080022910244;;;16350000.00;RUB;0;;;;;;"УПРАВЛЕНИЕ ЗЕМЕЛЬНЫХ И ИМУЩЕСТВЕННЫХ ОТНОШЕНИЙ АДМИНИСТРАЦИИ ГОРОДСКОГО ОКРУГА ""ГОРОД ДЕРБЕНТ""";"УПРАВЛЕНИЕ ПО РЕГУЛИРОВАНИЮ КОНТРАКТНОЙ СИСТЕМЫ ГОРОДСКОГО ОКРУГА ""ГОРОД ДЕРБЕНТ""";19.05.2026;01.06.2026;Закупка завершена;;;29.05.2026;
44-ФЗ;№0126600014926000048;Электронный аукцион;Ремонт автомобильной дороги по ул.Ленина в п.Ивня;;'263310005024031000100100490014211244;;;8548068.64;RUB;0;;;;;;АДМИНИСТРАЦИЯ ИВНЯНСКОГО МУНИЦИПАЛЬНОГО ОКРУГА БЕЛГОРОДСКОЙ ОБЛАСТИ;АДМИНИСТРАЦИЯ ИВНЯНСКОГО МУНИЦИПАЛЬНОГО ОКРУГА БЕЛГОРОДСКОЙ ОБЛАСТИ;22.05.2026;01.06.2026;Закупка завершена;;;01.06.2026;
44-ФЗ;№0813500000126009818;Электронный аукцион;№ 11550 Хлебобулочные изделия для нужд учреждений Устиновского р-на г.Ижевска;;263183430086018400100100080210000244, 263183430074018400100100040200000244, 263183430087818400100100030190000244, 263183430078018400100100040220000244, 263183404690318400100100030200000244, 263183430084618400100100170220000244, 263183430080718400100100060170000244, 263183430013018400100100030210000244, 262183430051818400100100130120000244, 263183430040518400100100050120000244, 263183402961918400100100040190000244, 263183430050018400100100060030000244, 263183430081418400100100090220000244, 263183430007418400100100050130000244, 263183430015518400100100060130000244, 263183430024318400100100050120000244, 263183430085318400100100070210000244, 263183430067718400100100060190000244, 263183402722718400100100060240000244, 263183430068418400100100040190000244, 263183430054018400100100060200000244, 263183430055718400100100050190000244, 263183430072618400100100030190000244, 263183430016218400100100050230000244, 263183430014818400100100070190000244, 263183430042018400100100050200000244, 263183430049018400100100040200000244, 263183430071918400100100030230000244;;;9686713.44;RUB;0;;;;;;;"ГОСУДАРСТВЕННОЕ КАЗЕННОЕ УЧРЕЖДЕНИЕ УДМУРТСКОЙ РЕСПУБЛИКИ ""РЕГИОНАЛЬНЫЙ ЦЕНТР ЗАКУПОК УДМУРТСКОЙ РЕСПУБЛИКИ""";22.05.2026;01.06.2026;Закупка завершена;;;01.06.2026;
44-ФЗ;№0373200011426000760;Запрос котировок в электронной форме;Электронный запрос котировок на поставку лекарственных препаратов (Азтреонам);;'262773409151977340100108010010000244;;;6480000.00;RUB;0;;;;;;"ГОСУДАРСТВЕННОЕ БЮДЖЕТНОЕ УЧРЕЖДЕНИЕ ЗДРАВООХРАНЕНИЯ ГОРОДА МОСКВЫ ""ГОРОДСКАЯ КЛИНИЧЕСКАЯ БОЛЬНИЦА № 67 ИМЕНИ Л. А. ВОРОХОБОВА ДЕПАРТАМЕНТА ЗДРАВООХРАНЕНИЯ ГОРОДА МОСКВЫ""";"ГОСУДАРСТВЕННОЕ БЮДЖЕТНОЕ УЧРЕЖДЕНИЕ ЗДРАВООХРАНЕНИЯ ГОРОДА МОСКВЫ ""ГОРОДСКАЯ КЛИНИЧЕСКАЯ БОЛЬНИЦА № 67 ИМЕНИ Л. А. ВОРОХОБОВА ДЕПАРТАМЕНТА ЗДРАВООХРАНЕНИЯ ГОРОДА МОСКВЫ""";25.05.2026;01.06.2026;Закупка завершена;;;01.06.2026;
44-ФЗ;№0846500000626000334;Электронный аукцион;Поставка молочной продукции во 2 полугодии 2026 г.;;262482100950848210100100780011051244, 262482100949848210100100330011051244, 262482410304048240100100740011051244, 262482101084948210100100180011051244, 262480800271148080100100400011051244, 262481800190048180100100340011051244, 262482500820948050100100460011051244, 262482100946648210100100620011051244, 262482400735448240100100550011051244;;;26643881.46;RUB;0;;;;;;;"ОБЛАСТНОЕ КАЗЕННОЕ УЧРЕЖДЕНИЕ ""УПРАВЛЕНИЕ ПО РАЗМЕЩЕНИЮ ГОСЗАКАЗА ЛИПЕЦКОЙ ОБЛАСТИ""";20.05.2026;01.06.2026;Закупка завершена;;;28.05.2026;
44-ФЗ;№0325300006426000448;Электронный аукцион;Поставка автомобиля Haval Jolion или эквивалент;;'263301701378030250100100160012910244;;;9996000.00;RUB;0;;;;;;"МУНИЦИПАЛЬНОЕ КАЗЕННОЕ УЧРЕЖДЕНИЕ ""АВТОБАЗА АДМИНИСТРАЦИИ ГОРОДА АСТРАХАНИ""";"АДМИНИСТРАЦИЯ МУНИЦИПАЛЬНОГО ОБРАЗОВАНИЯ ""ГОРОДСКОЙ ОКРУГ ГОРОД АСТРАХАНЬ""";15.05.2026;01.06.2026;Закупка завершена;;;01.06.2026;
44-ФЗ;№0176300006726000023;Открытый конкурс в электронной форме;Выполнение работ по благоустройству территории МБДОУ «Детский сад общеразвивающего вида № 2 «Василек» г. Адыгейска  по адресу: Республика Адыгея, г. Адыгейск, ул. Горького, 2;;'263010700668601070100100110014399244;;;19444214.12;RUB;0;;;;;;"МУНИЦИПАЛЬНОЕ БЮДЖЕТНОЕ ДОШКОЛЬНОЕ ОБРАЗОВАТЕЛЬНОЕ УЧРЕЖДЕНИЕ ""ДЕТСКИЙ САД ОБЩЕРАЗВИВАЮЩЕГО ВИДА № 2 ""ВАСИЛЕК"" Г. АДЫГЕЙСКА";"АДМИНИСТРАЦИЯ МУНИЦИПАЛЬНОГО ОБРАЗОВАНИЯ ""ГОРОД АДЫГЕЙСК""";13.05.2026;01.06.2026;Закупка завершена;;;29.05.2026;
44-ФЗ;№0873200009826002263;Электронный аукцион;Аукцион в электронной форме на право заключения контракта на поставку лекарственных препаратов (Бипериден) для обеспечения граждан, имеющих право на получение государственной социальной помощи в городе Москве (УНЗ Z2618666);;'262771433860977140100119760010000323;;;6390000.00;RUB;0;;;;;;"ГОСУДАРСТВЕННОЕ КАЗЕННОЕ УЧРЕЖДЕНИЕ ГОРОДА МОСКВЫ ""АГЕНТСТВО ПО ЗАКУПКАМ (КОНТРАКТНАЯ СЛУЖБА) ДЕПАРТАМЕНТА ЗДРАВООХРАНЕНИЯ ГОРОДА МОСКВЫ""";"ГОСУДАРСТВЕННОЕ КАЗЕННОЕ УЧРЕЖДЕНИЕ ГОРОДА МОСКВЫ ""АГЕНТСТВО ПО ЗАКУПКАМ (КОНТРАКТНАЯ СЛУЖБА) ДЕПАРТАМЕНТА ЗДРАВООХРАНЕНИЯ ГОРОДА МОСКВЫ""";22.05.2026;01.06.2026;Закупка завершена;;;01.06.2026;
44-ФЗ;№0829500001126003456;Запрос котировок в электронной форме;Поставка лекарственного препарата для медицинского применения Иммуноглобулин человека нормальный (РЛ);;'262346008846534600100104800012120323;;;5614850.00;RUB;0;;;;;;"ГОСУДАРСТВЕННОЕ КАЗЕННОЕ УЧРЕЖДЕНИЕ  ""ЦЕНТР СОПРОВОЖДЕНИЯ ЗАКУПОК ГОСУДАРСТВЕННЫХ УЧРЕЖДЕНИЙ ЗДРАВООХРАНЕНИЯ ВОЛГОГРАДСКОЙ ОБЛАСТИ""";"ГОСУДАРСТВЕННОЕ КАЗЕННОЕ УЧРЕЖДЕНИЕ  ""ЦЕНТР СОПРОВОЖДЕНИЯ ЗАКУПОК ГОСУДАРСТВЕННЫХ УЧРЕЖДЕНИЙ ЗДРАВООХРАНЕНИЯ ВОЛГОГРАДСКОЙ ОБЛАСТИ""";22.05.2026;01.06.2026;Закупка завершена;;;29.05.2026;
44-ФЗ;№0155500000626000142;Открытый конкурс в электронной форме;«Ремонт автомобильной дороги «пгт.  Колышлей – с. Малая Сердоба – с. Саполга» – г. Нижний Новгород – г. Саратов» км 37+300 – км 43+300 Малосердобинского района Пензенской области» 1 этап км 37+300 – км 40+800, 2 этап км 40+800 – км 43+300»;;'262583601371758360100100630044211244;;;112984738.07;RUB;0;;;;;;"ГОСУДАРСТВЕННОЕ КАЗЕННОЕ УЧРЕЖДЕНИЕ ""УПРАВЛЕНИЕ СТРОИТЕЛЬСТВА И ДОРОЖНОГО ХОЗЯЙСТВА ПЕНЗЕНСКОЙ ОБЛАСТИ""";МИНИСТЕРСТВО ПО ТАРИФНОМУ РЕГУЛИРОВАНИЮ И ГОСУДАРСТВЕННЫМ ЗАКУПКАМ ПЕНЗЕНСКОЙ ОБЛАСТИ;14.05.2026;01.06.2026;Закупка завершена;;;01.06.2026;
44-ФЗ;№0584300000326000051;Электронный аукцион;Капитальный ремонт фронтальных погрузчиков Амкодор 333В в количестве 2 (двух единиц);;'263830001068529830100100480014520000;;;11152600.00;RUB;0;;;;;;"МУНИЦИПАЛЬНОЕ ПРЕДПРИЯТИЕ ЗАПОЛЯРНОГО РАЙОНА ""СЕВЕРЖИЛКОМСЕРВИС""";"МУНИЦИПАЛЬНОЕ ПРЕДПРИЯТИЕ ЗАПОЛЯРНОГО РАЙОНА ""СЕВЕРЖИЛКОМСЕРВИС""";20.05.2026;01.06.2026;Закупка завершена;;;28.05.2026;
223-ФЗ;№32615948933;Иной способ;"Выполнение строительно-монтажных, пусконаладочных и иных работ при подключении к системам теплоснабжения ПАО «МОЭК» комплексной застройки - объектов капитального строительства «Жилой комплекс многоэтажных домов с подземным паркингом и нежилыми встроенными помещениями на первых этажах, в том числе дошкольная образовательная организация на 100 мест и помещениями свободного назначения», расположенных по адресу: Российская Федерация, город Москва, вн. тер.г. муниципальный округ Рязанский, проспект Рязанский земельный участок 26/6; Российская Федерация, город Москва, вн. тер.г. муниципальный округ Рязанский, улица Окская, земельный участок 9А; Российская Федерация, город Москва, вн. тер.г. муниципальный округ Рязанский, ул. Окская, земельный участок 11А с кадастровыми номерами: 77:04:0002006:20868, 77:04:0002006:18978, 77:04:0002006:18979  и на реконструкцию тепловых сетей 2Д 600 мм на 2Д 700 мм от тепловой камеры к.825 до тепловой камеры к.830 (2 этап), через тепловые камеры к.826а, к.826, к.827, к.828, к.829 для подключения существующих и перспективных потребителей, в том числе, но не исключительно для условий подключения № Т-УП1-01-250904/6 (26VP1266)";;;1;"Выполнение строительно-монтажных, пусконаладочных и иных работ при подключении к системам теплоснабжения ПАО «МОЭК» комплексной застройки - объектов капитального строительства «Жилой комплекс многоэтажных домов с подземным паркингом и нежилыми встроенными помещениями на первых этажах, в том числе дошкольная образовательная организация на 100 мест и помещениями свободного назначения», расположенных по адресу: Российская Федерация, город Москва, вн. тер.г. муниципальный округ Рязанский, проспект Рязанский земельный участок 26/6; Российская Федерация, город Москва, вн. тер.г. муниципальный округ Рязанский, улица Окская, земельный участок 9А; Российская Федерация, город Москва, вн. тер.г. муниципальный округ Рязанский, ул. Окская, земельный участок 11А с кадастровыми номерами: 77:04:0002006:20868, 77:04:0002006:18978, 77:04:0002006:18979  и на реконструкцию тепловых сетей 2Д 600 мм на 2Д 700 мм от тепловой камеры к.825 до тепловой камеры к.830 (2 этап), через тепловые камеры к.826а, к.826, к.827, к.828, к.829 для подключения существующих и перспективных потребителей, в том числе, но не исключительно для условий подключения № Т-УП1-01-250904/6";143340943.44;RUB;143340943.44;;;;41.20.20.710: Сооружения электрических и тепловых сетей;;"ПУБЛИЧНОЕ АКЦИОНЕРНОЕ ОБЩЕСТВО ""МОСКОВСКАЯ ОБЪЕДИНЕННАЯ ЭНЕРГЕТИЧЕСКАЯ КОМПАНИЯ""";"ПУБЛИЧНОЕ АКЦИОНЕРНОЕ ОБЩЕСТВО ""МОСКОВСКАЯ ОБЪЕДИНЕННАЯ ЭНЕРГЕТИЧЕСКАЯ КОМПАНИЯ""";24.04.2026;01.06.2026;Закупка завершена;;;05.05.2026 14:00;
44-ФЗ;№0172200000426000069;Открытый конкурс в электронной форме;Выполнение работ по ремонту фасада и крылец здания ГБОУ ФМЛ № 366 Московского района Санкт-Петербурга;;'262781017108578100100100180014339243;;;14125400.00;RUB;0;;;;;;"ГОСУДАРСТВЕННОЕ БЮДЖЕТНОЕ ОБЩЕОБРАЗОВАТЕЛЬНОЕ УЧРЕЖДЕНИЕ ЛИЦЕЙ № 366 МОСКОВСКОГО РАЙОНА САНКТ-ПЕТЕРБУРГА ""ФИЗИКО-МАТЕМАТИЧЕСКИЙ ЛИЦЕЙ""";АДМИНИСТРАЦИЯ МОСКОВСКОГО РАЙОНА САНКТ-ПЕТЕРБУРГА;12.05.2026;01.06.2026;Закупка завершена;;;29.05.2026;
44-ФЗ;№0157200000326000496;Открытый конкурс в электронной форме;Ремонт автомобильной дороги Цапелька – Новоселье – Струги Красные – Плюсса на участке км 0+000 - км 7+900 в Струго-Красненском муниципальном округе Псковской области (регистрационный номер 517-К-ГЗ);;'262602714346260270100102640014211244;;;245572342.23;RUB;0;;;;;;"ГОСУДАРСТВЕННОЕ БЮДЖЕТНОЕ УЧРЕЖДЕНИЕ ПСКОВСКОЙ ОБЛАСТИ ""УПРАВЛЕНИЕ АВТОМОБИЛЬНЫХ ДОРОГ ПСКОВСКОЙ ОБЛАСТИ""";МИНИСТЕРСТВО КОНКУРЕНТНОЙ ПОЛИТИКИ ПСКОВСКОЙ ОБЛАСТИ;08.05.2026;01.06.2026;Закупка завершена;;;27.05.2026;
44-ФЗ;№0846500000626000336;Электронный аукцион;Поставка молока и молочной продукции во 2 полугодии 2026 г.;;262482400735448240100100520011051244, 262480800271148080100100410011051244, 262481800190048180100100330011051244, 262482500820948050100100400011051244, 262482410304048240100100750011051244, 262482100946648210100100630011051244, 262482100950848210100100770011051244, 262482101084948210100100190011051244, 262482100949848210100100320011051244;;;24833681.91;RUB;0;;;;;;;"ОБЛАСТНОЕ КАЗЕННОЕ УЧРЕЖДЕНИЕ ""УПРАВЛЕНИЕ ПО РАЗМЕЩЕНИЮ ГОСЗАКАЗА ЛИПЕЦКОЙ ОБЛАСТИ""";20.05.2026;01.06.2026;Закупка завершена;;;28.05.2026;
44-ФЗ;№0584300000326000052;Электронный аукцион;Поставка снегоболотохода «ВЕПС ВМ-В» или «Эквивалент» в количестве 4 единиц для нужд МП ЗР «Севержилкомсервис»;;'263830001068529830100100230032910000;;;6500000.00;RUB;0;;;;;;"МУНИЦИПАЛЬНОЕ ПРЕДПРИЯТИЕ ЗАПОЛЯРНОГО РАЙОНА ""СЕВЕРЖИЛКОМСЕРВИС""";"МУНИЦИПАЛЬНОЕ ПРЕДПРИЯТИЕ ЗАПОЛЯРНОГО РАЙОНА ""СЕВЕРЖИЛКОМСЕРВИС""";20.05.2026;01.06.2026;Закупка завершена;;;28.05.2026;
44-ФЗ;№0119300019626000146;Электронный аукцион на проведение работ по строительству, реконструкции, кап. ремонту, сносу объекта кап. строительства в соответствии с п. 8 ч. 1 ст. 33 Закона № 44-ФЗ;Работы по капитальному ремонту кровли нежилого здания, 40 лет Победы, 1А, гп Северо-Енисейский;;'263243400164224340100113570014399243;;;6584680.00;RUB;0;;;;;;"МУНИЦИПАЛЬНОЕ КАЗЕННОЕ УЧРЕЖДЕНИЕ ""СЛУЖБА ЗАКАЗЧИКА-ЗАСТРОЙЩИКА СЕВЕРО-ЕНИСЕЙСКОГО МУНИЦИПАЛЬНОГО ОКРУГА""";АДМИНИСТРАЦИЯ СЕВЕРО-ЕНИСЕЙСКОГО МУНИЦИПАЛЬНОГО ОКРУГА;21.05.2026;01.06.2026;Закупка завершена;;;29.05.2026;
44-ФЗ;№0142200001326011642;Электронный аукцион;Поставка лекарственного препарата «Булевиртид» в рамках обеспечения пациентов с хроническими гепатитами B,С,D.;;'262631819736763180100100790220000244;;;7946400.00;RUB;0;;;;;;"ГОСУДАРСТВЕННОЕ КАЗЕННОЕ УЧРЕЖДЕНИЕ САМАРСКОЙ ОБЛАСТИ ""САМАРАФАРМАЦИЯ""";КОМИТЕТ ПО ОРГАНИЗАЦИИ ТОРГОВ САМАРСКОЙ ОБЛАСТИ;21.05.2026;01.06.2026;Закупка завершена;;;29.05.2026;
44-ФЗ;№0142200001326011534;Электронный аукцион;Поставка лекарственного препарата «Вакцина для профилактики дифтерии (с уменьшенным содержанием антигена), коклюша (с уменьшенным содержанием антигена, бесклеточная) и столбняка, адсорбированная в рамках профилактики инфекционных заболеваний, включая иммунопрофилактику.;;'262631819736763180100100250840000244;;;13000000.00;RUB;0;;;;;;"ГОСУДАРСТВЕННОЕ КАЗЕННОЕ УЧРЕЖДЕНИЕ САМАРСКОЙ ОБЛАСТИ ""САМАРАФАРМАЦИЯ""";КОМИТЕТ ПО ОРГАНИЗАЦИИ ТОРГОВ САМАРСКОЙ ОБЛАСТИ;21.05.2026;01.06.2026;Закупка завершена;;;29.05.2026;
44-ФЗ;№0142200001326011532;Электронный аукцион;Поставка лекарственных средств для Государственного бюджетного учреждения здравоохранения «Самарская областная клиническая больница им. В.Д. Середавина»;;'262631202313163120100100022180000244;;;13862285.00;RUB;0;;;;;;"ГОСУДАРСТВЕННОЕ БЮДЖЕТНОЕ УЧРЕЖДЕНИЕ ЗДРАВООХРАНЕНИЯ ""САМАРСКАЯ ОБЛАСТНАЯ КЛИНИЧЕСКАЯ БОЛЬНИЦА ИМ. В.Д.СЕРЕДАВИНА""";КОМИТЕТ ПО ОРГАНИЗАЦИИ ТОРГОВ САМАРСКОЙ ОБЛАСТИ;21.05.2026;01.06.2026;Закупка завершена;;;29.05.2026;
44-ФЗ;№0711200027326000002;Электронный аукцион;Виртуальный симуляционный комплекс для обучения и развития навыков медицинского мышления у студентов СП;;'262165900769816590100100130013299244;;;15840000.00;RUB;0;;;;;;"ГОСУДАРСТВЕННОЕ АВТОНОМНОЕ ПРОФЕССИОНАЛЬНОЕ ОБРАЗОВАТЕЛЬНОЕ УЧРЕЖДЕНИЕ ""КАЗАНСКИЙ МЕДИЦИНСКИЙ КОЛЛЕДЖ""";"ГОСУДАРСТВЕННОЕ АВТОНОМНОЕ ПРОФЕССИОНАЛЬНОЕ ОБРАЗОВАТЕЛЬНОЕ УЧРЕЖДЕНИЕ ""КАЗАНСКИЙ МЕДИЦИНСКИЙ КОЛЛЕДЖ""";22.05.2026;01.06.2026;Закупка завершена;;;01.06.2026;
44-ФЗ;№0142200001326011539;Электронный аукцион;Поставка нефтепродуктов для учреждений Самарской области (совместные торги);;263636706078163670100100320011920244, 262631716557063170100100100011920244, 262631907755263190100101580011920244, 262631604414063160100100330011920244, 262631602761063160100101350011920244, 262631103263063190100100430011920244, 262631585631863160100100100011920244, 262631600342563160100100100011920244, 262631580080563150100100320041920244, 263633004780163300100100210011920244;;;15288683.71;RUB;0;;;;;;;КОМИТЕТ ПО ОРГАНИЗАЦИИ ТОРГОВ САМАРСКОЙ ОБЛАСТИ;21.05.2026;01.06.2026;Закупка завершена;;;29.05.2026;
44-ФЗ;№0142200001326011533;Электронный аукцион;Поставка нефтепродуктов для Государственного бюджетного учреждения здравоохранения Самарской области «Самарская городская станция скорой медицинской помощи»;;'262631602949463160100100260011920244;;;19000000.00;RUB;0;;;;;;"ГОСУДАРСТВЕННОЕ БЮДЖЕТНОЕ УЧРЕЖДЕНИЕ ЗДРАВООХРАНЕНИЯ САМАРСКОЙ ОБЛАСТИ ""САМАРСКАЯ ГОРОДСКАЯ СТАНЦИЯ СКОРОЙ МЕДИЦИНСКОЙ ПОМОЩИ""";КОМИТЕТ ПО ОРГАНИЗАЦИИ ТОРГОВ САМАРСКОЙ ОБЛАСТИ;21.05.2026;01.06.2026;Закупка завершена;;;29.05.2026;
44-ФЗ;№0145300006326000071;Электронный аукцион;Благоустройство дворовой территории г. Тосно: ул. Блинникова д. 8, ул. М. Горького д. 8а, д. 12;;'263471603385447160100100160024299244;;;6500000.00;RUB;0;;;;;;"МУНИЦИПАЛЬНОЕ КАЗЕННОЕ УЧРЕЖДЕНИЕ ""УПРАВЛЕНИЕ ЗДАНИЯМИ, СООРУЖЕНИЯМИ И ОБЪЕКТАМИ ВНЕШНЕГО БЛАГОУСТРОЙСТВА"" ТОСНЕНСКОГО ГОРОДСКОГО ПОСЕЛЕНИЯ ТОСНЕНСКОГО РАЙОНА ЛЕНИНГРАДСКОЙ ОБЛАСТИ";АДМИНИСТРАЦИЯ ТОСНЕНСКОГО МУНИЦИПАЛЬНОГО РАЙОНА ЛЕНИНГРАДСКОЙ ОБЛАСТИ;21.05.2026;01.06.2026;Закупка завершена;;;29.05.2026;
44-ФЗ;№0373100063326000036;Электронный аукцион;Поставка печатной техники для нужд ФГКУ Росгранстрой (в рамках ИКТ);;'261770982726677080100100450012620242;;;19898408.40;RUB;0;;;;;;"ФЕДЕРАЛЬНОЕ ГОСУДАРСТВЕННОЕ КАЗЕННОЕ УЧРЕЖДЕНИЕ ""ДИРЕКЦИЯ ПО СТРОИТЕЛЬСТВУ И ЭКСПЛУАТАЦИИ ОБЪЕКТОВ РОСГРАНИЦЫ""";"ФЕДЕРАЛЬНОЕ ГОСУДАРСТВЕННОЕ КАЗЕННОЕ УЧРЕЖДЕНИЕ ""ДИРЕКЦИЯ ПО СТРОИТЕЛЬСТВУ И ЭКСПЛУАТАЦИИ ОБЪЕКТОВ РОСГРАНИЦЫ""";20.05.2026;01.06.2026;Закупка завершена;;;28.05.2026;
44-ФЗ;№0317300301926000726;Электронный аукцион;Поставка автобусов;;'263222523158622250100100530032910244;;;104784900.00;RUB;0;;;;;;КОМИТЕТ ПО ДОРОЖНОМУ ХОЗЯЙСТВУ И ТРАНСПОРТУ ГОРОДА БАРНАУЛА;КОМИТЕТ МУНИЦИПАЛЬНОГО ЗАКАЗА ГОРОДА БАРНАУЛА;15.05.2026;01.06.2026;Закупка завершена;;;29.05.2026;
44-ФЗ;№0887200001726000003;Электронный аукцион;Продукты питания;;'262861800213286180100100380010000244;;;6593030.00;RUB;0;;;;;;"КАЗЕННОЕ ОБЩЕОБРАЗОВАТЕЛЬНОЕ УЧРЕЖДЕНИЕ ХАНТЫ-МАНСИЙСКОГО АВТОНОМНОГО ОКРУГА - ЮГРЫ ""КАДЕТСКАЯ ШКОЛА-ИНТЕРНАТ ИМЕНИ ГЕРОЯ СОВЕТСКОГО СОЮЗА БЕЗНОСКОВА ИВАНА ЗАХАРОВИЧА""";"КАЗЕННОЕ ОБЩЕОБРАЗОВАТЕЛЬНОЕ УЧРЕЖДЕНИЕ ХАНТЫ-МАНСИЙСКОГО АВТОНОМНОГО ОКРУГА - ЮГРЫ ""КАДЕТСКАЯ ШКОЛА-ИНТЕРНАТ ИМЕНИ ГЕРОЯ СОВЕТСКОГО СОЮЗА БЕЗНОСКОВА ИВАНА ЗАХАРОВИЧА""";20.05.2026;01.06.2026;Закупка завершена;;;29.05.2026;
