Закупки по;Реестровый номер закупки;Способ определения поставщика (подрядчика, исполнителя), подрядной организации (размещения закупки);Наименование закупки;Предмет электронного аукциона (только для ПП РФ 615);Идентификационный код закупки;Номер лота;Наименование лота;Начальная (максимальная) цена контракта;Валюта;Начальная (максимальная) цена в валюте контракта;Валюта контракта;Классификация по ОКДП;Классификация по ОКПД;Классификация по ОКПД2;Код позиции;Наименование Заказчика;Организация, осуществляющая размещение ;Дата размещения;Дата обновления;Этап закупки;Особенности размещения заказа\ Преимущества (44-ФЗ);Дата начала подачи заявок;Дата окончания подачи заявок;Дата проведения электронного аукциона
44-ФЗ;№0816500000626008743;Электронный аукцион;Поставку Аппарата ультразвукового сканирования для оснащения Блока В ГБУ Республики Саха (Якутия) «Нерюнгринская центральная районная больница»;;'262143401616414340100104190012660244;;;6843750.00;RUB;0;;;;;;"ГОСУДАРСТВЕННОЕ БЮДЖЕТНОЕ УЧРЕЖДЕНИЕ РЕСПУБЛИКИ САХА (ЯКУТИЯ) ""НЕРЮНГРИНСКАЯ ЦЕНТРАЛЬНАЯ РАЙОННАЯ БОЛЬНИЦА""";"ГОСУДАРСТВЕННОЕ КАЗЕННОЕ УЧРЕЖДЕНИЕ РЕСПУБЛИКИ САХА (ЯКУТИЯ) ""ЦЕНТР ЗАКУПОК РЕСПУБЛИКИ САХА (ЯКУТИЯ)""";20.05.2026;10.06.2026;Закупка завершена;;;29.05.2026;
223-ФЗ;№32616017992;Запрос предложений в электронной форме, участниками которого могут быть только субъекты малого и среднего предпринимательства;Право заключения Договора на оказание услуг по установлению границ охранных зон объектов электросетевого хозяйства филиала для нужд ПАО «Россети Центр» (филиал «Белгородэнерго»);;;1;Оказание услуг по установлению границ охранных зон объектов электросетевого хозяйства;6225719.78;RUB;6225719.78;;;;71.12.34.110: Услуги в области землеустройства;;"ПУБЛИЧНОЕ АКЦИОНЕРНОЕ ОБЩЕСТВО ""РОССЕТИ ЦЕНТР""";"ПУБЛИЧНОЕ АКЦИОНЕРНОЕ ОБЩЕСТВО ""РОССЕТИ ЦЕНТР""";18.05.2026;10.06.2026;Закупка завершена;;;26.05.2026 12:00;
44-ФЗ;№0351300107026000097;Электронный аукцион;Выполнение работ по содержанию искусственных сооружений в городе Новосибирске;;'263540618646854060100101060014211244;;;18575000.00;RUB;0;;;;;;"МУНИЦИПАЛЬНОЕ КАЗЕННОЕ УЧРЕЖДЕНИЕ ГОРОДА НОВОСИБИРСКА ""ГОРМОСТ""";"МУНИЦИПАЛЬНОЕ КАЗЕННОЕ УЧРЕЖДЕНИЕ ГОРОДА НОВОСИБИРСКА ""ГОРМОСТ""";22.05.2026;10.06.2026;Закупка завершена;;;01.06.2026;
44-ФЗ;№0865300002426000059;Электронный аукцион на проведение работ по строительству, реконструкции, кап. ремонту, сносу объекта кап. строительства в соответствии с п. 8 ч. 1 ст. 33 Закона № 44-ФЗ;Капитальный ремонт сети холодного водоснабжения от пересечения ул. Сельская и ул. им. Гончарова и до ВК по ул. им. Гончарова, 197а, в г. Асино, Томская обл.;;'263700201157970020100100270014221243;;;6534891.01;RUB;0;;;;;;АДМИНИСТРАЦИЯ АСИНОВСКОГО ГОРОДСКОГО ПОСЕЛЕНИЯ;"МУНИЦИПАЛЬНОЕ КАЗЕННОЕ УЧРЕЖДЕНИЕ ""ЦЕНТР ЗАКУПОК АСИНОВСКОГО РАЙОНА""";20.04.2026;10.06.2026;Закупка завершена;;;28.04.2026;
44-ФЗ;№0865200000326000655;Запрос котировок в электронной форме;Поставка предметов первой необходимости для новорожденных (видеоняня);;'262701902716870170100100220012640244;;;6270000.00;RUB;0;;;;;;"ОБЛАСТНОЕ ГОСУДАРСТВЕННОЕ КАЗЕННОЕ УЧРЕЖДЕНИЕ ""ЦЕНТР СОДЕЙСТВИЯ СЕМЕЙНОМУ УСТРОЙСТВУ И РЕАБИЛИТАЦИИ ДЛЯ ДЕТЕЙ-СИРОТ И ДЕТЕЙ, ОСТАВШИХСЯ БЕЗ ПОПЕЧЕНИЯ РОДИТЕЛЕЙ, С ОГРАНИЧЕННЫМИ ВОЗМОЖНОСТЯМИ ЗДОРОВЬЯ ""МАЛЫШОК""";"ОБЛАСТНОЕ ГОСУДАРСТВЕННОЕ КАЗЕННОЕ УЧРЕЖДЕНИЕ ""ЦЕНТР ГОСУДАРСТВЕННЫХ ЗАКУПОК ТОМСКОЙ ОБЛАСТИ""";18.05.2026;10.06.2026;Закупка завершена;;;26.05.2026;
44-ФЗ;№0139100001026000004;Электронный аукцион;Закупка товаров, работ, услуг в сфере ИКТ (Поставка персональных электронно-вычислительных машин);;'261420507468142050100100240022620242;;;11853737.50;RUB;0;;;;;;УПРАВЛЕНИЕ ФЕДЕРАЛЬНОЙ НАЛОГОВОЙ СЛУЖБЫ ПО КЕМЕРОВСКОЙ ОБЛАСТИ - КУЗБАССУ;УПРАВЛЕНИЕ ФЕДЕРАЛЬНОЙ НАЛОГОВОЙ СЛУЖБЫ ПО КЕМЕРОВСКОЙ ОБЛАСТИ - КУЗБАССУ;28.04.2026;10.06.2026;Определение поставщика отменено;;;06.05.2026;
44-ФЗ;№0139100001026000003;Электронный аукцион;Закупка товаров, работ, услуг в сфере ИКТ (Поставка персональных электронно-вычислительных машин);;'261420507468142050100100240032620242;;;15086575.00;RUB;0;;;;;;УПРАВЛЕНИЕ ФЕДЕРАЛЬНОЙ НАЛОГОВОЙ СЛУЖБЫ ПО КЕМЕРОВСКОЙ ОБЛАСТИ - КУЗБАССУ;УПРАВЛЕНИЕ ФЕДЕРАЛЬНОЙ НАЛОГОВОЙ СЛУЖБЫ ПО КЕМЕРОВСКОЙ ОБЛАСТИ - КУЗБАССУ;28.04.2026;10.06.2026;Определение поставщика отменено;;;06.05.2026;
44-ФЗ;№0139100001026000002;Электронный аукцион;Закупка товаров, работ, услуг в сфере ИКТ (Поставка персональных электронно-вычислительных машин);;'261420507468142050100100240012620242;;;44182112.50;RUB;0;;;;;;УПРАВЛЕНИЕ ФЕДЕРАЛЬНОЙ НАЛОГОВОЙ СЛУЖБЫ ПО КЕМЕРОВСКОЙ ОБЛАСТИ - КУЗБАССУ;УПРАВЛЕНИЕ ФЕДЕРАЛЬНОЙ НАЛОГОВОЙ СЛУЖБЫ ПО КЕМЕРОВСКОЙ ОБЛАСТИ - КУЗБАССУ;28.04.2026;10.06.2026;Определение поставщика отменено;;;06.05.2026;
44-ФЗ;№0138300000426000413;Электронный аукцион;На выполнение работ по изготовлению и монтажу ограждения на детских площадках;;'263410111848641010100101440014399244;;;6989749.71;RUB;0;;;;;;"МУНИЦИПАЛЬНОЕ КАЗЕННОЕ УЧРЕЖДЕНИЕ ""СЛУЖБА БЛАГОУСТРОЙСТВА ПЕТРОПАВЛОВСК-КАМЧАТСКОГО ГОРОДСКОГО ОКРУГА""";УПРАВЛЕНИЕ ОРГАНИЗАЦИИ МУНИЦИПАЛЬНЫХ ЗАКУПОК АДМИНИСТРАЦИИ ПЕТРОПАВЛОВСК-КАМЧАТСКОГО ГОРОДСКОГО ОКРУГА - МУНИЦИПАЛЬНОЕ УЧРЕЖДЕНИЕ;19.05.2026;10.06.2026;Закупка завершена;;;27.05.2026;
44-ФЗ;№0348200081026003062;Электронный аукцион;Поставка продуктов питания : Закупка специализированных продуктов лечебного питания для лечения больных орфанными заболеваниями (П265319);;'262502406865650240100119570081086323;;;13626220.00;RUB;0;;;;;;"ГОСУДАРСТВЕННОЕ КАЗЕННОЕ УЧРЕЖДЕНИЕ МОСКОВСКОЙ ОБЛАСТИ ""ДИРЕКЦИЯ ЕДИНОГО ЗАКАЗЧИКА МИНИСТЕРСТВА ЗДРАВООХРАНЕНИЯ МОСКОВСКОЙ ОБЛАСТИ""";"ГОСУДАРСТВЕННОЕ КАЗЕННОЕ УЧРЕЖДЕНИЕ МОСКОВСКОЙ ОБЛАСТИ ""ДИРЕКЦИЯ ЕДИНОГО ЗАКАЗЧИКА МИНИСТЕРСТВА ЗДРАВООХРАНЕНИЯ МОСКОВСКОЙ ОБЛАСТИ""";21.05.2026;10.06.2026;Закупка завершена;;;29.05.2026;
44-ФЗ;№0348200081026003016;Электронный аукцион;Поставка медицинской мебели - лот 34.7.1;;'262502406865650240100119480013250244;;;8686530.90;RUB;0;;;;;;"ГОСУДАРСТВЕННОЕ КАЗЕННОЕ УЧРЕЖДЕНИЕ МОСКОВСКОЙ ОБЛАСТИ ""ДИРЕКЦИЯ ЕДИНОГО ЗАКАЗЧИКА МИНИСТЕРСТВА ЗДРАВООХРАНЕНИЯ МОСКОВСКОЙ ОБЛАСТИ""";"ГОСУДАРСТВЕННОЕ КАЗЕННОЕ УЧРЕЖДЕНИЕ МОСКОВСКОЙ ОБЛАСТИ ""ДИРЕКЦИЯ ЕДИНОГО ЗАКАЗЧИКА МИНИСТЕРСТВА ЗДРАВООХРАНЕНИЯ МОСКОВСКОЙ ОБЛАСТИ""";20.05.2026;10.06.2026;Закупка завершена;;;28.05.2026;
44-ФЗ;№0348200081026003067;Запрос котировок в электронной форме;Поставка продуктов питания : Закупка специализированных продуктов лечебного питания для лечения больных орфанными заболеваниями (П265322);;'262502406865650240100119570031086323;;;6029800.00;RUB;0;;;;;;"ГОСУДАРСТВЕННОЕ КАЗЕННОЕ УЧРЕЖДЕНИЕ МОСКОВСКОЙ ОБЛАСТИ ""ДИРЕКЦИЯ ЕДИНОГО ЗАКАЗЧИКА МИНИСТЕРСТВА ЗДРАВООХРАНЕНИЯ МОСКОВСКОЙ ОБЛАСТИ""";"ГОСУДАРСТВЕННОЕ КАЗЕННОЕ УЧРЕЖДЕНИЕ МОСКОВСКОЙ ОБЛАСТИ ""ДИРЕКЦИЯ ЕДИНОГО ЗАКАЗЧИКА МИНИСТЕРСТВА ЗДРАВООХРАНЕНИЯ МОСКОВСКОЙ ОБЛАСТИ""";21.05.2026;09.06.2026;Закупка завершена;;;29.05.2026;
44-ФЗ;№0348200081026003064;Запрос котировок в электронной форме;Поставка продуктов питания : Закупка специализированных продуктов лечебного питания для лечения больных орфанными заболеваниями (П265320);;'262502406865650240100119570061086323;;;9958548.46;RUB;0;;;;;;"ГОСУДАРСТВЕННОЕ КАЗЕННОЕ УЧРЕЖДЕНИЕ МОСКОВСКОЙ ОБЛАСТИ ""ДИРЕКЦИЯ ЕДИНОГО ЗАКАЗЧИКА МИНИСТЕРСТВА ЗДРАВООХРАНЕНИЯ МОСКОВСКОЙ ОБЛАСТИ""";"ГОСУДАРСТВЕННОЕ КАЗЕННОЕ УЧРЕЖДЕНИЕ МОСКОВСКОЙ ОБЛАСТИ ""ДИРЕКЦИЯ ЕДИНОГО ЗАКАЗЧИКА МИНИСТЕРСТВА ЗДРАВООХРАНЕНИЯ МОСКОВСКОЙ ОБЛАСТИ""";21.05.2026;09.06.2026;Закупка завершена;;;29.05.2026;
44-ФЗ;№0348200081026003048;Запрос котировок в электронной форме;Поставка продуктов питания : Закупка специализированных продуктов лечебного питания для лечения больных орфанными заболеваниями (П260341);;'262502406865650240100119570101086323;;;6713054.40;RUB;0;;;;;;"ГОСУДАРСТВЕННОЕ КАЗЕННОЕ УЧРЕЖДЕНИЕ МОСКОВСКОЙ ОБЛАСТИ ""ДИРЕКЦИЯ ЕДИНОГО ЗАКАЗЧИКА МИНИСТЕРСТВА ЗДРАВООХРАНЕНИЯ МОСКОВСКОЙ ОБЛАСТИ""";"ГОСУДАРСТВЕННОЕ КАЗЕННОЕ УЧРЕЖДЕНИЕ МОСКОВСКОЙ ОБЛАСТИ ""ДИРЕКЦИЯ ЕДИНОГО ЗАКАЗЧИКА МИНИСТЕРСТВА ЗДРАВООХРАНЕНИЯ МОСКОВСКОЙ ОБЛАСТИ""";21.05.2026;09.06.2026;Закупка завершена;;;29.05.2026;
44-ФЗ;№0348200081026003066;Запрос котировок в электронной форме;Поставка продуктов питания : Закупка специализированных продуктов лечебного питания для лечения больных орфанными заболеваниями (П264515);;'262502406865650240100119570051086323;;;8960000.00;RUB;0;;;;;;"ГОСУДАРСТВЕННОЕ КАЗЕННОЕ УЧРЕЖДЕНИЕ МОСКОВСКОЙ ОБЛАСТИ ""ДИРЕКЦИЯ ЕДИНОГО ЗАКАЗЧИКА МИНИСТЕРСТВА ЗДРАВООХРАНЕНИЯ МОСКОВСКОЙ ОБЛАСТИ""";"ГОСУДАРСТВЕННОЕ КАЗЕННОЕ УЧРЕЖДЕНИЕ МОСКОВСКОЙ ОБЛАСТИ ""ДИРЕКЦИЯ ЕДИНОГО ЗАКАЗЧИКА МИНИСТЕРСТВА ЗДРАВООХРАНЕНИЯ МОСКОВСКОЙ ОБЛАСТИ""";21.05.2026;09.06.2026;Закупка завершена;;;29.05.2026;
44-ФЗ;№0348200081026003069;Электронный аукцион;Поставка продуктов питания : Закупка специализированных продуктов лечебного питания для лечения больных орфанными заболеваниями (П265324);;'262502406865650240100119570021086323;;;13198800.00;RUB;0;;;;;;"ГОСУДАРСТВЕННОЕ КАЗЕННОЕ УЧРЕЖДЕНИЕ МОСКОВСКОЙ ОБЛАСТИ ""ДИРЕКЦИЯ ЕДИНОГО ЗАКАЗЧИКА МИНИСТЕРСТВА ЗДРАВООХРАНЕНИЯ МОСКОВСКОЙ ОБЛАСТИ""";"ГОСУДАРСТВЕННОЕ КАЗЕННОЕ УЧРЕЖДЕНИЕ МОСКОВСКОЙ ОБЛАСТИ ""ДИРЕКЦИЯ ЕДИНОГО ЗАКАЗЧИКА МИНИСТЕРСТВА ЗДРАВООХРАНЕНИЯ МОСКОВСКОЙ ОБЛАСТИ""";21.05.2026;09.06.2026;Закупка завершена;;;29.05.2026;
44-ФЗ;№0348200081026003068;Электронный аукцион;Поставка продуктов питания : Закупка специализированных продуктов лечебного питания для лечения больных орфанными заболеваниями (П260328);;'262502406865650240100119570011086323;;;17180047.45;RUB;0;;;;;;"ГОСУДАРСТВЕННОЕ КАЗЕННОЕ УЧРЕЖДЕНИЕ МОСКОВСКОЙ ОБЛАСТИ ""ДИРЕКЦИЯ ЕДИНОГО ЗАКАЗЧИКА МИНИСТЕРСТВА ЗДРАВООХРАНЕНИЯ МОСКОВСКОЙ ОБЛАСТИ""";"ГОСУДАРСТВЕННОЕ КАЗЕННОЕ УЧРЕЖДЕНИЕ МОСКОВСКОЙ ОБЛАСТИ ""ДИРЕКЦИЯ ЕДИНОГО ЗАКАЗЧИКА МИНИСТЕРСТВА ЗДРАВООХРАНЕНИЯ МОСКОВСКОЙ ОБЛАСТИ""";21.05.2026;09.06.2026;Закупка завершена;;;29.05.2026;
44-ФЗ;№0173100009126000123;Электронный аукцион;Закупка медицинского оборудования для оснащения ПСО ;;'261773452141977340100100110082660244;;;37990000.02;RUB;0;;;;;;ФЕДЕРАЛЬНОЕ МЕДИКО-БИОЛОГИЧЕСКОЕ АГЕНТСТВО;ФЕДЕРАЛЬНОЕ МЕДИКО-БИОЛОГИЧЕСКОЕ АГЕНТСТВО;18.05.2026;09.06.2026;Закупка завершена;;;26.05.2026;
44-ФЗ;№0873200009826001929;Электронный аукцион;Аукцион в электронной форме на поставку изделий медицинского назначения (для урологических больных) для обеспечения граждан, имеющих право на получение государственной социальной помощи в городе Москве (ИМН 199149);;'262771433860977140100115940010000323;;;15285038.44;RUB;0;;;;;;"ГОСУДАРСТВЕННОЕ КАЗЕННОЕ УЧРЕЖДЕНИЕ ГОРОДА МОСКВЫ ""АГЕНТСТВО ПО ЗАКУПКАМ (КОНТРАКТНАЯ СЛУЖБА) ДЕПАРТАМЕНТА ЗДРАВООХРАНЕНИЯ ГОРОДА МОСКВЫ""";"ГОСУДАРСТВЕННОЕ КАЗЕННОЕ УЧРЕЖДЕНИЕ ГОРОДА МОСКВЫ ""АГЕНТСТВО ПО ЗАКУПКАМ (КОНТРАКТНАЯ СЛУЖБА) ДЕПАРТАМЕНТА ЗДРАВООХРАНЕНИЯ ГОРОДА МОСКВЫ""";18.05.2026;09.06.2026;Закупка завершена;;;26.05.2026;
44-ФЗ;№0103200008426004649;Электронный аукцион;Поставка изделий медицинского назначения для рентгеноэндоваскулярной хирургии (Лот 7);;'262056003760605520100100040310000244;;;19999999.00;RUB;0;;;;;;"ГОСУДАРСТВЕННОЕ БЮДЖЕТНОЕ УЧРЕЖДЕНИЕ РЕСПУБЛИКИ ДАГЕСТАН ""НАУЧНО-КЛИНИЧЕСКОЕ ОБЪЕДИНЕНИЕ ""ДАГЕСТАНСКИЙ ЦЕНТР КАРДИОЛОГИИ И СЕРДЕЧНО-СОСУДИСТОЙ ХИРУРГИИ ИМ. А.О. МАХАЧЕВА""";КОМИТЕТ ПО ГОСУДАРСТВЕННЫМ ЗАКУПКАМ РЕСПУБЛИКИ ДАГЕСТАН;22.05.2026;09.06.2026;Закупка завершена;;;01.06.2026;
223-ФЗ;№32615999685;Иной способ;Право заключения рамочного договора на поставку сталеалюминевых неизолированных проводов для нужд ПАО «Россети Северный Кавказ».;;;1;Право заключения рамочного договора на поставку сталеалюминевых неизолированных проводов для нужд ПАО «Россети Северный Кавказ».  ;50000000.00;RUB;50000000.00;;;;27.32.11: Провода обмоточные изолированные;;"ПУБЛИЧНОЕ АКЦИОНЕРНОЕ ОБЩЕСТВО ""РОССЕТИ СЕВЕРНЫЙ КАВКАЗ""";"ПУБЛИЧНОЕ АКЦИОНЕРНОЕ ОБЩЕСТВО ""РОССЕТИ СЕВЕРНЫЙ КАВКАЗ""";12.05.2026;09.06.2026;Закупка завершена;;;28.05.2026 12:00;
44-ФЗ;№0136500001126002923;Открытый конкурс в электронной форме;Выполнение работ по ремонту автомобильной дороги общего пользования межмуниципального значения Мошки - Булатниково км 0+000 - км 7+400 в Торжокском муниципальном округе Тверской области;;'262690500901869500100100510014211244;;;234684208.56;RUB;0;;;;;;"ГОСУДАРСТВЕННОЕ КАЗЕННОЕ УЧРЕЖДЕНИЕ ТВЕРСКОЙ ОБЛАСТИ ""ДИРЕКЦИЯ ТЕРРИТОРИАЛЬНОГО ДОРОЖНОГО ФОНДА ТВЕРСКОЙ ОБЛАСТИ""";КОМИТЕТ ГОСУДАРСТВЕННОГО ЗАКАЗА ТВЕРСКОЙ ОБЛАСТИ;12.05.2026;09.06.2026;Закупка завершена;;;28.05.2026;
44-ФЗ;№0136500001126002924;Открытый конкурс в электронной форме;Выполнение работ по ремонту автомобильной дороги общего пользования межмуниципального значения «Бежецк – Ляды» км 0+000 - км 7+800 в Бежецком муниципальном округе Тверской области;;'262690500901869500100100490014211244;;;211684226.57;RUB;0;;;;;;"ГОСУДАРСТВЕННОЕ КАЗЕННОЕ УЧРЕЖДЕНИЕ ТВЕРСКОЙ ОБЛАСТИ ""ДИРЕКЦИЯ ТЕРРИТОРИАЛЬНОГО ДОРОЖНОГО ФОНДА ТВЕРСКОЙ ОБЛАСТИ""";КОМИТЕТ ГОСУДАРСТВЕННОГО ЗАКАЗА ТВЕРСКОЙ ОБЛАСТИ;12.05.2026;09.06.2026;Закупка завершена;;;28.05.2026;
44-ФЗ;№0136500001126002913;Открытый конкурс в электронной форме;Выполнение работ по ремонту автомобильной дороги общего пользования межмуниципального значения «Рамешки - Замытье–Вырец» км 1+170 - км 9+580 в Рамешковском муниципальном округе Тверской области;;'262690500901869500100100020014211244;;;295481259.59;RUB;0;;;;;;"ГОСУДАРСТВЕННОЕ КАЗЕННОЕ УЧРЕЖДЕНИЕ ТВЕРСКОЙ ОБЛАСТИ ""ДИРЕКЦИЯ ТЕРРИТОРИАЛЬНОГО ДОРОЖНОГО ФОНДА ТВЕРСКОЙ ОБЛАСТИ""";КОМИТЕТ ГОСУДАРСТВЕННОГО ЗАКАЗА ТВЕРСКОЙ ОБЛАСТИ;12.05.2026;09.06.2026;Закупка завершена;;;28.05.2026;
44-ФЗ;№0318100043326000035;Открытый конкурс в электронной форме;Выполнение работ по осуществлению мероприятий по оформлению прав на объекты недвижимого имущества принадлежащих ФГБУ «Управление «Кубаньмелиоводхоз».;;'261231204270823120100100380017490244;;;19969160.00;RUB;0;;;;;;"ФЕДЕРАЛЬНОЕ ГОСУДАРСТВЕННОЕ БЮДЖЕТНОЕ УЧРЕЖДЕНИЕ ""УПРАВЛЕНИЕ МЕЛИОРАЦИИ ЗЕМЕЛЬ И СЕЛЬСКОХОЗЯЙСТВЕННОГО ВОДОСНАБЖЕНИЯ ПО КРАСНОДАРСКОМУ КРАЮ""";"ФЕДЕРАЛЬНОЕ ГОСУДАРСТВЕННОЕ БЮДЖЕТНОЕ УЧРЕЖДЕНИЕ ""УПРАВЛЕНИЕ МЕЛИОРАЦИИ ЗЕМЕЛЬ И СЕЛЬСКОХОЗЯЙСТВЕННОГО ВОДОСНАБЖЕНИЯ ПО КРАСНОДАРСКОМУ КРАЮ""";14.04.2026;09.06.2026;Закупка завершена;;;30.04.2026;
44-ФЗ;№0818500000826002672;Открытый конкурс в электронной форме;"Благоустройство общественной территории, ограниченной улицами Комсомольская, Кирова, Ленина, Карла Либкнехта; шифр регионального проекта Краснодарского края 07И4010801988";;'263237200793023720100100220014299244;;;116272400.00;RUB;0;;;;;;УПРАВЛЕНИЕ ЖИЛИЩНО-КОММУНАЛЬНОГО ХОЗЯЙСТВА АДМИНИСТРАЦИИ МУНИЦИПАЛЬНОГО ОБРАЗОВАНИЯ ГОРОДСКОЙ ОКРУГ ГОРОД АРМАВИР КРАСНОДАРСКОГО КРАЯ;"ГОСУДАРСТВЕННОЕ КАЗЕННОЕ УЧРЕЖДЕНИЕ КРАСНОДАРСКОГО КРАЯ ""ДИРЕКЦИЯ ГОСУДАРСТВЕННЫХ ЗАКУПОК""";27.04.2026;09.06.2026;Закупка завершена;;;13.05.2026;
44-ФЗ;№0362100033826000194;Электронный аукцион;Поставка Масс-спектрометра для выполнения государственного задания на осуществление научной деятельности  (316цс/2026);;'261665802145966580100100110130000244;;;30550170.00;RUB;0;;;;;;"ФЕДЕРАЛЬНОЕ ГОСУДАРСТВЕННОЕ БЮДЖЕТНОЕ УЧРЕЖДЕНИЕ ""УРАЛЬСКИЙ НАУЧНО-ИССЛЕДОВАТЕЛЬСКИЙ ИНСТИТУТ ОХРАНЫ МАТЕРИНСТВА И МЛАДЕНЧЕСТВА"" МИНИСТЕРСТВА ЗДРАВООХРАНЕНИЯ РОССИЙСКОЙ ФЕДЕРАЦИИ";"ФЕДЕРАЛЬНОЕ ГОСУДАРСТВЕННОЕ БЮДЖЕТНОЕ УЧРЕЖДЕНИЕ ""УРАЛЬСКИЙ НАУЧНО-ИССЛЕДОВАТЕЛЬСКИЙ ИНСТИТУТ ОХРАНЫ МАТЕРИНСТВА И МЛАДЕНЧЕСТВА"" МИНИСТЕРСТВА ЗДРАВООХРАНЕНИЯ РОССИЙСКОЙ ФЕДЕРАЦИИ";22.05.2026;09.06.2026;Закупка завершена;;;01.06.2026;
44-ФЗ;№0809500000326001876;Электронный аукцион;"благоустройство территории здания муниципального бюджетного общеобразовательного учреждения ""Средняя общеобразовательная школа №8"" Рузаевского муниципального района, расположенного по адресу: Республика Мордовия, Рузаевский район, г. Рузаевка ул. Байкузова, д.137, и прилегающей территории (в рамках текущего ремонта)";;'263132412614013240100100180014399244;;;6340220.00;RUB;0;;;;;;"МУНИЦИПАЛЬНОЕ БЮДЖЕТНОЕ ОБЩЕОБРАЗОВАТЕЛЬНОЕ УЧРЕЖДЕНИЕ ""СРЕДНЯЯ ОБЩЕОБРАЗОВАТЕЛЬНАЯ ШКОЛА №8"" РУЗАЕВСКОГО МУНИЦИПАЛЬНОГО РАЙОНА";"ГОСУДАРСТВЕННОЕ КАЗЕННОЕ УЧРЕЖДЕНИЕ РЕСПУБЛИКИ МОРДОВИЯ ""РЕГИОНАЛЬНЫЙ ЦЕНТР ОРГАНИЗАЦИИ ЗАКУПОК""";20.05.2026;09.06.2026;Закупка завершена;;;28.05.2026;
44-ФЗ;№0373200536026000001;Электронный аукцион;Оказание услуг по уборке внутренних помещений для нужд образовательных организаций, подведомственных Департаменту образования и науки города Москвы в 2026-2027гг.;;262770422292677040100100230010000244, 262770373879677030100100230010000244;;;24339684.80;RUB;0;;;;;;;"ГОСУДАРСТВЕННОЕ БЮДЖЕТНОЕ ОБЩЕОБРАЗОВАТЕЛЬНОЕ УЧРЕЖДЕНИЕ ГОРОДА МОСКВЫ ""ШКОЛА № 1231 ИМЕНИ В.Д. ПОЛЕНОВА""";29.04.2026;09.06.2026;Закупка завершена;;;07.05.2026;
44-ФЗ;№0173200001426000879;Открытый конкурс в электронной форме;Оказание услуг по инфографическому представлению данных о внедрении и использовании информационно-коммуникационных технологий во всех сферах управления городским хозяйством, а также в повседневной жизни граждан в 2026-2029 гг.;;'262770135608677030100100540010000244;;;69433793.72;RUB;0;;;;;;"ГОСУДАРСТВЕННОЕ КАЗЕННОЕ УЧРЕЖДЕНИЕ ГОРОДА МОСКВЫ ""ИНФОРМАЦИОННЫЙ ГОРОД""";ДЕПАРТАМЕНТ ГОРОДА МОСКВЫ ПО КОНКУРЕНТНОЙ ПОЛИТИКЕ;14.05.2026;09.06.2026;Закупка завершена;;;01.06.2026;
44-ФЗ;№0373200087826001074;Электронный аукцион;Поставка изделий медицинского назначения «Катетер внутрисосудистый проводниковый, одноразового использования, Стент для коронарных артерий, выделяющий лекарственное средство, Интродьюсер для катетера, Проводник для доступа к коронарным/периферическим сосудам, одноразового использования» для нужд ГБУЗ «ММКЦ «Коммунарка» ДЗМ»                                 ;;'262771609955477510100111020010000244;;;29976905.63;RUB;0;;;;;;"ГОСУДАРСТВЕННОЕ БЮДЖЕТНОЕ УЧРЕЖДЕНИЕ ЗДРАВООХРАНЕНИЯ ГОРОДА МОСКВЫ ""МОСКОВСКИЙ МНОГОПРОФИЛЬНЫЙ КЛИНИЧЕСКИЙ ЦЕНТР ""КОММУНАРКА"" ДЕПАРТАМЕНТА ЗДРАВООХРАНЕНИЯ ГОРОДА МОСКВЫ""";"ГОСУДАРСТВЕННОЕ БЮДЖЕТНОЕ УЧРЕЖДЕНИЕ ЗДРАВООХРАНЕНИЯ ГОРОДА МОСКВЫ ""МОСКОВСКИЙ МНОГОПРОФИЛЬНЫЙ КЛИНИЧЕСКИЙ ЦЕНТР ""КОММУНАРКА"" ДЕПАРТАМЕНТА ЗДРАВООХРАНЕНИЯ ГОРОДА МОСКВЫ""";15.05.2026;09.06.2026;Закупка завершена;;;25.05.2026;
44-ФЗ;№0373100084626000231;Электронный аукцион;Система управления аудиовизуальными данными/устройствами в операционной;;'261773408769677340100100020240000244;;;78250000.00;RUB;0;;;;;;"ФЕДЕРАЛЬНОЕ ГОСУДАРСТВЕННОЕ БЮДЖЕТНОЕ УЧРЕЖДЕНИЕ ""НАЦИОНАЛЬНЫЙ МЕДИЦИНСКИЙ ИССЛЕДОВАТЕЛЬСКИЙ ЦЕНТР КОЛОПРОКТОЛОГИИ ИМЕНИ А.Н. РЫЖИХ"" МИНИСТЕРСТВА ЗДРАВООХРАНЕНИЯ РОССИЙСКОЙ ФЕДЕРАЦИИ";"ФЕДЕРАЛЬНОЕ ГОСУДАРСТВЕННОЕ БЮДЖЕТНОЕ УЧРЕЖДЕНИЕ ""НАЦИОНАЛЬНЫЙ МЕДИЦИНСКИЙ ИССЛЕДОВАТЕЛЬСКИЙ ЦЕНТР КОЛОПРОКТОЛОГИИ ИМЕНИ А.Н. РЫЖИХ"" МИНИСТЕРСТВА ЗДРАВООХРАНЕНИЯ РОССИЙСКОЙ ФЕДЕРАЦИИ";17.04.2026;09.06.2026;Закупка завершена;;;27.05.2026;
44-ФЗ;№0373200008326000030;Электронный аукцион;"Поставка лекарственного препарата (Гадобутрол) для нужд ГБУЗ ""ГП №220 ДЗМ""";;'262770317354677030100100370010000244;;;15000000.00;RUB;0;;;;;;"ГОСУДАРСТВЕННОЕ БЮДЖЕТНОЕ УЧРЕЖДЕНИЕ ЗДРАВООХРАНЕНИЯ ГОРОДА МОСКВЫ ""ГОРОДСКАЯ ПОЛИКЛИНИКА № 220 ДЕПАРТАМЕНТА ЗДРАВООХРАНЕНИЯ ГОРОДА МОСКВЫ""";"ГОСУДАРСТВЕННОЕ БЮДЖЕТНОЕ УЧРЕЖДЕНИЕ ЗДРАВООХРАНЕНИЯ ГОРОДА МОСКВЫ ""ГОРОДСКАЯ ПОЛИКЛИНИКА № 220 ДЕПАРТАМЕНТА ЗДРАВООХРАНЕНИЯ ГОРОДА МОСКВЫ""";18.05.2026;09.06.2026;Закупка завершена;;;26.05.2026;
44-ФЗ;№2400500000326000567;Запрос котировок в электронной форме;Закупка  медицинских изделий (Кольпоскоп) в рамках реализации мероприятий федерального проекта «Создание женских консультаций, в том числе в составе других организаций, в субъектах Российской Федерации, для оказания медицинской помощи женщинам, в том числе проживающим в сельской местности, поселках городского типа, малых городах» для женской консультации.;;'262332500810333250100107350012670244;;;6439500.62;RUB;0;;;;;;"ГОСУДАРСТВЕННОЕ КАЗЕННОЕ УЧРЕЖДЕНИЕ ЗДРАВООХРАНЕНИЯ ВЛАДИМИРСКОЙ ОБЛАСТИ ""ЦЕНТР ПО ОСУЩЕСТВЛЕНИЮ ЗАКУПОК ТОВАРОВ, РАБОТ И УСЛУГ В СФЕРЕ ЗДРАВООХРАНЕНИЯ ВЛАДИМИРСКОЙ ОБЛАСТИ""";"ГОСУДАРСТВЕННОЕ КАЗЕННОЕ УЧРЕЖДЕНИЕ ЗДРАВООХРАНЕНИЯ ВЛАДИМИРСКОЙ ОБЛАСТИ ""ЦЕНТР ПО ОСУЩЕСТВЛЕНИЮ ЗАКУПОК ТОВАРОВ, РАБОТ И УСЛУГ В СФЕРЕ ЗДРАВООХРАНЕНИЯ ВЛАДИМИРСКОЙ ОБЛАСТИ""";18.05.2026;09.06.2026;Закупка завершена;;;25.05.2026;
44-ФЗ;№0373200006226000668;Запрос котировок в электронной форме;Поставка бака для воды для проведения ремонта защитных сооружений гражданской обороны;;'262772030718077200100100830010000244;;;8000000.00;RUB;0;;;;;;"ГОСУДАРСТВЕННОЕ БЮДЖЕТНОЕ УЧРЕЖДЕНИЕ ГОРОДА МОСКВЫ ""ЖИЛИЩНИК РАЙОНА ПЕРОВО""";"ГОСУДАРСТВЕННОЕ КАЗЕННОЕ УЧРЕЖДЕНИЕ ГОРОДА МОСКВЫ ""ДИРЕКЦИЯ ЗАКАЗЧИКА ЖИЛИЩНО-КОММУНАЛЬНОГО ХОЗЯЙСТВА И БЛАГОУСТРОЙСТВА ВОСТОЧНОГО АДМИНИСТРАТИВНОГО ОКРУГА""";20.05.2026;09.06.2026;Закупка завершена;;;28.05.2026;
44-ФЗ;№0118300018726000390;Открытый конкурс в электронной форме;Выполнение работ по компенсационному озеленению на территории Хостинского внутригородского района города Сочи в 2026 году;;'263231902184123190100100030018130244;;;50000000.00;RUB;0;;;;;;АДМИНИСТРАЦИЯ ХОСТИНСКОГО ВНУТРИГОРОДСКОГО РАЙОНА МУНИЦИПАЛЬНОГО ОБРАЗОВАНИЯ ГОРОДСКОЙ ОКРУГ ГОРОД-КУРОРТ СОЧИ КРАСНОДАРСКОГО КРАЯ;АДМИНИСТРАЦИЯ МУНИЦИПАЛЬНОГО ОБРАЗОВАНИЯ ГОРОДСКОЙ ОКРУГ ГОРОД-КУРОРТ СОЧИ КРАСНОДАРСКОГО КРАЯ;17.04.2026;09.06.2026;Закупка завершена;;;08.05.2026;
44-ФЗ;№0354600004526000003;Электронный аукцион;Выполнение работ по объекту: «Благоустройство территории «Улица Торговая» в историческом поселении Колпна «Охотников привал»»;;'263570001661557000100100020034299244;;;49275980.00;RUB;0;;;;;;"МУНИЦИПАЛЬНОЕ БЮДЖЕТНОЕ УЧРЕЖДЕНИЕ КУЛЬТУРЫ ""КОЛПНЯНСКИЙ ДОМ КУЛЬТУРЫ""";"МУНИЦИПАЛЬНОЕ БЮДЖЕТНОЕ УЧРЕЖДЕНИЕ КУЛЬТУРЫ ""КОЛПНЯНСКИЙ ДОМ КУЛЬТУРЫ""";15.05.2026;09.06.2026;Закупка завершена;;;27.05.2026;
44-ФЗ;№0387200009126002121;Электронный аукцион;Поставка медицинских изделий;;'262860201522486020100100691360000244;;;20075950.00;RUB;0;;;;;;"БЮДЖЕТНОЕ УЧРЕЖДЕНИЕ ХАНТЫ-МАНСИЙСКОГО АВТОНОМНОГО ОКРУГА - ЮГРЫ ""СУРГУТСКАЯ КЛИНИЧЕСКАЯ ТРАВМАТОЛОГИЧЕСКАЯ БОЛЬНИЦА""";"КАЗЕННОЕ УЧРЕЖДЕНИЕ ХАНТЫ-МАНСИЙСКОГО АВТОНОМНОГО ОКРУГА - ЮГРЫ ""ЦЕНТР ЛЕКАРСТВЕННОГО МОНИТОРИНГА""";15.05.2026;09.06.2026;Закупка завершена;;;29.05.2026;
44-ФЗ;№0848300048726000245;Открытый конкурс в электронной форме;Выполнение работ по благоустройству общественной территории, в том числе по проектированию: Московская область, Павлово-Посадский городской округ, г. Павловский Посад, ул. Вачевская;;'263503406646450340100101040010000244;;;49431013.00;RUB;0;;;;;;АДМИНИСТРАЦИЯ ПАВЛОВО-ПОСАДСКОГО ГОРОДСКОГО ОКРУГА МОСКОВСКОЙ ОБЛАСТИ;"МУНИЦИПАЛЬНОЕ КАЗЕННОЕ УЧРЕЖДЕНИЕ ПАВЛОВО-ПОСАДСКОГО ГОРОДСКОГО ОКРУГА МОСКОВСКОЙ ОБЛАСТИ ""ЦЕНТР МУНИЦИПАЛЬНЫХ ЗАКУПОК""";14.05.2026;09.06.2026;Закупка завершена;;;01.06.2026;
223-ФЗ;№32615911754;Конкурс в электронной форме, участниками которого могут быть только субъекты малого и среднего предпринимательства;Определение подрядчика на выполнение неотложных аварийно-восстановительных ремонтных работ на оборудовании СДТУ ПАО «Россети Московский регион» в 2026г. для нужд ПАО «Россети Московский регион»;;;1;Выполнение неотложных аварийно-восстановительных ремонтных работ на оборудовании СДТУ ПАО «Россети Московский регион» в 2026г.;21685726.04;RUB;21685726.04;;;;33.14.19.000: Услуги по ремонту и техническому обслуживанию прочего профессионального электрического оборудования;;"ПУБЛИЧНОЕ АКЦИОНЕРНОЕ ОБЩЕСТВО ""РОССЕТИ МОСКОВСКИЙ РЕГИОН""";"ПУБЛИЧНОЕ АКЦИОНЕРНОЕ ОБЩЕСТВО ""РОССЕТИ МОСКОВСКИЙ РЕГИОН""";14.04.2026;09.06.2026;Закупка завершена;;;22.04.2026 11:00;
44-ФЗ;№0329200062226001288;Электронный аукцион на проведение работ по строительству, реконструкции, кап. ремонту, сносу объекта кап. строительства в соответствии с п. 8 ч. 1 ст. 33 Закона № 44-ФЗ;Устройство ливневой канализации ул.Октябрьская р.п. Средняя Ахтуба (в рамках реконструкции автомобильной дороги);;'263342898527734280100100320014211414;;;24172830.00;RUB;0;;;;;;АДМИНИСТРАЦИЯ ГОРОДСКОГО ПОСЕЛЕНИЯ Р.П.СРЕДНЯЯ АХТУБА;"ГОСУДАРСТВЕННОЕ КАЗЕННОЕ УЧРЕЖДЕНИЕ ВОЛГОГРАДСКОЙ ОБЛАСТИ ""ЦЕНТР ОРГАНИЗАЦИИ ЗАКУПОК""";14.05.2026;09.06.2026;Закупка завершена;;;22.05.2026;
44-ФЗ;№0137200001226004223;Электронный аукцион;Поставка лекарственного препарата для медицинского применения (МНН Дапаглифлозин);;'262402702230540270100107430012120000;;;65280000.00;RUB;0;;;;;;"ГОСУДАРСТВЕННОЕ ПРЕДПРИЯТИЕ КАЛУЖСКОЙ ОБЛАСТИ ""КАЛУГАФАРМАЦИЯ""";МИНИСТЕРСТВО КОНКУРЕНТНОЙ ПОЛИТИКИ КАЛУЖСКОЙ ОБЛАСТИ;18.05.2026;09.06.2026;Закупка завершена;;;26.05.2026;
44-ФЗ;№0813500000126008046;Открытый конкурс в электронной форме;зз-0017-17349 - 2026 Выполнение работ по благоустройству дворовых территорий многоквартирных домов города Ижевска в 2026 году;;'263182600155318410100100480024299244;;;14680035.75;RUB;0;;;;;;"МУНИЦИПАЛЬНОЕ КАЗЕННОЕ УЧРЕЖДЕНИЕ ГОРОДА ИЖЕВСКА ""СЛУЖБА БЛАГОУСТРОЙСТВА И ДОРОЖНОГО ХОЗЯЙСТВА""";"ГОСУДАРСТВЕННОЕ КАЗЕННОЕ УЧРЕЖДЕНИЕ УДМУРТСКОЙ РЕСПУБЛИКИ ""РЕГИОНАЛЬНЫЙ ЦЕНТР ЗАКУПОК УДМУРТСКОЙ РЕСПУБЛИКИ""";30.04.2026;09.06.2026;Закупка завершена;;;21.05.2026;
44-ФЗ;№0813500000126008051;Открытый конкурс в электронной форме;зз-0017-21346 - 2026 Выполнение работ по благоустройству дворовых территорий многоквартирных домов города Ижевска в Октябрьском районе ул. Холмогорова д. 19,21,23,25.;;'263182600155318410100100480054299244;;;25796595.62;RUB;0;;;;;;"МУНИЦИПАЛЬНОЕ КАЗЕННОЕ УЧРЕЖДЕНИЕ ГОРОДА ИЖЕВСКА ""СЛУЖБА БЛАГОУСТРОЙСТВА И ДОРОЖНОГО ХОЗЯЙСТВА""";"ГОСУДАРСТВЕННОЕ КАЗЕННОЕ УЧРЕЖДЕНИЕ УДМУРТСКОЙ РЕСПУБЛИКИ ""РЕГИОНАЛЬНЫЙ ЦЕНТР ЗАКУПОК УДМУРТСКОЙ РЕСПУБЛИКИ""";30.04.2026;09.06.2026;Закупка завершена;;;21.05.2026;
44-ФЗ;№0813500000126008048;Открытый конкурс в электронной форме;зз-0017-21351 - 2026 Выполнение работ по благоустройству дворовой территории многоквартирного дома города Ижевска в Устиновском районе ул. Автозаводская, д. 48.;;'263182600155318410100100480104299244;;;5209072.98;RUB;0;;;;;;"МУНИЦИПАЛЬНОЕ КАЗЕННОЕ УЧРЕЖДЕНИЕ ГОРОДА ИЖЕВСКА ""СЛУЖБА БЛАГОУСТРОЙСТВА И ДОРОЖНОГО ХОЗЯЙСТВА""";"ГОСУДАРСТВЕННОЕ КАЗЕННОЕ УЧРЕЖДЕНИЕ УДМУРТСКОЙ РЕСПУБЛИКИ ""РЕГИОНАЛЬНЫЙ ЦЕНТР ЗАКУПОК УДМУРТСКОЙ РЕСПУБЛИКИ""";30.04.2026;09.06.2026;Закупка завершена;;;21.05.2026;
223-ФЗ;№32615909639;Иной способ;"Лот № 26-003991 Поставка многофункционального крана манипулятора на базе полноприводного грузового автомобиля для ПО СВЭС ООО ""Башкирэнерго"" (4411875)";;;1;"Поставка многофункционального крана манипулятора на базе полноприводного грузового автомобиля для ПО СВЭС ООО ""Башкирэнерго""";14909840.00;RUB;14909840.00;;;;29.10.41.113: Автомобили грузовые с дизельным двигателем, имеющие технически допустимую максимальную массу свыше 12 т;;"ОБЩЕСТВО С ОГРАНИЧЕННОЙ ОТВЕТСТВЕННОСТЬЮ ""БАШКИРСКИЕ РАСПРЕДЕЛИТЕЛЬНЫЕ ЭЛЕКТРИЧЕСКИЕ СЕТИ""";"АКЦИОНЕРНОЕ ОБЩЕСТВО ""БАШКИРСКАЯ ЭЛЕКТРОСЕТЕВАЯ КОМПАНИЯ""";14.04.2026;09.06.2026;Закупка завершена;;;04.05.2026 12:00;
44-ФЗ;№0813500000126008054;Открытый конкурс в электронной форме;зз-0017-21347 - 2026 Выполнение работ по благоустройству дворовой территории многоквартирного дома города Ижевска в Первомайском районе ул. Ленина, д.176;;'263182600155318410100100480064299244;;;6747169.06;RUB;0;;;;;;"МУНИЦИПАЛЬНОЕ КАЗЕННОЕ УЧРЕЖДЕНИЕ ГОРОДА ИЖЕВСКА ""СЛУЖБА БЛАГОУСТРОЙСТВА И ДОРОЖНОГО ХОЗЯЙСТВА""";"ГОСУДАРСТВЕННОЕ КАЗЕННОЕ УЧРЕЖДЕНИЕ УДМУРТСКОЙ РЕСПУБЛИКИ ""РЕГИОНАЛЬНЫЙ ЦЕНТР ЗАКУПОК УДМУРТСКОЙ РЕСПУБЛИКИ""";30.04.2026;09.06.2026;Закупка завершена;;;21.05.2026;
44-ФЗ;№0356500001426002714;Открытый конкурс в электронной форме на проведение работ по строительству, реконструкции, кап. ремонту, сносу объекта кап. строительства в соответствии с п. 8 ч. 1 ст. 33 Закона № 44-ФЗ;"Выполнение работ по комплексному капитальному ремонту 3-го этажа в здании ГБУЗ ""КМСЧ№ 1"" по адресу г.Пермь, Бульвар Гагарина, 68 (Литер Б), для отделения реабилитации";;'262590229371759020100100370010000243;;;35187379.17;RUB;0;;;;;;"ГОСУДАРСТВЕННОЕ КАЗЕННОЕ УЧРЕЖДЕНИЕ ПЕРМСКОГО КРАЯ ""УПРАВЛЕНИЕ КАПИТАЛЬНОГО СТРОИТЕЛЬСТВА ПЕРМСКОГО КРАЯ""";"ГОСУДАРСТВЕННОЕ КАЗЕННОЕ УЧРЕЖДЕНИЕ ПЕРМСКОГО КРАЯ ""ЦЕНТР ОРГАНИЗАЦИИ ЗАКУПОК""";01.04.2026;09.06.2026;Закупка завершена;;;21.04.2026;
44-ФЗ;№0172200002926000027;Открытый конкурс в электронной форме;Оказание услуг по комплексной уборке помещений и прилегающей территории для нужд СПБ ГБУЗ ДГП № 49 в 2026 году;;'262782001367378200100100160018129244;;;33583489.44;RUB;0;;;;;;"САНКТ-ПЕТЕРБУРГСКОЕ ГОСУДАРСТВЕННОЕ БЮДЖЕТНОЕ УЧРЕЖДЕНИЕ ЗДРАВООХРАНЕНИЯ ""ДЕТСКАЯ ГОРОДСКАЯ ПОЛИКЛИНИКА № 49"" ПУШКИНСКОГО РАЙОНА";АДМИНИСТРАЦИЯ ПУШКИНСКОГО РАЙОНА САНКТ-ПЕТЕРБУРГА;05.03.2026;09.06.2026;Закупка завершена;;;23.03.2026;
44-ФЗ;№0172200002926000044;Открытый конкурс в электронной форме;Выполнение работ по замене асфальтового покрытия на территории ГБДОУ детский сад №32 комбинированного вида Пушкинского района Санкт-Петербурга по адресу: Санкт-Петербург, г. Пушкин, улица Генерала Хазова, дом 11, литера А;;'262782002046278200100100040014211244;;;6292400.00;RUB;0;;;;;;ГОСУДАРСТВЕННОЕ БЮДЖЕТНОЕ ДОШКОЛЬНОЕ ОБРАЗОВАТЕЛЬНОЕ УЧРЕЖДЕНИЕ ДЕТСКИЙ САД № 32 КОМБИНИРОВАННОГО ВИДА ПУШКИНСКОГО РАЙОНА САНКТ-ПЕТЕРБУРГА;АДМИНИСТРАЦИЯ ПУШКИНСКОГО РАЙОНА САНКТ-ПЕТЕРБУРГА;31.03.2026;09.06.2026;Закупка завершена;;;01.06.2026;
44-ФЗ;№0362100034226000256;Электронный аукцион;Поставка переносного ультразвукового аппарата с комплектом датчиков для исследований: поверхностно расположенных органов и тканей, области живота и таза, сердца, для процедур в акушерстве, гинекологии и урологии (эндокавиальный) (Система ультразвуковой визуализацииу ниверсальная);;'261666302589077150100100260080000244;;;23134000.00;RUB;0;;;;;;"ФЕДЕРАЛЬНОЕ ГОСУДАРСТВЕННОЕ БЮДЖЕТНОЕ УЧРЕЖДЕНИЕ ""НАЦИОНАЛЬНЫЙ МЕДИЦИНСКИЙ ИССЛЕДОВАТЕЛЬСКИЙ ЦЕНТР ФТИЗИОПУЛЬМОНОЛОГИИ И ИНФЕКЦИОННЫХ ЗАБОЛЕВАНИЙ"" МИНИСТЕРСТВА ЗДРАВООХРАНЕНИЯ РОССИЙСКОЙ ФЕДЕРАЦИИ";"ФЕДЕРАЛЬНОЕ ГОСУДАРСТВЕННОЕ БЮДЖЕТНОЕ УЧРЕЖДЕНИЕ ""НАЦИОНАЛЬНЫЙ МЕДИЦИНСКИЙ ИССЛЕДОВАТЕЛЬСКИЙ ЦЕНТР ФТИЗИОПУЛЬМОНОЛОГИИ И ИНФЕКЦИОННЫХ ЗАБОЛЕВАНИЙ"" МИНИСТЕРСТВА ЗДРАВООХРАНЕНИЯ РОССИЙСКОЙ ФЕДЕРАЦИИ";20.05.2026;09.06.2026;Закупка завершена;;;29.05.2026;
44-ФЗ;№0373100072126000838;Электронный аукцион;Поставка медицинских расходных материалов для нужд ФГБНУ «РНЦХ им. акад. Б.В. Петровского»;;'261770403012477040100100057710000000;;;10376576.00;RUB;0;;;;;;"ФЕДЕРАЛЬНОЕ ГОСУДАРСТВЕННОЕ БЮДЖЕТНОЕ НАУЧНОЕ УЧРЕЖДЕНИЕ ""РОССИЙСКИЙ НАУЧНЫЙ ЦЕНТР ХИРУРГИИ ИМЕНИ АКАДЕМИКА Б.В. ПЕТРОВСКОГО""";"ФЕДЕРАЛЬНОЕ ГОСУДАРСТВЕННОЕ БЮДЖЕТНОЕ НАУЧНОЕ УЧРЕЖДЕНИЕ ""РОССИЙСКИЙ НАУЧНЫЙ ЦЕНТР ХИРУРГИИ ИМЕНИ АКАДЕМИКА Б.В. ПЕТРОВСКОГО""";22.05.2026;09.06.2026;Закупка завершена;;;01.06.2026;
223-ФЗ;№32615961397;Иной способ;Поставка систем  вентиляции и комплектующих;;;1;Поставка систем  вентиляции и комплектующих;12686591.06;RUB;12686591.06;;;;29.32.30.260: Системы вентиляции, отопления и кондиционирования воздуха, их узлы и детали,23.99.19.111: Материалы и изделия минеральные теплоизоляционные, в том числе изоляция судовая,22.21.41.130: Полосы (ленты) прочие пластмассовые пористые,24.42.24.120: Полосы и ленты алюминиевые толщиной более 0,2 мм,23.99.19.141: Базальтоволокно непрерывное;;"ФЕДЕРАЛЬНОЕ ГОСУДАРСТВЕННОЕ УНИТАРНОЕ ПРЕДПРИЯТИЕ ""ГЛАВНОЕ УПРАВЛЕНИЕ СПЕЦИАЛЬНОГО СТРОИТЕЛЬСТВА""";"ФЕДЕРАЛЬНОЕ ГОСУДАРСТВЕННОЕ УНИТАРНОЕ ПРЕДПРИЯТИЕ ""ГЛАВНОЕ УПРАВЛЕНИЕ СПЕЦИАЛЬНОГО СТРОИТЕЛЬСТВА""";28.04.2026;09.06.2026;Закупка завершена;;;12.05.2026 09:00;
223-ФЗ;№32515580361;Иной способ;Выполнение плановых и непредвиденных (аварийных) ремонтных работ и устранение дефектов на основном и вспомогательном оборудовании котельной СПУ ОП «ЦТС» АО «Байкалэнерго»;;;1;Выполнение плановых и непредвиденных (аварийных) ремонтных работ и устранение дефектов на основном и вспомогательном оборудовании котельной СПУ ОП «ЦТС» АО «Байкалэнерго»;120000000.00;RUB;120000000.00;;;;42.22.13.900: Установки тяжелые электроэнергетические и оборудование прочие, не включенные в другие группировки;;"АКЦИОНЕРНОЕ ОБЩЕСТВО ""БАЙКАЛЭНЕРГО""";"АКЦИОНЕРНОЕ ОБЩЕСТВО ""БАЙКАЛЭНЕРГО""";26.12.2025;09.06.2026;Закупка завершена;;;02.02.2026 15:00;
44-ФЗ;№0127200000226003066;Электронный аукцион;Поставка оборудования для оснащения предметных кабинетов общеобразовательных организаций средствами обучения и воспитания в целях реализации регионального проекта «Все лучшее детям (Брянская область)», обеспечивающего достижение показателей и мероприятий (результатов) федерального проекта «Все лучшее детям», входящего в состав национального проекта «Молодежь и дети».;;'262325005871432570100100240050000244;;;15973733.02;RUB;0;;;;;;ДЕПАРТАМЕНТ ОБРАЗОВАНИЯ И НАУКИ БРЯНСКОЙ ОБЛАСТИ;УПРАВЛЕНИЕ ГОСУДАРСТВЕННЫХ ЗАКУПОК БРЯНСКОЙ ОБЛАСТИ;18.05.2026;09.06.2026;Закупка завершена;;;26.05.2026;
223-ФЗ;№32616002011;Иной способ;Поставка подстанции КТПН-В/К 630/6/0,4 с РЛНД передвижная тупиковая;;;1;Поставка подстанции КТПН-В/К 630/6/0,4 с РЛНД передвижная тупиковая;17771474.65;RUB;17771474.65;;;;27.11.43.000: Трансформаторы прочие мощностью более 16 кВА;;"ПУБЛИЧНОЕ АКЦИОНЕРНОЕ ОБЩЕСТВО ""ЮЖУРАЛЗОЛОТО ГРУППА КОМПАНИЙ""";"ПУБЛИЧНОЕ АКЦИОНЕРНОЕ ОБЩЕСТВО ""ЮЖУРАЛЗОЛОТО ГРУППА КОМПАНИЙ""";13.05.2026;09.06.2026;Закупка завершена;;;29.05.2026 08:00;
44-ФЗ;№0142200001326011455;Электронный аукцион;"""Сельская площадь"" - восстановление асфальтобетонного покрытия площади между д.27А и д.64 по ул. Центральная усадьба в селе Савруха";;'263635791032763570100100060014299244;;;6008841.03;RUB;0;;;;;;АДМИНИСТРАЦИЯ СЕЛЬСКОГО ПОСЕЛЕНИЯ САВРУХА МУНИЦИПАЛЬНОГО РАЙОНА ПОХВИСТНЕВСКИЙ САМАРСКОЙ ОБЛАСТИ;КОМИТЕТ ПО ОРГАНИЗАЦИИ ТОРГОВ САМАРСКОЙ ОБЛАСТИ;20.05.2026;09.06.2026;Закупка завершена;;;28.05.2026;
223-ФЗ;№32615927249;Конкурс в электронной форме, участниками которого могут быть только субъекты малого и среднего предпринимательства;"К №26-37-ОЭ на право заключения договора на Реконструкция ПС 35/6 Центральная с заменой выключателей 6 кВ 2шт., модернизации РЗА (ретрофит) 4 шт для нужд филиала ПАО ""Россети Сибирь"" - ""Кузбассэнерго-РЭС""";;;1;Реконструкция ПС 35/6 Центральная с заменой выключателей 6 кВ 2шт., модернизации РЗА (ретрофит) 4 шт;5915772.78;RUB;5915772.78;;;;42.22.13: Электростанции;;"ПУБЛИЧНОЕ АКЦИОНЕРНОЕ ОБЩЕСТВО ""РОССЕТИ СИБИРЬ""";"ПУБЛИЧНОЕ АКЦИОНЕРНОЕ ОБЩЕСТВО ""РОССЕТИ СИБИРЬ""";20.04.2026;09.06.2026;Закупка завершена;;;07.05.2026 15:00;
223-ФЗ;№32615961351;Конкурс в электронной форме, участниками которого могут быть только субъекты малого и среднего предпринимательства;"224886_Теплоизоляционные материалы для филиала ""Ириклинская ГРЭС"" АО ""Интер РАО - Электрогенерация""";;;1;"Теплоизоляционные материалы для филиала ""Ириклинская ГРЭС"" АО ""Интер РАО - Электрогенерация""";11905434.21;RUB;11905434.21;;;;23.99.19.111: Материалы и изделия минеральные теплоизоляционные, в том числе изоляция судовая;;"АКЦИОНЕРНОЕ ОБЩЕСТВО ""ИНТЕР РАО-ЭЛЕКТРОГЕНЕРАЦИЯ""";"ОБЩЕСТВО С ОГРАНИЧЕННОЙ ОТВЕТСТВЕННОСТЬЮ ""ИНТЕР РАО-ЦЕНТР УПРАВЛЕНИЯ ЗАКУПКАМИ""";28.04.2026;09.06.2026;Закупка завершена;;;08.05.2026 12:00;
44-ФЗ;№0387200009126001769;Электронный аукцион;Поставка медицинских изделий: Набор для лапароскопических хирургических процедур, не содержащий лекарственные средства, многоразового использования для оснащения (дооснащения) детских больниц в рамках регионального проекта «Охрана материнства и детства»;;'262860103583886020100101630033250244;;;6400000.00;RUB;0;;;;;;"КАЗЕННОЕ УЧРЕЖДЕНИЕ ХАНТЫ-МАНСИЙСКОГО АВТОНОМНОГО ОКРУГА - ЮГРЫ ""ЦЕНТР ЛЕКАРСТВЕННОГО МОНИТОРИНГА""";"КАЗЕННОЕ УЧРЕЖДЕНИЕ ХАНТЫ-МАНСИЙСКОГО АВТОНОМНОГО ОКРУГА - ЮГРЫ ""ЦЕНТР ЛЕКАРСТВЕННОГО МОНИТОРИНГА""";27.04.2026;09.06.2026;Закупка завершена;;;06.05.2026;
44-ФЗ;№0173200023326000019;Открытый конкурс в электронной форме;Выполнение работ по модернизации государственной информационной системы: информационная система «Единая система мониторинга и администрирования телекоммуникационных услуг» в части функционала прикладного программного обеспечения (шестая очередь);;'262771087800077030100100460010000244;;;7000000.00;RUB;0;;;;;;ДЕПАРТАМЕНТ ИНФОРМАЦИОННЫХ ТЕХНОЛОГИЙ ГОРОДА МОСКВЫ;ДЕПАРТАМЕНТ ИНФОРМАЦИОННЫХ ТЕХНОЛОГИЙ ГОРОДА МОСКВЫ;15.05.2026;09.06.2026;Закупка завершена;;;01.06.2026;
44-ФЗ;№0319100004926000647;Электронный аукцион;№ 1329/26 на поставку медицинских изделий, ввод в эксплуатацию медицинских изделий, обучение правилам эксплуатации специалистов, эксплуатирующих медицинские изделия для нужд ФГБУ ФСНКЦ ФМБА России  ;;'261246200396224620100100370040000244;;;26064000.00;RUB;0;;;;;;"ФЕДЕРАЛЬНОЕ ГОСУДАРСТВЕННОЕ БЮДЖЕТНОЕ УЧРЕЖДЕНИЕ ""ФЕДЕРАЛЬНЫЙ СИБИРСКИЙ НАУЧНО-КЛИНИЧЕСКИЙ ЦЕНТР ФЕДЕРАЛЬНОГО МЕДИКО-БИОЛОГИЧЕСКОГО АГЕНТСТВА""";"ФЕДЕРАЛЬНОЕ ГОСУДАРСТВЕННОЕ БЮДЖЕТНОЕ УЧРЕЖДЕНИЕ ""ФЕДЕРАЛЬНЫЙ СИБИРСКИЙ НАУЧНО-КЛИНИЧЕСКИЙ ЦЕНТР ФЕДЕРАЛЬНОГО МЕДИКО-БИОЛОГИЧЕСКОГО АГЕНТСТВА""";20.05.2026;09.06.2026;Закупка завершена;;;28.05.2026;
44-ФЗ;№0104300011326000041;Открытый конкурс в электронной форме;Услуги по проектированию объекта;;'263070000214807000100100090017112244;;;17500000.00;RUB;0;;;;;;"МУНИЦИПАЛЬНОЕ КАЗЕННОЕ УЧРЕЖДЕНИЕ ""УПРАВЛЕНИЕ ПО РАЗВИТИЮ ТЕРРИТОРИИ МЕСТНОЙ АДМИНИСТРАЦИИ ЧЕГЕМСКОГО МУНИЦИПАЛЬНОГО РАЙОНА""";МЕСТНАЯ АДМИНИСТРАЦИЯ ЧЕГЕМСКОГО МУНИЦИПАЛЬНОГО РАЙОНА;13.03.2026;09.06.2026;Закупка завершена;;;30.03.2026;
44-ФЗ;№0187300000926000014;Электронный аукцион;Выполнение комплекса работ по содержанию дорог, внутриквартальных проездов, тротуаров, автобусных остановок, ливневых канализаций и объектов культурно-бытового назначения в г.п Пойковский;;'263861901581886190100100090014211244;;;223888226.57;RUB;0;;;;;;"МУНИЦИПАЛЬНОЕ КАЗЕННОЕ УЧРЕЖДЕНИЕ ""СЛУЖБА ЖИЛИЩНО-КОММУНАЛЬНОГО ХОЗЯЙСТВА И БЛАГОУСТРОЙСТВА ГОРОДСКОГО ПОСЕЛЕНИЯ ПОЙКОВСКИЙ""";"МУНИЦИПАЛЬНОЕ УЧРЕЖДЕНИЕ ""АДМИНИСТРАЦИЯ ГОРОДСКОГО ПОСЕЛЕНИЯ ПОЙКОВСКИЙ""";13.05.2026;09.06.2026;Закупка завершена;;;22.05.2026;
44-ФЗ;№0818500000826003302;Электронный аукцион;"Поставка системы анестезиологической, общего назначения; шифр регионального проекта Краснодарского края 00Д1015402055";;'262230905305823100100109620023250244;;;126262837.05;RUB;0;;;;;;МИНИСТЕРСТВО ЗДРАВООХРАНЕНИЯ КРАСНОДАРСКОГО КРАЯ;"ГОСУДАРСТВЕННОЕ КАЗЕННОЕ УЧРЕЖДЕНИЕ КРАСНОДАРСКОГО КРАЯ ""ДИРЕКЦИЯ ГОСУДАРСТВЕННЫХ ЗАКУПОК""";21.05.2026;09.06.2026;Закупка завершена;;;29.05.2026;
44-ФЗ;№0101500000326000120;Электронный аукцион на проведение работ по строительству, реконструкции, кап. ремонту, сносу объекта кап. строительства в соответствии с п. 8 ч. 1 ст. 33 Закона № 44-ФЗ;Капитальный ремонт здания  ГБУЗ РБ Поликлиника №43 г. Уфа по адресу: город Уфа, ул. Максима Рыльского, 10;;'263027601572702760100100770014120243;;;63999850.00;RUB;0;;;;;;ГОСУДАРСТВЕННОЕ БЮДЖЕТНОЕ УЧРЕЖДЕНИЕ ЗДРАВООХРАНЕНИЯ РЕСПУБЛИКИ БАШКОРТОСТАН ПОЛИКЛИНИКА № 43 ГОРОДА УФА;ГОСУДАРСТВЕННЫЙ КОМИТЕТ РЕСПУБЛИКИ БАШКОРТОСТАН ПО КОНКУРЕНТНОЙ ПОЛИТИКЕ;15.05.2026;09.06.2026;Закупка завершена;;;25.05.2026;
44-ФЗ;№0335200014926001684;Электронный аукцион на проведение работ по строительству, реконструкции, кап. ремонту, сносу объекта кап. строительства в соответствии с п. 8 ч. 1 ст. 33 Закона № 44-ФЗ;Капитальный ремонт запасного футбольного поля «Стадион Прогресс» в г. Черняховске Калининградской области;;'263391400331339140100100280014299243;;;44283000.00;RUB;0;;;;;;"АДМИНИСТРАЦИЯ МУНИЦИПАЛЬНОГО ОБРАЗОВАНИЯ ""ЧЕРНЯХОВСКИЙ МУНИЦИПАЛЬНЫЙ ОКРУГ КАЛИНИНГРАДСКОЙ ОБЛАСТИ""";"ГОСУДАРСТВЕННОЕ КАЗЕННОЕ УЧРЕЖДЕНИЕ КАЛИНИНГРАДСКОЙ ОБЛАСТИ ""ЦЕНТР ОБЕСПЕЧЕНИЯ ОРГАНИЗАЦИИ И ПРОВЕДЕНИЯ ТОРГОВ""";07.05.2026;09.06.2026;Закупка завершена;;;20.05.2026;
44-ФЗ;№0103200008426003870;Открытый конкурс в электронной форме;Выполнение кадастровых и землеустроительных работ в отношении объектов недвижимого имущества и внесение сведений о них в Единый государственный реестр недвижимости, в том числе по автомобильным дорогам, находящимся в реестре государственного имущества Республики Дагестан.;;'262057201954505720100100210017112244;;;18498320.00;RUB;0;;;;;;МИНИСТЕРСТВО ПО ЗЕМЕЛЬНЫМ И ИМУЩЕСТВЕННЫМ ОТНОШЕНИЯМ РЕСПУБЛИКИ ДАГЕСТАН;КОМИТЕТ ПО ГОСУДАРСТВЕННЫМ ЗАКУПКАМ РЕСПУБЛИКИ ДАГЕСТАН;07.05.2026;09.06.2026;Закупка завершена;;;25.05.2026;
44-ФЗ;№0103200008426003760;Открытый конкурс в электронной форме на проведение работ по строительству, реконструкции, кап. ремонту, сносу объекта кап. строительства в соответствии с п. 8 ч. 1 ст. 33 Закона № 44-ФЗ;Выполнение подрядных работ по строительству объекта: Реконструкция водопровода Цолода-Верхнее Инхело Ахвахского района;;'262057200666605720100100590014221414;;;215877482.00;RUB;0;;;;;;"ГОСУДАРСТВЕННОЕ КАЗЕННОЕ УЧРЕЖДЕНИЕ РЕСПУБЛИКИ ДАГЕСТАН ""ДИРЕКЦИЯ ЕДИНОГО ГОСУДАРСТВЕННОГО ЗАКАЗЧИКА-ЗАСТРОЙЩИКА""";КОМИТЕТ ПО ГОСУДАРСТВЕННЫМ ЗАКУПКАМ РЕСПУБЛИКИ ДАГЕСТАН;30.04.2026;09.06.2026;Закупка завершена;;;26.05.2026;
44-ФЗ;№0188300005426000077;Электронный аукцион;"Работы по устройству основания и монтаж спортивно-технологического оборудования ""Готов к труду и обороне""";;'263870900238787090100100370014399244;;;12265131.19;RUB;0;;;;;;АДМИНИСТРАЦИЯ ГОРОДСКОГО ОКРУГА АНАДЫРЬ;АДМИНИСТРАЦИЯ ГОРОДСКОГО ОКРУГА АНАДЫРЬ;20.05.2026;09.06.2026;Определение поставщика отменено;;;28.05.2026;
44-ФЗ;№0188300005426000075;Электронный аукцион;"Работы по устройству основания и монтаж спортивно-технологического оборудования ""Умной спортивной площадки""";;'263870900238787090100100360024399244;;;30908284.87;RUB;0;;;;;;АДМИНИСТРАЦИЯ ГОРОДСКОГО ОКРУГА АНАДЫРЬ;АДМИНИСТРАЦИЯ ГОРОДСКОГО ОКРУГА АНАДЫРЬ;19.05.2026;09.06.2026;Определение поставщика отменено;;;27.05.2026;
44-ФЗ;№0188300005426000074;Электронный аукцион;"Работы по устройству основания и монтаж спортивно-технологического оборудования ""Умной спортивной площадки""";;'263870900238787090100100360014399244;;;32277816.00;RUB;0;;;;;;АДМИНИСТРАЦИЯ ГОРОДСКОГО ОКРУГА АНАДЫРЬ;АДМИНИСТРАЦИЯ ГОРОДСКОГО ОКРУГА АНАДЫРЬ;19.05.2026;09.06.2026;Определение поставщика отменено;;;27.05.2026;
44-ФЗ;№0302100010926000005;Электронный аукцион; Поставка светодиодных экранов (кулисы светодиодные);;'261032301577303230100100140042790244;;;5271670.00;RUB;0;;;;;;"ФЕДЕРАЛЬНОЕ ГОСУДАРСТВЕННОЕ БЮДЖЕТНОЕ ОБРАЗОВАТЕЛЬНОЕ УЧРЕЖДЕНИЕ ВЫСШЕГО ОБРАЗОВАНИЯ ""ВОСТОЧНО-СИБИРСКИЙ ГОСУДАРСТВЕННЫЙ ИНСТИТУТ КУЛЬТУРЫ""";"ФЕДЕРАЛЬНОЕ ГОСУДАРСТВЕННОЕ БЮДЖЕТНОЕ ОБРАЗОВАТЕЛЬНОЕ УЧРЕЖДЕНИЕ ВЫСШЕГО ОБРАЗОВАНИЯ ""ВОСТОЧНО-СИБИРСКИЙ ГОСУДАРСТВЕННЫЙ ИНСТИТУТ КУЛЬТУРЫ""";04.05.2026;09.06.2026;Закупка завершена;;;18.05.2026;
44-ФЗ;№0351100002326000146;Электронный аукцион на проведение работ по строительству, реконструкции, кап. ремонту, сносу объекта кап. строительства в соответствии с п. 8 ч. 1 ст. 33 Закона № 44-ФЗ;Монтаж систем видеонаблюдения, контроля управления доступом в зданиях и помещениях  ФГБУ «ННИИТ» Минздрава России по адресу: г.Новосибирск, ул.Охотская, д.81 А;;'261540110939654020100100260034321244;;;6337591.00;RUB;0;;;;;;"ФЕДЕРАЛЬНОЕ ГОСУДАРСТВЕННОЕ БЮДЖЕТНОЕ УЧРЕЖДЕНИЕ ""НОВОСИБИРСКИЙ НАУЧНО-ИССЛЕДОВАТЕЛЬСКИЙ ИНСТИТУТ ТУБЕРКУЛЕЗА"" МИНИСТЕРСТВА ЗДРАВООХРАНЕНИЯ РОССИЙСКОЙ ФЕДЕРАЦИИ";"ФЕДЕРАЛЬНОЕ ГОСУДАРСТВЕННОЕ БЮДЖЕТНОЕ УЧРЕЖДЕНИЕ ""НОВОСИБИРСКИЙ НАУЧНО-ИССЛЕДОВАТЕЛЬСКИЙ ИНСТИТУТ ТУБЕРКУЛЕЗА"" МИНИСТЕРСТВА ЗДРАВООХРАНЕНИЯ РОССИЙСКОЙ ФЕДЕРАЦИИ";21.05.2026;09.06.2026;Определение поставщика отменено;;;29.05.2026;
44-ФЗ;№0188300005426000088;Электронный аукцион;Ремонт основания и травмобезопасного покрытия детских площадок в городском округе Анадырь;;'263870900238787090100100390044399244;;;11316560.81;RUB;0;;;;;;АДМИНИСТРАЦИЯ ГОРОДСКОГО ОКРУГА АНАДЫРЬ;АДМИНИСТРАЦИЯ ГОРОДСКОГО ОКРУГА АНАДЫРЬ;23.05.2026;09.06.2026;Закупка завершена;;;01.06.2026;
44-ФЗ;№0121300045726000110;Открытый конкурс в электронной форме;Ремонт автомобильных дорог общего пользования местного значения ММО СК;;'263263004655126300100100190020000244;;;35772602.92;RUB;0;;;;;;УПРАВЛЕНИЕ МУНИЦИПАЛЬНОГО ХОЗЯЙСТВА АДМИНИСТРАЦИИ МИНЕРАЛОВОДСКОГО МУНИЦИПАЛЬНОГО ОКРУГА СТАВРОПОЛЬСКОГО КРАЯ;АДМИНИСТРАЦИЯ МИНЕРАЛОВОДСКОГО МУНИЦИПАЛЬНОГО ОКРУГА СТАВРОПОЛЬСКОГО КРАЯ;14.05.2026;08.06.2026;Определение поставщика отменено;;;01.06.2026;
44-ФЗ;№0121300045726000112;Открытый конкурс в электронной форме;Ремонт автомобильных дорог общего пользования местного значения ММО СК;;'263263004655126300100100190040000244;;;22837173.72;RUB;0;;;;;;УПРАВЛЕНИЕ МУНИЦИПАЛЬНОГО ХОЗЯЙСТВА АДМИНИСТРАЦИИ МИНЕРАЛОВОДСКОГО МУНИЦИПАЛЬНОГО ОКРУГА СТАВРОПОЛЬСКОГО КРАЯ;АДМИНИСТРАЦИЯ МИНЕРАЛОВОДСКОГО МУНИЦИПАЛЬНОГО ОКРУГА СТАВРОПОЛЬСКОГО КРАЯ;18.05.2026;08.06.2026;Определение поставщика отменено;;;01.06.2026;
44-ФЗ;№0373200140226000027;Электронный аукцион;"Оказание услуг по уборке и содержанию прилегающей территории ГБПОУ ""26 КАДР"" 2026-2027 гг.";;'262772335616077230100100510010000244;;;22702611.18;RUB;0;;;;;;"ГОСУДАРСТВЕННОЕ БЮДЖЕТНОЕ ПРОФЕССИОНАЛЬНОЕ ОБРАЗОВАТЕЛЬНОЕ УЧРЕЖДЕНИЕ ГОРОДА МОСКВЫ ""КОЛЛЕДЖ АРХИТЕКТУРЫ, ДИЗАЙНА И РЕИНЖИНИРИНГА № 26""";"ГОСУДАРСТВЕННОЕ БЮДЖЕТНОЕ ПРОФЕССИОНАЛЬНОЕ ОБРАЗОВАТЕЛЬНОЕ УЧРЕЖДЕНИЕ ГОРОДА МОСКВЫ ""КОЛЛЕДЖ АРХИТЕКТУРЫ, ДИЗАЙНА И РЕИНЖИНИРИНГА № 26""";13.05.2026;08.06.2026;Закупка завершена;;;21.05.2026;
44-ФЗ;№0360100034026000010;Запрос котировок в электронной форме;Поставка мебели (кровати) для оснащения общежития №6, расположенного по адресу: г. Саратов, ул. Бахметьевская, д.5;;'261645502419764550100100150010000244;;;8916899.25;RUB;0;;;;;;"ФЕДЕРАЛЬНОЕ ГОСУДАРСТВЕННОЕ БЮДЖЕТНОЕ ОБРАЗОВАТЕЛЬНОЕ УЧРЕЖДЕНИЕ ВЫСШЕГО ОБРАЗОВАНИЯ ""САРАТОВСКИЙ ГОСУДАРСТВЕННЫЙ УНИВЕРСИТЕТ ГЕНЕТИКИ, БИОТЕХНОЛОГИИ И ИНЖЕНЕРИИ ИМЕНИ Н.И. ВАВИЛОВА""";"ФЕДЕРАЛЬНОЕ ГОСУДАРСТВЕННОЕ БЮДЖЕТНОЕ ОБРАЗОВАТЕЛЬНОЕ УЧРЕЖДЕНИЕ ВЫСШЕГО ОБРАЗОВАНИЯ ""САРАТОВСКИЙ ГОСУДАРСТВЕННЫЙ УНИВЕРСИТЕТ ГЕНЕТИКИ, БИОТЕХНОЛОГИИ И ИНЖЕНЕРИИ ИМЕНИ Н.И. ВАВИЛОВА""";18.05.2026;08.06.2026;Закупка завершена;;;25.05.2026;
44-ФЗ;№0372100037026000010;Открытый конкурс в электронной форме;Разработка проектно-сметной документации для выполнения комплексного капитального ремонта здания общежития и получение положительного заключения государственной экспертизы;;'261781204791178390100100300017112243;;;9238010.00;RUB;0;;;;;;"ФЕДЕРАЛЬНОЕ ГОСУДАРСТВЕННОЕ БЮДЖЕТНОЕ ОБРАЗОВАТЕЛЬНОЕ УЧРЕЖДЕНИЕ ВЫСШЕГО ОБРАЗОВАНИЯ ""НАЦИОНАЛЬНЫЙ ГОСУДАРСТВЕННЫЙ УНИВЕРСИТЕТ ФИЗИЧЕСКОЙ КУЛЬТУРЫ, СПОРТА И ЗДОРОВЬЯ ИМЕНИ П.Ф. ЛЕСГАФТА, САНКТ-ПЕТЕРБУРГ""";"ФЕДЕРАЛЬНОЕ ГОСУДАРСТВЕННОЕ БЮДЖЕТНОЕ ОБРАЗОВАТЕЛЬНОЕ УЧРЕЖДЕНИЕ ВЫСШЕГО ОБРАЗОВАНИЯ ""НАЦИОНАЛЬНЫЙ ГОСУДАРСТВЕННЫЙ УНИВЕРСИТЕТ ФИЗИЧЕСКОЙ КУЛЬТУРЫ, СПОРТА И ЗДОРОВЬЯ ИМЕНИ П.Ф. ЛЕСГАФТА, САНКТ-ПЕТЕРБУРГ""";15.05.2026;08.06.2026;Закупка завершена;;;01.06.2026;
44-ФЗ;№0105500000226001025;Электронный аукцион;Поставка и оказание услуг по пуску и наладке серверного и сетевого оборудования;;'262081413442008160100100130010000244;;;49299717.14;RUB;0;;;;;;"КАЗЕННОЕ УЧРЕЖДЕНИЕ РЕСПУБЛИКИ КАЛМЫКИЯ ""ЦЕНТР ЗАНЯТОСТИ НАСЕЛЕНИЯ РЕСПУБЛИКИ КАЛМЫКИЯ""";СЛУЖБА РЕГУЛИРОВАНИЯ КОНТРАКТНОЙ СИСТЕМЫ В СФЕРЕ ЗАКУПОК РЕСПУБЛИКИ КАЛМЫКИЯ;13.05.2026;08.06.2026;Закупка завершена;;;22.05.2026;
44-ФЗ;№0895100000126000556;Электронный аукцион;Поставка оборудования лабораторного ;;'261616515715661610100100050012651244;;;8567630.06;RUB;0;;;;;;МЕЖРЕГИОНАЛЬНОЕ УПРАВЛЕНИЕ ФЕДЕРАЛЬНОЙ СЛУЖБЫ ПО КОНТРОЛЮ ЗА АЛКОГОЛЬНЫМ И ТАБАЧНЫМ РЫНКАМИ ПО ЮЖНОМУ ФЕДЕРАЛЬНОМУ ОКРУГУ;"ФЕДЕРАЛЬНОЕ КАЗЕННОЕ УЧРЕЖДЕНИЕ ""ЦЕНТР ПО ОБЕСПЕЧЕНИЮ ДЕЯТЕЛЬНОСТИ КАЗНАЧЕЙСТВА РОССИИ""";13.05.2026;08.06.2026;Закупка завершена;;;21.05.2026;
44-ФЗ;№0587600003926000024;Электронный аукцион на проведение работ по строительству, реконструкции, кап. ремонту, сносу объекта кап. строительства в соответствии с п. 8 ч. 1 ст. 33 Закона № 44-ФЗ;Снос здания котельной бани: назначение: нежилое, кадастровый № 86:02:1211005:2022, адрес (местонахождение) объекта: Российская Федерация, Ханты-Мансийский автономный округ - Югра, Ханты-Мансийский район, п. Горноправдинск, пер. Школьный, д. 1Б;;'263861800534186180100100180014311000;;;6689322.17;RUB;0;;;;;;"МУНИЦИПАЛЬНОЕ ПРЕДПРИЯТИЕ ""ЖЭК-3"" ХАНТЫ-МАНСИЙСКОГО РАЙОНА";"МУНИЦИПАЛЬНОЕ ПРЕДПРИЯТИЕ ""ЖЭК-3"" ХАНТЫ-МАНСИЙСКОГО РАЙОНА";06.05.2026;08.06.2026;Закупка завершена;;;14.05.2026;
44-ФЗ;№0133200001726001546;Электронный аукцион;Поставка медицинских изделий;;'262372800215037020100101530013250244;;;17000000.00;RUB;0;;;;;;"ОБЛАСТНОЕ БЮДЖЕТНОЕ УЧРЕЖДЕНИЕ ЗДРАВООХРАНЕНИЯ ""ИВАНОВСКИЙ ОБЛАСТНОЙ ОНКОЛОГИЧЕСКИЙ ДИСПАНСЕР""";ДЕПАРТАМЕНТ КОНКУРСОВ И АУКЦИОНОВ ИВАНОВСКОЙ ОБЛАСТИ;22.05.2026;08.06.2026;Закупка завершена;;;01.06.2026;
44-ФЗ;№0843500000226001633;Открытый конкурс в электронной форме;Выполнение работ по ремонту автомобильной дороги Подъезд к Медведское в Щучанском муниципальном округе Курганской области на участке км 0+000 - км 1+316;;'262450120739545010100100200024211244;;;35864075.34;RUB;0;;;;;;"ГОСУДАРСТВЕННОЕ КАЗЕННОЕ УЧРЕЖДЕНИЕ ""КУРГАНАВТОДОР""";"ГОСУДАРСТВЕННОЕ КАЗЕННОЕ УЧРЕЖДЕНИЕ ""ЦЕНТР ЗАКУПОК И БУХГАЛТЕРСКОГО УЧЕТА КУРГАНСКОЙ ОБЛАСТИ""";03.04.2026;08.06.2026;Закупка завершена;;;20.04.2026;
44-ФЗ;№0310300026226000102;Открытый конкурс в электронной форме;Выполнение работ по расчистке русла реки;;'263151306012715130100100030014291244;;;9774643.21;RUB;0;;;;;;УПРАВЛЕНИЕ ДОРОЖНОГО СТРОИТЕЛЬСТВА И ОРГАНИЗАЦИИ ДОРОЖНОГО ДВИЖЕНИЯ АДМИНИСТРАЦИИ МЕСТНОГО САМОУПРАВЛЕНИЯ ГОРОДА ВЛАДИКАВКАЗА;АДМИНИСТРАЦИЯ МЕСТНОГО САМОУПРАВЛЕНИЯ Г.ВЛАДИКАВКАЗ;01.04.2026;08.06.2026;Закупка завершена;;;26.05.2026;
44-ФЗ;№0375200037426000090;Электронный аукцион;Поставка изделий медицинского назначения «Перчатки латексные нестерильные»;;262910500710591050100100430012219244, 262910206577291020100100260012219244, 262911100927791110100100230012219244, 262910207039591020100101990012219244, 262911100862991110100101030012219244, 262910206621591020100100380012219244, 262910206685791020100100630012219244, 261910206500391020100103780012219244, 262910600700291060100100300012219244, 262910600806091060100100250012219244, 262910900821291090100100390012219244, 262910206409591020100100940012219244, 262911008710691100100100380012219244, 262910206353591020100100250012219244, 262910216739791020100100380012219244, 262910900879891090100100570012219244;;;47789069.00;RUB;0;;;;;;;"ГОСУДАРСТВЕННОЕ БЮДЖЕТНОЕ УЧРЕЖДЕНИЕ ЗДРАВООХРАНЕНИЯ РЕСПУБЛИКИ КРЫМ ""КЕРЧЕНСКАЯ БОЛЬНИЦА №1 ИМ. Н.И.ПИРОГОВА""";01.04.2026;08.06.2026;Закупка завершена;;;09.04.2026;
44-ФЗ;№0360200054026000028;Открытый конкурс в электронной форме на проведение работ по строительству, реконструкции, кап. ремонту, сносу объекта кап. строительства в соответствии с п. 8 ч. 1 ст. 33 Закона № 44-ФЗ;Капитальный ремонт автомобильной дороги «Обход р.п. Новые Бурасы» на участках км 0+040 - км 1+760, км 3+562 - км 4+190 в Новобурасском районе Саратовской области. Устройство наружного освещения;;'262645211818264520100100390014211243;;;20167937.12;RUB;0;;;;;;"ГОСУДАРСТВЕННОЕ КАЗЕННОЕ УЧРЕЖДЕНИЕ САРАТОВСКОЙ ОБЛАСТИ ""ДИРЕКЦИЯ ДОРОЖНОГО ХОЗЯЙСТВА""";"ГОСУДАРСТВЕННОЕ КАЗЕННОЕ УЧРЕЖДЕНИЕ САРАТОВСКОЙ ОБЛАСТИ ""ДИРЕКЦИЯ ДОРОЖНОГО ХОЗЯЙСТВА""";07.05.2026;08.06.2026;Закупка завершена;;;26.05.2026;
44-ФЗ;№0311300098126000262;Электронный аукцион;Поставка реагентов и расходных материалов для иммуногематологических исследований на анализаторе ORTHO VISION ;;'262165801224716570100101900022120244;;;6190398.38;RUB;0;;;;;;"ГОСУДАРСТВЕННОЕ АВТОНОМНОЕ УЧРЕЖДЕНИЕ ЗДРАВООХРАНЕНИЯ ""ГОРОДСКАЯ КЛИНИЧЕСКАЯ БОЛЬНИЦА №7 ИМЕНИ М.Н.САДЫКОВА"" Г.КАЗАНИ";"ГОСУДАРСТВЕННОЕ АВТОНОМНОЕ УЧРЕЖДЕНИЕ ЗДРАВООХРАНЕНИЯ ""ГОРОДСКАЯ КЛИНИЧЕСКАЯ БОЛЬНИЦА №7 ИМЕНИ М.Н.САДЫКОВА"" Г.КАЗАНИ";20.05.2026;08.06.2026;Закупка завершена;;;28.05.2026;
44-ФЗ;№0173100012626000041;Электронный аукцион на проведение работ по строительству, реконструкции, кап. ремонту, сносу объекта кап. строительства в соответствии с п. 8 ч. 1 ст. 33 Закона № 44-ФЗ;Выполнение работ по сносу самовольно возведенного объекта: трехэтажного жилого дома размерами 14,4 м. х 15,7 м., расположенного на земельном участке площадью 10164 кв.м., с кадастровым номером 23:49:0402037:11, по адресу: город Сочи, Адлерский район, ул. Цветочная, ПЖСК «Акватория» и приведение земельного участка в первоначальное состояние в рамках гражданского дела № 2-2583/2012, а также исполнительного производства № 3355/21/99003-ИП от 25.10.2017;;'261770957692977020100100700024311244;;;26027090.00;RUB;0;;;;;;ФЕДЕРАЛЬНАЯ СЛУЖБА СУДЕБНЫХ ПРИСТАВОВ;ФЕДЕРАЛЬНАЯ СЛУЖБА СУДЕБНЫХ ПРИСТАВОВ;15.05.2026;08.06.2026;Закупка завершена;;;25.05.2026;
44-ФЗ;№0813500000126009502;Электронный аукцион;зз-0014-21590 - 2026 Система ультразвуковой визуализации универсальная, с питанием от сети;;'262183109030118310100100170012660244;;;7480000.00;RUB;0;;;;;;"БЮДЖЕТНОЕ УЧРЕЖДЕНИЕ ЗДРАВООХРАНЕНИЯ УДМУРТСКОЙ РЕСПУБЛИКИ ""ГОРОДСКАЯ ПОЛИКЛИНИКА № 1 МИНИСТЕРСТВА ЗДРАВООХРАНЕНИЯ УДМУРТСКОЙ РЕСПУБЛИКИ""";"ГОСУДАРСТВЕННОЕ КАЗЕННОЕ УЧРЕЖДЕНИЕ УДМУРТСКОЙ РЕСПУБЛИКИ ""РЕГИОНАЛЬНЫЙ ЦЕНТР ЗАКУПОК УДМУРТСКОЙ РЕСПУБЛИКИ""";20.05.2026;08.06.2026;Закупка завершена;;;28.05.2026;
44-ФЗ;№0815500000526007506;Электронный аукцион;Поставка оборудования, монтаж и пуско-наладочные работы для создания муниципальной системы оповещения населения в Красноармейском муниципальном округе Чувашской Республики;;'263213700008221370100100180012640242;;;5450240.00;RUB;0;;;;;;АДМИНИСТРАЦИЯ КРАСНОАРМЕЙСКОГО МУНИЦИПАЛЬНОГО ОКРУГА ЧУВАШСКОЙ РЕСПУБЛИКИ;"КАЗЕННОЕ УЧРЕЖДЕНИЕ ЧУВАШСКОЙ РЕСПУБЛИКИ ""РЕГИОНАЛЬНЫЙ ЦЕНТР ЗАКУПОК ЧУВАШСКОЙ РЕСПУБЛИКИ""";22.05.2026;08.06.2026;Закупка завершена;;;01.06.2026;
44-ФЗ;№0136500001126003019;Запрос котировок в электронной форме;Поставка интерактивных панелей;;'262695023587669500100100110012620244;;;5278666.72;RUB;0;;;;;;МИНИСТЕРСТВО СЕМЕЙНОЙ И ДЕМОГРАФИЧЕСКОЙ ПОЛИТИКИ ТВЕРСКОЙ  ОБЛАСТИ;КОМИТЕТ ГОСУДАРСТВЕННОГО ЗАКАЗА ТВЕРСКОЙ ОБЛАСТИ;15.05.2026;08.06.2026;Закупка завершена;;;22.05.2026;
44-ФЗ;№0318400002826000005;Электронный аукцион;Поставка корма для осетровых видов рыб для нужд Азово-Черноморского филиала ФГБУ «Главрыбвод»;;'261770804488023114300100050031091244;;;6669327.35;RUB;0;;;;;;"АЗОВО-ЧЕРНОМОРСКИЙ ФИЛИАЛ ФЕДЕРАЛЬНОГО ГОСУДАРСТВЕННОГО БЮДЖЕТНОГО УЧРЕЖДЕНИЯ ""ГЛАВНОЕ БАССЕЙНОВОЕ УПРАВЛЕНИЕ ПО РЫБОЛОВСТВУ И СОХРАНЕНИЮ ВОДНЫХ БИОЛОГИЧЕСКИХ РЕСУРСОВ""";"АЗОВО-ЧЕРНОМОРСКИЙ ФИЛИАЛ ФЕДЕРАЛЬНОГО ГОСУДАРСТВЕННОГО БЮДЖЕТНОГО УЧРЕЖДЕНИЯ ""ГЛАВНОЕ БАССЕЙНОВОЕ УПРАВЛЕНИЕ ПО РЫБОЛОВСТВУ И СОХРАНЕНИЮ ВОДНЫХ БИОЛОГИЧЕСКИХ РЕСУРСОВ""";19.05.2026;08.06.2026;Закупка завершена;;;27.05.2026;
44-ФЗ;№0104300011326000047;Открытый конкурс в электронной форме;Разработка проектно-сметной документации;;'263070000214807000100100110017112244;;;17500000.00;RUB;0;;;;;;"МУНИЦИПАЛЬНОЕ КАЗЕННОЕ УЧРЕЖДЕНИЕ ""УПРАВЛЕНИЕ ПО РАЗВИТИЮ ТЕРРИТОРИИ МЕСТНОЙ АДМИНИСТРАЦИИ ЧЕГЕМСКОГО МУНИЦИПАЛЬНОГО РАЙОНА""";МЕСТНАЯ АДМИНИСТРАЦИЯ ЧЕГЕМСКОГО МУНИЦИПАЛЬНОГО РАЙОНА;20.04.2026;08.06.2026;Определение поставщика отменено;;;06.05.2026;
44-ФЗ;№0372200217026000001;Открытый конкурс в электронной форме;Оказание услуг по организации и проведению фестиваля «Форум малых музеев» в 2026 году.;;'262782610698078380100100110018412244;;;5600000.00;RUB;0;;;;;;"САНКТ-ПЕТЕРБУРГСКОЕ ГОСУДАРСТВЕННОЕ БЮДЖЕТНОЕ УЧРЕЖДЕНИЕ КУЛЬТУРЫ ""МЕМОРИАЛЬНЫЙ МУЗЕЙ ""РАЗНОЧИННЫЙ ПЕТЕРБУРГ""";"САНКТ-ПЕТЕРБУРГСКОЕ ГОСУДАРСТВЕННОЕ БЮДЖЕТНОЕ УЧРЕЖДЕНИЕ КУЛЬТУРЫ ""МЕМОРИАЛЬНЫЙ МУЗЕЙ ""РАЗНОЧИННЫЙ ПЕТЕРБУРГ""";15.05.2026;08.06.2026;Закупка завершена;;;01.06.2026;
44-ФЗ;№0345300065824000053;Открытый конкурс в электронной форме на проведение работ по строительству, реконструкции, кап. ремонту, сносу объекта кап. строительства в соответствии с п. 8 ч. 1 ст. 33 Закона № 44-ФЗ;"Капитальный ремонт помещений 1 этажа МОУ ДО ""ЦДЮТ"" по адресу: Ленинградская область, Лужский район, г. Луга, пр. Урицкого, д. 54";;'243471002320047100100100080014120243;;;7701750.00;RUB;0;;;;;;"МУНИЦИПАЛЬНОЕ ОБРАЗОВАТЕЛЬНОЕ УЧРЕЖДЕНИЕ ДОПОЛНИТЕЛЬНОГО ОБРАЗОВАНИЯ ""ЦЕНТР ДЕТСКОГО И ЮНОШЕСКОГО ТВОРЧЕСТВА""";"МУНИЦИПАЛЬНОЕ КАЗЁННОЕ УЧРЕЖДЕНИЕ ""ЛУЖСКИЙ ЦЕНТР БУХГАЛТЕРСКОГО УЧЁТА И КОНТРОЛЯ""";26.07.2024;08.06.2026;Определение поставщика отменено;;;07.08.2024;
223-ФЗ;№32615953158;Иной способ;Закупка в электронном магазине № 32 на право заключения договора подряда на выполнение работ по расчистке просек ВЛ 35 кВ ПО ВЭС филиала ПАО «Россети Сибирь» – «Красноярскэнерго» в 2026 г.;;;1;Выполнение работ по расчистке просек ВЛ 35 кВ ПО ВЭС филиала ПАО «Россети Сибирь» – «Красноярскэнерго» в 2026 г.;19483424.73;RUB;19483424.73;;;;43.12.11.140: Работы по расчистке территории, удалению растительности;;"ПУБЛИЧНОЕ АКЦИОНЕРНОЕ ОБЩЕСТВО ""РОССЕТИ СИБИРЬ""";"ПУБЛИЧНОЕ АКЦИОНЕРНОЕ ОБЩЕСТВО ""РОССЕТИ СИБИРЬ""";27.04.2026;08.06.2026;Закупка завершена;;;30.04.2026 16:00;
223-ФЗ;№32615888643;Иной способ;"Поставка грузового автомобиля с тентом на базе автомобильного шасси для ПО КЭС ООО ""Башкирэнерго"" 26-003877 (4403436)";;;1;"Поставка грузового автомобиля с тентом на базе автомобильного шасси для ПО КЭС ООО ""Башкирэнерго"" 26-003877";23513857.65;RUB;23513857.65;;;;29.10.59.390: Средства автотранспортные специального назначения прочие, не включенные в другие группировки;;"ОБЩЕСТВО С ОГРАНИЧЕННОЙ ОТВЕТСТВЕННОСТЬЮ ""БАШКИРСКИЕ РАСПРЕДЕЛИТЕЛЬНЫЕ ЭЛЕКТРИЧЕСКИЕ СЕТИ""";"АКЦИОНЕРНОЕ ОБЩЕСТВО ""БАШКИРСКАЯ ЭЛЕКТРОСЕТЕВАЯ КОМПАНИЯ""";08.04.2026;08.06.2026;Закупка завершена;;;17.04.2026 14:00;
44-ФЗ;№0843500000226002431;Открытый конкурс в электронной форме на проведение работ по строительству, реконструкции, кап. ремонту, сносу объекта кап. строительства в соответствии с п. 8 ч. 1 ст. 33 Закона № 44-ФЗ;Капитальный ремонт канализационного коллектора по ул. Февральская (от ШААЗ до ул. Спартака-Свердлова) в г. Шадринске;;'263450202546145020100100050014221243;;;61920550.63;RUB;0;;;;;;"МУНИЦИПАЛЬНОЕ БЮДЖЕТНОЕ УЧРЕЖДЕНИЕ МУНИЦИПАЛЬНОГО ОБРАЗОВАНИЯ - ГОРОД ШАДРИНСК ""ШАДРИНСКИЙ ЛЕСХОЗ""";"ГОСУДАРСТВЕННОЕ КАЗЕННОЕ УЧРЕЖДЕНИЕ ""ЦЕНТР ЗАКУПОК И БУХГАЛТЕРСКОГО УЧЕТА КУРГАНСКОЙ ОБЛАСТИ""";06.05.2026;08.06.2026;Закупка завершена;;;22.05.2026;
44-ФЗ;№0148200005426000189;Открытый конкурс в электронной форме;Выполнение работ по круглогодичному содержанию автомобильных дорог регионального или межмуниципального значения Московской области и их элементов (Лот 31);;'262500000152550240100107480014211244;;;223718976.57;RUB;0;;;;;;"ГОСУДАРСТВЕННОЕ БЮДЖЕТНОЕ УЧРЕЖДЕНИЕ МОСКОВСКОЙ ОБЛАСТИ ""МОСАВТОДОР""";КОМИТЕТ ПО КОНКУРЕНТНОЙ ПОЛИТИКЕ МОСКОВСКОЙ ОБЛАСТИ;08.05.2026;08.06.2026;Закупка завершена;;;28.05.2026;
223-ФЗ;№32616000479;Конкурс в электронной форме, участниками которого могут быть только субъекты малого и среднего предпринимательства;ОКПД2 29.10.51 Поставка автокрана в рамках инвестиционного проекта P_510-2-61 для нужд филиала «Аркагалинская ГРЭС» ПАО «Магаданэнерго»;;;1;ОКПД2 29.10.51 Поставка автокрана в рамках инвестиционного проекта P_510-2-61 для нужд филиала «Аркагалинская ГРЭС» ПАО «Магаданэнерго»;20901639.34;RUB;20901639.34;;;;29.10.51: Автокраны;;"ПУБЛИЧНОЕ АКЦИОНЕРНОЕ ОБЩЕСТВО ЭНЕРГЕТИКИ И ЭЛЕКТРИФИКАЦИИ ""МАГАДАНЭНЕРГО""";"ПУБЛИЧНОЕ АКЦИОНЕРНОЕ ОБЩЕСТВО ЭНЕРГЕТИКИ И ЭЛЕКТРИФИКАЦИИ ""МАГАДАНЭНЕРГО""";13.05.2026;08.06.2026;Закупка завершена;;;29.05.2026 17:00;
44-ФЗ;№0172200000426000026;Открытый конкурс в электронной форме;Оказание услуг по организации приготовления и доставке горячего лечебного питания  для пациентов СПб ГБУЗ «Городская больница №20»;;'262781024760178100100100490015629244;;;20000000.00;RUB;0;;;;;;"САНКТ-ПЕТЕРБУРГСКОЕ ГОСУДАРСТВЕННОЕ БЮДЖЕТНОЕ УЧРЕЖДЕНИЕ ЗДРАВООХРАНЕНИЯ ""ГОРОДСКАЯ БОЛЬНИЦА № 20""";АДМИНИСТРАЦИЯ МОСКОВСКОГО РАЙОНА САНКТ-ПЕТЕРБУРГА;25.03.2026;08.06.2026;Закупка завершена;;;22.05.2026;
44-ФЗ;№0172200001026000018;Открытый конкурс в электронной форме;Оказание услуг по организационному и методическому обеспечению проведения мероприятий Международного проекта «VI Петербургская международная неделя балалайки «Русское чудо»;;'262783000259078420100100040110000244;;;11462100.04;RUB;0;;;;;;КОМИТЕТ ПО ВНЕШНИМ СВЯЗЯМ САНКТ-ПЕТЕРБУРГА;КОМИТЕТ ПО ВНЕШНИМ СВЯЗЯМ САНКТ-ПЕТЕРБУРГА;13.05.2026;08.06.2026;Закупка завершена;;;29.05.2026;
44-ФЗ;№0145300006326000063;Открытый конкурс в электронной форме;Благоустройство дворовой территории у многоквартирных жилых домов № 19, 15, 17/1, 17/2 по пр. Ленина, №4, 6 по ул. Чехова г. Тосно (1 этап);;'263471603385447160100100140014299244;;;27306526.13;RUB;0;;;;;;"МУНИЦИПАЛЬНОЕ КАЗЕННОЕ УЧРЕЖДЕНИЕ ""УПРАВЛЕНИЕ ЗДАНИЯМИ, СООРУЖЕНИЯМИ И ОБЪЕКТАМИ ВНЕШНЕГО БЛАГОУСТРОЙСТВА"" ТОСНЕНСКОГО ГОРОДСКОГО ПОСЕЛЕНИЯ ТОСНЕНСКОГО РАЙОНА ЛЕНИНГРАДСКОЙ ОБЛАСТИ";АДМИНИСТРАЦИЯ ТОСНЕНСКОГО МУНИЦИПАЛЬНОГО РАЙОНА ЛЕНИНГРАДСКОЙ ОБЛАСТИ;13.05.2026;08.06.2026;Закупка завершена;;;29.05.2026;
223-ФЗ;№32615947823;Конкурс в электронной форме, участниками которого могут быть только субъекты малого и среднего предпринимательства;Право заключения договора на выполнение проектной и рабочей документации по объекту филиала ПАО «Россети Юг» - «Калмэнерго»: «Реконструкция подстанции ПС 110 кВ Целинная-2 в части ОРУ-110 с заменой СВ-110 (тип МКП-110) на элегазовый выключатель нового образца и установкой СОПТ (АБ), реконструкция здания ОПУ, расположенной в Целинном районе Республики Калмыкия (1ед.)» для нужд филиала ПАО «Россети Юг» - «Калмэнерго»;;;1;Выполнение проектной и рабочей документации по объекту филиала ПАО «Россети Юг» - «Калмэнерго»: «Реконструкция подстанции ПС 110 кВ Целинная-2 в части ОРУ-110 с заменой СВ-110 (тип МКП-110) на элегазовый выключатель нового образца и установкой СОПТ (АБ), реконструкция здания ОПУ, расположенной в Целинном районе Республики Калмыкия (1ед.)»;8527459.18;RUB;8527459.18;;;;71.12: Услуги в области инженерно-технического проектирования и связанные технические консультативные услуги;;"ПУБЛИЧНОЕ АКЦИОНЕРНОЕ ОБЩЕСТВО ""РОССЕТИ ЮГ""";"ПУБЛИЧНОЕ АКЦИОНЕРНОЕ ОБЩЕСТВО ""РОССЕТИ ЮГ""";24.04.2026;08.06.2026;Закупка завершена;;;12.05.2026 11:00;
44-ФЗ;№0851200000626003496;Электронный аукцион;Поставка технических средств автоматической фотовидеофиксации для обеспечения контроля дорожного движения, источников бесперебойного питания для технических средств автоматической фотовидеофиксации;;'262540257005654020100100990010000244;;;23002666.67;RUB;0;;;;;;"ГОСУДАРСТВЕННОЕ КАЗЕННОЕ УЧРЕЖДЕНИЕ НОВОСИБИРСКОЙ ОБЛАСТИ ""ЦЕНТР ОРГАНИЗАЦИИ ДОРОЖНОГО ДВИЖЕНИЯ""";"ГОСУДАРСТВЕННОЕ КАЗЕННОЕ УЧРЕЖДЕНИЕ НОВОСИБИРСКОЙ ОБЛАСТИ ""УПРАВЛЕНИЕ КОНТРАКТНОЙ СИСТЕМЫ""";21.05.2026;08.06.2026;Закупка завершена;;;29.05.2026;
44-ФЗ;№0851200000626003493;Электронный аукцион;Поставка технических средств автоматической фотовидеофиксации для обеспечения контроля дорожного движения, источников бесперебойного питания для технических средств автоматической фотовидеофиксации;;'262540257005654020100100930010000244;;;23350000.00;RUB;0;;;;;;"ГОСУДАРСТВЕННОЕ КАЗЕННОЕ УЧРЕЖДЕНИЕ НОВОСИБИРСКОЙ ОБЛАСТИ ""ЦЕНТР ОРГАНИЗАЦИИ ДОРОЖНОГО ДВИЖЕНИЯ""";"ГОСУДАРСТВЕННОЕ КАЗЕННОЕ УЧРЕЖДЕНИЕ НОВОСИБИРСКОЙ ОБЛАСТИ ""УПРАВЛЕНИЕ КОНТРАКТНОЙ СИСТЕМЫ""";20.05.2026;08.06.2026;Закупка завершена;;;28.05.2026;
44-ФЗ;№0851200000626003495;Электронный аукцион;Поставка технических средств автоматической фотовидеофиксации для обеспечения контроля дорожного движения, источников бесперебойного питания для технических средств автоматической фотовидеофиксации;;'262540257005654020100101010010000244;;;16228666.68;RUB;0;;;;;;"ГОСУДАРСТВЕННОЕ КАЗЕННОЕ УЧРЕЖДЕНИЕ НОВОСИБИРСКОЙ ОБЛАСТИ ""ЦЕНТР ОРГАНИЗАЦИИ ДОРОЖНОГО ДВИЖЕНИЯ""";"ГОСУДАРСТВЕННОЕ КАЗЕННОЕ УЧРЕЖДЕНИЕ НОВОСИБИРСКОЙ ОБЛАСТИ ""УПРАВЛЕНИЕ КОНТРАКТНОЙ СИСТЕМЫ""";20.05.2026;08.06.2026;Закупка завершена;;;28.05.2026;
44-ФЗ;№0373200014226000297;Открытый конкурс в электронной форме;Выполнение работ по разработке проектно-сметной документации на устройство наружного освещения на территории парка перед посольством КНР;;'262773141398377310100100660010000243;;;17198440.00;RUB;0;;;;;;"ГОСУДАРСТВЕННОЕ БЮДЖЕТНОЕ УЧРЕЖДЕНИЕ ГОРОДА МОСКВЫ ""АВТОМОБИЛЬНЫЕ ДОРОГИ ЗАПАДНОГО АДМИНИСТРАТИВНОГО ОКРУГА""";"ГОСУДАРСТВЕННОЕ КАЗЕННОЕ УЧРЕЖДЕНИЕ ГОРОДА МОСКВЫ ""ДИРЕКЦИЯ ЗАКАЗЧИКА ЖИЛИЩНО-КОММУНАЛЬНОГО ХОЗЯЙСТВА И БЛАГОУСТРОЙСТВА ЗАПАДНОГО АДМИНИСТРАТИВНОГО ОКРУГА""";08.05.2026;08.06.2026;Закупка завершена;;;01.06.2026;
44-ФЗ;№0310100005826000003;Открытый конкурс в электронной форме;Оказание услуг по разработке деклараций безопасности ГТС включая экспертизу;;'261150202586815130100100010018425244;;;15000000.00;RUB;0;;;;;;"ФЕДЕРАЛЬНОЕ ГОСУДАРСТВЕННОЕ БЮДЖЕТНОЕ УЧРЕЖДЕНИЕ ""УПРАВЛЕНИЕ МЕЛИОРАЦИИ ЗЕМЕЛЬ И СЕЛЬСКОХОЗЯЙСТВЕННОГО ВОДОСНАБЖЕНИЯ ПО РЕСПУБЛИКЕ СЕВЕРНАЯ ОСЕТИЯ-АЛАНИЯ""";"ФЕДЕРАЛЬНОЕ ГОСУДАРСТВЕННОЕ БЮДЖЕТНОЕ УЧРЕЖДЕНИЕ ""УПРАВЛЕНИЕ МЕЛИОРАЦИИ ЗЕМЕЛЬ И СЕЛЬСКОХОЗЯЙСТВЕННОГО ВОДОСНАБЖЕНИЯ ПО РЕСПУБЛИКЕ СЕВЕРНАЯ ОСЕТИЯ-АЛАНИЯ""";04.05.2026;08.06.2026;Закупка завершена;;;20.05.2026;
44-ФЗ;№0131300000626000725;Электронный аукцион;работы по сохранению объекта культурного наследия федерального значения «Комплекс зданий Сельскохозяйственного института им. К.Д. Глинки. Школа», расположенного по адресу: Воронежская область, г. Воронеж, ул. Ломоносова, д.96 (Ремонт крыши и системы водоотведения);;'263366605095536660100100210014391243;;;9943366.19;RUB;0;;;;;;МУНИЦИПАЛЬНОЕ БЮДЖЕТНОЕ ОБЩЕОБРАЗОВАТЕЛЬНОЕ УЧРЕЖДЕНИЕ СРЕДНЯЯ ОБЩЕОБРАЗОВАТЕЛЬНАЯ ШКОЛА № 20;АДМИНИСТРАЦИЯ ГОРОДСКОГО ОКРУГА ГОРОД ВОРОНЕЖ;20.05.2026;08.06.2026;Закупка завершена;;;28.05.2026;
44-ФЗ;№0853500000326003762;Запрос котировок в электронной форме;На поставку медицинских изделий (система ультразвуковой визуализации универсальная), ввод в эксплуатацию медицинских изделий, обучение правилам эксплуатации специалистов, эксплуатирующих медицинские изделия;;'262561207412856120100100410012660244;;;9824000.00;RUB;0;;;;;;МИНИСТЕРСТВО ЗДРАВООХРАНЕНИЯ ОРЕНБУРГСКОЙ ОБЛАСТИ;"ГОСУДАРСТВЕННОЕ КАЗЕННОЕ УЧРЕЖДЕНИЕ ОРЕНБУРГСКОЙ ОБЛАСТИ ""ЦЕНТР ОРГАНИЗАЦИИ ЗАКУПОК""";25.05.2026;08.06.2026;Закупка завершена;;;01.06.2026;
44-ФЗ;№0865100001026000029;Электронный аукцион;Система рентгеновская диагностическая передвижная общего назначения, цифровая;;'261790110104670170100100450012660244;;;6862700.00;RUB;0;;;;;;"ФЕДЕРАЛЬНОЕ КАЗЕННОЕ УЧРЕЖДЕНИЕ ЗДРАВООХРАНЕНИЯ ""МЕДИКО-САНИТАРНАЯ ЧАСТЬ № 70 ФЕДЕРАЛЬНОЙ СЛУЖБЫ ИСПОЛНЕНИЯ НАКАЗАНИЙ""";"ФЕДЕРАЛЬНОЕ КАЗЕННОЕ УЧРЕЖДЕНИЕ ЗДРАВООХРАНЕНИЯ ""МЕДИКО-САНИТАРНАЯ ЧАСТЬ № 70 ФЕДЕРАЛЬНОЙ СЛУЖБЫ ИСПОЛНЕНИЯ НАКАЗАНИЙ""";15.05.2026;08.06.2026;Закупка завершена;;;25.05.2026;
44-ФЗ;№0103200008426003927;Открытый конкурс в электронной форме на проведение работ по строительству, реконструкции, кап. ремонту, сносу объекта кап. строительства в соответствии с п. 8 ч. 1 ст. 33 Закона № 44-ФЗ;"Капитальный ремонт и благоустройство территории ГКОУ РД ""Курминская СШИ""";;'262050800584105080100100050030000243;;;19216200.00;RUB;0;;;;;;"ГОСУДАРСТВЕННОЕ КАЗЕННОЕ ОБЩЕОБРАЗОВАТЕЛЬНОЕ УЧРЕЖДЕНИЕ РЕСПУБЛИКИ ДАГЕСТАН ""КУРМИНСКАЯ СРЕДНЯЯ  ШКОЛА - ИНТЕРНАТ""";КОМИТЕТ ПО ГОСУДАРСТВЕННЫМ ЗАКУПКАМ РЕСПУБЛИКИ ДАГЕСТАН;15.05.2026;08.06.2026;Закупка завершена;;;01.06.2026;
44-ФЗ;№0848300041026000104;Электронный аукцион;"Поставка коммунальной специализированной техники (Шредер (дробилка) мобильная универсальная) для нужд МБУ городского округа Кашира ""Благоустройство""";;'263501902746050190100100290012892244;;;18486000.00;RUB;0;;;;;;"МУНИЦИПАЛЬНОЕ БЮДЖЕТНОЕ УЧРЕЖДЕНИЕ ГОРОДСКОГО ОКРУГА КАШИРА ""БЛАГОУСТРОЙСТВО""";"МУНИЦИПАЛЬНОЕ КАЗЕННОЕ УЧРЕЖДЕНИЕ ""КОМИТЕТ ПО ЗАКУПКАМ"" ГОРОДСКОГО ОКРУГА КАШИРА";30.04.2026;08.06.2026;Закупка завершена;;;26.05.2026;
223-ФЗ;№32615895143;Иной способ;Благоустройство территории и восстановление асфальтового покрытия на объектах ООО «РВК-Орск» для нужд ООО «Оренбург Водоканал»;;;1;Благоустройство территории и восстановление асфальтового покрытия на объектах ООО «РВК-Орск» для нужд ООО «Оренбург Водоканал»;15000000.00;RUB;15000000.00;;;;42.11.10.120: Дороги автомобильные, в том числе улично-дорожная сеть, и прочие автомобильные и пешеходные дороги;;"ОБЩЕСТВО С ОГРАНИЧЕННОЙ ОТВЕТСТВЕННОСТЬЮ  ""ОРЕНБУРГ ВОДОКАНАЛ""";"ОБЩЕСТВО С ОГРАНИЧЕННОЙ ОТВЕТСТВЕННОСТЬЮ  ""ОРЕНБУРГ ВОДОКАНАЛ""";09.04.2026;08.06.2026;Закупка завершена;;;06.05.2026 16:30;
223-ФЗ;№32616028069;Конкурс в электронной форме, участниками которого могут быть только субъекты малого и среднего предпринимательства;Право заключения договора на выполнение комплекса работ «под ключ» (в том числе: подготовка исходно-разрешительной документации, проектная и рабочая документация, строительно-монтажные, электромонтажные и пусконаладочные работы, поставка оборудования) по объекту технологического присоединения филиала ПАО «Россети Юг»-«Астраханьэнерго»: «Строительство ЛЭП-10 кВ и установка КТП-10/0,4 кВ ф.36 ПС 110/10 кВ Кири-Кили для электроснабжения земельного участка (для объекта дорожного сервиса), расположенного по адресу: ул.Автозаправочная, (к/н: 30:12:020164:709), г.Астрахань.» для нужд филиала ПАО «Россети Юг» - «Астраханьэнерго»;;;1;выполнение комплекса работ «под ключ» (в том числе: подготовка исходно-разрешительной документации, проектная и рабочая документация, строительно-монтажные, электромонтажные и пусконаладочные работы, поставка оборудования) по объекту технологического присоединения филиала ПАО «Россети Юг»-«Астраханьэнерго»: «Строительство ЛЭП-10 кВ и установка КТП-10/0,4 кВ ф.36 ПС 110/10 кВ Кири-Кили для электроснабжения земельного участка (для объекта дорожного сервиса), расположенного по адресу: ул.Автозаправочная, (к/н: 30:12:020164:709), г.Астрахань.»;6870019.35;RUB;6870019.35;;;;42.22: Сооружения и строительные работы по строительству коммунальных объектов для электроснабжения и связи;;"ПУБЛИЧНОЕ АКЦИОНЕРНОЕ ОБЩЕСТВО ""РОССЕТИ ЮГ""";"ПУБЛИЧНОЕ АКЦИОНЕРНОЕ ОБЩЕСТВО ""РОССЕТИ ЮГ""";20.05.2026;08.06.2026;Закупка завершена;;;28.05.2026 11:00;
44-ФЗ;№0144200002426000203;Электронный аукцион;Поставка лекарственных препаратов (МНН Дапаглифлозин);;'262462904003746320100100010292120000;;;18624710.40;RUB;0;;;;;;МИНИСТЕРСТВО ЗДРАВООХРАНЕНИЯ КУРСКОЙ ОБЛАСТИ;МИНИСТЕРСТВО ГРАДОСТРОИТЕЛЬНОЙ ПОЛИТИКИ, ИМУЩЕСТВЕННЫХ И ЗЕМЕЛЬНЫХ ОТНОШЕНИЙ КУРСКОЙ ОБЛАСТИ;15.05.2026;08.06.2026;Закупка завершена;;;26.05.2026;
44-ФЗ;№0801500001126000868;Электронный аукцион;Поставка изделий медицинского назначения (Интродьюсер для ввода медицинских инструментов при сердечно-сосудистых заболеваниях, неуправляемый, Интродьюсер для катетера, Набор для введения сосудистого катетера, Проводник для доступа к коронарным/периферическим сосудам, одноразового использования, Катетер баллонный для ангиопластики периферических артерий) на 2026-2027гг.;;262026400593202640100100900020000244, 262027600647202760100100190023250244, 262026802581002680100102100020000244, 262027403750002740100101220023250244, 262025601755702560100100600023250244, 262022000209902200100101050020000244, 262026201158502620100100710023250244, 262027403310302740100101150023250244, 262027401947602740100102810020000244;;;83601205.00;RUB;0;;;;;;;"ГОСУДАРСТВЕННОЕ КАЗЕННОЕ УЧРЕЖДЕНИЕ РЕСПУБЛИКИ БАШКОРТОСТАН ""РЕСПУБЛИКАНСКИЙ ЦЕНТР ТОРГОВ""";05.05.2026;08.06.2026;Закупка завершена;;;13.05.2026;
44-ФЗ;№0149200002326002678;Электронный аукцион;Создание в городе Оленегорске мемориального объекта, увековечивающего память оленегорцев, погибших в ходе специальной военной операции;;'263510800061551080100100180014399244;;;9950000.00;RUB;0;;;;;;"МУНИЦИПАЛЬНОЕ КАЗЕННОЕ УЧРЕЖДЕНИЕ ""УПРАВЛЕНИЕ ГОРОДСКОГО ХОЗЯЙСТВА"" МУНИЦИПАЛЬНОГО ОКРУГА ГОРОД ОЛЕНЕГОРСК С ПОДВЕДОМСТВЕННОЙ ТЕРРИТОРИЕЙ МУРМАНСКОЙ ОБЛАСТИ";КОМИТЕТ ПО КОНКУРЕНТНОЙ ПОЛИТИКЕ МУРМАНСКОЙ ОБЛАСТИ;18.05.2026;08.06.2026;Закупка завершена;;;27.05.2026;
223-ФЗ;№32615948144;Конкурс в электронной форме, участниками которого могут быть только субъекты малого и среднего предпринимательства;СМР. Реконструкции сети наружного водоснабжения производственных баз Центрального ПО (по трассе от ул.  Кольцевая 33 до ул. Манежная,9-28) для нужд Центрального ПО филиала ПАО «Россети Волга» - «Оренбургэнерго» (265612/56);;;1;СМР. Реконструкции сети наружного водоснабжения производственных баз Центрального ПО (по трассе от ул.  Кольцевая 33 до ул. Манежная,9-28) для нужд Центрального ПО филиала ПАО «Россети Волга» - «Оренбургэнерго» (265612/56);37004307.36;RUB;37004307.36;;;;43.21.10.170: Работы электромонтажные по прокладке телекоммуникационной проводки;;"ПУБЛИЧНОЕ АКЦИОНЕРНОЕ ОБЩЕСТВО ""РОССЕТИ ВОЛГА""";"ПУБЛИЧНОЕ АКЦИОНЕРНОЕ ОБЩЕСТВО ""РОССЕТИ ВОЛГА""";24.04.2026;08.06.2026;Закупка завершена;;;12.05.2026 11:00;
44-ФЗ;№0391100023326000002;Электронный аукцион;Поставка автомобиля (грузовой бортовой автомобиль с двухрядной кабиной 7 мест);;'261750900512475090100100130022910244;;;8612666.67;RUB;0;;;;;;"ФЕДЕРАЛЬНОЕ ГОСУДАРСТВЕННОЕ БЮДЖЕТНОЕ УЧРЕЖДЕНИЕ ""НАЦИОНАЛЬНЫЙ ПАРК ""ЧИКОЙ""";"ФЕДЕРАЛЬНОЕ ГОСУДАРСТВЕННОЕ БЮДЖЕТНОЕ УЧРЕЖДЕНИЕ ""НАЦИОНАЛЬНЫЙ ПАРК ""ЧИКОЙ""";18.05.2026;08.06.2026;Закупка завершена;;;27.05.2026;
44-ФЗ;№0373100029826000006;Электронный аукцион;Приобретение форменной одежды для сотрудников  Главного следственного управления Следственного комитета Российской Федерации по городу Москве.;;'261770477375477050100100040011412244;;;10857790.00;RUB;0;;;;;;ГЛАВНОЕ СЛЕДСТВЕННОЕ УПРАВЛЕНИЕ СЛЕДСТВЕННОГО КОМИТЕТА РОССИЙСКОЙ ФЕДЕРАЦИИ ПО ГОРОДУ МОСКВЕ;ГЛАВНОЕ СЛЕДСТВЕННОЕ УПРАВЛЕНИЕ СЛЕДСТВЕННОГО КОМИТЕТА РОССИЙСКОЙ ФЕДЕРАЦИИ ПО ГОРОДУ МОСКВЕ;15.05.2026;08.06.2026;Закупка завершена;;;26.05.2026;
223-ФЗ;№32615949924;Конкурс в электронной форме, участниками которого могут быть только субъекты малого и среднего предпринимательства;СМР. Реконструкция административного здания «Главный корпус РПБ машзала 3-х этажное с пристроем – главный щит управления 2-х этажное с пристроем ЗРУ 6кВ» Северного ПО филиала ПАО «Россети Волга» - «Оренбургэнерго» (265612/25);;;1;СМР. Реконструкция административного здания «Главный корпус РПБ машзала 3-х этажное с пристроем – главный щит управления 2-х этажное с пристроем ЗРУ 6кВ» Северного ПО филиала ПАО «Россети Волга» - «Оренбургэнерго» (265612/25);70308473.51;RUB;70308473.51;;;;41.20.40.900: Работы строительные по возведению нежилых зданий и сооружений прочие, не включенные в другие группировки;;"ПУБЛИЧНОЕ АКЦИОНЕРНОЕ ОБЩЕСТВО ""РОССЕТИ ВОЛГА""";"ПУБЛИЧНОЕ АКЦИОНЕРНОЕ ОБЩЕСТВО ""РОССЕТИ ВОЛГА""";24.04.2026;08.06.2026;Закупка завершена;;;13.05.2026 11:00;
44-ФЗ;№0173100008526000015;Открытый конкурс в электронной форме;Развитие Автоматизированной системы управления контрольно-надзорной деятельностью в сфере трудовых отношений в части реализации интеграции с ЕРКНМ и передачи статуса рассмотрения заявлений в ЛК ЕПГУ;;'261771053836477010100100830216201246;;;31972700.00;RUB;0;;;;;;ФЕДЕРАЛЬНАЯ СЛУЖБА ПО ТРУДУ И ЗАНЯТОСТИ;ФЕДЕРАЛЬНАЯ СЛУЖБА ПО ТРУДУ И ЗАНЯТОСТИ;13.05.2026;08.06.2026;Закупка завершена;;;29.05.2026;
223-ФЗ;№32615949414;Конкурс в электронной форме, участниками которого могут быть только субъекты малого и среднего предпринимательства;СМР. Строительство автомойки на ЦРПБ для нужд Восточного ПО филиала ПАО «Россети Волга» - «Оренбургэнерго» 1 этап (265611/25);;;1;СМР. Строительство автомойки на ЦРПБ для нужд Восточного ПО филиала ПАО «Россети Волга» - «Оренбургэнерго» 1 этап (265611/25);43883135.99;RUB;43883135.99;;;;43.99.70.000: Работы по сборке и монтажу сборных конструкций;;"ПУБЛИЧНОЕ АКЦИОНЕРНОЕ ОБЩЕСТВО ""РОССЕТИ ВОЛГА""";"ПУБЛИЧНОЕ АКЦИОНЕРНОЕ ОБЩЕСТВО ""РОССЕТИ ВОЛГА""";24.04.2026;08.06.2026;Закупка завершена;;;22.05.2026 11:00;
223-ФЗ;№32615903958;Конкурс в электронной форме, участниками которого могут быть только субъекты малого и среднего предпринимательства;Право заключения договора на выполнение проектной и рабочей документации по объекту филиала ПАО «Россети Юг» - «Калмэнерго»: «Реконструкция  ВЛ 110 кВ  Элиста-Западная –Элиста-Восточная с ВЛ 35 кВ Элиста Западная - ЭПТФ с выносом из жилой зоны застройки г. Элиста - 11,28 км. Окончательный объем и перечень планируемых мероприятий без увеличения пропускной способности ВЛ,  будет определен по результатам проектно-изыскательских работ (общая протяженность ВЛ 11,95 км).» для нужд филиала ПАО «Россети Юг» - «Калмэнерго»;;;1;Выполнение проектной и рабочей документации по объекту филиала ПАО «Россети Юг» - «Калмэнерго»: «Реконструкция  ВЛ 110 кВ  Элиста-Западная –Элиста-Восточная с ВЛ 35 кВ Элиста Западная - ЭПТФ с выносом из жилой зоны застройки г. Элиста - 11,28 км. Окончательный объем и перечень планируемых мероприятий без увеличения пропускной способности ВЛ,  будет определен по результатам проектно-изыскательских работ (общая протяженность ВЛ 11,95 км).»;41863854.70;RUB;41863854.70;;;;71.12: Услуги в области инженерно-технического проектирования и связанные технические консультативные услуги;;"ПУБЛИЧНОЕ АКЦИОНЕРНОЕ ОБЩЕСТВО ""РОССЕТИ ЮГ""";"ПУБЛИЧНОЕ АКЦИОНЕРНОЕ ОБЩЕСТВО ""РОССЕТИ ЮГ""";13.04.2026;08.06.2026;Закупка завершена;;;29.04.2026 11:00;
223-ФЗ;№32615951513;Иной способ;Лот № 89501-РЕМ ПРОД-2026-ЯЭ: «ОКПД2 28.11.33.000 «Поставка материалов для аварийно-восстановительного ремонта ГТУ ст.№4 LM6000 Якутской ГРЭС-2» (Лот № 89501-РЕМ ПРОД-2026-ЯЭ);;;1;ОКПД2 28.11.33.000 Поставка материалов для аварийно-восстановительного ремонта ГТУ ст.№4 LM6000 Якутской ГРЭС-2;6194242.45;RUB;6194242.45;;;;28.11.33.000: Части газовых турбин, кроме турбореактивных и турбовинтовых двигателей;;"ПУБЛИЧНОЕ АКЦИОНЕРНОЕ ОБЩЕСТВО ""ЯКУТСКЭНЕРГО""";"ПУБЛИЧНОЕ АКЦИОНЕРНОЕ ОБЩЕСТВО ""ЯКУТСКЭНЕРГО""";27.04.2026;08.06.2026;Закупка завершена;;;19.05.2026 18:00;
44-ФЗ;№0373200640926000016;Открытый конкурс в электронной форме;Оказание комплексных услуг по технической поддержке и системному сопровождению информационной системы энергосбережения на объектах города Москвы в 2026-2027 годах;;'262770135608677030100100550010000244;;;17419379.12;RUB;0;;;;;;"ГОСУДАРСТВЕННОЕ КАЗЕННОЕ УЧРЕЖДЕНИЕ ГОРОДА МОСКВЫ ""ИНФОРМАЦИОННЫЙ ГОРОД""";"ГОСУДАРСТВЕННОЕ КАЗЕННОЕ УЧРЕЖДЕНИЕ ГОРОДА МОСКВЫ ""ИНФОРМАЦИОННЫЙ ГОРОД""";13.05.2026;08.06.2026;Закупка завершена;;;29.05.2026;
44-ФЗ;№0845300015026000354;Открытый конкурс в электронной форме;«Обустройство площадки по адресу: Ленинградская область, г.п. Высоцк, ул. Дубинина»;;'263470406375947040100100880014299244;;;9632977.00;RUB;0;;;;;;АДМИНИСТРАЦИЯ ВЫСОЦКОГО ГОРОДСКОГО ПОСЕЛЕНИЯ ВЫБОРГСКОГО МУНИЦИПАЛЬНОГО РАЙОНА ЛЕНИНГРАДСКОЙ ОБЛАСТИ;"МУНИЦИПАЛЬНОЕ КАЗЕННОЕ УЧРЕЖДЕНИЕ ВЫБОРГСКОГО МУНИЦИПАЛЬНОГО РАЙОНА ЛЕНИНГРАДСКОЙ ОБЛАСТИ ""ЕДИНОЕ УПРАВЛЕНИЕ МУНИЦИПАЛЬНЫМИ ЗАКАЗАМИ""";13.05.2026;08.06.2026;Закупка завершена;;;29.05.2026;
44-ФЗ;№0319300184426000003;Открытый конкурс в электронной форме на проведение работ по строительству, реконструкции, кап. ремонту, сносу объекта кап. строительства в соответствии с п. 8 ч. 1 ст. 33 Закона № 44-ФЗ;выполнение работ по Капитальному ремонту здания МБУК «Дворец культуры» (фасад, крыльцо, входные группы, отмостки, декоративных лепных элементов, обустройство декоративной подсветки здания);;'263245201479624520100100100024339243;;;52253639.14;RUB;0;;;;;;"МУНИЦИПАЛЬНОЕ БЮДЖЕТНОЕ УЧРЕЖДЕНИЕ КУЛЬТУРЫ ""ДВОРЕЦ КУЛЬТУРЫ""";"МУНИЦИПАЛЬНОЕ БЮДЖЕТНОЕ УЧРЕЖДЕНИЕ КУЛЬТУРЫ ""ДВОРЕЦ КУЛЬТУРЫ""";15.05.2026;08.06.2026;Закупка завершена;;;01.06.2026;
44-ФЗ;№0173200001426000896;Электронный аукцион;Аукцион в электронной форме на право заключения контракта на поставку лекарственных препаратов (Дапаглифлозин) для обеспечения граждан, имеющих право на получение государственной социальной помощи в городе Москве (УНЗ: Z2617979);;'262771433860977140100116090010000323;;;39798316.25;RUB;0;;;;;;"ГОСУДАРСТВЕННОЕ КАЗЕННОЕ УЧРЕЖДЕНИЕ ГОРОДА МОСКВЫ ""АГЕНТСТВО ПО ЗАКУПКАМ (КОНТРАКТНАЯ СЛУЖБА) ДЕПАРТАМЕНТА ЗДРАВООХРАНЕНИЯ ГОРОДА МОСКВЫ""";ДЕПАРТАМЕНТ ГОРОДА МОСКВЫ ПО КОНКУРЕНТНОЙ ПОЛИТИКЕ;18.05.2026;08.06.2026;Закупка завершена;;;26.05.2026;
44-ФЗ;№0832200006626000283;Электронный аукцион;"""Шифр: 52-2026-нр55590 Поставка набора демонстрационного по механическим явлениям на оснащение предметных кабинетов общеобразовательных организаций оборудованием, средствами обучения и воспитания в целях достижения результатов федерального проекта ""Все лучшее детям"", регионального проекта ""Все лучшее детям"", государственной программы РФ ""Развитие образования"", национального проекта «Молодежь и дети» в 2026 году""";;'262526203478252620100100320012651000;;;19035000.00;RUB;0;;;;;;"ГОСУДАРСТВЕННОЕ БЮДЖЕТНОЕ ОБРАЗОВАТЕЛЬНОЕ УЧРЕЖДЕНИЕ ДОПОЛНИТЕЛЬНОГО ПРОФЕССИОНАЛЬНОГО ОБРАЗОВАНИЯ ""НИЖЕГОРОДСКИЙ ИНСТИТУТ РАЗВИТИЯ ОБРАЗОВАНИЯ""";"ГОСУДАРСТВЕННОЕ КАЗЕННОЕ УЧРЕЖДЕНИЕ НИЖЕГОРОДСКОЙ ОБЛАСТИ ""ЦЕНТР РАЗМЕЩЕНИЯ ЗАКАЗА НИЖЕГОРОДСКОЙ ОБЛАСТИ""";20.04.2026;08.06.2026;Закупка завершена;;;28.04.2026;
44-ФЗ;№0845300015026000366;Электронный аукцион;Поставка жилого помещения для переселения граждан из аварийного жилищного фонда;;'263470406382247040100100970016810412;;;6160000.00;RUB;0;;;;;;АДМИНИСТРАЦИЯ КАМЕННОГОРСКОГО ГОРОДСКОГО ПОСЕЛЕНИЯ ВЫБОРГСКОГО МУНИЦИПАЛЬНОГО РАЙОНА ЛЕНИНГРАДСКОЙ ОБЛАСТИ;"МУНИЦИПАЛЬНОЕ КАЗЕННОЕ УЧРЕЖДЕНИЕ ВЫБОРГСКОГО МУНИЦИПАЛЬНОГО РАЙОНА ЛЕНИНГРАДСКОЙ ОБЛАСТИ ""ЕДИНОЕ УПРАВЛЕНИЕ МУНИЦИПАЛЬНЫМИ ЗАКАЗАМИ""";15.05.2026;08.06.2026;Определение поставщика отменено;;;25.05.2026;
44-ФЗ;№0373100072126000833;Электронный аукцион;"Поставка товара для нужд ФГБНУ ""РНЦХ им. Б.В. Петровского""";;'261770403012477040100100057790000000;;;22042114.80;RUB;0;;;;;;"ФЕДЕРАЛЬНОЕ ГОСУДАРСТВЕННОЕ БЮДЖЕТНОЕ НАУЧНОЕ УЧРЕЖДЕНИЕ ""РОССИЙСКИЙ НАУЧНЫЙ ЦЕНТР ХИРУРГИИ ИМЕНИ АКАДЕМИКА Б.В. ПЕТРОВСКОГО""";"ФЕДЕРАЛЬНОЕ ГОСУДАРСТВЕННОЕ БЮДЖЕТНОЕ НАУЧНОЕ УЧРЕЖДЕНИЕ ""РОССИЙСКИЙ НАУЧНЫЙ ЦЕНТР ХИРУРГИИ ИМЕНИ АКАДЕМИКА Б.В. ПЕТРОВСКОГО""";20.05.2026;08.06.2026;Закупка завершена;;;28.05.2026;
223-ФЗ;№32616024325;Конкурс в электронной форме, участниками которого могут быть только субъекты малого и среднего предпринимательства;"Право заключения договора на выполнение проектной и рабочей документации по объектам филиала ПАО «Россети Юг» - «Астраханьэнерго»: 1. «Реконструкция распределительной сети 0,4-6(10) кВ Ахтубинского района Астраханской области, ориентировочной протяженностью 15,8 км»; 2. «Реконструкция распределительной сети 0,4-6(10) кВ Харабалинского района Астраханской области, ориентирововчной протяженностью 8,3 км»; 3. «Реконструкция распределительной сети 0,4-6(10) кВ Красноярского района Астраханской области, ориентировочной протяженностью 23,06 км»; 4. «Реконструкция распределительной сети 10 кВ Наримановского района Астраханской области, ориентировочной протяженностью 55 км» для нужд филиала ПАО «Россети Юг» - «Астраханьэнерго»";;;1;"выполнение проектной и рабочей документации по объектам филиала ПАО «Россети Юг» - «Астраханьэнерго»: 1. «Реконструкция распределительной сети 0,4-6(10) кВ Ахтубинского района Астраханской области, ориентировочной протяженностью 15,8 км»; 2. «Реконструкция распределительной сети 0,4-6(10) кВ Харабалинского района Астраханской области, ориентирововчной протяженностью 8,3 км»; 3. «Реконструкция распределительной сети 0,4-6(10) кВ Красноярского района Астраханской области, ориентировочной протяженностью 23,06 км»; 4. «Реконструкция распределительной сети 10 кВ Наримановского района Астраханской области, ориентировочной протяженностью 55 км»";13723082.10;RUB;13723082.10;;;;71.12: Услуги в области инженерно-технического проектирования и связанные технические консультативные услуги;;"ПУБЛИЧНОЕ АКЦИОНЕРНОЕ ОБЩЕСТВО ""РОССЕТИ ЮГ""";"ПУБЛИЧНОЕ АКЦИОНЕРНОЕ ОБЩЕСТВО ""РОССЕТИ ЮГ""";20.05.2026;08.06.2026;Закупка завершена;;;28.05.2026 11:00;
44-ФЗ;№0372200067826000028;Открытый конкурс в электронной форме;"Подготовка проектной документации на выполнение работ по реконструкции автомобильной дороги по объекту ""Реконструкция Колпинского шоссе. Примыкание Северской ул."" с выполнением инженерных изысканий для нужд Санкт-Петербурга";;'262782534239078020100100710017112414;;;20233106.90;RUB;0;;;;;;"САНКТ-ПЕТЕРБУРГСКОЕ ГОСУДАРСТВЕННОЕ КАЗЕННОЕ УЧРЕЖДЕНИЕ ""ДИРЕКЦИЯ ТРАНСПОРТНОГО СТРОИТЕЛЬСТВА""";"САНКТ-ПЕТЕРБУРГСКОЕ ГОСУДАРСТВЕННОЕ КАЗЕННОЕ УЧРЕЖДЕНИЕ ""ДИРЕКЦИЯ ТРАНСПОРТНОГО СТРОИТЕЛЬСТВА""";14.05.2026;08.06.2026;Закупка завершена;;;01.06.2026;
44-ФЗ;№0138300000126000211;Электронный аукцион;ЭА206-26 Выполнение инженерных изысканий, подготовка проектной и рабочей документации в целях строительства объекта «Детский сад на 80 мест в с. Сосновка Елизовского муниципального округа»;;'263410504438741050100100200010000414;;;16884980.00;RUB;0;;;;;;"МУНИЦИПАЛЬНОЕ КАЗЕННОЕ УЧРЕЖДЕНИЕ ""ЕЛИЗОВСКОЕ РАЙОННОЕ УПРАВЛЕНИЕ СТРОИТЕЛЬСТВА""";УПРАВЛЕНИЕ ЭКОНОМИЧЕСКОГО РАЗВИТИЯ АДМИНИСТРАЦИИ ЕЛИЗОВСКОГО МУНИЦИПАЛЬНОГО РАЙОНА - МУНИЦИПАЛЬНОЕ КАЗЕННОЕ УЧРЕЖДЕНИЕ;12.05.2026;08.06.2026;Закупка завершена;;;20.05.2026;
44-ФЗ;№0122200002526001804;Запрос котировок в электронной форме;Поставка наборов реагентов;;'262272100906727240100100400012120244;;;6189195.84;RUB;0;;;;;;"КРАЕВОЕ ГОСУДАРСТВЕННОЕ БЮДЖЕТНОЕ УЧРЕЖДЕНИЕ ЗДРАВООХРАНЕНИЯ ""ЦЕНТР ПО ПРОФИЛАКТИКЕ И БОРЬБЕ СО СПИД И ИНФЕКЦИОННЫМИ ЗАБОЛЕВАНИЯМИ"" МИНИСТЕРСТВА ЗДРАВООХРАНЕНИЯ ХАБАРОВСКОГО КРАЯ";КОМИТЕТ ГОСУДАРСТВЕННОГО ЗАКАЗА ПРАВИТЕЛЬСТВА ХАБАРОВСКОГО КРАЯ;19.05.2026;08.06.2026;Закупка завершена;;;27.05.2026;
44-ФЗ;№0820500000826001989;Электронный аукцион;Инкубатор для новорожденных закрытого типа (Трансформация в открытую реанимационную систему);;262254001589425400100100290040000244, 262910206409591020100101220023250244, 262072106027807250100101850013250244, 262753601151175360100101920023250244, 262344390264534430100101480013250244, 262280112372028010100103080020000000;;;42000000.00;RUB;0;;;;;;;"КРАЕВОЕ ГОСУДАРСТВЕННОЕ КАЗЕННОЕ УЧРЕЖДЕНИЕ ""ЦЕНТР ГОСУДАРСТВЕННЫХ ЗАКУПОК ПРИМОРСКОГО КРАЯ""";17.04.2026;08.06.2026;Закупка завершена;;;30.04.2026;
44-ФЗ;№0122300006126000533;Электронный аукцион;Поставка и установка вольеров для животных без владельцев;;'263272122857327210100100450010000244;;;14415639.00;RUB;0;;;;;;УПРАВЛЕНИЕ ЖИЛИЩНО-КОММУНАЛЬНОГО ХОЗЯЙСТВА И ЭКСПЛУАТАЦИИ ЖИЛИЩНОГО ФОНДА АДМИНИСТРАЦИИ ГОРОДА ХАБАРОВСКА;АДМИНИСТРАЦИЯ ГОРОДА ХАБАРОВСКА;29.04.2026;08.06.2026;Закупка завершена;;;07.05.2026;
44-ФЗ;№0334100017626000170;Электронный аукцион;Поставка Системы ультразвуковой визуализации для офтальмологии  для оказания высокотехнологичной медицинской помощи, ввод в эксплуатацию, обучение правилам эксплуатации специалистов, эксплуатирующих медицинские изделия,  для офтальмологического отделения Клиник ФГБОУ ВО ИГМУ Минздрава России в 2026 году;;'261381102209638080100102121722660244;;;7460000.00;RUB;0;;;;;;"ФЕДЕРАЛЬНОЕ ГОСУДАРСТВЕННОЕ БЮДЖЕТНОЕ ОБРАЗОВАТЕЛЬНОЕ УЧРЕЖДЕНИЕ ВЫСШЕГО ОБРАЗОВАНИЯ ""ИРКУТСКИЙ ГОСУДАРСТВЕННЫЙ МЕДИЦИНСКИЙ УНИВЕРСИТЕТ"" МИНИСТЕРСТВА ЗДРАВООХРАНЕНИЯ РОССИЙСКОЙ ФЕДЕРАЦИИ";"ФЕДЕРАЛЬНОЕ ГОСУДАРСТВЕННОЕ БЮДЖЕТНОЕ ОБРАЗОВАТЕЛЬНОЕ УЧРЕЖДЕНИЕ ВЫСШЕГО ОБРАЗОВАНИЯ ""ИРКУТСКИЙ ГОСУДАРСТВЕННЫЙ МЕДИЦИНСКИЙ УНИВЕРСИТЕТ"" МИНИСТЕРСТВА ЗДРАВООХРАНЕНИЯ РОССИЙСКОЙ ФЕДЕРАЦИИ";20.05.2026;08.06.2026;Закупка завершена;;;28.05.2026;
44-ФЗ;№0138300000426000377;Электронный аукцион на проведение работ по строительству, реконструкции, кап. ремонту, сносу объекта кап. строительства в соответствии с п. 8 ч. 1 ст. 33 Закона № 44-ФЗ;"Выполнение работ по строительству объектов капитального строительства по объекту: """"Система ливневой канализации бассейна оз. Култучное Петропавловск-Камчатского городского округа"" Этап строительства 2""";;'263410114343641010100100620014221414;;;188443801.97;RUB;0;;;;;;"МУНИЦИПАЛЬНОЕ КАЗЕННОЕ УЧРЕЖДЕНИЕ ""СЛУЖБА АВТОМОБИЛЬНЫХ ДОРОГ ПЕТРОПАВЛОВСК-КАМЧАТСКОГО ГОРОДСКОГО ОКРУГА""";УПРАВЛЕНИЕ ОРГАНИЗАЦИИ МУНИЦИПАЛЬНЫХ ЗАКУПОК АДМИНИСТРАЦИИ ПЕТРОПАВЛОВСК-КАМЧАТСКОГО ГОРОДСКОГО ОКРУГА - МУНИЦИПАЛЬНОЕ УЧРЕЖДЕНИЕ;13.05.2026;08.06.2026;Закупка завершена;;;21.05.2026;
44-ФЗ;№0172200000726000205;Открытый конкурс в электронной форме;Поставка мебели для Государственного бюджетного общеобразовательного учреждения средняя общеобразовательная школа №129 Красногвардейского района Санкт-Петербурга для нужд Санкт-Петербурга в 2026 году;;'262780610385478060100100140010000244;;;6263000.00;RUB;0;;;;;;ГОСУДАРСТВЕННОЕ БЮДЖЕТНОЕ ОБЩЕОБРАЗОВАТЕЛЬНОЕ УЧРЕЖДЕНИЕ СРЕДНЯЯ ОБЩЕОБРАЗОВАТЕЛЬНАЯ ШКОЛА № 129 КРАСНОГВАРДЕЙСКОГО РАЙОНА САНКТ-ПЕТЕРБУРГА;АДМИНИСТРАЦИЯ КРАСНОГВАРДЕЙСКОГО РАЙОНА САНКТ-ПЕТЕРБУРГА;18.05.2026;07.06.2026;Закупка завершена;;;29.05.2026;
44-ФЗ;№0172200000726000216;Открытый конкурс в электронной форме;Поставка мебели для Государственного бюджетного общеобразовательного учреждения средняя общеобразовательная школа №129 Красногвардейского района Санкт-Петербурга для нужд Санкт-Петербурга в 2026 году;;'262780610385478060100100160010000244;;;31366913.00;RUB;0;;;;;;ГОСУДАРСТВЕННОЕ БЮДЖЕТНОЕ ОБЩЕОБРАЗОВАТЕЛЬНОЕ УЧРЕЖДЕНИЕ СРЕДНЯЯ ОБЩЕОБРАЗОВАТЕЛЬНАЯ ШКОЛА № 129 КРАСНОГВАРДЕЙСКОГО РАЙОНА САНКТ-ПЕТЕРБУРГА;АДМИНИСТРАЦИЯ КРАСНОГВАРДЕЙСКОГО РАЙОНА САНКТ-ПЕТЕРБУРГА;12.05.2026;07.06.2026;Закупка завершена;;;28.05.2026;
44-ФЗ;№0148300009126000035;Запрос котировок в электронной форме;Поставка мебели : интерактивных панелей со стойками для нужд МБОУ «Черноголовская СОШ»;;'263503102740350310100100160010000244;;;6978654.62;RUB;0;;;;;;"МУНИЦИПАЛЬНОЕ БЮДЖЕТНОЕ ОБЩЕОБРАЗОВАТЕЛЬНОЕ УЧРЕЖДЕНИЕ ""ЧЕРНОГОЛОВСКАЯ СРЕДНЯЯ ОБЩЕОБРАЗОВАТЕЛЬНАЯ ШКОЛА ИМЕНИ Ф.И. ДУБОВИЦКОГО И И.М. ХАЛАТНИКОВА""";"АДМИНИСТРАЦИЯ МУНИЦИПАЛЬНОГО ОБРАЗОВАНИЯ ""ГОРОДСКОЙ ОКРУГ ЧЕРНОГОЛОВКА""";17.04.2026;06.06.2026;Закупка завершена;;;21.05.2026;
44-ФЗ;№0148300021226000173;Открытый конкурс в электронной форме;Оказание услуг по осуществлению строительного контроля за выполнением работ по благоустройству территории Центральный Парк культуры и отдыха (часть со стороны ул. Смирновская) г. Люберцы;;'263502723318550270100101500017112244;;;8283873.03;RUB;0;;;;;;"МУНИЦИПАЛЬНОЕ УЧРЕЖДЕНИЕ ""ОБЪЕДИНЕННЫЙ КОМБИНАТ БЛАГОУСТРОЙСТВА И ЖИЛИЩНО-КОММУНАЛЬНОГО ХОЗЯЙСТВА""";АДМИНИСТРАЦИЯ ГОРОДСКОГО ОКРУГА ЛЮБЕРЦЫ МОСКОВСКОЙ ОБЛАСТИ;04.05.2026;05.06.2026;Закупка завершена;;;20.05.2026;
44-ФЗ;№0348200081026002699;Электронный аукцион;Закупка лекарственного препарата Дапаглифлозин для обеспечения отдельных категорий граждан, в отношении которых установлены меры социальной поддержки Л270087 в 2027 году;;'262502406865650240100111010032120323;;;47905363.80;RUB;0;;;;;;"ГОСУДАРСТВЕННОЕ КАЗЕННОЕ УЧРЕЖДЕНИЕ МОСКОВСКОЙ ОБЛАСТИ ""ДИРЕКЦИЯ ЕДИНОГО ЗАКАЗЧИКА МИНИСТЕРСТВА ЗДРАВООХРАНЕНИЯ МОСКОВСКОЙ ОБЛАСТИ""";"ГОСУДАРСТВЕННОЕ КАЗЕННОЕ УЧРЕЖДЕНИЕ МОСКОВСКОЙ ОБЛАСТИ ""ДИРЕКЦИЯ ЕДИНОГО ЗАКАЗЧИКА МИНИСТЕРСТВА ЗДРАВООХРАНЕНИЯ МОСКОВСКОЙ ОБЛАСТИ""";06.05.2026;05.06.2026;Закупка завершена;;;18.05.2026;
44-ФЗ;№0848300048226000188;Электронный аукцион;Оснащение помещений здания по адресу: Московская обл., м. о. Истра, д. Красный Посёлок, б-р Школьный, д.1 (Лот №36.1);;'263501711152650170100100170011392244;;;6321196.00;RUB;0;;;;;;"МУНИЦИПАЛЬНОЕ КАЗЕННОЕ УЧРЕЖДЕНИЕ ""УПРАВЛЕНИЕ КАПИТАЛЬНОГО СТРОИТЕЛЬСТВА МУНИЦИПАЛЬНОГО ОКРУГА ИСТРА""";"МУНИЦИПАЛЬНОЕ КАЗЕННОЕ УЧРЕЖДЕНИЕ ""ЦЕНТР ЗАКУПОК""";13.05.2026;05.06.2026;Закупка завершена;;;21.05.2026;
223-ФЗ;№32616017788;Иной способ;"Поставка подшипников для нужд АО ""Газпром добыча Томск"" (0018813) (СМСП)";;;1;"Поставка подшипников для нужд АО ""Газпром добыча Томск"" (0018813) (СМСП)";5083333.34;RUB;5083333.34;;;;28.15.10.120: Подшипники качения роликовые;;"АКЦИОНЕРНОЕ ОБЩЕСТВО ""ГАЗПРОМ ДОБЫЧА ТОМСК""";"ОБЩЕСТВО С ОГРАНИЧЕННОЙ ОТВЕТСТВЕННОСТЬЮ ""ГАЗПРОМ КОМПЛЕКТАЦИЯ""";18.05.2026;05.06.2026;Закупка завершена;;;26.05.2026 13:30;
223-ФЗ;№32615939757;Иной способ;Поставка строп, канатов, грузозахватных приспособлений для нужд Компаний Группы Газпром (2264) (СМСП);;;1;Поставка строп, канатов, грузозахватных приспособлений для нужд Компаний Группы Газпром (2264) (СМСП);10586296.90;RUB;10586296.90;;;;46.90.10.000: Услуги по неспециализированной оптовой торговле,25.93.11.140: Стропы и аналогичные изделия из черных металлов без электрической изоляции;;"АКЦИОНЕРНОЕ ОБЩЕСТВО ""ГАЗПРОМ ДОБЫЧА ТОМСК""";"ОБЩЕСТВО С ОГРАНИЧЕННОЙ ОТВЕТСТВЕННОСТЬЮ ""ГАЗПРОМ КОМПЛЕКТАЦИЯ""";22.04.2026;05.06.2026;Закупка завершена;;;14.05.2026 09:30;
44-ФЗ;№0373100072126000828;Электронный аукцион;Поставка товара для нужд ФГБНУ «РНЦХ им. акад. Б.В.Петровского»;;'261770403012477040100100057720000000;;;14670739.21;RUB;0;;;;;;"ФЕДЕРАЛЬНОЕ ГОСУДАРСТВЕННОЕ БЮДЖЕТНОЕ НАУЧНОЕ УЧРЕЖДЕНИЕ ""РОССИЙСКИЙ НАУЧНЫЙ ЦЕНТР ХИРУРГИИ ИМЕНИ АКАДЕМИКА Б.В. ПЕТРОВСКОГО""";"ФЕДЕРАЛЬНОЕ ГОСУДАРСТВЕННОЕ БЮДЖЕТНОЕ НАУЧНОЕ УЧРЕЖДЕНИЕ ""РОССИЙСКИЙ НАУЧНЫЙ ЦЕНТР ХИРУРГИИ ИМЕНИ АКАДЕМИКА Б.В. ПЕТРОВСКОГО""";19.05.2026;05.06.2026;Закупка завершена;;;27.05.2026;
223-ФЗ;№32616017816;Иной способ;"Поставка подшипников для нужд ООО ""Газпром трансгаз Екатеринбург"" (0018815)";;;1;"Поставка подшипников для нужд ООО ""Газпром трансгаз Екатеринбург"" (0018815)";6100000.00;RUB;6100000.00;;;;28.15.10.110: Подшипники качения шариковые;;"ОБЩЕСТВО С ОГРАНИЧЕННОЙ ОТВЕТСТВЕННОСТЬЮ ""ГАЗПРОМ ТРАНСГАЗ ЕКАТЕРИНБУРГ""";"ОБЩЕСТВО С ОГРАНИЧЕННОЙ ОТВЕТСТВЕННОСТЬЮ ""ГАЗПРОМ КОМПЛЕКТАЦИЯ""";18.05.2026;05.06.2026;Закупка завершена;;;26.05.2026 11:30;
223-ФЗ;№32615938164;Иной способ;Поставка строп, канатов, грузозахватных приспособлений для нужд Компаний Группы Газпром (2186);;;1;Поставка строп, канатов, грузозахватных приспособлений для нужд Компаний Группы Газпром (2186);38018804.69;RUB;38018804.69;;;;25.93.11.140: Стропы и аналогичные изделия из черных металлов без электрической изоляции,25.93.11.110: Проволока скрученная из черных металлов без электрической изоляции,25.93.1: Проволока, цепи и пружины,25.93.11: Проволока скрученная, канаты, шнуры плетеные, стропы и аналогичные изделия из черных металлов без электрической изоляции;;"ОБЩЕСТВО С ОГРАНИЧЕННОЙ ОТВЕТСТВЕННОСТЬЮ ""ГАЗПРОМ ТРАНСГАЗ ЧАЙКОВСКИЙ""";"ОБЩЕСТВО С ОГРАНИЧЕННОЙ ОТВЕТСТВЕННОСТЬЮ ""ГАЗПРОМ КОМПЛЕКТАЦИЯ""";22.04.2026;05.06.2026;Закупка завершена;;;14.05.2026 09:30;
223-ФЗ;№32615985927;Конкурс в электронной форме, участниками которого могут быть только субъекты малого и среднего предпринимательства;"Право заключения договора на выполнение работ «под ключ» (в том числе: подготовка исходно-разрешительной документации, проектная и рабочая документация, строительно-монтажные, электромонтажные и пусконаладочные работы, поставка материалов и оборудования) по объектам филиала ПАО «Россети Юг»-«Ростовэнерго»:   1.  «Строительство ЛЭП 6 кВ от опоры № 1 отпайки ТП 6/0,4 кВ № 43 ВЛ 6 кВ Мир ПС 35/6 кВ Г6 до ТП № 17 с установкой ПКУ для электроснабжения энергопринимающих устройств автомобильной дороги М-4 «Дон»-от Москвы через Воронеж, Ростов - на - Дону, Краснодар до Новороссийска на участке км 933-км 1024, с последующей эксплуатацией на платной основе, Ростовская область, по адресу: Автомобильная дорога М-4 Дон Москвы – Воронеж- Ростов - на – Дону- Краснодар- Новороссийск, км 946+264, ЗУ:61:18:0000000:36.»; 2. «Строительство ЛЭП 6 кВ от опоры № 49 ВЛ 6 кВ Божковка ПС 110/6 кВ Г14 до ТП № 7 с установкой ПКУ для электроснабжения энергопринимающих устройств автомобильной дороги М-4 «Дон»-от Москвы через Воронеж, Ростов - на - Дону, Краснодар до Новороссийска на участке км 933-км 1024, с последующей эксплуатацией на платной основе, Ростовская область, по адресу: Автомобильная дорога М-4 Дон Москвы – Воронеж- Ростов - на – Дону- Краснодар- Новороссийск, км 946+264, ЗУ:61:18:0000000:36.» ; 3. «Строительство ЛЭП 6 кВ от опоры № 12 ВЛ 6 кВ Орошение ПС 110/35/6 кВ Ш9 до ТП № 28 заявителя с установкой ПКУ для электроснабжения энергопринимающих устройств автомобильной дороги М-4 «Дон»-от Москвы через Воронеж, Ростов - на - Дону, Краснодар до Новороссийска на участке км 933-км 1024, с последующей эксплуатацией на платной основе, Ростовская область, по адресу: Автомобильная дорога М-4 Дон Москвы – Воронеж- Ростов - на – Дону- Краснодар- Новороссийск, км 933, ЗУ:61:18:0000000:36.» для нужд филиала ПАО «Россети Юг» - «Ростовэнерго».";;;1;"Выполнение работ «под ключ» (в том числе: подготовка исходно-разрешительной документации, проектная и рабочая документация, строительно-монтажные, электромонтажные и пусконаладочные работы, поставка материалов и оборудования) по объектам филиала ПАО «Россети Юг»-«Ростовэнерго»:   1.  «Строительство ЛЭП 6 кВ от опоры № 1 отпайки ТП 6/0,4 кВ № 43 ВЛ 6 кВ Мир ПС 35/6 кВ Г6 до ТП № 17 с установкой ПКУ для электроснабжения энергопринимающих устройств автомобильной дороги М-4 «Дон»-от Москвы через Воронеж, Ростов - на - Дону, Краснодар до Новороссийска на участке км 933-км 1024, с последующей эксплуатацией на платной основе, Ростовская область, по адресу: Автомобильная дорога М-4 Дон Москвы – Воронеж- Ростов - на – Дону- Краснодар- Новороссийск, км 946+264, ЗУ:61:18:0000000:36.»; 2. «Строительство ЛЭП 6 кВ от опоры № 49 ВЛ 6 кВ Божковка ПС 110/6 кВ Г14 до ТП № 7 с установкой ПКУ для электроснабжения энергопринимающих устройств автомобильной дороги М-4 «Дон»-от Москвы через Воронеж, Ростов - на - Дону, Краснодар до Новороссийска на участке км 933-км 1024, с последующей эксплуатацией на платной основе, Ростовская область, по адресу: Автомобильная дорога М-4 Дон Москвы – Воронеж- Ростов - на – Дону- Краснодар- Новороссийск, км 946+264, ЗУ:61:18:0000000:36.» ; 3. «Строительство ЛЭП 6 кВ от опоры № 12 ВЛ 6 кВ Орошение ПС 110/35/6 кВ Ш9 до ТП № 28 заявителя с установкой ПКУ для электроснабжения энергопринимающих устройств автомобильной дороги М-4 «Дон»-от Москвы через Воронеж, Ростов - на - Дону, Краснодар до Новороссийска на участке км 933-км 1024, с последующей эксплуатацией на платной основе, Ростовская область, по адресу: Автомобильная дорога М-4 Дон Москвы – Воронеж- Ростов - на – Дону- Краснодар- Новороссийск, км 933, ЗУ:61:18:0000000:36.»";19272644.24;RUB;19272644.24;;;;42.22: Сооружения и строительные работы по строительству коммунальных объектов для электроснабжения и связи;;"ПУБЛИЧНОЕ АКЦИОНЕРНОЕ ОБЩЕСТВО ""РОССЕТИ ЮГ""";"ПУБЛИЧНОЕ АКЦИОНЕРНОЕ ОБЩЕСТВО ""РОССЕТИ ЮГ""";06.05.2026;05.06.2026;Закупка завершена;;;14.05.2026 11:00;
223-ФЗ;№32615984595;Конкурс в электронной форме, участниками которого могут быть только субъекты малого и среднего предпринимательства;"Право заключения договора на выполнение комплекса работ «под ключ» (в том числе: подготовка исходно-разрешительной документации, проектная и рабочая документация, строительно-монтажные, электромонтажные и пусконаладочные работы, поставка оборудования) по объектам технологического присоединения филиала ПАО «Россети Юг»-«Астраханьэнерго»: 1. Строительство 2ЛЭП-6 кВ, ЛЭП-0,4 кВ и установка КТП-6/0,4 кВ, ф. 16 ПС 110/6 кВ Восточная для электроснабжения административного здания, расположенного по адресу: ул. Космонавтов, д. 18, (к/н 30:12:030110:4250), г. Астрахань, (ориентировочная протяженность КЛ-6 кВ - 2х0,02 км; КЛ-0,4 кВ - 0,04 км), (ориентировочная мощность – 0,25 МВА); 2. Строительство ВЛЗ-10 кВ, ВЛИ-0,38 кВ и установка ТП-10/0,4 кВ ф.18 ПС 110/10 кВ Джакуевка для электроснабжения малоэтажных жилых застроек по ул. Набережная, д. 68, ул. Степная, д. 72, с. Волжское, Наримановский р-н, Астраханская обл.  (ориентировочная протяженность ВЛЗ-10 кВ – 1,1 км, общая ориентировочная протяженность ВЛИ-0,38 кВ – 0,28 км, ориентировочная мощность – 0,04 МВА) для нужд филиала ПАО «Россети Юг» - «Астраханьэнерго».";;;1;"выполнение комплекса работ «под ключ» (в том числе: подготовка исходно-разрешительной документации, проектная и рабочая документация, строительно-монтажные, электромонтажные и пусконаладочные работы, поставка оборудования) по объектам технологического присоединения филиала ПАО «Россети Юг»-«Астраханьэнерго»: 1. Строительство 2ЛЭП-6 кВ, ЛЭП-0,4 кВ и установка КТП-6/0,4 кВ, ф. 16 ПС 110/6 кВ Восточная для электроснабжения административного здания, расположенного по адресу: ул. Космонавтов, д. 18, (к/н 30:12:030110:4250), г. Астрахань, (ориентировочная протяженность КЛ-6 кВ - 2х0,02 км; КЛ-0,4 кВ - 0,04 км), (ориентировочная мощность – 0,25 МВА); 2. Строительство ВЛЗ-10 кВ, ВЛИ-0,38 кВ и установка ТП-10/0,4 кВ ф.18 ПС 110/10 кВ Джакуевка для электроснабжения малоэтажных жилых застроек по ул. Набережная, д. 68, ул. Степная, д. 72, с. Волжское, Наримановский р-н, Астраханская обл.  (ориентировочная протяженность ВЛЗ-10 кВ – 1,1 км, общая ориентировочная протяженность ВЛИ-0,38 кВ – 0,28 км, ориентировочная мощность – 0,04 МВА).";5404159.65;RUB;5404159.65;;;;42.22: Сооружения и строительные работы по строительству коммунальных объектов для электроснабжения и связи;;"ПУБЛИЧНОЕ АКЦИОНЕРНОЕ ОБЩЕСТВО ""РОССЕТИ ЮГ""";"ПУБЛИЧНОЕ АКЦИОНЕРНОЕ ОБЩЕСТВО ""РОССЕТИ ЮГ""";06.05.2026;05.06.2026;Закупка завершена;;;14.05.2026 11:00;
223-ФЗ;№32615966907;Конкурс в электронной форме, участниками которого могут быть только субъекты малого и среднего предпринимательства;"Право заключения договора на выполнение работ «под ключ» (в том числе: подготовка исходно-разрешительной документации, проектная и рабочая документация, строительно-монтажные, электромонтажные и пусконаладочные работы, поставка материалов и оборудования) по объектам филиала ПАО «Россети Юг»-«Ростовэнерго»:  1) «Строительство КВЛ 10 кВ от концевой проектируемой опоры, проектируемой ВЛ 10 кВ (по договору №61-1-25-00825949 от 30.07.2025) по ВЛ 10 кВ №12-05 ПС 110/10 кВ АС12 для электроснабжения КТПН-10/0,4 кВ складского здания ООО «ФЕНИКС-ПРЕЗЕНТ», по адресу: Ростовская обл., р-н Аксайский, К.Н.: 61:02:0600006:11486»; 2)  «Строительство двух ЛЭП 0,4 кВ от РУ 0,4 кВ Л-15; Л-7 ТП 10/0,4 кВ №538 по КЛ 10 кВ ТП 538 – ТП 537, КЛ 10 кВ ТП 536 – ТП 537 РП 10 кВ №536 по КЛ 10 кВ 35-15, №35-45 ПС 110 кВ Р35 для электроснабжения ЛЭП 0,4 кВ храма по адресу: РО, г. Ростов – на – Дону, р-н «Левенцовский», КН:61:44:0073012:16284»; 3) «Строительство ВЛ 10 кВ от ячеек №1032 и №1042 ПС 110/10 кВ АС10 для электроснабжения КТПН-10/0,4 кВ складов ООО «Оптово-распределительный центр Ростов», по адресу: Ростовская обл., р-н Аксайский, ст-ца. Грушевская, К.Н.: 61:02:0600002:3898, К.Н.: 61:02:0600002:3897» для нужд филиала ПАО «Россети Юг» - «Ростовэнерго»";;;1;"""Выполнение работ «под ключ» (в том числе: подготовка исходно-разрешительной документации, проектная и рабочая документация, строительно-монтажные, электромонтажные и пусконаладочные работы, поставка материалов и оборудования) по объектам филиала ПАО «Россети Юг»-«Ростовэнерго»: 1) «Строительство КВЛ 10 кВ от концевой проектируемой опоры, проектируемой ВЛ 10 кВ (по договору №61-1-25-00825949 от 30.07.2025) по ВЛ 10 кВ №12-05 ПС 110/10 кВ АС12 для электроснабжения КТПН-10/0,4 кВ складского здания ООО «ФЕНИКС-ПРЕЗЕНТ», по адресу: Ростовская обл., р-н Аксайский, К.Н.: 61:02:0600006:11486»; 2)  «Строительство двух ЛЭП 0,4 кВ от РУ 0,4 кВ Л-15; Л-7 ТП 10/0,4 кВ №538 по КЛ 10 кВ ТП 538 – ТП 537, КЛ 10 кВ ТП 536 – ТП 537 РП 10 кВ №536 по КЛ 10 кВ 35-15, №35-45 ПС 110 кВ Р35 для электроснабжения ЛЭП 0,4 кВ храма по адресу: РО, г. Ростов – на – Дону, р-н «Левенцовский», КН:61:44:0073012:16284»; 3) «Строительство ВЛ 10 кВ от ячеек №1032 и №1042 ПС 110/10 кВ АС10 для электроснабжения КТПН-10/0,4 кВ складов ООО «Оптово-распределительный центр Ростов», по адресу: Ростовская обл., р-н Аксайский, ст-ца. Грушевская, К.Н.: 61:02:0600002:3898, К.Н.: 61:02:0600002:3897»""";31842191.24;RUB;31842191.24;;;;42.22: Сооружения и строительные работы по строительству коммунальных объектов для электроснабжения и связи;;"ПУБЛИЧНОЕ АКЦИОНЕРНОЕ ОБЩЕСТВО ""РОССЕТИ ЮГ""";"ПУБЛИЧНОЕ АКЦИОНЕРНОЕ ОБЩЕСТВО ""РОССЕТИ ЮГ""";29.04.2026;05.06.2026;Закупка завершена;;;15.05.2026 11:00;
223-ФЗ;№32615973094;Конкурс в электронной форме, участниками которого могут быть только субъекты малого и среднего предпринимательства;Право заключения договора на выполнение работ «под ключ» (в том числе: подготовка исходно-разрешительной документации, проектная и рабочая документация, строительно-монтажные, электромонтажные и пусконаладочные работы, поставка материалов и оборудования) по объекту техприсоединения филиала ПАО «Россети Юг»-«Астраханьэнерго»: «Строительство ВЛЗ-10 кВ от опоры №27 ВЛ-10 кВ ф.25 ПС 110/10 кВ Промстройматериалы для электроснабжения терминального комплекса для перевалки зерновых и масличных культур, а также наливных грузов (растительное масло), расположенного по ул. Даугавская, д.5 (к/н 30:12:040066:244), Трусовский р-н, г. Астрахань» (ориентировочная протяженность ВЛЗ-10 кВ – 1,5 км)» для нужд филиала ПАО «Россети Юг» - «Астраханьэнерго».;;;1;Выполнение работ «под ключ» (в том числе: подготовка исходно-разрешительной документации, проектная и рабочая документация, строительно-монтажные, электромонтажные и пусконаладочные работы, поставка материалов и оборудования) по объекту техприсоединения филиала ПАО «Россети Юг»-«Астраханьэнерго»: «Строительство ВЛЗ-10 кВ от опоры №27 ВЛ-10 кВ ф.25 ПС 110/10 кВ Промстройматериалы для электроснабжения терминального комплекса для перевалки зерновых и масличных культур, а также наливных грузов (растительное масло), расположенного по ул. Даугавская, д.5 (к/н 30:12:040066:244), Трусовский р-н, г. Астрахань» (ориентировочная протяженность ВЛЗ-10 кВ – 1,5 км)».;5817535.66;RUB;5817535.66;;;;42.22: Сооружения и строительные работы по строительству коммунальных объектов для электроснабжения и связи;;"ПУБЛИЧНОЕ АКЦИОНЕРНОЕ ОБЩЕСТВО ""РОССЕТИ ЮГ""";"ПУБЛИЧНОЕ АКЦИОНЕРНОЕ ОБЩЕСТВО ""РОССЕТИ ЮГ""";30.04.2026;05.06.2026;Закупка завершена;;;18.05.2026 11:00;
223-ФЗ;№32615969684;Конкурс в электронной форме, участниками которого могут быть только субъекты малого и среднего предпринимательства;"Право заключения договора поставки материалов  для ТО рабочих станций, переферийного, сетевого и серверного оборудования на 2026 год для нужд филиала ПАО ""Россети Юг"" - ""Астраханьэнерго""";;;1;"Материалы для ТО рабочих станций, переферийного, сетевого и серверного оборудования на 2026 год для нужд филиала ПАО ""Россети Юг"" - ""Астраханьэнерго""";10251995.11;RUB;10251995.11;;;;26.20: Компьютеры и периферийное оборудование;;"ПУБЛИЧНОЕ АКЦИОНЕРНОЕ ОБЩЕСТВО ""РОССЕТИ ЮГ""";"ПУБЛИЧНОЕ АКЦИОНЕРНОЕ ОБЩЕСТВО ""РОССЕТИ ЮГ""";30.04.2026;05.06.2026;Закупка завершена;;;14.05.2026 11:00;
223-ФЗ;№32616035391;Конкурс в электронной форме, участниками которого могут быть только субъекты малого и среднего предпринимательства;"право заключения договора на выполнение проектной и рабочей документации по объектам филиала ПАО «Россети Юг» - «Ростовэнерго»:  1) «Реконструкция электрических сетей в х. Стоговской, х. Гормиловский, х. Тубянской, х. Озерской Верхнедонского района, Ростовской области в части замены отработавших свой ресурс ВЛ-10 кВ №2 ПС 35 кВ Мигулинская, ВЛ-0,4 кВ от КТП №150, 151, 152, 154, 155, 156, 157, 158, 159, 160 по ВЛ-10 кВ №2 ПС 35 кВ Мигулинская и КТП №150, 151, 152, 154, 155, 156, 157, 158, 159, 160 по ВЛ-10 кВ №2 ПС 35 кВ Мигулинская»; 2) «Реконструкция электрических сетей в х. Галдин и с. Тарасово-Меловское Чертковского района, Ростовской области в части замены отработавших свой ресурс ВЛ-10 кВ №9 ПС Чертковская,   ВЛ -0,4 кВ от КТП 10/0,4 кВ № 16,17,302,306,307,62,308,309 по ВЛ-10 кВ №9 ПС Чертковская и КТП 10/0,4 кВ № 16,17,302,306,307,62,308,309 по ВЛ-10 кВ №9 ПС Чертковская»; 3) «Реконструкция электрических сетей в х. Гороховский, х.Черновский Шолоховского района, Ростовской области в части замены отработавших свой ресурс ВЛ-10 кВ № 6 ПС 110 кВ Вёшенская-1», ВЛ-0,4кВ от КТП 10/0,4 кВ № 237,242,249, по ВЛ-10 кВ № 6 ПС 110 кВ Вёшенская-1» и КТП 10/0,4 кВ № 237,242,249 по ВЛ-10 кВ № 6 ПС 110 кВ Вёшенская-1» для нужд филиала ПАО «Россети Юг» - «Ростовэнерго»";;;1;"Выполнение проектной и рабочей документации по объектам филиала ПАО «Россети Юг» - «Ростовэнерго»:  1) «Реконструкция электрических сетей в х. Стоговской, х. Гормиловский, х. Тубянской, х. Озерской Верхнедонского района, Ростовской области в части замены отработавших свой ресурс ВЛ-10 кВ №2 ПС 35 кВ Мигулинская, ВЛ-0,4 кВ от КТП №150, 151, 152, 154, 155, 156, 157, 158, 159, 160 по ВЛ-10 кВ №2 ПС 35 кВ Мигулинская и КТП №150, 151, 152, 154, 155, 156, 157, 158, 159, 160 по ВЛ-10 кВ №2 ПС 35 кВ Мигулинская»; 2) «Реконструкция электрических сетей в х. Галдин и с. Тарасово-Меловское Чертковского района, Ростовской области в части замены отработавших свой ресурс ВЛ-10 кВ №9 ПС Чертковская,   ВЛ -0,4 кВ от КТП 10/0,4 кВ № 16,17,302,306,307,62,308,309 по ВЛ-10 кВ №9 ПС Чертковская и КТП 10/0,4 кВ № 16,17,302,306,307,62,308,309 по ВЛ-10 кВ №9 ПС Чертковская»; 3) «Реконструкция электрических сетей в х. Гороховский, х.Черновский Шолоховского района, Ростовской области в части замены отработавших свой ресурс ВЛ-10 кВ № 6 ПС 110 кВ Вёшенская-1», ВЛ-0,4кВ от КТП 10/0,4 кВ № 237,242,249, по ВЛ-10 кВ № 6 ПС 110 кВ Вёшенская-1» и КТП 10/0,4 кВ № 237,242,249 по ВЛ-10 кВ № 6 ПС 110 кВ Вёшенская-1»";25607996.48;RUB;25607996.48;;;;71.12: Услуги в области инженерно-технического проектирования и связанные технические консультативные услуги;;"ПУБЛИЧНОЕ АКЦИОНЕРНОЕ ОБЩЕСТВО ""РОССЕТИ ЮГ""";"ПУБЛИЧНОЕ АКЦИОНЕРНОЕ ОБЩЕСТВО ""РОССЕТИ ЮГ""";22.05.2026;05.06.2026;Закупка завершена;;;01.06.2026 11:00;
44-ФЗ;№0348200081026002073;Электронный аукцион;Поставка медицинского оборудования - лот 47.7;;'262502406865650240100111320012660244;;;7035066.67;RUB;0;;;;;;"ГОСУДАРСТВЕННОЕ КАЗЕННОЕ УЧРЕЖДЕНИЕ МОСКОВСКОЙ ОБЛАСТИ ""ДИРЕКЦИЯ ЕДИНОГО ЗАКАЗЧИКА МИНИСТЕРСТВА ЗДРАВООХРАНЕНИЯ МОСКОВСКОЙ ОБЛАСТИ""";"ГОСУДАРСТВЕННОЕ КАЗЕННОЕ УЧРЕЖДЕНИЕ МОСКОВСКОЙ ОБЛАСТИ ""ДИРЕКЦИЯ ЕДИНОГО ЗАКАЗЧИКА МИНИСТЕРСТВА ЗДРАВООХРАНЕНИЯ МОСКОВСКОЙ ОБЛАСТИ""";10.04.2026;05.06.2026;Закупка завершена;;;22.05.2026;
44-ФЗ;№0348200081026002136;Электронный аукцион;Поставка медицинского оборудования - лот 71.2;;'262502406865650240100115670013250244;;;9873970.92;RUB;0;;;;;;"ГОСУДАРСТВЕННОЕ КАЗЕННОЕ УЧРЕЖДЕНИЕ МОСКОВСКОЙ ОБЛАСТИ ""ДИРЕКЦИЯ ЕДИНОГО ЗАКАЗЧИКА МИНИСТЕРСТВА ЗДРАВООХРАНЕНИЯ МОСКОВСКОЙ ОБЛАСТИ""";"ГОСУДАРСТВЕННОЕ КАЗЕННОЕ УЧРЕЖДЕНИЕ МОСКОВСКОЙ ОБЛАСТИ ""ДИРЕКЦИЯ ЕДИНОГО ЗАКАЗЧИКА МИНИСТЕРСТВА ЗДРАВООХРАНЕНИЯ МОСКОВСКОЙ ОБЛАСТИ""";13.04.2026;05.06.2026;Закупка завершена;;;21.05.2026;
223-ФЗ;№32615956115;Конкурс в электронной форме, участниками которого могут быть только субъекты малого и среднего предпринимательства;Право заключения договора поставки системы хранения данных для нужд филиала ПАО «Россети Юг»-«Астраханьэнерго» в 2026 году;;;1;Право заключения договора поставки системы хранения данных для нужд филиала ПАО «Россети Юг»-«Астраханьэнерго» в 2026 году;5217440.53;RUB;5217440.53;;;;26.20.21.110: Базовые системы хранения данных (обеспечивающие сохранность данных при отключении питания);;"ПУБЛИЧНОЕ АКЦИОНЕРНОЕ ОБЩЕСТВО ""РОССЕТИ ЮГ""";"ПУБЛИЧНОЕ АКЦИОНЕРНОЕ ОБЩЕСТВО ""РОССЕТИ ЮГ""";27.04.2026;05.06.2026;Закупка завершена;;;14.05.2026 11:00;
44-ФЗ;№0815500000526007289;Электронный аукцион на проведение работ по строительству, реконструкции, кап. ремонту, сносу объекта кап. строительства в соответствии с п. 8 ч. 1 ст. 33 Закона № 44-ФЗ;Капитальный ремонт помещений, расположенных по адресу: г. Чебоксары, пер. Бабушкина, д.8, помещение 3, помещение 4;;'262213017829221300100100140024399243;;;51588269.75;RUB;0;;;;;;"БЮДЖЕТНОЕ УЧРЕЖДЕНИЕ ЧУВАШСКОЙ РЕСПУБЛИКИ ""ЧУВАШТЕХИНВЕНТАРИЗАЦИЯ"" МИНИСТЕРСТВА ЭКОНОМИЧЕСКОГО РАЗВИТИЯ И ИМУЩЕСТВЕННЫХ ОТНОШЕНИЙ ЧУВАШСКОЙ РЕСПУБЛИКИ";"КАЗЕННОЕ УЧРЕЖДЕНИЕ ЧУВАШСКОЙ РЕСПУБЛИКИ ""РЕГИОНАЛЬНЫЙ ЦЕНТР ЗАКУПОК ЧУВАШСКОЙ РЕСПУБЛИКИ""";19.05.2026;05.06.2026;Закупка завершена;;;27.05.2026;
44-ФЗ;№0103200008426004331;Открытый конкурс в электронной форме;"Благоустройство территории и устройство инженерных коммуникаций женских консультаций ГБУ РД ""Кайтагская ЦРБ"" Республика Дагестан, Кайтагский р-н, с. Маджалис";;'262057203266605720100100210014399244;;;5903367.11;RUB;0;;;;;;"ГОСУДАРСТВЕННОЕ КАЗЕННОЕ УЧРЕЖДЕНИЕ РЕСПУБЛИКИ ДАГЕСТАН ""ДИРЕКЦИЯ РАЗВИТИЯ СЕТИ ОБЪЕКТОВ ЗДРАВОХРАНЕНИЯ РЕСПУБЛИКИ ДАГЕСТАН""";КОМИТЕТ ПО ГОСУДАРСТВЕННЫМ ЗАКУПКАМ РЕСПУБЛИКИ ДАГЕСТАН;15.05.2026;05.06.2026;Закупка завершена;;;01.06.2026;
223-ФЗ;№32615976742;Конкурс в электронной форме, участниками которого могут быть только субъекты малого и среднего предпринимательства;право заключения договора на выполнение комплекса работ «под ключ» (в том числе: подготовка исходно-разрешительной документации, проектная и рабочая документация, строительно-монтажные, электромонтажные и пусконаладочные работы, поставка оборудования) по объекту технологического присоединения филиала ПАО «Россети Юг»-«Астраханьэнерго»: «Строительство 2ЛЭП -10 кВ от РУ-10 кВ РП 51 ф. 114, ф. 121 ПС 110/10-6 кВ Городская для электроснабжения многоэтажной жилой застройки (многоквартирный дом), расположенной по адресу: Кировский р-н, (к/н 30:12:010262:426), Астраханская область, (ориентировочная протяженность КЛ-10 кВ - 2х0,5 км)» для нужд филиала ПАО «Россети Юг» - «Астраханьэнерго»;;;1;выполнение комплекса работ «под ключ» (в том числе: подготовка исходно-разрешительной документации, проектная и рабочая документация, строительно-монтажные, электромонтажные и пусконаладочные работы, поставка оборудования) по объекту технологического присоединения филиала ПАО «Россети Юг»-«Астраханьэнерго»: «Строительство 2ЛЭП -10 кВ от РУ-10 кВ РП 51 ф. 114, ф. 121 ПС 110/10-6 кВ Городская для электроснабжения многоэтажной жилой застройки (многоквартирный дом), расположенной по адресу: Кировский р-н, (к/н 30:12:010262:426), Астраханская область, (ориентировочная протяженность КЛ-10 кВ - 2х0,5 км)»;11737375.16;RUB;11737375.16;;;;42.22: Сооружения и строительные работы по строительству коммунальных объектов для электроснабжения и связи;;"ПУБЛИЧНОЕ АКЦИОНЕРНОЕ ОБЩЕСТВО ""РОССЕТИ ЮГ""";"ПУБЛИЧНОЕ АКЦИОНЕРНОЕ ОБЩЕСТВО ""РОССЕТИ ЮГ""";04.05.2026;05.06.2026;Закупка завершена;;;22.05.2026 11:00;
223-ФЗ;№32616089654;Иной способ;"Услуги по оперативно-технологическому управлению и эксплуатационному обслуживанию объектов ООО ""АСК"", территориально расположенных в г. Котлас, г. Коряжма и п. Сельменьга Виноградовского района, Архангельской области";;;1;"Услуги по оперативно-технологическому управлению и эксплуатационному обслуживанию объектов ООО ""АСК"", территориально расположенных в г. Котлас, г. Коряжма и п. Сельменьга Виноградовского района, Архангельской области ";8834000.00;RUB;8834000.00;;;;33.14.19.000: Услуги по ремонту и техническому обслуживанию прочего профессионального электрического оборудования;;"ОБЩЕСТВО С ОГРАНИЧЕННОЙ ОТВЕТСТВЕННОСТЬЮ ""АРХАНГЕЛЬСКАЯ СЕТЕВАЯ КОМПАНИЯ""";"ОБЩЕСТВО С ОГРАНИЧЕННОЙ ОТВЕТСТВЕННОСТЬЮ ""АРХАНГЕЛЬСКАЯ СЕТЕВАЯ КОМПАНИЯ""";05.06.2026;05.06.2026;Закупка завершена;;;01.06.2026 12:00;
44-ФЗ;№0155500000626000147;Электронный аукцион;Поставка лекарственного препарата для медицинского применения Дапаглифлозин;;'262583510860658350100100740012120323;;;7465860.00;RUB;0;;;;;;"ГОСУДАРСТВЕННОЕ БЮДЖЕТНОЕ УЧРЕЖДЕНИЕ ЗДРАВООХРАНЕНИЯ ""ПЕНЗЕНСКИЙ ОБЛАСТНОЙ ЦЕНТР ОБЩЕСТВЕННОГО ЗДОРОВЬЯ И МЕДИЦИНСКОЙ ПРОФИЛАКТИКИ""";МИНИСТЕРСТВО ПО ТАРИФНОМУ РЕГУЛИРОВАНИЮ И ГОСУДАРСТВЕННЫМ ЗАКУПКАМ ПЕНЗЕНСКОЙ ОБЛАСТИ;15.05.2026;05.06.2026;Закупка завершена;;;26.05.2026;
223-ФЗ;№32615990973;Запрос предложений в электронной форме, участниками которого могут быть только субъекты малого и среднего предпринимательства;"ОКПД2 71.12.12 Выполнение проектных работ по объекту ""Техническое перевооружение котельной ""Агромех"" в пгт.Новорайчихинск. Ограждающие конструкции здания котельной"", в рамках выполнения инвестиционного проекта N_505-АТС-2ис, для нужд СП «Амурские тепловые сети» в пгт.Прогресс Амурской области»";;;1;"ОКПД2 71.12.12 Выполнение проектных работ по объекту ""Техническое перевооружение котельной ""Агромех"" в пгт.Новорайчихинск. Ограждающие конструкции здания котельной"", в рамках выполнения инвестиционного проекта N_505-АТС-2ис, для нужд СП «Амурские тепловые сети» в пгт.Прогресс Амурской области» ";5000000.00;RUB;5000000.00;;;;71.12.12: Услуги по инженерно-техническому проектированию зданий;;"АКЦИОНЕРНОЕ ОБЩЕСТВО ""ДАЛЬНЕВОСТОЧНАЯ ГЕНЕРИРУЮЩАЯ КОМПАНИЯ""";"АКЦИОНЕРНОЕ ОБЩЕСТВО ""ДАЛЬНЕВОСТОЧНАЯ ГЕНЕРИРУЮЩАЯ КОМПАНИЯ""";08.05.2026;05.06.2026;Закупка завершена;;;20.05.2026 15:00;
223-ФЗ;№32615981013;Конкурс в электронной форме, участниками которого могут быть только субъекты малого и среднего предпринимательства;право заключения договора на проведение кадастровых работ с целью государственного кадастрового учета земельных участков, заключение договоров аренды земельных участков, установление публичных сервитутов, подготовка текстового и графического описаний местоположения границ охранных зон с внесением сведений в государственный кадастр недвижимости в отношении электросетевого хозяйства объектов филиалов ПАО «Россети Юг» - «Астраханьэнерго», «Волгоградэнерго», «Калмэнерго», «Ростовэнерго»;;;1;Проведение кадастровых работ с целью государственного кадастрового учета земельных участков, заключение договоров аренды земельных участков, установление публичных сервитутов, подготовка текстового и графического описаний местоположения границ охранных зон с внесением сведений в государственный кадастр недвижимости в отношении электросетевого хозяйства объектов филиалов ПАО «Россети Юг» - «Астраханьэнерго», «Волгорадэнерго», «Калмэнерго», «Ростовэнерго»;70020307.90;RUB;70020307.90;;;;71.12.35.110: Услуги в области кадастровой деятельности;;"ПУБЛИЧНОЕ АКЦИОНЕРНОЕ ОБЩЕСТВО ""РОССЕТИ ЮГ""";"ПУБЛИЧНОЕ АКЦИОНЕРНОЕ ОБЩЕСТВО ""РОССЕТИ ЮГ""";05.05.2026;05.06.2026;Закупка завершена;;;21.05.2026 11:00;
44-ФЗ;№0103200008426003899;Электронный аукцион;Поставка расходного материала медицинского назначения (повязки);;'262056001456705730100100030100000244;;;7000000.00;RUB;0;;;;;;"ГОСУДАРСТВЕННОЕ БЮДЖЕТНОЕ УЧРЕЖДЕНИЕ РЕСПУБЛИКИ ДАГЕСТАН ""РЕСПУБЛИКАНСКИЙ ОНКОЛОГИЧЕСКИЙ ЦЕНТР""";КОМИТЕТ ПО ГОСУДАРСТВЕННЫМ ЗАКУПКАМ РЕСПУБЛИКИ ДАГЕСТАН;06.05.2026;05.06.2026;Определение поставщика отменено;;;15.05.2026;
44-ФЗ;№0119200000126009218;Электронный аукцион;ЭА-№-9030/26 «Выполнение работ по благоустройству территории Субботинской участковой больницы, расположенной по адресу: Красноярский край, Шушенский м.о., с. Субботино, ул. Ленина, 27Б»;;'262244200338624420100101290010000244;;;20120150.00;RUB;0;;;;;;"КРАЕВОЕ ГОСУДАРСТВЕННОЕ БЮДЖЕТНОЕ УЧРЕЖДЕНИЕ ЗДРАВООХРАНЕНИЯ ""ШУШЕНСКАЯ РАЙОННАЯ БОЛЬНИЦА""";АГЕНТСТВО ГОСУДАРСТВЕННОГО ЗАКАЗА КРАСНОЯРСКОГО КРАЯ;21.05.2026;05.06.2026;Определение поставщика отменено;;;29.05.2026;
44-ФЗ;№0103200008426003898;Открытый конкурс в электронной форме на проведение работ по строительству, реконструкции, кап. ремонту, сносу объекта кап. строительства в соответствии с п. 8 ч. 1 ст. 33 Закона № 44-ФЗ;Выполнение подрядных работ по строительству объекта: Водоснабжение сёл Табасаранского района (Кужник, Улуз, Караг, Шиле, Хапиль, Татиль) Республики Дагестан;;'262057200666605720100100580014221414;;;273538393.00;RUB;0;;;;;;"ГОСУДАРСТВЕННОЕ КАЗЕННОЕ УЧРЕЖДЕНИЕ РЕСПУБЛИКИ ДАГЕСТАН ""ДИРЕКЦИЯ ЕДИНОГО ГОСУДАРСТВЕННОГО ЗАКАЗЧИКА-ЗАСТРОЙЩИКА""";КОМИТЕТ ПО ГОСУДАРСТВЕННЫМ ЗАКУПКАМ РЕСПУБЛИКИ ДАГЕСТАН;05.05.2026;05.06.2026;Закупка завершена;;;22.05.2026;
223-ФЗ;№32615829282;Конкурс в электронной форме, участниками которого могут быть только субъекты малого и среднего предпринимательства;ОКПД 2 28.14.13: Запорная арматура среднего и низкого давления для Зуевской ТЭС, Старобешевской ТЭС лот 7019-РЕМ ПРОД-2026-ИП;;;1;ОКПД 2 28.14.13: Запорная арматура среднего и низкого давления для Зуевской ТЭС, Старобешевской ТЭС;31492591.35;RUB;31492591.35;;;;28.14.13: Арматура запорная для управления процессом (задвижки, краны, клапаны запорные, затворы дисковые и другая арматура);;"АКЦИОНЕРНОЕ ОБЩЕСТВО ""ИНФРАСТРУКТУРНЫЕ ПРОЕКТЫ""";"АКЦИОНЕРНОЕ ОБЩЕСТВО ""ИНФРАСТРУКТУРНЫЕ ПРОЕКТЫ""";23.03.2026;05.06.2026;Закупка завершена;;;27.04.2026 14:00;
223-ФЗ;№32615957354;Конкурс в электронной форме, участниками которого могут быть только субъекты малого и среднего предпринимательства;Конкурс в электронной форме № 26-51-БЭ на право заключения Договора  на осуществление работ по разработке проектно-сметной документации, с последующим выполнением работ по строительству объекта «здание Новоильинского мастерского участка Заиграевского РЭС ПО ЦЭС» для нужд филиала ПАО «Россети Сибирь» - «Бурятэнерго»;;;1;Разработка проектно-сметной документации, с последующим выполнением работ по строительству объекта «здание Новоильинского мастерского участка Заиграевского РЭС ПО ЦЭС»;11475000.36;RUB;11475000.36;;;;41.20.40: Работы строительные по возведению нежилых зданий и сооружений (работы по строительству новых объектов, возведению пристроек, реконструкции и ремонту зданий);;"ПУБЛИЧНОЕ АКЦИОНЕРНОЕ ОБЩЕСТВО ""РОССЕТИ СИБИРЬ""";"ПУБЛИЧНОЕ АКЦИОНЕРНОЕ ОБЩЕСТВО ""РОССЕТИ СИБИРЬ""";28.04.2026;05.06.2026;Закупка завершена;;;12.05.2026 14:00;
44-ФЗ;№0318100047926000095;Электронный аукцион;Поставка и монтаж светового оборудования;;'261235500439023650100101060012740244;;;18393167.86;RUB;0;;;;;;"ФЕДЕРАЛЬНОЕ ГОСУДАРСТВЕННОЕ БЮДЖЕТНОЕ ОБРАЗОВАТЕЛЬНОЕ УЧРЕЖДЕНИЕ ""ВСЕРОССИЙСКИЙ ДЕТСКИЙ ЦЕНТР ""ОРЛЁНОК""";"ФЕДЕРАЛЬНОЕ ГОСУДАРСТВЕННОЕ БЮДЖЕТНОЕ ОБРАЗОВАТЕЛЬНОЕ УЧРЕЖДЕНИЕ ""ВСЕРОССИЙСКИЙ ДЕТСКИЙ ЦЕНТР ""ОРЛЁНОК""";14.05.2026;05.06.2026;Закупка завершена;;;26.05.2026;
44-ФЗ;№0373200001326000850;Электронный аукцион;Электронный аукцион на поставку расходных материалов для отделений стационара и филиала ГБУЗ «ГКБ им. В.В. Вересаева  ДЗМ»  на 2026 – 2027 год по ОМС, РС и ПД за единицу продукции;;'262771303416477130100108620010000244;;;8896925.73;RUB;0;;;;;;"ГОСУДАРСТВЕННОЕ БЮДЖЕТНОЕ УЧРЕЖДЕНИЕ ЗДРАВООХРАНЕНИЯ ГОРОДА МОСКВЫ ""ГОРОДСКАЯ КЛИНИЧЕСКАЯ БОЛЬНИЦА ИМЕНИ В.В. ВЕРЕСАЕВА ДЕПАРТАМЕНТА ЗДРАВООХРАНЕНИЯ ГОРОДА МОСКВЫ""";"ГОСУДАРСТВЕННОЕ БЮДЖЕТНОЕ УЧРЕЖДЕНИЕ ЗДРАВООХРАНЕНИЯ ГОРОДА МОСКВЫ ""ГОРОДСКАЯ КЛИНИЧЕСКАЯ БОЛЬНИЦА ИМЕНИ В.В. ВЕРЕСАЕВА ДЕПАРТАМЕНТА ЗДРАВООХРАНЕНИЯ ГОРОДА МОСКВЫ""";19.05.2026;05.06.2026;Закупка завершена;;;27.05.2026;
44-ФЗ;№0356500001426004405;Запрос котировок в электронной форме на проведение работ по строительству, реконструкции, кап. ремонту, сносу объекта кап. строительства в соответствии с п. 8 ч. 1 ст. 33 Закона № 44-ФЗ ;"Капитальный ремонт кровли МОБУ ""Гимназия №3""";;'263810700864981070100100380010000243;;;8570830.78;RUB;0;;;;;;"МУНИЦИПАЛЬНОЕ КАЗЕННОЕ УЧРЕЖДЕНИЕ ""УПРАВЛЕНИЕ КАПИТАЛЬНОГО СТРОИТЕЛЬСТВА КУДЫМКАРСКОГО МУНИЦИПАЛЬНОГО ОКРУГА ПЕРМСКОГО КРАЯ""";"ГОСУДАРСТВЕННОЕ КАЗЕННОЕ УЧРЕЖДЕНИЕ ПЕРМСКОГО КРАЯ ""ЦЕНТР ОРГАНИЗАЦИИ ЗАКУПОК""";21.05.2026;05.06.2026;Закупка завершена;;;28.05.2026;
44-ФЗ;№0859200001126006265;Запрос котировок в электронной форме;Оказание услуг по созданию и ввод в эксплуатацию интерактивной экспозиции для профориентационной работы Центра занятости населения г. Рязань;;'262623413126462340100101110070000244;;;10000000.00;RUB;0;;;;;;ГОСУДАРСТВЕННОЕ КАЗЕННОЕ УЧРЕЖДЕНИЕ ЦЕНТР ЗАНЯТОСТИ НАСЕЛЕНИЯ РЯЗАНСКОЙ ОБЛАСТИ;"ГОСУДАРСТВЕННОЕ КАЗЕННОЕ УЧРЕЖДЕНИЕ РЯЗАНСКОЙ ОБЛАСТИ ""ЦЕНТР ЗАКУПОК РЯЗАНСКОЙ ОБЛАСТИ""";19.05.2026;05.06.2026;Закупка завершена;;;26.05.2026;
44-ФЗ;№0307200030626001006;Электронный аукцион;Поставка медицинского оборудования: Система рентгеновская диагностическая стационарная общего назначения, цифровая;;'262110200709211020100100840012660244;;;13933426.67;RUB;0;;;;;;"ГОСУДАРСТВЕННОЕ БЮДЖЕТНОЕ УЧРЕЖДЕНИЕ ЗДРАВООХРАНЕНИЯ РЕСПУБЛИКИ КОМИ ""УХТИНСКИЙ МЕЖТЕРРИТОРИАЛЬНЫЙ РОДИЛЬНЫЙ ДОМ""";"ГОСУДАРСТВЕННОЕ КАЗЕННОЕ УЧРЕЖДЕНИЕ РЕСПУБЛИКИ КОМИ ""ЦЕНТР ОБЕСПЕЧЕНИЯ ОРГАНИЗАЦИИ И ПРОВЕДЕНИЯ ТОРГОВ""";13.05.2026;05.06.2026;Закупка завершена;;;22.05.2026;
44-ФЗ;№0103200008426004277;Открытый конкурс в электронной форме;Текущий ремонт здания ГКУ РД РЦДПОВ в МО «город Кизилюрт»;;'262054601884105460100100060014339244;;;7438714.00;RUB;0;;;;;;"ГОСУДАРСТВЕННОЕ КАЗЕННОЕ УЧРЕЖДЕНИЕ РЕСПУБЛИКИ ДАГЕСТАН ""РЕАБИЛИТАЦИОННЫЙ ЦЕНТР ДЛЯ ДЕТЕЙ И ПОДРОСТКОВ С ОГРАНИЧЕННЫМИ ВОЗМОЖНОСТЯМИ В МУНИЦИПАЛЬНОМ ОБРАЗОВАНИИ ""ГОРОД КИЗИЛЮРТ""";КОМИТЕТ ПО ГОСУДАРСТВЕННЫМ ЗАКУПКАМ РЕСПУБЛИКИ ДАГЕСТАН;14.05.2026;05.06.2026;Закупка завершена;;;01.06.2026;
44-ФЗ;№0373200082126000183;Электронный аукцион;Поставка щитков защитных для работников;;262770500260277430100100960010000000, 262770203815077020100105010010000000;;;8602235.79;RUB;0;;;;;;;"ГОСУДАРСТВЕННОЕ КАЗЕННОЕ УЧРЕЖДЕНИЕ ГОРОДА МОСКВЫ ""ДИРЕКЦИЯ ТРАНСПОРТНЫХ ЗАКУПОК""";15.05.2026;05.06.2026;Закупка завершена;;;25.05.2026;
44-ФЗ;№0849300000526000008;Запрос котировок в электронной форме;Выполнение работ по ремонту автомобильных дорог общего пользования местного значения;;'263511000347651100100100260014211244;;;9165479.29;RUB;0;;;;;;"МУНИЦИПАЛЬНОЕ КАЗЕННОЕ УЧРЕЖДЕНИЕ ""ГОРОДСКОЙ ЦЕНТР ЖИЛИЩНО-КОММУНАЛЬНОГО ХОЗЯЙСТВА ЗАТО Г. СЕВЕРОМОРСК""";"МУНИЦИПАЛЬНОЕ КАЗЕННОЕ УЧРЕЖДЕНИЕ ""ГОРОДСКОЙ ЦЕНТР ЖИЛИЩНО-КОММУНАЛЬНОГО ХОЗЯЙСТВА ЗАТО Г. СЕВЕРОМОРСК""";04.05.2026;05.06.2026;Закупка завершена;;;12.05.2026;
44-ФЗ;№0149200002326002844;Запрос котировок в электронной форме;Поставка медицинского изделия (Аппарат искусственной вентиляции легких для интенсивной терапии неонатальный, НКМИ 232880), ввод в эксплуатацию медицинского изделия, обучение правилам эксплуатации специалистов, эксплуатирующих медицинское изделие для филиала ГОБУЗ «МОКБ им. П.А. Баяндина» - Кандалакшская центральная районная больница;;'262519080011451900100102730250000244;;;18600000.00;RUB;0;;;;;;"ГОСУДАРСТВЕННОЕ ОБЛАСТНОЕ БЮДЖЕТНОЕ УЧРЕЖДЕНИЕ ЗДРАВООХРАНЕНИЯ ""МУРМАНСКАЯ ОБЛАСТНАЯ КЛИНИЧЕСКАЯ БОЛЬНИЦА ИМЕНИ П.А. БАЯНДИНА""";КОМИТЕТ ПО КОНКУРЕНТНОЙ ПОЛИТИКЕ МУРМАНСКОЙ ОБЛАСТИ;20.05.2026;05.06.2026;Закупка завершена;;;27.05.2026;
44-ФЗ;№0360100030526000747;Электронный аукцион;Поставка медицинского оборудования (система роботизированная для дистанционного управления радионуклидным источником);;'261645200647164520100102340013250244;;;25650000.00;RUB;0;;;;;;"ФЕДЕРАЛЬНОЕ ГОСУДАРСТВЕННОЕ БЮДЖЕТНОЕ ОБРАЗОВАТЕЛЬНОЕ УЧРЕЖДЕНИЕ ВЫСШЕГО ОБРАЗОВАНИЯ ""САРАТОВСКИЙ ГОСУДАРСТВЕННЫЙ МЕДИЦИНСКИЙ УНИВЕРСИТЕТ ИМЕНИ В.И.РАЗУМОВСКОГО"" МИНИСТЕРСТВА ЗДРАВООХРАНЕНИЯ РОССИЙСКОЙ ФЕДЕРАЦИИ";"ФЕДЕРАЛЬНОЕ ГОСУДАРСТВЕННОЕ БЮДЖЕТНОЕ ОБРАЗОВАТЕЛЬНОЕ УЧРЕЖДЕНИЕ ВЫСШЕГО ОБРАЗОВАНИЯ ""САРАТОВСКИЙ ГОСУДАРСТВЕННЫЙ МЕДИЦИНСКИЙ УНИВЕРСИТЕТ ИМЕНИ В.И.РАЗУМОВСКОГО"" МИНИСТЕРСТВА ЗДРАВООХРАНЕНИЯ РОССИЙСКОЙ ФЕДЕРАЦИИ";22.05.2026;05.06.2026;Закупка завершена;;;01.06.2026;
223-ФЗ;№32616037604;Иной способ;"КО №1182/КО (26-ГЭС-0500) - Поставка комплекта лопаток рабочих для ремонта ротора для нужд АО «Газэнергосервис» для нужд АО ""Газэнергосервис""(26-ГЭС-0500)";;;1;КО №1182/КО - Поставка комплекта лопаток рабочих для ремонта ротора для нужд АО «Газэнергосервис»;13933042.20;RUB;13933042.20;;;;25.99: Металлоизделия готовые прочие, не включенные в другие группировки;;"АКЦИОНЕРНОЕ ОБЩЕСТВО ""ГАЗЭНЕРГОСЕРВИС""";"ОБЩЕСТВО С ОГРАНИЧЕННОЙ ОТВЕТСТВЕННОСТЬЮ ""ГЭХ ЗАКУПКИ""";22.05.2026;05.06.2026;Закупка завершена;;;01.06.2026 10:00;
223-ФЗ;№32616027170;Конкурс в электронной форме, участниками которого могут быть только субъекты малого и среднего предпринимательства;Право заключения договора на поставку стоек железобетонных и фундаментных блоков для нужд АО «Энергосервис Кубани»;;;1;Поставка стоек железобетонных и фундаментных блоков для нужд АО «Энергосервис Кубани»;25000000.00;RUB;25000000.00;;;;23.61.12.162: Опоры ЛЭП, связи и элементы контактной сети электрифицированных дорог и осветительной сети;;"АКЦИОНЕРНОЕ ОБЩЕСТВО ""ЭНЕРГОСЕРВИС КУБАНИ""";"АКЦИОНЕРНОЕ ОБЩЕСТВО ""ЭНЕРГОСЕРВИС КУБАНИ""";20.05.2026;05.06.2026;Закупка завершена;;;28.05.2026 11:00;
223-ФЗ;№32515492650;Иной способ;поставка нефтепродуктов через АЗС по талонам и заправочным картам ;;;1;поставка нефтепродуктов через АЗС по талонам и заправочным картам ;12954516.00;RUB;12954516.00;;;;19.20.21.100: Бензин автомобильный,19.20.21.200: Бензин авиационный,19.20.21.300: Топливо дизельное;;"БОГУЧАНСКОЕ МУНИЦИПАЛЬНОЕ УНИТАРНОЕ ПРЕДПРИЯТИЕ ""РАЙОННОЕ АВТОТРАНСПОРТНОЕ ПРЕДПРИЯТИЕ""";"БОГУЧАНСКОЕ МУНИЦИПАЛЬНОЕ УНИТАРНОЕ ПРЕДПРИЯТИЕ ""РАЙОННОЕ АВТОТРАНСПОРТНОЕ ПРЕДПРИЯТИЕ""";05.12.2025;05.06.2026;Закупка завершена;;;12.01.2026 13:00;
44-ФЗ;№0103200008426004305;Открытый конкурс в электронной форме;"Благоустройство территории и устройство инженерных коммуникаций женских консультаций ГБУ РД ""Сергокалинская ЦРБ"" Республика Дагестан, Сергокалинский р-он, с. Сергокала";;'262057203266605720100100210034399244;;;7403381.73;RUB;0;;;;;;"ГОСУДАРСТВЕННОЕ КАЗЕННОЕ УЧРЕЖДЕНИЕ РЕСПУБЛИКИ ДАГЕСТАН ""ДИРЕКЦИЯ РАЗВИТИЯ СЕТИ ОБЪЕКТОВ ЗДРАВОХРАНЕНИЯ РЕСПУБЛИКИ ДАГЕСТАН""";КОМИТЕТ ПО ГОСУДАРСТВЕННЫМ ЗАКУПКАМ РЕСПУБЛИКИ ДАГЕСТАН;14.05.2026;05.06.2026;Закупка завершена;;;01.06.2026;
44-ФЗ;№0373200053626000220;Электронный аукцион;Электронный аукцион на право заключения контракта на поставку шприцев общего назначения для нужд ГБУЗ ИКБ №2 ДЗМ;;'262771913872377190100102380010000244;;;7684400.00;RUB;0;;;;;;"ГОСУДАРСТВЕННОЕ БЮДЖЕТНОЕ УЧРЕЖДЕНИЕ ЗДРАВООХРАНЕНИЯ ГОРОДА МОСКВЫ ""ИНФЕКЦИОННАЯ КЛИНИЧЕСКАЯ БОЛЬНИЦА № 2 ДЕПАРТАМЕНТА ЗДРАВООХРАНЕНИЯ ГОРОДА МОСКВЫ""";"ГОСУДАРСТВЕННОЕ БЮДЖЕТНОЕ УЧРЕЖДЕНИЕ ЗДРАВООХРАНЕНИЯ ГОРОДА МОСКВЫ ""ИНФЕКЦИОННАЯ КЛИНИЧЕСКАЯ БОЛЬНИЦА № 2 ДЕПАРТАМЕНТА ЗДРАВООХРАНЕНИЯ ГОРОДА МОСКВЫ""";20.05.2026;05.06.2026;Закупка завершена;;;01.06.2026;
44-ФЗ;№0373100095226000455;Электронный аукцион;Поставка электрокардиостимуляторов имплантируемых двухкамерных, частотно-адаптивных, МРТ совместимых.;;'261770613767377060100100080082660244;;;87815000.00;RUB;0;;;;;;"ФЕДЕРАЛЬНОЕ ГОСУДАРСТВЕННОЕ БЮДЖЕТНОЕ УЧРЕЖДЕНИЕ ""НАЦИОНАЛЬНЫЙ МЕДИЦИНСКИЙ ИССЛЕДОВАТЕЛЬСКИЙ ЦЕНТР СЕРДЕЧНО-СОСУДИСТОЙ ХИРУРГИИ ИМЕНИ А.Н. БАКУЛЕВА"" МИНИСТЕРСТВА ЗДРАВООХРАНЕНИЯ РОССИЙСКОЙ ФЕДЕРАЦИИ";"ФЕДЕРАЛЬНОЕ ГОСУДАРСТВЕННОЕ БЮДЖЕТНОЕ УЧРЕЖДЕНИЕ ""НАЦИОНАЛЬНЫЙ МЕДИЦИНСКИЙ ИССЛЕДОВАТЕЛЬСКИЙ ЦЕНТР СЕРДЕЧНО-СОСУДИСТОЙ ХИРУРГИИ ИМЕНИ А.Н. БАКУЛЕВА"" МИНИСТЕРСТВА ЗДРАВООХРАНЕНИЯ РОССИЙСКОЙ ФЕДЕРАЦИИ";21.05.2026;05.06.2026;Закупка завершена;;;01.06.2026;
44-ФЗ;№0173200001426000916;Электронный аукцион;Аукцион в электронной форме на поставку аппаратов слуховых заушных воздушной проводимости для взрослых (СР2025-24П1);;'262771433860977140100112300010000323;;;34323000.00;RUB;0;;;;;;"ГОСУДАРСТВЕННОЕ КАЗЕННОЕ УЧРЕЖДЕНИЕ ГОРОДА МОСКВЫ ""АГЕНТСТВО ПО ЗАКУПКАМ (КОНТРАКТНАЯ СЛУЖБА) ДЕПАРТАМЕНТА ЗДРАВООХРАНЕНИЯ ГОРОДА МОСКВЫ""";ДЕПАРТАМЕНТ ГОРОДА МОСКВЫ ПО КОНКУРЕНТНОЙ ПОЛИТИКЕ;21.05.2026;05.06.2026;Закупка завершена;;;29.05.2026;
44-ФЗ;№0373200069626000573;Электронный аукцион;Электронный аукцион на поставку жидкостного хроматографа для нужд ГБУЗ «МНПЦЛИ ДЗМ»;;'262772401520577240100106070010000244;;;21887084.84;RUB;0;;;;;;"ГОСУДАРСТВЕННОЕ БЮДЖЕТНОЕ УЧРЕЖДЕНИЕ ЗДРАВООХРАНЕНИЯ ГОРОДА МОСКВЫ ""МОСКОВСКИЙ НАУЧНО-ПРАКТИЧЕСКИЙ ЦЕНТР ЛАБОРАТОРНЫХ ИССЛЕДОВАНИЙ ДЕПАРТАМЕНТА ЗДРАВООХРАНЕНИЯ ГОРОДА МОСКВЫ""";"ГОСУДАРСТВЕННОЕ БЮДЖЕТНОЕ УЧРЕЖДЕНИЕ ЗДРАВООХРАНЕНИЯ ГОРОДА МОСКВЫ ""МОСКОВСКИЙ НАУЧНО-ПРАКТИЧЕСКИЙ ЦЕНТР ЛАБОРАТОРНЫХ ИССЛЕДОВАНИЙ ДЕПАРТАМЕНТА ЗДРАВООХРАНЕНИЯ ГОРОДА МОСКВЫ""";20.05.2026;05.06.2026;Закупка завершена;;;29.05.2026;
44-ФЗ;№0373200138226000328;Открытый конкурс в электронной форме;"Выполнение работ по текущему ремонту помещений ГБУК г. Москвы ""ЦГДБ"" по адресу: г. Москва, ул. Бориса Галушкина, д. 19, корп. 1";;'262771066180177340100100840010000244;;;19863834.98;RUB;0;;;;;;"ГОСУДАРСТВЕННОЕ КАЗЕННОЕ УЧРЕЖДЕНИЕ ГОРОДА МОСКВЫ ""ТЕХНИЧЕСКИЙ ЦЕНТР ДЕПАРТАМЕНТА КУЛЬТУРЫ ГОРОДА МОСКВЫ""";"ГОСУДАРСТВЕННОЕ КАЗЕННОЕ УЧРЕЖДЕНИЕ ГОРОДА МОСКВЫ ""ТЕХНИЧЕСКИЙ ЦЕНТР ДЕПАРТАМЕНТА КУЛЬТУРЫ ГОРОДА МОСКВЫ""";29.04.2026;05.06.2026;Закупка завершена;;;15.05.2026;
44-ФЗ;№0829500001126003159;Электронный аукцион;Поставка лекарственного препарата для медицинского применения Эмпаглифлозин (РЛ);;'262346008846534600100104170012120323;;;21135000.00;RUB;0;;;;;;"ГОСУДАРСТВЕННОЕ КАЗЕННОЕ УЧРЕЖДЕНИЕ  ""ЦЕНТР СОПРОВОЖДЕНИЯ ЗАКУПОК ГОСУДАРСТВЕННЫХ УЧРЕЖДЕНИЙ ЗДРАВООХРАНЕНИЯ ВОЛГОГРАДСКОЙ ОБЛАСТИ""";"ГОСУДАРСТВЕННОЕ КАЗЕННОЕ УЧРЕЖДЕНИЕ  ""ЦЕНТР СОПРОВОЖДЕНИЯ ЗАКУПОК ГОСУДАРСТВЕННЫХ УЧРЕЖДЕНИЙ ЗДРАВООХРАНЕНИЯ ВОЛГОГРАДСКОЙ ОБЛАСТИ""";12.05.2026;05.06.2026;Закупка завершена;;;21.05.2026;
223-ФЗ;№32615961723;Иной способ;"Выполнение строительно-монтажных, пусконаладочных и иных работ при подключении к системам теплоснабжения ПАО «МОЭК» комплексной застройки - объектов капитального строительства «Жилой комплекс многоэтажных домов с подземным паркингом и нежилыми встроенными помещениями на первых этажах, в том числе дошкольная образовательная организация на 100 мест и помещениями свободного назначения», расположенных по адресу: Российская Федерация, город Москва, вн. тер.г. муниципальный округ Рязанский, проспект Рязанский земельный участок 26/6; Российская Федерация, город Москва, вн. тер.г. муниципальный округ Рязанский, улица Окская, земельный участок 9А; Российская Федерация, город Москва, вн. тер.г. муниципальный округ Рязанский, ул. Окская, земельный участок 11А с кадастровыми номерами: 77:04:0002006:20868, 77:04:0002006:18978, 77:04:0002006:18979  и на реконструкцию тепловых сетей 2Д 500 мм на 2Д 700 мм от тепловой камеры к.832 до тепловой камеры к.834 (1 этап) для подключения существующих и перспективных потребителей, в том числе, но не исключительно для условий подключения № Т-УП1-01-250904/6 (26VP1235)";;;1;"Выполнение строительно-монтажных, пусконаладочных и иных работ при подключении к системам теплоснабжения ПАО «МОЭК» комплексной застройки - объектов капитального строительства «Жилой комплекс многоэтажных домов с подземным паркингом и нежилыми встроенными помещениями на первых этажах, в том числе дошкольная образовательная организация на 100 мест и помещениями свободного назначения», расположенных по адресу: Российская Федерация, город Москва, вн. тер.г. муниципальный округ Рязанский, проспект Рязанский земельный участок 26/6; Российская Федерация, город Москва, вн. тер.г. муниципальный округ Рязанский, улица Окская, земельный участок 9А; Российская Федерация, город Москва, вн. тер.г. муниципальный округ Рязанский, ул. Окская, земельный участок 11А с кадастровыми номерами: 77:04:0002006:20868, 77:04:0002006:18978, 77:04:0002006:18979  и на реконструкцию тепловых сетей 2Д 500 мм на 2Д 700 мм от тепловой камеры к.832 до тепловой камеры к.834 (1 этап) для подключения существующих и перспективных потребителей, в том числе, но не исключительно для условий подключения № Т-УП1-01-250904/6";94624464.05;RUB;94624464.05;;;;41.20.20.710: Сооружения электрических и тепловых сетей;;"ПУБЛИЧНОЕ АКЦИОНЕРНОЕ ОБЩЕСТВО ""МОСКОВСКАЯ ОБЪЕДИНЕННАЯ ЭНЕРГЕТИЧЕСКАЯ КОМПАНИЯ""";"ПУБЛИЧНОЕ АКЦИОНЕРНОЕ ОБЩЕСТВО ""МОСКОВСКАЯ ОБЪЕДИНЕННАЯ ЭНЕРГЕТИЧЕСКАЯ КОМПАНИЯ""";28.04.2026;05.06.2026;Закупка завершена;;;07.05.2026 14:00;
44-ФЗ;№0373100124326000005;Электронный аукцион;Выполнение работ по монтажу и пусконаладке систем кондиционирования;;262773710675677240100100290010000244, 262773701436877240100100270010000244, 262773706635977240100100210010000244;;;7160554.31;RUB;0;;;;;;;"ГОСУДАРСТВЕННОЕ БЮДЖЕТНОЕ ПРОФЕССИОНАЛЬНОЕ ОБРАЗОВАТЕЛЬНОЕ УЧРЕЖДЕНИЕ ГОРОДА МОСКВЫ ""ЮРИДИЧЕСКИЙ КОЛЛЕДЖ""";22.05.2026;05.06.2026;Закупка завершена;;;01.06.2026;
223-ФЗ;№32616003216;Запрос предложений в электронной форме, участниками которого могут быть только субъекты малого и среднего предпринимательства;Право заключения Договора на поставку пунктов секционирования (реклоузеров) 10 кВ для нужд ПАО «Россети Центр» (филиал «Белгородэнерго»);;;1;Поставка пунктов секционирования (реклоузеров) 10 кВ;6333020.00;RUB;6333020.00;;;;27.12.10.190: Устройства для коммутации или защиты электрических цепей на напряжение более 1 кВ прочие, не включенные в другие группировки;;"ПУБЛИЧНОЕ АКЦИОНЕРНОЕ ОБЩЕСТВО ""РОССЕТИ ЦЕНТР""";"ПУБЛИЧНОЕ АКЦИОНЕРНОЕ ОБЩЕСТВО ""РОССЕТИ ЦЕНТР""";13.05.2026;05.06.2026;Закупка завершена;;;21.05.2026 12:00;
223-ФЗ;№32615837641;Иной способ;Выполнение работ по капитальному ремонту участков тепловых сетей для нужд филиала ПАО «ТГК-14» «Читинская генерация» (4385101);;;1;Выполнение работ по капитальному ремонту участков тепловых сетей для нужд филиала ПАО «ТГК-14» «Читинская генерация»;6330199.81;RUB;6330199.81;;;;33.19.10.000: Услуги по ремонту прочего оборудования;;"ПУБЛИЧНОЕ АКЦИОНЕРНОЕ ОБЩЕСТВО ""ТЕРРИТОРИАЛЬНАЯ ГЕНЕРИРУЮЩАЯ КОМПАНИЯ № 14""";"ПУБЛИЧНОЕ АКЦИОНЕРНОЕ ОБЩЕСТВО ""ТЕРРИТОРИАЛЬНАЯ ГЕНЕРИРУЮЩАЯ КОМПАНИЯ № 14""";25.03.2026;05.06.2026;Закупка завершена;;;06.04.2026 15:00;
44-ФЗ;№0142200001326011068;Запрос котировок в электронной форме;Услуги по уборке;;'263632109007863210100100070018121244;;;6258587.95;RUB;0;;;;;;"МУНИЦИПАЛЬНОЕ БЮДЖЕТНОЕ УЧРЕЖДЕНИЕ ДОПОЛНИТЕЛЬНОГО ОБРАЗОВАНИЯ СПОРТИВНАЯ ШКОЛА ОЛИМПИЙСКОГО РЕЗЕРВА № 10 ""ОЛИМП"" ГОРОДСКОГО ОКРУГА ТОЛЬЯТТИ";КОМИТЕТ ПО ОРГАНИЗАЦИИ ТОРГОВ САМАРСКОЙ ОБЛАСТИ;15.05.2026;05.06.2026;Закупка завершена;;;22.05.2026;
44-ФЗ;№0142200001326009550;Открытый конкурс в электронной форме;Выполнение работ по ремонту дворовых территорий многоквартирных домов, проездов к дворовым территориям многоквартирных домов в г.о. Кинель Самарской области;;'263635001398463500100100550014299244;;;39708130.13;RUB;0;;;;;;УПРАВЛЕНИЕ АРХИТЕКТУРЫ И ГРАДОСТРОИТЕЛЬСТВА АДМИНИСТРАЦИИ ГОРОДСКОГО ОКРУГА КИНЕЛЬ САМАРСКОЙ ОБЛАСТИ;КОМИТЕТ ПО ОРГАНИЗАЦИИ ТОРГОВ САМАРСКОЙ ОБЛАСТИ;23.04.2026;05.06.2026;Закупка завершена;;;12.05.2026;
44-ФЗ;№0164200001926001911;Электронный аукцион;Поставка медицинского изделия (аппарата рентгеновского стационарного с функциями рентгеноскопии), ввод в эксплуатацию медицинского изделия, обучение правилам эксплуатации специалистов, эксплуатирующих медицинское изделие, и специалистов, осуществляющих техническое обслуживание медицинского изделия;;'262683200841168290100100090022660244;;;24964666.67;RUB;0;;;;;;"ГОСУДАРСТВЕННОЕ БЮДЖЕТНОЕ УЧРЕЖДЕНИЕ ЗДРАВООХРАНЕНИЯ ""ТАМБОВСКАЯ ОБЛАСТНАЯ КЛИНИЧЕСКАЯ БОЛЬНИЦА ИМЕНИ В.Д. БАБЕНКО""";МИНИСТЕРСТВО ИМУЩЕСТВЕННЫХ ОТНОШЕНИЙ И ГОСУДАРСТВЕННОГО ЗАКАЗА ТАМБОВСКОЙ ОБЛАСТИ;20.05.2026;05.06.2026;Закупка завершена;;;01.06.2026;
223-ФЗ;№32615926623;Конкурс в электронной форме, участниками которого могут быть только субъекты малого и среднего предпринимательства;"№ВКОм-260407/50 ""Комплекс работ по модернизации автоматизированных групповых замерных установок (АГЗУ) куста №2 Северо-Хоседаюского нефтяного месторождения им. А. Сливки и куста №2 Висового нефтяного месторождения""";;;1;"№ВКОм-260407/50 ""Комплекс работ по модернизации автоматизированных групповых замерных установок (АГЗУ) куста №2 Северо-Хоседаюского нефтяного месторождения им. А. Сливки и куста №2 Висового нефтяного месторождения""";5212466.61;RUB;5212466.61;;;;74.90: Услуги профессиональные, научные и технические, прочие, не включенные в другие группировки;;"ОБЩЕСТВО С ОГРАНИЧЕННОЙ ОТВЕТСТВЕННОСТЬЮ ""СОВМЕСТНАЯ КОМПАНИЯ ""РУСВЬЕТПЕТРО""";"ОБЩЕСТВО С ОГРАНИЧЕННОЙ ОТВЕТСТВЕННОСТЬЮ ""СОВМЕСТНАЯ КОМПАНИЯ ""РУСВЬЕТПЕТРО""";17.04.2026;05.06.2026;Закупка завершена;;;12.05.2026 16:00;
44-ФЗ;№0174300000326000007;Открытый конкурс в электронной форме;Выполнение работ по обустройству трех детских игровых площадок на территории Орлиновского муниципального округа;;'263920250206392020100100050024299244;;;13918002.00;RUB;0;;;;;;МЕСТНАЯ АДМИНИСТРАЦИЯ ОРЛИНОВСКОГО МУНИЦИПАЛЬНОГО ОКРУГА ГОРОДА СЕВАСТОПОЛЯ;МЕСТНАЯ АДМИНИСТРАЦИЯ ОРЛИНОВСКОГО МУНИЦИПАЛЬНОГО ОКРУГА ГОРОДА СЕВАСТОПОЛЯ;22.04.2026;05.06.2026;Закупка завершена;;;08.05.2026;
44-ФЗ;№0163200000326002623;Электронный аукцион;1006-аэф Поставка «Система магнитно-резонансной томографии всего тела, со сверхпроводящим магнитом» для нужд областного государственного бюджетного учреждения здравоохранения «Вяземская центральная районная больница»;;'262673000996067300100100250012660244;;;125000000.00;RUB;0;;;;;;МИНИСТЕРСТВО ЗДРАВООХРАНЕНИЯ СМОЛЕНСКОЙ ОБЛАСТИ;ГЛАВНОЕ УПРАВЛЕНИЕ СМОЛЕНСКОЙ ОБЛАСТИ ПО РЕГУЛИРОВАНИЮ КОНТРАКТНОЙ СИСТЕМЫ;13.05.2026;05.06.2026;Закупка завершена;;;22.05.2026;
223-ФЗ;№32615929797;Конкурс в электронной форме, участниками которого могут быть только субъекты малого и среднего предпринимательства;Конкурс в электронной форме, участниками которого могут быть только субъекты малого и среднего предпринимательства, на право заключения договора на выполнение строительно-монтажных работ по техническому перевооружению, реконструкции, строительству, монтажу и пусконаладке ВЛ 0,4-10 кВ, КЛ 0,4-10 кВ, ТП-6-10/0,4 кВ, установке РП, ПП, монтажу реклоузеров 6-10 кВ, ячеек КРУ, КСО 6-10 кВ, ПУ 0,4-10 кВ, низковольтных панелей и щитов 0,4 кВ в рамках исполнения договоров ТП в зоне обслуживания ПО «ГАЭС» Республики Алтай филиала ПАО «Россети Сибирь» - «Алтайэнерго» (месторасположение объекта: Республика Алтай, Онгудайский район, Улаганский район, Кош-Агачский район) для нужд филиала ПАО «Россети Сибирь» - «Алтайэнерго»;;;1;Строительно-монтажные работы по техническому перевооружению, реконструкции, строительству, монтажу и пусконаладке ВЛ 0,4-10 кВ, КЛ 0,4-10 кВ, ТП-6-10/0,4 кВ, установке РП, ПП, монтажу реклоузеров 6-10 кВ, ячеек КРУ, КСО 6-10 кВ, ПУ 0,4-10 кВ, низковольтных панелей и щитов 0,4 кВ в рамках исполнения договоров ТП в зоне обслуживания ПО «ГАЭС» Республики Алтай филиала ПАО «Россети Сибирь» - «Алтайэнерго» (месторасположение объекта: Республика Алтай, Онгудайский район, Улаганский район, Кош-Агачский район);50000000.00;RUB;50000000.00;;;;42.22.1: Сооружения коммунальные для электроснабжения и связи;;"ПУБЛИЧНОЕ АКЦИОНЕРНОЕ ОБЩЕСТВО ""РОССЕТИ СИБИРЬ""";"ПУБЛИЧНОЕ АКЦИОНЕРНОЕ ОБЩЕСТВО ""РОССЕТИ СИБИРЬ""";20.04.2026;05.06.2026;Закупка завершена;;;06.05.2026 15:00;
44-ФЗ;№0103200008426003873;Электронный аукцион;Оснащение ДРКБ.2026 (7.2.10 Система эндоскопической визуализации);;'262056204455005720100100490080000244;;;21400000.00;RUB;0;;;;;;МИНИСТЕРСТВО ЗДРАВООХРАНЕНИЯ РЕСПУБЛИКИ ДАГЕСТАН;КОМИТЕТ ПО ГОСУДАРСТВЕННЫМ ЗАКУПКАМ РЕСПУБЛИКИ ДАГЕСТАН;05.05.2026;05.06.2026;Определение поставщика отменено;;;13.05.2026;
44-ФЗ;№0148300062726000226;Открытый конкурс в электронной форме;Выполнение работ по текущему ремонту автомобильных дорог общего пользования местного значения Наро-Фоминского городского округа Московской области;;'263503003185550300100100820014211244;;;10883641.59;RUB;0;;;;;;КОМИТЕТ ПО ЖИЛИЩНО-КОММУНАЛЬНОМУ ХОЗЯЙСТВУ И ДОРОЖНОЙ ДЕЯТЕЛЬНОСТИ АДМИНИСТРАЦИИ НАРО-ФОМИНСКОГО ГОРОДСКОГО ОКРУГА;"МУНИЦИПАЛЬНОЕ КАЗЕННОЕ УЧРЕЖДЕНИЕ ""ЦЕНТР ТОРГОВ НАРО-ФОМИНСКОГО ГОРОДСКОГО ОКРУГА""";06.05.2026;05.06.2026;Закупка завершена;;;22.05.2026;
44-ФЗ;№0852500000126001964;Электронный аукцион;Поставка медицинского оборудования (Система ультразвуковой визуализации универсальная, с питанием от сети) (Реестровый номер 260854);;'262550303408355030100100210010000244;;;12300000.00;RUB;0;;;;;;"БЮДЖЕТНОЕ УЧРЕЖДЕНИЕ ЗДРАВООХРАНЕНИЯ ОМСКОЙ ОБЛАСТИ ""ГИНЕКОЛОГИЧЕСКАЯ БОЛЬНИЦА""";"КАЗЕННОЕ УЧРЕЖДЕНИЕ ОМСКОЙ ОБЛАСТИ ""ЦЕНТР ЗАКУПОК ТОВАРОВ, РАБОТ, УСЛУГ""";21.05.2026;05.06.2026;Закупка завершена;;;29.05.2026;
223-ФЗ;№32615864471;Иной способ;"ОКПД 2 33.12.29.900 Выполнение работ по ремонту охладительных элементов (теплообменников) сухой градирни энергоблоков ст. № 1,2 для нужд ОП ""Сахалинская ГРЭС"" (Лот № 0852-РЕМ ПРОД-2026-СЭ)";;;1;"ОКПД 2 33.12.29.900 Выполнение работ по ремонту охладительных элементов (теплообменников) сухой градирни энергоблоков ст. № 1,2 для нужд ОП ""Сахалинская ГРЭС""";11690541.21;RUB;11690541.21;;;;33.12.29.900: Услуги по ремонту и техническому обслуживанию прочего оборудования специального назначения, не включенные в другие группировки;;"ПУБЛИЧНОЕ АКЦИОНЕРНОЕ ОБЩЕСТВО ЭНЕРГЕТИКИ И ЭЛЕКТРИФИКАЦИИ ""САХАЛИНЭНЕРГО""";"ПУБЛИЧНОЕ АКЦИОНЕРНОЕ ОБЩЕСТВО ЭНЕРГЕТИКИ И ЭЛЕКТРИФИКАЦИИ ""САХАЛИНЭНЕРГО""";01.04.2026;05.06.2026;Закупка завершена;;;01.06.2026 17:00;
223-ФЗ;№32615986920;Иной способ;Выполнение строительно-монтажных, пусконаладочных и иных работ при подключении к системам теплоснабжения ПАО «МОЭК» объекта капитального строительства «Электродепо «Бирюлевское». Этап: «Подготовка строительства». Этап «Основные и вспомогательные здания и сооружения», расположенного по адресу: г. Москва, ул. Булатниковская (строительная площадка № 1 (часть 8)) с условным кадастровым номером: 77:77:0115808:05 (26VP1351 / 2176);;;1;Выполнение строительно-монтажных, пусконаладочных и иных работ при подключении к системам теплоснабжения ПАО «МОЭК» объекта капитального строительства «Электродепо «Бирюлевское». Этап: «Подготовка строительства». Этап «Основные и вспомогательные здания и сооружения», расположенного по адресу: г. Москва, ул. Булатниковская (строительная площадка № 1 (часть 8)) с условным кадастровым номером: 77:77:0115808:05;84017814.79;RUB;84017814.79;;;;41.20.20.710: Сооружения электрических и тепловых сетей;;"ПУБЛИЧНОЕ АКЦИОНЕРНОЕ ОБЩЕСТВО ""МОСКОВСКАЯ ОБЪЕДИНЕННАЯ ЭНЕРГЕТИЧЕСКАЯ КОМПАНИЯ""";"ПУБЛИЧНОЕ АКЦИОНЕРНОЕ ОБЩЕСТВО ""МОСКОВСКАЯ ОБЪЕДИНЕННАЯ ЭНЕРГЕТИЧЕСКАЯ КОМПАНИЯ""";07.05.2026;05.06.2026;Закупка завершена;;;18.05.2026 14:00;
223-ФЗ;№32615962329;Иной способ;Выполнение работ по компенсационному лесовосстановлению вырубленных лесных насаждений при строительстве (реконструкции) объектов электросетевого хозяйства ПАО «Россети Томск» по объектам: «Строительство ВЛ-10 кВ для технологического присоединения» по адресу: Шегарский р-н, 2 км юго-восточнее с. Малые Кулманы. «Строительство СТП-10/0,4 кВ, ВЛ 10-0,4 кВ в Кривошеинском районе для технологического присоединения» по адресу: Томская область, Кривошеинский р., кадастровый номер земельного участка № 70:09:0000000:155. «Строительство ВЛ-10 кВ, ТП КИР-6-10 в Кожевниковском районе для технологического присоединения» по адресу: Томская область, Кожевниковский район, восточная часть кадастрового квартала №70:07:0100042.;;;1;Выполнение работ по компенсационному лесовосстановлению вырубленных лесных насаждений при строительстве (реконструкции) объектов электросетевого хозяйства ПАО «Россети Томск» по объектам: «Строительство ВЛ-10 кВ для технологического присоединения» по адресу: Шегарский р-н, 2 км юго-восточнее с. Малые Кулманы. «Строительство СТП-10/0,4 кВ, ВЛ 10-0,4 кВ в Кривошеинском районе для технологического присоединения» по адресу: Томская область, Кривошеинский р., кадастровый номер земельного участка № 70:09:0000000:155. «Строительство ВЛ-10 кВ, ТП КИР-6-10 в Кожевниковском районе для технологического присоединения» по адресу: Томская область, Кожевниковский район, восточная часть кадастрового квартала №70:07:0100042.;9114700.52;RUB;9114700.52;;;;02.40: Услуги, связанные с лесоводством и лесозаготовками;;"ПУБЛИЧНОЕ АКЦИОНЕРНОЕ ОБЩЕСТВО ""РОССЕТИ ТОМСК""";"ПУБЛИЧНОЕ АКЦИОНЕРНОЕ ОБЩЕСТВО ""РОССЕТИ ТОМСК""";29.04.2026;05.06.2026;Закупка завершена;;;20.05.2026 15:00;
44-ФЗ;№0348200081026002142;Электронный аукцион;Поставка медицинского оборудования - лот 47.6;;'262502406865650240100111310013250244;;;6851300.01;RUB;0;;;;;;"ГОСУДАРСТВЕННОЕ КАЗЕННОЕ УЧРЕЖДЕНИЕ МОСКОВСКОЙ ОБЛАСТИ ""ДИРЕКЦИЯ ЕДИНОГО ЗАКАЗЧИКА МИНИСТЕРСТВА ЗДРАВООХРАНЕНИЯ МОСКОВСКОЙ ОБЛАСТИ""";"ГОСУДАРСТВЕННОЕ КАЗЕННОЕ УЧРЕЖДЕНИЕ МОСКОВСКОЙ ОБЛАСТИ ""ДИРЕКЦИЯ ЕДИНОГО ЗАКАЗЧИКА МИНИСТЕРСТВА ЗДРАВООХРАНЕНИЯ МОСКОВСКОЙ ОБЛАСТИ""";13.04.2026;05.06.2026;Закупка завершена;;;22.05.2026;
44-ФЗ;№0348200081026002269;Электронный аукцион;Поставка автоматизированных рабочих мест для государственных учреждений здравоохранения Московской области в целях создания компонентов инфраструктуры доступа к информационным системам Московской области в сфере здравоохранения в 2026 году;;'262502406865650240100110460010000242;;;30352104.00;RUB;0;;;;;;"ГОСУДАРСТВЕННОЕ КАЗЕННОЕ УЧРЕЖДЕНИЕ МОСКОВСКОЙ ОБЛАСТИ ""ДИРЕКЦИЯ ЕДИНОГО ЗАКАЗЧИКА МИНИСТЕРСТВА ЗДРАВООХРАНЕНИЯ МОСКОВСКОЙ ОБЛАСТИ""";"ГОСУДАРСТВЕННОЕ КАЗЕННОЕ УЧРЕЖДЕНИЕ МОСКОВСКОЙ ОБЛАСТИ ""ДИРЕКЦИЯ ЕДИНОГО ЗАКАЗЧИКА МИНИСТЕРСТВА ЗДРАВООХРАНЕНИЯ МОСКОВСКОЙ ОБЛАСТИ""";17.04.2026;05.06.2026;Закупка завершена;;;27.04.2026;
223-ФЗ;№32615949263;Иной способ;"Выполнение строительно-монтажных, пусконаладочных и иных работ при подключении к системам теплоснабжения ПАО «МОЭК» комплексной застройки - объектов капитального строительства «Жилой комплекс многоэтажных домов с подземным паркингом и нежилыми встроенными помещениями на первых этажах, в том числе дошкольная образовательная организация на 100 мест и помещениями свободного назначения», расположенных по адресу: Российская Федерация, город Москва, вн. тер.г. муниципальный округ Рязанский, проспект Рязанский земельный участок 26/6; Российская Федерация, город Москва, вн. тер.г. муниципальный округ Рязанский, улица Окская, земельный участок 9А; Российская Федерация, город Москва, вн. тер.г. муниципальный округ Рязанский, ул. Окская, земельный участок 11А с кадастровыми номерами: 77:04:0002006:20868, 77:04:0002006:18978, 77:04:0002006:18979  и на реконструкцию тепловых сетей 2Д 500 мм на 2Д 700 мм от тепловой камеры к.832 до тепловой камеры к.834 (2 этап) для подключения существующих и перспективных потребителей, в том числе, но не исключительно для условий подключения № Т-УП1-01-250904/6 (26VP1268)";;;1;"Выполнение строительно-монтажных, пусконаладочных и иных работ при подключении к системам теплоснабжения ПАО «МОЭК» комплексной застройки - объектов капитального строительства «Жилой комплекс многоэтажных домов с подземным паркингом и нежилыми встроенными помещениями на первых этажах, в том числе дошкольная образовательная организация на 100 мест и помещениями свободного назначения», расположенных по адресу: Российская Федерация, город Москва, вн. тер.г. муниципальный округ Рязанский, проспект Рязанский земельный участок 26/6; Российская Федерация, город Москва, вн. тер.г. муниципальный округ Рязанский, улица Окская, земельный участок 9А; Российская Федерация, город Москва, вн. тер.г. муниципальный округ Рязанский, ул. Окская, земельный участок 11А с кадастровыми номерами: 77:04:0002006:20868, 77:04:0002006:18978, 77:04:0002006:18979  и на реконструкцию тепловых сетей 2Д 500 мм на 2Д 700 мм от тепловой камеры к.832 до тепловой камеры к.834 (2 этап) для подключения существующих и перспективных потребителей, в том числе, но не исключительно для условий подключения № Т-УП1-01-250904/6";120493513.06;RUB;120493513.06;;;;41.20.20.710: Сооружения электрических и тепловых сетей;;"ПУБЛИЧНОЕ АКЦИОНЕРНОЕ ОБЩЕСТВО ""МОСКОВСКАЯ ОБЪЕДИНЕННАЯ ЭНЕРГЕТИЧЕСКАЯ КОМПАНИЯ""";"ПУБЛИЧНОЕ АКЦИОНЕРНОЕ ОБЩЕСТВО ""МОСКОВСКАЯ ОБЪЕДИНЕННАЯ ЭНЕРГЕТИЧЕСКАЯ КОМПАНИЯ""";24.04.2026;05.06.2026;Закупка завершена;;;05.05.2026 14:00;
44-ФЗ;№0325300026826000003;Открытый конкурс в электронной форме;Выполнение работ по благоустройству набережной в городе Нариманов, в рамках реализации мероприятий по разработке дизайн проекта, проектно- сметной документации для объектов -победителей Всероссийского конкурса лучших проектов создания комфортной городской среды I этап ;;'263300800501330230100100100014299244;;;78907628.87;RUB;0;;;;;;"АДМИНИСТРАЦИЯ МУНИЦИПАЛЬНОГО ОБРАЗОВАНИЯ ""ГОРОДСКОЕ ПОСЕЛЕНИЕ ГОРОД НАРИМАНОВ НАРИМАНОВСКОГО МУНИЦИПАЛЬНОГО РАЙОНА АСТРАХАНСКОЙ ОБЛАСТИ""";"АДМИНИСТРАЦИЯ МУНИЦИПАЛЬНОГО ОБРАЗОВАНИЯ ""ГОРОДСКОЕ ПОСЕЛЕНИЕ ГОРОД НАРИМАНОВ НАРИМАНОВСКОГО МУНИЦИПАЛЬНОГО РАЙОНА АСТРАХАНСКОЙ ОБЛАСТИ""";21.04.2026;05.06.2026;Закупка завершена;;;07.05.2026;
44-ФЗ;№0373200082126000172;Электронный аукцион;Поставка информационных табло;;'262771488787077140100100880010000244;;;22626312.72;RUB;0;;;;;;"ГОСУДАРСТВЕННОЕ КАЗЕННОЕ УЧРЕЖДЕНИЕ ГОРОДА МОСКВЫ ""АДМИНИСТРАТОР МОСКОВСКОГО ПАРКОВОЧНОГО ПРОСТРАНСТВА""";"ГОСУДАРСТВЕННОЕ КАЗЕННОЕ УЧРЕЖДЕНИЕ ГОРОДА МОСКВЫ ""ДИРЕКЦИЯ ТРАНСПОРТНЫХ ЗАКУПОК""";04.05.2026;05.06.2026;Закупка завершена;;;13.05.2026;
44-ФЗ;№0103200008426003414;Открытый конкурс в электронной форме;Выполнение проектно-изыскательских работ по объекту Внутрипоселковые сети газоснабжения с. Старое Тамазатюбе Бабаюртовского района;;'262054102576405730100100100017112414;;;5429011.00;RUB;0;;;;;;"ГОСУДАРСТВЕННОЕ КАЗЕННОЕ УЧРЕЖДЕНИЕ РЕСПУБЛИКИ ДАГЕСТАН ""СПЕЦГАЗСТРОЙСЕРВИС""";КОМИТЕТ ПО ГОСУДАРСТВЕННЫМ ЗАКУПКАМ РЕСПУБЛИКИ ДАГЕСТАН;28.04.2026;05.06.2026;Закупка завершена;;;12.05.2026;
223-ФЗ;№32616028555;Аукцион в электронной форме, участниками которого могут быть только субъекты малого и среднего предпринимательства;ОКПД2: 29.10.59.390 Поставка автомобиля вакуумного для Хабаровских тепловых сетей (реализация проекта P_505-ХТС-34-56) г. Хабаровск;;;1;ОКПД2: 29.10.59.390 Поставка автомобиля вакуумного для Хабаровских тепловых сетей (реализация проекта P_505-ХТС-34-56) г. Хабаровск;9226229.51;RUB;9226229.51;;;;29.10.59.390: Средства автотранспортные специального назначения прочие, не включенные в другие группировки;;"АКЦИОНЕРНОЕ ОБЩЕСТВО ""ДАЛЬНЕВОСТОЧНАЯ ГЕНЕРИРУЮЩАЯ КОМПАНИЯ""";"АКЦИОНЕРНОЕ ОБЩЕСТВО ""ДАЛЬНЕВОСТОЧНАЯ ГЕНЕРИРУЮЩАЯ КОМПАНИЯ""";21.05.2026;05.06.2026;Закупка завершена;;;01.06.2026 17:00;
44-ФЗ;№0148200002026000016;Электронный аукцион;Выполнение комплекса мероприятий по ликвидации последствий засорения водных объектов, находящихся в государственной собственности (Лот 5);;'262501806144450240100101380013900244;;;22266666.67;RUB;0;;;;;;МИНИСТЕРСТВО ЭКОЛОГИИ И ПРИРОДОПОЛЬЗОВАНИЯ МОСКОВСКОЙ ОБЛАСТИ;МИНИСТЕРСТВО ЭКОЛОГИИ И ПРИРОДОПОЛЬЗОВАНИЯ МОСКОВСКОЙ ОБЛАСТИ;17.04.2026;05.06.2026;Закупка завершена;;;30.04.2026;
44-ФЗ;№0373200014226000276;Открытый конкурс в электронной форме;Выполнение работ по разработке проектно-сметной документации по комплексному благоустройству озелененной территории природного заказника Долина реки Сетунь;;'262773141398377310100100630010000244;;;27957610.00;RUB;0;;;;;;"ГОСУДАРСТВЕННОЕ БЮДЖЕТНОЕ УЧРЕЖДЕНИЕ ГОРОДА МОСКВЫ ""АВТОМОБИЛЬНЫЕ ДОРОГИ ЗАПАДНОГО АДМИНИСТРАТИВНОГО ОКРУГА""";"ГОСУДАРСТВЕННОЕ КАЗЕННОЕ УЧРЕЖДЕНИЕ ГОРОДА МОСКВЫ ""ДИРЕКЦИЯ ЗАКАЗЧИКА ЖИЛИЩНО-КОММУНАЛЬНОГО ХОЗЯЙСТВА И БЛАГОУСТРОЙСТВА ЗАПАДНОГО АДМИНИСТРАТИВНОГО ОКРУГА""";01.05.2026;05.06.2026;Закупка завершена;;;27.05.2026;
44-ФЗ;№0142200001326011230;Электронный аукцион на проведение работ по строительству, реконструкции, кап. ремонту, сносу объекта кап. строительства в соответствии с п. 8 ч. 1 ст. 33 Закона № 44-ФЗ;Выполнение работ по капитальному ремонту защитных сооружений гражданской обороны (нежилых помещений), расположенных по адресу:  - Самарская область, г. Новокуйбышевск, ул. 50-летия НПЗ, д. 9, пом. н1, - Самарская область, г. Новокуйбышевск, ул. Кадомцева, д. 3, - Самарская область, г. Новокуйбышевск, ул. Советская, д. 6, подвал комнаты № 7,9,9а,9б,9и,10,10а,11,12,14,15.;;'263633002550163300100100240014339243;;;16737220.00;RUB;0;;;;;;"МУНИЦИПАЛЬНОЕ КАЗЕННОЕ УЧРЕЖДЕНИЕ ""УПРАВЛЕНИЕ ГРАЖДАНСКОЙ ЗАЩИТЫ ГОРОДСКОГО ОКРУГА НОВОКУЙБЫШЕВСК""";КОМИТЕТ ПО ОРГАНИЗАЦИИ ТОРГОВ САМАРСКОЙ ОБЛАСТИ;18.05.2026;05.06.2026;Закупка завершена;;;26.05.2026;
44-ФЗ;№0845300015026000347;Открытый конкурс в электронной форме;Обустройство туристского центра города Выборг;;'263470406371047040100100510014299244;;;26773533.40;RUB;0;;;;;;АДМИНИСТРАЦИЯ ВЫБОРГСКОГО МУНИЦИПАЛЬНОГО РАЙОНА ЛЕНИНГРАДСКОЙ ОБЛАСТИ;"МУНИЦИПАЛЬНОЕ КАЗЕННОЕ УЧРЕЖДЕНИЕ ВЫБОРГСКОГО МУНИЦИПАЛЬНОГО РАЙОНА ЛЕНИНГРАДСКОЙ ОБЛАСТИ ""ЕДИНОЕ УПРАВЛЕНИЕ МУНИЦИПАЛЬНЫМИ ЗАКАЗАМИ""";12.05.2026;05.06.2026;Закупка завершена;;;28.05.2026;
44-ФЗ;№0142200001326011229;Электронный аукцион на проведение работ по строительству, реконструкции, кап. ремонту, сносу объекта кап. строительства в соответствии с п. 8 ч. 1 ст. 33 Закона № 44-ФЗ;Выполнение работ по капитальному ремонту защитных сооружений гражданской обороны (нежилых помещений), расположенных по адресу:  - Самарская область, г. Новокуйбышевск, ул. Кутузова, д. 14, н1, - Самарская область, г. Новокуйбышевск, ул. Кутузова, 20/24.;;'263633002550163300100100290014339243;;;12959720.00;RUB;0;;;;;;"МУНИЦИПАЛЬНОЕ КАЗЕННОЕ УЧРЕЖДЕНИЕ ""УПРАВЛЕНИЕ ГРАЖДАНСКОЙ ЗАЩИТЫ ГОРОДСКОГО ОКРУГА НОВОКУЙБЫШЕВСК""";КОМИТЕТ ПО ОРГАНИЗАЦИИ ТОРГОВ САМАРСКОЙ ОБЛАСТИ;18.05.2026;05.06.2026;Закупка завершена;;;27.05.2026;
44-ФЗ;№0125600001226000007;Открытый конкурс в электронной форме;Выполнить работы по ремонту автомобильных дорог общего пользования местного значения в г. Астрахань (замена и восстановление светофорных объектов).;;'263301511829730150100100090014211244;;;41411865.38;RUB;0;;;;;;"УПРАВЛЕНИЕ ДОРОЖНОГО ХОЗЯЙСТВА И ТРАНСПОРТА АДМИНИСТРАЦИИ МУНИЦИПАЛЬНОГО ОБРАЗОВАНИЯ ""ГОРОДСКОЙ ОКРУГ ГОРОД АСТРАХАНЬ""";"УПРАВЛЕНИЕ ДОРОЖНОГО ХОЗЯЙСТВА И ТРАНСПОРТА АДМИНИСТРАЦИИ МУНИЦИПАЛЬНОГО ОБРАЗОВАНИЯ ""ГОРОДСКОЙ ОКРУГ ГОРОД АСТРАХАНЬ""";08.04.2026;05.06.2026;Закупка завершена;;;25.05.2026;
44-ФЗ;№0134200000126001942;Электронный аукцион;Выполнение работ по строительству некапитального строения – модульной конструкции для размещения фельдшерско-акушерского пункта, расположенного по адресу: Иркутская область, Эхирит-Булагатский район, с. Ахины, ул. Ленина, земельный участок 34А, кадастровый номер земельного участка 85:06:010101:628;;'262850600466085060100100790014399244;;;12320180.00;RUB;0;;;;;;"ОБЛАСТНОЕ ГОСУДАРСТВЕННОЕ БЮДЖЕТНОЕ УЧРЕЖДЕНИЕ ЗДРАВООХРАНЕНИЯ ""ОБЛАСТНАЯ БОЛЬНИЦА №2""";МИНИСТЕРСТВО ПО РЕГУЛИРОВАНИЮ КОНТРАКТНОЙ СИСТЕМЫ В СФЕРЕ ЗАКУПОК ИРКУТСКОЙ ОБЛАСТИ;01.05.2026;05.06.2026;Закупка завершена;;;15.05.2026;
44-ФЗ;№0869200000226004335;Электронный аукцион;на поставку Автомобилей скорой медицинской помощи класса «B» (с оборудованием);;'262745313582774530100100480110000244;;;13760166.66;RUB;0;;;;;;МИНИСТЕРСТВО ЗДРАВООХРАНЕНИЯ ЧЕЛЯБИНСКОЙ ОБЛАСТИ;"ГОСУДАРСТВЕННОЕ КАЗЕННОЕ УЧРЕЖДЕНИЕ ""ЦЕНТР ОРГАНИЗАЦИИ ЗАКУПОК ЧЕЛЯБИНСКОЙ ОБЛАСТИ""";19.05.2026;05.06.2026;Закупка завершена;;;27.05.2026;
44-ФЗ;№0819600013426000030;Электронный аукцион;Капитальных ремонт системы отопления Денисовской школы (два корпуса);;'263241000465124100100100280014322243;;;6602712.25;RUB;0;;;;;;"МУНИЦИПАЛЬНОЕ КАЗЕННОЕ УЧРЕЖДЕНИЕ ""ЕДИНАЯ СЛУЖБА ЗАКАЗЧИКА ДЗЕРЖИНСКО-ТАСЕЕВСКОГО МУНИЦИПАЛЬНОГО ОКРУГА КРАСНОЯРСКОГО КРАЯ""";"МУНИЦИПАЛЬНОЕ КАЗЕННОЕ УЧРЕЖДЕНИЕ ""ЕДИНАЯ СЛУЖБА ЗАКАЗЧИКА ДЗЕРЖИНСКО-ТАСЕЕВСКОГО МУНИЦИПАЛЬНОГО ОКРУГА КРАСНОЯРСКОГО КРАЯ""";27.04.2026;05.06.2026;Закупка завершена;;;25.05.2026;
44-ФЗ;№0516100000126000001;Открытый конкурс в электронной форме;Размещение некапитального быстровозводимого сооружения «Периметровое ограждение в аэропорту Маган»;;'261143514629314350100100020014329000;;;204243039.31;RUB;0;;;;;;"ФЕДЕРАЛЬНОЕ КАЗЕННОЕ ПРЕДПРИЯТИЕ ""АЭРОПОРТЫ СЕВЕРА""";"ФЕДЕРАЛЬНОЕ КАЗЕННОЕ ПРЕДПРИЯТИЕ ""АЭРОПОРТЫ СЕВЕРА""";03.04.2026;05.06.2026;Закупка завершена;;;24.04.2026;
44-ФЗ;№0819300037426000069;Электронный аукцион;Приобретение 2-х озоно-фильтровальных станций очистки воды в мобильном перевозимом здании в с. Березовское (по 240 куб.м.);;'263242300974524230100100140014221244;;;18753300.00;RUB;0;;;;;;"МУНИЦИПАЛЬНОЕ КАЗЕННОЕ УЧРЕЖДЕНИЕ ""СЛУЖБА ЗАКАЗЧИКА""";"МУНИЦИПАЛЬНОЕ КАЗЕННОЕ УЧРЕЖДЕНИЕ ""УПРАВЛЕНИЕ ЕДИНОГО ЗАКАЗЧИКА КУРАГИНСКОГО РАЙОНА""";13.04.2026;05.06.2026;Закупка завершена;;;18.05.2026;
44-ФЗ;№0817200000326007366;Электронный аукцион;Поставка угля каменного для пополнения резервного запаса угля Алтайского края;;'262222514524922250100100040060510244;;;19962250.00;RUB;0;;;;;;МИНИСТЕРСТВО СТРОИТЕЛЬСТВА И ЖИЛИЩНО-КОММУНАЛЬНОГО ХОЗЯЙСТВА АЛТАЙСКОГО КРАЯ;"КРАЕВОЕ ГОСУДАРСТВЕННОЕ КАЗЕННОЕ УЧРЕЖДЕНИЕ ""ЦЕНТР ГОСУДАРСТВЕННЫХ ЗАКУПОК АЛТАЙСКОГО КРАЯ""";15.05.2026;05.06.2026;Закупка завершена;;;28.05.2026;
44-ФЗ;№0817200000326007369;Электронный аукцион;Поставка угля каменного для пополнения резервного запаса угля Алтайского края;;'262222514524922250100100040050510244;;;10051250.00;RUB;0;;;;;;МИНИСТЕРСТВО СТРОИТЕЛЬСТВА И ЖИЛИЩНО-КОММУНАЛЬНОГО ХОЗЯЙСТВА АЛТАЙСКОГО КРАЯ;"КРАЕВОЕ ГОСУДАРСТВЕННОЕ КАЗЕННОЕ УЧРЕЖДЕНИЕ ""ЦЕНТР ГОСУДАРСТВЕННЫХ ЗАКУПОК АЛТАЙСКОГО КРАЯ""";15.05.2026;05.06.2026;Закупка завершена;;;28.05.2026;
44-ФЗ;№0847500000926001248;Электронный аукцион;Поставка специальной и дорожно-коммунальной техники;;'262490908795149090100100210010000244;;;107128000.00;RUB;0;;;;;;МИНИСТЕРСТВО ДОРОЖНОГО ХОЗЯЙСТВА И ТРАНСПОРТА МАГАДАНСКОЙ ОБЛАСТИ;"МАГАДАНСКОЕ ОБЛАСТНОЕ ГОСУДАРСТВЕННОЕ КАЗЕННОЕ УЧРЕЖДЕНИЕ ""ЦЕНТР ЗАКУПОК МАГАДАНСКОЙ ОБЛАСТИ""";18.05.2026;05.06.2026;Закупка завершена;;;01.06.2026;
223-ФЗ;№32615961341;Запрос предложений в электронной форме, участниками которого могут быть только субъекты малого и среднего предпринимательства;Право заключения Договора на поставку дросселей и светильников для нужд ПАО «Россети Центр» (филиала «Смоленскэнерго»);;;1;Поставка дросселей и светильников;6875310.00;RUB;6875310.00;;;;27.11.50.110: Элементы балластные для газоразрядных ламп или трубок,27.40.33.130: Прожекторы и аналогичные светильники узконаправленного света, предназначенные для использования со светодиодными лампами и прочими светодиодными источниками света;;"ПУБЛИЧНОЕ АКЦИОНЕРНОЕ ОБЩЕСТВО ""РОССЕТИ ЦЕНТР""";"ПУБЛИЧНОЕ АКЦИОНЕРНОЕ ОБЩЕСТВО ""РОССЕТИ ЦЕНТР""";28.04.2026;04.06.2026;Закупка завершена;;;15.05.2026 12:00;
44-ФЗ;№0815500000526007320;Электронный аукцион;Поставка медицинского изделия (Платформа для системы стабилографии);;'262212870057821300100101360013250244;;;5300000.00;RUB;0;;;;;;"БЮДЖЕТНОЕ УЧРЕЖДЕНИЕ ЧУВАШСКОЙ РЕСПУБЛИКИ ""РЕАБИЛИТАЦИОННЫЙ ЦЕНТР ДЛЯ ДЕТЕЙ И ПОДРОСТКОВ С ОГРАНИЧЕННЫМИ ВОЗМОЖНОСТЯМИ"" МИНИСТЕРСТВА ТРУДА И СОЦИАЛЬНОЙ ЗАЩИТЫ ЧУВАШСКОЙ РЕСПУБЛИКИ";"КАЗЕННОЕ УЧРЕЖДЕНИЕ ЧУВАШСКОЙ РЕСПУБЛИКИ ""РЕГИОНАЛЬНЫЙ ЦЕНТР ЗАКУПОК ЧУВАШСКОЙ РЕСПУБЛИКИ""";19.05.2026;04.06.2026;Закупка завершена;;;27.05.2026;
44-ФЗ;№0348300075526000145;Электронный аукцион;Поставка реагентов для биохимических исследований (лот 1.1) для нужд ГБУЗ Московской области «Королевская больница» в 2026 году (ЦКДЛ);;'263501800018450180100103400010000244;;;49990000.00;RUB;0;;;;;;"ГОСУДАРСТВЕННОЕ БЮДЖЕТНОЕ УЧРЕЖДЕНИЕ ЗДРАВООХРАНЕНИЯ МОСКОВСКОЙ ОБЛАСТИ ""КОРОЛЁВСКАЯ БОЛЬНИЦА""";"ГОСУДАРСТВЕННОЕ БЮДЖЕТНОЕ УЧРЕЖДЕНИЕ ЗДРАВООХРАНЕНИЯ МОСКОВСКОЙ ОБЛАСТИ ""КОРОЛЁВСКАЯ БОЛЬНИЦА""";13.05.2026;04.06.2026;Определение поставщика отменено;;;21.05.2026;
44-ФЗ;№0304200009026001186;Запрос котировок в электронной форме;ЗК.26-890-012Я353160 Поставка изделий медицинского назначения;;'262072106027807250100100130320000244;;;15566129.02;RUB;0;;;;;;"ГОСУДАРСТВЕННОЕ КАЗЕННОЕ УЧРЕЖДЕНИЕ ЗДРАВООХРАНЕНИЯ ""ФАРМЕДТЕХ"" МИНИСТЕРСТВА ЗДРАВООХРАНЕНИЯ КАБАРДИНО-БАЛКАРСКОЙ РЕСПУБЛИКИ";"ГОСУДАРСТВЕННОЕ КАЗЕННОЕ УЧРЕЖДЕНИЕ ЗДРАВООХРАНЕНИЯ ""ФАРМЕДТЕХ"" МИНИСТЕРСТВА ЗДРАВООХРАНЕНИЯ КАБАРДИНО-БАЛКАРСКОЙ РЕСПУБЛИКИ";20.05.2026;04.06.2026;Закупка завершена;;;27.05.2026;
44-ФЗ;№0304200009026001185;Запрос котировок в электронной форме;ЗК.26-841-012Я351460 Поставка изделий медицинского назначения;;'262072106027807250100101120290000244;;;6226557.00;RUB;0;;;;;;"ГОСУДАРСТВЕННОЕ КАЗЕННОЕ УЧРЕЖДЕНИЕ ЗДРАВООХРАНЕНИЯ ""ФАРМЕДТЕХ"" МИНИСТЕРСТВА ЗДРАВООХРАНЕНИЯ КАБАРДИНО-БАЛКАРСКОЙ РЕСПУБЛИКИ";"ГОСУДАРСТВЕННОЕ КАЗЕННОЕ УЧРЕЖДЕНИЕ ЗДРАВООХРАНЕНИЯ ""ФАРМЕДТЕХ"" МИНИСТЕРСТВА ЗДРАВООХРАНЕНИЯ КАБАРДИНО-БАЛКАРСКОЙ РЕСПУБЛИКИ";20.05.2026;04.06.2026;Закупка завершена;;;27.05.2026;
44-ФЗ;№0348100075026000098;Электронный аукцион;"Поставка  серверов для нужд ФБУ ""Рослесозащита""";;'261772715631750380100100460012620244;;;11974330.02;RUB;0;;;;;;"ФЕДЕРАЛЬНОЕ БЮДЖЕТНОЕ УЧРЕЖДЕНИЕ ""РОССИЙСКИЙ ЦЕНТР ЗАЩИТЫ ЛЕСА""";"ФЕДЕРАЛЬНОЕ БЮДЖЕТНОЕ УЧРЕЖДЕНИЕ ""РОССИЙСКИЙ ЦЕНТР ЗАЩИТЫ ЛЕСА""";23.04.2026;04.06.2026;Закупка завершена;;;18.05.2026;
44-ФЗ;№0360100030526000733;Электронный аукцион;"Выполнение работ по разработке проектно-сметной документации на реконструкцию объекта культурного наследия ""Усадьба Штаф, 1912-1913 гг. (2 здания)"", литер ВВ1, расположенного по адресу г. Саратов, ул. Провиантская, 22";;'261645200647164520100102320010000407;;;8105253.00;RUB;0;;;;;;"ФЕДЕРАЛЬНОЕ ГОСУДАРСТВЕННОЕ БЮДЖЕТНОЕ ОБРАЗОВАТЕЛЬНОЕ УЧРЕЖДЕНИЕ ВЫСШЕГО ОБРАЗОВАНИЯ ""САРАТОВСКИЙ ГОСУДАРСТВЕННЫЙ МЕДИЦИНСКИЙ УНИВЕРСИТЕТ ИМЕНИ В.И.РАЗУМОВСКОГО"" МИНИСТЕРСТВА ЗДРАВООХРАНЕНИЯ РОССИЙСКОЙ ФЕДЕРАЦИИ";"ФЕДЕРАЛЬНОЕ ГОСУДАРСТВЕННОЕ БЮДЖЕТНОЕ ОБРАЗОВАТЕЛЬНОЕ УЧРЕЖДЕНИЕ ВЫСШЕГО ОБРАЗОВАНИЯ ""САРАТОВСКИЙ ГОСУДАРСТВЕННЫЙ МЕДИЦИНСКИЙ УНИВЕРСИТЕТ ИМЕНИ В.И.РАЗУМОВСКОГО"" МИНИСТЕРСТВА ЗДРАВООХРАНЕНИЯ РОССИЙСКОЙ ФЕДЕРАЦИИ";21.05.2026;04.06.2026;Закупка завершена;;;01.06.2026;
44-ФЗ;№0175200000426000723;Открытый конкурс в электронной форме;Услуги по организации горячего питания для обучающихся (воспитанников);;'262911100773891110100100080015629244;;;6331110.00;RUB;0;;;;;;"ГОСУДАРСТВЕННОЕ БЮДЖЕТНОЕ ОБЩЕОБРАЗОВАТЕЛЬНОЕ  УЧРЕЖДЕНИЕ РЕСПУБЛИКИ КРЫМ ""КЕРЧЕНСКИЙ УЧЕБНО-ВОСПИТАТЕЛЬНЫЙ КОМПЛЕКС-ИНТЕРНАТ-ЛИЦЕЙ ИСКУССТВ""";ГОСУДАРСТВЕННЫЙ КОМИТЕТ КОНКУРЕНТНОЙ ПОЛИТИКИ РЕСПУБЛИКИ КРЫМ;04.05.2026;04.06.2026;Закупка завершена;;;21.05.2026;
223-ФЗ;№32615941659;Конкурс в электронной форме, участниками которого могут быть только субъекты малого и среднего предпринимательства;"Закупка № 350.1 ОКПД2 27.90 Работы для осуществления технологического присоединения для нужд филиалов АО ""Чукотэнерго""";;;1;"ОКПД2 27.90 Работы для осуществления технологического присоединения для нужд филиалов АО ""Чукотэнерго""";34000000.00;RUB;34000000.00;;;;27.90: Оборудование электрическое прочее;;"АКЦИОНЕРНОЕ ОБЩЕСТВО ""ЧУКОТЭНЕРГО""";"АКЦИОНЕРНОЕ ОБЩЕСТВО ""ЧУКОТЭНЕРГО""";23.04.2026;04.06.2026;Закупка завершена;;;13.05.2026 16:00;
44-ФЗ;№0103200008426004334;Запрос котировок в электронной форме;Поставка системы ультразвуковой визуализации универсальной, с питанием от сети;;'262053600465605360100100080012660244;;;8900000.00;RUB;0;;;;;;"ГОСУДАРСТВЕННОЕ БЮДЖЕТНОЕ  УЧРЕЖДЕНИЕ РЕСПУБЛИКИ ДАГЕСТАН ""ХУНЗАХСКАЯ  ЦЕНТРАЛЬНАЯ РАЙОННАЯ БОЛЬНИЦА""";КОМИТЕТ ПО ГОСУДАРСТВЕННЫМ ЗАКУПКАМ РЕСПУБЛИКИ ДАГЕСТАН;15.05.2026;04.06.2026;Закупка завершена;;;22.05.2026;
44-ФЗ;№0818500000826002927;Открытый конкурс в электронной форме на проведение работ по строительству, реконструкции, кап. ремонту, сносу объекта кап. строительства в соответствии с п. 8 ч. 1 ст. 33 Закона № 44-ФЗ;Капитальный ремонт автомобильной дороги по ул. Ленина от автомобильной дороги Усть-Лабинск-Лабинск-Упорная до ул. Октябрьской в ст-це Михайловской Курганинского района Краснодарского края;;'263233901522923390100100050014211243;;;80698058.99;RUB;0;;;;;;АДМИНИСТРАЦИЯ МИХАЙЛОВСКОГО СЕЛЬСКОГО ПОСЕЛЕНИЯ КУРГАНИНСКОГО РАЙОНА;"ГОСУДАРСТВЕННОЕ КАЗЕННОЕ УЧРЕЖДЕНИЕ КРАСНОДАРСКОГО КРАЯ ""ДИРЕКЦИЯ ГОСУДАРСТВЕННЫХ ЗАКУПОК""";07.05.2026;04.06.2026;Закупка завершена;;;01.06.2026;
44-ФЗ;№0132600032726000348;Открытый конкурс в электронной форме;Выполнение работ по содержанию контейнерных площадок, расположенных на территории Советского района города Нижнего Новгорода в июле-декабре 2026 года.;;'263526203484952620100100490018129244;;;10038626.77;RUB;0;;;;;;АДМИНИСТРАЦИЯ СОВЕТСКОГО РАЙОНА ГОРОДА НИЖНЕГО НОВГОРОДА;Департамент экономического развития и инвестиций администрации города Нижнего Новгорода;14.05.2026;04.06.2026;Закупка завершена;;;01.06.2026;
44-ФЗ;№0103200008426004330;Открытый конкурс в электронной форме;"Благоустройство территории и устройство инженерных коммуникаций женских консультаций ГБУ РД ""Новолакская ЦРБ им. Б. Мирзоева"" Республика Дагестан, Новолакский р-он, с. Новолакское";;'262057203266605720100100210024399244;;;5903367.11;RUB;0;;;;;;"ГОСУДАРСТВЕННОЕ КАЗЕННОЕ УЧРЕЖДЕНИЕ РЕСПУБЛИКИ ДАГЕСТАН ""ДИРЕКЦИЯ РАЗВИТИЯ СЕТИ ОБЪЕКТОВ ЗДРАВОХРАНЕНИЯ РЕСПУБЛИКИ ДАГЕСТАН""";КОМИТЕТ ПО ГОСУДАРСТВЕННЫМ ЗАКУПКАМ РЕСПУБЛИКИ ДАГЕСТАН;15.05.2026;04.06.2026;Закупка завершена;;;01.06.2026;
44-ФЗ;№0128200000126002791;Электронный аукцион;Поставка форменного обмундирования;;'262330800396233080100100110010000244;;;6800497.20;RUB;0;;;;;;"ГОСУДАРСТВЕННОЕ КАЗЕННОЕ ОБЩЕОБРАЗОВАТЕЛЬНОЕ УЧРЕЖДЕНИЕ ВЛАДИМИРСКОЙ ОБЛАСТИ КАДЕТСКАЯ ШКОЛА - ИНТЕРНАТ ""КАДЕТСКИЙ КОРПУС"" ИМЕНИ ДМИТРИЯ МИХАЙЛОВИЧА ПОЖАРСКОГО В ЗАТО Г. РАДУЖНЫЙ";МИНИСТЕРСТВО ИМУЩЕСТВЕННЫХ И ЗЕМЕЛЬНЫХ ОТНОШЕНИЙ ВЛАДИМИРСКОЙ ОБЛАСТИ;07.05.2026;04.06.2026;Закупка завершена;;;20.05.2026;
44-ФЗ;№0172200004326000089;Открытый конкурс в электронной форме;Выполнение ремонтных работ кабинетов в здании ГБОУ СОШ № 146  Калининского района Санкт-Петербурга по адресу: 195271, Санкт-Петербург, ул. Замшина, д.31, корп.2, литер А;;'262780414060378040100100120014339244;;;6844578.17;RUB;0;;;;;;ГОСУДАРСТВЕННОЕ БЮДЖЕТНОЕ ОБЩЕОБРАЗОВАТЕЛЬНОЕ УЧРЕЖДЕНИЕ СРЕДНЯЯ ОБЩЕОБРАЗОВАТЕЛЬНАЯ ШКОЛА № 146 КАЛИНИНСКОГО РАЙОНА САНКТ-ПЕТЕРБУРГА ИМЕНИ ГЕРОЯ СОВЕТСКОГО СОЮЗА МУСЫ ДЖАЛИЛЯ;АДМИНИСТРАЦИЯ КАЛИНИНСКОГО РАЙОНА САНКТ-ПЕТЕРБУРГА;14.05.2026;04.06.2026;Закупка завершена;;;01.06.2026;
44-ФЗ;№0173100014426000013;Открытый конкурс в электронной форме;"Оказание услуг по технической поддержке федеральной государственной информационной системы ""Единая цифровая платформа ""Физическая культура и спорт""";;'261770377127177090100100350016202246;;;53222136.66;RUB;0;;;;;;МИНИСТЕРСТВО СПОРТА РОССИЙСКОЙ ФЕДЕРАЦИИ;МИНИСТЕРСТВО СПОРТА РОССИЙСКОЙ ФЕДЕРАЦИИ;12.05.2026;04.06.2026;Закупка завершена;;;28.05.2026;
44-ФЗ;№0172200002526000253;Открытый конкурс в электронной форме на проведение работ по строительству, реконструкции, кап. ремонту, сносу объекта кап. строительства в соответствии с п. 8 ч. 1 ст. 33 Закона № 44-ФЗ;Выполнение работ по реконструкции объектов наружного освещения Санкт-Петербурга объекта: Квартал (наб. Комсомольского кан. – Тверская ул. – ул. Тазаева – Красная ул.), г. Колпино;;'262783808733078380100100110024321414;;;164675480.44;RUB;0;;;;;;КОМИТЕТ ПО ЭНЕРГЕТИКЕ И ИНЖЕНЕРНОМУ ОБЕСПЕЧЕНИЮ;КОМИТЕТ ПО ГОСУДАРСТВЕННОМУ ЗАКАЗУ САНКТ-ПЕТЕРБУРГА;12.05.2026;04.06.2026;Закупка завершена;;;01.06.2026;
223-ФЗ;№32616025553;Иной способ;"КО №26VP1284 (2247) - Выполнение строительно-монтажных работ по комплексной замене автоматики на ЦТП для нужд Филиала № 9 ПАО ""МОЭК"" для нужд ПАО «МОЭК»";;;1;"КО №26VP1284 - Выполнение строительно-монтажных работ по комплексной замене автоматики на ЦТП для нужд Филиала № 9 ПАО ""МОЭК"" для нужд Публичное акционерное общество «Московская объединенная энергетическая компания»";50463553.65;RUB;50463553.65;;;;43.29.19.190: Работы монтажные прочие, не включенные в другие группировки,27.33.13.169: Аппараты электрические для управления электротехническими установками прочие, не включенные в другие группировки;;"ПУБЛИЧНОЕ АКЦИОНЕРНОЕ ОБЩЕСТВО ""МОСКОВСКАЯ ОБЪЕДИНЕННАЯ ЭНЕРГЕТИЧЕСКАЯ КОМПАНИЯ""";"ОБЩЕСТВО С ОГРАНИЧЕННОЙ ОТВЕТСТВЕННОСТЬЮ ""ГЭХ ЗАКУПКИ""";20.05.2026;04.06.2026;Закупка завершена;;;28.05.2026 10:00;
44-ФЗ;№0172200002526000261;Открытый конкурс в электронной форме;Выполнение работ по устройству спортивной площадки по адресу: Санкт-Петербург, территория под путепроводом на пересечении Пулковского шоссе и Дунайского проспекта;;'262781043527478100100100160014299244;;;37170068.40;RUB;0;;;;;;АДМИНИСТРАЦИЯ МОСКОВСКОГО РАЙОНА САНКТ-ПЕТЕРБУРГА;КОМИТЕТ ПО ГОСУДАРСТВЕННОМУ ЗАКАЗУ САНКТ-ПЕТЕРБУРГА;13.05.2026;04.06.2026;Закупка завершена;;;01.06.2026;
44-ФЗ;№0318300552926000330;Открытый конкурс в электронной форме;Оказание услуг по организации питания обучающихся;;263230202924023020100100260025629244, 263230202453023020100100210025629244, 263230200268923020100100190025629244, 263230203885423020100100430025629244, 263230202455523020100100250025629244, 263230204177623020100100170025629244, 263230204113423020100100160025629244, 263230203945623020100100210025629244, 263230203209823020100100110025629244, 263230203893523020100100260015629244, 263230204135023020100100180025629244, 263230203096823020100100160025629244, 263230204131023020100100250025629244, 263230203109423020100100240015629244, 263230203894223020100100150025629244, 263230204173723020100100210025629244;;;87769914.00;RUB;0;;;;;;;УПРАВЛЕНИЕ ПО ЗАКУПКАМ ДЛЯ МУНИЦИПАЛЬНЫХ НУЖД АДМИНИСТРАЦИИ МУНИЦИПАЛЬНОГО ОБРАЗОВАНИЯ ГОРОДСКОЙ ОКРУГ ГОРОД АРМАВИР КРАСНОДАРСКОГО КРАЯ;08.05.2026;04.06.2026;Закупка завершена;;;28.05.2026;
44-ФЗ;№0131200001026002734;Электронный аукцион;2026-02831_Поставка медицинского оборудования (Система ультразвуковой визуализации универсальная, с питанием от сети);;'262366200608836620100104330012660244;;;11300000.00;RUB;0;;;;;;"БЮДЖЕТНОЕ УЧРЕЖДЕНИЕ ЗДРАВООХРАНЕНИЯ ВОРОНЕЖСКОЙ ОБЛАСТИ ""ВОРОНЕЖСКАЯ ОБЛАСТНАЯ КЛИНИЧЕСКАЯ БОЛЬНИЦА №1""";МИНИСТЕРСТВО ПО РЕГУЛИРОВАНИЮ КОНТРАКТНОЙ СИСТЕМЫ В СФЕРЕ ЗАКУПОК ВОРОНЕЖСКОЙ ОБЛАСТИ;12.05.2026;04.06.2026;Закупка завершена;;;27.05.2026;
44-ФЗ;№0363300098826000004;Открытый конкурс в электронной форме;"Текущий ремонт Михновского дома культуры - филиала МБУК КТ ""Районный дом культуры""";;'263671402715067140100100090024339244;;;16660970.00;RUB;0;;;;;;"МУНИЦИПАЛЬНОЕ БЮДЖЕТНОЕ  УЧРЕЖДЕНИЕ КУЛЬТУРЫ КЛУБНОГО ТИПА ""РАЙОННЫЙ ДОМ КУЛЬТУРЫ"" МУНИЦИПАЛЬНОГО ОБРАЗОВАНИЯ ""СМОЛЕНСКИЙ МУНИЦИПАЛЬНЫЙ ОКРУГ"" СМОЛЕНСКОЙ ОБЛАСТИ";"МУНИЦИПАЛЬНОЕ БЮДЖЕТНОЕ  УЧРЕЖДЕНИЕ КУЛЬТУРЫ КЛУБНОГО ТИПА ""РАЙОННЫЙ ДОМ КУЛЬТУРЫ"" МУНИЦИПАЛЬНОГО ОБРАЗОВАНИЯ ""СМОЛЕНСКИЙ МУНИЦИПАЛЬНЫЙ ОКРУГ"" СМОЛЕНСКОЙ ОБЛАСТИ";14.05.2026;04.06.2026;Закупка завершена;;;01.06.2026;
44-ФЗ;№0105500000226001062;Запрос котировок в электронной форме;Выполнение работ по монтажу автоматической системы газового пожаротушения в рамках капитального ремонта Фондохранилища БУ РК «Национальный музей им. Н.Н. Пальмова».;;'262081415192208160100100090014321243;;;6606399.71;RUB;0;;;;;;"БЮДЖЕТНОЕ УЧРЕЖДЕНИЕ РЕСПУБЛИКИ КАЛМЫКИЯ ""НАЦИОНАЛЬНЫЙ МУЗЕЙ РЕСПУБЛИКИ КАЛМЫКИЯ ИМЕНИ Н.Н.ПАЛЬМОВА""";СЛУЖБА РЕГУЛИРОВАНИЯ КОНТРАКТНОЙ СИСТЕМЫ В СФЕРЕ ЗАКУПОК РЕСПУБЛИКИ КАЛМЫКИЯ;19.05.2026;04.06.2026;Закупка завершена;;;26.05.2026;
44-ФЗ;№0740300000126000424;Открытый конкурс в электронной форме;"Выполнение работ по содержанию очистных сооружений и канализационных насосных станций в муниципальном образовании ""Город Киров""";;'263434528856343450100100530084211244;;;5147422.93;RUB;0;;;;;;"МУНИЦИПАЛЬНОЕ КАЗЕННОЕ УЧРЕЖДЕНИЕ ""ДИРЕКЦИЯ БЛАГОУСТРОЙСТВА ГОРОДА КИРОВА""";"МУНИЦИПАЛЬНОЕ КАЗЕННОЕ УЧРЕЖДЕНИЕ ""ЦЕНТР ПРОВЕДЕНИЯ ТОРГОВ И ЭНЕРГОЭФФЕКТИВНОСТИ""";29.04.2026;04.06.2026;Закупка завершена;;;19.05.2026;
44-ФЗ;№0348100049426000002;Электронный аукцион на проведение работ по строительству, реконструкции, кап. ремонту, сносу объекта кап. строительства в соответствии с п. 8 ч. 1 ст. 33 Закона № 44-ФЗ;Выполнение работ по капитальному ремонту магистрального трубопровода ГВС;;'261505002822650500100100100014221243;;;9357473.15;RUB;0;;;;;;"ФЕДЕРАЛЬНОЕ ГОСУДАРСТВЕННОЕ БЮДЖЕТНОЕ УЧРЕЖДЕНИЕ ПРОФЕССИОНАЛЬНАЯ ОБРАЗОВАТЕЛЬНАЯ ОРГАНИЗАЦИЯ ""ГОСУДАРСТВЕННОЕ УЧИЛИЩЕ (ТЕХНИКУМ) ОЛИМПИЙСКОГО РЕЗЕРВА Г.ЩЕЛКОВО МОСКОВСКОЙ ОБЛАСТИ""";"ФЕДЕРАЛЬНОЕ ГОСУДАРСТВЕННОЕ БЮДЖЕТНОЕ УЧРЕЖДЕНИЕ ПРОФЕССИОНАЛЬНАЯ ОБРАЗОВАТЕЛЬНАЯ ОРГАНИЗАЦИЯ ""ГОСУДАРСТВЕННОЕ УЧИЛИЩЕ (ТЕХНИКУМ) ОЛИМПИЙСКОГО РЕЗЕРВА Г.ЩЕЛКОВО МОСКОВСКОЙ ОБЛАСТИ""";17.05.2026;04.06.2026;Закупка завершена;;;25.05.2026;
44-ФЗ;№0145200000426000829;Электронный аукцион;Поставка медицинских инструментов для лапароскопических хирургических процедур  для нужд ГБУЗ ЛОКБ в 2026-2027 гг. (часть 1.2);;'262470000125447060100105040013250244;;;10807546.00;RUB;0;;;;;;ГОСУДАРСТВЕННОЕ БЮДЖЕТНОЕ УЧРЕЖДЕНИЕ ЗДРАВООХРАНЕНИЯ ЛЕНИНГРАДСКАЯ ОБЛАСТНАЯ КЛИНИЧЕСКАЯ БОЛЬНИЦА;КОМИТЕТ ГОСУДАРСТВЕННОГО ЗАКАЗА ЛЕНИНГРАДСКОЙ ОБЛАСТИ;21.05.2026;04.06.2026;Закупка завершена;;;29.05.2026;
44-ФЗ;№0843500000226002679;Открытый конкурс в электронной форме;Выполнение работ по ремонту автомобильной дороги «Иртыш» - Сычево - Пименовка - «Курган - Куртамыш - Целинное» в Кетовском муниципальном округе Курганской области. 1 пусковой комплекс - км 0+008,00 – км 4+945,40;;'262450120739545010100100390014211244;;;97295474.65;RUB;0;;;;;;"ГОСУДАРСТВЕННОЕ КАЗЕННОЕ УЧРЕЖДЕНИЕ ""КУРГАНАВТОДОР""";"ГОСУДАРСТВЕННОЕ КАЗЕННОЕ УЧРЕЖДЕНИЕ ""ЦЕНТР ЗАКУПОК И БУХГАЛТЕРСКОГО УЧЕТА КУРГАНСКОЙ ОБЛАСТИ""";15.05.2026;04.06.2026;Закупка завершена;;;01.06.2026;
44-ФЗ;№0843500000226002614;Открытый конкурс в электронной форме на проведение работ по строительству, реконструкции, кап. ремонту, сносу объекта кап. строительства в соответствии с п. 8 ч. 1 ст. 33 Закона № 44-ФЗ;Капитальный ремонт водопроводной сети по Ефремова от кол. напротив ж/д ул.Ефремова 7, до ул. Володарского, по ул. Володарского до ул. Свердлова в г. Шадринске;;'263450200608145020100100320014221243;;;33858822.40;RUB;0;;;;;;КОМИТЕТ ПО СТРОИТЕЛЬСТВУ И АРХИТЕКТУРЕ АДМИНИСТРАЦИИ ГОРОДА ШАДРИНСКА;"ГОСУДАРСТВЕННОЕ КАЗЕННОЕ УЧРЕЖДЕНИЕ ""ЦЕНТР ЗАКУПОК И БУХГАЛТЕРСКОГО УЧЕТА КУРГАНСКОЙ ОБЛАСТИ""";15.05.2026;04.06.2026;Закупка завершена;;;01.06.2026;
44-ФЗ;№0348200081026001979;Электронный аукцион;Поставка медицинского оборудования - лот 39.2;;'262502406865650240100108740012660244;;;21846666.65;RUB;0;;;;;;"ГОСУДАРСТВЕННОЕ КАЗЕННОЕ УЧРЕЖДЕНИЕ МОСКОВСКОЙ ОБЛАСТИ ""ДИРЕКЦИЯ ЕДИНОГО ЗАКАЗЧИКА МИНИСТЕРСТВА ЗДРАВООХРАНЕНИЯ МОСКОВСКОЙ ОБЛАСТИ""";"ГОСУДАРСТВЕННОЕ КАЗЕННОЕ УЧРЕЖДЕНИЕ МОСКОВСКОЙ ОБЛАСТИ ""ДИРЕКЦИЯ ЕДИНОГО ЗАКАЗЧИКА МИНИСТЕРСТВА ЗДРАВООХРАНЕНИЯ МОСКОВСКОЙ ОБЛАСТИ""";08.04.2026;04.06.2026;Закупка завершена;;;16.04.2026;
44-ФЗ;№0845600009626000087;Открытый конкурс в электронной форме;Выполнение работ по благоустройству территории МОУ «Лаголовская школа»;;'263472001475947250100100150024399244;;;22867000.00;RUB;0;;;;;;"МУНИЦИПАЛЬНОЕ ОБЩЕОБРАЗОВАТЕЛЬНОЕ УЧРЕЖДЕНИЕ ""ЛАГОЛОВСКАЯ ОБЩЕОБРАЗОВАТЕЛЬНАЯ ШКОЛА""";"МУНИЦИПАЛЬНОЕ КАЗЕННОЕ УЧРЕЖДЕНИЕ ""СЛУЖБА ЗАКУПОК, ТОРГОВ И РЕКЛАМЫ ЛОМОНОСОВСКОГО МУНИЦИПАЛЬНОГО РАЙОНА""";30.04.2026;04.06.2026;Закупка завершена;;;18.05.2026;
44-ФЗ;№0131200001026002721;Открытый конкурс в электронной форме;2026-02890/Поставка продуктов питания (яблоки);;262366100769936610100100220070000244, 262360700161036070100100110130000244, 262361700360036170100100130100000244, 262363200176636320100100250120000244, 262361900542636190100101550010124244, 262366609171136660100100030100000244, 262362700948836270100101240010124244, 262366605248736660100102000050000244, 262366301886536630100100230130000244, 262365200277536520100101110160000244, 262366500990836650100100310290000244, 262362501082636250100100040080000244, 262366401221736640100100150080000244, 262360500271436050100100230040000244, 262366200608836620100100170080000244, 262366100688936610100102920150000244, 262366601806036660100100410230000244, 262362000338136200100100180140000244, 262366101142336610100100290080000244, 262360200243436020100100700010124244;;;8401019.55;RUB;0;;;;;;;МИНИСТЕРСТВО ПО РЕГУЛИРОВАНИЮ КОНТРАКТНОЙ СИСТЕМЫ В СФЕРЕ ЗАКУПОК ВОРОНЕЖСКОЙ ОБЛАСТИ;12.05.2026;04.06.2026;Закупка завершена;;;28.05.2026;
44-ФЗ;№0358100011626000359;Электронный аукцион;Оказание услуг по техническому обслуживанию медицинского оборудования для СМП и СОНО ;;'261616703414261670100100260053313244;;;6103020.00;RUB;0;;;;;;"ФЕДЕРАЛЬНОЕ ГОСУДАРСТВЕННОЕ БЮДЖЕТНОЕ УЧРЕЖДЕНИЕ ""НАЦИОНАЛЬНЫЙ МЕДИЦИНСКИЙ ИССЛЕДОВАТЕЛЬСКИЙ ЦЕНТР ОНКОЛОГИИ"" МИНИСТЕРСТВА ЗДРАВООХРАНЕНИЯ РОССИЙСКОЙ ФЕДЕРАЦИИ";"ФЕДЕРАЛЬНОЕ ГОСУДАРСТВЕННОЕ БЮДЖЕТНОЕ УЧРЕЖДЕНИЕ ""НАЦИОНАЛЬНЫЙ МЕДИЦИНСКИЙ ИССЛЕДОВАТЕЛЬСКИЙ ЦЕНТР ОНКОЛОГИИ"" МИНИСТЕРСТВА ЗДРАВООХРАНЕНИЯ РОССИЙСКОЙ ФЕДЕРАЦИИ";21.05.2026;04.06.2026;Закупка завершена;;;29.05.2026;
44-ФЗ;№0142200001326011253;Электронный аукцион;Поставка наборов для донорской крови, трехкамерных для Государственного бюджетного учреждения здравоохранения ''Самарская областная клиническая станция переливания крови'';;'262631600342563160100100130250000244;;;50000000.00;RUB;0;;;;;;"ГОСУДАРСТВЕННОЕ БЮДЖЕТНОЕ УЧРЕЖДЕНИЕ ЗДРАВООХРАНЕНИЯ ""САМАРСКАЯ ОБЛАСТНАЯ КЛИНИЧЕСКАЯ СТАНЦИЯ ПЕРЕЛИВАНИЯ КРОВИ""";КОМИТЕТ ПО ОРГАНИЗАЦИИ ТОРГОВ САМАРСКОЙ ОБЛАСТИ;18.05.2026;04.06.2026;Закупка завершена;;;26.05.2026;
44-ФЗ;№0167200003426004410;Электронный аукцион;Поставка медицинского изделия: системы ультразвуковой визуализации универсальной, с питанием от сети, ввод в эксплуатацию медицинского изделия, обучение правилам эксплуатации специалистов, эксплуатирующих медицинское изделие;;'262720311621172030100103920012660244;;;15492000.00;RUB;0;;;;;;"ГОСУДАРСТВЕННОЕ БЮДЖЕТНОЕ УЧРЕЖДЕНИЕ ЗДРАВООХРАНЕНИЯ ТЮМЕНСКОЙ ОБЛАСТИ ""ОБЛАСТНАЯ КЛИНИЧЕСКАЯ БОЛЬНИЦА №2""";УПРАВЛЕНИЕ ГОСУДАРСТВЕННЫХ ЗАКУПОК ТЮМЕНСКОЙ ОБЛАСТИ;21.05.2026;04.06.2026;Закупка завершена;;;29.05.2026;
223-ФЗ;№32615998658;Иной способ;КО №26VP1364 (2182) - Выполнение строительно-монтажных, пусконаладочных и иных работ при подключении к системам теплоснабжения ПАО «МОЭК» объекта капитального строительства «Многофункциональная общественно – жилая застройка. Многоквартирный жилой дом с подземной автостоянкой. Корпус 1. Этап 1 по адресу: город Москва, вн. тер.г. муниципальный округ Обручевский, улица Обручева, владение 27», расположенного по адресу: г. Москва, ул. Обручева, вл. 27, корпус 2, 3, 4, 5 с кадастровым номером: 77:06:0003015:28» (перемычка: 4 этап) для нужд ПАО «МОЭК»;;;1;КО №26VP1364 - Выполнение строительно-монтажных, пусконаладочных и иных работ при подключении к системам теплоснабжения ПАО «МОЭК» объекта капитального строительства «Многофункциональная общественно – жилая застройка. Многоквартирный жилой дом с подземной автостоянкой. Корпус 1. Этап 1 по адресу: город Москва, вн. тер.г. муниципальный округ Обручевский, улица Обручева, владение 27», расположенного по адресу: г. Москва, ул. Обручева, вл. 27, корпус 2, 3, 4, 5 с кадастровым номером: 77:06:0003015:28» (перемычка: 4 этап) для нужд Публичное акционерное общество «Московская объединенная энергетическая компания»;60636193.84;RUB;60636193.84;;;;41.20.20.710: Сооружения электрических и тепловых сетей;;"ПУБЛИЧНОЕ АКЦИОНЕРНОЕ ОБЩЕСТВО ""МОСКОВСКАЯ ОБЪЕДИНЕННАЯ ЭНЕРГЕТИЧЕСКАЯ КОМПАНИЯ""";"ОБЩЕСТВО С ОГРАНИЧЕННОЙ ОТВЕТСТВЕННОСТЬЮ ""ГЭХ ЗАКУПКИ""";12.05.2026;04.06.2026;Закупка завершена;;;20.05.2026 10:00;
44-ФЗ;№0845600009626000086;Открытый конкурс в электронной форме;Выполнение работ по благоустройству территории МОУ «Русско-Высоцкая школа»;;'263472001484747250100100170014399244;;;23697007.71;RUB;0;;;;;;"МУНИЦИПАЛЬНОЕ ОБЩЕОБРАЗОВАТЕЛЬНОЕ УЧРЕЖДЕНИЕ ""РУССКО-ВЫСОЦКАЯ ОБЩЕОБРАЗОВАТЕЛЬНАЯ ШКОЛА""";"МУНИЦИПАЛЬНОЕ КАЗЕННОЕ УЧРЕЖДЕНИЕ ""СЛУЖБА ЗАКУПОК, ТОРГОВ И РЕКЛАМЫ ЛОМОНОСОВСКОГО МУНИЦИПАЛЬНОГО РАЙОНА""";29.04.2026;04.06.2026;Закупка завершена;;;15.05.2026;
44-ФЗ;№0373100063326000035;Запрос котировок в электронной форме;Оказание услуг по обеспечению функционирования Информационной системы мониторинга и информирования водителей об очередях автомобилей на пунктах пропуска;;'261770982726677080100100970016202244;;;83333705.00;RUB;0;;;;;;"ФЕДЕРАЛЬНОЕ ГОСУДАРСТВЕННОЕ КАЗЕННОЕ УЧРЕЖДЕНИЕ ""ДИРЕКЦИЯ ПО СТРОИТЕЛЬСТВУ И ЭКСПЛУАТАЦИИ ОБЪЕКТОВ РОСГРАНИЦЫ""";"ФЕДЕРАЛЬНОЕ ГОСУДАРСТВЕННОЕ КАЗЕННОЕ УЧРЕЖДЕНИЕ ""ДИРЕКЦИЯ ПО СТРОИТЕЛЬСТВУ И ЭКСПЛУАТАЦИИ ОБЪЕКТОВ РОСГРАНИЦЫ""";18.05.2026;04.06.2026;Закупка завершена;;;25.05.2026;
44-ФЗ;№0340200003326004889;Открытый конкурс в электронной форме;Выполнение работ по обследованию мостовых сооружений с составлением инженерных отчетов;;'262434508004343450100100560024213244;;;6300000.00;RUB;0;;;;;;"КИРОВСКОЕ ОБЛАСТНОЕ ГОСУДАРСТВЕННОЕ КАЗЕННОЕ УЧРЕЖДЕНИЕ ""ДОРОЖНЫЙ КОМИТЕТ КИРОВСКОЙ ОБЛАСТИ""";"КИРОВСКОЕ ОБЛАСТНОЕ ГОСУДАРСТВЕННОЕ КАЗЕННОЕ УЧРЕЖДЕНИЕ ""ЦЕНТР ПО ТЕХНИЧЕСКОМУ СОПРОВОЖДЕНИЮ ГОСУДАРСТВЕННЫХ ЗАКУПОК""";13.04.2026;04.06.2026;Закупка завершена;;;15.05.2026;
223-ФЗ;№32615994541;Иной способ;КО №26VP1366 (2184) - Выполнение строительно-монтажных, пусконаладочных и иных работ на переустройство инженерных коммуникаций на территории объекта капитального строительства «Многоквартирный жилой дом» по адресу: Москва, 2-й Иртышский проезд, вл. 6 (кадастровый номер 77:03:0002008:1982) (5 этап) для нужд ПАО «МОЭК»;;;1;КО №26VP1366 - Выполнение строительно-монтажных, пусконаладочных и иных работ на переустройство инженерных коммуникаций на территории объекта капитального строительства «Многоквартирный жилой дом» по адресу: Москва, 2-й Иртышский проезд, вл. 6 (кадастровый номер 77:03:0002008:1982) (5 этап) для нужд Публичное акционерное общество «Московская объединенная энергетическая компания»;70515261.65;RUB;70515261.65;;;;41.20.20.710: Сооружения электрических и тепловых сетей;;"ПУБЛИЧНОЕ АКЦИОНЕРНОЕ ОБЩЕСТВО ""МОСКОВСКАЯ ОБЪЕДИНЕННАЯ ЭНЕРГЕТИЧЕСКАЯ КОМПАНИЯ""";"ОБЩЕСТВО С ОГРАНИЧЕННОЙ ОТВЕТСТВЕННОСТЬЮ ""ГЭХ ЗАКУПКИ""";08.05.2026;04.06.2026;Закупка завершена;;;19.05.2026 10:00;
44-ФЗ;№0345300138926000011;Открытый конкурс в электронной форме;Ремонт детской площадки по адресу: Ленинградская область, Всеволожский район, г. Мурино, возле д.7 корп.1 по ул. Новая;;'263470304885347030100100170010000244;;;8529886.58;RUB;0;;;;;;"МУНИЦИПАЛЬНОЕ БЮДЖЕТНОЕ УЧРЕЖДЕНИЕ ""СОДЕРЖАНИЕ И РАЗВИТИЕ ТЕРРИТОРИИ"" МУНИЦИПАЛЬНОГО ОБРАЗОВАНИЯ ""МУРИНСКОЕ ГОРОДСКОЕ ПОСЕЛЕНИЕ"" ВСЕВОЛОЖСКОГО МУНИЦИПАЛЬНОГО РАЙОНА ЛЕНИНГРАДСКОЙ ОБЛАСТИ";"МУНИЦИПАЛЬНОЕ БЮДЖЕТНОЕ УЧРЕЖДЕНИЕ ""СОДЕРЖАНИЕ И РАЗВИТИЕ ТЕРРИТОРИИ"" МУНИЦИПАЛЬНОГО ОБРАЗОВАНИЯ ""МУРИНСКОЕ ГОРОДСКОЕ ПОСЕЛЕНИЕ"" ВСЕВОЛОЖСКОГО МУНИЦИПАЛЬНОГО РАЙОНА ЛЕНИНГРАДСКОЙ ОБЛАСТИ";05.05.2026;04.06.2026;Закупка завершена;;;21.05.2026;
44-ФЗ;№0103200008426003164;Электронный аукцион;"Поставка светового и прочего оборудования для оснащения ГБУ ""ГРРДТ им.М.Горького""";;'262056200996405720100100090010000244;;;27492828.28;RUB;0;;;;;;"ГОСУДАРСТВЕННОЕ БЮДЖЕТНОЕ УЧРЕЖДЕНИЕ ""ГОСУДАРСТВЕННЫЙ РЕСПУБЛИКАНСКИЙ РУССКИЙ ДРАМАТИЧЕСКИЙ ТЕАТР ИМ. М.ГОРЬКОГО""";КОМИТЕТ ПО ГОСУДАРСТВЕННЫМ ЗАКУПКАМ РЕСПУБЛИКИ ДАГЕСТАН;20.04.2026;04.06.2026;Закупка завершена;;;26.05.2026;
44-ФЗ;№0373100045926000186;Электронный аукцион;Поставка медицинских изделий (система противоэпилептической электростимуляции блуждающего нерва).;;'261770708214577070100100140042660244;;;43691666.75;RUB;0;;;;;;"ФЕДЕРАЛЬНОЕ ГОСУДАРСТВЕННОЕ БЮДЖЕТНОЕ ОБРАЗОВАТЕЛЬНОЕ УЧРЕЖДЕНИЕ ВЫСШЕГО ОБРАЗОВАНИЯ ""РОССИЙСКИЙ УНИВЕРСИТЕТ МЕДИЦИНЫ"" МИНИСТЕРСТВА ЗДРАВООХРАНЕНИЯ РОССИЙСКОЙ ФЕДЕРАЦИИ";"ФЕДЕРАЛЬНОЕ ГОСУДАРСТВЕННОЕ БЮДЖЕТНОЕ ОБРАЗОВАТЕЛЬНОЕ УЧРЕЖДЕНИЕ ВЫСШЕГО ОБРАЗОВАНИЯ ""РОССИЙСКИЙ УНИВЕРСИТЕТ МЕДИЦИНЫ"" МИНИСТЕРСТВА ЗДРАВООХРАНЕНИЯ РОССИЙСКОЙ ФЕДЕРАЦИИ";15.05.2026;04.06.2026;Закупка завершена;;;25.05.2026;
44-ФЗ;№0373200052326000385;Электронный аукцион;Электронный аукцион на поставку инструментов для электрохирургии (закупка 2) (среди субъектов малого предпринимательства и социально-ориентированных некоммерческих организаций) для нужд ГБУЗ «ГКБ им. Ф.И. Иноземцева ДЗМ»;;'262771904680077190100104990010000244;;;6097288.45;RUB;0;;;;;;"ГОСУДАРСТВЕННОЕ БЮДЖЕТНОЕ УЧРЕЖДЕНИЕ ЗДРАВООХРАНЕНИЯ ГОРОДА МОСКВЫ ""ГОРОДСКАЯ КЛИНИЧЕСКАЯ БОЛЬНИЦА ИМЕНИ Ф.И. ИНОЗЕМЦЕВА ДЕПАРТАМЕНТА ЗДРАВООХРАНЕНИЯ ГОРОДА МОСКВЫ""";"ГОСУДАРСТВЕННОЕ БЮДЖЕТНОЕ УЧРЕЖДЕНИЕ ЗДРАВООХРАНЕНИЯ ГОРОДА МОСКВЫ ""ГОРОДСКАЯ КЛИНИЧЕСКАЯ БОЛЬНИЦА ИМЕНИ Ф.И. ИНОЗЕМЦЕВА ДЕПАРТАМЕНТА ЗДРАВООХРАНЕНИЯ ГОРОДА МОСКВЫ""";15.04.2026;04.06.2026;Закупка завершена;;;27.05.2026;
44-ФЗ;№0131300007926000056;Открытый конкурс в электронной форме на проведение работ по строительству, реконструкции, кап. ремонту, сносу объекта кап. строительства в соответствии с п. 8 ч. 1 ст. 33 Закона № 44-ФЗ;Капитальный ремонт участка тепловой сети от ТК 30 до ТК 59 по ул. 9 Января в г. Семилуки Семилукского муниципального района;;'263362800232636280100100220014221243;;;26005582.48;RUB;0;;;;;;АДМИНИСТРАЦИЯ СЕМИЛУКСКОГО МУНИЦИПАЛЬНОГО РАЙОНА ВОРОНЕЖСКОЙ ОБЛАСТИ;АДМИНИСТРАЦИЯ СЕМИЛУКСКОГО МУНИЦИПАЛЬНОГО РАЙОНА ВОРОНЕЖСКОЙ ОБЛАСТИ;15.05.2026;04.06.2026;Закупка завершена;;;01.06.2026;
223-ФЗ;№32615917432;Иной способ;Выполнение работ по техническому обслуживанию сухих газодинамических уплотнений компрессоров поз. 3131, 3132;;;1;Выполнение работ по техническому обслуживанию сухих газодинамических уплотнений компрессоров поз. 3131, 3132;20959600.00;RUB;20959600.00;;;;33.14.11: Услуги по ремонту и техническому обслуживанию электродвигателей, генераторов, трансформаторов и распределительной и регулирующей аппаратуры для электричества;;"ОБЩЕСТВО С ОГРАНИЧЕННОЙ ОТВЕТСТВЕННОСТЬЮ ""ГАЗПРОМ МЕТАНОЛ""";"АКЦИОНЕРНОЕ ОБЩЕСТВО ""ВОСТОКГАЗПРОМ""";16.04.2026;04.06.2026;Закупка завершена;;;30.04.2026 14:00;
44-ФЗ;№0348200049626000001;Открытый конкурс в электронной форме;Услуги частной охраны (Выставление поста охраны);;'262503408262850340100100150018010244;;;6964200.00;RUB;0;;;;;;"ГОСУДАРСТВЕННОЕ БЮДЖЕТНОЕ ПРОФЕССИОНАЛЬНОЕ ОБРАЗОВАТЕЛЬНОЕ УЧРЕЖДЕНИЕ МОСКОВСКОЙ ОБЛАСТИ ""ОРЕХОВО-ЗУЕВСКИЙ ЖЕЛЕЗНОДОРОЖНЫЙ ТЕХНИКУМ ИМЕНИ В.И. БОНДАРЕНКО""";"ГОСУДАРСТВЕННОЕ БЮДЖЕТНОЕ ПРОФЕССИОНАЛЬНОЕ ОБРАЗОВАТЕЛЬНОЕ УЧРЕЖДЕНИЕ МОСКОВСКОЙ ОБЛАСТИ ""ОРЕХОВО-ЗУЕВСКИЙ ЖЕЛЕЗНОДОРОЖНЫЙ ТЕХНИКУМ ИМЕНИ В.И. БОНДАРЕНКО""";15.05.2026;04.06.2026;Закупка завершена;;;01.06.2026;
44-ФЗ;№0848300049026000463;Открытый конкурс в электронной форме;Оказание услуг по обеспечению физической охраны в административных зданиях на 2026 II полугодие-2027 годы;;'263503405846350340100100470018010244;;;35341703.56;RUB;0;;;;;;"МУНИЦИПАЛЬНОЕ КАЗЕННОЕ УЧРЕЖДЕНИЕ ""УПРАВЛЕНИЕ ПО ОБЕСПЕЧЕНИЮ ДЕЯТЕЛЬНОСТИ ОРГАНОВ МЕСТНОГО САМОУПРАВЛЕНИЯ ОРЕХОВО-ЗУЕВСКОГО ГОРОДСКОГО ОКРУГА МОСКОВСКОЙ ОБЛАСТИ""";"МУНИЦИПАЛЬНОЕ КАЗЕННОЕ УЧРЕЖДЕНИЕ ""УПРАВЛЕНИЕ ЦЕНТРАЛИЗАЦИИ ЗАКУПОК ОРЕХОВО-ЗУЕВСКОГО ГОРОДСКОГО ОКРУГА""";15.05.2026;04.06.2026;Закупка завершена;;;01.06.2026;
44-ФЗ;№0848300049026000462;Открытый конкурс в электронной форме;Услуги частной охраны (Выставление поста охраны);;'263503402493050340100100060018010244;;;8494488.00;RUB;0;;;;;;"МУНИЦИПАЛЬНОЕ УЧРЕЖДЕНИЕ ""ДВОРЕЦ СПОРТА ""МОЛОДЕЖНЫЙ""";"МУНИЦИПАЛЬНОЕ КАЗЕННОЕ УЧРЕЖДЕНИЕ ""УПРАВЛЕНИЕ ЦЕНТРАЛИЗАЦИИ ЗАКУПОК ОРЕХОВО-ЗУЕВСКОГО ГОРОДСКОГО ОКРУГА""";15.05.2026;04.06.2026;Закупка завершена;;;01.06.2026;
44-ФЗ;№0348300502826000008;Электронный аукцион;Поставка мебели (парты, стулья);;262505100550377510100100470010000244, 262500309629077510100100570010000244, 262507404570377510100100620010000244;;;26027976.66;RUB;0;;;;;;;"ГОСУДАРСТВЕННОЕ БЮДЖЕТНОЕ ОБЩЕОБРАЗОВАТЕЛЬНОЕ УЧРЕЖДЕНИЕ ГОРОДА МОСКВЫ ""ШКОЛА № 2065""";22.05.2026;04.06.2026;Закупка завершена;;;01.06.2026;
44-ФЗ;№0318300537426000139;Электронный аукцион;Выполнение работ по содержанию автомобильных дорог с грунтовым и щебеночным покрытием, по обустройству водоотводных канав и водоприемных сооружений лоткового типа в муниципальном образовании город-курорт Анапа;;'263230111458023010100100080014211244;;;120000000.00;RUB;0;;;;;;"МУНИЦИПАЛЬНОЕ КАЗЕННОЕ УЧРЕЖДЕНИЕ ""ДОРОЖНОЕ ХОЗЯЙСТВО"" МУНИЦИПАЛЬНОГО ОБРАЗОВАНИЯ ГОРОД-КУРОРТ АНАПА";УПРАВЛЕНИЕ ЗАКУПОК АДМИНИСТРАЦИИ МУНИЦИПАЛЬНОГО ОБРАЗОВАНИЯ ГОРОД-КУРОРТ АНАПА;08.05.2026;04.06.2026;Закупка завершена;;;19.05.2026;
44-ФЗ;№0348100013126000072;Открытый конкурс в электронной форме на проведение работ по строительству, реконструкции, кап. ремонту, сносу объекта кап. строительства в соответствии с п. 8 ч. 1 ст. 33 Закона № 44-ФЗ;Капитальный ремонт бассейна Школы;;'261503200412750320100101040014399243;;;9757041.32;RUB;0;;;;;;"ФЕДЕРАЛЬНОЕ ГОСУДАРСТВЕННОЕ БЮДЖЕТНОЕ УЧРЕЖДЕНИЕ ДЕТСКИЙ САНАТОРИЙ ""ВАСИЛЬЕВСКОЕ"" МИНИСТЕРСТВА ЗДРАВООХРАНЕНИЯ РОССИЙСКОЙ ФЕДЕРАЦИИ";"ФЕДЕРАЛЬНОЕ ГОСУДАРСТВЕННОЕ БЮДЖЕТНОЕ УЧРЕЖДЕНИЕ ДЕТСКИЙ САНАТОРИЙ ""ВАСИЛЬЕВСКОЕ"" МИНИСТЕРСТВА ЗДРАВООХРАНЕНИЯ РОССИЙСКОЙ ФЕДЕРАЦИИ";14.05.2026;04.06.2026;Закупка завершена;;;01.06.2026;
44-ФЗ;№0348100013126000075;Открытый конкурс в электронной форме на проведение работ по строительству, реконструкции, кап. ремонту, сносу объекта кап. строительства в соответствии с п. 8 ч. 1 ст. 33 Закона № 44-ФЗ;Капитальный ремонт спортивного зала здания корпуса Столовая;;'261503200412750320100101030014399243;;;9893629.11;RUB;0;;;;;;"ФЕДЕРАЛЬНОЕ ГОСУДАРСТВЕННОЕ БЮДЖЕТНОЕ УЧРЕЖДЕНИЕ ДЕТСКИЙ САНАТОРИЙ ""ВАСИЛЬЕВСКОЕ"" МИНИСТЕРСТВА ЗДРАВООХРАНЕНИЯ РОССИЙСКОЙ ФЕДЕРАЦИИ";"ФЕДЕРАЛЬНОЕ ГОСУДАРСТВЕННОЕ БЮДЖЕТНОЕ УЧРЕЖДЕНИЕ ДЕТСКИЙ САНАТОРИЙ ""ВАСИЛЬЕВСКОЕ"" МИНИСТЕРСТВА ЗДРАВООХРАНЕНИЯ РОССИЙСКОЙ ФЕДЕРАЦИИ";15.05.2026;04.06.2026;Закупка завершена;;;01.06.2026;
44-ФЗ;№0304200009026001187;Запрос котировок в электронной форме;ЗК.26-839-012Я351460 Поставка изделий медицинского назначения;;'262072106027807250100101120300000244;;;20290428.00;RUB;0;;;;;;"ГОСУДАРСТВЕННОЕ КАЗЕННОЕ УЧРЕЖДЕНИЕ ЗДРАВООХРАНЕНИЯ ""ФАРМЕДТЕХ"" МИНИСТЕРСТВА ЗДРАВООХРАНЕНИЯ КАБАРДИНО-БАЛКАРСКОЙ РЕСПУБЛИКИ";"ГОСУДАРСТВЕННОЕ КАЗЕННОЕ УЧРЕЖДЕНИЕ ЗДРАВООХРАНЕНИЯ ""ФАРМЕДТЕХ"" МИНИСТЕРСТВА ЗДРАВООХРАНЕНИЯ КАБАРДИНО-БАЛКАРСКОЙ РЕСПУБЛИКИ";20.05.2026;04.06.2026;Закупка завершена;;;27.05.2026;
44-ФЗ;№0145300023626000004;Открытый конкурс в электронной форме;Выполнение работ по текущему ремонту участка дороги по улице Центральная в дер. Мухоловка, дер. Михайловка Лаголовского сельского поселения Ломоносовского муниципального района Ленинградской области;;'263472002367247250100100020024211000;;;5250000.00;RUB;0;;;;;;АДМИНИСТРАЦИЯ ЛАГОЛОВСКОГО СЕЛЬСКОГО ПОСЕЛЕНИЯ ЛОМОНОСОВСКОГО МУНИЦИПАЛЬНОГО РАЙОНА ЛЕНИНГРАДСКОЙ ОБЛАСТИ;АДМИНИСТРАЦИЯ ЛАГОЛОВСКОГО СЕЛЬСКОГО ПОСЕЛЕНИЯ ЛОМОНОСОВСКОГО МУНИЦИПАЛЬНОГО РАЙОНА ЛЕНИНГРАДСКОЙ ОБЛАСТИ;15.05.2026;04.06.2026;Закупка завершена;;;01.06.2026;
44-ФЗ;№0304200009026001184;Запрос котировок в электронной форме;ЗК.26-840-012Я351460 Поставка изделий медицинского назначения;;'262072106027807250100101120280000244;;;20780985.22;RUB;0;;;;;;"ГОСУДАРСТВЕННОЕ КАЗЕННОЕ УЧРЕЖДЕНИЕ ЗДРАВООХРАНЕНИЯ ""ФАРМЕДТЕХ"" МИНИСТЕРСТВА ЗДРАВООХРАНЕНИЯ КАБАРДИНО-БАЛКАРСКОЙ РЕСПУБЛИКИ";"ГОСУДАРСТВЕННОЕ КАЗЕННОЕ УЧРЕЖДЕНИЕ ЗДРАВООХРАНЕНИЯ ""ФАРМЕДТЕХ"" МИНИСТЕРСТВА ЗДРАВООХРАНЕНИЯ КАБАРДИНО-БАЛКАРСКОЙ РЕСПУБЛИКИ";20.05.2026;04.06.2026;Закупка завершена;;;27.05.2026;
44-ФЗ;№0848600006826000178;Открытый конкурс в электронной форме;Оказание услуг по комплексному техническому обслуживанию и аварийному ремонту инженерных систем, систем освещения и электроснабжения внутренних электрических сетей служебных помещений на 2 полугодие;;'263500502165250050100100300018110244;;;5842434.00;RUB;0;;;;;;"МУНИЦИПАЛЬНОЕ УЧРЕЖДЕНИЕ ДОПОЛНИТЕЛЬНОГО ОБРАЗОВАНИЯ ""ВОСКРЕСЕНСКАЯ ДЕТСКАЯ ШКОЛА ИСКУССТВ""";"МУНИЦИПАЛЬНОЕ КАЗЕННОЕ УЧРЕЖДЕНИЕ ""ВОСКРЕСЕНСКИЙ ЦЕНТР ЗАКУПОК""";14.05.2026;04.06.2026;Закупка завершена;;;01.06.2026;
44-ФЗ;№0145300015926000044;Открытый конкурс в электронной форме;Капитальный ремонт стадиона МОУ «Кузнеченская СОШ», расположенного по адресу: Ленинградская область, Приозерский район, п. Кузнечное, ул. Пионерская, д. 1а;;'263471201391347120100100570024120243;;;18168022.44;RUB;0;;;;;;АДМИНИСТРАЦИЯ ПРИОЗЕРСКОГО МУНИЦИПАЛЬНОГО РАЙОНА ЛЕНИНГРАДСКОЙ ОБЛАСТИ;АДМИНИСТРАЦИЯ ПРИОЗЕРСКОГО МУНИЦИПАЛЬНОГО РАЙОНА ЛЕНИНГРАДСКОЙ ОБЛАСТИ;14.05.2026;04.06.2026;Закупка завершена;;;01.06.2026;
44-ФЗ;№0145600007926000002;Открытый конкурс в электронной форме;"Выполнение работ по объекту: ""Ремонт автомобильной дороги по ул.Луговая гп.Сиверский""";;'263470512185147050100100130014211244;;;6805698.85;RUB;0;;;;;;СИВЕРСКОЕ ТЕРРИТОРИАЛЬНОЕ УПРАВЛЕНИЕ АДМИНИСТРАЦИИ МУНИЦИПАЛЬНОГО ОБРАЗОВАНИЯ ГАТЧИНСКИЙ МУНИЦИПАЛЬНЫЙ ОКРУГ ЛЕНИНГРАДСКОЙ ОБЛАСТИ;СИВЕРСКОЕ ТЕРРИТОРИАЛЬНОЕ УПРАВЛЕНИЕ АДМИНИСТРАЦИИ МУНИЦИПАЛЬНОГО ОБРАЗОВАНИЯ ГАТЧИНСКИЙ МУНИЦИПАЛЬНЫЙ ОКРУГ ЛЕНИНГРАДСКОЙ ОБЛАСТИ;30.03.2026;04.06.2026;Закупка завершена;;;21.04.2026;
44-ФЗ;№2060500000126000850;Открытый конкурс в электронной форме;Оказание услуг по начислению взносов на капитальный ремонт собственникам помещений в многоквартирных домах, ведению и актуализации баз данных по начислениям, формированию, печати и доставке платежных документов на оплату взносов на капитальный ремонт для нужд Фонда капитального ремонта общего имущества в многоквартирных домах в Саратовской области на 2 полугодие 2026 года (Зона 1);;'262645099944064520100100300038299632;;;15089622.00;RUB;0;;;;;;ФОНД КАПИТАЛЬНОГО РЕМОНТА ОБЩЕГО ИМУЩЕСТВА В МНОГОКВАРТИРНЫХ ДОМАХ В САРАТОВСКОЙ ОБЛАСТИ;ФОНД КАПИТАЛЬНОГО РЕМОНТА ОБЩЕГО ИМУЩЕСТВА В МНОГОКВАРТИРНЫХ ДОМАХ В САРАТОВСКОЙ ОБЛАСТИ;14.05.2026;04.06.2026;Закупка завершена;;;01.06.2026;
44-ФЗ;№0145600007926000003;Открытый конкурс в электронной форме;"Выполнение работ по объекту: ""Ремонт автомобильной дороги по ул.Газа гп.Сиверский""";;'263470512185147050100100120014211244;;;7951296.60;RUB;0;;;;;;СИВЕРСКОЕ ТЕРРИТОРИАЛЬНОЕ УПРАВЛЕНИЕ АДМИНИСТРАЦИИ МУНИЦИПАЛЬНОГО ОБРАЗОВАНИЯ ГАТЧИНСКИЙ МУНИЦИПАЛЬНЫЙ ОКРУГ ЛЕНИНГРАДСКОЙ ОБЛАСТИ;СИВЕРСКОЕ ТЕРРИТОРИАЛЬНОЕ УПРАВЛЕНИЕ АДМИНИСТРАЦИИ МУНИЦИПАЛЬНОГО ОБРАЗОВАНИЯ ГАТЧИНСКИЙ МУНИЦИПАЛЬНЫЙ ОКРУГ ЛЕНИНГРАДСКОЙ ОБЛАСТИ;30.03.2026;04.06.2026;Закупка завершена;;;21.04.2026;
223-ФЗ;№32616025224;Иной способ;Поставка ГСМ по фиксированной цене для транспорта, спецтехники и средств малой механизации;;;1;Поставка ГСМ по фиксированной цене для транспорта, спецтехники и средств малой механизации ;6661997.58;RUB;6661997.58;;;;19.20.21: Топливо моторное, включая автомобильный и авиационный бензин;;"ОБЩЕСТВО С ОГРАНИЧЕННОЙ ОТВЕТСТВЕННОСТЬЮ ""ОБЪЕДИНЕННЫЕ ЭНЕРГЕТИЧЕСКИЕ СИСТЕМЫ ТВЕРСКОЙ ОБЛАСТИ""";"ОБЩЕСТВО С ОГРАНИЧЕННОЙ ОТВЕТСТВЕННОСТЬЮ ""ОБЪЕДИНЕННЫЕ ЭНЕРГЕТИЧЕСКИЕ СИСТЕМЫ ТВЕРСКОЙ ОБЛАСТИ""";20.05.2026;04.06.2026;Закупка завершена;;;01.06.2026 15:00;
44-ФЗ;№0142200001326011175;Электронный аукцион;"Поставка медицинского расходного материала для отделения хирургического лечения сложных нарушений ритма и электрокардиостимуляции (лот 3) Государственного бюджетного учреждения здравоохранения ""Самарский областной клинический кардиологический диспансер им. В.П.Полякова""";;'262631102793763110100100760010000244;;;20960029.60;RUB;0;;;;;;"ГОСУДАРСТВЕННОЕ БЮДЖЕТНОЕ УЧРЕЖДЕНИЕ ЗДРАВООХРАНЕНИЯ ""САМАРСКИЙ ОБЛАСТНОЙ КЛИНИЧЕСКИЙ КАРДИОЛОГИЧЕСКИЙ ДИСПАНСЕР ИМ. В.П. ПОЛЯКОВА""";КОМИТЕТ ПО ОРГАНИЗАЦИИ ТОРГОВ САМАРСКОЙ ОБЛАСТИ;18.05.2026;04.06.2026;Закупка завершена;;;27.05.2026;
44-ФЗ;№0332100013326000068;Открытый конкурс в электронной форме;Оказание услуг по комплексному техническому обслуживанию зданий и сооружений федерального государственного бюджетного образовательного учреждения высшего образования «Нижегородский государственный педагогический университет  имени Козьмы Минина»;;'261526000127752600100100430018110244;;;33324120.00;RUB;0;;;;;;"ФЕДЕРАЛЬНОЕ ГОСУДАРСТВЕННОЕ БЮДЖЕТНОЕ ОБРАЗОВАТЕЛЬНОЕ УЧРЕЖДЕНИЕ ВЫСШЕГО ОБРАЗОВАНИЯ ""НИЖЕГОРОДСКИЙ ГОСУДАРСТВЕННЫЙ ПЕДАГОГИЧЕСКИЙ УНИВЕРСИТЕТ ИМЕНИ КОЗЬМЫ МИНИНА""";"ФЕДЕРАЛЬНОЕ ГОСУДАРСТВЕННОЕ БЮДЖЕТНОЕ ОБРАЗОВАТЕЛЬНОЕ УЧРЕЖДЕНИЕ ВЫСШЕГО ОБРАЗОВАНИЯ ""НИЖЕГОРОДСКИЙ ГОСУДАРСТВЕННЫЙ ПЕДАГОГИЧЕСКИЙ УНИВЕРСИТЕТ ИМЕНИ КОЗЬМЫ МИНИНА""";18.05.2026;04.06.2026;Закупка завершена;;;01.06.2026;
44-ФЗ;№0373200138226000375;Открытый конкурс в электронной форме;Выполнение работ по комплексному обследованию конструкций здания и инженерных систем по адресу: ул. Казакова, д. 8;;'262770901835377090100100190010000243;;;5500000.00;RUB;0;;;;;;"ГОСУДАРСТВЕННОЕ БЮДЖЕТНОЕ УЧРЕЖДЕНИЕ КУЛЬТУРЫ ГОРОДА МОСКВЫ ""МОСКОВСКИЙ ДРАМАТИЧЕСКИЙ ТЕАТР ИМЕНИ Н.В. ГОГОЛЯ""";"ГОСУДАРСТВЕННОЕ КАЗЕННОЕ УЧРЕЖДЕНИЕ ГОРОДА МОСКВЫ ""ТЕХНИЧЕСКИЙ ЦЕНТР ДЕПАРТАМЕНТА КУЛЬТУРЫ ГОРОДА МОСКВЫ""";14.05.2026;04.06.2026;Закупка завершена;;;01.06.2026;
44-ФЗ;№0172200004926000146;Открытый конкурс в электронной форме;Выполнение общестроительных работ в здании ГБДОУ детский сад № 73 Приморского района Санкт-Петербурга в 2026 году;;'262781408866378140100100250014339244;;;5787813.74;RUB;0;;;;;;ГОСУДАРСТВЕННОЕ БЮДЖЕТНОЕ ДОШКОЛЬНОЕ ОБРАЗОВАТЕЛЬНОЕ УЧРЕЖДЕНИЕ ДЕТСКИЙ САД № 73 КОМБИНИРОВАННОГО ВИДА ПРИМОРСКОГО РАЙОНА САНКТ-ПЕТЕРБУРГА;АДМИНИСТРАЦИЯ ПРИМОРСКОГО РАЙОНА САНКТ-ПЕТЕРБУРГА;15.05.2026;04.06.2026;Закупка завершена;;;01.06.2026;
44-ФЗ;№0303300064726001466;Открытый конкурс в электронной форме;Услуги (работы) по регулярным перевозкам пассажиров автобусами в городском и пригородном сообщении;;'263057100502805710100100110094931244;;;90569410.82;RUB;0;;;;;;"МУНИЦИПАЛЬНОЕ УЧРЕЖДЕНИЕ ""УПРАВЛЕНИЕ ТРАНСПОРТА,СВЯЗИ И ДОРОЖНОГО ХОЗЯЙСТВА АДМИНИСТРАЦИИ ГОРОДА МАХАЧКАЛЫ""";"МУНИЦИПАЛЬНОЕ КАЗЕННОЕ УЧРЕЖДЕНИЕ ""ГОРЗАКАЗ""";30.04.2026;04.06.2026;Закупка завершена;;;18.05.2026;
44-ФЗ;№2060500000126000851;Открытый конкурс в электронной форме;Оказание услуг по начислению взносов на капитальный ремонт собственникам помещений в многоквартирных домах, ведению и актуализации баз данных по начислениям, формированию, печати и доставке платежных документов на оплату взносов на капитальный ремонт для нужд Фонда капитального ремонта общего имущества в многоквартирных домах в Саратовской области на 2 полугодие 2026 года (Зона 2);;'262645099944064520100100040048299632;;;15289980.00;RUB;0;;;;;;ФОНД КАПИТАЛЬНОГО РЕМОНТА ОБЩЕГО ИМУЩЕСТВА В МНОГОКВАРТИРНЫХ ДОМАХ В САРАТОВСКОЙ ОБЛАСТИ;ФОНД КАПИТАЛЬНОГО РЕМОНТА ОБЩЕГО ИМУЩЕСТВА В МНОГОКВАРТИРНЫХ ДОМАХ В САРАТОВСКОЙ ОБЛАСТИ;14.05.2026;04.06.2026;Закупка завершена;;;01.06.2026;
44-ФЗ;№0168500000626001526;Открытый конкурс в электронной форме на проведение работ по строительству, реконструкции, кап. ремонту, сносу объекта кап. строительства в соответствии с п. 8 ч. 1 ст. 33 Закона № 44-ФЗ;"Капитальный ремонт главного корпуса ГУЗ ""Новоспасская районная больница"" (2 этап) расположенного по адресу: Ульяновская область, Новоспасский район р.п. Новоспасское, площадь Семашко, 10";;'263731300222473130100100310014120000;;;280825377.10;RUB;0;;;;;;"ГОСУДАРСТВЕННОЕ УЧРЕЖДЕНИЕ ЗДРАВООХРАНЕНИЯ ""НОВОСПАССКАЯ РАЙОННАЯ БОЛЬНИЦА ИМЕНИ Н.К. БУКИНА""";АГЕНТСТВО ГОСУДАРСТВЕННЫХ ЗАКУПОК УЛЬЯНОВСКОЙ ОБЛАСТИ;21.04.2026;04.06.2026;Закупка завершена;;;07.05.2026;
44-ФЗ;№0145300015926000045;Открытый конкурс в электронной форме;Капитальный ремонт стадиона МОУ «Раздольская СОШ», расположенного по адресу: Ленинградская область, Приозерский район, д. Раздолье, ул. Береговая, д.6б;;'263471201391347120100100580024120243;;;12059965.26;RUB;0;;;;;;АДМИНИСТРАЦИЯ ПРИОЗЕРСКОГО МУНИЦИПАЛЬНОГО РАЙОНА ЛЕНИНГРАДСКОЙ ОБЛАСТИ;АДМИНИСТРАЦИЯ ПРИОЗЕРСКОГО МУНИЦИПАЛЬНОГО РАЙОНА ЛЕНИНГРАДСКОЙ ОБЛАСТИ;15.05.2026;04.06.2026;Закупка завершена;;;01.06.2026;
223-ФЗ;№32615972183;Иной способ;Право заключения Договора на выполнение работ по проектированию объектов: «Реконструкция ВЛ-10кВ № 09 ПС Головино с заменой опор и неизолированного провода на СИП (Калининский РЭС)», «Реконструкция ВЛ-6кВ № 21 (8) ПС Стекловолокно с изменением трассы прохождения и разукрупнением центров питания (Калининский РЭС)», «Реконструкция ВЛ-10кВ № 07 ПС Головино с заменой опор и неизолированного провода на СИП (Калининский РЭС)» за счет субсидии из федерального бюджета (в целях исполнения Договора от 22.05.2025 №0000000002224P070002/1368454 в редакции дополнительного соглашения № 1 от 10.11.2025 № 0000000002224P070002/1368454.1 и редакции дополнительного соглашения № 2 от 10.11.2025 № 0000000002224P070002/1368454.2, ИГК 0000000002224P070002) для нужд ПАО «Россети Центр» (филиала «Тверьэнерго»);;;1;Выполнение работ по проектированию объектов: «Реконструкция ВЛ-10кВ № 09 ПС Головино с заменой опор и неизолированного провода на СИП (Калининский РЭС)», «Реконструкция ВЛ-6кВ № 21 (8) ПС Стекловолокно с изменением трассы прохождения и разукрупнением центров питания (Калининский РЭС)», «Реконструкция ВЛ-10кВ № 07 ПС Головино с заменой опор и неизолированного провода на СИП (Калининский РЭС)» за счет субсидии из федерального бюджета (в целях исполнения Договора от 22.05.2025 №0000000002224P070002/1368454 в редакции дополнительного соглашения № 1 от 10.11.2025 № 0000000002224P070002/1368454.1 и редакции дополнительного соглашения № 2 от 10.11.2025 № 0000000002224P070002/1368454.2, ИГК 0000000002224P070002) для нужд ПАО «Россети Центр» (филиала «Тверьэнерго»);15791582.40;RUB;15791582.40;;;;71.12.13.000: Услуги по инженерно-техническому проектированию систем энергоснабжения;;"ПУБЛИЧНОЕ АКЦИОНЕРНОЕ ОБЩЕСТВО ""РОССЕТИ ЦЕНТР""";"ПУБЛИЧНОЕ АКЦИОНЕРНОЕ ОБЩЕСТВО ""РОССЕТИ ЦЕНТР""";30.04.2026;04.06.2026;Закупка завершена;;;27.05.2026 10:00;
44-ФЗ;№0145300015926000046;Открытый конкурс в электронной форме;Капитальный ремонт стадиона МОУ «Средняя общеобразовательная школа №4», расположенного по адресу: Ленинградская область, г. Приозерск, ул. Калинина, д.27;;'263471201391347120100100590024120243;;;12209901.41;RUB;0;;;;;;АДМИНИСТРАЦИЯ ПРИОЗЕРСКОГО МУНИЦИПАЛЬНОГО РАЙОНА ЛЕНИНГРАДСКОЙ ОБЛАСТИ;АДМИНИСТРАЦИЯ ПРИОЗЕРСКОГО МУНИЦИПАЛЬНОГО РАЙОНА ЛЕНИНГРАДСКОЙ ОБЛАСТИ;14.05.2026;04.06.2026;Закупка завершена;;;01.06.2026;
223-ФЗ;№32615972179;Иной способ;Право заключения Договора на выполнение работ по проектированию объектов: «Реконструкция ВЛ-10кВ №12 ПС Брусово с заменой опор и неизолированного провода на СИП (Удомельский РЭС)», «Реконструкция ВЛ 10 кВ № 05 ПС Озерец с заменой опор и неизолированного провода на СИП с изменением трассы прохождения (Торопецкий РЭС)», «Реконструкция ВЛ 10 кВ № 13 ПС Пожня с заменой опор и неизолированного провода на СИП с изменением трассы прохождения (Торопецкий РЭС)», «Реконструкция ВЛ-10кВ фид. 01 ПС Гостиница с заменой опор и неизолированного провода на СИП (Бежецкий РЭС)» «Реконструкция ВЛ 10кВ №03 ПС Удомля с заменой опор и неизолированного провода на СИП (Удомельский РЭС)», «Реконструкция ВЛ 10кВ №13 ПС Селигер с заменой опор и неизолированного провода на СИП (Осташковский РЭС)» за счет субсидии из федерального бюджета (в целях исполнения Договора от 22.05.2025 №0000000002224P070002/1368454 в редакции дополнительного соглашения № 1 от 10.11.2025 № 0000000002224P070002/1368454.1 и редакции дополнительного соглашения № 2 от 10.11.2025 № 0000000002224P070002/1368454.2, ИГК 0000000002224P070002) для нужд ПАО «Россети Центр» (филиала «Тверьэнерго»);;;1;Выполнение работ по проектированию объектов: «Реконструкция ВЛ-10кВ №12 ПС Брусово с заменой опор и неизолированного провода на СИП (Удомельский РЭС)», «Реконструкция ВЛ 10 кВ № 05 ПС Озерец с заменой опор и неизолированного провода на СИП с изменением трассы прохождения (Торопецкий РЭС)», «Реконструкция ВЛ 10 кВ № 13 ПС Пожня с заменой опор и неизолированного провода на СИП с изменением трассы прохождения (Торопецкий РЭС)», «Реконструкция ВЛ-10кВ фид. 01 ПС Гостиница с заменой опор и неизолированного провода на СИП (Бежецкий РЭС)» «Реконструкция ВЛ 10кВ №03 ПС Удомля с заменой опор и неизолированного провода на СИП (Удомельский РЭС)», «Реконструкция ВЛ 10кВ №13 ПС Селигер с заменой опор и неизолированного провода на СИП (Осташковский РЭС)» за счет субсидии из федерального бюджета (в целях исполнения Договора от 22.05.2025 №0000000002224P070002/1368454 в редакции дополнительного соглашения № 1 от 10.11.2025 № 0000000002224P070002/1368454.1 и редакции дополнительного соглашения № 2 от 10.11.2025 № 0000000002224P070002/1368454.2, ИГК 0000000002224P070002) для нужд ПАО «Россети Центр» (филиала «Тверьэнерго»);35157580.58;RUB;35157580.58;;;;71.12.13.000: Услуги по инженерно-техническому проектированию систем энергоснабжения;;"ПУБЛИЧНОЕ АКЦИОНЕРНОЕ ОБЩЕСТВО ""РОССЕТИ ЦЕНТР""";"ПУБЛИЧНОЕ АКЦИОНЕРНОЕ ОБЩЕСТВО ""РОССЕТИ ЦЕНТР""";30.04.2026;04.06.2026;Закупка завершена;;;27.05.2026 10:00;
44-ФЗ;№0373200014226000295;Открытый конкурс в электронной форме;Выполнение работ по устройству ограждений;;262772946625877290100100320010000244, 262773128467177310100100500010000244, 262773148361377310100100300010000244;;;23209364.16;RUB;0;;;;;;;"ГОСУДАРСТВЕННОЕ КАЗЕННОЕ УЧРЕЖДЕНИЕ ГОРОДА МОСКВЫ ""ДИРЕКЦИЯ ЗАКАЗЧИКА ЖИЛИЩНО-КОММУНАЛЬНОГО ХОЗЯЙСТВА И БЛАГОУСТРОЙСТВА ЗАПАДНОГО АДМИНИСТРАТИВНОГО ОКРУГА""";08.05.2026;04.06.2026;Закупка завершена;;;01.06.2026;
44-ФЗ;№0891200000626005379;Открытый конкурс в электронной форме;Выполнение работ по ликвидации несанкционированных свалок на территории Тунгокоченского муниципального округа (00005862-ОК);;'263752100013075210100100300013811244;;;6693759.64;RUB;0;;;;;;АДМИНИСТРАЦИЯ ТУНГОКОЧЕНСКОГО МУНИЦИПАЛЬНОГО ОКРУГА ЗАБАЙКАЛЬСКОГО КРАЯ;"ГОСУДАРСТВЕННОЕ КАЗЕННОЕ УЧРЕЖДЕНИЕ ""ЗАБАЙКАЛЬСКИЙ ЦЕНТР ГОСУДАРСТВЕННЫХ ЗАКУПОК""";15.05.2026;04.06.2026;Закупка завершена;;;01.06.2026;
44-ФЗ;№0891200000626005354;Открытый конкурс в электронной форме на проведение работ по строительству, реконструкции, кап. ремонту, сносу объекта кап. строительства в соответствии с п. 8 ч. 1 ст. 33 Закона № 44-ФЗ;Капитальный ремонт здания КГУ «Агинская окружная ветеринарная лаборатория», расположенного по адресу: Забайкальский край, п. Агинское, ул. Промышленная, 4 (00005819-ОК);;'262800100816680010100100100014322243;;;6473949.20;RUB;0;;;;;;"КРАЕВОЕ ГОСУДАРСТВЕННОЕ УЧРЕЖДЕНИЕ ""АГИНСКАЯ ОКРУЖНАЯ ВЕТЕРИНАРНАЯ ЛАБОРАТОРИЯ""";"ГОСУДАРСТВЕННОЕ КАЗЕННОЕ УЧРЕЖДЕНИЕ ""ЗАБАЙКАЛЬСКИЙ ЦЕНТР ГОСУДАРСТВЕННЫХ ЗАКУПОК""";14.05.2026;04.06.2026;Закупка завершена;;;01.06.2026;
44-ФЗ;№0349400001526000056;Электронный аукцион;"Выполнение работ по ремонту судна МК-0102 ""Вильнюс"" для нужд Полярного филиала ФГБНУ «ВНИРО» («ПИНРО» им. Н.М. Книповича)";;'261770824572351904300100150013315244;;;19080880.00;RUB;0;;;;;;"ПОЛЯРНЫЙ ФИЛИАЛ ФЕДЕРАЛЬНОГО ГОСУДАРСТВЕННОГО БЮДЖЕТНОГО НАУЧНОГО УЧРЕЖДЕНИЯ ""ВСЕРОССИЙСКИЙ НАУЧНО-ИССЛЕДОВАТЕЛЬСКИЙ ИНСТИТУТ РЫБНОГО ХОЗЯЙСТВА И ОКЕАНОГРАФИИ""";"ПОЛЯРНЫЙ ФИЛИАЛ ФЕДЕРАЛЬНОГО ГОСУДАРСТВЕННОГО БЮДЖЕТНОГО НАУЧНОГО УЧРЕЖДЕНИЯ ""ВСЕРОССИЙСКИЙ НАУЧНО-ИССЛЕДОВАТЕЛЬСКИЙ ИНСТИТУТ РЫБНОГО ХОЗЯЙСТВА И ОКЕАНОГРАФИИ""";21.05.2026;04.06.2026;Закупка завершена;;;01.06.2026;
44-ФЗ;№0373100099926000024;Открытый конкурс в электронной форме;Оказание услуг по проведению информационно-рекламной кампании в информационно-телекоммуникационной сети Интернет для нужд РХТУ им. Д.И. Менделеева;;'261770707263777070100100590016311244;;;10000000.00;RUB;0;;;;;;"ФЕДЕРАЛЬНОЕ ГОСУДАРСТВЕННОЕ БЮДЖЕТНОЕ ОБРАЗОВАТЕЛЬНОЕ УЧРЕЖДЕНИЕ ВЫСШЕГО ОБРАЗОВАНИЯ ""РОССИЙСКИЙ ХИМИКО-ТЕХНОЛОГИЧЕСКИЙ УНИВЕРСИТЕТ ИМЕНИ Д.И. МЕНДЕЛЕЕВА""";"ФЕДЕРАЛЬНОЕ ГОСУДАРСТВЕННОЕ БЮДЖЕТНОЕ ОБРАЗОВАТЕЛЬНОЕ УЧРЕЖДЕНИЕ ВЫСШЕГО ОБРАЗОВАНИЯ ""РОССИЙСКИЙ ХИМИКО-ТЕХНОЛОГИЧЕСКИЙ УНИВЕРСИТЕТ ИМЕНИ Д.И. МЕНДЕЛЕЕВА""";14.05.2026;04.06.2026;Закупка завершена;;;01.06.2026;
44-ФЗ;№0142200001326009998;Открытый конкурс в электронной форме;Оказание услуг по организации питания для учреждений Самарской области (совместные торги);;262637800390863750100100020025629244, 262637800179563750100100010025629244;;;15415050.80;RUB;0;;;;;;;КОМИТЕТ ПО ОРГАНИЗАЦИИ ТОРГОВ САМАРСКОЙ ОБЛАСТИ;29.04.2026;04.06.2026;Закупка завершена;;;25.05.2026;
44-ФЗ;№0164200001926001814;Открытый конкурс в электронной форме;"Ремонт автомобильной дороги ""Тамбов - Пенза"" - Никольское";;'263680000649068000100100050014211244;;;103840309.50;RUB;0;;;;;;АДМИНИСТРАЦИЯ РАССКАЗОВСКОГО МУНИЦИПАЛЬНОГО ОКРУГА ТАМБОВСКОЙ ОБЛАСТИ;МИНИСТЕРСТВО ИМУЩЕСТВЕННЫХ ОТНОШЕНИЙ И ГОСУДАРСТВЕННОГО ЗАКАЗА ТАМБОВСКОЙ ОБЛАСТИ;14.05.2026;04.06.2026;Закупка завершена;;;01.06.2026;
44-ФЗ;№0373200018826000356;Электронный аукцион;Выполнение работ по ремонту  некапитального объекта «Павильон» в сквере Соломенной сторожки по адресу: г. Москва, ул. Тимирязевская, д.27;;'262771360459077430100100890010000244;;;10210998.67;RUB;0;;;;;;"ГОСУДАРСТВЕННОЕ БЮДЖЕТНОЕ УЧРЕЖДЕНИЕ ГОРОДА МОСКВЫ ""ОБЪЕДИНЕНИЕ КУЛЬТУРНЫХ И ДОСУГОВЫХ ЦЕНТРОВ СЕВЕРНОГО АДМИНИСТРАТИВНОГО ОКРУГА""";"ГОСУДАРСТВЕННОЕ КАЗЕННОЕ УЧРЕЖДЕНИЕ ГОРОДА МОСКВЫ ""ДИРЕКЦИЯ ЗАКАЗЧИКА ЖИЛИЩНО-КОММУНАЛЬНОГО ХОЗЯЙСТВА И БЛАГОУСТРОЙСТВА СЕВЕРНОГО АДМИНИСТРАТИВНОГО ОКРУГА""";22.05.2026;04.06.2026;Закупка завершена;;;01.06.2026;
44-ФЗ;№0303100001026000008;Открытый конкурс в электронной форме на проведение работ по строительству, реконструкции, кап. ремонту, сносу объекта кап. строительства в соответствии с п. 8 ч. 1 ст. 33 Закона № 44-ФЗ;Капитальный ремонт магистрального канала им. Дзержинского на участке с ПК471+00 по ПК477+00, Бабаюртовский район, Республика Дагестан;;'261056002237405730100100230014221243;;;10000000.00;RUB;0;;;;;;"ФЕДЕРАЛЬНОЕ ГОСУДАРСТВЕННОЕ БЮДЖЕТНОЕ УЧРЕЖДЕНИЕ ""УПРАВЛЕНИЕ МЕЛИОРАЦИИ ЗЕМЕЛЬ И СЕЛЬСКОХОЗЯЙСТВЕННОГО ВОДОСНАБЖЕНИЯ ПО РЕСПУБЛИКЕ ДАГЕСТАН""";"ФЕДЕРАЛЬНОЕ ГОСУДАРСТВЕННОЕ БЮДЖЕТНОЕ УЧРЕЖДЕНИЕ ""УПРАВЛЕНИЕ МЕЛИОРАЦИИ ЗЕМЕЛЬ И СЕЛЬСКОХОЗЯЙСТВЕННОГО ВОДОСНАБЖЕНИЯ ПО РЕСПУБЛИКЕ ДАГЕСТАН""";08.05.2026;04.06.2026;Закупка завершена;;;01.06.2026;
44-ФЗ;№0169300000126000752;Открытый конкурс в электронной форме;26-124866 Оказание услуг по санаторно-курортному лечению отдельных категорий граждан;;'263745110218174530100100190028690323;;;28256000.00;RUB;0;;;;;;КОМИТЕТ СОЦИАЛЬНОЙ ПОЛИТИКИ ГОРОДА ЧЕЛЯБИНСКА;УПРАВЛЕНИЕ МУНИЦИПАЛЬНЫХ ЗАКУПОК АДМИНИСТРАЦИИ ГОРОДА ЧЕЛЯБИНСКА;14.05.2026;04.06.2026;Закупка завершена;;;01.06.2026;
44-ФЗ;№0843500000226002585;Открытый конкурс в электронной форме;"Разработка проектной документации ""Капитальный ремонт комплекса гидротехнических сооружений водохранилища на р. Мостовка у села Шатрово Шатровского муниципального округа Курганской области""";;'263450801047945080100100180017112243;;;6429430.00;RUB;0;;;;;;АДМИНИСТРАЦИЯ ШАТРОВСКОГО МУНИЦИПАЛЬНОГО ОКРУГА КУРГАНСКОЙ ОБЛАСТИ;"ГОСУДАРСТВЕННОЕ КАЗЕННОЕ УЧРЕЖДЕНИЕ ""ЦЕНТР ЗАКУПОК И БУХГАЛТЕРСКОГО УЧЕТА КУРГАНСКОЙ ОБЛАСТИ""";13.05.2026;04.06.2026;Закупка завершена;;;01.06.2026;
44-ФЗ;№0318300577626000034;Электронный аукцион на проведение работ по строительству, реконструкции, кап. ремонту, сносу объекта кап. строительства в соответствии с п. 8 ч. 1 ст. 33 Закона № 44-ФЗ;Работы по сносу зданий и сооружений: «Снос жилых помещений, признанных в установленном порядке аварийными и подлежащими сносу».;;'263230907113823080100101150014311244;;;15454616.12;RUB;0;;;;;;"МУНИЦИПАЛЬНОЕ КАЗЁННОЕ УЧРЕЖДЕНИЕ МУНИЦИПАЛЬНОГО ОБРАЗОВАНИЯ ГОРОД КРАСНОДАР ""ЕДИНАЯ СЛУЖБА ЗАКАЗЧИКА""";"МУНИЦИПАЛЬНОЕ КАЗЁННОЕ УЧРЕЖДЕНИЕ МУНИЦИПАЛЬНОГО ОБРАЗОВАНИЯ ГОРОД КРАСНОДАР ""ЕДИНАЯ СЛУЖБА ЗАКАЗЧИКА""";14.05.2026;04.06.2026;Закупка завершена;;;22.05.2026;
44-ФЗ;№0162200011826001191;Электронный аукцион;Выполнение работ по обустройству пешеходных переходов на автомобильных дорогах общего пользования регионального значения Свердловской области;;'262665807811066850100102670014211244;;;132546080.56;RUB;0;;;;;;"ГОСУДАРСТВЕННОЕ КАЗЕННОЕ  УЧРЕЖДЕНИЕ СВЕРДЛОВСКОЙ ОБЛАСТИ ""УПРАВЛЕНИЕ АВТОМОБИЛЬНЫХ ДОРОГ""";ДЕПАРТАМЕНТ ГОСУДАРСТВЕННЫХ ЗАКУПОК СВЕРДЛОВСКОЙ ОБЛАСТИ;29.04.2026;04.06.2026;Закупка завершена;;;07.05.2026;
44-ФЗ;№0348500002526000014;Открытый конкурс в электронной форме;"Оказание услуг по физической охране полигона ТКО ""Кучино""";;'262502420034350240100101040018010244;;;5167215.36;RUB;0;;;;;;"ГОСУДАРСТВЕННОЕ БЮДЖЕТНОЕ УЧРЕЖДЕНИЕ МОСКОВСКОЙ ОБЛАСТИ ""ДИРЕКЦИЯ ЭКОЛОГИЧЕСКИХ ПРОЕКТОВ""";"ГОСУДАРСТВЕННОЕ БЮДЖЕТНОЕ УЧРЕЖДЕНИЕ МОСКОВСКОЙ ОБЛАСТИ ""ДИРЕКЦИЯ ЭКОЛОГИЧЕСКИХ ПРОЕКТОВ""";15.05.2026;04.06.2026;Закупка завершена;;;01.06.2026;
44-ФЗ;№0331100006626000042;Открытый конкурс в электронной форме на проведение работ по строительству, реконструкции, кап. ремонту, сносу объекта кап. строительства в соответствии с п. 8 ч. 1 ст. 33 Закона № 44-ФЗ;Капитальный ремонт здания общежития №5 Заказчика, расположенного по адресу: 394036 Российская Федерация, Воронежская область, г. Воронеж, пр-т Московский, д. 185;;'261366602779436660100100500014120243;;;147964212.84;RUB;0;;;;;;"ФЕДЕРАЛЬНОЕ ГОСУДАРСТВЕННОЕ БЮДЖЕТНОЕ ОБРАЗОВАТЕЛЬНОЕ УЧРЕЖДЕНИЕ ВЫСШЕГО ОБРАЗОВАНИЯ ""ВОРОНЕЖСКИЙ ГОСУДАРСТВЕННЫЙ МЕДИЦИНСКИЙ УНИВЕРСИТЕТ ИМЕНИ Н. Н. БУРДЕНКО"" МИНИСТЕРСТВА ЗДРАВООХРАНЕНИЯ РОССИЙСКОЙ ФЕДЕРАЦИИ";"ФЕДЕРАЛЬНОЕ ГОСУДАРСТВЕННОЕ БЮДЖЕТНОЕ ОБРАЗОВАТЕЛЬНОЕ УЧРЕЖДЕНИЕ ВЫСШЕГО ОБРАЗОВАНИЯ ""ВОРОНЕЖСКИЙ ГОСУДАРСТВЕННЫЙ МЕДИЦИНСКИЙ УНИВЕРСИТЕТ ИМЕНИ Н. Н. БУРДЕНКО"" МИНИСТЕРСТВА ЗДРАВООХРАНЕНИЯ РОССИЙСКОЙ ФЕДЕРАЦИИ";08.05.2026;04.06.2026;Закупка завершена;;;25.05.2026;
44-ФЗ;№0372200162026000056;Открытый конкурс в электронной форме;Выполнение работ по замене лифтового оборудования (пассажирский лифт рег. № 011688)  в Санкт-Петербургском государственном бюджетном учреждение здравоохранения «Диагностический Центр №7» (глазной) для взрослого и детского населения» , по адресу: г. Санкт-Петербург, Литейный пр., д. 25, лит. А;;'262780303224278410100100210014329243;;;9600313.92;RUB;0;;;;;;"САНКТ-ПЕТЕРБУРГСКОЕ ГОСУДАРСТВЕННОЕ БЮДЖЕТНОЕ УЧРЕЖДЕНИЕ ЗДРАВООХРАНЕНИЯ ""ДИАГНОСТИЧЕСКИЙ ЦЕНТР №7"" (ГЛАЗНОЙ) ДЛЯ ВЗРОСЛОГО И ДЕТСКОГО НАСЕЛЕНИЯ";"САНКТ-ПЕТЕРБУРГСКОЕ ГОСУДАРСТВЕННОЕ БЮДЖЕТНОЕ УЧРЕЖДЕНИЕ ЗДРАВООХРАНЕНИЯ ""ДИАГНОСТИЧЕСКИЙ ЦЕНТР №7"" (ГЛАЗНОЙ) ДЛЯ ВЗРОСЛОГО И ДЕТСКОГО НАСЕЛЕНИЯ";13.05.2026;04.06.2026;Закупка завершена;;;01.06.2026;
223-ФЗ;№32616008537;Конкурс в электронной форме, участниками которого могут быть только субъекты малого и среднего предпринимательства;Право на заключение Договора на поставку пунктов секционирования (реклоузеров) для нужд ПАО «Россети Центр» (филиала «Брянскэнерго») 0129-БР-26;;;1;Поставка пунктов секционирования (реклоузеров);19467430.20;RUB;19467430.20;;;;27.12.10.190: Устройства для коммутации или защиты электрических цепей на напряжение более 1 кВ прочие, не включенные в другие группировки;;"ПУБЛИЧНОЕ АКЦИОНЕРНОЕ ОБЩЕСТВО ""РОССЕТИ ЦЕНТР""";"ПУБЛИЧНОЕ АКЦИОНЕРНОЕ ОБЩЕСТВО ""РОССЕТИ ЦЕНТР""";14.05.2026;04.06.2026;Закупка завершена;;;26.05.2026 12:00;
44-ФЗ;№0148200005426000135;Открытый конкурс в электронной форме;Выполнение работ и оказание услуг, связанных с одновременным выполнением инженерных изысканий, подготовкой проектной документации (путем внесения изменений), выполнением работ по капитальному ремонту мостового перехода ч/з  р. Вьюнка у н.п. Аксеново на км 11,280 а/д Устиновка-Аксеново-Электроугли в Ногинском районе Московской области;;'262500000152550240100106530014213243;;;54600504.02;RUB;0;;;;;;"ГОСУДАРСТВЕННОЕ БЮДЖЕТНОЕ УЧРЕЖДЕНИЕ МОСКОВСКОЙ ОБЛАСТИ ""МОСАВТОДОР""";КОМИТЕТ ПО КОНКУРЕНТНОЙ ПОЛИТИКЕ МОСКОВСКОЙ ОБЛАСТИ;20.04.2026;04.06.2026;Закупка завершена;;;25.05.2026;
44-ФЗ;№0843500000226002597;Открытый конкурс в электронной форме;"Разработка проектной документации ""Капитальный ремонт комплекса гидротехнических сооружений водохранилища на р. Кызылбайка у деревни Ленская Шатровского муниципального округа Курганской области""";;'263450801047945080100100170017112243;;;5963842.00;RUB;0;;;;;;АДМИНИСТРАЦИЯ ШАТРОВСКОГО МУНИЦИПАЛЬНОГО ОКРУГА КУРГАНСКОЙ ОБЛАСТИ;"ГОСУДАРСТВЕННОЕ КАЗЕННОЕ УЧРЕЖДЕНИЕ ""ЦЕНТР ЗАКУПОК И БУХГАЛТЕРСКОГО УЧЕТА КУРГАНСКОЙ ОБЛАСТИ""";13.05.2026;04.06.2026;Закупка завершена;;;01.06.2026;
44-ФЗ;№0121300035326000102;Открытый конкурс в электронной форме;Выполнение работ по текущему ремонту асфальтобетонного покрытия автомобильных дорог города-курорта Пятигорска (3 очередь);;'263263281100726320100100330014211244;;;10000000.00;RUB;0;;;;;;"МУНИЦИПАЛЬНОЕ КАЗЕННОЕ УЧРЕЖДЕНИЕ ""УПРАВЛЕНИЕ КАПИТАЛЬНОГО СТРОИТЕЛЬСТВА""";АДМИНИСТРАЦИЯ ГОРОДА ПЯТИГОРСКА;13.05.2026;04.06.2026;Закупка завершена;;;01.06.2026;
44-ФЗ;№0325100016026000330;Электронный аукцион;Поставка  медицинских изделий:  Кардиовертер-дефибриллятор имплантируемый двухкамерный, МРТ совместимый;;'261301508168930150100100251600000244;;;26531000.00;RUB;0;;;;;;"ФЕДЕРАЛЬНОЕ ГОСУДАРСТВЕННОЕ БЮДЖЕТНОЕ УЧРЕЖДЕНИЕ ""ФЕДЕРАЛЬНЫЙ ЦЕНТР СЕРДЕЧНО-СОСУДИСТОЙ ХИРУРГИИ"" МИНИСТЕРСТВА ЗДРАВООХРАНЕНИЯ РОССИЙСКОЙ ФЕДЕРАЦИИ (Г. АСТРАХАНЬ)";"ФЕДЕРАЛЬНОЕ ГОСУДАРСТВЕННОЕ БЮДЖЕТНОЕ УЧРЕЖДЕНИЕ ""ФЕДЕРАЛЬНЫЙ ЦЕНТР СЕРДЕЧНО-СОСУДИСТОЙ ХИРУРГИИ"" МИНИСТЕРСТВА ЗДРАВООХРАНЕНИЯ РОССИЙСКОЙ ФЕДЕРАЦИИ (Г. АСТРАХАНЬ)";20.05.2026;04.06.2026;Закупка завершена;;;28.05.2026;
44-ФЗ;№0123300039926000001;Электронный аукцион;Поставка автоцистерны;;'263282500042128250100100030012910244;;;11307069.83;RUB;0;;;;;;АДМИНИСТРАЦИЯ ЗЛАТОУСТОВСКОГО СЕЛЬСОВЕТА;АДМИНИСТРАЦИЯ ЗЛАТОУСТОВСКОГО СЕЛЬСОВЕТА;28.04.2026;04.06.2026;Определение поставщика отменено;;;06.05.2026;
44-ФЗ;№0121600013926000131;Электронный аукцион;"Выполнение работ по ремонту автомобильной дороги общего пользования местного значения ""Подъезд к пос. Правокугультинский  от автомобильной дороги  ""Преградное -Тахта-Ипатово"" Ипатовского городского округа Ставропольского края (ПК 0+00-ПК 50+00, 1 этап, ПК 50+00-ПК 100+00, 2 этап)";;'263260801241226080100100310014211244;;;180567447.40;RUB;0;;;;;;УПРАВЛЕНИЕ ПО РАБОТЕ С ТЕРРИТОРИЯМИ АДМИНИСТРАЦИИ ИПАТОВСКОГО МУНИЦИПАЛЬНОГО ОКРУГА СТАВРОПОЛЬСКОГО КРАЯ;АДМИНИСТРАЦИЯ ИПАТОВСКОГО МУНИЦИПАЛЬНОГО ОКРУГА СТАВРОПОЛЬСКОГО КРАЯ;12.05.2026;04.06.2026;Закупка завершена;;;20.05.2026;
223-ФЗ;№32615969369;Конкурс в электронной форме, участниками которого могут быть только субъекты малого и среднего предпринимательства;Право заключения договора на оказание услуг по техническому обслуживанию после 10 лет эксплуатации дизель-роторного источника бесперебойного питания №4 филиала АО «Атомдата-Центр» «Xelent»;;;1;Оказание услуг по техническому обслуживанию после 10 лет эксплуатации дизель-роторного источника бесперебойного питания №4 филиала АО «Атомдата-Центр» «Xelent»;42594817.83;RUB;42594817.83;;;;33.12.29.900: Услуги по ремонту и техническому обслуживанию прочего оборудования специального назначения, не включенные в другие группировки;;"АКЦИОНЕРНОЕ ОБЩЕСТВО ""АТОМДАТА-ЦЕНТР""";"АКЦИОНЕРНОЕ ОБЩЕСТВО ""АТОМДАТА-ЦЕНТР""";30.04.2026;04.06.2026;Закупка завершена;;;18.05.2026 10:00;
44-ФЗ;№0187200001726000550;Открытый конкурс в электронной форме;Выполнение работ по проектированию и капитальному ремонту нежилого помещения ЛГ МАУ «ЦК «Нефтяник»;;'263860710088286070100100300030000243;;;97243789.47;RUB;0;;;;;;"ЛАНГЕПАССКОЕ ГОРОДСКОЕ МУНИЦИПАЛЬНОЕ КАЗЕННОЕ УЧРЕЖДЕНИЕ ""УПРАВЛЕНИЕ КАПИТАЛЬНОГО СТРОИТЕЛЬСТВА""";ДЕПАРТАМЕНТ ГОСУДАРСТВЕННОГО ЗАКАЗА ХАНТЫ-МАНСИЙСКОГО АВТОНОМНОГО ОКРУГА - ЮГРЫ;13.05.2026;04.06.2026;Закупка завершена;;;01.06.2026;
44-ФЗ;№0816500000626008092;Электронный аукцион;Поставка лекарственного препарата для медицинского применения ЭЛОСУЛЬФАЗА АЛЬФА (субвенции) в целях социального обеспечения;;'262143536061014350100100203170000323;;;32225826.60;RUB;0;;;;;;"ГОСУДАРСТВЕННОЕ КАЗЕННОЕ УЧРЕЖДЕНИЕ РЕСПУБЛИКИ САХА (ЯКУТИЯ) ""РЕСУРСНЫЙ ЦЕНТР ПРИ МИНИСТЕРСТВЕ ЗДРАВООХРАНЕНИЯ РЕСПУБЛИКИ САХА (ЯКУТИЯ)""";"ГОСУДАРСТВЕННОЕ КАЗЕННОЕ УЧРЕЖДЕНИЕ РЕСПУБЛИКИ САХА (ЯКУТИЯ) ""ЦЕНТР ЗАКУПОК РЕСПУБЛИКИ САХА (ЯКУТИЯ)""";12.05.2026;04.06.2026;Закупка завершена;;;20.05.2026;
44-ФЗ;№0373100013426000293;Электронный аукцион;Поставка анализатора масс-спектрометрического ИВД, полуавтоматического;;'261770401401077040100100012480000000;;;65830000.00;RUB;0;;;;;;"ФЕДЕРАЛЬНОЕ ГОСУДАРСТВЕННОЕ БЮДЖЕТНОЕ УЧРЕЖДЕНИЕ ""ФЕДЕРАЛЬНЫЙ НАУЧНО-КЛИНИЧЕСКИЙ ЦЕНТР ФИЗИКО-ХИМИЧЕСКОЙ МЕДИЦИНЫ ИМЕНИ АКАДЕМИКА Ю.М. ЛОПУХИНА ФЕДЕРАЛЬНОГО МЕДИКО-БИОЛОГИЧЕСКОГО АГЕНТСТВА""";"ФЕДЕРАЛЬНОЕ ГОСУДАРСТВЕННОЕ БЮДЖЕТНОЕ УЧРЕЖДЕНИЕ ""ФЕДЕРАЛЬНЫЙ НАУЧНО-КЛИНИЧЕСКИЙ ЦЕНТР ФИЗИКО-ХИМИЧЕСКОЙ МЕДИЦИНЫ ИМЕНИ АКАДЕМИКА Ю.М. ЛОПУХИНА ФЕДЕРАЛЬНОГО МЕДИКО-БИОЛОГИЧЕСКОГО АГЕНТСТВА""";15.05.2026;04.06.2026;Закупка завершена;;;27.05.2026;
44-ФЗ;№0348200025426000007;Открытый конкурс в электронной форме;Подготовка проектно-сметной документации в рамках капитального ремонта здания общежития университета, расположенного по адресу: Московская область, г. Дубна, ул. Энтузиастов, д. 21а;;'262501001037450100100100250127112243;;;21558401.68;RUB;0;;;;;;"ФЕДЕРАЛЬНОЕ ГОСУДАРСТВЕННОЕ БЮДЖЕТНОЕ ОБРАЗОВАТЕЛЬНОЕ УЧРЕЖДЕНИЕ ВЫСШЕГО ОБРАЗОВАНИЯ ""УНИВЕРСИТЕТ ""ДУБНА""";"ФЕДЕРАЛЬНОЕ ГОСУДАРСТВЕННОЕ БЮДЖЕТНОЕ ОБРАЗОВАТЕЛЬНОЕ УЧРЕЖДЕНИЕ ВЫСШЕГО ОБРАЗОВАНИЯ ""УНИВЕРСИТЕТ ""ДУБНА""";30.04.2026;04.06.2026;Закупка завершена;;;18.05.2026;
44-ФЗ;№0861600003826000094;Запрос котировок в электронной форме;Приобретение жилого помещения (квартиры) на первичном рынке на территории Углегорского муниципального округа Сахалинской области;;'263650800290865080100100330016810412;;;9685605.00;RUB;0;;;;;;КОМИТЕТ ПО УПРАВЛЕНИЮ МУНИЦИПАЛЬНОЙ СОБСТВЕННОСТЬЮ УГЛЕГОРСКОГО МУНИЦИПАЛЬНОГО ОКРУГА САХАЛИНСКОЙ ОБЛАСТИ;"МУНИЦИПАЛЬНОЕ КАЗЕННОЕ УЧРЕЖДЕНИЕ ""КОНТРАКТНАЯ СЛУЖБА"" УГЛЕГОРСКОГО МУНИЦИПАЛЬНОГО ОКРУГА";21.05.2026;04.06.2026;Определение поставщика отменено;;;01.06.2026;
44-ФЗ;№0861600003826000095;Запрос котировок в электронной форме;Приобретение жилого помещения (квартиры) на первичном рынке на территории Углегорского муниципального округа Сахалинской области;;'263650800290865080100100340016810412;;;9763967.50;RUB;0;;;;;;КОМИТЕТ ПО УПРАВЛЕНИЮ МУНИЦИПАЛЬНОЙ СОБСТВЕННОСТЬЮ УГЛЕГОРСКОГО МУНИЦИПАЛЬНОГО ОКРУГА САХАЛИНСКОЙ ОБЛАСТИ;"МУНИЦИПАЛЬНОЕ КАЗЕННОЕ УЧРЕЖДЕНИЕ ""КОНТРАКТНАЯ СЛУЖБА"" УГЛЕГОРСКОГО МУНИЦИПАЛЬНОГО ОКРУГА";21.05.2026;04.06.2026;Определение поставщика отменено;;;01.06.2026;
44-ФЗ;№0123300005626000030;Открытый конкурс в электронной форме;Оказание услуг по осуществлению строительного контроля за выполнением работ объекта: «Капитальный ремонт сетей тепловодоснабжения города Тынды, Амурской области»;;'263280800626128080100100100017112243;;;19473895.94;RUB;0;;;;;;"МУНИЦИПАЛЬНОЕ БЮДЖЕТНОЕ УЧРЕЖДЕНИЕ ГОРОДА ТЫНДЫ ""УПРАВЛЕНИЕ ЕДИНОГО ЗАКАЗЧИКА""";АДМИНИСТРАЦИЯ ГОРОДА ТЫНДЫ;13.05.2026;04.06.2026;Закупка завершена;;;01.06.2026;
223-ФЗ;№32615868684;Иной способ;Маркетинговое исследование в электронной форме на электронной торговой площадке на право заключения договора на выполнение комплекса работ (проектно-изыскательских и земельно-кадастровых) на объектах, входящих в Инвестиционную программу ООО «РВК-Армавир»  (линейные объекты), проводимое централизовано ООО УК «РОСВОДОКАНАЛ» для нужд ООО «РВК-Армавир»;;;1;"Выполнение комплекса работ (проектно-изыскательских и земельно-кадастровых) на объектах, входящих в Инвестиционную программу ООО ""РВК.Армавир"" (линейные объекты)";66024506.00;RUB;66024506.00;;;;71.12.16.000: Услуги по инженерно-техническому проектированию производственных процессов и производств,71.12.35.110: Услуги в области кадастровой деятельности;;"ОБЩЕСТВО С ОГРАНИЧЕННОЙ ОТВЕТСТВЕННОСТЬЮ ""РВК-АРМАВИР""";"ОБЩЕСТВО С ОГРАНИЧЕННОЙ ОТВЕТСТВЕННОСТЬЮ ""КРАСНОДАР ВОДОКАНАЛ""";01.04.2026;04.06.2026;Закупка завершена;;;14.04.2026 15:00;
44-ФЗ;№0131300045326000053;Открытый конкурс в электронной форме на проведение работ по строительству, реконструкции, кап. ремонту, сносу объекта кап. строительства в соответствии с п. 8 ч. 1 ст. 33 Закона № 44-ФЗ;Выполнение работ по капитальному ремонту автомобильных дорог на территории Давыдовского городского поселения Лискинского муниципального района Воронежской области (Лот 6).;;'263365200321836520100100340014211243;;;7189453.12;RUB;0;;;;;;АДМИНИСТРАЦИЯ ЛИСКИНСКОГО МУНИЦИПАЛЬНОГО РАЙОНА ВОРОНЕЖСКОЙ ОБЛАСТИ;АДМИНИСТРАЦИЯ ЛИСКИНСКОГО МУНИЦИПАЛЬНОГО РАЙОНА ВОРОНЕЖСКОЙ ОБЛАСТИ;14.05.2026;04.06.2026;Закупка завершена;;;01.06.2026;
44-ФЗ;№0160300001626000021;Открытый конкурс в электронной форме;Выполнение работ по благоустройству общественной территории - тротуары по ул. Калинина от д. 26 до д.64 и от д. 140 до д. 176 в р.п. Романовка, Романовского района, Саратовской области;;'263643000242764300100100100024211244;;;5000000.00;RUB;0;;;;;;АДМИНИСТРАЦИЯ РОМАНОВСКОГО МУНИЦИПАЛЬНОГО РАЙОНА САРАТОВСКОЙ ОБЛАСТИ;АДМИНИСТРАЦИЯ РОМАНОВСКОГО МУНИЦИПАЛЬНОГО РАЙОНА САРАТОВСКОЙ ОБЛАСТИ;14.05.2026;04.06.2026;Закупка завершена;;;01.06.2026;
44-ФЗ;№0130200002426000073;Открытый конкурс в электронной форме;Выполнение работ по разработке фактического топливно-энергетического баланса Вологодской области за 2022, 2023, 2024, 2025 годы, актуализации целевого прогнозного топливно-энергетического баланса Вологодской области и по разработке схемы газоснабжения и  газификации Вологодской области ;;'262352523692535250100100070017490244;;;56700000.00;RUB;0;;;;;;МИНИСТЕРСТВО ЭНЕРГЕТИКИ, КОММУНАЛЬНОЙ ИНФРАСТРУКТУРЫ И ТАРИФНОГО РЕГУЛИРОВАНИЯ ВОЛОГОДСКОЙ ОБЛАСТИ;ГЛАВНОЕ УПРАВЛЕНИЕ КОНКУРЕНТНОЙ ПОЛИТИКИ ВОЛОГОДСКОЙ ОБЛАСТИ;15.05.2026;04.06.2026;Закупка завершена;;;01.06.2026;
44-ФЗ;№0318100033126000011;Открытый конкурс в электронной форме на проведение работ по строительству, реконструкции, кап. ремонту, сносу объекта кап. строительства в соответствии с п. 8 ч. 1 ст. 33 Закона № 44-ФЗ;Капитальный ремонт здания склада селекционного семенного материала, ФГБНУ «НЦЗ им. П.П. Лукьяненко», инв. № 021110000000046;;'261231101491623110100100100014399243;;;59048436.35;RUB;0;;;;;;"ФЕДЕРАЛЬНОЕ ГОСУДАРСТВЕННОЕ БЮДЖЕТНОЕ НАУЧНОЕ УЧРЕЖДЕНИЕ ""НАЦИОНАЛЬНЫЙ ЦЕНТР ЗЕРНА ИМЕНИ П.П. ЛУКЬЯНЕНКО""";"ФЕДЕРАЛЬНОЕ ГОСУДАРСТВЕННОЕ БЮДЖЕТНОЕ НАУЧНОЕ УЧРЕЖДЕНИЕ ""НАЦИОНАЛЬНЫЙ ЦЕНТР ЗЕРНА ИМЕНИ П.П. ЛУКЬЯНЕНКО""";14.05.2026;04.06.2026;Закупка завершена;;;01.06.2026;
44-ФЗ;№0116300000126000555;Электронный аукцион;Приобретение благоустроенного жилого помещения для переселения граждан из аварийного, ветхого жилого фонда;;'263143513802014350100100350014120412;;;6710940.00;RUB;0;;;;;;"МУНИЦИПАЛЬНОЕ КАЗЕННОЕ УЧРЕЖДЕНИЕ ""ДЕПАРТАМЕНТ ЖИЛИЩНЫХ ОТНОШЕНИЙ"" ГОРОДСКОГО ОКРУГА ""ГОРОД ЯКУТСК""";ОКРУЖНАЯ АДМИНИСТРАЦИЯ ГОРОДА ЯКУТСКА;08.05.2026;04.06.2026;Закупка завершена;;;18.05.2026;
44-ФЗ;№0120300006526000158;Электронный аукцион;Выполнение работ, связанных с осуществлением регулярных перевозок пассажиров и багажа автомобильным транспортом по регулируемым тарифам на территории Уссурийского городского округа Приморского края;;'263251100409425110100100980014931244;;;20513680.02;RUB;0;;;;;;АДМИНИСТРАЦИЯ УССУРИЙСКОГО ГОРОДСКОГО ОКРУГА ПРИМОРСКОГО КРАЯ;АДМИНИСТРАЦИЯ УССУРИЙСКОГО ГОРОДСКОГО ОКРУГА ПРИМОРСКОГО КРАЯ;18.05.2026;04.06.2026;Закупка завершена;;;26.05.2026;
44-ФЗ;№0120300006526000157;Электронный аукцион;Выполнение работ, связанных с осуществлением регулярных перевозок пассажиров и багажа автомобильным транспортом по регулируемым тарифам на территории Уссурийского городского округа Приморского края;;'263251100409425110100100970014931244;;;14502908.25;RUB;0;;;;;;АДМИНИСТРАЦИЯ УССУРИЙСКОГО ГОРОДСКОГО ОКРУГА ПРИМОРСКОГО КРАЯ;АДМИНИСТРАЦИЯ УССУРИЙСКОГО ГОРОДСКОГО ОКРУГА ПРИМОРСКОГО КРАЯ;18.05.2026;04.06.2026;Закупка завершена;;;26.05.2026;
44-ФЗ;№0120300006526000159;Электронный аукцион;Выполнение работ, связанных с осуществлением регулярных перевозок пассажиров и багажа автомобильным транспортом по регулируемым тарифам на территории Уссурийского городского округа Приморского края;;'263251100409425110100100990014931244;;;26408874.06;RUB;0;;;;;;АДМИНИСТРАЦИЯ УССУРИЙСКОГО ГОРОДСКОГО ОКРУГА ПРИМОРСКОГО КРАЯ;АДМИНИСТРАЦИЯ УССУРИЙСКОГО ГОРОДСКОГО ОКРУГА ПРИМОРСКОГО КРАЯ;18.05.2026;04.06.2026;Закупка завершена;;;26.05.2026;
44-ФЗ;№0373100111426000017;Электронный аукцион;Поставка системы для высокопроизводительного секвенирования ;;'261770400001777040100100300012651244;;;9298560.00;RUB;0;;;;;;"ФЕДЕРАЛЬНОЕ КАЗЁННОЕ УЧРЕЖДЕНИЕ ЗДРАВООХРАНЕНИЯ ""ПРОТИВОЧУМНЫЙ ЦЕНТР"" ФЕДЕРАЛЬНОЙ СЛУЖБЫ ПО НАДЗОРУ В СФЕРЕ ЗАЩИТЫ ПРАВ ПОТРЕБИТЕЛЕЙ И БЛАГОПОЛУЧИЯ ЧЕЛОВЕКА";"ФЕДЕРАЛЬНОЕ КАЗЁННОЕ УЧРЕЖДЕНИЕ ЗДРАВООХРАНЕНИЯ ""ПРОТИВОЧУМНЫЙ ЦЕНТР"" ФЕДЕРАЛЬНОЙ СЛУЖБЫ ПО НАДЗОРУ В СФЕРЕ ЗАЩИТЫ ПРАВ ПОТРЕБИТЕЛЕЙ И БЛАГОПОЛУЧИЯ ЧЕЛОВЕКА";22.05.2026;04.06.2026;Закупка завершена;;;01.06.2026;
44-ФЗ;№0846600001426000013;Открытый конкурс в электронной форме;Ремонт автомобильных дорог общего пользования местного значения Хлевенского муниципального округа Липецкой области;;'263481700141848170100100290014211244;;;13081916.82;RUB;0;;;;;;АДМИНИСТРАЦИЯ ХЛЕВЕНСКОГО МУНИЦИПАЛЬНОГО ОКРУГА ЛИПЕЦКОЙ ОБЛАСТИ РОССИЙСКОЙ ФЕДЕРАЦИИ;"МУНИЦИПАЛЬНОЕ КАЗЕННОЕ УЧРЕЖДЕНИЕ ""ЦЕНТР КОМПЕТЕНЦИИ В СФЕРЕ БУХГАЛТЕРСКОГО УЧЕТА И МУНИЦИПАЛЬНОГО ЗАКАЗА ХЛЕВЕНСКОГО МУНИЦИПАЛЬНОГО ОКРУГА""";14.05.2026;04.06.2026;Закупка завершена;;;01.06.2026;
44-ФЗ;№0131300035726000100;Открытый конкурс в электронной форме на проведение работ по строительству, реконструкции, кап. ремонту, сносу объекта кап. строительства в соответствии с п. 8 ч. 1 ст. 33 Закона № 44-ФЗ;Капитальный ремонт автомобильной дороги по ул.Садовая с. Яблочное км 0+500 - км 1+164 Яблоченского сельского поселения Хохольского муниципального района Воронежской области;;'263363100168236310100100050014211243;;;6246493.55;RUB;0;;;;;;АДМИНИСТРАЦИЯ ЯБЛОЧЕНСКОГО СЕЛЬСКОГО ПОСЕЛЕНИЯ ХОХОЛЬСКОГО МУНИЦИПАЛЬНОГО РАЙОНА ВОРОНЕЖСКОЙ ОБЛАСТИ;АДМИНИСТРАЦИЯ ХОХОЛЬСКОГО МУНИЦИПАЛЬНОГО РАЙОНА ВОРОНЕЖСКОЙ ОБЛАСТИ;14.05.2026;04.06.2026;Закупка завершена;;;01.06.2026;
44-ФЗ;№0816500000626006898;Открытый конкурс в электронной форме на проведение работ по строительству, реконструкции, кап. ремонту, сносу объекта кап. строительства в соответствии с п. 8 ч. 1 ст. 33 Закона № 44-ФЗ;"Выполнение работ по капитальному ремонту сетей теплоснабжения и водоснабжения, находящихся на хозяйственном ведении ГУП ""ЖКХ РС(Я)"" в Усть-Алданском, Вилюйском, Нюрбинском улусах";;'262143513352014350100100080014221000;;;130519160.72;RUB;0;;;;;;"ГОСУДАРСТВЕННОЕ УНИТАРНОЕ ПРЕДПРИЯТИЕ ""ЖИЛИЩНО-КОММУНАЛЬНОЕ ХОЗЯЙСТВО РЕСПУБЛИКИ САХА (ЯКУТИЯ)""";"ГОСУДАРСТВЕННОЕ КАЗЕННОЕ УЧРЕЖДЕНИЕ РЕСПУБЛИКИ САХА (ЯКУТИЯ) ""ЦЕНТР ЗАКУПОК РЕСПУБЛИКИ САХА (ЯКУТИЯ)""";21.04.2026;04.06.2026;Закупка завершена;;;07.05.2026;
44-ФЗ;№0112200000826002625;Запрос котировок в электронной форме;"Выполнение работ по текущему ремонту ГАУ ДО РТ ”СШ ’’Субедей""";;'262170104269917010100100070010000244;;;5368949.00;RUB;0;;;;;;"ГОСУДАРСТВЕННОЕ АВТОНОМНОЕ УЧРЕЖДЕНИЕ ДОПОЛНИТЕЛЬНОГО ОБРАЗОВАНИЯ РЕСПУБЛИКИ ТЫВА ""СПОРТИВНАЯ ШКОЛА ""СУБЕДЕЙ""";МИНИСТЕРСТВО РЕСПУБЛИКИ ТЫВА ПО РЕГУЛИРОВАНИЮ КОНТРАКТНОЙ СИСТЕМЫ В СФЕРЕ ЗАКУПОК;25.05.2026;04.06.2026;Закупка завершена;;;01.06.2026;
44-ФЗ;№0112200000826002626;Запрос котировок в электронной форме;"Выполнение работ по текущему ремонту ГАУ ДО РТ ""СШ ""Субедей"" (часть 2)";;'262170104269917010100100070020000244;;;5625577.00;RUB;0;;;;;;"ГОСУДАРСТВЕННОЕ АВТОНОМНОЕ УЧРЕЖДЕНИЕ ДОПОЛНИТЕЛЬНОГО ОБРАЗОВАНИЯ РЕСПУБЛИКИ ТЫВА ""СПОРТИВНАЯ ШКОЛА ""СУБЕДЕЙ""";МИНИСТЕРСТВО РЕСПУБЛИКИ ТЫВА ПО РЕГУЛИРОВАНИЮ КОНТРАКТНОЙ СИСТЕМЫ В СФЕРЕ ЗАКУПОК;25.05.2026;04.06.2026;Закупка завершена;;;01.06.2026;
44-ФЗ;№0172200001426000092;Открытый конкурс в электронной форме;"Выполнение комплексного ремонта помещений ч.п.1-Н (№ 1-13, № 15-23, № 26-32), 2-Н, ч.п.3-Н (ч.п. №2), ч.п.7-Н (№ 1, № 3-5); восстановление электроснабжения в помещениях ч.п. 1-Н (№ 24-25), 5-Н, 6-Н; замену оконных заполнений в нежилом здании по адресу: пр. Ветеранов, д. 86 литера А.";;'262780509489378050100101530010000244;;;16174946.79;RUB;0;;;;;;"САНКТ-ПЕТЕРБУРГСКОЕ ГОСУДАРСТВЕННОЕ КАЗЕННОЕ УЧРЕЖДЕНИЕ ""ЖИЛИЩНОЕ АГЕНТСТВО КИРОВСКОГО РАЙОНА САНКТ-ПЕТЕРБУРГА""";АДМИНИСТРАЦИЯ КИРОВСКОГО РАЙОНА САНКТ-ПЕТЕРБУРГА;15.05.2026;04.06.2026;Закупка завершена;;;01.06.2026;
44-ФЗ;№0373100115226000040;Открытый конкурс в электронной форме;Разработка научно-проектной документации для проведения работ по сохранению (ремонтно-реставрационные работы с приспособлением для современного использования) объекта культурного наследия регионального значения, расположенного по адресу: Курская область, г. Курск, ул. Карла Маркса, д. 2;;'261770539524877100100100520017112243;;;26290240.23;RUB;0;;;;;;"ФЕДЕРАЛЬНОЕ ГОСУДАРСТВЕННОЕ БЮДЖЕТНОЕ УЧРЕЖДЕНИЕ КУЛЬТУРЫ ""АГЕНТСТВО ПО УПРАВЛЕНИЮ И ИСПОЛЬЗОВАНИЮ ПАМЯТНИКОВ ИСТОРИИ И КУЛЬТУРЫ""";"ФЕДЕРАЛЬНОЕ ГОСУДАРСТВЕННОЕ БЮДЖЕТНОЕ УЧРЕЖДЕНИЕ КУЛЬТУРЫ ""АГЕНТСТВО ПО УПРАВЛЕНИЮ И ИСПОЛЬЗОВАНИЮ ПАМЯТНИКОВ ИСТОРИИ И КУЛЬТУРЫ""";15.05.2026;04.06.2026;Закупка завершена;;;01.06.2026;
44-ФЗ;№0190300002126000170;Открытый конкурс в электронной форме;Благоустройство общественной территории: г. Салехард, Спортивно-игровая зона по ул. Матросова (в районе д. 36);;'263890101584089010100101180014399244;;;19271920.48;RUB;0;;;;;;"МУНИЦИПАЛЬНОЕ КАЗЕННОЕ УЧРЕЖДЕНИЕ ""САЛЕХАРДСКАЯ ДИРЕКЦИЯ ГОРОДСКОГО ХОЗЯЙСТВА""";АДМИНИСТРАЦИЯ ГОРОДА САЛЕХАРДА;15.05.2026;04.06.2026;Закупка завершена;;;01.06.2026;
44-ФЗ;№0190300002126000169;Открытый конкурс в электронной форме;Благоустройство общественной территории: г. Салехард, Детская игровая площадка по ул. Подшибякина ( в районе д. 15);;'263890101584089010100101050024399244;;;29449793.05;RUB;0;;;;;;"МУНИЦИПАЛЬНОЕ КАЗЕННОЕ УЧРЕЖДЕНИЕ ""САЛЕХАРДСКАЯ ДИРЕКЦИЯ ГОРОДСКОГО ХОЗЯЙСТВА""";АДМИНИСТРАЦИЯ ГОРОДА САЛЕХАРДА;14.05.2026;04.06.2026;Закупка завершена;;;01.06.2026;
44-ФЗ;№0335200014926001855;Электронный аукцион;на поставку медицинских изделий (салфетка антисептическая);;262390605481139060100100060030000244, 262391400265539140100100090520000244, 262391500472939150100100230012120244, 262392400035039240100100510012120244, 262391800673139180100100430012120244, 263391300262039130100100500010000244, 262391500455039150100100030370000244, 262390602984739060100100060040000244, 262390701212339060100100980012120244, 262390901057039090100100780012120244, 262391101196539110100100910012120244, 263392100192739210100100430012120244, 262391900051739190100100070350000244, 263390100115739010100100580012120244, 262390602923739060100100950012120244, 262391600318939160100100040090000244, 262392300370439230100100060050000244, 263392200071839220100100450070000244, 262391000340039100100100070350000244, 262390605520539060100100030070000244, 262390501046639060100100020070000244, 262391700777139170100100890012120244, 262390696244339060100100300060000244, 262390560677039060100100420012120244, 262391500469439150100100020060000244, 262390501406939060100100620012120244, 262390602669139060100100270012120244, 262390603254339060100101790012120244, 262390200141739020100100880012120244, 262390604048839060100100170010000244, 262390401334439060100100370012120244, 262390401335139060100100540012120244;;;7486296.00;RUB;0;;;;;;;"ГОСУДАРСТВЕННОЕ КАЗЕННОЕ УЧРЕЖДЕНИЕ КАЛИНИНГРАДСКОЙ ОБЛАСТИ ""ЦЕНТР ОБЕСПЕЧЕНИЯ ОРГАНИЗАЦИИ И ПРОВЕДЕНИЯ ТОРГОВ""";18.05.2026;04.06.2026;Закупка завершена;;;01.06.2026;
44-ФЗ;№0348200049726000155;Открытый конкурс в электронной форме;Выполнение работ по круглогодичному содержанию автомобильных дорог регионального или межмуниципального значения Московской области и их элементов (Лот 5);;'262500000152550240100107460014211244;;;71414292.18;RUB;0;;;;;;"ГОСУДАРСТВЕННОЕ БЮДЖЕТНОЕ УЧРЕЖДЕНИЕ МОСКОВСКОЙ ОБЛАСТИ ""МОСАВТОДОР""";"ГОСУДАРСТВЕННОЕ БЮДЖЕТНОЕ УЧРЕЖДЕНИЕ МОСКОВСКОЙ ОБЛАСТИ ""МОСАВТОДОР""";14.05.2026;04.06.2026;Закупка завершена;;;01.06.2026;
44-ФЗ;№0190200000326005728;Электронный аукцион;Оказание услуг по ремонту и техническому обслуживанию оборудования специального назначения;;'262890401271089040100100630013312244;;;31572000.00;RUB;0;;;;;;"ГОСУДАРСТВЕННОЕ БЮДЖЕТНОЕ УЧРЕЖДЕНИЕ ЗДРАВООХРАНЕНИЯ ЯМАЛО-НЕНЕЦКОГО АВТОНОМНОГО ОКРУГА ""НОВОУРЕНГОЙСКАЯ ЦЕНТРАЛЬНАЯ ГОРОДСКАЯ БОЛЬНИЦА""";ДЕПАРТАМЕНТ ГОСУДАРСТВЕННОГО ЗАКАЗА ЯМАЛО-НЕНЕЦКОГО АВТОНОМНОГО ОКРУГА;18.05.2026;04.06.2026;Закупка завершена;;;26.05.2026;
44-ФЗ;№0267100001626000094;Открытый конкурс в электронной форме;Выполнение работ по изготовлению протеза бедра модульного с микропроцессорным управлением, в том числе при недоразвитии конечности в целях социального обеспечения получателя в 2026 году;;'261720210534472030100101230013250323;;;6228500.00;RUB;0;;;;;;ОТДЕЛЕНИЕ ФОНДА ПЕНСИОННОГО И СОЦИАЛЬНОГО СТРАХОВАНИЯ РОССИЙСКОЙ ФЕДЕРАЦИИ ПО ТЮМЕНСКОЙ ОБЛАСТИ;ОТДЕЛЕНИЕ ФОНДА ПЕНСИОННОГО И СОЦИАЛЬНОГО СТРАХОВАНИЯ РОССИЙСКОЙ ФЕДЕРАЦИИ ПО ТЮМЕНСКОЙ ОБЛАСТИ;14.05.2026;04.06.2026;Закупка завершена;;;01.06.2026;
44-ФЗ;№0820500000826002016;Электронный аукцион;Инкубатор для новорожденных закрытого типа;;262650123225065010100102750023250244, 262753601151175360100101850023250244, 262410104196341010100100380013250244, 262254001589425400100100290030000244, 262344390264534430100101430023250244, 262280112372028010100102730020000000, 262450102465945010100100670013250244, 262910206409591020100101180023250244, 262056204455005720100100270023250244;;;64000000.00;RUB;0;;;;;;;"КРАЕВОЕ ГОСУДАРСТВЕННОЕ КАЗЕННОЕ УЧРЕЖДЕНИЕ ""ЦЕНТР ГОСУДАРСТВЕННЫХ ЗАКУПОК ПРИМОРСКОГО КРАЯ""";20.04.2026;04.06.2026;Закупка завершена;;;30.04.2026;
44-ФЗ;№0122600004826000060;Открытый конкурс в электронной форме на проведение работ по строительству, реконструкции, кап. ремонту, сносу объекта кап. строительства в соответствии с п. 8 ч. 1 ст. 33 Закона № 44-ФЗ;Выполнение работ по капитальному ремонту объекта капитального строительства в сфере образования (капитальный ремонт кровли здания Муниципального бюджетного общеобразовательного учреждения средняя общеобразовательная школа поселка Горин Солнечного муниципального округа Хабаровского края)											;;'263271700752527170100100030024120243;;;33935054.13;RUB;0;;;;;;МУНИЦИПАЛЬНОЕ БЮДЖЕТНОЕ ОБЩЕОБРАЗОВАТЕЛЬНОЕ УЧРЕЖДЕНИЕ СРЕДНЯЯ ОБЩЕОБРАЗОВАТЕЛЬНАЯ ШКОЛА ПОСЕЛКА ГОРИН СОЛНЕЧНОГО МУНИЦИПАЛЬНОГО РАЙОНА ХАБАРОВСКОГО КРАЯ;АДМИНИСТРАЦИЯ СОЛНЕЧНОГО МУНИЦИПАЛЬНОГО ОКРУГА ХАБАРОВСКОГО КРАЯ;14.05.2026;04.06.2026;Закупка завершена;;;01.06.2026;
44-ФЗ;№0861600003826000093;Запрос котировок в электронной форме;Приобретение жилого помещения (квартиры) на первичном рынке на территории Углегорского муниципального округа Сахалинской области;;'263650800290865080100100280016810412;;;9732622.50;RUB;0;;;;;;КОМИТЕТ ПО УПРАВЛЕНИЮ МУНИЦИПАЛЬНОЙ СОБСТВЕННОСТЬЮ УГЛЕГОРСКОГО МУНИЦИПАЛЬНОГО ОКРУГА САХАЛИНСКОЙ ОБЛАСТИ;"МУНИЦИПАЛЬНОЕ КАЗЕННОЕ УЧРЕЖДЕНИЕ ""КОНТРАКТНАЯ СЛУЖБА"" УГЛЕГОРСКОГО МУНИЦИПАЛЬНОГО ОКРУГА";21.05.2026;04.06.2026;Определение поставщика отменено;;;29.05.2026;
44-ФЗ;№0861600003826000092;Запрос котировок в электронной форме;Приобретение жилого помещения (квартиры) на первичном рынке на территории Углегорского муниципального округа Сахалинской области;;'263650800290865080100100400016810412;;;9732622.50;RUB;0;;;;;;КОМИТЕТ ПО УПРАВЛЕНИЮ МУНИЦИПАЛЬНОЙ СОБСТВЕННОСТЬЮ УГЛЕГОРСКОГО МУНИЦИПАЛЬНОГО ОКРУГА САХАЛИНСКОЙ ОБЛАСТИ;"МУНИЦИПАЛЬНОЕ КАЗЕННОЕ УЧРЕЖДЕНИЕ ""КОНТРАКТНАЯ СЛУЖБА"" УГЛЕГОРСКОГО МУНИЦИПАЛЬНОГО ОКРУГА";21.05.2026;04.06.2026;Определение поставщика отменено;;;29.05.2026;
44-ФЗ;№0861600003826000091;Запрос котировок в электронной форме;Приобретение жилого помещения (квартиры) на первичном рынке на территории Углегорского муниципального округа Сахалинской области;;'263650800290865080100100060046810412;;;9716950.00;RUB;0;;;;;;КОМИТЕТ ПО УПРАВЛЕНИЮ МУНИЦИПАЛЬНОЙ СОБСТВЕННОСТЬЮ УГЛЕГОРСКОГО МУНИЦИПАЛЬНОГО ОКРУГА САХАЛИНСКОЙ ОБЛАСТИ;"МУНИЦИПАЛЬНОЕ КАЗЕННОЕ УЧРЕЖДЕНИЕ ""КОНТРАКТНАЯ СЛУЖБА"" УГЛЕГОРСКОГО МУНИЦИПАЛЬНОГО ОКРУГА";21.05.2026;04.06.2026;Определение поставщика отменено;;;29.05.2026;
44-ФЗ;№0861600003826000089;Запрос котировок в электронной форме;Приобретение жилого помещения (квартиры) на первичном рынке на территории Углегорского муниципального округа Сахалинской области;;'263650800290865080100100210016810412;;;9716950.00;RUB;0;;;;;;КОМИТЕТ ПО УПРАВЛЕНИЮ МУНИЦИПАЛЬНОЙ СОБСТВЕННОСТЬЮ УГЛЕГОРСКОГО МУНИЦИПАЛЬНОГО ОКРУГА САХАЛИНСКОЙ ОБЛАСТИ;"МУНИЦИПАЛЬНОЕ КАЗЕННОЕ УЧРЕЖДЕНИЕ ""КОНТРАКТНАЯ СЛУЖБА"" УГЛЕГОРСКОГО МУНИЦИПАЛЬНОГО ОКРУГА";21.05.2026;04.06.2026;Определение поставщика отменено;;;29.05.2026;
44-ФЗ;№0133200001726001508;Электронный аукцион на проведение работ по строительству, реконструкции, кап. ремонту, сносу объекта кап. строительства в соответствии с п. 8 ч. 1 ст. 33 Закона № 44-ФЗ;"Капитальный ремонт помещений объекта культурного наследия местного (муниципального) значения ""Школа для мальчиков и богадельня"", расположенного по адресу: г. Тейково, ул. Октябрьская, д. 3";;'263370400360637040100100290024391243;;;11000000.00;RUB;0;;;;;;МУНИЦИПАЛЬНОЕ БЮДЖЕТНОЕ ОБЩЕОБРАЗОВАТЕЛЬНОЕ УЧРЕЖДЕНИЕ СРЕДНЯЯ ШКОЛА № 4;ДЕПАРТАМЕНТ КОНКУРСОВ И АУКЦИОНОВ ИВАНОВСКОЙ ОБЛАСТИ;20.05.2026;03.06.2026;Закупка завершена;;;01.06.2026;
44-ФЗ;№0848300053826000184;Открытый конкурс в электронной форме;Выполнение работ по устройству архитектурно-художественной подсветки на территории городского округа Лобня;;'263502500456750250100100660014321244;;;9994975.00;RUB;0;;;;;;АДМИНИСТРАЦИЯ ГОРОДСКОГО ОКРУГА ЛОБНЯ;"МУНИЦИПАЛЬНОЕ КАЗЕННОЕ УЧРЕЖДЕНИЕ ""ЛОБНЕНСКИЙ ЦЕНТР ЗАКУПОК""";15.05.2026;03.06.2026;Определение поставщика отменено;;;01.06.2026;
44-ФЗ;№0310200000326001361;Открытый конкурс в электронной форме;Разработка документации по организации дорожного движения на автомобильных дорогах регионального и межмуниципального значения Республики Северная Осетия - Алания.;;'262151591293015150100100220014211244;;;29714635.00;RUB;0;;;;;;КОМИТЕТ ДОРОЖНОГО ХОЗЯЙСТВА РЕСПУБЛИКИ СЕВЕРНАЯ ОСЕТИЯ-АЛАНИЯ;УПРАВЛЕНИЕ РЕСПУБЛИКИ СЕВЕРНАЯ ОСЕТИЯ-АЛАНИЯ ПО ПРОВЕДЕНИЮ ЗАКУПОК ДЛЯ ГОСУДАРСТВЕННЫХ НУЖД;16.04.2026;03.06.2026;Закупка завершена;;;04.05.2026;
44-ФЗ;№0172200002526000193;Электронный аукцион;Выполнение работ по благоустройству и озеленению территории внутригородского образования города федерального значения Санкт-Петербурга муниципальный округ Правобережный в 2026 году по адресам: ул. Ворошилова, д. 11, лит. А, ул. Латышских Стрелков, д. 17, корп. 1, лит. А,;;'263781107500078110100100040010000244;;;149184491.37;RUB;0;;;;;;МЕСТНАЯ АДМИНИСТРАЦИЯ ВНУТРИГОРОДСКОГО МУНИЦИПАЛЬНОГО ОБРАЗОВАНИЯ ГОРОДА ФЕДЕРАЛЬНОГО ЗНАЧЕНИЯ САНКТ-ПЕТЕРБУРГА МУНИЦИПАЛЬНЫЙ ОКРУГ ПРАВОБЕРЕЖНЫЙ;КОМИТЕТ ПО ГОСУДАРСТВЕННОМУ ЗАКАЗУ САНКТ-ПЕТЕРБУРГА;20.04.2026;03.06.2026;Закупка завершена;;;27.05.2026;
44-ФЗ;№0373100099326000003;Электронный аукцион;Поставка проекторов и их принадлежностей для проведения спектаклей МХАТ имени А.П. Чехова;;'261771005992577100100100110010000244;;;19673115.00;RUB;0;;;;;;"ФЕДЕРАЛЬНОЕ ГОСУДАРСТВЕННОЕ БЮДЖЕТНОЕ УЧРЕЖДЕНИЕ КУЛЬТУРЫ ""МОСКОВСКИЙ ХУДОЖЕСТВЕННЫЙ АКАДЕМИЧЕСКИЙ ТЕАТР ИМЕНИ А.П. ЧЕХОВА""";"ФЕДЕРАЛЬНОЕ ГОСУДАРСТВЕННОЕ БЮДЖЕТНОЕ УЧРЕЖДЕНИЕ КУЛЬТУРЫ ""МОСКОВСКИЙ ХУДОЖЕСТВЕННЫЙ АКАДЕМИЧЕСКИЙ ТЕАТР ИМЕНИ А.П. ЧЕХОВА""";22.05.2026;03.06.2026;Закупка завершена;;;01.06.2026;
44-ФЗ;№0573100009726000004;Электронный аукцион;"Поставка электроэрозионного копировально-прошивного станка в рамках реализации инвестиционного проекта ""Строительство, реконструкция и техническое перевооружение многофункционального производственного комплекса ФГУП «НПП «Гамма», г. Москва""";;'261772804437377280100100200010000000;;;38512366.67;RUB;0;;;;;;МИНИСТЕРСТВО ПРОМЫШЛЕННОСТИ И ТОРГОВЛИ РОССИЙСКОЙ ФЕДЕРАЦИИ;"ФЕДЕРАЛЬНОЕ ГОСУДАРСТВЕННОЕ УНИТАРНОЕ ПРЕДПРИЯТИЕ ""НАУЧНО-ПРОИЗВОДСТВЕННОЕ ПРЕДПРИЯТИЕ ""ГАММА""";22.05.2026;03.06.2026;Закупка завершена;;;01.06.2026;
44-ФЗ;№0335200014926001752;Открытый конкурс в электронной форме;Оказание услуг по организации питания пациентов для нужд Государственного бюджетного учреждения здравоохранения «Областная клиническая больница Калининградской области»;;'262390603079339060100101600015629244;;;75766932.00;RUB;0;;;;;;"ГОСУДАРСТВЕННОЕ БЮДЖЕТНОЕ УЧРЕЖДЕНИЕ ЗДРАВООХРАНЕНИЯ ""ОБЛАСТНАЯ КЛИНИЧЕСКАЯ БОЛЬНИЦА КАЛИНИНГРАДСКОЙ ОБЛАСТИ""";"ГОСУДАРСТВЕННОЕ КАЗЕННОЕ УЧРЕЖДЕНИЕ КАЛИНИНГРАДСКОЙ ОБЛАСТИ ""ЦЕНТР ОБЕСПЕЧЕНИЯ ОРГАНИЗАЦИИ И ПРОВЕДЕНИЯ ТОРГОВ""";13.05.2026;03.06.2026;Закупка завершена;;;01.06.2026;
44-ФЗ;№0335200014926001837;Электронный аукцион;на поставку медицинских изделий (набор базовый для внутривенных вливаний);;262390801098639060100100090050000244, 262390696244339060100100300020000244, 262391800673139180100100320013250244, 262390200141739020100100700013250244, 262390701238839060100100280013250244, 262391100843339110100100070110000244, 262390501046639060100100020030000244, 262392000119139200100100420013250244, 262390901057039090100100720013250244, 262391500469439150100100030013250244, 262390602923739060100100830013250244, 262391900051739190100100070310000244, 262391600318939160100100040060000244, 263391300262039130100100400043250244, 263390100115739010100100530013250244, 262392400035039240100100440013250244, 262391101196539110100100780013250244, 262391500472939150100100190013250244, 263392200071839220100100450040000244, 262391700777139170100100710013250244, 262390602984739060100100060010000244, 262390604084039060100101320013250244, 262391000340039100100100070300000244, 262390603254339060100101580013250244, 262390401334439060100100270013250244, 262391400265539140100100090470000244, 263392100192739210100100360013250244, 262390560677039060100100330013250244, 262391500455039150100100030310000244, 262390701212339060100100860013250244, 262390603079339060100101360013250244;;;14869590.00;RUB;0;;;;;;;"ГОСУДАРСТВЕННОЕ КАЗЕННОЕ УЧРЕЖДЕНИЕ КАЛИНИНГРАДСКОЙ ОБЛАСТИ ""ЦЕНТР ОБЕСПЕЧЕНИЯ ОРГАНИЗАЦИИ И ПРОВЕДЕНИЯ ТОРГОВ""";18.05.2026;03.06.2026;Закупка завершена;;;01.06.2026;
44-ФЗ;№0335200014926001738;Открытый конкурс в электронной форме;Оказание услуг по организации питания пациентов для нужд Государственного бюджетного учреждения здравоохранения Калининградской области «Центральная городская клиническая больница»;;'262390801098639060100100540015629244;;;45151440.00;RUB;0;;;;;;"ГОСУДАРСТВЕННОЕ БЮДЖЕТНОЕ УЧРЕЖДЕНИЕ ЗДРАВООХРАНЕНИЯ КАЛИНИНГРАДСКОЙ ОБЛАСТИ ""ЦЕНТРАЛЬНАЯ ГОРОДСКАЯ КЛИНИЧЕСКАЯ БОЛЬНИЦА""";"ГОСУДАРСТВЕННОЕ КАЗЕННОЕ УЧРЕЖДЕНИЕ КАЛИНИНГРАДСКОЙ ОБЛАСТИ ""ЦЕНТР ОБЕСПЕЧЕНИЯ ОРГАНИЗАЦИИ И ПРОВЕДЕНИЯ ТОРГОВ""";12.05.2026;03.06.2026;Закупка завершена;;;29.05.2026;
223-ФЗ;№32615980608;Иной способ;"Выполнение работ по строительству (устройству) парковки автотранспорта на территории торгового комплекса для нужд ООО ""Запсибгазторг"" 0095/26/2.1/00049461/Запсибгазтор/К/ГОС/Э/05.05.2026";;;1;"Выполнение работ по строительству (устройству) парковки автотранспорта на территории торгового комплекса для нужд ООО ""Запсибгазторг"" 0095/26/2.1/00049461/Запсибгазтор/К/ГОС/Э/05.05.2026";34420165.24;RUB;34420165.24;;;;42.11.20.190: Работы строительные по строительству прочих автомобильных дорог;;"ОБЩЕСТВО С ОГРАНИЧЕННОЙ ОТВЕТСТВЕННОСТЬЮ ""ЗАПСИБГАЗТОРГ""";"АКЦИОНЕРНОЕ ОБЩЕСТВО ""ГАЗПРОМ ЗАКУПКИ""";05.05.2026;03.06.2026;Закупка завершена;;;15.05.2026 12:00;
44-ФЗ;№0815500000526006411;Открытый конкурс в электронной форме на проведение работ по строительству, реконструкции, кап. ремонту, сносу объекта кап. строительства в соответствии с п. 8 ч. 1 ст. 33 Закона № 44-ФЗ;Строительство системы водоснабжения с. Атнары Красночетайского района Чувашской Республики;;'263210000294321000100100350014221414;;;152175860.00;RUB;0;;;;;;АДМИНИСТРАЦИЯ КРАСНОЧЕТАЙСКОГО МУНИЦИПАЛЬНОГО ОКРУГА ЧУВАШСКОЙ РЕСПУБЛИКИ;"КАЗЕННОЕ УЧРЕЖДЕНИЕ ЧУВАШСКОЙ РЕСПУБЛИКИ ""РЕГИОНАЛЬНЫЙ ЦЕНТР ЗАКУПОК ЧУВАШСКОЙ РЕСПУБЛИКИ""";30.04.2026;03.06.2026;Закупка завершена;;;19.05.2026;
44-ФЗ;№0372200225426000015;Открытый конкурс в электронной форме;Выполнение работ по разработке творческой концепции и проектной документации реэкспозиции СПб ГБУК «Государственный мемориальный музей А.В. Суворова»;;'262781501676778420100100470010000244;;;8650000.00;RUB;0;;;;;;"САНКТ-ПЕТЕРБУРГСКОЕ ГОСУДАРСТВЕННОЕ БЮДЖЕТНОЕ УЧРЕЖДЕНИЕ КУЛЬТУРЫ ""ГОСУДАРСТВЕННЫЙ МЕМОРИАЛЬНЫЙ МУЗЕЙ А.В. СУВОРОВА""";"САНКТ-ПЕТЕРБУРГСКОЕ ГОСУДАРСТВЕННОЕ БЮДЖЕТНОЕ УЧРЕЖДЕНИЕ КУЛЬТУРЫ ""ГОСУДАРСТВЕННЫЙ МЕМОРИАЛЬНЫЙ МУЗЕЙ А.В. СУВОРОВА""";07.05.2026;03.06.2026;Закупка завершена;;;25.05.2026;
44-ФЗ;№0373200016726000211;Электронный аукцион;"Оказание услуг по санитарному содержанию и уборке помещений в зданиях ГБУЗ ""ИКБ №1 ДЗМ""";;'262773305127077330100102180010000244;;;22356559.70;RUB;0;;;;;;"ГОСУДАРСТВЕННОЕ БЮДЖЕТНОЕ УЧРЕЖДЕНИЕ ЗДРАВООХРАНЕНИЯ ГОРОДА МОСКВЫ ""ИНФЕКЦИОННАЯ КЛИНИЧЕСКАЯ БОЛЬНИЦА № 1 ДЕПАРТАМЕНТА ЗДРАВООХРАНЕНИЯ ГОРОДА МОСКВЫ""";"ГОСУДАРСТВЕННОЕ БЮДЖЕТНОЕ УЧРЕЖДЕНИЕ ЗДРАВООХРАНЕНИЯ ГОРОДА МОСКВЫ ""ИНФЕКЦИОННАЯ КЛИНИЧЕСКАЯ БОЛЬНИЦА № 1 ДЕПАРТАМЕНТА ЗДРАВООХРАНЕНИЯ ГОРОДА МОСКВЫ""";18.05.2026;03.06.2026;Закупка завершена;;;26.05.2026;
44-ФЗ;№0310200000326001906;Запрос котировок в электронной форме;Поставка реагентов для КДЛ (К биохимическому анализатору Dirui 400, находящемуся в наличии у Заказчика);;'262150400123815130100100960010000244;;;5482473.05;RUB;0;;;;;;"ГОСУДАРСТВЕННОЕ БЮДЖЕТНОЕ УЧРЕЖДЕНИЕ ЗДРАВООХРАНЕНИЯ  ""РЕСПУБЛИКАНСКАЯ КЛИНИЧЕСКАЯ БОЛЬНИЦА"" МИНИСТЕРСТВА ЗДРАВООХРАНЕНИЯ РЕСПУБЛИКИ СЕВЕРНАЯ ОСЕТИЯ-АЛАНИЯ";УПРАВЛЕНИЕ РЕСПУБЛИКИ СЕВЕРНАЯ ОСЕТИЯ-АЛАНИЯ ПО ПРОВЕДЕНИЮ ЗАКУПОК ДЛЯ ГОСУДАРСТВЕННЫХ НУЖД;25.05.2026;03.06.2026;Закупка завершена;;;01.06.2026;
44-ФЗ;№0818500000826002645;Открытый конкурс в электронной форме на проведение работ по строительству, реконструкции, кап. ремонту, сносу объекта кап. строительства в соответствии с п. 8 ч. 1 ст. 33 Закона № 44-ФЗ;Капитальный ремонт водопроводных сетей в п.Рассвет Староминского района;;'263235001153123500100100110024221243;;;37934960.35;RUB;0;;;;;;"МУНИЦИПАЛЬНОЕ КАЗЕННОЕ УЧРЕЖДЕНИЕ ""УПРАВЛЕНИЕ КАПИТАЛЬНОГО СТРОИТЕЛЬСТВА АДМИНИСТРАЦИИ МУНИЦИПАЛЬНОГО ОБРАЗОВАНИЯ СТАРОМИНСКИЙ РАЙОН""";"ГОСУДАРСТВЕННОЕ КАЗЕННОЕ УЧРЕЖДЕНИЕ КРАСНОДАРСКОГО КРАЯ ""ДИРЕКЦИЯ ГОСУДАРСТВЕННЫХ ЗАКУПОК""";24.04.2026;03.06.2026;Закупка завершена;;;12.05.2026;
44-ФЗ;№0148300007026000019;Открытый конкурс в электронной форме;Выполнение работ по благоустройству общественной территории, в том числе по проектированию: Московская область, городской округ Молодёжный, п. Молодёжный, д. 33/1;;'263503000788450300100100490010000244;;;41994969.42;RUB;0;;;;;;АДМИНИСТРАЦИЯ ЗАКРЫТОГО АДМИНИСТРАТИВНО-ТЕРРИТОРИАЛЬНОГО ОБРАЗОВАНИЯ ГОРОДСКОЙ ОКРУГ МОЛОДЁЖНЫЙ МОСКОВСКОЙ ОБЛАСТИ;АДМИНИСТРАЦИЯ ЗАКРЫТОГО АДМИНИСТРАТИВНО-ТЕРРИТОРИАЛЬНОГО ОБРАЗОВАНИЯ ГОРОДСКОЙ ОКРУГ МОЛОДЁЖНЫЙ МОСКОВСКОЙ ОБЛАСТИ;14.05.2026;03.06.2026;Закупка завершена;;;01.06.2026;
44-ФЗ;№0335200014926001928;Электронный аукцион;Благоустройство территории для создания современного облика площади Черняховского к 80-летию Калининградской области по адресу: обл. Калининградская, г. Черняховск, ул. Гусевское шоссе, 1 а;;'263391400331339140100100140024399244;;;12000000.00;RUB;0;;;;;;"АДМИНИСТРАЦИЯ МУНИЦИПАЛЬНОГО ОБРАЗОВАНИЯ ""ЧЕРНЯХОВСКИЙ МУНИЦИПАЛЬНЫЙ ОКРУГ КАЛИНИНГРАДСКОЙ ОБЛАСТИ""";"ГОСУДАРСТВЕННОЕ КАЗЕННОЕ УЧРЕЖДЕНИЕ КАЛИНИНГРАДСКОЙ ОБЛАСТИ ""ЦЕНТР ОБЕСПЕЧЕНИЯ ОРГАНИЗАЦИИ И ПРОВЕДЕНИЯ ТОРГОВ""";22.05.2026;03.06.2026;Закупка завершена;;;01.06.2026;
44-ФЗ;№0373200174826000004;Электронный аукцион;Оказание услуг по уборке внутренних помещений;;262771819788577180100100270010000244, 262771810692077180100100390010000244;;;18383833.80;RUB;0;;;;;;;"ГОСУДАРСТВЕННОЕ БЮДЖЕТНОЕ ОБЩЕОБРАЗОВАТЕЛЬНОЕ УЧРЕЖДЕНИЕ ГОРОДА МОСКВЫ ""ШКОЛА № 368 ""ЛОСИНЫЙ ОСТРОВ""";22.05.2026;03.06.2026;Закупка завершена;;;01.06.2026;
223-ФЗ;№32616003741;Иной способ;Выполнение работ по проектированию и строительству объекта: Реконструкция: ВЛ-10 кВ, ВЛ-0,4 кВ. Строительство: ВЛ-10 кВ, ЛР-10 кВ, ТП-10/0,4 кВ, ВЛ-0,4 кВ для обеспечения технологического присоединения энергопринимающих устройств заявителей. Очередь 226, Ц-36027, Ц-36070, Ц-36062, Ц-36169, Ц-36248, Ц-36309, Ц-36573, Ц-36728, Ц-37579, Ц-37906, Ц-38032. (Технологическое присоединение - до 15 кВт) (Г) для нужд филиала ПАО «Россети Центр» (филиала «Курскэнерго»);;;1;Выполнение работ по проектированию и строительству объекта: Реконструкция: ВЛ-10 кВ, ВЛ-0,4 кВ. Строительство: ВЛ-10 кВ, ЛР-10 кВ, ТП-10/0,4 кВ, ВЛ-0,4 кВ для обеспечения технологического присоединения энергопринимающих устройств заявителей. Очередь 226, Ц-36027, Ц-36070, Ц-36062, Ц-36169, Ц-36248, Ц-36309, Ц-36573, Ц-36728, Ц-37579, Ц-37906, Ц-38032. (Технологическое присоединение - до 15 кВт) (Г) для нужд филиала ПАО «Россети Центр» (филиала «Курскэнерго»);20049370.20;RUB;20049370.20;;;;71.12.13.000: Услуги по инженерно-техническому проектированию систем энергоснабжения,42.22.22.110: Работы строительные по прокладке местных линий электропередачи и связи над землей или под землей;;"ПУБЛИЧНОЕ АКЦИОНЕРНОЕ ОБЩЕСТВО ""РОССЕТИ ЦЕНТР""";"ПУБЛИЧНОЕ АКЦИОНЕРНОЕ ОБЩЕСТВО ""РОССЕТИ ЦЕНТР""";13.05.2026;03.06.2026;Закупка завершена;;;26.05.2026 10:00;
44-ФЗ;№0818500000826003085;Открытый конкурс в электронной форме;"Услуга по организации и проведению фестиваля «Черноморская винная неделя»; шифр регионального проекта Краснодарского края 00П1015202041";;'262230700006823100100100580019329244;;;33200150.00;RUB;0;;;;;;МИНИСТЕРСТВО КУРОРТОВ, ТУРИЗМА И ОЛИМПИЙСКОГО НАСЛЕДИЯ КРАСНОДАРСКОГО КРАЯ;"ГОСУДАРСТВЕННОЕ КАЗЕННОЕ УЧРЕЖДЕНИЕ КРАСНОДАРСКОГО КРАЯ ""ДИРЕКЦИЯ ГОСУДАРСТВЕННЫХ ЗАКУПОК""";13.05.2026;03.06.2026;Закупка завершена;;;29.05.2026;
44-ФЗ;№0818500000826003321;Электронный аукцион;Поставка медицинских изделий (Набор для дренирования плевральной полости);;'262231104008823110100110510013250244;;;5353740.00;RUB;0;;;;;;"ГОСУДАРСТВЕННОЕ БЮДЖЕТНОЕ УЧРЕЖДЕНИЕ ЗДРАВООХРАНЕНИЯ ""НАУЧНО-ИССЛЕДОВАТЕЛЬСКИЙ ИНСТИТУТ - КРАЕВАЯ КЛИНИЧЕСКАЯ БОЛЬНИЦА № 1 ИМЕНИ ПРОФЕССОРА С.В.ОЧАПОВСКОГО"" МИНИСТЕРСТВА ЗДРАВООХРАНЕНИЯ КРАСНОДАРСКОГО КРАЯ";"ГОСУДАРСТВЕННОЕ КАЗЕННОЕ УЧРЕЖДЕНИЕ КРАСНОДАРСКОГО КРАЯ ""ДИРЕКЦИЯ ГОСУДАРСТВЕННЫХ ЗАКУПОК""";22.05.2026;03.06.2026;Закупка завершена;;;01.06.2026;
44-ФЗ;№0818500000826003057;Открытый конкурс в электронной форме на проведение работ по строительству, реконструкции, кап. ремонту, сносу объекта кап. строительства в соответствии с п. 8 ч. 1 ст. 33 Закона № 44-ФЗ;Капитальный ремонт автомобильной дороги по ул. Мира (устройство тротуара) от домовладения № 1 до домовладения № 45 в х.Фадеевский Белореченского района Краснодарского края;;'263230302353023030100100040014211243;;;13298969.08;RUB;0;;;;;;АДМИНИСТРАЦИЯ ПШЕХСКОГО СЕЛЬСКОГО ПОСЕЛЕНИЯ БЕЛОРЕЧЕНСКОГО МУНИЦИПАЛЬНОГО РАЙОНА КРАСНОДАРСКОГО КРАЯ;"ГОСУДАРСТВЕННОЕ КАЗЕННОЕ УЧРЕЖДЕНИЕ КРАСНОДАРСКОГО КРАЯ ""ДИРЕКЦИЯ ГОСУДАРСТВЕННЫХ ЗАКУПОК""";12.05.2026;03.06.2026;Закупка завершена;;;29.05.2026;
44-ФЗ;№0818500000826003355;Электронный аукцион;Поставка медицинских изделий для клинико-диагностической лаборатории на  анализатор глюкозы и лактата Biosen;;'262231101050223110100105310012120244;;;7230699.38;RUB;0;;;;;;"ГОСУДАРСТВЕННОЕ БЮДЖЕТНОЕ УЧРЕЖДЕНИЕ ЗДРАВООХРАНЕНИЯ ""КРАЕВАЯ КЛИНИЧЕСКАЯ БОЛЬНИЦА № 2"" МИНИСТЕРСТВА ЗДРАВООХРАНЕНИЯ КРАСНОДАРСКОГО КРАЯ";"ГОСУДАРСТВЕННОЕ КАЗЕННОЕ УЧРЕЖДЕНИЕ КРАСНОДАРСКОГО КРАЯ ""ДИРЕКЦИЯ ГОСУДАРСТВЕННЫХ ЗАКУПОК""";22.05.2026;03.06.2026;Закупка завершена;;;01.06.2026;
44-ФЗ;№0818500000826003349;Электронный аукцион;Поставка реагентов для клинико-диагностической лаборатории (для анализатора серии CL);;'263230908178523110100100820012120244;;;12276396.00;RUB;0;;;;;;"ГОСУДАРСТВЕННОЕ БЮДЖЕТНОЕ УЧРЕЖДЕНИЕ ЗДРАВООХРАНЕНИЯ ""ДЕТСКАЯ ГОРОДСКАЯ КЛИНИЧЕСКАЯ БОЛЬНИЦА ГОРОДА КРАСНОДАРА"" МИНИСТЕРСТВА ЗДРАВООХРАНЕНИЯ КРАСНОДАРСКОГО КРАЯ";"ГОСУДАРСТВЕННОЕ КАЗЕННОЕ УЧРЕЖДЕНИЕ КРАСНОДАРСКОГО КРАЯ ""ДИРЕКЦИЯ ГОСУДАРСТВЕННЫХ ЗАКУПОК""";22.05.2026;03.06.2026;Закупка завершена;;;01.06.2026;
44-ФЗ;№0318300537426000158;Электронный аукцион;Оказание услуг по углубленному медицинскому обследованию;;'263230104717223010100100100018621244;;;5523186.29;RUB;0;;;;;;"МУНИЦИПАЛЬНОЕ БЮДЖЕТНОЕ УЧРЕЖДЕНИЕ ДОПОЛНИТЕЛЬНОГО ОБРАЗОВАНИЯ ""СПОРТИВНАЯ ШКОЛА ОЛИМПИЙСКОГО РЕЗЕРВА № 1"" УПРАВЛЕНИЯ ПО ФИЗИЧЕСКОЙ КУЛЬТУРЕ И СПОРТУ АДМИНИСТРАЦИИ МУНИЦИПАЛЬНОГО ОБРАЗОВАНИЯ ГОРОД-КУРОРТ АНАПА ИМЕНИ ЗАСЛУЖЕННОГО ТРЕНЕРА РСФСР, ЗАСЛУЖЕННОГО РАБОТНИКА ФИЗИЧЕСКОЙ КУЛЬТУРЫ РОССИЙСКОЙ ФЕДЕРАЦИИ ВИКТОРА ИВАНОВИЧА ЛЕЩЕНКО";УПРАВЛЕНИЕ ЗАКУПОК АДМИНИСТРАЦИИ МУНИЦИПАЛЬНОГО ОБРАЗОВАНИЯ ГОРОД-КУРОРТ АНАПА;22.05.2026;03.06.2026;Закупка завершена;;;01.06.2026;
44-ФЗ;№0858300003326000003;Электронный аукцион;Уборка территории, прилегающей к муниципальным контейнерным площадкам;;'263614000301061400100100240018129244;;;10808262.00;RUB;0;;;;;;"МУНИЦИПАЛЬНОЕ КАЗЕННОЕ УЧРЕЖДЕНИЕ Г. АЗОВА ""ДЕПАРТАМЕНТ ЖИЛИЩНО-КОММУНАЛЬНОГО ХОЗЯЙСТВА""";"МУНИЦИПАЛЬНОЕ КАЗЕННОЕ УЧРЕЖДЕНИЕ Г. АЗОВА ""ДЕПАРТАМЕНТ ЖИЛИЩНО-КОММУНАЛЬНОГО ХОЗЯЙСТВА""";20.05.2026;03.06.2026;Закупка завершена;;;28.05.2026;
44-ФЗ;№0373200024426000810;Электронный аукцион;Электронный аукцион на поставку расходных материалов для оперблока;;'262772000185077200100108340010000244;;;9999990.00;RUB;0;;;;;;"ГОСУДАРСТВЕННОЕ БЮДЖЕТНОЕ УЧРЕЖДЕНИЕ ЗДРАВООХРАНЕНИЯ ГОРОДА МОСКВЫ ""ГОРОДСКАЯ КЛИНИЧЕСКАЯ БОЛЬНИЦА № 15 ИМЕНИ О.М. ФИЛАТОВА ДЕПАРТАМЕНТА ЗДРАВООХРАНЕНИЯ ГОРОДА МОСКВЫ""";"ГОСУДАРСТВЕННОЕ БЮДЖЕТНОЕ УЧРЕЖДЕНИЕ ЗДРАВООХРАНЕНИЯ ГОРОДА МОСКВЫ ""ГОРОДСКАЯ КЛИНИЧЕСКАЯ БОЛЬНИЦА № 15 ИМЕНИ О.М. ФИЛАТОВА ДЕПАРТАМЕНТА ЗДРАВООХРАНЕНИЯ ГОРОДА МОСКВЫ""";22.05.2026;03.06.2026;Закупка завершена;;;01.06.2026;
44-ФЗ;№0127200000226003196;Электронный аукцион;Поставка и монтаж быстровозводимой модульной конструкции фельдшерского пункта в п. Батагово Брянского района;;'262320700399832070100101550012511244;;;6530000.00;RUB;0;;;;;;"ГОСУДАРСТВЕННОЕ БЮДЖЕТНОЕ УЧРЕЖДЕНИЕ ЗДРАВООХРАНЕНИЯ ""БРЯНСКАЯ МЕЖРАЙОННАЯ БОЛЬНИЦА""";УПРАВЛЕНИЕ ГОСУДАРСТВЕННЫХ ЗАКУПОК БРЯНСКОЙ ОБЛАСТИ;22.05.2026;03.06.2026;Закупка завершена;;;01.06.2026;
44-ФЗ;№0133200001726001529;Электронный аукцион;Поставка лекарственного препарата для медицинского применения (МНН – Аллерген туберкулезный рекомбинантный в стандартном разведении) для государственных нужд Ивановской области;;'262372901059537020100100140012120244;;;6367120.92;RUB;0;;;;;;ДЕПАРТАМЕНТ ЗДРАВООХРАНЕНИЯ ИВАНОВСКОЙ ОБЛАСТИ;ДЕПАРТАМЕНТ КОНКУРСОВ И АУКЦИОНОВ ИВАНОВСКОЙ ОБЛАСТИ;22.05.2026;03.06.2026;Закупка завершена;;;01.06.2026;
44-ФЗ;№0375100002026000005;Электронный аукцион на проведение работ по строительству, реконструкции, кап. ремонту, сносу объекта кап. строительства в соответствии с п. 8 ч. 1 ст. 33 Закона № 44-ФЗ;"Капитальный ремонт асфальтобетонного покрытия для установки оборудования учебного корпуса ФГБОУ ВО ""КГМТУ"" по адресу: Республика Крым, г. Керчь, ул. Орджоникидзе, 123";;'261911101309791110100100030014120243;;;5140465.00;RUB;0;;;;;;"ФЕДЕРАЛЬНОЕ ГОСУДАРСТВЕННОЕ БЮДЖЕТНОЕ ОБРАЗОВАТЕЛЬНОЕ УЧРЕЖДЕНИЕ ВЫСШЕГО ОБРАЗОВАНИЯ ""КЕРЧЕНСКИЙ ГОСУДАРСТВЕННЫЙ МОРСКОЙ ТЕХНОЛОГИЧЕСКИЙ УНИВЕРСИТЕТ""";"ФЕДЕРАЛЬНОЕ ГОСУДАРСТВЕННОЕ БЮДЖЕТНОЕ ОБРАЗОВАТЕЛЬНОЕ УЧРЕЖДЕНИЕ ВЫСШЕГО ОБРАЗОВАНИЯ ""КЕРЧЕНСКИЙ ГОСУДАРСТВЕННЫЙ МОРСКОЙ ТЕХНОЛОГИЧЕСКИЙ УНИВЕРСИТЕТ""";09.04.2026;03.06.2026;Закупка завершена;;;17.04.2026;
44-ФЗ;№0373100076626000005;Электронный аукцион;"Поставка мебели  и товаров бытового назначения для оснащения общежития со спорткомплексом федерального государственного образовательного учреждения высшего образования ""Российский экономический университет имени Г.В. Плеханова"" по адресу: г. Москва, Большой Строченовский пер., д. 9; Поставка мебели и товаров бытового назначения для оснащения общежития со спорткомплексом федерального государственного образовательного учреждения высшего образования ""Российский экономический университет имени Г.В. Плеханова"" ";;'261770504349377050100100170010000244;;;94672132.86;RUB;0;;;;;;"ФЕДЕРАЛЬНОЕ ГОСУДАРСТВЕННОЕ БЮДЖЕТНОЕ ОБРАЗОВАТЕЛЬНОЕ УЧРЕЖДЕНИЕ ВЫСШЕГО ОБРАЗОВАНИЯ ""РОССИЙСКИЙ ЭКОНОМИЧЕСКИЙ УНИВЕРСИТЕТ ИМЕНИ Г.В. ПЛЕХАНОВА""";"ФЕДЕРАЛЬНОЕ ГОСУДАРСТВЕННОЕ БЮДЖЕТНОЕ ОБРАЗОВАТЕЛЬНОЕ УЧРЕЖДЕНИЕ ВЫСШЕГО ОБРАЗОВАНИЯ ""РОССИЙСКИЙ ЭКОНОМИЧЕСКИЙ УНИВЕРСИТЕТ ИМЕНИ Г.В. ПЛЕХАНОВА""";07.05.2026;03.06.2026;Закупка завершена;;;18.05.2026;
44-ФЗ;№0133200001726001373;Открытый конкурс в электронной форме на проведение работ по строительству, реконструкции, кап. ремонту, сносу объекта кап. строительства в соответствии с п. 8 ч. 1 ст. 33 Закона № 44-ФЗ;"Разработка проектной документации и капитальный ремонт объектов недвижимого имущества медицинских организаций (Поликлиника ОБУЗ ""Приволжская центральная районная больница"").";;'262370255934937020100100100020000243;;;56209558.00;RUB;0;;;;;;"БЮДЖЕТНОЕ ГОСУДАРСТВЕННОЕ УЧРЕЖДЕНИЕ ""АГЕНТСТВО КАПИТАЛЬНОГО СТРОИТЕЛЬСТВА ИВАНОВСКОЙ ОБЛАСТИ""";ДЕПАРТАМЕНТ КОНКУРСОВ И АУКЦИОНОВ ИВАНОВСКОЙ ОБЛАСТИ;08.05.2026;03.06.2026;Закупка завершена;;;29.05.2026;
44-ФЗ;№0133200001726001281;Открытый конкурс в электронной форме на проведение работ по строительству, реконструкции, кап. ремонту, сносу объекта кап. строительства в соответствии с п. 8 ч. 1 ст. 33 Закона № 44-ФЗ;Строительство газопровода д.Увальево, д.Кудреватик, д.Бушманово Лежневского муниципального района Ивановской области (включающий проект планировки и проект межевания территории объекта).;;'263371500142437150100100160024221414;;;56606060.96;RUB;0;;;;;;АДМИНИСТРАЦИЯ ЛЕЖНЕВСКОГО МУНИЦИПАЛЬНОГО  РАЙОНА ИВАНОВСКОЙ ОБЛАСТИ;ДЕПАРТАМЕНТ КОНКУРСОВ И АУКЦИОНОВ ИВАНОВСКОЙ ОБЛАСТИ;28.04.2026;03.06.2026;Закупка завершена;;;29.05.2026;
223-ФЗ;№32615990609;Конкурс в электронной форме, участниками которого могут быть только субъекты малого и среднего предпринимательства;Право заключения договора на выполнение проектной и рабочей документации по объекту филиала ПАО «Россети Юг» - «Ростовэнерго»: «Техническое перевооружение «Двухцепной линии ВЛ-110 кВ протяжённостью  9,64 км» (диспетчерское наименование ВЛ 110 кВ Р1  –  Р12 с отпайками) с увеличением пропускной способности участка ВЛ ориентировочной протяжённостью 1,79  км» для нужд филиала ПАО «Россети Юг» - «Ростовэнерго»;;;1;Выполнение проектной и рабочей документации по объекту филиала ПАО «Россети Юг» - «Ростовэнерго»: «Техническое перевооружение «Двухцепной линии ВЛ-110 кВ протяжённостью  9,64 км» (диспетчерское наименование ВЛ 110 кВ Р1  –  Р12 с отпайками) с увеличением пропускной способности участка ВЛ ориентировочной протяжённостью 1,79  км»;7949095.79;RUB;7949095.79;;;;71.12: Услуги в области инженерно-технического проектирования и связанные технические консультативные услуги;;"ПУБЛИЧНОЕ АКЦИОНЕРНОЕ ОБЩЕСТВО ""РОССЕТИ ЮГ""";"ПУБЛИЧНОЕ АКЦИОНЕРНОЕ ОБЩЕСТВО ""РОССЕТИ ЮГ""";07.05.2026;03.06.2026;Закупка завершена;;;15.05.2026 11:00;
44-ФЗ;№0372300000326000007;Электронный аукцион;Выполнение работ по благоустройству элементов благоустройства внутригородского муниципального образования города федерального значения Санкт-Петербурга город Кронштадт;;'263781800876478430100100100020000244;;;39999900.00;RUB;0;;;;;;МЕСТНАЯ АДМИНИСТРАЦИЯ ВНУТРИГОРОДСКОГО МУНИЦИПАЛЬНОГО ОБРАЗОВАНИЯ ГОРОДА ФЕДЕРАЛЬНОГО ЗНАЧЕНИЯ САНКТ-ПЕТЕРБУРГА ГОРОД КРОНШТАДТ;МЕСТНАЯ АДМИНИСТРАЦИЯ ВНУТРИГОРОДСКОГО МУНИЦИПАЛЬНОГО ОБРАЗОВАНИЯ ГОРОДА ФЕДЕРАЛЬНОГО ЗНАЧЕНИЯ САНКТ-ПЕТЕРБУРГА ГОРОД КРОНШТАДТ;22.05.2026;03.06.2026;Закупка завершена;;;01.06.2026;
44-ФЗ;№0883500082826000002;Электронный аукцион;Поставка  установки для деструкции и обеззараживания медицинских отходов, ввод в эксплуатацию медицинских изделий, обучение правилам эксплуатации специалистов, эксплуатирующих медицинские изделия, и специалистов, осуществляющих техническое обслуживание медицинских изделий.;;'262940900825294090100100450013250244;;;7613333.34;RUB;0;;;;;;"ГОСУДАРСТВЕННОЕ БЮДЖЕТНОЕ УЧРЕЖДЕНИЕ ЗДРАВООХРАНЕНИЯ ""СВЕРДЛОВСКАЯ ЦЕНТРАЛЬНАЯ ГОРОДСКАЯ МНОГОПРОФИЛЬНАЯ БОЛЬНИЦА"" ЛУГАНСКОЙ НАРОДНОЙ РЕСПУБЛИКИ";"ГОСУДАРСТВЕННОЕ БЮДЖЕТНОЕ УЧРЕЖДЕНИЕ ЗДРАВООХРАНЕНИЯ ""СВЕРДЛОВСКАЯ ЦЕНТРАЛЬНАЯ ГОРОДСКАЯ МНОГОПРОФИЛЬНАЯ БОЛЬНИЦА"" ЛУГАНСКОЙ НАРОДНОЙ РЕСПУБЛИКИ";22.05.2026;03.06.2026;Закупка завершена;;;01.06.2026;
44-ФЗ;№0310200000326001430;Открытый конкурс в электронной форме;Летнее содержание автомобильных дорог МО, Пригородный район;;'263151201779215120100100170014211244;;;8626919.18;RUB;0;;;;;;ОТДЕЛ СТРОИТЕЛЬСТВА, АРХИТЕКТУРЫ И ЖИЛИЩНО-КОММУНАЛЬНОГО ХОЗЯЙСТВА АДМИНИСТРАЦИИ МЕСТНОГО САМОУПРАВЛЕНИЯ ПРИГОРОДНОГО МУНИЦИПАЛЬНОГО РАЙОНА;УПРАВЛЕНИЕ РЕСПУБЛИКИ СЕВЕРНАЯ ОСЕТИЯ-АЛАНИЯ ПО ПРОВЕДЕНИЮ ЗАКУПОК ДЛЯ ГОСУДАРСТВЕННЫХ НУЖД;20.04.2026;03.06.2026;Закупка завершена;;;12.05.2026;
44-ФЗ;№0172200002326000072;Открытый конкурс в электронной форме;Поставка мебели для нужд Государственного бюджетного общеобразовательного учреждения средней общеобразовательной школы № 17 Василеостровского района Санкт-Петербурга;;'262780113678278010100100100023101244;;;28776408.79;RUB;0;;;;;;ГОСУДАРСТВЕННОЕ БЮДЖЕТНОЕ ОБЩЕОБРАЗОВАТЕЛЬНОЕ УЧРЕЖДЕНИЕ СРЕДНЯЯ ОБЩЕОБРАЗОВАТЕЛЬНАЯ ШКОЛА № 17 ВАСИЛЕОСТРОВСКОГО РАЙОНА САНКТ-ПЕТЕРБУРГА;АДМИНИСТРАЦИЯ ВАСИЛЕОСТРОВСКОГО РАЙОНА САНКТ-ПЕТЕРБУРГА;15.05.2026;03.06.2026;Закупка завершена;;;01.06.2026;
44-ФЗ;№0173100009126000143;Электронный аукцион;Закупка реагентов;;'261773452141977340100100020012120244;;;9870000.00;RUB;0;;;;;;ФЕДЕРАЛЬНОЕ МЕДИКО-БИОЛОГИЧЕСКОЕ АГЕНТСТВО;ФЕДЕРАЛЬНОЕ МЕДИКО-БИОЛОГИЧЕСКОЕ АГЕНТСТВО;22.05.2026;03.06.2026;Закупка завершена;;;01.06.2026;
44-ФЗ;№0303100001026000009;Открытый конкурс в электронной форме на проведение работ по строительству, реконструкции, кап. ремонту, сносу объекта кап. строительства в соответствии с п. 8 ч. 1 ст. 33 Закона № 44-ФЗ;Капитальный ремонт акведука на канале Кушбар ПК337+80 по ПК338+78, Хасавюртовский район, Республика Дагестан;;'261056002237405730100100240014221243;;;10000000.00;RUB;0;;;;;;"ФЕДЕРАЛЬНОЕ ГОСУДАРСТВЕННОЕ БЮДЖЕТНОЕ УЧРЕЖДЕНИЕ ""УПРАВЛЕНИЕ МЕЛИОРАЦИИ ЗЕМЕЛЬ И СЕЛЬСКОХОЗЯЙСТВЕННОГО ВОДОСНАБЖЕНИЯ ПО РЕСПУБЛИКЕ ДАГЕСТАН""";"ФЕДЕРАЛЬНОЕ ГОСУДАРСТВЕННОЕ БЮДЖЕТНОЕ УЧРЕЖДЕНИЕ ""УПРАВЛЕНИЕ МЕЛИОРАЦИИ ЗЕМЕЛЬ И СЕЛЬСКОХОЗЯЙСТВЕННОГО ВОДОСНАБЖЕНИЯ ПО РЕСПУБЛИКЕ ДАГЕСТАН""";08.05.2026;03.06.2026;Закупка завершена;;;27.05.2026;
44-ФЗ;№0318300537426000157;Электронный аукцион;Текущий ремонт фасада, отмостки и входной группы (не менее 930 кв. м.);;'263230103735023010100100070014339244;;;9737899.99;RUB;0;;;;;;МУНИЦИПАЛЬНОЕ БЮДЖЕТНОЕ ОБЩЕОБРАЗОВАТЕЛЬНОЕ УЧРЕЖДЕНИЕ СРЕДНЯЯ ОБЩЕОБРАЗОВАТЕЛЬНАЯ ШКОЛА № 8 МУНИЦИПАЛЬНОГО ОБРАЗОВАНИЯ ГОРОД-КУРОРТ АНАПА ИМЕНИ ГЕРОЯ СОВЕТСКОГО СОЮЗА ВАСИЛИЯ ИЛЬИЧА ХРЯЕВА;УПРАВЛЕНИЕ ЗАКУПОК АДМИНИСТРАЦИИ МУНИЦИПАЛЬНОГО ОБРАЗОВАНИЯ ГОРОД-КУРОРТ АНАПА;21.05.2026;03.06.2026;Закупка завершена;;;01.06.2026;
44-ФЗ;№0127200000226003209;Электронный аукцион;Поставка автомобильного бензина и дизельного топлива через АЗС_2;;'262325050351732450100100340011920244;;;5000000.00;RUB;0;;;;;;"ГОСУДАРСТВЕННОЕ БЮДЖЕТНОЕ УЧРЕЖДЕНИЕ БРЯНСКОЙ ОБЛАСТИ ""ЛЕСОПОЖАРНАЯ СЛУЖБА""";УПРАВЛЕНИЕ ГОСУДАРСТВЕННЫХ ЗАКУПОК БРЯНСКОЙ ОБЛАСТИ;22.05.2026;03.06.2026;Закупка завершена;;;01.06.2026;
44-ФЗ;№0127200000226003199;Электронный аукцион на проведение работ по строительству, реконструкции, кап. ремонту, сносу объекта кап. строительства в соответствии с п. 8 ч. 1 ст. 33 Закона № 44-ФЗ;"Капитальный ремонт второго этажа больничного корпуса для создания Отделения паллиативной медицинской помощи детям в ГБУЗ ""Брянская областная детская больница""";;'262323401426932570100101700014120243;;;8999420.00;RUB;0;;;;;;"ГОСУДАРСТВЕННОЕ БЮДЖЕТНОЕ УЧРЕЖДЕНИЕ ЗДРАВООХРАНЕНИЯ ""БРЯНСКАЯ ОБЛАСТНАЯ ДЕТСКАЯ БОЛЬНИЦА""";УПРАВЛЕНИЕ ГОСУДАРСТВЕННЫХ ЗАКУПОК БРЯНСКОЙ ОБЛАСТИ;22.05.2026;03.06.2026;Закупка завершена;;;01.06.2026;
44-ФЗ;№0103200008426004284;Открытый конкурс в электронной форме;"Ремонт здания МКУ Культуры ""Центр традиционной культуры Народов России""";;'263052201893005220100100030014339244;;;5914300.00;RUB;0;;;;;;"МУНИЦИПАЛЬНОЕ КАЗЕННОЕ УЧРЕЖДЕНИЕ КУЛЬТУРЫ ""ЦЕНТР ТРАДИЦИОННОЙ КУЛЬТУРЫ НАРОДОВ РОССИИ""";КОМИТЕТ ПО ГОСУДАРСТВЕННЫМ ЗАКУПКАМ РЕСПУБЛИКИ ДАГЕСТАН;14.05.2026;03.06.2026;Закупка завершена;;;01.06.2026;
44-ФЗ;№0163200000326002895;Запрос котировок в электронной форме;Мебель для оснащения студенческого общежития, расположенного по адресу: г. Смоленск, ул. Шевченко, д. 91 /1812-эзк/;;'262673003503967300100100080013101244;;;7096230.00;RUB;0;;;;;;"ОБЛАСТНОЕ ГОСУДАРСТВЕННОЕ БЮДЖЕТНОЕ ПРОФЕССИОНАЛЬНОЕ ОБРАЗОВАТЕЛЬНОЕ УЧРЕЖДЕНИЕ ""СМОЛЕНСКАЯ АКАДЕМИЯ ПРОФЕССИОНАЛЬНОГО ОБРАЗОВАНИЯ""";ГЛАВНОЕ УПРАВЛЕНИЕ СМОЛЕНСКОЙ ОБЛАСТИ ПО РЕГУЛИРОВАНИЮ КОНТРАКТНОЙ СИСТЕМЫ;22.05.2026;03.06.2026;Закупка завершена;;;01.06.2026;
44-ФЗ;№0173200001426000871;Открытый конкурс в электронной форме;Выполнение работ по подготовке проектной и рабочей документации с получением положительного заключения Экспертизы, переоборудованию помещений под размещение магнитно-резонансного томографа в ГБУЗ «ГКБ им. С.С. Юдина ДЗМ», по адресу: г. Москва, Загородное шоссе, д.18А, стр.8 (лот 242);;'262770407612977060100100920010000243;;;34245063.89;RUB;0;;;;;;"ГОСУДАРСТВЕННОЕ БЮДЖЕТНОЕ УЧРЕЖДЕНИЕ ГОРОДА МОСКВЫ ""ДИРЕКЦИЯ РАЗВИТИЯ ОБЪЕКТОВ ЗДРАВООХРАНЕНИЯ ГОРОДА МОСКВЫ""";ДЕПАРТАМЕНТ ГОРОДА МОСКВЫ ПО КОНКУРЕНТНОЙ ПОЛИТИКЕ;13.05.2026;03.06.2026;Закупка завершена;;;29.05.2026;
223-ФЗ;№32615923476;Конкурс в электронной форме, участниками которого могут быть только субъекты малого и среднего предпринимательства;Право заключения договора на оказание агентских услуг по поставке путевок в санаторно-курортные учреждения и учреждения отдыха для работников и членов их семей, и ветеранов ПАО «Россети Юг» для нужд ПАО «Россети Юг»;;;1;"Оказание агентских услуг по поставке путевок в санаторно-курортные учреждения и учреждения отдыха для работников и членов их семей, и ветеранов ПАО ""Россети Юг""";99979900.00;RUB;99979900.00;;;;55.10: Услуги гостиниц и аналогичные услуги по предоставлению временного жилья;;"ПУБЛИЧНОЕ АКЦИОНЕРНОЕ ОБЩЕСТВО ""РОССЕТИ ЮГ""";"ПУБЛИЧНОЕ АКЦИОНЕРНОЕ ОБЩЕСТВО ""РОССЕТИ ЮГ""";17.04.2026;03.06.2026;Закупка завершена;;;06.05.2026 11:00;
44-ФЗ;№0132600032726000350;Открытый конкурс в электронной форме;Выполнение работ по содержанию искусственных дорожных сооружений (надземного и подземных пешеходных переходов) в Советском районе города Нижнего Новгорода с июня 2026 года по апрель 2027 года (включительно);;'263526203484952620100100500018129244;;;14111953.64;RUB;0;;;;;;АДМИНИСТРАЦИЯ СОВЕТСКОГО РАЙОНА ГОРОДА НИЖНЕГО НОВГОРОДА;Департамент экономического развития и инвестиций администрации города Нижнего Новгорода;15.05.2026;03.06.2026;Закупка завершена;;;01.06.2026;
44-ФЗ;№0332100022726000529;Электронный аукцион;Поставка дезинфицирующих средств (383Ц);;'261526003794052600100100100390000244;;;5951965.00;RUB;0;;;;;;"ФЕДЕРАЛЬНОЕ ГОСУДАРСТВЕННОЕ БЮДЖЕТНОЕ ОБРАЗОВАТЕЛЬНОЕ УЧРЕЖДЕНИЕ ВЫСШЕГО ОБРАЗОВАНИЯ ""ПРИВОЛЖСКИЙ ИССЛЕДОВАТЕЛЬСКИЙ МЕДИЦИНСКИЙ УНИВЕРСИТЕТ"" МИНИСТЕРСТВА ЗДРАВООХРАНЕНИЯ РОССИЙСКОЙ ФЕДЕРАЦИИ";"ФЕДЕРАЛЬНОЕ ГОСУДАРСТВЕННОЕ БЮДЖЕТНОЕ ОБРАЗОВАТЕЛЬНОЕ УЧРЕЖДЕНИЕ ВЫСШЕГО ОБРАЗОВАНИЯ ""ПРИВОЛЖСКИЙ ИССЛЕДОВАТЕЛЬСКИЙ МЕДИЦИНСКИЙ УНИВЕРСИТЕТ"" МИНИСТЕРСТВА ЗДРАВООХРАНЕНИЯ РОССИЙСКОЙ ФЕДЕРАЦИИ";22.05.2026;03.06.2026;Закупка завершена;;;01.06.2026;
44-ФЗ;№0826500000926001600;Электронный аукцион;Поставка автобусов;;'262312304353931230100100050022910244;;;47440000.00;RUB;0;;;;;;"ОБЛАСТНОЕ ГОСУДАРСТВЕННОЕ КАЗЕННОЕ УЧРЕЖДЕНИЕ ""ОРГАНИЗАТОР ПАССАЖИРСКИХ ПЕРЕВОЗОК БЕЛГОРОДСКОЙ ОБЛАСТИ""";"ОБЛАСТНОЕ ГОСУДАРСТВЕННОЕ КАЗЕННОЕ УЧРЕЖДЕНИЕ БЕЛГОРОДСКОЙ ОБЛАСТИ ""ЦЕНТР ЗАКУПОК""";21.05.2026;03.06.2026;Закупка завершена;;;01.06.2026;
44-ФЗ;№0158200001326000805;Электронный аукцион;Закупка вакцин в рамках реализации Постановления Правительства Ростовской области от 17 октября 2018 г. N 654 «Об утверждении государственной программы Ростовской области «Развитие здравоохранения»;;'262616304981461660100101420392120244;;;9402520.00;RUB;0;;;;;;МИНИСТЕРСТВО ЗДРАВООХРАНЕНИЯ РОСТОВСКОЙ ОБЛАСТИ;МИНИСТЕРСТВО ЗДРАВООХРАНЕНИЯ РОСТОВСКОЙ ОБЛАСТИ;22.05.2026;03.06.2026;Закупка завершена;;;01.06.2026;
44-ФЗ;№0373200136726000062;Электронный аукцион;"Электронный аукцион на поставку хозяйственных товаров (диспенсеры для гигиенических средств, дозаторы сенсорные) для ГБУЗ ""ГП № 108 ДЗМ"".";;'262771012548777430100100720010000244;;;6676840.96;RUB;0;;;;;;"ГОСУДАРСТВЕННОЕ БЮДЖЕТНОЕ УЧРЕЖДЕНИЕ ЗДРАВООХРАНЕНИЯ ГОРОДА МОСКВЫ ""ГОРОДСКАЯ ПОЛИКЛИНИКА № 108 ДЕПАРТАМЕНТА ЗДРАВООХРАНЕНИЯ ГОРОДА МОСКВЫ""";"ГОСУДАРСТВЕННОЕ БЮДЖЕТНОЕ УЧРЕЖДЕНИЕ ЗДРАВООХРАНЕНИЯ ГОРОДА МОСКВЫ ""ГОРОДСКАЯ ПОЛИКЛИНИКА № 108 ДЕПАРТАМЕНТА ЗДРАВООХРАНЕНИЯ ГОРОДА МОСКВЫ""";24.05.2026;03.06.2026;Закупка завершена;;;01.06.2026;
44-ФЗ;№0158200001326000806;Электронный аукцион;Закупка вакцин в рамках реализации Постановления Правительства Ростовской области от 17 октября 2018 г. N 654 «Об утверждении государственной программы Ростовской области «Развитие здравоохранения»;;'262616304981461660100101420372120244;;;9402520.00;RUB;0;;;;;;МИНИСТЕРСТВО ЗДРАВООХРАНЕНИЯ РОСТОВСКОЙ ОБЛАСТИ;МИНИСТЕРСТВО ЗДРАВООХРАНЕНИЯ РОСТОВСКОЙ ОБЛАСТИ;22.05.2026;03.06.2026;Закупка завершена;;;01.06.2026;
44-ФЗ;№0158200001326000807;Электронный аукцион;Закупка вакцин в рамках реализации Постановления Правительства Ростовской области от 17 октября 2018 г. N 654 «Об утверждении государственной программы Ростовской области «Развитие здравоохранения»;;'262616304981461660100101420362120244;;;8227205.00;RUB;0;;;;;;МИНИСТЕРСТВО ЗДРАВООХРАНЕНИЯ РОСТОВСКОЙ ОБЛАСТИ;МИНИСТЕРСТВО ЗДРАВООХРАНЕНИЯ РОСТОВСКОЙ ОБЛАСТИ;22.05.2026;03.06.2026;Закупка завершена;;;01.06.2026;
44-ФЗ;№0173200001426000831;Электронный аукцион;Выполнение работ по устройству покрытий из резиновой крошки на дворовых территориях ЗелАО г. Москвы в 2026 году.;;'262773559885577350100100820010000244;;;92066420.00;RUB;0;;;;;;"ГОСУДАРСТВЕННОЕ БЮДЖЕТНОЕ УЧРЕЖДЕНИЕ ГОРОДА МОСКВЫ ""ЖИЛИЩНИК ЗЕЛЕНОГРАДСКОГО АДМИНИСТРАТИВНОГО ОКРУГА""";ДЕПАРТАМЕНТ ГОРОДА МОСКВЫ ПО КОНКУРЕНТНОЙ ПОЛИТИКЕ;07.05.2026;03.06.2026;Закупка завершена;;;15.05.2026;
44-ФЗ;№0375100002326000044;Электронный аукцион;"Оказание услуг по исполнению функций строительного контроля за выполнением  Комплекса работ по капитальному ремонту инженерных сетей и благоустройству территории ФБЛПУ ""Санаторий ""Днепр"" ФНС России"" по адресу:  Респ Крым, г. Ялта, пгт Гаспра, ш Алупкинское, д. 13, 2-этап";;'261612301133191030100100610017112243;;;6003200.00;RUB;0;;;;;;"ФЕДЕРАЛЬНОЕ БЮДЖЕТНОЕ ЛЕЧЕБНО-ПРОФИЛАКТИЧЕСКОЕ УЧРЕЖДЕНИЕ ""САНАТОРИЙ ""ДНЕПР"" ФЕДЕРАЛЬНОЙ НАЛОГОВОЙ СЛУЖБЫ""";"ФЕДЕРАЛЬНОЕ БЮДЖЕТНОЕ ЛЕЧЕБНО-ПРОФИЛАКТИЧЕСКОЕ УЧРЕЖДЕНИЕ ""САНАТОРИЙ ""ДНЕПР"" ФЕДЕРАЛЬНОЙ НАЛОГОВОЙ СЛУЖБЫ""";22.05.2026;03.06.2026;Закупка завершена;;;01.06.2026;
44-ФЗ;№0162200011826001329;Электронный аукцион;Поставка расходных материалов для ВМП;;'262661204921166120100102540010000244;;;7350000.00;RUB;0;;;;;;"ГОСУДАРСТВЕННОЕ АВТОНОМНОЕ УЧРЕЖДЕНИЕ ЗДРАВООХРАНЕНИЯ СВЕРДЛОВСКОЙ ОБЛАСТИ ""ГОРОДСКАЯ БОЛЬНИЦА ГОРОД КАМЕНСК-УРАЛЬСКИЙ""";ДЕПАРТАМЕНТ ГОСУДАРСТВЕННЫХ ЗАКУПОК СВЕРДЛОВСКОЙ ОБЛАСТИ;15.05.2026;03.06.2026;Закупка завершена;;;25.05.2026;
44-ФЗ;№0373100014626000051;Открытый конкурс в электронной форме;Оказание услуг по сопровождению медицинской информационной системы для психиатрических больниц (стационаров) специализированного типа с интенсивным наблюдением (ЦИТЭП);;'261771521779877150100100600080000244;;;9897333.33;RUB;0;;;;;;"ФЕДЕРАЛЬНОЕ ГОСУДАРСТВЕННОЕ БЮДЖЕТНОЕ УЧРЕЖДЕНИЕ ""ЦЕНТРАЛЬНЫЙ НАУЧНО-ИССЛЕДОВАТЕЛЬСКИЙ ИНСТИТУТ ОРГАНИЗАЦИИ И ИНФОРМАТИЗАЦИИ ЗДРАВООХРАНЕНИЯ"" МИНИСТЕРСТВА ЗДРАВООХРАНЕНИЯ РОССИЙСКОЙ ФЕДЕРАЦИИ";"ФЕДЕРАЛЬНОЕ ГОСУДАРСТВЕННОЕ БЮДЖЕТНОЕ УЧРЕЖДЕНИЕ ""ЦЕНТРАЛЬНЫЙ НАУЧНО-ИССЛЕДОВАТЕЛЬСКИЙ ИНСТИТУТ ОРГАНИЗАЦИИ И ИНФОРМАТИЗАЦИИ ЗДРАВООХРАНЕНИЯ"" МИНИСТЕРСТВА ЗДРАВООХРАНЕНИЯ РОССИЙСКОЙ ФЕДЕРАЦИИ";12.05.2026;03.06.2026;Закупка завершена;;;28.05.2026;
44-ФЗ;№0848300064126000172;Электронный аукцион;Приобретение аварийного запаса для аварийно-диспетчерских служб для локализации и ликвидации последствий аварий на объектах теплоснабжения, водоснабжения и водоотведения (Устройства плавного пуска и преобразователи частоты);;'263500110667250010100101490010000244;;;6085300.55;RUB;0;;;;;;АДМИНИСТРАЦИЯ ГОРОДСКОГО ОКРУГА БАЛАШИХА;"МУНИЦИПАЛЬНОЕ КАЗЁННОЕ УЧРЕЖДЕНИЕ ""КОМИТЕТ ПО ОРГАНИЗАЦИИ ЗАКУПОК ГОРОДСКОГО ОКРУГА БАЛАШИХА""";08.05.2026;03.06.2026;Закупка завершена;;;01.06.2026;
44-ФЗ;№0375400000926000087;Открытый конкурс в электронной форме на проведение работ по строительству, реконструкции, кап. ремонту, сносу объекта кап. строительства в соответствии с п. 8 ч. 1 ст. 33 Закона № 44-ФЗ;Капитальный ремонт гаража лит. А ФГБУ «Санаторий РОП РФ «Россия» по адресу: Республика Крым, г. Ялта, пгт. Ливадия, Севастопольское шоссе, 3;;'261910309486491030100100390014399243;;;22637554.64;RUB;0;;;;;;"ФЕДЕРАЛЬНОЕ ГОСУДАРСТВЕННОЕ БЮДЖЕТНОЕ УЧРЕЖДЕНИЕ ""САНАТОРИЙ РАБОТНИКОВ ОРГАНОВ ПРОКУРАТУРЫ РОССИЙСКОЙ ФЕДЕРАЦИИ ""РОССИЯ""";"ФЕДЕРАЛЬНОЕ ГОСУДАРСТВЕННОЕ БЮДЖЕТНОЕ УЧРЕЖДЕНИЕ ""САНАТОРИЙ РАБОТНИКОВ ОРГАНОВ ПРОКУРАТУРЫ РОССИЙСКОЙ ФЕДЕРАЦИИ ""РОССИЯ""";15.05.2026;03.06.2026;Закупка завершена;;;01.06.2026;
44-ФЗ;№0172200004726000100;Открытый конкурс в электронной форме;Оказание услуг по техническому обслуживанию комплексных систем обеспечения безопасности;;262781175346378110100100100018020244, 262781171370378110100100080018020244, 262781159728578110100100090018020244, 262781157519378110100100100018020244, 262781106577078110100100110018020244, 262781106611878110100100110018020244, 262781106635878110100100090018020244, 262781106675078110100100110018020244, 262781180513678110100100070018020244, 262781180017778110100100080018020244, 262781179854578110100100100018020244, 262781177500178110100100080018020244, 262781176939078110100100090018020244, 262781176772378110100100070018020244, 262781176191578110100100110018020244;;;28036788.57;RUB;0;;;;;;;АДМИНИСТРАЦИЯ НЕВСКОГО РАЙОНА САНКТ-ПЕТЕРБУРГА;23.04.2026;03.06.2026;Закупка завершена;;;12.05.2026;
44-ФЗ;№0372200127626000114;Запрос котировок в электронной форме;Поставка системы ультразвуковой визуализации универсальной, с питанием от сети для СПб ГБУЗ «Городская поликлиника № 86» ;;'262780401015378040100100010770000244;;;9916900.00;RUB;0;;;;;;"САНКТ-ПЕТЕРБУРГСКОЕ ГОСУДАРСТВЕННОЕ БЮДЖЕТНОЕ УЧРЕЖДЕНИЕ ЗДРАВООХРАНЕНИЯ ""ГОРОДСКАЯ ПОЛИКЛИНИКА № 86""";"САНКТ-ПЕТЕРБУРГСКОЕ ГОСУДАРСТВЕННОЕ БЮДЖЕТНОЕ УЧРЕЖДЕНИЕ ЗДРАВООХРАНЕНИЯ ""ГОРОДСКАЯ ПОЛИКЛИНИКА № 86""";15.05.2026;03.06.2026;Закупка завершена;;;22.05.2026;
44-ФЗ;№0131300000626000668;Открытый конкурс в электронной форме;Диагностика и оценка технического состояния автомобильных дорог;;'263366615438336640100100120017120244;;;7982426.95;RUB;0;;;;;;"МУНИЦИПАЛЬНОЕ КАЗЕННОЕ УЧРЕЖДЕНИЕ ГОРОДСКОГО ОКРУГА ГОРОД ВОРОНЕЖ ""ГОРОДСКАЯ ДИРЕКЦИЯ ДОРОЖНОГО ХОЗЯЙСТВА И БЛАГОУСТРОЙСТВА""";АДМИНИСТРАЦИЯ ГОРОДСКОГО ОКРУГА ГОРОД ВОРОНЕЖ;15.05.2026;03.06.2026;Закупка завершена;;;01.06.2026;
44-ФЗ;№0848300057726000125;Открытый конкурс в электронной форме;Выполнение работ и оказание услуг, связанных с одновременным выполнением инженерных изысканий, подготовкой проектной документации (путем внесения изменений) выполнением работ по строительству объекта капитального строительства с поставкой оборудования, необходимого для обеспечения эксплуатации объекта «Строительство котельной для жилого дома по адресу: Московская область, г.Волоколамск, ул.Северное шоссе, д.12»;;'263500400389050040100102170014120414;;;13269470.00;RUB;0;;;;;;АДМИНИСТРАЦИЯ ВОЛОКОЛАМСКОГО МУНИЦИПАЛЬНОГО ОКРУГА МОСКОВСКОЙ ОБЛАСТИ;"МУНИЦИПАЛЬНОЕ КАЗЕННОЕ УЧРЕЖДЕНИЕ ""ЦЕНТР ЗАКУПОК""";15.05.2026;03.06.2026;Закупка завершена;;;01.06.2026;
44-ФЗ;№0815500000526007241;Электронный аукцион;Поставка расходных материалов для анализатора гемостаза ACL TOP 750;;'262213003189221300100100980022120244;;;17782423.16;RUB;0;;;;;;"БЮДЖЕТНОЕ УЧРЕЖДЕНИЕ ЧУВАШСКОЙ РЕСПУБЛИКИ ""РЕСПУБЛИКАНСКАЯ КЛИНИЧЕСКАЯ БОЛЬНИЦА"" МИНИСТЕРСТВА ЗДРАВООХРАНЕНИЯ ЧУВАШСКОЙ РЕСПУБЛИКИ";"КАЗЕННОЕ УЧРЕЖДЕНИЕ ЧУВАШСКОЙ РЕСПУБЛИКИ ""РЕГИОНАЛЬНЫЙ ЦЕНТР ЗАКУПОК ЧУВАШСКОЙ РЕСПУБЛИКИ""";18.05.2026;03.06.2026;Закупка завершена;;;01.06.2026;
44-ФЗ;№0360300074726000055;Электронный аукцион;Реализация мероприятий по благоустройству территорий Ремонт пешеходных зон и тротуаров.;;'263643800468064380100100200014299244;;;5000000.00;RUB;0;;;;;;АДМИНИСТРАЦИЯ АТКАРСКОГО МУНИЦИПАЛЬНОГО РАЙОНА САРАТОВСКОЙ ОБЛАСТИ;"МУНИЦИПАЛЬНОЕ КАЗЕННОЕ УЧРЕЖДЕНИЕ  ""ЦЕНТРАЛИЗОВАННАЯ БУХГАЛТЕРИЯ АТКАРСКОГО МУНИЦИПАЛЬНОГО РАЙОНА""";22.05.2026;03.06.2026;Закупка завершена;;;01.06.2026;
44-ФЗ;№0173200024026000055;Открытый конкурс в электронной форме;Оказание услуг по изготовлению и размещению фотопанно в рамках организации выставок, посвященных популяризации градостроительной отрасли города Москвы;;'262770371186877100100100460010000244;;;18499127.68;RUB;0;;;;;;"ГОСУДАРСТВЕННОЕ БЮДЖЕТНОЕ УЧРЕЖДЕНИЕ ГОРОДА МОСКВЫ ""МОСКОВСКИЙ ЦЕНТР ОБЕСПЕЧЕНИЯ РАЗВИТИЯ СТРОИТЕЛЬНОЙ ОТРАСЛИ""";ДЕПАРТАМЕНТ ГРАДОСТРОИТЕЛЬНОЙ ПОЛИТИКИ ГОРОДА МОСКВЫ;13.05.2026;03.06.2026;Закупка завершена;;;29.05.2026;
44-ФЗ;№0172200001926000607;Электронный аукцион;Поставка № 782 медицинского изделия Резервуар для инсулиновой инфузионной помпы для обеспечения отдельных категорий граждан в 2026 году;;'262780804383378410100100420110000323;;;33674000.00;RUB;0;;;;;;КОМИТЕТ ПО ЗДРАВООХРАНЕНИЮ;КОМИТЕТ ПО ЗДРАВООХРАНЕНИЮ;19.05.2026;03.06.2026;Закупка завершена;;;01.06.2026;
44-ФЗ;№0375100003626000474;Электронный аукцион;"Поставка изделий медицинского назначения ""Расходные материалы для системы смешивания растворов""";;'261910206500391020100106080013250244;;;5666649.60;RUB;0;;;;;;"ГОСУДАРСТВЕННОЕ БЮДЖЕТНОЕ УЧРЕЖДЕНИЕ ЗДРАВООХРАНЕНИЯ РЕСПУБЛИКИ КРЫМ ""РЕСПУБЛИКАНСКАЯ КЛИНИЧЕСКАЯ БОЛЬНИЦА ИМ. Н.А. СЕМАШКО""";"ГОСУДАРСТВЕННОЕ БЮДЖЕТНОЕ УЧРЕЖДЕНИЕ ЗДРАВООХРАНЕНИЯ РЕСПУБЛИКИ КРЫМ ""РЕСПУБЛИКАНСКАЯ КЛИНИЧЕСКАЯ БОЛЬНИЦА ИМ. Н.А. СЕМАШКО""";20.05.2026;03.06.2026;Закупка завершена;;;01.06.2026;
44-ФЗ;№0366100010226000002;Электронный аукцион;Радиостанция цифровая в рамках государственного оборонного заказа;;'261710703817671070100100000022630211;;;5175000.00;RUB;0;;;;;;"ФЕДЕРАЛЬНОЕ КАЗЕННОЕ УЧРЕЖДЕНИЕ ""ЦЕНТР ИНЖЕНЕРНО-ТЕХНИЧЕСКОГО ОБЕСПЕЧЕНИЯ И ВООРУЖЕНИЯ УПРАВЛЕНИЯ ФЕДЕРАЛЬНОЙ СЛУЖБЫ ИСПОЛНЕНИЯ НАКАЗАНИЙ ПО ТУЛЬСКОЙ ОБЛАСТИ""";"ФЕДЕРАЛЬНОЕ КАЗЕННОЕ УЧРЕЖДЕНИЕ ""ЦЕНТР ИНЖЕНЕРНО-ТЕХНИЧЕСКОГО ОБЕСПЕЧЕНИЯ И ВООРУЖЕНИЯ УПРАВЛЕНИЯ ФЕДЕРАЛЬНОЙ СЛУЖБЫ ИСПОЛНЕНИЯ НАКАЗАНИЙ ПО ТУЛЬСКОЙ ОБЛАСТИ""";16.04.2026;03.06.2026;Закупка завершена;;;29.05.2026;
44-ФЗ;№0373200138226000366;Открытый конкурс в электронной форме на проведение работ по строительству, реконструкции, кап. ремонту, сносу объекта кап. строительства в соответствии с п. 8 ч. 1 ст. 33 Закона № 44-ФЗ;"Выполнение работ по капитальному ремонту автоматической установки водяного пожаротушения в ГБУДО г. Москвы ""ДМШ им. В.В.Андреева"" по адресу: г. Москва, ул. Живописная, д. 1";;'262771066180177340100100990010000243;;;6108932.45;RUB;0;;;;;;"ГОСУДАРСТВЕННОЕ КАЗЕННОЕ УЧРЕЖДЕНИЕ ГОРОДА МОСКВЫ ""ТЕХНИЧЕСКИЙ ЦЕНТР ДЕПАРТАМЕНТА КУЛЬТУРЫ ГОРОДА МОСКВЫ""";"ГОСУДАРСТВЕННОЕ КАЗЕННОЕ УЧРЕЖДЕНИЕ ГОРОДА МОСКВЫ ""ТЕХНИЧЕСКИЙ ЦЕНТР ДЕПАРТАМЕНТА КУЛЬТУРЫ ГОРОДА МОСКВЫ""";13.05.2026;03.06.2026;Закупка завершена;;;29.05.2026;
44-ФЗ;№0172200001926000611;Запрос котировок в электронной форме;Поставка № 800 лекарственного препарата ДАЗАТИНИБ для обеспечения отдельных категорий граждан в 2026 году;;'262780804383378410100100013612120323;;;21182976.00;RUB;0;;;;;;КОМИТЕТ ПО ЗДРАВООХРАНЕНИЮ;КОМИТЕТ ПО ЗДРАВООХРАНЕНИЮ;19.05.2026;03.06.2026;Закупка завершена;;;01.06.2026;
44-ФЗ;№0172200001926000612;Запрос котировок в электронной форме;Поставка № 813 лекарственного препарата ЭПОЭТИН БЕТА для обеспечения отдельных категорий граждан в 2026 году ;;'262780804383378410100100013342120323;;;12949200.00;RUB;0;;;;;;КОМИТЕТ ПО ЗДРАВООХРАНЕНИЮ;КОМИТЕТ ПО ЗДРАВООХРАНЕНИЮ;19.05.2026;03.06.2026;Закупка завершена;;;01.06.2026;
44-ФЗ;№0172200001926000609;Запрос котировок в электронной форме;Поставка № 802 лекарственного препарата БУДЕСОНИД для обеспечения отдельных категорий граждан в 2026 году;;'262780804383378410100100013622120323;;;17170200.00;RUB;0;;;;;;КОМИТЕТ ПО ЗДРАВООХРАНЕНИЮ;КОМИТЕТ ПО ЗДРАВООХРАНЕНИЮ;19.05.2026;03.06.2026;Закупка завершена;;;01.06.2026;
223-ФЗ;№32615881391;Конкурс в электронной форме, участниками которого могут быть только субъекты малого и среднего предпринимательства;СМР. Реконструкция сети 10-0,4 кВ в части реконструкции ВЛ 0,4 кВ, строительства ВЛ-10 кВ, установкой КТП 10/0,4 кВ в п. Светлое Поле, с. Колодинка, с. Висловка Красноярского района Самарской областидля нужд филиала ПАО «Россети Волга» - «Самарские распределительные сети» (266312/49);;;1;СМР. Реконструкция сети 10-0,4 кВ в части реконструкции ВЛ 0,4 кВ, строительства ВЛ-10 кВ, установкой КТП 10/0,4 кВ в п. Светлое Поле, с. Колодинка, с. Висловка Красноярского района Самарской области (266312/49);76018540.89;RUB;76018540.89;;;;42.22.21.110: Работы строительные по прокладке линий электропередачи значительной протяженности над землей, включая линии для железных дорог, и по их ремонту;;"ПУБЛИЧНОЕ АКЦИОНЕРНОЕ ОБЩЕСТВО ""РОССЕТИ ВОЛГА""";"ПУБЛИЧНОЕ АКЦИОНЕРНОЕ ОБЩЕСТВО ""РОССЕТИ ВОЛГА""";06.04.2026;03.06.2026;Закупка завершена;;;22.04.2026 11:00;
44-ФЗ;№0373200027426000981;Открытый конкурс в электронной форме;"на оказание услуг по выполнению функций младшего медицинского персонала в Эндоскопическом центре ГБУЗ ""ГКБ им. С.С.Юдина ДЗМ"" (СЗ-1005)";;'262772407087077240100110270010000244;;;25284684.00;RUB;0;;;;;;"ГОСУДАРСТВЕННОЕ БЮДЖЕТНОЕ УЧРЕЖДЕНИЕ ЗДРАВООХРАНЕНИЯ ГОРОДА МОСКВЫ ""ГОРОДСКАЯ КЛИНИЧЕСКАЯ БОЛЬНИЦА ИМЕНИ С.С. ЮДИНА ДЕПАРТАМЕНТА ЗДРАВООХРАНЕНИЯ ГОРОДА МОСКВЫ""";"ГОСУДАРСТВЕННОЕ БЮДЖЕТНОЕ УЧРЕЖДЕНИЕ ЗДРАВООХРАНЕНИЯ ГОРОДА МОСКВЫ ""ГОРОДСКАЯ КЛИНИЧЕСКАЯ БОЛЬНИЦА ИМЕНИ С.С. ЮДИНА ДЕПАРТАМЕНТА ЗДРАВООХРАНЕНИЯ ГОРОДА МОСКВЫ""";15.05.2026;03.06.2026;Закупка завершена;;;01.06.2026;
44-ФЗ;№0106300012126000035;Электронный аукцион;Ремонт автомобильных дорог в г. Сортавала (в рамках текущего ремонта) ;;'263100700214310070100100470344211244;;;24000000.00;RUB;0;;;;;;АДМИНИСТРАЦИЯ СОРТАВАЛЬСКОГО МУНИЦИПАЛЬНОГО ОКРУГА;АДМИНИСТРАЦИЯ СОРТАВАЛЬСКОГО МУНИЦИПАЛЬНОГО ОКРУГА;22.05.2026;03.06.2026;Закупка завершена;;;01.06.2026;
44-ФЗ;№0373100068226000034;Электронный аукцион;Поставка медицинских изделий;;'261771404207040250100100080230000244;;;7000000.00;RUB;0;;;;;;"ФЕДЕРАЛЬНОЕ ГОСУДАРСТВЕННОЕ БЮДЖЕТНОЕ УЧРЕЖДЕНИЕ ""НАЦИОНАЛЬНЫЙ МЕДИЦИНСКИЙ ИССЛЕДОВАТЕЛЬСКИЙ ЦЕНТР РАДИОЛОГИИ"" МИНИСТЕРСТВА ЗДРАВООХРАНЕНИЯ РОССИЙСКОЙ ФЕДЕРАЦИИ";"ФЕДЕРАЛЬНОЕ ГОСУДАРСТВЕННОЕ БЮДЖЕТНОЕ УЧРЕЖДЕНИЕ ""НАЦИОНАЛЬНЫЙ МЕДИЦИНСКИЙ ИССЛЕДОВАТЕЛЬСКИЙ ЦЕНТР РАДИОЛОГИИ"" МИНИСТЕРСТВА ЗДРАВООХРАНЕНИЯ РОССИЙСКОЙ ФЕДЕРАЦИИ";20.05.2026;03.06.2026;Закупка завершена;;;28.05.2026;
44-ФЗ;№0373200138226000319;Электронный аукцион;Поставка фагота для нужд ГБОУ ВО МГИМ им. А.Г. Шнитке;;'262771066180177340100100330010000244;;;5160000.00;RUB;0;;;;;;"ГОСУДАРСТВЕННОЕ КАЗЕННОЕ УЧРЕЖДЕНИЕ ГОРОДА МОСКВЫ ""ТЕХНИЧЕСКИЙ ЦЕНТР ДЕПАРТАМЕНТА КУЛЬТУРЫ ГОРОДА МОСКВЫ""";"ГОСУДАРСТВЕННОЕ КАЗЕННОЕ УЧРЕЖДЕНИЕ ГОРОДА МОСКВЫ ""ТЕХНИЧЕСКИЙ ЦЕНТР ДЕПАРТАМЕНТА КУЛЬТУРЫ ГОРОДА МОСКВЫ""";24.04.2026;03.06.2026;Закупка завершена;;;15.05.2026;
44-ФЗ;№0172200004726000099;Открытый конкурс в электронной форме;Оказание услуг по техническому обслуживанию комплексных систем обеспечения безопасности;;262781102280178110100100190018020244, 262781102278478110100100130018020244, 262781180095678110100100130018020244, 262781178593078110100100110018020244, 262781174145078110100100200018020244, 262781173697278110100100110018020244, 262781166862778110100100110018020244, 262781160986178110100100120018020244, 262781102299278110100100160018020244, 262781102282678110100100150018020244, 262781106690478110100100200018020244;;;26691389.82;RUB;0;;;;;;;АДМИНИСТРАЦИЯ НЕВСКОГО РАЙОНА САНКТ-ПЕТЕРБУРГА;23.04.2026;03.06.2026;Закупка завершена;;;12.05.2026;
44-ФЗ;№0373100091426000419;Электронный аукцион;"Поставка халатов операционных, одноразового использования для нужд ФГБУ ""НМИЦ ТИО им. ак. В.И. Шумакова"" Минздрава России";;'261773401280677340100100122310000244;;;19900000.00;RUB;0;;;;;;"ФЕДЕРАЛЬНОЕ ГОСУДАРСТВЕННОЕ БЮДЖЕТНОЕ УЧРЕЖДЕНИЕ ""НАЦИОНАЛЬНЫЙ МЕДИЦИНСКИЙ ИССЛЕДОВАТЕЛЬСКИЙ ЦЕНТР ТРАНСПЛАНТОЛОГИИ И ИСКУССТВЕННЫХ ОРГАНОВ ИМЕНИ АКАДЕМИКА В.И. ШУМАКОВА"" МИНИСТЕРСТВА ЗДРАВООХРАНЕНИЯ РОССИЙСКОЙ ФЕДЕРАЦИИ";"ФЕДЕРАЛЬНОЕ ГОСУДАРСТВЕННОЕ БЮДЖЕТНОЕ УЧРЕЖДЕНИЕ ""НАЦИОНАЛЬНЫЙ МЕДИЦИНСКИЙ ИССЛЕДОВАТЕЛЬСКИЙ ЦЕНТР ТРАНСПЛАНТОЛОГИИ И ИСКУССТВЕННЫХ ОРГАНОВ ИМЕНИ АКАДЕМИКА В.И. ШУМАКОВА"" МИНИСТЕРСТВА ЗДРАВООХРАНЕНИЯ РОССИЙСКОЙ ФЕДЕРАЦИИ";14.04.2026;03.06.2026;Закупка завершена;;;22.04.2026;
44-ФЗ;№0373200005826000250;Электронный аукцион;"Электронный аукцион на поставку расходных материалов (контур дыхательный аппарата искусственной вентиляции легких, одноразового использования) для ""ДКГБ им.З.А. Башляевой ДЗМ""  ";;'262773302408377330100102220010000244;;;9980000.00;RUB;0;;;;;;"ГОСУДАРСТВЕННОЕ БЮДЖЕТНОЕ УЧРЕЖДЕНИЕ ЗДРАВООХРАНЕНИЯ ГОРОДА МОСКВЫ ""ДЕТСКАЯ ГОРОДСКАЯ КЛИНИЧЕСКАЯ БОЛЬНИЦА ИМЕНИ З.А. БАШЛЯЕВОЙ ДЕПАРТАМЕНТА ЗДРАВООХРАНЕНИЯ ГОРОДА МОСКВЫ""";"ГОСУДАРСТВЕННОЕ БЮДЖЕТНОЕ УЧРЕЖДЕНИЕ ЗДРАВООХРАНЕНИЯ ГОРОДА МОСКВЫ ""ДЕТСКАЯ ГОРОДСКАЯ КЛИНИЧЕСКАЯ БОЛЬНИЦА ИМЕНИ З.А. БАШЛЯЕВОЙ ДЕПАРТАМЕНТА ЗДРАВООХРАНЕНИЯ ГОРОДА МОСКВЫ""";20.05.2026;03.06.2026;Закупка завершена;;;01.06.2026;
44-ФЗ;№0172200005226000061;Электронный аукцион;Оказание услуг по защите жизни и здоровья граждан в период проведения массовых мероприятий на территории Санкт-Петербурга;;'262784200565178420100101020018010244;;;16361800.00;RUB;0;;;;;;КОМИТЕТ ПО ВОПРОСАМ ЗАКОННОСТИ, ПРАВОПОРЯДКА И БЕЗОПАСНОСТИ;КОМИТЕТ ПО ВОПРОСАМ ЗАКОННОСТИ, ПРАВОПОРЯДКА И БЕЗОПАСНОСТИ;22.05.2026;03.06.2026;Закупка завершена;;;01.06.2026;
44-ФЗ;№0859200001126006400;Электронный аукцион на проведение работ по строительству, реконструкции, кап. ремонту, сносу объекта кап. строительства в соответствии с п. 8 ч. 1 ст. 33 Закона № 44-ФЗ;Выполнение работ по капитальному ремонту лифтовых шахт, с заменой лифтового оборудования;;'262622600187162260100100690014329243;;;6117039.53;RUB;0;;;;;;"ГОСУДАРСТВЕННОЕ БЮДЖЕТНОЕ УЧРЕЖДЕНИЕ РЯЗАНСКОЙ ОБЛАСТИ ""КАСИМОВСКАЯ ЦЕНТРАЛЬНАЯ РАЙОННАЯ БОЛЬНИЦА""";"ГОСУДАРСТВЕННОЕ КАЗЕННОЕ УЧРЕЖДЕНИЕ РЯЗАНСКОЙ ОБЛАСТИ ""ЦЕНТР ЗАКУПОК РЯЗАНСКОЙ ОБЛАСТИ""";21.05.2026;03.06.2026;Закупка завершена;;;01.06.2026;
44-ФЗ;№0163200000326002967;Запрос котировок в электронной форме;(1831-эзк) Медицинские изделия (система детекции);;'262673102041267310100100080730000244;;;6507558.19;RUB;0;;;;;;"ОБЛАСТНОЕ ГОСУДАРСТВЕННОЕ БЮДЖЕТНОЕ УЧРЕЖДЕНИЕ ЗДРАВООХРАНЕНИЯ ""СМОЛЕНСКИЙ ОБЛАСТНОЙ ОНКОЛОГИЧЕСКИЙ КЛИНИЧЕСКИЙ ДИСПАНСЕР""";ГЛАВНОЕ УПРАВЛЕНИЕ СМОЛЕНСКОЙ ОБЛАСТИ ПО РЕГУЛИРОВАНИЮ КОНТРАКТНОЙ СИСТЕМЫ;25.05.2026;03.06.2026;Закупка завершена;;;01.06.2026;
44-ФЗ;№0373200022226001150;Запрос котировок в электронной форме;Электронный запрос котировок на поставку расходных материалов для реанимации (Этап 51) в 2026 году для нужд ГБУЗ МКНЦ имени А.С. Логинова ДЗМ.;;'262772009352377200100112400010000244;;;9995000.00;RUB;0;;;;;;"ГОСУДАРСТВЕННОЕ БЮДЖЕТНОЕ УЧРЕЖДЕНИЕ ЗДРАВООХРАНЕНИЯ ГОРОДА МОСКВЫ ""МОСКОВСКИЙ КЛИНИЧЕСКИЙ НАУЧНО-ПРАКТИЧЕСКИЙ ЦЕНТР ИМЕНИ А.С. ЛОГИНОВА ДЕПАРТАМЕНТА ЗДРАВООХРАНЕНИЯ ГОРОДА МОСКВЫ""";"ГОСУДАРСТВЕННОЕ БЮДЖЕТНОЕ УЧРЕЖДЕНИЕ ЗДРАВООХРАНЕНИЯ ГОРОДА МОСКВЫ ""МОСКОВСКИЙ КЛИНИЧЕСКИЙ НАУЧНО-ПРАКТИЧЕСКИЙ ЦЕНТР ИМЕНИ А.С. ЛОГИНОВА ДЕПАРТАМЕНТА ЗДРАВООХРАНЕНИЯ ГОРОДА МОСКВЫ""";18.05.2026;03.06.2026;Закупка завершена;;;26.05.2026;
223-ФЗ;№32615988268;Иной способ;"Ремонтно-восстановительные работы рассолопровода от площадки ВРК до скважины № 81 Волгоградского ПХГ для нужд ООО ""Газпром геотехнологии"" (для субъектов малого и среднего предпринимательства) \49454\";;;1;"Ремонтно-восстановительные работы рассолопровода от площадки ВРК до скважины № 81 Волгоградского ПХГ для нужд ООО ""Газпром геотехнологии"" (для субъектов малого и среднего предпринимательства) \49454\";12926643.66;RUB;12926643.66;;;;33.12.29.900: Услуги по ремонту и техническому обслуживанию прочего оборудования специального назначения, не включенные в другие группировки;;"ОБЩЕСТВО С ОГРАНИЧЕННОЙ ОТВЕТСТВЕННОСТЬЮ ""ГАЗПРОМ ГЕОТЕХНОЛОГИИ""";"АКЦИОНЕРНОЕ ОБЩЕСТВО ""ГАЗПРОМ ЗАКУПКИ""";07.05.2026;03.06.2026;Закупка завершена;;;25.05.2026 10:00;
223-ФЗ;№32615911460;Иной способ;МИ №3375/МИ - Запасные части и комплектующие для ремонта паровых турбин (D26P200763);;;1;Запасные части и комплектующие для ремонта паровых турбин;50200000.00;RUB;50200000.00;;;;28.11.31.000: Части турбин на водяном паре и прочих паровых турбин;;"ПУБЛИЧНОЕ АКЦИОНЕРНОЕ  ОБЩЕСТВО  ""ТЕРРИТОРИАЛЬНАЯ  ГЕНЕРИРУЮЩАЯ  КОМПАНИЯ   №1""";"ОБЩЕСТВО С ОГРАНИЧЕННОЙ ОТВЕТСТВЕННОСТЬЮ ""ГЭХ ЗАКУПКИ""";14.04.2026;03.06.2026;Закупка завершена;;;24.04.2026 10:00;
44-ФЗ;№0358300018826000046;Открытый конкурс в электронной форме;Оказание услуг по организации готового лечебного питания для пациентов, находящихся на стационарном лечении в ГБУ РО «ДГБ» в г. Таганроге в II-ом полугодии 2026 г.;;'262615403583061540100100450015629244;;;9292000.00;RUB;0;;;;;;"ГОСУДАРСТВЕННОЕ БЮДЖЕТНОЕ УЧРЕЖДЕНИЕ РОСТОВСКОЙ ОБЛАСТИ ""ДЕТСКАЯ ГОРОДСКАЯ БОЛЬНИЦА"" В Г. ТАГАНРОГЕ";"ГОСУДАРСТВЕННОЕ БЮДЖЕТНОЕ УЧРЕЖДЕНИЕ РОСТОВСКОЙ ОБЛАСТИ ""ДЕТСКАЯ ГОРОДСКАЯ БОЛЬНИЦА"" В Г. ТАГАНРОГЕ";15.05.2026;03.06.2026;Закупка завершена;;;01.06.2026;
44-ФЗ;№0142200001326011850;Запрос котировок в электронной форме;Оказание услуг по организации диетического лечебного питания для Государственного бюджетного учреждения здравоохранения «Самарская областная клиническая больница им. В.Д. Середавина»;;'262631202313163120100101520010000244;;;9998000.36;RUB;0;;;;;;"ГОСУДАРСТВЕННОЕ БЮДЖЕТНОЕ УЧРЕЖДЕНИЕ ЗДРАВООХРАНЕНИЯ ""САМАРСКАЯ ОБЛАСТНАЯ КЛИНИЧЕСКАЯ БОЛЬНИЦА ИМ. В.Д.СЕРЕДАВИНА""";КОМИТЕТ ПО ОРГАНИЗАЦИИ ТОРГОВ САМАРСКОЙ ОБЛАСТИ;25.05.2026;03.06.2026;Закупка завершена;;;01.06.2026;
44-ФЗ;№0366200035626003331;Открытый конкурс в электронной форме;Оказание услуг по организации отдыха и оздоровления детей в загородном оздоровительном лагере в рамках проведения областного профильного лагеря, расположенном на территории Тульской области, в период летних школьных каникул 2026 года;;'262711850677171040100100080160000244;;;6516720.00;RUB;0;;;;;;"ГОСУДАРСТВЕННОЕ УЧРЕЖДЕНИЕ ТУЛЬСКОЙ ОБЛАСТИ ""ТУЛЬСКИЙ ОБЛАСТНОЙ ЦЕНТР МОЛОДЕЖИ""";"ГОСУДАРСТВЕННОЕ КАЗЕННОЕ УЧРЕЖДЕНИЕ ТУЛЬСКОЙ ОБЛАСТИ ""ЦЕНТР ОРГАНИЗАЦИИ ЗАКУПОК""";14.05.2026;03.06.2026;Закупка завершена;;;01.06.2026;
44-ФЗ;№0848300058126000157;Открытый конкурс в электронной форме;"Выполнение работ по капитальному ремонту наружных местных (распределительных) тепловых сетей (горячей воды) по мероприятию: ""Капитальный ремонт участка теплосети по адресу: Московская область, г.о. Дубна, ул. Вернова, от ул. Промышленная до павильона задвижек""";;'263501005093050100100100260024221243;;;48935006.98;RUB;0;;;;;;"МУНИЦИПАЛЬНОЕ БЮДЖЕТНОЕ УЧРЕЖДЕНИЕ ГОРОДА ДУБНЫ МОСКОВСКОЙ ОБЛАСТИ ""ДИРЕКЦИЯ РАЗВИТИЯ НАУКОГРАДА ДУБНА""";МУНИЦИПАЛЬНОЕ КАЗЁННОЕ УЧРЕЖДЕНИЕ КОНТРАКТНАЯ СЛУЖБА ГОРОДА ДУБНЫ МОСКОВСКОЙ ОБЛАСТИ;15.05.2026;03.06.2026;Закупка завершена;;;01.06.2026;
44-ФЗ;№0142200001326010847;Открытый конкурс в электронной форме;Поставка продуктов питания (мясная продукция) для учреждений Самарской области (совместные торги);;262637500008863750100100030080000244, 262633005042763300100100050040000244, 262637800031163750100100050080000244, 262633005130063300100100060011011244, 262636400048863640100100080040000244, 262633001962863300100100220140000244, 263633001375363300100100040020000323, 262636400384163640100100020050000244, 262633005400563300100100080010000244, 262637500208563750100100120060000244, 262633500247363300100100070150000244, 262633005300163300100100090011011244, 262633005160763300100100050011011244;;;8748792.10;RUB;0;;;;;;;КОМИТЕТ ПО ОРГАНИЗАЦИИ ТОРГОВ САМАРСКОЙ ОБЛАСТИ;12.05.2026;03.06.2026;Закупка завершена;;;29.05.2026;
44-ФЗ;№0163200000326002634;Открытый конкурс в электронной форме;"Выполнение работ и оказание услуг, связанных с одновременной подготовкой проектной документации и выполнением работ по капитальному ремонту объекта капитального строительства: Капитальный ремонт кровли здания СОГБУДО ""Детско-юношеский центр туризма, краеведения и спорта""";;'262672901474067290100100160010000243;;;5680000.00;RUB;0;;;;;;"СМОЛЕНСКОЕ ОБЛАСТНОЕ ГОСУДАРСТВЕННОЕ БЮДЖЕТНОЕ УЧРЕЖДЕНИЕ ДОПОЛНИТЕЛЬНОГО ОБРАЗОВАНИЯ ""ДЕТСКО-ЮНОШЕСКИЙ ЦЕНТР ТУРИЗМА, КРАЕВЕДЕНИЯ И СПОРТА""";ГЛАВНОЕ УПРАВЛЕНИЕ СМОЛЕНСКОЙ ОБЛАСТИ ПО РЕГУЛИРОВАНИЮ КОНТРАКТНОЙ СИСТЕМЫ;13.05.2026;03.06.2026;Закупка завершена;;;29.05.2026;
44-ФЗ;№0142200001326010832;Открытый конкурс в электронной форме;Поставка продуктов питания (мясная продукция) для учреждений Самарской области (совместные торги);;262631907755263190100101890011011244, 262631570165063110100100040020000244, 262631904316963190100100040020000244, 262633005190363300100100050011011244, 262631570211763120100100030050000244, 262631103397063110100100090011011244, 262631570246063190100100010020000323, 262633005600263300100100060011011244;;;17690475.47;RUB;0;;;;;;;КОМИТЕТ ПО ОРГАНИЗАЦИИ ТОРГОВ САМАРСКОЙ ОБЛАСТИ;12.05.2026;03.06.2026;Закупка завершена;;;29.05.2026;
223-ФЗ;№32615899539;Иной способ;МИ №3295/МИ - Ремонт зданий, сооружений и помещений Первомайской ТЭЦ (D26P200101);;;1;Ремонт зданий, сооружений и помещений Первомайской ТЭЦ;9440000.00;RUB;9440000.00;;;;43.39.19.190: Работы завершающие и отделочные в зданиях и сооружениях, прочие, не включенные в другие группировки;;"ПУБЛИЧНОЕ АКЦИОНЕРНОЕ  ОБЩЕСТВО  ""ТЕРРИТОРИАЛЬНАЯ  ГЕНЕРИРУЮЩАЯ  КОМПАНИЯ   №1""";"ОБЩЕСТВО С ОГРАНИЧЕННОЙ ОТВЕТСТВЕННОСТЬЮ ""ГЭХ ЗАКУПКИ""";10.04.2026;03.06.2026;Закупка завершена;;;22.04.2026 10:00;
223-ФЗ;№32616003033;Иной способ;Выполнение работ по проектированию и строительству объекта: Реконструкция ВЛ-10 кВ. Строительство: ВЛ-10кВ, ЛР-10кВ, ТП 10/0,4 кВ, ВЛ-0,4 кВ для обеспечения технологического присоединения энергопринимающих устройств заявителя. Очередь 225, Ц-36896. (Технологическое присоединение - до 150 кВт) (Г) для нужд филиала ПАО «Россети Центр» (филиала «Курскэнерго»);;;1;Выполнение работ по проектированию и строительству объекта: Реконструкция ВЛ-10 кВ. Строительство: ВЛ-10кВ, ЛР-10кВ, ТП 10/0,4 кВ, ВЛ-0,4 кВ для обеспечения технологического присоединения энергопринимающих устройств заявителя. Очередь 225, Ц-36896. (Технологическое присоединение - до 150 кВт) (Г) для нужд филиала ПАО «Россети Центр» (филиала «Курскэнерго»);9280324.06;RUB;9280324.06;;;;71.12.13.000: Услуги по инженерно-техническому проектированию систем энергоснабжения,42.22.22.110: Работы строительные по прокладке местных линий электропередачи и связи над землей или под землей;;"ПУБЛИЧНОЕ АКЦИОНЕРНОЕ ОБЩЕСТВО ""РОССЕТИ ЦЕНТР""";"ПУБЛИЧНОЕ АКЦИОНЕРНОЕ ОБЩЕСТВО ""РОССЕТИ ЦЕНТР""";13.05.2026;03.06.2026;Закупка завершена;;;26.05.2026 10:00;
44-ФЗ;№0131300053726000031;Открытый конкурс в электронной форме;Ремонт воинского захоронения р.п. Панино Панинского района Воронежской области;;'263362100193336210100100100014399244;;;5038666.59;RUB;0;;;;;;АДМИНИСТРАЦИЯ ПАНИНСКОГО ГОРОДСКОГО ПОСЕЛЕНИЯ ПАНИНСКОГО МУНИЦИПАЛЬНОГО РАЙОНА ВОРОНЕЖСКОЙ ОБЛАСТИ;АДМИНИСТРАЦИЯ ПАНИНСКОГО МУНИЦИПАЛЬНОГО РАЙОНА ВОРОНЕЖСКОЙ ОБЛАСТИ;14.05.2026;03.06.2026;Закупка завершена;;;01.06.2026;
223-ФЗ;№32616030491;Конкурс в электронной форме, участниками которого могут быть только субъекты малого и среднего предпринимательства;Выполнение работ по разработке рабочей документации, выполнение строительно-монтажных и пусконаладочных работ по модернизации технологической и электротехнической части повысительной насосной станции водоснабжения ЦТП 3/1, ЦТП 8/1, ЦТП 10/1;;;1;Выполнение работ по разработке рабочей документации, выполнение строительно-монтажных и пусконаладочных работ по модернизации технологической и электротехнической части повысительной насосной станции водоснабжения ЦТП 3/1, ЦТП  8/1, ЦТП 10/1;22607331.00;RUB;22607331.00;;;;41.10.10.000: Документация проектная для строительства,42.21: Сооружения и строительные работы по строительству инженерных коммуникаций для жидкостей и газов;;"ОБЩЕСТВО С ОГРАНИЧЕННОЙ ОТВЕТСТВЕННОСТЬЮ ""НИЖНЕВАРТОВСКИЕ КОММУНАЛЬНЫЕ СИСТЕМЫ""";"ОБЩЕСТВО С ОГРАНИЧЕННОЙ ОТВЕТСТВЕННОСТЬЮ ""НИЖНЕВАРТОВСКИЕ КОММУНАЛЬНЫЕ СИСТЕМЫ""";21.05.2026;03.06.2026;Закупка завершена;;;29.05.2026 11:00;
44-ФЗ;№0366200035626003590;Электронный аукцион;Поставка электрокардиостимуляторов для ГУЗ ТО «Тульская областная клиническая больница»;;'262710500830671050100100031010000244;;;9900000.00;RUB;0;;;;;;"ГОСУДАРСТВЕННОЕ УЧРЕЖДЕНИЕ ЗДРАВООХРАНЕНИЯ ТУЛЬСКОЙ ОБЛАСТИ ""ТУЛЬСКАЯ ОБЛАСТНАЯ КЛИНИЧЕСКАЯ БОЛЬНИЦА""";"ГОСУДАРСТВЕННОЕ КАЗЕННОЕ УЧРЕЖДЕНИЕ ТУЛЬСКОЙ ОБЛАСТИ ""ЦЕНТР ОРГАНИЗАЦИИ ЗАКУПОК""";22.05.2026;03.06.2026;Закупка завершена;;;01.06.2026;
44-ФЗ;№0172200004326000097;Электронный аукцион;"Поставка предметов первой необходимости для новорождённых для обеспечения деятельности пункта проката (электроколыбель; подножка для коляски; стульчик качалка для новорождённого (без электропривода); стульчик качалка для новорождённого (с электроприводом)";;'262780440045078040100100620010000244;;;5506706.34;RUB;0;;;;;;"САНКТ-ПЕТЕРБУРГСКОЕ ГОСУДАРСТВЕННОЕ БЮДЖЕТНОЕ УЧРЕЖДЕНИЕ СОЦИАЛЬНОГО ОБСЛУЖИВАНИЯ НАСЕЛЕНИЯ ""ЦЕНТР СОЦИАЛЬНОЙ ПОМОЩИ СЕМЬЕ И ДЕТЯМ КАЛИНИНСКОГО РАЙОНА САНКТ-ПЕТЕРБУРГА""";АДМИНИСТРАЦИЯ КАЛИНИНСКОГО РАЙОНА САНКТ-ПЕТЕРБУРГА;22.05.2026;03.06.2026;Закупка завершена;;;01.06.2026;
44-ФЗ;№0187200001726000548;Открытый конкурс в электронной форме;Выполнение работ по определению местоположения береговых линий (границ водных объектов), границ водоохранных зон и прибрежных защитных полос в границах муниципальных образований Ханты- Мансийского автономного округа - Югры;;'262860100188586010100100640027112244;;;12205500.00;RUB;0;;;;;;ДЕПАРТАМЕНТ НЕДРОПОЛЬЗОВАНИЯ И ПРИРОДНЫХ РЕСУРСОВ ХАНТЫ-МАНСИЙСКОГО АВТОНОМНОГО ОКРУГА - ЮГРЫ;ДЕПАРТАМЕНТ ГОСУДАРСТВЕННОГО ЗАКАЗА ХАНТЫ-МАНСИЙСКОГО АВТОНОМНОГО ОКРУГА - ЮГРЫ;13.05.2026;03.06.2026;Закупка завершена;;;29.05.2026;
44-ФЗ;№0372100049626000751;Электронный аукцион;Поставка интродьюсера для ввода медицинских инструментов при сердечно-сосудистых заболеваниях, неуправляемого;;'261780203042978140100100143670000244;;;14375869.77;RUB;0;;;;;;"ФЕДЕРАЛЬНОЕ ГОСУДАРСТВЕННОЕ БЮДЖЕТНОЕ УЧРЕЖДЕНИЕ ""НАЦИОНАЛЬНЫЙ МЕДИЦИНСКИЙ ИССЛЕДОВАТЕЛЬСКИЙ ЦЕНТР ИМЕНИ В.А. АЛМАЗОВА"" МИНИСТЕРСТВА ЗДРАВООХРАНЕНИЯ РОССИЙСКОЙ ФЕДЕРАЦИИ";"ФЕДЕРАЛЬНОЕ ГОСУДАРСТВЕННОЕ БЮДЖЕТНОЕ УЧРЕЖДЕНИЕ ""НАЦИОНАЛЬНЫЙ МЕДИЦИНСКИЙ ИССЛЕДОВАТЕЛЬСКИЙ ЦЕНТР ИМЕНИ В.А. АЛМАЗОВА"" МИНИСТЕРСТВА ЗДРАВООХРАНЕНИЯ РОССИЙСКОЙ ФЕДЕРАЦИИ";20.04.2026;03.06.2026;Закупка завершена;;;21.05.2026;
44-ФЗ;№0145300002926000015;Открытый конкурс в электронной форме;Благоустройство дворовой территории по адресу г. Любань, ул. Карла Либкнехта, д. 46;;'263471602458547160100100940014299244;;;6144396.11;RUB;0;;;;;;АДМИНИСТРАЦИЯ ЛЮБАНСКОГО ГОРОДСКОГО ПОСЕЛЕНИЯ ТОСНЕНСКОГО МУНИЦИПАЛЬНОГО РАЙОНА ЛЕНИНГРАДСКОЙ ОБЛАСТИ;АДМИНИСТРАЦИЯ ЛЮБАНСКОГО ГОРОДСКОГО ПОСЕЛЕНИЯ ТОСНЕНСКОГО МУНИЦИПАЛЬНОГО РАЙОНА ЛЕНИНГРАДСКОЙ ОБЛАСТИ;14.05.2026;03.06.2026;Закупка завершена;;;01.06.2026;
44-ФЗ;№0843500000226002490;Открытый конкурс в электронной форме на проведение работ по строительству, реконструкции, кап. ремонту, сносу объекта кап. строительства в соответствии с п. 8 ч. 1 ст. 33 Закона № 44-ФЗ;Капитальный ремонт корпуса поликлиники ГБУ «Курганский областной кардиологический диспансер», расположенного по адресу: г. Курган, ул. Володарского, 24;;'262450102094345010100100010014120243;;;87247000.00;RUB;0;;;;;;"ГОСУДАРСТВЕННОЕ БЮДЖЕТНОЕ УЧРЕЖДЕНИЕ ""КУРГАНСКИЙ ОБЛАСТНОЙ КАРДИОЛОГИЧЕСКИЙ ДИСПАНСЕР""";"ГОСУДАРСТВЕННОЕ КАЗЕННОЕ УЧРЕЖДЕНИЕ ""ЦЕНТР ЗАКУПОК И БУХГАЛТЕРСКОГО УЧЕТА КУРГАНСКОЙ ОБЛАСТИ""";07.05.2026;03.06.2026;Закупка завершена;;;01.06.2026;
44-ФЗ;№0172200002226000056;Открытый конкурс в электронной форме;Выполнение работ по капитальному ремонту и приведению в нормативное состояние помещений после демонтажа чаши бассейна с сопутствующими инженерными системами.;;'262781615722478160100100050014120243;;;8315632.17;RUB;0;;;;;;ГОСУДАРСТВЕННОЕ БЮДЖЕТНОЕ ОБЩЕОБРАЗОВАТЕЛЬНОЕ УЧРЕЖДЕНИЕ ГИМНАЗИЯ № 587 ФРУНЗЕНСКОГО РАЙОНА САНКТ-ПЕТЕРБУРГА;АДМИНИСТРАЦИЯ ФРУНЗЕНСКОГО РАЙОНА САНКТ-ПЕТЕРБУРГА;13.04.2026;03.06.2026;Закупка завершена;;;30.04.2026;
44-ФЗ;№0863500000626001282;Электронный аукцион;Поставка лекарственного(-ых) препарата(-ов) для медицинского применения (АФЛИБЕРЦЕПТ);;'262673100346367310100100030690000244;;;10184412.00;RUB;0;;;;;;"ОБЛАСТНОЕ ГОСУДАРСТВЕННОЕ БЮДЖЕТНОЕ  УЧРЕЖДЕНИЕ ЗДРАВООХРАНЕНИЯ ""СМОЛЕНСКАЯ ОБЛАСТНАЯ КЛИНИЧЕСКАЯ БОЛЬНИЦА""";"СМОЛЕНСКОЕ ОБЛАСТНОЕ ГОСУДАРСТВЕННОЕ КАЗЕННОЕ УЧРЕЖДЕНИЕ ""РЕГИОНАЛЬНЫЙ ЦЕНТР ЗАКУПОК""";22.05.2026;03.06.2026;Закупка завершена;;;01.06.2026;
44-ФЗ;№0863500000626001281;Электронный аукцион;Поставка лекарственного(-ых) препарата(-ов) для медицинского применения (АФЛИБЕРЦЕПТ);;'262673100346367310100100030650000244;;;10498657.21;RUB;0;;;;;;"ОБЛАСТНОЕ ГОСУДАРСТВЕННОЕ БЮДЖЕТНОЕ  УЧРЕЖДЕНИЕ ЗДРАВООХРАНЕНИЯ ""СМОЛЕНСКАЯ ОБЛАСТНАЯ КЛИНИЧЕСКАЯ БОЛЬНИЦА""";"СМОЛЕНСКОЕ ОБЛАСТНОЕ ГОСУДАРСТВЕННОЕ КАЗЕННОЕ УЧРЕЖДЕНИЕ ""РЕГИОНАЛЬНЫЙ ЦЕНТР ЗАКУПОК""";22.05.2026;03.06.2026;Закупка завершена;;;01.06.2026;
44-ФЗ;№0142200001326010738;Открытый конкурс в электронной форме;«Вип Детство» – создание детской спортивно-игровой площадки с благоустройством прилегающей территории по ул. Нефтяников 8 в селе Чубовка»;;'263635000963563500100100050014399244;;;9302526.59;RUB;0;;;;;;АДМИНИСТРАЦИЯ СЕЛЬСКОГО ПОСЕЛЕНИЯ ЧУБОВКА МУНИЦИПАЛЬНОГО РАЙОНА КИНЕЛЬСКИЙ САМАРСКОЙ ОБЛАСТИ;КОМИТЕТ ПО ОРГАНИЗАЦИИ ТОРГОВ САМАРСКОЙ ОБЛАСТИ;08.05.2026;03.06.2026;Закупка завершена;;;25.05.2026;
44-ФЗ;№0873200009826002326;Электронный аукцион;Аукцион в электронной форме на право заключения контракта на поставку лекарственных препаратов (Панкреатин) для обеспечения граждан, имеющих право на получение государственной социальной помощи в городе Москве (УНЗ Z2618732 - повторная закупка);;'262771433860977140100119740010000323;;;5365800.00;RUB;0;;;;;;"ГОСУДАРСТВЕННОЕ КАЗЕННОЕ УЧРЕЖДЕНИЕ ГОРОДА МОСКВЫ ""АГЕНТСТВО ПО ЗАКУПКАМ (КОНТРАКТНАЯ СЛУЖБА) ДЕПАРТАМЕНТА ЗДРАВООХРАНЕНИЯ ГОРОДА МОСКВЫ""";"ГОСУДАРСТВЕННОЕ КАЗЕННОЕ УЧРЕЖДЕНИЕ ГОРОДА МОСКВЫ ""АГЕНТСТВО ПО ЗАКУПКАМ (КОНТРАКТНАЯ СЛУЖБА) ДЕПАРТАМЕНТА ЗДРАВООХРАНЕНИЯ ГОРОДА МОСКВЫ""";22.05.2026;03.06.2026;Закупка завершена;;;01.06.2026;
44-ФЗ;№0873200009826002275;Электронный аукцион;Аукцион в электронной форме на право заключения контракта на поставку лекарственных препаратов (Арипипразол) для обеспечения граждан, имеющих право на получение государственной социальной помощи в городе Москве (УНЗ Z2618632);;'262771433860977140100119750010000323;;;9676800.00;RUB;0;;;;;;"ГОСУДАРСТВЕННОЕ КАЗЕННОЕ УЧРЕЖДЕНИЕ ГОРОДА МОСКВЫ ""АГЕНТСТВО ПО ЗАКУПКАМ (КОНТРАКТНАЯ СЛУЖБА) ДЕПАРТАМЕНТА ЗДРАВООХРАНЕНИЯ ГОРОДА МОСКВЫ""";"ГОСУДАРСТВЕННОЕ КАЗЕННОЕ УЧРЕЖДЕНИЕ ГОРОДА МОСКВЫ ""АГЕНТСТВО ПО ЗАКУПКАМ (КОНТРАКТНАЯ СЛУЖБА) ДЕПАРТАМЕНТА ЗДРАВООХРАНЕНИЯ ГОРОДА МОСКВЫ""";22.05.2026;03.06.2026;Закупка завершена;;;01.06.2026;
44-ФЗ;№0815500000526007518;Электронный аукцион;Поставка лекарственных препаратов ИБРУТИНИБ;;'262212600312321300100100074710000000;;;63607005.00;RUB;0;;;;;;"ГОСУДАРСТВЕННОЕ УНИТАРНОЕ ПРЕДПРИЯТИЕ ЧУВАШСКОЙ РЕСПУБЛИКИ ""ФАРМАЦИЯ"" МИНИСТЕРСТВА ЗДРАВООХРАНЕНИЯ ЧУВАШСКОЙ РЕСПУБЛИКИ";"КАЗЕННОЕ УЧРЕЖДЕНИЕ ЧУВАШСКОЙ РЕСПУБЛИКИ ""РЕГИОНАЛЬНЫЙ ЦЕНТР ЗАКУПОК ЧУВАШСКОЙ РЕСПУБЛИКИ""";22.05.2026;03.06.2026;Закупка завершена;;;01.06.2026;
44-ФЗ;№0172200002526000254;Открытый конкурс в электронной форме;Выполнение работ по ремонту, реставрации и приспособлению для современного использования территории курдонёра в границах объекта культурного наследия федерального значения «Дворец Шереметевых» по адресу: Санкт-Петербург, набережная реки Фонтанки, д.34, лит А.;;'262782544688978400100100480014399243;;;111037666.55;RUB;0;;;;;;"САНКТ-ПЕТЕРБУРГСКОЕ ГОСУДАРСТВЕННОЕ БЮДЖЕТНОЕ УЧРЕЖДЕНИЕ КУЛЬТУРЫ ""САНКТ-ПЕТЕРБУРГСКИЙ ГОСУДАРСТВЕННЫЙ МУЗЕЙ ТЕАТРАЛЬНОГО И МУЗЫКАЛЬНОГО ИСКУССТВА""";КОМИТЕТ ПО ГОСУДАРСТВЕННОМУ ЗАКАЗУ САНКТ-ПЕТЕРБУРГА;12.05.2026;03.06.2026;Закупка завершена;;;29.05.2026;
44-ФЗ;№0142200001326011592;Электронный аукцион;Поставка продуктов питания (фрукты);;262633004999063300100100050110000244, 262633005100463300100100010040000244, 263633001375363300100100040100000323, 262633000125063300100100060010000244, 262633005300163300100100150010000244, 263633000097063300100100070020000323, 263633000589763300100100160020000244, 262633001962863300100100220110000244, 262633004998263300100100030140000244, 262633005800063300100100090010000244, 262633005160763300100100070010000244, 262633005170263300100100130010000244;;;6111440.18;RUB;0;;;;;;;КОМИТЕТ ПО ОРГАНИЗАЦИИ ТОРГОВ САМАРСКОЙ ОБЛАСТИ;21.05.2026;03.06.2026;Закупка завершена;;;01.06.2026;
44-ФЗ;№0101500000326000122;Открытый конкурс в электронной форме на проведение работ по строительству, реконструкции, кап. ремонту, сносу объекта кап. строительства в соответствии с п. 8 ч. 1 ст. 33 Закона № 44-ФЗ;Капитальный ремонт здания  МБОУ СОШ №2 им. Героя РФ Сафина А.М. с. Раевский МР Альшеевский район Республики Башкортостан, расположенного по адресу: РБ, Альшеевский район, с. Раевский, ул. Кускова, 36В;;'263020200495302020100100150014120243;;;125200323.51;RUB;0;;;;;;МУНИЦИПАЛЬНОЕ БЮДЖЕТНОЕ ОБЩЕОБРАЗОВАТЕЛЬНОЕ УЧРЕЖДЕНИЕ СРЕДНЯЯ ОБЩЕОБРАЗОВАТЕЛЬНАЯ ШКОЛА №2 ИМЕНИ ГЕРОЯ РОССИЙСКОЙ ФЕДЕРАЦИИ САФИНА АЛМАЗА МИНИГАЛЕЕВИЧА С. РАЕВСКИЙ МУНИЦИПАЛЬНОГО РАЙОНА АЛЬШЕЕВСКИЙ РАЙОН РЕСПУБЛИКИ БАШКОРТОСТАН;ГОСУДАРСТВЕННЫЙ КОМИТЕТ РЕСПУБЛИКИ БАШКОРТОСТАН ПО КОНКУРЕНТНОЙ ПОЛИТИКЕ;15.05.2026;03.06.2026;Закупка завершена;;;01.06.2026;
44-ФЗ;№0142200001326011717;Электронный аукцион;Поставка продуктов питания (овощи);;262636720018963670100101020050000244, 262636720035863670100100040140000323, 262633005270663300100100030050000244, 262633005080463300100100040030000244, 262633008257063300100100140080000244, 262633005180863300100100050010113244, 262633005190363300100100040010113244, 262633007744363300100100860010113244, 262633005140663300100100050010113244;;;11603971.50;RUB;0;;;;;;;КОМИТЕТ ПО ОРГАНИЗАЦИИ ТОРГОВ САМАРСКОЙ ОБЛАСТИ;22.05.2026;03.06.2026;Закупка завершена;;;01.06.2026;
44-ФЗ;№0366200035626003432;Электронный аукцион на проведение работ по строительству, реконструкции, кап. ремонту, сносу объекта кап. строительства в соответствии с п. 8 ч. 1 ст. 33 Закона № 44-ФЗ;"Выполнение работ по капитальному ремонту здания учебного корпуса №2 ГПОУ ТО ""СХКБ им. И.А. Стебута"", по адресу: Тульская область, г. Богородицк, ул. Совхоз-техникум, стр. 2а"" (кровля), в рамках федерального проекта «Профессионалитет»";;'262711200022771120100100420084120243;;;9368504.01;RUB;0;;;;;;"ГОСУДАРСТВЕННОЕ ПРОФЕССИОНАЛЬНОЕ ОБРАЗОВАТЕЛЬНОЕ УЧРЕЖДЕНИЕ ТУЛЬСКОЙ ОБЛАСТИ ""СЕЛЬСКОХОЗЯЙСТВЕННЫЙ КОЛЛЕДЖ ""БОГОРОДИЦКИЙ"" ИМЕНИ И.А. СТЕБУТА""";"ГОСУДАРСТВЕННОЕ КАЗЕННОЕ УЧРЕЖДЕНИЕ ТУЛЬСКОЙ ОБЛАСТИ ""ЦЕНТР ОРГАНИЗАЦИИ ЗАКУПОК""";19.05.2026;03.06.2026;Закупка завершена;;;28.05.2026;
44-ФЗ;№0366200035626003584;Электронный аукцион;Вывоз строительного мусора после обрушения аварийных домов на территории муниципального образования Богородицкий район;;'263711200405271120100100720023811244;;;6761382.39;RUB;0;;;;;;АДМИНИСТРАЦИЯ МУНИЦИПАЛЬНОГО ОБРАЗОВАНИЯ БОГОРОДИЦКИЙ РАЙОН;"ГОСУДАРСТВЕННОЕ КАЗЕННОЕ УЧРЕЖДЕНИЕ ТУЛЬСКОЙ ОБЛАСТИ ""ЦЕНТР ОРГАНИЗАЦИИ ЗАКУПОК""";22.05.2026;03.06.2026;Закупка завершена;;;01.06.2026;
44-ФЗ;№0173100011926000039;Электронный аукцион;Оказание услуг по приобретению (передаче) неисключительных прав (лицензий) на использование программного обеспечения  и сертификатов на техническую поддержку для функционирования информационно-телекоммуникационной инфраструктуры Росстата (ИТКИ Росстата);;'261770823464077080100100970010000242;;;102646213.50;RUB;0;;;;;;ФЕДЕРАЛЬНАЯ СЛУЖБА ГОСУДАРСТВЕННОЙ СТАТИСТИКИ;ФЕДЕРАЛЬНАЯ СЛУЖБА ГОСУДАРСТВЕННОЙ СТАТИСТИКИ;22.05.2026;03.06.2026;Закупка завершена;;;01.06.2026;
44-ФЗ;№0815500000526006942;Открытый конкурс в электронной форме;"Ремонт автомобильной дороги ""Цивильск – Красноармейское – Кюль-Сирма"" – Серткасы (подъезд к д. Серткасы)";;'263213700008221370100100860014211244;;;27369960.90;RUB;0;;;;;;АДМИНИСТРАЦИЯ КРАСНОАРМЕЙСКОГО МУНИЦИПАЛЬНОГО ОКРУГА ЧУВАШСКОЙ РЕСПУБЛИКИ;"КАЗЕННОЕ УЧРЕЖДЕНИЕ ЧУВАШСКОЙ РЕСПУБЛИКИ ""РЕГИОНАЛЬНЫЙ ЦЕНТР ЗАКУПОК ЧУВАШСКОЙ РЕСПУБЛИКИ""";13.05.2026;03.06.2026;Закупка завершена;;;01.06.2026;
44-ФЗ;№0337400000726000444;Электронный аукцион;Поставка и монтаж вентиляционного оборудования;;'261771404207040254300101620012825244;;;5100000.00;RUB;0;;;;;;"МЕДИЦИНСКИЙ РАДИОЛОГИЧЕСКИЙ НАУЧНЫЙ ЦЕНТР ИМЕНИ А.Ф. ЦЫБА - ФИЛИАЛ ФЕДЕРАЛЬНОГО ГОСУДАРСТВЕННОГО БЮДЖЕТНОГО УЧРЕЖДЕНИЯ ""НАЦИОНАЛЬНЫЙ МЕДИЦИНСКИЙ ИССЛЕДОВАТЕЛЬСКИЙ ЦЕНТР РАДИОЛОГИИ"" МИНИСТЕРСТВА ЗДРАВООХРАНЕНИЯ РОССИЙСКОЙ ФЕДЕРАЦИИ";"МЕДИЦИНСКИЙ РАДИОЛОГИЧЕСКИЙ НАУЧНЫЙ ЦЕНТР ИМЕНИ А.Ф. ЦЫБА - ФИЛИАЛ ФЕДЕРАЛЬНОГО ГОСУДАРСТВЕННОГО БЮДЖЕТНОГО УЧРЕЖДЕНИЯ ""НАЦИОНАЛЬНЫЙ МЕДИЦИНСКИЙ ИССЛЕДОВАТЕЛЬСКИЙ ЦЕНТР РАДИОЛОГИИ"" МИНИСТЕРСТВА ЗДРАВООХРАНЕНИЯ РОССИЙСКОЙ ФЕДЕРАЦИИ";22.05.2026;03.06.2026;Закупка завершена;;;01.06.2026;
44-ФЗ;№0366200035626003592;Электронный аукцион;Оказание услуг по техническому обслуживанию, диагностике неисправностей и ремонту линейных ускорителей;;'262710501529371050100100100120000244;;;27458000.00;RUB;0;;;;;;"ГОСУДАРСТВЕННОЕ УЧРЕЖДЕНИЕ ЗДРАВООХРАНЕНИЯ ""ТУЛЬСКИЙ ОБЛАСТНОЙ КЛИНИЧЕСКИЙ ОНКОЛОГИЧЕСКИЙ ДИСПАНСЕР""";"ГОСУДАРСТВЕННОЕ КАЗЕННОЕ УЧРЕЖДЕНИЕ ТУЛЬСКОЙ ОБЛАСТИ ""ЦЕНТР ОРГАНИЗАЦИИ ЗАКУПОК""";22.05.2026;03.06.2026;Закупка завершена;;;01.06.2026;
44-ФЗ;№0145300013126000076;Открытый конкурс в электронной форме;"Капитальный ремонт здания детского сада МБДОУ ""Ефимовский детский сад комбинированного вида"" по адресу: 187620, Ленинградская область, Бокситогорский муниципальный район, г.п. Ефимовский, 1 микрорайон, дом 1";;'263470100410647150100100210014120243;;;55800000.00;RUB;0;;;;;;"МУНИЦИПАЛЬНОЕ БЮДЖЕТНОЕ  ДОШКОЛЬНОЕ ОБРАЗОВАТЕЛЬНОЕ УЧРЕЖДЕНИЕ ""ЕФИМОВСКИЙ ДЕТСКИЙ САД КОМБИНИРОВАННОГО ВИДА""";АДМИНИСТРАЦИЯ БОКСИТОГОРСКОГО МУНИЦИПАЛЬНОГО РАЙОНА ЛЕНИНГРАДСКОЙ ОБЛАСТИ;09.04.2026;03.06.2026;Закупка завершена;;;27.04.2026;
44-ФЗ;№0142200001326010892;Открытый конкурс в электронной форме;«Дорога по Молодёжной» - устройство асфальтобетонного покрытия дороги по ул. Молодёжной в поселке городского типа Алексеевка;;'263635001398463500100100160014299244;;;10638626.05;RUB;0;;;;;;УПРАВЛЕНИЕ АРХИТЕКТУРЫ И ГРАДОСТРОИТЕЛЬСТВА АДМИНИСТРАЦИИ ГОРОДСКОГО ОКРУГА КИНЕЛЬ САМАРСКОЙ ОБЛАСТИ;КОМИТЕТ ПО ОРГАНИЗАЦИИ ТОРГОВ САМАРСКОЙ ОБЛАСТИ;13.05.2026;03.06.2026;Закупка завершена;;;29.05.2026;
44-ФЗ;№0103200008426004568;Электронный аукцион;Поставка пассажирских микроавтобусов ГАЗель NEXT или эквивалент;;'262056204588105720100100150012910244;;;19932000.00;RUB;0;;;;;;МИНИСТЕРСТВО ПО ФИЗИЧЕСКОЙ КУЛЬТУРЕ И СПОРТУ РЕСПУБЛИКИ ДАГЕСТАН;КОМИТЕТ ПО ГОСУДАРСТВЕННЫМ ЗАКУПКАМ РЕСПУБЛИКИ ДАГЕСТАН;20.05.2026;03.06.2026;Закупка завершена;;;01.06.2026;
44-ФЗ;№0368100010826000144;Электронный аукцион;Выполнение работ по текущему ремонту кровли средней части между двумя блоками здания учебно-научного комплекса № 1;;'261730300200073250100101980014391244;;;9501192.85;RUB;0;;;;;;"ФЕДЕРАЛЬНОЕ ГОСУДАРСТВЕННОЕ БЮДЖЕТНОЕ ОБРАЗОВАТЕЛЬНОЕ УЧРЕЖДЕНИЕ ВЫСШЕГО ОБРАЗОВАНИЯ ""УЛЬЯНОВСКИЙ ИНСТИТУТ ГРАЖДАНСКОЙ АВИАЦИИ ИМЕНИ ГЛАВНОГО МАРШАЛА АВИАЦИИ Б.П. БУГАЕВА""";"ФЕДЕРАЛЬНОЕ ГОСУДАРСТВЕННОЕ БЮДЖЕТНОЕ ОБРАЗОВАТЕЛЬНОЕ УЧРЕЖДЕНИЕ ВЫСШЕГО ОБРАЗОВАНИЯ ""УЛЬЯНОВСКИЙ ИНСТИТУТ ГРАЖДАНСКОЙ АВИАЦИИ ИМЕНИ ГЛАВНОГО МАРШАЛА АВИАЦИИ Б.П. БУГАЕВА""";22.05.2026;03.06.2026;Закупка завершена;;;01.06.2026;
44-ФЗ;№0145200000426000636;Открытый конкурс в электронной форме;"Выполнение работ по разработке проектной документации по объекту: ""Проектирование и реконструкция павильона входной зоны на 250 тыс. посетителей в год, функционально связанный с популяризацией музея-заповедника ""Прорыв блокады Ленинграда"" и благоустройства территории"" по адресу: Ленинградская область, Кировский муниципальный район, Кировское городское поселение, г. Кировск (кадастровый номер земельного участка 47:16:0000000:42158)";;'262470305397347030100100420017112414;;;77308622.94;RUB;0;;;;;;"ГОСУДАРСТВЕННОЕ КАЗЕННОЕ УЧРЕЖДЕНИЕ ""УПРАВЛЕНИЕ СТРОИТЕЛЬСТВА ЛЕНИНГРАДСКОЙ ОБЛАСТИ""";КОМИТЕТ ГОСУДАРСТВЕННОГО ЗАКАЗА ЛЕНИНГРАДСКОЙ ОБЛАСТИ;24.04.2026;03.06.2026;Закупка завершена;;;14.05.2026;
44-ФЗ;№0158200001326000791;Электронный аукцион;Закупка специализированных продуктов лечебного питания для обеспечения граждан Российской Федерации, проживающих на территории Ростовской области и имеющих право на получение лекарственных препаратов, медицинских изделий, а также специализированных продуктов лечебного питания в соответствии с Федеральным законом от 21.11.2011 №323-ФЗ «Об основах охраны здоровья граждан в Российской Федерации» для субъектов малого предпринимательства и социально-ориентированных организаций (Специализированный продукт лечебного питания);;'262616304981461660100101120461086323;;;6480940.01;RUB;0;;;;;;МИНИСТЕРСТВО ЗДРАВООХРАНЕНИЯ РОСТОВСКОЙ ОБЛАСТИ;МИНИСТЕРСТВО ЗДРАВООХРАНЕНИЯ РОСТОВСКОЙ ОБЛАСТИ;21.05.2026;03.06.2026;Закупка завершена;;;01.06.2026;
223-ФЗ;№32616018199;Иной способ;КО №3464/КО - Передвижная мастерская (D26P200772);;;1;Передвижная мастерская;7300000.00;RUB;7300000.00;;;;29.10.59.390: Средства автотранспортные специального назначения прочие, не включенные в другие группировки;;"ПУБЛИЧНОЕ АКЦИОНЕРНОЕ  ОБЩЕСТВО  ""ТЕРРИТОРИАЛЬНАЯ  ГЕНЕРИРУЮЩАЯ  КОМПАНИЯ   №1""";"ОБЩЕСТВО С ОГРАНИЧЕННОЙ ОТВЕТСТВЕННОСТЬЮ ""ГЭХ ЗАКУПКИ""";18.05.2026;03.06.2026;Закупка завершена;;;26.05.2026 10:00;
44-ФЗ;№0853500000326003402;Открытый конкурс в электронной форме;Ремонт автомобильных дорог по ул.Свердлова от ул.Уральской до ул.Володарского в г.Соль-Илецк Оренбургской области, по ул.Володарского от ул.Орской до ул.Александрова в г.Соль-Илецк Оренбургской области;;'263564603189156460100100300014211244;;;17522000.00;RUB;0;;;;;;"МУНИЦИПАЛЬНОЕ КАЗЕННОЕ УЧРЕЖДЕНИЕ ""УПРАВЛЕНИЕ ГОРОДСКОГО ХОЗЯЙСТВА СОЛЬ-ИЛЕЦКОГО МУНИЦИПАЛЬНОГО ОКРУГА""";"ГОСУДАРСТВЕННОЕ КАЗЕННОЕ УЧРЕЖДЕНИЕ ОРЕНБУРГСКОЙ ОБЛАСТИ ""ЦЕНТР ОРГАНИЗАЦИИ ЗАКУПОК""";14.05.2026;03.06.2026;Закупка завершена;;;01.06.2026;
44-ФЗ;№0358100022826000185;Электронный аукцион;Поставка лекарственного препарата для медицинского применения (МНН-БЛИНАТУМОМАБ) ;;'261616303285061630100100080992120244;;;5187218.90;RUB;0;;;;;;"ФЕДЕРАЛЬНОЕ ГОСУДАРСТВЕННОЕ БЮДЖЕТНОЕ ОБРАЗОВАТЕЛЬНОЕ УЧРЕЖДЕНИЕ ВЫСШЕГО ОБРАЗОВАНИЯ ""РОСТОВСКИЙ ГОСУДАРСТВЕННЫЙ МЕДИЦИНСКИЙ УНИВЕРСИТЕТ"" МИНИСТЕРСТВА ЗДРАВООХРАНЕНИЯ РОССИЙСКОЙ ФЕДЕРАЦИИ";"ФЕДЕРАЛЬНОЕ ГОСУДАРСТВЕННОЕ БЮДЖЕТНОЕ ОБРАЗОВАТЕЛЬНОЕ УЧРЕЖДЕНИЕ ВЫСШЕГО ОБРАЗОВАНИЯ ""РОСТОВСКИЙ ГОСУДАРСТВЕННЫЙ МЕДИЦИНСКИЙ УНИВЕРСИТЕТ"" МИНИСТЕРСТВА ЗДРАВООХРАНЕНИЯ РОССИЙСКОЙ ФЕДЕРАЦИИ";22.05.2026;03.06.2026;Закупка завершена;;;01.06.2026;
223-ФЗ;№32615965975;Конкурс в электронной форме, участниками которого могут быть только субъекты малого и среднего предпринимательства;"Поставка канцелярских товаров для нужд Исполнительного аппарата и филиалов ПАО ""Россети Северный Кавказ""";;;1;"Поставка канцелярских товаров для нужд Исполнительного аппарата и филиалов ПАО ""Россети Северный Кавказ""";61667108.80;RUB;61667108.80;;;;17: Бумага и изделия из бумаги;;"ПУБЛИЧНОЕ АКЦИОНЕРНОЕ ОБЩЕСТВО ""РОССЕТИ СЕВЕРНЫЙ КАВКАЗ""";"ПУБЛИЧНОЕ АКЦИОНЕРНОЕ ОБЩЕСТВО ""РОССЕТИ СЕВЕРНЫЙ КАВКАЗ""";29.04.2026;03.06.2026;Закупка завершена;;;18.05.2026 12:00;
44-ФЗ;№0103200008426004211;Открытый конкурс в электронной форме;"Благоустройство двора и ремонтные работы пищеблока  МКОУ ""Муниская СОШ"" в с.Муни Ботлихского района РД";;'263050600615905060100100020024120243;;;7276250.00;RUB;0;;;;;;"МУНИЦИПАЛЬНОЕ КАЗЕННОЕ ОБЩЕОБРАЗОВАТЕЛЬНОЕ УЧРЕЖДЕНИЕ ""МУНИНСКАЯ СРЕДНЯЯ ОБЩЕОБРАЗОВАТЕЛЬНАЯ ШКОЛА ИМЕНИ МАГОМЕДА ХАМДУЛАЕВИЧА АХМЕДУДИНОВА"" МУНИЦИПАЛЬНОГО РАЙОНА ""БОТЛИХСКИЙ РАЙОН""";КОМИТЕТ ПО ГОСУДАРСТВЕННЫМ ЗАКУПКАМ РЕСПУБЛИКИ ДАГЕСТАН;13.05.2026;03.06.2026;Закупка завершена;;;01.06.2026;
44-ФЗ;№0187200001726000549;Открытый конкурс в электронной форме;Выполнение инженерных изысканий, разработка проектной документации по объекту: Зимняя автомобильная дорога «пгт. Приобье - с. Перегребное» , в том числе  «Подъезд к с. Перегребное»  в т. ч. л/переправы через: пр. Ехалпосл, пр. Ун-Хобыстпосл, пр. Пугорас, пр. Пугорас, р. Обь;;'262860100987786010100102080017112244;;;20667666.67;RUB;0;;;;;;"КАЗЕННОЕ УЧРЕЖДЕНИЕ ХАНТЫ-МАНСИЙСКОГО АВТОНОМНОГО ОКРУГА - ЮГРЫ ""УПРАВЛЕНИЕ АВТОМОБИЛЬНЫХ ДОРОГ""";ДЕПАРТАМЕНТ ГОСУДАРСТВЕННОГО ЗАКАЗА ХАНТЫ-МАНСИЙСКОГО АВТОНОМНОГО ОКРУГА - ЮГРЫ;13.05.2026;03.06.2026;Закупка завершена;;;29.05.2026;
