Закупки по;Реестровый номер закупки;Способ определения поставщика (подрядчика, исполнителя), подрядной организации (размещения закупки);Наименование закупки;Предмет электронного аукциона (только для ПП РФ 615);Идентификационный код закупки;Номер лота;Наименование лота;Начальная (максимальная) цена контракта;Валюта;Начальная (максимальная) цена в валюте контракта;Валюта контракта;Классификация по ОКДП;Классификация по ОКПД;Классификация по ОКПД2;Код позиции;Наименование Заказчика;Организация, осуществляющая размещение ;Дата размещения;Дата обновления;Этап закупки;Особенности размещения заказа\ Преимущества (44-ФЗ);Дата начала подачи заявок;Дата окончания подачи заявок;Дата проведения электронного аукциона
44-ФЗ;№0373200082126000204;Электронный аукцион;Поставка смеси асфальтобетонной;;'262770203815077020100106890010000000;;;20196826.64;RUB;0;;;;;;"ГОСУДАРСТВЕННОЕ УНИТАРНОЕ ПРЕДПРИЯТИЕ ГОРОДА МОСКВЫ ""МОСКОВСКИЙ ОРДЕНА ЛЕНИНА И ОРДЕНА ТРУДОВОГО КРАСНОГО ЗНАМЕНИ МЕТРОПОЛИТЕН ИМЕНИ В.И.ЛЕНИНА""";"ГОСУДАРСТВЕННОЕ КАЗЕННОЕ УЧРЕЖДЕНИЕ ГОРОДА МОСКВЫ ""ДИРЕКЦИЯ ТРАНСПОРТНЫХ ЗАКУПОК""";21.05.2026;02.06.2026;Закупка завершена;;;29.05.2026;
44-ФЗ;№0187300014726001040;Электронный аукцион;Приобретение жилого помещения (однокомнатной квартиры), расположенного на территории г.п. Белый Яр, пгт. Белый Яр, Сургутский район, Ханты-Мансийский автономный округ - Югра.;;'263861701998386170100103960016810412;;;5041890.60;RUB;0;;;;;;ДЕПАРТАМЕНТ УПРАВЛЕНИЯ МУНИЦИПАЛЬНЫМ ИМУЩЕСТВОМ И ЖИЛИЩНОЙ ПОЛИТИКИ АДМИНИСТРАЦИИ СУРГУТСКОГО РАЙОНА;АДМИНИСТРАЦИЯ СУРГУТСКОГО РАЙОНА;22.05.2026;02.06.2026;Закупка завершена;;;01.06.2026;
44-ФЗ;№0187300014726001059;Электронный аукцион;Приобретение жилого помещения (однокомнатной квартиры), расположенного на территории г.п. Белый Яр, пгт. Белый Яр, Сургутский район, Ханты-Мансийский автономный округ - Югра.;;'263861701998386170100103770016810412;;;5031253.70;RUB;0;;;;;;ДЕПАРТАМЕНТ УПРАВЛЕНИЯ МУНИЦИПАЛЬНЫМ ИМУЩЕСТВОМ И ЖИЛИЩНОЙ ПОЛИТИКИ АДМИНИСТРАЦИИ СУРГУТСКОГО РАЙОНА;АДМИНИСТРАЦИЯ СУРГУТСКОГО РАЙОНА;22.05.2026;02.06.2026;Закупка завершена;;;01.06.2026;
44-ФЗ;№0187300014726001032;Электронный аукцион;Приобретение жилого помещения (однокомнатной квартиры), расположенного на территории г.п. Белый Яр, пгт. Белый Яр, Сургутский район, Ханты-Мансийский автономный округ - Югра.;;'263861701998386170100103900016810412;;;5031253.70;RUB;0;;;;;;ДЕПАРТАМЕНТ УПРАВЛЕНИЯ МУНИЦИПАЛЬНЫМ ИМУЩЕСТВОМ И ЖИЛИЩНОЙ ПОЛИТИКИ АДМИНИСТРАЦИИ СУРГУТСКОГО РАЙОНА;АДМИНИСТРАЦИЯ СУРГУТСКОГО РАЙОНА;22.05.2026;02.06.2026;Закупка завершена;;;01.06.2026;
44-ФЗ;№0356500001426004251;Открытый конкурс в электронной форме;"Ремонт участка автомобильной дороги ""Кормовище-Матвеево"" Лысьвенского муниципального округа Пермского края ( км 14+050 - км 15+450)";;'263591884020359180100100080010000244;;;24661626.78;RUB;0;;;;;;"МУНИЦИПАЛЬНОЕ БЮДЖЕТНОЕ УЧРЕЖДЕНИЕ ""БЛАГОУСТРОЙСТВО""";"ГОСУДАРСТВЕННОЕ КАЗЕННОЕ УЧРЕЖДЕНИЕ ПЕРМСКОГО КРАЯ ""ЦЕНТР ОРГАНИЗАЦИИ ЗАКУПОК""";15.05.2026;02.06.2026;Закупка завершена;;;01.06.2026;
44-ФЗ;№0187300014726001057;Электронный аукцион;Приобретение жилого помещения (однокомнатной квартиры), расположенного на территории г.п. Белый Яр, пгт. Белый Яр, Сургутский район, Ханты-Мансийский автономный округ - Югра.;;'263861701998386170100103780016810412;;;5031253.70;RUB;0;;;;;;ДЕПАРТАМЕНТ УПРАВЛЕНИЯ МУНИЦИПАЛЬНЫМ ИМУЩЕСТВОМ И ЖИЛИЩНОЙ ПОЛИТИКИ АДМИНИСТРАЦИИ СУРГУТСКОГО РАЙОНА;АДМИНИСТРАЦИЯ СУРГУТСКОГО РАЙОНА;22.05.2026;02.06.2026;Закупка завершена;;;01.06.2026;
44-ФЗ;№0187300014726001041;Электронный аукцион;Приобретение жилого помещения (однокомнатной квартиры), расположенного на территории г.п. Белый Яр, пгт. Белый Яр, Сургутский район, Ханты-Мансийский автономный округ - Югра.;;'263861701998386170100103860016810412;;;5031253.70;RUB;0;;;;;;ДЕПАРТАМЕНТ УПРАВЛЕНИЯ МУНИЦИПАЛЬНЫМ ИМУЩЕСТВОМ И ЖИЛИЩНОЙ ПОЛИТИКИ АДМИНИСТРАЦИИ СУРГУТСКОГО РАЙОНА;АДМИНИСТРАЦИЯ СУРГУТСКОГО РАЙОНА;22.05.2026;02.06.2026;Закупка завершена;;;01.06.2026;
44-ФЗ;№0187300014726001050;Электронный аукцион;Приобретение жилого помещения (однокомнатной квартиры), расположенного на территории г.п. Белый Яр, пгт. Белый Яр, Сургутский район, Ханты-Мансийский автономный округ - Югра.;;'263861701998386170100103820016810412;;;5031253.70;RUB;0;;;;;;ДЕПАРТАМЕНТ УПРАВЛЕНИЯ МУНИЦИПАЛЬНЫМ ИМУЩЕСТВОМ И ЖИЛИЩНОЙ ПОЛИТИКИ АДМИНИСТРАЦИИ СУРГУТСКОГО РАЙОНА;АДМИНИСТРАЦИЯ СУРГУТСКОГО РАЙОНА;22.05.2026;02.06.2026;Закупка завершена;;;01.06.2026;
44-ФЗ;№0187300014726001046;Электронный аукцион;Приобретение жилого помещения (однокомнатной квартиры), расположенного на территории г.п. Белый Яр, пгт. Белый Яр, Сургутский район, Ханты-Мансийский автономный округ - Югра.;;'263861701998386170100103840016810412;;;5031253.70;RUB;0;;;;;;ДЕПАРТАМЕНТ УПРАВЛЕНИЯ МУНИЦИПАЛЬНЫМ ИМУЩЕСТВОМ И ЖИЛИЩНОЙ ПОЛИТИКИ АДМИНИСТРАЦИИ СУРГУТСКОГО РАЙОНА;АДМИНИСТРАЦИЯ СУРГУТСКОГО РАЙОНА;22.05.2026;02.06.2026;Закупка завершена;;;01.06.2026;
44-ФЗ;№0356500001426004133;Открытый конкурс в электронной форме;Ремонт тротуара по адресу: рп. Уральский, ул. Московская от дома № 19а до дома № 23;;'263591603502559160100100300010000244;;;5909710.18;RUB;0;;;;;;"МУНИЦИПАЛЬНОЕ БЮДЖЕТНОЕ УЧРЕЖДЕНИЕ ""БЛАГОУСТРОЙСТВО""";"ГОСУДАРСТВЕННОЕ КАЗЕННОЕ УЧРЕЖДЕНИЕ ПЕРМСКОГО КРАЯ ""ЦЕНТР ОРГАНИЗАЦИИ ЗАКУПОК""";13.05.2026;02.06.2026;Закупка завершена;;;01.06.2026;
44-ФЗ;№0142200001326011594;Электронный аукцион;Поставка продуктов питания (овощи);;263633000097063300100100070010000323, 262633004999063300100100060010113244, 262633001962863300100100220100000244, 262633005030763300100100090010113244, 262633005170263300100100150010113244, 263633001375363300100100040080000323, 262633005300163300100100120010113244, 262633000125063300100100080010113244, 262633004998263300100100030010000244, 262633005100463300100100010010000244, 262633005800063300100100100010113244, 263633000589763300100100130020113244;;;6982015.95;RUB;0;;;;;;;КОМИТЕТ ПО ОРГАНИЗАЦИИ ТОРГОВ САМАРСКОЙ ОБЛАСТИ;21.05.2026;02.06.2026;Закупка завершена;;;29.05.2026;
44-ФЗ;№0162300012626000063;Электронный аукцион на проведение работ по строительству, реконструкции, кап. ремонту, сносу объекта кап. строительства в соответствии с п. 8 ч. 1 ст. 33 Закона № 44-ФЗ;Капитальный ремонт автомобильной дороги по адресу: Свердловская область, Камышловский район, от своротка по левой кромке автодороги п.Октябрьский-п.Маяк, до территории лыжной базы, расположенной в п.Октябрьский по ул. Новая,17;;'263664400129066330100100370014211243;;;13253028.09;RUB;0;;;;;;АДМИНИСТРАЦИЯ КАМЫШЛОВСКОГО МУНИЦИПАЛЬНОГО РАЙОНА СВЕРДЛОВСКОЙ ОБЛАСТИ;АДМИНИСТРАЦИЯ КАМЫШЛОВСКОГО МУНИЦИПАЛЬНОГО РАЙОНА СВЕРДЛОВСКОЙ ОБЛАСТИ;22.05.2026;02.06.2026;Закупка завершена;;;01.06.2026;
44-ФЗ;№0356500001426004136;Открытый конкурс в электронной форме;Благоустройство  территории МБОУ «Средняя общеобразовательная школа №6» по адресу: Пермский край, г. Лысьва, ул. Чайковского, 3.;;'263591821658859180100100030010000244;;;20150000.00;RUB;0;;;;;;УПРАВЛЕНИЕ КАПИТАЛЬНОГО СТРОИТЕЛЬСТВА АДМИНИСТРАЦИИ ЛЫСЬВЕНСКОГО МУНИЦИПАЛЬНОГО ОКРУГА;"ГОСУДАРСТВЕННОЕ КАЗЕННОЕ УЧРЕЖДЕНИЕ ПЕРМСКОГО КРАЯ ""ЦЕНТР ОРГАНИЗАЦИИ ЗАКУПОК""";13.05.2026;02.06.2026;Закупка завершена;;;01.06.2026;
44-ФЗ;№0363100011526000004;Электронный аукцион на проведение работ по строительству, реконструкции, кап. ремонту, сносу объекта кап. строительства в соответствии с п. 8 ч. 1 ст. 33 Закона № 44-ФЗ;Капитальный ремонт кровли здания общежития №2 ФГБОУ ВО СГМУ Минздрава России, расположенного по адресу: г. Смоленск, ул. Кирова, д. 50;;'261673100111367310100100220014391243;;;20028279.05;RUB;0;;;;;;"ФЕДЕРАЛЬНОЕ ГОСУДАРСТВЕННОЕ БЮДЖЕТНОЕ ОБРАЗОВАТЕЛЬНОЕ УЧРЕЖДЕНИЕ ВЫСШЕГО ОБРАЗОВАНИЯ ""СМОЛЕНСКИЙ ГОСУДАРСТВЕННЫЙ МЕДИЦИНСКИЙ УНИВЕРСИТЕТ"" МИНИСТЕРСТВА ЗДРАВООХРАНЕНИЯ РОССИЙСКОЙ ФЕДЕРАЦИИ";"ФЕДЕРАЛЬНОЕ ГОСУДАРСТВЕННОЕ БЮДЖЕТНОЕ ОБРАЗОВАТЕЛЬНОЕ УЧРЕЖДЕНИЕ ВЫСШЕГО ОБРАЗОВАНИЯ ""СМОЛЕНСКИЙ ГОСУДАРСТВЕННЫЙ МЕДИЦИНСКИЙ УНИВЕРСИТЕТ"" МИНИСТЕРСТВА ЗДРАВООХРАНЕНИЯ РОССИЙСКОЙ ФЕДЕРАЦИИ";22.05.2026;02.06.2026;Закупка завершена;;;01.06.2026;
44-ФЗ;№0173100012326000013;Электронный аукцион;Оказание услуг по приобретению проездных билетов для иностранного гражданина (лица без гражданства), подлежащего административному принудительному выдворению по решению судов за пределы Российской Федерации;;'261770427086377010100100710035110244;;;20000000.00;RUB;0;;;;;;ГЛАВНОЕ УПРАВЛЕНИЕ ФЕДЕРАЛЬНОЙ СЛУЖБЫ СУДЕБНЫХ ПРИСТАВОВ ПО Г. МОСКВЕ;ГЛАВНОЕ УПРАВЛЕНИЕ ФЕДЕРАЛЬНОЙ СЛУЖБЫ СУДЕБНЫХ ПРИСТАВОВ ПО Г. МОСКВЕ;22.05.2026;02.06.2026;Закупка завершена;;;01.06.2026;
44-ФЗ;№0173100012326000012;Электронный аукцион;Оказание услуг по приобретению проездных билетов для иностранного гражданина (лица без гражданства), подлежащего административному принудительному выдворению по решению судов за пределы Российской Федерации;;'261770427086377010100100710025110244;;;20000000.00;RUB;0;;;;;;ГЛАВНОЕ УПРАВЛЕНИЕ ФЕДЕРАЛЬНОЙ СЛУЖБЫ СУДЕБНЫХ ПРИСТАВОВ ПО Г. МОСКВЕ;ГЛАВНОЕ УПРАВЛЕНИЕ ФЕДЕРАЛЬНОЙ СЛУЖБЫ СУДЕБНЫХ ПРИСТАВОВ ПО Г. МОСКВЕ;22.05.2026;02.06.2026;Закупка завершена;;;01.06.2026;
44-ФЗ;№0325100016026000339;Электронный аукцион;Поставка медицинских изделий: Кардиовертер-дефибриллятор имплантируемый двухкамерный, МРТ совместимый;;'261301508168930150100100251620000244;;;17923680.00;RUB;0;;;;;;"ФЕДЕРАЛЬНОЕ ГОСУДАРСТВЕННОЕ БЮДЖЕТНОЕ УЧРЕЖДЕНИЕ ""ФЕДЕРАЛЬНЫЙ ЦЕНТР СЕРДЕЧНО-СОСУДИСТОЙ ХИРУРГИИ"" МИНИСТЕРСТВА ЗДРАВООХРАНЕНИЯ РОССИЙСКОЙ ФЕДЕРАЦИИ (Г. АСТРАХАНЬ)";"ФЕДЕРАЛЬНОЕ ГОСУДАРСТВЕННОЕ БЮДЖЕТНОЕ УЧРЕЖДЕНИЕ ""ФЕДЕРАЛЬНЫЙ ЦЕНТР СЕРДЕЧНО-СОСУДИСТОЙ ХИРУРГИИ"" МИНИСТЕРСТВА ЗДРАВООХРАНЕНИЯ РОССИЙСКОЙ ФЕДЕРАЦИИ (Г. АСТРАХАНЬ)";22.05.2026;02.06.2026;Закупка завершена;;;01.06.2026;
44-ФЗ;№0325100016026000340;Электронный аукцион;Поставка медицинских изделий: Кардиовертер-дефибриллятор имплантируемый трехкамерный (бивентрикулярный), МРТ совместимый;;'261301508168930150100100251630000244;;;7046280.00;RUB;0;;;;;;"ФЕДЕРАЛЬНОЕ ГОСУДАРСТВЕННОЕ БЮДЖЕТНОЕ УЧРЕЖДЕНИЕ ""ФЕДЕРАЛЬНЫЙ ЦЕНТР СЕРДЕЧНО-СОСУДИСТОЙ ХИРУРГИИ"" МИНИСТЕРСТВА ЗДРАВООХРАНЕНИЯ РОССИЙСКОЙ ФЕДЕРАЦИИ (Г. АСТРАХАНЬ)";"ФЕДЕРАЛЬНОЕ ГОСУДАРСТВЕННОЕ БЮДЖЕТНОЕ УЧРЕЖДЕНИЕ ""ФЕДЕРАЛЬНЫЙ ЦЕНТР СЕРДЕЧНО-СОСУДИСТОЙ ХИРУРГИИ"" МИНИСТЕРСТВА ЗДРАВООХРАНЕНИЯ РОССИЙСКОЙ ФЕДЕРАЦИИ (Г. АСТРАХАНЬ)";22.05.2026;02.06.2026;Закупка завершена;;;01.06.2026;
44-ФЗ;№0740300000126000481;Открытый конкурс в электронной форме;"Выполнение работ по строительству ""под ключ"" объекта «Многоквартирный жилой дом на земельном участке с адресом: г. Киров, ул. Короленко, земельный участок 6»";;'263434532877743450100100250014120407;;;89923600.00;RUB;0;;;;;;"МУНИЦИПАЛЬНОЕ БЮДЖЕТНОЕ УЧРЕЖДЕНИЕ ""УПРАВЛЕНИЕ КАПИТАЛЬНОГО СТРОИТЕЛЬСТВА""";"МУНИЦИПАЛЬНОЕ КАЗЕННОЕ УЧРЕЖДЕНИЕ ""ЦЕНТР ПРОВЕДЕНИЯ ТОРГОВ И ЭНЕРГОЭФФЕКТИВНОСТИ""";15.05.2026;02.06.2026;Закупка завершена;;;01.06.2026;
44-ФЗ;№0312300017326000126;Открытый конкурс в электронной форме на проведение работ по строительству, реконструкции, кап. ремонту, сносу объекта кап. строительства в соответствии с п. 8 ч. 1 ст. 33 Закона № 44-ФЗ;Капитальный ремонт фасада многоквартирного дома по адресу: г. Кызыл, ул. Дружбы д. 1/3;;'263170104500117010100100360480000243;;;5121867.75;RUB;0;;;;;;ДЕПАРТАМЕНТ КАПИТАЛЬНОГО СТРОИТЕЛЬСТВА И РЕАЛИЗАЦИИ ЖИЛИЩНЫХ ПРОГРАММ МЭРИИ ГОРОДА КЫЗЫЛА;МЭРИЯ ГОРОДА КЫЗЫЛА;30.04.2026;02.06.2026;Закупка завершена;;;20.05.2026;
44-ФЗ;№0348100015226000089;Электронный аукцион;Выполнение научно-исследовательских работ;;'261507701819050770100100730737211241;;;8200000.00;RUB;0;;;;;;"ФЕДЕРАЛЬНОЕ БЮДЖЕТНОЕ УЧРЕЖДЕНИЕ НАУКИ ""ГОСУДАРСТВЕННЫЙ НАУЧНЫЙ ЦЕНТР ПРИКЛАДНОЙ МИКРОБИОЛОГИИ И БИОТЕХНОЛОГИИ"" ФЕДЕРАЛЬНОЙ СЛУЖБЫ ПО НАДЗОРУ В СФЕРЕ ЗАЩИТЫ ПРАВ ПОТРЕБИТЕЛЕЙ И БЛАГОПОЛУЧИЯ ЧЕЛОВЕКА";"ФЕДЕРАЛЬНОЕ БЮДЖЕТНОЕ УЧРЕЖДЕНИЕ НАУКИ ""ГОСУДАРСТВЕННЫЙ НАУЧНЫЙ ЦЕНТР ПРИКЛАДНОЙ МИКРОБИОЛОГИИ И БИОТЕХНОЛОГИИ"" ФЕДЕРАЛЬНОЙ СЛУЖБЫ ПО НАДЗОРУ В СФЕРЕ ЗАЩИТЫ ПРАВ ПОТРЕБИТЕЛЕЙ И БЛАГОПОЛУЧИЯ ЧЕЛОВЕКА";20.05.2026;02.06.2026;Закупка завершена;;;01.06.2026;
44-ФЗ;№0119200000126009241;Электронный аукцион;ЭА-№-8882/26 «Поставка обуви для обучающихся КГБОУ «Ачинский кадетский корпус имени Героя Советского Союза Г.Г. Голубева»»;;'262244301469424430100100300011520244;;;5775699.26;RUB;0;;;;;;"КРАЕВОЕ ГОСУДАРСТВЕННОЕ БЮДЖЕТНОЕ ОБЩЕОБРАЗОВАТЕЛЬНОЕ УЧРЕЖДЕНИЕ ""АЧИНСКИЙ КАДЕТСКИЙ КОРПУС ИМЕНИ ГЕРОЯ СОВЕТСКОГО СОЮЗА Г.Г. ГОЛУБЕВА""";АГЕНТСТВО ГОСУДАРСТВЕННОГО ЗАКАЗА КРАСНОЯРСКОГО КРАЯ;21.05.2026;02.06.2026;Закупка завершена;;;29.05.2026;
44-ФЗ;№0173100011926000035;Открытый конкурс в электронной форме;"Выполнение научно-исследовательской работы по теме: ""Разработка рекомендаций по совершенствованию статистического и методического инструментария по проведению и формированию агрегированных показателей по итогам выборочных наблюдений по социально-демографическим проблемам (этап 2026 года)""";;'261770823464077080100100280017220241;;;12756400.00;RUB;0;;;;;;ФЕДЕРАЛЬНАЯ СЛУЖБА ГОСУДАРСТВЕННОЙ СТАТИСТИКИ;ФЕДЕРАЛЬНАЯ СЛУЖБА ГОСУДАРСТВЕННОЙ СТАТИСТИКИ;08.05.2026;02.06.2026;Закупка завершена;;;25.05.2026;
44-ФЗ;№0167200003426004441;Электронный аукцион;оказание услуг по уборке;;'262720300024972030100111260010000244;;;55017442.00;RUB;0;;;;;;"ГОСУДАРСТВЕННОЕ БЮДЖЕТНОЕ УЧРЕЖДЕНИЕ ЗДРАВООХРАНЕНИЯ ТЮМЕНСКОЙ ОБЛАСТИ ""ОБЛАСТНАЯ КЛИНИЧЕСКАЯ БОЛЬНИЦА № 1""";УПРАВЛЕНИЕ ГОСУДАРСТВЕННЫХ ЗАКУПОК ТЮМЕНСКОЙ ОБЛАСТИ;22.05.2026;02.06.2026;Закупка завершена;;;01.06.2026;
44-ФЗ;№0112200000826002325;Открытый конкурс в электронной форме;Корректировка проектно-сметной документации объекта «Строительство очистного сооружения г. Кызыл Республики Тыва (реконструкция канализационных очистных сооружений (КОС) в г. Кызыл Республики Тыва, 1-й и 2-й этапы реконструкции)»;;'262170104994417010100100130044110000;;;30000000.00;RUB;0;;;;;;"ГОСУДАРСТВЕННОЕ КАЗЕННОЕ УЧРЕЖДЕНИЕ РЕСПУБЛИКИ ТЫВА ""ГОССТРОЙЗАКАЗ""";МИНИСТЕРСТВО РЕСПУБЛИКИ ТЫВА ПО РЕГУЛИРОВАНИЮ КОНТРАКТНОЙ СИСТЕМЫ В СФЕРЕ ЗАКУПОК;12.05.2026;02.06.2026;Закупка завершена;;;01.06.2026;
44-ФЗ;№0373200088026000006;Электронный аукцион;Поставка одежды (джемперы);;262772505213677250100100180010000244, 261773200451077290100100200010000244;;;5650018.08;RUB;0;;;;;;;"ГОСУДАРСТВЕННОЕ БЮДЖЕТНОЕ УЧРЕЖДЕНИЕ ГОРОДА МОСКВЫ ДОМ СОЦИАЛЬНОГО ОБСЛУЖИВАНИЯ ""НАГАТИНО-САДОВНИКИ"" ДЕПАРТАМЕНТА ТРУДА И СОЦИАЛЬНОЙ ЗАЩИТЫ НАСЕЛЕНИЯ ГОРОДА МОСКВЫ";21.05.2026;02.06.2026;Закупка завершена;;;29.05.2026;
44-ФЗ;№0306500000326000492;Электронный аукцион;Поставка перчаток хирургических из латекса гевеи, неопудренных;;'262100133412810010100100032090000244;;;14752388.00;RUB;0;;;;;;"ГОСУДАРСТВЕННОЕ БЮДЖЕТНОЕ УЧРЕЖДЕНИЕ ЗДРАВООХРАНЕНИЯ РЕСПУБЛИКИ КАРЕЛИЯ ""РЕСПУБЛИКАНСКАЯ БОЛЬНИЦА ИМ. В.А. БАРАНОВА""";"ГОСУДАРСТВЕННОЕ БЮДЖЕТНОЕ УЧРЕЖДЕНИЕ ЗДРАВООХРАНЕНИЯ РЕСПУБЛИКИ КАРЕЛИЯ ""РЕСПУБЛИКАНСКАЯ БОЛЬНИЦА ИМ. В.А. БАРАНОВА""";21.05.2026;02.06.2026;Закупка завершена;;;29.05.2026;
44-ФЗ;№0306500000326000486;Электронный аукцион;Поставка баллонных катетеров для криоабляции;;'262100133412810010100100032070000244;;;14040000.00;RUB;0;;;;;;"ГОСУДАРСТВЕННОЕ БЮДЖЕТНОЕ УЧРЕЖДЕНИЕ ЗДРАВООХРАНЕНИЯ РЕСПУБЛИКИ КАРЕЛИЯ ""РЕСПУБЛИКАНСКАЯ БОЛЬНИЦА ИМ. В.А. БАРАНОВА""";"ГОСУДАРСТВЕННОЕ БЮДЖЕТНОЕ УЧРЕЖДЕНИЕ ЗДРАВООХРАНЕНИЯ РЕСПУБЛИКИ КАРЕЛИЯ ""РЕСПУБЛИКАНСКАЯ БОЛЬНИЦА ИМ. В.А. БАРАНОВА""";20.05.2026;02.06.2026;Закупка завершена;;;29.05.2026;
44-ФЗ;№0358300067926000003;Электронный аукцион;Закупка и монтаж оборудования для создания «умных» спортивных площадок;;'263614701679461470100100100034299244;;;12000000.00;RUB;0;;;;;;"МУНИЦИПАЛЬНОЕ БЮДЖЕТНОЕ УЧРЕЖДЕНИЕ ДОПОЛНИТЕЛЬНОГО ОБРАЗОВАНИЯ ""СПОРТИВНАЯ ШКОЛА № 1"" ГОРОДА КАМЕНСК-ШАХТИНСКИЙ";"МУНИЦИПАЛЬНОЕ БЮДЖЕТНОЕ УЧРЕЖДЕНИЕ ДОПОЛНИТЕЛЬНОГО ОБРАЗОВАНИЯ ""СПОРТИВНАЯ ШКОЛА № 1"" ГОРОДА КАМЕНСК-ШАХТИНСКИЙ";22.05.2026;02.06.2026;Закупка завершена;;;01.06.2026;
44-ФЗ;№0132300007226000142;Электронный аукцион;Выполнение работ по повышению пределов огнестойкости металлических конструкций каркаса здания;;'263525402531152540100100100014329244;;;5400589.54;RUB;0;;;;;;"МУНИЦИПАЛЬНОЕ БЮДЖЕТНОЕ УЧРЕЖДЕНИЕ ДОПОЛНИТЕЛЬНОГО ОБРАЗОВАНИЯ ""СПОРТИВНАЯ ШКОЛА ""САРОВ"" ГОРОДА САРОВА";АДМИНИСТРАЦИЯ ГОРОДА САРОВА;21.05.2026;02.06.2026;Закупка завершена;;;29.05.2026;
223-ФЗ;№32615878971;Иной способ;Лот № 32_26 «Выполнение работ по модернизации центральной механической мастерской (инв. №10011) (монтаж систем вентиляции и кондиционирования)»;;;1;Лот № 32_26 «Выполнение работ по модернизации центральной механической мастерской (инв. №10011) (монтаж систем вентиляции и кондиционирования)»;8047098.60;RUB;8047098.60;;;;43.22.12.190: Работы по монтажу систем отопления, вентиляции и кондиционирования воздуха прочие, не включенные в другие группировки;;"ПУБЛИЧНОЕ АКЦИОНЕРНОЕ ОБЩЕСТВО ""ВЛАДИВОСТОКСКИЙ МОРСКОЙ ТОРГОВЫЙ ПОРТ""";"ПУБЛИЧНОЕ АКЦИОНЕРНОЕ ОБЩЕСТВО ""ВЛАДИВОСТОКСКИЙ МОРСКОЙ ТОРГОВЫЙ ПОРТ""";06.04.2026;02.06.2026;Закупка завершена;;;22.05.2026 12:00;
44-ФЗ;№0815500000526007224;Электронный аукцион;Благоустройство общественной территории возле памятника ВОВ в с.Чурачики Цивильского муниципального округа Чувашской Республики. Благоустройство аллеи участников боевых действий в с. Чурачики Цивильского муниципального округа Чувашской Республики.;;'263210000445021000100101610014399244;;;10198980.29;RUB;0;;;;;;УПРАВЛЕНИЕ ПО БЛАГОУСТРОЙСТВУ И РАЗВИТИЮ ТЕРРИТОРИЙ АДМИНИСТРАЦИИ ЦИВИЛЬСКОГО МУНИЦИПАЛЬНОГО ОКРУГА;"КАЗЕННОЕ УЧРЕЖДЕНИЕ ЧУВАШСКОЙ РЕСПУБЛИКИ ""РЕГИОНАЛЬНЫЙ ЦЕНТР ЗАКУПОК ЧУВАШСКОЙ РЕСПУБЛИКИ""";18.05.2026;02.06.2026;Закупка завершена;;;01.06.2026;
44-ФЗ;№0168500000626001904;Электронный аукцион на проведение работ по строительству, реконструкции, кап. ремонту, сносу объекта кап. строительства в соответствии с п. 8 ч. 1 ст. 33 Закона № 44-ФЗ;Устройство самотечного канализационного коллектора по ул. Самарская от ул. Вырыпаевская до 1 пер. Вырыпаевский в Засвияжском районе г. Ульяновска;;'263732512605573250100100730024322244;;;10233070.64;RUB;0;;;;;;"МУНИЦИПАЛЬНОЕ БЮДЖЕТНОЕ УЧРЕЖДЕНИЕ ""СТРОЙЗАКАЗЧИК""";АГЕНТСТВО ГОСУДАРСТВЕННЫХ ЗАКУПОК УЛЬЯНОВСКОЙ ОБЛАСТИ;21.05.2026;02.06.2026;Закупка завершена;;;29.05.2026;
44-ФЗ;№0335100016126000094;Электронный аукцион на проведение работ по строительству, реконструкции, кап. ремонту, сносу объекта кап. строительства в соответствии с п. 8 ч. 1 ст. 33 Закона № 44-ФЗ;"Капитальный ремонт кровли в жилом корпусу № 6 Калининградского морского рыбопромышленного колледжа БГАРФ ФГБОУ ВО ""КГТУ"" по адресу: г.Калининград, пер. Мореходный, 4А";;'261390401489139064300100180154120243;;;9169005.82;RUB;0;;;;;;"ОБОСОБЛЕННОЕ СТРУКТУРНОЕ ПОДРАЗДЕЛЕНИЕ БАЛТИЙСКАЯ ГОСУДАРСТВЕННАЯ АКАДЕМИЯ РЫБОПРОМЫСЛОВОГО ФЛОТА ФЕДЕРАЛЬНОГО ГОСУДАРСТВЕННОГО БЮДЖЕТНОГО ОБРАЗОВАТЕЛЬНОГО УЧРЕЖДЕНИЯ ВЫСШЕГО ОБРАЗОВАНИЯ ""КАЛИНИНГРАДСКИЙ ГОСУДАРСТВЕННЫЙ ТЕХНИЧЕСКИЙ УНИВЕРСИТЕТ""";"ОБОСОБЛЕННОЕ СТРУКТУРНОЕ ПОДРАЗДЕЛЕНИЕ БАЛТИЙСКАЯ ГОСУДАРСТВЕННАЯ АКАДЕМИЯ РЫБОПРОМЫСЛОВОГО ФЛОТА ФЕДЕРАЛЬНОГО ГОСУДАРСТВЕННОГО БЮДЖЕТНОГО ОБРАЗОВАТЕЛЬНОГО УЧРЕЖДЕНИЯ ВЫСШЕГО ОБРАЗОВАНИЯ ""КАЛИНИНГРАДСКИЙ ГОСУДАРСТВЕННЫЙ ТЕХНИЧЕСКИЙ УНИВЕРСИТЕТ""";22.05.2026;02.06.2026;Закупка завершена;;;01.06.2026;
44-ФЗ;№0187200001726000628;Электронный аукцион;Поставка малокалиберных патронов к спортивному оружию;;'262860102473086010100101030012540244;;;9641000.00;RUB;0;;;;;;"БЮДЖЕТНОЕ УЧРЕЖДЕНИЕ ХАНТЫ-МАНСИЙСКОГО АВТОНОМНОГО ОКРУГА - ЮГРЫ ""ЦЕНТР СПОРТИВНОЙ ПОДГОТОВКИ СБОРНЫХ КОМАНД ЮГРЫ""";ДЕПАРТАМЕНТ ГОСУДАРСТВЕННОГО ЗАКАЗА ХАНТЫ-МАНСИЙСКОГО АВТОНОМНОГО ОКРУГА - ЮГРЫ;22.05.2026;02.06.2026;Закупка завершена;;;01.06.2026;
44-ФЗ;№0801500001126000973;Электронный аукцион;Закупка продуктов питания (мясо говядина замороженное 1 категории) на II полугодие 2026г.;;'262026500793202650100102950011011244;;;6283200.00;RUB;0;;;;;;ГОСУДАРСТВЕННОЕ БЮДЖЕТНОЕ УЧРЕЖДЕНИЕ ЗДРАВООХРАНЕНИЯ РЕСПУБЛИКИ БАШКОРТОСТАН ГОРОДСКАЯ БОЛЬНИЦА № 1 ГОРОДА ОКТЯБРЬСКИЙ;"ГОСУДАРСТВЕННОЕ КАЗЕННОЕ УЧРЕЖДЕНИЕ РЕСПУБЛИКИ БАШКОРТОСТАН ""РЕСПУБЛИКАНСКИЙ ЦЕНТР ТОРГОВ""";21.05.2026;02.06.2026;Закупка завершена;;;29.05.2026;
44-ФЗ;№0801500001126000969;Электронный аукцион на проведение работ по строительству, реконструкции, кап. ремонту, сносу объекта кап. строительства в соответствии с п. 8 ч. 1 ст. 33 Закона № 44-ФЗ;Капитальный ремонт пищеблока МДОБУ детский сад «Солнышко» с. Ермекеево по адресу: с. Ермекеево, ул. Грачева, д. 15;;'263022100262302210100100040014399243;;;6171810.00;RUB;0;;;;;;"МУНИЦИПАЛЬНОЕ ДОШКОЛЬНОЕ ОБРАЗОВАТЕЛЬНОЕ БЮДЖЕТНОЕ УЧРЕЖДЕНИЕ ДЕТСКИЙ САД ""СОЛНЫШКО"" С. ЕРМЕКЕЕВО МУНИЦИПАЛЬНОГО РАЙОНА ЕРМЕКЕЕВСКИЙ РАЙОН РЕСПУБЛИКИ БАШКОРТОСТАН";"ГОСУДАРСТВЕННОЕ КАЗЕННОЕ УЧРЕЖДЕНИЕ РЕСПУБЛИКИ БАШКОРТОСТАН ""РЕСПУБЛИКАНСКИЙ ЦЕНТР ТОРГОВ""";21.05.2026;02.06.2026;Закупка завершена;;;29.05.2026;
44-ФЗ;№0169300000126000789;Запрос котировок в электронной форме на проведение работ по строительству, реконструкции, кап. ремонту, сносу объекта кап. строительства в соответствии с п. 8 ч. 1 ст. 33 Закона № 44-ФЗ ;26-114644 Капитальный ремонт наружного электроосвещения и наружного электроснабжения;;'263745107567574600100100190014222243;;;8728794.09;RUB;0;;;;;;"МУНИЦИПАЛЬНОЕ КАЗЕННОЕ УЧРЕЖДЕНИЕ ""СОЦИАЛЬНО-ОЗДОРОВИТЕЛЬНЫЙ ЦЕНТР ""УТЕС""";УПРАВЛЕНИЕ МУНИЦИПАЛЬНЫХ ЗАКУПОК АДМИНИСТРАЦИИ ГОРОДА ЧЕЛЯБИНСКА;21.05.2026;02.06.2026;Закупка завершена;;;28.05.2026;
44-ФЗ;№0158300007826000185;Электронный аукцион;Приобретение в муниципальную собственность г. Таганрога жилого помещения в целях предоставления жилого помещения во исполнение решений Таганрогского городского суда;;'263615406149161540100100970026810412;;;5703910.08;RUB;0;;;;;;АДМИНИСТРАЦИЯ ГОРОДА ТАГАНРОГА;АДМИНИСТРАЦИЯ ГОРОДА ТАГАНРОГА;30.04.2026;02.06.2026;Закупка завершена;;;29.05.2026;
44-ФЗ;№0142200001326011680;Электронный аукцион;"Поставка Лекарственных препаратов для нужд Государственного бюджетного учреждения здравоохранения ""Самарская городская больница № 4""";;'262631614063063160100100010500000244;;;5700528.00;RUB;0;;;;;;"ГОСУДАРСТВЕННОЕ  БЮДЖЕТНОЕ УЧРЕЖДЕНИЕ ЗДРАВООХРАНЕНИЯ САМАРСКОЙ ОБЛАСТИ ""САМАРСКАЯ ГОРОДСКАЯ БОЛЬНИЦА № 4""";КОМИТЕТ ПО ОРГАНИЗАЦИИ ТОРГОВ САМАРСКОЙ ОБЛАСТИ;22.05.2026;02.06.2026;Закупка завершена;;;01.06.2026;
44-ФЗ;№0103200008426004245;Запрос котировок в электронной форме;приобретение объектов недвижимого имущества в государственную собственность бюджетным учреждением 19;;'262056205742105720100100220026810406;;;5356548.00;RUB;0;;;;;;"ГОСУДАРСТВЕННОЕ БЮДЖЕТНОЕ УЧРЕЖДЕНИЕ РЕСПУБЛИКИ ДАГЕСТАН ""ДИРЕКЦИЯ ПО РАЗВИТИЮ ЖИЛИЩНОГО СТРОИТЕЛЬСТВА В РЕСПУБЛИКЕ ДАГЕСТАН""";КОМИТЕТ ПО ГОСУДАРСТВЕННЫМ ЗАКУПКАМ РЕСПУБЛИКИ ДАГЕСТАН;14.05.2026;02.06.2026;Закупка завершена;;;01.06.2026;
44-ФЗ;№0368100010826000149;Электронный аукцион;Поставка запасных частей для воздушных судов;;'261730300200073250100100370123030244;;;19884844.58;RUB;0;;;;;;"ФЕДЕРАЛЬНОЕ ГОСУДАРСТВЕННОЕ БЮДЖЕТНОЕ ОБРАЗОВАТЕЛЬНОЕ УЧРЕЖДЕНИЕ ВЫСШЕГО ОБРАЗОВАНИЯ ""УЛЬЯНОВСКИЙ ИНСТИТУТ ГРАЖДАНСКОЙ АВИАЦИИ ИМЕНИ ГЛАВНОГО МАРШАЛА АВИАЦИИ Б.П. БУГАЕВА""";"ФЕДЕРАЛЬНОЕ ГОСУДАРСТВЕННОЕ БЮДЖЕТНОЕ ОБРАЗОВАТЕЛЬНОЕ УЧРЕЖДЕНИЕ ВЫСШЕГО ОБРАЗОВАНИЯ ""УЛЬЯНОВСКИЙ ИНСТИТУТ ГРАЖДАНСКОЙ АВИАЦИИ ИМЕНИ ГЛАВНОГО МАРШАЛА АВИАЦИИ Б.П. БУГАЕВА""";22.05.2026;02.06.2026;Закупка завершена;;;01.06.2026;
44-ФЗ;№0851200000626003510;Электронный аукцион;Поставка лекарственного препарата для медицинского применения: Даклатасвир;;'262540601100254100100102550012120244;;;12414360.00;RUB;0;;;;;;"ГОСУДАРСТВЕННОЕ БЮДЖЕТНОЕ УЧРЕЖДЕНИЕ ЗДРАВООХРАНЕНИЯ НОВОСИБИРСКОЙ ОБЛАСТИ ""НОВОСИБИРСКАЯ ОБЛАСТНАЯ КЛИНИЧЕСКАЯ ИНФЕКЦИОННАЯ БОЛЬНИЦА""";"ГОСУДАРСТВЕННОЕ КАЗЕННОЕ УЧРЕЖДЕНИЕ НОВОСИБИРСКОЙ ОБЛАСТИ ""УПРАВЛЕНИЕ КОНТРАКТНОЙ СИСТЕМЫ""";21.05.2026;02.06.2026;Закупка завершена;;;29.05.2026;
44-ФЗ;№0131200001026003043;Электронный аукцион;2026-03518 Оборудование для выращивания посадочного материала с закрытой корневой системой;;'262366308806936630100100410012829244;;;25023100.00;RUB;0;;;;;;"СПЕЦИАЛИЗИРОВАННОЕ ГОСУДАРСТВЕННОЕ БЮДЖЕТНОЕ УЧРЕЖДЕНИЕ ВОРОНЕЖСКОЙ ОБЛАСТИ ""ВОРОНЕЖСКИЙ ЛЕСОПОЖАРНЫЙ ЦЕНТР""";МИНИСТЕРСТВО ПО РЕГУЛИРОВАНИЮ КОНТРАКТНОЙ СИСТЕМЫ В СФЕРЕ ЗАКУПОК ВОРОНЕЖСКОЙ ОБЛАСТИ;22.05.2026;02.06.2026;Закупка завершена;;;01.06.2026;
44-ФЗ;№0373100134526000214;Электронный аукцион;Поставка двухместных четырехколесных внедорожных транспортных средств квадроциклов (мотовездеход, снегоболотоход) для нужд ФГБУ «Рослесинфорг»;;'261772231995277220100102800012910244;;;20270933.28;RUB;0;;;;;;"ФЕДЕРАЛЬНОЕ ГОСУДАРСТВЕННОЕ БЮДЖЕТНОЕ УЧРЕЖДЕНИЕ ""РОСЛЕСИНФОРГ""";"ФЕДЕРАЛЬНОЕ ГОСУДАРСТВЕННОЕ БЮДЖЕТНОЕ УЧРЕЖДЕНИЕ ""РОСЛЕСИНФОРГ""";14.05.2026;02.06.2026;Закупка завершена;;;22.05.2026;
44-ФЗ;№0825500000726001151;Электронный аукцион;Поставка медицинского изделия: стерилизатор паровой.;;'262302500633830250100100210013250244;;;28999833.23;RUB;0;;;;;;"ГОСУДАРСТВЕННОЕ КАЗЕННОЕ УЧРЕЖДЕНИЕ АСТРАХАНСКОЙ ОБЛАСТИ ""УПРАВЛЕНИЕ ПО МАТЕРИАЛЬНО-ТЕХНИЧЕСКОМУ ОБСЛУЖИВАНИЮ МЕДИЦИНСКИХ ОРГАНИЗАЦИЙ""";"ГОСУДАРСТВЕННОЕ КАЗЕННОЕ УЧРЕЖДЕНИЕ АСТРАХАНСКОЙ ОБЛАСТИ ""РЕГИОНАЛЬНЫЙ ЦЕНТР ОРГАНИЗАЦИИ ЗАКУПОК""";29.04.2026;02.06.2026;Определение поставщика отменено;;;28.05.2026;
44-ФЗ;№0869200000226004432;Электронный аукцион на проведение работ по строительству, реконструкции, кап. ремонту, сносу объекта кап. строительства в соответствии с п. 8 ч. 1 ст. 33 Закона № 44-ФЗ;"Капитальный ремонт помещений ГБУЗ ""Городская больница г. Златоуст"" под размещение магнитно-резонансного томографа, расположенных по адресу: г. Златоуст, ул. К. Маркса, д. 55Б";;'263740400504674040100100290014120243;;;18050651.89;RUB;0;;;;;;"ГОСУДАРСТВЕННОЕ БЮДЖЕТНОЕ УЧРЕЖДЕНИЕ ЗДРАВООХРАНЕНИЯ ""ГОРОДСКАЯ БОЛЬНИЦА Г. ЗЛАТОУСТ""";"ГОСУДАРСТВЕННОЕ КАЗЕННОЕ УЧРЕЖДЕНИЕ ""ЦЕНТР ОРГАНИЗАЦИИ ЗАКУПОК ЧЕЛЯБИНСКОЙ ОБЛАСТИ""";21.05.2026;02.06.2026;Закупка завершена;;;29.05.2026;
223-ФЗ;№32615979000;Иной способ;Поставка металлопроката;;;1;Поставка металлопроката;13222436.81;RUB;13222436.81;;;;24.10.62.121: Прокат сортовой горячекатаный круглый прочий, без дополнительной обработки, включая смотанный после прокатки, из нелегированных сталей,24.10.66.121: Прокат сортовой горячекатаный круглый прочий, без дополнительной обработки, включая смотанный после прокатки, из прочих легированных сталей;;"ОБЩЕСТВО С ОГРАНИЧЕННОЙ ОТВЕТСТВЕННОСТЬЮ ""ПРОИЗВОДСТВЕННАЯ КОМПАНИЯ ""БОРЕЦ""";"ОБЩЕСТВО С ОГРАНИЧЕННОЙ ОТВЕТСТВЕННОСТЬЮ ""ПРОИЗВОДСТВЕННАЯ КОМПАНИЯ ""БОРЕЦ""";05.05.2026;02.06.2026;Закупка завершена;;;19.05.2026 09:00;
44-ФЗ;№0852500000126002006;Запрос котировок в электронной форме;"Поставка лекарственного препарата для медицинского применения с МНН ""Себелипаза альфа"" (Реестровый номер 261313)";;'262550201838555030100105940012120244;;;8987000.00;RUB;0;;;;;;"БЮДЖЕТНОЕ УЧРЕЖДЕНИЕ ЗДРАВООХРАНЕНИЯ ОМСКОЙ ОБЛАСТИ ""ОБЛАСТНАЯ КЛИНИЧЕСКАЯ БОЛЬНИЦА""";"КАЗЕННОЕ УЧРЕЖДЕНИЕ ОМСКОЙ ОБЛАСТИ ""ЦЕНТР ЗАКУПОК ТОВАРОВ, РАБОТ, УСЛУГ""";22.05.2026;02.06.2026;Закупка завершена;;;01.06.2026;
44-ФЗ;№0373200045226000851;Электронный аукцион;Электронный аукцион на поставку медицинских расходных материалов для рентген-эндоваскулярных методов диагностики и лечения  в рамках оказания ВМП 2026 (гр. 75) для нужд ГБУЗ ММНКЦ им. С.П. Боткина ДЗМ (ЛОТ №1);;'262771408263677140100109930010000244;;;7085533.40;RUB;0;;;;;;"ГОСУДАРСТВЕННОЕ БЮДЖЕТНОЕ УЧРЕЖДЕНИЕ ЗДРАВООХРАНЕНИЯ ГОРОДА МОСКВЫ ""МОСКОВСКИЙ МНОГОПРОФИЛЬНЫЙ НАУЧНО-КЛИНИЧЕСКИЙ ЦЕНТР ИМЕНИ С.П. БОТКИНА"" ДЕПАРТАМЕНТА ЗДРАВООХРАНЕНИЯ ГОРОДА МОСКВЫ";"ГОСУДАРСТВЕННОЕ БЮДЖЕТНОЕ УЧРЕЖДЕНИЕ ЗДРАВООХРАНЕНИЯ ГОРОДА МОСКВЫ ""МОСКОВСКИЙ МНОГОПРОФИЛЬНЫЙ НАУЧНО-КЛИНИЧЕСКИЙ ЦЕНТР ИМЕНИ С.П. БОТКИНА"" ДЕПАРТАМЕНТА ЗДРАВООХРАНЕНИЯ ГОРОДА МОСКВЫ";22.05.2026;02.06.2026;Закупка завершена;;;01.06.2026;
44-ФЗ;№0111300000426000042;Электронный аукцион;Оказание услуг по организации захоронения (погребения) граждан, погибших в результате участия в специальной военной операции;;263164901296316490100100070019603244, 263164901324416490100100080019603244, 263164901287516490100100070019603244, 263164901309016490100100080019603244, 263164901300416490100100080019603244, 263164901301116490100100070019603244, 263164901291716490100100070019603244, 263164901295616490100100090019603244, 263164901328316490100100110019603244, 263164901304316490100100060019603244, 263164901358016490100100070019603244, 263164901318816490100100090019603244, 263164901286816490100100080019603244, 263164901298816490100100060019603244, 263164901348416490100100060019603244, 263164901289016490100100050019603244, 263164901292416490100100080019603244, 263164901302916490100100060019603244, 263164901322016490100100070019603244, 263164901311716490100100070019603244, 263164901314916490100100070019603244, 263164901336416490100100070019603244, 263164901315616490100100070019603244;;;7160400.00;RUB;0;;;;;;;"ИСПОЛНИТЕЛЬНЫЙ КОМИТЕТ МУНИЦИПАЛЬНОГО ОБРАЗОВАНИЯ ""ЛЕНИНОГОРСКИЙ МУНИЦИПАЛЬНЫЙ РАЙОН"" РЕСПУБЛИКИ ТАТАРСТАН";22.05.2026;02.06.2026;Закупка завершена;;;01.06.2026;
44-ФЗ;№0369100032526000214;Электронный аукцион;Поставка кардиовертеров-дефибрилляторов имплантируемых двухкамерных, МРТ совместимых для нужд ФГБУ «ФЦССХ» Минздрава России (г. Челябинск);;'261745321598474530100100011590000244;;;6690300.00;RUB;0;;;;;;"ФЕДЕРАЛЬНОЕ ГОСУДАРСТВЕННОЕ БЮДЖЕТНОЕ УЧРЕЖДЕНИЕ ""ФЕДЕРАЛЬНЫЙ ЦЕНТР СЕРДЕЧНО-СОСУДИСТОЙ ХИРУРГИИ"" МИНИСТЕРСТВА ЗДРАВООХРАНЕНИЯ РОССИЙСКОЙ ФЕДЕРАЦИИ (Г. ЧЕЛЯБИНСК)";"ФЕДЕРАЛЬНОЕ ГОСУДАРСТВЕННОЕ БЮДЖЕТНОЕ УЧРЕЖДЕНИЕ ""ФЕДЕРАЛЬНЫЙ ЦЕНТР СЕРДЕЧНО-СОСУДИСТОЙ ХИРУРГИИ"" МИНИСТЕРСТВА ЗДРАВООХРАНЕНИЯ РОССИЙСКОЙ ФЕДЕРАЦИИ (Г. ЧЕЛЯБИНСК)";22.05.2026;02.06.2026;Закупка завершена;;;01.06.2026;
44-ФЗ;№0187300012826000223;Электронный аукцион;Оказание охранных услуг;;'263860402648686040100100370018010244;;;9229739.52;RUB;0;;;;;;"МУНИЦИПАЛЬНОЕ БЮДЖЕТНОЕ ОБЩЕОБРАЗОВАТЕЛЬНОЕ УЧРЕЖДЕНИЕ ""СРЕДНЯЯ ОБЩЕОБРАЗОВАТЕЛЬНАЯ ШКОЛА № 3 ИМЕНИ ИВАСЕНКО АНАТОЛИЯ АНТОНОВИЧА""";АДМИНИСТРАЦИЯ ГОРОДА НЕФТЕЮГАНСКА;21.05.2026;02.06.2026;Закупка завершена;;;01.06.2026;
44-ФЗ;№0848300045426000406;Запрос котировок в электронной форме;Закупка в 2026 году на выполнение работ по текущему ремонту и содержанию сетей наружного освещения парковых территорий МБУ «ДПОГО».;;'263503219953250320100100580014222244;;;9999000.00;RUB;0;;;;;;"МУНИЦИПАЛЬНОЕ БЮДЖЕТНОЕ УЧРЕЖДЕНИЕ ""ДИРЕКЦИЯ ПАРКОВ ОДИНЦОВСКОГО ГОРОДСКОГО ОКРУГА""";"МУНИЦИПАЛЬНОЕ КАЗЕННОЕ УЧРЕЖДЕНИЕ ""ЦЕНТР МУНИЦИПАЛЬНЫХ ЗАКУПОК"" ОДИНЦОВСКОГО ГОРОДСКОГО ОКРУГА МОСКОВСКОЙ ОБЛАСТИ";25.05.2026;02.06.2026;Закупка завершена;;;01.06.2026;
44-ФЗ;№0311200027226000013;Открытый конкурс в электронной форме на проведение работ по строительству, реконструкции, кап. ремонту, сносу объекта кап. строительства в соответствии с п. 8 ч. 1 ст. 33 Закона № 44-ФЗ;Реконструкция систем водоснабжения в населенных пунктах Республики Татарстан;;'262165301484316550100100160014221414;;;283739221.00;RUB;0;;;;;;"ГОСУДАРСТВЕННОЕ КАЗЕННОЕ УЧРЕЖДЕНИЕ ""ГЛАВНОЕ УПРАВЛЕНИЕ ИНЖЕНЕРНЫХ СЕТЕЙ РЕСПУБЛИКИ ТАТАРСТАН""";"ГОСУДАРСТВЕННОЕ КАЗЕННОЕ УЧРЕЖДЕНИЕ ""ГЛАВНОЕ УПРАВЛЕНИЕ ИНЖЕНЕРНЫХ СЕТЕЙ РЕСПУБЛИКИ ТАТАРСТАН""";12.05.2026;02.06.2026;Закупка завершена;;;28.05.2026;
44-ФЗ;№0387100004826000023;Электронный аукцион;Выполнение работ по установке системы охранной, пожарной сигнализации (Выполнение работ по системе речевого оповещения);;'261860102434686010100100120014321244;;;8534775.76;RUB;0;;;;;;УПРАВЛЕНИЕ ФЕДЕРАЛЬНОЙ СЛУЖБЫ СУДЕБНЫХ ПРИСТАВОВ ПО ХАНТЫ-МАНСИЙСКОМУ АВТОНОМНОМУ ОКРУГУ - ЮГРЕ;УПРАВЛЕНИЕ ФЕДЕРАЛЬНОЙ СЛУЖБЫ СУДЕБНЫХ ПРИСТАВОВ ПО ХАНТЫ-МАНСИЙСКОМУ АВТОНОМНОМУ ОКРУГУ - ЮГРЕ;21.05.2026;02.06.2026;Закупка завершена;;;29.05.2026;
44-ФЗ;№0380200000126004010;Электронный аукцион;ПОСТАВКА ИЗДЕЛИЙ МЕДИЦИНСКОГО НАЗНАЧЕНИЯ (шприц общего назначения), лот № 21 на 2 полугодие 2026 года;;262190300424819030100103280013250244, 262190300016219030100101140013250000, 262191000897319100100102000013250244, 262190101545219010100100670013250244, 262190100833519010100101970013250000, 262191000113519100100102680013250000, 262190902007719090100101860013250000, 262190800075119080100100940013250244, 262190202072019020100104060013250244, 263190600526419060100101710013250244, 262190101605419010100101770013250244, 262190400099019040100101450013250244, 262190700220219070100101340013250000;;;7789897.00;RUB;0;;;;;;;ГОСУДАРСТВЕННЫЙ КОМИТЕТ ПО РЕГУЛИРОВАНИЮ КОНТРАКТНОЙ СИСТЕМЫ В СФЕРЕ ЗАКУПОК РЕСПУБЛИКИ ХАКАСИЯ;21.05.2026;02.06.2026;Закупка завершена;;;29.05.2026;
44-ФЗ;№0853500000326003676;Электронный аукцион;На поставку лекарственного препарата для медицинского применения Упадацитиниб для обеспечения льготных категорий граждан;;'262561207412856120100100022212120323;;;14514053.40;RUB;0;;;;;;МИНИСТЕРСТВО ЗДРАВООХРАНЕНИЯ ОРЕНБУРГСКОЙ ОБЛАСТИ;"ГОСУДАРСТВЕННОЕ КАЗЕННОЕ УЧРЕЖДЕНИЕ ОРЕНБУРГСКОЙ ОБЛАСТИ ""ЦЕНТР ОРГАНИЗАЦИИ ЗАКУПОК""";21.05.2026;02.06.2026;Закупка завершена;;;29.05.2026;
44-ФЗ;№0135300002626000148;Электронный аукцион;Выполнение работ по замене оборудования на тепловом пункте по адресу: г. Гурьевск, ул. Гурьева, 15;;'263391700080039170100100430014322244;;;5318269.23;RUB;0;;;;;;АДМИНИСТРАЦИЯ ГУРЬЕВСКОГО МУНИЦИПАЛЬНОГО ОКРУГА;АДМИНИСТРАЦИЯ ГУРЬЕВСКОГО МУНИЦИПАЛЬНОГО ОКРУГА;22.05.2026;02.06.2026;Закупка завершена;;;01.06.2026;
44-ФЗ;№0301300247626000354;Электронный аукцион;Выполнение работ по инвентаризации зеленых насаждений на территории городского округа город Уфа Республики Башкортостан, находящихся в муниципальной собственности;;'263027811759402780100100350010240244;;;10111925.00;RUB;0;;;;;;УПРАВЛЕНИЕ КОММУНАЛЬНОГО ХОЗЯЙСТВА И БЛАГОУСТРОЙСТВА АДМИНИСТРАЦИИ ГОРОДСКОГО ОКРУГА ГОРОД УФА РЕСПУБЛИКИ БАШКОРТОСТАН;"МУНИЦИПАЛЬНОЕ КАЗЕННОЕ УЧРЕЖДЕНИЕ ""ЦЕНТР ОРГАНИЗАЦИИ И ПРОВЕДЕНИЯ КОНКУРСНЫХ ПРОЦЕДУР"" ГОРОДСКОГО ОКРУГА ГОРОД УФА РЕСПУБЛИКИ БАШКОРТОСТАН";22.05.2026;02.06.2026;Закупка завершена;;;01.06.2026;
44-ФЗ;№0162200011826001432;Запрос котировок в электронной форме;Поставка лекарственного препарата для медицинского применения;;'262666001041566710100100032640000323;;;9646560.00;RUB;0;;;;;;МИНИСТЕРСТВО ЗДРАВООХРАНЕНИЯ СВЕРДЛОВСКОЙ ОБЛАСТИ;ДЕПАРТАМЕНТ ГОСУДАРСТВЕННЫХ ЗАКУПОК СВЕРДЛОВСКОЙ ОБЛАСТИ;25.05.2026;02.06.2026;Закупка завершена;;;01.06.2026;
44-ФЗ;№0355100011026000005;Электронный аукцион;"Капитальный ремонт здания ""Зареченский многопрофильный колледж""";;'261583505569758350100100220014120243;;;88431550.00;RUB;0;;;;;;"ФЕДЕРАЛЬНОЕ ГОСУДАРСТВЕННОЕ БЮДЖЕТНОЕ ОБРАЗОВАТЕЛЬНОЕ УЧРЕЖДЕНИЕ ВЫСШЕГО ОБРАЗОВАНИЯ ""ПЕНЗЕНСКИЙ ГОСУДАРСТВЕННЫЙ ТЕХНОЛОГИЧЕСКИЙ УНИВЕРСИТЕТ""";"ФЕДЕРАЛЬНОЕ ГОСУДАРСТВЕННОЕ БЮДЖЕТНОЕ ОБРАЗОВАТЕЛЬНОЕ УЧРЕЖДЕНИЕ ВЫСШЕГО ОБРАЗОВАНИЯ ""ПЕНЗЕНСКИЙ ГОСУДАРСТВЕННЫЙ ТЕХНОЛОГИЧЕСКИЙ УНИВЕРСИТЕТ""";20.05.2026;02.06.2026;Закупка завершена;;;01.06.2026;
44-ФЗ;№0303300064726001641;Электронный аукцион;Закупка техники;;'263054100850405710100100190012910244;;;10950000.00;RUB;0;;;;;;"МУНИЦИПАЛЬНОЕ КАЗЕННОЕ УЧРЕЖДЕНИЕ "" УПРАВЛЕНИЕ ЖИЛИЩНО-КОММУНАЛЬНОГО ХОЗЯЙСТВА ГОРОДА МАХАЧКАЛА """;"МУНИЦИПАЛЬНОЕ КАЗЕННОЕ УЧРЕЖДЕНИЕ ""ГОРЗАКАЗ""";15.05.2026;02.06.2026;Закупка завершена;;;01.06.2026;
44-ФЗ;№0372200036926000010;Открытый конкурс в электронной форме;"Выполнение работ по ремонту помещений 2-ого этажа производственного корпуса СПб ГБПОУ ""Техникум ""Автосервис"" (МЦПК)"" по адресу: Санкт-Петербург, пр.Космонавтов, д.96.лит.А";;'262781024863778100100100250014399244;;;29201172.82;RUB;0;;;;;;"САНКТ-ПЕТЕРБУРГСКОЕ ГОСУДАРСТВЕННОЕ БЮДЖЕТНОЕ ПРОФЕССИОНАЛЬНОЕ ОБРАЗОВАТЕЛЬНОЕ УЧРЕЖДЕНИЕ ""ТЕХНИКУМ ""АВТОСЕРВИС"" (МНОГОФУНКЦИОНАЛЬНЫЙ ЦЕНТР ПРИКЛАДНЫХ КВАЛИФИКАЦИЙ)""";"САНКТ-ПЕТЕРБУРГСКОЕ ГОСУДАРСТВЕННОЕ БЮДЖЕТНОЕ ПРОФЕССИОНАЛЬНОЕ ОБРАЗОВАТЕЛЬНОЕ УЧРЕЖДЕНИЕ ""ТЕХНИКУМ ""АВТОСЕРВИС"" (МНОГОФУНКЦИОНАЛЬНЫЙ ЦЕНТР ПРИКЛАДНЫХ КВАЛИФИКАЦИЙ)""";12.05.2026;02.06.2026;Закупка завершена;;;28.05.2026;
44-ФЗ;№0865200000326000663;Электронный аукцион;"Выполнение работ по устройству систем обеспечения безопасности объекта культурного наследия регионального значения «Дом с въездной аркой», 1895 г., входящего в состав объекта культурного наследия регионального значения «Ансамбль усадьбы братьев Кухтериных с кирпичными воротами и въездной аркой», вторая пол. XIX - нач. XX вв., расположенного по адресу: Томская область, г. Томск, пр. Фрунзе, 14, угол ул. Крылова, 29; пр. Фрунзе, 14, стр.1; ул. Крылова, 27";;'262702101957370170100100150014321244;;;6348288.19;RUB;0;;;;;;ДЕПАРТАМЕНТ ОБРАЗОВАНИЯ ТОМСКОЙ ОБЛАСТИ;"ОБЛАСТНОЕ ГОСУДАРСТВЕННОЕ КАЗЕННОЕ УЧРЕЖДЕНИЕ ""ЦЕНТР ГОСУДАРСТВЕННЫХ ЗАКУПОК ТОМСКОЙ ОБЛАСТИ""";19.05.2026;02.06.2026;Закупка завершена;;;29.05.2026;
44-ФЗ;№0303300064726001656;Запрос котировок в электронной форме;Закупка техники;;'263054100850405710100100150012892244;;;9300000.00;RUB;0;;;;;;"МУНИЦИПАЛЬНОЕ КАЗЕННОЕ УЧРЕЖДЕНИЕ "" УПРАВЛЕНИЕ ЖИЛИЩНО-КОММУНАЛЬНОГО ХОЗЯЙСТВА ГОРОДА МАХАЧКАЛА """;"МУНИЦИПАЛЬНОЕ КАЗЕННОЕ УЧРЕЖДЕНИЕ ""ГОРЗАКАЗ""";19.05.2026;02.06.2026;Закупка завершена;;;01.06.2026;
44-ФЗ;№0150200003926000637;Электронный аукцион;Поставка лекарственного препарата для медицинского применения МНН: Изатуксимаб;;'262532104223453210100101810012120244;;;9044295.00;RUB;0;;;;;;"ГОСУДАРСТВЕННОЕ ОБЛАСТНОЕ БЮДЖЕТНОЕ УЧРЕЖДЕНИЕ ЗДРАВООХРАНЕНИЯ ""НОВГОРОДСКАЯ ОБЛАСТНАЯ КЛИНИЧЕСКАЯ БОЛЬНИЦА""";АДМИНИСТРАЦИЯ ГУБЕРНАТОРА НОВГОРОДСКОЙ ОБЛАСТИ;20.05.2026;02.06.2026;Закупка завершена;;;29.05.2026;
44-ФЗ;№0851200000626003523;Электронный аукцион на проведение работ по строительству, реконструкции, кап. ремонту, сносу объекта кап. строительства в соответствии с п. 8 ч. 1 ст. 33 Закона № 44-ФЗ;Проведение ремонтных работ в рамках капитального ремонта ОСП «Центр культуры учащейся молодежи» (г. Новосибирск, ул. Обская, д.143);;'262540655888554060100100860010000243;;;45353955.15;RUB;0;;;;;;"ГОСУДАРСТВЕННОЕ БЮДЖЕТНОЕ УЧРЕЖДЕНИЕ НОВОСИБИРСКОЙ ОБЛАСТИ ""АГЕНТСТВО ПОДДЕРЖКИ МОЛОДЕЖНЫХ ИНИЦИАТИВ""";"ГОСУДАРСТВЕННОЕ КАЗЕННОЕ УЧРЕЖДЕНИЕ НОВОСИБИРСКОЙ ОБЛАСТИ ""УПРАВЛЕНИЕ КОНТРАКТНОЙ СИСТЕМЫ""";21.05.2026;02.06.2026;Закупка завершена;;;29.05.2026;
44-ФЗ;№0117600005626000003;Электронный аукцион;Ремонт улично-дорожной сети на территории муниципального образования муниципальный округ Чарышский район Алтайского края;;'263228800345522880100100040014211244;;;6228803.00;RUB;0;;;;;;ТЕРРИТОРИАЛЬНОЕ УПРАВЛЕНИЕ АДМИНИСТРАЦИИ МУНИЦИПАЛЬНОГО ОКРУГА ЧАРЫШСКИЙ РАЙОН АЛТАЙСКОГО КРАЯ;ТЕРРИТОРИАЛЬНОЕ УПРАВЛЕНИЕ АДМИНИСТРАЦИИ МУНИЦИПАЛЬНОГО ОКРУГА ЧАРЫШСКИЙ РАЙОН АЛТАЙСКОГО КРАЯ;20.05.2026;02.06.2026;Закупка завершена;;;01.06.2026;
44-ФЗ;№0373200082126000203;Электронный аукцион;Оказание комплекса услуг по организации и осуществлению переезда;;'262771488787077140100101520010000244;;;6350000.00;RUB;0;;;;;;"ГОСУДАРСТВЕННОЕ КАЗЕННОЕ УЧРЕЖДЕНИЕ ГОРОДА МОСКВЫ ""АДМИНИСТРАТОР МОСКОВСКОГО ПАРКОВОЧНОГО ПРОСТРАНСТВА""";"ГОСУДАРСТВЕННОЕ КАЗЕННОЕ УЧРЕЖДЕНИЕ ГОРОДА МОСКВЫ ""ДИРЕКЦИЯ ТРАНСПОРТНЫХ ЗАКУПОК""";21.05.2026;02.06.2026;Закупка завершена;;;29.05.2026;
44-ФЗ;№0166300002026000008;Электронный аукцион;Выполнение работ по благоустройству территории муниципального образования город Богородицк Богородицкого района;;'263711200405271120100100400014399244;;;6000000.00;RUB;0;;;;;;АДМИНИСТРАЦИЯ МУНИЦИПАЛЬНОГО ОБРАЗОВАНИЯ БОГОРОДИЦКИЙ РАЙОН;АДМИНИСТРАЦИЯ МУНИЦИПАЛЬНОГО ОБРАЗОВАНИЯ БОГОРОДИЦКИЙ РАЙОН;19.05.2026;02.06.2026;Закупка завершена;;;29.05.2026;
44-ФЗ;№0173100014926000008;Электронный аукцион;техобслуживание и ремонт автотранспорта;;'261773557302577350100100120014520244;;;6360100.00;RUB;0;;;;;;МОСКОВСКАЯ ТАМОЖНЯ;МОСКОВСКАЯ ТАМОЖНЯ;22.05.2026;02.06.2026;Закупка завершена;;;01.06.2026;
44-ФЗ;№0373100101226000004;Электронный аукцион;Выполнение работ по корректировке проектно сметной документации, включая прохождение государственной экспертизы в части проверки достоверности определения сметной стоимости, для проведения аварийно восстановительных работ по капитальному ремонту кровли и помещений административного здания по адресу:  г. Тверь, ул. Вагжанова, д.7, корп. 1, с последующим проведением работ по капитальному ремонту кровли и помещений указанного административного здания ;;'261770303646977240100100010014120243;;;20694600.00;RUB;0;;;;;;ЦЕНТРАЛЬНАЯ МЕЖРЕГИОНАЛЬНАЯ ТЕРРИТОРИАЛЬНАЯ ГОСУДАРСТВЕННАЯ ИНСПЕКЦИЯ ТРУДА;ЦЕНТРАЛЬНАЯ МЕЖРЕГИОНАЛЬНАЯ ТЕРРИТОРИАЛЬНАЯ ГОСУДАРСТВЕННАЯ ИНСПЕКЦИЯ ТРУДА;22.05.2026;02.06.2026;Закупка завершена;;;01.06.2026;
44-ФЗ;№0142200001326010889;Открытый конкурс в электронной форме;"Выполнение работ по благоустройству прилегающей территории здания СП ""Детский сад ""Мишутка"" ГБОУ СОШ п. Просвет";;'263633005007163300100100180014299244;;;15846981.18;RUB;0;;;;;;"МУНИЦИПАЛЬНОЕ БЮДЖЕТНОЕ УЧРЕЖДЕНИЕ ПО ОБЕСПЕЧЕНИЮ ДЕЯТЕЛЬНОСТИ УЧРЕЖДЕНИЙ ОБРАЗОВАНИЯ МУНИЦИПАЛЬНОГО РАЙОНА ВОЛЖСКИЙ САМАРСКОЙ ОБЛАСТИ ""ПАРИТЕТ""";КОМИТЕТ ПО ОРГАНИЗАЦИИ ТОРГОВ САМАРСКОЙ ОБЛАСТИ;13.05.2026;02.06.2026;Закупка завершена;;;29.05.2026;
44-ФЗ;№0825500000726001329;Электронный аукцион;Поставка медицинских изделий: Насос инфузионный эластомерный;;'262301501244530150100100980013250244;;;15180000.00;RUB;0;;;;;;"ГОСУДАРСТВЕННОЕ БЮДЖЕТНОЕ УЧРЕЖДЕНИЕ ЗДРАВООХРАНЕНИЯ АСТРАХАНСКОЙ ОБЛАСТИ ""ОБЛАСТНОЙ КЛИНИЧЕСКИЙ ОНКОЛОГИЧЕСКИЙ ДИСПАНСЕР""";"ГОСУДАРСТВЕННОЕ КАЗЕННОЕ УЧРЕЖДЕНИЕ АСТРАХАНСКОЙ ОБЛАСТИ ""РЕГИОНАЛЬНЫЙ ЦЕНТР ОРГАНИЗАЦИИ ЗАКУПОК""";22.05.2026;02.06.2026;Закупка завершена;;;01.06.2026;
44-ФЗ;№0372500005326000038;Открытый конкурс в электронной форме;Проектирование реконструкции наружного освещения парков, садов и скверов Санкт-Петербурга: Сквер б/н на Лафонской ул., д. 6;;'262783808733078380100100460017112414;;;6722706.03;RUB;0;;;;;;КОМИТЕТ ПО ЭНЕРГЕТИКЕ И ИНЖЕНЕРНОМУ ОБЕСПЕЧЕНИЮ;"САНКТ-ПЕТЕРБУРГСКОЕ ГОСУДАРСТВЕННОЕ БЮДЖЕТНОЕ УЧРЕЖДЕНИЕ ""ЛЕНСВЕТ""";29.04.2026;02.06.2026;Закупка завершена;;;28.05.2026;
44-ФЗ;№0310200000326001868;Электронный аукцион;"Поставка мебели для оснащения ГКУ ""ЦЗН РСО-Алания""";;'262150002544615000100100350010000244;;;6890993.05;RUB;0;;;;;;"ГОСУДАРСТВЕННОЕ КАЗЕННОЕ УЧРЕЖДЕНИЕ ""ЦЕНТР ЗАНЯТОСТИ НАСЕЛЕНИЯ РЕСПУБЛИКИ СЕВЕРНАЯ ОСЕТИЯ-АЛАНИЯ""";УПРАВЛЕНИЕ РЕСПУБЛИКИ СЕВЕРНАЯ ОСЕТИЯ-АЛАНИЯ ПО ПРОВЕДЕНИЮ ЗАКУПОК ДЛЯ ГОСУДАРСТВЕННЫХ НУЖД;21.05.2026;02.06.2026;Закупка завершена;;;29.05.2026;
44-ФЗ;№0372500005326000037;Открытый конкурс в электронной форме;Проектирование  реконструкции электрических сетей и устройств  наружного освещения магистралей: наб. Черной речки, включая Ланской мост и Строгановский мост;;'262783808733078380100100430017112414;;;19582803.95;RUB;0;;;;;;КОМИТЕТ ПО ЭНЕРГЕТИКЕ И ИНЖЕНЕРНОМУ ОБЕСПЕЧЕНИЮ;"САНКТ-ПЕТЕРБУРГСКОЕ ГОСУДАРСТВЕННОЕ БЮДЖЕТНОЕ УЧРЕЖДЕНИЕ ""ЛЕНСВЕТ""";29.04.2026;02.06.2026;Закупка завершена;;;28.05.2026;
44-ФЗ;№0152200004726000348;Запрос котировок в электронной форме;Выполнение работ по ремонту участка автомобильной дороги по ул. Ленина (от дома № 41, протяженностью 730 пог.метров, в направлении ул. Советская) в с. Максимовка Шербакульского района Омской области (Реестровый номер 26.33.0396);;'263550730566555070100100090014211244;;;9552890.15;RUB;0;;;;;;АДМИНИСТРАЦИЯ МАКСИМОВСКОГО СЕЛЬСКОГО ОКРУГА ШЕРБАКУЛЬСКОГО РАЙОНА ОМСКОЙ ОБЛАСТИ;ГЛАВНОЕ УПРАВЛЕНИЕ КОНТРАКТНОЙ СИСТЕМЫ ОМСКОЙ ОБЛАСТИ;25.05.2026;02.06.2026;Закупка завершена;;;01.06.2026;
44-ФЗ;№0162200011826001442;Запрос котировок в электронной форме;Выполнение работ, связанных с осуществлением регулярных перевозок пассажиров и багажа автомобильным транспортом по регулируемым тарифам (маршруты №№ 104, 145, 146);;'262665807811066850100100590014931244;;;7070300.16;RUB;0;;;;;;"ГОСУДАРСТВЕННОЕ КАЗЕННОЕ  УЧРЕЖДЕНИЕ СВЕРДЛОВСКОЙ ОБЛАСТИ ""УПРАВЛЕНИЕ АВТОМОБИЛЬНЫХ ДОРОГ""";ДЕПАРТАМЕНТ ГОСУДАРСТВЕННЫХ ЗАКУПОК СВЕРДЛОВСКОЙ ОБЛАСТИ;25.05.2026;02.06.2026;Закупка завершена;;;01.06.2026;
44-ФЗ;№0162200011826001446;Запрос котировок в электронной форме;Поставка лекарственного препарата для медицинского применения;;'262666001041566710100100032580000323;;;7000627.50;RUB;0;;;;;;МИНИСТЕРСТВО ЗДРАВООХРАНЕНИЯ СВЕРДЛОВСКОЙ ОБЛАСТИ;ДЕПАРТАМЕНТ ГОСУДАРСТВЕННЫХ ЗАКУПОК СВЕРДЛОВСКОЙ ОБЛАСТИ;25.05.2026;02.06.2026;Закупка завершена;;;01.06.2026;
44-ФЗ;№0845300009626000029;Запрос котировок в электронной форме;Выполнение работ по благоустройству территории «Парк Героев»;;'263470312485747030100100930024299244;;;6476746.00;RUB;0;;;;;;"СЕРТОЛОВСКОЕ МУНИЦИПАЛЬНОЕ УЧРЕЖДЕНИЕ ""ОКАЗАНИЕ УСЛУГ ""РАЗВИТИЕ""";"СЕРТОЛОВСКОЕ МУНИЦИПАЛЬНОЕ УЧРЕЖДЕНИЕ ""ОКАЗАНИЕ УСЛУГ ""РАЗВИТИЕ""";25.05.2026;02.06.2026;Закупка завершена;;;01.06.2026;
44-ФЗ;№0119300019626000152;Электронный аукцион;Услуги по организации культурно-познавательных (экскурсионных) туров по Золотому кольцу России, г. Санкт-Петербург и г. Волгоград для учащихся муниципальных бюджетных общеобразовательных учреждений Северо-Енисейского муниципального округа;;'263243450043324340100100690017990244;;;9550000.00;RUB;0;;;;;;"МУНИЦИПАЛЬНОЕ БЮДЖЕТНОЕ ОБРАЗОВАТЕЛЬНОЕ УЧРЕЖДЕНИЕ ДОПОЛНИТЕЛЬНОГО ОБРАЗОВАНИЯ ""СЕВЕРО-ЕНИСЕЙСКИЙ ДЕТСКО-ЮНОШЕСКИЙ ЦЕНТР""";АДМИНИСТРАЦИЯ СЕВЕРО-ЕНИСЕЙСКОГО МУНИЦИПАЛЬНОГО ОКРУГА;22.05.2026;02.06.2026;Закупка завершена;;;01.06.2026;
44-ФЗ;№0845300009626000030;Запрос котировок в электронной форме;Выполнение работ по благоустройству территории;;'263470312485747030100100890024299244;;;5886962.50;RUB;0;;;;;;"СЕРТОЛОВСКОЕ МУНИЦИПАЛЬНОЕ УЧРЕЖДЕНИЕ ""ОКАЗАНИЕ УСЛУГ ""РАЗВИТИЕ""";"СЕРТОЛОВСКОЕ МУНИЦИПАЛЬНОЕ УЧРЕЖДЕНИЕ ""ОКАЗАНИЕ УСЛУГ ""РАЗВИТИЕ""";25.05.2026;02.06.2026;Закупка завершена;;;01.06.2026;
44-ФЗ;№0142200001326011563;Электронный аукцион;Ремонт помещений;;'263631903490463190100100270014339244;;;5365408.91;RUB;0;;;;;;"МУНИЦИПАЛЬНОЕ БЮДЖЕТНОЕ ОБЩЕОБРАЗОВАТЕЛЬНОЕ УЧРЕЖДЕНИЕ ""ШКОЛА № 65 ИМЕНИ ГЕРОЯ СОВЕТСКОГО СОЮЗА В.Д.АНДРЕЯНОВА"" ГОРОДСКОГО ОКРУГА САМАРА";КОМИТЕТ ПО ОРГАНИЗАЦИИ ТОРГОВ САМАРСКОЙ ОБЛАСТИ;21.05.2026;02.06.2026;Закупка завершена;;;29.05.2026;
44-ФЗ;№0119200000126009225;Электронный аукцион;ЭА-№-9577/26 «Иммунодепрессанты АДАЛИМУМАБ»;;'262246621260724660100100172430000323;;;16228685.00;RUB;0;;;;;;МИНИСТЕРСТВО ЗДРАВООХРАНЕНИЯ КРАСНОЯРСКОГО КРАЯ;АГЕНТСТВО ГОСУДАРСТВЕННОГО ЗАКАЗА КРАСНОЯРСКОГО КРАЯ;21.05.2026;02.06.2026;Закупка завершена;;;29.05.2026;
44-ФЗ;№0360300033226000022;Электронный аукцион;Поставка продуктов питания (Говядина охлажденная);;263645304215164530100100080011011244, 263645304216964530100100100011011244, 263645305807064530100100080011011244, 263645304244064530100100090011011244, 263645304207064530100100090011011244, 263645304221864530100100090011011244, 263645304252164530100100080011011244, 263645305719764530100100080011011244, 263645314166764530100100080011011244, 263645311978164530100100080011011244, 263645305605964530100100080011011244, 263645313738964530100100080011011244, 263645304932664530100100080011011244, 263645313490264530100100120011011244;;;7249800.00;RUB;0;;;;;;;"МУНИЦИПАЛЬНОЕ КАЗЁННОЕ УЧРЕЖДЕНИЕ ""ЦЕНТРАЛИЗОВАННАЯ БУХГАЛТЕРИЯ УЧРЕЖДЕНИЙ ОБРАЗОВАНИЯ ЛЕНИНСКОГО РАЙОНА ГОРОДА САРАТОВА""";21.05.2026;02.06.2026;Закупка завершена;;;29.05.2026;
44-ФЗ;№0875100006126000015;Электронный аукцион;Оказание услуг по эксплуатационному, техническому обслуживанию и ремонту инженерных систем зданий;;'261770783307091020100100140013312244;;;17300000.00;RUB;0;;;;;;"ФЕДЕРАЛЬНОЕ ГОСУДАРСТВЕННОЕ КАЗЕННОЕ УЧРЕЖДЕНИЕ ЗДРАВООХРАНЕНИЯ ""ПРОТИВОЧУМНАЯ СТАНЦИЯ РЕСПУБЛИКИ КРЫМ"" ФЕДЕРАЛЬНОЙ СЛУЖБЫ ПО НАДЗОРУ В СФЕРЕ ЗАЩИТЫ ПРАВ ПОТРЕБИТЕЛЕЙ И БЛАГОПОЛУЧИЯ ЧЕЛОВЕКА";"ФЕДЕРАЛЬНОЕ ГОСУДАРСТВЕННОЕ КАЗЕННОЕ УЧРЕЖДЕНИЕ ЗДРАВООХРАНЕНИЯ ""ПРОТИВОЧУМНАЯ СТАНЦИЯ РЕСПУБЛИКИ КРЫМ"" ФЕДЕРАЛЬНОЙ СЛУЖБЫ ПО НАДЗОРУ В СФЕРЕ ЗАЩИТЫ ПРАВ ПОТРЕБИТЕЛЕЙ И БЛАГОПОЛУЧИЯ ЧЕЛОВЕКА";21.05.2026;02.06.2026;Закупка завершена;;;01.06.2026;
44-ФЗ;№0329200062226001270;Открытый конкурс в электронной форме;На оказание услуг по организации горячего питания на базе муниципальных образовательных учреждений Дубовского муниципального района Волгоградской области в 2026 году;;263340500866034050100100190015629244, 263340500868434050100100110015629244, 263340500867734050100100110015629244;;;5723694.90;RUB;0;;;;;;;"ГОСУДАРСТВЕННОЕ КАЗЕННОЕ УЧРЕЖДЕНИЕ ВОЛГОГРАДСКОЙ ОБЛАСТИ ""ЦЕНТР ОРГАНИЗАЦИИ ЗАКУПОК""";13.05.2026;02.06.2026;Закупка завершена;;;01.06.2026;
44-ФЗ;№0148200005426000217;Открытый конкурс в электронной форме;"Выполнение работ и оказание услуг, связанных с одновременным выполнением инженерных изысканий, подготовкой проектной документации, выполнением работ по реконструкции объекта капитального строительства и поставкой оборудования, необходимого для обеспечения эксплуатации такого объекта по мероприятию: ""Реконструкция котельной № 3а с увеличением мощности по адресу: Московская область, м.о. Лотошино, п. Лотошино, ул. Западная, д. 1 (в т.ч. ПИР)""";;'263507100002050710100100290014120414;;;264543485.70;RUB;0;;;;;;АДМИНИСТРАЦИЯ МУНИЦИПАЛЬНОГО ОКРУГА ЛОТОШИНО МОСКОВСКОЙ ОБЛАСТИ;КОМИТЕТ ПО КОНКУРЕНТНОЙ ПОЛИТИКЕ МОСКОВСКОЙ ОБЛАСТИ;14.05.2026;02.06.2026;Закупка завершена;;;01.06.2026;
44-ФЗ;№0853500000326003672;Электронный аукцион;На поставку среды питательной жидкой Миддлбрук с флуоресцентным компонентом в пробирках;;'262561003635056100100101270012059244;;;9907232.46;RUB;0;;;;;;"ГОСУДАРСТВЕННОЕ БЮДЖЕТНОЕ УЧРЕЖДЕНИЕ ЗДРАВООХРАНЕНИЯ ""ОРЕНБУРГСКИЙ ОБЛАСТНОЙ КЛИНИЧЕСКИЙ МЕДИЦИНСКИЙ ФТИЗИОПУЛЬМОНОЛОГИЧЕСКИЙ ЦЕНТР""";"ГОСУДАРСТВЕННОЕ КАЗЕННОЕ УЧРЕЖДЕНИЕ ОРЕНБУРГСКОЙ ОБЛАСТИ ""ЦЕНТР ОРГАНИЗАЦИИ ЗАКУПОК""";21.05.2026;02.06.2026;Закупка завершена;;;29.05.2026;
44-ФЗ;№0187300006526000742;Электронный аукцион на проведение работ по строительству, реконструкции, кап. ремонту, сносу объекта кап. строительства в соответствии с п. 8 ч. 1 ст. 33 Закона № 44-ФЗ;Капитальный ремонт крылец и отмостки здания МБДОУ №22 «Сказка»;;'263860200306786020100101420010000243;;;24163009.01;RUB;0;;;;;;"МУНИЦИПАЛЬНОЕ КАЗЕННОЕ УЧРЕЖДЕНИЕ ""ДИРЕКЦИЯ ЭКСПЛУАТАЦИИ АДМИНИСТРАТИВНЫХ ЗДАНИЙ И ИНЖЕНЕРНЫХ СИСТЕМ""";АДМИНИСТРАЦИЯ ГОРОДА СУРГУТА;21.05.2026;02.06.2026;Закупка завершена;;;29.05.2026;
44-ФЗ;№0177300011626000003;Электронный аукцион на проведение работ по строительству, реконструкции, кап. ремонту, сносу объекта кап. строительства в соответствии с п. 8 ч. 1 ст. 33 Закона № 44-ФЗ;Капитальный ремонт здания гаражей по адресу:  Республика Алтай, Майминский район, с. Майма, ул Строителей, 10 а;;'263041117494104110100100060024120243;;;6460943.03;RUB;0;;;;;;"АДМИНИСТРАЦИЯ МУНИЦИПАЛЬНОГО ОБРАЗОВАНИЯ ""МАЙМИНСКОЕ СЕЛЬСКОЕ ПОСЕЛЕНИЕ "" МАЙМИНСКОГО РАЙОНА РЕСПУБЛИКИ АЛТАЙ";"АДМИНИСТРАЦИЯ МУНИЦИПАЛЬНОГО ОБРАЗОВАНИЯ ""МАЙМИНСКОЕ СЕЛЬСКОЕ ПОСЕЛЕНИЕ "" МАЙМИНСКОГО РАЙОНА РЕСПУБЛИКИ АЛТАЙ";22.05.2026;02.06.2026;Закупка завершена;;;01.06.2026;
44-ФЗ;№0307200030626001102;Запрос котировок в электронной форме;Поставка лекарственных препаратов (Трастузумаб эмтанзин);;'262110148704711010100102270012120244;;;7312603.20;RUB;0;;;;;;"ГОСУДАРСТВЕННОЕ БЮДЖЕТНОЕ УЧРЕЖДЕНИЕ ЗДРАВООХРАНЕНИЯ РЕСПУБЛИКИ КОМИ ""СЫКТЫВКАРСКАЯ ГОРОДСКАЯ ПОЛИКЛИНИКА № 3""";"ГОСУДАРСТВЕННОЕ КАЗЕННОЕ УЧРЕЖДЕНИЕ РЕСПУБЛИКИ КОМИ ""ЦЕНТР ОБЕСПЕЧЕНИЯ ОРГАНИЗАЦИИ И ПРОВЕДЕНИЯ ТОРГОВ""";25.05.2026;02.06.2026;Закупка завершена;;;01.06.2026;
44-ФЗ;№0373400010926000473;Электронный аукцион;Поставка оборудования;;'261771404207077144300100080170000244;;;5500000.00;RUB;0;;;;;;"МОСКОВСКИЙ НАУЧНО-ИССЛЕДОВАТЕЛЬСКИЙ ОНКОЛОГИЧЕСКИЙ ИНСТИТУТ ИМЕНИ П.А. ГЕРЦЕНА - ФИЛИАЛ ФЕДЕРАЛЬНОГО ГОСУДАРСТВЕННОГО БЮДЖЕТНОГО УЧРЕЖДЕНИЯ ""НАЦИОНАЛЬНЫЙ МЕДИЦИНСКИЙ ИССЛЕДОВАТЕЛЬСКИЙ ЦЕНТР РАДИОЛОГИИ"" МИНИСТЕРСТВА ЗДРАВООХРАНЕНИЯ РОССИЙСКОЙ ФЕДЕРАЦИИ";"МОСКОВСКИЙ НАУЧНО-ИССЛЕДОВАТЕЛЬСКИЙ ОНКОЛОГИЧЕСКИЙ ИНСТИТУТ ИМЕНИ П.А. ГЕРЦЕНА - ФИЛИАЛ ФЕДЕРАЛЬНОГО ГОСУДАРСТВЕННОГО БЮДЖЕТНОГО УЧРЕЖДЕНИЯ ""НАЦИОНАЛЬНЫЙ МЕДИЦИНСКИЙ ИССЛЕДОВАТЕЛЬСКИЙ ЦЕНТР РАДИОЛОГИИ"" МИНИСТЕРСТВА ЗДРАВООХРАНЕНИЯ РОССИЙСКОЙ ФЕДЕРАЦИИ";22.05.2026;02.06.2026;Закупка завершена;;;01.06.2026;
44-ФЗ;№0187300006526000741;Электронный аукцион на проведение работ по строительству, реконструкции, кап. ремонту, сносу объекта кап. строительства в соответствии с п. 8 ч. 1 ст. 33 Закона № 44-ФЗ;Капитальный ремонт крылец и отмостки здания МБДОУ №22 «Сказка»;;'263860200306786020100101430010000243;;;29039099.13;RUB;0;;;;;;"МУНИЦИПАЛЬНОЕ КАЗЕННОЕ УЧРЕЖДЕНИЕ ""ДИРЕКЦИЯ ЭКСПЛУАТАЦИИ АДМИНИСТРАТИВНЫХ ЗДАНИЙ И ИНЖЕНЕРНЫХ СИСТЕМ""";АДМИНИСТРАЦИЯ ГОРОДА СУРГУТА;21.05.2026;02.06.2026;Закупка завершена;;;29.05.2026;
44-ФЗ;№0165300010526000351;Электронный аукцион;"Приобретение благоустроенного жилого помещения в черте населенного пункта г. Томск в рамках подпрограммы ""Расселение аварийного жилья"" муниципальной программы «Расселение аварийного жилья и управление муниципальным жилищным фондом» на 2024 - 2028 годы», утвержденной постановлением администрации Города Томска от 07.11.2023 № 901";;'263700001683970000100190022016810412;;;5008501.88;RUB;0;;;;;;ДЕПАРТАМЕНТ ЖИЛИЩНОЙ ПОЛИТИКИ АДМИНИСТРАЦИИ ГОРОДА ТОМСКА;АДМИНИСТРАЦИЯ ГОРОДА ТОМСКА;22.05.2026;02.06.2026;Закупка завершена;;;01.06.2026;
44-ФЗ;№0843500000226002904;Запрос котировок в электронной форме;Приобретение (поставка) объекта долевого строительства (жилого помещения) для переселения граждан из аварийного жилищного фонда;;'263450117258345010100100320026810412;;;5034960.00;RUB;0;;;;;;ДЕПАРТАМЕНТ ЖИЛИЩНО-КОММУНАЛЬНОГО ХОЗЯЙСТВА АДМИНИСТРАЦИИ ГОРОДА КУРГАНА;"ГОСУДАРСТВЕННОЕ КАЗЕННОЕ УЧРЕЖДЕНИЕ ""ЦЕНТР ЗАКУПОК И БУХГАЛТЕРСКОГО УЧЕТА КУРГАНСКОЙ ОБЛАСТИ""";25.05.2026;02.06.2026;Закупка завершена;;;01.06.2026;
44-ФЗ;№0152200004726000333;Электронный аукцион на проведение работ по строительству, реконструкции, кап. ремонту, сносу объекта кап. строительства в соответствии с п. 8 ч. 1 ст. 33 Закона № 44-ФЗ;Выполнение работ по капитальному ремонту здания общественно-бытового корпуса по адресу: Омская обл., Горьковский р-н, Горьковское р,п, Маяковского ул., д.27/2 (частичный) (Реестровый номер 26.33.0377);;'263551200628355120100100050014120243;;;21323795.09;RUB;0;;;;;;"МУНИЦИПАЛЬНОЕ БЮДЖЕТНОЕ УЧРЕЖДЕНИЕ ""ЦЕНТР ПО РАБОТЕ С ДЕТЬМИ И МОЛОДЕЖЬЮ"" ГОРЬКОВСКОГО РАЙОНА ОМСКОЙ ОБЛАСТИ";ГЛАВНОЕ УПРАВЛЕНИЕ КОНТРАКТНОЙ СИСТЕМЫ ОМСКОЙ ОБЛАСТИ;22.05.2026;02.06.2026;Закупка завершена;;;01.06.2026;
44-ФЗ;№0817200000326007489;Запрос котировок в электронной форме;Поставка и ввод в эксплуатацию медицинского оборудования (Система ультразвуковой визуализации универсальная, с питанием от сети);;'262225300097522530100100680030000244;;;7874000.00;RUB;0;;;;;;"КРАЕВОЕ ГОСУДАРСТВЕННОЕ БЮДЖЕТНОЕ УЧРЕЖДЕНИЕ ЗДРАВООХРАНЕНИЯ ""КУЛУНДИНСКАЯ ЦЕНТРАЛЬНАЯ РАЙОННАЯ БОЛЬНИЦА""";"КРАЕВОЕ ГОСУДАРСТВЕННОЕ КАЗЕННОЕ УЧРЕЖДЕНИЕ ""ЦЕНТР ГОСУДАРСТВЕННЫХ ЗАКУПОК АЛТАЙСКОГО КРАЯ""";18.05.2026;02.06.2026;Закупка завершена;;;25.05.2026;
44-ФЗ;№0869200000226004225;Электронный аукцион;на поставку Специализированного продукта диетического лечебного питания детей старше одного года, больных фенилкетонурией для обеспечения лекарственными препаратами и специализированными продуктами лечебного питания граждан, страдающих жизнеугрожающими и хроническими прогрессирующими редкими (орфанными) заболеваниями, приводящими к сокращению продолжительности жизни граждан или их инвалидности;;'262745313582774530100100250610000323;;;5421423.48;RUB;0;;;;;;МИНИСТЕРСТВО ЗДРАВООХРАНЕНИЯ ЧЕЛЯБИНСКОЙ ОБЛАСТИ;"ГОСУДАРСТВЕННОЕ КАЗЕННОЕ УЧРЕЖДЕНИЕ ""ЦЕНТР ОРГАНИЗАЦИИ ЗАКУПОК ЧЕЛЯБИНСКОЙ ОБЛАСТИ""";15.05.2026;02.06.2026;Закупка завершена;;;25.05.2026;
44-ФЗ;№0303300064726001644;Электронный аукцион;Закупка техники;;'263054100850405710100100190022910244;;;10950000.00;RUB;0;;;;;;"МУНИЦИПАЛЬНОЕ КАЗЕННОЕ УЧРЕЖДЕНИЕ "" УПРАВЛЕНИЕ ЖИЛИЩНО-КОММУНАЛЬНОГО ХОЗЯЙСТВА ГОРОДА МАХАЧКАЛА """;"МУНИЦИПАЛЬНОЕ КАЗЕННОЕ УЧРЕЖДЕНИЕ ""ГОРЗАКАЗ""";18.05.2026;02.06.2026;Закупка завершена;;;01.06.2026;
44-ФЗ;№0387200009126002249;Электронный аукцион;Поставка стент-графтов эндоваскулярных для подвздошно-бедренного артериального сегмента;;'262861700564586020100100380543250244;;;6527803.43;RUB;0;;;;;;"БЮДЖЕТНОЕ УЧРЕЖДЕНИЕ ХАНТЫ-МАНСИЙСКОГО АВТОНОМНОГО ОКРУГА - ЮГРЫ ""СУРГУТСКАЯ ОКРУЖНАЯ КЛИНИЧЕСКАЯ БОЛЬНИЦА""";"КАЗЕННОЕ УЧРЕЖДЕНИЕ ХАНТЫ-МАНСИЙСКОГО АВТОНОМНОГО ОКРУГА - ЮГРЫ ""ЦЕНТР ЛЕКАРСТВЕННОГО МОНИТОРИНГА""";21.05.2026;02.06.2026;Закупка завершена;;;29.05.2026;
44-ФЗ;№0187300015626000082;Электронный аукцион;Выполнение работ по лесоустройству городских лесов города Ханты-Мансийска и разработке проекта лесохозяйственного регламента городских лесов города Ханты-Мансийка;;'263860101703586010100102210010240244;;;13095046.31;RUB;0;;;;;;"МУНИЦИПАЛЬНОЕ КАЗЕННОЕ  УЧРЕЖДЕНИЕ ""СЛУЖБА МУНИЦИПАЛЬНОГО ЗАКАЗА В ЖИЛИЩНО-КОММУНАЛЬНОМ ХОЗЯЙСТВЕ""";АДМИНИСТРАЦИЯ ГОРОДА ХАНТЫ-МАНСИЙСКА;21.05.2026;02.06.2026;Закупка завершена;;;29.05.2026;
44-ФЗ;№0102200001626001299;Запрос котировок в электронной форме;Поставка лекарственных препаратов СЕЛУМЕТИНИБ для обеспечения граждан в соответствии с постановлением Правительства Российской Федерации от 30.07.1994 № 890 «О государственной поддержке развития медицинской промышленности и улучшения обеспечения населения и учреждений здравоохранения лекарственными средствами и изделиями медицинского назначения»;;'262032305651503260100101360022120244;;;6660720.00;RUB;0;;;;;;МИНИСТЕРСТВО ЗДРАВООХРАНЕНИЯ РЕСПУБЛИКИ БУРЯТИЯ;РЕСПУБЛИКАНСКОЕ АГЕНТСТВО ПО ГОСУДАРСТВЕННЫМ ЗАКУПКАМ;21.05.2026;02.06.2026;Закупка завершена;;;29.05.2026;
44-ФЗ;№0328300125826000115;Запрос котировок в электронной форме;"Поставка системы очистки воды обратным осмосом для нужд государственного бюджетного учреждения здравоохранения Владимирской области ""Центральная районная больница №1""";;'262330402049133040100102170013250244;;;8770000.00;RUB;0;;;;;;"ГОСУДАРСТВЕННОЕ БЮДЖЕТНОЕ УЧРЕЖДЕНИЕ ЗДРАВООХРАНЕНИЯ ВЛАДИМИРСКОЙ ОБЛАСТИ ""ЦЕНТРАЛЬНАЯ РАЙОННАЯ БОЛЬНИЦА №1""";"ГОСУДАРСТВЕННОЕ БЮДЖЕТНОЕ УЧРЕЖДЕНИЕ ЗДРАВООХРАНЕНИЯ ВЛАДИМИРСКОЙ ОБЛАСТИ ""ЦЕНТРАЛЬНАЯ РАЙОННАЯ БОЛЬНИЦА №1""";25.05.2026;02.06.2026;Закупка завершена;;;01.06.2026;
44-ФЗ;№0148300021226000188;Открытый конкурс в электронной форме;Выполнение работ по текущему ремонту помещений;;'263502716134050270100100270014120244;;;10562685.40;RUB;0;;;;;;"МУНИЦИПАЛЬНОЕ УЧРЕЖДЕНИЕ ""ДИРЕКЦИЯ ЦЕНТРАЛИЗОВАННОГО ОБЕСПЕЧЕНИЯ"" ГОРОДСКОГО ОКРУГА ЛЮБЕРЦЫ МОСКОВСКОЙ ОБЛАСТИ";АДМИНИСТРАЦИЯ ГОРОДСКОГО ОКРУГА ЛЮБЕРЦЫ МОСКОВСКОЙ ОБЛАСТИ;12.05.2026;02.06.2026;Закупка завершена;;;29.05.2026;
44-ФЗ;№0121200004726000615;Электронный аукцион;Поставка изделий медицинского назначения (ВМП);;'262263300117126350100100570020000244;;;14389421.40;RUB;0;;;;;;"ГОСУДАРСТВЕННОЕ БЮДЖЕТНОЕ УЧРЕЖДЕНИЕ ЗДРАВООХРАНЕНИЯ СТАВРОПОЛЬСКОГО КРАЯ ""СТАВРОПОЛЬСКАЯ КРАЕВАЯ КЛИНИЧЕСКАЯ БОЛЬНИЦА""";КОМИТЕТ СТАВРОПОЛЬСКОГО КРАЯ ПО ГОСУДАРСТВЕННЫМ ЗАКУПКАМ;21.05.2026;02.06.2026;Закупка завершена;;;01.06.2026;
44-ФЗ;№0121200004726000611;Электронный аукцион;Проведение ремонтных работ по устройству системы отопления на объекте культурного наследия регионального значения «Театр братьев Меснянкиных», 1910 г., расположенного по адресу: Ставропольский край, г. Ставрополь, пр. Карла Маркса, 59-61  (часть здания, находящаяся в оперативном управлении ГБУК СК «Краевая филармония»).;;'262263602154626360100100170014120243;;;8907600.00;RUB;0;;;;;;"ГОСУДАРСТВЕННОЕ БЮДЖЕТНОЕ УЧРЕЖДЕНИЕ КУЛЬТУРЫ СТАВРОПОЛЬСКОГО КРАЯ ""СТАВРОПОЛЬСКАЯ ГОСУДАРСТВЕННАЯ ФИЛАРМОНИЯ""";КОМИТЕТ СТАВРОПОЛЬСКОГО КРАЯ ПО ГОСУДАРСТВЕННЫМ ЗАКУПКАМ;20.05.2026;02.06.2026;Закупка завершена;;;29.05.2026;
44-ФЗ;№0121200004726000606;Электронный аукцион;Выполнение работ по разработке проектно-сметной и рабочей документации по объекту «Реконструкция водоснабжения хутора Калиновский Кочубеевского муниципального округа Ставропольского края» с последующим прохождением экспертизы;;'263261002062926100100101290027112414;;;13751420.00;RUB;0;;;;;;АДМИНИСТРАЦИЯ КОЧУБЕЕВСКОГО МУНИЦИПАЛЬНОГО ОКРУГА СТАВРОПОЛЬСКОГО КРАЯ;КОМИТЕТ СТАВРОПОЛЬСКОГО КРАЯ ПО ГОСУДАРСТВЕННЫМ ЗАКУПКАМ;21.05.2026;02.06.2026;Закупка завершена;;;29.05.2026;
44-ФЗ;№0244100000526000054;Электронный аукцион;Поставка специальных средств при нарушении функции выделения (Однокомпонентный дренируемый калоприемник со встроенной плоской пластиной) в пользу граждан в целях их социального обеспечения;;'261462902698846320100100690013250323;;;14634900.00;RUB;0;;;;;;ОТДЕЛЕНИЕ ФОНДА ПЕНСИОННОГО И СОЦИАЛЬНОГО СТРАХОВАНИЯ РОССИЙСКОЙ ФЕДЕРАЦИИ ПО КУРСКОЙ ОБЛАСТИ;ОТДЕЛЕНИЕ ФОНДА ПЕНСИОННОГО И СОЦИАЛЬНОГО СТРАХОВАНИЯ РОССИЙСКОЙ ФЕДЕРАЦИИ ПО КУРСКОЙ ОБЛАСТИ;07.05.2026;02.06.2026;Закупка завершена;;;19.05.2026;
44-ФЗ;№0165300010526000347;Электронный аукцион;Выполнение работ по ликвидации несанкционированных свалок на территории Ленинского района Города Томска;;'263701713175970170100100150018129244;;;13059986.84;RUB;0;;;;;;АДМИНИСТРАЦИЯ ЛЕНИНСКОГО РАЙОНА ГОРОДА ТОМСКА;АДМИНИСТРАЦИЯ ГОРОДА ТОМСКА;21.05.2026;02.06.2026;Закупка завершена;;;29.05.2026;
44-ФЗ;№0848300048426000213;Электронный аукцион;Оказание услуг по ликвидации несанкционированных навалов мусора;;'263500315179050030100101850013811244;;;34669673.00;RUB;0;;;;;;"МУНИЦИПАЛЬНОЕ БЮДЖЕТНОЕ УЧРЕЖДЕНИЕ ""БЛАГОУСТРОЙСТВО"" ЛЕНИНСКОГО ГОРОДСКОГО ОКРУГА МОСКОВСКОЙ ОБЛАСТИ";"МУНИЦИПАЛЬНОЕ КАЗЕННОЕ УЧРЕЖДЕНИЕ ЛЕНИНСКОГО ГОРОДСКОГО ОКРУГА МОСКОВСКОЙ ОБЛАСТИ ""ЦЕНТР ТОРГОВ""";22.05.2026;02.06.2026;Закупка завершена;;;01.06.2026;
44-ФЗ;№0387200010126000013;Электронный аукцион;Оказание услуг по организации горячего питания обучающихся;;'262860800049686080100100490015629244;;;26363220.00;RUB;0;;;;;;"БЮДЖЕТНОЕ УЧРЕЖДЕНИЕ ПРОФЕССИОНАЛЬНОГО ОБРАЗОВАНИЯ ХАНТЫ-МАНСИЙСКОГО АВТОНОМНОГО ОКРУГА - ЮГРЫ ""КОГАЛЫМСКИЙ ПОЛИТЕХНИЧЕСКИЙ КОЛЛЕДЖ""";"БЮДЖЕТНОЕ УЧРЕЖДЕНИЕ ПРОФЕССИОНАЛЬНОГО ОБРАЗОВАНИЯ ХАНТЫ-МАНСИЙСКОГО АВТОНОМНОГО ОКРУГА - ЮГРЫ ""КОГАЛЫМСКИЙ ПОЛИТЕХНИЧЕСКИЙ КОЛЛЕДЖ""";18.05.2026;02.06.2026;Закупка завершена;;;29.05.2026;
44-ФЗ;№0360100026226000231;Электронный аукцион;Поставка наборов реагентов для ПЦР (Санитарный щит- Создание лабораторий);;'261645202447064520100100830110000244;;;7827398.11;RUB;0;;;;;;"ФЕДЕРАЛЬНОЕ КАЗЕННОЕ УЧРЕЖДЕНИЕ НАУКИ ""РОССИЙСКИЙ НАУЧНО-ИССЛЕДОВАТЕЛЬСКИЙ ПРОТИВОЧУМНЫЙ ИНСТИТУТ ""МИКРОБ"" ФЕДЕРАЛЬНОЙ СЛУЖБЫ ПО НАДЗОРУ В СФЕРЕ ЗАЩИТЫ ПРАВ ПОТРЕБИТЕЛЕЙ И БЛАГОПОЛУЧИЯ ЧЕЛОВЕКА";"ФЕДЕРАЛЬНОЕ КАЗЕННОЕ УЧРЕЖДЕНИЕ НАУКИ ""РОССИЙСКИЙ НАУЧНО-ИССЛЕДОВАТЕЛЬСКИЙ ПРОТИВОЧУМНЫЙ ИНСТИТУТ ""МИКРОБ"" ФЕДЕРАЛЬНОЙ СЛУЖБЫ ПО НАДЗОРУ В СФЕРЕ ЗАЩИТЫ ПРАВ ПОТРЕБИТЕЛЕЙ И БЛАГОПОЛУЧИЯ ЧЕЛОВЕКА";22.05.2026;02.06.2026;Закупка завершена;;;01.06.2026;
44-ФЗ;№0372100001926000094;Запрос котировок в электронной форме;Набор реагентов (для научной работы), Лот 2;;'261781304526578130100100460010000244;;;6221920.27;RUB;0;;;;;;"ФЕДЕРАЛЬНОЕ ГОСУДАРСТВЕННОЕ БЮДЖЕТНОЕ УЧРЕЖДЕНИЕ ""ФЕДЕРАЛЬНЫЙ НАУЧНО-КЛИНИЧЕСКИЙ ЦЕНТР ИНФЕКЦИОННЫХ БОЛЕЗНЕЙ ФЕДЕРАЛЬНОГО МЕДИКО-БИОЛОГИЧЕСКОГО АГЕНТСТВА""";"ФЕДЕРАЛЬНОЕ ГОСУДАРСТВЕННОЕ БЮДЖЕТНОЕ УЧРЕЖДЕНИЕ ""ФЕДЕРАЛЬНЫЙ НАУЧНО-КЛИНИЧЕСКИЙ ЦЕНТР ИНФЕКЦИОННЫХ БОЛЕЗНЕЙ ФЕДЕРАЛЬНОГО МЕДИКО-БИОЛОГИЧЕСКОГО АГЕНТСТВА""";22.05.2026;02.06.2026;Закупка завершена;;;01.06.2026;
44-ФЗ;№0246100000426000094;Электронный аукцион на проведение работ по строительству, реконструкции, кап. ремонту, сносу объекта кап. строительства в соответствии с п. 8 ч. 1 ст. 33 Закона № 44-ФЗ;Выполнение работ по выборочному капитальному ремонту помещений клиентской службы ОСФР по Липецкой области, расположенных по адресу: г. Липецк, пл. Соборная д. 3;;'261482600478248260100101180034339243;;;64831900.00;RUB;0;;;;;;ОТДЕЛЕНИЕ ФОНДА ПЕНСИОННОГО И СОЦИАЛЬНОГО СТРАХОВАНИЯ РОССИЙСКОЙ ФЕДЕРАЦИИ ПО ЛИПЕЦКОЙ ОБЛАСТИ;ОТДЕЛЕНИЕ ФОНДА ПЕНСИОННОГО И СОЦИАЛЬНОГО СТРАХОВАНИЯ РОССИЙСКОЙ ФЕДЕРАЦИИ ПО ЛИПЕЦКОЙ ОБЛАСТИ;19.05.2026;02.06.2026;Закупка завершена;;;29.05.2026;
44-ФЗ;№0319300044926000004;Электронный аукцион;"Выполнение временных противоаварийных мероприятий МБДОУ ""Детский сад №2 ""Асиктакан"" п.Тура";;'263880101292688010100100080014399244;;;7983782.74;RUB;0;;;;;;"МУНИЦИПАЛЬНОЕ УЧРЕЖДЕНИЕ ""ДЕПАРТАМЕНТ КАПИТАЛЬНОГО СТРОИТЕЛЬСТВА АДМИНИСТРАЦИИ ЭВЕНКИЙСКОГО МУНИЦИПАЛЬНОГО РАЙОНА КРАСНОЯРСКОГО КРАЯ""";"МУНИЦИПАЛЬНОЕ УЧРЕЖДЕНИЕ ""ДЕПАРТАМЕНТ КАПИТАЛЬНОГО СТРОИТЕЛЬСТВА АДМИНИСТРАЦИИ ЭВЕНКИЙСКОГО МУНИЦИПАЛЬНОГО РАЙОНА КРАСНОЯРСКОГО КРАЯ""";21.05.2026;02.06.2026;Закупка завершена;;;29.05.2026;
44-ФЗ;№0152200004726000336;Электронный аукцион;Выполнение работ по ремонту автомобильной дороги ул. Российская в с. Азово Азовского немецкого национального района Омской области (1 этап). (Реестровый номер 26.33.0355);;'263550901421355090100100250014211244;;;19922452.38;RUB;0;;;;;;УПРАВЛЕНИЕ ПО СТРОИТЕЛЬСТВУ И АРХИТЕКТУРЕ АЗОВСКОГО НЕМЕЦКОГО НАЦИОНАЛЬНОГО РАЙОНА ОМСКОЙ ОБЛАСТИ;ГЛАВНОЕ УПРАВЛЕНИЕ КОНТРАКТНОЙ СИСТЕМЫ ОМСКОЙ ОБЛАСТИ;22.05.2026;02.06.2026;Закупка завершена;;;01.06.2026;
44-ФЗ;№0362300004426000025;Электронный аукцион на проведение работ по строительству, реконструкции, кап. ремонту, сносу объекта кап. строительства в соответствии с п. 8 ч. 1 ст. 33 Закона № 44-ФЗ;Капитальный ремонт наружных сетей, расположенных на территории Муниципального общеобразовательного учреждения Валериановской средней общеобразовательной школы имени Героя Советского Союза А.В.Рогозина по адресу: Свердловская область, г.Качканар, пос.Валериановск, ул.Энгельса, д.10 ;;'263661500522066810100100940014221243;;;12443360.35;RUB;0;;;;;;"МУНИЦИПАЛЬНОЕ УЧРЕЖДЕНИЕ ""УПРАВЛЕНИЕ ГОРОДСКОГО ХОЗЯЙСТВА""";"МУНИЦИПАЛЬНОЕ УЧРЕЖДЕНИЕ ""УПРАВЛЕНИЕ ГОРОДСКОГО ХОЗЯЙСТВА""";21.05.2026;02.06.2026;Закупка завершена;;;29.05.2026;
44-ФЗ;№0103200008426004333;Открытый конкурс в электронной форме;Замена подводящего водопровода в с. Губден Карабудахкентского района;;'263052200928405220100100040014322243;;;6594960.00;RUB;0;;;;;;"АДМИНИСТРАЦИЯ МУНИЦИПАЛЬНОГО  ОБРАЗОВАНИЯ СЕЛЬСКОГО ПОСЕЛЕНИЯ ""СЕЛЬСОВЕТ ГУБДЕНСКИЙ"" КАРАБУДАХКЕНТСКОГО РАЙОНА";КОМИТЕТ ПО ГОСУДАРСТВЕННЫМ ЗАКУПКАМ РЕСПУБЛИКИ ДАГЕСТАН;20.05.2026;02.06.2026;Закупка завершена;;;01.06.2026;
223-ФЗ;№32615902591;Конкурс в электронной форме, участниками которого могут быть только субъекты малого и среднего предпринимательства;"К №26-35-ОЭ на право заключения договора на Модернизация СОПТ на ПС 35/6 кВ Красный – Углекоп для нужд филиала ПАО ""Россети Сибирь"" - ""Кузбассэнерго-РЭС""";;;1;Модернизация СОПТ на ПС 35/6 кВ Красный – Углекоп;17670569.83;RUB;17670569.83;;;;42.22.13: Электростанции;;"ПУБЛИЧНОЕ АКЦИОНЕРНОЕ ОБЩЕСТВО ""РОССЕТИ СИБИРЬ""";"ПУБЛИЧНОЕ АКЦИОНЕРНОЕ ОБЩЕСТВО ""РОССЕТИ СИБИРЬ""";13.04.2026;02.06.2026;Закупка завершена;;;21.04.2026 15:00;
44-ФЗ;№0303300064726001668;Запрос котировок в электронной форме;Выполнение комплекса работ по разработке Дизайн-кода городской среды и Пакета документов по архитектурно-градостроительному облику (АГО) города Махачкалы;;'263054100009305720100100040017111244;;;6666000.00;RUB;0;;;;;;"МУНИЦИПАЛЬНОЕ КАЗЕННОЕ УЧРЕЖДЕНИЕ ""УПРАВЛЕНИЕ АРХИТЕКТУРЫ И ГРАДОСТРОИТЕЛЬСТВА"" АДМИНИСТРАЦИИ ГОРОДСКОГО ОКРУГА ""ГОРОД МАХАЧКАЛА""";"МУНИЦИПАЛЬНОЕ КАЗЕННОЕ УЧРЕЖДЕНИЕ ""ГОРЗАКАЗ""";22.05.2026;02.06.2026;Закупка завершена;;;01.06.2026;
44-ФЗ;№0119200000126009227;Электронный аукцион;ЭА-№-9576/26 «Иммунодепрессанты ВЕДОЛИЗУМАБ»;;'262246621260724660100100172440000323;;;10846200.00;RUB;0;;;;;;МИНИСТЕРСТВО ЗДРАВООХРАНЕНИЯ КРАСНОЯРСКОГО КРАЯ;АГЕНТСТВО ГОСУДАРСТВЕННОГО ЗАКАЗА КРАСНОЯРСКОГО КРАЯ;21.05.2026;02.06.2026;Закупка завершена;;;29.05.2026;
223-ФЗ;№32616023884;Запрос котировок в электронной форме, участниками которого могут быть только субъекты малого и среднего предпринимательства;Право заключения договора на: ОКПД2 43.99.90.100. Выполнение работ по ремонту тепловых сетей в Усть-Майском филиале в рамках выполнения ремонтной программы  (ЛОТ № 0356-РЕМ ПРОД-2026-ТЭС);;;1;ОКПД2 43.99.90.100. Выполнение работ по ремонту тепловых сетей в Усть-Майском филиале в рамках выполнения ремонтной программы;5601930.58;RUB;5601930.58;;;;43.99.90.100: Работы строительные специализированные, не включенные в другие группировки, кроме работ на объектах культурного наследия;;"АКЦИОНЕРНОЕ ОБЩЕСТВО ""ТЕПЛОЭНЕРГОСЕРВИС""";"АКЦИОНЕРНОЕ ОБЩЕСТВО ""ТЕПЛОЭНЕРГОСЕРВИС""";20.05.2026;02.06.2026;Закупка завершена;;;27.05.2026 12:00;
44-ФЗ;№0806300011826000186;Открытый конкурс в электронной форме;Выполнение работ по ремонту автомобильных дорог, входящих в опорный населенный пункт, на территории Петрозаводского городского округа;;'263100104050510010100101250014211244;;;69991548.27;RUB;0;;;;;;АДМИНИСТРАЦИЯ ПЕТРОЗАВОДСКОГО ГОРОДСКОГО ОКРУГА;"МУНИЦИПАЛЬНОЕ КАЗЕННОЕ УЧРЕЖДЕНИЕ ПЕТРОЗАВОДСКОГО ГОРОДСКОГО ОКРУГА ""ПЕТРОСНАБ""";15.05.2026;02.06.2026;Закупка завершена;;;01.06.2026;
44-ФЗ;№0174500001126003137;Электронный аукцион;на поставку стендов и цифровых лабораторий;;'262920402353192040100100220023299244;;;10265312.33;RUB;0;;;;;;"ГОСУДАРСТВЕННОЕ БЮДЖЕТНОЕ ОБРАЗОВАТЕЛЬНОЕ УЧРЕЖДЕНИЕ ПРОФЕССИОНАЛЬНОГО ОБРАЗОВАНИЯ ГОРОДА СЕВАСТОПОЛЯ ""СЕВАСТОПОЛЬСКИЙ АРХИТЕКТУРНО-СТРОИТЕЛЬНЫЙ ТЕХНИКУМ""";ДЕПАРТАМЕНТ АДМИНИСТРАТИВНО-ХОЗЯЙСТВЕННОГО ОБЕСПЕЧЕНИЯ ИСПОЛНИТЕЛЬНЫХ ОРГАНОВ ГОРОДА СЕВАСТОПОЛЯ;21.05.2026;02.06.2026;Закупка завершена;;;29.05.2026;
44-ФЗ;№0373200215526000428;Открытый конкурс в электронной форме;Выполнение работ по текущему ремонту родовых боксов в корпусе № 28, 2-й этаж;;'262772208653977220100100160010000244;;;15641861.69;RUB;0;;;;;;"ГОСУДАРСТВЕННОЕ БЮДЖЕТНОЕ УЧРЕЖДЕНИЕ ЗДРАВООХРАНЕНИЯ ГОРОДА МОСКВЫ ""ГОРОДСКАЯ КЛИНИЧЕСКАЯ БОЛЬНИЦА № 29 ИМ. Н.Э. БАУМАНА ДЕПАРТАМЕНТА ЗДРАВООХРАНЕНИЯ ГОРОДА МОСКВЫ""";"ГОСУДАРСТВЕННОЕ БЮДЖЕТНОЕ УЧРЕЖДЕНИЕ ЗДРАВООХРАНЕНИЯ ГОРОДА МОСКВЫ ""ГОРОДСКАЯ КЛИНИЧЕСКАЯ БОЛЬНИЦА № 29 ИМ. Н.Э. БАУМАНА ДЕПАРТАМЕНТА ЗДРАВООХРАНЕНИЯ ГОРОДА МОСКВЫ""";15.05.2026;02.06.2026;Закупка завершена;;;01.06.2026;
44-ФЗ;№0860200000826004528;Запрос котировок в электронной форме;Поставка  лекарственного препарата Соторасиб с целью обеспечения льготных категорий граждан;;'262645504666664550100108480012120323;;;7200000.00;RUB;0;;;;;;МИНИСТЕРСТВО ЗДРАВООХРАНЕНИЯ САРАТОВСКОЙ ОБЛАСТИ;"ГОСУДАРСТВЕННОЕ КАЗЕННОЕ УЧРЕЖДЕНИЕ САРАТОВСКОЙ ОБЛАСТИ ""ГОСУДАРСТВЕННОЕ АГЕНТСТВО ПО ЦЕНТРАЛИЗАЦИИ ЗАКУПОК""";21.05.2026;02.06.2026;Закупка завершена;;;29.05.2026;
44-ФЗ;№0310200000326001857;Электронный аукцион;Реагенты диагностические;;'262150100289015130100100170022120244;;;5838742.05;RUB;0;;;;;;"ГОСУДАРСТВЕННОЕ БЮДЖЕТНОЕ УЧРЕЖДЕНИЕ ЗДРАВООХРАНЕНИЯ ""РЕСПУБЛИКАНСКАЯ КЛИНИЧЕСКАЯ БОЛЬНИЦА СКОРОЙ МЕДИЦИНСКОЙ ПОМОЩИ"" МИНИСТЕРСТВА ЗДРАВООХРАНЕНИЯ РЕСПУБЛИКИ СЕВЕРНАЯ ОСЕТИЯ-АЛАНИЯ";УПРАВЛЕНИЕ РЕСПУБЛИКИ СЕВЕРНАЯ ОСЕТИЯ-АЛАНИЯ ПО ПРОВЕДЕНИЮ ЗАКУПОК ДЛЯ ГОСУДАРСТВЕННЫХ НУЖД;21.05.2026;02.06.2026;Закупка завершена;;;29.05.2026;
44-ФЗ;№0372100033826000483;Электронный аукцион на проведение работ по строительству, реконструкции, кап. ремонту, сносу объекта кап. строительства в соответствии с п. 8 ч. 1 ст. 33 Закона № 44-ФЗ;Выполнение работ по ремонту помещений водолечебницы ФГБУ «СПб НИИФ» Минздрава России по адресу: 188800, Ленинградская область, Выборгский район, поселок Отрадное (капитальный ремонт).;;'261781502228878420100100130030000243;;;9446916.13;RUB;0;;;;;;"ФЕДЕРАЛЬНОЕ ГОСУДАРСТВЕННОЕ БЮДЖЕТНОЕ УЧРЕЖДЕНИЕ ""САНКТ-ПЕТЕРБУРГСКИЙ НАУЧНО-ИССЛЕДОВАТЕЛЬСКИЙ ИНСТИТУТ ФТИЗИОПУЛЬМОНОЛОГИИ"" МИНИСТЕРСТВА ЗДРАВООХРАНЕНИЯ РОССИЙСКОЙ ФЕДЕРАЦИИ";"ФЕДЕРАЛЬНОЕ ГОСУДАРСТВЕННОЕ БЮДЖЕТНОЕ УЧРЕЖДЕНИЕ ""САНКТ-ПЕТЕРБУРГСКИЙ НАУЧНО-ИССЛЕДОВАТЕЛЬСКИЙ ИНСТИТУТ ФТИЗИОПУЛЬМОНОЛОГИИ"" МИНИСТЕРСТВА ЗДРАВООХРАНЕНИЯ РОССИЙСКОЙ ФЕДЕРАЦИИ";14.05.2026;02.06.2026;Закупка завершена;;;22.05.2026;
44-ФЗ;№0818300003626000030;Запрос котировок в электронной форме;Комплектующие для компьютерной техники;;'263231015412423100100101170012620244;;;7562527.40;RUB;0;;;;;;"МУНИЦИПАЛЬНОЕ КАЗЁННОЕ УЧРЕЖДЕНИЕ МУНИЦИПАЛЬНОГО ОБРАЗОВАНИЯ ГОРОД КРАСНОДАР ""ЭЛЕКТРОННЫЙ КРАСНОДАР""";"МУНИЦИПАЛЬНОЕ КАЗЁННОЕ УЧРЕЖДЕНИЕ МУНИЦИПАЛЬНОГО ОБРАЗОВАНИЯ ГОРОД КРАСНОДАР ""ЭЛЕКТРОННЫЙ КРАСНОДАР""";25.05.2026;02.06.2026;Закупка завершена;;;01.06.2026;
44-ФЗ;№0329200062226001285;Открытый конкурс в электронной форме;Закупка путевок в детские специализированные (профильные) лагеря, детские лагеря различной тематической направленности при организациях отдыха детей и их оздоровления (оказание услуг) с частичной оплатой стоимости за счет средств областного бюджета по направлениям: познавательное направление воспитания, физическое воспитание, формирование культуры здорового образа жизни и эмоционального благополучия;;'262344591895434450100100030198541323;;;10143000.00;RUB;0;;;;;;КОМИТЕТ ОБРАЗОВАНИЯ И НАУКИ ВОЛГОГРАДСКОЙ ОБЛАСТИ;"ГОСУДАРСТВЕННОЕ КАЗЕННОЕ УЧРЕЖДЕНИЕ ВОЛГОГРАДСКОЙ ОБЛАСТИ ""ЦЕНТР ОРГАНИЗАЦИИ ЗАКУПОК""";14.05.2026;02.06.2026;Закупка завершена;;;01.06.2026;
44-ФЗ;№0372100001926000095;Запрос котировок в электронной форме;Набор реагентов (для научной работы), Лот 3;;'261781304526578130100100430012059244;;;5569506.18;RUB;0;;;;;;"ФЕДЕРАЛЬНОЕ ГОСУДАРСТВЕННОЕ БЮДЖЕТНОЕ УЧРЕЖДЕНИЕ ""ФЕДЕРАЛЬНЫЙ НАУЧНО-КЛИНИЧЕСКИЙ ЦЕНТР ИНФЕКЦИОННЫХ БОЛЕЗНЕЙ ФЕДЕРАЛЬНОГО МЕДИКО-БИОЛОГИЧЕСКОГО АГЕНТСТВА""";"ФЕДЕРАЛЬНОЕ ГОСУДАРСТВЕННОЕ БЮДЖЕТНОЕ УЧРЕЖДЕНИЕ ""ФЕДЕРАЛЬНЫЙ НАУЧНО-КЛИНИЧЕСКИЙ ЦЕНТР ИНФЕКЦИОННЫХ БОЛЕЗНЕЙ ФЕДЕРАЛЬНОГО МЕДИКО-БИОЛОГИЧЕСКОГО АГЕНТСТВА""";25.05.2026;02.06.2026;Закупка завершена;;;01.06.2026;
44-ФЗ;№0112200000826002574;Электронный аукцион;"Приобретение больничных кроватей для объекта ""Дом-интернат на 180 койко-мест с помещениями медицинского и бытового обслуживания"" в с. Дерзиг-Аксы Каа-Хемского района Республики Тыва"" 2026г. (6лот жк1)";;'262170105269717010100100400790000244;;;8367234.62;RUB;0;;;;;;МИНИСТЕРСТВО ТРУДА И СОЦИАЛЬНОЙ ПОЛИТИКИ РЕСПУБЛИКИ ТЫВА;МИНИСТЕРСТВО РЕСПУБЛИКИ ТЫВА ПО РЕГУЛИРОВАНИЮ КОНТРАКТНОЙ СИСТЕМЫ В СФЕРЕ ЗАКУПОК;22.05.2026;02.06.2026;Закупка завершена;;;01.06.2026;
44-ФЗ;№0328300006626000150;Запрос котировок в электронной форме;"Закупка системы оптической когерентной томографии сетчатки для нужд ГБУЗ ВО ""ЦРБ №2"" ";;'262330701031833340100101980022660244;;;7848300.00;RUB;0;;;;;;"ГОСУДАРСТВЕННОЕ БЮДЖЕТНОЕ УЧРЕЖДЕНИЕ ЗДРАВООХРАНЕНИЯ ВЛАДИМИРСКОЙ ОБЛАСТИ ""ЦЕНТРАЛЬНАЯ РАЙОННАЯ БОЛЬНИЦА № 2""";"ГОСУДАРСТВЕННОЕ БЮДЖЕТНОЕ УЧРЕЖДЕНИЕ ЗДРАВООХРАНЕНИЯ ВЛАДИМИРСКОЙ ОБЛАСТИ ""ЦЕНТРАЛЬНАЯ РАЙОННАЯ БОЛЬНИЦА № 2""";25.05.2026;02.06.2026;Закупка завершена;;;29.05.2026;
44-ФЗ;№0858300000926000007;Открытый конкурс в электронной форме;Ремонт асфальтобетонного покрытия по адресу: г.Каменск-Шахтинский, пер. Ермаковский.;;'263614703652961470100100070014211244;;;17213915.07;RUB;0;;;;;;"МУНИЦИПАЛЬНОЕ КАЗЕННОЕ УЧРЕЖДЕНИЕ ""ДЕПАРТАМЕНТ СТРОИТЕЛЬСТВА И ЖИЛИЩНО-КОММУНАЛЬНОГО ХОЗЯЙСТВА Г.КАМЕНСК-ШАХТИНСКИЙ""";"МУНИЦИПАЛЬНОЕ КАЗЕННОЕ УЧРЕЖДЕНИЕ ""ДЕПАРТАМЕНТ СТРОИТЕЛЬСТВА И ЖИЛИЩНО-КОММУНАЛЬНОГО ХОЗЯЙСТВА Г.КАМЕНСК-ШАХТИНСКИЙ""";06.04.2026;02.06.2026;Закупка завершена;;;20.05.2026;
44-ФЗ;№0162300071426000007;Электронный аукцион;Капитальный ремонт автомобильных дорог общего пользования местного значения на территории Сосьвинского муниципального округа;;'263668000237066800100100040014211243;;;20204568.25;RUB;0;;;;;;"ОТРАСЛЕВОЙ ОРГАН АДМИНИСТРАЦИИ СОСЬВИНСКОГО МУНИЦИПАЛЬНОГО ОКРУГА СВЕРДЛОВСКОЙ ОБЛАСТИ ""КОМИТЕТ ПО ЖИЛИЩНО-КОММУНАЛЬНОМУ ХОЗЯЙСТВУ, СТРОИТЕЛЬСТВУ, ЭНЕРГЕТИКЕ, ТРАНСПОРТУ И СВЯЗИ""";"ОТРАСЛЕВОЙ ОРГАН АДМИНИСТРАЦИИ СОСЬВИНСКОГО МУНИЦИПАЛЬНОГО ОКРУГА СВЕРДЛОВСКОЙ ОБЛАСТИ ""КОМИТЕТ ПО ЖИЛИЩНО-КОММУНАЛЬНОМУ ХОЗЯЙСТВУ, СТРОИТЕЛЬСТВУ, ЭНЕРГЕТИКЕ, ТРАНСПОРТУ И СВЯЗИ""";20.05.2026;02.06.2026;Закупка завершена;;;29.05.2026;
44-ФЗ;№0162300005326001015;Электронный аукцион на проведение работ по строительству, реконструкции, кап. ремонту, сносу объекта кап. строительства в соответствии с п. 8 ч. 1 ст. 33 Закона № 44-ФЗ;Выполнение работ (СМР+ПСД) на капитальный ремонт школьного стадиона по адресу: г. Екатеринбург, пр. Решетникова, 10 и обеспечение мероприятий по оборудованию спортивной площадки (устройство газона) по адресу: г.Екатеринбург, ул.Серафимы Дерябиной, 49А;;'263667124849866710100101010014299243;;;21378980.30;RUB;0;;;;;;"МУНИЦИПАЛЬНОЕ КАЗЕННОЕ УЧРЕЖДЕНИЕ ""УПРАВЛЕНИЕ ЗАКАЗЧИКА ПО КАПИТАЛЬНОМУ РЕМОНТУ""";АДМИНИСТРАЦИЯ ГОРОДА ЕКАТЕРИНБУРГА;22.05.2026;02.06.2026;Закупка завершена;;;01.06.2026;
44-ФЗ;№0348100009326000005;Электронный аукцион;Поставка бензина и дизельного топлива;;'261771458491877140100100020010000244;;;6000000.00;RUB;0;;;;;;"ФЕДЕРАЛЬНОЕ КАЗЕННОЕ УЧРЕЖДЕНИЕ ""ГЛАВНОЕ БЮРО МЕДИКО-СОЦИАЛЬНОЙ ЭКСПЕРТИЗЫ ПО МОСКОВСКОЙ ОБЛАСТИ"" МИНИСТЕРСТВА ТРУДА И СОЦИАЛЬНОЙ ЗАЩИТЫ РОССИЙСКОЙ ФЕДЕРАЦИИ";"ФЕДЕРАЛЬНОЕ КАЗЕННОЕ УЧРЕЖДЕНИЕ ""ГЛАВНОЕ БЮРО МЕДИКО-СОЦИАЛЬНОЙ ЭКСПЕРТИЗЫ ПО МОСКОВСКОЙ ОБЛАСТИ"" МИНИСТЕРСТВА ТРУДА И СОЦИАЛЬНОЙ ЗАЩИТЫ РОССИЙСКОЙ ФЕДЕРАЦИИ";18.05.2026;02.06.2026;Закупка завершена;;;01.06.2026;
44-ФЗ;№0119200000126009230;Электронный аукцион;ЭА-№-9573/26 «Препараты противоопухолевые ВЕНЕТОКЛАКС»;;'262246621260724660100100172450000323;;;37522172.80;RUB;0;;;;;;МИНИСТЕРСТВО ЗДРАВООХРАНЕНИЯ КРАСНОЯРСКОГО КРАЯ;АГЕНТСТВО ГОСУДАРСТВЕННОГО ЗАКАЗА КРАСНОЯРСКОГО КРАЯ;21.05.2026;02.06.2026;Закупка завершена;;;29.05.2026;
44-ФЗ;№0329200062226001392;Электронный аукцион;Приобретение жилых помещений для обеспечения переселения граждан из аварийного жилья в городском поселении р.п Средняя Ахтуба Среднеахтубинского района Волгоградской области;;'263342898527734280100100420014120412;;;19051552.00;RUB;0;;;;;;АДМИНИСТРАЦИЯ ГОРОДСКОГО ПОСЕЛЕНИЯ Р.П.СРЕДНЯЯ АХТУБА;"ГОСУДАРСТВЕННОЕ КАЗЕННОЕ УЧРЕЖДЕНИЕ ВОЛГОГРАДСКОЙ ОБЛАСТИ ""ЦЕНТР ОРГАНИЗАЦИИ ЗАКУПОК""";22.05.2026;02.06.2026;Закупка завершена;;;01.06.2026;
44-ФЗ;№0162300005326001001;Электронный аукцион;Строительство улично-дорожной сети в микрорайоне Калиновском города Екатеринбурга (разработка эскизного проекта);;'263667146953966710100100550017112414;;;6374970.00;RUB;0;;;;;;"МУНИЦИПАЛЬНОЕ КАЗЕННОЕ УЧРЕЖДЕНИЕ ""УПРАВЛЕНИЕ КАПИТАЛЬНОГО СТРОИТЕЛЬСТВА ГОРОДА ЕКАТЕРИНБУРГА""";АДМИНИСТРАЦИЯ ГОРОДА ЕКАТЕРИНБУРГА;22.05.2026;02.06.2026;Закупка завершена;;;01.06.2026;
44-ФЗ;№0145200000426000834;Электронный аукцион на проведение работ по строительству, реконструкции, кап. ремонту, сносу объекта кап. строительства в соответствии с п. 8 ч. 1 ст. 33 Закона № 44-ФЗ;Капитальный ремонт шахты лифта с заменой лифтового оборудования в лечебно-хирургическом корпусе по адресу: г. Приозерск, ул. Калинина 35;;'262471201725947120100100590014329243;;;5700000.00;RUB;0;;;;;;"ГОСУДАРСТВЕННОЕ БЮДЖЕТНОЕ УЧРЕЖДЕНИЕ ЗДРАВООХРАНЕНИЯ ЛЕНИНГРАДСКОЙ ОБЛАСТИ ""ПРИОЗЕРСКАЯ МЕЖРАЙОННАЯ БОЛЬНИЦА""";КОМИТЕТ ГОСУДАРСТВЕННОГО ЗАКАЗА ЛЕНИНГРАДСКОЙ ОБЛАСТИ;21.05.2026;02.06.2026;Закупка завершена;;;29.05.2026;
44-ФЗ;№0848600003326000371;Электронный аукцион;Приобретение жилого помещения в многоквартирном доме гражданам, переселяемым из аварийного многоквартирного жилого дома;;'263503807939050380100100470016810412;;;8780537.40;RUB;0;;;;;;"МУНИЦИПАЛЬНОЕ КАЗЕННОЕ УЧРЕЖДЕНИЕ ""УПРАВЛЕНИЕ КАПИТАЛЬНОГО СТРОИТЕЛЬСТВА"" ГОРОДСКОГО ОКРУГА ПУШКИНСКИЙ";"МУНИЦИПАЛЬНОЕ КАЗЁННОЕ УЧРЕЖДЕНИЕ ГОРОДСКОГО ОКРУГА ПУШКИНСКИЙ МОСКОВСКОЙ ОБЛАСТИ ""ЦЕНТР ОРГАНИЗАЦИИ ТОРГОВ""";22.05.2026;02.06.2026;Закупка завершена;;;01.06.2026;
44-ФЗ;№0329200062226001393;Электронный аукцион;Поставка дорожных знаков и знаков индивидуального проектирования;;'262344420181134430100100660012599244;;;5310000.00;RUB;0;;;;;;"ГОСУДАРСТВЕННОЕ БЮДЖЕТНОЕ УЧРЕЖДЕНИЕ ВОЛГОГРАДСКОЙ ОБЛАСТИ ""ВОЛГОГРАДАВТОДОР""";"ГОСУДАРСТВЕННОЕ КАЗЕННОЕ УЧРЕЖДЕНИЕ ВОЛГОГРАДСКОЙ ОБЛАСТИ ""ЦЕНТР ОРГАНИЗАЦИИ ЗАКУПОК""";22.05.2026;02.06.2026;Закупка завершена;;;01.06.2026;
44-ФЗ;№0372100033826000480;Электронный аукцион на проведение работ по строительству, реконструкции, кап. ремонту, сносу объекта кап. строительства в соответствии с п. 8 ч. 1 ст. 33 Закона № 44-ФЗ;Выполнение работ по ремонту 1-го этажа 3-го корпуса ФГБУ «СПб НИИФ» Минздрава России по адресу:188800, Ленинградская область, Выборгский район, поселок Отрадное (капитальный ремонт).;;'261781502228878420100100130040000243;;;9461518.71;RUB;0;;;;;;"ФЕДЕРАЛЬНОЕ ГОСУДАРСТВЕННОЕ БЮДЖЕТНОЕ УЧРЕЖДЕНИЕ ""САНКТ-ПЕТЕРБУРГСКИЙ НАУЧНО-ИССЛЕДОВАТЕЛЬСКИЙ ИНСТИТУТ ФТИЗИОПУЛЬМОНОЛОГИИ"" МИНИСТЕРСТВА ЗДРАВООХРАНЕНИЯ РОССИЙСКОЙ ФЕДЕРАЦИИ";"ФЕДЕРАЛЬНОЕ ГОСУДАРСТВЕННОЕ БЮДЖЕТНОЕ УЧРЕЖДЕНИЕ ""САНКТ-ПЕТЕРБУРГСКИЙ НАУЧНО-ИССЛЕДОВАТЕЛЬСКИЙ ИНСТИТУТ ФТИЗИОПУЛЬМОНОЛОГИИ"" МИНИСТЕРСТВА ЗДРАВООХРАНЕНИЯ РОССИЙСКОЙ ФЕДЕРАЦИИ";14.05.2026;02.06.2026;Закупка завершена;;;22.05.2026;
44-ФЗ;№0329200062226001283;Открытый конкурс в электронной форме;оказание услуг по организации горячего питания обучающихся в муниципальных общеобразовательных организациях Ольховского муниципального района Волгоградской области на 2026 год;;263342200636634220100100060015629244, 263342200645434220100100040015629244, 263342200632734220100100060015629244, 263342200638034220100100040015629244, 263342200660934220100100050015629244, 263342200635934220100100070015629244, 263342200630234220100100060015629244, 263342200631034220100100060015629244, 263342200633434220100100060015629244, 263342200634134220100100060015629244, 263342200615834220100100090015629244, 263342200639834220100100060015629244, 263342200646134220100100050015629244, 263342200659934220100100070015629244;;;6013067.00;RUB;0;;;;;;;"ГОСУДАРСТВЕННОЕ КАЗЕННОЕ УЧРЕЖДЕНИЕ ВОЛГОГРАДСКОЙ ОБЛАСТИ ""ЦЕНТР ОРГАНИЗАЦИИ ЗАКУПОК""";14.05.2026;02.06.2026;Закупка завершена;;;01.06.2026;
44-ФЗ;№0373200045226000832;Электронный аукцион;Электронный аукцион  по установке 40 (сорока) сплит-систем с зимним комплектом для технического оснащения помещений в корпусах №№ 1, 7, 17, 20, 22 ГБУЗ ММНКЦ им. С.П. Боткина ДЗМ.;;'262771408263677140100108970010000244;;;7513407.20;RUB;0;;;;;;"ГОСУДАРСТВЕННОЕ БЮДЖЕТНОЕ УЧРЕЖДЕНИЕ ЗДРАВООХРАНЕНИЯ ГОРОДА МОСКВЫ ""МОСКОВСКИЙ МНОГОПРОФИЛЬНЫЙ НАУЧНО-КЛИНИЧЕСКИЙ ЦЕНТР ИМЕНИ С.П. БОТКИНА"" ДЕПАРТАМЕНТА ЗДРАВООХРАНЕНИЯ ГОРОДА МОСКВЫ";"ГОСУДАРСТВЕННОЕ БЮДЖЕТНОЕ УЧРЕЖДЕНИЕ ЗДРАВООХРАНЕНИЯ ГОРОДА МОСКВЫ ""МОСКОВСКИЙ МНОГОПРОФИЛЬНЫЙ НАУЧНО-КЛИНИЧЕСКИЙ ЦЕНТР ИМЕНИ С.П. БОТКИНА"" ДЕПАРТАМЕНТА ЗДРАВООХРАНЕНИЯ ГОРОДА МОСКВЫ";20.05.2026;02.06.2026;Закупка завершена;;;29.05.2026;
44-ФЗ;№0342100000326000001;Запрос котировок в электронной форме;Оказание услуг, связанных с беспилотными авиационными системами в целях развития и модернизации агропромышленного комплекса;;'261635000086563500100100120010161244;;;7000000.00;RUB;0;;;;;;"ФЕДЕРАЛЬНОЕ ГОСУДАРСТВЕННОЕ БЮДЖЕТНОЕ ОБРАЗОВАТЕЛЬНОЕ УЧРЕЖДЕНИЕ ВЫСШЕГО ОБРАЗОВАНИЯ ""САМАРСКИЙ ГОСУДАРСТВЕННЫЙ АГРАРНЫЙ УНИВЕРСИТЕТ""";"ФЕДЕРАЛЬНОЕ ГОСУДАРСТВЕННОЕ БЮДЖЕТНОЕ ОБРАЗОВАТЕЛЬНОЕ УЧРЕЖДЕНИЕ ВЫСШЕГО ОБРАЗОВАНИЯ ""САМАРСКИЙ ГОСУДАРСТВЕННЫЙ АГРАРНЫЙ УНИВЕРСИТЕТ""";25.05.2026;02.06.2026;Закупка завершена;;;01.06.2026;
44-ФЗ;№0816500000626008888;Электронный аукцион;Приобретение 3 (трех) жилых помещений (благоустроенных квартир) путем участия в долевом строительстве многоквартирного дома в г. Алдан, Алданского района, Республики Саха (Якутия), в рамках реализации республиканской адресной программы «Переселение граждан из аварийного жилищного фонда на 2025-2028 года».;;'262143533916814350100100230014120412;;;16229435.04;RUB;0;;;;;;"ГОСУДАРСТВЕННОЕ КАЗЕННОЕ УЧРЕЖДЕНИЕ РЕСПУБЛИКИ САХА (ЯКУТИЯ) ""ДИРЕКЦИЯ ЖИЛИЩНОГО СТРОИТЕЛЬСТВА РЕСПУБЛИКИ САХА (ЯКУТИЯ)""";"ГОСУДАРСТВЕННОЕ КАЗЕННОЕ УЧРЕЖДЕНИЕ РЕСПУБЛИКИ САХА (ЯКУТИЯ) ""ЦЕНТР ЗАКУПОК РЕСПУБЛИКИ САХА (ЯКУТИЯ)""";21.05.2026;02.06.2026;Закупка завершена;;;29.05.2026;
44-ФЗ;№0816500000626008899;Электронный аукцион;Приобретение 2 (двух) жилых помещений (благоустроенных квартир) у лица, являющегося застройщиком, в строящемся жилом доме в с. Борогонцы, Усть-Алданского района, Республики Саха (Якутия), в рамках реализации республиканской адресной программы «Переселение граждан из аварийного жилищного фонда на 2025-2028 года».;;'262143533916814350100100940014120412;;;18517108.58;RUB;0;;;;;;"ГОСУДАРСТВЕННОЕ КАЗЕННОЕ УЧРЕЖДЕНИЕ РЕСПУБЛИКИ САХА (ЯКУТИЯ) ""ДИРЕКЦИЯ ЖИЛИЩНОГО СТРОИТЕЛЬСТВА РЕСПУБЛИКИ САХА (ЯКУТИЯ)""";"ГОСУДАРСТВЕННОЕ КАЗЕННОЕ УЧРЕЖДЕНИЕ РЕСПУБЛИКИ САХА (ЯКУТИЯ) ""ЦЕНТР ЗАКУПОК РЕСПУБЛИКИ САХА (ЯКУТИЯ)""";21.05.2026;02.06.2026;Закупка завершена;;;29.05.2026;
44-ФЗ;№0816500000626008891;Электронный аукцион;Приобретение 1 (одного) жилого помещения (благоустроенной квартиры) путем участия в долевом строительстве многоквартирного дома в г. Алдан, Алданского района, Республики Саха (Якутия), в рамках реализации республиканской адресной программы «Переселение граждан из аварийного жилищного фонда на 2025-2028 года».;;'262143533916814350100100350014120412;;;11254054.56;RUB;0;;;;;;"ГОСУДАРСТВЕННОЕ КАЗЕННОЕ УЧРЕЖДЕНИЕ РЕСПУБЛИКИ САХА (ЯКУТИЯ) ""ДИРЕКЦИЯ ЖИЛИЩНОГО СТРОИТЕЛЬСТВА РЕСПУБЛИКИ САХА (ЯКУТИЯ)""";"ГОСУДАРСТВЕННОЕ КАЗЕННОЕ УЧРЕЖДЕНИЕ РЕСПУБЛИКИ САХА (ЯКУТИЯ) ""ЦЕНТР ЗАКУПОК РЕСПУБЛИКИ САХА (ЯКУТИЯ)""";21.05.2026;02.06.2026;Закупка завершена;;;29.05.2026;
44-ФЗ;№0816500000626008890;Электронный аукцион;Приобретение 1 (одного) жилого помещения (благоустроенной квартиры) путем участия в долевом строительстве многоквартирного дома в г. Алдан, Алданского района, Республики Саха (Якутия), в рамках реализации республиканской адресной программы «Переселение граждан из аварийного жилищного фонда на 2025-2028 года».;;'262143533916814350100100330014120412;;;10975104.00;RUB;0;;;;;;"ГОСУДАРСТВЕННОЕ КАЗЕННОЕ УЧРЕЖДЕНИЕ РЕСПУБЛИКИ САХА (ЯКУТИЯ) ""ДИРЕКЦИЯ ЖИЛИЩНОГО СТРОИТЕЛЬСТВА РЕСПУБЛИКИ САХА (ЯКУТИЯ)""";"ГОСУДАРСТВЕННОЕ КАЗЕННОЕ УЧРЕЖДЕНИЕ РЕСПУБЛИКИ САХА (ЯКУТИЯ) ""ЦЕНТР ЗАКУПОК РЕСПУБЛИКИ САХА (ЯКУТИЯ)""";21.05.2026;02.06.2026;Закупка завершена;;;29.05.2026;
44-ФЗ;№0387200009126002221;Электронный аукцион;Поставка наборов для проведения биопсии мягких тканей;;'262861700564586020100100380523250244;;;8297424.85;RUB;0;;;;;;"БЮДЖЕТНОЕ УЧРЕЖДЕНИЕ ХАНТЫ-МАНСИЙСКОГО АВТОНОМНОГО ОКРУГА - ЮГРЫ ""СУРГУТСКАЯ ОКРУЖНАЯ КЛИНИЧЕСКАЯ БОЛЬНИЦА""";"КАЗЕННОЕ УЧРЕЖДЕНИЕ ХАНТЫ-МАНСИЙСКОГО АВТОНОМНОГО ОКРУГА - ЮГРЫ ""ЦЕНТР ЛЕКАРСТВЕННОГО МОНИТОРИНГА""";20.05.2026;02.06.2026;Закупка завершена;;;29.05.2026;
44-ФЗ;№0329200062226001361;Электронный аукцион;"Текущий ремонт автомобильной дороги местного значения(х. Котовский – турбаза ""Хопёр"") в Котовском с/п Урюпинского района";;'263343100668334310100100020024211244;;;8821411.96;RUB;0;;;;;;АДМИНИСТРАЦИЯ КОТОВСКОГО СЕЛЬСКОГО ПОСЕЛЕНИЯ УРЮПИНСКОГО МУНИЦИПАЛЬНОГО РАЙОНА;"ГОСУДАРСТВЕННОЕ КАЗЕННОЕ УЧРЕЖДЕНИЕ ВОЛГОГРАДСКОЙ ОБЛАСТИ ""ЦЕНТР ОРГАНИЗАЦИИ ЗАКУПОК""";22.05.2026;02.06.2026;Закупка завершена;;;01.06.2026;
44-ФЗ;№0144200002426000210;Электронный аукцион на проведение работ по строительству, реконструкции, кап. ремонту, сносу объекта кап. строительства в соответствии с п. 8 ч. 1 ст. 33 Закона № 44-ФЗ;"Капитальный ремонт поликлиники ОБУЗ ""Пристенская ЦРБ"", расположенной по адресу : Курская обл., Пристенский р-н, рп. Пристень, ул. Октябрьская, д. 28";;'262461900246646190100100400034120243;;;128728551.00;RUB;0;;;;;;"ОБЛАСТНОЕ БЮДЖЕТНОЕ УЧРЕЖДЕНИЕ ЗДРАВООХРАНЕНИЯ ""ПРИСТЕНСКАЯ ЦЕНТРАЛЬНАЯ РАЙОННАЯ БОЛЬНИЦА""";МИНИСТЕРСТВО ГРАДОСТРОИТЕЛЬНОЙ ПОЛИТИКИ, ИМУЩЕСТВЕННЫХ И ЗЕМЕЛЬНЫХ ОТНОШЕНИЙ КУРСКОЙ ОБЛАСТИ;21.05.2026;02.06.2026;Закупка завершена;;;29.05.2026;
44-ФЗ;№0329200062226001292;Открытый конкурс в электронной форме;Оказание услуг по организации бесплатного горячего питания обучающихся на базе муниципальных казенных общеобразовательных учреждений Камышинского муниципального района Волгоградской области;;263341006188434100100100120015629244, 263341006187734100100100110015629244, 263341006177134100100100080015629244, 263341000383634100100100090015629244, 263341006172534100100100100015629244, 263341006186034100100100100015629244, 263341006171834100100100160015629244, 263341006144334100100100180015629244, 263341006190134100100100110015629244, 263341000376234100100100150015629244, 263341006179634100100100120015629244, 263341006181334100100190050015629244, 263341006176434100100100090015629244, 263341006185234100100100160015629244, 263341006180634100100100190015629244, 263341006189134100100100060015629244, 263341006183834100100100100015629244, 263341006174034100100100080015629244, 263341006178934100100100140015629244;;;10556601.26;RUB;0;;;;;;;"ГОСУДАРСТВЕННОЕ КАЗЕННОЕ УЧРЕЖДЕНИЕ ВОЛГОГРАДСКОЙ ОБЛАСТИ ""ЦЕНТР ОРГАНИЗАЦИИ ЗАКУПОК""";14.05.2026;02.06.2026;Закупка завершена;;;01.06.2026;
44-ФЗ;№0119200000126009123;Электронный аукцион;ЭА-№-9300/26 «ЛОТ 20 Поставка расходных материалов для проведения иммуногистохимического анализа»;;'262246502128624650100100010330000244;;;12884323.50;RUB;0;;;;;;"КРАЕВОЕ ГОСУДАРСТВЕННОЕ БЮДЖЕТНОЕ УЧРЕЖДЕНИЕ ЗДРАВООХРАНЕНИЯ ""КРАСНОЯРСКОЕ КРАЕВОЕ ПАТОЛОГО-АНАТОМИЧЕСКОЕ БЮРО""";АГЕНТСТВО ГОСУДАРСТВЕННОГО ЗАКАЗА КРАСНОЯРСКОГО КРАЯ;20.05.2026;02.06.2026;Закупка завершена;;;29.05.2026;
44-ФЗ;№0329200062226001358;Электронный аукцион;Текущий ремонт автомобильных дорог местного значения ст. Михайловская (ул.Октябрьская, пер.Школьный, ул.Ленинская) в Михайловском с/п Урюпинского района;;'263343100650034310100100020014211244;;;9108940.27;RUB;0;;;;;;АДМИНИСТРАЦИЯ МИХАЙЛОВСКОГО СЕЛЬСКОГО ПОСЕЛЕНИЯ УРЮПИНСКОГО МУНИЦИПАЛЬНОГО РАЙОНА;"ГОСУДАРСТВЕННОЕ КАЗЕННОЕ УЧРЕЖДЕНИЕ ВОЛГОГРАДСКОЙ ОБЛАСТИ ""ЦЕНТР ОРГАНИЗАЦИИ ЗАКУПОК""";21.05.2026;02.06.2026;Закупка завершена;;;01.06.2026;
44-ФЗ;№0372100054626000216;Электронный аукцион;Оказание транспортных услуг по перевозке груза и персонала для нужд Мирной партии;;'261780130013678010100100050210000244;;;14600000.00;RUB;0;;;;;;"ФЕДЕРАЛЬНОЕ ГОСУДАРСТВЕННОЕ БЮДЖЕТНОЕ УЧРЕЖДЕНИЕ ""ВСЕРОССИЙСКИЙ НАУЧНО-ИССЛЕДОВАТЕЛЬСКИЙ ГЕОЛОГИЧЕСКИЙ ИНСТИТУТ ИМ. А.П. КАРПИНСКОГО""";"ФЕДЕРАЛЬНОЕ ГОСУДАРСТВЕННОЕ БЮДЖЕТНОЕ УЧРЕЖДЕНИЕ ""ВСЕРОССИЙСКИЙ НАУЧНО-ИССЛЕДОВАТЕЛЬСКИЙ ГЕОЛОГИЧЕСКИЙ ИНСТИТУТ ИМ. А.П. КАРПИНСКОГО""";22.05.2026;02.06.2026;Закупка завершена;;;01.06.2026;
44-ФЗ;№0119200000126009294;Электронный аукцион;ЭА-№-9585/26 «Препараты противоопухолевые АПАЛУТАМИД»;;'262246621260724660100100172810000323;;;28638132.00;RUB;0;;;;;;МИНИСТЕРСТВО ЗДРАВООХРАНЕНИЯ КРАСНОЯРСКОГО КРАЯ;АГЕНТСТВО ГОСУДАРСТВЕННОГО ЗАКАЗА КРАСНОЯРСКОГО КРАЯ;21.05.2026;02.06.2026;Закупка завершена;;;29.05.2026;
44-ФЗ;№0846600001826000021;Электронный аукцион;"""Благоустройство на объекте: ""Парк Толстого. ""Зеленая палочка счастья"".";;'263481100797448120100100120014299244;;;17684207.53;RUB;0;;;;;;АДМИНИСТРАЦИЯ СЕЛЬСКОГО ПОСЕЛЕНИЯ ЛЕВ-ТОЛСТОВСКИЙ СЕЛЬСОВЕТ ЛЕВ-ТОЛСТОВСКОГО МУНИЦИПАЛЬНОГО РАЙОНА ЛИПЕЦКОЙ ОБЛАСТИ РОССИЙСКОЙ ФЕДЕРАЦИИ;"МУНИЦИПАЛЬНОЕ КАЗЕННОЕ УЧРЕЖДЕНИЕ ""ЦЕНТР ПО БУХГАЛТЕРСКИМ УСЛУГАМ И ЗАКУПКАМ ЛЕВ-ТОЛСТОВСКОГО МУНИЦИПАЛЬНОГО РАЙОНА""";21.05.2026;02.06.2026;Закупка завершена;;;29.05.2026;
223-ФЗ;№32615933603;Конкурс в электронной форме, участниками которого могут быть только субъекты малого и среднего предпринимательства;"Поставка муфт кабельных для нужд АО ""ВГЭС""";;;1;Поставка муфт кабельных;23829607.30;RUB;23829607.30;;;;27.33.13.130: Арматура кабельная;;"АКЦИОНЕРНОЕ ОБЩЕСТВО ""ВОРОНЕЖСКАЯ ГОРЭЛЕКТРОСЕТЬ""";"АКЦИОНЕРНОЕ ОБЩЕСТВО ""ВОРОНЕЖСКАЯ ГОРЭЛЕКТРОСЕТЬ""";21.04.2026;02.06.2026;Закупка завершена;;;15.05.2026 11:00;
44-ФЗ;№0373100030826000086;Электронный аукцион;Поставка многофункциональных устройств и принтеров;;'261771024708377100100100280012620244;;;60885988.00;RUB;0;;;;;;"ФЕДЕРАЛЬНОЕ ГОСУДАРСТВЕННОЕ БЮДЖЕТНОЕ УЧРЕЖДЕНИЕ ""УПРАВЛЕНИЕ СЛУЖЕБНЫМИ ЗДАНИЯМИ И МАТЕРИАЛЬНО-ТЕХНИЧЕСКИМ ОБЕСПЕЧЕНИЕМ"" МИНИСТЕРСТВА ТРУДА И СОЦИАЛЬНОЙ ЗАЩИТЫ РОССИЙСКОЙ ФЕДЕРАЦИИ";"ФЕДЕРАЛЬНОЕ ГОСУДАРСТВЕННОЕ БЮДЖЕТНОЕ УЧРЕЖДЕНИЕ ""УПРАВЛЕНИЕ СЛУЖЕБНЫМИ ЗДАНИЯМИ И МАТЕРИАЛЬНО-ТЕХНИЧЕСКИМ ОБЕСПЕЧЕНИЕМ"" МИНИСТЕРСТВА ТРУДА И СОЦИАЛЬНОЙ ЗАЩИТЫ РОССИЙСКОЙ ФЕДЕРАЦИИ";21.05.2026;02.06.2026;Закупка завершена;;;01.06.2026;
44-ФЗ;№0373200215526000450;Электронный аукцион;Электронный аукцион на поставку мягкого инвентаря для нужд отделений и филиалов ГБУЗ «ГКБ № 29 им. Н.Э. Баумана ДЗМ»;;'262772208653977220100104630010000244;;;7124340.00;RUB;0;;;;;;"ГОСУДАРСТВЕННОЕ БЮДЖЕТНОЕ УЧРЕЖДЕНИЕ ЗДРАВООХРАНЕНИЯ ГОРОДА МОСКВЫ ""ГОРОДСКАЯ КЛИНИЧЕСКАЯ БОЛЬНИЦА № 29 ИМ. Н.Э. БАУМАНА ДЕПАРТАМЕНТА ЗДРАВООХРАНЕНИЯ ГОРОДА МОСКВЫ""";"ГОСУДАРСТВЕННОЕ БЮДЖЕТНОЕ УЧРЕЖДЕНИЕ ЗДРАВООХРАНЕНИЯ ГОРОДА МОСКВЫ ""ГОРОДСКАЯ КЛИНИЧЕСКАЯ БОЛЬНИЦА № 29 ИМ. Н.Э. БАУМАНА ДЕПАРТАМЕНТА ЗДРАВООХРАНЕНИЯ ГОРОДА МОСКВЫ""";20.05.2026;02.06.2026;Закупка завершена;;;29.05.2026;
44-ФЗ;№0356100024826000010;Электронный аукцион;Текущий ремонт коридора, холла и кабинета №212 второго этажа учебного корпуса;;'261526000107659060200100120014339244;;;7134720.13;RUB;0;;;;;;"ПЕРМСКИЙ ФИЛИАЛ ФЕДЕРАЛЬНОГО ГОСУДАРСТВЕННОГО БЮДЖЕТНОГО ОБРАЗОВАТЕЛЬНОГО УЧРЕЖДЕНИЯ ВЫСШЕГО ОБРАЗОВАНИЯ ""ВОЛЖСКИЙ ГОСУДАРСТВЕННЫЙ УНИВЕРСИТЕТ ВОДНОГО ТРАНСПОРТА""";"ПЕРМСКИЙ ФИЛИАЛ ФЕДЕРАЛЬНОГО ГОСУДАРСТВЕННОГО БЮДЖЕТНОГО ОБРАЗОВАТЕЛЬНОГО УЧРЕЖДЕНИЯ ВЫСШЕГО ОБРАЗОВАНИЯ ""ВОЛЖСКИЙ ГОСУДАРСТВЕННЫЙ УНИВЕРСИТЕТ ВОДНОГО ТРАНСПОРТА""";21.05.2026;02.06.2026;Закупка завершена;;;29.05.2026;
44-ФЗ;№0817200000326006944;Электронный аукцион;Поставка медицинского расходного материала для Бактериологической лаборатории Лот 14;;'262222502106722250100102120012059244;;;11520000.00;RUB;0;;;;;;"КРАЕВОЕ ГОСУДАРСТВЕННОЕ БЮДЖЕТНОЕ УЧРЕЖДЕНИЕ ЗДРАВООХРАНЕНИЯ ""КРАЕВАЯ КЛИНИЧЕСКАЯ БОЛЬНИЦА""";"КРАЕВОЕ ГОСУДАРСТВЕННОЕ КАЗЕННОЕ УЧРЕЖДЕНИЕ ""ЦЕНТР ГОСУДАРСТВЕННЫХ ЗАКУПОК АЛТАЙСКОГО КРАЯ""";12.05.2026;02.06.2026;Определение поставщика отменено;;;21.05.2026;
44-ФЗ;№0829500001126003368;Электронный аукцион;поставка сервера;;'262344390221134600100100190012620244;;;10248000.00;RUB;0;;;;;;"ГОСУДАРСТВЕННОЕ БЮДЖЕТНОЕ УЧРЕЖДЕНИЕ ЗДРАВООХРАНЕНИЯ ""ВОЛГОГРАДСКИЙ ОБЛАСТНОЙ МЕДИЦИНСКИЙ ИНФОРМАЦИОННО-АНАЛИТИЧЕСКИЙ ЦЕНТР"", ВОЛГОГРАД";"ГОСУДАРСТВЕННОЕ КАЗЕННОЕ УЧРЕЖДЕНИЕ  ""ЦЕНТР СОПРОВОЖДЕНИЯ ЗАКУПОК ГОСУДАРСТВЕННЫХ УЧРЕЖДЕНИЙ ЗДРАВООХРАНЕНИЯ ВОЛГОГРАДСКОЙ ОБЛАСТИ""";20.05.2026;02.06.2026;Закупка завершена;;;29.05.2026;
44-ФЗ;№0119200000126009221;Электронный аукцион на проведение работ по строительству, реконструкции, кап. ремонту, сносу объекта кап. строительства в соответствии с п. 8 ч. 1 ст. 33 Закона № 44-ФЗ;"ЭА 9788/26 «Выполнение работ по капитальному ремонту объекта капитального строительства: МБОУ ""Школа № 8""»";;'262246621522024660100104660024120243;;;95909578.14;RUB;0;;;;;;"КРАЕВОЕ ГОСУДАРСТВЕННОЕ КАЗЕННОЕ УЧРЕЖДЕНИЕ ""УПРАВЛЕНИЕ КАПИТАЛЬНОГО СТРОИТЕЛЬСТВА""";АГЕНТСТВО ГОСУДАРСТВЕННОГО ЗАКАЗА КРАСНОЯРСКОГО КРАЯ;21.05.2026;02.06.2026;Закупка завершена;;;29.05.2026;
44-ФЗ;№0118200004226000022;Электронный аукцион;Оказание услуг по производству и распространению в телеэфире с охватом территории Краснодарского края информационных материалов о деятельности Законодательного Собрания Краснодарского края;;'262230905596123090100100260016020244;;;5812000.00;RUB;0;;;;;;ЗАКОНОДАТЕЛЬНОЕ СОБРАНИЕ КРАСНОДАРСКОГО КРАЯ;ЗАКОНОДАТЕЛЬНОЕ СОБРАНИЕ КРАСНОДАРСКОГО КРАЯ;21.05.2026;02.06.2026;Закупка завершена;;;29.05.2026;
44-ФЗ;№0332200061426000002;Запрос котировок в электронной форме;Определение исполнителя на оказание услуг по предоставлению сертификатов технической поддержки на оборудование, эксплуатируемое Государственным бюджетным учреждением здравоохранения Нижегородской области «Медицинский информационно-аналитический центр»;;'262526094147152600100100180016202000;;;6938573.40;RUB;0;;;;;;"ГОСУДАРСТВЕННОЕ БЮДЖЕТНОЕ УЧРЕЖДЕНИЕ ЗДРАВООХРАНЕНИЯ НИЖЕГОРОДСКОЙ ОБЛАСТИ ""МЕДИЦИНСКИЙ ИНФОРМАЦИОННО-АНАЛИТИЧЕСКИЙ ЦЕНТР""";"ГОСУДАРСТВЕННОЕ БЮДЖЕТНОЕ УЧРЕЖДЕНИЕ ЗДРАВООХРАНЕНИЯ НИЖЕГОРОДСКОЙ ОБЛАСТИ ""МЕДИЦИНСКИЙ ИНФОРМАЦИОННО-АНАЛИТИЧЕСКИЙ ЦЕНТР""";21.05.2026;02.06.2026;Закупка завершена;;;01.06.2026;
44-ФЗ;№0173200000626000001;Электронный аукцион;Изготовление и доставка композиций из срезанных цветов для торжественных, протокольных мероприятий Правительства Москвы;;'262771070310677100100100550010000244;;;12221333.90;RUB;0;;;;;;УПРАВЛЕНИЕ ДЕЛАМИ МЭРА И ПРАВИТЕЛЬСТВА МОСКВЫ;УПРАВЛЕНИЕ ДЕЛАМИ МЭРА И ПРАВИТЕЛЬСТВА МОСКВЫ;22.05.2026;02.06.2026;Закупка завершена;;;01.06.2026;
44-ФЗ;№0373200032226000444;Электронный аукцион;Выполнение работ по капитальному ремонту в 2026 году помещения Совета Ветеранов на территории Академического района города Москвы по адресу: ул. Новочерёмушкинская, д.24 корп.1;;'262772723326577270100100280010000243;;;5459100.00;RUB;0;;;;;;УПРАВА АКАДЕМИЧЕСКОГО РАЙОНА ГОРОДА МОСКВЫ;"ГОСУДАРСТВЕННОЕ КАЗЕННОЕ УЧРЕЖДЕНИЕ ГОРОДА МОСКВЫ ""ДИРЕКЦИЯ ЗАКАЗЧИКА ЖИЛИЩНО-КОММУНАЛЬНОГО ХОЗЯЙСТВА И БЛАГОУСТРОЙСТВА ЮГО-ЗАПАДНОГО АДМИНИСТРАТИВНОГО ОКРУГА""";22.05.2026;02.06.2026;Закупка завершена;;;01.06.2026;
44-ФЗ;№0145200000426000837;Электронный аукцион;Выполнение работ по сохранению объекта культурного наследия федерального значения «Синявинские высоты» – место ожесточенных боев советских войск с немецко-фашистскими оккупантами в 1941-1944 гг.»: памятник «Родник»;;'262784203291247030100100340014399244;;;16698854.43;RUB;0;;;;;;"ГОСУДАРСТВЕННОЕ БЮДЖЕТНОЕ УЧРЕЖДЕНИЕ КУЛЬТУРЫ ЛЕНИНГРАДСКОЙ ОБЛАСТИ ""МУЗЕЙНО-МЕМОРИАЛЬНЫЙ КОМПЛЕКС ""ДОРОГА ЖИЗНИ""";КОМИТЕТ ГОСУДАРСТВЕННОГО ЗАКАЗА ЛЕНИНГРАДСКОЙ ОБЛАСТИ;21.05.2026;02.06.2026;Закупка завершена;;;29.05.2026;
44-ФЗ;№0119200000126009216;Электронный аукцион на проведение работ по строительству, реконструкции, кап. ремонту, сносу объекта кап. строительства в соответствии с п. 8 ч. 1 ст. 33 Закона № 44-ФЗ;ЭА-№-9106/26 «Капитальный ремонт кровли здания»;;'262240700974824070100100090014391243;;;6710700.00;RUB;0;;;;;;"КРАЕВОЕ ГОСУДАРСТВЕННОЕ БЮДЖЕТНОЕ ОБЩЕОБРАЗОВАТЕЛЬНОЕ УЧРЕЖДЕНИЕ ""ТАЕЖНИНСКАЯ ШКОЛА-ИНТЕРНАТ""";АГЕНТСТВО ГОСУДАРСТВЕННОГО ЗАКАЗА КРАСНОЯРСКОГО КРАЯ;21.05.2026;02.06.2026;Закупка завершена;;;29.05.2026;
44-ФЗ;№0122200002526001844;Электронный аукцион;Оказание охранных услуг;;'262272102605527250100106350018010244;;;20599488.00;RUB;0;;;;;;"КРАЕВОЕ ГОСУДАРСТВЕННОЕ БЮДЖЕТНОЕ УЧРЕЖДЕНИЕ ЗДРАВООХРАНЕНИЯ ""КРАЕВОЙ КЛИНИЧЕСКИЙ ЦЕНТР ОНКОЛОГИИ"" МИНИСТЕРСТВА ЗДРАВООХРАНЕНИЯ ХАБАРОВСКОГО КРАЯ";КОМИТЕТ ГОСУДАРСТВЕННОГО ЗАКАЗА ПРАВИТЕЛЬСТВА ХАБАРОВСКОГО КРАЯ;21.05.2026;02.06.2026;Закупка завершена;;;01.06.2026;
44-ФЗ;№0122200002526001879;Электронный аукцион;Оказание услуг по организации производства и трансляции телевизионных продуктов;;'262272124015427210100100060016020244;;;15000000.00;RUB;0;;;;;;МИНИСТЕРСТВО ВНУТРЕННЕЙ И ИНФОРМАЦИОННОЙ ПОЛИТИКИ ХАБАРОВСКОГО КРАЯ;КОМИТЕТ ГОСУДАРСТВЕННОГО ЗАКАЗА ПРАВИТЕЛЬСТВА ХАБАРОВСКОГО КРАЯ;22.05.2026;02.06.2026;Закупка завершена;;;01.06.2026;
44-ФЗ;№0253100000226000169;Открытый конкурс в электронной форме;Выполнение работ по изготовлению индивидуального протеза верхней конечности в целях социального обеспечения гражданина в 2026 году;;'261561201449656100100102820013250323;;;7524049.63;RUB;0;;;;;;ОТДЕЛЕНИЕ ФОНДА ПЕНСИОННОГО И СОЦИАЛЬНОГО СТРАХОВАНИЯ РОССИЙСКОЙ ФЕДЕРАЦИИ ПО ОРЕНБУРГСКОЙ ОБЛАСТИ;ОТДЕЛЕНИЕ ФОНДА ПЕНСИОННОГО И СОЦИАЛЬНОГО СТРАХОВАНИЯ РОССИЙСКОЙ ФЕДЕРАЦИИ ПО ОРЕНБУРГСКОЙ ОБЛАСТИ;06.05.2026;02.06.2026;Закупка завершена;;;01.06.2026;
44-ФЗ;№0345100003326000064;Запрос котировок в электронной форме;"Поставка аккумуляторных батарей 1 канала системы бесперебойного питания реакторного комплекса ПИК НИЦ ""Курчатовский институт"" - ПИЯФ для обеспечения работы РК ПИК в режиме пуска и работы на мощности";;'261470500185047050100101270012720244;;;9417200.46;RUB;0;;;;;;"ФЕДЕРАЛЬНОЕ ГОСУДАРСТВЕННОЕ БЮДЖЕТНОЕ УЧРЕЖДЕНИЕ ""ПЕТЕРБУРГСКИЙ ИНСТИТУТ ЯДЕРНОЙ ФИЗИКИ ИМ.Б.П.КОНСТАНТИНОВА НАЦИОНАЛЬНОГО ИССЛЕДОВАТЕЛЬСКОГО ЦЕНТРА ""КУРЧАТОВСКИЙ ИНСТИТУТ""";"ФЕДЕРАЛЬНОЕ ГОСУДАРСТВЕННОЕ БЮДЖЕТНОЕ УЧРЕЖДЕНИЕ ""ПЕТЕРБУРГСКИЙ ИНСТИТУТ ЯДЕРНОЙ ФИЗИКИ ИМ.Б.П.КОНСТАНТИНОВА НАЦИОНАЛЬНОГО ИССЛЕДОВАТЕЛЬСКОГО ЦЕНТРА ""КУРЧАТОВСКИЙ ИНСТИТУТ""";20.05.2026;02.06.2026;Закупка завершена;;;28.05.2026;
44-ФЗ;№0846600002126000293;Электронный аукцион;Поставка продуктов питания (бакалея) на 2 полугодие 2026 года;;263482305171348230100100260010000244, 263482301605048260100100210010000244, 263482502570148250100100240010000244, 263482401836348240100100210010000244, 263482400933748240100100220010000244, 263482602631348260100100220010000244, 263482401821148240100100260010000244, 263482603760448260100100210010000244, 263482602708148260100100160010000244, 263482402680848240100100210010000244, 263482505354748250100100220010000244, 263482602571148260100100290010000244, 263482302154048230100100230010000244, 263482402027448240100100200010000244, 263482402687948240100100290010000244, 263482502656848250100100250010000244, 263482502655048250100100210010000244, 263482603757048260100100230010000244, 263482603262048260100100290010000244, 263482401859648240100100230010000244, 263482502653648250100100240010000244, 263482602636048260100100220010000244, 263482401801048240100100160010000244, 263482402126048240100100280010000244, 263482604101548260100100180010000244, 263482602614448260100100230010000244, 263482402122148240100100330010000244, 263482401862048240100100260010000244, 263482400947148240100100210010000244, 263482402685448240100100210010000244, 263482302157148230100100250010000244, 263482502273248250100100220010000244, 263482401899848240100100210010000244, 263482602697048260100100100010000244, 263482606211048260100100160010000244, 263482402682248240100100230010000244, 263482603015848260100100310010000244, 263482402689348240100100240010000244, 263482402678048240100100230010000244, 263482301577948230100100240010000244, 263482602783948260100100230010000244, 263482602613748260100100250010000244, 263482402686148240100100230010000244, 263482402679848240100100190010000244, 263482602627148260100100230010000244, 263482405845448240100100220010000244, 263482300807348230100100190010000244, 263482402681548240100100230010000244, 263482401770848240100100220010000244, 263482402688648240100100220010000244, 263482401901448240100100240010000244, 263482301496948230100100220010000244, 263482401892748240100100230010000244, 263482602594448260100100230010000244, 263482402683048240100100220010000244, 263482603756248260100100230010000244, 263482401848348240100100230010000244, 263482602630648260100100200010000244, 263482301804048230100100240010000244, 263482602643348260100100220010000244, 263482602609548260100100220010000244;;;6933404.19;RUB;0;;;;;;;"МУНИЦИПАЛЬНОЕ КАЗЕННОЕ УЧРЕЖДЕНИЕ ""УПРАВЛЕНИЕ МУНИЦИПАЛЬНОГО ЗАКАЗА ГОРОДА ЛИПЕЦКА""";20.05.2026;02.06.2026;Закупка завершена;;;29.05.2026;
44-ФЗ;№0846600002126000291;Электронный аукцион;Поставка продуктов питания (яйцо куриное) на 2 полугодие 2026 года;;263482402679848240100100060010147244, 263482602627148260100100080010147244, 263482405845448240100100090010147244, 263482301804048230100100110010147244, 263482401892748240100100100010147244, 263482602636048260100100090010147244, 263482402688648240100100090010147244, 263482402681548240100100100010147244, 263482401848348240100100110010147244, 263482401770848240100100090010147244, 263482301496948230100100120010147244, 263482401901448240100100110010147244, 263482602614448260100100100010147244, 263482602594448260100100100010147244, 263482300807348230100100060010147244, 263482602609548260100100090010147244, 263482602643348260100100100010147244, 263482502570148250100100110010147244, 263482401836348240100100080010147244, 263482402685448240100100080010147244, 263482502273248250100100130010147244, 263482305171348230100100120010147244, 263482301605048260100100090010147244, 263482400933748240100100090010147244, 263482602571148260100100160010147244, 263482505354748250100100100010147244, 263482602631348260100100090010147244, 263482401821148240100100130010147244, 263482602708148260100100100010147244, 263482502656848250100100120010147244, 263482302154048230100100100010147244, 263482402680848240100100080010147244, 263482401859648240100100110010147244, 263482402683048240100100100010147244, 263482603756248260100100130010147244, 263482602630648260100100070010147244, 263482502655048250100100080010147244, 263482402126048240100100150010147244, 263482603757048260100100100010147244, 263482603262048260100100110010147244, 263482401862048240100100130010147244, 263482402122148240100100210010147244, 263482400947148240100100080010147244, 263482401801048240100100100010147244, 263482604101548260100100100010147244, 263482603760448260100100080010147244, 263482302157148230100100130010147244, 263482502653648250100100110010147244, 263482602697048260100100240010147244, 263482606211048260100100100010147244, 263482402027448240100100070010147244, 263482402682248240100100100010147244, 263482402678048240100100110010147244, 263482301577948230100100110010147244, 263482401899848240100100090010147244, 263482402687948240100100020010147244, 263482602613748260100100120010147244, 263482402686148240100100100010147244, 263482402689348240100100120010147244, 263482603015848260100100130010147244, 263482602783948260100100100010147244;;;9653748.20;RUB;0;;;;;;;"МУНИЦИПАЛЬНОЕ КАЗЕННОЕ УЧРЕЖДЕНИЕ ""УПРАВЛЕНИЕ МУНИЦИПАЛЬНОГО ЗАКАЗА ГОРОДА ЛИПЕЦКА""";20.05.2026;02.06.2026;Закупка завершена;;;29.05.2026;
44-ФЗ;№0829400000326000002;Электронный аукцион на проведение работ по строительству, реконструкции, кап. ремонту, сносу объекта кап. строительства в соответствии с п. 8 ч. 1 ст. 33 Закона № 44-ФЗ;Выполнение работ по капитальному ремонту асфальтобетонного покрытия на территории федерального государственного казенного общеобразовательного учреждения «Волгоградский кадетский корпус Следственного комитета Российской Федерации имени Ф.Ф. Слипченко».;;'261345907918434590100100180014211243;;;9919135.99;RUB;0;;;;;;"ФЕДЕРАЛЬНОЕ ГОСУДАРСТВЕННОЕ КАЗЕННОЕ ОБЩЕОБРАЗОВАТЕЛЬНОЕ УЧРЕЖДЕНИЕ ""ВОЛГОГРАДСКИЙ КАДЕТСКИЙ КОРПУС СЛЕДСТВЕННОГО КОМИТЕТА РОССИЙСКОЙ ФЕДЕРАЦИИ ИМЕНИ Ф.Ф. СЛИПЧЕНКО""";"ФЕДЕРАЛЬНОЕ ГОСУДАРСТВЕННОЕ КАЗЕННОЕ ОБЩЕОБРАЗОВАТЕЛЬНОЕ УЧРЕЖДЕНИЕ ""ВОЛГОГРАДСКИЙ КАДЕТСКИЙ КОРПУС СЛЕДСТВЕННОГО КОМИТЕТА РОССИЙСКОЙ ФЕДЕРАЦИИ ИМЕНИ Ф.Ф. СЛИПЧЕНКО""";22.05.2026;02.06.2026;Закупка завершена;;;01.06.2026;
44-ФЗ;№0151300034926000011;Электронный аукцион;Выполнение работ по ремонту и обустройству дворовых территорий многоквартирных домов, проездов к дворовым территориям многоквартирных домов на территории Октябрьского района города Новосибирска;;'263540640798154060100100040024299244;;;14170380.81;RUB;0;;;;;;ДЕПАРТАМЕНТ ЭНЕРГЕТИКИ, ЖИЛИЩНОГО И КОММУНАЛЬНОГО ХОЗЯЙСТВА ГОРОДА;ДЕПАРТАМЕНТ ЭНЕРГЕТИКИ, ЖИЛИЩНОГО И КОММУНАЛЬНОГО ХОЗЯЙСТВА ГОРОДА;22.05.2026;02.06.2026;Закупка завершена;;;01.06.2026;
44-ФЗ;№0164200001926001918;Электронный аукцион;Оказание услуг по осуществлению частной охраны (Выставление поста охраны);;'262683100409068290100100200018010244;;;9946549.44;RUB;0;;;;;;"ТАМБОВСКОЕ ОБЛАСТНОЕ ГОСУДАРСТВЕННОЕ  БЮДЖЕТНОЕ УЧРЕЖДЕНИЕ ЗДРАВООХРАНЕНИЯ ""ГОРОДСКАЯ КЛИНИЧЕСКАЯ БОЛЬНИЦА ИМЕНИ АРХИЕПИСКОПА ЛУКИ Г.ТАМБОВА""";МИНИСТЕРСТВО ИМУЩЕСТВЕННЫХ ОТНОШЕНИЙ И ГОСУДАРСТВЕННОГО ЗАКАЗА ТАМБОВСКОЙ ОБЛАСТИ;21.05.2026;02.06.2026;Закупка завершена;;;01.06.2026;
44-ФЗ;№0380200000126004017;Электронный аукцион;ПОСТАВКА ЛЕКАРСТВЕННЫХ СРЕДСТВ лот № 149/1 (ЛОЗАРТАН),  на 2 полугодие 2026 года, (ПОСТАВКА ЛЕКАРСТВЕННЫХ СРЕДСТВ лот № 149/1 (ЛОЗАРТАН),  на 2 полугодие 2026 года в пользу граждан в целях их социального обеспечения (для заказчика ГБУ РХ «РЕСФАРМАЦИЯ»);;262190113011019010100102950022120323, 262190101519519010100101100022120244, 262190902007719090100101180022120000, 262191000897319100100101460022120244, 262190102266819010100102530022120000, 262190800075119080100100660022120244, 262191000113519100100101420022120000, 262190101605419010100101520022120244, 262190300424819030100101920022120244, 262190202072019020100102770022120244, 262190700220219070100101170022120000, 262190100531019010100102750022120244, 262190901017419090100100810022120244, 263190500671619050100101870022120244;;;7710538.50;RUB;0;;;;;;;ГОСУДАРСТВЕННЫЙ КОМИТЕТ ПО РЕГУЛИРОВАНИЮ КОНТРАКТНОЙ СИСТЕМЫ В СФЕРЕ ЗАКУПОК РЕСПУБЛИКИ ХАКАСИЯ;21.05.2026;02.06.2026;Закупка завершена;;;29.05.2026;
44-ФЗ;№0380200000126004066;Запрос котировок в электронной форме на проведение работ по строительству, реконструкции, кап. ремонту, сносу объекта кап. строительства в соответствии с п. 8 ч. 1 ст. 33 Закона № 44-ФЗ ;"Выполнение работ по капитальному ремонту входных групп в здании ГБУЗ РХ ""Ширинская ЦРБ"", по адресу: Республика Хакасия, Ширинский район, с. Шира, ул. Орловская, 57";;'262191100085719110100101950014120243;;;6597324.20;RUB;0;;;;;;"ГОСУДАРСТВЕННОЕ БЮДЖЕТНОЕ УЧРЕЖДЕНИЕ ЗДРАВООХРАНЕНИЯ РЕСПУБЛИКИ ХАКАСИЯ ""ШИРИНСКАЯ ЦЕНТРАЛЬНАЯ РАЙОННАЯ БОЛЬНИЦА""";ГОСУДАРСТВЕННЫЙ КОМИТЕТ ПО РЕГУЛИРОВАНИЮ КОНТРАКТНОЙ СИСТЕМЫ В СФЕРЕ ЗАКУПОК РЕСПУБЛИКИ ХАКАСИЯ;22.05.2026;02.06.2026;Закупка завершена;;;29.05.2026;
44-ФЗ;№0151300034926000010;Электронный аукцион;Выполнение работ по ремонту и обустройству дворовых территорий многоквартирных домов, проездов к дворовым территориям многоквартирных домов на территории Центрального округа города Новосибирска;;'263540640798154060100100040014299244;;;23835446.82;RUB;0;;;;;;ДЕПАРТАМЕНТ ЭНЕРГЕТИКИ, ЖИЛИЩНОГО И КОММУНАЛЬНОГО ХОЗЯЙСТВА ГОРОДА;ДЕПАРТАМЕНТ ЭНЕРГЕТИКИ, ЖИЛИЩНОГО И КОММУНАЛЬНОГО ХОЗЯЙСТВА ГОРОДА;22.05.2026;02.06.2026;Закупка завершена;;;01.06.2026;
44-ФЗ;№0137200001226004435;Электронный аукцион на проведение работ по строительству, реконструкции, кап. ремонту, сносу объекта кап. строительства в соответствии с п. 8 ч. 1 ст. 33 Закона № 44-ФЗ;Выполнение работ по капитальному ремонту объектов инженерной и транспортной инфраструктуры по адресу: Калужская область, г.Обнинск, Киевское шоссе, 29 (завершение работ - крыши).;;'263402540916040250100100050014120243;;;39561966.62;RUB;0;;;;;;"МУНИЦИПАЛЬНОЕ КАЗЕННОЕ УЧРЕЖДЕНИЕ ""ГОРОДСКОЕ СТРОИТЕЛЬСТВО""";МИНИСТЕРСТВО КОНКУРЕНТНОЙ ПОЛИТИКИ КАЛУЖСКОЙ ОБЛАСТИ;22.05.2026;02.06.2026;Закупка завершена;;;01.06.2026;
44-ФЗ;№0332200061426000004;Запрос котировок в электронной форме;Определение исполнителя на оказание услуг по технической поддержке и сопровождению программного обеспечения «Система поддержки принятия врачебных решений «WEBIOMED.DHRA» по ТУ 62.01.29-001-40910226-2023», имеющего регистрационное удостоверение № РЗН 2024/22901;;'262526094147152600100100160016203000;;;5544000.00;RUB;0;;;;;;"ГОСУДАРСТВЕННОЕ БЮДЖЕТНОЕ УЧРЕЖДЕНИЕ ЗДРАВООХРАНЕНИЯ НИЖЕГОРОДСКОЙ ОБЛАСТИ ""МЕДИЦИНСКИЙ ИНФОРМАЦИОННО-АНАЛИТИЧЕСКИЙ ЦЕНТР""";"ГОСУДАРСТВЕННОЕ БЮДЖЕТНОЕ УЧРЕЖДЕНИЕ ЗДРАВООХРАНЕНИЯ НИЖЕГОРОДСКОЙ ОБЛАСТИ ""МЕДИЦИНСКИЙ ИНФОРМАЦИОННО-АНАЛИТИЧЕСКИЙ ЦЕНТР""";21.05.2026;02.06.2026;Закупка завершена;;;01.06.2026;
44-ФЗ;№0164200001926001898;Электронный аукцион;Поставка передвижной электростанции;;'262682901077068290100102270012711244;;;5101623.33;RUB;0;;;;;;"ТАМБОВСКОЕ ОБЛАСТНОЕ ГОСУДАРСТВЕННОЕ КАЗЕННОЕ УЧРЕЖДЕНИЕ ""ПОЖАРНО-СПАСАТЕЛЬНЫЙ ЦЕНТР""";МИНИСТЕРСТВО ИМУЩЕСТВЕННЫХ ОТНОШЕНИЙ И ГОСУДАРСТВЕННОГО ЗАКАЗА ТАМБОВСКОЙ ОБЛАСТИ;20.05.2026;02.06.2026;Закупка завершена;;;29.05.2026;
44-ФЗ;№0124300021026000481;Электронный аукцион;Приобретение жилого помещения (квартиры) путем участия в долевом строительстве многоквартирного жилого дома в городе Архангельске для предоставления гражданам, переселяемым из аварийного жилищного фонда ;;'263290126558129010100100023036810412;;;6596627.80;RUB;0;;;;;;"ДЕПАРТАМЕНТ ГОРОДСКОГО ХОЗЯЙСТВА АДМИНИСТРАЦИИ ГОРОДСКОГО ОКРУГА ""ГОРОД АРХАНГЕЛЬСК""";"АДМИНИСТРАЦИЯ ГОРОДСКОГО ОКРУГА ""ГОРОД АРХАНГЕЛЬСК""";21.05.2026;02.06.2026;Закупка завершена;;;29.05.2026;
44-ФЗ;№0873200009826002407;Запрос котировок в электронной форме;Поставка лекарственного препарата (Капецитабин) для обеспечения граждан, имеющих право на получение государственной социальной помощи в городе Москве (УНЗ: Z2618855 - повторная закупка);;'262771433860977140100118960010000323;;;5791075.20;RUB;0;;;;;;"ГОСУДАРСТВЕННОЕ КАЗЕННОЕ УЧРЕЖДЕНИЕ ГОРОДА МОСКВЫ ""АГЕНТСТВО ПО ЗАКУПКАМ (КОНТРАКТНАЯ СЛУЖБА) ДЕПАРТАМЕНТА ЗДРАВООХРАНЕНИЯ ГОРОДА МОСКВЫ""";"ГОСУДАРСТВЕННОЕ КАЗЕННОЕ УЧРЕЖДЕНИЕ ГОРОДА МОСКВЫ ""АГЕНТСТВО ПО ЗАКУПКАМ (КОНТРАКТНАЯ СЛУЖБА) ДЕПАРТАМЕНТА ЗДРАВООХРАНЕНИЯ ГОРОДА МОСКВЫ""";25.05.2026;02.06.2026;Закупка завершена;;;01.06.2026;
44-ФЗ;№0311200024926000170;Открытый конкурс в электронной форме;Выполнение проектно-изыскательских работ по капитальному ремонту водопропускных труб дорог общего пользования Республики Татарстан;;'262166004928316550100101920017112243;;;16000000.00;RUB;0;;;;;;"ГОСУДАРСТВЕННОЕ КАЗЕННОЕ УЧРЕЖДЕНИЕ ""ГЛАВНОЕ УПРАВЛЕНИЕ СОДЕРЖАНИЯ И РАЗВИТИЯ ДОРОЖНО-ТРАНСПОРТНОГО КОМПЛЕКСА ТАТАРСТАНА ПРИ МИНИСТЕРСТВЕ ТРАНСПОРТА И ДОРОЖНОГО ХОЗЯЙСТВА РЕСПУБЛИКИ ТАТАРСТАН""";"ГОСУДАРСТВЕННОЕ КАЗЕННОЕ УЧРЕЖДЕНИЕ ""ГЛАВНОЕ УПРАВЛЕНИЕ СОДЕРЖАНИЯ И РАЗВИТИЯ ДОРОЖНО-ТРАНСПОРТНОГО КОМПЛЕКСА ТАТАРСТАНА ПРИ МИНИСТЕРСТВЕ ТРАНСПОРТА И ДОРОЖНОГО ХОЗЯЙСТВА РЕСПУБЛИКИ ТАТАРСТАН""";13.05.2026;02.06.2026;Закупка завершена;;;29.05.2026;
223-ФЗ;№32615951059;Аукцион в электронной форме, участниками которого могут быть только субъекты малого и среднего предпринимательства;Выполнение работ по благоустройству проезда с ремонтом колодцев в целях выполнения инвестпрограммы, зона № 3;;;1;Выполнение работ по благоустройству проезда с ремонтом колодцев в целях выполнения инвестпрограммы, зона № 3;11152473.58;RUB;11152473.58;;;;43.99.90.190: Работы строительные специализированные прочие, не включенные в другие группировки;;"АКЦИОНЕРНОЕ ОБЩЕСТВО ""ЧИСТЫЙ ГОРОД""";"АКЦИОНЕРНОЕ ОБЩЕСТВО ""ЧИСТЫЙ ГОРОД""";24.04.2026;02.06.2026;Закупка завершена;;;04.05.2026 09:00;
44-ФЗ;№0816500000626008781;Электронный аукцион;"Выполнение работ по устройству наружного освещения на участке км 42+671 - км 45+161 автомобильной дороги ""Умнас"" в Хангаласском районе Республики Саха (Якутия)";;'262143523881114350100100730014321243;;;16920533.33;RUB;0;;;;;;"ГОСУДАРСТВЕННОЕ КАЗЕННОЕ УЧРЕЖДЕНИЕ ""УПРАВЛЕНИЕ АВТОМОБИЛЬНЫХ ДОРОГ РЕСПУБЛИКИ САХА (ЯКУТИЯ)""";"ГОСУДАРСТВЕННОЕ КАЗЕННОЕ УЧРЕЖДЕНИЕ РЕСПУБЛИКИ САХА (ЯКУТИЯ) ""ЦЕНТР ЗАКУПОК РЕСПУБЛИКИ САХА (ЯКУТИЯ)""";21.05.2026;02.06.2026;Закупка завершена;;;29.05.2026;
44-ФЗ;№0324100010526000011;Электронный аукцион;Оказание услуг по заготовке круглых лесоматериалов хвойных и лиственных пород;;'261292000806829200100100090090000244;;;23600000.00;RUB;0;;;;;;"ФЕДЕРАЛЬНОЕ КАЗЕННОЕ УЧРЕЖДЕНИЕ ""ИСПРАВИТЕЛЬНАЯ КОЛОНИЯ № 21 С ОСОБЫМИ УСЛОВИЯМИ ХОЗЯЙСТВЕННОЙ ДЕЯТЕЛЬНОСТИ УПРАВЛЕНИЯ ФЕДЕРАЛЬНОЙ СЛУЖБЫ ИСПОЛНЕНИЯ НАКАЗАНИЙ ПО АРХАНГЕЛЬСКОЙ ОБЛАСТИ""";"ФЕДЕРАЛЬНОЕ КАЗЕННОЕ УЧРЕЖДЕНИЕ ""ИСПРАВИТЕЛЬНАЯ КОЛОНИЯ № 21 С ОСОБЫМИ УСЛОВИЯМИ ХОЗЯЙСТВЕННОЙ ДЕЯТЕЛЬНОСТИ УПРАВЛЕНИЯ ФЕДЕРАЛЬНОЙ СЛУЖБЫ ИСПОЛНЕНИЯ НАКАЗАНИЙ ПО АРХАНГЕЛЬСКОЙ ОБЛАСТИ""";21.05.2026;02.06.2026;Закупка завершена;;;29.05.2026;
44-ФЗ;№0123200000326000936;Электронный аукцион;Поставка, доставка мусоровоза с боковой загрузкой;;'262280125498828010100100070052910244;;;9705555.67;RUB;0;;;;;;"ГОСУДАРСТВЕННОЕ БЮДЖЕТНОЕ УЧРЕЖДЕНИЕ АМУРСКОЙ ОБЛАСТИ ""ЭКОЛОГИЯ""";УПРАВЛЕНИЕ ГОСУДАРСТВЕННОГО ЗАКАЗА АМУРСКОЙ ОБЛАСТИ;22.05.2026;02.06.2026;Закупка завершена;;;01.06.2026;
44-ФЗ;№0157300025226000209;Запрос котировок в электронной форме;Изготовление, поставка и установка (монтаж) конструкции «Флагшток», высотой 50 метров с Государственным флагом Российской Федерации, включая работы по обустройству прилегающей территории в г. Пскове;;'263602712685160270100100200044329414;;;9813019.28;RUB;0;;;;;;"МУНИЦИПАЛЬНОЕ КАЗЕННОЕ УЧРЕЖДЕНИЕ ГОРОДА ПСКОВА ""СТРОЙТЕХНАДЗОР""";АДМИНИСТРАЦИЯ ГОРОДА ПСКОВА;25.05.2026;02.06.2026;Закупка завершена;;;01.06.2026;
44-ФЗ;№0164600003426000022;Электронный аукцион;Выполнение работ по модернизации футбольного поля в пос.Сатинка;;'263681700047168170100100740014299243;;;13418172.41;RUB;0;;;;;;"МУНИЦИПАЛЬНОЕ БЮДЖЕТНОЕ ОБРАЗОВАТЕЛЬНОЕ УЧРЕЖДЕНИЕ ДОПОЛНИТЕЛЬНОГО ОБРАЗОВАНИЯ ""САМПУРСКИЙ ДЕТСКО-ЮНОШЕСКИЙ ЦЕНТР""";АДМИНИСТРАЦИЯ САМПУРСКОГО МУНИЦИПАЛЬНОГО ОКРУГА ТАМБОВСКОЙ ОБЛАСТИ;22.05.2026;02.06.2026;Закупка завершена;;;01.06.2026;
44-ФЗ;№0816500000626008824;Электронный аукцион;Выполнение работ по проектированию и капитальному ремонту автомобильной дороги ул. Пионерская;;'263141401205914140100100380010000243;;;65445269.66;RUB;0;;;;;;"МУНИЦИПАЛЬНОЕ КАЗЕННОЕ УЧРЕЖДЕНИЕ ""КОМИТЕТ ИМУЩЕСТВЕННЫХ ОТНОШЕНИЙ"" ГОРОДСКОГО ПОСЕЛЕНИЯ ""ГОРОД ЛЕНСК"" МУНИЦИПАЛЬНОГО РАЙОНА ""ЛЕНСКИЙ РАЙОН"" РЕСПУБЛИКИ САХА (ЯКУТИЯ)";"ГОСУДАРСТВЕННОЕ КАЗЕННОЕ УЧРЕЖДЕНИЕ РЕСПУБЛИКИ САХА (ЯКУТИЯ) ""ЦЕНТР ЗАКУПОК РЕСПУБЛИКИ САХА (ЯКУТИЯ)""";21.05.2026;02.06.2026;Закупка завершена;;;29.05.2026;
44-ФЗ;№0848300048426000208;Электронный аукцион;Оказание услуг по промывке ливневой канализации и ремонту колодцев автомобильных дорог;;'263500311501650030100101120013700244;;;8500000.00;RUB;0;;;;;;"МУНИЦИПАЛЬНОЕ БЮДЖЕТНОЕ УЧРЕЖДЕНИЕ ЛЕНИНСКОГО ГОРОДСКОГО ОКРУГА МОСКОВСКОЙ ОБЛАСТИ ""ДОРСЕРВИС""";"МУНИЦИПАЛЬНОЕ КАЗЕННОЕ УЧРЕЖДЕНИЕ ЛЕНИНСКОГО ГОРОДСКОГО ОКРУГА МОСКОВСКОЙ ОБЛАСТИ ""ЦЕНТР ТОРГОВ""";20.05.2026;02.06.2026;Закупка завершена;;;01.06.2026;
44-ФЗ;№0373200140226000028;Открытый конкурс в электронной форме;Выполнение работ по проведению текущего ремонта зданий и (или) сооружений ГБПОУ «26 КАДР» (город Москва, шоссе Энтузиастов, дом 19А);;'262772335616077230100100530010000244;;;19483498.89;RUB;0;;;;;;"ГОСУДАРСТВЕННОЕ БЮДЖЕТНОЕ ПРОФЕССИОНАЛЬНОЕ ОБРАЗОВАТЕЛЬНОЕ УЧРЕЖДЕНИЕ ГОРОДА МОСКВЫ ""КОЛЛЕДЖ АРХИТЕКТУРЫ, ДИЗАЙНА И РЕИНЖИНИРИНГА № 26""";"ГОСУДАРСТВЕННОЕ БЮДЖЕТНОЕ ПРОФЕССИОНАЛЬНОЕ ОБРАЗОВАТЕЛЬНОЕ УЧРЕЖДЕНИЕ ГОРОДА МОСКВЫ ""КОЛЛЕДЖ АРХИТЕКТУРЫ, ДИЗАЙНА И РЕИНЖИНИРИНГА № 26""";13.05.2026;02.06.2026;Закупка завершена;;;29.05.2026;
44-ФЗ;№0816500000626008719;Электронный аукцион;Приобретение 2 (двух) жилых помещений (благоустроенных квартир) у лица, являющегося застройщиком, в строящемся жилом доме в с. Борогонцы, Усть-Алданского района, Республики Саха (Якутия), в рамках реализации республиканской адресной программы «Переселение граждан из аварийного жилищного фонда на 2025-2028 года».;;'262143533916814350100100970014120412;;;19551668.85;RUB;0;;;;;;"ГОСУДАРСТВЕННОЕ КАЗЕННОЕ УЧРЕЖДЕНИЕ РЕСПУБЛИКИ САХА (ЯКУТИЯ) ""ДИРЕКЦИЯ ЖИЛИЩНОГО СТРОИТЕЛЬСТВА РЕСПУБЛИКИ САХА (ЯКУТИЯ)""";"ГОСУДАРСТВЕННОЕ КАЗЕННОЕ УЧРЕЖДЕНИЕ РЕСПУБЛИКИ САХА (ЯКУТИЯ) ""ЦЕНТР ЗАКУПОК РЕСПУБЛИКИ САХА (ЯКУТИЯ)""";20.05.2026;02.06.2026;Закупка завершена;;;29.05.2026;
44-ФЗ;№0816500000626008777;Электронный аукцион;Приобретение 2 (двух) жилых помещений (благоустроенных квартир) путем участия в долевом строительстве многоквартирного дома в г. Алдан, Алданского района, Республики Саха (Якутия), в рамках реализации республиканской адресной программы «Переселение граждан из аварийного жилищного фонда на 2025-2028 года».;;'262143533916814350100100360014120412;;;16514482.88;RUB;0;;;;;;"ГОСУДАРСТВЕННОЕ КАЗЕННОЕ УЧРЕЖДЕНИЕ РЕСПУБЛИКИ САХА (ЯКУТИЯ) ""ДИРЕКЦИЯ ЖИЛИЩНОГО СТРОИТЕЛЬСТВА РЕСПУБЛИКИ САХА (ЯКУТИЯ)""";"ГОСУДАРСТВЕННОЕ КАЗЕННОЕ УЧРЕЖДЕНИЕ РЕСПУБЛИКИ САХА (ЯКУТИЯ) ""ЦЕНТР ЗАКУПОК РЕСПУБЛИКИ САХА (ЯКУТИЯ)""";21.05.2026;02.06.2026;Закупка завершена;;;29.05.2026;
44-ФЗ;№0816500000626008776;Электронный аукцион;Приобретение 2 (двух) жилых помещений (благоустроенных квартир) у лица, являющегося застройщиком, в строящемся жилом доме в с. Борогонцы, Усть-Алданского района, Республики Саха (Якутия), в рамках реализации республиканской адресной программы «Переселение граждан из аварийного жилищного фонда на 2025-2028 года».;;'262143533916814350100100990014120412;;;13348651.05;RUB;0;;;;;;"ГОСУДАРСТВЕННОЕ КАЗЕННОЕ УЧРЕЖДЕНИЕ РЕСПУБЛИКИ САХА (ЯКУТИЯ) ""ДИРЕКЦИЯ ЖИЛИЩНОГО СТРОИТЕЛЬСТВА РЕСПУБЛИКИ САХА (ЯКУТИЯ)""";"ГОСУДАРСТВЕННОЕ КАЗЕННОЕ УЧРЕЖДЕНИЕ РЕСПУБЛИКИ САХА (ЯКУТИЯ) ""ЦЕНТР ЗАКУПОК РЕСПУБЛИКИ САХА (ЯКУТИЯ)""";21.05.2026;02.06.2026;Закупка завершена;;;29.05.2026;
44-ФЗ;№0816500000626008778;Электронный аукцион;Приобретение 1 (одного) жилого помещения (благоустроенной квартиры) путем участия в долевом строительстве многоквартирного дома в г. Алдан, Алданского района, Республики Саха (Якутия), в рамках реализации республиканской адресной программы «Переселение граждан из аварийного жилищного фонда на 2025-2028 года».;;'262143533916814350100100710014120412;;;11254054.56;RUB;0;;;;;;"ГОСУДАРСТВЕННОЕ КАЗЕННОЕ УЧРЕЖДЕНИЕ РЕСПУБЛИКИ САХА (ЯКУТИЯ) ""ДИРЕКЦИЯ ЖИЛИЩНОГО СТРОИТЕЛЬСТВА РЕСПУБЛИКИ САХА (ЯКУТИЯ)""";"ГОСУДАРСТВЕННОЕ КАЗЕННОЕ УЧРЕЖДЕНИЕ РЕСПУБЛИКИ САХА (ЯКУТИЯ) ""ЦЕНТР ЗАКУПОК РЕСПУБЛИКИ САХА (ЯКУТИЯ)""";21.05.2026;02.06.2026;Закупка завершена;;;29.05.2026;
44-ФЗ;№0303300064726001646;Электронный аукцион;Закупка техники;;'263054100850405710100100180012910244;;;11450000.00;RUB;0;;;;;;"МУНИЦИПАЛЬНОЕ КАЗЕННОЕ УЧРЕЖДЕНИЕ "" УПРАВЛЕНИЕ ЖИЛИЩНО-КОММУНАЛЬНОГО ХОЗЯЙСТВА ГОРОДА МАХАЧКАЛА """;"МУНИЦИПАЛЬНОЕ КАЗЕННОЕ УЧРЕЖДЕНИЕ ""ГОРЗАКАЗ""";18.05.2026;02.06.2026;Закупка завершена;;;01.06.2026;
44-ФЗ;№0816500000626008714;Электронный аукцион;Приобретение 2 (двух) жилых помещений (благоустроенных квартир) у лица, являющегося застройщиком, в строящемся жилом доме в с. Борогонцы, Усть-Алданского района, Республики Саха (Якутия), в рамках реализации республиканской адресной программы «Переселение граждан из аварийного жилищного фонда на 2025-2028 года».;;'262143533916814350100100960014120412;;;14975422.88;RUB;0;;;;;;"ГОСУДАРСТВЕННОЕ КАЗЕННОЕ УЧРЕЖДЕНИЕ РЕСПУБЛИКИ САХА (ЯКУТИЯ) ""ДИРЕКЦИЯ ЖИЛИЩНОГО СТРОИТЕЛЬСТВА РЕСПУБЛИКИ САХА (ЯКУТИЯ)""";"ГОСУДАРСТВЕННОЕ КАЗЕННОЕ УЧРЕЖДЕНИЕ РЕСПУБЛИКИ САХА (ЯКУТИЯ) ""ЦЕНТР ЗАКУПОК РЕСПУБЛИКИ САХА (ЯКУТИЯ)""";20.05.2026;02.06.2026;Закупка завершена;;;29.05.2026;
44-ФЗ;№0816500000626008774;Электронный аукцион;Приобретение 2 (двух) жилых помещений (благоустроенных квартир) у лица, являющегося застройщиком, в строящемся жилом доме в с. Борогонцы, Усть-Алданского района, Республики Саха (Якутия), в рамках реализации республиканской адресной программы «Переселение граждан из аварийного жилищного фонда на 2025-2028 года».;;'262143533916814350100100980014120412;;;13622313.60;RUB;0;;;;;;"ГОСУДАРСТВЕННОЕ КАЗЕННОЕ УЧРЕЖДЕНИЕ РЕСПУБЛИКИ САХА (ЯКУТИЯ) ""ДИРЕКЦИЯ ЖИЛИЩНОГО СТРОИТЕЛЬСТВА РЕСПУБЛИКИ САХА (ЯКУТИЯ)""";"ГОСУДАРСТВЕННОЕ КАЗЕННОЕ УЧРЕЖДЕНИЕ РЕСПУБЛИКИ САХА (ЯКУТИЯ) ""ЦЕНТР ЗАКУПОК РЕСПУБЛИКИ САХА (ЯКУТИЯ)""";21.05.2026;02.06.2026;Закупка завершена;;;29.05.2026;
44-ФЗ;№0846500000626000343;Электронный аукцион;Поставка продуктов питания во 2 полугодии 2026 года (колбасные изделия);;262482500820948050100100410011013244, 262482100946648210100100640011013244, 262482100950848210100100750011013244, 262482100949848210100100350011013244, 262482400735448240100100570011013244, 262482410304048240100100760011013244, 262480800271148080100100430011013244, 262481800190048180100100360011013244;;;6800176.32;RUB;0;;;;;;;"ОБЛАСТНОЕ КАЗЕННОЕ УЧРЕЖДЕНИЕ ""УПРАВЛЕНИЕ ПО РАЗМЕЩЕНИЮ ГОСЗАКАЗА ЛИПЕЦКОЙ ОБЛАСТИ""";21.05.2026;02.06.2026;Закупка завершена;;;29.05.2026;
44-ФЗ;№0829500001126003518;Запрос котировок в электронной форме;Поставка лекарственного препарата для медицинского применения Инсулин растворимый (человеческий генно-инженерный) (РЛ);;'262346008846534600100104770012120323;;;6930000.00;RUB;0;;;;;;"ГОСУДАРСТВЕННОЕ КАЗЕННОЕ УЧРЕЖДЕНИЕ  ""ЦЕНТР СОПРОВОЖДЕНИЯ ЗАКУПОК ГОСУДАРСТВЕННЫХ УЧРЕЖДЕНИЙ ЗДРАВООХРАНЕНИЯ ВОЛГОГРАДСКОЙ ОБЛАСТИ""";"ГОСУДАРСТВЕННОЕ КАЗЕННОЕ УЧРЕЖДЕНИЕ  ""ЦЕНТР СОПРОВОЖДЕНИЯ ЗАКУПОК ГОСУДАРСТВЕННЫХ УЧРЕЖДЕНИЙ ЗДРАВООХРАНЕНИЯ ВОЛГОГРАДСКОЙ ОБЛАСТИ""";25.05.2026;02.06.2026;Закупка завершена;;;01.06.2026;
44-ФЗ;№0163200000326002691;Открытый конкурс в электронной форме;"Выполнение работ по устройству тротуаров, посадочных площадок, автобусных остановок и удлинению железобетонных труб на объекте: ""Ремонт автомобильной дороги Ярцево - Засижье на участках км 11+078 - км 12+241; км 14+059 – км 17+100 Ярцевского муниципального округа Смоленской области""";;'262673102076567300100102960014211244;;;19147761.85;RUB;0;;;;;;"СМОЛЕНСКОЕ ОБЛАСТНОЕ ГОСУДАРСТВЕННОЕ БЮДЖЕТНОЕ УЧРЕЖДЕНИЕ ""УПРАВЛЕНИЕ ОБЛАСТНЫХ АВТОМОБИЛЬНЫХ ДОРОГ""";ГЛАВНОЕ УПРАВЛЕНИЕ СМОЛЕНСКОЙ ОБЛАСТИ ПО РЕГУЛИРОВАНИЮ КОНТРАКТНОЙ СИСТЕМЫ;15.05.2026;02.06.2026;Закупка завершена;;;01.06.2026;
44-ФЗ;№0816500000626008789;Электронный аукцион;Приобретение 1 (одного) жилого помещения (благоустроенной квартиры) у застройщика в жилом доме, введенном в эксплуатацию, в с. Намцы, Намского района, Республики Саха (Якутия), в рамках реализации республиканской адресной программы «Переселение граждан из аварийного жилищного фонда на 2025-2028 года».;;'262143533916814350100100160024120412;;;7652500.80;RUB;0;;;;;;"ГОСУДАРСТВЕННОЕ КАЗЕННОЕ УЧРЕЖДЕНИЕ РЕСПУБЛИКИ САХА (ЯКУТИЯ) ""ДИРЕКЦИЯ ЖИЛИЩНОГО СТРОИТЕЛЬСТВА РЕСПУБЛИКИ САХА (ЯКУТИЯ)""";"ГОСУДАРСТВЕННОЕ КАЗЕННОЕ УЧРЕЖДЕНИЕ РЕСПУБЛИКИ САХА (ЯКУТИЯ) ""ЦЕНТР ЗАКУПОК РЕСПУБЛИКИ САХА (ЯКУТИЯ)""";21.05.2026;02.06.2026;Закупка завершена;;;01.06.2026;
44-ФЗ;№0816500000626008823;Электронный аукцион;Приобретение 3 (трех) жилых помещений (благоустроенных квартир) у лица, являющегося застройщиком, в строящемся жилом доме в п. Ленинский, Алданского района, Республики Саха (Якутия), в рамках реализации республиканской адресной программы «Переселение граждан из аварийного жилищного фонда, признанного таковым после 1 января 2017 года».;;'262143533916814350100101200014120412;;;18485428.64;RUB;0;;;;;;"ГОСУДАРСТВЕННОЕ КАЗЕННОЕ УЧРЕЖДЕНИЕ РЕСПУБЛИКИ САХА (ЯКУТИЯ) ""ДИРЕКЦИЯ ЖИЛИЩНОГО СТРОИТЕЛЬСТВА РЕСПУБЛИКИ САХА (ЯКУТИЯ)""";"ГОСУДАРСТВЕННОЕ КАЗЕННОЕ УЧРЕЖДЕНИЕ РЕСПУБЛИКИ САХА (ЯКУТИЯ) ""ЦЕНТР ЗАКУПОК РЕСПУБЛИКИ САХА (ЯКУТИЯ)""";21.05.2026;02.06.2026;Закупка завершена;;;01.06.2026;
44-ФЗ;№0816500000626008913;Электронный аукцион;Приобретение 2 (двух) жилых помещений (благоустроенных квартир) у застройщика в жилом доме, введенном в эксплуатацию в г. Томмот, Алданского района, Республики Саха (Якутия), в рамках реализации республиканской адресной программы «Переселение граждан из аварийного жилищного фонда на 2025-2028 года».;;'262143533916814350100100660024120412;;;13716593.52;RUB;0;;;;;;"ГОСУДАРСТВЕННОЕ КАЗЕННОЕ УЧРЕЖДЕНИЕ РЕСПУБЛИКИ САХА (ЯКУТИЯ) ""ДИРЕКЦИЯ ЖИЛИЩНОГО СТРОИТЕЛЬСТВА РЕСПУБЛИКИ САХА (ЯКУТИЯ)""";"ГОСУДАРСТВЕННОЕ КАЗЕННОЕ УЧРЕЖДЕНИЕ РЕСПУБЛИКИ САХА (ЯКУТИЯ) ""ЦЕНТР ЗАКУПОК РЕСПУБЛИКИ САХА (ЯКУТИЯ)""";22.05.2026;02.06.2026;Закупка завершена;;;01.06.2026;
44-ФЗ;№0816500000626008914;Электронный аукцион;Приобретение 2 (двух) жилых помещений (благоустроенных квартир) у застройщика в жилом доме, введенном в эксплуатацию в г. Томмот, Алданского района, Республики Саха (Якутия), в рамках реализации республиканской адресной программы «Переселение граждан из аварийного жилищного фонда на 2025-2028 года».;;'262143533916814350100100670024120412;;;14426164.48;RUB;0;;;;;;"ГОСУДАРСТВЕННОЕ КАЗЕННОЕ УЧРЕЖДЕНИЕ РЕСПУБЛИКИ САХА (ЯКУТИЯ) ""ДИРЕКЦИЯ ЖИЛИЩНОГО СТРОИТЕЛЬСТВА РЕСПУБЛИКИ САХА (ЯКУТИЯ)""";"ГОСУДАРСТВЕННОЕ КАЗЕННОЕ УЧРЕЖДЕНИЕ РЕСПУБЛИКИ САХА (ЯКУТИЯ) ""ЦЕНТР ЗАКУПОК РЕСПУБЛИКИ САХА (ЯКУТИЯ)""";22.05.2026;02.06.2026;Закупка завершена;;;01.06.2026;
44-ФЗ;№0816500000626008785;Электронный аукцион;Приобретение 1 (одного) жилого помещения (благоустроенной квартиры) у лица, являющегося застройщиком, в строящемся жилом доме в г. Нюрба, Нюрбинского района, Республики Саха (Якутия), в рамках реализации республиканской адресной программы «Переселение граждан из аварийного жилищного фонда на 2025-2028 года».;;'262143533916814350100101000014120412;;;6407654.88;RUB;0;;;;;;"ГОСУДАРСТВЕННОЕ КАЗЕННОЕ УЧРЕЖДЕНИЕ РЕСПУБЛИКИ САХА (ЯКУТИЯ) ""ДИРЕКЦИЯ ЖИЛИЩНОГО СТРОИТЕЛЬСТВА РЕСПУБЛИКИ САХА (ЯКУТИЯ)""";"ГОСУДАРСТВЕННОЕ КАЗЕННОЕ УЧРЕЖДЕНИЕ РЕСПУБЛИКИ САХА (ЯКУТИЯ) ""ЦЕНТР ЗАКУПОК РЕСПУБЛИКИ САХА (ЯКУТИЯ)""";21.05.2026;02.06.2026;Закупка завершена;;;01.06.2026;
44-ФЗ;№0816500000626008786;Электронный аукцион;Приобретение 1 (одного) жилого помещения (благоустроенной квартиры) путем участия в долевом строительстве многоквартирного дома в г. Алдан, Алданского района, Республики Саха (Якутия), в рамках реализации республиканской адресной программы «Переселение граждан из аварийного жилищного фонда на 2025-2028 года».;;'262143533916814350100100240014120412;;;6658229.76;RUB;0;;;;;;"ГОСУДАРСТВЕННОЕ КАЗЕННОЕ УЧРЕЖДЕНИЕ РЕСПУБЛИКИ САХА (ЯКУТИЯ) ""ДИРЕКЦИЯ ЖИЛИЩНОГО СТРОИТЕЛЬСТВА РЕСПУБЛИКИ САХА (ЯКУТИЯ)""";"ГОСУДАРСТВЕННОЕ КАЗЕННОЕ УЧРЕЖДЕНИЕ РЕСПУБЛИКИ САХА (ЯКУТИЯ) ""ЦЕНТР ЗАКУПОК РЕСПУБЛИКИ САХА (ЯКУТИЯ)""";21.05.2026;02.06.2026;Закупка завершена;;;01.06.2026;
44-ФЗ;№0816500000626008928;Электронный аукцион;Приобретение 1 (одного) жилого помещения (благоустроенной квартиры) у застройщика в жилом доме, введенном в эксплуатацию в г. Томмот, Алданского района, Республики Саха (Якутия), в рамках реализации республиканской адресной программы «Переселение граждан из аварийного жилищного фонда на 2025-2028 года».;;'262143533916814350100100680024120412;;;13364475.60;RUB;0;;;;;;"ГОСУДАРСТВЕННОЕ КАЗЕННОЕ УЧРЕЖДЕНИЕ РЕСПУБЛИКИ САХА (ЯКУТИЯ) ""ДИРЕКЦИЯ ЖИЛИЩНОГО СТРОИТЕЛЬСТВА РЕСПУБЛИКИ САХА (ЯКУТИЯ)""";"ГОСУДАРСТВЕННОЕ КАЗЕННОЕ УЧРЕЖДЕНИЕ РЕСПУБЛИКИ САХА (ЯКУТИЯ) ""ЦЕНТР ЗАКУПОК РЕСПУБЛИКИ САХА (ЯКУТИЯ)""";22.05.2026;02.06.2026;Закупка завершена;;;01.06.2026;
44-ФЗ;№0816500000626008787;Электронный аукцион;Приобретение 2 (двух) жилых помещений (благоустроенных квартир) путем участия в долевом строительстве многоквартирного дома в г. Алдан, Алданского района, Республики Саха (Якутия), в рамках реализации республиканской адресной программы «Переселение граждан из аварийного жилищного фонда на 2025-2028 года».;;'262143533916814350100100250014120412;;;13575746.35;RUB;0;;;;;;"ГОСУДАРСТВЕННОЕ КАЗЕННОЕ УЧРЕЖДЕНИЕ РЕСПУБЛИКИ САХА (ЯКУТИЯ) ""ДИРЕКЦИЯ ЖИЛИЩНОГО СТРОИТЕЛЬСТВА РЕСПУБЛИКИ САХА (ЯКУТИЯ)""";"ГОСУДАРСТВЕННОЕ КАЗЕННОЕ УЧРЕЖДЕНИЕ РЕСПУБЛИКИ САХА (ЯКУТИЯ) ""ЦЕНТР ЗАКУПОК РЕСПУБЛИКИ САХА (ЯКУТИЯ)""";21.05.2026;02.06.2026;Закупка завершена;;;01.06.2026;
44-ФЗ;№0816500000626008788;Электронный аукцион;Приобретение 1 (одного) жилого помещения (благоустроенной квартиры) у застройщика в жилом доме, введенном в эксплуатацию, в с. Намцы, Намского района, Республики Саха (Якутия), в рамках реализации республиканской адресной программы «Переселение граждан из аварийного жилищного фонда на 2025-2028 года».;;'262143533916814350100100200024120412;;;6403934.88;RUB;0;;;;;;"ГОСУДАРСТВЕННОЕ КАЗЕННОЕ УЧРЕЖДЕНИЕ РЕСПУБЛИКИ САХА (ЯКУТИЯ) ""ДИРЕКЦИЯ ЖИЛИЩНОГО СТРОИТЕЛЬСТВА РЕСПУБЛИКИ САХА (ЯКУТИЯ)""";"ГОСУДАРСТВЕННОЕ КАЗЕННОЕ УЧРЕЖДЕНИЕ РЕСПУБЛИКИ САХА (ЯКУТИЯ) ""ЦЕНТР ЗАКУПОК РЕСПУБЛИКИ САХА (ЯКУТИЯ)""";21.05.2026;02.06.2026;Закупка завершена;;;01.06.2026;
44-ФЗ;№0103200008426004212;Открытый конкурс в электронной форме на проведение работ по строительству, реконструкции, кап. ремонту, сносу объекта кап. строительства в соответствии с п. 8 ч. 1 ст. 33 Закона № 44-ФЗ;Капитальный ремонт автомобильных дорог в с.Батыр Мурза и в с.Нариман Ногайского района РД;;'263052500156505250100100040024399243;;;8879093.00;RUB;0;;;;;;"МУНИЦИПАЛЬНОЕ КАЗЕННОЕ УЧРЕЖДЕНИЕ ""ОТДЕЛ КАПИТАЛЬНОГО СТРОИТЕЛЬСТВА"" АДМИНИСТРАЦИИ МР ""НОГАЙСКИЙ РАЙОН"" РЕСПУБЛИКИ ДАГЕСТАН";КОМИТЕТ ПО ГОСУДАРСТВЕННЫМ ЗАКУПКАМ РЕСПУБЛИКИ ДАГЕСТАН;13.05.2026;02.06.2026;Закупка завершена;;;29.05.2026;
44-ФЗ;№0103200008426003645;Открытый конкурс в электронной форме на проведение работ по строительству, реконструкции, кап. ремонту, сносу объекта кап. строительства в соответствии с п. 8 ч. 1 ст. 33 Закона № 44-ФЗ;"по Разработке проектно-сметной документации и капитальному ремонту ГБУ РД ""РКБ им. А.В. Вишневского""";;'262056204150205720100100110014120243;;;193053630.00;RUB;0;;;;;;"ГОСУДАРСТВЕННОЕ БЮДЖЕТНОЕ УЧРЕЖДЕНИЕ РЕСПУБЛИКИ ДАГЕСТАН ""РЕСПУБЛИКАНСКАЯ КЛИНИЧЕСКАЯ БОЛЬНИЦА ИМЕНИ А.В. ВИШНЕВСКОГО""";КОМИТЕТ ПО ГОСУДАРСТВЕННЫМ ЗАКУПКАМ РЕСПУБЛИКИ ДАГЕСТАН;29.04.2026;02.06.2026;Закупка завершена;;;15.05.2026;
44-ФЗ;№0853500000326003586;Электронный аукцион;На поставку станции для автоматического выделения нуклеиновых кислот из биологического материала;;'262561012844156100100100190012651244;;;8495870.34;RUB;0;;;;;;МИНИСТЕРСТВО СЕЛЬСКОГО ХОЗЯЙСТВА, ТОРГОВЛИ, ПИЩЕВОЙ И ПЕРЕРАБАТЫВАЮЩЕЙ ПРОМЫШЛЕННОСТИ ОРЕНБУРГСКОЙ ОБЛАСТИ;"ГОСУДАРСТВЕННОЕ КАЗЕННОЕ УЧРЕЖДЕНИЕ ОРЕНБУРГСКОЙ ОБЛАСТИ ""ЦЕНТР ОРГАНИЗАЦИИ ЗАКУПОК""";20.05.2026;02.06.2026;Закупка завершена;;;29.05.2026;
44-ФЗ;№0103200008426004660;Электронный аукцион на проведение работ по строительству, реконструкции, кап. ремонту, сносу объекта кап. строительства в соответствии с п. 8 ч. 1 ст. 33 Закона № 44-ФЗ;Строительство общеобразовательной организации на 300 ученических мест в с. Сулейбакент Левашинского района Республики Дагестан (завершение работ);;'262056205533605730100100110040000407;;;102966929.64;RUB;0;;;;;;"ГОСУДАРСТВЕННОЕ АВТОНОМНОЕ УЧРЕЖДЕНИЕ РЕСПУБЛИКИ ДАГЕСТАН ""ДИРЕКЦИЯ ПО РЕАЛИЗАЦИИ ИНФРАСТРУКТУРНЫХ ПРОГРАММ В РЕСПУБЛИКЕ ДАГЕСТАН""";КОМИТЕТ ПО ГОСУДАРСТВЕННЫМ ЗАКУПКАМ РЕСПУБЛИКИ ДАГЕСТАН;21.05.2026;02.06.2026;Закупка завершена;;;01.06.2026;
44-ФЗ;№0846500000626000346;Электронный аукцион;Поставка продуктов питания во 2 полугодии 2026 года (говядина, печень, сердце);;262480800271148080100100480011011244, 262482400735448240100100560011011244, 262482100946648210100100720011011244, 262482100950848210100100870011011244, 262482410304048240100100690011011244, 262482500820948050100100540011011244, 262482101084948210100100260011011244, 262481800190048180100100310011011244, 262482100949848210100100420011011244;;;26359611.10;RUB;0;;;;;;;"ОБЛАСТНОЕ КАЗЕННОЕ УЧРЕЖДЕНИЕ ""УПРАВЛЕНИЕ ПО РАЗМЕЩЕНИЮ ГОСЗАКАЗА ЛИПЕЦКОЙ ОБЛАСТИ""";21.05.2026;02.06.2026;Закупка завершена;;;29.05.2026;
44-ФЗ;№0816500000626008917;Электронный аукцион;Поставка медицинских изделий для нужд ортопедии на выполнение высокотехнологичной медицинской помощи, не включенной в базовую программу обязательного медицинского страхования;;'262143511125114350100103700013250244;;;15847600.20;RUB;0;;;;;;"ГОСУДАРСТВЕННОЕ БЮДЖЕТНОЕ УЧРЕЖДЕНИЕ РЕСПУБЛИКИ САХА (ЯКУТИЯ) ""РЕСПУБЛИКАНСКАЯ БОЛЬНИЦА № 2 - ЦЕНТР ЭКСТРЕННОЙ МЕДИЦИНСКОЙ ПОМОЩИ""";"ГОСУДАРСТВЕННОЕ КАЗЕННОЕ УЧРЕЖДЕНИЕ РЕСПУБЛИКИ САХА (ЯКУТИЯ) ""ЦЕНТР ЗАКУПОК РЕСПУБЛИКИ САХА (ЯКУТИЯ)""";22.05.2026;02.06.2026;Закупка завершена;;;01.06.2026;
223-ФЗ;№32615778879;Аукцион в электронной форме, участниками которого могут быть только субъекты малого и среднего предпринимательства;Поставка компьютера персонального настольного (моноблок) и многофункционального устройства для приемной комиссии.;;;1;Поставка оргтехники;23578300.00;RUB;23578300.00;;;;26.20.15.140: Моноблоки,26.20.18.110: Устройства периферийные с двумя или более функциями: печать данных, копирование, сканирование, прием и передача факсимильных сообщений;;"ФЕДЕРАЛЬНОЕ ГОСУДАРСТВЕННОЕ БЮДЖЕТНОЕ ОБРАЗОВАТЕЛЬНОЕ УЧРЕЖДЕНИЕ ВЫСШЕГО ОБРАЗОВАНИЯ ""РОССИЙСКИЙ УНИВЕРСИТЕТ МЕДИЦИНЫ"" МИНИСТЕРСТВА ЗДРАВООХРАНЕНИЯ РОССИЙСКОЙ ФЕДЕРАЦИИ";"ФЕДЕРАЛЬНОЕ ГОСУДАРСТВЕННОЕ БЮДЖЕТНОЕ ОБРАЗОВАТЕЛЬНОЕ УЧРЕЖДЕНИЕ ВЫСШЕГО ОБРАЗОВАНИЯ ""РОССИЙСКИЙ УНИВЕРСИТЕТ МЕДИЦИНЫ"" МИНИСТЕРСТВА ЗДРАВООХРАНЕНИЯ РОССИЙСКОЙ ФЕДЕРАЦИИ";06.03.2026;02.06.2026;Закупка завершена;;;17.04.2026 10:00;
44-ФЗ;№0301100049626000718;Электронный аукцион;Поставка медицинских изделий для нужд отделения РХМДиЛ Клиники БГМУ;;'261027402308802740100100012410000244;;;5508000.00;RUB;0;;;;;;"ФЕДЕРАЛЬНОЕ ГОСУДАРСТВЕННОЕ БЮДЖЕТНОЕ ОБРАЗОВАТЕЛЬНОЕ УЧРЕЖДЕНИЕ ВЫСШЕГО ОБРАЗОВАНИЯ ""БАШКИРСКИЙ ГОСУДАРСТВЕННЫЙ МЕДИЦИНСКИЙ УНИВЕРСИТЕТ"" МИНИСТЕРСТВА ЗДРАВООХРАНЕНИЯ РОССИЙСКОЙ ФЕДЕРАЦИИ";"ФЕДЕРАЛЬНОЕ ГОСУДАРСТВЕННОЕ БЮДЖЕТНОЕ ОБРАЗОВАТЕЛЬНОЕ УЧРЕЖДЕНИЕ ВЫСШЕГО ОБРАЗОВАНИЯ ""БАШКИРСКИЙ ГОСУДАРСТВЕННЫЙ МЕДИЦИНСКИЙ УНИВЕРСИТЕТ"" МИНИСТЕРСТВА ЗДРАВООХРАНЕНИЯ РОССИЙСКОЙ ФЕДЕРАЦИИ";15.05.2026;02.06.2026;Закупка завершена;;;01.06.2026;
44-ФЗ;№0373200014226000326;Электронный аукцион;Обустройство дворовых территорий;;'262772976068377290100100670010000244;;;26921480.70;RUB;0;;;;;;"ГОСУДАРСТВЕННОЕ БЮДЖЕТНОЕ УЧРЕЖДЕНИЕ ГОРОДА МОСКВЫ ""ЖИЛИЩНИК РАЙОНА РАМЕНКИ""";"ГОСУДАРСТВЕННОЕ КАЗЕННОЕ УЧРЕЖДЕНИЕ ГОРОДА МОСКВЫ ""ДИРЕКЦИЯ ЗАКАЗЧИКА ЖИЛИЩНО-КОММУНАЛЬНОГО ХОЗЯЙСТВА И БЛАГОУСТРОЙСТВА ЗАПАДНОГО АДМИНИСТРАТИВНОГО ОКРУГА""";19.05.2026;02.06.2026;Закупка завершена;;;27.05.2026;
44-ФЗ;№0321300075626000036;Электронный аукцион;Выкашивание газонов на  городской территории в городе Ессентуки;;'263262603046026260100100160018130244;;;5783917.50;RUB;0;;;;;;УПРАВЛЕНИЕ ЖИЛИЩНО-КОММУНАЛЬНОГО ХОЗЯЙСТВА АДМИНИСТРАЦИИ ГОРОДА ЕССЕНТУКИ;УПРАВЛЕНИЕ ЭКОНОМИЧЕСКОГО РАЗВИТИЯ АДМИНИСТРАЦИИ ГОРОДА ЕССЕНТУКИ;22.05.2026;02.06.2026;Закупка завершена;;;01.06.2026;
44-ФЗ;№0825500000626000029;Электронный аукцион;Выполнение работ по содержанию и эксплуатации паромных переправ и наплавного моста, расположенных на автомобильных дорогах общего пользования регионального значения в Камызякском районе Астраханской области (Лот 2);;'262301511504930150100100020044211244;;;97081956.18;RUB;0;;;;;;"ГОСУДАРСТВЕННОЕ КАЗЕННОЕ УЧРЕЖДЕНИЕ АСТРАХАНСКОЙ ОБЛАСТИ ""УПРАВЛЕНИЕ АВТОМОБИЛЬНЫМИ ДОРОГАМИ ОБЩЕГО ПОЛЬЗОВАНИЯ ""АСТРАХАНЬАВТОДОР""";"ГОСУДАРСТВЕННОЕ КАЗЕННОЕ УЧРЕЖДЕНИЕ АСТРАХАНСКОЙ ОБЛАСТИ ""УПРАВЛЕНИЕ АВТОМОБИЛЬНЫМИ ДОРОГАМИ ОБЩЕГО ПОЛЬЗОВАНИЯ ""АСТРАХАНЬАВТОДОР""";20.05.2026;02.06.2026;Закупка завершена;;;01.06.2026;
44-ФЗ;№0851100001926000250;Электронный аукцион;Оказание услуг по уборке и санитарному содержанию зданий, строений, сооружений, помещений и прилегающих к ним территорий для обеспечения государственных нужд Управления Федерального казначейства по Кемеровской области – Кузбассу и Межрегионального филиала Федерального казенного учреждения «Центр по обеспечению деятельности Казначейства России» в г. Новосибирске;;'261770989550954024300100191750000244;;;21380900.44;RUB;0;;;;;;"МЕЖРЕГИОНАЛЬНЫЙ ФИЛИАЛ ФЕДЕРАЛЬНОГО КАЗЕННОГО УЧРЕЖДЕНИЯ ""ЦЕНТР ПО ОБЕСПЕЧЕНИЮ ДЕЯТЕЛЬНОСТИ КАЗНАЧЕЙСТВА РОССИИ"" В Г. НОВОСИБИРСКЕ";"МЕЖРЕГИОНАЛЬНЫЙ ФИЛИАЛ ФЕДЕРАЛЬНОГО КАЗЕННОГО УЧРЕЖДЕНИЯ ""ЦЕНТР ПО ОБЕСПЕЧЕНИЮ ДЕЯТЕЛЬНОСТИ КАЗНАЧЕЙСТВА РОССИИ"" В Г. НОВОСИБИРСКЕ";07.05.2026;02.06.2026;Закупка завершена;;;20.05.2026;
44-ФЗ;№0106600001926000018;Открытый конкурс в электронной форме;Текущий ремонт автомобильной дороги общего пользования местного значения по ул. Победы в г. Питкяранта;;'263100001283310000100100200014211244;;;20000000.00;RUB;0;;;;;;АДМИНИСТРАЦИЯ ПИТКЯРАНТСКОГО МУНИЦИПАЛЬНОГО ОКРУГА;АДМИНИСТРАЦИЯ ПИТКЯРАНТСКОГО МУНИЦИПАЛЬНОГО ОКРУГА;14.05.2026;02.06.2026;Закупка завершена;;;01.06.2026;
44-ФЗ;№0358300387726000017;Открытый конкурс в электронной форме;Снос многоквартирного аварийного дома по адресу: г. Ростов-на-Дону, Октябрьский район, ул. Ларина, 14, литер А;;'263616505760261650100100160014311244;;;9481850.00;RUB;0;;;;;;"МУНИЦИПАЛЬНОЕ КАЗЕННОЕ УЧРЕЖДЕНИЕ ""УПРАВЛЕНИЕ ЖИЛИЩНО-КОММУНАЛЬНОГО ХОЗЯЙСТВА"" ОКТЯБРЬСКОГО РАЙОНА ГОРОДА РОСТОВА-НА-ДОНУ";"МУНИЦИПАЛЬНОЕ КАЗЕННОЕ УЧРЕЖДЕНИЕ ""УПРАВЛЕНИЕ ЖИЛИЩНО-КОММУНАЛЬНОГО ХОЗЯЙСТВА"" ОКТЯБРЬСКОГО РАЙОНА ГОРОДА РОСТОВА-НА-ДОНУ";13.05.2026;02.06.2026;Закупка завершена;;;29.05.2026;
44-ФЗ;№0368100010826000148;Электронный аукцион;Поставка запасных частей для воздушных судов;;'261730300200073250100100370103030244;;;19916951.58;RUB;0;;;;;;"ФЕДЕРАЛЬНОЕ ГОСУДАРСТВЕННОЕ БЮДЖЕТНОЕ ОБРАЗОВАТЕЛЬНОЕ УЧРЕЖДЕНИЕ ВЫСШЕГО ОБРАЗОВАНИЯ ""УЛЬЯНОВСКИЙ ИНСТИТУТ ГРАЖДАНСКОЙ АВИАЦИИ ИМЕНИ ГЛАВНОГО МАРШАЛА АВИАЦИИ Б.П. БУГАЕВА""";"ФЕДЕРАЛЬНОЕ ГОСУДАРСТВЕННОЕ БЮДЖЕТНОЕ ОБРАЗОВАТЕЛЬНОЕ УЧРЕЖДЕНИЕ ВЫСШЕГО ОБРАЗОВАНИЯ ""УЛЬЯНОВСКИЙ ИНСТИТУТ ГРАЖДАНСКОЙ АВИАЦИИ ИМЕНИ ГЛАВНОГО МАРШАЛА АВИАЦИИ Б.П. БУГАЕВА""";22.05.2026;02.06.2026;Закупка завершена;;;01.06.2026;
44-ФЗ;№0816500000626008822;Электронный аукцион;Приобретение 1 (одного) жилого помещения (благоустроенной квартиры) у застройщика в жилом доме, введенном в эксплуатацию, в с. Намцы, Намского района, Республики Саха (Якутия), в рамках реализации республиканской адресной программы «Переселение граждан из аварийного жилищного фонда на 2025-2028 года».;;'262143533916814350100100220024120412;;;6524763.84;RUB;0;;;;;;"ГОСУДАРСТВЕННОЕ КАЗЕННОЕ УЧРЕЖДЕНИЕ РЕСПУБЛИКИ САХА (ЯКУТИЯ) ""ДИРЕКЦИЯ ЖИЛИЩНОГО СТРОИТЕЛЬСТВА РЕСПУБЛИКИ САХА (ЯКУТИЯ)""";"ГОСУДАРСТВЕННОЕ КАЗЕННОЕ УЧРЕЖДЕНИЕ РЕСПУБЛИКИ САХА (ЯКУТИЯ) ""ЦЕНТР ЗАКУПОК РЕСПУБЛИКИ САХА (ЯКУТИЯ)""";21.05.2026;02.06.2026;Закупка завершена;;;29.05.2026;
44-ФЗ;№0816500000626008706;Электронный аукцион;Приобретение 2 (двух) жилых помещений (благоустроенных квартир) у лица, являющегося застройщиком, в строящемся жилом доме в с. Борогонцы, Усть-Алданского района, Республики Саха (Якутия), в рамках реализации республиканской адресной программы «Переселение граждан из аварийного жилищного фонда на 2025-2028 года».;;'262143533916814350100100880014120412;;;14884202.03;RUB;0;;;;;;"ГОСУДАРСТВЕННОЕ КАЗЕННОЕ УЧРЕЖДЕНИЕ РЕСПУБЛИКИ САХА (ЯКУТИЯ) ""ДИРЕКЦИЯ ЖИЛИЩНОГО СТРОИТЕЛЬСТВА РЕСПУБЛИКИ САХА (ЯКУТИЯ)""";"ГОСУДАРСТВЕННОЕ КАЗЕННОЕ УЧРЕЖДЕНИЕ РЕСПУБЛИКИ САХА (ЯКУТИЯ) ""ЦЕНТР ЗАКУПОК РЕСПУБЛИКИ САХА (ЯКУТИЯ)""";20.05.2026;02.06.2026;Закупка завершена;;;29.05.2026;
44-ФЗ;№0355100013926000006;Электронный аукцион;Дисковый посевной комплекс;;'261583400177058340100100110012830244;;;5032174.00;RUB;0;;;;;;"ФЕДЕРАЛЬНОЕ ГОСУДАРСТВЕННОЕ БЮДЖЕТНОЕ  ОБРАЗОВАТЕЛЬНОЕ УЧРЕЖДЕНИЕ ВЫСШЕГО ОБРАЗОВАНИЯ ""ПЕНЗЕНСКИЙ ГОСУДАРСТВЕННЫЙ АГРАРНЫЙ УНИВЕРСИТЕТ""";"ФЕДЕРАЛЬНОЕ ГОСУДАРСТВЕННОЕ БЮДЖЕТНОЕ  ОБРАЗОВАТЕЛЬНОЕ УЧРЕЖДЕНИЕ ВЫСШЕГО ОБРАЗОВАНИЯ ""ПЕНЗЕНСКИЙ ГОСУДАРСТВЕННЫЙ АГРАРНЫЙ УНИВЕРСИТЕТ""";22.05.2026;02.06.2026;Закупка завершена;;;01.06.2026;
44-ФЗ;№0128600004226000157;Электронный аукцион;Ремонт автомобильных дорог общего пользования местного значения Собинского муниципального округа;;'263330945877933090100100490014211244;;;10220736.65;RUB;0;;;;;;"МУНИЦИПАЛЬНОЕ КАЗЁННОЕ УЧРЕЖДЕНИЕ ""УПРАВЛЕНИЕ ЖИЛИЩНО-КОММУНАЛЬНОГО КОМПЛЕКСА И СТРОИТЕЛЬСТВА СОБИНСКОГО МУНИЦИПАЛЬНОГО ОКРУГА ВЛАДИМИРСКОЙ ОБЛАСТИ""";КОМИТЕТ ПО УПРАВЛЕНИЮ ИМУЩЕСТВОМ АДМИНИСТРАЦИИ СОБИНСКОГО МУНИЦИПАЛЬНОГО ОКРУГА ВЛАДИМИРСКОЙ ОБЛАСТИ;22.05.2026;02.06.2026;Закупка завершена;;;01.06.2026;
44-ФЗ;№0372100010626000681;Электронный аукцион;Оказание услуг по восстановлению работоспособности аппарата интрааортальной контрпульсации AutoCAT 2 Wave;;'261781304746378130100100100180000244;;;8277690.00;RUB;0;;;;;;"ФЕДЕРАЛЬНОЕ ГОСУДАРСТВЕННОЕ БЮДЖЕТНОЕ ОБРАЗОВАТЕЛЬНОЕ УЧРЕЖДЕНИЕ ВЫСШЕГО ОБРАЗОВАНИЯ ""ПЕРВЫЙ САНКТ-ПЕТЕРБУРГСКИЙ ГОСУДАРСТВЕННЫЙ МЕДИЦИНСКИЙ УНИВЕРСИТЕТ ИМЕНИ АКАДЕМИКА И.П. ПАВЛОВА"" МИНИСТЕРСТВА ЗДРАВООХРАНЕНИЯ РОССИЙСКОЙ ФЕДЕРАЦИИ";"ФЕДЕРАЛЬНОЕ ГОСУДАРСТВЕННОЕ БЮДЖЕТНОЕ ОБРАЗОВАТЕЛЬНОЕ УЧРЕЖДЕНИЕ ВЫСШЕГО ОБРАЗОВАНИЯ ""ПЕРВЫЙ САНКТ-ПЕТЕРБУРГСКИЙ ГОСУДАРСТВЕННЫЙ МЕДИЦИНСКИЙ УНИВЕРСИТЕТ ИМЕНИ АКАДЕМИКА И.П. ПАВЛОВА"" МИНИСТЕРСТВА ЗДРАВООХРАНЕНИЯ РОССИЙСКОЙ ФЕДЕРАЦИИ";21.05.2026;02.06.2026;Закупка завершена;;;29.05.2026;
44-ФЗ;№0373200041126000312;Электронный аукцион;Оказание услуг по переезду жителей района Люблино в рамках реализации Программы реновации жилищного фонда города Москвы (среди СМП);;'262772387683677230100100520010000244;;;9000000.00;RUB;0;;;;;;"ГОСУДАРСТВЕННОЕ БЮДЖЕТНОЕ УЧРЕЖДЕНИЕ ГОРОДА МОСКВЫ ""ЖИЛИЩНИК РАЙОНА ЛЮБЛИНО""";"ГОСУДАРСТВЕННОЕ КАЗЕННОЕ УЧРЕЖДЕНИЕ ГОРОДА МОСКВЫ ""ДИРЕКЦИЯ ЗАКАЗЧИКА ЖИЛИЩНО-КОММУНАЛЬНОГО ХОЗЯЙСТВА И БЛАГОУСТРОЙСТВА ЮГО-ВОСТОЧНОГО АДМИНИСТРАТИВНОГО ОКРУГА""";22.05.2026;02.06.2026;Закупка завершена;;;01.06.2026;
44-ФЗ;№0373100015826000268;Электронный аукцион;Поставка расходного материала (286);;'261773124346777310100100012860000244;;;19200000.00;RUB;0;;;;;;"ФЕДЕРАЛЬНОЕ ГОСУДАРСТВЕННОЕ БЮДЖЕТНОЕ УЧРЕЖДЕНИЕ ""НАЦИОНАЛЬНЫЙ МЕДИЦИНСКИЙ ИССЛЕДОВАТЕЛЬСКИЙ ЦЕНТР КАРДИОЛОГИИ ИМЕНИ АКАДЕМИКА Е.И. ЧАЗОВА"" МИНИСТЕРСТВА ЗДРАВООХРАНЕНИЯ РОССИЙСКОЙ ФЕДЕРАЦИИ";"ФЕДЕРАЛЬНОЕ ГОСУДАРСТВЕННОЕ БЮДЖЕТНОЕ УЧРЕЖДЕНИЕ ""НАЦИОНАЛЬНЫЙ МЕДИЦИНСКИЙ ИССЛЕДОВАТЕЛЬСКИЙ ЦЕНТР КАРДИОЛОГИИ ИМЕНИ АКАДЕМИКА Е.И. ЧАЗОВА"" МИНИСТЕРСТВА ЗДРАВООХРАНЕНИЯ РОССИЙСКОЙ ФЕДЕРАЦИИ";21.05.2026;02.06.2026;Закупка завершена;;;29.05.2026;
44-ФЗ;№0831600001026000105;Открытый конкурс в электронной форме на проведение работ по строительству, реконструкции, кап. ремонту, сносу объекта кап. строительства в соответствии с п. 8 ч. 1 ст. 33 Закона № 44-ФЗ;Выполнение работ по капитальному ремонту автомобильных дорог общего пользования местного значения Павловского муниципального района Воронежской области;;'263362000141936200100100430014211243;;;8605813.25;RUB;0;;;;;;АДМИНИСТРАЦИЯ ПАВЛОВСКОГО МУНИЦИПАЛЬНОГО РАЙОНА ВОРОНЕЖСКОЙ ОБЛАСТИ;"МУНИЦИПАЛЬНОЕ КАЗЕННОЕ УЧРЕЖДЕНИЕ ПАВЛОВСКОГО МУНИЦИПАЛЬНОГО РАЙОНА ""МЕЖВЕДОМСТВЕННЫЙ МНОГОФУНКЦИОНАЛЬНЫЙ ЦЕНТР""";12.05.2026;02.06.2026;Закупка завершена;;;28.05.2026;
44-ФЗ;№0380200000126003885;Электронный аукцион;Поставка реагентов  для молекулярно-диагностических исследований на анализаторе Procleix PANTHER;;'262190101738619010100100270012110244;;;6201353.31;RUB;0;;;;;;"ГОСУДАРСТВЕННОЕ КАЗЁННОЕ УЧРЕЖДЕНИЕ ЗДРАВООХРАНЕНИЯ РЕСПУБЛИКИ ХАКАСИЯ ""РЕСПУБЛИКАНСКИЙ ЦЕНТР КРОВИ""";ГОСУДАРСТВЕННЫЙ КОМИТЕТ ПО РЕГУЛИРОВАНИЮ КОНТРАКТНОЙ СИСТЕМЫ В СФЕРЕ ЗАКУПОК РЕСПУБЛИКИ ХАКАСИЯ;21.05.2026;02.06.2026;Закупка завершена;;;29.05.2026;
44-ФЗ;№0853500000326003477;Открытый конкурс в электронной форме;Ремонт дороги по проезду Технологический (от путепроводного моста до границы автодороги Гай-Ишкинино, расположенной в г.Гай, Оренбургская область (от ПК 0+575 до ПК 1+150).;;'263560400858756040100100090014211244;;;9951213.35;RUB;0;;;;;;ОТДЕЛ ЖИЛИЩНО-КОММУНАЛЬНОГО ХОЗЯЙСТВА И КАПИТАЛЬНОГО СТРОИТЕЛЬСТВА АДМИНИСТРАЦИИ ГАЙСКОГО МУНИЦИПАЛЬНОГО ОКРУГА;"ГОСУДАРСТВЕННОЕ КАЗЕННОЕ УЧРЕЖДЕНИЕ ОРЕНБУРГСКОЙ ОБЛАСТИ ""ЦЕНТР ОРГАНИЗАЦИИ ЗАКУПОК""";15.05.2026;02.06.2026;Закупка завершена;;;01.06.2026;
44-ФЗ;№0334100025626000030;Электронный аукцион;Выполнение работ по монтажу и проведению пусконаладочных работ системы пожарной сигнализации и системы оповещения и управления эвакуацией в здании Физкультурно-оздоровительного корпуса ФГБОУ ВО «ИРНИТУ»;;'261381201406638120100100040040000244;;;9607756.47;RUB;0;;;;;;"ФЕДЕРАЛЬНОЕ ГОСУДАРСТВЕННОЕ БЮДЖЕТНОЕ ОБРАЗОВАТЕЛЬНОЕ УЧРЕЖДЕНИЕ ВЫСШЕГО ОБРАЗОВАНИЯ ""ИРКУТСКИЙ НАЦИОНАЛЬНЫЙ ИССЛЕДОВАТЕЛЬСКИЙ ТЕХНИЧЕСКИЙ УНИВЕРСИТЕТ""";"ФЕДЕРАЛЬНОЕ ГОСУДАРСТВЕННОЕ БЮДЖЕТНОЕ ОБРАЗОВАТЕЛЬНОЕ УЧРЕЖДЕНИЕ ВЫСШЕГО ОБРАЗОВАНИЯ ""ИРКУТСКИЙ НАЦИОНАЛЬНЫЙ ИССЛЕДОВАТЕЛЬСКИЙ ТЕХНИЧЕСКИЙ УНИВЕРСИТЕТ""";22.05.2026;02.06.2026;Закупка завершена;;;01.06.2026;
44-ФЗ;№0816500000626008762;Электронный аукцион;Оказание услуг по изготовлению фармацевтических препаратов;;'262143502651014350100100340830000244;;;8000000.00;RUB;0;;;;;;"ГОСУДАРСТВЕННОЕ БЮДЖЕТНОЕ УЧРЕЖДЕНИЕ РЕСПУБЛИКИ САХА (ЯКУТИЯ) ""ЯКУТСКАЯ РЕСПУБЛИКАНСКАЯ КЛИНИЧЕСКАЯ БОЛЬНИЦА""";"ГОСУДАРСТВЕННОЕ КАЗЕННОЕ УЧРЕЖДЕНИЕ РЕСПУБЛИКИ САХА (ЯКУТИЯ) ""ЦЕНТР ЗАКУПОК РЕСПУБЛИКИ САХА (ЯКУТИЯ)""";21.05.2026;02.06.2026;Закупка завершена;;;29.05.2026;
44-ФЗ;№0319100000226000526;Электронный аукцион;Поставка расходных материалов для плазменного стерилизатора Sterrad, имеющегося у Заказчика;;'261246622853324660100100083990000244;;;9447633.38;RUB;0;;;;;;"ФЕДЕРАЛЬНОЕ ГОСУДАРСТВЕННОЕ БЮДЖЕТНОЕ УЧРЕЖДЕНИЕ ""ФЕДЕРАЛЬНЫЙ ЦЕНТР СЕРДЕЧНО-СОСУДИСТОЙ ХИРУРГИИ"" МИНИСТЕРСТВА ЗДРАВООХРАНЕНИЯ РОССИЙСКОЙ ФЕДЕРАЦИИ (Г. КРАСНОЯРСК)";"ФЕДЕРАЛЬНОЕ ГОСУДАРСТВЕННОЕ БЮДЖЕТНОЕ УЧРЕЖДЕНИЕ ""ФЕДЕРАЛЬНЫЙ ЦЕНТР СЕРДЕЧНО-СОСУДИСТОЙ ХИРУРГИИ"" МИНИСТЕРСТВА ЗДРАВООХРАНЕНИЯ РОССИЙСКОЙ ФЕДЕРАЦИИ (Г. КРАСНОЯРСК)";19.05.2026;02.06.2026;Закупка завершена;;;01.06.2026;
44-ФЗ;№0826300021526000047;Открытый конкурс в электронной форме;Выполнение работ, связанных с осуществлением  регулярных перевозок пассажиров и багажа автомобильным транспортом по регулируемым тарифам;;'263312701227431270100100070014931244;;;11498431.00;RUB;0;;;;;;"МУНИЦИПАЛЬНОЕ КАЗЕННОЕ УЧРЕЖДЕНИЕ ""ГУБКИНСКИЙ ПАССАЖИРСКИЙ АВТОСЕРВИС""";"МУНИЦИПАЛЬНОЕ КАЗЕННОЕ УЧРЕЖДЕНИЕ  ""УПРАВЛЕНИЕ ПО ОБЕСПЕЧЕНИЮ ДЕЯТЕЛЬНОСТИ ОРГАНОВ МЕСТНОГО САМОУПРАВЛЕНИЯ ГУБКИНСКОГО ГОРОДСКОГО ОКРУГА""";13.05.2026;02.06.2026;Закупка завершена;;;29.05.2026;
44-ФЗ;№0163200000326002900;Электронный аукцион;1119-аэф Поставка смеси строительной из инертных материалов;;'262673102076567300100103120010812244;;;14344000.00;RUB;0;;;;;;"СМОЛЕНСКОЕ ОБЛАСТНОЕ ГОСУДАРСТВЕННОЕ БЮДЖЕТНОЕ УЧРЕЖДЕНИЕ ""УПРАВЛЕНИЕ ОБЛАСТНЫХ АВТОМОБИЛЬНЫХ ДОРОГ""";ГЛАВНОЕ УПРАВЛЕНИЕ СМОЛЕНСКОЙ ОБЛАСТИ ПО РЕГУЛИРОВАНИЮ КОНТРАКТНОЙ СИСТЕМЫ;22.05.2026;02.06.2026;Закупка завершена;;;01.06.2026;
44-ФЗ;№0173200023326000022;Электронный аукцион;Поставка программного обеспечения для оптимизации закупок лекарственных средств;;'262771087800077030100100500010000244;;;26228326.00;RUB;0;;;;;;ДЕПАРТАМЕНТ ИНФОРМАЦИОННЫХ ТЕХНОЛОГИЙ ГОРОДА МОСКВЫ;ДЕПАРТАМЕНТ ИНФОРМАЦИОННЫХ ТЕХНОЛОГИЙ ГОРОДА МОСКВЫ;21.05.2026;02.06.2026;Закупка завершена;;;29.05.2026;
44-ФЗ;№0816500000626008499;Электронный аукцион;Поставка лекарственных препаратов (булевиртид) для ОМС;;'262142400333514240100100100190000244;;;5789520.00;RUB;0;;;;;;"ГОСУДАРСТВЕННОЕ БЮДЖЕТНОЕ УЧРЕЖДЕНИЕ РЕСПУБЛИКИ САХА (ЯКУТИЯ) ""СУНТАРСКАЯ ЦЕНТРАЛЬНАЯ РАЙОННАЯ БОЛЬНИЦА""";"ГОСУДАРСТВЕННОЕ КАЗЕННОЕ УЧРЕЖДЕНИЕ РЕСПУБЛИКИ САХА (ЯКУТИЯ) ""ЦЕНТР ЗАКУПОК РЕСПУБЛИКИ САХА (ЯКУТИЯ)""";18.05.2026;02.06.2026;Закупка завершена;;;01.06.2026;
44-ФЗ;№0372100033826000514;Электронный аукцион;Поставка изделий медицинского назначения (эндопротезы коленного сустава (Отделение №7)) для нужд ФГБУ «СПб НИИФ» Минздрава России в 2026 году ;;'261781502228878420100100013510000244;;;5246000.00;RUB;0;;;;;;"ФЕДЕРАЛЬНОЕ ГОСУДАРСТВЕННОЕ БЮДЖЕТНОЕ УЧРЕЖДЕНИЕ ""САНКТ-ПЕТЕРБУРГСКИЙ НАУЧНО-ИССЛЕДОВАТЕЛЬСКИЙ ИНСТИТУТ ФТИЗИОПУЛЬМОНОЛОГИИ"" МИНИСТЕРСТВА ЗДРАВООХРАНЕНИЯ РОССИЙСКОЙ ФЕДЕРАЦИИ";"ФЕДЕРАЛЬНОЕ ГОСУДАРСТВЕННОЕ БЮДЖЕТНОЕ УЧРЕЖДЕНИЕ ""САНКТ-ПЕТЕРБУРГСКИЙ НАУЧНО-ИССЛЕДОВАТЕЛЬСКИЙ ИНСТИТУТ ФТИЗИОПУЛЬМОНОЛОГИИ"" МИНИСТЕРСТВА ЗДРАВООХРАНЕНИЯ РОССИЙСКОЙ ФЕДЕРАЦИИ";22.05.2026;02.06.2026;Закупка завершена;;;01.06.2026;
44-ФЗ;№0301300247626000353;Электронный аукцион;Выполнение работ по содержанию автомобильных дорог Октябрьского района городского округа город Уфа Республики Башкортостан;;'263027609723002760100100390014211244;;;38429471.55;RUB;0;;;;;;АДМИНИСТРАЦИЯ ОКТЯБРЬСКОГО РАЙОНА ГОРОДСКОГО ОКРУГА ГОРОД УФА РЕСПУБЛИКИ БАШКОРТОСТАН;"МУНИЦИПАЛЬНОЕ КАЗЕННОЕ УЧРЕЖДЕНИЕ ""ЦЕНТР ОРГАНИЗАЦИИ И ПРОВЕДЕНИЯ КОНКУРСНЫХ ПРОЦЕДУР"" ГОРОДСКОГО ОКРУГА ГОРОД УФА РЕСПУБЛИКИ БАШКОРТОСТАН";21.05.2026;02.06.2026;Закупка завершена;;;29.05.2026;
44-ФЗ;№0372100010626000686;Электронный аукцион;Поставка реагентов для лаборатории HLA-типирования.;;'261781304746378130100100155970000244;;;15495568.03;RUB;0;;;;;;"ФЕДЕРАЛЬНОЕ ГОСУДАРСТВЕННОЕ БЮДЖЕТНОЕ ОБРАЗОВАТЕЛЬНОЕ УЧРЕЖДЕНИЕ ВЫСШЕГО ОБРАЗОВАНИЯ ""ПЕРВЫЙ САНКТ-ПЕТЕРБУРГСКИЙ ГОСУДАРСТВЕННЫЙ МЕДИЦИНСКИЙ УНИВЕРСИТЕТ ИМЕНИ АКАДЕМИКА И.П. ПАВЛОВА"" МИНИСТЕРСТВА ЗДРАВООХРАНЕНИЯ РОССИЙСКОЙ ФЕДЕРАЦИИ";"ФЕДЕРАЛЬНОЕ ГОСУДАРСТВЕННОЕ БЮДЖЕТНОЕ ОБРАЗОВАТЕЛЬНОЕ УЧРЕЖДЕНИЕ ВЫСШЕГО ОБРАЗОВАНИЯ ""ПЕРВЫЙ САНКТ-ПЕТЕРБУРГСКИЙ ГОСУДАРСТВЕННЫЙ МЕДИЦИНСКИЙ УНИВЕРСИТЕТ ИМЕНИ АКАДЕМИКА И.П. ПАВЛОВА"" МИНИСТЕРСТВА ЗДРАВООХРАНЕНИЯ РОССИЙСКОЙ ФЕДЕРАЦИИ";21.05.2026;02.06.2026;Закупка завершена;;;29.05.2026;
44-ФЗ;№0150200003926000624;Электронный аукцион;"Выполнение работ по восстановлению существующих тротуаров на автомобильной дороге общего пользования межмуниципального значения № 49Н-1203 ""А-114 - Устюжна - Крестцы - Яжелбицы - Великие Луки - Невель"" - д. Шуркино в Окуловском муниципальном округе Новгородской области";;'262532104724053210100100520014211244;;;5228551.47;RUB;0;;;;;;"ГОСУДАРСТВЕННОЕ ОБЛАСТНОЕ КАЗЕННОЕ УЧРЕЖДЕНИЕ ""УПРАВЛЕНИЕ АВТОМОБИЛЬНЫХ ДОРОГ НОВГОРОДСКОЙ ОБЛАСТИ ""НОВГОРОДАВТОДОР""";АДМИНИСТРАЦИЯ ГУБЕРНАТОРА НОВГОРОДСКОЙ ОБЛАСТИ;20.05.2026;02.06.2026;Закупка завершена;;;01.06.2026;
44-ФЗ;№0158200001326000783;Электронный аукцион;Закупка лекарственных препаратов для обеспечения граждан Российской Федерации, проживающих на территории Ростовской области и имеющих право на получение лекарственных препаратов в соответствии с Федеральным законом от 21.11.2011 № 323-ФЗ «Об основах охраны здоровья граждан в Российской Федерации» (Десмопрессин);;'262616304981461660100101442032120323;;;7985000.00;RUB;0;;;;;;МИНИСТЕРСТВО ЗДРАВООХРАНЕНИЯ РОСТОВСКОЙ ОБЛАСТИ;МИНИСТЕРСТВО ЗДРАВООХРАНЕНИЯ РОСТОВСКОЙ ОБЛАСТИ;21.05.2026;02.06.2026;Закупка завершена;;;29.05.2026;
44-ФЗ;№0111100005926000042;Электронный аукцион;Модернизация существующей системы отображения информации с установкой и пуско-наладкой (закупка товаров, работ и услуг в сфере ИКТ);;'261166007506816600100101291292640242;;;5000000.00;RUB;0;;;;;;ГЛАВНОЕ УПРАВЛЕНИЕ МИНИСТЕРСТВА РОССИЙСКОЙ ФЕДЕРАЦИИ ПО ДЕЛАМ ГРАЖДАНСКОЙ ОБОРОНЫ, ЧРЕЗВЫЧАЙНЫМ СИТУАЦИЯМ И ЛИКВИДАЦИИ ПОСЛЕДСТВИЙ СТИХИЙНЫХ БЕДСТВИЙ ПО РЕСПУБЛИКЕ ТАТАРСТАН;ГЛАВНОЕ УПРАВЛЕНИЕ МИНИСТЕРСТВА РОССИЙСКОЙ ФЕДЕРАЦИИ ПО ДЕЛАМ ГРАЖДАНСКОЙ ОБОРОНЫ, ЧРЕЗВЫЧАЙНЫМ СИТУАЦИЯМ И ЛИКВИДАЦИИ ПОСЛЕДСТВИЙ СТИХИЙНЫХ БЕДСТВИЙ ПО РЕСПУБЛИКЕ ТАТАРСТАН;22.05.2026;02.06.2026;Закупка завершена;;;01.06.2026;
44-ФЗ;№0356500001426004443;Электронный аукцион;Техническое обслуживание и текущий ремонт автотранспортных средств;;'263594806379459480100100210010000244;;;6500000.00;RUB;0;;;;;;"МУНИЦИПАЛЬНОЕ КАЗЕННОЕ УЧРЕЖДЕНИЕ ""УПРАВЛЕНИЕ ПО ОБЕСПЕЧЕНИЮ ДЕЯТЕЛЬНОСТИ ОРГАНОВ МЕСТНОГО САМОУПРАВЛЕНИЯ И МУНИЦИПАЛЬНЫХ КАЗЕННЫХ УЧРЕЖДЕНИЙ ПЕРМСКОГО МУНИЦИПАЛЬНОГО ОКРУГА""";"ГОСУДАРСТВЕННОЕ КАЗЕННОЕ УЧРЕЖДЕНИЕ ПЕРМСКОГО КРАЯ ""ЦЕНТР ОРГАНИЗАЦИИ ЗАКУПОК""";21.05.2026;02.06.2026;Закупка завершена;;;01.06.2026;
44-ФЗ;№0356500001426004440;Электронный аукцион;Поставка нефтепродуктов с использованием топливных карт;;'263591401673259140100100290010000244;;;9000000.00;RUB;0;;;;;;"МУНИЦИПАЛЬНОЕ КАЗЕННОЕ УЧРЕЖДЕНИЕ ""ДОБРЯНСКОЕ ИМУЩЕСТВЕННОЕ КАЗНАЧЕЙСТВО""";"ГОСУДАРСТВЕННОЕ КАЗЕННОЕ УЧРЕЖДЕНИЕ ПЕРМСКОГО КРАЯ ""ЦЕНТР ОРГАНИЗАЦИИ ЗАКУПОК""";21.05.2026;02.06.2026;Закупка завершена;;;01.06.2026;
44-ФЗ;№0432200000826002713;Запрос котировок в электронной форме;Ц-6508_Закупка лекарственных средств_ОМЕПРАЗОЛ;;'262526013629952600100100122250000000;;;19012500.00;RUB;0;;;;;;"ГОСУДАРСТВЕННОЕ ПРЕДПРИЯТИЕ НИЖЕГОРОДСКОЙ ОБЛАСТИ ""НИЖЕГОРОДСКАЯ ОБЛАСТНАЯ ФАРМАЦИЯ""";"ГОСУДАРСТВЕННОЕ ПРЕДПРИЯТИЕ НИЖЕГОРОДСКОЙ ОБЛАСТИ ""НИЖЕГОРОДСКАЯ ОБЛАСТНАЯ ФАРМАЦИЯ""";20.05.2026;02.06.2026;Закупка завершена;;;29.05.2026;
44-ФЗ;№0372200047726000451;Запрос котировок в электронной форме;Поставка №814 реагентов для научно-исследовательского отдела инновационных и конверсионных программ в 2026 году;;'262782100677478430100100015070000000;;;9688483.66;RUB;0;;;;;;"САНКТ-ПЕТЕРБУРГСКОЕ ГОСУДАРСТВЕННОЕ БЮДЖЕТНОЕ УЧРЕЖДЕНИЕ ЗДРАВООХРАНЕНИЯ ""ГОРОДСКАЯ БОЛЬНИЦА № 40 КУРОРТНОГО РАЙОНА""";"САНКТ-ПЕТЕРБУРГСКОЕ ГОСУДАРСТВЕННОЕ БЮДЖЕТНОЕ УЧРЕЖДЕНИЕ ЗДРАВООХРАНЕНИЯ ""ГОРОДСКАЯ БОЛЬНИЦА № 40 КУРОРТНОГО РАЙОНА""";22.05.2026;02.06.2026;Закупка завершена;;;29.05.2026;
44-ФЗ;№0372200047726000450;Запрос котировок в электронной форме;Поставка №827 реагентов для научно-исследовательского отдела инновационных и конверсионных программ в 2026 году;;'262782100677478430100100015100000000;;;9975728.46;RUB;0;;;;;;"САНКТ-ПЕТЕРБУРГСКОЕ ГОСУДАРСТВЕННОЕ БЮДЖЕТНОЕ УЧРЕЖДЕНИЕ ЗДРАВООХРАНЕНИЯ ""ГОРОДСКАЯ БОЛЬНИЦА № 40 КУРОРТНОГО РАЙОНА""";"САНКТ-ПЕТЕРБУРГСКОЕ ГОСУДАРСТВЕННОЕ БЮДЖЕТНОЕ УЧРЕЖДЕНИЕ ЗДРАВООХРАНЕНИЯ ""ГОРОДСКАЯ БОЛЬНИЦА № 40 КУРОРТНОГО РАЙОНА""";22.05.2026;02.06.2026;Закупка завершена;;;29.05.2026;
44-ФЗ;№0368100010826000147;Электронный аукцион;Поставка запасных частей для воздушных судов;;'261730300200073250100100370113030244;;;19082126.28;RUB;0;;;;;;"ФЕДЕРАЛЬНОЕ ГОСУДАРСТВЕННОЕ БЮДЖЕТНОЕ ОБРАЗОВАТЕЛЬНОЕ УЧРЕЖДЕНИЕ ВЫСШЕГО ОБРАЗОВАНИЯ ""УЛЬЯНОВСКИЙ ИНСТИТУТ ГРАЖДАНСКОЙ АВИАЦИИ ИМЕНИ ГЛАВНОГО МАРШАЛА АВИАЦИИ Б.П. БУГАЕВА""";"ФЕДЕРАЛЬНОЕ ГОСУДАРСТВЕННОЕ БЮДЖЕТНОЕ ОБРАЗОВАТЕЛЬНОЕ УЧРЕЖДЕНИЕ ВЫСШЕГО ОБРАЗОВАНИЯ ""УЛЬЯНОВСКИЙ ИНСТИТУТ ГРАЖДАНСКОЙ АВИАЦИИ ИМЕНИ ГЛАВНОГО МАРШАЛА АВИАЦИИ Б.П. БУГАЕВА""";22.05.2026;02.06.2026;Закупка завершена;;;01.06.2026;
44-ФЗ;№0846500000626000345;Электронный аукцион;Поставка продуктов питания (рыба) на 2 полугодие 2026 г.;;262481800190048180100100300011020244, 262482100946648210100100650011020244, 262482500820948050100100420011020244, 262482100950848210100100760011020244, 262482400735448240100100540011020244, 262480800271148080100100450011020244, 262482410304048240100100560011020244, 262482101084948210100100200011020244, 262482100949848210100100370011020244;;;19347066.32;RUB;0;;;;;;;"ОБЛАСТНОЕ КАЗЕННОЕ УЧРЕЖДЕНИЕ ""УПРАВЛЕНИЕ ПО РАЗМЕЩЕНИЮ ГОСЗАКАЗА ЛИПЕЦКОЙ ОБЛАСТИ""";21.05.2026;02.06.2026;Закупка завершена;;;29.05.2026;
44-ФЗ;№0373200082126000170;Электронный аукцион;Оказание услуг по замене поврежденных стекол на объектах и станциях Московского метрополитена и Московского центрального кольца;;'262770203815077020100103740010000000;;;19500000.00;RUB;0;;;;;;"ГОСУДАРСТВЕННОЕ УНИТАРНОЕ ПРЕДПРИЯТИЕ ГОРОДА МОСКВЫ ""МОСКОВСКИЙ ОРДЕНА ЛЕНИНА И ОРДЕНА ТРУДОВОГО КРАСНОГО ЗНАМЕНИ МЕТРОПОЛИТЕН ИМЕНИ В.И.ЛЕНИНА""";"ГОСУДАРСТВЕННОЕ КАЗЕННОЕ УЧРЕЖДЕНИЕ ГОРОДА МОСКВЫ ""ДИРЕКЦИЯ ТРАНСПОРТНЫХ ЗАКУПОК""";30.04.2026;02.06.2026;Закупка завершена;;;12.05.2026;
44-ФЗ;№0432200000826002475;Запрос котировок в электронной форме;Ц-6354_Закупка медицинских изделий;;'262526013629952600100100402970000000;;;8868000.00;RUB;0;;;;;;"ГОСУДАРСТВЕННОЕ ПРЕДПРИЯТИЕ НИЖЕГОРОДСКОЙ ОБЛАСТИ ""НИЖЕГОРОДСКАЯ ОБЛАСТНАЯ ФАРМАЦИЯ""";"ГОСУДАРСТВЕННОЕ ПРЕДПРИЯТИЕ НИЖЕГОРОДСКОЙ ОБЛАСТИ ""НИЖЕГОРОДСКАЯ ОБЛАСТНАЯ ФАРМАЦИЯ""";15.05.2026;02.06.2026;Закупка завершена;;;29.05.2026;
44-ФЗ;№0373200602226000025;Электронный аукцион;Оказание услуг по предоставлению доступа к программному комплексу по оценке участников с анализом ее результатов (телемониторинг участников);;'262770991289977090100100570010000244;;;9800000.00;RUB;0;;;;;;"ГОСУДАРСТВЕННОЕ БЮДЖЕТНОЕ УЧРЕЖДЕНИЕ ГОРОДА МОСКВЫ ""МОСКОВСКОЕ ДОЛГОЛЕТИЕ""";"ГОСУДАРСТВЕННОЕ БЮДЖЕТНОЕ УЧРЕЖДЕНИЕ ГОРОДА МОСКВЫ ""МОСКОВСКОЕ ДОЛГОЛЕТИЕ""";22.05.2026;02.06.2026;Закупка завершена;;;01.06.2026;
44-ФЗ;№0373100068726000194;Электронный аукцион;Закупка товаров (Закупка изделий медицинского назначения);;'261774308567077430100100011420000244;;;9604000.00;RUB;0;;;;;;"ФЕДЕРАЛЬНОЕ ГОСУДАРСТВЕННОЕ БЮДЖЕТНОЕ УЧРЕЖДЕНИЕ ""ФЕДЕРАЛЬНОЕ БЮРО МЕДИКО-СОЦИАЛЬНОЙ ЭКСПЕРТИЗЫ"" МИНИСТЕРСТВА ТРУДА И СОЦИАЛЬНОЙ ЗАЩИТЫ РОССИЙСКОЙ ФЕДЕРАЦИИ";"ФЕДЕРАЛЬНОЕ ГОСУДАРСТВЕННОЕ БЮДЖЕТНОЕ УЧРЕЖДЕНИЕ ""ФЕДЕРАЛЬНОЕ БЮРО МЕДИКО-СОЦИАЛЬНОЙ ЭКСПЕРТИЗЫ"" МИНИСТЕРСТВА ТРУДА И СОЦИАЛЬНОЙ ЗАЩИТЫ РОССИЙСКОЙ ФЕДЕРАЦИИ";27.04.2026;02.06.2026;Закупка завершена;;;26.05.2026;
44-ФЗ;№0432200000826002714;Электронный аукцион;Ц-6527_Закупка лекарственных средств_ТРАСТУЗУМАБ ЭМТАНЗИН;;'262526013629952600100100135270000000;;;93711200.00;RUB;0;;;;;;"ГОСУДАРСТВЕННОЕ ПРЕДПРИЯТИЕ НИЖЕГОРОДСКОЙ ОБЛАСТИ ""НИЖЕГОРОДСКАЯ ОБЛАСТНАЯ ФАРМАЦИЯ""";"ГОСУДАРСТВЕННОЕ ПРЕДПРИЯТИЕ НИЖЕГОРОДСКОЙ ОБЛАСТИ ""НИЖЕГОРОДСКАЯ ОБЛАСТНАЯ ФАРМАЦИЯ""";20.05.2026;02.06.2026;Закупка завершена;;;29.05.2026;
44-ФЗ;№0121600018326000036;Электронный аукцион;Выполнение работ по ремонту участка автомобильной дороги общего пользования местного значения по ул.Партизанская в с.Суркуль Андроповского муниципального округа Ставропольского края ;;'263260300155126030100100840014211244;;;37974832.63;RUB;0;;;;;;АДМИНИСТРАЦИЯ АНДРОПОВСКОГО МУНИЦИПАЛЬНОГО ОКРУГА СТАВРОПОЛЬСКОГО КРАЯ;АДМИНИСТРАЦИЯ АНДРОПОВСКОГО МУНИЦИПАЛЬНОГО ОКРУГА СТАВРОПОЛЬСКОГО КРАЯ;19.05.2026;02.06.2026;Закупка завершена;;;01.06.2026;
44-ФЗ;№0368100010826000143;Электронный аукцион;Поставка запасных частей для воздушных судов;;'261730300200073250100100370063030244;;;19046709.92;RUB;0;;;;;;"ФЕДЕРАЛЬНОЕ ГОСУДАРСТВЕННОЕ БЮДЖЕТНОЕ ОБРАЗОВАТЕЛЬНОЕ УЧРЕЖДЕНИЕ ВЫСШЕГО ОБРАЗОВАНИЯ ""УЛЬЯНОВСКИЙ ИНСТИТУТ ГРАЖДАНСКОЙ АВИАЦИИ ИМЕНИ ГЛАВНОГО МАРШАЛА АВИАЦИИ Б.П. БУГАЕВА""";"ФЕДЕРАЛЬНОЕ ГОСУДАРСТВЕННОЕ БЮДЖЕТНОЕ ОБРАЗОВАТЕЛЬНОЕ УЧРЕЖДЕНИЕ ВЫСШЕГО ОБРАЗОВАНИЯ ""УЛЬЯНОВСКИЙ ИНСТИТУТ ГРАЖДАНСКОЙ АВИАЦИИ ИМЕНИ ГЛАВНОГО МАРШАЛА АВИАЦИИ Б.П. БУГАЕВА""";21.05.2026;02.06.2026;Закупка завершена;;;29.05.2026;
44-ФЗ;№0848300059126000096;Электронный аукцион;Поставка асфальтовой крошки;;'263507502771450750100100590012399244;;;10000000.00;RUB;0;;;;;;"МУНИЦИПАЛЬНОЕ БЮДЖЕТНОЕ УЧРЕЖДЕНИЕ РУЗСКОГО МУНИЦИПАЛЬНОГО ОКРУГА ""БЛАГОУСТРОЙСТВО""";"МУНИЦИПАЛЬНОЕ КАЗЕННОЕ УЧРЕЖДЕНИЕ ""ЦЕНТР ЗАКУПОК РУЗСКОГО МУНИЦИПАЛЬНОГО ОКРУГА""";22.05.2026;02.06.2026;Закупка завершена;;;01.06.2026;
44-ФЗ;№0124300021026000483;Электронный аукцион;Приобретение жилого помещения (квартиры) путем участия в долевом строительстве многоквартирного жилого дома в городе Архангельске для предоставления гражданам, переселяемым из аварийного жилищного фонда ;;'263290126558129010100100023056810412;;;6718336.80;RUB;0;;;;;;"ДЕПАРТАМЕНТ ГОРОДСКОГО ХОЗЯЙСТВА АДМИНИСТРАЦИИ ГОРОДСКОГО ОКРУГА ""ГОРОД АРХАНГЕЛЬСК""";"АДМИНИСТРАЦИЯ ГОРОДСКОГО ОКРУГА ""ГОРОД АРХАНГЕЛЬСК""";20.05.2026;02.06.2026;Закупка завершена;;;29.05.2026;
44-ФЗ;№0131300045326000054;Открытый конкурс в электронной форме на проведение работ по строительству, реконструкции, кап. ремонту, сносу объекта кап. строительства в соответствии с п. 8 ч. 1 ст. 33 Закона № 44-ФЗ;Выполнение работ по капитальному ремонту автомобильных дорог местного значения на территории Нижнеикорецкого сельского поселения Лискинского муниципального района Воронежской области;;'263361400140336140100100120014211243;;;5060198.37;RUB;0;;;;;;АДМИНИСТРАЦИЯ НИЖНЕИКОРЕЦКОГО СЕЛЬСКОГО ПОСЕЛЕНИЯ ЛИСКИНСКОГО МУНИЦИПАЛЬНОГО РАЙОНА ВОРОНЕЖСКОЙ ОБЛАСТИ;АДМИНИСТРАЦИЯ ЛИСКИНСКОГО МУНИЦИПАЛЬНОГО РАЙОНА ВОРОНЕЖСКОЙ ОБЛАСТИ;14.05.2026;02.06.2026;Закупка завершена;;;01.06.2026;
223-ФЗ;№32616038350;Аукцион в электронной форме, участниками которого могут быть только субъекты малого и среднего предпринимательства;Поставка наволочек;;;1;Поставка наволочек;21532770.35;RUB;21532770.35;;;;13.92.29.190: Изделия текстильные готовые прочие, не включенные в другие группировки;;"ОБЩЕСТВО С ОГРАНИЧЕННОЙ ОТВЕТСТВЕННОСТЬЮ ""РТК""";"ОБЩЕСТВО С ОГРАНИЧЕННОЙ ОТВЕТСТВЕННОСТЬЮ ""РТК""";22.05.2026;02.06.2026;Закупка завершена;;;01.06.2026 10:00;
44-ФЗ;№0141300023526000029;Электронный аукцион;Выполнение работ, связанных с осуществлением регулярных перевозок пассажиров и багажа автомобильным транспортом общего пользования по регулируемым тарифам;;'263443100178244310100100280014931244;;;5944349.71;RUB;0;;;;;;АДМИНИСТРАЦИЯ ГОРОДСКОГО ОКРУГА ГОРОД ВОЛГОРЕЧЕНСК КОСТРОМСКОЙ ОБЛАСТИ;АДМИНИСТРАЦИЯ ГОРОДСКОГО ОКРУГА ГОРОД ВОЛГОРЕЧЕНСК КОСТРОМСКОЙ ОБЛАСТИ;22.05.2026;02.06.2026;Закупка завершена;;;01.06.2026;
44-ФЗ;№0373200012326000070;Электронный аукцион;Выполнение работ по благоустройству дворовой территории по адресу: г. Москва, Зеленоградский АО, район Матушкино, корп. 164 и корп. 165 в 2026 году;;'262773559885577350100100910010000244;;;24052810.71;RUB;0;;;;;;"ГОСУДАРСТВЕННОЕ БЮДЖЕТНОЕ УЧРЕЖДЕНИЕ ГОРОДА МОСКВЫ ""ЖИЛИЩНИК ЗЕЛЕНОГРАДСКОГО АДМИНИСТРАТИВНОГО ОКРУГА""";"ГОСУДАРСТВЕННОЕ КАЗЕННОЕ УЧРЕЖДЕНИЕ ГОРОДА МОСКВЫ ""ДИРЕКЦИЯ ЗАКАЗЧИКА ЖИЛИЩНО-КОММУНАЛЬНОГО ХОЗЯЙСТВА И БЛАГОУСТРОЙСТВА ЗЕЛЕНОГРАДСКОГО АДМИНИСТРАТИВНОГО ОКРУГА""";21.05.2026;02.06.2026;Закупка завершена;;;29.05.2026;
44-ФЗ;№0816500000626008724;Электронный аукцион;Приобретение 2 (двух) жилых помещений (благоустроенных квартир) у лица, являющегося застройщиком, в строящемся жилом доме в с. Борогонцы, Усть-Алданского района, Республики Саха (Якутия), в рамках реализации республиканской адресной программы «Переселение граждан из аварийного жилищного фонда на 2025-2028 года».;;'262143533916814350100100900014120412;;;18244170.00;RUB;0;;;;;;"ГОСУДАРСТВЕННОЕ КАЗЕННОЕ УЧРЕЖДЕНИЕ РЕСПУБЛИКИ САХА (ЯКУТИЯ) ""ДИРЕКЦИЯ ЖИЛИЩНОГО СТРОИТЕЛЬСТВА РЕСПУБЛИКИ САХА (ЯКУТИЯ)""";"ГОСУДАРСТВЕННОЕ КАЗЕННОЕ УЧРЕЖДЕНИЕ РЕСПУБЛИКИ САХА (ЯКУТИЯ) ""ЦЕНТР ЗАКУПОК РЕСПУБЛИКИ САХА (ЯКУТИЯ)""";20.05.2026;02.06.2026;Закупка завершена;;;29.05.2026;
44-ФЗ;№0816500000626008722;Электронный аукцион;Приобретение 2 (двух) жилых помещений (благоустроенных квартир) у лица, являющегося застройщиком, в строящемся жилом доме в с. Борогонцы, Усть-Алданского района, Республики Саха (Якутия), в рамках реализации республиканской адресной программы «Переселение граждан из аварийного жилищного фонда на 2025-2028 года».;;'262143533916814350100100870014120412;;;12717344.85;RUB;0;;;;;;"ГОСУДАРСТВЕННОЕ КАЗЕННОЕ УЧРЕЖДЕНИЕ РЕСПУБЛИКИ САХА (ЯКУТИЯ) ""ДИРЕКЦИЯ ЖИЛИЩНОГО СТРОИТЕЛЬСТВА РЕСПУБЛИКИ САХА (ЯКУТИЯ)""";"ГОСУДАРСТВЕННОЕ КАЗЕННОЕ УЧРЕЖДЕНИЕ РЕСПУБЛИКИ САХА (ЯКУТИЯ) ""ЦЕНТР ЗАКУПОК РЕСПУБЛИКИ САХА (ЯКУТИЯ)""";20.05.2026;02.06.2026;Закупка завершена;;;29.05.2026;
44-ФЗ;№0816500000626008720;Электронный аукцион;Приобретение 2 (двух) жилых помещений (благоустроенных квартир) у лица, являющегося застройщиком, в строящемся жилом доме в с. Борогонцы, Усть-Алданского района, Республики Саха (Якутия), в рамках реализации республиканской адресной программы «Переселение граждан из аварийного жилищного фонда на 2025-2028 года».;;'262143533916814350100100890014120412;;;13379058.00;RUB;0;;;;;;"ГОСУДАРСТВЕННОЕ КАЗЕННОЕ УЧРЕЖДЕНИЕ РЕСПУБЛИКИ САХА (ЯКУТИЯ) ""ДИРЕКЦИЯ ЖИЛИЩНОГО СТРОИТЕЛЬСТВА РЕСПУБЛИКИ САХА (ЯКУТИЯ)""";"ГОСУДАРСТВЕННОЕ КАЗЕННОЕ УЧРЕЖДЕНИЕ РЕСПУБЛИКИ САХА (ЯКУТИЯ) ""ЦЕНТР ЗАКУПОК РЕСПУБЛИКИ САХА (ЯКУТИЯ)""";20.05.2026;02.06.2026;Закупка завершена;;;29.05.2026;
44-ФЗ;№0816500000626008826;Электронный аукцион;Приобретение 2 (двух) жилых помещений (благоустроенных квартир) путем участия в долевом строительстве многоквартирного дома в г. Алдан, Алданского района, Республики Саха (Якутия), в рамках реализации республиканской адресной программы «Переселение граждан из аварийного жилищного фонда на 2025-2028 года».;;'262143533916814350100100280014120412;;;13044368.40;RUB;0;;;;;;"ГОСУДАРСТВЕННОЕ КАЗЕННОЕ УЧРЕЖДЕНИЕ РЕСПУБЛИКИ САХА (ЯКУТИЯ) ""ДИРЕКЦИЯ ЖИЛИЩНОГО СТРОИТЕЛЬСТВА РЕСПУБЛИКИ САХА (ЯКУТИЯ)""";"ГОСУДАРСТВЕННОЕ КАЗЕННОЕ УЧРЕЖДЕНИЕ РЕСПУБЛИКИ САХА (ЯКУТИЯ) ""ЦЕНТР ЗАКУПОК РЕСПУБЛИКИ САХА (ЯКУТИЯ)""";21.05.2026;02.06.2026;Закупка завершена;;;29.05.2026;
44-ФЗ;№0816500000626008825;Электронный аукцион;Приобретение 2 (двух) жилых помещений (благоустроенных квартир) путем участия в долевом строительстве многоквартирного дома в г. Алдан, Алданского района, Республики Саха (Якутия), в рамках реализации республиканской адресной программы «Переселение граждан из аварийного жилищного фонда на 2025-2028 года».;;'262143533916814350100100290014120412;;;16453510.08;RUB;0;;;;;;"ГОСУДАРСТВЕННОЕ КАЗЕННОЕ УЧРЕЖДЕНИЕ РЕСПУБЛИКИ САХА (ЯКУТИЯ) ""ДИРЕКЦИЯ ЖИЛИЩНОГО СТРОИТЕЛЬСТВА РЕСПУБЛИКИ САХА (ЯКУТИЯ)""";"ГОСУДАРСТВЕННОЕ КАЗЕННОЕ УЧРЕЖДЕНИЕ РЕСПУБЛИКИ САХА (ЯКУТИЯ) ""ЦЕНТР ЗАКУПОК РЕСПУБЛИКИ САХА (ЯКУТИЯ)""";21.05.2026;02.06.2026;Закупка завершена;;;29.05.2026;
44-ФЗ;№0816500000626008821;Электронный аукцион;Приобретение 1 (одного) жилого помещения (благоустроенной квартиры) у застройщика в жилом доме, введенном в эксплуатацию, в с. Намцы, Намского района, Республики Саха (Якутия), в рамках реализации республиканской адресной программы «Переселение граждан из аварийного жилищного фонда на 2025-2028 года».;;'262143533916814350100100210024120412;;;8729892.36;RUB;0;;;;;;"ГОСУДАРСТВЕННОЕ КАЗЕННОЕ УЧРЕЖДЕНИЕ РЕСПУБЛИКИ САХА (ЯКУТИЯ) ""ДИРЕКЦИЯ ЖИЛИЩНОГО СТРОИТЕЛЬСТВА РЕСПУБЛИКИ САХА (ЯКУТИЯ)""";"ГОСУДАРСТВЕННОЕ КАЗЕННОЕ УЧРЕЖДЕНИЕ РЕСПУБЛИКИ САХА (ЯКУТИЯ) ""ЦЕНТР ЗАКУПОК РЕСПУБЛИКИ САХА (ЯКУТИЯ)""";21.05.2026;02.06.2026;Закупка завершена;;;29.05.2026;
44-ФЗ;№0360400001826000010;Электронный аукцион;Текущий ремонт  корпуса № 2 ППК СГТУ имени Гагарина Ю.А , ул Сакко и Ванцетти, д.15;;'261645400411064544500500160014339244;;;22296193.92;RUB;0;;;;;;"Профессионально-педагогический колледж федерального государственного бюджетного образовательного учреждения высшего  образования ""Саратовский государственный технический университет имени Гагарина Ю.А.""";"Профессионально-педагогический колледж федерального государственного бюджетного образовательного учреждения высшего  образования ""Саратовский государственный технический университет имени Гагарина Ю.А.""";20.05.2026;02.06.2026;Закупка завершена;;;01.06.2026;
44-ФЗ;№0122200002526001819;Электронный аукцион;Поставка продуктов питания (молоко, кефир);;'262272400261627240100105240011051244;;;5278775.00;RUB;0;;;;;;"КРАЕВОЕ ГОСУДАРСТВЕННОЕ БЮДЖЕТНОЕ УЧРЕЖДЕНИЕ ЗДРАВООХРАНЕНИЯ ""КРАЕВАЯ КЛИНИЧЕСКАЯ БОЛЬНИЦА"" ИМЕНИ ПРОФЕССОРА С.И. СЕРГЕЕВА МИНИСТЕРСТВА ЗДРАВООХРАНЕНИЯ ХАБАРОВСКОГО КРАЯ";КОМИТЕТ ГОСУДАРСТВЕННОГО ЗАКАЗА ПРАВИТЕЛЬСТВА ХАБАРОВСКОГО КРАЯ;20.05.2026;02.06.2026;Закупка завершена;;;29.05.2026;
44-ФЗ;№0167300004126000039;Электронный аукцион;Ремонт автомобильных дорог на территории Юргинского муниципального округа;;'263722726184272200100100220014211244;;;11410416.06;RUB;0;;;;;;"МУНИЦИПАЛЬНОЕ КАЗЕННОЕ УЧРЕЖДЕНИЕ ""ФОНД ИМУЩЕСТВА""";АДМИНИСТРАЦИЯ ЮРГИНСКОГО МУНИЦИПАЛЬНОГО ОКРУГА;21.05.2026;02.06.2026;Закупка завершена;;;29.05.2026;
44-ФЗ;№0190300003726000264;Электронный аукцион;Выполнение работ по высадке цветочной (однолетней) рассады и содержание клумб на территории городского округа города Ноябрьска Ямало-Ненецкого автономного округа;;'263890506728589050100100730018130244;;;11863670.28;RUB;0;;;;;;"МУНИЦИПАЛЬНОЕ БЮДЖЕТНОЕ УЧРЕЖДЕНИЕ ""УПРАВЛЕНИЕ ГОРОДСКОГО ХОЗЯЙСТВА"" ГОРОДА НОЯБРЬСКА";АДМИНИСТРАЦИЯ ГОРОДА НОЯБРЬСКА;21.05.2026;02.06.2026;Закупка завершена;;;29.05.2026;
44-ФЗ;№0113100005426000012;Электронный аукцион;Поставка сервера для нужд УФНС России по Удмуртской Республике;;'261183110118318310100100380012620242;;;7981940.00;RUB;0;;;;;;УПРАВЛЕНИЕ ФЕДЕРАЛЬНОЙ НАЛОГОВОЙ СЛУЖБЫ ПО УДМУРТСКОЙ РЕСПУБЛИКЕ;УПРАВЛЕНИЕ ФЕДЕРАЛЬНОЙ НАЛОГОВОЙ СЛУЖБЫ ПО УДМУРТСКОЙ РЕСПУБЛИКЕ;21.05.2026;02.06.2026;Закупка завершена;;;01.06.2026;
44-ФЗ;№0135300002626000146;Электронный аукцион;Выполнение работ по замене теплообменного оборудования на котельной,  расположенной по адресу: г. Гурьевск, ул. Садовая, 19а;;'263391700080039170100100260014322244;;;5364306.32;RUB;0;;;;;;АДМИНИСТРАЦИЯ ГУРЬЕВСКОГО МУНИЦИПАЛЬНОГО ОКРУГА;АДМИНИСТРАЦИЯ ГУРЬЕВСКОГО МУНИЦИПАЛЬНОГО ОКРУГА;21.05.2026;02.06.2026;Закупка завершена;;;29.05.2026;
44-ФЗ;№0832200006626000386;Электронный аукцион;Оказание услуг по организации горячего лечебного питания пациентов круглосуточного стационара;;'262526208027452620100100070015629244;;;11440400.00;RUB;0;;;;;;"ГОСУДАРСТВЕННОЕ БЮДЖЕТНОЕ УЧРЕЖДЕНИЕ ЗДРАВООХРАНЕНИЯ НИЖЕГОРОДСКОЙ ОБЛАСТИ ""ИНФЕКЦИОННАЯ КЛИНИЧЕСКАЯ БОЛЬНИЦА №2 Г.НИЖНЕГО НОВГОРОДА""";"ГОСУДАРСТВЕННОЕ КАЗЕННОЕ УЧРЕЖДЕНИЕ НИЖЕГОРОДСКОЙ ОБЛАСТИ ""ЦЕНТР РАЗМЕЩЕНИЯ ЗАКАЗА НИЖЕГОРОДСКОЙ ОБЛАСТИ""";22.05.2026;02.06.2026;Закупка завершена;;;01.06.2026;
223-ФЗ;№32615989504;Конкурс в электронной форме, участниками которого могут быть только субъекты малого и среднего предпринимательства;Поставка устройств защиты для нужд филиалов ПАО «Россети-Волга»;;;1;Поставка устройств защиты для нужд филиалов ПАО «Россети-Волга»;5855332.05;RUB;5855332.05;;;;26.51.66.190: Инструменты, приборы и машины для измерения или контроля прочие, не включенные в другие группировки;;"ПУБЛИЧНОЕ АКЦИОНЕРНОЕ ОБЩЕСТВО ""РОССЕТИ ВОЛГА""";"ПУБЛИЧНОЕ АКЦИОНЕРНОЕ ОБЩЕСТВО ""РОССЕТИ ВОЛГА""";07.05.2026;02.06.2026;Закупка завершена;;;20.05.2026 10:00;
44-ФЗ;№0157600001826000029;Электронный аукцион;Выполнение работ по капитальному ремонту участка № 3 теплотрассы по улице Мира дома №№ 10-14, 16-27, 30-48 в р.п. Струги Красные.;;'263600000656460000100100250034221243;;;6365600.00;RUB;0;;;;;;АДМИНИСТРАЦИЯ СТРУГО-КРАСНЕНСКОГО МУНИЦИПАЛЬНОГО ОКРУГА;АДМИНИСТРАЦИЯ СТРУГО-КРАСНЕНСКОГО МУНИЦИПАЛЬНОГО ОКРУГА;20.05.2026;02.06.2026;Закупка завершена;;;29.05.2026;
44-ФЗ;№0172200005426000031;Открытый конкурс в электронной форме;Выполнение работ по текущему ремонту помещений;;'262781902039478190100100190014339244;;;10711695.13;RUB;0;;;;;;ГОСУДАРСТВЕННОЕ БЮДЖЕТНОЕ ДОШКОЛЬНОЕ ОБРАЗОВАТЕЛЬНОЕ УЧРЕЖДЕНИЕ ДЕТСКИЙ САД № 16 ОБЩЕРАЗВИВАЮЩЕГО ВИДА С ПРИОРИТЕТНЫМ ОСУЩЕСТВЛЕНИЕМ ДЕЯТЕЛЬНОСТИ ПО ФИЗИЧЕСКОМУ РАЗВИТИЮ ДЕТЕЙ ПЕТРОДВОРЦОВОГО РАЙОНА САНКТ-ПЕТЕРБУРГА;АДМИНИСТРАЦИЯ ПЕТРОДВОРЦОВОГО РАЙОНА САНКТ-ПЕТЕРБУРГА;16.03.2026;02.06.2026;Закупка завершена;;;06.04.2026;
44-ФЗ;№0173100012026000009;Электронный аукцион;Оказание услуг по охране здания, имущества и территории ФАС России по адресу: г. Москва, ул. Садовая-Кудринская, д. 11, стр. 1;;'261770351653977030100100100038010244;;;6674735.22;RUB;0;;;;;;ФЕДЕРАЛЬНАЯ АНТИМОНОПОЛЬНАЯ СЛУЖБА;ФЕДЕРАЛЬНАЯ АНТИМОНОПОЛЬНАЯ СЛУЖБА;22.05.2026;02.06.2026;Закупка завершена;;;01.06.2026;
44-ФЗ;№0848300057126000061;Открытый конкурс в электронной форме;Выполнение работ по замене и модернизации детских игровых площадок на территории городского округа Долгопрудный;;'263500800179950080100100590014299244;;;25447897.35;RUB;0;;;;;;АДМИНИСТРАЦИЯ ГОРОДСКОГО ОКРУГА ДОЛГОПРУДНЫЙ;"МУНИЦИПАЛЬНОЕ КАЗЕННОЕ УЧРЕЖДЕНИЕ ""ЦЕНТР ЗАКУПОК-ДОЛГОПРУДНЫЙ""";12.05.2026;02.06.2026;Закупка завершена;;;28.05.2026;
44-ФЗ;№0375100002026000022;Электронный аукцион;Поставка учебного оборудования для нужд Судомеханического техникума ФГБОУ ВО «КГМТУ»;;'261911101309791110100100150033299244;;;5574376.66;RUB;0;;;;;;"ФЕДЕРАЛЬНОЕ ГОСУДАРСТВЕННОЕ БЮДЖЕТНОЕ ОБРАЗОВАТЕЛЬНОЕ УЧРЕЖДЕНИЕ ВЫСШЕГО ОБРАЗОВАНИЯ ""КЕРЧЕНСКИЙ ГОСУДАРСТВЕННЫЙ МОРСКОЙ ТЕХНОЛОГИЧЕСКИЙ УНИВЕРСИТЕТ""";"ФЕДЕРАЛЬНОЕ ГОСУДАРСТВЕННОЕ БЮДЖЕТНОЕ ОБРАЗОВАТЕЛЬНОЕ УЧРЕЖДЕНИЕ ВЫСШЕГО ОБРАЗОВАНИЯ ""КЕРЧЕНСКИЙ ГОСУДАРСТВЕННЫЙ МОРСКОЙ ТЕХНОЛОГИЧЕСКИЙ УНИВЕРСИТЕТ""";18.05.2026;02.06.2026;Закупка завершена;;;29.05.2026;
44-ФЗ;№0173200002626000125;Электронный аукцион;Поставка аккумуляторных батарей и элементов аккумуляторных батарей для вертолёта ВК117 С-2;;'262770640016277060100100390010000244;;;11148343.00;RUB;0;;;;;;"ГОСУДАРСТВЕННОЕ КАЗЕННОЕ УЧРЕЖДЕНИЕ ГОРОДА МОСКВЫ ""МОСКОВСКИЙ АВИАЦИОННЫЙ ЦЕНТР""";ДЕПАРТАМЕНТ ПО ДЕЛАМ ГРАЖДАНСКОЙ ОБОРОНЫ, ЧРЕЗВЫЧАЙНЫМ СИТУАЦИЯМ И ПОЖАРНОЙ БЕЗОПАСНОСТИ ГОРОДА МОСКВЫ;22.05.2026;02.06.2026;Закупка завершена;;;01.06.2026;
44-ФЗ;№0346200008926000083;Электронный аукцион;Работы по монтажу автоматической пожарной сигнализации, системы оповещения и управления эвакуацией;;'262482500604048260100100970014321244;;;12501906.71;RUB;0;;;;;;"ГОСУДАРСТВЕННОЕ УЧРЕЖДЕНИЕ ЗДРАВООХРАНЕНИЯ ""ОБЛАСТНАЯ СТОМАТОЛОГИЧЕСКАЯ ПОЛИКЛИНИКА-СТОМАТОЛОГИЧЕСКИЙ ЦЕНТР""";"ГОСУДАРСТВЕННОЕ УЧРЕЖДЕНИЕ ЗДРАВООХРАНЕНИЯ ""ОБЛАСТНАЯ СТОМАТОЛОГИЧЕСКАЯ ПОЛИКЛИНИКА-СТОМАТОЛОГИЧЕСКИЙ ЦЕНТР""";19.05.2026;02.06.2026;Закупка завершена;;;29.05.2026;
44-ФЗ;№0845300015026000345;Открытый конкурс в электронной форме;Выполнение ремонтных работ дорожного покрытия по адресу: Центральная улица, поселок Подгорное;;'263470406377347040100100150014211244;;;7835027.21;RUB;0;;;;;;АДМИНИСТРАЦИЯ ПЕРВОМАЙСКОГО СЕЛЬСКОГО ПОСЕЛЕНИЯ ВЫБОРГСКОГО МУНИЦИПАЛЬНОГО РАЙОНА ЛЕНИНГРАДСКОЙ ОБЛАСТИ;"МУНИЦИПАЛЬНОЕ КАЗЕННОЕ УЧРЕЖДЕНИЕ ВЫБОРГСКОГО МУНИЦИПАЛЬНОГО РАЙОНА ЛЕНИНГРАДСКОЙ ОБЛАСТИ ""ЕДИНОЕ УПРАВЛЕНИЕ МУНИЦИПАЛЬНЫМИ ЗАКАЗАМИ""";12.05.2026;02.06.2026;Закупка завершена;;;28.05.2026;
44-ФЗ;№0342100012126000009;Электронный аукцион;"Текущий ремонт информационного центра ""Дом Лисы""";;'261634500391063450100100230014339244;;;5463427.70;RUB;0;;;;;;"ФЕДЕРАЛЬНОЕ ГОСУДАРСТВЕННОЕ БЮДЖЕТНОЕ УЧРЕЖДЕНИЕ ""НАЦИОНАЛЬНЫЙ ПАРК"" САМАРСКАЯ ЛУКА""";"ФЕДЕРАЛЬНОЕ ГОСУДАРСТВЕННОЕ БЮДЖЕТНОЕ УЧРЕЖДЕНИЕ ""НАЦИОНАЛЬНЫЙ ПАРК"" САМАРСКАЯ ЛУКА""";21.05.2026;02.06.2026;Закупка завершена;;;29.05.2026;
44-ФЗ;№0816500000626007683;Открытый конкурс в электронной форме;Поставка и монтаж (сборка) модульного спортивного сооружения с устройством внутренних инженерных сетей в с. Сюля Нюрбинского района Республики Саха (Якутия);;'263141900156514190100100090014120244;;;80309574.96;RUB;0;;;;;;"МУНИЦИПАЛЬНОЕ КАЗЕННОЕ УЧРЕЖДЕНИЕ ""ИНВЕСТИЦИОННО-СТРОИТЕЛЬНОЕ УПРАВЛЕНИЕ"" НЮРБИНСКОГО РАЙОНА РЕСПУБЛИКИ САХА (ЯКУТИЯ)";"ГОСУДАРСТВЕННОЕ КАЗЕННОЕ УЧРЕЖДЕНИЕ РЕСПУБЛИКИ САХА (ЯКУТИЯ) ""ЦЕНТР ЗАКУПОК РЕСПУБЛИКИ САХА (ЯКУТИЯ)""";05.05.2026;02.06.2026;Закупка завершена;;;22.05.2026;
44-ФЗ;№0328300032826000345;Электронный аукцион;Выполнение работ по благоустройству дворовых территорий многоквартирных домов в городе Владимире (в рамках текущих расходов);;'263330201198133280100101050014299244;;;10520225.33;RUB;0;;;;;;УПРАВЛЕНИЕ ЖИЛИЩНО-КОММУНАЛЬНОГО ХОЗЯЙСТВА АДМИНИСТРАЦИИ ГОРОДА ВЛАДИМИРА;УПРАВЛЕНИЕ МУНИЦИПАЛЬНОГО ЗАКАЗА АДМИНИСТРАЦИИ ГОРОДА ВЛАДИМИРА;19.05.2026;02.06.2026;Закупка завершена;;;29.05.2026;
44-ФЗ;№0328300032826000333;Электронный аукцион;Приобретение в муниципальную собственность жилых помещений для граждан, нуждающихся в улучшении жилищных условий;;'263332801147133280100100270016810412;;;9382516.00;RUB;0;;;;;;УПРАВЛЕНИЕ АРХИТЕКТУРЫ И СТРОИТЕЛЬСТВА АДМИНИСТРАЦИИ ГОРОДА ВЛАДИМИРА;УПРАВЛЕНИЕ МУНИЦИПАЛЬНОГО ЗАКАЗА АДМИНИСТРАЦИИ ГОРОДА ВЛАДИМИРА;13.05.2026;02.06.2026;Закупка завершена;;;29.05.2026;
44-ФЗ;№0375200049026000238;Запрос котировок в электронной форме;Радиоизотопная продукция медицинского назначения (лот 2);;'262910207039591020100103130012660244;;;5005400.00;RUB;0;;;;;;"ГОСУДАРСТВЕННОЕ БЮДЖЕТНОЕ УЧРЕЖДЕНИЕ ЗДРАВООХРАНЕНИЯ РЕСПУБЛИКИ КРЫМ ""КРЫМСКИЙ РЕСПУБЛИКАНСКИЙ ОНКОЛОГИЧЕСКИЙ КЛИНИЧЕСКИЙ ДИСПАНСЕР ИМЕНИ В.М. ЕФЕТОВА""";"ГОСУДАРСТВЕННОЕ БЮДЖЕТНОЕ УЧРЕЖДЕНИЕ ЗДРАВООХРАНЕНИЯ РЕСПУБЛИКИ КРЫМ ""КРЫМСКИЙ РЕСПУБЛИКАНСКИЙ ОНКОЛОГИЧЕСКИЙ КЛИНИЧЕСКИЙ ДИСПАНСЕР ИМЕНИ В.М. ЕФЕТОВА""";22.05.2026;02.06.2026;Закупка завершена;;;29.05.2026;
44-ФЗ;№0845300015026000333;Открытый конкурс в электронной форме;Оборудование детской и спортивных площадок по адресу: г. Выборг, ул. 5-я Полевая;;'263470406371047040100100070044299244;;;15398226.41;RUB;0;;;;;;АДМИНИСТРАЦИЯ ВЫБОРГСКОГО МУНИЦИПАЛЬНОГО РАЙОНА ЛЕНИНГРАДСКОЙ ОБЛАСТИ;"МУНИЦИПАЛЬНОЕ КАЗЕННОЕ УЧРЕЖДЕНИЕ ВЫБОРГСКОГО МУНИЦИПАЛЬНОГО РАЙОНА ЛЕНИНГРАДСКОЙ ОБЛАСТИ ""ЕДИНОЕ УПРАВЛЕНИЕ МУНИЦИПАЛЬНЫМИ ЗАКАЗАМИ""";07.05.2026;02.06.2026;Закупка завершена;;;25.05.2026;
44-ФЗ;№0372100001026000238;Электронный аукцион;Поставка медицинских изделий (блок загрузочный для хирургических скоб) на 2026-2027 годы;;'261780206765178020100100081040000244;;;12215600.00;RUB;0;;;;;;ФЕДЕРАЛЬНОЕ ГОСУДАРСТВЕННОЕ БЮДЖЕТНОЕ УЧРЕЖДЕНИЕ ЗДРАВООХРАНЕНИЯ САНКТ-ПЕТЕРБУРГСКАЯ КЛИНИЧЕСКАЯ БОЛЬНИЦА РОССИЙСКОЙ АКАДЕМИИ НАУК;ФЕДЕРАЛЬНОЕ ГОСУДАРСТВЕННОЕ БЮДЖЕТНОЕ УЧРЕЖДЕНИЕ ЗДРАВООХРАНЕНИЯ САНКТ-ПЕТЕРБУРГСКАЯ КЛИНИЧЕСКАЯ БОЛЬНИЦА РОССИЙСКОЙ АКАДЕМИИ НАУК;20.05.2026;02.06.2026;Закупка завершена;;;29.05.2026;
44-ФЗ;№0813500000126007097;Открытый конкурс в электронной форме на проведение работ по строительству, реконструкции, кап. ремонту, сносу объекта кап. строительства в соответствии с п. 8 ч. 1 ст. 33 Закона № 44-ФЗ;зз-0017-15786 - 2026 Капитальный ремонт расходных баков коагулянта №1, №2 СПВ «Кама-Ижевск» в г. Ижевске Удмуртской Республики;;'263184001006018400100100540014120243;;;8422400.00;RUB;0;;;;;;"МУНИЦИПАЛЬНОЕ КАЗЕННОЕ УЧРЕЖДЕНИЕ ГОРОДА ИЖЕВСКА ""СЛУЖБА ТЕХНОЛОГИЧЕСКОГО ОБЕСПЕЧЕНИЯ ЖКХ""";"ГОСУДАРСТВЕННОЕ КАЗЕННОЕ УЧРЕЖДЕНИЕ УДМУРТСКОЙ РЕСПУБЛИКИ ""РЕГИОНАЛЬНЫЙ ЦЕНТР ЗАКУПОК УДМУРТСКОЙ РЕСПУБЛИКИ""";17.04.2026;02.06.2026;Закупка завершена;;;08.05.2026;
44-ФЗ;№0122300011126000018;Электронный аукцион;выполнение работ по ремонту автомобильной дороги с. Большие Санники - п. Мариинский Рейд;;'263271900150427190100100240014211244;;;61676723.07;RUB;0;;;;;;АДМИНИСТРАЦИЯ УЛЬЧСКОГО МУНИЦИПАЛЬНОГО РАЙОНА ХАБАРОВСКОГО КРАЯ;АДМИНИСТРАЦИЯ УЛЬЧСКОГО МУНИЦИПАЛЬНОГО РАЙОНА ХАБАРОВСКОГО КРАЯ;22.05.2026;02.06.2026;Закупка завершена;;;01.06.2026;
44-ФЗ;№0844600009226000003;Электронный аукцион;Создание муниципальной автоматизированной системы централизованного оповещения (МАСЦО) населения Курского района Курской области;;'263463229613446320100100040038425244;;;11142753.44;RUB;0;;;;;;"МУНИЦИПАЛЬНОЕ КАЗЕННОЕ УЧРЕЖДЕНИЕ ""ОТДЕЛ ПО ВОПРОСАМ ГРАЖДАНСКОЙ ОБОРОНЫ И ЧРЕЗВЫЧАЙНЫМ СИТУАЦИЯМ КУРСКОГО РАЙОНА КУРСКОЙ ОБЛАСТИ""";"МУНИЦИПАЛЬНОЕ КАЗЕННОЕ УЧРЕЖДЕНИЕ ""ОТДЕЛ ПО ВОПРОСАМ ГРАЖДАНСКОЙ ОБОРОНЫ И ЧРЕЗВЫЧАЙНЫМ СИТУАЦИЯМ КУРСКОГО РАЙОНА КУРСКОЙ ОБЛАСТИ""";21.05.2026;02.06.2026;Закупка завершена;;;01.06.2026;
44-ФЗ;№0813500000126007098;Открытый конкурс в электронной форме на проведение работ по строительству, реконструкции, кап. ремонту, сносу объекта кап. строительства в соответствии с п. 8 ч. 1 ст. 33 Закона № 44-ФЗ;зз-0017-15741 - 2026 Капитальный ремонт бака-хранилища коагулянта СПВ «Кама-Ижевск» в г. Ижевске Удмуртской Республики;;'263184001006018400100100530014120243;;;7556050.00;RUB;0;;;;;;"МУНИЦИПАЛЬНОЕ КАЗЕННОЕ УЧРЕЖДЕНИЕ ГОРОДА ИЖЕВСКА ""СЛУЖБА ТЕХНОЛОГИЧЕСКОГО ОБЕСПЕЧЕНИЯ ЖКХ""";"ГОСУДАРСТВЕННОЕ КАЗЕННОЕ УЧРЕЖДЕНИЕ УДМУРТСКОЙ РЕСПУБЛИКИ ""РЕГИОНАЛЬНЫЙ ЦЕНТР ЗАКУПОК УДМУРТСКОЙ РЕСПУБЛИКИ""";17.04.2026;02.06.2026;Закупка завершена;;;07.05.2026;
44-ФЗ;№0348200027326000046;Электронный аукцион;Выполнение работ по модернизации внутреннего противопожарного водопровода;;'262504805118650480100101100014322244;;;6016700.00;RUB;0;;;;;;"ГОСУДАРСТВЕННОЕ БЮДЖЕТНОЕ СТАЦИОНАРНОЕ УЧРЕЖДЕНИЕ СОЦИАЛЬНОГО ОБСЛУЖИВАНИЯ МОСКОВСКОЙ ОБЛАСТИ ""ДОБРЫЙ ДОМ ""ЧЕХОВСКИЙ""";"ГОСУДАРСТВЕННОЕ БЮДЖЕТНОЕ СТАЦИОНАРНОЕ УЧРЕЖДЕНИЕ СОЦИАЛЬНОГО ОБСЛУЖИВАНИЯ МОСКОВСКОЙ ОБЛАСТИ ""ДОБРЫЙ ДОМ ""ЧЕХОВСКИЙ""";22.05.2026;02.06.2026;Закупка завершена;;;01.06.2026;
44-ФЗ;№0164600003426000023;Электронный аукцион;"Приобретение оборудования для детского сада ""Березка"" пос.Сатинка";;'263681700318368170100100040010000244;;;12256759.73;RUB;0;;;;;;"МУНИЦИПАЛЬНОЕ БЮДЖЕТНОЕ ДОШКОЛЬНОЕ ОБРАЗОВАТЕЛЬНОЕ УЧРЕЖДЕНИЕ ""ДЕТСКИЙ САД ""БЕРЁЗКА""";АДМИНИСТРАЦИЯ САМПУРСКОГО МУНИЦИПАЛЬНОГО ОКРУГА ТАМБОВСКОЙ ОБЛАСТИ;22.05.2026;02.06.2026;Закупка завершена;;;01.06.2026;
44-ФЗ;№0375200049026000230;Запрос котировок в электронной форме;Оказание услуг по регламентным работам и сервисному техническому обслуживанию оборудования;;'262910207039591020100103040013313244;;;8829993.33;RUB;0;;;;;;"ГОСУДАРСТВЕННОЕ БЮДЖЕТНОЕ УЧРЕЖДЕНИЕ ЗДРАВООХРАНЕНИЯ РЕСПУБЛИКИ КРЫМ ""КРЫМСКИЙ РЕСПУБЛИКАНСКИЙ ОНКОЛОГИЧЕСКИЙ КЛИНИЧЕСКИЙ ДИСПАНСЕР ИМЕНИ В.М. ЕФЕТОВА""";"ГОСУДАРСТВЕННОЕ БЮДЖЕТНОЕ УЧРЕЖДЕНИЕ ЗДРАВООХРАНЕНИЯ РЕСПУБЛИКИ КРЫМ ""КРЫМСКИЙ РЕСПУБЛИКАНСКИЙ ОНКОЛОГИЧЕСКИЙ КЛИНИЧЕСКИЙ ДИСПАНСЕР ИМЕНИ В.М. ЕФЕТОВА""";21.05.2026;02.06.2026;Закупка завершена;;;29.05.2026;
44-ФЗ;№0373200032126000029;Электронный аукцион;Поставка воды питьевой для нужд ГБУ «НПРЦ» в 2026-2028 гг.;;'262771509215477150100100540010000000;;;16091503.30;RUB;0;;;;;;"ГОСУДАРСТВЕННОЕ БЮДЖЕТНОЕ УЧРЕЖДЕНИЕ ГОРОДА МОСКВЫ ""НАУЧНО-ПРАКТИЧЕСКИЙ РЕАБИЛИТАЦИОННЫЙ ЦЕНТР""";"ГОСУДАРСТВЕННОЕ БЮДЖЕТНОЕ УЧРЕЖДЕНИЕ ГОРОДА МОСКВЫ ""НАУЧНО-ПРАКТИЧЕСКИЙ РЕАБИЛИТАЦИОННЫЙ ЦЕНТР""";21.05.2026;02.06.2026;Закупка завершена;;;29.05.2026;
44-ФЗ;№0845300015026000332;Открытый конкурс в электронной форме;благоустройство Петровской набережной (доп.ограждение, опоры освещения);;'263470406371047040100100400034299244;;;7167689.67;RUB;0;;;;;;АДМИНИСТРАЦИЯ ВЫБОРГСКОГО МУНИЦИПАЛЬНОГО РАЙОНА ЛЕНИНГРАДСКОЙ ОБЛАСТИ;"МУНИЦИПАЛЬНОЕ КАЗЕННОЕ УЧРЕЖДЕНИЕ ВЫБОРГСКОГО МУНИЦИПАЛЬНОГО РАЙОНА ЛЕНИНГРАДСКОЙ ОБЛАСТИ ""ЕДИНОЕ УПРАВЛЕНИЕ МУНИЦИПАЛЬНЫМИ ЗАКАЗАМИ""";07.05.2026;02.06.2026;Закупка завершена;;;25.05.2026;
223-ФЗ;№32615948036;Конкурс в электронной форме, участниками которого могут быть только субъекты малого и среднего предпринимательства;СМР. Реконструкци ВЛ-0,4 кВ от ТП 10/0,4 кВ №261, ТП 10/0,4 кВ №262, ТП 10/0,4 кВ №263, ТП 10/0,4 кВ №264, ТП 10/0,4 кВ №265, ТП 10/0,4 кВ №283, ТП 10/0,4 кВ №289, ТП 10/0,4 кВ №201, ТП 10/0,4 кВ №208, ТП 10/0,4 кВ №2956, ТП 10/0,4 кВ №2627, ТП 10/0,4 кВ №2983, ТП 10/0,4 кВ №273, ТП 10/0,4 кВ №274, ТП 10/0,4 кВ №2316, ТП 10/0,4 кВ №307, ТП 10/0,4 кВ №2909,  ТП 10/0,4 кВ №2943,  ТП 10/0,4 кВ №2876  в с. Бессоновка Бессоновского района (протяженность по трассе 36,268 км и трансформаторная мощность 6,240 МВА) (265812/5);;;1;СМР. Реконструкци ВЛ-0,4 кВ от ТП 10/0,4 кВ №261, ТП 10/0,4 кВ №262, ТП 10/0,4 кВ №263, ТП 10/0,4 кВ №264, ТП 10/0,4 кВ №265, ТП 10/0,4 кВ №283, ТП 10/0,4 кВ №289, ТП 10/0,4 кВ №201, ТП 10/0,4 кВ №208, ТП 10/0,4 кВ №2956, ТП 10/0,4 кВ №2627, ТП 10/0,4 кВ №2983, ТП 10/0,4 кВ №273, ТП 10/0,4 кВ №274, ТП 10/0,4 кВ №2316, ТП 10/0,4 кВ №307, ТП 10/0,4 кВ №2909,  ТП 10/0,4 кВ №2943,  ТП 10/0,4 кВ №2876  в с. Бессоновка Бессоновского района (протяженность по трассе 36,268 км и трансформаторная мощность 6,240 МВА) (265812/5);255158265.19;RUB;255158265.19;;;;42.22.21.110: Работы строительные по прокладке линий электропередачи значительной протяженности над землей, включая линии для железных дорог, и по их ремонту;;"ПУБЛИЧНОЕ АКЦИОНЕРНОЕ ОБЩЕСТВО ""РОССЕТИ ВОЛГА""";"ПУБЛИЧНОЕ АКЦИОНЕРНОЕ ОБЩЕСТВО ""РОССЕТИ ВОЛГА""";24.04.2026;02.06.2026;Закупка завершена;;;12.05.2026 11:00;
44-ФЗ;№0122200002526001873;Запрос котировок в электронной форме;Поставка лекарственного препарата для медицинского применения Вакцина для профилактики клещевого энцефалита;;'262272100906727240100100320202120244;;;7173900.00;RUB;0;;;;;;"КРАЕВОЕ ГОСУДАРСТВЕННОЕ БЮДЖЕТНОЕ УЧРЕЖДЕНИЕ ЗДРАВООХРАНЕНИЯ ""ЦЕНТР ПО ПРОФИЛАКТИКЕ И БОРЬБЕ СО СПИД И ИНФЕКЦИОННЫМИ ЗАБОЛЕВАНИЯМИ"" МИНИСТЕРСТВА ЗДРАВООХРАНЕНИЯ ХАБАРОВСКОГО КРАЯ";КОМИТЕТ ГОСУДАРСТВЕННОГО ЗАКАЗА ПРАВИТЕЛЬСТВА ХАБАРОВСКОГО КРАЯ;22.05.2026;02.06.2026;Закупка завершена;;;01.06.2026;
44-ФЗ;№0352100005426000001;Электронный аукцион;Поставка и монтаж комплекта периметрального ограждения территории Филиала ОмГПУ в г. Таре;;'261550303762355350200100080014299244;;;5000000.00;RUB;0;;;;;;"ФИЛИАЛ ФЕДЕРАЛЬНОГО ГОСУДАРСТВЕННОГО БЮДЖЕТНОГО ОБРАЗОВАТЕЛЬНОГО УЧРЕЖДЕНИЯ ВЫСШЕГО ОБРАЗОВАНИЯ ""ОМСКИЙ ГОСУДАРСТВЕННЫЙ ПЕДАГОГИЧЕСКИЙ УНИВЕРСИТЕТ"" В Г. ТАРЕ";"ФИЛИАЛ ФЕДЕРАЛЬНОГО ГОСУДАРСТВЕННОГО БЮДЖЕТНОГО ОБРАЗОВАТЕЛЬНОГО УЧРЕЖДЕНИЯ ВЫСШЕГО ОБРАЗОВАНИЯ ""ОМСКИЙ ГОСУДАРСТВЕННЫЙ ПЕДАГОГИЧЕСКИЙ УНИВЕРСИТЕТ"" В Г. ТАРЕ";22.05.2026;02.06.2026;Закупка завершена;;;01.06.2026;
44-ФЗ;№0356500001426004107;Открытый конкурс в электронной форме;Устройство тротуаров и сетей уличного освещения по ул. Баяндина в п. Гайны;;'263598100811059810100100110010000244;;;9533158.43;RUB;0;;;;;;АДМИНИСТРАЦИЯ ГАЙНСКОГО МУНИЦИПАЛЬНОГО ОКРУГА ПЕРМСКОГО КРАЯ;"ГОСУДАРСТВЕННОЕ КАЗЕННОЕ УЧРЕЖДЕНИЕ ПЕРМСКОГО КРАЯ ""ЦЕНТР ОРГАНИЗАЦИИ ЗАКУПОК""";14.05.2026;02.06.2026;Закупка завершена;;;01.06.2026;
44-ФЗ;№0356500001426004056;Открытый конкурс в электронной форме;Устройство тротуаров и сетей уличного освещения в п. Касимовка;;'263598100811059810100100100010000244;;;9322271.94;RUB;0;;;;;;АДМИНИСТРАЦИЯ ГАЙНСКОГО МУНИЦИПАЛЬНОГО ОКРУГА ПЕРМСКОГО КРАЯ;"ГОСУДАРСТВЕННОЕ КАЗЕННОЕ УЧРЕЖДЕНИЕ ПЕРМСКОГО КРАЯ ""ЦЕНТР ОРГАНИЗАЦИИ ЗАКУПОК""";13.05.2026;02.06.2026;Закупка завершена;;;01.06.2026;
44-ФЗ;№0318300469526000105;Открытый конкурс в электронной форме для заключения энергосервисного контракта;выполнение мероприятий, направленных на энергосбережение и повышение энергетической эффективности использования энергетических ресурсов МБОУ СОШ № 33 имени Литвинова П.С.;;'263234001328023400100100180027112244;;;32889780.00;RUB;0;;;;;;МУНИЦИПАЛЬНОЕ БЮДЖЕТНОЕ ОБЩЕОБРАЗОВАТЕЛЬНОЕ УЧРЕЖДЕНИЕ СРЕДНЯЯ ОБЩЕОБРАЗОВАТЕЛЬНАЯ ШКОЛА № 33 ИМЕНИ ЛИТВИНОВА П.С.;ОТДЕЛ МУНИЦИПАЛЬНЫХ ЗАКУПОК АДМИНИСТРАЦИИ МУНИЦИПАЛЬНОГО ОБРАЗОВАНИЯ КУЩЁВСКИЙ РАЙОН;14.05.2026;02.06.2026;Закупка завершена;;;01.06.2026;
44-ФЗ;№0131300024926000043;Электронный аукцион;Капитальный ремонт Администрации Калачеевского муниципального района Воронежской области по адресу: 397600, Воронежская область, Калачеевский муниципальный район, г. Калач, пл. Ленина, д. 8 (поставка мебели);;'263361000269236100100100200013101243;;;8745762.74;RUB;0;;;;;;АДМИНИСТРАЦИЯ КАЛАЧЕЕВСКОГО МУНИЦИПАЛЬНОГО РАЙОНА ВОРОНЕЖСКОЙ ОБЛАСТИ;АДМИНИСТРАЦИЯ КАЛАЧЕЕВСКОГО МУНИЦИПАЛЬНОГО РАЙОНА ВОРОНЕЖСКОЙ ОБЛАСТИ;19.05.2026;02.06.2026;Закупка завершена;;;01.06.2026;
44-ФЗ;№0362100030226000239;Электронный аукцион;Поставка лекарственных препаратов ;;'261666001346266290100102530012120244;;;5997600.00;RUB;0;;;;;;"ФЕДЕРАЛЬНОЕ ГОСУДАРСТВЕННОЕ БЮДЖЕТНОЕ УЧРЕЖДЕНИЕ ЗДРАВООХРАНЕНИЯ ""ЦЕНТРАЛЬНАЯ МЕДИКО-САНИТАРНАЯ ЧАСТЬ № 31 ФЕДЕРАЛЬНОГО МЕДИКО-БИОЛОГИЧЕСКОГО АГЕНТСТВА""";"ФЕДЕРАЛЬНОЕ ГОСУДАРСТВЕННОЕ БЮДЖЕТНОЕ УЧРЕЖДЕНИЕ ЗДРАВООХРАНЕНИЯ ""ЦЕНТРАЛЬНАЯ МЕДИКО-САНИТАРНАЯ ЧАСТЬ № 31 ФЕДЕРАЛЬНОГО МЕДИКО-БИОЛОГИЧЕСКОГО АГЕНТСТВА""";18.05.2026;02.06.2026;Закупка завершена;;;01.06.2026;
44-ФЗ;№0334100006826000026;Электронный аукцион;Поставка квадрупольного масс-спектрометра с индуктивно связанной плазмой в комплекте для определения химического состава материалов;;'261540316776338494300100620012651244;;;38331342.66;RUB;0;;;;;;"ФИЛИАЛ ""ЦЛАТИ ПО ВОСТОЧНО-СИБИРСКОМУ РЕГИОНУ"" ФГБУ ""ЦЛАТИ ПО СФО"", Г. ИРКУТСК";"ФИЛИАЛ ""ЦЛАТИ ПО ВОСТОЧНО-СИБИРСКОМУ РЕГИОНУ"" ФГБУ ""ЦЛАТИ ПО СФО"", Г. ИРКУТСК";13.05.2026;02.06.2026;Закупка завершена;;;22.05.2026;
44-ФЗ;№0131300044326000015;Открытый конкурс в электронной форме на проведение работ по строительству, реконструкции, кап. ремонту, сносу объекта кап. строительства в соответствии с п. 8 ч. 1 ст. 33 Закона № 44-ФЗ;выполнение работ по капитальному ремонту автомобильных дорог  Подгоренского муниципального района Воронежской области;;263362400108936240100100060014211243, 263362400408036240100100040014211243, 263362400394636240100100030014211243, 263362400398536240100100030014211243, 263362400397836240100100030014211243;;;9984989.31;RUB;0;;;;;;;ФИНАНСОВЫЙ ОТДЕЛ АДМИНИСТРАЦИИ ПОДГОРЕНСКОГО МУНИЦИПАЛЬНОГО РАЙОНА ВОРОНЕЖСКОЙ ОБЛАСТИ;14.05.2026;02.06.2026;Закупка завершена;;;01.06.2026;
44-ФЗ;№0887300002226000021;Электронный аукцион;Приобретение двухкомнатной квартиры в многоквартирном доме, расположенном на территории с.п. Солнечный п. Солнечный Сургутского района.    ;;'263861702195086170100100200026810412;;;7258742.15;RUB;0;;;;;;АДМИНИСТРАЦИЯ СЕЛЬСКОГО ПОСЕЛЕНИЯ СОЛНЕЧНЫЙ;"МУНИЦИПАЛЬНОЕ КАЗЁННОЕ УЧРЕЖДЕНИЕ ""АДМИНИСТРАТИВНО-ХОЗЯЙСТВЕННОЕ УПРАВЛЕНИЕ АДМИНИСТРАЦИИ СЕЛЬСКОГО ПОСЕЛЕНИЯ СОЛНЕЧНЫЙ""";22.05.2026;02.06.2026;Закупка завершена;;;01.06.2026;
44-ФЗ;№0362100030226000241;Электронный аукцион;Поставка лекарственных препаратов (афлиберцепт);;'261666001346266290100102540012120244;;;12030876.46;RUB;0;;;;;;"ФЕДЕРАЛЬНОЕ ГОСУДАРСТВЕННОЕ БЮДЖЕТНОЕ УЧРЕЖДЕНИЕ ЗДРАВООХРАНЕНИЯ ""ЦЕНТРАЛЬНАЯ МЕДИКО-САНИТАРНАЯ ЧАСТЬ № 31 ФЕДЕРАЛЬНОГО МЕДИКО-БИОЛОГИЧЕСКОГО АГЕНТСТВА""";"ФЕДЕРАЛЬНОЕ ГОСУДАРСТВЕННОЕ БЮДЖЕТНОЕ УЧРЕЖДЕНИЕ ЗДРАВООХРАНЕНИЯ ""ЦЕНТРАЛЬНАЯ МЕДИКО-САНИТАРНАЯ ЧАСТЬ № 31 ФЕДЕРАЛЬНОГО МЕДИКО-БИОЛОГИЧЕСКОГО АГЕНТСТВА""";19.05.2026;02.06.2026;Закупка завершена;;;01.06.2026;
44-ФЗ;№0372100003426000367;Электронный аукцион;Предоставление права использования программы для ЭВМ  на условиях простой (неисключительной) лицензии;;'261780100227478010100100011740000244;;;10064858.00;RUB;0;;;;;;"ФЕДЕРАЛЬНОЕ ГОСУДАРСТВЕННОЕ БЮДЖЕТНОЕ ОБРАЗОВАТЕЛЬНОЕ УЧРЕЖДЕНИЕ ВЫСШЕГО ОБРАЗОВАНИЯ ""САНКТ-ПЕТЕРБУРГСКИЙ ГОСУДАРСТВЕННЫЙ УНИВЕРСИТЕТ""";"ФЕДЕРАЛЬНОЕ ГОСУДАРСТВЕННОЕ БЮДЖЕТНОЕ ОБРАЗОВАТЕЛЬНОЕ УЧРЕЖДЕНИЕ ВЫСШЕГО ОБРАЗОВАНИЯ ""САНКТ-ПЕТЕРБУРГСКИЙ ГОСУДАРСТВЕННЫЙ УНИВЕРСИТЕТ""";21.05.2026;02.06.2026;Закупка завершена;;;29.05.2026;
44-ФЗ;№0820500000826002719;Электронный аукцион;Поставка блочно-модульной котельной для Лесозаводского филиала;;'262253611272925380100100110012530000;;;21125455.22;RUB;0;;;;;;"КРАЕВОЕ ГОСУДАРСТВЕННОЕ УНИТАРНОЕ ПРЕДПРИЯТИЕ ""ПРИМТЕПЛОЭНЕРГО""";"КРАЕВОЕ ГОСУДАРСТВЕННОЕ КАЗЕННОЕ УЧРЕЖДЕНИЕ ""ЦЕНТР ГОСУДАРСТВЕННЫХ ЗАКУПОК ПРИМОРСКОГО КРАЯ""";21.05.2026;02.06.2026;Закупка завершена;;;29.05.2026;
44-ФЗ;№0343300002626000146;Электронный аукцион;Продукты питания (Говядина замороженная (задняя часть));;'262450102727245010100100190110000244;;;7256520.00;RUB;0;;;;;;"ГОСУДАРСТВЕННОЕ БЮДЖЕТНОЕ УЧРЕЖДЕНИЕ ""КУРГАНСКАЯ БОЛЬНИЦА СКОРОЙ МЕДИЦИНСКОЙ ПОМОЩИ""";"ГОСУДАРСТВЕННОЕ БЮДЖЕТНОЕ УЧРЕЖДЕНИЕ ""КУРГАНСКАЯ БОЛЬНИЦА СКОРОЙ МЕДИЦИНСКОЙ ПОМОЩИ""";22.05.2026;02.06.2026;Закупка завершена;;;01.06.2026;
44-ФЗ;№0343300002626000143;Электронный аукцион;Поставка ГСМ на 2 полугодие 2026 года;;'262450102727245010100100380011920244;;;13931000.00;RUB;0;;;;;;"ГОСУДАРСТВЕННОЕ БЮДЖЕТНОЕ УЧРЕЖДЕНИЕ ""КУРГАНСКАЯ БОЛЬНИЦА СКОРОЙ МЕДИЦИНСКОЙ ПОМОЩИ""";"ГОСУДАРСТВЕННОЕ БЮДЖЕТНОЕ УЧРЕЖДЕНИЕ ""КУРГАНСКАЯ БОЛЬНИЦА СКОРОЙ МЕДИЦИНСКОЙ ПОМОЩИ""";22.05.2026;02.06.2026;Закупка завершена;;;01.06.2026;
44-ФЗ;№0817200000326007525;Электронный аукцион;Поставка лекарственных препаратов для медицинского применения;;'262222100785822210100100011412120244;;;73496790.00;RUB;0;;;;;;МИНИСТЕРСТВО ЗДРАВООХРАНЕНИЯ АЛТАЙСКОГО КРАЯ;"КРАЕВОЕ ГОСУДАРСТВЕННОЕ КАЗЕННОЕ УЧРЕЖДЕНИЕ ""ЦЕНТР ГОСУДАРСТВЕННЫХ ЗАКУПОК АЛТАЙСКОГО КРАЯ""";19.05.2026;02.06.2026;Закупка завершена;;;29.05.2026;
44-ФЗ;№0120600003426000006;Запрос котировок в электронной форме;Оказание услуг по текущему содержанию мест захоронений на территории Владивостокского городского округа на 2026 год;;'263254315420825430100100310019603244;;;5000000.00;RUB;0;;;;;;УПРАВЛЕНИЕ ГОРОДСКОЙ СРЕДЫ АДМИНИСТРАЦИИ ГОРОДА ВЛАДИВОСТОКА;УПРАВЛЕНИЕ ГОРОДСКОЙ СРЕДЫ АДМИНИСТРАЦИИ ГОРОДА ВЛАДИВОСТОКА;25.05.2026;02.06.2026;Закупка завершена;;;01.06.2026;
44-ФЗ;№0369100012826000081;Электронный аукцион;Выполнение работ по текущему ремонту системы электроснабжения нежилого здания - комплекс электроснабжения;;'261773008740974154300100960014321244;;;13079166.20;RUB;0;;;;;;"ФИЛИАЛ ФЕДЕРАЛЬНОГО КАЗЕННОГО УЧРЕЖДЕНИЯ ""ГОСУДАРСТВЕННОЕ УЧРЕЖДЕНИЕ ПО ФОРМИРОВАНИЮ ГОСУДАРСТВЕННОГО ФОНДА ДРАГОЦЕННЫХ МЕТАЛЛОВ И ДРАГОЦЕННЫХ КАМНЕЙ РОССИЙСКОЙ ФЕДЕРАЦИИ, ХРАНЕНИЮ, ОТПУСКУ И ИСПОЛЬЗОВАНИЮ ДРАГОЦЕННЫХ МЕТАЛЛОВ И ДРАГОЦЕННЫХ КАМНЕЙ (ГОХРАН РОССИИ) ПРИ МИНИСТЕРСТВЕ ФИНАНСОВ РОССИЙСКОЙ ФЕДЕРАЦИИ"" - ""ОБЪЕКТ ""УРАЛ""";"ФИЛИАЛ ФЕДЕРАЛЬНОГО КАЗЕННОГО УЧРЕЖДЕНИЯ ""ГОСУДАРСТВЕННОЕ УЧРЕЖДЕНИЕ ПО ФОРМИРОВАНИЮ ГОСУДАРСТВЕННОГО ФОНДА ДРАГОЦЕННЫХ МЕТАЛЛОВ И ДРАГОЦЕННЫХ КАМНЕЙ РОССИЙСКОЙ ФЕДЕРАЦИИ, ХРАНЕНИЮ, ОТПУСКУ И ИСПОЛЬЗОВАНИЮ ДРАГОЦЕННЫХ МЕТАЛЛОВ И ДРАГОЦЕННЫХ КАМНЕЙ (ГОХРАН РОССИИ) ПРИ МИНИСТЕРСТВЕ ФИНАНСОВ РОССИЙСКОЙ ФЕДЕРАЦИИ"" - ""ОБЪЕКТ ""УРАЛ""";18.05.2026;02.06.2026;Закупка завершена;;;29.05.2026;
44-ФЗ;№0380200000126003887;Электронный аукцион;Выполнение работ по асфальтированию автомобильных дорог местного значения ул. Степная (600м), ул. Кооперативная (440м), переулок Центральный (160м) с. Куйбышево Бейского района Республики Хакасия;;'263190600561019060100100020014211244;;;12558948.31;RUB;0;;;;;;АДМИНИСТРАЦИЯ СЕЛЬСКОГО ПОСЕЛЕНИЯ КУЙБЫШЕВСКОГО СЕЛЬСОВЕТА БЕЙСКОГО МУНИЦИПАЛЬНОГО РАЙОНА РЕСПУБЛИКИ ХАКАСИЯ;ГОСУДАРСТВЕННЫЙ КОМИТЕТ ПО РЕГУЛИРОВАНИЮ КОНТРАКТНОЙ СИСТЕМЫ В СФЕРЕ ЗАКУПОК РЕСПУБЛИКИ ХАКАСИЯ;21.05.2026;02.06.2026;Закупка завершена;;;29.05.2026;
44-ФЗ;№0351100003526000002;Электронный аукцион;Работы по установке системы оповещения и управления эвакуацией;;'261541012237954100100100050052630244;;;5769800.00;RUB;0;;;;;;"ФЕДЕРАЛЬНОЕ ГОСУДАРСТВЕННОЕ БЮДЖЕТНОЕ УЧРЕЖДЕНИЕ ЗДРАВООХРАНЕНИЯ ""ЦЕНТР ГИГИЕНЫ И ЭПИДЕМИОЛОГИИ № 25 ФЕДЕРАЛЬНОГО МЕДИКО-БИОЛОГИЧЕСКОГО АГЕНТСТВА""";"ФЕДЕРАЛЬНОЕ ГОСУДАРСТВЕННОЕ БЮДЖЕТНОЕ УЧРЕЖДЕНИЕ ЗДРАВООХРАНЕНИЯ ""ЦЕНТР ГИГИЕНЫ И ЭПИДЕМИОЛОГИИ № 25 ФЕДЕРАЛЬНОГО МЕДИКО-БИОЛОГИЧЕСКОГО АГЕНТСТВА""";22.05.2026;02.06.2026;Закупка завершена;;;01.06.2026;
44-ФЗ;№0351100021726000012;Электронный аукцион;Поставка техники для нужд ФГБОУ ВО Университета биотехнологий;;'261540511599354050100100520012751244;;;12886794.89;RUB;0;;;;;;"ФЕДЕРАЛЬНОЕ ГОСУДАРСТВЕННОЕ БЮДЖЕТНОЕ ОБРАЗОВАТЕЛЬНОЕ УЧРЕЖДЕНИЕ ВЫСШЕГО ОБРАЗОВАНИЯ ""СИБИРСКИЙ ГОСУДАРСТВЕННЫЙ УНИВЕРСИТЕТ ИНЖЕНЕРИИ И БИОТЕХНОЛОГИЙ""";"ФЕДЕРАЛЬНОЕ ГОСУДАРСТВЕННОЕ БЮДЖЕТНОЕ ОБРАЗОВАТЕЛЬНОЕ УЧРЕЖДЕНИЕ ВЫСШЕГО ОБРАЗОВАНИЯ ""СИБИРСКИЙ ГОСУДАРСТВЕННЫЙ УНИВЕРСИТЕТ ИНЖЕНЕРИИ И БИОТЕХНОЛОГИЙ""";18.05.2026;02.06.2026;Закупка завершена;;;01.06.2026;
44-ФЗ;№0334300028126000025;Электронный аукцион;Выполнение работ по сносу аварийных жилых домов ;;'263381801300538180100100340014311244;;;6147223.33;RUB;0;;;;;;"МУНИЦИПАЛЬНОЕ КАЗЕННОЕ УЧРЕЖДЕНИЕ ""СЛУЖБА ЗАКАЗЧИКА ПО ЖИЛИЩНО-КОММУНАЛЬНОМУ ХОЗЯЙСТВУ"" УСТЬ-КУТСКОГО МУНИЦИПАЛЬНОГО ОБРАЗОВАНИЯ (ГОРОДСКОГО ПОСЕЛЕНИЯ)";"МУНИЦИПАЛЬНОЕ КАЗЕННОЕ УЧРЕЖДЕНИЕ ""СЛУЖБА ЗАКАЗЧИКА ПО ЖИЛИЩНО-КОММУНАЛЬНОМУ ХОЗЯЙСТВУ"" УСТЬ-КУТСКОГО МУНИЦИПАЛЬНОГО ОБРАЗОВАНИЯ (ГОРОДСКОГО ПОСЕЛЕНИЯ)";22.05.2026;02.06.2026;Закупка завершена;;;01.06.2026;
44-ФЗ;№0851100001926000290;Запрос котировок в электронной форме;Поставка горюче-смазочных материалов (топлива) с использованием системы топливных карт для обеспечения государственных нужд федеральных органов исполнительной власти;;'261770989550954024300100192740000244;;;8468116.00;RUB;0;;;;;;"МЕЖРЕГИОНАЛЬНЫЙ ФИЛИАЛ ФЕДЕРАЛЬНОГО КАЗЕННОГО УЧРЕЖДЕНИЯ ""ЦЕНТР ПО ОБЕСПЕЧЕНИЮ ДЕЯТЕЛЬНОСТИ КАЗНАЧЕЙСТВА РОССИИ"" В Г. НОВОСИБИРСКЕ";"МЕЖРЕГИОНАЛЬНЫЙ ФИЛИАЛ ФЕДЕРАЛЬНОГО КАЗЕННОГО УЧРЕЖДЕНИЯ ""ЦЕНТР ПО ОБЕСПЕЧЕНИЮ ДЕЯТЕЛЬНОСТИ КАЗНАЧЕЙСТВА РОССИИ"" В Г. НОВОСИБИРСКЕ";25.05.2026;02.06.2026;Закупка завершена;;;01.06.2026;
44-ФЗ;№0122200002526001881;Электронный аукцион;"Выполнение работ по подготовке проектной документации на капитальный ремонт объекта ""Автомобильная дорога ""с. Селихино + г. Николаевск-на-Амуре"" в границах населенного пункта с. Богородское"" км 424+024 - км 427+475""";;'262272108650527220100101050017112243;;;8171050.53;RUB;0;;;;;;"КРАЕВОЕ ГОСУДАРСТВЕННОЕ КАЗЁННОЕ УЧРЕЖДЕНИЕ ""ХАБАРОВСКОЕ УПРАВЛЕНИЕ АВТОМОБИЛЬНЫХ ДОРОГ""";КОМИТЕТ ГОСУДАРСТВЕННОГО ЗАКАЗА ПРАВИТЕЛЬСТВА ХАБАРОВСКОГО КРАЯ;22.05.2026;02.06.2026;Закупка завершена;;;01.06.2026;
44-ФЗ;№0322100002526000295;Электронный аукцион;Поставка медицинских изделий для эндоваскулярной хирургии;;'261272413966727240100100071850000244;;;12614000.00;RUB;0;;;;;;"ФЕДЕРАЛЬНОЕ ГОСУДАРСТВЕННОЕ БЮДЖЕТНОЕ УЧРЕЖДЕНИЕ ""ФЕДЕРАЛЬНЫЙ ЦЕНТР СЕРДЕЧНО-СОСУДИСТОЙ ХИРУРГИИ"" МИНИСТЕРСТВА ЗДРАВООХРАНЕНИЯ РОССИЙСКОЙ ФЕДЕРАЦИИ (Г. ХАБАРОВСК)";"ФЕДЕРАЛЬНОЕ ГОСУДАРСТВЕННОЕ БЮДЖЕТНОЕ УЧРЕЖДЕНИЕ ""ФЕДЕРАЛЬНЫЙ ЦЕНТР СЕРДЕЧНО-СОСУДИСТОЙ ХИРУРГИИ"" МИНИСТЕРСТВА ЗДРАВООХРАНЕНИЯ РОССИЙСКОЙ ФЕДЕРАЦИИ (Г. ХАБАРОВСК)";20.05.2026;02.06.2026;Закупка завершена;;;29.05.2026;
44-ФЗ;№0165300007026000002;Электронный аукцион;Благоустройство территории в с. Первомайское, Томской области в границах улицы Коммунистическая (участок 5);;'263701200511970120100100070014299244;;;7828675.13;RUB;0;;;;;;АДМИНИСТРАЦИЯ МУНИЦИПАЛЬНОГО ОБРАЗОВАНИЯ  ПЕРВОМАЙСКОЕ СЕЛЬСКОЕ ПОСЕЛЕНИЕ ПЕРВОМАЙСКОГО МУНИЦИПАЛЬНОГО РАЙОНА ТОМСКОЙ ОБЛАСТИ;АДМИНИСТРАЦИЯ МУНИЦИПАЛЬНОГО ОБРАЗОВАНИЯ  ПЕРВОМАЙСКОЕ СЕЛЬСКОЕ ПОСЕЛЕНИЕ ПЕРВОМАЙСКОГО МУНИЦИПАЛЬНОГО РАЙОНА ТОМСКОЙ ОБЛАСТИ;22.05.2026;02.06.2026;Закупка завершена;;;01.06.2026;
44-ФЗ;№0817200000326007623;Электронный аукцион;Поставка лекарственных препаратов для медицинского применения;;'262222100785822210100100011512120244;;;55203120.00;RUB;0;;;;;;МИНИСТЕРСТВО ЗДРАВООХРАНЕНИЯ АЛТАЙСКОГО КРАЯ;"КРАЕВОЕ ГОСУДАРСТВЕННОЕ КАЗЕННОЕ УЧРЕЖДЕНИЕ ""ЦЕНТР ГОСУДАРСТВЕННЫХ ЗАКУПОК АЛТАЙСКОГО КРАЯ""";19.05.2026;02.06.2026;Закупка завершена;;;29.05.2026;
44-ФЗ;№0269100000226000086;Электронный аукцион;Оказание услуг в 2026 году по переводу русского жестового языка (сурдопереводу, тифлосурдопереводу) в целях социального обеспечения лиц, проживающих на территории Челябинской области;;'261745304082274530100101960017430323;;;10008000.00;RUB;0;;;;;;ОТДЕЛЕНИЕ ФОНДА ПЕНСИОННОГО И СОЦИАЛЬНОГО СТРАХОВАНИЯ РОССИЙСКОЙ ФЕДЕРАЦИИ ПО ЧЕЛЯБИНСКОЙ ОБЛАСТИ;ОТДЕЛЕНИЕ ФОНДА ПЕНСИОННОГО И СОЦИАЛЬНОГО СТРАХОВАНИЯ РОССИЙСКОЙ ФЕДЕРАЦИИ ПО ЧЕЛЯБИНСКОЙ ОБЛАСТИ;21.05.2026;02.06.2026;Закупка завершена;;;01.06.2026;
44-ФЗ;№0365400001626000241;Электронный аукцион;Поставка медицинского расходного материала для выполнения эндоваскулярных операций (26-7) для нужд НИИ кардиологии Томского НИМЦ;;'261701901197970004300200670063250244;;;16500000.00;RUB;0;;;;;;"НАУЧНО-ИССЛЕДОВАТЕЛЬСКИЙ ИНСТИТУТ КАРДИОЛОГИИ - ФИЛИАЛ ФЕДЕРАЛЬНОГО ГОСУДАРСТВЕННОГО БЮДЖЕТНОГО НАУЧНОГО УЧРЕЖДЕНИЯ ""ТОМСКИЙ НАЦИОНАЛЬНЫЙ ИССЛЕДОВАТЕЛЬСКИЙ МЕДИЦИНСКИЙ ЦЕНТР РОССИЙСКОЙ АКАДЕМИИ НАУК""";"НАУЧНО-ИССЛЕДОВАТЕЛЬСКИЙ ИНСТИТУТ КАРДИОЛОГИИ - ФИЛИАЛ ФЕДЕРАЛЬНОГО ГОСУДАРСТВЕННОГО БЮДЖЕТНОГО НАУЧНОГО УЧРЕЖДЕНИЯ ""ТОМСКИЙ НАЦИОНАЛЬНЫЙ ИССЛЕДОВАТЕЛЬСКИЙ МЕДИЦИНСКИЙ ЦЕНТР РОССИЙСКОЙ АКАДЕМИИ НАУК""";22.05.2026;02.06.2026;Закупка завершена;;;01.06.2026;
44-ФЗ;№0216100000226000241;Запрос котировок в электронной форме;Поставка технических средств реабилитации гражданам в пользу их социального обеспечения в 2026 г.: Специальные средства при нарушениях функций выделения;;'261143500470014350100103670013250323;;;9890000.00;RUB;0;;;;;;ОТДЕЛЕНИЕ ФОНДА ПЕНСИОННОГО И СОЦИАЛЬНОГО СТРАХОВАНИЯ РОССИЙСКОЙ ФЕДЕРАЦИИ ПО РЕСПУБЛИКЕ САХА (ЯКУТИЯ);ОТДЕЛЕНИЕ ФОНДА ПЕНСИОННОГО И СОЦИАЛЬНОГО СТРАХОВАНИЯ РОССИЙСКОЙ ФЕДЕРАЦИИ ПО РЕСПУБЛИКЕ САХА (ЯКУТИЯ);22.05.2026;02.06.2026;Закупка завершена;;;01.06.2026;
44-ФЗ;№0387200030526000168;Электронный аукцион;Оказание услуг по проведению поверки, калибровки и инструментального контроля медицинского оборудования;;'262860401318086040100103910017112244;;;7401076.00;RUB;0;;;;;;"БЮДЖЕТНОЕ УЧРЕЖДЕНИЕ ХАНТЫ-МАНСИЙСКОГО АВТОНОМНОГО ОКРУГА - ЮГРЫ ""НЕФТЕЮГАНСКАЯ ОКРУЖНАЯ КЛИНИЧЕСКАЯ БОЛЬНИЦА ИМЕНИ В.И.ЯЦКИВ""";"БЮДЖЕТНОЕ УЧРЕЖДЕНИЕ ХАНТЫ-МАНСИЙСКОГО АВТОНОМНОГО ОКРУГА - ЮГРЫ ""НЕФТЕЮГАНСКАЯ ОКРУЖНАЯ КЛИНИЧЕСКАЯ БОЛЬНИЦА ИМЕНИ В.И.ЯЦКИВ""";21.05.2026;02.06.2026;Закупка завершена;;;29.05.2026;
44-ФЗ;№0851600003526000388;Электронный аукцион;Ремонт участков автомобильной дороги по магистральному проезду «Телетранслятор» в г. Карасуке Карасукского муниципального округа Новосибирской области (участки №1, №2,№3,№4);;'263542211225554220100100860014211244;;;5574609.50;RUB;0;;;;;;"МУНИЦИПАЛЬНОЕ БЮДЖЕТНОЕ УЧРЕЖДЕНИЕ ""УПРАВЛЕНИЕ МУНИЦИПАЛЬНЫМ ИМУЩЕСТВОМ""";"МУНИЦИПАЛЬНОЕ КАЗЁННОЕ УЧРЕЖДЕНИЕ ""ЦЕНТР ЗАКУПОК И МАТЕРИАЛЬНО-ТЕХНИЧЕСКОГО ОБЕСПЕЧЕНИЯ КАРАСУКСКОГО МУНИЦИПАЛЬНОГО ОКРУГА НОВОСИБИРСКОЙ ОБЛАСТИ""";21.05.2026;02.06.2026;Закупка завершена;;;29.05.2026;
44-ФЗ;№0373100072126000790;Электронный аукцион;Поставка медицинских расходных материалов для нужд ФГБНУ «РНЦХ им. акад. Б.В. Петровского»;;'261770403012477040100100057400000000;;;18375000.00;RUB;0;;;;;;"ФЕДЕРАЛЬНОЕ ГОСУДАРСТВЕННОЕ БЮДЖЕТНОЕ НАУЧНОЕ УЧРЕЖДЕНИЕ ""РОССИЙСКИЙ НАУЧНЫЙ ЦЕНТР ХИРУРГИИ ИМЕНИ АКАДЕМИКА Б.В. ПЕТРОВСКОГО""";"ФЕДЕРАЛЬНОЕ ГОСУДАРСТВЕННОЕ БЮДЖЕТНОЕ НАУЧНОЕ УЧРЕЖДЕНИЕ ""РОССИЙСКИЙ НАУЧНЫЙ ЦЕНТР ХИРУРГИИ ИМЕНИ АКАДЕМИКА Б.В. ПЕТРОВСКОГО""";18.05.2026;02.06.2026;Закупка завершена;;;26.05.2026;
44-ФЗ;№0302300048726000629;Электронный аукцион;Поставка горюче-смазочных материалов;;'263032310714203260100100080010000000;;;150000000.00;RUB;0;;;;;;"МУНИЦИПАЛЬНОЕ УНИТАРНОЕ ПРЕДПРИЯТИЕ ""ГОРОДСКИЕ МАРШРУТЫ""";"МУНИЦИПАЛЬНОЕ УЧРЕЖДЕНИЕ ""УПРАВЛЕНИЕ ПО МУНИЦИПАЛЬНЫМ ЗАКУПКАМ АДМИНИСТРАЦИИ Г.УЛАН-УДЭ""";22.05.2026;02.06.2026;Закупка завершена;;;01.06.2026;
44-ФЗ;№0373100072126000779;Электронный аукцион;Поставка медицинских расходных материалов для нужд ФГБНУ «РНЦХ им. акад. Б.В. Петровского»;;'261770403012477040100100057290000000;;;28254000.00;RUB;0;;;;;;"ФЕДЕРАЛЬНОЕ ГОСУДАРСТВЕННОЕ БЮДЖЕТНОЕ НАУЧНОЕ УЧРЕЖДЕНИЕ ""РОССИЙСКИЙ НАУЧНЫЙ ЦЕНТР ХИРУРГИИ ИМЕНИ АКАДЕМИКА Б.В. ПЕТРОВСКОГО""";"ФЕДЕРАЛЬНОЕ ГОСУДАРСТВЕННОЕ БЮДЖЕТНОЕ НАУЧНОЕ УЧРЕЖДЕНИЕ ""РОССИЙСКИЙ НАУЧНЫЙ ЦЕНТР ХИРУРГИИ ИМЕНИ АКАДЕМИКА Б.В. ПЕТРОВСКОГО""";18.05.2026;02.06.2026;Закупка завершена;;;26.05.2026;
44-ФЗ;№0373100072126000791;Электронный аукцион;Поставка медицинских расходных материалов для нужд ФГБНУ «РНЦХ им. акад. Б.В. Петровского»;;'261770403012477040100100057380000000;;;18734750.00;RUB;0;;;;;;"ФЕДЕРАЛЬНОЕ ГОСУДАРСТВЕННОЕ БЮДЖЕТНОЕ НАУЧНОЕ УЧРЕЖДЕНИЕ ""РОССИЙСКИЙ НАУЧНЫЙ ЦЕНТР ХИРУРГИИ ИМЕНИ АКАДЕМИКА Б.В. ПЕТРОВСКОГО""";"ФЕДЕРАЛЬНОЕ ГОСУДАРСТВЕННОЕ БЮДЖЕТНОЕ НАУЧНОЕ УЧРЕЖДЕНИЕ ""РОССИЙСКИЙ НАУЧНЫЙ ЦЕНТР ХИРУРГИИ ИМЕНИ АКАДЕМИКА Б.В. ПЕТРОВСКОГО""";18.05.2026;02.06.2026;Закупка завершена;;;26.05.2026;
44-ФЗ;№0373100072126000808;Электронный аукцион;Поставка медицинских расходных материалов для нужд ФГБНУ «РНЦХ им. акад. Б.В. Петровского»;;'261770403012477040100100057440000000;;;20970000.00;RUB;0;;;;;;"ФЕДЕРАЛЬНОЕ ГОСУДАРСТВЕННОЕ БЮДЖЕТНОЕ НАУЧНОЕ УЧРЕЖДЕНИЕ ""РОССИЙСКИЙ НАУЧНЫЙ ЦЕНТР ХИРУРГИИ ИМЕНИ АКАДЕМИКА Б.В. ПЕТРОВСКОГО""";"ФЕДЕРАЛЬНОЕ ГОСУДАРСТВЕННОЕ БЮДЖЕТНОЕ НАУЧНОЕ УЧРЕЖДЕНИЕ ""РОССИЙСКИЙ НАУЧНЫЙ ЦЕНТР ХИРУРГИИ ИМЕНИ АКАДЕМИКА Б.В. ПЕТРОВСКОГО""";14.05.2026;02.06.2026;Закупка завершена;;;22.05.2026;
44-ФЗ;№0373100072126000803;Электронный аукцион;Поставка медицинских изделий для нужд ФГБНУ «РНЦХ им. акад. Б.В. Петровского»;;'261770403012477040100100057120000000;;;7843441.00;RUB;0;;;;;;"ФЕДЕРАЛЬНОЕ ГОСУДАРСТВЕННОЕ БЮДЖЕТНОЕ НАУЧНОЕ УЧРЕЖДЕНИЕ ""РОССИЙСКИЙ НАУЧНЫЙ ЦЕНТР ХИРУРГИИ ИМЕНИ АКАДЕМИКА Б.В. ПЕТРОВСКОГО""";"ФЕДЕРАЛЬНОЕ ГОСУДАРСТВЕННОЕ БЮДЖЕТНОЕ НАУЧНОЕ УЧРЕЖДЕНИЕ ""РОССИЙСКИЙ НАУЧНЫЙ ЦЕНТР ХИРУРГИИ ИМЕНИ АКАДЕМИКА Б.В. ПЕТРОВСКОГО""";14.05.2026;02.06.2026;Закупка завершена;;;22.05.2026;
44-ФЗ;№0177200000926001669;Электронный аукцион;Оказание услуг по организации лечебного питания для больных, находящихся на стационарном лечении в БУЗ РА «ПЦ»;;'262041110036104110100101180015629244;;;9500000.00;RUB;0;;;;;;"БЮДЖЕТНОЕ УЧРЕЖДЕНИЕ ЗДРАВООХРАНЕНИЯ РЕСПУБЛИКИ АЛТАЙ "" ПЕРИНАТАЛЬНЫЙ ЦЕНТР""";МИНИСТЕРСТВО ЭКОНОМИЧЕСКОГО РАЗВИТИЯ РЕСПУБЛИКИ АЛТАЙ;21.05.2026;02.06.2026;Закупка завершена;;;29.05.2026;
44-ФЗ;№0119200000126008469;Электронный аукцион;ЭА-№-9314/26 «Поставка мешков для обуви светоотражающих»;;'262246021037824600100100020020000244;;;10507000.00;RUB;0;;;;;;МИНИСТЕРСТВО ОБРАЗОВАНИЯ КРАСНОЯРСКОГО КРАЯ;АГЕНТСТВО ГОСУДАРСТВЕННОГО ЗАКАЗА КРАСНОЯРСКОГО КРАЯ;08.05.2026;02.06.2026;Закупка завершена;;;18.05.2026;
44-ФЗ;№0373100072126000810;Электронный аукцион;Поставка медицинских расходных материалов для нужд ФГБНУ «РНЦХ им. акад. Б.В. Петровского»;;'261770403012477040100100057470000000;;;23091000.00;RUB;0;;;;;;"ФЕДЕРАЛЬНОЕ ГОСУДАРСТВЕННОЕ БЮДЖЕТНОЕ НАУЧНОЕ УЧРЕЖДЕНИЕ ""РОССИЙСКИЙ НАУЧНЫЙ ЦЕНТР ХИРУРГИИ ИМЕНИ АКАДЕМИКА Б.В. ПЕТРОВСКОГО""";"ФЕДЕРАЛЬНОЕ ГОСУДАРСТВЕННОЕ БЮДЖЕТНОЕ НАУЧНОЕ УЧРЕЖДЕНИЕ ""РОССИЙСКИЙ НАУЧНЫЙ ЦЕНТР ХИРУРГИИ ИМЕНИ АКАДЕМИКА Б.В. ПЕТРОВСКОГО""";14.05.2026;02.06.2026;Закупка завершена;;;22.05.2026;
44-ФЗ;№0322100002526000298;Электронный аукцион;Поставка медицинских изделий для аритмологии;;'261272413966727240100100071890000244;;;16700000.00;RUB;0;;;;;;"ФЕДЕРАЛЬНОЕ ГОСУДАРСТВЕННОЕ БЮДЖЕТНОЕ УЧРЕЖДЕНИЕ ""ФЕДЕРАЛЬНЫЙ ЦЕНТР СЕРДЕЧНО-СОСУДИСТОЙ ХИРУРГИИ"" МИНИСТЕРСТВА ЗДРАВООХРАНЕНИЯ РОССИЙСКОЙ ФЕДЕРАЦИИ (Г. ХАБАРОВСК)";"ФЕДЕРАЛЬНОЕ ГОСУДАРСТВЕННОЕ БЮДЖЕТНОЕ УЧРЕЖДЕНИЕ ""ФЕДЕРАЛЬНЫЙ ЦЕНТР СЕРДЕЧНО-СОСУДИСТОЙ ХИРУРГИИ"" МИНИСТЕРСТВА ЗДРАВООХРАНЕНИЯ РОССИЙСКОЙ ФЕДЕРАЦИИ (Г. ХАБАРОВСК)";20.05.2026;02.06.2026;Закупка завершена;;;29.05.2026;
44-ФЗ;№0365100016326000256;Электронный аукцион;Оказание услуг комплексного обеспечения процедур острого и программного гемодиализа/гемофильтрации и экстракорпоральной детоксикации;;'261702403854270240100100850018690244;;;54145000.00;RUB;0;;;;;;"ФЕДЕРАЛЬНОЕ ГОСУДАРСТВЕННОЕ БЮДЖЕТНОЕ УЧРЕЖДЕНИЕ ""СИБИРСКИЙ ФЕДЕРАЛЬНЫЙ НАУЧНО-КЛИНИЧЕСКИЙ ЦЕНТР ФЕДЕРАЛЬНОГО МЕДИКО-БИОЛОГИЧЕСКОГО АГЕНТСТВА""";"ФЕДЕРАЛЬНОЕ ГОСУДАРСТВЕННОЕ БЮДЖЕТНОЕ УЧРЕЖДЕНИЕ ""СИБИРСКИЙ ФЕДЕРАЛЬНЫЙ НАУЧНО-КЛИНИЧЕСКИЙ ЦЕНТР ФЕДЕРАЛЬНОГО МЕДИКО-БИОЛОГИЧЕСКОГО АГЕНТСТВА""";21.05.2026;02.06.2026;Закупка завершена;;;29.05.2026;
44-ФЗ;№0365100016326000250;Электронный аукцион;Поставка товара (Расходный материал для ортопедического отделения).;;'261702403854270240100100290623250244;;;10000000.00;RUB;0;;;;;;"ФЕДЕРАЛЬНОЕ ГОСУДАРСТВЕННОЕ БЮДЖЕТНОЕ УЧРЕЖДЕНИЕ ""СИБИРСКИЙ ФЕДЕРАЛЬНЫЙ НАУЧНО-КЛИНИЧЕСКИЙ ЦЕНТР ФЕДЕРАЛЬНОГО МЕДИКО-БИОЛОГИЧЕСКОГО АГЕНТСТВА""";"ФЕДЕРАЛЬНОЕ ГОСУДАРСТВЕННОЕ БЮДЖЕТНОЕ УЧРЕЖДЕНИЕ ""СИБИРСКИЙ ФЕДЕРАЛЬНЫЙ НАУЧНО-КЛИНИЧЕСКИЙ ЦЕНТР ФЕДЕРАЛЬНОГО МЕДИКО-БИОЛОГИЧЕСКОГО АГЕНТСТВА""";18.05.2026;02.06.2026;Закупка завершена;;;29.05.2026;
44-ФЗ;№0365400001626000234;Электронный аукцион;Поставка машины моющей/дезинфицирующей для хирургических инструментов/оборудования (поставка, ввод в эксплуатацию, инструктаж правилам эксплуатации) для нужд НИИ кардиологии Томского НИМЦ;;'261701901197970004300201690013250244;;;13123000.00;RUB;0;;;;;;"НАУЧНО-ИССЛЕДОВАТЕЛЬСКИЙ ИНСТИТУТ КАРДИОЛОГИИ - ФИЛИАЛ ФЕДЕРАЛЬНОГО ГОСУДАРСТВЕННОГО БЮДЖЕТНОГО НАУЧНОГО УЧРЕЖДЕНИЯ ""ТОМСКИЙ НАЦИОНАЛЬНЫЙ ИССЛЕДОВАТЕЛЬСКИЙ МЕДИЦИНСКИЙ ЦЕНТР РОССИЙСКОЙ АКАДЕМИИ НАУК""";"НАУЧНО-ИССЛЕДОВАТЕЛЬСКИЙ ИНСТИТУТ КАРДИОЛОГИИ - ФИЛИАЛ ФЕДЕРАЛЬНОГО ГОСУДАРСТВЕННОГО БЮДЖЕТНОГО НАУЧНОГО УЧРЕЖДЕНИЯ ""ТОМСКИЙ НАЦИОНАЛЬНЫЙ ИССЛЕДОВАТЕЛЬСКИЙ МЕДИЦИНСКИЙ ЦЕНТР РОССИЙСКОЙ АКАДЕМИИ НАУК""";21.05.2026;02.06.2026;Закупка завершена;;;29.05.2026;
44-ФЗ;№0351300058726000039;Запрос котировок в электронной форме на проведение работ по строительству, реконструкции, кап. ремонту, сносу объекта кап. строительства в соответствии с п. 8 ч. 1 ст. 33 Закона № 44-ФЗ ;"Выполнение работ по капитальному ремонту чердачного перекрытия здания ГБУЗ НСО ""ДГКБ № 1"" (г. Новосибирск, ул. Вертковская, 3)";;'262540700408654060100100520014120243;;;9660827.51;RUB;0;;;;;;"ГОСУДАРСТВЕННОЕ КАЗЕННОЕ УЧРЕЖДЕНИЕ НОВОСИБИРСКОЙ ОБЛАСТИ ""СЛУЖБА ТЕХНИЧЕСКОГО КОНТРОЛЯ И РАЗВИТИЯ МАТЕРИАЛЬНО-ТЕХНИЧЕСКОЙ БАЗЫ""";"ГОСУДАРСТВЕННОЕ КАЗЕННОЕ УЧРЕЖДЕНИЕ НОВОСИБИРСКОЙ ОБЛАСТИ ""СЛУЖБА ТЕХНИЧЕСКОГО КОНТРОЛЯ И РАЗВИТИЯ МАТЕРИАЛЬНО-ТЕХНИЧЕСКОЙ БАЗЫ""";25.05.2026;02.06.2026;Закупка завершена;;;01.06.2026;
44-ФЗ;№0139200000126006074;Электронный аукцион;Поставка лекарственных препаратов;;'262420534966442050100101150212120244;;;9492454.40;RUB;0;;;;;;"ГОСУДАРСТВЕННОЕ КАЗЕННОЕ УЧРЕЖДЕНИЕ ЗДРАВООХРАНЕНИЯ ""АГЕНТСТВО ПО ЗАКУПКАМ В СФЕРЕ ЗДРАВООХРАНЕНИЯ""";ДЕПАРТАМЕНТ КОНТРАКТНОЙ СИСТЕМЫ КУЗБАССА;15.05.2026;02.06.2026;Закупка завершена;;;01.06.2026;
44-ФЗ;№0319100004926000648;Электронный аукцион;№ 1320/26 на поставку быстровозводимого пневмокаркасного сооружения (БВПС) с комплектующими для нужд ФГБУ ФСНКЦ ФМБА России;;'261246200396224620100100320011392244;;;16804800.00;RUB;0;;;;;;"ФЕДЕРАЛЬНОЕ ГОСУДАРСТВЕННОЕ БЮДЖЕТНОЕ УЧРЕЖДЕНИЕ ""ФЕДЕРАЛЬНЫЙ СИБИРСКИЙ НАУЧНО-КЛИНИЧЕСКИЙ ЦЕНТР ФЕДЕРАЛЬНОГО МЕДИКО-БИОЛОГИЧЕСКОГО АГЕНТСТВА""";"ФЕДЕРАЛЬНОЕ ГОСУДАРСТВЕННОЕ БЮДЖЕТНОЕ УЧРЕЖДЕНИЕ ""ФЕДЕРАЛЬНЫЙ СИБИРСКИЙ НАУЧНО-КЛИНИЧЕСКИЙ ЦЕНТР ФЕДЕРАЛЬНОГО МЕДИКО-БИОЛОГИЧЕСКОГО АГЕНТСТВА""";20.05.2026;02.06.2026;Закупка завершена;;;28.05.2026;
44-ФЗ;№0112200000826002412;Открытый конкурс в электронной форме;Выполнение текущего ремонта подъездной дороги к с. Целинное Кызылского кожууна Республики Тыва;;'263171700254017170100100150024211244;;;30999999.99;RUB;0;;;;;;"АДМИНИСТРАЦИЯ МУНИЦИПАЛЬНОГО РАЙОНА ""КЫЗЫЛСКИЙ КОЖУУН"" РЕСПУБЛИКИ ТЫВА";МИНИСТЕРСТВО РЕСПУБЛИКИ ТЫВА ПО РЕГУЛИРОВАНИЮ КОНТРАКТНОЙ СИСТЕМЫ В СФЕРЕ ЗАКУПОК;14.05.2026;02.06.2026;Закупка завершена;;;01.06.2026;
44-ФЗ;№0339100006426000010;Электронный аукцион;Благоустройство территории здания учебного корпуса №3,расположенного по адресу: г.Кемерово,ул.40 лет Октября,17В (Капитальный ремонт);;'261420600771242050100100310014399243;;;5419000.60;RUB;0;;;;;;"ФЕДЕРАЛЬНОЕ ГОСУДАРСТВЕННОЕ БЮДЖЕТНОЕ ОБРАЗОВАТЕЛЬНОЕ УЧРЕЖДЕНИЕ ВЫСШЕГО ОБРАЗОВАНИЯ ""КЕМЕРОВСКИЙ ГОСУДАРСТВЕННЫЙ ИНСТИТУТ КУЛЬТУРЫ""";"ФЕДЕРАЛЬНОЕ ГОСУДАРСТВЕННОЕ БЮДЖЕТНОЕ ОБРАЗОВАТЕЛЬНОЕ УЧРЕЖДЕНИЕ ВЫСШЕГО ОБРАЗОВАНИЯ ""КЕМЕРОВСКИЙ ГОСУДАРСТВЕННЫЙ ИНСТИТУТ КУЛЬТУРЫ""";21.05.2026;02.06.2026;Закупка завершена;;;29.05.2026;
44-ФЗ;№0151200006026000038;Электронный аукцион;"Выполнение работ по строительству, проектированию и вводу в эксплуатацию объекта: ""Здание фельдшерско-акушерского пункта в п. Новоозерный Государственного бюджетного учреждения здравоохранения Новосибирской области ""Новосибирская районная больница №2""";;'262540650980054060100100900010000414;;;33157634.25;RUB;0;;;;;;"ГОСУДАРСТВЕННОЕ КАЗЕННОЕ УЧРЕЖДЕНИЕ НОВОСИБИРСКОЙ ОБЛАСТИ ""УПРАВЛЕНИЕ КАПИТАЛЬНОГО СТРОИТЕЛЬСТВА""";МИНИСТЕРСТВО СТРОИТЕЛЬСТВА НОВОСИБИРСКОЙ ОБЛАСТИ;21.05.2026;02.06.2026;Закупка завершена;;;29.05.2026;
44-ФЗ;№0122200002526001808;Электронный аукцион;Поставка многофункциональных устройств;;'262272119458927210100100350012620242;;;5453000.00;RUB;0;;;;;;МИНИСТЕРСТВО ЦИФРОВОГО РАЗВИТИЯ И СВЯЗИ ХАБАРОВСКОГО КРАЯ;КОМИТЕТ ГОСУДАРСТВЕННОГО ЗАКАЗА ПРАВИТЕЛЬСТВА ХАБАРОВСКОГО КРАЯ;19.05.2026;02.06.2026;Закупка завершена;;;29.05.2026;
44-ФЗ;№0191100000926000032;Электронный аукцион;Поставка системы кондиционирования;;'261753610313875360100100530012825244;;;7206000.00;RUB;0;;;;;;АРБИТРАЖНЫЙ СУД ЗАБАЙКАЛЬСКОГО КРАЯ;АРБИТРАЖНЫЙ СУД ЗАБАЙКАЛЬСКОГО КРАЯ;22.05.2026;02.06.2026;Закупка завершена;;;01.06.2026;
44-ФЗ;№0317300301926000728;Электронный аукцион;Поставка битума нефтяного дорожного;;'263222417452922240100100950011920244;;;12310500.00;RUB;0;;;;;;"МУНИЦИПАЛЬНОЕ БЮДЖЕТНОЕ УЧРЕЖДЕНИЕ ""АВТОДОРСТРОЙ"" Г.БАРНАУЛА";КОМИТЕТ МУНИЦИПАЛЬНОГО ЗАКАЗА ГОРОДА БАРНАУЛА;21.05.2026;02.06.2026;Закупка завершена;;;29.05.2026;
44-ФЗ;№0119200000126009217;Электронный аукцион на проведение работ по строительству, реконструкции, кап. ремонту, сносу объекта кап. строительства в соответствии с п. 8 ч. 1 ст. 33 Закона № 44-ФЗ;ЭА-№-9312/26 «Выполнение работ по строительству объекта капитального строительства: Модульная котельная в п. Синеборск Шушенского района»;;'262246621522024660100104740014120414;;;8714875.95;RUB;0;;;;;;"КРАЕВОЕ ГОСУДАРСТВЕННОЕ КАЗЕННОЕ УЧРЕЖДЕНИЕ ""УПРАВЛЕНИЕ КАПИТАЛЬНОГО СТРОИТЕЛЬСТВА""";АГЕНТСТВО ГОСУДАРСТВЕННОГО ЗАКАЗА КРАСНОЯРСКОГО КРАЯ;21.05.2026;02.06.2026;Закупка завершена;;;29.05.2026;
44-ФЗ;№0316100015226000106;Электронный аукцион;Поставка топлива дизельного зимнего;;'261143503369114350100101631061920244;;;15631952.00;RUB;0;;;;;;"ФЕДЕРАЛЬНОЕ БЮДЖЕТНОЕ УЧРЕЖДЕНИЕ ""АДМИНИСТРАЦИЯ ЛЕНСКОГО БАССЕЙНА ВНУТРЕННИХ ВОДНЫХ ПУТЕЙ""";"ФЕДЕРАЛЬНОЕ БЮДЖЕТНОЕ УЧРЕЖДЕНИЕ ""АДМИНИСТРАЦИЯ ЛЕНСКОГО БАССЕЙНА ВНУТРЕННИХ ВОДНЫХ ПУТЕЙ""";13.05.2026;02.06.2026;Закупка завершена;;;29.05.2026;
44-ФЗ;№0320100020626000018;Запрос котировок в электронной форме;Поставка мебели для номерного фонда;;'261253904908825430100100440013109244;;;8547156.00;RUB;0;;;;;;"ФЕДЕРАЛЬНОЕ БЮДЖЕТНОЕ ЛЕЧЕБНО-ПРОФИЛАКТИЧЕСКОЕ УЧРЕЖДЕНИЕ ""САНАТОРИЙ ""ЗОЛОТОЙ БЕРЕГ"" ФЕДЕРАЛЬНОЙ НАЛОГОВОЙ СЛУЖБЫ""";"ФЕДЕРАЛЬНОЕ БЮДЖЕТНОЕ ЛЕЧЕБНО-ПРОФИЛАКТИЧЕСКОЕ УЧРЕЖДЕНИЕ ""САНАТОРИЙ ""ЗОЛОТОЙ БЕРЕГ"" ФЕДЕРАЛЬНОЙ НАЛОГОВОЙ СЛУЖБЫ""";22.05.2026;02.06.2026;Закупка завершена;;;29.05.2026;
44-ФЗ;№0120300006526000166;Электронный аукцион;Оказание услуг по осуществлению деятельности по обращению с животными без владельцев на территории Уссурийского городского округа Приморского края;;'263251100409425110100101010017500244;;;5286600.00;RUB;0;;;;;;АДМИНИСТРАЦИЯ УССУРИЙСКОГО ГОРОДСКОГО ОКРУГА ПРИМОРСКОГО КРАЯ;АДМИНИСТРАЦИЯ УССУРИЙСКОГО ГОРОДСКОГО ОКРУГА ПРИМОРСКОГО КРАЯ;22.05.2026;02.06.2026;Закупка завершена;;;01.06.2026;
44-ФЗ;№0188300005426000084;Запрос котировок в электронной форме;Ремонт основания и травмобезопасного покрытия детских площадок в городском округе Анадырь;;'263870900238787090100100390014399244;;;7893687.99;RUB;0;;;;;;АДМИНИСТРАЦИЯ ГОРОДСКОГО ОКРУГА АНАДЫРЬ;АДМИНИСТРАЦИЯ ГОРОДСКОГО ОКРУГА АНАДЫРЬ;23.05.2026;02.06.2026;Закупка завершена;;;29.05.2026;
44-ФЗ;№0361200015026002322;Запрос котировок в электронной форме;Выполнение работ по восстановлению изношенных верхних слоев асфальтобетонных покрытий на автомобильной дороге Невельск - Томари - аэропорт Шахтерск на участке км 5+977 - км 10+150;;'262650115503865010100100680014211244;;;9985909.39;RUB;0;;;;;;"ГОСУДАРСТВЕННОЕ КАЗЕННОЕ УЧРЕЖДЕНИЕ ""УПРАВЛЕНИЕ АВТОМОБИЛЬНЫХ ДОРОГ САХАЛИНСКОЙ ОБЛАСТИ""";"ГОСУДАРСТВЕННОЕ КАЗЕННОЕ УЧРЕЖДЕНИЕ ""ЦЕНТР ГОСУДАРСТВЕННЫХ ЗАКУПОК САХАЛИНСКОЙ ОБЛАСТИ""";25.05.2026;02.06.2026;Закупка завершена;;;01.06.2026;
44-ФЗ;№0347300000526000253;Электронный аукцион;Текущий ремонт автомобильной дороги по улице Королёва на участке от дома №13 до дома №21Б в пгт.Сокол;;'263490901377349090100100320014211244;;;76632000.00;RUB;0;;;;;;ДЕПАРТАМЕНТ СТРОИТЕЛЬСТВА, АРХИТЕКТУРЫ, ТЕХНИЧЕСКОГО И ЭКОЛОГИЧЕСКОГО КОНТРОЛЯ МЭРИИ ГОРОДА МАГАДАНА;МЭРИЯ ГОРОДА МАГАДАНА;21.05.2026;02.06.2026;Закупка завершена;;;01.06.2026;
44-ФЗ;№0347300000526000234;Электронный аукцион;"Поставка многофункциональной комбинированной машины ""Чистик"" с навесным оборудованием в комплекте или эквивалент";;'263490901344549090100100450022910244;;;10783333.33;RUB;0;;;;;;ДЕПАРТАМЕНТ ЖИЛИЩНО-КОММУНАЛЬНОГО ХОЗЯЙСТВА И КОММУНАЛЬНОЙ ИНФРАСТРУКТУРЫ МЭРИИ ГОРОДА МАГАДАНА;МЭРИЯ ГОРОДА МАГАДАНА;19.05.2026;02.06.2026;Закупка завершена;;;01.06.2026;
44-ФЗ;№0188300005426000096;Запрос котировок в электронной форме;Выполнение работ по ремонту муниципального жилого фонда ;;'263870900238787090100100380074399244;;;5350261.32;RUB;0;;;;;;АДМИНИСТРАЦИЯ ГОРОДСКОГО ОКРУГА АНАДЫРЬ;АДМИНИСТРАЦИЯ ГОРОДСКОГО ОКРУГА АНАДЫРЬ;23.05.2026;02.06.2026;Закупка завершена;;;29.05.2026;
44-ФЗ;№0188300005426000097;Запрос котировок в электронной форме;Ремонт основания и травмобезопасного покрытия детских площадок в городском округе Анадырь;;'263870900238787090100100390054399244;;;9386079.04;RUB;0;;;;;;АДМИНИСТРАЦИЯ ГОРОДСКОГО ОКРУГА АНАДЫРЬ;АДМИНИСТРАЦИЯ ГОРОДСКОГО ОКРУГА АНАДЫРЬ;23.05.2026;02.06.2026;Закупка завершена;;;29.05.2026;
44-ФЗ;№0122300000926000029;Электронный аукцион на проведение работ по строительству, реконструкции, кап. ремонту, сносу объекта кап. строительства в соответствии с п. 8 ч. 1 ст. 33 Закона № 44-ФЗ;"Капитальный ремонт автомобильной дороги по ул. Цыганкова в городском поселении ""Рабочий поселок Ванино"" Ванинского муниципального района Хабаровского края";;'263270901105227090100100570024211243;;;139295129.00;RUB;0;;;;;;"АДМИНИСТРАЦИЯ ГОРОДСКОГО ПОСЕЛЕНИЯ ""РАБОЧИЙ ПОСЕЛОК ВАНИНО"" ВАНИНСКОГО МУНИЦИПАЛЬНОГО РАЙОНА ХАБАРОВСКОГО КРАЯ";"АДМИНИСТРАЦИЯ ГОРОДСКОГО ПОСЕЛЕНИЯ ""РАБОЧИЙ ПОСЕЛОК ВАНИНО"" ВАНИНСКОГО МУНИЦИПАЛЬНОГО РАЙОНА ХАБАРОВСКОГО КРАЯ";22.05.2026;02.06.2026;Закупка завершена;;;01.06.2026;
44-ФЗ;№0888500000226000290;Электронный аукцион;"Выполнение работ по текущему ремонту в главном корпусе (ЛитА; Туберкулезного отделения) по адресу: 689202, Чукотский АО, пгт. Эгвекинот, ул. Ленина, 25";;'262870900476187090100100720014339244;;;23419246.37;RUB;0;;;;;;"ГОСУДАРСТВЕННОЕ БЮДЖЕТНОЕ УЧРЕЖДЕНИЕ ЗДРАВООХРАНЕНИЯ ""ЧУКОТСКАЯ ОКРУЖНАЯ БОЛЬНИЦА""";"ГОСУДАРСТВЕННОЕ КАЗЁННОЕ УЧРЕЖДЕНИЕ ""УПРАВЛЕНИЕ ГОСУДАРСТВЕННЫХ ЗАКУПОК ЧУКОТСКОГО АВТОНОМНОГО ОКРУГА""";21.05.2026;02.06.2026;Закупка завершена;;;29.05.2026;
44-ФЗ;№0120300014526000026;Электронный аукцион;Выполнение работ по покосу травы на территории Шкотовского муниципального округа Приморского края в июне, июле 2026 года;;'263250301664225030100100340014312244;;;5045789.16;RUB;0;;;;;;АДМИНИСТРАЦИЯ ШКОТОВСКОГО МУНИЦИПАЛЬНОГО ОКРУГА;АДМИНИСТРАЦИЯ ШКОТОВСКОГО МУНИЦИПАЛЬНОГО ОКРУГА;21.05.2026;02.06.2026;Закупка завершена;;;01.06.2026;
44-ФЗ;№0848300047226000245;Открытый конкурс в электронной форме;Выполнение работ по замене детских игровых площадок на дворовых территориях и территориях общего пользования г.о. Красногорск (II);;'263502414000650240100100900010000244;;;30628687.50;RUB;0;;;;;;"МУНИЦИПАЛЬНОЕ БЮДЖЕТНОЕ УЧРЕЖДЕНИЕ "" КРАСНОГОРСКАЯ ГОРОДСКАЯ СЛУЖБА""";"МУНИЦИПАЛЬНОЕ КАЗЕННОЕ УЧРЕЖДЕНИЕ ""КРАСНОГОРСКИЙ ЦЕНТР ТОРГОВ""";16.04.2026;02.06.2026;Закупка завершена;;;06.05.2026;
44-ФЗ;№0848300047226000252;Открытый конкурс в электронной форме;Выполнение работ по замене детских игровых площадок на дворовых территориях и территориях общего пользования г.о. Красногорск (III);;'263502414000650240100101000010000244;;;34232062.50;RUB;0;;;;;;"МУНИЦИПАЛЬНОЕ БЮДЖЕТНОЕ УЧРЕЖДЕНИЕ "" КРАСНОГОРСКАЯ ГОРОДСКАЯ СЛУЖБА""";"МУНИЦИПАЛЬНОЕ КАЗЕННОЕ УЧРЕЖДЕНИЕ ""КРАСНОГОРСКИЙ ЦЕНТР ТОРГОВ""";20.04.2026;02.06.2026;Закупка завершена;;;08.05.2026;
44-ФЗ;№0338200008726000017;Электронный аукцион на проведение работ по строительству, реконструкции, кап. ремонту, сносу объекта кап. строительства в соответствии с п. 8 ч. 1 ст. 33 Закона № 44-ФЗ;Капитальный ремонт мостового перехода через р. Плотникова на автомобильной дороге Петропавловск-Камчатский  – Мильково км 87+474;;'262410112488141010100100400164211243;;;269260059.09;RUB;0;;;;;;"КРАЕВОЕ ГОСУДАРСТВЕННОЕ КАЗЕННОЕ УЧРЕЖДЕНИЕ ""УПРАВЛЕНИЕ АВТОМОБИЛЬНЫХ ДОРОГ КАМЧАТСКОГО КРАЯ""";"КРАЕВОЕ ГОСУДАРСТВЕННОЕ КАЗЕННОЕ УЧРЕЖДЕНИЕ ""УПРАВЛЕНИЕ АВТОМОБИЛЬНЫХ ДОРОГ КАМЧАТСКОГО КРАЯ""";18.05.2026;02.06.2026;Закупка завершена;;;01.06.2026;
44-ФЗ;№0150600012726000004;Запрос котировок в электронной форме;Выполнение работ по летнему содержанию автомобильных дорог общего пользования местного значения, Ракомского функционального отдела, Новгородского муниципального округа, Новгородской области в 2026 году ;;'263530002293553000100100050014211244;;;5237865.60;RUB;0;;;;;;РАКОМСКОЕ ФУНКЦИОНАЛЬНОЕ УПРАВЛЕНИЕ АДМИНИСТРАЦИИ НОВГОРОДСКОГО МУНИЦИПАЛЬНОГО ОКРУГА НОВГОРОДСКОЙ ОБЛАСТИ;РАКОМСКОЕ ФУНКЦИОНАЛЬНОЕ УПРАВЛЕНИЕ АДМИНИСТРАЦИИ НОВГОРОДСКОГО МУНИЦИПАЛЬНОГО ОКРУГА НОВГОРОДСКОЙ ОБЛАСТИ;25.05.2026;01.06.2026;Закупка завершена;;;01.06.2026;
44-ФЗ;№0372100049626001136;Электронный аукцион;Поставка оксигенаторов мембранных экстракорпоральных с расходными материалами, которые совместимы с такими медицинскими изделиями;;'261780203042978140100100145040000244;;;104942072.71;RUB;0;;;;;;"ФЕДЕРАЛЬНОЕ ГОСУДАРСТВЕННОЕ БЮДЖЕТНОЕ УЧРЕЖДЕНИЕ ""НАЦИОНАЛЬНЫЙ МЕДИЦИНСКИЙ ИССЛЕДОВАТЕЛЬСКИЙ ЦЕНТР ИМЕНИ В.А. АЛМАЗОВА"" МИНИСТЕРСТВА ЗДРАВООХРАНЕНИЯ РОССИЙСКОЙ ФЕДЕРАЦИИ";"ФЕДЕРАЛЬНОЕ ГОСУДАРСТВЕННОЕ БЮДЖЕТНОЕ УЧРЕЖДЕНИЕ ""НАЦИОНАЛЬНЫЙ МЕДИЦИНСКИЙ ИССЛЕДОВАТЕЛЬСКИЙ ЦЕНТР ИМЕНИ В.А. АЛМАЗОВА"" МИНИСТЕРСТВА ЗДРАВООХРАНЕНИЯ РОССИЙСКОЙ ФЕДЕРАЦИИ";21.05.2026;01.06.2026;Закупка завершена;;;29.05.2026;
44-ФЗ;№0372100049626001148;Электронный аукцион;Поставка лекарственного препарата МНН ИММУНОГЛОБУЛИН ЧЕЛОВЕКА НОРМАЛЬНЫЙ;;'261780203042978140100100132862120244;;;7345975.00;RUB;0;;;;;;"ФЕДЕРАЛЬНОЕ ГОСУДАРСТВЕННОЕ БЮДЖЕТНОЕ УЧРЕЖДЕНИЕ ""НАЦИОНАЛЬНЫЙ МЕДИЦИНСКИЙ ИССЛЕДОВАТЕЛЬСКИЙ ЦЕНТР ИМЕНИ В.А. АЛМАЗОВА"" МИНИСТЕРСТВА ЗДРАВООХРАНЕНИЯ РОССИЙСКОЙ ФЕДЕРАЦИИ";"ФЕДЕРАЛЬНОЕ ГОСУДАРСТВЕННОЕ БЮДЖЕТНОЕ УЧРЕЖДЕНИЕ ""НАЦИОНАЛЬНЫЙ МЕДИЦИНСКИЙ ИССЛЕДОВАТЕЛЬСКИЙ ЦЕНТР ИМЕНИ В.А. АЛМАЗОВА"" МИНИСТЕРСТВА ЗДРАВООХРАНЕНИЯ РОССИЙСКОЙ ФЕДЕРАЦИИ";21.05.2026;01.06.2026;Закупка завершена;;;29.05.2026;
44-ФЗ;№0372200223126000011;Открытый конкурс в электронной форме;Оказание услуг по организации и проведению Всероссийского форума для экскурсоводов (гидов), гидов-переводчиков и представителей музейного сообщества (научных сотрудников музеев, музейных экскурсоводов и методистов);;'262782543560878410100100340017990244;;;27035166.67;RUB;0;;;;;;"САНКТ-ПЕТЕРБУРГСКОЕ ГОСУДАРСТВЕННОЕ БЮДЖЕТНОЕ УЧРЕЖДЕНИЕ ""ГОРОДСКОЕ ТУРИСТСКО-ИНФОРМАЦИОННОЕ БЮРО""";"САНКТ-ПЕТЕРБУРГСКОЕ ГОСУДАРСТВЕННОЕ БЮДЖЕТНОЕ УЧРЕЖДЕНИЕ ""ГОРОДСКОЕ ТУРИСТСКО-ИНФОРМАЦИОННОЕ БЮРО""";20.04.2026;01.06.2026;Закупка завершена;;;06.05.2026;
44-ФЗ;№0348200053426000005;Электронный аукцион;Выполнение работ по санитарной обрезке ветвей (кронирования), вырубке, валке и разделке деревьев с последующей их погрузкой и вывозом с территории объектов ГБПОУ МО «Московский областной медицинский колледж»;;'262770206130377020100100230018130244;;;5806138.11;RUB;0;;;;;;"ГОСУДАРСТВЕННОЕ БЮДЖЕТНОЕ ПРОФЕССИОНАЛЬНОЕ ОБРАЗОВАТЕЛЬНОЕ УЧРЕЖДЕНИЕ МОСКОВСКОЙ ОБЛАСТИ ""МОСКОВСКИЙ ОБЛАСТНОЙ МЕДИЦИНСКИЙ КОЛЛЕДЖ""";"ГОСУДАРСТВЕННОЕ БЮДЖЕТНОЕ ПРОФЕССИОНАЛЬНОЕ ОБРАЗОВАТЕЛЬНОЕ УЧРЕЖДЕНИЕ МОСКОВСКОЙ ОБЛАСТИ ""МОСКОВСКИЙ ОБЛАСТНОЙ МЕДИЦИНСКИЙ КОЛЛЕДЖ""";21.05.2026;01.06.2026;Закупка завершена;;;01.06.2026;
44-ФЗ;№0848500004326000005;Электронный аукцион;Оказание услуг по продлению с расширением права использования на условиях простой (неисключительной) лицензии программного обеспечения мониторинга событий информационной безопасности MaxPatrol SIEM;;'262502420364050240100100830015829242;;;76047768.15;RUB;0;;;;;;"ГОСУДАРСТВЕННОЕ КАЗЕННОЕ УЧРЕЖДЕНИЕ МОСКОВСКОЙ ОБЛАСТИ ""ЦЕНТР ИНФОРМАЦИОННОЙ БЕЗОПАСНОСТИ МОСКОВСКОЙ ОБЛАСТИ""";"ГОСУДАРСТВЕННОЕ КАЗЕННОЕ УЧРЕЖДЕНИЕ МОСКОВСКОЙ ОБЛАСТИ ""ЦЕНТР ИНФОРМАЦИОННОЙ БЕЗОПАСНОСТИ МОСКОВСКОЙ ОБЛАСТИ""";21.05.2026;01.06.2026;Закупка завершена;;;29.05.2026;
44-ФЗ;№0348200081026002824;Электронный аукцион;Поставка медицинской мебели - лот 34.9.3;;'262502406865650240100118440013250244;;;18816547.51;RUB;0;;;;;;"ГОСУДАРСТВЕННОЕ КАЗЕННОЕ УЧРЕЖДЕНИЕ МОСКОВСКОЙ ОБЛАСТИ ""ДИРЕКЦИЯ ЕДИНОГО ЗАКАЗЧИКА МИНИСТЕРСТВА ЗДРАВООХРАНЕНИЯ МОСКОВСКОЙ ОБЛАСТИ""";"ГОСУДАРСТВЕННОЕ КАЗЕННОЕ УЧРЕЖДЕНИЕ МОСКОВСКОЙ ОБЛАСТИ ""ДИРЕКЦИЯ ЕДИНОГО ЗАКАЗЧИКА МИНИСТЕРСТВА ЗДРАВООХРАНЕНИЯ МОСКОВСКОЙ ОБЛАСТИ""";13.05.2026;01.06.2026;Закупка завершена;;;21.05.2026;
44-ФЗ;№0373100027526000020;Электронный аукцион;Друк-фильтр, Нутч-фильтр;;'261773602943577360100100410010000244;;;5766666.66;RUB;0;;;;;;ФЕДЕРАЛЬНОЕ ГОСУДАРСТВЕННОЕ БЮДЖЕТНОЕ УЧРЕЖДЕНИЕ НАУКИ ИНСТИТУТ ОРГАНИЧЕСКОЙ ХИМИИ ИМ. Н.Д. ЗЕЛИНСКОГО РОССИЙСКОЙ АКАДЕМИИ НАУК;ФЕДЕРАЛЬНОЕ ГОСУДАРСТВЕННОЕ БЮДЖЕТНОЕ УЧРЕЖДЕНИЕ НАУКИ ИНСТИТУТ ОРГАНИЧЕСКОЙ ХИМИИ ИМ. Н.Д. ЗЕЛИНСКОГО РОССИЙСКОЙ АКАДЕМИИ НАУК;20.05.2026;01.06.2026;Закупка завершена;;;28.05.2026;
44-ФЗ;№0373100027526000019;Электронный аукцион;Ротационный испаритель;;'261773602943577360100100490012829244;;;5967333.34;RUB;0;;;;;;ФЕДЕРАЛЬНОЕ ГОСУДАРСТВЕННОЕ БЮДЖЕТНОЕ УЧРЕЖДЕНИЕ НАУКИ ИНСТИТУТ ОРГАНИЧЕСКОЙ ХИМИИ ИМ. Н.Д. ЗЕЛИНСКОГО РОССИЙСКОЙ АКАДЕМИИ НАУК;ФЕДЕРАЛЬНОЕ ГОСУДАРСТВЕННОЕ БЮДЖЕТНОЕ УЧРЕЖДЕНИЕ НАУКИ ИНСТИТУТ ОРГАНИЧЕСКОЙ ХИМИИ ИМ. Н.Д. ЗЕЛИНСКОГО РОССИЙСКОЙ АКАДЕМИИ НАУК;20.05.2026;01.06.2026;Закупка завершена;;;28.05.2026;
44-ФЗ;№0148200005426000208;Открытый конкурс в электронной форме;Выполнение работ по круглогодичному содержанию автомобильных дорог регионального или межмуниципального значения Московской области и их элементов (Лот 41);;'262500000152550240100107520014211244;;;272367442.48;RUB;0;;;;;;"ГОСУДАРСТВЕННОЕ БЮДЖЕТНОЕ УЧРЕЖДЕНИЕ МОСКОВСКОЙ ОБЛАСТИ ""МОСАВТОДОР""";КОМИТЕТ ПО КОНКУРЕНТНОЙ ПОЛИТИКЕ МОСКОВСКОЙ ОБЛАСТИ;13.05.2026;01.06.2026;Закупка завершена;;;01.06.2026;
44-ФЗ;№0857500000126000173;Запрос котировок в электронной форме;Поставка лекарственного препарата для медицинского применения РУКСОЛИТИНИБ (в целях социального обеспечения граждан);;'262600000367660000100101970012120323;;;14516376.00;RUB;0;;;;;;"ГОСУДАРСТВЕННОЕ КАЗЕННОЕ УЧРЕЖДЕНИЕ ЗДРАВООХРАНЕНИЯ ПСКОВСКОЙ ОБЛАСТИ ""УПРАВЛЕНИЕ ЛЕКАРСТВЕННОГО И МЕДИЦИНСКОГО ОБЕСПЕЧЕНИЯ""";"ГОСУДАРСТВЕННОЕ КАЗЕННОЕ УЧРЕЖДЕНИЕ ЗДРАВООХРАНЕНИЯ ПСКОВСКОЙ ОБЛАСТИ ""УПРАВЛЕНИЕ ЛЕКАРСТВЕННОГО И МЕДИЦИНСКОГО ОБЕСПЕЧЕНИЯ""";20.05.2026;01.06.2026;Закупка завершена;;;01.06.2026;
44-ФЗ;№0373200329726000073;Электронный аукцион;Оказание услуг по уборке внутренних помещений зданий и уборке и содержанию прилегающей территории образовательных организаций, подведомственных Департаменту образования и науки города Москвы, в 2026-2027 годах (палаточные лагеря Василевский. Нахимов. Суворов Багратион);;'262772302967877010100101180010000244;;;11381363.10;RUB;0;;;;;;"ГОСУДАРСТВЕННОЕ БЮДЖЕТНОЕ ОБРАЗОВАТЕЛЬНОЕ УЧРЕЖДЕНИЕ ДОПОЛНИТЕЛЬНОГО ПРОФЕССИОНАЛЬНОГО ОБРАЗОВАНИЯ ГОРОДА МОСКВЫ ""МОСКОВСКИЙ ЦЕНТР ВОСПИТАТЕЛЬНЫХ ПРАКТИК""";"ГОСУДАРСТВЕННОЕ БЮДЖЕТНОЕ ОБРАЗОВАТЕЛЬНОЕ УЧРЕЖДЕНИЕ ДОПОЛНИТЕЛЬНОГО ПРОФЕССИОНАЛЬНОГО ОБРАЗОВАНИЯ ГОРОДА МОСКВЫ ""МОСКОВСКИЙ ЦЕНТР ВОСПИТАТЕЛЬНЫХ ПРАКТИК""";12.05.2026;01.06.2026;Закупка завершена;;;20.05.2026;
44-ФЗ;№0373100095226000462;Электронный аукцион;Поставка медицинских изделий;;'261770613767377060100100091043250244;;;6569609.00;RUB;0;;;;;;"ФЕДЕРАЛЬНОЕ ГОСУДАРСТВЕННОЕ БЮДЖЕТНОЕ УЧРЕЖДЕНИЕ ""НАЦИОНАЛЬНЫЙ МЕДИЦИНСКИЙ ИССЛЕДОВАТЕЛЬСКИЙ ЦЕНТР СЕРДЕЧНО-СОСУДИСТОЙ ХИРУРГИИ ИМЕНИ А.Н. БАКУЛЕВА"" МИНИСТЕРСТВА ЗДРАВООХРАНЕНИЯ РОССИЙСКОЙ ФЕДЕРАЦИИ";"ФЕДЕРАЛЬНОЕ ГОСУДАРСТВЕННОЕ БЮДЖЕТНОЕ УЧРЕЖДЕНИЕ ""НАЦИОНАЛЬНЫЙ МЕДИЦИНСКИЙ ИССЛЕДОВАТЕЛЬСКИЙ ЦЕНТР СЕРДЕЧНО-СОСУДИСТОЙ ХИРУРГИИ ИМЕНИ А.Н. БАКУЛЕВА"" МИНИСТЕРСТВА ЗДРАВООХРАНЕНИЯ РОССИЙСКОЙ ФЕДЕРАЦИИ";22.05.2026;01.06.2026;Закупка завершена;;;01.06.2026;
44-ФЗ;№0335200014926001826;Электронный аукцион;Поставка медицинского изделия (Устройство для подготовки и окрашивания препаратов на предметном стекле ИВД (Тип 2)) ввод в эксплуатацию медицинского изделия, обучение правилам эксплуатации специалистов, эксплуатирующих медицинское изделие;;'262390605481139060100100150020000244;;;12138825.00;RUB;0;;;;;;"ГОСУДАРСТВЕННОЕ БЮДЖЕТНОЕ УЧРЕЖДЕНИЕ ЗДРАВООХРАНЕНИЯ ""БЮРО СУДЕБНО-МЕДИЦИНСКОЙ ЭКСПЕРТИЗЫ КАЛИНИНГРАДСКОЙ ОБЛАСТИ""";"ГОСУДАРСТВЕННОЕ КАЗЕННОЕ УЧРЕЖДЕНИЕ КАЛИНИНГРАДСКОЙ ОБЛАСТИ ""ЦЕНТР ОБЕСПЕЧЕНИЯ ОРГАНИЗАЦИИ И ПРОВЕДЕНИЯ ТОРГОВ""";18.05.2026;01.06.2026;Закупка завершена;;;01.06.2026;
44-ФЗ;№0373200024426000811;Электронный аукцион;Электронный аукцион на поставку расходных материалов для оперблока;;'262772000185077200100108350010000244;;;9999918.50;RUB;0;;;;;;"ГОСУДАРСТВЕННОЕ БЮДЖЕТНОЕ УЧРЕЖДЕНИЕ ЗДРАВООХРАНЕНИЯ ГОРОДА МОСКВЫ ""ГОРОДСКАЯ КЛИНИЧЕСКАЯ БОЛЬНИЦА № 15 ИМЕНИ О.М. ФИЛАТОВА ДЕПАРТАМЕНТА ЗДРАВООХРАНЕНИЯ ГОРОДА МОСКВЫ""";"ГОСУДАРСТВЕННОЕ БЮДЖЕТНОЕ УЧРЕЖДЕНИЕ ЗДРАВООХРАНЕНИЯ ГОРОДА МОСКВЫ ""ГОРОДСКАЯ КЛИНИЧЕСКАЯ БОЛЬНИЦА № 15 ИМЕНИ О.М. ФИЛАТОВА ДЕПАРТАМЕНТА ЗДРАВООХРАНЕНИЯ ГОРОДА МОСКВЫ""";22.05.2026;01.06.2026;Закупка завершена;;;01.06.2026;
44-ФЗ;№0335200014926001679;Электронный аукцион;Поставка товара (автомобиль для перевозки лиц с ограниченными возможностями);;'262392400214039240100100030022910244;;;5798000.00;RUB;0;;;;;;"ГОСУДАРСТВЕННОЕ БЮДЖЕТНОЕ СТАЦИОНАРНОЕ УЧРЕЖДЕНИЕ СОЦИАЛЬНОГО ОБСЛУЖИВАНИЯ КАЛИНИНГРАДСКОЙ ОБЛАСТИ ""ДОМ СОЦИАЛЬНОГО УХОДА ""СЕРЕБРЯНЫЙ РОДНИК""";"ГОСУДАРСТВЕННОЕ КАЗЕННОЕ УЧРЕЖДЕНИЕ КАЛИНИНГРАДСКОЙ ОБЛАСТИ ""ЦЕНТР ОБЕСПЕЧЕНИЯ ОРГАНИЗАЦИИ И ПРОВЕДЕНИЯ ТОРГОВ""";07.05.2026;01.06.2026;Закупка завершена;;;21.05.2026;
44-ФЗ;№0114300002526000006;Открытый конкурс в электронной форме;Выполнение работ по ремонту дороги по ул. Суворова с благоустройством прилегающей территории;;'263060328467306030100100080014211244;;;22000000.00;RUB;0;;;;;;"АДМИНИСТРАЦИЯ МУНИЦИПАЛЬНОГО ОБРАЗОВАНИЯ ""ГОРОДСКОЙ ОКРУГ ГОРОД СУНЖА""";"АДМИНИСТРАЦИЯ МУНИЦИПАЛЬНОГО ОБРАЗОВАНИЯ ""ГОРОДСКОЙ ОКРУГ ГОРОД СУНЖА""";12.05.2026;01.06.2026;Закупка завершена;;;29.05.2026;
44-ФЗ;№0373200524026000002;Электронный аукцион;Оказание услуг по уборке и содержанию прилегающей территории образовательных организаций, подведомственных Департаменту образования и науки города Москвы, в 2026-2027 годах;;262771903347077190100100180010000244, 262771301781077250100100160010000244, 262771982593477190100100220010000244;;;28504870.57;RUB;0;;;;;;;"ГОСУДАРСТВЕННОЕ БЮДЖЕТНОЕ ОБЩЕОБРАЗОВАТЕЛЬНОЕ УЧРЕЖДЕНИЕ ГОРОДА МОСКВЫ ""ШКОЛА № 1290""";30.03.2026;01.06.2026;Закупка завершена;;;07.04.2026;
44-ФЗ;№0335200014926001798;Электронный аукцион;на поставку лекарственных препаратов для медицинского применения (МНН: ПАЗОПАНИБ);;'262391751525339060100100181220000323;;;5076086.40;RUB;0;;;;;;"ГОСУДАРСТВЕННОЕ КАЗЕННОЕ УЧРЕЖДЕНИЕ ""КАЛИНИНГРАДСКАЯ ОБЛАСТНАЯ ФАРМАЦЕВТИЧЕСКАЯ КОМПАНИЯ""";"ГОСУДАРСТВЕННОЕ КАЗЕННОЕ УЧРЕЖДЕНИЕ КАЛИНИНГРАДСКОЙ ОБЛАСТИ ""ЦЕНТР ОБЕСПЕЧЕНИЯ ОРГАНИЗАЦИИ И ПРОВЕДЕНИЯ ТОРГОВ""";18.05.2026;01.06.2026;Закупка завершена;;;29.05.2026;
44-ФЗ;№0103200008426004541;Электронный аукцион;Поставка медицинского оборудования (лапар);;'262056204150205720100100011870000244;;;11900000.00;RUB;0;;;;;;"ГОСУДАРСТВЕННОЕ БЮДЖЕТНОЕ УЧРЕЖДЕНИЕ РЕСПУБЛИКИ ДАГЕСТАН ""РЕСПУБЛИКАНСКАЯ КЛИНИЧЕСКАЯ БОЛЬНИЦА ИМЕНИ А.В. ВИШНЕВСКОГО""";КОМИТЕТ ПО ГОСУДАРСТВЕННЫМ ЗАКУПКАМ РЕСПУБЛИКИ ДАГЕСТАН;20.05.2026;01.06.2026;Закупка завершена;;;01.06.2026;
44-ФЗ;№0335200014926001743;Электронный аукцион;Поставка товара (автомобиль для перевозки лиц с ограниченными возможностями);;262391102732339110100100090012910244, 262391200614039120100100040022910244, 262392200051739220100100080022910244;;;12000000.00;RUB;0;;;;;;;"ГОСУДАРСТВЕННОЕ КАЗЕННОЕ УЧРЕЖДЕНИЕ КАЛИНИНГРАДСКОЙ ОБЛАСТИ ""ЦЕНТР ОБЕСПЕЧЕНИЯ ОРГАНИЗАЦИИ И ПРОВЕДЕНИЯ ТОРГОВ""";13.05.2026;01.06.2026;Закупка завершена;;;28.05.2026;
44-ФЗ;№0335200014926001902;Электронный аукцион;"""Проведение аварийно-восстановительных работ на участках Балтийского моря в районе лестничного спуска в п. Заостровье в целях ликвидации и предупреждения чрезвычайной ситуации регионального характера""";;'262391201264039120100100150014291244;;;43652365.20;RUB;0;;;;;;"ГОСУДАРСТВЕННОЕ БЮДЖЕТНОЕ УЧРЕЖДЕНИЕ КАЛИНИНГРАДСКОЙ ОБЛАСТИ ""БАЛТБЕРЕГОЗАЩИТА""";"ГОСУДАРСТВЕННОЕ КАЗЕННОЕ УЧРЕЖДЕНИЕ КАЛИНИНГРАДСКОЙ ОБЛАСТИ ""ЦЕНТР ОБЕСПЕЧЕНИЯ ОРГАНИЗАЦИИ И ПРОВЕДЕНИЯ ТОРГОВ""";21.05.2026;01.06.2026;Закупка завершена;;;29.05.2026;
44-ФЗ;№0335200014926001881;Электронный аукцион;"Выполнение работ по объекту: ""Ремонт ул. Балтийская в г. Ладушкин Калининградской области»";;'263391500460939150100100220014211244;;;12229195.00;RUB;0;;;;;;"АДМИНИСТРАЦИЯ МУНИЦИПАЛЬНОГО ОБРАЗОВАНИЯ""ЛАДУШКИНСКИЙ ГОРОДСКОЙ ОКРУГ""";"ГОСУДАРСТВЕННОЕ КАЗЕННОЕ УЧРЕЖДЕНИЕ КАЛИНИНГРАДСКОЙ ОБЛАСТИ ""ЦЕНТР ОБЕСПЕЧЕНИЯ ОРГАНИЗАЦИИ И ПРОВЕДЕНИЯ ТОРГОВ""";20.05.2026;01.06.2026;Закупка завершена;;;28.05.2026;
44-ФЗ;№0348100007526000043;Электронный аукцион;Центрифуга декантерная;;'261502703128450270100100490412829244;;;5935833.33;RUB;0;;;;;;"ФЕДЕРАЛЬНОЕ ГОСУДАРСТВЕННОЕ БЮДЖЕТНОЕ НАУЧНОЕ УЧРЕЖДЕНИЕ ""ФЕДЕРАЛЬНЫЙ ИССЛЕДОВАТЕЛЬСКИЙ ЦЕНТР КАРТОФЕЛЯ ИМЕНИ А.Г. ЛОРХА""";"ФЕДЕРАЛЬНОЕ ГОСУДАРСТВЕННОЕ БЮДЖЕТНОЕ НАУЧНОЕ УЧРЕЖДЕНИЕ ""ФЕДЕРАЛЬНЫЙ ИССЛЕДОВАТЕЛЬСКИЙ ЦЕНТР КАРТОФЕЛЯ ИМЕНИ А.Г. ЛОРХА""";20.05.2026;01.06.2026;Закупка завершена;;;28.05.2026;
44-ФЗ;№0373100015826000209;Электронный аукцион;Оказание услуг (227);;'261773124346777310100100072270000000;;;116760000.00;RUB;0;;;;;;"ФЕДЕРАЛЬНОЕ ГОСУДАРСТВЕННОЕ БЮДЖЕТНОЕ УЧРЕЖДЕНИЕ ""НАЦИОНАЛЬНЫЙ МЕДИЦИНСКИЙ ИССЛЕДОВАТЕЛЬСКИЙ ЦЕНТР КАРДИОЛОГИИ ИМЕНИ АКАДЕМИКА Е.И. ЧАЗОВА"" МИНИСТЕРСТВА ЗДРАВООХРАНЕНИЯ РОССИЙСКОЙ ФЕДЕРАЦИИ";"ФЕДЕРАЛЬНОЕ ГОСУДАРСТВЕННОЕ БЮДЖЕТНОЕ УЧРЕЖДЕНИЕ ""НАЦИОНАЛЬНЫЙ МЕДИЦИНСКИЙ ИССЛЕДОВАТЕЛЬСКИЙ ЦЕНТР КАРДИОЛОГИИ ИМЕНИ АКАДЕМИКА Е.И. ЧАЗОВА"" МИНИСТЕРСТВА ЗДРАВООХРАНЕНИЯ РОССИЙСКОЙ ФЕДЕРАЦИИ";29.04.2026;01.06.2026;Закупка завершена;;;08.05.2026;
44-ФЗ;№0339400000526000024;Электронный аукцион;Оказание услуг по физической охране объектов филиала Федерального государственного бюджетного образовательного учреждения высшего образования «Российский государственный институт сценических искусств» в Кемерово – «Сибирская Высшая школа музыкального и театрального искусства» в 2026 - 2027 гг.;;'261780300616142054300100050018010244;;;11190900.00;RUB;0;;;;;;"ФИЛИАЛ ФЕДЕРАЛЬНОГО ГОСУДАРСТВЕННОГО БЮДЖЕТНОГО ОБРАЗОВАТЕЛЬНОГО УЧРЕЖДЕНИЯ ВЫСШЕГО ОБРАЗОВАНИЯ ""РОССИЙСКИЙ ГОСУДАРСТВЕННЫЙ ИНСТИТУТ СЦЕНИЧЕСКИХ ИСКУССТВ"" В КЕМЕРОВО - ""СИБИРСКАЯ ВЫСШАЯ ШКОЛА МУЗЫКАЛЬНОГО И ТЕАТРАЛЬНОГО ИСКУССТВА""";"ФИЛИАЛ ФЕДЕРАЛЬНОГО ГОСУДАРСТВЕННОГО БЮДЖЕТНОГО ОБРАЗОВАТЕЛЬНОГО УЧРЕЖДЕНИЯ ВЫСШЕГО ОБРАЗОВАНИЯ ""РОССИЙСКИЙ ГОСУДАРСТВЕННЫЙ ИНСТИТУТ СЦЕНИЧЕСКИХ ИСКУССТВ"" В КЕМЕРОВО - ""СИБИРСКАЯ ВЫСШАЯ ШКОЛА МУЗЫКАЛЬНОГО И ТЕАТРАЛЬНОГО ИСКУССТВА""";21.05.2026;01.06.2026;Закупка завершена;;;29.05.2026;
44-ФЗ;№0172200002526000251;Открытый конкурс в электронной форме;"Проведение работ по сохранению выявленного объекта культурного наследия ""Дом"" в составе комплекса ""Дом Л.В. Калина (с садом): на ремонт, реставрацию и приспособление для современного использования здания СПб ГБУЗ ""Женская консультация №44"" Пушкинского района по адресу: Санкт-Петербург, г. Пушкин, ул. Жуковско-Волынская, д. 2, литер А.";;'262782000762378200100100110014399243;;;78118100.00;RUB;0;;;;;;"САНКТ-ПЕТЕРБУРГСКОЕ ГОСУДАРСТВЕННОЕ БЮДЖЕТНОЕ УЧРЕЖДЕНИЕ ЗДРАВООХРАНЕНИЯ ""ЖЕНСКАЯ КОНСУЛЬТАЦИЯ №44"" ПУШКИНСКОГО РАЙОНА";КОМИТЕТ ПО ГОСУДАРСТВЕННОМУ ЗАКАЗУ САНКТ-ПЕТЕРБУРГА;07.05.2026;01.06.2026;Закупка завершена;;;27.05.2026;
44-ФЗ;№0373100115126000014;Электронный аукцион;Оказание комплекса услуг по обеспечению проведения выставочных проектов «Искусство впечатления. Импрессионизм: Кемерово» и «Искусство впечатления. Импрессионизм: Абакан, Красноярск, Иркутск»;;'261770401841677040100100180015229244;;;22958179.92;RUB;0;;;;;;"ФЕДЕРАЛЬНОЕ ГОСУДАРСТВЕННОЕ БЮДЖЕТНОЕ УЧРЕЖДЕНИЕ КУЛЬТУРЫ ""ГОСУДАРСТВЕННЫЙ МУЗЕЙ ИЗОБРАЗИТЕЛЬНЫХ ИСКУССТВ ИМЕНИ А.С.ПУШКИНА""";"ФЕДЕРАЛЬНОЕ ГОСУДАРСТВЕННОЕ БЮДЖЕТНОЕ УЧРЕЖДЕНИЕ КУЛЬТУРЫ ""ГОСУДАРСТВЕННЫЙ МУЗЕЙ ИЗОБРАЗИТЕЛЬНЫХ ИСКУССТВ ИМЕНИ А.С.ПУШКИНА""";21.05.2026;01.06.2026;Закупка завершена;;;01.06.2026;
44-ФЗ;№0744200000226004410;Запрос котировок в электронной форме;Поставка медицинских изделий (система подготовки крови для аутотрансфузии), ввод в эксплуатацию медицинских изделий, обучение правилам эксплуатации специалистов, эксплуатирующих медицинские изделия, и специалистов, осуществляющих техническое обслуживание медицинских изделий;;'262462902149046320100100610190000244;;;5430000.00;RUB;0;;;;;;"ОБЛАСТНОЕ БЮДЖЕТНОЕ УЧРЕЖДЕНИЕ ЗДРАВООХРАНЕНИЯ ""ОБЛАСТНОЙ ПЕРИНАТАЛЬНЫЙ ЦЕНТР""";"ОБЛАСТНОЕ КАЗЕННОЕ УЧРЕЖДЕНИЕ ""ЦЕНТР ЗАКУПОК КУРСКОЙ ОБЛАСТИ""";22.05.2026;01.06.2026;Закупка завершена;;;29.05.2026;
44-ФЗ;№0372200278526000036;Открытый конкурс в электронной форме;Оказание услуг по сопровождению государственной информационной системы Санкт-Петербурга «Комплексная автоматизированная информационная система каталогизации ресурсов образования Санкт-Петербурга» в 2026 году;;'262784244461078420100100250106203246;;;39999166.62;RUB;0;;;;;;"САНКТ-ПЕТЕРБУРГСКОЕ ГОСУДАРСТВЕННОЕ КАЗЕННОЕ УЧРЕЖДЕНИЕ ""УПРАВЛЕНИЕ ИНФОРМАЦИОННЫХ ТЕХНОЛОГИЙ И СВЯЗИ""";"САНКТ-ПЕТЕРБУРГСКОЕ ГОСУДАРСТВЕННОЕ КАЗЕННОЕ УЧРЕЖДЕНИЕ ""УПРАВЛЕНИЕ ИНФОРМАЦИОННЫХ ТЕХНОЛОГИЙ И СВЯЗИ""";13.05.2026;01.06.2026;Закупка завершена;;;29.05.2026;
44-ФЗ;№0172200002126000035;Открытый конкурс в электронной форме на проведение работ по строительству, реконструкции, кап. ремонту, сносу объекта кап. строительства в соответствии с п. 8 ч. 1 ст. 33 Закона № 44-ФЗ;Выполнение работ по капитальному ремонту помещений 8-Н и 20-Н подростково-молодежного клуба Санкт-Петербургского государственного бюджетного учреждения «Ровесник» по адресу: Санкт-Петербург, г. Колпино, ул. Танкистов, д. 28а, литер А (1 этап);;'262781704706278170100100360014339243;;;26387883.00;RUB;0;;;;;;"САНКТ-ПЕТЕРБУРГСКОЕ ГОСУДАРСТВЕННОЕ БЮДЖЕТНОЕ УЧРЕЖДЕНИЕ ""РОВЕСНИК""";АДМИНИСТРАЦИЯ КОЛПИНСКОГО РАЙОНА САНКТ-ПЕТЕРБУРГА;28.04.2026;01.06.2026;Закупка завершена;;;14.05.2026;
44-ФЗ;№0194200000526003630;Электронный аукцион;Оснащение предметами интерьера общеобразовательной школы;;'262202000141520140100101100010000244;;;10591740.00;RUB;0;;;;;;МИНИСТЕРСТВО ОБРАЗОВАНИЯ И НАУКИ ЧЕЧЕНСКОЙ РЕСПУБЛИКИ;КОМИТЕТ ПРАВИТЕЛЬСТВА ЧЕЧЕНСКОЙ РЕСПУБЛИКИ ПО ГОСУДАРСТВЕННОМУ ЗАКАЗУ;20.05.2026;01.06.2026;Закупка завершена;;;01.06.2026;
44-ФЗ;№0155500000626000127;Электронный аукцион;Поставка оборудования в рамках национального проекта «Молодежь и дети»;;'262583601144558370100100170010000244;;;13987000.00;RUB;0;;;;;;МИНИСТЕРСТВО ОБРАЗОВАНИЯ ПЕНЗЕНСКОЙ ОБЛАСТИ;МИНИСТЕРСТВО ПО ТАРИФНОМУ РЕГУЛИРОВАНИЮ И ГОСУДАРСТВЕННЫМ ЗАКУПКАМ ПЕНЗЕНСКОЙ ОБЛАСТИ;13.05.2026;01.06.2026;Закупка завершена;;;22.05.2026;
44-ФЗ;№0103200008426002394;Открытый конкурс в электронной форме на проведение работ по строительству, реконструкции, кап. ремонту, сносу объекта кап. строительства в соответствии с п. 8 ч. 1 ст. 33 Закона № 44-ФЗ;Реконструкция водозабора по улице Хаджимурада с. Нижнее Инхело Ботлихский район РД;;'263050600218605060100100010014221414;;;8000000.00;RUB;0;;;;;;"АДМИНИСТРАЦИЯ СЕЛЬСКОГО ПОСЕЛЕНИЯ ""СЕЛО НИЖНЕЕ ИНХЕЛО"" БОТЛИХСКОГО РАЙОНА РЕСПУБЛИКИ ДАГЕСТАН";КОМИТЕТ ПО ГОСУДАРСТВЕННЫМ ЗАКУПКАМ РЕСПУБЛИКИ ДАГЕСТАН;31.03.2026;01.06.2026;Закупка завершена;;;25.05.2026;
44-ФЗ;№0813500000126008736;Открытый конкурс в электронной форме;"зз-0017-23952 - 2026 Выполнение работ по благоустройству объекта: ""Благоустройство общественной территории парк ""Патриот"" в г. Ижевске Удмуртской Республики"" (1 этап)";;'263182600155318410100100680014299244;;;57470790.09;RUB;0;;;;;;"МУНИЦИПАЛЬНОЕ КАЗЕННОЕ УЧРЕЖДЕНИЕ ГОРОДА ИЖЕВСКА ""СЛУЖБА БЛАГОУСТРОЙСТВА И ДОРОЖНОГО ХОЗЯЙСТВА""";"ГОСУДАРСТВЕННОЕ КАЗЕННОЕ УЧРЕЖДЕНИЕ УДМУРТСКОЙ РЕСПУБЛИКИ ""РЕГИОНАЛЬНЫЙ ЦЕНТР ЗАКУПОК УДМУРТСКОЙ РЕСПУБЛИКИ""";12.05.2026;01.06.2026;Закупка завершена;;;28.05.2026;
44-ФЗ;№0321300001126000221;Электронный аукцион;Услуги по организации бесплатного горячего питания обучающихся 1-4 классов МБОУ лицея № 35 г. Ставрополя в сентябре-декабре 2026 года;;'263263503645126350100100070015629244;;;6812448.00;RUB;0;;;;;;МУНИЦИПАЛЬНОЕ БЮДЖЕТНОЕ ОБЩЕОБРАЗОВАТЕЛЬНОЕ УЧРЕЖДЕНИЕ ЛИЦЕЙ № 35 ГОРОДА СТАВРОПОЛЯ;КОМИТЕТ ЭКОНОМИЧЕСКОГО РАЗВИТИЯ И ТОРГОВЛИ АДМИНИСТРАЦИИ ГОРОДА СТАВРОПОЛЯ;22.05.2026;01.06.2026;Закупка завершена;;;01.06.2026;
44-ФЗ;№0136500001126002911;Открытый конкурс в электронной форме;Выполнение работ по ремонту автомобильной дороги общего пользования межмуниципального значения «Заречье – Рязаново» на участке км 0+000 - км 1+600 в Калининском муниципальном округе Тверской области;;'262690500901869500100100380014211244;;;50919584.32;RUB;0;;;;;;"ГОСУДАРСТВЕННОЕ КАЗЕННОЕ УЧРЕЖДЕНИЕ ТВЕРСКОЙ ОБЛАСТИ ""ДИРЕКЦИЯ ТЕРРИТОРИАЛЬНОГО ДОРОЖНОГО ФОНДА ТВЕРСКОЙ ОБЛАСТИ""";КОМИТЕТ ГОСУДАРСТВЕННОГО ЗАКАЗА ТВЕРСКОЙ ОБЛАСТИ;12.05.2026;01.06.2026;Закупка завершена;;;28.05.2026;
44-ФЗ;№0848300048226000197;Запрос котировок в электронной форме;Выполнение работ по текущему ремонту : устранение деформаций и повреждений элементов автомобильных дорог общего пользования местного значения муниципального округа Истра;;'263501701576650170100101410014211244;;;6500000.00;RUB;0;;;;;;АДМИНИСТРАЦИЯ МУНИЦИПАЛЬНОГО ОКРУГА ИСТРА МОСКОВСКОЙ ОБЛАСТИ;"МУНИЦИПАЛЬНОЕ КАЗЕННОЕ УЧРЕЖДЕНИЕ ""ЦЕНТР ЗАКУПОК""";20.05.2026;01.06.2026;Закупка завершена;;;28.05.2026;
44-ФЗ;№0194200000526003617;Электронный аукцион;Защита объектов транспортной инфраструктуры (далее – ОТИ) расположенных на автомобильных дорогах общего пользования регионального значения от актов незаконного вмешательства (далее – АНВ), «Путепровод 16+472 на а/д Горячеисточненская – Аргун» на 2026 г.;;'262201425915920150100100190018424244;;;13535550.00;RUB;0;;;;;;МИНИСТЕРСТВО АВТОМОБИЛЬНЫХ ДОРОГ ЧЕЧЕНСКОЙ РЕСПУБЛИКИ;КОМИТЕТ ПРАВИТЕЛЬСТВА ЧЕЧЕНСКОЙ РЕСПУБЛИКИ ПО ГОСУДАРСТВЕННОМУ ЗАКАЗУ;18.05.2026;01.06.2026;Закупка завершена;;;01.06.2026;
44-ФЗ;№0809500000326001798;Электронный аукцион;закупка наборов для катетеризации центральных вен, кратковременного использования;;262132703308413270100101910013250244, 262132613426613260100100690013250244;;;5804822.80;RUB;0;;;;;;;"ГОСУДАРСТВЕННОЕ КАЗЕННОЕ УЧРЕЖДЕНИЕ РЕСПУБЛИКИ МОРДОВИЯ ""РЕГИОНАЛЬНЫЙ ЦЕНТР ОРГАНИЗАЦИИ ЗАКУПОК""";14.05.2026;01.06.2026;Закупка завершена;;;22.05.2026;
44-ФЗ;№0373200087826001143;Запрос котировок в электронной форме;Поставка наборов для чрескожной трахеостомии методом Григгса для нужд ГБУЗ «ММКЦ «Коммунарка» ДЗМ».;;'262771609955477510100112190010000244;;;9989435.00;RUB;0;;;;;;"ГОСУДАРСТВЕННОЕ БЮДЖЕТНОЕ УЧРЕЖДЕНИЕ ЗДРАВООХРАНЕНИЯ ГОРОДА МОСКВЫ ""МОСКОВСКИЙ МНОГОПРОФИЛЬНЫЙ КЛИНИЧЕСКИЙ ЦЕНТР ""КОММУНАРКА"" ДЕПАРТАМЕНТА ЗДРАВООХРАНЕНИЯ ГОРОДА МОСКВЫ""";"ГОСУДАРСТВЕННОЕ БЮДЖЕТНОЕ УЧРЕЖДЕНИЕ ЗДРАВООХРАНЕНИЯ ГОРОДА МОСКВЫ ""МОСКОВСКИЙ МНОГОПРОФИЛЬНЫЙ КЛИНИЧЕСКИЙ ЦЕНТР ""КОММУНАРКА"" ДЕПАРТАМЕНТА ЗДРАВООХРАНЕНИЯ ГОРОДА МОСКВЫ""";25.05.2026;01.06.2026;Закупка завершена;;;01.06.2026;
44-ФЗ;№0127200000226003149;Электронный аукцион;Поставка изделий медицинского назначения (Набор базовый для внутривенных вливаний) лот №16;;262321300141332410100100680013250244, 262322700221632270100101230013250244, 262322900173032290100101490013250244, 262322300224732520100101400013250244, 262323100116632310100101620013250244, 262320100088832570100101110013250244, 262321800298932450100100870013250244, 262322400088432520100101210013250244, 262320500093832450100101030013250244, 262320800138332450100101380013250244, 262322000024132200100100510013250244, 262321400053232450100100810013250244, 262321200063232450100101190013250244, 262320100388932570100100950013250244, 262323401384332570100100610013250244, 262320300308032410100102390013250244, 262323000334732300100101240013250244, 262323401426932570100101540013250244, 262320600259032450100101000013250244, 262320700399832070100101360013250244, 262321600043232410100101320013250244, 262323403194832570100100740013250244, 262321500074332450100100890013250244, 262323401397032570100100820013250244, 262320400145632410100101760013250244, 262321000104532450100101010013250244, 262323401348032570100100540013250244, 262321300070932410100101250013250244, 262322100194632450100101780013250244, 262320900040032410100100740013250244;;;6645640.00;RUB;0;;;;;;;УПРАВЛЕНИЕ ГОСУДАРСТВЕННЫХ ЗАКУПОК БРЯНСКОЙ ОБЛАСТИ;20.05.2026;01.06.2026;Закупка завершена;;;29.05.2026;
44-ФЗ;№0373200087826001058;Открытый конкурс в электронной форме;Оказание услуг по выполнению функций младшего медицинского персонала по адресу: г. Москва, улица Азовская, д.22, стр. 1;;'262771609955477510100111210010000244;;;29839432.32;RUB;0;;;;;;"ГОСУДАРСТВЕННОЕ БЮДЖЕТНОЕ УЧРЕЖДЕНИЕ ЗДРАВООХРАНЕНИЯ ГОРОДА МОСКВЫ ""МОСКОВСКИЙ МНОГОПРОФИЛЬНЫЙ КЛИНИЧЕСКИЙ ЦЕНТР ""КОММУНАРКА"" ДЕПАРТАМЕНТА ЗДРАВООХРАНЕНИЯ ГОРОДА МОСКВЫ""";"ГОСУДАРСТВЕННОЕ БЮДЖЕТНОЕ УЧРЕЖДЕНИЕ ЗДРАВООХРАНЕНИЯ ГОРОДА МОСКВЫ ""МОСКОВСКИЙ МНОГОПРОФИЛЬНЫЙ КЛИНИЧЕСКИЙ ЦЕНТР ""КОММУНАРКА"" ДЕПАРТАМЕНТА ЗДРАВООХРАНЕНИЯ ГОРОДА МОСКВЫ""";14.05.2026;01.06.2026;Закупка завершена;;;01.06.2026;
44-ФЗ;№0127200000226003163;Электронный аукцион на проведение работ по строительству, реконструкции, кап. ремонту, сносу объекта кап. строительства в соответствии с п. 8 ч. 1 ст. 33 Закона № 44-ФЗ;Капитальный ремонт автомобильной дороги по ул. Нагорная в р.п. Рогнедино Брянской области;;'263322500034032450100100100024211243;;;8189901.00;RUB;0;;;;;;АДМИНИСТРАЦИЯ РОГНЕДИНСКОГО РАЙОНА;УПРАВЛЕНИЕ ГОСУДАРСТВЕННЫХ ЗАКУПОК БРЯНСКОЙ ОБЛАСТИ;21.05.2026;01.06.2026;Закупка завершена;;;29.05.2026;
44-ФЗ;№0127200000226003147;Электронный аукцион;Поставка изделий медицинского назначения (Перчатки смотровые/процедурные из латекса гевеи, неопудренные, нестерильные) лот №12 (совместные торги);;262321600043232410100101400012219244, 262320200189132450100102470012219244, 262323401426932570100101560012219244, 262321900059032410100100850012219244, 262320900040032410100100780012219244, 262320300308032410100102360012219244, 262322100194632450100101770012219244, 262320700399832070100101390012219244, 262322900173032290100101550012219244, 262322300224732520100101420012219244, 262323100116632310100101450012219244, 262320600259032450100101050012219244, 262320500093832450100100990012219244, 262322400088432520100101170012219244, 262321000104532450100101020012219244, 262320400145632410100101690012219244, 262321400053232450100100790012219244, 262321200063232450100101210012219244, 262320100088832570100101100012219244, 262321500074332450100100920012219244, 262320800138332450100101440012219244, 262320100089532570100100470012219244, 262321800298932450100100920012219244;;;6835095.00;RUB;0;;;;;;;УПРАВЛЕНИЕ ГОСУДАРСТВЕННЫХ ЗАКУПОК БРЯНСКОЙ ОБЛАСТИ;20.05.2026;01.06.2026;Закупка завершена;;;28.05.2026;
44-ФЗ;№0373200087826001071;Открытый конкурс в электронной форме;Оказание услуг по выполнению функций младшего медицинского персонала по адресу: г. Москва, п. Сосенское, п. Коммунарка, ул. Сосенский стан, д. 8;;'262771609955477510100109570010000244;;;27918181.44;RUB;0;;;;;;"ГОСУДАРСТВЕННОЕ БЮДЖЕТНОЕ УЧРЕЖДЕНИЕ ЗДРАВООХРАНЕНИЯ ГОРОДА МОСКВЫ ""МОСКОВСКИЙ МНОГОПРОФИЛЬНЫЙ КЛИНИЧЕСКИЙ ЦЕНТР ""КОММУНАРКА"" ДЕПАРТАМЕНТА ЗДРАВООХРАНЕНИЯ ГОРОДА МОСКВЫ""";"ГОСУДАРСТВЕННОЕ БЮДЖЕТНОЕ УЧРЕЖДЕНИЕ ЗДРАВООХРАНЕНИЯ ГОРОДА МОСКВЫ ""МОСКОВСКИЙ МНОГОПРОФИЛЬНЫЙ КЛИНИЧЕСКИЙ ЦЕНТР ""КОММУНАРКА"" ДЕПАРТАМЕНТА ЗДРАВООХРАНЕНИЯ ГОРОДА МОСКВЫ""";14.05.2026;01.06.2026;Закупка завершена;;;01.06.2026;
44-ФЗ;№0340200003326006803;Электронный аукцион на проведение работ по строительству, реконструкции, кап. ремонту, сносу объекта кап. строительства в соответствии с п. 8 ч. 1 ст. 33 Закона № 44-ФЗ;Капитальный ремонт фасада здания МБОУ СОШ с УИОП № 5 г. Котельнича Кировской области, расположенного по адресу: г. Котельнич, ул. Школьная, д. 2;;'263431310466143130100100280014120243;;;23736310.04;RUB;0;;;;;;МУНИЦИПАЛЬНОЕ БЮДЖЕТНОЕ ОБЩЕОБРАЗОВАТЕЛЬНОЕ УЧРЕЖДЕНИЕ СРЕДНЯЯ ОБЩЕОБРАЗОВАТЕЛЬНАЯ ШКОЛА   С УГЛУБЛЕННЫМ ИЗУЧЕНИЕМ ОТДЕЛЬНЫХ ПРЕДМЕТОВ №5  ГОРОДА КОТЕЛЬНИЧА КИРОВСКОЙ ОБЛАСТИ;"КИРОВСКОЕ ОБЛАСТНОЕ ГОСУДАРСТВЕННОЕ КАЗЕННОЕ УЧРЕЖДЕНИЕ ""ЦЕНТР ПО ТЕХНИЧЕСКОМУ СОПРОВОЖДЕНИЮ ГОСУДАРСТВЕННЫХ ЗАКУПОК""";20.05.2026;01.06.2026;Закупка завершена;;;28.05.2026;
44-ФЗ;№0373100068026000026;Электронный аукцион;Поставка оборудования;;'261772913350977080100100470032651244;;;13845124.67;RUB;0;;;;;;"ФЕДЕРАЛЬНОЕ ГОСУДАРСТВЕННОЕ БЮДЖЕТНОЕ УЧРЕЖДЕНИЕ ""ФЕДЕРАЛЬНЫЙ ЦЕНТР ОЦЕНКИ БЕЗОПАСНОСТИ И КАЧЕСТВА ПРОДУКЦИИ АГРОПРОМЫШЛЕННОГО КОМПЛЕКСА""";"ФЕДЕРАЛЬНОЕ ГОСУДАРСТВЕННОЕ БЮДЖЕТНОЕ УЧРЕЖДЕНИЕ ""ФЕДЕРАЛЬНЫЙ ЦЕНТР ОЦЕНКИ БЕЗОПАСНОСТИ И КАЧЕСТВА ПРОДУКЦИИ АГРОПРОМЫШЛЕННОГО КОМПЛЕКСА""";19.05.2026;01.06.2026;Закупка завершена;;;28.05.2026;
44-ФЗ;№0859200001126006181;Электронный аукцион на проведение работ по строительству, реконструкции, кап. ремонту, сносу объекта кап. строительства в соответствии с п. 8 ч. 1 ст. 33 Закона № 44-ФЗ;"Капитальный ремонт помещений (зоны №3- №8) ОГБПОУ ""РАТ имени С.А .Живаго"" по адресу: г. Рязань, ул. Мусоргского, д.67";;'262623406441062340100100240014120243;;;9063138.66;RUB;0;;;;;;"ОБЛАСТНОЕ ГОСУДАРСТВЕННОЕ БЮДЖЕТНОЕ ПРОФЕССИОНАЛЬНОЕ ОБРАЗОВАТЕЛЬНОЕ УЧРЕЖДЕНИЕ ""РЯЗАНСКИЙ АВТОТРАНСПОРТНЫЙ ТЕХНИКУМ ИМЕНИ С.А. ЖИВАГО""";"ГОСУДАРСТВЕННОЕ КАЗЕННОЕ УЧРЕЖДЕНИЕ РЯЗАНСКОЙ ОБЛАСТИ ""ЦЕНТР ЗАКУПОК РЯЗАНСКОЙ ОБЛАСТИ""";19.05.2026;01.06.2026;Закупка завершена;;;28.05.2026;
44-ФЗ;№0809500000326001912;Электронный аукцион на проведение работ по строительству, реконструкции, кап. ремонту, сносу объекта кап. строительства в соответствии с п. 8 ч. 1 ст. 33 Закона № 44-ФЗ;"Капитальный ремонт здания Муниципального бюджетного общеобразовательного учреждения ""Средняя общеобразовательная школа №8"" Рузаевского муниципального района, расположенного по адресу: Республика Мордовия, г. Рузаевка, ул. Байкузова, д. 137 (дополнительные работы)";;'263132412614013240100100200014120243;;;6536341.59;RUB;0;;;;;;"МУНИЦИПАЛЬНОЕ БЮДЖЕТНОЕ ОБЩЕОБРАЗОВАТЕЛЬНОЕ УЧРЕЖДЕНИЕ ""СРЕДНЯЯ ОБЩЕОБРАЗОВАТЕЛЬНАЯ ШКОЛА №8"" РУЗАЕВСКОГО МУНИЦИПАЛЬНОГО РАЙОНА";"ГОСУДАРСТВЕННОЕ КАЗЕННОЕ УЧРЕЖДЕНИЕ РЕСПУБЛИКИ МОРДОВИЯ ""РЕГИОНАЛЬНЫЙ ЦЕНТР ОРГАНИЗАЦИИ ЗАКУПОК""";21.05.2026;01.06.2026;Закупка завершена;;;01.06.2026;
44-ФЗ;№0340200003326006762;Электронный аукцион;Оказание услуг по техническому обслуживанию систем обеспечения безопасности объектов транспортной инфраструктуры на мостовых сооружениях и путепроводах в составе автомобильных дорог общего пользования Кировской области регионального значения;;'262434508004343450100100600028020244;;;29108832.00;RUB;0;;;;;;"КИРОВСКОЕ ОБЛАСТНОЕ ГОСУДАРСТВЕННОЕ КАЗЕННОЕ УЧРЕЖДЕНИЕ ""ДОРОЖНЫЙ КОМИТЕТ КИРОВСКОЙ ОБЛАСТИ""";"КИРОВСКОЕ ОБЛАСТНОЕ ГОСУДАРСТВЕННОЕ КАЗЕННОЕ УЧРЕЖДЕНИЕ ""ЦЕНТР ПО ТЕХНИЧЕСКОМУ СОПРОВОЖДЕНИЮ ГОСУДАРСТВЕННЫХ ЗАКУПОК""";19.05.2026;01.06.2026;Закупка завершена;;;28.05.2026;
44-ФЗ;№0127200000226003159;Электронный аукцион;Исправление профиля (грейдирование с добавлением нового материала) грунтовых автомобильных дорог на территории Навлинского городского поселения Навлинского района Брянской области;;'263322100220232450100100470014211244;;;5179817.96;RUB;0;;;;;;АДМИНИСТРАЦИЯ НАВЛИНСКОГО РАЙОНА БРЯНСКОЙ ОБЛАСТИ;УПРАВЛЕНИЕ ГОСУДАРСТВЕННЫХ ЗАКУПОК БРЯНСКОЙ ОБЛАСТИ;21.05.2026;01.06.2026;Закупка завершена;;;29.05.2026;
44-ФЗ;№0128200000126003007;Электронный аукцион;Приобретение жилого помещения (благоустроенной квартиры) на территории муниципального образования Малыгинское сельское поселение Ковровского района Владимирской области;;'263331701120833170100100020016810412;;;12537250.20;RUB;0;;;;;;АДМИНИСТРАЦИЯ МАЛЫГИНСКОГО СЕЛЬСКОГО ПОСЕЛЕНИЯ;МИНИСТЕРСТВО ИМУЩЕСТВЕННЫХ И ЗЕМЕЛЬНЫХ ОТНОШЕНИЙ ВЛАДИМИРСКОЙ ОБЛАСТИ;19.05.2026;01.06.2026;Закупка завершена;;;28.05.2026;
44-ФЗ;№0303200025126000415;Запрос котировок в электронной форме;Оснащение ДРКБ.2026 (7.2.10 Система эндоскопической визуализации);;'262056204455005720100100560010000244;;;21700000.00;RUB;0;;;;;;МИНИСТЕРСТВО ЗДРАВООХРАНЕНИЯ РЕСПУБЛИКИ ДАГЕСТАН;МИНИСТЕРСТВО ЗДРАВООХРАНЕНИЯ РЕСПУБЛИКИ ДАГЕСТАН;15.05.2026;01.06.2026;Закупка завершена;;;22.05.2026;
44-ФЗ;№0128200000126003054;Электронный аукцион;Поставка аварийно-спасательного автомобиля (автофургон);;'262332848015233290100100110012910244;;;12840000.00;RUB;0;;;;;;"ГОСУДАРСТВЕННОЕ КАЗЕННОЕ УЧРЕЖДЕНИЕ ВЛАДИМИРСКОЙ ОБЛАСТИ ""СЛУЖБА ГРАЖДАНСКОЙ ОБОРОНЫ, ПОЖАРНОЙ БЕЗОПАСНОСТИ, ЗАЩИТЫ НАСЕЛЕНИЯ И ТЕРРИТОРИЙ ОТ ЧРЕЗВЫЧАЙНЫХ СИТУАЦИЙ ВЛАДИМИРСКОЙ ОБЛАСТИ""";МИНИСТЕРСТВО ИМУЩЕСТВЕННЫХ И ЗЕМЕЛЬНЫХ ОТНОШЕНИЙ ВЛАДИМИРСКОЙ ОБЛАСТИ;21.05.2026;01.06.2026;Закупка завершена;;;29.05.2026;
44-ФЗ;№0131200001026002969;Электронный аукцион;2026-03188**Поставка медицинского оборудования для оснащения врачебной амбулатории (Система рентгеновская диагностическая стационарная общего назначения, цифровая);;'262361700360036170100100190010000244;;;10500000.00;RUB;0;;;;;;"БЮДЖЕТНОЕ УЧРЕЖДЕНИЕ ЗДРАВООХРАНЕНИЯ ВОРОНЕЖСКОЙ ОБЛАСТИ ""НОВОХОПЕРСКАЯ РАЙОННАЯ БОЛЬНИЦА""";МИНИСТЕРСТВО ПО РЕГУЛИРОВАНИЮ КОНТРАКТНОЙ СИСТЕМЫ В СФЕРЕ ЗАКУПОК ВОРОНЕЖСКОЙ ОБЛАСТИ;20.05.2026;01.06.2026;Закупка завершена;;;28.05.2026;
44-ФЗ;№0131200001026002675;Открытый конкурс в электронной форме;"2026-02837:) Комплексное благоустройство прибрежной зоны р. Дон, примыкающей к СК ""Тенистый""";;'262366610491436650100100520024399244;;;17200000.00;RUB;0;;;;;;"ГОСУДАРСТВЕННОЕ БЮДЖЕТНОЕ УЧРЕЖДЕНИЕ ВОРОНЕЖСКОЙ ОБЛАСТИ ""СПОРТСООРУЖЕНИЯ""";МИНИСТЕРСТВО ПО РЕГУЛИРОВАНИЮ КОНТРАКТНОЙ СИСТЕМЫ В СФЕРЕ ЗАКУПОК ВОРОНЕЖСКОЙ ОБЛАСТИ;08.05.2026;01.06.2026;Закупка завершена;;;27.05.2026;
44-ФЗ;№0573100024326000042;Запрос котировок в электронной форме;Поставка оборудования для измерения, испытаний и навигации ;;'261770643326377060100100280200000244;;;5755240.00;RUB;0;;;;;;"ФЕДЕРАЛЬНОЕ ГОСУДАРСТВЕННОЕ БЮДЖЕТНОЕ УЧРЕЖДЕНИЕ ""ВСЕРОССИЙСКИЙ НАУЧНО-ИССЛЕДОВАТЕЛЬСКИЙ ИНСТИТУТ МИНЕРАЛЬНОГО СЫРЬЯ ИМ. Н.М. ФЕДОРОВСКОГО""";"ФЕДЕРАЛЬНОЕ ГОСУДАРСТВЕННОЕ БЮДЖЕТНОЕ УЧРЕЖДЕНИЕ ""ВСЕРОССИЙСКИЙ НАУЧНО-ИССЛЕДОВАТЕЛЬСКИЙ ИНСТИТУТ МИНЕРАЛЬНОГО СЫРЬЯ ИМ. Н.М. ФЕДОРОВСКОГО""";22.05.2026;01.06.2026;Закупка завершена;;;01.06.2026;
44-ФЗ;№2035500001026000427;Электронный аукцион на проведение работ по строительству, реконструкции, кап. ремонту, сносу объекта кап. строительства в соответствии с п. 8 ч. 1 ст. 33 Закона № 44-ФЗ;Выполнение работ по объекту: «Капитальный ремонт комплекса зданий Государственного бюджетного учреждения здравоохранения «Детская областная больница Калининградской области» по адресу: город Калининград, улица Дмитрия Донского, 23»;;'262390632283839060100101041044120633;;;12363218.51;RUB;0;;;;;;"СПЕЦИАЛИЗИРОВАННАЯ НЕКОММЕРЧЕСКАЯ ОРГАНИЗАЦИЯ КАЛИНИНГРАДСКОЙ ОБЛАСТИ ""ФОНД КАПИТАЛЬНОГО РЕМОНТА ОБЩЕГО ИМУЩЕСТВА В МНОГОКВАРТИРНЫХ ДОМАХ""";"СПЕЦИАЛИЗИРОВАННАЯ НЕКОММЕРЧЕСКАЯ ОРГАНИЗАЦИЯ КАЛИНИНГРАДСКОЙ ОБЛАСТИ ""ФОНД КАПИТАЛЬНОГО РЕМОНТА ОБЩЕГО ИМУЩЕСТВА В МНОГОКВАРТИРНЫХ ДОМАХ""";19.05.2026;01.06.2026;Закупка завершена;;;27.05.2026;
44-ФЗ;№0372100054626000222;Электронный аукцион;Оказание  авиационных услуг по перевозке груза и персонала для нужд Еропольской полевой партии;;'261780130013678010100100050220000244;;;31686666.46;RUB;0;;;;;;"ФЕДЕРАЛЬНОЕ ГОСУДАРСТВЕННОЕ БЮДЖЕТНОЕ УЧРЕЖДЕНИЕ ""ВСЕРОССИЙСКИЙ НАУЧНО-ИССЛЕДОВАТЕЛЬСКИЙ ГЕОЛОГИЧЕСКИЙ ИНСТИТУТ ИМ. А.П. КАРПИНСКОГО""";"ФЕДЕРАЛЬНОЕ ГОСУДАРСТВЕННОЕ БЮДЖЕТНОЕ УЧРЕЖДЕНИЕ ""ВСЕРОССИЙСКИЙ НАУЧНО-ИССЛЕДОВАТЕЛЬСКИЙ ГЕОЛОГИЧЕСКИЙ ИНСТИТУТ ИМ. А.П. КАРПИНСКОГО""";22.05.2026;01.06.2026;Закупка завершена;;;01.06.2026;
44-ФЗ;№0373200052326000551;Электронный аукцион;Электронный аукцион на поставку расходных материалов для аппаратов ИВЛ (среди субъектов малого предпринимательства и социально-ориентированных некоммерческих организаций) для нужд ГБУЗ «ГКБ им. Ф.И. Иноземцева ДЗМ»;;'262771904680077190100105700010000244;;;12776850.00;RUB;0;;;;;;"ГОСУДАРСТВЕННОЕ БЮДЖЕТНОЕ УЧРЕЖДЕНИЕ ЗДРАВООХРАНЕНИЯ ГОРОДА МОСКВЫ ""ГОРОДСКАЯ КЛИНИЧЕСКАЯ БОЛЬНИЦА ИМЕНИ Ф.И. ИНОЗЕМЦЕВА ДЕПАРТАМЕНТА ЗДРАВООХРАНЕНИЯ ГОРОДА МОСКВЫ""";"ГОСУДАРСТВЕННОЕ БЮДЖЕТНОЕ УЧРЕЖДЕНИЕ ЗДРАВООХРАНЕНИЯ ГОРОДА МОСКВЫ ""ГОРОДСКАЯ КЛИНИЧЕСКАЯ БОЛЬНИЦА ИМЕНИ Ф.И. ИНОЗЕМЦЕВА ДЕПАРТАМЕНТА ЗДРАВООХРАНЕНИЯ ГОРОДА МОСКВЫ""";19.05.2026;01.06.2026;Закупка завершена;;;29.05.2026;
44-ФЗ;№0373200151726000008;Электронный аукцион;Поставка светодиодных светильников;;262773701436877240100100210010000244, 262772491227677240100100190010000244, 262772488621077240100100190010000244, 262772654817477240100100240010000244, 262773712440277240100100240010000244, 262773711909677240100100200010000244, 262772420475677240100100250010000244, 262772485784377240100100270010000244, 262772473364777240100100180010000244, 262772418447577240100100230010000244;;;6881086.24;RUB;0;;;;;;;"ГОСУДАРСТВЕННОЕ БЮДЖЕТНОЕ ОБЩЕОБРАЗОВАТЕЛЬНОЕ УЧРЕЖДЕНИЕ ГОРОДА МОСКВЫ ""ШКОЛА № 904""";20.05.2026;01.06.2026;Закупка завершена;;;28.05.2026;
44-ФЗ;№0128200000126002940;Электронный аукцион;Поставка автомобиля грузового;;'262332904187033290100100410012910244;;;8850000.00;RUB;0;;;;;;МИНИСТЕРСТВО ЛЕСНОГО ХОЗЯЙСТВА ВЛАДИМИРСКОЙ ОБЛАСТИ;МИНИСТЕРСТВО ИМУЩЕСТВЕННЫХ И ЗЕМЕЛЬНЫХ ОТНОШЕНИЙ ВЛАДИМИРСКОЙ ОБЛАСТИ;18.05.2026;01.06.2026;Закупка завершена;;;28.05.2026;
44-ФЗ;№0131200001026002623;Открытый конкурс в электронной форме;"2026-02792:) Выполнение подрядных работ для государственных нужд по разработке проектно-сметной (технической) документации по объекту: «Капитальный ремонт объекта ""Больничный комплекс"" БУЗ ВО «Семилукская РБ» им. А.В. Гончарова» по адресу: Воронежская область, Семилукский р-он, г. Семилуки, ул. 25 лет Октября, д. 136» (терапевтический корпус)";;'262366409523836640100100970010000243;;;9369502.86;RUB;0;;;;;;МИНИСТЕРСТВО СТРОИТЕЛЬСТВА ВОРОНЕЖСКОЙ ОБЛАСТИ;МИНИСТЕРСТВО ПО РЕГУЛИРОВАНИЮ КОНТРАКТНОЙ СИСТЕМЫ В СФЕРЕ ЗАКУПОК ВОРОНЕЖСКОЙ ОБЛАСТИ;07.05.2026;01.06.2026;Закупка завершена;;;27.05.2026;
44-ФЗ;№0818500000826003258;Электронный аукцион;Поставка реагентов для клинико-диагностической лаборатории на автоматический анализатор гемостаза;;'262231101050223110100105230012120244;;;5596800.00;RUB;0;;;;;;"ГОСУДАРСТВЕННОЕ БЮДЖЕТНОЕ УЧРЕЖДЕНИЕ ЗДРАВООХРАНЕНИЯ ""КРАЕВАЯ КЛИНИЧЕСКАЯ БОЛЬНИЦА № 2"" МИНИСТЕРСТВА ЗДРАВООХРАНЕНИЯ КРАСНОДАРСКОГО КРАЯ";"ГОСУДАРСТВЕННОЕ КАЗЕННОЕ УЧРЕЖДЕНИЕ КРАСНОДАРСКОГО КРАЯ ""ДИРЕКЦИЯ ГОСУДАРСТВЕННЫХ ЗАКУПОК""";21.05.2026;01.06.2026;Закупка завершена;;;29.05.2026;
44-ФЗ;№0818500000826003277;Электронный аукцион;Поставка медицинских изделий (калоприемник при недержании кала, используемый с катетером);;'262231104008823110100109260012219244;;;5657334.00;RUB;0;;;;;;"ГОСУДАРСТВЕННОЕ БЮДЖЕТНОЕ УЧРЕЖДЕНИЕ ЗДРАВООХРАНЕНИЯ ""НАУЧНО-ИССЛЕДОВАТЕЛЬСКИЙ ИНСТИТУТ - КРАЕВАЯ КЛИНИЧЕСКАЯ БОЛЬНИЦА № 1 ИМЕНИ ПРОФЕССОРА С.В.ОЧАПОВСКОГО"" МИНИСТЕРСТВА ЗДРАВООХРАНЕНИЯ КРАСНОДАРСКОГО КРАЯ";"ГОСУДАРСТВЕННОЕ КАЗЕННОЕ УЧРЕЖДЕНИЕ КРАСНОДАРСКОГО КРАЯ ""ДИРЕКЦИЯ ГОСУДАРСТВЕННЫХ ЗАКУПОК""";21.05.2026;01.06.2026;Закупка завершена;;;29.05.2026;
44-ФЗ;№0818500000826003292;Электронный аукцион;Поставка лекарственного препарата для медицинского применения Кислород;;'263231400475423140100102830012120244;;;8104824.00;RUB;0;;;;;;"ГОСУДАРСТВЕННОЕ БЮДЖЕТНОЕ УЧРЕЖДЕНИЕ ЗДРАВООХРАНЕНИЯ ""ЛАБИНСКАЯ ЦЕНТРАЛЬНАЯ РАЙОННАЯ БОЛЬНИЦА"" МИНИСТЕРСТВА ЗДРАВООХРАНЕНИЯ КРАСНОДАРСКОГО КРАЯ";"ГОСУДАРСТВЕННОЕ КАЗЕННОЕ УЧРЕЖДЕНИЕ КРАСНОДАРСКОГО КРАЯ ""ДИРЕКЦИЯ ГОСУДАРСТВЕННЫХ ЗАКУПОК""";21.05.2026;01.06.2026;Закупка завершена;;;29.05.2026;
44-ФЗ;№0303300064726001661;Запрос котировок в электронной форме;Закупка техники (САМОСВАЛ БОЛЬШОЙ-1);;'263054100850405710100100170022910244;;;8115000.00;RUB;0;;;;;;"МУНИЦИПАЛЬНОЕ КАЗЕННОЕ УЧРЕЖДЕНИЕ "" УПРАВЛЕНИЕ ЖИЛИЩНО-КОММУНАЛЬНОГО ХОЗЯЙСТВА ГОРОДА МАХАЧКАЛА """;"МУНИЦИПАЛЬНОЕ КАЗЕННОЕ УЧРЕЖДЕНИЕ ""ГОРЗАКАЗ""";20.05.2026;01.06.2026;Закупка завершена;;;01.06.2026;
44-ФЗ;№0835600001926000023;Электронный аукцион;выполнение работ по объекту: «Славский ключ» (городской парк имени Ю.Гагарина в г. Славске Калининградской области);;'263392400601739240100100060014399244;;;195038395.90;RUB;0;;;;;;"МУНИЦИПАЛЬНОЕ АВТОНОМНОЕ УЧРЕЖДЕНИЕ ""СЛУЖБА БЛАГОУСТРОЙСТВА СЛАВСКОГО РАЙОНА""";"МУНИЦИПАЛЬНОЕ КАЗЕННОЕ УЧРЕЖДЕНИЕ ""СЛУЖБА ЗАКАЗЧИКА СЛАВСКОГО РАЙОНА""";07.05.2026;01.06.2026;Закупка завершена;;;15.05.2026;
44-ФЗ;№0818500000826003290;Электронный аукцион;Поставка медицинских изделий (Множественные аминокислоты/метаболиты карнитина ИВД, набор, масс-спектрометрический анализ);;'262231104008823110100109860012120244;;;31398497.55;RUB;0;;;;;;"ГОСУДАРСТВЕННОЕ БЮДЖЕТНОЕ УЧРЕЖДЕНИЕ ЗДРАВООХРАНЕНИЯ ""НАУЧНО-ИССЛЕДОВАТЕЛЬСКИЙ ИНСТИТУТ - КРАЕВАЯ КЛИНИЧЕСКАЯ БОЛЬНИЦА № 1 ИМЕНИ ПРОФЕССОРА С.В.ОЧАПОВСКОГО"" МИНИСТЕРСТВА ЗДРАВООХРАНЕНИЯ КРАСНОДАРСКОГО КРАЯ";"ГОСУДАРСТВЕННОЕ КАЗЕННОЕ УЧРЕЖДЕНИЕ КРАСНОДАРСКОГО КРАЯ ""ДИРЕКЦИЯ ГОСУДАРСТВЕННЫХ ЗАКУПОК""";21.05.2026;01.06.2026;Закупка завершена;;;29.05.2026;
44-ФЗ;№0818500000826003264;Электронный аукцион;Поставка лекарственных препаратов для медицинского применения: Дабрафениб;;'262230905305823100100110440012120323;;;9389524.80;RUB;0;;;;;;МИНИСТЕРСТВО ЗДРАВООХРАНЕНИЯ КРАСНОДАРСКОГО КРАЯ;"ГОСУДАРСТВЕННОЕ КАЗЕННОЕ УЧРЕЖДЕНИЕ КРАСНОДАРСКОГО КРАЯ ""ДИРЕКЦИЯ ГОСУДАРСТВЕННЫХ ЗАКУПОК""";21.05.2026;01.06.2026;Закупка завершена;;;29.05.2026;
44-ФЗ;№0173200001426000911;Электронный аукцион;Поставка серверного оборудования и системы хранения данных;;'262771488787077140100100730010000244;;;99431006.98;RUB;0;;;;;;"ГОСУДАРСТВЕННОЕ КАЗЕННОЕ УЧРЕЖДЕНИЕ ГОРОДА МОСКВЫ ""АДМИНИСТРАТОР МОСКОВСКОГО ПАРКОВОЧНОГО ПРОСТРАНСТВА""";ДЕПАРТАМЕНТ ГОРОДА МОСКВЫ ПО КОНКУРЕНТНОЙ ПОЛИТИКЕ;20.05.2026;01.06.2026;Закупка завершена;;;28.05.2026;
44-ФЗ;№0173200001426000912;Электронный аукцион;Поставка тест-контейнеров для предрейсовых медицинских осмотров в 2026-2028гг;;'262770203815077020100104420010000000;;;66330000.00;RUB;0;;;;;;"ГОСУДАРСТВЕННОЕ УНИТАРНОЕ ПРЕДПРИЯТИЕ ГОРОДА МОСКВЫ ""МОСКОВСКИЙ ОРДЕНА ЛЕНИНА И ОРДЕНА ТРУДОВОГО КРАСНОГО ЗНАМЕНИ МЕТРОПОЛИТЕН ИМЕНИ В.И.ЛЕНИНА""";ДЕПАРТАМЕНТ ГОРОДА МОСКВЫ ПО КОНКУРЕНТНОЙ ПОЛИТИКЕ;20.05.2026;01.06.2026;Закупка завершена;;;28.05.2026;
44-ФЗ;№0372200223126000017;Открытый конкурс в электронной форме;Оказание услуг по организации и проведению ознакомительного визита в целях развития инклюзивного туризма в Санкт-Петербурге для российских туроператоров и турагентств;;'262782543560878410100100360027990244;;;6595833.79;RUB;0;;;;;;"САНКТ-ПЕТЕРБУРГСКОЕ ГОСУДАРСТВЕННОЕ БЮДЖЕТНОЕ УЧРЕЖДЕНИЕ ""ГОРОДСКОЕ ТУРИСТСКО-ИНФОРМАЦИОННОЕ БЮРО""";"САНКТ-ПЕТЕРБУРГСКОЕ ГОСУДАРСТВЕННОЕ БЮДЖЕТНОЕ УЧРЕЖДЕНИЕ ""ГОРОДСКОЕ ТУРИСТСКО-ИНФОРМАЦИОННОЕ БЮРО""";12.05.2026;01.06.2026;Закупка завершена;;;28.05.2026;
44-ФЗ;№0173200001426000909;Электронный аукцион;Поставка питьевой воды (СЗ-В-04-26);;262771360459077430100100790010000244, 262771913872377190100102150010000244, 262773701741877240100100100010000244, 262500700804750070100100280010000244, 262504503269050450100100120010000244, 262771706748177170100100180010000244, 262770917310177090100100600010000000;;;25266614.27;RUB;0;;;;;;;ДЕПАРТАМЕНТ ГОРОДА МОСКВЫ ПО КОНКУРЕНТНОЙ ПОЛИТИКЕ;20.05.2026;01.06.2026;Закупка завершена;;;28.05.2026;
44-ФЗ;№0173200001426000914;Электронный аукцион;Аукцион в электронной форме на оказание услуг по поддержанию чистоты в помещениях структурных подразделений ГБУЗ «ЦЛО ДЗМ» в 2026-2027 гг.;;'262772002326977150100100870010000244;;;143917113.30;RUB;0;;;;;;"ГОСУДАРСТВЕННОЕ БЮДЖЕТНОЕ УЧРЕЖДЕНИЕ ЗДРАВООХРАНЕНИЯ ГОРОДА МОСКВЫ ""ЦЕНТР ЛЕКАРСТВЕННОГО ОБЕСПЕЧЕНИЯ ДЕПАРТАМЕНТА ЗДРАВООХРАНЕНИЯ ГОРОДА МОСКВЫ""";ДЕПАРТАМЕНТ ГОРОДА МОСКВЫ ПО КОНКУРЕНТНОЙ ПОЛИТИКЕ;20.05.2026;01.06.2026;Закупка завершена;;;28.05.2026;
44-ФЗ;№0173200001426000908;Электронный аукцион;"Электронный аукцион на поставку лекарственных препаратов ЛС-112-26 (повторный ЛС-82_26-27 (Йопромид) для ГБУЗ ""НИИ СП им. Н. В. Склифосовского ДЗМ"" в 2026-2027 годах";;'262770203632177020100104440010000244;;;46854800.00;RUB;0;;;;;;"ГОСУДАРСТВЕННОЕ БЮДЖЕТНОЕ УЧРЕЖДЕНИЕ ЗДРАВООХРАНЕНИЯ ГОРОДА МОСКВЫ ""НАУЧНО-ИССЛЕДОВАТЕЛЬСКИЙ ИНСТИТУТ СКОРОЙ ПОМОЩИ ИМ. Н.В. СКЛИФОСОВСКОГО ДЕПАРТАМЕНТА ЗДРАВООХРАНЕНИЯ ГОРОДА МОСКВЫ""";ДЕПАРТАМЕНТ ГОРОДА МОСКВЫ ПО КОНКУРЕНТНОЙ ПОЛИТИКЕ;20.05.2026;01.06.2026;Закупка завершена;;;28.05.2026;
44-ФЗ;№0372200168326000039;Электронный аукцион;Выполнение строительно-монтажных работ по электроснабжению причалов Речного вокзала;;'262783844475178410100100630014321244;;;6179977.85;RUB;0;;;;;;"САНКТ-ПЕТЕРБУРГСКОЕ ГОСУДАРСТВЕННОЕ КАЗЕННОЕ УЧРЕЖДЕНИЕ ""АГЕНТСТВО ВНЕШНЕГО ТРАНСПОРТА""";"САНКТ-ПЕТЕРБУРГСКОЕ ГОСУДАРСТВЕННОЕ КАЗЕННОЕ УЧРЕЖДЕНИЕ ""АГЕНТСТВО ВНЕШНЕГО ТРАНСПОРТА""";22.05.2026;01.06.2026;Закупка завершена;;;01.06.2026;
44-ФЗ;№0172200001926000623;Запрос котировок в электронной форме;Поставка № 818 лекарственного препарата РИСПЕРИДОН для обеспечения отдельных категорий граждан в 2026 году;;'262780804383378410100100013672120323;;;25589520.00;RUB;0;;;;;;КОМИТЕТ ПО ЗДРАВООХРАНЕНИЮ;КОМИТЕТ ПО ЗДРАВООХРАНЕНИЮ;21.05.2026;01.06.2026;Закупка завершена;;;28.05.2026;
44-ФЗ;№0172200001926000622;Запрос котировок в электронной форме;Поставка № 817 лекарственного препарата РИСПЕРИДОН для обеспечения отдельных категорий граждан в 2026 году;;'262780804383378410100100013712120323;;;23107500.00;RUB;0;;;;;;КОМИТЕТ ПО ЗДРАВООХРАНЕНИЮ;КОМИТЕТ ПО ЗДРАВООХРАНЕНИЮ;21.05.2026;01.06.2026;Закупка завершена;;;28.05.2026;
44-ФЗ;№0372200219626000189;Электронный аукцион;Поставка лекарственного препарата для медицинского применения (МНН Тоцилизумаб) в 2026 году;;'262781204980678380100101520012120244;;;24870020.00;RUB;0;;;;;;"САНКТ-ПЕТЕРБУРГСКОЕ ГОСУДАРСТВЕННОЕ БЮДЖЕТНОЕ УЧРЕЖДЕНИЕ ЗДРАВООХРАНЕНИЯ ""КЛИНИЧЕСКАЯ РЕВМАТОЛОГИЧЕСКАЯ БОЛЬНИЦА № 25"" ИМЕНИ В.А.НАСОНОВОЙ";"САНКТ-ПЕТЕРБУРГСКОЕ ГОСУДАРСТВЕННОЕ КАЗЕННОЕ УЧРЕЖДЕНИЕ ""ДИРЕКЦИЯ ПО ЗАКУПКАМ КОМИТЕТА ПО ЗДРАВООХРАНЕНИЮ""";21.05.2026;01.06.2026;Закупка завершена;;;29.05.2026;
44-ФЗ;№0335300000226000303;Электронный аукцион;"Работы по инженерным изысканиям и разработке проектной документации по объекту ""Реконструкция участка сети дождевой канализации диаметром 600 мм с устройством очистных сооружений по ул. Генделя ? ул. Брамса в г. Калининграде""";;'263390625762839060100100760027112407;;;6971734.19;RUB;0;;;;;;"МУНИЦИПАЛЬНОЕ БЮДЖЕТНОЕ УЧРЕЖДЕНИЕ ""УПРАВЛЕНИЕ КАПИТАЛЬНОГО СТРОИТЕЛЬСТВА"" ГОРОДСКОГО ОКРУГА ""ГОРОД КАЛИНИНГРАД""";"КОМИТЕТ ПО ФИНАНСАМ АДМИНИСТРАЦИИ ГОРОДСКОГО ОКРУГА ""ГОРОД КАЛИНИНГРАД""";22.05.2026;01.06.2026;Закупка завершена;;;01.06.2026;
44-ФЗ;№0335300000226000304;Электронный аукцион;"Работы по инженерным изысканиям и разработке проектной документации по объекту ""Реконструкция участка сети дождевой канализации диаметром 800 мм с устройством очистных сооружений по пр-кту Мира ? ул. Гостиной в г. Калининграде""";;'263390625762839060100100800017112407;;;8725512.78;RUB;0;;;;;;"МУНИЦИПАЛЬНОЕ БЮДЖЕТНОЕ УЧРЕЖДЕНИЕ ""УПРАВЛЕНИЕ КАПИТАЛЬНОГО СТРОИТЕЛЬСТВА"" ГОРОДСКОГО ОКРУГА ""ГОРОД КАЛИНИНГРАД""";"КОМИТЕТ ПО ФИНАНСАМ АДМИНИСТРАЦИИ ГОРОДСКОГО ОКРУГА ""ГОРОД КАЛИНИНГРАД""";22.05.2026;01.06.2026;Закупка завершена;;;01.06.2026;
44-ФЗ;№0133200001726001237;Открытый конкурс в электронной форме;Выполнение работ по ремонту автомобильных дорог городского округа Шуя;;'263370602309037060100104520014211244;;;29406996.66;RUB;0;;;;;;"МУНИЦИПАЛЬНОЕ БЮДЖЕТНОЕ УЧРЕЖДЕНИЕ ""УПРАВЛЕНИЕ БЛАГОУСТРОЙСТВА ГОРОДСКОГО ОКРУГА ШУЯ""";ДЕПАРТАМЕНТ КОНКУРСОВ И АУКЦИОНОВ ИВАНОВСКОЙ ОБЛАСТИ;23.04.2026;01.06.2026;Закупка завершена;;;27.05.2026;
44-ФЗ;№0172200001926000618;Запрос котировок в электронной форме;Поставка № 806 лекарственного препарата РУФИНАМИД для обеспечения отдельных категорий граждан в 2026 году;;'262780804383378410100100013692120323;;;5679705.00;RUB;0;;;;;;КОМИТЕТ ПО ЗДРАВООХРАНЕНИЮ;КОМИТЕТ ПО ЗДРАВООХРАНЕНИЮ;21.05.2026;01.06.2026;Закупка завершена;;;28.05.2026;
44-ФЗ;№0357100003826000003;Электронный аукцион;Капитальный ремонт жилых помещений, коридора 5 этажа, лестниц между 4 и 5 этажами (Общежитие с пристроенным корпусом по адресу: Псковская область, г. Великие Луки, пл. Юбилейная, д. 4, корп. 1);;'261602500177660250100100080014339243;;;9988407.66;RUB;0;;;;;;"ФЕДЕРАЛЬНОЕ ГОСУДАРСТВЕННОЕ БЮДЖЕТНОЕ ОБРАЗОВАТЕЛЬНОЕ УЧРЕЖДЕНИЕ ВЫСШЕГО ОБРАЗОВАНИЯ ""ВЕЛИКОЛУКСКАЯ ГОСУДАРСТВЕННАЯ АКАДЕМИЯ ФИЗИЧЕСКОЙ КУЛЬТУРЫ И СПОРТА""";"ФЕДЕРАЛЬНОЕ ГОСУДАРСТВЕННОЕ БЮДЖЕТНОЕ ОБРАЗОВАТЕЛЬНОЕ УЧРЕЖДЕНИЕ ВЫСШЕГО ОБРАЗОВАНИЯ ""ВЕЛИКОЛУКСКАЯ ГОСУДАРСТВЕННАЯ АКАДЕМИЯ ФИЗИЧЕСКОЙ КУЛЬТУРЫ И СПОРТА""";22.05.2026;01.06.2026;Закупка завершена;;;01.06.2026;
44-ФЗ;№0172200001926000621;Запрос котировок в электронной форме;Поставка № 816 лекарственного препарата РАЗАГИЛИН для обеспечения отдельных категорий граждан в 2026 году;;'262780804383378410100100013682120323;;;9843829.80;RUB;0;;;;;;КОМИТЕТ ПО ЗДРАВООХРАНЕНИЮ;КОМИТЕТ ПО ЗДРАВООХРАНЕНИЮ;21.05.2026;01.06.2026;Закупка завершена;;;28.05.2026;
44-ФЗ;№0194200000526003601;Электронный аукцион;Поставка автомобиля грузового с бортовой платформой;;'262201425915920150100100260012910244;;;13485000.00;RUB;0;;;;;;МИНИСТЕРСТВО АВТОМОБИЛЬНЫХ ДОРОГ ЧЕЧЕНСКОЙ РЕСПУБЛИКИ;КОМИТЕТ ПРАВИТЕЛЬСТВА ЧЕЧЕНСКОЙ РЕСПУБЛИКИ ПО ГОСУДАРСТВЕННОМУ ЗАКАЗУ;18.05.2026;01.06.2026;Закупка завершена;;;01.06.2026;
44-ФЗ;№0373200014226000308;Открытый конкурс в электронной форме;Выполнение работ по благоустройству района Кунцево;;'262773148629077310100100460010000244;;;29999827.46;RUB;0;;;;;;"ГОСУДАРСТВЕННОЕ БЮДЖЕТНОЕ УЧРЕЖДЕНИЕ ГОРОДА МОСКВЫ ""ЖИЛИЩНИК РАЙОНА КУНЦЕВО""";"ГОСУДАРСТВЕННОЕ КАЗЕННОЕ УЧРЕЖДЕНИЕ ГОРОДА МОСКВЫ ""ДИРЕКЦИЯ ЗАКАЗЧИКА ЖИЛИЩНО-КОММУНАЛЬНОГО ХОЗЯЙСТВА И БЛАГОУСТРОЙСТВА ЗАПАДНОГО АДМИНИСТРАТИВНОГО ОКРУГА""";14.05.2026;01.06.2026;Закупка завершена;;;01.06.2026;
44-ФЗ;№0841600001326000031;Электронный аукцион;Выполнение работ по объекту: « Ремонт тротуара с асфальтобетонным покрытием по ул. Больничная в Мантуровском муниципальном округе Костромской области »;;'263440400556244040100100060014211244;;;6435585.70;RUB;0;;;;;;КОМИТЕТ КОММУНАЛЬНОГО ХОЗЯЙСТВА, АРХИТЕКТУРЫ И ГРАДОСТРОИТЕЛЬСТВА АДМИНИСТРАЦИИ МАНТУРОВСКОГО МУНИЦИПАЛЬНОГО ОКРУГА КОСТРОМСКОЙ ОБЛАСТИ;"МУНИЦИПАЛЬНОЕ КАЗЕННОЕ УЧРЕЖДЕНИЕ МАНТУРОВСКОГО МУНИЦИПАЛЬНОГО ОКРУГА КОСТРОМСКОЙ ОБЛАСТИ ""ОБЪЕДИНЕННАЯ БУХГАЛТЕРИЯ""";15.05.2026;01.06.2026;Закупка завершена;;;29.05.2026;
44-ФЗ;№0373100091426000599;Электронный аукцион;Поставка лекарственного препарата для медицинского применения (МНН: Цефтобипрол медокарил);;'261773401280677340100100081990000244;;;5400000.00;RUB;0;;;;;;"ФЕДЕРАЛЬНОЕ ГОСУДАРСТВЕННОЕ БЮДЖЕТНОЕ УЧРЕЖДЕНИЕ ""НАЦИОНАЛЬНЫЙ МЕДИЦИНСКИЙ ИССЛЕДОВАТЕЛЬСКИЙ ЦЕНТР ТРАНСПЛАНТОЛОГИИ И ИСКУССТВЕННЫХ ОРГАНОВ ИМЕНИ АКАДЕМИКА В.И. ШУМАКОВА"" МИНИСТЕРСТВА ЗДРАВООХРАНЕНИЯ РОССИЙСКОЙ ФЕДЕРАЦИИ";"ФЕДЕРАЛЬНОЕ ГОСУДАРСТВЕННОЕ БЮДЖЕТНОЕ УЧРЕЖДЕНИЕ ""НАЦИОНАЛЬНЫЙ МЕДИЦИНСКИЙ ИССЛЕДОВАТЕЛЬСКИЙ ЦЕНТР ТРАНСПЛАНТОЛОГИИ И ИСКУССТВЕННЫХ ОРГАНОВ ИМЕНИ АКАДЕМИКА В.И. ШУМАКОВА"" МИНИСТЕРСТВА ЗДРАВООХРАНЕНИЯ РОССИЙСКОЙ ФЕДЕРАЦИИ";21.05.2026;01.06.2026;Закупка завершена;;;29.05.2026;
44-ФЗ;№0263100000126000072;Запрос котировок в электронной форме на проведение работ по строительству, реконструкции, кап. ремонту, сносу объекта кап. строительства в соответствии с п. 8 ч. 1 ст. 33 Закона № 44-ФЗ ;Выполнение работ по капитальному ремонту здания ОСФР по Смоленской области по адресу: Смоленская область, г. Дорогобуж, ул. Мира, д. 14;;'261673001172967310100101070014339243;;;6216077.00;RUB;0;;;;;;ОТДЕЛЕНИЕ ФОНДА ПЕНСИОННОГО И СОЦИАЛЬНОГО СТРАХОВАНИЯ РОССИЙСКОЙ ФЕДЕРАЦИИ ПО СМОЛЕНСКОЙ ОБЛАСТИ;ОТДЕЛЕНИЕ ФОНДА ПЕНСИОННОГО И СОЦИАЛЬНОГО СТРАХОВАНИЯ РОССИЙСКОЙ ФЕДЕРАЦИИ ПО СМОЛЕНСКОЙ ОБЛАСТИ;25.05.2026;01.06.2026;Закупка завершена;;;01.06.2026;
44-ФЗ;№0818500000826003021;Открытый конкурс в электронной форме;"Оказание услуг по сопровождению государственных информационных систем Краснодарского края ""Автоматизированная информационная система ""Единый центр услуг"", ""Портал государственных услуг (функций) Краснодарского края"", ""Реестр государственных услуг (функций) Краснодарского края""";;'262230828240023090100100720026202244;;;18500000.00;RUB;0;;;;;;"ГОСУДАРСТВЕННОЕ КАЗЕННОЕ УЧРЕЖДЕНИЕ КРАСНОДАРСКОГО КРАЯ ""ЦИФРОВАЯ КУБАНЬ""";"ГОСУДАРСТВЕННОЕ КАЗЕННОЕ УЧРЕЖДЕНИЕ КРАСНОДАРСКОГО КРАЯ ""ДИРЕКЦИЯ ГОСУДАРСТВЕННЫХ ЗАКУПОК""";08.05.2026;01.06.2026;Закупка завершена;;;27.05.2026;
44-ФЗ;№0826500000926001574;Электронный аукцион;Поставка товаров бытовой химии (1) на 2026 год;;262312341491331230100100210010000244, 262311700431631170100100240010000244, 263312700301531270100102820010000244, 262311150404831110100100180010000244, 262312100021931210100103080010000244, 262312344811931230100100490010000244, 262312313977731230100100200010000244, 262312813818131280100104930010000244, 262312307287531230100100250010000244, 263312803915931280100101870010000000, 262312344803831230100102050010000000, 262312344802031230100104130010000244, 262311900150431190100102200010000244, 262311700092131170100102030010000244, 262312344801331230100102920010000000, 262310200471531020100103330010000244, 262312401129731230100100460010000244, 262312302137331230100101120010000244, 262312301992031230100100480010000244, 262310900195331090100101300010000000, 262311400218031140100102260010000244, 262312900011531200100101560010000000, 262310301007731030100102000010000000, 263311700247831170100100200010000244, 262312600512231260100102210010000244, 263312250699231220100100190010000244, 263311900330031190100100140010000244, 262312401394631230100102810010000244, 262312316211031230100101280010000244, 262312402097531230100136830010000244, 262312200126131220100102720010000244, 263312803913431280100100460010000244, 263312302112631230100101120010000244, 262312303044131230100100380010000244, 262312807140231280100100220010000244, 262312402065431230100102310010000244, 262312305312831230100100140010000244, 262310500098031050100102070010000244, 262310600191631060100102590010000000, 262312311725131230100101320010000244, 262312802695331280100101930010000244, 262312501087431230100100260020000244;;;9414136.16;RUB;0;;;;;;;"ОБЛАСТНОЕ ГОСУДАРСТВЕННОЕ КАЗЕННОЕ УЧРЕЖДЕНИЕ БЕЛГОРОДСКОЙ ОБЛАСТИ ""ЦЕНТР ЗАКУПОК""";20.05.2026;01.06.2026;Закупка завершена;;;28.05.2026;
44-ФЗ;№0174500001126003035;Электронный аукцион;Поставка лекарственного(-ых) препарата(-ов) для медицинского применения в пользу граждан в целях их социального обеспечения (ДАБРАФЕНИБ);;'262920402328192040100100023142120323;;;11188962.00;RUB;0;;;;;;"ГОСУДАРСТВЕННОЕ КАЗЕННОЕ УЧРЕЖДЕНИЕ СЕВАСТОПОЛЯ ""МЕДИЦИНСКИЙ СКЛАД № 1043""";ДЕПАРТАМЕНТ АДМИНИСТРАТИВНО-ХОЗЯЙСТВЕННОГО ОБЕСПЕЧЕНИЯ ИСПОЛНИТЕЛЬНЫХ ОРГАНОВ ГОРОДА СЕВАСТОПОЛЯ;20.05.2026;01.06.2026;Закупка завершена;;;28.05.2026;
44-ФЗ;№0173100010526000011;Электронный аукцион;Поставка систем хранения данных и выполнение работ по монтажу и настройке;;'261771072313477100100100470012620242;;;20386000.00;RUB;0;;;;;;ФЕДЕРАЛЬНОЕ АГЕНТСТВО ПО УПРАВЛЕНИЮ ГОСУДАРСТВЕННЫМ ИМУЩЕСТВОМ;ФЕДЕРАЛЬНОЕ АГЕНТСТВО ПО УПРАВЛЕНИЮ ГОСУДАРСТВЕННЫМ ИМУЩЕСТВОМ;18.05.2026;01.06.2026;Закупка завершена;;;29.05.2026;
44-ФЗ;№0373200408226000009;Запрос котировок в электронной форме;Выполнение работ по монтажу звонковой системы;;'262772230697877220100100400010000244;;;5805726.42;RUB;0;;;;;;"ГОСУДАРСТВЕННОЕ КАЗЕННОЕ ОБЩЕОБРАЗОВАТЕЛЬНОЕ УЧРЕЖДЕНИЕ ГОРОДА МОСКВЫ ""СПЕЦИАЛЬНАЯ (КОРРЕКЦИОННАЯ) ШКОЛА-ИНТЕРНАТ № 65""";"ГОСУДАРСТВЕННОЕ КАЗЕННОЕ ОБЩЕОБРАЗОВАТЕЛЬНОЕ УЧРЕЖДЕНИЕ ГОРОДА МОСКВЫ ""СПЕЦИАЛЬНАЯ (КОРРЕКЦИОННАЯ) ШКОЛА-ИНТЕРНАТ № 65""";25.05.2026;01.06.2026;Закупка завершена;;;01.06.2026;
44-ФЗ;№0848300047126000223;Открытый конкурс в электронной форме;Реконструкция наружных местных (распределительных) тепловых сетей (горячей воды);;'263500902275250090100100020014221000;;;8212325.99;RUB;0;;;;;;"МУНИЦИПАЛЬНОЕ УНИТАРНОЕ ПРЕДПРИЯТИЕ ГОРОДСКОГО ОКРУГА ДОМОДЕДОВО ""ТЕПЛОСЕТЬ""";"МУНИЦИПАЛЬНОЕ КАЗЕННОЕ УЧРЕЖДЕНИЕ ГОРОДСКОГО ОКРУГА ДОМОДЕДОВО ""ДИРЕКЦИЯ ЕДИНОГО ЗАКАЗЧИКА""";13.05.2026;01.06.2026;Закупка завершена;;;29.05.2026;
44-ФЗ;№0372200278526000040;Электронный аукцион;Оказание услуг по предоставлению лицензий на право использовать компьютерное программное обеспечение для государственных нужд Санкт-Петербурга;;'262784244461078420100100530045829242;;;6106000.00;RUB;0;;;;;;"САНКТ-ПЕТЕРБУРГСКОЕ ГОСУДАРСТВЕННОЕ КАЗЕННОЕ УЧРЕЖДЕНИЕ ""УПРАВЛЕНИЕ ИНФОРМАЦИОННЫХ ТЕХНОЛОГИЙ И СВЯЗИ""";"САНКТ-ПЕТЕРБУРГСКОЕ ГОСУДАРСТВЕННОЕ КАЗЕННОЕ УЧРЕЖДЕНИЕ ""УПРАВЛЕНИЕ ИНФОРМАЦИОННЫХ ТЕХНОЛОГИЙ И СВЯЗИ""";21.05.2026;01.06.2026;Закупка завершена;;;29.05.2026;
44-ФЗ;№0136500001126002922;Открытый конкурс в электронной форме;Выполнение работ по ремонту автомобильной дороги общего пользования межмуниципального значения Михайлова Гора – Еськи на участках км 0+000 - км 1+510, км 1+535 – км 5+190 и км 5+225 – км 15+000 в Бежецком муниципальном округе Тверской области;;'262690500901869500100100570014211244;;;198639181.20;RUB;0;;;;;;"ГОСУДАРСТВЕННОЕ КАЗЕННОЕ УЧРЕЖДЕНИЕ ТВЕРСКОЙ ОБЛАСТИ ""ДИРЕКЦИЯ ТЕРРИТОРИАЛЬНОГО ДОРОЖНОГО ФОНДА ТВЕРСКОЙ ОБЛАСТИ""";КОМИТЕТ ГОСУДАРСТВЕННОГО ЗАКАЗА ТВЕРСКОЙ ОБЛАСТИ;12.05.2026;01.06.2026;Закупка завершена;;;28.05.2026;
44-ФЗ;№0163200000326002969;Запрос котировок в электронной форме;(1856-эзк) Изделия медицинского назначения (Набор для инактивации патогенов тромбоцитов);;'262673100696167310100100050023250244;;;9625000.00;RUB;0;;;;;;"ОБЛАСТНОЕ ГОСУДАРСТВЕННОЕ БЮДЖЕТНОЕ УЧРЕЖДЕНИЕ ЗДРАВООХРАНЕНИЯ ""СМОЛЕНСКИЙ ЦЕНТР КРОВИ""";ГЛАВНОЕ УПРАВЛЕНИЕ СМОЛЕНСКОЙ ОБЛАСТИ ПО РЕГУЛИРОВАНИЮ КОНТРАКТНОЙ СИСТЕМЫ;25.05.2026;01.06.2026;Закупка завершена;;;01.06.2026;
44-ФЗ;№0163200000326002970;Запрос котировок в электронной форме;(1855-эзк) Изделия медицинского назначения (Набор для разделения компонентов крови в системе центрифугирования крови);;'262673100696167310100100030010000244;;;8025000.00;RUB;0;;;;;;"ОБЛАСТНОЕ ГОСУДАРСТВЕННОЕ БЮДЖЕТНОЕ УЧРЕЖДЕНИЕ ЗДРАВООХРАНЕНИЯ ""СМОЛЕНСКИЙ ЦЕНТР КРОВИ""";ГЛАВНОЕ УПРАВЛЕНИЕ СМОЛЕНСКОЙ ОБЛАСТИ ПО РЕГУЛИРОВАНИЮ КОНТРАКТНОЙ СИСТЕМЫ;25.05.2026;01.06.2026;Закупка завершена;;;01.06.2026;
44-ФЗ;№0826300021526000050;Электронный аукцион;Приобретение жилых помещений (квартир) для детей-сирот, детей, оставшихся без попечения родителей и лиц из их числа;;'263312700410731270100100050016810412;;;6435000.00;RUB;0;;;;;;КОМИТЕТ ПО  УПРАВЛЕНИЮ МУНИЦИПАЛЬНОЙ СОБСТВЕННОСТЬЮ АДМИНИСТРАЦИИ ГУБКИНСКОГО ГОРОДСКОГО ОКРУГА;"МУНИЦИПАЛЬНОЕ КАЗЕННОЕ УЧРЕЖДЕНИЕ  ""УПРАВЛЕНИЕ ПО ОБЕСПЕЧЕНИЮ ДЕЯТЕЛЬНОСТИ ОРГАНОВ МЕСТНОГО САМОУПРАВЛЕНИЯ ГУБКИНСКОГО ГОРОДСКОГО ОКРУГА""";20.05.2026;01.06.2026;Закупка завершена;;;28.05.2026;
44-ФЗ;№0711200012526000098;Электронный аукцион;Оказание услуг по выполнению лабораторных исследований;;'262165106494416510100101710018690244;;;6000000.00;RUB;0;;;;;;"ГОСУДАРСТВЕННОЕ АВТОНОМНОЕ УЧРЕЖДЕНИЕ ЗДРАВООХРАНЕНИЯ ""НИЖНЕКАМСКАЯ ЦЕНТРАЛЬНАЯ РАЙОННАЯ МНОГОПРОФИЛЬНАЯ БОЛЬНИЦА""";"ГОСУДАРСТВЕННОЕ АВТОНОМНОЕ УЧРЕЖДЕНИЕ ЗДРАВООХРАНЕНИЯ ""НИЖНЕКАМСКАЯ ЦЕНТРАЛЬНАЯ РАЙОННАЯ МНОГОПРОФИЛЬНАЯ БОЛЬНИЦА""";22.05.2026;01.06.2026;Закупка завершена;;;01.06.2026;
44-ФЗ;№0859200001126006458;Электронный аукцион;Выполнение подрядных работ по нормативному содержанию и приведению в нормативное состояние автомобильных дорог - содержание автомобильных дорог общего пользования местного значения и искусственных сооружений на них на территории Клепиковского территориального управления администрации Клепиковского муниципального округа Рязанской области;;'263620002000562000100100110014211244;;;6183923.00;RUB;0;;;;;;КЛЕПИКОВСКОЕ ТЕРРИТОРИАЛЬНОЕ УПРАВЛЕНИЕ АДМИНИСТРАЦИИ КЛЕПИКОВСКОГО МУНИЦИПАЛЬНОГО ОКРУГА РЯЗАНСКОЙ ОБЛАСТИ;"ГОСУДАРСТВЕННОЕ КАЗЕННОЕ УЧРЕЖДЕНИЕ РЯЗАНСКОЙ ОБЛАСТИ ""ЦЕНТР ЗАКУПОК РЯЗАНСКОЙ ОБЛАСТИ""";22.05.2026;01.06.2026;Закупка завершена;;;01.06.2026;
44-ФЗ;№0174500001126003071;Электронный аукцион;на оказание услуг по техническому обслуживанию и ремонту автотранспортных средств с использованием запасных частей;;'262920402214392040100100060050000244;;;19500000.00;RUB;0;;;;;;"ГОСУДАРСТВЕННОЕ БЮДЖЕТНОЕ УЧРЕЖДЕНИЕ ЗДРАВООХРАНЕНИЯ СЕВАСТОПОЛЯ ""ЦЕНТР ЭКСТРЕННОЙ МЕДИЦИНСКОЙ ПОМОЩИ И МЕДИЦИНЫ КАТАСТРОФ""";ДЕПАРТАМЕНТ АДМИНИСТРАТИВНО-ХОЗЯЙСТВЕННОГО ОБЕСПЕЧЕНИЯ ИСПОЛНИТЕЛЬНЫХ ОРГАНОВ ГОРОДА СЕВАСТОПОЛЯ;20.05.2026;01.06.2026;Закупка завершена;;;28.05.2026;
44-ФЗ;№0813500000126008950;Открытый конкурс в электронной форме;№ 11238 Масло, творог для нужд учреждений Ленинского р-на г.Ижевска;;263183202659518320100100070070000244, 263183202672518320100100040140000244, 263183206771418320100100070070000244, 263183202673218320100100040070000244, 263183201929118320100100040080000244, 263183203675518320100100040090000244, 263183202254418320100100100070000244, 263183203185218320100100050070000244, 263183202660518320100100080080000244, 263183202658818320100100040080000244, 263183202537618320100100050080000244, 263183202661218320100100050070000244, 263183202654918320100100080080000244, 263183204100018320100100060070000244, 263183202655618320100100060080000244, 263183206685518320100100050070000244, 263183201930118320100100050070000244, 263183202665118320100100050080000244, 263183202162118320100100030160000244, 263183202192818320100100070040000244;;;21666028.19;RUB;0;;;;;;;"ГОСУДАРСТВЕННОЕ КАЗЕННОЕ УЧРЕЖДЕНИЕ УДМУРТСКОЙ РЕСПУБЛИКИ ""РЕГИОНАЛЬНЫЙ ЦЕНТР ЗАКУПОК УДМУРТСКОЙ РЕСПУБЛИКИ""";14.05.2026;01.06.2026;Закупка завершена;;;01.06.2026;
44-ФЗ;№0311200027226000015;Открытый конкурс в электронной форме на проведение работ по строительству, реконструкции, кап. ремонту, сносу объекта кап. строительства в соответствии с п. 8 ч. 1 ст. 33 Закона № 44-ФЗ;Капитальный ремонт тепловых сетей Елабужского муниципального района Республики Татарстан;;'262165301484316550100100110014221243;;;59089810.00;RUB;0;;;;;;"ГОСУДАРСТВЕННОЕ КАЗЕННОЕ УЧРЕЖДЕНИЕ ""ГЛАВНОЕ УПРАВЛЕНИЕ ИНЖЕНЕРНЫХ СЕТЕЙ РЕСПУБЛИКИ ТАТАРСТАН""";"ГОСУДАРСТВЕННОЕ КАЗЕННОЕ УЧРЕЖДЕНИЕ ""ГЛАВНОЕ УПРАВЛЕНИЕ ИНЖЕНЕРНЫХ СЕТЕЙ РЕСПУБЛИКИ ТАТАРСТАН""";14.05.2026;01.06.2026;Закупка завершена;;;01.06.2026;
44-ФЗ;№0859200001126006171;Электронный аукцион;Обустройство спортивной площадки в п. Желтухинский Скопинского района Рязанской области;;'263620001956062000100101130014399244;;;9962685.53;RUB;0;;;;;;УПРАВЛЕНИЕ СТРОИТЕЛЬСТВА, АРХИТЕКТУРЫ, ЖКХ И БЛАГОУСТРОЙСТВА АДМИНИСТРАЦИИ СКОПИНСКОГО МУНИЦИПАЛЬНОГО ОКРУГА РЯЗАНСКОЙ ОБЛАСТИ;"ГОСУДАРСТВЕННОЕ КАЗЕННОЕ УЧРЕЖДЕНИЕ РЯЗАНСКОЙ ОБЛАСТИ ""ЦЕНТР ЗАКУПОК РЯЗАНСКОЙ ОБЛАСТИ""";19.05.2026;01.06.2026;Закупка завершена;;;28.05.2026;
44-ФЗ;№0848300047226000294;Открытый конкурс в электронной форме;Выполнение работ по текущему ремонту здания, расположенного по адресу: Московская область, г. о. Красногорск, г. Красногорск, ул. Комсомольская д.2;;'263502421047950240100100270014120244;;;33428838.03;RUB;0;;;;;;"МУНИЦИПАЛЬНОЕ КАЗЕННОЕ УЧРЕЖДЕНИЕ ГОРОДСКОГО ОКРУГА КРАСНОГОРСК ""УПРАВЛЕНИЕ КАПИТАЛЬНОГО СТРОИТЕЛЬСТВА""";"МУНИЦИПАЛЬНОЕ КАЗЕННОЕ УЧРЕЖДЕНИЕ ""КРАСНОГОРСКИЙ ЦЕНТР ТОРГОВ""";06.05.2026;01.06.2026;Закупка завершена;;;28.05.2026;
44-ФЗ;№0108500000426003074;Электронный аукцион;Оказание услуг по техническому обслуживанию медицинского оборудования (системы лучевой терапии Halcyon);;'262121503990912150100100050190000244;;;16992915.00;RUB;0;;;;;;"ГОСУДАРСТВЕННОЕ БЮДЖЕТНОЕ УЧРЕЖДЕНИЕ РЕСПУБЛИКИ МАРИЙ ЭЛ ""РЕСПУБЛИКАНСКИЙ КЛИНИЧЕСКИЙ ОНКОЛОГИЧЕСКИЙ ДИСПАНСЕР""";КОМИТЕТ ПО РЕГУЛИРОВАНИЮ КОНТРАКТНОЙ СИСТЕМЫ В СФЕРЕ ЗАКУПОК РЕСПУБЛИКИ МАРИЙ ЭЛ;21.05.2026;01.06.2026;Закупка завершена;;;29.05.2026;
