Закупки по;Реестровый номер закупки;Способ определения поставщика (подрядчика, исполнителя), подрядной организации (размещения закупки);Наименование закупки;Предмет электронного аукциона (только для ПП РФ 615);Идентификационный код закупки;Номер лота;Наименование лота;Начальная (максимальная) цена контракта;Валюта;Начальная (максимальная) цена в валюте контракта;Валюта контракта;Классификация по ОКДП;Классификация по ОКПД;Классификация по ОКПД2;Код позиции;Наименование Заказчика;Организация, осуществляющая размещение ;Дата размещения;Дата обновления;Этап закупки;Особенности размещения заказа\ Преимущества (44-ФЗ);Дата начала подачи заявок;Дата окончания подачи заявок;Дата проведения электронного аукциона
44-ФЗ;№0150200003926000118;Электронный аукцион;Поставка лекарственных препаратов для медицинского применения МНН Канакинумаб (с целью оказания отдельным категориям граждан социальной поддержки по обеспечению лекарственными препаратами);;'262532102896053210100100010680000323;;;7638915.36;RUB;0;;;;;;МИНИСТЕРСТВО ЗДРАВООХРАНЕНИЯ НОВГОРОДСКОЙ ОБЛАСТИ;АДМИНИСТРАЦИЯ ГУБЕРНАТОРА НОВГОРОДСКОЙ ОБЛАСТИ;18.02.2026;02.03.2026;Закупка завершена;;;27.02.2026;
44-ФЗ;№0184300000426000030;Запрос котировок в электронной форме;Поставка щебня;;'263298300291129830100100050010812244;;;6490000.00;RUB;0;;;;;;"АДМИНИСТРАЦИЯ СЕЛЬСКОГО ПОСЕЛЕНИЯ ""ХОРЕЙ-ВЕРСКИЙ СЕЛЬСОВЕТ"" ЗАПОЛЯРНОГО РАЙОНА НЕНЕЦКОГО АВТОНОМНОГО ОКРУГА";УПРАВЛЕНИЕ МУНИЦИПАЛЬНОГО ИМУЩЕСТВА АДМИНИСТРАЦИИ ЗАПОЛЯРНОГО РАЙОНА;18.02.2026;02.03.2026;Закупка завершена;;;26.02.2026;
44-ФЗ;№0367100005326000008;Электронный аукцион;Продовольственное обеспечение в рамках государственного оборонного заказа (Молоко питьевое);;'261720400366972030100100000391051223;;;10216800.00;RUB;0;;;;;;УПРАВЛЕНИЕ ФЕДЕРАЛЬНОЙ СЛУЖБЫ ИСПОЛНЕНИЯ НАКАЗАНИЙ ПО ТЮМЕНСКОЙ ОБЛАСТИ;УПРАВЛЕНИЕ ФЕДЕРАЛЬНОЙ СЛУЖБЫ ИСПОЛНЕНИЯ НАКАЗАНИЙ ПО ТЮМЕНСКОЙ ОБЛАСТИ;18.02.2026;02.03.2026;Закупка завершена;;;26.02.2026;
44-ФЗ;№0853500000326000775;Электронный аукцион на проведение работ по строительству, реконструкции, кап. ремонту, сносу объекта кап. строительства в соответствии с п. 8 ч. 1 ст. 33 Закона № 44-ФЗ;Выполнение работ по реконструкции моста через реку Средняя Каргалка на км 33+280 автомобильной дороги Майорское - Белоусовка в Сакмарском районе Оренбургской области;;'262561007002256100100100180014213414;;;130205239.13;RUB;0;;;;;;"ГОСУДАРСТВЕННОЕ УЧРЕЖДЕНИЕ ""ГЛАВНОЕ УПРАВЛЕНИЕ ДОРОЖНОГО ХОЗЯЙСТВА ОРЕНБУРГСКОЙ ОБЛАСТИ""";"ГОСУДАРСТВЕННОЕ КАЗЕННОЕ УЧРЕЖДЕНИЕ ОРЕНБУРГСКОЙ ОБЛАСТИ ""ЦЕНТР ОРГАНИЗАЦИИ ЗАКУПОК""";18.02.2026;02.03.2026;Закупка завершена;;;26.02.2026;
44-ФЗ;№0318300119426000089;Электронный аукцион;Спецтехника (поливомоечная машина с навесным оборудованием);;'263230907375223090100100110012910244;;;9090000.00;RUB;0;;;;;;"МУНИЦИПАЛЬНОЕ КАЗЁННОЕ УЧРЕЖДЕНИЕ МУНИЦИПАЛЬНОГО ОБРАЗОВАНИЯ ГОРОД КРАСНОДАР ""ЦЕНТР ОЗЕЛЕНЕНИЯ И ЭКОЛОГИИ""";УПРАВЛЕНИЕ ЗАКУПОК АДМИНИСТРАЦИИ МУНИЦИПАЛЬНОГО ОБРАЗОВАНИЯ ГОРОД КРАСНОДАР;17.02.2026;02.03.2026;Закупка завершена;;;26.02.2026;
44-ФЗ;№0318300119426000062;Электронный аукцион;Оказание услуг по проведению лабораторных испытаний дорожно-строительных материалов, в том числе готовых конструктивных элементов на автомобильных дорогах местного значения в границах муниципального образования город Краснодар;;'263230900477323080100100320017120244;;;12000000.00;RUB;0;;;;;;"МУНИЦИПАЛЬНОЕ КАЗЕННОЕ УЧРЕЖДЕНИЕ МУНИЦИПАЛЬНОГО ОБРАЗОВАНИЯ ГОРОД КРАСНОДАР ""ЦЕНТР МОНИТОРИНГА ДОРОЖНОГО ДВИЖЕНИЯ И ТРАНСПОРТА""";УПРАВЛЕНИЕ ЗАКУПОК АДМИНИСТРАЦИИ МУНИЦИПАЛЬНОГО ОБРАЗОВАНИЯ ГОРОД КРАСНОДАР;13.02.2026;02.03.2026;Закупка завершена;;;27.02.2026;
44-ФЗ;№0373200474126000001;Электронный аукцион;Поставка бумаги и бумажных изделий (бумага для творчества и рисования);;262773382601677330100100090010000244, 262773313261077330100100120010000244, 262773367229277330100100110010000244, 262773355848777330100100120010000244, 262773385369077330100100110010000244, 262773311304777330100100090010000244, 262773302312177250100100120010000244, 262773308874677330100100110010000244, 262773312392077330100100110010000244, 262773385777677330100100110010000244, 262773382097777330100100120010000000, 262773312662477330100100120010000244, 262774302769377330100100100010000244;;;5345713.63;RUB;0;;;;;;;"ГОСУДАРСТВЕННОЕ БЮДЖЕТНОЕ ОБЩЕОБРАЗОВАТЕЛЬНОЕ УЧРЕЖДЕНИЕ ГОРОДА МОСКВЫ ""ШКОЛА № 830""";17.02.2026;02.03.2026;Закупка завершена;;;27.02.2026;
44-ФЗ;№0853500000326000767;Электронный аукцион;на оказание услуг по проведению исследования для определения скрытой крови в кале иммунохимическим количественным методом;;262560400489656040100100080018690244, 262560600112156060100100190018690244, 262561803196356180100100260018690244, 262560500350356050100100510018690244;;;11343000.00;RUB;0;;;;;;;"ГОСУДАРСТВЕННОЕ КАЗЕННОЕ УЧРЕЖДЕНИЕ ОРЕНБУРГСКОЙ ОБЛАСТИ ""ЦЕНТР ОРГАНИЗАЦИИ ЗАКУПОК""";18.02.2026;02.03.2026;Закупка завершена;;;26.02.2026;
44-ФЗ;№0340200003326001288;Открытый конкурс в электронной форме на проведение работ по строительству, реконструкции, кап. ремонту, сносу объекта кап. строительства в соответствии с п. 8 ч. 1 ст. 33 Закона № 44-ФЗ;Капитальный ремонт здания МКОУ СОШ, расположенного по адресу 612273, Кировская обл., Орловский район, д. Кузнецы, ул. Школьная, д. 10;;'263433600213743360100100060014120243;;;51081080.00;RUB;0;;;;;;МУНИЦИПАЛЬНОЕ КАЗЕННОЕ ОБЩЕОБРАЗОВАТЕЛЬНОЕ УЧРЕЖДЕНИЕ СРЕДНЯЯ ОБЩЕОБРАЗОВАТЕЛЬНАЯ ШКОЛА Д. КУЗНЕЦЫ ОРЛОВСКОГО МУНИЦИПАЛЬНОГО ОКРУГА КИРОВСКОЙ ОБЛАСТИ;"КИРОВСКОЕ ОБЛАСТНОЕ ГОСУДАРСТВЕННОЕ КАЗЕННОЕ УЧРЕЖДЕНИЕ ""ЦЕНТР ПО ТЕХНИЧЕСКОМУ СОПРОВОЖДЕНИЮ ГОСУДАРСТВЕННЫХ ЗАКУПОК""";11.02.2026;02.03.2026;Закупка завершена;;;27.02.2026;
44-ФЗ;№0103200008426000357;Открытый конкурс в электронной форме;Благоустройство междворовой территории по ул. 40 лет Дагестана 10, г. Кизляр.;;'263054700989605470100100030030000243;;;13328643.34;RUB;0;;;;;;"МУНИЦИПАЛЬНОЕ КАЗЕННОЕ УЧРЕЖДЕНИЕ ""УПРАВЛЕНИЕ КАПИТАЛЬНОГО СТРОИТЕЛЬСТВА"" ГОРОДСКОГО ОКРУГА ""ГОРОД КИЗЛЯР""";КОМИТЕТ ПО ГОСУДАРСТВЕННЫМ ЗАКУПКАМ РЕСПУБЛИКИ ДАГЕСТАН;11.02.2026;02.03.2026;Закупка завершена;;;27.02.2026;
44-ФЗ;№0162300005326000207;Электронный аукцион;Оказание услуг специализированной дорожно-уборочной техникой с обслуживающим персоналом;;'263667229211566790100100100014941244;;;10000000.00;RUB;0;;;;;;"МУНИЦИПАЛЬНОЕ БЮДЖЕТНОЕ УЧРЕЖДЕНИЕ ""ЧКАЛОВСКОЕ ДОРОЖНО-ЭКСПЛУАТАЦИОННОЕ УПРАВЛЕНИЕ""";АДМИНИСТРАЦИЯ ГОРОДА ЕКАТЕРИНБУРГА;19.02.2026;02.03.2026;Закупка завершена;;;27.02.2026;
44-ФЗ;№0273100000126000010;Электронный аукцион;Выполнение работ по текущему ремонту помещений 1 этажа (БТИ №№ 10, 11), 2 этажа (БТИ №№ 55, 56), 3 этажа (БТИ №№ 36, 55) здания СФР по адресу: г. Москва, ул. Стасовой, д. 14, корп. 2;;'261770601611877060100100150014339244;;;5103092.34;RUB;0;;;;;;ФОНД ПЕНСИОННОГО И СОЦИАЛЬНОГО СТРАХОВАНИЯ РОССИЙСКОЙ ФЕДЕРАЦИИ;ФОНД ПЕНСИОННОГО И СОЦИАЛЬНОГО СТРАХОВАНИЯ РОССИЙСКОЙ ФЕДЕРАЦИИ;19.02.2026;02.03.2026;Закупка завершена;;;27.02.2026;
44-ФЗ;№0154200000726000074;Электронный аукцион;Закупка лекарственных препаратов для медицинского применения  с целью льготного обеспечения граждан Российской Федерации, проживающих на территории Орловской области, страдающих жизнеугрожающими и хроническими прогрессирующими редкими (орфанными) заболеваниями, приводящими к сокращению продолжительности жизни граждан или их инвалидности, за счет средств областного бюджета в 2026 году. Агалсидаза альфа (ЖНВЛП);;'262575306130857530100100300012120323;;;23894508.75;RUB;0;;;;;;ДЕПАРТАМЕНТ ЗДРАВООХРАНЕНИЯ ОРЛОВСКОЙ ОБЛАСТИ;ДЕПАРТАМЕНТ ЭКОНОМИЧЕСКОГО РАЗВИТИЯ И ИНВЕСТИЦИОННОЙ ДЕЯТЕЛЬНОСТИ ОРЛОВСКОЙ ОБЛАСТИ;13.02.2026;02.03.2026;Закупка завершена;;;26.02.2026;
44-ФЗ;№0325400000526000010;Электронный аукцион;Поставка кильки мороженой для нужд обособленных (структурных) подразделений ФГБУ «Главрыбвод», находящихся в зоне деятельности Каспийского филиала ФГБУ «Главрыбвод»;;'261770804488030194300200460011020244;;;8403105.15;RUB;0;;;;;;"КАСПИЙСКИЙ ФИЛИАЛ ФЕДЕРАЛЬНОГО ГОСУДАРСТВЕННОГО БЮДЖЕТНОГО УЧРЕЖДЕНИЯ ""ГЛАВНОЕ БАССЕЙНОВОЕ УПРАВЛЕНИЕ ПО РЫБОЛОВСТВУ И СОХРАНЕНИЮ ВОДНЫХ БИОЛОГИЧЕСКИХ РЕСУРСОВ""";"КАСПИЙСКИЙ ФИЛИАЛ ФЕДЕРАЛЬНОГО ГОСУДАРСТВЕННОГО БЮДЖЕТНОГО УЧРЕЖДЕНИЯ ""ГЛАВНОЕ БАССЕЙНОВОЕ УПРАВЛЕНИЕ ПО РЫБОЛОВСТВУ И СОХРАНЕНИЮ ВОДНЫХ БИОЛОГИЧЕСКИХ РЕСУРСОВ""";19.02.2026;02.03.2026;Закупка завершена;;;27.02.2026;
44-ФЗ;№0162200011826000292;Электронный аукцион на проведение работ по строительству, реконструкции, кап. ремонту, сносу объекта кап. строительства в соответствии с п. 8 ч. 1 ст. 33 Закона № 44-ФЗ;"Выполнение работ по капитальному ремонту автомобильной дороги ""Подъезд к п. Нейво-Шайтанский №1 от км 72+820 а/д ""с. Николо-Павловское - с. Петрокаменское - г. Алапаевск"" на участке км 5+132 - км 7+282 на территории муниципального образования город Алапаевск";;'262665807811066850100101460014211243;;;164337883.71;RUB;0;;;;;;"ГОСУДАРСТВЕННОЕ КАЗЕННОЕ  УЧРЕЖДЕНИЕ СВЕРДЛОВСКОЙ ОБЛАСТИ ""УПРАВЛЕНИЕ АВТОМОБИЛЬНЫХ ДОРОГ""";ДЕПАРТАМЕНТ ГОСУДАРСТВЕННЫХ ЗАКУПОК СВЕРДЛОВСКОЙ ОБЛАСТИ;18.02.2026;02.03.2026;Закупка завершена;;;26.02.2026;
44-ФЗ;№0162200011826000289;Электронный аукцион на проведение работ по строительству, реконструкции, кап. ремонту, сносу объекта кап. строительства в соответствии с п. 8 ч. 1 ст. 33 Закона № 44-ФЗ;Выполнение работ по капитальному ремонту мостового перехода через р.Кунару на км 21+795 автомобильной дороги г.Камышлов - г.Сухой Лог на территории городского округа Сухой Лог;;'262665807811066850100101640014213243;;;113046747.00;RUB;0;;;;;;"ГОСУДАРСТВЕННОЕ КАЗЕННОЕ  УЧРЕЖДЕНИЕ СВЕРДЛОВСКОЙ ОБЛАСТИ ""УПРАВЛЕНИЕ АВТОМОБИЛЬНЫХ ДОРОГ""";ДЕПАРТАМЕНТ ГОСУДАРСТВЕННЫХ ЗАКУПОК СВЕРДЛОВСКОЙ ОБЛАСТИ;18.02.2026;02.03.2026;Закупка завершена;;;26.02.2026;
44-ФЗ;№0373200316926000001;Электронный аукцион;Поставка материалов расходных инженерно-строительных (подводки, шаровые краны, арматура для унитаза, смесители, сифоны);;262771705394777170100100080010000244, 262971520697677150100100070010000244, 262771702408677170100100050010000244, 262771619949277160100100090010000244, 262771707173877170100100060010000244, 262771702316377170100100050010000244, 262771620017077160100100070010000244, 262771530378277150100100080010000244, 262771597916177150100100080010000244;;;6148211.68;RUB;0;;;;;;;"ГОСУДАРСТВЕННОЕ БЮДЖЕТНОЕ ОБЩЕОБРАЗОВАТЕЛЬНОЕ УЧРЕЖДЕНИЕ ГОРОДА МОСКВЫ ""ШКОЛА № 1577""";19.02.2026;02.03.2026;Закупка завершена;;;27.02.2026;
44-ФЗ;№0317300301926000114;Электронный аукцион;Выполнение работ по нанесению дорожной разметки на автомобильных дорогах городского округа – города Барнаула Алтайского края;;'263222523158622250100100580014211244;;;70000000.00;RUB;0;;;;;;КОМИТЕТ ПО ДОРОЖНОМУ ХОЗЯЙСТВУ И ТРАНСПОРТУ ГОРОДА БАРНАУЛА;КОМИТЕТ МУНИЦИПАЛЬНОГО ЗАКАЗА ГОРОДА БАРНАУЛА;16.02.2026;02.03.2026;Закупка завершена;;;26.02.2026;
44-ФЗ;№0826500000926000287;Открытый конкурс в электронной форме;Оказание охранных услуг на 2026 год;;'262911002863091100100100130018010244;;;8773380.00;RUB;0;;;;;;"ГОСУДАРСТВЕННОЕ БЮДЖЕТНОЕ УЧРЕЖДЕНИЕ ЗДРАВООХРАНЕНИЯ БЕЛГОРОДСКОЙ ОБЛАСТИ ""САНАТОРИЙ ДЛЯ ДЕТЕЙ И ДЕТЕЙ С РОДИТЕЛЯМИ ""БРИГАНТИНА ""БЕЛОГОРЬЕ""";"ОБЛАСТНОЕ ГОСУДАРСТВЕННОЕ КАЗЕННОЕ УЧРЕЖДЕНИЕ БЕЛГОРОДСКОЙ ОБЛАСТИ ""ЦЕНТР ЗАКУПОК""";06.02.2026;02.03.2026;Закупка завершена;;;27.02.2026;
44-ФЗ;№0148200002026000005;Электронный аукцион;Оказание услуг по изготовлению государственных регистрационных знаков для нужд Управления регионального государственного надзора в области технического состояния самоходных машин и других видов техники, аттракционов Министерства экологии и природопользования Московской области;;'262501806144450240100101160019529244;;;5412689.00;RUB;0;;;;;;МИНИСТЕРСТВО ЭКОЛОГИИ И ПРИРОДОПОЛЬЗОВАНИЯ МОСКОВСКОЙ ОБЛАСТИ;МИНИСТЕРСТВО ЭКОЛОГИИ И ПРИРОДОПОЛЬЗОВАНИЯ МОСКОВСКОЙ ОБЛАСТИ;19.02.2026;02.03.2026;Закупка завершена;;;27.02.2026;
44-ФЗ;№0187300000926000003;Электронный аукцион;Выполнение работ по нанесению горизонтальной дорожной разметки, пешеходных переходов в гп.Пойковский в 2026 году.;;'263861901581886190100100040014211244;;;11901494.51;RUB;0;;;;;;"МУНИЦИПАЛЬНОЕ КАЗЕННОЕ УЧРЕЖДЕНИЕ ""СЛУЖБА ЖИЛИЩНО-КОММУНАЛЬНОГО ХОЗЯЙСТВА И БЛАГОУСТРОЙСТВА ГОРОДСКОГО ПОСЕЛЕНИЯ ПОЙКОВСКИЙ""";"МУНИЦИПАЛЬНОЕ УЧРЕЖДЕНИЕ ""АДМИНИСТРАЦИЯ ГОРОДСКОГО ПОСЕЛЕНИЯ ПОЙКОВСКИЙ""";13.02.2026;02.03.2026;Закупка завершена;;;26.02.2026;
44-ФЗ;№0848300053826000017;Открытый конкурс в электронной форме;Выполнение работ по круглогодичному содержанию дворовых территорий городского округа Лобня Московской области (территория 1);;'263502500457450250100100040014211244;;;10000000.00;RUB;0;;;;;;"МУНИЦИПАЛЬНОЕ БЮДЖЕТНОЕ УЧРЕЖДЕНИЕ ""УЮТНЫЙ ГОРОД""";"МУНИЦИПАЛЬНОЕ КАЗЕННОЕ УЧРЕЖДЕНИЕ ""ЛОБНЕНСКИЙ ЦЕНТР ЗАКУПОК""";10.02.2026;02.03.2026;Закупка завершена;;;26.02.2026;
44-ФЗ;№0372200286726000004;Электронный аукцион;Поставка комплектующих и принадлежностей для автотранспортных средств;;'262784251015778420100100290010000244;;;5000000.00;RUB;0;;;;;;"САНКТ-ПЕТЕРБУРГСКОЕ ГОСУДАРСТВЕННОЕ БЮДЖЕТНОЕ АВТОТРАНСПОРТНОЕ УЧРЕЖДЕНИЕ ""СМОЛЬНИНСКОЕ""";"САНКТ-ПЕТЕРБУРГСКОЕ ГОСУДАРСТВЕННОЕ БЮДЖЕТНОЕ АВТОТРАНСПОРТНОЕ УЧРЕЖДЕНИЕ ""СМОЛЬНИНСКОЕ""";19.02.2026;02.03.2026;Закупка завершена;;;27.02.2026;
44-ФЗ;№0169300035826000037;Электронный аукцион;Выполнение работ по благоустройству дворовой территории многоквартирных домов №№ 1, 3 по ул. Попова, № 8 по ул. Менделеева в г. Миассе;;'263741503192274150100100430014299244;;;6424711.00;RUB;0;;;;;;АДМИНИСТРАЦИЯ МИАССКОГО ГОРОДСКОГО ОКРУГА ЧЕЛЯБИНСКОЙ ОБЛАСТИ;АДМИНИСТРАЦИЯ МИАССКОГО ГОРОДСКОГО ОКРУГА ЧЕЛЯБИНСКОЙ ОБЛАСТИ;19.02.2026;02.03.2026;Закупка завершена;;;27.02.2026;
44-ФЗ;№0119200000126001914;Электронный аукцион;ЭА-№-2487/26 «Поставка с доставкой продуктов питания (говядина замороженная) для нужд КГБУЗ КККОД им. А.И. Крыжановского»;;'262246503513724650100100970011011244;;;17877945.00;RUB;0;;;;;;"КРАЕВОЕ ГОСУДАРСТВЕННОЕ БЮДЖЕТНОЕ УЧРЕЖДЕНИЕ ЗДРАВООХРАНЕНИЯ ""КРАСНОЯРСКИЙ КРАЕВОЙ КЛИНИЧЕСКИЙ ОНКОЛОГИЧЕСКИЙ ДИСПАНСЕР ИМЕНИ А.И. КРЫЖАНОВСКОГО""";АГЕНТСТВО ГОСУДАРСТВЕННОГО ЗАКАЗА КРАСНОЯРСКОГО КРАЯ;17.02.2026;02.03.2026;Закупка завершена;;;27.02.2026;
44-ФЗ;№0119200000126001797;Электронный аукцион;ЭА-№-2190/26 «Бумага для офисной техники»;;'262245503615624550100101170011712244;;;6428448.00;RUB;0;;;;;;"КРАЕВОЕ ГОСУДАРСТВЕННОЕ БЮДЖЕТНОЕ УЧРЕЖДЕНИЕ ЗДРАВООХРАНЕНИЯ ""МИНУСИНСКАЯ МЕЖРАЙОННАЯ БОЛЬНИЦА""";АГЕНТСТВО ГОСУДАРСТВЕННОГО ЗАКАЗА КРАСНОЯРСКОГО КРАЯ;16.02.2026;02.03.2026;Закупка завершена;;;26.02.2026;
44-ФЗ;№0169300000126000106;Запрос котировок в электронной форме;"26-113658 Выполнение работ по реализации инициативного проекта ""Ремонт проездов в Советском районе города Челябинска""";;'263745146968774510100100420014211244;;;5291754.60;RUB;0;;;;;;АДМИНИСТРАЦИЯ СОВЕТСКОГО РАЙОНА ГОРОДА ЧЕЛЯБИНСКА;УПРАВЛЕНИЕ МУНИЦИПАЛЬНЫХ ЗАКУПОК АДМИНИСТРАЦИИ ГОРОДА ЧЕЛЯБИНСКА;19.02.2026;02.03.2026;Закупка завершена;;;27.02.2026;
44-ФЗ;№0169300000126000108;Электронный аукцион;"26-113661Э Выполнение работ по реализации инициативного проекта ""Благоустройство улично-дорожной сети поселка Новосинеглазово в Советском районе города Челябинска""";;'263745146968774510100100430014211244;;;26624994.76;RUB;0;;;;;;АДМИНИСТРАЦИЯ СОВЕТСКОГО РАЙОНА ГОРОДА ЧЕЛЯБИНСКА;УПРАВЛЕНИЕ МУНИЦИПАЛЬНЫХ ЗАКУПОК АДМИНИСТРАЦИИ ГОРОДА ЧЕЛЯБИНСКА;19.02.2026;02.03.2026;Закупка завершена;;;27.02.2026;
44-ФЗ;№0119200000126001972;Электронный аукцион;ЭА-№-1551/26 «по техническому сопровождению государственной информационной системы в сфере здравоохранения Красноярского края, в части подсистемы «Управление скорой и неотложной медицинской помощью, включая санавиацию, Красноярского края»»;;263241400107324140100100100016203244, 262880200009588020100100080016203244, 262244600159824460100100200016203244, 262242000432224200100100060016203244, 262240100017824010100100060016203244, 262241300165924130100100110016203244, 262242600058924260100100120016203244, 262242400141024240100100070016203244, 262245003195824500100100390016203244, 262244500020024450100100090016203244, 262242100035224210100100370016203244, 262246606274324600100100130016203244, 262243200223124480100100090016203244, 262241900408524190100100110016203244, 262244300541024430100100350016203244, 262245901970824590100100300016203244, 262242300005124230100100030016203244, 262241600206524160100100120016203244, 262241101099324110100100060016203244, 262245800479424580100100090016203244, 262242900057024290100100220016203244, 262241100401224110100100190016203244, 262243800004724380100100130016203244, 262241500190424150100100130016203244, 262240700124124070100100350016203244, 262243701047624370100100100016203244, 262240300458724030100100020016203244, 262880300022888030100100210016203244, 262243500173324350100100570016202244, 262243000064824300100100040016203244, 262240900029024090100100120016203244, 262245600229424560100100600016203244, 262241200507224470100100160016203244, 262840300053784030100100420016203244, 262243600072524360100100070016203244, 262241000010324100100100080016203244, 262245400250024540100100540016203244, 262246503314724650100100090016203244, 262880000035788010100100100016203244, 262240800033924080100100100016203244, 262244400259624440100100420016203244, 262244000023824400100100050016203244, 262245702476624570100100040016203244, 262246900306224690100100060016203244, 262240400317724040100100390016203244, 262244900069824490100100440016203244, 262243100034424310100100060010000244, 262243400097724340100100240016203244, 262242200118024220100100130016203244, 262240500206324050100100050016203244, 262243300102224330100100140016203244, 262242800170024280100100060016202244, 262244200338624420100100120016203244, 262241700009224170100100560010000244, 262245503615624550100100210016203244, 262243900040224390100100180016203244;;;11718636.73;RUB;0;;;;;;;АГЕНТСТВО ГОСУДАРСТВЕННОГО ЗАКАЗА КРАСНОЯРСКОГО КРАЯ;18.02.2026;02.03.2026;Закупка завершена;;;26.02.2026;
44-ФЗ;№0119200000126001063;Открытый конкурс в электронной форме;ОК-№-1624/26 «Выполнение всего комплекса работ по планово-предупредительному ремонту моста через реку Амонаш на км 36+170 автомобильной дороги Канск – Тарай Красноярского края»;;'262246001772024600100100100024211244;;;11692483.00;RUB;0;;;;;;"КРАЕВОЕ ГОСУДАРСТВЕННОЕ КАЗЁННОЕ УЧРЕЖДЕНИЕ ""УПРАВЛЕНИЕ АВТОМОБИЛЬНЫХ ДОРОГ ПО КРАСНОЯРСКОМУ КРАЮ""";АГЕНТСТВО ГОСУДАРСТВЕННОГО ЗАКАЗА КРАСНОЯРСКОГО КРАЯ;06.02.2026;02.03.2026;Закупка завершена;;;25.02.2026;
44-ФЗ;№0119200000126001059;Открытый конкурс в электронной форме;ОК-№-1515/26 «Выполнение всего комплекса работ по ремонту моста через р. Ивашиха на км 9+020 автомобильной дороги Ивановка - Ивашиха Красноярского края»;;'262246001772024600100100090024211244;;;20096351.00;RUB;0;;;;;;"КРАЕВОЕ ГОСУДАРСТВЕННОЕ КАЗЁННОЕ УЧРЕЖДЕНИЕ ""УПРАВЛЕНИЕ АВТОМОБИЛЬНЫХ ДОРОГ ПО КРАСНОЯРСКОМУ КРАЮ""";АГЕНТСТВО ГОСУДАРСТВЕННОГО ЗАКАЗА КРАСНОЯРСКОГО КРАЯ;06.02.2026;02.03.2026;Закупка завершена;;;25.02.2026;
44-ФЗ;№0119200000126001892;Электронный аукцион;ЭА-№-1687/26 «Оказание услуг по передаче сертификата технической поддержки государственной информационной системы государственного учреждения Красноярского края «ЛесФондGEO»»;;'262246310281424630100100130016311244;;;6160749.96;RUB;0;;;;;;МИНИСТЕРСТВО ПРИРОДНЫХ РЕСУРСОВ И ЛЕСНОГО КОМПЛЕКСА КРАСНОЯРСКОГО КРАЯ;АГЕНТСТВО ГОСУДАРСТВЕННОГО ЗАКАЗА КРАСНОЯРСКОГО КРАЯ;17.02.2026;02.03.2026;Закупка завершена;;;27.02.2026;
44-ФЗ;№0169300000126000109;Электронный аукцион;"26-113662Э Выполнение работ по реализации инициативного проекта ""Благоустройство проезда в Советском районе города Челябинска (проезд от дома № 2 по ул. Пугачева до пересечения с ул. Громова)""";;'263745146968774510100100440014211244;;;10293876.48;RUB;0;;;;;;АДМИНИСТРАЦИЯ СОВЕТСКОГО РАЙОНА ГОРОДА ЧЕЛЯБИНСКА;УПРАВЛЕНИЕ МУНИЦИПАЛЬНЫХ ЗАКУПОК АДМИНИСТРАЦИИ ГОРОДА ЧЕЛЯБИНСКА;19.02.2026;02.03.2026;Закупка завершена;;;27.02.2026;
44-ФЗ;№0848300057726000012;Электронный аукцион;Выполнение работ по текущему ремонту автомобильных дорог общего пользования местного значения на территории Волоколамского муниципального округа;;'263500400389050040100101210014211244;;;29171208.00;RUB;0;;;;;;АДМИНИСТРАЦИЯ ВОЛОКОЛАМСКОГО МУНИЦИПАЛЬНОГО ОКРУГА МОСКОВСКОЙ ОБЛАСТИ;"МУНИЦИПАЛЬНОЕ КАЗЕННОЕ УЧРЕЖДЕНИЕ ""ЦЕНТР ЗАКУПОК""";16.02.2026;02.03.2026;Закупка завершена;;;26.02.2026;
223-ФЗ;№32615654055;Конкурс в электронной форме, участниками которого могут быть только субъекты малого и среднего предпринимательства;Оказание хозяйственных услуг;;;1;Оказание хозяйственных услуг;49285452.28;RUB;49285452.28;;;;81.21.10.000: Услуги по общей уборке зданий;;"ОБЩЕСТВО С ОГРАНИЧЕННОЙ ОТВЕТСТВЕННОСТЬЮ ""ЛУКОЙЛ-ВОЛГОГРАДЭНЕРГО""";"ОБЩЕСТВО С ОГРАНИЧЕННОЙ ОТВЕТСТВЕННОСТЬЮ ""ЛУКОЙЛ-ВОЛГОГРАДЭНЕРГО""";30.01.2026;02.03.2026;Закупка завершена;;;16.02.2026 10:00;
44-ФЗ;№0152300011926000066;Электронный аукцион;Выполнение работ по охране, защите, воспроизводству лесов, проводимых на территории Омского лесничества (на территории Центрального, Советского, Кировского, Октябрьского и Ленинского окружных участковых лесничеств) муниципального образования городской округ город Омск Омской области с одновременной продажей лесных насаждений для заготовки древесины (Реестровый номер 34.0056.26);;'263550800100355030100100640020240244;;;7912416.68;RUB;0;;;;;;ДЕПАРТАМЕНТ ИМУЩЕСТВЕННЫХ ОТНОШЕНИЙ АДМИНИСТРАЦИИ ГОРОДА ОМСКА;ДЕПАРТАМЕНТ КОНТРАКТНОЙ СИСТЕМЫ В СФЕРЕ ЗАКУПОК АДМИНИСТРАЦИИ ГОРОДА ОМСКА;09.02.2026;02.03.2026;Закупка завершена;;;26.02.2026;
44-ФЗ;№0148200002026000006;Электронный аукцион;Расчистка реки Копнинки в Сергиево-Посадском городском округе Московской области»;;'262501806144450240100101170013900244;;;91915600.00;RUB;0;;;;;;МИНИСТЕРСТВО ЭКОЛОГИИ И ПРИРОДОПОЛЬЗОВАНИЯ МОСКОВСКОЙ ОБЛАСТИ;МИНИСТЕРСТВО ЭКОЛОГИИ И ПРИРОДОПОЛЬЗОВАНИЯ МОСКОВСКОЙ ОБЛАСТИ;19.02.2026;02.03.2026;Закупка завершена;;;27.02.2026;
44-ФЗ;№0162200011826000287;Электронный аукцион;Текущий ремонт отдела записи актов гражданского состояния города Кушвы Управления записи актов гражданского состояния, расположенного по адресу: Свердловская область, г. Кушва, ул. Красноармейская, 8;;'262665822333566580100100610014339244;;;8425286.60;RUB;0;;;;;;УПРАВЛЕНИЕ ЗАПИСИ АКТОВ ГРАЖДАНСКОГО СОСТОЯНИЯ СВЕРДЛОВСКОЙ ОБЛАСТИ;ДЕПАРТАМЕНТ ГОСУДАРСТВЕННЫХ ЗАКУПОК СВЕРДЛОВСКОЙ ОБЛАСТИ;18.02.2026;02.03.2026;Закупка завершена;;;26.02.2026;
44-ФЗ;№0865200000326000024;Открытый конкурс в электронной форме;Оказание охранных услуг;;'262702001461470170100100140018010244;;;6496711.68;RUB;0;;;;;;"ОБЛАСТНОЕ ГОСУДАРСТВЕННОЕ БЮДЖЕТНОЕ ПРОФЕССИОНАЛЬНОЕ ОБРАЗОВАТЕЛЬНОЕ УЧРЕЖДЕНИЕ ""ТОМСКИЙ ПРОМЫШЛЕННО-ГУМАНИТАРНЫЙ КОЛЛЕДЖ""";"ОБЛАСТНОЕ ГОСУДАРСТВЕННОЕ КАЗЕННОЕ УЧРЕЖДЕНИЕ ""ЦЕНТР ГОСУДАРСТВЕННЫХ ЗАКУПОК ТОМСКОЙ ОБЛАСТИ""";04.02.2026;02.03.2026;Закупка завершена;;;20.02.2026;
44-ФЗ;№0852500000126000443;Запрос котировок в электронной форме;Поставка лекарственного препарата для медицинского применения с МНН Кальция фолинат (Реестровый номер 260315);;'262550302559355030100100880012120244;;;10000000.00;RUB;0;;;;;;"БЮДЖЕТНОЕ УЧРЕЖДЕНИЕ ЗДРАВООХРАНЕНИЯ ОМСКОЙ ОБЛАСТИ ""КЛИНИЧЕСКИЙ ОНКОЛОГИЧЕСКИЙ ДИСПАНСЕР""";"КАЗЕННОЕ УЧРЕЖДЕНИЕ ОМСКОЙ ОБЛАСТИ ""ЦЕНТР ЗАКУПОК ТОВАРОВ, РАБОТ, УСЛУГ""";19.02.2026;02.03.2026;Закупка завершена;;;27.02.2026;
44-ФЗ;№0853500000326000735;Электронный аукцион;на оказание услуг по проведению исследования для определения скрытой крови в кале иммунохимическим количественным методом;;262564500020256450100100160018690244, 262564900083856490100100060018690244, 262562700108056270100100110018690244, 262562200088756220100100230018690244, 262563300123356330100100360018690244, 262560202593256020100100710018690244, 262563900477756390100100190018690244;;;13250170.00;RUB;0;;;;;;;"ГОСУДАРСТВЕННОЕ КАЗЕННОЕ УЧРЕЖДЕНИЕ ОРЕНБУРГСКОЙ ОБЛАСТИ ""ЦЕНТР ОРГАНИЗАЦИИ ЗАКУПОК""";18.02.2026;02.03.2026;Закупка завершена;;;26.02.2026;
44-ФЗ;№0119200000126001623;Электронный аукцион;ЭА 1874/26 «Ремонт автомобильных дорог общего пользования местного значения на территории г. Енисейска по ул. ДОС»;;'263244701385324470100100140014211244;;;14748476.29;RUB;0;;;;;;"МУНИЦИПАЛЬНОЕ КАЗЁННОЕ УЧРЕЖДЕНИЕ ""УПРАВЛЕНИЕ ГОРОДСКОГО ХОЗЯЙСТВА ГОРОДА ЕНИСЕЙСКА""";АГЕНТСТВО ГОСУДАРСТВЕННОГО ЗАКАЗА КРАСНОЯРСКОГО КРАЯ;16.02.2026;02.03.2026;Закупка завершена;;;26.02.2026;
44-ФЗ;№0119200000126001898;Электронный аукцион на проведение работ по строительству, реконструкции, кап. ремонту, сносу объекта кап. строительства в соответствии с п. 8 ч. 1 ст. 33 Закона № 44-ФЗ;ЭА 2034/26 «Капитальный ремонт кровли и ремонт межпанельных швов здания, расположенного по адресу: Красноярский край, г. Ачинск, ул. Льва Толстого, д. 26А»;;'262244300648524430100100060010000243;;;16690200.00;RUB;0;;;;;;"КРАЕВОЕ ГОСУДАРСТВЕННОЕ БЮДЖЕТНОЕ ПРОФЕССИОНАЛЬНОЕ ОБРАЗОВАТЕЛЬНОЕ УЧРЕЖДЕНИЕ ""АЧИНСКИЙ МЕДИЦИНСКИЙ ТЕХНИКУМ""";АГЕНТСТВО ГОСУДАРСТВЕННОГО ЗАКАЗА КРАСНОЯРСКОГО КРАЯ;18.02.2026;02.03.2026;Закупка завершена;;;26.02.2026;
44-ФЗ;№0387200009126000345;Электронный аукцион;Поставка медицинских изделий для инсулиновой помпы Медтроник  для обеспечения отдельных категорий граждан, проживающих на территории Ханты-Мансийского автономного округа – Югры, включенных в региональный сегмент Федерального регистра лиц, за счет средств, предоставляемых из федерального бюджета бюджетам субъектов РФ на реализацию отдельных полномочий в области оказания государственной социальной помощи в 2026 году;;'262860103583886020100100680023250323;;;9920000.00;RUB;0;;;;;;"КАЗЕННОЕ УЧРЕЖДЕНИЕ ХАНТЫ-МАНСИЙСКОГО АВТОНОМНОГО ОКРУГА - ЮГРЫ ""ЦЕНТР ЛЕКАРСТВЕННОГО МОНИТОРИНГА""";"КАЗЕННОЕ УЧРЕЖДЕНИЕ ХАНТЫ-МАНСИЙСКОГО АВТОНОМНОГО ОКРУГА - ЮГРЫ ""ЦЕНТР ЛЕКАРСТВЕННОГО МОНИТОРИНГА""";16.02.2026;02.03.2026;Закупка завершена;;;27.02.2026;
44-ФЗ;№0387200009126000264;Электронный аукцион;Поставка лекарственного препарата для медицинского применения Упадацитиниб для обеспечения отдельных категорий граждан, проживающих на территории Ханты-Мансийского автономного округа – Югры и страдающих некоторыми видами заболеваний, при лечении которых лекарственные средства, медицинские изделия и специализированные продукты лечебного питания предоставляются по рецептам за счет средств бюджета автономного округа в 2026 году;;'262860103583886020100100600182120323;;;5806578.60;RUB;0;;;;;;"КАЗЕННОЕ УЧРЕЖДЕНИЕ ХАНТЫ-МАНСИЙСКОГО АВТОНОМНОГО ОКРУГА - ЮГРЫ ""ЦЕНТР ЛЕКАРСТВЕННОГО МОНИТОРИНГА""";"КАЗЕННОЕ УЧРЕЖДЕНИЕ ХАНТЫ-МАНСИЙСКОГО АВТОНОМНОГО ОКРУГА - ЮГРЫ ""ЦЕНТР ЛЕКАРСТВЕННОГО МОНИТОРИНГА""";13.02.2026;02.03.2026;Закупка завершена;;;27.02.2026;
44-ФЗ;№0177200000926000234;Электронный аукцион;Обеспечение лекарственными препаратами отдельной категории граждан в соответствии с Приказом Министерства здравоохранения Республики Алтай от 24 апреля 2023 года № 62-од (Поставка лекарственных препаратов ЭКУЛИЗУМАБ);;'262041100854204110100100160032120323;;;9108457.20;RUB;0;;;;;;МИНИСТЕРСТВО ЗДРАВООХРАНЕНИЯ РЕСПУБЛИКИ АЛТАЙ;МИНИСТЕРСТВО ЭКОНОМИЧЕСКОГО РАЗВИТИЯ РЕСПУБЛИКИ АЛТАЙ;18.02.2026;02.03.2026;Закупка завершена;;;27.02.2026;
44-ФЗ;№0169300035826000033;Электронный аукцион;Выполнение работ по благоустройству дворовой территории многоквартирного дома № 3 по ул. Пионерская в г. Миассе;;'263741503192274150100100460014211244;;;5569034.00;RUB;0;;;;;;АДМИНИСТРАЦИЯ МИАССКОГО ГОРОДСКОГО ОКРУГА ЧЕЛЯБИНСКОЙ ОБЛАСТИ;АДМИНИСТРАЦИЯ МИАССКОГО ГОРОДСКОГО ОКРУГА ЧЕЛЯБИНСКОЙ ОБЛАСТИ;19.02.2026;02.03.2026;Закупка завершена;;;27.02.2026;
44-ФЗ;№0119200000126001750;Электронный аукцион;ЭА-№-1009/26 «Поставка дезинфицирующих средств»;;'262244300541024430100100020100000244;;;7210721.67;RUB;0;;;;;;"КРАЕВОЕ ГОСУДАРСТВЕННОЕ БЮДЖЕТНОЕ УЧРЕЖДЕНИЕ ЗДРАВООХРАНЕНИЯ ""АЧИНСКАЯ МЕЖРАЙОННАЯ БОЛЬНИЦА""";АГЕНТСТВО ГОСУДАРСТВЕННОГО ЗАКАЗА КРАСНОЯРСКОГО КРАЯ;16.02.2026;02.03.2026;Закупка завершена;;;26.02.2026;
44-ФЗ;№0843500000226000137;Открытый конкурс в электронной форме;"Разработка дизайн-проектов (брендирование) и сметной документации для проведения текущего ремонта зданий ГКУ ""Центр занятости Курганской области""";;'262450109114045010100100050017112244;;;19772266.00;RUB;0;;;;;;"ГОСУДАРСТВЕННОЕ КАЗЕННОЕ УЧРЕЖДЕНИЕ ""ЦЕНТР ЗАНЯТОСТИ НАСЕЛЕНИЯ КУРГАНСКОЙ ОБЛАСТИ""";"ГОСУДАРСТВЕННОЕ КАЗЕННОЕ УЧРЕЖДЕНИЕ ""ЦЕНТР ЗАКУПОК И БУХГАЛТЕРСКОГО УЧЕТА КУРГАНСКОЙ ОБЛАСТИ""";29.01.2026;02.03.2026;Закупка завершена;;;16.02.2026;
44-ФЗ;№0155200000926000048;Открытый конкурс в электронной форме;Капитальный ремонт здания Многопрофильной гимназии № 13 г. Пензы по адресу: 440062, г. Пенза, проспект Строителей, 52А;;'262583601371758360100100520014120243;;;126105235.72;RUB;0;;;;;;"ГОСУДАРСТВЕННОЕ КАЗЕННОЕ УЧРЕЖДЕНИЕ ""УПРАВЛЕНИЕ СТРОИТЕЛЬСТВА И ДОРОЖНОГО ХОЗЯЙСТВА ПЕНЗЕНСКОЙ ОБЛАСТИ""";МИНИСТЕРСТВО ЭКОНОМИЧЕСКОГО РАЗВИТИЯ И ПРОМЫШЛЕННОСТИ ПЕНЗЕНСКОЙ ОБЛАСТИ;04.02.2026;02.03.2026;Закупка завершена;;;20.02.2026;
44-ФЗ;№0119200000126001866;Электронный аукцион;ЭА-№-1604/26 «Ремонт автомобильной дороги общего пользования в с. Георгиевка Канского муниципального округа»;;'263245003819924500100100040014211244;;;13716816.82;RUB;0;;;;;;УПРАВЛЕНИЕ СТРОИТЕЛЬСТВА И ЖИЛИЩНО-КОММУНАЛЬНОГО ХОЗЯЙСТВА АДМИНИСТРАЦИИ КАНСКОГО МУНИЦИПАЛЬНОГО ОКРУГА;АГЕНТСТВО ГОСУДАРСТВЕННОГО ЗАКАЗА КРАСНОЯРСКОГО КРАЯ;17.02.2026;02.03.2026;Закупка завершена;;;26.02.2026;
44-ФЗ;№0830500000226000384;Электронный аукцион;Поставка лекарственного препарата для медицинского применения Рамуцирумаб;;'262352508074935250100100050070000244;;;10377062.30;RUB;0;;;;;;"БЮДЖЕТНОЕ УЧРЕЖДЕНИЕ ЗДРАВООХРАНЕНИЯ ВОЛОГОДСКОЙ ОБЛАСТИ ""ВОЛОГОДСКИЙ ОБЛАСТНОЙ ОНКОЛОГИЧЕСКИЙ ДИСПАНСЕР""";"ГОСУДАРСТВЕННОЕ КАЗЕННОЕ УЧРЕЖДЕНИЕ ВОЛОГОДСКОЙ ОБЛАСТИ ""ЦЕНТР ЗАКУПОК""";19.02.2026;02.03.2026;Закупка завершена;;;27.02.2026;
44-ФЗ;№0119200000126001060;Открытый конкурс в электронной форме;ОК-№-1516/26 «Выполнение всего комплекса работ по ремонту моста через р. Минжуль на км 32+000 автомобильной дороги Миндерла – Сухобузимское - Атаманово Красноярского края»;;'262246001772024600100100090014211244;;;57154678.21;RUB;0;;;;;;"КРАЕВОЕ ГОСУДАРСТВЕННОЕ КАЗЁННОЕ УЧРЕЖДЕНИЕ ""УПРАВЛЕНИЕ АВТОМОБИЛЬНЫХ ДОРОГ ПО КРАСНОЯРСКОМУ КРАЮ""";АГЕНТСТВО ГОСУДАРСТВЕННОГО ЗАКАЗА КРАСНОЯРСКОГО КРАЯ;06.02.2026;02.03.2026;Закупка завершена;;;25.02.2026;
44-ФЗ;№0119200000126001754;Запрос котировок в электронной форме;ЗК-№-1953/26 «На поставку лекарственного препарата для медицинского применения Ропивакаин для нужд КГБУЗ КККОД им. А.И. Крыжановского»;;'262246503513724650100100670012120244;;;6548062.50;RUB;0;;;;;;"КРАЕВОЕ ГОСУДАРСТВЕННОЕ БЮДЖЕТНОЕ УЧРЕЖДЕНИЕ ЗДРАВООХРАНЕНИЯ ""КРАСНОЯРСКИЙ КРАЕВОЙ КЛИНИЧЕСКИЙ ОНКОЛОГИЧЕСКИЙ ДИСПАНСЕР ИМЕНИ А.И. КРЫЖАНОВСКОГО""";АГЕНТСТВО ГОСУДАРСТВЕННОГО ЗАКАЗА КРАСНОЯРСКОГО КРАЯ;16.02.2026;02.03.2026;Закупка завершена;;;26.02.2026;
44-ФЗ;№0173100010926000002;Электронный аукцион;Поставка автомобилей легковых для осуществления надзорных функций;;'261770656053677090100100090012910244;;;92750000.00;RUB;0;;;;;;ФЕДЕРАЛЬНАЯ СЛУЖБА ГОСУДАРСТВЕННОЙ РЕГИСТРАЦИИ, КАДАСТРА И КАРТОГРАФИИ;ФЕДЕРАЛЬНАЯ СЛУЖБА ГОСУДАРСТВЕННОЙ РЕГИСТРАЦИИ, КАДАСТРА И КАРТОГРАФИИ;18.02.2026;02.03.2026;Закупка завершена;;;26.02.2026;
44-ФЗ;№0119200000126001887;Запрос котировок в электронной форме;ЗК-№-2616/26 «Препараты противоопухолевые ДАРАТУМУМАБ»;;'262246621260724660100100171100000323;;;7902800.00;RUB;0;;;;;;МИНИСТЕРСТВО ЗДРАВООХРАНЕНИЯ КРАСНОЯРСКОГО КРАЯ;АГЕНТСТВО ГОСУДАРСТВЕННОГО ЗАКАЗА КРАСНОЯРСКОГО КРАЯ;17.02.2026;02.03.2026;Закупка завершена;;;26.02.2026;
44-ФЗ;№0190200000326001220;Электронный аукцион;Оказание услуг подвижной спутниковой радиосвязи;;'262890101711789010100100320026130323;;;96825300.00;RUB;0;;;;;;ДЕПАРТАМЕНТ ПО ДЕЛАМ КОРЕННЫХ МАЛОЧИСЛЕННЫХ НАРОДОВ СЕВЕРА ЯМАЛО-НЕНЕЦКОГО АВТОНОМНОГО ОКРУГА;ДЕПАРТАМЕНТ ГОСУДАРСТВЕННОГО ЗАКАЗА ЯМАЛО-НЕНЕЦКОГО АВТОНОМНОГО ОКРУГА;17.02.2026;02.03.2026;Закупка завершена;;;26.02.2026;
44-ФЗ;№0373400009626000022;Электронный аукцион;"Поставка дизельного топлива для нужд филиала ""Мособлводхоз"" ФГБВУ ""Центррегионводхоз""";;'261500802812777284300100560011920244;;;30000000.00;RUB;0;;;;;;"ФИЛИАЛ ""МОСОБЛВОДХОЗ""";"ФИЛИАЛ ""МОСОБЛВОДХОЗ""";19.02.2026;02.03.2026;Закупка завершена;;;27.02.2026;
44-ФЗ;№0853500000326000412;Открытый конкурс в электронной форме на проведение работ по строительству, реконструкции, кап. ремонту, сносу объекта кап. строительства в соответствии с п. 8 ч. 1 ст. 33 Закона № 44-ФЗ;"Капитальный ремонт здания МБДОУ Ташлинский ДС ""Дружба"", расположенного по адресу: Оренбургская область, Ташлинский район, с.Ташла, ул. Довженко, д. 49.";;'263564800669056480100100120014120243;;;72782500.00;RUB;0;;;;;;"МУНИЦИПАЛЬНОЕ БЮДЖЕТНОЕ ДОШКОЛЬНОЕ ОБРАЗОВАТЕЛЬНОЕ УЧРЕЖДЕНИЕ ТАШЛИНСКИЙ ДЕТСКИЙ САД ""ДРУЖБА""";"ГОСУДАРСТВЕННОЕ КАЗЕННОЕ УЧРЕЖДЕНИЕ ОРЕНБУРГСКОЙ ОБЛАСТИ ""ЦЕНТР ОРГАНИЗАЦИИ ЗАКУПОК""";09.02.2026;02.03.2026;Закупка завершена;;;26.02.2026;
44-ФЗ;№0169600027226000015;Электронный аукцион на проведение работ по строительству, реконструкции, кап. ремонту, сносу объекта кап. строительства в соответствии с п. 8 ч. 1 ст. 33 Закона № 44-ФЗ;Капитальный ремонт улично-дорожной сети между ул. Гагарина и ул. Ленина в г. Еманжелинске Челябинской области;;'263744915907874490100100190014211243;;;11133277.09;RUB;0;;;;;;АДМИНИСТРАЦИЯ ЕМАНЖЕЛИНСКОГО МУНИЦИПАЛЬНОГО ОКРУГА ЧЕЛЯБИНСКОЙ ОБЛАСТИ;АДМИНИСТРАЦИЯ ЕМАНЖЕЛИНСКОГО МУНИЦИПАЛЬНОГО ОКРУГА ЧЕЛЯБИНСКОЙ ОБЛАСТИ;19.02.2026;02.03.2026;Закупка завершена;;;27.02.2026;
44-ФЗ;№0169600027226000017;Электронный аукцион на проведение работ по строительству, реконструкции, кап. ремонту, сносу объекта кап. строительства в соответствии с п. 8 ч. 1 ст. 33 Закона № 44-ФЗ;Капитальный ремонт улично-дорожной сети по ул. Победа в г. Еманжелинске Челябинской области;;'263744915907874490100100200014211243;;;31328488.29;RUB;0;;;;;;АДМИНИСТРАЦИЯ ЕМАНЖЕЛИНСКОГО МУНИЦИПАЛЬНОГО ОКРУГА ЧЕЛЯБИНСКОЙ ОБЛАСТИ;АДМИНИСТРАЦИЯ ЕМАНЖЕЛИНСКОГО МУНИЦИПАЛЬНОГО ОКРУГА ЧЕЛЯБИНСКОЙ ОБЛАСТИ;19.02.2026;02.03.2026;Закупка завершена;;;27.02.2026;
44-ФЗ;№0168500000626000461;Электронный аукцион;Ремонт дворовых территорий многоквартирных домов, проездов к дворовым территориям многоквартирных домов г. Ульяновска;;'263732512605573250100100040034399244;;;8292622.63;RUB;0;;;;;;"МУНИЦИПАЛЬНОЕ БЮДЖЕТНОЕ УЧРЕЖДЕНИЕ ""СТРОЙЗАКАЗЧИК""";АГЕНТСТВО ГОСУДАРСТВЕННЫХ ЗАКУПОК УЛЬЯНОВСКОЙ ОБЛАСТИ;13.02.2026;02.03.2026;Закупка завершена;;;26.02.2026;
44-ФЗ;№0168500000626000463;Электронный аукцион;Ремонт дворовых территорий многоквартирных домов, проездов к дворовым территориям многоквартирных домов г. Ульяновска;;'263732512605573250100100040044399244;;;10817161.54;RUB;0;;;;;;"МУНИЦИПАЛЬНОЕ БЮДЖЕТНОЕ УЧРЕЖДЕНИЕ ""СТРОЙЗАКАЗЧИК""";АГЕНТСТВО ГОСУДАРСТВЕННЫХ ЗАКУПОК УЛЬЯНОВСКОЙ ОБЛАСТИ;13.02.2026;02.03.2026;Закупка завершена;;;26.02.2026;
44-ФЗ;№0168500000626000459;Электронный аукцион;Ремонт дворовых территорий многоквартирных домов, проездов к дворовым территориям многоквартирных домов г. Ульяновска;;'263732512605573250100100040014399244;;;13875069.99;RUB;0;;;;;;"МУНИЦИПАЛЬНОЕ БЮДЖЕТНОЕ УЧРЕЖДЕНИЕ ""СТРОЙЗАКАЗЧИК""";АГЕНТСТВО ГОСУДАРСТВЕННЫХ ЗАКУПОК УЛЬЯНОВСКОЙ ОБЛАСТИ;13.02.2026;02.03.2026;Закупка завершена;;;26.02.2026;
44-ФЗ;№0168500000626000460;Электронный аукцион;Ремонт дворовых территорий многоквартирных домов, проездов к дворовым территориям многоквартирных домов г. Ульяновска;;'263732512605573250100100040024399244;;;13309611.12;RUB;0;;;;;;"МУНИЦИПАЛЬНОЕ БЮДЖЕТНОЕ УЧРЕЖДЕНИЕ ""СТРОЙЗАКАЗЧИК""";АГЕНТСТВО ГОСУДАРСТВЕННЫХ ЗАКУПОК УЛЬЯНОВСКОЙ ОБЛАСТИ;13.02.2026;02.03.2026;Закупка завершена;;;26.02.2026;
44-ФЗ;№0119200000126001753;Электронный аукцион;ЭА-№-1866/26 «Поставка с доставкой растворов для гемодиализа на аппарате MultiFiltrate для КГБУЗ «КМКБ № 20 им. И.С. Берзона»»;;'262246201142724620100100700012120244;;;23927568.00;RUB;0;;;;;;"КРАЕВОЕ ГОСУДАРСТВЕННОЕ БЮДЖЕТНОЕ УЧРЕЖДЕНИЕ ЗДРАВООХРАНЕНИЯ ""КРАСНОЯРСКАЯ МЕЖРАЙОННАЯ КЛИНИЧЕСКАЯ БОЛЬНИЦА № 20 ИМЕНИ И.С. БЕРЗОНА""";АГЕНТСТВО ГОСУДАРСТВЕННОГО ЗАКАЗА КРАСНОЯРСКОГО КРАЯ;16.02.2026;02.03.2026;Закупка завершена;;;26.02.2026;
44-ФЗ;№0829500001126000790;Электронный аукцион;Поставка лекарственного препарата для медицинского применения Венетоклакс (РЛ);;'262346008846534600100101410012120323;;;42288540.00;RUB;0;;;;;;"ГОСУДАРСТВЕННОЕ КАЗЕННОЕ УЧРЕЖДЕНИЕ  ""ЦЕНТР СОПРОВОЖДЕНИЯ ЗАКУПОК ГОСУДАРСТВЕННЫХ УЧРЕЖДЕНИЙ ЗДРАВООХРАНЕНИЯ ВОЛГОГРАДСКОЙ ОБЛАСТИ""";"ГОСУДАРСТВЕННОЕ КАЗЕННОЕ УЧРЕЖДЕНИЕ  ""ЦЕНТР СОПРОВОЖДЕНИЯ ЗАКУПОК ГОСУДАРСТВЕННЫХ УЧРЕЖДЕНИЙ ЗДРАВООХРАНЕНИЯ ВОЛГОГРАДСКОЙ ОБЛАСТИ""";16.02.2026;02.03.2026;Закупка завершена;;;26.02.2026;
44-ФЗ;№0168500000626000476;Электронный аукцион;Ремонт дворовых территорий многоквартирных домов, проездов к дворовым территориям многоквартирных домов г. Ульяновска;;'263732512605573250100100040054399244;;;15564531.72;RUB;0;;;;;;"МУНИЦИПАЛЬНОЕ БЮДЖЕТНОЕ УЧРЕЖДЕНИЕ ""СТРОЙЗАКАЗЧИК""";АГЕНТСТВО ГОСУДАРСТВЕННЫХ ЗАКУПОК УЛЬЯНОВСКОЙ ОБЛАСТИ;16.02.2026;02.03.2026;Закупка завершена;;;26.02.2026;
44-ФЗ;№0269100000226000015;Электронный аукцион;Оказание услуги по санаторно-курортному лечению в 2026 году детям-инвалидам по профилям заболевания – педиатрия, терапия, болезни системы кровообращения, болезни кожи и подкожной клетчатки, болезни глаза и его придаточного аппарата, болезни органов дыхания, болезни органов пищеварения, болезни эндокринной системы, болезни нервной системы, болезни костно-мышечной системы и соединительной ткани, болезни мочеполовой системы, болезни женских половых органов, нефрология и сопровождающим их лицам;;'261745304082274530100101180018690323;;;8925516.60;RUB;0;;;;;;ОТДЕЛЕНИЕ ФОНДА ПЕНСИОННОГО И СОЦИАЛЬНОГО СТРАХОВАНИЯ РОССИЙСКОЙ ФЕДЕРАЦИИ ПО ЧЕЛЯБИНСКОЙ ОБЛАСТИ;ОТДЕЛЕНИЕ ФОНДА ПЕНСИОННОГО И СОЦИАЛЬНОГО СТРАХОВАНИЯ РОССИЙСКОЙ ФЕДЕРАЦИИ ПО ЧЕЛЯБИНСКОЙ ОБЛАСТИ;18.02.2026;02.03.2026;Закупка завершена;;;27.02.2026;
44-ФЗ;№0317300301926000115;Электронный аукцион;Выполнение работ по ремонту автомобильных дорог в г.Барнауле;;'263222523158622250100100340014211244;;;64402570.00;RUB;0;;;;;;КОМИТЕТ ПО ДОРОЖНОМУ ХОЗЯЙСТВУ И ТРАНСПОРТУ ГОРОДА БАРНАУЛА;КОМИТЕТ МУНИЦИПАЛЬНОГО ЗАКАЗА ГОРОДА БАРНАУЛА;17.02.2026;02.03.2026;Закупка завершена;;;26.02.2026;
44-ФЗ;№0168500000626000480;Электронный аукцион;Ремонт дворовых территорий многоквартирных домов, проездов к дворовым территориям многоквартирных домов г. Ульяновска;;'263732512605573250100100040094399244;;;18878860.00;RUB;0;;;;;;"МУНИЦИПАЛЬНОЕ БЮДЖЕТНОЕ УЧРЕЖДЕНИЕ ""СТРОЙЗАКАЗЧИК""";АГЕНТСТВО ГОСУДАРСТВЕННЫХ ЗАКУПОК УЛЬЯНОВСКОЙ ОБЛАСТИ;16.02.2026;02.03.2026;Закупка завершена;;;26.02.2026;
44-ФЗ;№0118300018726000070;Электронный аукцион;услуги по объединению баз данных 1С в одну, включая полный перенос имеющихся записей баз данных, адаптацию, доработку и внедрение продуктов «1С»;;'263236604072123660100100140026201244;;;5880000.00;RUB;0;;;;;;"МУНИЦИПАЛЬНОЕ КАЗЕННОЕ УЧРЕЖДЕНИЕ МУНИЦИПАЛЬНОГО ОБРАЗОВАНИЯ ГОРОДСКОЙ ОКРУГ ГОРОД-КУРОРТ СОЧИ КРАСНОДАРСКОГО КРАЯ ""ЦЕНТР БУХГАЛТЕРСКОГО И ЭКОНОМИЧЕСКОГО ОБСЛУЖИВАНИЯ""";АДМИНИСТРАЦИЯ МУНИЦИПАЛЬНОГО ОБРАЗОВАНИЯ ГОРОДСКОЙ ОКРУГ ГОРОД-КУРОРТ СОЧИ КРАСНОДАРСКОГО КРАЯ;19.02.2026;02.03.2026;Закупка завершена;;;27.02.2026;
44-ФЗ;№0168500000626000477;Электронный аукцион;Ремонт дворовых территорий многоквартирных домов, проездов к дворовым территориям многоквартирных домов г. Ульяновска;;'263732512605573250100100040064399244;;;5473117.08;RUB;0;;;;;;"МУНИЦИПАЛЬНОЕ БЮДЖЕТНОЕ УЧРЕЖДЕНИЕ ""СТРОЙЗАКАЗЧИК""";АГЕНТСТВО ГОСУДАРСТВЕННЫХ ЗАКУПОК УЛЬЯНОВСКОЙ ОБЛАСТИ;16.02.2026;02.03.2026;Закупка завершена;;;26.02.2026;
44-ФЗ;№0145200000426000114;Открытый конкурс в электронной форме;Оказание услуг по организации освещения вопросов социально-экономического развития Ленинградской области, а также общественно-политических тем в электронных средствах массовой информации;;'262784237883078420100100070026311244;;;11004400.00;RUB;0;;;;;;КОМИТЕТ ПО ПЕЧАТИ ЛЕНИНГРАДСКОЙ ОБЛАСТИ;КОМИТЕТ ГОСУДАРСТВЕННОГО ЗАКАЗА ЛЕНИНГРАДСКОЙ ОБЛАСТИ;09.02.2026;02.03.2026;Закупка завершена;;;26.02.2026;
44-ФЗ;№0373100065126000022;Электронный аукцион;Бумага для офисной техники;;'261770659358877060100100480011712244;;;5883571.00;RUB;0;;;;;;"ФЕДЕРАЛЬНОЕ КАЗЕННОЕ УЧРЕЖДЕНИЕ ""ЦЕНТР ГОСУДАРСТВЕННОГО ИМУЩЕСТВА И ЖИЛИЩНО-БЫТОВОГО ОБЕСПЕЧЕНИЯ ФЕДЕРАЛЬНОЙ СЛУЖБЫ ИСПОЛНЕНИЯ НАКАЗАНИЙ""";"ФЕДЕРАЛЬНОЕ КАЗЕННОЕ УЧРЕЖДЕНИЕ ""ЦЕНТР ГОСУДАРСТВЕННОГО ИМУЩЕСТВА И ЖИЛИЩНО-БЫТОВОГО ОБЕСПЕЧЕНИЯ ФЕДЕРАЛЬНОЙ СЛУЖБЫ ИСПОЛНЕНИЯ НАКАЗАНИЙ""";19.02.2026;02.03.2026;Закупка завершена;;;27.02.2026;
44-ФЗ;№0167200003426001079;Электронный аукцион;Поставка нефтепродуктов с использованием топливных электронных карт;;'262720323466372030100101580011920244;;;14911245.00;RUB;0;;;;;;"ГОСУДАРСТВЕННОЕ БЮДЖЕТНОЕ УЧРЕЖДЕНИЕ ТЮМЕНСКОЙ ОБЛАСТИ ""ЦЕНТР ТРАНСПОРТНОГО ОБЕСПЕЧЕНИЯ"" УПРАВЛЕНИЯ ДЕЛАМИ ПРАВИТЕЛЬСТВА ТЮМЕНСКОЙ ОБЛАСТИ""";УПРАВЛЕНИЕ ГОСУДАРСТВЕННЫХ ЗАКУПОК ТЮМЕНСКОЙ ОБЛАСТИ;19.02.2026;02.03.2026;Закупка завершена;;;27.02.2026;
44-ФЗ;№0173100011226000004;Электронный аукцион;Предоставление неисключительных прав использования программного обеспечения средств защиты информации Подсистемы обеспечения информационной безопасности, включая пусконаладочные работы в целях развития Единой информационной системы Росфинмониторинга.;;'261770823463377080100100520010000246;;;108580266.33;RUB;0;;;;;;ФЕДЕРАЛЬНАЯ СЛУЖБА ПО ФИНАНСОВОМУ МОНИТОРИНГУ;ФЕДЕРАЛЬНАЯ СЛУЖБА ПО ФИНАНСОВОМУ МОНИТОРИНГУ;18.02.2026;02.03.2026;Закупка завершена;;;27.02.2026;
44-ФЗ;№0167200003426001074;Электронный аукцион;Оказание услуг по обновлению программного обеспечения подсистемы «Диспетчерское управление транспортом служб содержания дорог» государственной информационной системы Тюменской области «Интеллектуальная транспортная система Тюменской области» в целях реализации мероприятия «Внедрение интеллектуальных транспортных систем, предусматривающих автоматизацию процессов управления дорожным движением в городских агломерациях, включающих города с населением свыше 300 тысяч человек»;;'262720219020572030100102540016209246;;;9992700.00;RUB;0;;;;;;"ГОСУДАРСТВЕННОЕ КАЗЕННОЕ УЧРЕЖДЕНИЕ ТЮМЕНСКОЙ ОБЛАСТИ ""ЦЕНТР ИНФОРМАЦИОННЫХ ТЕХНОЛОГИЙ ТЮМЕНСКОЙ ОБЛАСТИ""";УПРАВЛЕНИЕ ГОСУДАРСТВЕННЫХ ЗАКУПОК ТЮМЕНСКОЙ ОБЛАСТИ;19.02.2026;02.03.2026;Закупка завершена;;;27.02.2026;
44-ФЗ;№0190200000326001376;Электронный аукцион;Оказание услуг по предоставлению прав использования программного обеспечения антивирусной защиты информации;;'262890102551089010100100190015829244;;;12399895.42;RUB;0;;;;;;"ГОСУДАРСТВЕННОЕ КАЗЁННОЕ УЧРЕЖДЕНИЕ ЯМАЛО-НЕНЕЦКОГО АВТОНОМНОГО ОКРУГА ""ДИРЕКЦИЯ ПО ОРГАНИЗАЦИОННОМУ ОБЕСПЕЧЕНИЮ ДЕПАРТАМЕНТА ОБРАЗОВАНИЯ ЯМАЛО-НЕНЕЦКОГО АВТОНОМНОГО ОКРУГА И ФИНАНСОВОМУ, МАТЕРИАЛЬНО-ТЕХНИЧЕСКОМУ ОБЕСПЕЧЕНИЮ ДЕЯТЕЛЬНОСТИ ПОДВЕДОМСТВЕННЫХ ОБРАЗОВАТЕЛЬНЫХ УЧРЕЖДЕНИЙ""";ДЕПАРТАМЕНТ ГОСУДАРСТВЕННОГО ЗАКАЗА ЯМАЛО-НЕНЕЦКОГО АВТОНОМНОГО ОКРУГА;19.02.2026;02.03.2026;Закупка завершена;;;27.02.2026;
44-ФЗ;№0177200000926000236;Электронный аукцион на проведение работ по строительству, реконструкции, кап. ремонту, сносу объекта кап. строительства в соответствии с п. 8 ч. 1 ст. 33 Закона № 44-ФЗ;Капитальный ремонт здания столовой расположенной по адресу: Республика Алтай, Майминский район, с. Озерное, пер. Новосибирский, 1;;'262041108829804110100100060014120243;;;11529992.99;RUB;0;;;;;;"БЮДЖЕТНОЕ ПРОФЕССИОНАЛЬНОЕ ОБРАЗОВАТЕЛЬНОЕ УЧРЕЖДЕНИЕ РЕСПУБЛИКИ АЛТАЙ ""ГОРНО-АЛТАЙСКИЙ ПЕДАГОГИЧЕСКИЙ КОЛЛЕДЖ ИМЕНИ В. А. СЛАСТЁНИНА""";МИНИСТЕРСТВО ЭКОНОМИЧЕСКОГО РАЗВИТИЯ РЕСПУБЛИКИ АЛТАЙ;18.02.2026;02.03.2026;Закупка завершена;;;27.02.2026;
44-ФЗ;№0119200000126001752;Электронный аукцион;ЭА-№-1648/26 «Поставка лекарственного препарата (Метоксиполиэтиленгликоль)»;;'262245503615624550100100170012120244;;;6382093.80;RUB;0;;;;;;"КРАЕВОЕ ГОСУДАРСТВЕННОЕ БЮДЖЕТНОЕ УЧРЕЖДЕНИЕ ЗДРАВООХРАНЕНИЯ ""МИНУСИНСКАЯ МЕЖРАЙОННАЯ БОЛЬНИЦА""";АГЕНТСТВО ГОСУДАРСТВЕННОГО ЗАКАЗА КРАСНОЯРСКОГО КРАЯ;16.02.2026;02.03.2026;Закупка завершена;;;26.02.2026;
44-ФЗ;№0119300019826000100;Электронный аукцион;Выполнение работ по разработке рабочей документации по объекту капитального строительства «Общеобразовательная школа в 5 мкрн жилого района «Солнечный» в г. Красноярске;;'263245100043024660100100400017112414;;;20933567.16;RUB;0;;;;;;"МУНИЦИПАЛЬНОЕ КАЗЕННОЕ УЧРЕЖДЕНИЕ ГОРОДА КРАСНОЯРСКА ""УПРАВЛЕНИЕ КАПИТАЛЬНОГО СТРОИТЕЛЬСТВА""";ДЕПАРТАМЕНТ МУНИЦИПАЛЬНОГО ЗАКАЗА АДМИНИСТРАЦИИ ГОРОДА КРАСНОЯРСКА;09.02.2026;02.03.2026;Закупка завершена;;;19.02.2026;
44-ФЗ;№0317300301926000128;Электронный аукцион на проведение работ по строительству, реконструкции, кап. ремонту, сносу объекта кап. строительства в соответствии с п. 8 ч. 1 ст. 33 Закона № 44-ФЗ;Выполнение работ по капитальному ремонту многоквартирного дома;;'263222501830722250100100470014399243;;;14751478.72;RUB;0;;;;;;КОМИТЕТ ЖИЛИЩНО-КОММУНАЛЬНОГО ХОЗЯЙСТВА ГОРОДА БАРНАУЛА;КОМИТЕТ МУНИЦИПАЛЬНОГО ЗАКАЗА ГОРОДА БАРНАУЛА;19.02.2026;02.03.2026;Закупка завершена;;;27.02.2026;
44-ФЗ;№0317300301926000129;Электронный аукцион;Выполнение работ по разработке проектной документации на капитальный ремонт многоквартирного дома;;'263222501830722250100100390017112243;;;5485141.15;RUB;0;;;;;;КОМИТЕТ ЖИЛИЩНО-КОММУНАЛЬНОГО ХОЗЯЙСТВА ГОРОДА БАРНАУЛА;КОМИТЕТ МУНИЦИПАЛЬНОГО ЗАКАЗА ГОРОДА БАРНАУЛА;19.02.2026;02.03.2026;Закупка завершена;;;27.02.2026;
44-ФЗ;№0172200005426000013;Электронный аукцион;Поставка дезинфицирующих средств;;'262781900083178190100100240012020244;;;5500388.56;RUB;0;;;;;;"САНКТ-ПЕТЕРБУРГСКОЕ ГОСУДАРСТВЕННОЕ БЮДЖЕТНОЕ УЧРЕЖДЕНИЕ ЗДРАВООХРАНЕНИЯ ""НИКОЛАЕВСКАЯ БОЛЬНИЦА""";АДМИНИСТРАЦИЯ ПЕТРОДВОРЦОВОГО РАЙОНА САНКТ-ПЕТЕРБУРГА;16.02.2026;02.03.2026;Закупка завершена;;;27.02.2026;
44-ФЗ;№0306300034426000002;Электронный аукцион;Поставка Диализаторов для отделения гемодиализа;;'262100700361210070100100250010000244;;;8865625.60;RUB;0;;;;;;"ГОСУДАРСТВЕННОЕ БЮДЖЕТНОЕ УЧРЕЖДЕНИЕ  ЗДРАВООХРАНЕНИЯ РЕСПУБЛИКИ КАРЕЛИЯ ""СОРТАВАЛЬСКАЯ ЦЕНТРАЛЬНАЯ РАЙОННАЯ БОЛЬНИЦА""";"ГОСУДАРСТВЕННОЕ БЮДЖЕТНОЕ УЧРЕЖДЕНИЕ  ЗДРАВООХРАНЕНИЯ РЕСПУБЛИКИ КАРЕЛИЯ ""СОРТАВАЛЬСКАЯ ЦЕНТРАЛЬНАЯ РАЙОННАЯ БОЛЬНИЦА""";19.02.2026;02.03.2026;Закупка завершена;;;27.02.2026;
44-ФЗ;№0851200000626000581;Электронный аукцион;2026-№189 Поставка лекарственных препаратов для медицинского применения: Элсульфавирин;;'262540215512354020100102360012120244;;;11000400.00;RUB;0;;;;;;"ГОСУДАРСТВЕННОЕ КАЗЕННОЕ УЧРЕЖДЕНИЕ НОВОСИБИРСКОЙ ОБЛАСТИ ""НОВОСИБОБЛФАРМ""";"ГОСУДАРСТВЕННОЕ КАЗЕННОЕ УЧРЕЖДЕНИЕ НОВОСИБИРСКОЙ ОБЛАСТИ ""УПРАВЛЕНИЕ КОНТРАКТНОЙ СИСТЕМЫ""";12.02.2026;02.03.2026;Закупка завершена;;;26.02.2026;
44-ФЗ;№0162300001126000007;Электронный аукцион;Разработка ПСД на капитальный ремонт гидротехнических сооружений Глубоченского водохранилища на р. Глубокая в г. Полевском Свердловской области;;'263662601467466790100100010017112243;;;5525000.00;RUB;0;;;;;;"МУНИЦИПАЛЬНОЕ БЮДЖЕТНОЕ УЧРЕЖДЕНИЕ ""УПРАВЛЕНИЕ ГОРОДСКИМ ХОЗЯЙСТВОМ"" ПОЛЕВСКОГО МУНИЦИПАЛЬНОГО ОКРУГА СВЕРДЛОВСКОЙ ОБЛАСТИ";ОРГАН МЕСТНОГО САМОУПРАВЛЕНИЯ АДМИНИСТРАЦИЯ ПОЛЕВСКОГО МУНИЦИПАЛЬНОГО ОКРУГА СВЕРДЛОВСКОЙ ОБЛАСТИ;18.02.2026;02.03.2026;Закупка завершена;;;26.02.2026;
44-ФЗ;№0800500003426000001;Открытый конкурс в электронной форме;Выполнение работ по строительству газопровода-связки ГРП «Русино» - ГРП «Красная Пахра». Прокладка газопровода высокого давления по адресу: Участок ГРП «Русино» - пос. Щапово. 22.044 (ТЗ № 1809). Этап 2, участок 6. Земляные работы, открытая прокладка полиэтиленового газопровода;;'262770991996877090100100000060000000;;;29788667.76;RUB;0;;;;;;"АКЦИОНЕРНОЕ ОБЩЕСТВО ""МОСГАЗ""";"АКЦИОНЕРНОЕ ОБЩЕСТВО ""МОСГАЗ""";09.02.2026;02.03.2026;Закупка завершена;;;26.02.2026;
44-ФЗ;№0329200062226000134;Открытый конкурс в электронной форме на проведение работ по строительству, реконструкции, кап. ремонту, сносу объекта кап. строительства в соответствии с п. 8 ч. 1 ст. 33 Закона № 44-ФЗ;"Выполнение работ по капитальному ремонту здания учебного корпуса ГБПОУ ""Волгоградский технический колледж"", расположенного по адресу: г. Волгоград, проспект Металлургов, 17";;'262344404844034600100100100014120243;;;153270204.08;RUB;0;;;;;;"ГОСУДАРСТВЕННОЕ БЮДЖЕТНОЕ ПРОФЕССИОНАЛЬНОЕ ОБРАЗОВАТЕЛЬНОЕ УЧРЕЖДЕНИЕ ""ВОЛГОГРАДСКИЙ ТЕХНИЧЕСКИЙ КОЛЛЕДЖ""";"ГОСУДАРСТВЕННОЕ КАЗЕННОЕ УЧРЕЖДЕНИЕ ВОЛГОГРАДСКОЙ ОБЛАСТИ ""ЦЕНТР ОРГАНИЗАЦИИ ЗАКУПОК""";11.02.2026;02.03.2026;Закупка завершена;;;27.02.2026;
44-ФЗ;№0869600059926000001;Электронный аукцион на проведение работ по строительству, реконструкции, кап. ремонту, сносу объекта кап. строительства в соответствии с п. 8 ч. 1 ст. 33 Закона № 44-ФЗ;Капитальный ремонт насосной станции 2 подъема с емкостями накопителями, расположенной по адресу с. Уйское, западнее от ориентира жилой дом ул. Западная, д.3 Г;;'263745217337974520100100100014221243;;;123516830.00;RUB;0;;;;;;УЙСКОЕ ТЕРРИТОРИАЛЬНОЕ УПРАВЛЕНИЕ АДМИНИСТРАЦИИ УЙСКОГО МУНИЦИПАЛЬНОГО ОКРУГА ЧЕЛЯБИНСКОЙ ОБЛАСТИ;УЙСКОЕ ТЕРРИТОРИАЛЬНОЕ УПРАВЛЕНИЕ АДМИНИСТРАЦИИ УЙСКОГО МУНИЦИПАЛЬНОГО ОКРУГА ЧЕЛЯБИНСКОЙ ОБЛАСТИ;19.02.2026;02.03.2026;Закупка завершена;;;27.02.2026;
44-ФЗ;№0165300010526000079;Электронный аукцион;Выполнение работ по благоустройству сквера Бердский (г. Томск, ул. Бердская, 9-13). Очередь 2;;'263702105427170170100100080014399244;;;6352287.05;RUB;0;;;;;;ДЕПАРТАМЕНТ ДОРОЖНОЙ ДЕЯТЕЛЬНОСТИ И БЛАГОУСТРОЙСТВА АДМИНИСТРАЦИИ ГОРОДА ТОМСКА;АДМИНИСТРАЦИЯ ГОРОДА ТОМСКА;19.02.2026;02.03.2026;Закупка завершена;;;27.02.2026;
44-ФЗ;№0144300034726000001;Электронный аукцион;Выполнение работ по содержанию автомобильных дорог на территории сельских поселений Обоянского района Курской области;;'263461600685746160100100110010000244;;;7931778.75;RUB;0;;;;;;АДМИНИСТРАЦИЯ ОБОЯНСКОГО РАЙОНА КУРСКОЙ ОБЛАСТИ;АДМИНИСТРАЦИЯ ОБОЯНСКОГО РАЙОНА КУРСКОЙ ОБЛАСТИ;19.02.2026;02.03.2026;Закупка завершена;;;27.02.2026;
44-ФЗ;№0348200081026000786;Электронный аукцион;Поставка медицинского оборудования - лот 8.1;;'262502406865650240100101360013250244;;;11516184.55;RUB;0;;;;;;"ГОСУДАРСТВЕННОЕ КАЗЕННОЕ УЧРЕЖДЕНИЕ МОСКОВСКОЙ ОБЛАСТИ ""ДИРЕКЦИЯ ЕДИНОГО ЗАКАЗЧИКА МИНИСТЕРСТВА ЗДРАВООХРАНЕНИЯ МОСКОВСКОЙ ОБЛАСТИ""";"ГОСУДАРСТВЕННОЕ КАЗЕННОЕ УЧРЕЖДЕНИЕ МОСКОВСКОЙ ОБЛАСТИ ""ДИРЕКЦИЯ ЕДИНОГО ЗАКАЗЧИКА МИНИСТЕРСТВА ЗДРАВООХРАНЕНИЯ МОСКОВСКОЙ ОБЛАСТИ""";18.02.2026;02.03.2026;Закупка завершена;;;27.02.2026;
44-ФЗ;№0373200025626000084;Электронный аукцион;Электронный аукцион на поставку медицинских изделий (Набор белья) для нужд ГБУЗ «ГКБ № 31 им. академика Г.М. Савельевой ДЗМ».;;'262772912320477290100100920010000244;;;6600000.00;RUB;0;;;;;;"ГОСУДАРСТВЕННОЕ БЮДЖЕТНОЕ УЧРЕЖДЕНИЕ ЗДРАВООХРАНЕНИЯ ГОРОДА МОСКВЫ ""ГОРОДСКАЯ КЛИНИЧЕСКАЯ БОЛЬНИЦА № 31 ИМЕНИ АКАДЕМИКА Г.М. САВЕЛЬЕВОЙ ДЕПАРТАМЕНТА ЗДРАВООХРАНЕНИЯ ГОРОДА МОСКВЫ""";"ГОСУДАРСТВЕННОЕ БЮДЖЕТНОЕ УЧРЕЖДЕНИЕ ЗДРАВООХРАНЕНИЯ ГОРОДА МОСКВЫ ""ГОРОДСКАЯ КЛИНИЧЕСКАЯ БОЛЬНИЦА № 31 ИМЕНИ АКАДЕМИКА Г.М. САВЕЛЬЕВОЙ ДЕПАРТАМЕНТА ЗДРАВООХРАНЕНИЯ ГОРОДА МОСКВЫ""";17.02.2026;02.03.2026;Закупка завершена;;;26.02.2026;
44-ФЗ;№0162200011826000277;Электронный аукцион;Поставка многофункциональных устройств;;'262667030834566710100100070012620244;;;8460407.79;RUB;0;;;;;;"ГОСУДАРСТВЕННОЕ БЮДЖЕТНОЕ УЧРЕЖДЕНИЕ СВЕРДЛОВСКОЙ ОБЛАСТИ ""МНОГОФУНКЦИОНАЛЬНЫЙ ЦЕНТР ПРЕДОСТАВЛЕНИЯ ГОСУДАРСТВЕННЫХ И МУНИЦИПАЛЬНЫХ УСЛУГ""";ДЕПАРТАМЕНТ ГОСУДАРСТВЕННЫХ ЗАКУПОК СВЕРДЛОВСКОЙ ОБЛАСТИ;18.02.2026;02.03.2026;Закупка завершена;;;26.02.2026;
44-ФЗ;№0162200011826000281;Электронный аукцион;Поставка компьютерного оборудования (моноблок);;'262667030834566710100100060012620244;;;6761666.33;RUB;0;;;;;;"ГОСУДАРСТВЕННОЕ БЮДЖЕТНОЕ УЧРЕЖДЕНИЕ СВЕРДЛОВСКОЙ ОБЛАСТИ ""МНОГОФУНКЦИОНАЛЬНЫЙ ЦЕНТР ПРЕДОСТАВЛЕНИЯ ГОСУДАРСТВЕННЫХ И МУНИЦИПАЛЬНЫХ УСЛУГ""";ДЕПАРТАМЕНТ ГОСУДАРСТВЕННЫХ ЗАКУПОК СВЕРДЛОВСКОЙ ОБЛАСТИ;18.02.2026;02.03.2026;Закупка завершена;;;26.02.2026;
44-ФЗ;№0162200011826000276;Электронный аукцион на проведение работ по строительству, реконструкции, кап. ремонту, сносу объекта кап. строительства в соответствии с п. 8 ч. 1 ст. 33 Закона № 44-ФЗ;Капитальный ремонт участков сетей теплоснабжения в квартале № 39 в г. Волчанске Свердловской области;;'263661701913066170100100050014221244;;;36805760.00;RUB;0;;;;;;"МУНИЦИПАЛЬНОЕ КАЗЕННОЕ УЧРЕЖДЕНИЕ ""УПРАВЛЕНИЕ ГОРОДСКОГО ХОЗЯЙСТВА""";ДЕПАРТАМЕНТ ГОСУДАРСТВЕННЫХ ЗАКУПОК СВЕРДЛОВСКОЙ ОБЛАСТИ;18.02.2026;02.03.2026;Закупка завершена;;;26.02.2026;
44-ФЗ;№0851200000626000653;Электронный аукцион;2026-№255 Поставка лекарственных препаратов для медицинского применения: Риоцигуат;;'262540215512354020100102590012120244;;;14033703.60;RUB;0;;;;;;"ГОСУДАРСТВЕННОЕ КАЗЕННОЕ УЧРЕЖДЕНИЕ НОВОСИБИРСКОЙ ОБЛАСТИ ""НОВОСИБОБЛФАРМ""";"ГОСУДАРСТВЕННОЕ КАЗЕННОЕ УЧРЕЖДЕНИЕ НОВОСИБИРСКОЙ ОБЛАСТИ ""УПРАВЛЕНИЕ КОНТРАКТНОЙ СИСТЕМЫ""";16.02.2026;02.03.2026;Закупка завершена;;;26.02.2026;
44-ФЗ;№0162200011826000296;Электронный аукцион;Оказание услуг школьного питания;;'262662901226666820100100040015629323;;;5151204.00;RUB;0;;;;;;"ГОСУДАРСТВЕННОЕ БЮДЖЕТНОЕ ОБЩЕОБРАЗОВАТЕЛЬНОЕ УЧРЕЖДЕНИЕ СВЕРДЛОВСКОЙ ОБЛАСТИ ""НОВОУРАЛЬСКАЯ ШКОЛА №1, РЕАЛИЗУЮЩАЯ АДАПТИРОВАННЫЕ ОСНОВНЫЕ ОБЩЕОБРАЗОВАТЕЛЬНЫЕ ПРОГРАММЫ""";ДЕПАРТАМЕНТ ГОСУДАРСТВЕННЫХ ЗАКУПОК СВЕРДЛОВСКОЙ ОБЛАСТИ;19.02.2026;02.03.2026;Закупка завершена;;;27.02.2026;
44-ФЗ;№0162200011826000297;Электронный аукцион;Благоустройство детской площадки по ул. Ленина, г. Кушва;;'263662000997466810100100070014299244;;;17282614.61;RUB;0;;;;;;"МУНИЦИПАЛЬНОЕ КАЗЕННОЕ  УЧРЕЖДЕНИЕ КУШВИНСКОГО МУНИЦИПАЛЬНОГО ОКРУГА ""КОМИТЕТ ЖИЛИЩНО-КОММУНАЛЬНОЙ СФЕРЫ""";ДЕПАРТАМЕНТ ГОСУДАРСТВЕННЫХ ЗАКУПОК СВЕРДЛОВСКОЙ ОБЛАСТИ;19.02.2026;02.03.2026;Закупка завершена;;;27.02.2026;
44-ФЗ;№0851200000626000785;Электронный аукцион;оказание услуг по организации подготовки и размещения информационных материалов, направленных на реализацию информационной политики Новосибирской области, на главной странице (в основной новостной ленте) сетевого издания, с дублированием в канале мессенджера Telegram или Max;;'262540679620954060100100070015819244;;;5299999.10;RUB;0;;;;;;УПРАВЛЕНИЕ ИНФОРМАЦИОННЫХ ПРОЕКТОВ НОВОСИБИРСКОЙ ОБЛАСТИ;"ГОСУДАРСТВЕННОЕ КАЗЕННОЕ УЧРЕЖДЕНИЕ НОВОСИБИРСКОЙ ОБЛАСТИ ""УПРАВЛЕНИЕ КОНТРАКТНОЙ СИСТЕМЫ""";18.02.2026;02.03.2026;Закупка завершена;;;27.02.2026;
44-ФЗ;№0851200000626000795;Электронный аукцион;Оказание услуг по сбору, транспортированию и обезвреживанию (сжиганию) отходов III -IV класса опасности, включая обеззараженные медицинские отходы классов «Б», «В», патологоанатомических и органических операционных медицинских отходов класса Б (органы, ткани);;'262540310615054030100101500013822244;;;14250000.00;RUB;0;;;;;;"ГОСУДАРСТВЕННОЕ БЮДЖЕТНОЕ УЧРЕЖДЕНИЕ ЗДРАВООХРАНЕНИЯ НОВОСИБИРСКОЙ ОБЛАСТИ ""ГОСУДАРСТВЕННАЯ НОВОСИБИРСКАЯ ОБЛАСТНАЯ  КЛИНИЧЕСКАЯ БОЛЬНИЦА""";"ГОСУДАРСТВЕННОЕ КАЗЕННОЕ УЧРЕЖДЕНИЕ НОВОСИБИРСКОЙ ОБЛАСТИ ""УПРАВЛЕНИЕ КОНТРАКТНОЙ СИСТЕМЫ""";18.02.2026;02.03.2026;Закупка завершена;;;26.02.2026;
44-ФЗ;№0163600007526000010;Открытый конкурс в электронной форме;Ремонт автомобильной дороги общего пользования местного значения Коршуны-Цинеево Угранского муниципального округа Смоленской области;;'263670002737667000100100210014211244;;;10557221.55;RUB;0;;;;;;"АДМИНИСТРАЦИЯ МУНИЦИПАЛЬНОГО ОБРАЗОВАНИЯ ""УГРАНСКИЙ МУНИЦИПАЛЬНЫЙ ОКРУГ"" СМОЛЕНСКОЙ ОБЛАСТИ";"АДМИНИСТРАЦИЯ МУНИЦИПАЛЬНОГО ОБРАЗОВАНИЯ ""УГРАНСКИЙ МУНИЦИПАЛЬНЫЙ ОКРУГ"" СМОЛЕНСКОЙ ОБЛАСТИ";11.02.2026;02.03.2026;Закупка завершена;;;27.02.2026;
44-ФЗ;№0173100006826000002;Электронный аукцион;Оказание услуг по автотранспортному обслуживанию;;'261771047459077140100100090025221244;;;273451050.80;RUB;0;;;;;;УПРАВЛЕНИЕ ФЕДЕРАЛЬНОЙ НАЛОГОВОЙ СЛУЖБЫ ПО Г. МОСКВЕ;УПРАВЛЕНИЕ ФЕДЕРАЛЬНОЙ НАЛОГОВОЙ СЛУЖБЫ ПО Г. МОСКВЕ;17.02.2026;02.03.2026;Закупка завершена;;;26.02.2026;
44-ФЗ;№0851200000626000661;Электронный аукцион;2026-№3108 Поставка медицинских изделий: ВИЧ 1/ВИЧ 2/Вирус гепатита С/Вирус гепатита В нуклеиновые кислоты ИВД, набор, анализ нуклеиновых кислот;;'262540215512354020100100490022120244;;;39919522.50;RUB;0;;;;;;"ГОСУДАРСТВЕННОЕ КАЗЕННОЕ УЧРЕЖДЕНИЕ НОВОСИБИРСКОЙ ОБЛАСТИ ""НОВОСИБОБЛФАРМ""";"ГОСУДАРСТВЕННОЕ КАЗЕННОЕ УЧРЕЖДЕНИЕ НОВОСИБИРСКОЙ ОБЛАСТИ ""УПРАВЛЕНИЕ КОНТРАКТНОЙ СИСТЕМЫ""";16.02.2026;02.03.2026;Закупка завершена;;;26.02.2026;
44-ФЗ;№0851200000626000702;Электронный аукцион;2026-№155 Поставка лекарственных препаратов для медицинского применения: Апалутамид;;'262540215512354020100102240012120244;;;9787716.00;RUB;0;;;;;;"ГОСУДАРСТВЕННОЕ КАЗЕННОЕ УЧРЕЖДЕНИЕ НОВОСИБИРСКОЙ ОБЛАСТИ ""НОВОСИБОБЛФАРМ""";"ГОСУДАРСТВЕННОЕ КАЗЕННОЕ УЧРЕЖДЕНИЕ НОВОСИБИРСКОЙ ОБЛАСТИ ""УПРАВЛЕНИЕ КОНТРАКТНОЙ СИСТЕМЫ""";17.02.2026;02.03.2026;Закупка завершена;;;26.02.2026;
44-ФЗ;№0373100045926000010;Электронный аукцион;Поставка изделий медицинского назначения (сетка-слинг хирургическая для лечения стрессового недержания мочи у женщин, из синтетического полимера).;;'261770708214577070100100080043250244;;;25028330.00;RUB;0;;;;;;"ФЕДЕРАЛЬНОЕ ГОСУДАРСТВЕННОЕ БЮДЖЕТНОЕ ОБРАЗОВАТЕЛЬНОЕ УЧРЕЖДЕНИЕ ВЫСШЕГО ОБРАЗОВАНИЯ ""РОССИЙСКИЙ УНИВЕРСИТЕТ МЕДИЦИНЫ"" МИНИСТЕРСТВА ЗДРАВООХРАНЕНИЯ РОССИЙСКОЙ ФЕДЕРАЦИИ";"ФЕДЕРАЛЬНОЕ ГОСУДАРСТВЕННОЕ БЮДЖЕТНОЕ ОБРАЗОВАТЕЛЬНОЕ УЧРЕЖДЕНИЕ ВЫСШЕГО ОБРАЗОВАНИЯ ""РОССИЙСКИЙ УНИВЕРСИТЕТ МЕДИЦИНЫ"" МИНИСТЕРСТВА ЗДРАВООХРАНЕНИЯ РОССИЙСКОЙ ФЕДЕРАЦИИ";18.02.2026;02.03.2026;Закупка завершена;;;26.02.2026;
44-ФЗ;№0851200000626000676;Электронный аукцион;Поставка лекарственного препарата для медицинского применения МНН: ПАЗОПАНИБ (№3712);;'262540412116954040100100300012120244;;;5503410.00;RUB;0;;;;;;"ГОСУДАРСТВЕННОЕ БЮДЖЕТНОЕ УЧРЕЖДЕНИЕ ЗДРАВООХРАНЕНИЯ НОВОСИБИРСКОЙ ОБЛАСТИ ""НОВОСИБИРСКИЙ ОБЛАСТНОЙ КЛИНИЧЕСКИЙ ОНКОЛОГИЧЕСКИЙ ДИСПАНСЕР""";"ГОСУДАРСТВЕННОЕ КАЗЕННОЕ УЧРЕЖДЕНИЕ НОВОСИБИРСКОЙ ОБЛАСТИ ""УПРАВЛЕНИЕ КОНТРАКТНОЙ СИСТЕМЫ""";16.02.2026;02.03.2026;Закупка завершена;;;26.02.2026;
44-ФЗ;№0173100011226000003;Электронный аукцион;Поставка оборудования, программного обеспечения, включая выполнение работ по монтажу и пусконаладке, в целях обеспечения защиты информации Подсистемы обеспечения информационной безопасности Единой информационной системы Росфинмониторинга;;'261770823463377080100100510010000246;;;10742633.67;RUB;0;;;;;;ФЕДЕРАЛЬНАЯ СЛУЖБА ПО ФИНАНСОВОМУ МОНИТОРИНГУ;ФЕДЕРАЛЬНАЯ СЛУЖБА ПО ФИНАНСОВОМУ МОНИТОРИНГУ;18.02.2026;02.03.2026;Закупка завершена;;;27.02.2026;
44-ФЗ;№0373200224926000002;Электронный аукцион;Выполнение работ по проведению текущего ремонта зданий и (или) сооружений;;'262773211225977290100100100010000244;;;5124006.70;RUB;0;;;;;;"ГОСУДАРСТВЕННОЕ БЮДЖЕТНОЕ ОБЩЕОБРАЗОВАТЕЛЬНОЕ УЧРЕЖДЕНИЕ ГОРОДА МОСКВЫ ""ШКОЛА № 1000""";"ГОСУДАРСТВЕННОЕ БЮДЖЕТНОЕ ОБЩЕОБРАЗОВАТЕЛЬНОЕ УЧРЕЖДЕНИЕ ГОРОДА МОСКВЫ ""ШКОЛА № 1000""";19.02.2026;02.03.2026;Закупка завершена;;;27.02.2026;
44-ФЗ;№0373200224926000001;Электронный аукцион;Выполнение работ по проведению текущего ремонта зданий и (или) сооружений;;'262773211225977290100100090010000244;;;5998827.60;RUB;0;;;;;;"ГОСУДАРСТВЕННОЕ БЮДЖЕТНОЕ ОБЩЕОБРАЗОВАТЕЛЬНОЕ УЧРЕЖДЕНИЕ ГОРОДА МОСКВЫ ""ШКОЛА № 1000""";"ГОСУДАРСТВЕННОЕ БЮДЖЕТНОЕ ОБЩЕОБРАЗОВАТЕЛЬНОЕ УЧРЕЖДЕНИЕ ГОРОДА МОСКВЫ ""ШКОЛА № 1000""";19.02.2026;02.03.2026;Закупка завершена;;;27.02.2026;
44-ФЗ;№0373100131926000001;Электронный аукцион;Выполнение работ по обслуживанию техническому и содержанию зеленых насаждений для нужд образовательных организаций, подведомственных Департаменту образования и науки города Москвы в 2026 -2027 году;;262770423476077040100100070010000244, 262770361122177030100100090010000244, 262770302103977030100100050010000247, 262770205836477070100100050010000244, 262770422291977040100100080010000244, 262770423163177040100100050010000244, 262770422292677040100100060010000244, 261770411812177040100100050010000244, 262770326162677030100100070010000244, 262770411813977040100100070010000244, 262770380874077030100100070010000244, 262770709493777070100100060010000244;;;12104274.76;RUB;0;;;;;;;"ГОСУДАРСТВЕННОЕ БЮДЖЕТНОЕ ОБЩЕОБРАЗОВАТЕЛЬНОЕ УЧРЕЖДЕНИЕ ГОРОДА МОСКВЫ ""ШКОЛА № 91""";19.02.2026;02.03.2026;Закупка завершена;;;27.02.2026;
44-ФЗ;№0328300014226000016;Запрос котировок в электронной форме;Поставка расходных материалов для инъекционной системы MEDRAD Salient;;'262332810143933290100100190013250244;;;5912130.00;RUB;0;;;;;;"ГОСУДАРСТВЕННОЕ БЮДЖЕТНОЕ УЧРЕЖДЕНИЕ ЗДРАВООХРАНЕНИЯ ВЛАДИМИРСКОЙ ОБЛАСТИ ""ГОРОДСКАЯ БОЛЬНИЦА №4 Г.ВЛАДИМИРА""";"ГОСУДАРСТВЕННОЕ БЮДЖЕТНОЕ УЧРЕЖДЕНИЕ ЗДРАВООХРАНЕНИЯ ВЛАДИМИРСКОЙ ОБЛАСТИ ""ГОРОДСКАЯ БОЛЬНИЦА №4 Г.ВЛАДИМИРА""";13.02.2026;02.03.2026;Закупка завершена;;;20.02.2026;
44-ФЗ;№0846600002226000008;Открытый конкурс в электронной форме;Выполнение работ по биологической рекультивации (четвертый год) свалки отходов в Елецком районе, расположенной в с/п Нижневоргольский сельсовет д. Дмитриевка;;'263482100081948210100100040013900244;;;8468700.00;RUB;0;;;;;;УПРАВЛЕНИЕ КОММУНАЛЬНОГО ХОЗЯЙСТВА АДМИНИСТРАЦИИ ГОРОДСКОГО ОКРУГА ГОРОД ЕЛЕЦ ЛИПЕЦКОЙ ОБЛАСТИ РОССИЙСКОЙ ФЕДЕРАЦИИ;"МУНИЦИПАЛЬНОЕ КАЗЕННОЕ УЧРЕЖДЕНИЕ ""ЦЕНТР КОМПЕТЕНЦИЙ В СФЕРЕ МУНИЦИПАЛЬНЫХ ЗАКУПОК""";09.02.2026;02.03.2026;Закупка завершена;;;25.02.2026;
44-ФЗ;№0142200001326002435;Электронный аукцион;Поставка музыкальных инструментов (приобретение роялей, пианино);;'263631203369063120100100120013220244;;;5970030.00;RUB;0;;;;;;"МУНИЦИПАЛЬНОЕ БЮДЖЕТНОЕ УЧРЕЖДЕНИЕ ДОПОЛНИТЕЛЬНОГО ОБРАЗОВАНИЯ ГОРОДСКОГО ОКРУГА САМАРА ""ДЕТСКАЯ ШКОЛА ИСКУССТВ ИМЕНИ АННЭТЫ ЯКОВЛЕВНЫ БАСС""";КОМИТЕТ ПО ОРГАНИЗАЦИИ ТОРГОВ САМАРСКОЙ ОБЛАСТИ;13.02.2026;02.03.2026;Закупка завершена;;;26.02.2026;
44-ФЗ;№0163200000326000358;Открытый конкурс в электронной форме;"0018-эк Выполнение работ по объекту: ""Ремонт ул. Маршала Жукова в Промышленном районе г. Смоленска""";;'262673102076567300100101010014211244;;;80662829.90;RUB;0;;;;;;"СМОЛЕНСКОЕ ОБЛАСТНОЕ ГОСУДАРСТВЕННОЕ БЮДЖЕТНОЕ УЧРЕЖДЕНИЕ ""УПРАВЛЕНИЕ ОБЛАСТНЫХ АВТОМОБИЛЬНЫХ ДОРОГ""";ГЛАВНОЕ УПРАВЛЕНИЕ СМОЛЕНСКОЙ ОБЛАСТИ ПО РЕГУЛИРОВАНИЮ КОНТРАКТНОЙ СИСТЕМЫ;06.02.2026;02.03.2026;Закупка завершена;;;27.02.2026;
44-ФЗ;№0142200001326001792;Открытый конкурс в электронной форме;Выполнение работ по благоустройству общественных территорий в г.о.Чапаевск;;'263633500745763300100100080014299243;;;17932563.40;RUB;0;;;;;;"МУНИЦИПАЛЬНОЕ КАЗЕННОЕ УЧРЕЖДЕНИЕ ""ДЕПАРТАМЕНТ СТРОИТЕЛЬСТВА АДМИНИСТРАЦИИ ГОРОДСКОГО ОКРУГА ЧАПАЕВСК""";КОМИТЕТ ПО ОРГАНИЗАЦИИ ТОРГОВ САМАРСКОЙ ОБЛАСТИ;09.02.2026;02.03.2026;Закупка завершена;;;25.02.2026;
44-ФЗ;№0869200000226000805;Электронный аукцион;Выполнение работ по ремонту автомобильной дороги Миасс-Златоуст, участок км 0+000 — км 8+000;;'262745138421874510100100250014211244;;;117738072.86;RUB;0;;;;;;МИНИСТЕРСТВО ДОРОЖНОГО ХОЗЯЙСТВА И ТРАНСПОРТА ЧЕЛЯБИНСКОЙ ОБЛАСТИ;"ГОСУДАРСТВЕННОЕ КАЗЕННОЕ УЧРЕЖДЕНИЕ ""ЦЕНТР ОРГАНИЗАЦИИ ЗАКУПОК ЧЕЛЯБИНСКОЙ ОБЛАСТИ""";16.02.2026;02.03.2026;Закупка завершена;;;26.02.2026;
44-ФЗ;№0165200003326000024;Открытый конкурс в электронной форме на проведение работ по строительству, реконструкции, кап. ремонту, сносу объекта кап. строительства в соответствии с п. 8 ч. 1 ст. 33 Закона № 44-ФЗ;Капитальный ремонт здания МБОУ «Катайгинская СОШ» по адресу: Томская область, Верхнекетский район, п. Катайга, ул. Кирова, 39А;;'263700400207270040100100010024120243;;;102720034.63;RUB;0;;;;;;УПРАВЛЕНИЕ ОБРАЗОВАНИЯ АДМИНИСТРАЦИИ ВЕРХНЕКЕТСКОГО РАЙОНА;ДЕПАРТАМЕНТ ГОСУДАРСТВЕННОГО ЗАКАЗА ТОМСКОЙ ОБЛАСТИ;09.02.2026;02.03.2026;Закупка завершена;;;25.02.2026;
44-ФЗ;№0801500001126000158;Электронный аукцион;Наборы реагентов для неонатального скрининга в сухих пятнах крови, лот 1;;'262027415782102740100100760012120244;;;37991563.50;RUB;0;;;;;;ГОСУДАРСТВЕННОЕ КАЗЕННОЕ УЧРЕЖДЕНИЕ УПРАВЛЕНИЕ МАТЕРИАЛЬНО-ТЕХНИЧЕСКОГО ОБЕСПЕЧЕНИЯ МИНИСТЕРСТВА ЗДРАВООХРАНЕНИЯ РЕСПУБЛИКИ БАШКОРТОСТАН;"ГОСУДАРСТВЕННОЕ КАЗЕННОЕ УЧРЕЖДЕНИЕ РЕСПУБЛИКИ БАШКОРТОСТАН ""РЕСПУБЛИКАНСКИЙ ЦЕНТР ТОРГОВ""";18.02.2026;02.03.2026;Закупка завершена;;;26.02.2026;
223-ФЗ;№32615669985;Конкурс в электронной форме, участниками которого могут быть только субъекты малого и среднего предпринимательства;«Модернизация ХБК западнее 1 и 2 квартала на кольце пересечения ул. Свердлова и пр-т Московский от КК-14 до КК-16. КК-14 и КК-15 расположены на кольце, КК-16 во 2 квартале по Московскому, Ду1000, протяженность 100м» для нужд ТоТС;;;1;ТоТС АЗР. СМР. Модерн-ия ХБК 1 и2 кварт Свердл и М;19673773.16;RUB;19673773.16;;;;43.99.9: Работы строительные специализированные, не включенные в другие группировки;;"ПУБЛИЧНОЕ АКЦИОНЕРНОЕ ОБЩЕСТВО ""Т ПЛЮС""";"ПУБЛИЧНОЕ АКЦИОНЕРНОЕ ОБЩЕСТВО ""Т ПЛЮС""";04.02.2026;02.03.2026;Закупка завершена;;;12.02.2026 13:00;
44-ФЗ;№0173100005526000001;Электронный аукцион;Оказание услуг по проведению обследования документов на предмет физико-химического, механического и биологического состояния, условий хранения и сохранности, обеззараживанию методом электронно-лучевой обработки, и реставрации документов;;'261771053716077090100100030019101244;;;19499980.00;RUB;0;;;;;;ФЕДЕРАЛЬНАЯ СЛУЖБА ПО НАДЗОРУ В СФЕРЕ ЗДРАВООХРАНЕНИЯ;ФЕДЕРАЛЬНАЯ СЛУЖБА ПО НАДЗОРУ В СФЕРЕ ЗДРАВООХРАНЕНИЯ;19.02.2026;02.03.2026;Закупка завершена;;;27.02.2026;
44-ФЗ;№0348100083126000009;Электронный аукцион; Услуги спутниковой связи Iridium;;'261507500326250750100100160096130242;;;12000000.00;RUB;0;;;;;;"ФЕДЕРАЛЬНОЕ ГОСУДАРСТВЕННОЕ КАЗЕННОЕ УЧРЕЖДЕНИЕ ""РУЗСКИЙ ЦЕНТР ОБЕСПЕЧЕНИЯ ПУНКТОВ УПРАВЛЕНИЯ МЧС РОССИИ""";"ФЕДЕРАЛЬНОЕ ГОСУДАРСТВЕННОЕ КАЗЕННОЕ УЧРЕЖДЕНИЕ ""РУЗСКИЙ ЦЕНТР ОБЕСПЕЧЕНИЯ ПУНКТОВ УПРАВЛЕНИЯ МЧС РОССИИ""";19.02.2026;02.03.2026;Закупка завершена;;;27.02.2026;
44-ФЗ;№0163600007026000024;Открытый конкурс в электронной форме;Поставка и монтаж (сборка) оборудования (комплекта) для создания модульного спортивного сооружения (Модульный зал для единоборств);;'263672501202967250100100060013230244;;;110000000.00;RUB;0;;;;;;"МУНИЦИПАЛЬНОЕ БЮДЖЕТНОЕ УЧРЕЖДЕНИЕ ДОПОЛНИТЕЛЬНОГО ОБРАЗОВАНИЯ СПОРТИВНАЯ ШКОЛА ""ТОРПЕДО""";"АДМИНИСТРАЦИЯ МУНИЦИПАЛЬНОГО ОБРАЗОВАНИЯ ""РОСЛАВЛЬСКИЙ МУНИЦИПАЛЬНЫЙ ОКРУГ"" СМОЛЕНСКОЙ ОБЛАСТИ";10.02.2026;02.03.2026;Закупка завершена;;;26.02.2026;
44-ФЗ;№0142200001326002945;Электронный аукцион на проведение работ по строительству, реконструкции, кап. ремонту, сносу объекта кап. строительства в соответствии с п. 8 ч. 1 ст. 33 Закона № 44-ФЗ;"Капитальный ремонт здания структурного подразделения «Детский сад «Мишутка» ГБОУ СОШ п. Просвет, расположенного по адресу: 443539, Самарская область, Волжский район, п.г.т. Рощинский, 27А""";;'263636706124963670100100370014339243;;;18703832.04;RUB;0;;;;;;"МУНИЦИПАЛЬНОЕ БЮДЖЕТНОЕ УЧРЕЖДЕНИЕ ""УПРАВЛЕНИЕ ГРАДОСТРОИТЕЛЬСТВА И ЖИЛИЩНО-КОММУНАЛЬНОГО ХОЗЯЙСТВА"" ВОЛЖСКОГО РАЙОНА САМАРСКОЙ ОБЛАСТИ";КОМИТЕТ ПО ОРГАНИЗАЦИИ ТОРГОВ САМАРСКОЙ ОБЛАСТИ;18.02.2026;02.03.2026;Закупка завершена;;;26.02.2026;
44-ФЗ;№0846600002126000079;Электронный аукцион;Оказание услуг, связанных с осуществлением регулярных перевозок пассажиров и багажа автомобильным транспортом  по регулируемым тарифам по муниципальным маршрутам № 2т «ул. Вермишева – ул. Вермишева» (через ул. Терешковой), № 37 «Ж/д вокзал - ЛКСМ», № 7 «Микрорайон «Елецкий» - Новое заводоуправление», № 2 «Ж/д вокзал – ул. Доменщиков»;;'263482612966148260100100010224931244;;;9368314.13;RUB;0;;;;;;ДЕПАРТАМЕНТ ТРАНСПОРТА АДМИНИСТРАЦИИ ГОРОДА ЛИПЕЦКА;"МУНИЦИПАЛЬНОЕ КАЗЕННОЕ УЧРЕЖДЕНИЕ ""УПРАВЛЕНИЕ МУНИЦИПАЛЬНОГО ЗАКАЗА ГОРОДА ЛИПЕЦКА""";18.02.2026;02.03.2026;Закупка завершена;;;26.02.2026;
44-ФЗ;№0142200001326002761;Электронный аукцион на проведение работ по строительству, реконструкции, кап. ремонту, сносу объекта кап. строительства в соответствии с п. 8 ч. 1 ст. 33 Закона № 44-ФЗ;Капитальный ремонт здания ГБОУ СОШ «ОЦ» п.г.т. Рощинский, расположенного по адресу: 443539, Самарская область, Волжский район, п.г.т. Рощинский;;'263636706124963670100100030014339243;;;41913506.42;RUB;0;;;;;;"МУНИЦИПАЛЬНОЕ БЮДЖЕТНОЕ УЧРЕЖДЕНИЕ ""УПРАВЛЕНИЕ ГРАДОСТРОИТЕЛЬСТВА И ЖИЛИЩНО-КОММУНАЛЬНОГО ХОЗЯЙСТВА"" ВОЛЖСКОГО РАЙОНА САМАРСКОЙ ОБЛАСТИ";КОМИТЕТ ПО ОРГАНИЗАЦИИ ТОРГОВ САМАРСКОЙ ОБЛАСТИ;17.02.2026;02.03.2026;Закупка завершена;;;26.02.2026;
44-ФЗ;№0348100083126000007;Электронный аукцион;Услуги спутниковой связи;;'261507500326250750100100120076130242;;;9000000.00;RUB;0;;;;;;"ФЕДЕРАЛЬНОЕ ГОСУДАРСТВЕННОЕ КАЗЕННОЕ УЧРЕЖДЕНИЕ ""РУЗСКИЙ ЦЕНТР ОБЕСПЕЧЕНИЯ ПУНКТОВ УПРАВЛЕНИЯ МЧС РОССИИ""";"ФЕДЕРАЛЬНОЕ ГОСУДАРСТВЕННОЕ КАЗЕННОЕ УЧРЕЖДЕНИЕ ""РУЗСКИЙ ЦЕНТР ОБЕСПЕЧЕНИЯ ПУНКТОВ УПРАВЛЕНИЯ МЧС РОССИИ""";18.02.2026;02.03.2026;Закупка завершена;;;27.02.2026;
44-ФЗ;№0177200000926000197;Запрос котировок в электронной форме;Поставка горюче-смазочных материалов;;'262040700350204110100100060010000244;;;6198500.00;RUB;0;;;;;;"БЮДЖЕТНОЕ УЧРЕЖДЕНИЕ ЗДРАВООХРАНЕНИЯ РЕСПУБЛИКИ АЛТАЙ ""ТУРОЧАКСКАЯ РАЙОННАЯ БОЛЬНИЦА""";МИНИСТЕРСТВО ЭКОНОМИЧЕСКОГО РАЗВИТИЯ РЕСПУБЛИКИ АЛТАЙ;16.02.2026;02.03.2026;Закупка завершена;;;27.02.2026;
44-ФЗ;№0173100009126000037;Электронный аукцион;закупка оборудования для первичного звена здравоохранения;;'261773452141977340100100090023250244;;;98280000.00;RUB;0;;;;;;ФЕДЕРАЛЬНОЕ МЕДИКО-БИОЛОГИЧЕСКОЕ АГЕНТСТВО;ФЕДЕРАЛЬНОЕ МЕДИКО-БИОЛОГИЧЕСКОЕ АГЕНТСТВО;05.02.2026;02.03.2026;Закупка завершена;;;13.02.2026;
44-ФЗ;№0172200000626000018;Электронный аукцион;Оказание услуг по комплексному техническому обслуживанию и ремонту автотранспорта и тракторов в 2026 году;;'262782100677478430100100200014520244;;;8100000.00;RUB;0;;;;;;"САНКТ-ПЕТЕРБУРГСКОЕ ГОСУДАРСТВЕННОЕ БЮДЖЕТНОЕ УЧРЕЖДЕНИЕ ЗДРАВООХРАНЕНИЯ ""ГОРОДСКАЯ БОЛЬНИЦА № 40 КУРОРТНОГО РАЙОНА""";АДМИНИСТРАЦИЯ  КУРОРТНОГО  РАЙОНА  САНКТ-ПЕТЕРБУРГА;18.02.2026;02.03.2026;Закупка завершена;;;26.02.2026;
44-ФЗ;№0187200001726000151;Электронный аукцион;Поставка автомобиля скорой медицинской помощи класса «В»;;'262860100214186010100100070022910244;;;19933333.32;RUB;0;;;;;;ДЕПАРТАМЕНТ ЗДРАВООХРАНЕНИЯ ХАНТЫ-МАНСИЙСКОГО АВТОНОМНОГО ОКРУГА - ЮГРЫ;ДЕПАРТАМЕНТ ГОСУДАРСТВЕННОГО ЗАКАЗА ХАНТЫ-МАНСИЙСКОГО АВТОНОМНОГО ОКРУГА - ЮГРЫ;17.02.2026;02.03.2026;Закупка завершена;;;26.02.2026;
223-ФЗ;№32615629235;Конкурс в электронной форме, участниками которого могут быть только субъекты малого и среднего предпринимательства;"222217_ОК, участниками которого являются только субъекты малого и среднего предпринимательства на право заключения договора на обследование технического  обслуживание оборудования сухой вентиляторной градирни для Приморской ТЭС АО ""Интер РАО - Электрогенерация""";;;1;Техническое обслуживание оборудования сухой вентиляторной градирни для Приморской ТЭС;11025500.64;RUB;11025500.64;;;;33.19.10.000: Услуги по ремонту прочего оборудования;;"АКЦИОНЕРНОЕ ОБЩЕСТВО ""ИНТЕР РАО-ЭЛЕКТРОГЕНЕРАЦИЯ""";"ОБЩЕСТВО С ОГРАНИЧЕННОЙ ОТВЕТСТВЕННОСТЬЮ ""ИНТЕР РАО-ЦЕНТР УПРАВЛЕНИЯ ЗАКУПКАМИ""";22.01.2026;02.03.2026;Закупка завершена;;;02.02.2026 12:00;
44-ФЗ;№0164200001926000186;Открытый конкурс в электронной форме на проведение работ по строительству, реконструкции, кап. ремонту, сносу объекта кап. строительства в соответствии с п. 8 ч. 1 ст. 33 Закона № 44-ФЗ;Капитальный ремонт здания МБДОУ «Детский сад «Берёзка», расположенного по адресу: 393430, Тамбовская область, Сампурский район, п.Сатинка, ул. Театральная, 19 «Б»;;'263681700318368170100100010014120243;;;50307192.51;RUB;0;;;;;;"МУНИЦИПАЛЬНОЕ БЮДЖЕТНОЕ ДОШКОЛЬНОЕ ОБРАЗОВАТЕЛЬНОЕ УЧРЕЖДЕНИЕ ""ДЕТСКИЙ САД ""БЕРЁЗКА""";МИНИСТЕРСТВО ИМУЩЕСТВЕННЫХ ОТНОШЕНИЙ И ГОСУДАРСТВЕННОГО ЗАКАЗА ТАМБОВСКОЙ ОБЛАСТИ;05.02.2026;02.03.2026;Закупка завершена;;;25.02.2026;
44-ФЗ;№0848600008926000015;Электронный аукцион;Приобретение автобуса для доставки обучающихся в общеобразовательные организации в Московской области, расположенные в сельских населенных пунктах;;'263504502603050450100100070012910244;;;5617500.00;RUB;0;;;;;;"МУНИЦИПАЛЬНОЕ БЮДЖЕТНОЕ ОБЩЕОБРАЗОВАТЕЛЬНОЕ УЧРЕЖДЕНИЕ ""МЕЩЕРИНСКАЯ СРЕДНЯЯ ОБЩЕОБРАЗОВАТЕЛЬНАЯ ШКОЛА №1 С УГЛУБЛЁННЫМ ИЗУЧЕНИЕМ ОТДЕЛЬНЫХ ПРЕДМЕТОВ"" ГОРОДСКОГО ОКРУГА СТУПИНО МОСКОВСКОЙ ОБЛАСТИ";"МУНИЦИПАЛЬНОЕ КАЗЁННОЕ УЧРЕЖДЕНИЕ ""СТУПИНСКИЙ ЦЕНТР ЗАКУПОК"" ГОРОДСКОГО ОКРУГА СТУПИНО МОСКОВСКОЙ ОБЛАСТИ";19.02.2026;02.03.2026;Закупка завершена;;;27.02.2026;
44-ФЗ;№0321100026426000009;Электронный аукцион;Поставка продуктов питания;;'261262805527726280100100020010000244;;;6889987.10;RUB;0;;;;;;"ФЕДЕРАЛЬНОЕ ГОСУДАРСТВЕННОЕ БЮДЖЕТНОЕ УЧРЕЖДЕНИЕ ЦЕНТР МЕДИЦИНСКОЙ РЕАБИЛИТАЦИИ ""ЛУЧ"" МИНИСТЕРСТВА ЗДРАВООХРАНЕНИЯ РОССИЙСКОЙ ФЕДЕРАЦИИ";"ФЕДЕРАЛЬНОЕ ГОСУДАРСТВЕННОЕ БЮДЖЕТНОЕ УЧРЕЖДЕНИЕ ЦЕНТР МЕДИЦИНСКОЙ РЕАБИЛИТАЦИИ ""ЛУЧ"" МИНИСТЕРСТВА ЗДРАВООХРАНЕНИЯ РОССИЙСКОЙ ФЕДЕРАЦИИ";18.02.2026;02.03.2026;Закупка завершена;;;27.02.2026;
44-ФЗ;№0848300051726000063;Электронный аукцион;Приобретение жилого помещения на территории Сергиево-Посадского городского округа в собственность муниципального образования в рамках государственной программы Московской области «Переселение граждан из аварийного жилого фонда»;;'263504202239750420100100330016810412;;;9102409.00;RUB;0;;;;;;АДМИНИСТРАЦИЯ СЕРГИЕВО-ПОСАДСКОГО ГОРОДСКОГО ОКРУГА МОСКОВСКОЙ ОБЛАСТИ;"МУНИЦИПАЛЬНОЕ КАЗЕННОЕ УЧРЕЖДЕНИЕ ""ЦЕНТР МУНИЦИПАЛЬНЫХ ЗАКУПОК СЕРГИЕВО-ПОСАДСКОГО ГОРОДСКОГО ОКРУГА""";19.02.2026;02.03.2026;Закупка завершена;;;27.02.2026;
44-ФЗ;№0174500001126000739;Электронный аукцион;на оказание услуг частной охраны (выставление поста охраны);;'262920402214392040100100100018010244;;;21286800.00;RUB;0;;;;;;"ГОСУДАРСТВЕННОЕ БЮДЖЕТНОЕ УЧРЕЖДЕНИЕ ЗДРАВООХРАНЕНИЯ СЕВАСТОПОЛЯ ""ЦЕНТР ЭКСТРЕННОЙ МЕДИЦИНСКОЙ ПОМОЩИ И МЕДИЦИНЫ КАТАСТРОФ""";ДЕПАРТАМЕНТ УПРАВЛЕНИЯ ДЕЛАМИ ГУБЕРНАТОРА И ПРАВИТЕЛЬСТВА СЕВАСТОПОЛЯ;18.02.2026;02.03.2026;Закупка завершена;;;27.02.2026;
44-ФЗ;№0307200030626000187;Электронный аукцион;оказание охранных услуг;;'262110146114411010100100290018010244;;;15582550.80;RUB;0;;;;;;"ГОСУДАРСТВЕННОЕ КАЗЕННОЕ УЧРЕЖДЕНИЕ ЗДРАВООХРАНЕНИЯ РЕСПУБЛИКИ КОМИ ""РЕСПУБЛИКАНСКИЙ МЕДИЦИНСКИЙ ЦЕНТР МОБИЛИЗАЦИОННЫХ РЕЗЕРВОВ ""РЕЗЕРВ""";"ГОСУДАРСТВЕННОЕ КАЗЕННОЕ УЧРЕЖДЕНИЕ РЕСПУБЛИКИ КОМИ ""ЦЕНТР ОБЕСПЕЧЕНИЯ ОРГАНИЗАЦИИ И ПРОВЕДЕНИЯ ТОРГОВ""";16.02.2026;02.03.2026;Закупка завершена;;;26.02.2026;
44-ФЗ;№0873500002326000031;Запрос котировок в электронной форме;Поставка автомобильного топлива через сеть АЗС с использованием топливных карт;;'262775133398377510100100340010000244;;;6324197.16;RUB;0;;;;;;"ГОСУДАРСТВЕННОЕ БЮДЖЕТНОЕ УЧРЕЖДЕНИЕ ГОРОДА МОСКВЫ ""ЦЕНТР ДОСУГА И СПОРТА ТРОИЦКОГО И НОВОМОСКОВСКОГО АДМИНИСТРАТИВНЫХ ОКРУГОВ ГОРОДА МОСКВЫ""";"ГОСУДАРСТВЕННОЕ КАЗЕННОЕ УЧРЕЖДЕНИЕ ГОРОДА МОСКВЫ ""ДИРЕКЦИЯ ЗАКАЗЧИКА ЖИЛИЩНО-КОММУНАЛЬНОГО ХОЗЯЙСТВА И БЛАГОУСТРОЙСТВА ТРОИЦКОГО И НОВОМОСКОВСКОГО АДМИНИСТРАТИВНЫХ ОКРУГОВ""";19.02.2026;02.03.2026;Закупка завершена;;;27.02.2026;
44-ФЗ;№0373200032226000076;Электронный аукцион;Поставка мешков полиэтиленовых для сбора мусора;;'262772784619877270100100120010000244;;;5830000.00;RUB;0;;;;;;"ГОСУДАРСТВЕННОЕ БЮДЖЕТНОЕ УЧРЕЖДЕНИЕ ГОРОДА МОСКВЫ ""ЖИЛИЩНИК РАЙОНА СЕВЕРНОЕ БУТОВО""";"ГОСУДАРСТВЕННОЕ КАЗЕННОЕ УЧРЕЖДЕНИЕ ГОРОДА МОСКВЫ ""ДИРЕКЦИЯ ЗАКАЗЧИКА ЖИЛИЩНО-КОММУНАЛЬНОГО ХОЗЯЙСТВА И БЛАГОУСТРОЙСТВА ЮГО-ЗАПАДНОГО АДМИНИСТРАТИВНОГО ОКРУГА""";18.02.2026;02.03.2026;Закупка завершена;;;26.02.2026;
44-ФЗ;№0372100003726000030;Электронный аукцион;Приобретение расходных  материалов для обеспечения мероприятия по производству наборов реагентов (тест-систем);;'261781304704778130100100260012059244;;;7810500.00;RUB;0;;;;;;"ФЕДЕРАЛЬНОЕ БЮДЖЕТНОЕ УЧРЕЖДЕНИЕ НАУКИ ""САНКТ-ПЕТЕРБУРГСКИЙ НАУЧНО-ИССЛЕДОВАТЕЛЬСКИЙ ИНСТИТУТ ЭПИДЕМИОЛОГИИ И МИКРОБИОЛОГИИ ИМ. ПАСТЕРА"" ФЕДЕРАЛЬНОЙ СЛУЖБЫ ПО НАДЗОРУ В СФЕРЕ ЗАЩИТЫ ПРАВ ПОТРЕБИТЕЛЕЙ И БЛАГОПОЛУЧИЯ ЧЕЛОВЕКА";"ФЕДЕРАЛЬНОЕ БЮДЖЕТНОЕ УЧРЕЖДЕНИЕ НАУКИ ""САНКТ-ПЕТЕРБУРГСКИЙ НАУЧНО-ИССЛЕДОВАТЕЛЬСКИЙ ИНСТИТУТ ЭПИДЕМИОЛОГИИ И МИКРОБИОЛОГИИ ИМ. ПАСТЕРА"" ФЕДЕРАЛЬНОЙ СЛУЖБЫ ПО НАДЗОРУ В СФЕРЕ ЗАЩИТЫ ПРАВ ПОТРЕБИТЕЛЕЙ И БЛАГОПОЛУЧИЯ ЧЕЛОВЕКА";19.02.2026;02.03.2026;Закупка завершена;;;27.02.2026;
44-ФЗ;№0108500000426000705;Электронный аукцион;Ремонт автомобильных дорог общего пользования местного значения на территории городского поселения Параньга;;'263121100374012110100100040014211244;;;30840180.00;RUB;0;;;;;;АДМИНИСТРАЦИЯ ГОРОДСКОГО ПОСЕЛЕНИЯ ПАРАНЬГА ПАРАНЬГИНСКОГО МУНИЦИПАЛЬНОГО РАЙОНА РЕСПУБЛИКИ МАРИЙ ЭЛ;КОМИТЕТ ПО РЕГУЛИРОВАНИЮ КОНТРАКТНОЙ СИСТЕМЫ В СФЕРЕ ЗАКУПОК РЕСПУБЛИКИ МАРИЙ ЭЛ;18.02.2026;02.03.2026;Закупка завершена;;;26.02.2026;
44-ФЗ;№0302300129126000001;Открытый конкурс в электронной форме на проведение работ по строительству, реконструкции, кап. ремонту, сносу объекта кап. строительства в соответствии с п. 8 ч. 1 ст. 33 Закона № 44-ФЗ;Выполнение работ по разработке проектно-сметной и рабочей документации, капитальному ремонту ;;'263032000174003200100100040010000000;;;35295917.10;RUB;0;;;;;;"МУНИЦИПАЛЬНОЕ БЮДЖЕТНОЕ ОБЩЕОБРАЗОВАТЕЛЬНОЕ УЧРЕЖДЕНИЕ ""ТОЛТОЙСКАЯ СРЕДНЯЯ ОБЩЕОБРАЗОВАТЕЛЬНАЯ ШКОЛА ИМЕНИ ЖАМБАЛА ЕШЕЕВИЧА ТУЛАЕВА""";"МУНИЦИПАЛЬНОЕ БЮДЖЕТНОЕ ОБЩЕОБРАЗОВАТЕЛЬНОЕ УЧРЕЖДЕНИЕ ""ТОЛТОЙСКАЯ СРЕДНЯЯ ОБЩЕОБРАЗОВАТЕЛЬНАЯ ШКОЛА ИМЕНИ ЖАМБАЛА ЕШЕЕВИЧА ТУЛАЕВА""";10.02.2026;02.03.2026;Закупка завершена;;;26.02.2026;
44-ФЗ;№0848300064126000034;Запрос котировок в электронной форме;Выполнение работ по текущему ремонту резинового покрытия детских площадок Г.о. Балашиха (участок 1);;'263500110726750010100100320014299244;;;6666600.00;RUB;0;;;;;;"МУНИЦИПАЛЬНОЕ БЮДЖЕТНОЕ УЧРЕЖДЕНИЕ ГОРОДСКОГО ОКРУГА БАЛАШИХА ""БЛАГОУСТРОЙСТВО-БАЛАШИХА""";"МУНИЦИПАЛЬНОЕ КАЗЁННОЕ УЧРЕЖДЕНИЕ ""КОМИТЕТ ПО ОРГАНИЗАЦИИ ЗАКУПОК ГОРОДСКОГО ОКРУГА БАЛАШИХА""";18.02.2026;02.03.2026;Закупка завершена;;;26.02.2026;
44-ФЗ;№0372100003426000027;Запрос котировок в электронной форме;Поставка расходных материалов (перчаток стерильных) для стационаров Клиники (Клиника ВМТ);;'261780100227478010100100080480000244;;;5000000.00;RUB;0;;;;;;"ФЕДЕРАЛЬНОЕ ГОСУДАРСТВЕННОЕ БЮДЖЕТНОЕ ОБРАЗОВАТЕЛЬНОЕ УЧРЕЖДЕНИЕ ВЫСШЕГО ОБРАЗОВАНИЯ ""САНКТ-ПЕТЕРБУРГСКИЙ ГОСУДАРСТВЕННЫЙ УНИВЕРСИТЕТ""";"ФЕДЕРАЛЬНОЕ ГОСУДАРСТВЕННОЕ БЮДЖЕТНОЕ ОБРАЗОВАТЕЛЬНОЕ УЧРЕЖДЕНИЕ ВЫСШЕГО ОБРАЗОВАНИЯ ""САНКТ-ПЕТЕРБУРГСКИЙ ГОСУДАРСТВЕННЫЙ УНИВЕРСИТЕТ""";19.02.2026;02.03.2026;Закупка завершена;;;27.02.2026;
44-ФЗ;№0848300064126000036;Запрос котировок в электронной форме;Выполнение работ по текущему ремонту резинового покрытия детских площадок Г.о. Балашиха (участок 2);;'263500110726750010100100340014299244;;;6666600.00;RUB;0;;;;;;"МУНИЦИПАЛЬНОЕ БЮДЖЕТНОЕ УЧРЕЖДЕНИЕ ГОРОДСКОГО ОКРУГА БАЛАШИХА ""БЛАГОУСТРОЙСТВО-БАЛАШИХА""";"МУНИЦИПАЛЬНОЕ КАЗЁННОЕ УЧРЕЖДЕНИЕ ""КОМИТЕТ ПО ОРГАНИЗАЦИИ ЗАКУПОК ГОРОДСКОГО ОКРУГА БАЛАШИХА""";18.02.2026;02.03.2026;Закупка завершена;;;26.02.2026;
44-ФЗ;№0818500000826000835;Электронный аукцион;Поставка медицинских изделий (насосы инфузионные эластомерные);;'262230910215323090100100130200000244;;;19256000.00;RUB;0;;;;;;"ГОСУДАРСТВЕННОЕ БЮДЖЕТНОЕ УЧРЕЖДЕНИЕ ЗДРАВООХРАНЕНИЯ ""КЛИНИЧЕСКИЙ ОНКОЛОГИЧЕСКИЙ ДИСПАНСЕР № 1"" МИНИСТЕРСТВА ЗДРАВООХРАНЕНИЯ КРАСНОДАРСКОГО КРАЯ";"ГОСУДАРСТВЕННОЕ КАЗЕННОЕ УЧРЕЖДЕНИЕ КРАСНОДАРСКОГО КРАЯ ""ДИРЕКЦИЯ ГОСУДАРСТВЕННЫХ ЗАКУПОК""";16.02.2026;02.03.2026;Закупка завершена;;;25.02.2026;
44-ФЗ;№0162300005326000214;Электронный аукцион;Оказание услуг по охране и обеспечению внутриобъектового и пропускного режимов в образовательных учреждениях Октябрьского района г. Екатеринбурга;;263667220753666850100100080018010244, 263667213984766850100100070018010244, 263667227748466850100100070018010244, 263666210945966850100100080018010244, 263667233830666850100100070018010244, 263666212115066850100100070018010244, 263666212572566850100100070018010244, 263666210947366850100100080018010244, 263666211001366850100100070018010244;;;16157644.80;RUB;0;;;;;;;АДМИНИСТРАЦИЯ ГОРОДА ЕКАТЕРИНБУРГА;19.02.2026;02.03.2026;Закупка завершена;;;27.02.2026;
44-ФЗ;№0307300005226000050;Электронный аукцион;Оказание услуг по техническому и аварийному обслуживанию наружных сетей газоснабжения на территории МО ГО «Сыктывкар»;;'263110148755111010100100040013312244;;;6259981.65;RUB;0;;;;;;"УПРАВЛЕНИЕ ЖИЛИЩНО-КОММУНАЛЬНОГО ХОЗЯЙСТВА АДМИНИСТРАЦИИ МУНИЦИПАЛЬНОГО ОБРАЗОВАНИЯ ГОРОДСКОГО ОКРУГА ""СЫКТЫВКАР""";"ДЕПАРТАМЕНТ ФИНАНСОВ АДМИНИСТРАЦИИ МУНИЦИПАЛЬНОГО ОБРАЗОВАНИЯ ГОРОДСКОГО ОКРУГА ""СЫКТЫВКАР""";19.02.2026;02.03.2026;Закупка завершена;;;27.02.2026;
44-ФЗ;№0372100010626000048;Запрос котировок в электронной форме;Поставка лекарственного препарата по МНН «АМФОТЕРИЦИН B [ЛИПИДНЫЙ КОМПЛЕКС]»;;'261781304746378130100100150340000244;;;15800000.00;RUB;0;;;;;;"ФЕДЕРАЛЬНОЕ ГОСУДАРСТВЕННОЕ БЮДЖЕТНОЕ ОБРАЗОВАТЕЛЬНОЕ УЧРЕЖДЕНИЕ ВЫСШЕГО ОБРАЗОВАНИЯ ""ПЕРВЫЙ САНКТ-ПЕТЕРБУРГСКИЙ ГОСУДАРСТВЕННЫЙ МЕДИЦИНСКИЙ УНИВЕРСИТЕТ ИМЕНИ АКАДЕМИКА И.П. ПАВЛОВА"" МИНИСТЕРСТВА ЗДРАВООХРАНЕНИЯ РОССИЙСКОЙ ФЕДЕРАЦИИ";"ФЕДЕРАЛЬНОЕ ГОСУДАРСТВЕННОЕ БЮДЖЕТНОЕ ОБРАЗОВАТЕЛЬНОЕ УЧРЕЖДЕНИЕ ВЫСШЕГО ОБРАЗОВАНИЯ ""ПЕРВЫЙ САНКТ-ПЕТЕРБУРГСКИЙ ГОСУДАРСТВЕННЫЙ МЕДИЦИНСКИЙ УНИВЕРСИТЕТ ИМЕНИ АКАДЕМИКА И.П. ПАВЛОВА"" МИНИСТЕРСТВА ЗДРАВООХРАНЕНИЯ РОССИЙСКОЙ ФЕДЕРАЦИИ";18.02.2026;02.03.2026;Закупка завершена;;;26.02.2026;
44-ФЗ;№0142200001326002461;Электронный аукцион;Поставка лекарственных препаратов (МНН: Даклатасвир) (Совместные торги);;262631103278263110100100150030000244, 262637200020263720100100570012120244, 262631103263063190100100010012120244, 262632107455963200100100210030000244, 262632501420863250100100670040000244, 262631402589663140100100190020000244;;;18007838.60;RUB;0;;;;;;;КОМИТЕТ ПО ОРГАНИЗАЦИИ ТОРГОВ САМАРСКОЙ ОБЛАСТИ;13.02.2026;02.03.2026;Закупка завершена;;;27.02.2026;
44-ФЗ;№0142200001326002460;Электронный аукцион;Поставка лекарственных препаратов (МНН: Глекапревир+Пибрентасвир) (Совместные торги);;262631103263063190100100010032120244, 262637200020263720100100540012120244, 262632107455963200100100210040000244, 262631402589663140100100190030000244, 262631103278263110100100150010000244, 262632501420863250100100670020000244;;;24067898.40;RUB;0;;;;;;;КОМИТЕТ ПО ОРГАНИЗАЦИИ ТОРГОВ САМАРСКОЙ ОБЛАСТИ;13.02.2026;02.03.2026;Закупка завершена;;;27.02.2026;
44-ФЗ;№0142200001326002459;Электронный аукцион;Поставка лекарственных препаратов (МНН: Софосбувир) (Совместные торги);;262631103263063190100100010022120244, 262631103278263110100100150040000244, 262637200020263720100100590012120244, 262631402589663140100100190010000244, 262632107455963200100100210050000244, 262632501420863250100100670030000244;;;30415000.00;RUB;0;;;;;;;КОМИТЕТ ПО ОРГАНИЗАЦИИ ТОРГОВ САМАРСКОЙ ОБЛАСТИ;13.02.2026;02.03.2026;Закупка завершена;;;27.02.2026;
44-ФЗ;№0362300360526000001;Электронный аукцион;"Выполнение работ, связанных с осуществлением регулярных перевозок пассажиров и багажа автомобильным транспортом по муниципальному маршруту регулярных перевозок маршрут №5 «Посёлок Чкалова -Микрорайон ""Южный""-Улица Московская"" по регулируемым тарифам";;'263661202762766120100100020014931244;;;5472651.60;RUB;0;;;;;;"МУНИЦИПАЛЬНОЕ КАЗЕННОЕ УЧРЕЖДЕНИЕ ""ЕДИНАЯ ДИСПЕТЧЕРСКАЯ СЛУЖБА ПАССАЖИРСКОГО ТРАНСПОРТА ГОРОДА КАМЕНСКА-УРАЛЬСКОГО""";"МУНИЦИПАЛЬНОЕ КАЗЕННОЕ УЧРЕЖДЕНИЕ ""ЕДИНАЯ ДИСПЕТЧЕРСКАЯ СЛУЖБА ПАССАЖИРСКОГО ТРАНСПОРТА ГОРОДА КАМЕНСКА-УРАЛЬСКОГО""";19.02.2026;02.03.2026;Закупка завершена;;;27.02.2026;
223-ФЗ;№32615656932;Иной способ;Выполнение строительно-монтажных работ по замене запорной арматуры и замене сальниковых компенсаторов на сильфонные на объектах Филиалов ПАО «МОЭК» (26P10097);;;1;Выполнение строительно-монтажных работ по замене запорной арматуры и замене сальниковых компенсаторов на сильфонные на объектах Филиалов ПАО «МОЭК»;185102098.10;RUB;185102098.10;;;;42.21.21.000: Работы строительные по прокладке магистральных трубопроводов;;"ПУБЛИЧНОЕ АКЦИОНЕРНОЕ ОБЩЕСТВО ""МОСКОВСКАЯ ОБЪЕДИНЕННАЯ ЭНЕРГЕТИЧЕСКАЯ КОМПАНИЯ""";"ПУБЛИЧНОЕ АКЦИОНЕРНОЕ ОБЩЕСТВО ""МОСКОВСКАЯ ОБЪЕДИНЕННАЯ ЭНЕРГЕТИЧЕСКАЯ КОМПАНИЯ""";30.01.2026;02.03.2026;Закупка завершена;;;09.02.2026 14:00;
44-ФЗ;№0164200001926000349;Электронный аукцион;Поставка лекарственного препарата для медицинского применения Левофлоксацин;;'262683200841168290100100520342120244;;;5530000.00;RUB;0;;;;;;"ГОСУДАРСТВЕННОЕ БЮДЖЕТНОЕ УЧРЕЖДЕНИЕ ЗДРАВООХРАНЕНИЯ ""ТАМБОВСКАЯ ОБЛАСТНАЯ КЛИНИЧЕСКАЯ БОЛЬНИЦА ИМЕНИ В.Д. БАБЕНКО""";МИНИСТЕРСТВО ИМУЩЕСТВЕННЫХ ОТНОШЕНИЙ И ГОСУДАРСТВЕННОГО ЗАКАЗА ТАМБОВСКОЙ ОБЛАСТИ;16.02.2026;02.03.2026;Закупка завершена;;;26.02.2026;
44-ФЗ;№0573500000526000005;Открытый конкурс в электронной форме;Оказание услуг по техническому обслуживанию и текущему ремонту оборудования антитеррористической защищенности;;'262771903435477300100100070010000000;;;5000000.00;RUB;0;;;;;;"КАЗЕННОЕ ПРЕДПРИЯТИЕ ""МОСКОВСКАЯ ЭНЕРГЕТИЧЕСКАЯ ДИРЕКЦИЯ""";"КАЗЕННОЕ ПРЕДПРИЯТИЕ ""МОСКОВСКАЯ ЭНЕРГЕТИЧЕСКАЯ ДИРЕКЦИЯ""";10.02.2026;02.03.2026;Закупка завершена;;;27.02.2026;
44-ФЗ;№0815500000526001429;Электронный аукцион;Выполнение работ по текущему (ямочному) ремонту асфальтобетонного покрытия внутриквартальных проездов и дворовых территорий г. Чебоксары;;'263212600319421300100100850014211244;;;12562500.00;RUB;0;;;;;;АДМИНИСТРАЦИЯ ГОРОДА ЧЕБОКСАРЫ ЧУВАШСКОЙ РЕСПУБЛИКИ;"КАЗЕННОЕ УЧРЕЖДЕНИЕ ЧУВАШСКОЙ РЕСПУБЛИКИ ""РЕГИОНАЛЬНЫЙ ЦЕНТР ЗАКУПОК ЧУВАШСКОЙ РЕСПУБЛИКИ""";13.02.2026;02.03.2026;Закупка завершена;;;26.02.2026;
44-ФЗ;№0848300051726000034;Открытый конкурс в электронной форме;Выполнение работ по ремонту дворовых территорий в Сергиево-Посадском городском округе Московской области в 2026 году (лот 1);;'263504213451050420100100220014299244;;;41940350.09;RUB;0;;;;;;"МУНИЦИПАЛЬНОЕ БЮДЖЕТНОЕ УЧРЕЖДЕНИЕ ""БЛАГОУСТРОЙСТВО СЕРГИЕВ ПОСАД""";"МУНИЦИПАЛЬНОЕ КАЗЕННОЕ УЧРЕЖДЕНИЕ ""ЦЕНТР МУНИЦИПАЛЬНЫХ ЗАКУПОК СЕРГИЕВО-ПОСАДСКОГО ГОРОДСКОГО ОКРУГА""";05.02.2026;02.03.2026;Закупка завершена;;;25.02.2026;
44-ФЗ;№0164200001926000387;Электронный аукцион;Поставка медицинского изделия перчатки хирургические из латекса гевеи, неопудренные;;'262683200841168290100100480012219244;;;7302540.00;RUB;0;;;;;;"ГОСУДАРСТВЕННОЕ БЮДЖЕТНОЕ УЧРЕЖДЕНИЕ ЗДРАВООХРАНЕНИЯ ""ТАМБОВСКАЯ ОБЛАСТНАЯ КЛИНИЧЕСКАЯ БОЛЬНИЦА ИМЕНИ В.Д. БАБЕНКО""";МИНИСТЕРСТВО ИМУЩЕСТВЕННЫХ ОТНОШЕНИЙ И ГОСУДАРСТВЕННОГО ЗАКАЗА ТАМБОВСКОЙ ОБЛАСТИ;17.02.2026;02.03.2026;Закупка завершена;;;26.02.2026;
44-ФЗ;№0815500000526001735;Электронный аукцион;Оказание услуг по ежедневному приготовлению и доставке горячего лечебного питания пациентам БУ «Республиканская психиатрическая больница» Минздрава Чувашии по адресу: Чувашская Республика, г. Новочебоксарск, ул. Коммунистическая, д. 27 корп. 5;;'262212900931721300100100030015629244;;;10560000.00;RUB;0;;;;;;"БЮДЖЕТНОЕ УЧРЕЖДЕНИЕ ЧУВАШСКОЙ РЕСПУБЛИКИ ""РЕСПУБЛИКАНСКАЯ ПСИХИАТРИЧЕСКАЯ БОЛЬНИЦА"" МИНИСТЕРСТВА ЗДРАВООХРАНЕНИЯ ЧУВАШСКОЙ РЕСПУБЛИКИ";"КАЗЕННОЕ УЧРЕЖДЕНИЕ ЧУВАШСКОЙ РЕСПУБЛИКИ ""РЕГИОНАЛЬНЫЙ ЦЕНТР ЗАКУПОК ЧУВАШСКОЙ РЕСПУБЛИКИ""";19.02.2026;02.03.2026;Закупка завершена;;;27.02.2026;
44-ФЗ;№0273000000126000124;Электронный аукцион;(Д027-2026) Поставка плит минераловатных теплоизоляционных гидрофобизированных, для теплоизоляции ненагружаемых конструкций, необходимых для выполнения работ по капитальному ремонту общего имущества в многоквартирных домах города Москвы.;;;;;249851889.08;RUB;0;;;;;;ФОНД КАПИТАЛЬНОГО РЕМОНТА МНОГОКВАРТИРНЫХ ДОМОВ ГОРОДА МОСКВЫ;ФОНД КАПИТАЛЬНОГО РЕМОНТА МНОГОКВАРТИРНЫХ ДОМОВ ГОРОДА МОСКВЫ;02.02.2026;02.03.2026;Закупка завершена;;;10.02.2026;
44-ФЗ;№0815500000526000795;Открытый конкурс в электронной форме;Ремонт автомобильной дороги Красночетайского муниципального округа Чувашской Республики (лот №2);;'263210000360121000100100040014211244;;;15594111.24;RUB;0;;;;;;УПРАВЛЕНИЕ ПО БЛАГОУСТРОЙСТВУ И РАЗВИТИЮ ТЕРРИТОРИЙ АДМИНИСТРАЦИИ КРАСНОЧЕТАЙСКОГО МУНИЦИПАЛЬНОГО ОКРУГА ЧУВАШСКОЙ РЕСПУБЛИКИ;"КАЗЕННОЕ УЧРЕЖДЕНИЕ ЧУВАШСКОЙ РЕСПУБЛИКИ ""РЕГИОНАЛЬНЫЙ ЦЕНТР ЗАКУПОК ЧУВАШСКОЙ РЕСПУБЛИКИ""";03.02.2026;02.03.2026;Закупка завершена;;;25.02.2026;
44-ФЗ;№0891200000626000617;Открытый конкурс в электронной форме на проведение работ по строительству, реконструкции, кап. ремонту, сносу объекта кап. строительства в соответствии с п. 8 ч. 1 ст. 33 Закона № 44-ФЗ;Капитальный ремонт здания Муниципального дошкольного образовательного учреждения Красночикойский детский сад «Солнышко», расположенного по адресу: 673060, Забайкальский край, Красночикойский район, с. Красный Чикой, ул. Первомайская, 90 (00000772-ОК);;'263750900328675090100100060014120243;;;35727691.05;RUB;0;;;;;;"МУНИЦИПАЛЬНОЕ ДОШКОЛЬНОЕ ОБРАЗОВАТЕЛЬНОЕ УЧРЕЖДЕНИЕ КРАСНОЧИКОЙСКИЙ ДЕТСКИЙ САД ""СОЛНЫШКО""";"ГОСУДАРСТВЕННОЕ КАЗЕННОЕ УЧРЕЖДЕНИЕ ""ЗАБАЙКАЛЬСКИЙ ЦЕНТР ГОСУДАРСТВЕННЫХ ЗАКУПОК""";09.02.2026;02.03.2026;Закупка завершена;;;25.02.2026;
44-ФЗ;№0358200016426000001;Открытый конкурс в электронной форме;Услуги по организации питания воспитанников на 2026 год;;'262615505441961550100100100015629323;;;13104254.65;RUB;0;;;;;;"ГОСУДАРСТВЕННОЕ БЮДЖЕТНОЕ ОБЩЕОБРАЗОВАТЕЛЬНОЕ УЧРЕЖДЕНИЕ РОСТОВСКОЙ ОБЛАСТИ ""ШАХТИНСКИЙ ГЕНЕРАЛА  Я.П. БАКЛАНОВА КАЗАЧИЙ КАДЕТСКИЙ КОРПУС""";"ГОСУДАРСТВЕННОЕ БЮДЖЕТНОЕ ОБЩЕОБРАЗОВАТЕЛЬНОЕ УЧРЕЖДЕНИЕ РОСТОВСКОЙ ОБЛАСТИ ""ШАХТИНСКИЙ ГЕНЕРАЛА  Я.П. БАКЛАНОВА КАЗАЧИЙ КАДЕТСКИЙ КОРПУС""";05.02.2026;02.03.2026;Закупка завершена;;;24.02.2026;
44-ФЗ;№0848300064126000024;Электронный аукцион;Поставка ГСМ;;'263500110726750010100100090011920244;;;49999000.00;RUB;0;;;;;;"МУНИЦИПАЛЬНОЕ БЮДЖЕТНОЕ УЧРЕЖДЕНИЕ ГОРОДСКОГО ОКРУГА БАЛАШИХА ""БЛАГОУСТРОЙСТВО-БАЛАШИХА""";"МУНИЦИПАЛЬНОЕ КАЗЁННОЕ УЧРЕЖДЕНИЕ ""КОМИТЕТ ПО ОРГАНИЗАЦИИ ЗАКУПОК ГОРОДСКОГО ОКРУГА БАЛАШИХА""";12.02.2026;02.03.2026;Закупка завершена;;;26.02.2026;
44-ФЗ;№0102600001226000001;Электронный аукцион;Поставка и монтаж оборудования для создания модульного спортивного сооружения (плавательный бассейн);;'263031201677503120100100010010000244;;;300000000.00;RUB;0;;;;;;"МУНИЦИПАЛЬНОЕ КАЗЕННОЕ УЧРЕЖДЕНИЕ ""КОМИТЕТ ПО РАЗВИТИЮ ИНФРАСТРУКТУРЫ АДМИНИСТРАЦИИ МУНИЦИПАЛЬНОГО ОБРАЗОВАНИЯ ""КЯХТИНСКИЙ РАЙОН"" РЕСПУБЛИКИ БУРЯТИЯ";"МУНИЦИПАЛЬНОЕ КАЗЕННОЕ УЧРЕЖДЕНИЕ ""КОМИТЕТ ПО РАЗВИТИЮ ИНФРАСТРУКТУРЫ АДМИНИСТРАЦИИ МУНИЦИПАЛЬНОГО ОБРАЗОВАНИЯ ""КЯХТИНСКИЙ РАЙОН"" РЕСПУБЛИКИ БУРЯТИЯ";03.02.2026;02.03.2026;Закупка завершена;;;16.02.2026;
44-ФЗ;№0373100072126000253;Электронный аукцион;Поставка медицинских расходных материалов для нужд ФГБНУ «РНЦХ им. акад. Б.В. Петровского»;;'261770403012477040100100052320000000;;;6034600.00;RUB;0;;;;;;"ФЕДЕРАЛЬНОЕ ГОСУДАРСТВЕННОЕ БЮДЖЕТНОЕ НАУЧНОЕ УЧРЕЖДЕНИЕ ""РОССИЙСКИЙ НАУЧНЫЙ ЦЕНТР ХИРУРГИИ ИМЕНИ АКАДЕМИКА Б.В. ПЕТРОВСКОГО""";"ФЕДЕРАЛЬНОЕ ГОСУДАРСТВЕННОЕ БЮДЖЕТНОЕ НАУЧНОЕ УЧРЕЖДЕНИЕ ""РОССИЙСКИЙ НАУЧНЫЙ ЦЕНТР ХИРУРГИИ ИМЕНИ АКАДЕМИКА Б.В. ПЕТРОВСКОГО""";19.02.2026;02.03.2026;Закупка завершена;;;27.02.2026;
44-ФЗ;№0348300062126000098;Запрос котировок в электронной форме;Поставка лекарственных препаратов (Гразопревир+Элбасвир) в  2026 году (аукцион 96).;;'263500100759050010100101240012120000;;;9175219.20;RUB;0;;;;;;"ГОСУДАРСТВЕННОЕ БЮДЖЕТНОЕ УЧРЕЖДЕНИЕ ЗДРАВООХРАНЕНИЯ МОСКОВСКОЙ ОБЛАСТИ ""БАЛАШИХИНСКАЯ  БОЛЬНИЦА""";"ГОСУДАРСТВЕННОЕ БЮДЖЕТНОЕ УЧРЕЖДЕНИЕ ЗДРАВООХРАНЕНИЯ МОСКОВСКОЙ ОБЛАСТИ ""БАЛАШИХИНСКАЯ  БОЛЬНИЦА""";19.02.2026;02.03.2026;Закупка завершена;;;27.02.2026;
44-ФЗ;№0169600014126000008;Электронный аукцион;Ремонт автодороги по ул.Куйбышева в д.Султаново Кунашакского муниципального округа Челябинской области;;'263743802882074600100100140014211244;;;10009906.19;RUB;0;;;;;;УПРАВЛЕНИЕ ПО ЖИЛИЩНО - КОММУНАЛЬНОМУ ХОЗЯЙСТВУ, СТРОИТЕЛЬСТВУ И ЭНЕРГООБЕСПЕЧЕНИЮ АДМИНИСТРАЦИИ КУНАШАКСКОГО МУНИЦИПАЛЬНОГО ОКРУГА ЧЕЛЯБИНСКОЙ ОБЛАСТИ;УПРАВЛЕНИЕ ПО ЖИЛИЩНО - КОММУНАЛЬНОМУ ХОЗЯЙСТВУ, СТРОИТЕЛЬСТВУ И ЭНЕРГООБЕСПЕЧЕНИЮ АДМИНИСТРАЦИИ КУНАШАКСКОГО МУНИЦИПАЛЬНОГО ОКРУГА ЧЕЛЯБИНСКОЙ ОБЛАСТИ;06.02.2026;02.03.2026;Определение поставщика отменено;;;16.02.2026;
44-ФЗ;№0848300045426000032;Открытый конкурс в электронной форме;Выполнение работ по ремонту дворовых территорий (лот 5) в Одинцовском городском округе Московской области в 2026 году;;'263503200422250320100100390014299244;;;25636114.02;RUB;0;;;;;;АДМИНИСТРАЦИЯ ОДИНЦОВСКОГО ГОРОДСКОГО ОКРУГА МОСКОВСКОЙ ОБЛАСТИ;"МУНИЦИПАЛЬНОЕ КАЗЕННОЕ УЧРЕЖДЕНИЕ ""ЦЕНТР МУНИЦИПАЛЬНЫХ ЗАКУПОК"" ОДИНЦОВСКОГО ГОРОДСКОГО ОКРУГА МОСКОВСКОЙ ОБЛАСТИ";09.02.2026;02.03.2026;Закупка завершена;;;25.02.2026;
44-ФЗ;№0848300045426000033;Открытый конкурс в электронной форме;Выполнение работ по ремонту дворовых территорий (лот 6) в Одинцовском городском округе Московской области в 2026 году;;'263503200422250320100100400014299244;;;46409562.06;RUB;0;;;;;;АДМИНИСТРАЦИЯ ОДИНЦОВСКОГО ГОРОДСКОГО ОКРУГА МОСКОВСКОЙ ОБЛАСТИ;"МУНИЦИПАЛЬНОЕ КАЗЕННОЕ УЧРЕЖДЕНИЕ ""ЦЕНТР МУНИЦИПАЛЬНЫХ ЗАКУПОК"" ОДИНЦОВСКОГО ГОРОДСКОГО ОКРУГА МОСКОВСКОЙ ОБЛАСТИ";09.02.2026;02.03.2026;Закупка завершена;;;25.02.2026;
44-ФЗ;№0839600002826000004;Электронный аукцион на проведение работ по строительству, реконструкции, кап. ремонту, сносу объекта кап. строительства в соответствии с п. 8 ч. 1 ст. 33 Закона № 44-ФЗ;Строительство объекта «Водопровод по пер. Штрековый г. Ленинск-Кузнецкий».;;'263421204344442120100100030014221414;;;9999000.00;RUB;0;;;;;;"МУНИЦИПАЛЬНОЕ КАЗЕННОЕ УЧРЕЖДЕНИЕ ""УПРАВЛЕНИЕ КАПИТАЛЬНОГО СТРОИТЕЛЬСТВА ЛЕНИНСК-КУЗНЕЦКОГО МУНИЦИПАЛЬНОГО ОКРУГА""";"МУНИЦИПАЛЬНОЕ КАЗЕННОЕ УЧРЕЖДЕНИЕ ""УПРАВЛЕНИЕ ПО ФИНАНСОВЫМ РАСЧЕТАМ И МУНИЦИПАЛЬНЫМ ЗАКУПКАМ УЧРЕЖДЕНИЙ ЛЕНИНСК-КУЗНЕЦКОГО МУНИЦИПАЛЬНОГО ОКРУГА""";18.02.2026;02.03.2026;Закупка завершена;;;26.02.2026;
44-ФЗ;№0373200052726000082;Открытый конкурс в электронной форме;"Оказание услуг по выполнению функций младшего медицинского персонала в ГБУЗ ""ГКБ имени В.М. Буянова ДЗМ""";;'262772459896677240100100830010000244;;;29840865.60;RUB;0;;;;;;"ГОСУДАРСТВЕННОЕ БЮДЖЕТНОЕ УЧРЕЖДЕНИЕ ЗДРАВООХРАНЕНИЯ ГОРОДА МОСКВЫ ""ГОРОДСКАЯ КЛИНИЧЕСКАЯ БОЛЬНИЦА ИМЕНИ В.М. БУЯНОВА ДЕПАРТАМЕНТА ЗДРАВООХРАНЕНИЯ ГОРОДА МОСКВЫ""";"ГОСУДАРСТВЕННОЕ БЮДЖЕТНОЕ УЧРЕЖДЕНИЕ ЗДРАВООХРАНЕНИЯ ГОРОДА МОСКВЫ ""ГОРОДСКАЯ КЛИНИЧЕСКАЯ БОЛЬНИЦА ИМЕНИ В.М. БУЯНОВА ДЕПАРТАМЕНТА ЗДРАВООХРАНЕНИЯ ГОРОДА МОСКВЫ""";12.02.2026;02.03.2026;Закупка завершена;;;27.02.2026;
44-ФЗ;№0380200000126000774;Электронный аукцион на проведение работ по строительству, реконструкции, кап. ремонту, сносу объекта кап. строительства в соответствии с п. 8 ч. 1 ст. 33 Закона № 44-ФЗ;Выполнение работ по реконструкции автомобильной дороги Саяногорск – Майнская ГЭС – Черемушки на участке км 22+100 – км 23+300 в Бейском районе Республики Хакасия;;'262190108224019010100100080014211414;;;95625434.85;RUB;0;;;;;;"ГОСУДАРСТВЕННОЕ КАЗЕННОЕ УЧРЕЖДЕНИЕ РЕСПУБЛИКИ ХАКАСИЯ ""УПРАВЛЕНИЕ АВТОМОБИЛЬНЫХ ДОРОГ РЕСПУБЛИКИ ХАКАСИЯ""";ГОСУДАРСТВЕННЫЙ КОМИТЕТ ПО РЕГУЛИРОВАНИЮ КОНТРАКТНОЙ СИСТЕМЫ В СФЕРЕ ЗАКУПОК РЕСПУБЛИКИ ХАКАСИЯ;18.02.2026;02.03.2026;Закупка завершена;;;26.02.2026;
44-ФЗ;№0373100086626000002;Открытый конкурс в электронной форме;Организация и осуществление экспертизы заявок по тематическим направлениям «Н1. Цифровые технологии», «Н2. Медицина и технологии здоровьесбережения», «Н3. Новые материалы и химические технологии», «Н6. Ресурсосберегающая энергетика», поданных участниками конкурса «Студенческий стартап»»;;'261773600435077010100100390017490244;;;12316666.67;RUB;0;;;;;;"ФЕДЕРАЛЬНОЕ ГОСУДАРСТВЕННОЕ БЮДЖЕТНОЕ УЧРЕЖДЕНИЕ ""ФОНД СОДЕЙСТВИЯ РАЗВИТИЮ МАЛЫХ ФОРМ ПРЕДПРИЯТИЙ В НАУЧНО-ТЕХНИЧЕСКОЙ СФЕРЕ""";"ФЕДЕРАЛЬНОЕ ГОСУДАРСТВЕННОЕ БЮДЖЕТНОЕ УЧРЕЖДЕНИЕ ""ФОНД СОДЕЙСТВИЯ РАЗВИТИЮ МАЛЫХ ФОРМ ПРЕДПРИЯТИЙ В НАУЧНО-ТЕХНИЧЕСКОЙ СФЕРЕ""";10.02.2026;02.03.2026;Закупка завершена;;;26.02.2026;
44-ФЗ;№0102200001626000145;Электронный аукцион;Выполнение работ по техническому обслуживанию и восстановлению работоспособности медицинского оборудования производства КАРЛ ШТОРЦ;;'262032305414803230100100240013312244;;;16572537.84;RUB;0;;;;;;"ГОСУДАРСТВЕННОЕ БЮДЖЕТНОЕ УЧРЕЖДЕНИЕ ЗДРАВООХРАНЕНИЯ ""БУРЯТСКИЙ РЕСПУБЛИКАНСКИЙ КЛИНИЧЕСКИЙ ОНКОЛОГИЧЕСКИЙ ДИСПАНСЕР""";РЕСПУБЛИКАНСКОЕ АГЕНТСТВО ПО ГОСУДАРСТВЕННЫМ ЗАКУПКАМ;11.02.2026;02.03.2026;Закупка завершена;;;26.02.2026;
44-ФЗ;№0348100075226000011;Электронный аукцион;Оказание услуг по выполнению лесоавиационных работ с использованием воздушного судна в целях искусственного вызывания осадков для тушения лесных пожаров;;'261503800814250380100100880015223244;;;57242094.71;RUB;0;;;;;;"ФЕДЕРАЛЬНОЕ БЮДЖЕТНОЕ УЧРЕЖДЕНИЕ ""ЦЕНТРАЛЬНАЯ БАЗА АВИАЦИОННОЙ ОХРАНЫ ЛЕСОВ ""АВИАЛЕСООХРАНА""";"ФЕДЕРАЛЬНОЕ БЮДЖЕТНОЕ УЧРЕЖДЕНИЕ ""ЦЕНТРАЛЬНАЯ БАЗА АВИАЦИОННОЙ ОХРАНЫ ЛЕСОВ ""АВИАЛЕСООХРАНА""";05.02.2026;02.03.2026;Закупка завершена;;;26.02.2026;
44-ФЗ;№0848600005326000012;Открытый конкурс в электронной форме;Выполнение работ по созданию и ремонту пешеходных коммуникаций;;'263505305783550530100100710014211244;;;39752058.59;RUB;0;;;;;;"МУНИЦИПАЛЬНОЕ КАЗЕННОЕ УЧРЕЖДЕНИЕ ""СТРОИТЕЛЬСТВО, БЛАГОУСТРОЙСТВО И ДОРОЖНОЕ ХОЗЯЙСТВО""";"МУНИЦИПАЛЬНОЕ КАЗЕННОЕ УЧРЕЖДЕНИЕ ГОРОДСКОГО ОКРУГА ЭЛЕКТРОСТАЛЬ МОСКОВСКОЙ ОБЛАСТИ ""УПРАВЛЕНИЕ ПО КОНКУРЕНТНОЙ ПОЛИТИКЕ И КООРДИНАЦИИ ЗАКУПОК""";09.02.2026;02.03.2026;Закупка завершена;;;25.02.2026;
44-ФЗ;№0122200002526000360;Запрос котировок в электронной форме;Поставка лекарственного препарата для медицинского применения СОФОСБУВИР;;'262272500647627250100101300012120244;;;10895500.00;RUB;0;;;;;;"КРАЕВОЕ ГОСУДАРСТВЕННОЕ БЮДЖЕТНОЕ УЧРЕЖДЕНИЕ ЗДРАВООХРАНЕНИЯ ""ГОРОДСКАЯ КЛИНИЧЕСКАЯ БОЛЬНИЦА"" ИМЕНИ ПРОФЕССОРА А.М. ВОЙНО-ЯСЕНЕЦКОГО МИНИСТЕРСТВА ЗДРАВООХРАНЕНИЯ ХАБАРОВСКОГО КРАЯ";КОМИТЕТ ГОСУДАРСТВЕННОГО ЗАКАЗА ПРАВИТЕЛЬСТВА ХАБАРОВСКОГО КРАЯ;17.02.2026;02.03.2026;Закупка завершена;;;26.02.2026;
44-ФЗ;№0848300057726000013;Электронный аукцион;Выполнение работ по текущему ремонту автомобильных дорог общего пользования местного значения на территории Волоколамского муниципального округа;;'263500400389050040100101250014211244;;;38764287.19;RUB;0;;;;;;АДМИНИСТРАЦИЯ ВОЛОКОЛАМСКОГО МУНИЦИПАЛЬНОГО ОКРУГА МОСКОВСКОЙ ОБЛАСТИ;"МУНИЦИПАЛЬНОЕ КАЗЕННОЕ УЧРЕЖДЕНИЕ ""ЦЕНТР ЗАКУПОК""";16.02.2026;02.03.2026;Закупка завершена;;;26.02.2026;
44-ФЗ;№0154300015626000014;Электронный аукцион;Оказание услуг финансовой аренды (лизинга) на поставку трактора Беларус-1222.3 (или эквивалент) с навесным оборудованием;;'263572100123257210100100190147712248;;;11460700.00;RUB;0;;;;;;АДМИНИСТРАЦИЯ ПОКРОВСКОГО РАЙОНА ОРЛОВСКОЙ ОБЛАСТИ;АДМИНИСТРАЦИЯ ПОКРОВСКОГО РАЙОНА ОРЛОВСКОЙ ОБЛАСТИ;13.02.2026;02.03.2026;Закупка завершена;;;27.02.2026;
44-ФЗ;№0118300013326000069;Открытый конкурс в электронной форме;Работы по содержанию автомобильных дорог. Текущее содержание улично-дорожной сети Южного внутригородского района муниципального образования город Новороссийск;;'263231521499423150100100300014211244;;;20000000.00;RUB;0;;;;;;"МУНИЦИПАЛЬНОЕ КАЗЕННОЕ УЧРЕЖДЕНИЕ ""УПРАВЛЕНИЕ ПО РАЗВИТИЮ И РЕКОНСТРУКЦИИ АВТОМОБИЛЬНЫХ ДОРОГ"" МУНИЦИПАЛЬНОГО ОБРАЗОВАНИЯ ГОРОД НОВОРОССИЙСК";АДМИНИСТРАЦИЯ  МУНИЦИПАЛЬНОГО ОБРАЗОВАНИЯ ГОРОД НОВОРОССИЙСК;10.02.2026;02.03.2026;Закупка завершена;;;26.02.2026;
44-ФЗ;№0373200095226000002;Электронный аукцион;Выполнение работ по обслуживанию техническому и содержанию зелёных насаждений;;262771619941477160100100060010000244, 262771619949277160100100080010000244, 262771620017077160100100060010000244, 262771705394777170100100070010000244, 262771620978277170100100100010000244, 262771677123077160100100070010000244, 262771597916177150100100070010000244, 261771607908277160100100150010000244, 262771702316377170100100040010000244, 262771530378277150100100070010000244;;;8118721.42;RUB;0;;;;;;;"ГОСУДАРСТВЕННОЕ БЮДЖЕТНОЕ ОБЩЕОБРАЗОВАТЕЛЬНОЕ УЧРЕЖДЕНИЕ ГОРОДА МОСКВЫ  ""ШКОЛА № 293 ИМЕНИ А.Т. ТВАРДОВСКОГО""";18.02.2026;02.03.2026;Закупка завершена;;;27.02.2026;
44-ФЗ;№0816500000626001903;Запрос котировок в электронной форме;Поставка лекарственного препарата для медицинского применения ИММУНОГЛОБУЛИН ЧЕЛОВЕКА НОРМАЛЬНЫЙ (Субвенции) в целях социального обеспечения;;'262143536061014350100100202090000323;;;6960000.00;RUB;0;;;;;;"ГОСУДАРСТВЕННОЕ КАЗЕННОЕ УЧРЕЖДЕНИЕ РЕСПУБЛИКИ САХА (ЯКУТИЯ) ""РЕСУРСНЫЙ ЦЕНТР ПРИ МИНИСТЕРСТВЕ ЗДРАВООХРАНЕНИЯ РЕСПУБЛИКИ САХА (ЯКУТИЯ)""";"ГОСУДАРСТВЕННОЕ КАЗЕННОЕ УЧРЕЖДЕНИЕ РЕСПУБЛИКИ САХА (ЯКУТИЯ) ""ЦЕНТР ЗАКУПОК РЕСПУБЛИКИ САХА (ЯКУТИЯ)""";17.02.2026;02.03.2026;Закупка завершена;;;27.02.2026;
44-ФЗ;№0123600007226000004;Открытый конкурс в электронной форме;Выполнение работ по ремонту асфальтобетонного покрытия по ул. Чигиринская от ул. Восточная до ул. Новая с. Чигири Благовещенского муниципального округа;;'263280127178228010100100090014211244;;;30889113.02;RUB;0;;;;;;АДМИНИСТРАЦИЯ БЛАГОВЕЩЕНСКОГО МУНИЦИПАЛЬНОГО ОКРУГА АМУРСКОЙ ОБЛАСТИ;АДМИНИСТРАЦИЯ БЛАГОВЕЩЕНСКОГО МУНИЦИПАЛЬНОГО ОКРУГА АМУРСКОЙ ОБЛАСТИ;11.02.2026;02.03.2026;Закупка завершена;;;27.02.2026;
44-ФЗ;№0373100065826000009;Электронный аукцион;"Поставка наборов реагентов для лабораторий ФГБНУ ""МГНЦ""";;'261772418170077240100100020080000244;;;12274085.00;RUB;0;;;;;;"ФЕДЕРАЛЬНОЕ ГОСУДАРСТВЕННОЕ БЮДЖЕТНОЕ НАУЧНОЕ УЧРЕЖДЕНИЕ ""МЕДИКО-ГЕНЕТИЧЕСКИЙ НАУЧНЫЙ ЦЕНТР ИМЕНИ АКАДЕМИКА Н.П. БОЧКОВА""";"ФЕДЕРАЛЬНОЕ ГОСУДАРСТВЕННОЕ БЮДЖЕТНОЕ НАУЧНОЕ УЧРЕЖДЕНИЕ ""МЕДИКО-ГЕНЕТИЧЕСКИЙ НАУЧНЫЙ ЦЕНТР ИМЕНИ АКАДЕМИКА Н.П. БОЧКОВА""";18.02.2026;02.03.2026;Закупка завершена;;;27.02.2026;
44-ФЗ;№0359100003726000010;Электронный аукцион;Выполнение работ по техническому обслуживанию воздушных судов Cessna-172S, DA -42NG;;'261730300200062324300100770103316244;;;19900000.00;RUB;0;;;;;;"САСОВСКОЕ ИМЕНИ ГЕРОЯ СОВЕТСКОГО СОЮЗА ТАРАНА Г.А. ЛЁТНОЕ УЧИЛИЩЕ ГРАЖДАНСКОЙ АВИАЦИИ - ФИЛИАЛ ФЕДЕРАЛЬНОГО ГОСУДАРСТВЕННОГО БЮДЖЕТНОГО ОБРАЗОВАТЕЛЬНОГО УЧРЕЖДЕНИЯ ВЫСШЕГО ОБРАЗОВАНИЯ ""УЛЬЯНОВСКИЙ ИНСТИТУТ ГРАЖДАНСКОЙ АВИАЦИИ ИМЕНИ ГЛАВНОГО МАРШАЛА АВИАЦИИ Б.П. БУГАЕВА""";"САСОВСКОЕ ИМЕНИ ГЕРОЯ СОВЕТСКОГО СОЮЗА ТАРАНА Г.А. ЛЁТНОЕ УЧИЛИЩЕ ГРАЖДАНСКОЙ АВИАЦИИ - ФИЛИАЛ ФЕДЕРАЛЬНОГО ГОСУДАРСТВЕННОГО БЮДЖЕТНОГО ОБРАЗОВАТЕЛЬНОГО УЧРЕЖДЕНИЯ ВЫСШЕГО ОБРАЗОВАНИЯ ""УЛЬЯНОВСКИЙ ИНСТИТУТ ГРАЖДАНСКОЙ АВИАЦИИ ИМЕНИ ГЛАВНОГО МАРШАЛА АВИАЦИИ Б.П. БУГАЕВА""";17.02.2026;02.03.2026;Закупка завершена;;;26.02.2026;
44-ФЗ;№0380300030826000003;Электронный аукцион на проведение работ по строительству, реконструкции, кап. ремонту, сносу объекта кап. строительства в соответствии с п. 8 ч. 1 ст. 33 Закона № 44-ФЗ;Капитальный ремонт здания МБОУ Коммунаровской СШ №2, расположенного по адресу: Республика Хакасия, Ширинский район, с. Коммунар, ул 50 лет ВЛКСМ, 10;;'263191100501219110100100060014120243;;;86371000.00;RUB;0;;;;;;МУНИЦИПАЛЬНОЕ БЮДЖЕТНОЕ ОБЩЕОБРАЗОВАТЕЛЬНОЕ УЧРЕЖДЕНИЕ КОММУНАРОВСКАЯ СРЕДНЯЯ ШКОЛА № 2;МУНИЦИПАЛЬНОЕ БЮДЖЕТНОЕ ОБЩЕОБРАЗОВАТЕЛЬНОЕ УЧРЕЖДЕНИЕ КОММУНАРОВСКАЯ СРЕДНЯЯ ШКОЛА № 2;19.02.2026;02.03.2026;Закупка завершена;;;27.02.2026;
44-ФЗ;№0373100135026000006;Открытый конкурс в электронной форме;Модернизация федеральной государственной информационной системы координации информатизации в части развития функционала работы с программами цифровой трансформации;;'261772528924877250100100040016201244;;;24950000.00;RUB;0;;;;;;"ФЕДЕРАЛЬНОЕ ГОСУДАРСТВЕННОЕ БЮДЖЕТНОЕ УЧРЕЖДЕНИЕ ""ЦЕНТР ЭКСПЕРТИЗЫ И КООРДИНАЦИИ ИНФОРМАТИЗАЦИИ""";"ФЕДЕРАЛЬНОЕ ГОСУДАРСТВЕННОЕ БЮДЖЕТНОЕ УЧРЕЖДЕНИЕ ""ЦЕНТР ЭКСПЕРТИЗЫ И КООРДИНАЦИИ ИНФОРМАТИЗАЦИИ""";03.02.2026;02.03.2026;Закупка завершена;;;19.02.2026;
44-ФЗ;№0848300064126000035;Запрос котировок в электронной форме;Выполнение работ по текущему ремонту резинового покрытия детских площадок Г.о. Балашиха (участок 3);;'263500110726750010100100350014299244;;;6666600.00;RUB;0;;;;;;"МУНИЦИПАЛЬНОЕ БЮДЖЕТНОЕ УЧРЕЖДЕНИЕ ГОРОДСКОГО ОКРУГА БАЛАШИХА ""БЛАГОУСТРОЙСТВО-БАЛАШИХА""";"МУНИЦИПАЛЬНОЕ КАЗЁННОЕ УЧРЕЖДЕНИЕ ""КОМИТЕТ ПО ОРГАНИЗАЦИИ ЗАКУПОК ГОРОДСКОГО ОКРУГА БАЛАШИХА""";18.02.2026;02.03.2026;Закупка завершена;;;26.02.2026;
44-ФЗ;№0816500000626001343;Открытый конкурс в электронной форме на проведение работ по строительству, реконструкции, кап. ремонту, сносу объекта кап. строительства в соответствии с п. 8 ч. 1 ст. 33 Закона № 44-ФЗ;"Выполнение работ по капитальному ремонту объекта МБОУ ""Солнечнинская средняя общеобразовательная школа"" Усть-Майского улуса (района) РС(Я) в рамках реализации мероприятий по модернизации школьных систем образования";;'263142800326214280100100210014120243;;;33019565.22;RUB;0;;;;;;"АДМИНИСТРАЦИЯ МУНИЦИПАЛЬНОГО РАЙОНА ""УСТЬ-МАЙСКИЙ УЛУС (РАЙОН)""";"ГОСУДАРСТВЕННОЕ КАЗЕННОЕ УЧРЕЖДЕНИЕ РЕСПУБЛИКИ САХА (ЯКУТИЯ) ""ЦЕНТР ЗАКУПОК РЕСПУБЛИКИ САХА (ЯКУТИЯ)""";11.02.2026;02.03.2026;Закупка завершена;;;27.02.2026;
44-ФЗ;№0373200100826000004;Электронный аукцион;Оказание услуг по уборке внутренних помещений для нужд ГБОУ Школа № 1517 в 2026 -2027 годах;;'262773413210977340100100060010000244;;;29986824.40;RUB;0;;;;;;"ГОСУДАРСТВЕННОЕ БЮДЖЕТНОЕ ОБЩЕОБРАЗОВАТЕЛЬНОЕ УЧРЕЖДЕНИЕ ГОРОДА МОСКВЫ ""ШКОЛА № 1517""";"ГОСУДАРСТВЕННОЕ БЮДЖЕТНОЕ ОБЩЕОБРАЗОВАТЕЛЬНОЕ УЧРЕЖДЕНИЕ ГОРОДА МОСКВЫ ""ШКОЛА № 1517""";18.02.2026;02.03.2026;Закупка завершена;;;26.02.2026;
44-ФЗ;№0373200229626000001;Электронный аукцион;Выполнение работ по обслуживанию техническому и содержанию зеленых насаждений для нужд образовательных организаций, подведомственных Департаменту образования и науки города Москвы;;262772122232377210100100100010000244, 262772181789977210100100060010000244, 262772181600677210100100060010000244, 262772123750677210100100110010000244, 262772318633577230100100070010000244, 262772332025277230100100040010000244, 262772316320077230100100110010000244, 262772122777077210100100050010000244;;;7875024.54;RUB;0;;;;;;;"ГОСУДАРСТВЕННОЕ БЮДЖЕТНОЕ ОБЩЕОБРАЗОВАТЕЛЬНОЕ УЧРЕЖДЕНИЕ ГОРОДА МОСКВЫ ""ШКОЛА НА ЮГО-ВОСТОКЕ ИМЕНИ МАРШАЛА В.И. ЧУЙКОВА""";19.02.2026;02.03.2026;Закупка завершена;;;27.02.2026;
44-ФЗ;№0846500000626000063;Электронный аукцион;Лекарственный препарат для медицинского применения Альбумин человека;;'262482605051748260100100320012120244;;;12348200.00;RUB;0;;;;;;"ГОСУДАРСТВЕННОЕ  УЧРЕЖДЕНИЕ ЗДРАВООХРАНЕНИЯ ""ЛИПЕЦКАЯ ГОРОДСКАЯ БОЛЬНИЦА СКОРОЙ МЕДИЦИНСКОЙ ПОМОЩИ № 1""";"ОБЛАСТНОЕ КАЗЕННОЕ УЧРЕЖДЕНИЕ ""УПРАВЛЕНИЕ ПО РАЗМЕЩЕНИЮ ГОСЗАКАЗА ЛИПЕЦКОЙ ОБЛАСТИ""";19.02.2026;02.03.2026;Закупка завершена;;;27.02.2026;
44-ФЗ;№0816500000626002150;Запрос котировок в электронной форме;Оказание комплекса услуг по предоставлению виртуальных вычислительных ресурсов, для размещения и распространения информации в сети Интернет;;'262143504434014350100100320016311244;;;6926550.00;RUB;0;;;;;;"ГОСУДАРСТВЕННОЕ БЮДЖЕТНОЕ УЧРЕЖДЕНИЕ РЕСПУБЛИКИ САХА (ЯКУТИЯ) НАЦИОНАЛЬНАЯ ВЕЩАТЕЛЬНАЯ КОМПАНИЯ ""САХА""";"ГОСУДАРСТВЕННОЕ КАЗЕННОЕ УЧРЕЖДЕНИЕ РЕСПУБЛИКИ САХА (ЯКУТИЯ) ""ЦЕНТР ЗАКУПОК РЕСПУБЛИКИ САХА (ЯКУТИЯ)""";19.02.2026;02.03.2026;Закупка завершена;;;27.02.2026;
44-ФЗ;№0169300000326000145;Электронный аукцион;"Выполнение работ по объекту: ""Ремонт автомобильных дорог""";;'263741400667374550100101360014211244;;;159819737.44;RUB;0;;;;;;"МУНИЦИПАЛЬНОЕ КАЗЕННОЕ УЧРЕЖДЕНИЕ ""УПРАВЛЕНИЕ КАПИТАЛЬНОГО СТРОИТЕЛЬСТВА""";АДМИНИСТРАЦИЯ ГОРОДА МАГНИТОГОРСКА;17.02.2026;02.03.2026;Закупка завершена;;;26.02.2026;
44-ФЗ;№0139100007126000006;Открытый конкурс в электронной форме;"Выполнение проектных и изыскательских работ по объекту капитального строительства ""Строительство и реконструкция зданий и сооружений Специализированной пожарно-спасательной части ФПС ГПС Главного управления МЧС России по Кемеровской области - Кузбассу, г. Кемерово"" (Бюджетные инвестиции в объекты капитального строительства в рамках государственного оборонного заказа)";;'261420507655142050100100000197112413;;;11036200.00;RUB;0;;;;;;ГЛАВНОЕ УПРАВЛЕНИЕ МИНИСТЕРСТВА РОССИЙСКОЙ ФЕДЕРАЦИИ ПО ДЕЛАМ ГРАЖДАНСКОЙ ОБОРОНЫ, ЧРЕЗВЫЧАЙНЫМ СИТУАЦИЯМ И ЛИКВИДАЦИИ ПОСЛЕДСТВИЙ СТИХИЙНЫХ БЕДСТВИЙ ПО КЕМЕРОВСКОЙ ОБЛАСТИ - КУЗБАССУ;ГЛАВНОЕ УПРАВЛЕНИЕ МИНИСТЕРСТВА РОССИЙСКОЙ ФЕДЕРАЦИИ ПО ДЕЛАМ ГРАЖДАНСКОЙ ОБОРОНЫ, ЧРЕЗВЫЧАЙНЫМ СИТУАЦИЯМ И ЛИКВИДАЦИИ ПОСЛЕДСТВИЙ СТИХИЙНЫХ БЕДСТВИЙ ПО КЕМЕРОВСКОЙ ОБЛАСТИ - КУЗБАССУ;11.02.2026;02.03.2026;Закупка завершена;;;27.02.2026;
44-ФЗ;№0119100011426000035;Электронный аукцион на проведение работ по строительству, реконструкции, кап. ремонту, сносу объекта кап. строительства в соответствии с п. 8 ч. 1 ст. 33 Закона № 44-ФЗ;Выборочный капитальный ремонт фасада здания Бирилюсского районного суда Красноярского края;;'261246607321624660100100680014339243;;;7656743.34;RUB;0;;;;;;УПРАВЛЕНИЕ СУДЕБНОГО ДЕПАРТАМЕНТА В КРАСНОЯРСКОМ КРАЕ;УПРАВЛЕНИЕ СУДЕБНОГО ДЕПАРТАМЕНТА В КРАСНОЯРСКОМ КРАЕ;19.02.2026;02.03.2026;Закупка завершена;;;27.02.2026;
44-ФЗ;№0816500000626001954;Электронный аукцион;Поставка изделий медицинского назначения (наборы для внутривенных вливаний через инфузионный контроллер);;'262143506040914350100100080320000244;;;6997650.00;RUB;0;;;;;;"ГОСУДАРСТВЕННОЕ БЮДЖЕТНОЕ УЧРЕЖДЕНИЕ РЕСПУБЛИКИ САХА (ЯКУТИЯ) ""ЯКУТСКИЙ РЕСПУБЛИКАНСКИЙ ОНКОЛОГИЧЕСКИЙ ДИСПАНСЕР""";"ГОСУДАРСТВЕННОЕ КАЗЕННОЕ УЧРЕЖДЕНИЕ РЕСПУБЛИКИ САХА (ЯКУТИЯ) ""ЦЕНТР ЗАКУПОК РЕСПУБЛИКИ САХА (ЯКУТИЯ)""";17.02.2026;02.03.2026;Закупка завершена;;;27.02.2026;
44-ФЗ;№0169300000326000124;Электронный аукцион;Охрана территорий парков и скверов г.Магнитогорска;;'263741400667374550100101280028010244;;;7723166.40;RUB;0;;;;;;"МУНИЦИПАЛЬНОЕ КАЗЕННОЕ УЧРЕЖДЕНИЕ ""УПРАВЛЕНИЕ КАПИТАЛЬНОГО СТРОИТЕЛЬСТВА""";АДМИНИСТРАЦИЯ ГОРОДА МАГНИТОГОРСКА;13.02.2026;02.03.2026;Закупка завершена;;;26.02.2026;
44-ФЗ;№0846500000626000057;Электронный аукцион;Медицинские изделия для криоабляции;;'262482500511048250100100470013250244;;;128924000.00;RUB;0;;;;;;"ГОСУДАРСТВЕННОЕ УЧРЕЖДЕНИЕ ЗДРАВООХРАНЕНИЯ ""ЛИПЕЦКАЯ ОБЛАСТНАЯ КЛИНИЧЕСКАЯ БОЛЬНИЦА""";"ОБЛАСТНОЕ КАЗЕННОЕ УЧРЕЖДЕНИЕ ""УПРАВЛЕНИЕ ПО РАЗМЕЩЕНИЮ ГОСЗАКАЗА ЛИПЕЦКОЙ ОБЛАСТИ""";16.02.2026;02.03.2026;Закупка завершена;;;26.02.2026;
44-ФЗ;№0816500000626001959;Электронный аукцион;Оказание медицинских услуг по магнитно-резонансной томографии (МРТ) для нужд ГБУ РС(Я) «ЯРКБ» в г. Якутске;;'262143502651014350100100040020000244;;;8000000.00;RUB;0;;;;;;"ГОСУДАРСТВЕННОЕ БЮДЖЕТНОЕ УЧРЕЖДЕНИЕ РЕСПУБЛИКИ САХА (ЯКУТИЯ) ""ЯКУТСКАЯ РЕСПУБЛИКАНСКАЯ КЛИНИЧЕСКАЯ БОЛЬНИЦА""";"ГОСУДАРСТВЕННОЕ КАЗЕННОЕ УЧРЕЖДЕНИЕ РЕСПУБЛИКИ САХА (ЯКУТИЯ) ""ЦЕНТР ЗАКУПОК РЕСПУБЛИКИ САХА (ЯКУТИЯ)""";18.02.2026;02.03.2026;Закупка завершена;;;27.02.2026;
44-ФЗ;№0373100037226000124;Электронный аукцион;Поставка изделий медицинского назначения;;'261772404418977240100100480263250244;;;14700000.00;RUB;0;;;;;;"ФЕДЕРАЛЬНОЕ ГОСУДАРСТВЕННОЕ БЮДЖЕТНОЕ УЧРЕЖДЕНИЕ ""ФЕДЕРАЛЬНЫЙ НАУЧНО-КЛИНИЧЕСКИЙ ЦЕНТР СПЕЦИАЛИЗИРОВАННЫХ ВИДОВ МЕДИЦИНСКОЙ ПОМОЩИ И МЕДИЦИНСКИХ ТЕХНОЛОГИЙ ФЕДЕРАЛЬНОГО МЕДИКО-БИОЛОГИЧЕСКОГО АГЕНТСТВА""";"ФЕДЕРАЛЬНОЕ ГОСУДАРСТВЕННОЕ БЮДЖЕТНОЕ УЧРЕЖДЕНИЕ ""ФЕДЕРАЛЬНЫЙ НАУЧНО-КЛИНИЧЕСКИЙ ЦЕНТР СПЕЦИАЛИЗИРОВАННЫХ ВИДОВ МЕДИЦИНСКОЙ ПОМОЩИ И МЕДИЦИНСКИХ ТЕХНОЛОГИЙ ФЕДЕРАЛЬНОГО МЕДИКО-БИОЛОГИЧЕСКОГО АГЕНТСТВА""";17.02.2026;02.03.2026;Закупка завершена;;;26.02.2026;
44-ФЗ;№0103200008426000556;Запрос котировок в электронной форме;Оказание услуг по организации бесплатного горячего питания обучающихся на 2026 г.;;'263054200982105420100100040015629244;;;6289000.00;RUB;0;;;;;;"МУНИЦИПАЛЬНОЕ БЮДЖЕТНОЕ ОБЩЕОБРАЗОВАТЕЛЬНОЕ УЧРЕЖДЕНИЕ ""СРЕДНЯЯ ОБЩЕОБРАЗОВАТЕЛЬНАЯ ШКОЛА № 15 ИМ. М.М.СУРМАЧА"" ГОРОДСКОГО ОКРУГА ""ГОРОД ДЕРБЕНТ""";КОМИТЕТ ПО ГОСУДАРСТВЕННЫМ ЗАКУПКАМ РЕСПУБЛИКИ ДАГЕСТАН;19.02.2026;02.03.2026;Закупка завершена;;;27.02.2026;
44-ФЗ;№0351300107026000017;Электронный аукцион;Выполнение работ по окраске ограждений безопасности искусственных сооружений и подходах к ним, расположенных на автомобильных дорогах местного значения в                                г. Новосибирске;;'263540618646854060100100220014211244;;;6000000.00;RUB;0;;;;;;"МУНИЦИПАЛЬНОЕ КАЗЕННОЕ УЧРЕЖДЕНИЕ ГОРОДА НОВОСИБИРСКА ""ГОРМОСТ""";"МУНИЦИПАЛЬНОЕ КАЗЕННОЕ УЧРЕЖДЕНИЕ ГОРОДА НОВОСИБИРСКА ""ГОРМОСТ""";19.02.2026;02.03.2026;Закупка завершена;;;27.02.2026;
44-ФЗ;№0103200008426000557;Запрос котировок в электронной форме;Оказание услуг по организации бесплатного горячего питания обучающихся на 2026 г.;;'263054201026305420100100040015629244;;;7622000.00;RUB;0;;;;;;"МУНИЦИПАЛЬНОЕ БЮДЖЕТНОЕ ОБЩЕОБРАЗОВАТЕЛЬНОЕ УЧРЕЖДЕНИЕ ""СРЕДНЯЯ ОБЩЕОБРАЗОВАТЕЛЬНАЯ ШКОЛА № 21 ИМ. С. СТАЛЬСКОГО"" ГОРОДСКОГО ОКРУГА ""ГОРОД ДЕРБЕНТ""";КОМИТЕТ ПО ГОСУДАРСТВЕННЫМ ЗАКУПКАМ РЕСПУБЛИКИ ДАГЕСТАН;19.02.2026;02.03.2026;Закупка завершена;;;27.02.2026;
44-ФЗ;№0330300198126000013;Электронный аукцион;Поставка щебня;;'263352527147935250100100020080000244;;;9800000.00;RUB;0;;;;;;"МУНИЦИПАЛЬНОЕ КАЗЕННОЕ УЧРЕЖДЕНИЕ ""ЗЕЛЕНСТРОЙ""";"МУНИЦИПАЛЬНОЕ КАЗЕННОЕ УЧРЕЖДЕНИЕ ""ЗЕЛЕНСТРОЙ""";18.02.2026;02.03.2026;Закупка завершена;;;26.02.2026;
44-ФЗ;№0108500000426000650;Электронный аукцион;Поставка прицепа специального «Пост ветеринарного контроля»;;'262121512498512150100100050012920244;;;7789399.98;RUB;0;;;;;;"ГОСУДАРСТВЕННОЕ БЮДЖЕТНОЕ УЧРЕЖДЕНИЕ РЕСПУБЛИКИ МАРИЙ ЭЛ ""МАРИЙСКАЯ СТАНЦИЯ ПО БОРЬБЕ С БОЛЕЗНЯМИ ЖИВОТНЫХ""";КОМИТЕТ ПО РЕГУЛИРОВАНИЮ КОНТРАКТНОЙ СИСТЕМЫ В СФЕРЕ ЗАКУПОК РЕСПУБЛИКИ МАРИЙ ЭЛ;16.02.2026;02.03.2026;Закупка завершена;;;26.02.2026;
44-ФЗ;№0103200008426000560;Запрос котировок в электронной форме;Оказание услуг по организации бесплатного горячего питания обучающихся на 2026 г.;;'263054201511005420100100010015629244;;;8092000.00;RUB;0;;;;;;"МУНИЦИПАЛЬНОЕ БЮДЖЕТНОЕ ОБЩЕОБРАЗОВАТЕЛЬНОЕ УЧРЕЖДЕНИЕ ""СРЕДНЯЯ ОБЩЕОБРАЗОВАТЕЛЬНАЯ ШКОЛА №11 ИМ. Ш.С.АБРАМОВА"" ГОРОДСКОГО ОКРУГА ""ГОРОД ДЕРБЕНТ""";КОМИТЕТ ПО ГОСУДАРСТВЕННЫМ ЗАКУПКАМ РЕСПУБЛИКИ ДАГЕСТАН;19.02.2026;02.03.2026;Закупка завершена;;;27.02.2026;
44-ФЗ;№0162300000826000030;Электронный аукцион;"Оказание услуг по предоставлению на условиях простой (неисключительной) лицензии права на использование (воспроизведение) экземпляра программного продукта ""ПАРУС-Бюджет 8"" новой версии, включая право обновления ПП, на технических средствах, на которых установлена ранее приобретенная версия ПП";;'263662304803366230100100020016203244;;;5349700.00;RUB;0;;;;;;"МУНИЦИПАЛЬНОЕ КАЗЕННОЕ УЧРЕЖДЕНИЕ ""ЦЕНТР БУХГАЛТЕРСКОГО, ЭКОНОМИЧЕСКОГО, ПРАВОВОГО И ИНЖЕНЕРНО-ТЕХНИЧЕСКОГО ОБЕСПЕЧЕНИЯ МУНИЦИПАЛЬНЫХ УЧРЕЖДЕНИЙ ОБРАЗОВАНИЯ ГОРОДА НИЖНИЙ ТАГИЛ""";АДМИНИСТРАЦИЯ ГОРОДА НИЖНИЙ ТАГИЛ;18.02.2026;02.03.2026;Закупка завершена;;;27.02.2026;
44-ФЗ;№0342300000126000094;Открытый конкурс в электронной форме;Оказание услуг по организации и обеспечению функционирования автоматизированной системы учета и безналичной оплаты проезда в Самарском метрополитене, с использованием средств платежа с технологией бесконтактной оплаты;;'263631101302863110100100190016311000;;;105180000.00;RUB;0;;;;;;"МУНИЦИПАЛЬНОЕ ПРЕДПРИЯТИЕ ГОРОДСКОГО ОКРУГА САМАРА ""САМАРСКИЙ МЕТРОПОЛИТЕН ИМЕНИ А.А. РОСОВСКОГО""";ДЕПАРТАМЕНТ ФИНАНСОВ АДМИНИСТРАЦИИ ГОРОДСКОГО ОКРУГА САМАРА;11.02.2026;02.03.2026;Закупка завершена;;;27.02.2026;
44-ФЗ;№0164200001926000416;Электронный аукцион;Поставка лекарственного препарата для медицинского применения Адеметионин;;'262683100324168290100100080372120244;;;8598120.00;RUB;0;;;;;;МИНИСТЕРСТВО ЗДРАВООХРАНЕНИЯ ТАМБОВСКОЙ ОБЛАСТИ;МИНИСТЕРСТВО ИМУЩЕСТВЕННЫХ ОТНОШЕНИЙ И ГОСУДАРСТВЕННОГО ЗАКАЗА ТАМБОВСКОЙ ОБЛАСТИ;18.02.2026;02.03.2026;Закупка завершена;;;27.02.2026;
44-ФЗ;№0332300267026000041;Электронный аукцион;Содержание зеленых насаждений в г.о.г. Арзамас г. Арзамас Нижегородской области;;'263524302045652430100100340018130244;;;6805365.79;RUB;0;;;;;;"МУНИЦИПАЛЬНОЕ КАЗЕННОЕ УЧРЕЖДЕНИЕ ""СЛУЖБА ГОРОДСКОГО ХОЗЯЙСТВА""";АДМИНИСТРАЦИЯ ГОРОДСКОГО ОКРУГА ГОРОД АРЗАМАС НИЖЕГОРОДСКОЙ ОБЛАСТИ;18.02.2026;02.03.2026;Закупка завершена;;;27.02.2026;
44-ФЗ;№0258100000826000029;Электронный аукцион;Поставка кресел-колясок с ручным приводом с жестким сидением и спинкой прогулочных в целях социального обеспечения;;'261616301349461630100101390013092323;;;9503000.00;RUB;0;;;;;;ОТДЕЛЕНИЕ ФОНДА ПЕНСИОННОГО И СОЦИАЛЬНОГО СТРАХОВАНИЯ РОССИЙСКОЙ ФЕДЕРАЦИИ ПО РОСТОВСКОЙ ОБЛАСТИ;ОТДЕЛЕНИЕ ФОНДА ПЕНСИОННОГО И СОЦИАЛЬНОГО СТРАХОВАНИЯ РОССИЙСКОЙ ФЕДЕРАЦИИ ПО РОСТОВСКОЙ ОБЛАСТИ;16.02.2026;02.03.2026;Закупка завершена;;;26.02.2026;
44-ФЗ;№0830500000226000387;Электронный аукцион;Поставка лекарственного препарата для медицинского применения Вакцина для профилактики бешенства;;'262352508746235250100100030082120244;;;5661120.00;RUB;0;;;;;;"БЮДЖЕТНОЕ УЧРЕЖДЕНИЕ ЗДРАВООХРАНЕНИЯ ВОЛОГОДСКОЙ ОБЛАСТИ  ""ВОЛОГОДСКИЙ ОБЛАСТНОЙ ЦЕНТР ПО ПРОФИЛАКТИКЕ И БОРЬБЕ СО СПИД И ИНФЕКЦИОННЫМИ ЗАБОЛЕВАНИЯМИ""";"ГОСУДАРСТВЕННОЕ КАЗЕННОЕ УЧРЕЖДЕНИЕ ВОЛОГОДСКОЙ ОБЛАСТИ ""ЦЕНТР ЗАКУПОК""";19.02.2026;02.03.2026;Закупка завершена;;;27.02.2026;
44-ФЗ;№0891200000626000838;Электронный аукцион;Приобретение лекарственных препаратов в целях социального обеспечения отдельных категорий граждан (субвенции) 2026 г. (00000817-ЭА);;'262753609569575360100101580012120323;;;9789360.00;RUB;0;;;;;;МИНИСТЕРСТВО ЗДРАВООХРАНЕНИЯ ЗАБАЙКАЛЬСКОГО КРАЯ;"ГОСУДАРСТВЕННОЕ КАЗЕННОЕ УЧРЕЖДЕНИЕ ""ЗАБАЙКАЛЬСКИЙ ЦЕНТР ГОСУДАРСТВЕННЫХ ЗАКУПОК""";17.02.2026;02.03.2026;Закупка завершена;;;26.02.2026;
44-ФЗ;№0134200000126000479;Запрос котировок в электронной форме;Поставка перчаток смотровых/процедурных латексных стерильных;;'262380412139238040100101160012219244;;;5403728.75;RUB;0;;;;;;"ОБЛАСТНОЕ ГОСУДАРСТВЕННОЕ БЮДЖЕТНОЕ УЧРЕЖДЕНИЕ ЗДРАВООХРАНЕНИЯ ""УСТЬ-ИЛИМСКАЯ РАЙОННАЯ БОЛЬНИЦА""";МИНИСТЕРСТВО ПО РЕГУЛИРОВАНИЮ КОНТРАКТНОЙ СИСТЕМЫ В СФЕРЕ ЗАКУПОК ИРКУТСКОЙ ОБЛАСТИ;19.02.2026;02.03.2026;Закупка завершена;;;27.02.2026;
44-ФЗ;№0164200001926000417;Электронный аукцион;Поставка лекарственного препарата для медицинского применения Эмпаглифлозин в пользу граждан в целях их социального обеспечения;;'262683100324168290100100130572120323;;;19534500.00;RUB;0;;;;;;МИНИСТЕРСТВО ЗДРАВООХРАНЕНИЯ ТАМБОВСКОЙ ОБЛАСТИ;МИНИСТЕРСТВО ИМУЩЕСТВЕННЫХ ОТНОШЕНИЙ И ГОСУДАРСТВЕННОГО ЗАКАЗА ТАМБОВСКОЙ ОБЛАСТИ;18.02.2026;02.03.2026;Закупка завершена;;;27.02.2026;
44-ФЗ;№0160300046526000001;Электронный аукцион;"Ремонт автомобильных дорог общего пользования местного значения на территории Старожуковского муниципального образования Базарно-Карабулакского муниципального района Саратовской области: - с. Старая Жуковка, ул. Юбилейная от д.№51 до д.№69; - с. Стригай, ул. Советская д.№7 до №14;  - с. Вязовка, ул. Советская от д.№33 до д.№17.";;'263640400366464040100100200014211244;;;5413164.41;RUB;0;;;;;;АДМИНИСТРАЦИЯ СТАРОЖУКОВСКОГО МУНИЦИПАЛЬНОГО ОБРАЗОВАНИЯ БАЗАРНО-КАРАБУЛАКСКОГО МУНИЦИПАЛЬНОГО РАЙОНА САРАТОВСКОЙ ОБЛАСТИ;АДМИНИСТРАЦИЯ СТАРОЖУКОВСКОГО МУНИЦИПАЛЬНОГО ОБРАЗОВАНИЯ БАЗАРНО-КАРАБУЛАКСКОГО МУНИЦИПАЛЬНОГО РАЙОНА САРАТОВСКОЙ ОБЛАСТИ;19.02.2026;02.03.2026;Закупка завершена;;;27.02.2026;
44-ФЗ;№0148300021226000018;Открытый конкурс в электронной форме;Выполнение работ по ремонту дворовых территорий в городском округе Люберцы Московской области в 2026 году Лот 1;;'263502723318550270100100980014299244;;;40375420.34;RUB;0;;;;;;"МУНИЦИПАЛЬНОЕ УЧРЕЖДЕНИЕ ""ОБЪЕДИНЕННЫЙ КОМБИНАТ БЛАГОУСТРОЙСТВА И ЖИЛИЩНО-КОММУНАЛЬНОГО ХОЗЯЙСТВА""";АДМИНИСТРАЦИЯ ГОРОДСКОГО ОКРУГА ЛЮБЕРЦЫ МОСКОВСКОЙ ОБЛАСТИ;11.02.2026;02.03.2026;Закупка завершена;;;27.02.2026;
44-ФЗ;№0148300021226000019;Открытый конкурс в электронной форме;Выполнение работ по ремонту дворовых территорий в городском округе Люберцы Московской области в 2026 году Лот 2;;'263502723318550270100100990014299244;;;44877379.22;RUB;0;;;;;;"МУНИЦИПАЛЬНОЕ УЧРЕЖДЕНИЕ ""ОБЪЕДИНЕННЫЙ КОМБИНАТ БЛАГОУСТРОЙСТВА И ЖИЛИЩНО-КОММУНАЛЬНОГО ХОЗЯЙСТВА""";АДМИНИСТРАЦИЯ ГОРОДСКОГО ОКРУГА ЛЮБЕРЦЫ МОСКОВСКОЙ ОБЛАСТИ;11.02.2026;02.03.2026;Закупка завершена;;;27.02.2026;
44-ФЗ;№0348100009526000032;Электронный аукцион;Поставка лекарственных препаратов для медицинского применения в 2026 г. (лот М36);;'261504401324650440100100090020000244;;;9027900.00;RUB;0;;;;;;"ФЕДЕРАЛЬНОЕ ГОСУДАРСТВЕННОЕ БЮДЖЕТНОЕ УЧРЕЖДЕНИЕ ""ФЕДЕРАЛЬНЫЙ НАУЧНО-КЛИНИЧЕСКИЙ ЦЕНТР МЕДИЦИНСКОЙ РЕАБИЛИТАЦИИ И КУРОРТОЛОГИИ ФЕДЕРАЛЬНОГО МЕДИКО-БИОЛОГИЧЕСКОГО АГЕНТСТВА""";"ФЕДЕРАЛЬНОЕ ГОСУДАРСТВЕННОЕ БЮДЖЕТНОЕ УЧРЕЖДЕНИЕ ""ФЕДЕРАЛЬНЫЙ НАУЧНО-КЛИНИЧЕСКИЙ ЦЕНТР МЕДИЦИНСКОЙ РЕАБИЛИТАЦИИ И КУРОРТОЛОГИИ ФЕДЕРАЛЬНОГО МЕДИКО-БИОЛОГИЧЕСКОГО АГЕНТСТВА""";19.02.2026;02.03.2026;Закупка завершена;;;27.02.2026;
44-ФЗ;№0380200000126000701;Электронный аукцион;Выполнение работ по ремонту автомобильной дороги Таштып-Верхняя Сея-Матур на участке км 4+000 - км 7+000 в Таштыпском районе Республики Хакасия;;'262190108224019010100100130014211244;;;69993082.32;RUB;0;;;;;;"ГОСУДАРСТВЕННОЕ КАЗЕННОЕ УЧРЕЖДЕНИЕ РЕСПУБЛИКИ ХАКАСИЯ ""УПРАВЛЕНИЕ АВТОМОБИЛЬНЫХ ДОРОГ РЕСПУБЛИКИ ХАКАСИЯ""";ГОСУДАРСТВЕННЫЙ КОМИТЕТ ПО РЕГУЛИРОВАНИЮ КОНТРАКТНОЙ СИСТЕМЫ В СФЕРЕ ЗАКУПОК РЕСПУБЛИКИ ХАКАСИЯ;18.02.2026;02.03.2026;Закупка завершена;;;26.02.2026;
44-ФЗ;№0148300021226000021;Открытый конкурс в электронной форме;Выполнение работ по ремонту дворовых территорий в городском округе Люберцы Московской области в 2026 году Лот 5;;'263502723318550270100101020014299244;;;42365035.40;RUB;0;;;;;;"МУНИЦИПАЛЬНОЕ УЧРЕЖДЕНИЕ ""ОБЪЕДИНЕННЫЙ КОМБИНАТ БЛАГОУСТРОЙСТВА И ЖИЛИЩНО-КОММУНАЛЬНОГО ХОЗЯЙСТВА""";АДМИНИСТРАЦИЯ ГОРОДСКОГО ОКРУГА ЛЮБЕРЦЫ МОСКОВСКОЙ ОБЛАСТИ;11.02.2026;02.03.2026;Закупка завершена;;;27.02.2026;
44-ФЗ;№0348500004426000007;Электронный аукцион;Поставка лекарственного(-ых) препарата(-ов) для медицинского применения НУСИНЕРСЕН;;'262502422347850240100100370012120244;;;16957679.55;RUB;0;;;;;;"ГОСУДАРСТВЕННОЕ БЮДЖЕТНОЕ УЧРЕЖДЕНИЕ ЗДРАВООХРАНЕНИЯ МОСКОВСКОЙ ОБЛАСТИ ""КРАСНОГОРСКАЯ БОЛЬНИЦА""";"ГОСУДАРСТВЕННОЕ БЮДЖЕТНОЕ УЧРЕЖДЕНИЕ ЗДРАВООХРАНЕНИЯ МОСКОВСКОЙ ОБЛАСТИ ""КРАСНОГОРСКАЯ БОЛЬНИЦА""";19.02.2026;02.03.2026;Закупка завершена;;;27.02.2026;
44-ФЗ;№0348500004426000008;Электронный аукцион;Поставка лекарственного(-ых) препарата(-ов) для медицинского применения НУСИНЕРСЕН;;'262502422347850240100100380012120244;;;33915359.10;RUB;0;;;;;;"ГОСУДАРСТВЕННОЕ БЮДЖЕТНОЕ УЧРЕЖДЕНИЕ ЗДРАВООХРАНЕНИЯ МОСКОВСКОЙ ОБЛАСТИ ""КРАСНОГОРСКАЯ БОЛЬНИЦА""";"ГОСУДАРСТВЕННОЕ БЮДЖЕТНОЕ УЧРЕЖДЕНИЕ ЗДРАВООХРАНЕНИЯ МОСКОВСКОЙ ОБЛАСТИ ""КРАСНОГОРСКАЯ БОЛЬНИЦА""";19.02.2026;02.03.2026;Закупка завершена;;;27.02.2026;
44-ФЗ;№0817200000326001531;Электронный аукцион на проведение работ по строительству, реконструкции, кап. ремонту, сносу объекта кап. строительства в соответствии с п. 8 ч. 1 ст. 33 Закона № 44-ФЗ;Выполнение работ по капитальному ремонту здания филиала «Солнышко» МБДОУ детский сад «Степашка»;;'263224600021222460100100030014120243;;;23923475.67;RUB;0;;;;;;КОМИТЕТ АДМИНИСТРАЦИИ КАЛМАНСКОГО РАЙОНА ПО ОБРАЗОВАНИЮ;"КРАЕВОЕ ГОСУДАРСТВЕННОЕ КАЗЕННОЕ УЧРЕЖДЕНИЕ ""ЦЕНТР ГОСУДАРСТВЕННЫХ ЗАКУПОК АЛТАЙСКОГО КРАЯ""";19.02.2026;02.03.2026;Закупка завершена;;;27.02.2026;
44-ФЗ;№0164200001926000415;Электронный аукцион;Поставка лекарственного препарата для медицинского применения Дапаглифлозин в пользу граждан в целях их социального обеспечения;;'262683100324168290100100130582120323;;;19548990.00;RUB;0;;;;;;МИНИСТЕРСТВО ЗДРАВООХРАНЕНИЯ ТАМБОВСКОЙ ОБЛАСТИ;МИНИСТЕРСТВО ИМУЩЕСТВЕННЫХ ОТНОШЕНИЙ И ГОСУДАРСТВЕННОГО ЗАКАЗА ТАМБОВСКОЙ ОБЛАСТИ;18.02.2026;02.03.2026;Закупка завершена;;;27.02.2026;
44-ФЗ;№0316400001526000005;Открытый конкурс в электронной форме;Ослабление прочности льда на р. Лена в Намском улусе, Республика Саха (Якутия);;'261500802812714354300100150018425244;;;9983900.00;RUB;0;;;;;;"ФИЛИАЛ ""ЛЕНАРЕГИОНВОДХОЗ""";"ФИЛИАЛ ""ЛЕНАРЕГИОНВОДХОЗ""";02.02.2026;02.03.2026;Закупка завершена;;;18.02.2026;
44-ФЗ;№0846500000626000058;Электронный аукцион;Лекарственный препарат для медицинского применения Занубрутиниб для социального обеспечения граждан.;;'262482500508548250100100780012120323;;;9999968.40;RUB;0;;;;;;МИНИСТЕРСТВО ЗДРАВООХРАНЕНИЯ ЛИПЕЦКОЙ ОБЛАСТИ;"ОБЛАСТНОЕ КАЗЕННОЕ УЧРЕЖДЕНИЕ ""УПРАВЛЕНИЕ ПО РАЗМЕЩЕНИЮ ГОСЗАКАЗА ЛИПЕЦКОЙ ОБЛАСТИ""";17.02.2026;02.03.2026;Закупка завершена;;;26.02.2026;
44-ФЗ;№0846600002126000082;Запрос котировок в электронной форме;Оказание услуг по механизированной уборке (Лот 2);;'263482511529648250100100310020000244;;;5000000.00;RUB;0;;;;;;"МУНИЦИПАЛЬНОЕ БЮДЖЕТНОЕ УЧРЕЖДЕНИЕ ""УПРАВЛЕНИЕ БЛАГОУСТРОЙСТВА Г. ЛИПЕЦКА""";"МУНИЦИПАЛЬНОЕ КАЗЕННОЕ УЧРЕЖДЕНИЕ ""УПРАВЛЕНИЕ МУНИЦИПАЛЬНОГО ЗАКАЗА ГОРОДА ЛИПЕЦКА""";18.02.2026;02.03.2026;Закупка завершена;;;26.02.2026;
44-ФЗ;№0846500000626000062;Электронный аукцион;Лекарственный препарат для медицинского применения Ромиплостим для социального обеспечения граждан.;;'262482500508548250100100940012120323;;;12570600.90;RUB;0;;;;;;МИНИСТЕРСТВО ЗДРАВООХРАНЕНИЯ ЛИПЕЦКОЙ ОБЛАСТИ;"ОБЛАСТНОЕ КАЗЕННОЕ УЧРЕЖДЕНИЕ ""УПРАВЛЕНИЕ ПО РАЗМЕЩЕНИЮ ГОСЗАКАЗА ЛИПЕЦКОЙ ОБЛАСТИ""";19.02.2026;02.03.2026;Закупка завершена;;;27.02.2026;
44-ФЗ;№0846500000626000061;Электронный аукцион;Лекарственный препарат для медицинского применения Асциминиб для социального обеспечения граждан;;'262482500508548250100100730012120323;;;13992871.20;RUB;0;;;;;;МИНИСТЕРСТВО ЗДРАВООХРАНЕНИЯ ЛИПЕЦКОЙ ОБЛАСТИ;"ОБЛАСТНОЕ КАЗЕННОЕ УЧРЕЖДЕНИЕ ""УПРАВЛЕНИЕ ПО РАЗМЕЩЕНИЮ ГОСЗАКАЗА ЛИПЕЦКОЙ ОБЛАСТИ""";18.02.2026;02.03.2026;Закупка завершена;;;26.02.2026;
44-ФЗ;№0359100005326000001;Запрос котировок в электронной форме на проведение работ по строительству, реконструкции, кап. ремонту, сносу объекта кап. строительства в соответствии с п. 8 ч. 1 ст. 33 Закона № 44-ФЗ ;Выполнение работ по капитальному ремонту здания режимного корпуса ФКУ СИЗО-2 УФСИН России по Рязанской области;;'261621400318362140100100110014399243;;;6730000.00;RUB;0;;;;;;"ФЕДЕРАЛЬНОЕ КАЗЕННОЕ УЧРЕЖДЕНИЕ ""СЛЕДСТВЕННЫЙ ИЗОЛЯТОР № 2 УПРАВЛЕНИЯ ФЕДЕРАЛЬНОЙ СЛУЖБЫ ИСПОЛНЕНИЯ НАКАЗАНИЙ ПО РЯЗАНСКОЙ ОБЛАСТИ""";"ФЕДЕРАЛЬНОЕ КАЗЕННОЕ УЧРЕЖДЕНИЕ ""СЛЕДСТВЕННЫЙ ИЗОЛЯТОР № 2 УПРАВЛЕНИЯ ФЕДЕРАЛЬНОЙ СЛУЖБЫ ИСПОЛНЕНИЯ НАКАЗАНИЙ ПО РЯЗАНСКОЙ ОБЛАСТИ""";19.02.2026;02.03.2026;Закупка завершена;;;27.02.2026;
44-ФЗ;№0318300008826000034;Электронный аукцион на проведение работ по строительству, реконструкции, кап. ремонту, сносу объекта кап. строительства в соответствии с п. 8 ч. 1 ст. 33 Закона № 44-ФЗ;Капитальный ремонт автомобильной дороги по ул. Карла Маркса от ул. Возрождения до ул. Косоногова в ст. Тамань Темрюкского района;;'263235203781723520100100140014211243;;;76124443.79;RUB;0;;;;;;АДМИНИСТРАЦИЯ ТАМАНСКОГО СЕЛЬСКОГО ПОСЕЛЕНИЯ ТЕМРЮКСКОГО МУНИЦИПАЛЬНОГО РАЙОНА КРАСНОДАРСКОГО КРАЯ;"МУНИЦИПАЛЬНОЕ КАЗЕННОЕ УЧРЕЖДЕНИЕ ""МУНИЦИПАЛЬНЫЙ ЗАКАЗ"" МУНИЦИПАЛЬНОГО ОБРАЗОВАНИЯ ТЕМРЮКСКИЙ РАЙОН";17.02.2026;02.03.2026;Закупка завершена;;;26.02.2026;
44-ФЗ;№0373400009626000021;Запрос котировок в электронной форме;"Оказание услуг по аренде спецтехники для нужд филиала ""Мособлводхоз"" ФГБВУ ""Центррегионводхоз""";;'261500802812777284300100080027731244;;;7000000.00;RUB;0;;;;;;"ФИЛИАЛ ""МОСОБЛВОДХОЗ""";"ФИЛИАЛ ""МОСОБЛВОДХОЗ""";19.02.2026;02.03.2026;Закупка завершена;;;27.02.2026;
44-ФЗ;№0154600003826000008;Открытый конкурс в электронной форме на проведение работ по строительству, реконструкции, кап. ремонту, сносу объекта кап. строительства в соответствии с п. 8 ч. 1 ст. 33 Закона № 44-ФЗ;"Капитальный ремонт участков автомобильной дороги общего пользования местного значения ""Калуга - Перемышль - Белев - Орел"" - д. Тайное - ж/д переезд (ул. Чешская) Орловского муниципального округа Орловской области";;'263572002538257200100100260014211243;;;97412823.81;RUB;0;;;;;;АДМИНИСТРАЦИЯ ОРЛОВСКОГО МУНИЦИПАЛЬНОГО ОКРУГА ОРЛОВСКОЙ ОБЛАСТИ;АДМИНИСТРАЦИЯ ОРЛОВСКОГО МУНИЦИПАЛЬНОГО ОКРУГА ОРЛОВСКОЙ ОБЛАСТИ;09.02.2026;02.03.2026;Закупка завершена;;;25.02.2026;
44-ФЗ;№0316400001526000001;Открытый конкурс в электронной форме;Ослабление прочности льда на р. Лена в Ленском улусе, Республика Саха (Якутия);;'261500802812714354300100140018425244;;;6175200.00;RUB;0;;;;;;"ФИЛИАЛ ""ЛЕНАРЕГИОНВОДХОЗ""";"ФИЛИАЛ ""ЛЕНАРЕГИОНВОДХОЗ""";02.02.2026;02.03.2026;Закупка завершена;;;18.02.2026;
44-ФЗ;№0169300035826000039;Электронный аукцион;Выполнение работ по благоустройству дворовой территории многоквартирного дома № 12 по ул. 60 лет Октября в г. Миассе;;'263741503192274150100100490014211244;;;5204162.00;RUB;0;;;;;;АДМИНИСТРАЦИЯ МИАССКОГО ГОРОДСКОГО ОКРУГА ЧЕЛЯБИНСКОЙ ОБЛАСТИ;АДМИНИСТРАЦИЯ МИАССКОГО ГОРОДСКОГО ОКРУГА ЧЕЛЯБИНСКОЙ ОБЛАСТИ;19.02.2026;02.03.2026;Закупка завершена;;;27.02.2026;
44-ФЗ;№0169300035826000032;Электронный аукцион;Выполнение работ по благоустройству дворовой территории многоквартирного дома № 5 по ул. Академика Павлова в г. Миассе;;'263741503192274150100100560014211244;;;6655212.00;RUB;0;;;;;;АДМИНИСТРАЦИЯ МИАССКОГО ГОРОДСКОГО ОКРУГА ЧЕЛЯБИНСКОЙ ОБЛАСТИ;АДМИНИСТРАЦИЯ МИАССКОГО ГОРОДСКОГО ОКРУГА ЧЕЛЯБИНСКОЙ ОБЛАСТИ;19.02.2026;02.03.2026;Закупка завершена;;;27.02.2026;
44-ФЗ;№0829500001126000780;Электронный аукцион;Поставка медицинских изделий (Стекло);;'262344390134534430100101600013250244;;;12594395.52;RUB;0;;;;;;"ГОСУДАРСТВЕННОЕ БЮДЖЕТНОЕ УЧРЕЖДЕНИЕ ЗДРАВООХРАНЕНИЯ ""ВОЛГОГРАДСКИЙ ОБЛАСТНОЙ КЛИНИЧЕСКИЙ ОНКОЛОГИЧЕСКИЙ ДИСПАНСЕР""";"ГОСУДАРСТВЕННОЕ КАЗЕННОЕ УЧРЕЖДЕНИЕ  ""ЦЕНТР СОПРОВОЖДЕНИЯ ЗАКУПОК ГОСУДАРСТВЕННЫХ УЧРЕЖДЕНИЙ ЗДРАВООХРАНЕНИЯ ВОЛГОГРАДСКОЙ ОБЛАСТИ""";16.02.2026;02.03.2026;Закупка завершена;;;26.02.2026;
44-ФЗ;№2400500000225000475;Электронный аукцион;Поставка аппаратов для сшивания и кассет к ним (лот 8) для нужд учреждений здравоохранения Московской области в 2026-2027 годах (Совместная закупка);;252507406918050740100108810013250244, 252771518673350290100107280013250244, 252502422347850240100108290013250244, 252504411967650440100106480013250244, 252502727861250270100106570013250244, 252770904128977090100102800013250244, 253504200962150420100107290013250244, 253501400342750140100101990013250244, 253504701007450470100103220013250244, 252500100753750010100108880013250244, 252502607728650270100102470013250244, 253502001771750200100105500013250244, 252505015588050500100105280013250244, 252503009786350300100102640013250244, 253501800018450180100107950013250244, 252770206615777020100113110013250244, 252501712672350170100103620013250244, 253503603389850360100102550013250244, 252500507141350050100106940013250244, 252503406146650340100106690013250244, 252507401322950240100110780013250244, 252501300604850400100104930013250244, 252503231399050320100110010013250244;;;47705176.10;RUB;0;;;;;;;"ГОСУДАРСТВЕННОЕ БЮДЖЕТНОЕ УЧРЕЖДЕНИЕ ЗДРАВООХРАНЕНИЯ МОСКОВСКОЙ ОБЛАСТИ ""СОЛНЕЧНОГОРСКАЯ БОЛЬНИЦА""";03.12.2025;02.03.2026;Закупка завершена;;;13.02.2026;
44-ФЗ;№0350300011826000052;Электронный аукцион;выполнение работ по капитальному ремонту муниципальных жилых помещений по адресам:  г. Великий Новгород,  ул. Каберова - Власьевская, д. 2, кв. 17, мкр. Кречевицы, д.50, кв.7, мкр. Кречевицы, д.9, кв.5, мкр. Кречевицы, д.51, кв.1, ул. Б. Санкт - Петербургская, д. 99, кв. 136, ул. Б. Санкт - Петербургская, д. 99, кв. 92, ул. Сырковское шоссе, д. 34, комн.18, ул. Зелинского, д.34, кор.1, кв.132, ул. Ломоносова, д.13, кв.113;;'263532105847453210100100090060000000;;;5572966.83;RUB;0;;;;;;"МУНИЦИПАЛЬНОЕ КАЗЕННОЕ УЧРЕЖДЕНИЕ ВЕЛИКОГО НОВГОРОДА ""ГОРОДСКОЕ ХОЗЯЙСТВО""";КОМИТЕТ ПО УПРАВЛЕНИЮ МУНИЦИПАЛЬНЫМ ИМУЩЕСТВОМ И ЗЕМЕЛЬНЫМИ РЕСУРСАМИ ВЕЛИКОГО НОВГОРОДА;19.02.2026;02.03.2026;Закупка завершена;;;27.02.2026;
44-ФЗ;№0380200000126000725;Электронный аукцион;Поставка изделий медицинского назначения для нужд операционного блока ГБУЗ РХ «Абаканская МКБ»;;'262190102266819010100100500013250244;;;19621651.60;RUB;0;;;;;;"ГОСУДАРСТВЕННОЕ БЮДЖЕТНОЕ УЧРЕЖДЕНИЕ ЗДРАВООХРАНЕНИЯ РЕСПУБЛИКИ ХАКАСИЯ ""АБАКАНСКАЯ МЕЖРАЙОННАЯ КЛИНИЧЕСКАЯ БОЛЬНИЦА""";ГОСУДАРСТВЕННЫЙ КОМИТЕТ ПО РЕГУЛИРОВАНИЮ КОНТРАКТНОЙ СИСТЕМЫ В СФЕРЕ ЗАКУПОК РЕСПУБЛИКИ ХАКАСИЯ;18.02.2026;02.03.2026;Закупка завершена;;;26.02.2026;
44-ФЗ;№0335200014926000413;Электронный аукцион на проведение работ по строительству, реконструкции, кап. ремонту, сносу объекта кап. строительства в соответствии с п. 8 ч. 1 ст. 33 Закона № 44-ФЗ;"Капитальный ремонт коридора и лестничной клетки 1-го и 2-го этажей МБУК ""Правдинская ЦБС"", расположенного по адресу: Калининградская область, г. Правдинск, ул. Кутузова, д. 6";;'263392300372939230100100030014399243;;;5770367.29;RUB;0;;;;;;"МУНИЦИПАЛЬНОЕ БЮДЖЕТНОЕ УЧРЕЖДЕНИЕ КУЛЬТУРЫ ""ПРАВДИНСКАЯ ЦЕНТРАЛИЗОВАННАЯ БИБЛИОТЕЧНАЯ СИСТЕМА""";"ГОСУДАРСТВЕННОЕ КАЗЕННОЕ УЧРЕЖДЕНИЕ КАЛИНИНГРАДСКОЙ ОБЛАСТИ ""ЦЕНТР ОБЕСПЕЧЕНИЯ ОРГАНИЗАЦИИ И ПРОВЕДЕНИЯ ТОРГОВ""";19.02.2026;02.03.2026;Закупка завершена;;;27.02.2026;
44-ФЗ;№0234100000126000054;Электронный аукцион;Поставка технических средств реабилитации (слуховых аппаратов) в целях социального обеспечения граждан в 2026 году;;'261380809698038080100101520012660323;;;9214283.37;RUB;0;;;;;;ОТДЕЛЕНИЕ ФОНДА ПЕНСИОННОГО И СОЦИАЛЬНОГО СТРАХОВАНИЯ РОССИЙСКОЙ ФЕДЕРАЦИИ ПО ИРКУТСКОЙ ОБЛАСТИ;ОТДЕЛЕНИЕ ФОНДА ПЕНСИОННОГО И СОЦИАЛЬНОГО СТРАХОВАНИЯ РОССИЙСКОЙ ФЕДЕРАЦИИ ПО ИРКУТСКОЙ ОБЛАСТИ;19.02.2026;02.03.2026;Закупка завершена;;;27.02.2026;
44-ФЗ;№0169300003326000068;Электронный аукцион;Приобретение в муниципальную собственность жилого помещения (благоустроенной квартиры) для переселения граждан из жилищного фонда, признанного непригодным для проживания, в рамках Государственной программы Челябинской области «Стимулирование развития жилищного строительства в Челябинской области», утвержденной Постановлением Правительства Челябинской области от 21.12.2020 г. № 698-П, путем участия в долевом строительстве многоквартирного жилого дома;;'263740405514274040100100580016810412;;;8684081.28;RUB;0;;;;;;"МУНИЦИПАЛЬНОЕ КАЗЕННОЕ УЧРЕЖДЕНИЕ ""КАПИТАЛЬНОЕ СТРОИТЕЛЬСТВО""";АДМИНИСТРАЦИЯ ЗЛАТОУСТОВСКОГО ГОРОДСКОГО ОКРУГА;19.02.2026;02.03.2026;Закупка завершена;;;27.02.2026;
44-ФЗ;№0169300003326000065;Электронный аукцион;Приобретение в муниципальную собственность жилого помещения (благоустроенной квартиры) для переселения граждан из жилищного фонда, признанного непригодным для проживания, в рамках Государственной программы Челябинской области «Стимулирование развития жилищного строительства в Челябинской области», утвержденной Постановлением Правительства Челябинской области от 21.12.2020 г. № 698-П, путем участия в долевом строительстве многоквартирного жилого дома;;'263740405514274040100100570016810412;;;7409037.60;RUB;0;;;;;;"МУНИЦИПАЛЬНОЕ КАЗЕННОЕ УЧРЕЖДЕНИЕ ""КАПИТАЛЬНОЕ СТРОИТЕЛЬСТВО""";АДМИНИСТРАЦИЯ ЗЛАТОУСТОВСКОГО ГОРОДСКОГО ОКРУГА;19.02.2026;02.03.2026;Закупка завершена;;;27.02.2026;
44-ФЗ;№0373200248026000006;Электронный аукцион;Поставка бланочной продукции государственного образца для нужд образовательных организаций, подведомственных Департаменту образования и науки города Москвы;;262772115120077210100100100010000244, 262772180974677210100100070010000244, 262772114693077210100100050010000244, 262772167616577210100100050010000244, 262772185462977210100100080010000244, 262772122337377210100100080010000244, 262772169254477210100100070010000244, 262772180514977210100100090010000244, 262772180474877210100100080010000244, 262770374292277210100100060010000244, 262772174933577210100100070010000244, 262772117935777210100100050010000244, 262772121988177210100100080010000244, 262772126776577210100100050010000244;;;6104600.63;RUB;0;;;;;;;"ГОСУДАРСТВЕННОЕ БЮДЖЕТНОЕ ОБЩЕОБРАЗОВАТЕЛЬНОЕ УЧРЕЖДЕНИЕ ГОРОДА МОСКВЫ ""ШКОЛА № 1363""";19.02.2026;02.03.2026;Закупка завершена;;;27.02.2026;
44-ФЗ;№0169300003326000070;Электронный аукцион;Приобретение в муниципальную собственность жилого помещения (благоустроенной квартиры) для переселения граждан из жилищного фонда, признанного непригодным для проживания, в рамках Государственной программы Челябинской области «Стимулирование развития жилищного строительства в Челябинской области», утвержденной Постановлением Правительства Челябинской области от 21.12.2020 г. № 698-П, путем участия в долевом строительстве многоквартирного жилого дома;;'263740405514274040100100660016810412;;;5456268.00;RUB;0;;;;;;"МУНИЦИПАЛЬНОЕ КАЗЕННОЕ УЧРЕЖДЕНИЕ ""КАПИТАЛЬНОЕ СТРОИТЕЛЬСТВО""";АДМИНИСТРАЦИЯ ЗЛАТОУСТОВСКОГО ГОРОДСКОГО ОКРУГА;19.02.2026;02.03.2026;Закупка завершена;;;27.02.2026;
44-ФЗ;№0169300000326000123;Электронный аукцион;Озеленение территории;;'263741400667374550100101270018130244;;;9088975.22;RUB;0;;;;;;"МУНИЦИПАЛЬНОЕ КАЗЕННОЕ УЧРЕЖДЕНИЕ ""УПРАВЛЕНИЕ КАПИТАЛЬНОГО СТРОИТЕЛЬСТВА""";АДМИНИСТРАЦИЯ ГОРОДА МАГНИТОГОРСКА;13.02.2026;02.03.2026;Закупка завершена;;;26.02.2026;
44-ФЗ;№0102200001626000184;Запрос котировок в электронной форме;Поставка лекарственного препарата МНН Элтромбопаг для обеспечения граждан, страдающих жизнеугрожающими и хроническими прогрессирующими редкими (орфанными) заболеваниями, приводящими к сокращению продолжительности жизни или их инвалидности, проживающих на территории Республики Бурятия;;'262032305651503260100100370012120244;;;8893780.28;RUB;0;;;;;;МИНИСТЕРСТВО ЗДРАВООХРАНЕНИЯ РЕСПУБЛИКИ БУРЯТИЯ;РЕСПУБЛИКАНСКОЕ АГЕНТСТВО ПО ГОСУДАРСТВЕННЫМ ЗАКУПКАМ;19.02.2026;02.03.2026;Закупка завершена;;;27.02.2026;
44-ФЗ;№0169300003326000058;Электронный аукцион;Приобретение в муниципальную собственность жилого помещения (благоустроенной квартиры) для переселения граждан из жилищного фонда, признанного непригодным для проживания, в рамках Государственной программы Челябинской области «Стимулирование развития жилищного строительства в Челябинской области», утвержденной Постановлением Правительства Челябинской области от 21.12.2020 г. № 698-П, путем участия в долевом строительстве многоквартирного жилого дома;;'263740405514274040100100540016810412;;;5054227.20;RUB;0;;;;;;"МУНИЦИПАЛЬНОЕ КАЗЕННОЕ УЧРЕЖДЕНИЕ ""КАПИТАЛЬНОЕ СТРОИТЕЛЬСТВО""";АДМИНИСТРАЦИЯ ЗЛАТОУСТОВСКОГО ГОРОДСКОГО ОКРУГА;19.02.2026;02.03.2026;Закупка завершена;;;27.02.2026;
44-ФЗ;№0108500000426000550;Открытый конкурс в электронной форме;"Оказание услуг по сопровождению и технической поддержке государственной информационной системы предоставления государственных и муниципальных услуг, а также осуществления межведомственного электронного взаимодействия в рамках предоставления государственных и муниципальных услуг Республики Марий Эл ""Система межведомственного электронного взаимодействия""";;'262121508098512150100100040016203244;;;5776164.00;RUB;0;;;;;;"ГОСУДАРСТВЕННОЕ БЮДЖЕТНОЕ УЧРЕЖДЕНИЕ РЕСПУБЛИКИ МАРИЙ ЭЛ ""ИНФОРМСРЕДА""";КОМИТЕТ ПО РЕГУЛИРОВАНИЮ КОНТРАКТНОЙ СИСТЕМЫ В СФЕРЕ ЗАКУПОК РЕСПУБЛИКИ МАРИЙ ЭЛ;11.02.2026;02.03.2026;Закупка завершена;;;27.02.2026;
44-ФЗ;№0101300002126000004;Электронный аукцион;Благоустройство сквера Юный патриот в с. Николаевка муниципального района Стерлитамакский район Республики Башкортостан;;'263024200678802420100100260014299244;;;7417649.32;RUB;0;;;;;;АДМИНИСТРАЦИЯ МУНИЦИПАЛЬНОГО РАЙОНА СТЕРЛИТАМАКСКИЙ РАЙОН РЕСПУБЛИКИ БАШКОРТОСТАН;АДМИНИСТРАЦИЯ МУНИЦИПАЛЬНОГО РАЙОНА СТЕРЛИТАМАКСКИЙ РАЙОН РЕСПУБЛИКИ БАШКОРТОСТАН;18.02.2026;02.03.2026;Закупка завершена;;;27.02.2026;
44-ФЗ;№0166300024726000204;Запрос котировок в электронной форме;Выполнение работ, связанных с осуществлением регулярных перевозок пассажиров и багажа автомобильным транспортом (автобус) по регулируемым тарифам в границах муниципального образования город Тула  по автобусным маршрутам № 12,28;;'263710608544871060100100080414931244;;;9818474.11;RUB;0;;;;;;"МУНИЦИПАЛЬНОЕ КАЗЕННОЕ УЧРЕЖДЕНИЕ ""ЦЕНТР ОРГАНИЗАЦИИ ДОРОЖНО - ТРАНСПОРТНОЙ ДЕЯТЕЛЬНОСТИ ГОРОДА ТУЛЫ""";АДМИНИСТРАЦИЯ МУНИЦИПАЛЬНОГО ОБРАЗОВАНИЯ ГОРОД ТУЛА;18.02.2026;02.03.2026;Закупка завершена;;;26.02.2026;
44-ФЗ;№0145300006326000004;Электронный аукцион;Поставка щебня и песка;;'263471603385447160100100020010000244;;;5111583.55;RUB;0;;;;;;"МУНИЦИПАЛЬНОЕ КАЗЕННОЕ УЧРЕЖДЕНИЕ ""УПРАВЛЕНИЕ ЗДАНИЯМИ, СООРУЖЕНИЯМИ И ОБЪЕКТАМИ ВНЕШНЕГО БЛАГОУСТРОЙСТВА"" ТОСНЕНСКОГО ГОРОДСКОГО ПОСЕЛЕНИЯ ТОСНЕНСКОГО РАЙОНА ЛЕНИНГРАДСКОЙ ОБЛАСТИ";АДМИНИСТРАЦИЯ ТОСНЕНСКОГО МУНИЦИПАЛЬНОГО РАЙОНА ЛЕНИНГРАДСКОЙ ОБЛАСТИ;18.02.2026;02.03.2026;Закупка завершена;;;26.02.2026;
44-ФЗ;№0119200000126002107;Запрос котировок в электронной форме;ЗК-№-2619/26 «Препараты противоопухолевые (ЗАНУБРУТИНИБ )»;;'262246621260724660100100171110000323;;;7889191.20;RUB;0;;;;;;МИНИСТЕРСТВО ЗДРАВООХРАНЕНИЯ КРАСНОЯРСКОГО КРАЯ;АГЕНТСТВО ГОСУДАРСТВЕННОГО ЗАКАЗА КРАСНОЯРСКОГО КРАЯ;18.02.2026;02.03.2026;Закупка завершена;;;26.02.2026;
44-ФЗ;№0853500000326000392;Открытый конкурс в электронной форме на проведение работ по строительству, реконструкции, кап. ремонту, сносу объекта кап. строительства в соответствии с п. 8 ч. 1 ст. 33 Закона № 44-ФЗ;Капитальный ремонт автомобильной дороги по ул.Свободы в п.Новосергиевка Новосергиевского района Оренбургской области;;'263563600875956360100100050014211243;;;7612980.00;RUB;0;;;;;;АДМИНИСТРАЦИЯ МУНИЦИПАЛЬНОГО ОБРАЗОВАНИЯ НОВОСЕРГИЕВСКИЙ ПОССОВЕТ НОВОСЕРГИЕВСКОГО РАЙОНА ОРЕНБУРГСКОЙ ОБЛАСТИ;"ГОСУДАРСТВЕННОЕ КАЗЕННОЕ УЧРЕЖДЕНИЕ ОРЕНБУРГСКОЙ ОБЛАСТИ ""ЦЕНТР ОРГАНИЗАЦИИ ЗАКУПОК""";09.02.2026;02.03.2026;Закупка завершена;;;26.02.2026;
44-ФЗ;№0166300024726000205;Запрос котировок в электронной форме;Выполнение работ, связанных с осуществлением регулярных перевозок пассажиров и багажа автомобильным транспортом (автобус) по регулируемым тарифам в границах муниципального образования город Тула  по автобусным маршрутам № 12,28;;'263710608544871060100100080624931244;;;7208301.52;RUB;0;;;;;;"МУНИЦИПАЛЬНОЕ КАЗЕННОЕ УЧРЕЖДЕНИЕ ""ЦЕНТР ОРГАНИЗАЦИИ ДОРОЖНО - ТРАНСПОРТНОЙ ДЕЯТЕЛЬНОСТИ ГОРОДА ТУЛЫ""";АДМИНИСТРАЦИЯ МУНИЦИПАЛЬНОГО ОБРАЗОВАНИЯ ГОРОД ТУЛА;18.02.2026;02.03.2026;Закупка завершена;;;26.02.2026;
44-ФЗ;№0160300015326000015;Электронный аукцион;Выполнение строительно-монтажных работ по строительству и ремонту пешеходных зон и тротуаров в р.п.Татищево Татищевского муниципального района Саратовской области;;'263643401039464340100100030014299244;;;5102736.01;RUB;0;;;;;;АДМИНИСТРАЦИЯ ТАТИЩЕВСКОГО МУНИЦИПАЛЬНОГО РАЙОНА САРАТОВСКОЙ ОБЛАСТИ;АДМИНИСТРАЦИЯ ТАТИЩЕВСКОГО МУНИЦИПАЛЬНОГО РАЙОНА САРАТОВСКОЙ ОБЛАСТИ;18.02.2026;02.03.2026;Закупка завершена;;;26.02.2026;
44-ФЗ;№0166300024726000206;Запрос котировок в электронной форме;Выполнение работ, связанных с осуществлением регулярных перевозок пассажиров и багажа автомобильным транспортом (автобус) по регулируемым тарифам в границах муниципального образования город Тула  по автобусным маршрутам № 1, 5, 13, 13А;;'263710608544871060100100080424931244;;;9465411.38;RUB;0;;;;;;"МУНИЦИПАЛЬНОЕ КАЗЕННОЕ УЧРЕЖДЕНИЕ ""ЦЕНТР ОРГАНИЗАЦИИ ДОРОЖНО - ТРАНСПОРТНОЙ ДЕЯТЕЛЬНОСТИ ГОРОДА ТУЛЫ""";АДМИНИСТРАЦИЯ МУНИЦИПАЛЬНОГО ОБРАЗОВАНИЯ ГОРОД ТУЛА;18.02.2026;02.03.2026;Закупка завершена;;;26.02.2026;
44-ФЗ;№0166300024726000207;Запрос котировок в электронной форме;Выполнение работ, связанных с осуществлением регулярных перевозок пассажиров и багажа автомобильным транспортом (автобус) по регулируемым тарифам в границах муниципального образования город Тула по автобусным маршрутам № 1, 5, 13, 13А;;'263710608544871060100100080634931244;;;8323761.57;RUB;0;;;;;;"МУНИЦИПАЛЬНОЕ КАЗЕННОЕ УЧРЕЖДЕНИЕ ""ЦЕНТР ОРГАНИЗАЦИИ ДОРОЖНО - ТРАНСПОРТНОЙ ДЕЯТЕЛЬНОСТИ ГОРОДА ТУЛЫ""";АДМИНИСТРАЦИЯ МУНИЦИПАЛЬНОГО ОБРАЗОВАНИЯ ГОРОД ТУЛА;18.02.2026;02.03.2026;Закупка завершена;;;26.02.2026;
44-ФЗ;№0162300000826000031;Электронный аукцион;Комплексное благоустройство лесопарковой территории поселка Рудника им. III Интернационала в городе Нижний Тагил;;'263662305565866230100100340014299244;;;75000000.00;RUB;0;;;;;;"МУНИЦИПАЛЬНОЕ КАЗЕННОЕ УЧРЕЖДЕНИЕ ""СЛУЖБА ЗАКАЗЧИКА ГОРОДСКОГО ХОЗЯЙСТВА""";АДМИНИСТРАЦИЯ ГОРОДА НИЖНИЙ ТАГИЛ;19.02.2026;02.03.2026;Закупка завершена;;;27.02.2026;
44-ФЗ;№0303200025126000143;Запрос котировок в электронной форме;Поставка лекарственных препаратов РЛО 2026 Селексипаг;;'262056204455005720100100010750000323;;;15409920.00;RUB;0;;;;;;МИНИСТЕРСТВО ЗДРАВООХРАНЕНИЯ РЕСПУБЛИКИ ДАГЕСТАН;МИНИСТЕРСТВО ЗДРАВООХРАНЕНИЯ РЕСПУБЛИКИ ДАГЕСТАН;22.02.2026;02.03.2026;Закупка завершена;;;27.02.2026;
44-ФЗ;№0857200000226000054;Электронный аукцион;Поставка спиральновитых гофрированных металлических труб и бандажных соединительных элементов;;'262602714346260270100100660012420244;;;8037099.40;RUB;0;;;;;;"ГОСУДАРСТВЕННОЕ БЮДЖЕТНОЕ УЧРЕЖДЕНИЕ ПСКОВСКОЙ ОБЛАСТИ ""УПРАВЛЕНИЕ АВТОМОБИЛЬНЫХ ДОРОГ ПСКОВСКОЙ ОБЛАСТИ""";"ГОСУДАРСТВЕННОЕ БЮДЖЕТНОЕ УЧРЕЖДЕНИЕ ПСКОВСКОЙ ОБЛАСТИ ""УПРАВЛЕНИЕ АВТОМОБИЛЬНЫХ ДОРОГ ПСКОВСКОЙ ОБЛАСТИ""";19.02.2026;02.03.2026;Закупка завершена;;;27.02.2026;
44-ФЗ;№0822300012526000001;Электронный аукцион;"Поставка и монтаж модульного (быстровозводимого) физкультурно-оздоровительного комплекса (Далее - ФОК), в том числе: поставка и монтаж оборудования для ФОК; подготовка земельного участка для размещения ФОК; подключение ФОК к сетям инженерно-технического обеспечения; изготовление и установка несущей конструкции ФОК; подготовка технической документации на объект.";;'263270700412327070100100050022511244;;;172000000.00;RUB;0;;;;;;"МУНИЦИПАЛЬНОЕ КАЗЕННОЕ УЧРЕЖДЕНИЕ БИКИНСКОГО МУНИЦИПАЛЬНОГО ОКРУГА ХАБАРОВСКОГО КРАЯ ""СТАДИОН ""ЛОКОМОТИВ""";"МУНИЦИПАЛЬНОЕ КАЗЕННОЕ УЧРЕЖДЕНИЕ БИКИНСКОГО МУНИЦИПАЛЬНОГО ОКРУГА ХАБАРОВСКОГО КРАЯ ""СТАДИОН ""ЛОКОМОТИВ""";16.02.2026;02.03.2026;Закупка завершена;;;27.02.2026;
223-ФЗ;№32615654718;Конкурс в электронной форме, участниками которого могут быть только субъекты малого и среднего предпринимательства;Расчистка трасс ВЛ 6–110 кВ от ДКР и вырубка деревьев в пределах охранных зон на 2026-2028 годы в Республике Марий Эл;;;1;Расчистка трасс ВЛ 6–110 кВ от ДКР и вырубка деревьев в пределах охранных зон на 2026-2028 годы в Республике Марий Эл ;111940495.55;RUB;111940495.55;;;;43.12.11.140: Работы по расчистке территории, удалению растительности;;"АКЦИОНЕРНОЕ ОБЩЕСТВО ""АВТОТРАНСПОРТНОЕ ХОЗЯЙСТВО""";"АКЦИОНЕРНОЕ ОБЩЕСТВО ""АВТОТРАНСПОРТНОЕ ХОЗЯЙСТВО""";30.01.2026;02.03.2026;Закупка завершена;;;16.02.2026 11:00;
44-ФЗ;№0846600001226000006;Электронный аукцион;Выполнение работ по объекту: Благоустройство зоны отдыха по ул. Ленина с. Доброе в районе МБОУ СОШ №2;;'263480500160748050100100130014399244;;;5934295.15;RUB;0;;;;;;АДМИНИСТРАЦИЯ ДОБРОВСКОГО МУНИЦИПАЛЬНОГО ОКРУГА ЛИПЕЦКОЙ ОБЛАСТИ РОССИЙСКОЙ ФЕДЕРАЦИИ;"МУНИЦИПАЛЬНОЕ КАЗЕННОЕ УЧРЕЖДЕНИЕ ""ЦЕНТР БУХГАЛТЕРСКОГО УЧЕТА И МУНИЦИПАЛЬНЫХ ЗАКУПОК"" ДОБРОВСКОГО МУНИЦИПАЛЬНОГО ОКРУГА ЛИПЕЦКОЙ ОБЛАСТИ";18.02.2026;02.03.2026;Закупка завершена;;;26.02.2026;
44-ФЗ;№0257100000126000030;Электронный аукцион;Выполнение работ по капитальному ремонту помещений клиентской службы (на правах отдела) в г. Пскове ОСФР по Псковской области;;'261602700542360270100100350014339243;;;6581801.98;RUB;0;;;;;;ОТДЕЛЕНИЕ ФОНДА ПЕНСИОННОГО И СОЦИАЛЬНОГО СТРАХОВАНИЯ РОССИЙСКОЙ ФЕДЕРАЦИИ ПО ПСКОВСКОЙ ОБЛАСТИ;ОТДЕЛЕНИЕ ФОНДА ПЕНСИОННОГО И СОЦИАЛЬНОГО СТРАХОВАНИЯ РОССИЙСКОЙ ФЕДЕРАЦИИ ПО ПСКОВСКОЙ ОБЛАСТИ;19.02.2026;02.03.2026;Закупка завершена;;;27.02.2026;
44-ФЗ;№0319300003426000065;Электронный аукцион;Поставка продуктов питания (молочная продукция, мясо мороженое, сахар, консервы рыбные, сельдь соленая, печень говяжья, крупа рисовая, соль пищевая) для образовательных учреждений сельского поселения Караул в 2026 году ;;263840400087584040100100050010000244, 263840400094984040100100060010000244, 263840400089084040100100060010000244, 263840400088284040100100110010000244;;;9505329.29;RUB;0;;;;;;;УПРАВЛЕНИЕ МУНИЦИПАЛЬНОГО ЗАКАЗА И ПОТРЕБИТЕЛЬСКОГО РЫНКА АДМИНИСТРАЦИИ ТАЙМЫРСКОГО ДОЛГАНО-НЕНЕЦКОГО МУНИЦИПАЛЬНОГО РАЙОНА;17.02.2026;02.03.2026;Закупка завершена;;;26.02.2026;
44-ФЗ;№0166300024726000208;Запрос котировок в электронной форме;Выполнение работ, связанных с осуществлением регулярных перевозок пассажиров и багажа автомобильным транспортом (автобус) по регулируемым тарифам в границах муниципального образования город Тула  по автобусным маршрутам № 25,26;;'263710608544871060100100080394931244;;;8908288.96;RUB;0;;;;;;"МУНИЦИПАЛЬНОЕ КАЗЕННОЕ УЧРЕЖДЕНИЕ ""ЦЕНТР ОРГАНИЗАЦИИ ДОРОЖНО - ТРАНСПОРТНОЙ ДЕЯТЕЛЬНОСТИ ГОРОДА ТУЛЫ""";АДМИНИСТРАЦИЯ МУНИЦИПАЛЬНОГО ОБРАЗОВАНИЯ ГОРОД ТУЛА;18.02.2026;02.03.2026;Закупка завершена;;;26.02.2026;
44-ФЗ;№0166300024726000209;Запрос котировок в электронной форме;Выполнение работ, связанных с осуществлением регулярных перевозок пассажиров и багажа автомобильным транспортом (автобус) по регулируемым тарифам в границах муниципального образования город Тула  по автобусным маршрутам № 25,26;;'263710608544871060100100080594931244;;;6077365.55;RUB;0;;;;;;"МУНИЦИПАЛЬНОЕ КАЗЕННОЕ УЧРЕЖДЕНИЕ ""ЦЕНТР ОРГАНИЗАЦИИ ДОРОЖНО - ТРАНСПОРТНОЙ ДЕЯТЕЛЬНОСТИ ГОРОДА ТУЛЫ""";АДМИНИСТРАЦИЯ МУНИЦИПАЛЬНОГО ОБРАЗОВАНИЯ ГОРОД ТУЛА;18.02.2026;02.03.2026;Закупка завершена;;;26.02.2026;
44-ФЗ;№0372200029126000009;Открытый конкурс в электронной форме;"Выполнение работ по текущему ремонту служебных и хозяйственных помещений СПБ ГБУ ""КЦПЖ"" по адресу: СПБ, ул. Нахимова, д.3, к.2";;'262781028089578100100100010100000244;;;24137682.88;RUB;0;;;;;;"САНКТ-ПЕТЕРБУРГСКОЕ ГОСУДАРСТВЕННОЕ БЮДЖЕТНОЕ УЧРЕЖДЕНИЕ ""КРИЗИСНЫЙ ЦЕНТР ПОМОЩИ ЖЕНЩИНАМ""";"САНКТ-ПЕТЕРБУРГСКОЕ ГОСУДАРСТВЕННОЕ БЮДЖЕТНОЕ УЧРЕЖДЕНИЕ ""КРИЗИСНЫЙ ЦЕНТР ПОМОЩИ ЖЕНЩИНАМ""";09.02.2026;02.03.2026;Закупка завершена;;;25.02.2026;
44-ФЗ;№0166300024726000210;Запрос котировок в электронной форме;Выполнение работ, связанных с осуществлением регулярных перевозок пассажиров и багажа автомобильным транспортом (автобус) по регулируемым тарифам в границах муниципального образования город Тула  по автобусным маршрутам № 11А,18;;'263710608544871060100100080404931244;;;7811539.23;RUB;0;;;;;;"МУНИЦИПАЛЬНОЕ КАЗЕННОЕ УЧРЕЖДЕНИЕ ""ЦЕНТР ОРГАНИЗАЦИИ ДОРОЖНО - ТРАНСПОРТНОЙ ДЕЯТЕЛЬНОСТИ ГОРОДА ТУЛЫ""";АДМИНИСТРАЦИЯ МУНИЦИПАЛЬНОГО ОБРАЗОВАНИЯ ГОРОД ТУЛА;18.02.2026;02.03.2026;Закупка завершена;;;26.02.2026;
44-ФЗ;№0166300024726000211;Запрос котировок в электронной форме;Выполнение работ, связанных с осуществлением регулярных перевозок пассажиров и багажа автомобильным транспортом (автобус) по регулируемым тарифам в границах муниципального образования город Тула  по автобусным маршрутам № 11А,18;;'263710608544871060100100080614931244;;;5758616.03;RUB;0;;;;;;"МУНИЦИПАЛЬНОЕ КАЗЕННОЕ УЧРЕЖДЕНИЕ ""ЦЕНТР ОРГАНИЗАЦИИ ДОРОЖНО - ТРАНСПОРТНОЙ ДЕЯТЕЛЬНОСТИ ГОРОДА ТУЛЫ""";АДМИНИСТРАЦИЯ МУНИЦИПАЛЬНОГО ОБРАЗОВАНИЯ ГОРОД ТУЛА;18.02.2026;02.03.2026;Закупка завершена;;;26.02.2026;
44-ФЗ;№0169300003326000064;Электронный аукцион;Приобретение в муниципальную собственность жилого помещения (благоустроенной квартиры) для переселения граждан из жилищного фонда, признанного непригодным для проживания, в рамках Государственной программы Челябинской области «Стимулирование развития жилищного строительства в Челябинской области», утвержденной Постановлением Правительства Челябинской области от 21.12.2020 г. № 698-П, путем участия в долевом строительстве многоквартирного жилого дома;;'263740405514274040100100530016810412;;;5054227.20;RUB;0;;;;;;"МУНИЦИПАЛЬНОЕ КАЗЕННОЕ УЧРЕЖДЕНИЕ ""КАПИТАЛЬНОЕ СТРОИТЕЛЬСТВО""";АДМИНИСТРАЦИЯ ЗЛАТОУСТОВСКОГО ГОРОДСКОГО ОКРУГА;19.02.2026;02.03.2026;Закупка завершена;;;27.02.2026;
44-ФЗ;№0131300040626000003;Электронный аукцион;Поставка передвижных мусорных контейнеров;;'263362200220036220100100060012223244;;;8121827.06;RUB;0;;;;;;АДМИНИСТРАЦИЯ ПЕТРОПАВЛОВСКОГО МУНИЦИПАЛЬНОГО РАЙОНА ВОРОНЕЖСКОЙ ОБЛАСТИ;ФИНАНСОВЫЙ ОТДЕЛ АДМИНИСТРАЦИИ ПЕТРОПАВЛОВСКОГО МУНИЦИПАЛЬНОГО РАЙОНА ВОРОНЕЖСКОЙ ОБЛАСТИ;19.02.2026;02.03.2026;Закупка завершена;;;27.02.2026;
223-ФЗ;№32615691151;Конкурс в электронной форме, участниками которого могут быть только субъекты малого и среднего предпринимательства;"Право заключения договора для нужд АО ""ДГК"" по лоту: ОКПД 42.21.21. 000 Выполнение строительно-монтажных работ по объекту: Техперевооружение тепломагистрали ТМ-25 г.Хабаровск (II этап) в рамках реализации инвестиционного проекта N_505-ХТС-10-1 (лот № 22126004-ТПИР ОБСЛ-2026-ДГК-ХТС)";;;1;ОКПД 42.21.21. 000 Выполнение строительно-монтажных работ по объекту: Техперевооружение тепломагистрали ТМ-25 г.Хабаровск (II этап) в рамках реализации инвестиционного проекта N_505-ХТС-10-1;52681688.00;RUB;52681688.00;;;;42.21.21.000: Работы строительные по прокладке магистральных трубопроводов;;"АКЦИОНЕРНОЕ ОБЩЕСТВО ""ДАЛЬНЕВОСТОЧНАЯ ГЕНЕРИРУЮЩАЯ КОМПАНИЯ""";"АКЦИОНЕРНОЕ ОБЩЕСТВО ""РУСГИДРО СНАБЖЕНИЕ""";10.02.2026;02.03.2026;Закупка завершена;;;26.02.2026 17:00;
44-ФЗ;№0830500000226000282;Открытый конкурс в электронной форме на проведение работ по строительству, реконструкции, кап. ремонту, сносу объекта кап. строительства в соответствии с п. 8 ч. 1 ст. 33 Закона № 44-ФЗ;Капитальный ремонт сетей водоснабжения г. Великий Устюг, Советский проспект/ ул. Ф. Энгельса от ул. Водников до пер. Ф. Энгельса;;'263352603869035260100100440014221243;;;6531339.00;RUB;0;;;;;;УПРАВЛЕНИЕ СТРОИТЕЛЬСТВА И ЖИЛИЩНО-КОММУНАЛЬНОГО ХОЗЯЙСТВА АДМИНИСТРАЦИИ ВЕЛИКОУСТЮГСКОГО МУНИЦИПАЛЬНОГО ОКРУГА ВОЛОГОДСКОЙ ОБЛАСТИ;"ГОСУДАРСТВЕННОЕ КАЗЕННОЕ УЧРЕЖДЕНИЕ ВОЛОГОДСКОЙ ОБЛАСТИ ""ЦЕНТР ЗАКУПОК""";10.02.2026;02.03.2026;Закупка завершена;;;26.02.2026;
44-ФЗ;№0120200004726000001;Открытый конкурс в электронной форме;Реконструкция объекта: «Водовод от насосной станции II подъема № 2 до БГУ «Сырой» (участок УГ 31 – УГ 32), в том числе проектирование»;;'262250302241325030100100030014120000;;;244119540.00;RUB;0;;;;;;"КРАЕВОЕ ГОСУДАРСТВЕННОЕ УНИТАРНОЕ ПРЕДПРИЯТИЕ ""ПРИМОРСКИЙ ВОДОКАНАЛ""";МИНИСТЕРСТВО ПО РЕГУЛИРОВАНИЮ КОНТРАКТНОЙ СИСТЕМЫ В СФЕРЕ ЗАКУПОК ПРИМОРСКОГО КРАЯ;10.02.2026;02.03.2026;Закупка завершена;;;26.02.2026;
44-ФЗ;№0373200045226000292;Электронный аукцион;Электронный аукцион на закупку расходного материала однократного применения, для обеспечения бесперебойной работы ГБУЗ ММНКЦ им. С.П. Боткина ДЗМ.;;'262771408263677140100102080010000244;;;9540000.00;RUB;0;;;;;;"ГОСУДАРСТВЕННОЕ БЮДЖЕТНОЕ УЧРЕЖДЕНИЕ ЗДРАВООХРАНЕНИЯ ГОРОДА МОСКВЫ ""МОСКОВСКИЙ МНОГОПРОФИЛЬНЫЙ НАУЧНО-КЛИНИЧЕСКИЙ ЦЕНТР ИМЕНИ С.П. БОТКИНА"" ДЕПАРТАМЕНТА ЗДРАВООХРАНЕНИЯ ГОРОДА МОСКВЫ";"ГОСУДАРСТВЕННОЕ БЮДЖЕТНОЕ УЧРЕЖДЕНИЕ ЗДРАВООХРАНЕНИЯ ГОРОДА МОСКВЫ ""МОСКОВСКИЙ МНОГОПРОФИЛЬНЫЙ НАУЧНО-КЛИНИЧЕСКИЙ ЦЕНТР ИМЕНИ С.П. БОТКИНА"" ДЕПАРТАМЕНТА ЗДРАВООХРАНЕНИЯ ГОРОДА МОСКВЫ";19.02.2026;02.03.2026;Закупка завершена;;;27.02.2026;
44-ФЗ;№0830500000226000289;Открытый конкурс в электронной форме;Обустройство сквера за памятником землепроходцам и первооткрывателям, г. Великий Устюг, Советский проспект;;'263352603869035260100100340014299244;;;11451623.53;RUB;0;;;;;;УПРАВЛЕНИЕ СТРОИТЕЛЬСТВА И ЖИЛИЩНО-КОММУНАЛЬНОГО ХОЗЯЙСТВА АДМИНИСТРАЦИИ ВЕЛИКОУСТЮГСКОГО МУНИЦИПАЛЬНОГО ОКРУГА ВОЛОГОДСКОЙ ОБЛАСТИ;"ГОСУДАРСТВЕННОЕ КАЗЕННОЕ УЧРЕЖДЕНИЕ ВОЛОГОДСКОЙ ОБЛАСТИ ""ЦЕНТР ЗАКУПОК""";10.02.2026;02.03.2026;Закупка завершена;;;26.02.2026;
44-ФЗ;№0387200009126000281;Электронный аукцион;Поставка катетеров ротационных для атерэктомии/тромбэктомии;;'262861700564586020100100380023250244;;;17866500.00;RUB;0;;;;;;"БЮДЖЕТНОЕ УЧРЕЖДЕНИЕ ХАНТЫ-МАНСИЙСКОГО АВТОНОМНОГО ОКРУГА - ЮГРЫ ""СУРГУТСКАЯ ОКРУЖНАЯ КЛИНИЧЕСКАЯ БОЛЬНИЦА""";"КАЗЕННОЕ УЧРЕЖДЕНИЕ ХАНТЫ-МАНСИЙСКОГО АВТОНОМНОГО ОКРУГА - ЮГРЫ ""ЦЕНТР ЛЕКАРСТВЕННОГО МОНИТОРИНГА""";13.02.2026;02.03.2026;Закупка завершена;;;27.02.2026;
44-ФЗ;№0373200000826000002;Электронный аукцион;Поставка рулонов марлевых тканых;;'262772708230577270100100160010000244;;;11161239.16;RUB;0;;;;;;"ГОСУДАРСТВЕННОЕ КАЗЕННОЕ УЧРЕЖДЕНИЕ ЗДРАВООХРАНЕНИЯ ОСОБОГО ТИПА ГОРОДА МОСКВЫ ""МЕДИЦИНСКИЙ ЦЕНТР МОБИЛИЗАЦИОННЫХ РЕЗЕРВОВ ""РЕЗЕРВ"" ДЕПАРТАМЕНТА ЗДРАВООХРАНЕНИЯ ГОРОДА МОСКВЫ""";"ГОСУДАРСТВЕННОЕ КАЗЕННОЕ УЧРЕЖДЕНИЕ ЗДРАВООХРАНЕНИЯ ОСОБОГО ТИПА ГОРОДА МОСКВЫ ""МЕДИЦИНСКИЙ ЦЕНТР МОБИЛИЗАЦИОННЫХ РЕЗЕРВОВ ""РЕЗЕРВ"" ДЕПАРТАМЕНТА ЗДРАВООХРАНЕНИЯ ГОРОДА МОСКВЫ""";19.02.2026;02.03.2026;Закупка завершена;;;27.02.2026;
44-ФЗ;№0869200000226000937;Электронный аукцион;Оказание услуг по бронированию, оформлению, продаже и передаче авиабилетов для обеспечения проезда представителей региона, обучающихся Челябинской области и их сопровождающих;;'262745202403174520100100180017911244;;;19000000.00;RUB;0;;;;;;"ГОСУДАРСТВЕННОЕ БЮДЖЕТНОЕ УЧРЕЖДЕНИЕ ДОПОЛНИТЕЛЬНОГО ОБРАЗОВАНИЯ ""ОБЛАСТНОЙ ЦЕНТР ДОПОЛНИТЕЛЬНОГО ОБРАЗОВАНИЯ ДЕТЕЙ""";"ГОСУДАРСТВЕННОЕ КАЗЕННОЕ УЧРЕЖДЕНИЕ ""ЦЕНТР ОРГАНИЗАЦИИ ЗАКУПОК ЧЕЛЯБИНСКОЙ ОБЛАСТИ""";17.02.2026;02.03.2026;Закупка завершена;;;26.02.2026;
44-ФЗ;№0158300030026000010;Электронный аукцион;Содержание автомобильных дорог общего пользования местного значения ;;'263611700126161170100100150014211244;;;22000000.00;RUB;0;;;;;;АДМИНИСТРАЦИЯ КУЙБЫШЕВСКОГО РАЙОНА;АДМИНИСТРАЦИЯ КУЙБЫШЕВСКОГО РАЙОНА;19.02.2026;02.03.2026;Закупка завершена;;;27.02.2026;
223-ФЗ;№32615756407;Иной способ;оказание услуг по проведению лабораторных исследований  и отбору проб в рамках Программы производственного контроля качества питьевой воды и Программы производственного контроля качества воды централизованных систем хозяйственно-питьевого водоснабжения (поверхностный источник) АО «Юганскводоканал» на  2026 г.;;;1;оказание услуг по проведению лабораторных исследований  и отбору проб в рамках Программы производственного контроля качества питьевой воды и Программы производственного контроля качества воды централизованных систем хозяйственно-питьевого водоснабжения (поверхностный источник) АО «Юганскводоканал» на  2026 г.;14216812.80;RUB;14216812.80;;;;71.20.19: Услуги по техническим испытаниям и анализу прочие;;"АКЦИОНЕРНОЕ ОБЩЕСТВО ""ЮГАНСКВОДОКАНАЛ""";"АКЦИОНЕРНОЕ ОБЩЕСТВО ""ЮГАНСКВОДОКАНАЛ""";02.03.2026;02.03.2026;Закупка завершена;;;11.02.2026 17:00;
44-ФЗ;№0139200000126001136;Электронный аукцион;Поставка лекарственного препарата для медицинского применения: МНН Акситиниб;;'262420538587042050100100020012120244;;;15313074.00;RUB;0;;;;;;"ГОСУДАРСТВЕННОЕ БЮДЖЕТНОЕ УЧРЕЖДЕНИЕ ЗДРАВООХРАНЕНИЯ ""КУЗБАССКИЙ КЛИНИЧЕСКИЙ ОНКОЛОГИЧЕСКИЙ ДИСПАНСЕР ИМЕНИ М.С. РАППОПОРТА""";ДЕПАРТАМЕНТ КОНТРАКТНОЙ СИСТЕМЫ КУЗБАССА;16.02.2026;02.03.2026;Закупка завершена;;;27.02.2026;
44-ФЗ;№0310300026226000016;Открытый конкурс в электронной форме;"Работы по сохранению выявленного объекта культурного наследия ""Комендантский сад крепости Владикавказ, с 1896 г. - Городской сад и ""Трек"", - с 1939 г. - -Орджоникидзевский парк культуры и отдыха им. К.Л. Хетагурова. Старейший парк на юге России. Здесь с октября 1941 г. по май 1942 г. формировались и обучались подразделения 2-го воздушно-десантного корпуса под командованием Героя Советского Союза Михаила Федоровича Тихонова. 1825 г."": ремонт фонтана «Цапля».";;'263150103218915130100100060014291244;;;13110890.00;RUB;0;;;;;;"МУНИЦИПАЛЬНОЕ БЮДЖЕТНОЕ УЧРЕЖДЕНИЕ КУЛЬТУРЫ ВЛАДИКАВКАЗСКИЙ  МУНИЦИПАЛЬНЫЙ ЦЕНТР ДОСУГА И КУЛЬТУРЫ ""РАДУГА""";АДМИНИСТРАЦИЯ МЕСТНОГО САМОУПРАВЛЕНИЯ Г.ВЛАДИКАВКАЗ;09.02.2026;02.03.2026;Закупка завершена;;;27.02.2026;
44-ФЗ;№0551600002726000001;Электронный аукцион на проведение работ по строительству, реконструкции, кап. ремонту, сносу объекта кап. строительства в соответствии с п. 8 ч. 1 ст. 33 Закона № 44-ФЗ;Выполнение работ по реконструкции объекта: «Водопровод от ВК у дома 16 по ул. Черкасская до дома 6, пер. 3-й Черкасский», инв.№ 7709, № 7710;;'263541110087554070100100020014221000;;;9842460.87;RUB;0;;;;;;"МУНИЦИПАЛЬНОЕ УНИТАРНОЕ ПРЕДПРИЯТИЕ Г. НОВОСИБИРСКА  "" ГОРВОДОКАНАЛ """;"МУНИЦИПАЛЬНОЕ УНИТАРНОЕ ПРЕДПРИЯТИЕ Г. НОВОСИБИРСКА  "" ГОРВОДОКАНАЛ """;18.02.2026;02.03.2026;Закупка завершена;;;26.02.2026;
44-ФЗ;№0139200000126001104;Запрос котировок в электронной форме;Поставка лекарственных препаратов (приобретение товаров в пользу граждан в целях их социального обеспечения);;'262420534966442050100100841802120323;;;8052600.00;RUB;0;;;;;;"ГОСУДАРСТВЕННОЕ КАЗЕННОЕ УЧРЕЖДЕНИЕ ЗДРАВООХРАНЕНИЯ ""АГЕНТСТВО ПО ЗАКУПКАМ В СФЕРЕ ЗДРАВООХРАНЕНИЯ""";ДЕПАРТАМЕНТ КОНТРАКТНОЙ СИСТЕМЫ КУЗБАССА;16.02.2026;02.03.2026;Закупка завершена;;;27.02.2026;
44-ФЗ;№0848300044126000008;Открытый конкурс в электронной форме;Выполнение работ по текущему ремонту автомобильных дорог общего пользования местного значения городского округа Реутов;;'263504100148250410100101010014211244;;;32259180.70;RUB;0;;;;;;АДМИНИСТРАЦИЯ ГОРОДСКОГО ОКРУГА РЕУТОВ;"МУНИЦИПАЛЬНОЕ КАЗЕННОЕ УЧРЕЖДЕНИЕ ""КОМИТЕТ ПО ОРГАНИЗАЦИИ ЗАКУПОК ГОРОДСКОГО ОКРУГА РЕУТОВ""";04.02.2026;02.03.2026;Закупка завершена;;;25.02.2026;
44-ФЗ;№0387200030526000033;Запрос котировок в электронной форме;Поставка незарегистрированного лекарственного препарата для медицинского применения Буросумаб;;'262860401318086040100106350020000244;;;22231544.16;RUB;0;;;;;;"БЮДЖЕТНОЕ УЧРЕЖДЕНИЕ ХАНТЫ-МАНСИЙСКОГО АВТОНОМНОГО ОКРУГА - ЮГРЫ ""НЕФТЕЮГАНСКАЯ ОКРУЖНАЯ КЛИНИЧЕСКАЯ БОЛЬНИЦА ИМЕНИ В.И.ЯЦКИВ""";"БЮДЖЕТНОЕ УЧРЕЖДЕНИЕ ХАНТЫ-МАНСИЙСКОГО АВТОНОМНОГО ОКРУГА - ЮГРЫ ""НЕФТЕЮГАНСКАЯ ОКРУЖНАЯ КЛИНИЧЕСКАЯ БОЛЬНИЦА ИМЕНИ В.И.ЯЦКИВ""";18.02.2026;02.03.2026;Закупка завершена;;;26.02.2026;
44-ФЗ;№0356500001426000550;Открытый конкурс в электронной форме;Оказание услуг по сопровождению и эксплуатации  государственной региональной информационной системы обеспечения градостроительной деятельности с функциями автоматизированной информационно-аналитической поддержки осуществления полномочий в области градостроительной деятельности Пермского края ;;'262590204701359020100100450010000244;;;36500000.00;RUB;0;;;;;;"ГОСУДАРСТВЕННОЕ БЮДЖЕТНОЕ УЧРЕЖДЕНИЕ ПЕРМСКОГО КРАЯ ""ЦЕНТР ИНФОРМАЦИОННОГО РАЗВИТИЯ ПЕРМСКОГО КРАЯ""";"ГОСУДАРСТВЕННОЕ КАЗЕННОЕ УЧРЕЖДЕНИЕ ПЕРМСКОГО КРАЯ ""ЦЕНТР ОРГАНИЗАЦИИ ЗАКУПОК""";10.02.2026;02.03.2026;Закупка завершена;;;26.02.2026;
223-ФЗ;№32615668781;Конкурс в электронной форме, участниками которого могут быть только субъекты малого и среднего предпринимательства;Лот № 0504-КОРП ДКУ-2026-СЭ. Право заключения договора на услуги в области кадастровой деятельности по выполнению проектно-изыскательских работ с оформлением земельно-кадастровых работ для эксплуатации объектов электросетевого хозяйства по Сахалинской области(рамочный договор).;;;1;ОКПД2 71.12.35.110. Услуги в области кадастровой деятельности по выполнению проектно-изыскательских работ с оформлением земельно-кадастровых работ для эксплуатации объектов электросетевого хозяйства по Сахалинской области (рамочный договор) ;9982365.05;RUB;9982365.05;;;;71.12.35.110: Услуги в области кадастровой деятельности;;"ПУБЛИЧНОЕ АКЦИОНЕРНОЕ ОБЩЕСТВО ЭНЕРГЕТИКИ И ЭЛЕКТРИФИКАЦИИ ""САХАЛИНЭНЕРГО""";"ПУБЛИЧНОЕ АКЦИОНЕРНОЕ ОБЩЕСТВО ЭНЕРГЕТИКИ И ЭЛЕКТРИФИКАЦИИ ""САХАЛИНЭНЕРГО""";04.02.2026;02.03.2026;Закупка завершена;;;11.02.2026 17:00;
44-ФЗ;№0101300002126000003;Электронный аукцион;Благоустройство сквера Детский островок  в с. Николаевка муниципального района Стерлитамакский район Республики Башкортостан;;'263024200678802420100100250014299244;;;5976569.44;RUB;0;;;;;;АДМИНИСТРАЦИЯ МУНИЦИПАЛЬНОГО РАЙОНА СТЕРЛИТАМАКСКИЙ РАЙОН РЕСПУБЛИКИ БАШКОРТОСТАН;АДМИНИСТРАЦИЯ МУНИЦИПАЛЬНОГО РАЙОНА СТЕРЛИТАМАКСКИЙ РАЙОН РЕСПУБЛИКИ БАШКОРТОСТАН;18.02.2026;02.03.2026;Закупка завершена;;;27.02.2026;
44-ФЗ;№0356500001426000832;Электронный аукцион;Оказание услуг по сопровождению и эксплуатации Региональной навигационно-информационной системы Пермского края на базе технологий ГЛОНАСС и ГЛОНАСС/GPS ;;'262590204701359020100100150010000244;;;16596000.00;RUB;0;;;;;;"ГОСУДАРСТВЕННОЕ БЮДЖЕТНОЕ УЧРЕЖДЕНИЕ ПЕРМСКОГО КРАЯ ""ЦЕНТР ИНФОРМАЦИОННОГО РАЗВИТИЯ ПЕРМСКОГО КРАЯ""";"ГОСУДАРСТВЕННОЕ КАЗЕННОЕ УЧРЕЖДЕНИЕ ПЕРМСКОГО КРАЯ ""ЦЕНТР ОРГАНИЗАЦИИ ЗАКУПОК""";18.02.2026;02.03.2026;Закупка завершена;;;26.02.2026;
223-ФЗ;№32615668549;Конкурс в электронной форме, участниками которого могут быть только субъекты малого и среднего предпринимательства;Лот № 0503-КОРП ДКУ-2026-СЭ. Право заключения договора на услуги в области кадастровой деятельности на выполнение кадастровых работ для оформления подъездных путей и эксплуатации линейных и площадных объектов электросетевого хозяйства по Сахалинской области (рамочный договор);;;1;ОКПД2 71.12.35.110. Услуги в области кадастровой деятельности на выполнение кадастровых работ для оформления подъездных путей и эксплуатации линейных и площадных объектов электросетевого хозяйства по Сахалинской области (рамочный договор) ;13416000.00;RUB;13416000.00;;;;71.12.35.110: Услуги в области кадастровой деятельности;;"ПУБЛИЧНОЕ АКЦИОНЕРНОЕ ОБЩЕСТВО ЭНЕРГЕТИКИ И ЭЛЕКТРИФИКАЦИИ ""САХАЛИНЭНЕРГО""";"ПУБЛИЧНОЕ АКЦИОНЕРНОЕ ОБЩЕСТВО ЭНЕРГЕТИКИ И ЭЛЕКТРИФИКАЦИИ ""САХАЛИНЭНЕРГО""";04.02.2026;02.03.2026;Закупка завершена;;;11.02.2026 17:00;
44-ФЗ;№0121600003926000026;Электронный аукцион;Закупка и доставка песчано-гравийной смеси для ремонта автомобильных дорог в поселениях Изобильненского муниципального округа Ставропольского края  ;;'263260702247126070100100250010812244;;;6720000.00;RUB;0;;;;;;АДМИНИСТРАЦИЯ ИЗОБИЛЬНЕНСКОГО МУНИЦИПАЛЬНОГО ОКРУГА СТАВРОПОЛЬСКОГО КРАЯ;АДМИНИСТРАЦИЯ ИЗОБИЛЬНЕНСКОГО МУНИЦИПАЛЬНОГО ОКРУГА СТАВРОПОЛЬСКОГО КРАЯ;19.02.2026;02.03.2026;Закупка завершена;;;27.02.2026;
44-ФЗ;№0388600000326000001;Запрос котировок в электронной форме;Поставка горюче-смазочных материалов ;;'263870500268287050100100040011920244;;;7702714.00;RUB;0;;;;;;"МУНИЦИПАЛЬНОЕ БЮДЖЕТНОЕ УЧРЕЖДЕНИЕ ""ДОРОЖНО-ТРАНСПОРТНОЕ ХОЗЯЙСТВО"" ПРОВИДЕНСКОГО МУНИЦИПАЛЬНОГО ОКРУГА";"МУНИЦИПАЛЬНОЕ БЮДЖЕТНОЕ УЧРЕЖДЕНИЕ ""ДОРОЖНО-ТРАНСПОРТНОЕ ХОЗЯЙСТВО"" ПРОВИДЕНСКОГО МУНИЦИПАЛЬНОГО ОКРУГА";19.02.2026;02.03.2026;Закупка завершена;;;27.02.2026;
44-ФЗ;№0387200009126000289;Электронный аукцион;Поставка изделий медицинского назначения для урологического отделения;;'262861700564586020100100380103250244;;;6956643.70;RUB;0;;;;;;"БЮДЖЕТНОЕ УЧРЕЖДЕНИЕ ХАНТЫ-МАНСИЙСКОГО АВТОНОМНОГО ОКРУГА - ЮГРЫ ""СУРГУТСКАЯ ОКРУЖНАЯ КЛИНИЧЕСКАЯ БОЛЬНИЦА""";"КАЗЕННОЕ УЧРЕЖДЕНИЕ ХАНТЫ-МАНСИЙСКОГО АВТОНОМНОГО ОКРУГА - ЮГРЫ ""ЦЕНТР ЛЕКАРСТВЕННОГО МОНИТОРИНГА""";13.02.2026;02.03.2026;Закупка завершена;;;27.02.2026;
44-ФЗ;№1005200000226000003;Электронный аукцион;Поставка тракторов;;'262081602812008160100100030012830244;;;8190425.92;RUB;0;;;;;;"АВТОНОМНОЕ УЧРЕЖДЕНИЕ РЕСПУБЛИКИ КАЛМЫКИЯ ""КАЛМЛЕС""";"АВТОНОМНОЕ УЧРЕЖДЕНИЕ РЕСПУБЛИКИ КАЛМЫКИЯ ""КАЛМЛЕС""";18.02.2026;02.03.2026;Закупка завершена;;;26.02.2026;
44-ФЗ;№0166300024726000212;Запрос котировок в электронной форме;Выполнение работ, связанных с осуществлением регулярных перевозок пассажиров и багажа автомобильным транспортом (автобус) по регулируемым тарифам в границах муниципального образования город Тула  по автобусным маршрутам № 11, 21, 24;;'263710608544871060100100080434931244;;;9774356.52;RUB;0;;;;;;"МУНИЦИПАЛЬНОЕ КАЗЕННОЕ УЧРЕЖДЕНИЕ ""ЦЕНТР ОРГАНИЗАЦИИ ДОРОЖНО - ТРАНСПОРТНОЙ ДЕЯТЕЛЬНОСТИ ГОРОДА ТУЛЫ""";АДМИНИСТРАЦИЯ МУНИЦИПАЛЬНОГО ОБРАЗОВАНИЯ ГОРОД ТУЛА;18.02.2026;02.03.2026;Закупка завершена;;;26.02.2026;
44-ФЗ;№0846600002126000092;Электронный аукцион;Оказание услуг, связанных с осуществлением регулярных перевозок пассажиров и багажа автомобильным транспортом  по регулируемым тарифам по муниципальным маршрутам № 330 «30 микрорайон – НЛМК», № 5к «НЛМК - Стан 2000», № 35 «Ж/д вокзал – с. Косыревка», № 28 «п. Сырский Рудник - НЛМК», № 33 «Чаплыгинское шоссе – 3 участок ЛТЗ»;;'263482612966148260100100010204931244;;;30340053.25;RUB;0;;;;;;ДЕПАРТАМЕНТ ТРАНСПОРТА АДМИНИСТРАЦИИ ГОРОДА ЛИПЕЦКА;"МУНИЦИПАЛЬНОЕ КАЗЕННОЕ УЧРЕЖДЕНИЕ ""УПРАВЛЕНИЕ МУНИЦИПАЛЬНОГО ЗАКАЗА ГОРОДА ЛИПЕЦКА""";18.02.2026;02.03.2026;Закупка завершена;;;26.02.2026;
44-ФЗ;№0846600002126000091;Электронный аукцион;Оказание услуг, связанных с осуществлением регулярных перевозок пассажиров и багажа автомобильным транспортом  по регулируемым тарифам по муниципальным маршрутам № 8 «Микрорайон «Университетский» - Новое заводоуправление», № 27 «НЛМК – 30 микрорайон», № 50 «пл. Металлургов – ул. Кривенкова», № 30 «НЛМК – микрорайон «Елецкий», № 343 «Кольцо 9 микрорайона - п. Дачный»;;'263482612966148260100100010214931244;;;27277407.73;RUB;0;;;;;;ДЕПАРТАМЕНТ ТРАНСПОРТА АДМИНИСТРАЦИИ ГОРОДА ЛИПЕЦКА;"МУНИЦИПАЛЬНОЕ КАЗЕННОЕ УЧРЕЖДЕНИЕ ""УПРАВЛЕНИЕ МУНИЦИПАЛЬНОГО ЗАКАЗА ГОРОДА ЛИПЕЦКА""";18.02.2026;02.03.2026;Закупка завершена;;;26.02.2026;
44-ФЗ;№0166300024726000213;Запрос котировок в электронной форме;Выполнение работ, связанных с осуществлением регулярных перевозок пассажиров и багажа автомобильным транспортом (автобус) по регулируемым тарифам в границах муниципального образования город Тула  по автобусным маршрутам № 11, 21, 24;;'263710608544871060100100080684931244;;;6337115.07;RUB;0;;;;;;"МУНИЦИПАЛЬНОЕ КАЗЕННОЕ УЧРЕЖДЕНИЕ ""ЦЕНТР ОРГАНИЗАЦИИ ДОРОЖНО - ТРАНСПОРТНОЙ ДЕЯТЕЛЬНОСТИ ГОРОДА ТУЛЫ""";АДМИНИСТРАЦИЯ МУНИЦИПАЛЬНОГО ОБРАЗОВАНИЯ ГОРОД ТУЛА;18.02.2026;02.03.2026;Закупка завершена;;;26.02.2026;
44-ФЗ;№0166300024726000215;Запрос котировок в электронной форме;Выполнение работ, связанных с осуществлением регулярных перевозок пассажиров и багажа автомобильным транспортом (автобус) по регулируемым тарифам в границах муниципального образования город Тула  по автобусным маршрутам № 2, 7, 8, 39А;;'263710608544871060100100080444931244;;;6342467.54;RUB;0;;;;;;"МУНИЦИПАЛЬНОЕ КАЗЕННОЕ УЧРЕЖДЕНИЕ ""ЦЕНТР ОРГАНИЗАЦИИ ДОРОЖНО - ТРАНСПОРТНОЙ ДЕЯТЕЛЬНОСТИ ГОРОДА ТУЛЫ""";АДМИНИСТРАЦИЯ МУНИЦИПАЛЬНОГО ОБРАЗОВАНИЯ ГОРОД ТУЛА;18.02.2026;02.03.2026;Закупка завершена;;;26.02.2026;
44-ФЗ;№0816500000626001693;Электронный аукцион;Поставка энтерального питания;;'262143511125114350100101170011086244;;;12786000.00;RUB;0;;;;;;"ГОСУДАРСТВЕННОЕ БЮДЖЕТНОЕ УЧРЕЖДЕНИЕ РЕСПУБЛИКИ САХА (ЯКУТИЯ) ""РЕСПУБЛИКАНСКАЯ БОЛЬНИЦА № 2 - ЦЕНТР ЭКСТРЕННОЙ МЕДИЦИНСКОЙ ПОМОЩИ""";"ГОСУДАРСТВЕННОЕ КАЗЕННОЕ УЧРЕЖДЕНИЕ РЕСПУБЛИКИ САХА (ЯКУТИЯ) ""ЦЕНТР ЗАКУПОК РЕСПУБЛИКИ САХА (ЯКУТИЯ)""";13.02.2026;02.03.2026;Закупка завершена;;;26.02.2026;
44-ФЗ;№0373200009526000011;Открытый конкурс в электронной форме;Открытый конкурс в электронной форме на право заключения контракта на оказание услуг по организации питания для ГБУЗ «НПЦ им. Соловьева ДЗМ» с 24.03.2026 г.  по 30.04.2026 г.;;'262772505632477250100100180010000244;;;9819796.15;RUB;0;;;;;;"ГОСУДАРСТВЕННОЕ БЮДЖЕТНОЕ УЧРЕЖДЕНИЕ ЗДРАВООХРАНЕНИЯ ГОРОДА МОСКВЫ ""НАУЧНО-ПРАКТИЧЕСКИЙ ПСИХОНЕВРОЛОГИЧЕСКИЙ ЦЕНТР ИМЕНИ З.П. СОЛОВЬЕВА ДЕПАРТАМЕНТА ЗДРАВООХРАНЕНИЯ ГОРОДА МОСКВЫ""";"ГОСУДАРСТВЕННОЕ БЮДЖЕТНОЕ УЧРЕЖДЕНИЕ ЗДРАВООХРАНЕНИЯ ГОРОДА МОСКВЫ ""НАУЧНО-ПРАКТИЧЕСКИЙ ПСИХОНЕВРОЛОГИЧЕСКИЙ ЦЕНТР ИМЕНИ З.П. СОЛОВЬЕВА ДЕПАРТАМЕНТА ЗДРАВООХРАНЕНИЯ ГОРОДА МОСКВЫ""";10.02.2026;02.03.2026;Закупка завершена;;;26.02.2026;
44-ФЗ;№0875600003326000001;Электронный аукцион;Оказание услуг по установке технических средств речевого оповещения муниципальной системы оповещения населения Советского района Республики Крым с поставкой оборудования;;'263910812510791080100100010013320244;;;6981459.56;RUB;0;;;;;;"МУНИЦИПАЛЬНОЕ КАЗЕННОЕ УЧРЕЖДЕНИЕ ""ЕДИНАЯ ДЕЖУРНО-ДИСПЕТЧЕРСКАЯ СЛУЖБА МУНИЦИПАЛЬНОГО ОБРАЗОВАНИЯ СОВЕТСКИЙ РАЙОН РЕСПУБЛИКИ КРЫМ""";"МУНИЦИПАЛЬНОЕ КАЗЕННОЕ УЧРЕЖДЕНИЕ ""ЕДИНАЯ ДЕЖУРНО-ДИСПЕТЧЕРСКАЯ СЛУЖБА МУНИЦИПАЛЬНОГО ОБРАЗОВАНИЯ СОВЕТСКИЙ РАЙОН РЕСПУБЛИКИ КРЫМ""";19.02.2026;02.03.2026;Закупка завершена;;;27.02.2026;
44-ФЗ;№0869200000226001034;Электронный аукцион;ВИЧ1/Вирус гепатита C/Вирус гепатита B экстракция/изоляция нуклеиновых кислот набор реагентов/контрольных материалов ИВД;;'262745327000874530100100080032120244;;;8329937.04;RUB;0;;;;;;"ГОСУДАРСТВЕННОЕ БЮДЖЕТНОЕ УЧРЕЖДЕНИЕ ЗДРАВООХРАНЕНИЯ ""ЧЕЛЯБИНСКАЯ ОБЛАСТНАЯ СТАНЦИЯ ПЕРЕЛИВАНИЯ КРОВИ""";"ГОСУДАРСТВЕННОЕ КАЗЕННОЕ УЧРЕЖДЕНИЕ ""ЦЕНТР ОРГАНИЗАЦИИ ЗАКУПОК ЧЕЛЯБИНСКОЙ ОБЛАСТИ""";19.02.2026;02.03.2026;Закупка завершена;;;27.02.2026;
44-ФЗ;№0848300048726000055;Запрос котировок в электронной форме;Оказание услуг по отрисовке электронной карты границ дворовых территорий, общественных пространств и внутриквартальных проездов. Актуализация системы СКПДИ и титульных списков Павлово-Посадского городского округа Московской области;;'263503406646450340100100590017112244;;;10000000.00;RUB;0;;;;;;АДМИНИСТРАЦИЯ ПАВЛОВО-ПОСАДСКОГО ГОРОДСКОГО ОКРУГА МОСКОВСКОЙ ОБЛАСТИ;"МУНИЦИПАЛЬНОЕ КАЗЕННОЕ УЧРЕЖДЕНИЕ ПАВЛОВО-ПОСАДСКОГО ГОРОДСКОГО ОКРУГА МОСКОВСКОЙ ОБЛАСТИ ""ЦЕНТР МУНИЦИПАЛЬНЫХ ЗАКУПОК""";19.02.2026;02.03.2026;Закупка завершена;;;27.02.2026;
44-ФЗ;№0373200082125000946;Электронный аукцион;Поставка термосов;;'252770203815077020100118700010000000;;;9828000.00;RUB;0;;;;;;"ГОСУДАРСТВЕННОЕ УНИТАРНОЕ ПРЕДПРИЯТИЕ ГОРОДА МОСКВЫ ""МОСКОВСКИЙ ОРДЕНА ЛЕНИНА И ОРДЕНА ТРУДОВОГО КРАСНОГО ЗНАМЕНИ МЕТРОПОЛИТЕН ИМЕНИ В.И.ЛЕНИНА""";"ГОСУДАРСТВЕННОЕ КАЗЕННОЕ УЧРЕЖДЕНИЕ ГОРОДА МОСКВЫ ""ДИРЕКЦИЯ ТРАНСПОРТНЫХ ЗАКУПОК""";30.12.2025;02.03.2026;Закупка завершена;;;23.01.2026;
44-ФЗ;№0157200000326000080;Электронный аукцион;Приобретение жилого помещения (двухкомнатной квартиры) в собственность Псковской области (Регистрационный номер: 99-А-ГЗ);;'262602700711760270100100120016810412;;;5700000.00;RUB;0;;;;;;МИНИСТЕРСТВО ИМУЩЕСТВЕННЫХ ОТНОШЕНИЙ ПСКОВСКОЙ ОБЛАСТИ;МИНИСТЕРСТВО КОНКУРЕНТНОЙ ПОЛИТИКИ ПСКОВСКОЙ ОБЛАСТИ;17.02.2026;02.03.2026;Закупка завершена;;;27.02.2026;
44-ФЗ;№0373200602126000002;Открытый конкурс в электронной форме;"Оказание услуг по поддержке пользователей по вопросам ведения бюджетного учёта с учётом отраслевых особенностей, с использованием Универсальной автоматизированной информационной системы УАИС Бюджетный учет для ГБУ ""МСП""";;'262770279845777020100100200010000244;;;6825000.00;RUB;0;;;;;;"ГОСУДАРСТВЕННОЕ БЮДЖЕТНОЕ УЧРЕЖДЕНИЕ ГОРОДА МОСКВЫ ""МОЙ СОЦИАЛЬНЫЙ ПОМОЩНИК""";"ГОСУДАРСТВЕННОЕ БЮДЖЕТНОЕ УЧРЕЖДЕНИЕ ГОРОДА МОСКВЫ ""МОЙ СОЦИАЛЬНЫЙ ПОМОЩНИК""";10.02.2026;02.03.2026;Закупка завершена;;;26.02.2026;
44-ФЗ;№0149200002326000579;Запрос котировок в электронной форме;"Поставка мебели для нужд МБОУ ""СОШ № 2 г. Кировска""";;'263510302046351030100100010010000244;;;6803065.00;RUB;0;;;;;;"МУНИЦИПАЛЬНОЕ БЮДЖЕТНОЕ ОБЩЕОБРАЗОВАТЕЛЬНОЕ УЧРЕЖДЕНИЕ ""СРЕДНЯЯ ОБЩЕОБРАЗОВАТЕЛЬНАЯ ШКОЛА № 2 Г. КИРОВСКА""";КОМИТЕТ ПО КОНКУРЕНТНОЙ ПОЛИТИКЕ МУРМАНСКОЙ ОБЛАСТИ;17.02.2026;02.03.2026;Закупка завершена;;;26.02.2026;
44-ФЗ;№0895100000126000076;Электронный аукцион;Поставка программного обеспечения для нужд Федерального казначейства;;'261770989550977090100100390020000242;;;108637728.72;RUB;0;;;;;;"ФЕДЕРАЛЬНОЕ КАЗЕННОЕ УЧРЕЖДЕНИЕ ""ЦЕНТР ПО ОБЕСПЕЧЕНИЮ ДЕЯТЕЛЬНОСТИ КАЗНАЧЕЙСТВА РОССИИ""";"ФЕДЕРАЛЬНОЕ КАЗЕННОЕ УЧРЕЖДЕНИЕ ""ЦЕНТР ПО ОБЕСПЕЧЕНИЮ ДЕЯТЕЛЬНОСТИ КАЗНАЧЕЙСТВА РОССИИ""";19.02.2026;02.03.2026;Закупка завершена;;;27.02.2026;
44-ФЗ;№0166300024726000216;Запрос котировок в электронной форме;Выполнение работ, связанных с осуществлением регулярных перевозок пассажиров и багажа автомобильным транспортом (автобус) по регулируемым тарифам в границах муниципального образования город Тула по автобусным маршрутам № 2, 7, 8, 39А;;'263710608544871060100100080644931244;;;6659590.92;RUB;0;;;;;;"МУНИЦИПАЛЬНОЕ КАЗЕННОЕ УЧРЕЖДЕНИЕ ""ЦЕНТР ОРГАНИЗАЦИИ ДОРОЖНО - ТРАНСПОРТНОЙ ДЕЯТЕЛЬНОСТИ ГОРОДА ТУЛЫ""";АДМИНИСТРАЦИЯ МУНИЦИПАЛЬНОГО ОБРАЗОВАНИЯ ГОРОД ТУЛА;18.02.2026;02.03.2026;Закупка завершена;;;26.02.2026;
44-ФЗ;№0145300020626000006;Открытый конкурс в электронной форме;Выполнение работ по ремонту и модернизации мест (площадок) накопления ТКО;;'263471602472247160100100360014329244;;;5000000.00;RUB;0;;;;;;АДМИНИСТРАЦИЯ УЛЬЯНОВСКОГО ГОРОДСКОГО ПОСЕЛЕНИЯ ТОСНЕНСКОГО МУНИЦИПАЛЬНОГО РАЙОНА ЛЕНИНГРАДСКОЙ ОБЛАСТИ;АДМИНИСТРАЦИЯ УЛЬЯНОВСКОГО ГОРОДСКОГО ПОСЕЛЕНИЯ ТОСНЕНСКОГО МУНИЦИПАЛЬНОГО РАЙОНА ЛЕНИНГРАДСКОЙ ОБЛАСТИ;09.02.2026;02.03.2026;Закупка завершена;;;25.02.2026;
44-ФЗ;№0166300024726000217;Запрос котировок в электронной форме;Выполнение работ, связанных с осуществлением регулярных перевозок пассажиров и багажа автомобильным транспортом (автобус) по регулируемым тарифам в границах муниципального образования город Тула  по автобусным маршрутам № 5Л, 21А, 23, 38, 44, 52В;;'263710608544871060100100080464931244;;;7444288.75;RUB;0;;;;;;"МУНИЦИПАЛЬНОЕ КАЗЕННОЕ УЧРЕЖДЕНИЕ ""ЦЕНТР ОРГАНИЗАЦИИ ДОРОЖНО - ТРАНСПОРТНОЙ ДЕЯТЕЛЬНОСТИ ГОРОДА ТУЛЫ""";АДМИНИСТРАЦИЯ МУНИЦИПАЛЬНОГО ОБРАЗОВАНИЯ ГОРОД ТУЛА;18.02.2026;02.03.2026;Закупка завершена;;;26.02.2026;
44-ФЗ;№0119200000126001968;Электронный аукцион;ЭА-№-1969/26 «Поставка с доставкой наборов для гемодиализа на аппарате MultiFiltrate для КГБУЗ «КМКБ № 20 им. И.С. Берзона»»;;'262246201142724620100100680013250244;;;7113825.95;RUB;0;;;;;;"КРАЕВОЕ ГОСУДАРСТВЕННОЕ БЮДЖЕТНОЕ УЧРЕЖДЕНИЕ ЗДРАВООХРАНЕНИЯ ""КРАСНОЯРСКАЯ МЕЖРАЙОННАЯ КЛИНИЧЕСКАЯ БОЛЬНИЦА № 20 ИМЕНИ И.С. БЕРЗОНА""";АГЕНТСТВО ГОСУДАРСТВЕННОГО ЗАКАЗА КРАСНОЯРСКОГО КРАЯ;18.02.2026;02.03.2026;Закупка завершена;;;26.02.2026;
44-ФЗ;№0119200000126002104;Электронный аукцион;ЭА-№-1905/26 «Поставка с доставкой диализаторов (гемофильтров) для гемодиализа на аппарате MultiFiltrate для КГБУЗ «КМКБ № 20 им. И.С. Берзона»»;;'262246201142724620100100690013250244;;;6193378.80;RUB;0;;;;;;"КРАЕВОЕ ГОСУДАРСТВЕННОЕ БЮДЖЕТНОЕ УЧРЕЖДЕНИЕ ЗДРАВООХРАНЕНИЯ ""КРАСНОЯРСКАЯ МЕЖРАЙОННАЯ КЛИНИЧЕСКАЯ БОЛЬНИЦА № 20 ИМЕНИ И.С. БЕРЗОНА""";АГЕНТСТВО ГОСУДАРСТВЕННОГО ЗАКАЗА КРАСНОЯРСКОГО КРАЯ;18.02.2026;02.03.2026;Закупка завершена;;;26.02.2026;
44-ФЗ;№0373200122126000094;Электронный аукцион;Поставка лекарственных препаратов (МНН Тиаприд) для нужд ГБУЗ «ПКБ № 4 ДЗМ» в 2026 году (повторно);;'262771808494877180100101030010000244;;;5818620.00;RUB;0;;;;;;"ГОСУДАРСТВЕННОЕ БЮДЖЕТНОЕ УЧРЕЖДЕНИЕ ЗДРАВООХРАНЕНИЯ ГОРОДА МОСКВЫ ""ПСИХИАТРИЧЕСКАЯ КЛИНИЧЕСКАЯ БОЛЬНИЦА № 4 ИМ. П.Б. ГАННУШКИНА ДЕПАРТАМЕНТА ЗДРАВООХРАНЕНИЯ ГОРОДА МОСКВЫ""";"ГОСУДАРСТВЕННОЕ БЮДЖЕТНОЕ УЧРЕЖДЕНИЕ ЗДРАВООХРАНЕНИЯ ГОРОДА МОСКВЫ ""ПСИХИАТРИЧЕСКАЯ КЛИНИЧЕСКАЯ БОЛЬНИЦА № 4 ИМ. П.Б. ГАННУШКИНА ДЕПАРТАМЕНТА ЗДРАВООХРАНЕНИЯ ГОРОДА МОСКВЫ""";18.02.2026;02.03.2026;Закупка завершена;;;26.02.2026;
44-ФЗ;№1005200000226000001;Электронный аукцион;Поставка тягача седельного;;'262081602812008160100100010012910244;;;9034094.38;RUB;0;;;;;;"АВТОНОМНОЕ УЧРЕЖДЕНИЕ РЕСПУБЛИКИ КАЛМЫКИЯ ""КАЛМЛЕС""";"АВТОНОМНОЕ УЧРЕЖДЕНИЕ РЕСПУБЛИКИ КАЛМЫКИЯ ""КАЛМЛЕС""";12.02.2026;02.03.2026;Закупка завершена;;;26.02.2026;
44-ФЗ;№0119200000126002102;Запрос котировок в электронной форме;ЗК-№-2018/26 «Запрос котировок в электронной форме на право заключения контракта на поставку медицинских изделий для отделения хирургического лечения сложных нарушений ритма сердца и электрокардиостимуляции»;;'262246503087624650100100250700000244;;;6473109.81;RUB;0;;;;;;"КРАЕВОЕ ГОСУДАРСТВЕННОЕ БЮДЖЕТНОЕ УЧРЕЖДЕНИЕ ЗДРАВООХРАНЕНИЯ ""КРАЕВАЯ КЛИНИЧЕСКАЯ БОЛЬНИЦА""";АГЕНТСТВО ГОСУДАРСТВЕННОГО ЗАКАЗА КРАСНОЯРСКОГО КРАЯ;18.02.2026;02.03.2026;Закупка завершена;;;26.02.2026;
44-ФЗ;№0861300007026000002;Электронный аукцион на проведение работ по строительству, реконструкции, кап. ремонту, сносу объекта кап. строительства в соответствии с п. 8 ч. 1 ст. 33 Закона № 44-ФЗ;Ликвидация аварийного и непригодного для проживания жилищного фонда, неиспользуемых и бесхозных объектов производственного и непроизводственного назначения (жилой дом расположенный по адресу: Сахалинская обл., г. Макаров, ул. Хабаровская, д. 25);;'263651200395065120100100010014311244;;;14822434.36;RUB;0;;;;;;КОМИТЕТ ПО УПРАВЛЕНИЮ МУНИЦИПАЛЬНОЙ СОБСТВЕННОСТЬЮ МАКАРОВСКОГО МУНИЦИПАЛЬНОГО ОКРУГА САХАЛИНСКОЙ ОБЛАСТИ;"МУНИЦИПАЛЬНОЕ КАЗЕННОЕ УЧРЕЖДЕНИЕ ""УПРАВЛЕНИЕ МУНИЦИПАЛЬНЫМИ ЗАКУПКАМИ"" МАКАРОВСКОГО МУНИЦИПАЛЬНОГО ОКРУГА САХАЛИНСКОЙ ОБЛАСТИ";19.02.2026;02.03.2026;Закупка завершена;;;27.02.2026;
44-ФЗ;№0345300013926000005;Электронный аукцион;Благоустройство общественной территории за МКД №24-26 д.Бегуницы (II этап);;'263471700843447050100100100014299244;;;14740375.83;RUB;0;;;;;;АДМИНИСТРАЦИЯ МУНИЦИПАЛЬНОГО ОБРАЗОВАНИЯ БЕГУНИЦКОЕ СЕЛЬСКОЕ ПОСЕЛЕНИЕ ВОЛОСОВСКОГО МУНИЦИПАЛЬНОГО РАЙОНА ЛЕНИНГРАДСКОЙ ОБЛАСТИ;АДМИНИСТРАЦИЯ МУНИЦИПАЛЬНОГО ОБРАЗОВАНИЯ БЕГУНИЦКОЕ СЕЛЬСКОЕ ПОСЕЛЕНИЕ ВОЛОСОВСКОГО МУНИЦИПАЛЬНОГО РАЙОНА ЛЕНИНГРАДСКОЙ ОБЛАСТИ;19.02.2026;02.03.2026;Закупка завершена;;;27.02.2026;
44-ФЗ;№0340100009926000023;Электронный аукцион;Выполнение работ по переработке фармацевтической субстанции «Плазма человека для фракционирования», производству и возврату биологических лекарственных препаратов - лекарственных препаратов, полученных из плазмы крови человека;;'261434505823143450100100110010000244;;;18590102.40;RUB;0;;;;;;"ФЕДЕРАЛЬНОЕ ГОСУДАРСТВЕННОЕ БЮДЖЕТНОЕ УЧРЕЖДЕНИЕ ""РОССИЙСКИЙ МЕДИЦИНСКИЙ НАУЧНО-ПРОИЗВОДСТВЕННЫЙ ЦЕНТР ""РОСПЛАЗМА"" ФЕДЕРАЛЬНОГО МЕДИКО-БИОЛОГИЧЕСКОГО АГЕНТСТВА""";"ФЕДЕРАЛЬНОЕ ГОСУДАРСТВЕННОЕ БЮДЖЕТНОЕ УЧРЕЖДЕНИЕ ""РОССИЙСКИЙ МЕДИЦИНСКИЙ НАУЧНО-ПРОИЗВОДСТВЕННЫЙ ЦЕНТР ""РОСПЛАЗМА"" ФЕДЕРАЛЬНОГО МЕДИКО-БИОЛОГИЧЕСКОГО АГЕНТСТВА""";19.02.2026;02.03.2026;Закупка завершена;;;27.02.2026;
223-ФЗ;№32615678493;Аукцион в электронной форме, участниками которого могут быть только субъекты малого и среднего предпринимательства;Лот 59701. ОКПД2 25.29.11.100. Поставка резервуаров для Жиганского РЭС.;;;1;Лот 59701. ОКПД2 25.29.11.100. Поставка резервуаров для Жиганского РЭС.;13534098.36;RUB;13534098.36;;;;25.29.11.100: Резервуары и газгольдеры;;"АКЦИОНЕРНОЕ ОБЩЕСТВО ""САХАЭНЕРГО""";"АКЦИОНЕРНОЕ ОБЩЕСТВО ""САХАЭНЕРГО""";06.02.2026;02.03.2026;Закупка завершена;;;17.02.2026 16:00;
44-ФЗ;№0167300030626000003;Электронный аукцион;Выполнение работ по текущему содержанию и обслуживанию гидротехнических сооружений Заводоуковского муниципального округа;;'263721500390372070100100130014291244;;;7321000.00;RUB;0;;;;;;АДМИНИСТРАЦИЯ ЗАВОДОУКОВСКОГО МУНИЦИПАЛЬНОГО ОКРУГА;АДМИНИСТРАЦИЯ ЗАВОДОУКОВСКОГО МУНИЦИПАЛЬНОГО ОКРУГА;19.02.2026;02.03.2026;Закупка завершена;;;27.02.2026;
44-ФЗ;№0332300272926000020;Электронный аукцион;Благоустройство центральной площади по ул. Свободы в р.п. Большое Мурашкино Большемурашкинского муниципального округа Нижегородской области, 2 этап.;;'263520400041752040100100380014299244;;;27054828.47;RUB;0;;;;;;АДМИНИСТРАЦИЯ БОЛЬШЕМУРАШКИНСКОГО МУНИЦИПАЛЬНОГО ОКРУГА НИЖЕГОРОДСКОЙ ОБЛАСТИ;АДМИНИСТРАЦИЯ БОЛЬШЕМУРАШКИНСКОГО МУНИЦИПАЛЬНОГО ОКРУГА НИЖЕГОРОДСКОЙ ОБЛАСТИ;19.02.2026;02.03.2026;Закупка завершена;;;27.02.2026;
44-ФЗ;№0167300030626000002;Электронный аукцион;Выполнение работ по текущему содержанию и обслуживанию плотин с паводковым водосбросом на территории Заводоуковского муниципального округа;;'263721500390372070100100140014291244;;;5132000.00;RUB;0;;;;;;АДМИНИСТРАЦИЯ ЗАВОДОУКОВСКОГО МУНИЦИПАЛЬНОГО ОКРУГА;АДМИНИСТРАЦИЯ ЗАВОДОУКОВСКОГО МУНИЦИПАЛЬНОГО ОКРУГА;19.02.2026;02.03.2026;Закупка завершена;;;27.02.2026;
44-ФЗ;№0860200000826000740;Электронный аукцион;Поставка лекарственного препарата для медицинского применения (ГРАЗОПРЕВИР+ЭЛБАСВИР);;'262645111733064530100100530012120244;;;20389476.80;RUB;0;;;;;;"ГОСУДАРСТВЕННОЕ УЧРЕЖДЕНИЕ ЗДРАВООХРАНЕНИЯ ""САРАТОВСКАЯ ОБЛАСТНАЯ ИНФЕКЦИОННАЯ КЛИНИЧЕСКАЯ БОЛЬНИЦА ИМЕНИ Н.Р. ИВАНОВА""";"ГОСУДАРСТВЕННОЕ КАЗЕННОЕ УЧРЕЖДЕНИЕ САРАТОВСКОЙ ОБЛАСТИ ""ГОСУДАРСТВЕННОЕ АГЕНТСТВО ПО ЦЕНТРАЛИЗАЦИИ ЗАКУПОК""";16.02.2026;02.03.2026;Закупка завершена;;;26.02.2026;
44-ФЗ;№0387300124026000001;Запрос котировок в электронной форме;Оказание услуг по организации отдыха и оздоровления детей города Ханты-Мансийска в период летних каникул 2026 года в организации отдыха детей и их оздоровления с круглосуточным пребыванием детей, расположенной в городе-курорте Геленджик, Краснодарского края;;'263860104944686010100100730018541244;;;9865713.00;RUB;0;;;;;;"МУНИЦИПАЛЬНОЕ БЮДЖЕТНОЕ УЧРЕЖДЕНИЕ ДОПОЛНИТЕЛЬНОГО ОБРАЗОВАНИЯ ""ЦЕНТР ДОПОЛНИТЕЛЬНОГО ОБРАЗОВАНИЯ ""ПЕРСПЕКТИВА""";"МУНИЦИПАЛЬНОЕ БЮДЖЕТНОЕ УЧРЕЖДЕНИЕ ДОПОЛНИТЕЛЬНОГО ОБРАЗОВАНИЯ ""ЦЕНТР ДОПОЛНИТЕЛЬНОГО ОБРАЗОВАНИЯ ""ПЕРСПЕКТИВА""";18.02.2026;02.03.2026;Закупка завершена;;;26.02.2026;
44-ФЗ;№0373200067026000121;Электронный аукцион;" Электронный аукцион на поставку медицинских изделий: набор для катетеризации центральных вен, кратковременного использования; для оказания медицинской помощи в отделениях ГБУЗ «НИИ СП им Н. В. Склифосовского ДЗМ»(К.Е.-2026)";;'262770203632177020100101550010000244;;;29943151.40;RUB;0;;;;;;"ГОСУДАРСТВЕННОЕ БЮДЖЕТНОЕ УЧРЕЖДЕНИЕ ЗДРАВООХРАНЕНИЯ ГОРОДА МОСКВЫ ""НАУЧНО-ИССЛЕДОВАТЕЛЬСКИЙ ИНСТИТУТ СКОРОЙ ПОМОЩИ ИМ. Н.В. СКЛИФОСОВСКОГО ДЕПАРТАМЕНТА ЗДРАВООХРАНЕНИЯ ГОРОДА МОСКВЫ""";"ГОСУДАРСТВЕННОЕ БЮДЖЕТНОЕ УЧРЕЖДЕНИЕ ЗДРАВООХРАНЕНИЯ ГОРОДА МОСКВЫ ""НАУЧНО-ИССЛЕДОВАТЕЛЬСКИЙ ИНСТИТУТ СКОРОЙ ПОМОЩИ ИМ. Н.В. СКЛИФОСОВСКОГО ДЕПАРТАМЕНТА ЗДРАВООХРАНЕНИЯ ГОРОДА МОСКВЫ""";18.02.2026;02.03.2026;Закупка завершена;;;26.02.2026;
44-ФЗ;№0102200001626000155;Электронный аукцион;Выполнение работ по формированию информационной модели, подготовке проектной, рабочей документации и выполнению инженерных изысканий по объекту капитального строительства «Полигон твердых коммунальных отходов в с. Баргузин Баргузинского района Республики Бурятия»;;'262032308224003260100100120017112414;;;35000000.00;RUB;0;;;;;;"ГОСУДАРСТВЕННОЕ КАЗЕННОЕ УЧРЕЖДЕНИЕ РЕСПУБЛИКИ БУРЯТИЯ ""УПРАВЛЕНИЕ КАПИТАЛЬНОГО СТРОИТЕЛЬСТВА ПРАВИТЕЛЬСТВА РЕСПУБЛИКИ БУРЯТИЯ""";РЕСПУБЛИКАНСКОЕ АГЕНТСТВО ПО ГОСУДАРСТВЕННЫМ ЗАКУПКАМ;12.02.2026;02.03.2026;Закупка завершена;;;26.02.2026;
44-ФЗ;№0172300010026000006;Открытый конкурс в электронной форме;"Выполнение работ по организации благоустройства территории МО г. Ломоносов (размещение асфальтового покрытия на внутриквартальных проездах) по адресам:  г. Ломоносов, ул. Красного Флота, д. 1; ул. Победы, д. 15 - ул. Швейцарская, д. 14; ул. Победы, д. 21; Ораниенбаумский пр., д. 39/2; ул. Сафронова д. 1а, д. 3а, д. 2";;'263781902525878190100100240014211244;;;21265392.71;RUB;0;;;;;;МЕСТНАЯ АДМИНИСТРАЦИЯ МУНИЦИПАЛЬНОГО ОБРАЗОВАНИЯ ГОРОД ЛОМОНОСОВ;МЕСТНАЯ АДМИНИСТРАЦИЯ МУНИЦИПАЛЬНОГО ОБРАЗОВАНИЯ ГОРОД ЛОМОНОСОВ;10.02.2026;02.03.2026;Закупка завершена;;;26.02.2026;
44-ФЗ;№0846600001226000007;Электронный аукцион;Выполнение работ по ремонту автомобильных дорог общего пользования местного значения с устройством асфальтового покрытия по объектам: ул. Сельская в с. Порой, д. Леденевка, ул. Школьная в с. Панино, ул. Парковая в с. Капитанщино, ул. Луговая до ул. Калинина в с. Доброе и щебеночного покрытия по ул. Заводская в с. Трубетчино Добровского муниципального округа Липецкой области.;;'263480500160748050100100180014211244;;;41611043.57;RUB;0;;;;;;АДМИНИСТРАЦИЯ ДОБРОВСКОГО МУНИЦИПАЛЬНОГО ОКРУГА ЛИПЕЦКОЙ ОБЛАСТИ РОССИЙСКОЙ ФЕДЕРАЦИИ;"МУНИЦИПАЛЬНОЕ КАЗЕННОЕ УЧРЕЖДЕНИЕ ""ЦЕНТР БУХГАЛТЕРСКОГО УЧЕТА И МУНИЦИПАЛЬНЫХ ЗАКУПОК"" ДОБРОВСКОГО МУНИЦИПАЛЬНОГО ОКРУГА ЛИПЕЦКОЙ ОБЛАСТИ";18.02.2026;02.03.2026;Закупка завершена;;;26.02.2026;
44-ФЗ;№0139300012126000026;Электронный аукцион;"Выполнение работ (в рамках текущего ремонта) по благоустройству общественной территории в рамках реализации программы ""Формирование современной городской среды"" на территории Киселевского городского округа, Сквер района Афонино (перекресток ул. Лутугина и пер. Кирпичный)";;'263421102019442110100100300010000244;;;10184130.00;RUB;0;;;;;;"МУНИЦИПАЛЬНОЕ КАЗЕННОЕ УЧРЕЖДЕНИЕ ГОРОДА КИСЕЛЕВСКА ""УПРАВЛЕНИЕ ПО БЛАГОУСТРОЙСТВУ""";АДМИНИСТРАЦИЯ КИСЕЛЕВСКОГО ГОРОДСКОГО ОКРУГА;16.02.2026;02.03.2026;Закупка завершена;;;27.02.2026;
44-ФЗ;№0166300024726000218;Запрос котировок в электронной форме;Выполнение работ, связанных с осуществлением регулярных перевозок пассажиров и багажа автомобильным транспортом (автобус) по регулируемым тарифам в границах муниципального образования город Тула по автобусным маршрутам № 35Л, 51Л.;;'263710608544871060100100080484931244;;;7983118.53;RUB;0;;;;;;"МУНИЦИПАЛЬНОЕ КАЗЕННОЕ УЧРЕЖДЕНИЕ ""ЦЕНТР ОРГАНИЗАЦИИ ДОРОЖНО - ТРАНСПОРТНОЙ ДЕЯТЕЛЬНОСТИ ГОРОДА ТУЛЫ""";АДМИНИСТРАЦИЯ МУНИЦИПАЛЬНОГО ОБРАЗОВАНИЯ ГОРОД ТУЛА;18.02.2026;02.03.2026;Закупка завершена;;;26.02.2026;
44-ФЗ;№0166300024726000219;Запрос котировок в электронной форме;Выполнение работ, связанных с осуществлением регулярных перевозок пассажиров и багажа автомобильным транспортом (автобус) по регулируемым тарифам в границах муниципального образования город Тула по автобусным маршрутам №№ 35Л,51Л;;'263710608544871060100100080734931244;;;5805904.39;RUB;0;;;;;;"МУНИЦИПАЛЬНОЕ КАЗЕННОЕ УЧРЕЖДЕНИЕ ""ЦЕНТР ОРГАНИЗАЦИИ ДОРОЖНО - ТРАНСПОРТНОЙ ДЕЯТЕЛЬНОСТИ ГОРОДА ТУЛЫ""";АДМИНИСТРАЦИЯ МУНИЦИПАЛЬНОГО ОБРАЗОВАНИЯ ГОРОД ТУЛА;18.02.2026;02.03.2026;Закупка завершена;;;26.02.2026;
44-ФЗ;№0373100084626000082;Электронный аукцион;МНН - ИНДОЦИАНИН ЗЕЛЕНЫЙ;;'261773408769677340100100010780000244;;;5700000.00;RUB;0;;;;;;"ФЕДЕРАЛЬНОЕ ГОСУДАРСТВЕННОЕ БЮДЖЕТНОЕ УЧРЕЖДЕНИЕ ""НАЦИОНАЛЬНЫЙ МЕДИЦИНСКИЙ ИССЛЕДОВАТЕЛЬСКИЙ ЦЕНТР КОЛОПРОКТОЛОГИИ ИМЕНИ А.Н. РЫЖИХ"" МИНИСТЕРСТВА ЗДРАВООХРАНЕНИЯ РОССИЙСКОЙ ФЕДЕРАЦИИ";"ФЕДЕРАЛЬНОЕ ГОСУДАРСТВЕННОЕ БЮДЖЕТНОЕ УЧРЕЖДЕНИЕ ""НАЦИОНАЛЬНЫЙ МЕДИЦИНСКИЙ ИССЛЕДОВАТЕЛЬСКИЙ ЦЕНТР КОЛОПРОКТОЛОГИИ ИМЕНИ А.Н. РЫЖИХ"" МИНИСТЕРСТВА ЗДРАВООХРАНЕНИЯ РОССИЙСКОЙ ФЕДЕРАЦИИ";19.02.2026;02.03.2026;Закупка завершена;;;27.02.2026;
44-ФЗ;№0166300024726000220;Запрос котировок в электронной форме;Выполнение работ, связанных с осуществлением регулярных перевозок пассажиров и багажа автомобильным транспортом (автобус) по регулируемым тарифам в границах муниципального образования город Тула по автобусным маршрутам № № 27,36,40.;;'263710608544871060100100080504931244;;;6337589.33;RUB;0;;;;;;"МУНИЦИПАЛЬНОЕ КАЗЕННОЕ УЧРЕЖДЕНИЕ ""ЦЕНТР ОРГАНИЗАЦИИ ДОРОЖНО - ТРАНСПОРТНОЙ ДЕЯТЕЛЬНОСТИ ГОРОДА ТУЛЫ""";АДМИНИСТРАЦИЯ МУНИЦИПАЛЬНОГО ОБРАЗОВАНИЯ ГОРОД ТУЛА;18.02.2026;02.03.2026;Закупка завершена;;;26.02.2026;
44-ФЗ;№0166300024726000221;Запрос котировок в электронной форме;Выполнение работ, связанных с осуществлением регулярных перевозок пассажиров и багажа автомобильным транспортом (автобус) по регулируемым тарифам в границах муниципального образования город Тула по автобусным маршрутам № 27, 36, 40;;'263710608544871060100100080704931244;;;6665896.02;RUB;0;;;;;;"МУНИЦИПАЛЬНОЕ КАЗЕННОЕ УЧРЕЖДЕНИЕ ""ЦЕНТР ОРГАНИЗАЦИИ ДОРОЖНО - ТРАНСПОРТНОЙ ДЕЯТЕЛЬНОСТИ ГОРОДА ТУЛЫ""";АДМИНИСТРАЦИЯ МУНИЦИПАЛЬНОГО ОБРАЗОВАНИЯ ГОРОД ТУЛА;18.02.2026;02.03.2026;Закупка завершена;;;26.02.2026;
44-ФЗ;№0166300024726000223;Запрос котировок в электронной форме;Выполнение работ, связанных с осуществлением регулярных перевозок пассажиров и багажа автомобильным транспортом (автобус) по регулируемым тарифам в границах муниципального образования город Тула  по автобусным маршрутам № 10Л, 32Л, 34, 76,77;;'263710608544871060100100080474931244;;;9158032.57;RUB;0;;;;;;"МУНИЦИПАЛЬНОЕ КАЗЕННОЕ УЧРЕЖДЕНИЕ ""ЦЕНТР ОРГАНИЗАЦИИ ДОРОЖНО - ТРАНСПОРТНОЙ ДЕЯТЕЛЬНОСТИ ГОРОДА ТУЛЫ""";АДМИНИСТРАЦИЯ МУНИЦИПАЛЬНОГО ОБРАЗОВАНИЯ ГОРОД ТУЛА;18.02.2026;02.03.2026;Закупка завершена;;;26.02.2026;
44-ФЗ;№0166300024726000225;Запрос котировок в электронной форме;Выполнение работ, связанных с осуществлением регулярных перевозок пассажиров и багажа автомобильным транспортом (автобус) по регулируемым тарифам в границах муниципального образования город Тула по автобусным маршрутам № 10Л, 32Л, 34, 76,77;;'263710608544871060100100080664931244;;;9158032.57;RUB;0;;;;;;"МУНИЦИПАЛЬНОЕ КАЗЕННОЕ УЧРЕЖДЕНИЕ ""ЦЕНТР ОРГАНИЗАЦИИ ДОРОЖНО - ТРАНСПОРТНОЙ ДЕЯТЕЛЬНОСТИ ГОРОДА ТУЛЫ""";АДМИНИСТРАЦИЯ МУНИЦИПАЛЬНОГО ОБРАЗОВАНИЯ ГОРОД ТУЛА;18.02.2026;02.03.2026;Закупка завершена;;;26.02.2026;
44-ФЗ;№0166300024726000226;Запрос котировок в электронной форме;Выполнение работ, связанных с осуществлением регулярных перевозок пассажиров и багажа автомобильным транспортом (автобус) по регулируемым тарифам в границах муниципального образования город Тула  по автобусным маршрутам № 10Л, 32Л, 34, 76,77;;'263710608544871060100100080654931244;;;9158032.57;RUB;0;;;;;;"МУНИЦИПАЛЬНОЕ КАЗЕННОЕ УЧРЕЖДЕНИЕ ""ЦЕНТР ОРГАНИЗАЦИИ ДОРОЖНО - ТРАНСПОРТНОЙ ДЕЯТЕЛЬНОСТИ ГОРОДА ТУЛЫ""";АДМИНИСТРАЦИЯ МУНИЦИПАЛЬНОГО ОБРАЗОВАНИЯ ГОРОД ТУЛА;18.02.2026;02.03.2026;Закупка завершена;;;26.02.2026;
44-ФЗ;№0166300024726000228;Запрос котировок в электронной форме;Выполнение работ, связанных с осуществлением регулярных перевозок пассажиров и багажа автомобильным транспортом (автобус) по регулируемым тарифам в границах муниципального образования город Тула  по автобусным маршрутам № 10Л, 32Л, 34, 76,77;;'263710608544871060100100080674931244;;;6340176.40;RUB;0;;;;;;"МУНИЦИПАЛЬНОЕ КАЗЕННОЕ УЧРЕЖДЕНИЕ ""ЦЕНТР ОРГАНИЗАЦИИ ДОРОЖНО - ТРАНСПОРТНОЙ ДЕЯТЕЛЬНОСТИ ГОРОДА ТУЛЫ""";АДМИНИСТРАЦИЯ МУНИЦИПАЛЬНОГО ОБРАЗОВАНИЯ ГОРОД ТУЛА;18.02.2026;02.03.2026;Закупка завершена;;;26.02.2026;
44-ФЗ;№0318400006526000002;Электронный аукцион;Поставка продуктов питания (мясная продукция) для нужд санатория Автомобилист;;'261770929051023674300100590011011244;;;7200000.00;RUB;0;;;;;;"ФИЛИАЛ ФЕДЕРАЛЬНОГО ГОСУДАРСТВЕННОГО БЮДЖЕТНОГО УЧРЕЖДЕНИЯ ""ФЕДЕРАЛЬНЫЙ МЕДИЦИНСКИЙ ЦЕНТР"" ФЕДЕРАЛЬНОГО АГЕНТСТВА ПО УПРАВЛЕНИЮ ГОСУДАРСТВЕННЫМ ИМУЩЕСТВОМ - САНАТОРИЙ ""АВТОМОБИЛИСТ""";"ФИЛИАЛ ФЕДЕРАЛЬНОГО ГОСУДАРСТВЕННОГО БЮДЖЕТНОГО УЧРЕЖДЕНИЯ ""ФЕДЕРАЛЬНЫЙ МЕДИЦИНСКИЙ ЦЕНТР"" ФЕДЕРАЛЬНОГО АГЕНТСТВА ПО УПРАВЛЕНИЮ ГОСУДАРСТВЕННЫМ ИМУЩЕСТВОМ - САНАТОРИЙ ""АВТОМОБИЛИСТ""";19.02.2026;02.03.2026;Закупка завершена;;;27.02.2026;
44-ФЗ;№0373200182126000001;Электронный аукцион;Поставка бумаги и бумажных изделий (для офисной техники);;262772485942477240100100050010000244, 262772403077177240100100040010000244, 262773710675677240100100040010000244, 262772494781877240100100050010000244, 262772422499277240100100040010000244, 262773707803377240100100030010000244, 262772430404577240100100040010000244, 262772419129677240100100050010000244, 262772491441077240100100030010000244;;;5224441.95;RUB;0;;;;;;;"ГОСУДАРСТВЕННОЕ БЮДЖЕТНОЕ ОБЩЕОБРАЗОВАТЕЛЬНОЕ УЧРЕЖДЕНИЕ ГОРОДА МОСКВЫ ""СПЕЦИАЛЬНАЯ (КОРРЕКЦИОННАЯ) ШКОЛА № 991""";13.02.2026;02.03.2026;Закупка завершена;;;26.02.2026;
44-ФЗ;№0317300301926000113;Электронный аукцион;Поставка рассады цветов;;'263222520844222250100100400010130244;;;8936310.00;RUB;0;;;;;;"МУНИЦИПАЛЬНОЕ БЮДЖЕТНОЕ УЧРЕЖДЕНИЕ ""БЛАГОУСТРОЙСТВО И ОЗЕЛЕНЕНИЕ""Г.БАРНАУЛА";КОМИТЕТ МУНИЦИПАЛЬНОГО ЗАКАЗА ГОРОДА БАРНАУЛА;17.02.2026;02.03.2026;Закупка завершена;;;26.02.2026;
44-ФЗ;№0387200009126000332;Электронный аукцион;Поставка лекарственного препарата для медицинского применения Фентанил для обеспечения отдельных категорий граждан, проживающих на территории Ханты-Мансийского автономного округа – Югры, включенных в региональный сегмент Федерального регистра лиц, за счет средств, предоставляемых из федерального бюджета бюджетам субъектов РФ на реализацию отдельных полномочий в области оказания государственной социальной помощи в 2026 году;;'262860103583886020100100660412120323;;;5151441.90;RUB;0;;;;;;"КАЗЕННОЕ УЧРЕЖДЕНИЕ ХАНТЫ-МАНСИЙСКОГО АВТОНОМНОГО ОКРУГА - ЮГРЫ ""ЦЕНТР ЛЕКАРСТВЕННОГО МОНИТОРИНГА""";"КАЗЕННОЕ УЧРЕЖДЕНИЕ ХАНТЫ-МАНСИЙСКОГО АВТОНОМНОГО ОКРУГА - ЮГРЫ ""ЦЕНТР ЛЕКАРСТВЕННОГО МОНИТОРИНГА""";16.02.2026;02.03.2026;Закупка завершена;;;27.02.2026;
44-ФЗ;№0869600059426000002;Электронный аукцион;"""Ремонт дорожного покрытия по ул. Миниахметова, с примыканиями в п. Тимирязевский, Чебаркульского района, Челябинской области""";;'263745217327374520100100080084211244;;;15182179.71;RUB;0;;;;;;ТЕРРИТОРИАЛЬНОЕ УПРАВЛЕНИЕ АДМИНИСТРАЦИИ ЧЕБАРКУЛЬСКОГО МУНИЦИПАЛЬНОГО ОКРУГА ЧЕЛЯБИНСКОЙ ОБЛАСТИ №2;ТЕРРИТОРИАЛЬНОЕ УПРАВЛЕНИЕ АДМИНИСТРАЦИИ ЧЕБАРКУЛЬСКОГО МУНИЦИПАЛЬНОГО ОКРУГА ЧЕЛЯБИНСКОЙ ОБЛАСТИ №2;19.02.2026;02.03.2026;Закупка завершена;;;27.02.2026;
44-ФЗ;№0372200277326000093;Электронный аукцион;Выполнение работ по ремонту наркозно дыхательного оборудования с заменой запасных частей в 2026 году  ;;'262784331175778430100100060140000244;;;6629450.32;RUB;0;;;;;;"ГОСУДАРСТВЕННОЕ БЮДЖЕТНОЕ УЧРЕЖДЕНИЕ ЗДРАВООХРАНЕНИЯ ""САНКТ-ПЕТЕРБУРГСКИЙ КЛИНИЧЕСКИЙ НАУЧНО-ПРАКТИЧЕСКИЙ ЦЕНТР СПЕЦИАЛИЗИРОВАННЫХ ВИДОВ МЕДИЦИНСКОЙ ПОМОЩИ (ОНКОЛОГИЧЕСКИЙ) ИМЕНИ Н.П. НАПАЛКОВА""";"ГОСУДАРСТВЕННОЕ БЮДЖЕТНОЕ УЧРЕЖДЕНИЕ ЗДРАВООХРАНЕНИЯ ""САНКТ-ПЕТЕРБУРГСКИЙ КЛИНИЧЕСКИЙ НАУЧНО-ПРАКТИЧЕСКИЙ ЦЕНТР СПЕЦИАЛИЗИРОВАННЫХ ВИДОВ МЕДИЦИНСКОЙ ПОМОЩИ (ОНКОЛОГИЧЕСКИЙ) ИМЕНИ Н.П. НАПАЛКОВА""";18.02.2026;02.03.2026;Закупка завершена;;;26.02.2026;
44-ФЗ;№0830500000225004991;Открытый конкурс в электронной форме;Выполнение работ по устройству остановочных павильонов;;'253352603869035260100101230014211244;;;31199999.93;RUB;0;;;;;;УПРАВЛЕНИЕ СТРОИТЕЛЬСТВА И ЖИЛИЩНО-КОММУНАЛЬНОГО ХОЗЯЙСТВА АДМИНИСТРАЦИИ ВЕЛИКОУСТЮГСКОГО МУНИЦИПАЛЬНОГО ОКРУГА ВОЛОГОДСКОЙ ОБЛАСТИ;"ГОСУДАРСТВЕННОЕ КАЗЕННОЕ УЧРЕЖДЕНИЕ ВОЛОГОДСКОЙ ОБЛАСТИ ""ЦЕНТР ЗАКУПОК""";19.12.2025;02.03.2026;Закупка завершена;;;13.02.2026;
44-ФЗ;№0373200594926000019;Запрос котировок в электронной форме;Поставка перчаток и рукавиц для нужд ГБУ «Автомобильные дороги ЮЗАО».;;'262772776315077280100100240010000244;;;8998476.00;RUB;0;;;;;;"ГОСУДАРСТВЕННОЕ БЮДЖЕТНОЕ УЧРЕЖДЕНИЕ ГОРОДА МОСКВЫ ""АВТОМОБИЛЬНЫЕ ДОРОГИ ЮГО-ЗАПАДНОГО АДМИНИСТРАТИВНОГО ОКРУГА""";"ГОСУДАРСТВЕННОЕ БЮДЖЕТНОЕ УЧРЕЖДЕНИЕ ГОРОДА МОСКВЫ ""АВТОМОБИЛЬНЫЕ ДОРОГИ ЮГО-ЗАПАДНОГО АДМИНИСТРАТИВНОГО ОКРУГА""";19.02.2026;02.03.2026;Закупка завершена;;;27.02.2026;
44-ФЗ;№0345300136426000007;Электронный аукцион;Поставка асфальтобетонной смеси;;'263470506307847050100100140152399244;;;5999042.52;RUB;0;;;;;;"МУНИЦИПАЛЬНОЕ БЮДЖЕТНОЕ УЧРЕЖДЕНИЕ ""УПРАВЛЕНИЕ БЛАГОУСТРОЙСТВА И ДОРОЖНОГО ХОЗЯЙСТВА""";"МУНИЦИПАЛЬНОЕ БЮДЖЕТНОЕ УЧРЕЖДЕНИЕ ""УПРАВЛЕНИЕ БЛАГОУСТРОЙСТВА И ДОРОЖНОГО ХОЗЯЙСТВА""";18.02.2026;02.03.2026;Закупка завершена;;;26.02.2026;
44-ФЗ;№0329200062226000210;Запрос котировок в электронной форме;"Оказание услуг по перевозке пассажиров и их багажа внутренним водным транспортом общего пользования на территории городского округа город-герой Волгоград по направлению движения судов по внутригородским маршрутам по маршруту: ""Руднева – х.Бекетовский Перекат о.Сарпинский""";;'263344428126034440100100100015030244;;;8729734.94;RUB;0;;;;;;"МУНИЦИПАЛЬНОЕ КАЗЕННОЕ УЧРЕЖДЕНИЕ ""ГОРОДСКОЙ ЦЕНТР УПРАВЛЕНИЯ ПАССАЖИРСКИМИ ПЕРЕВОЗКАМИ""";"ГОСУДАРСТВЕННОЕ КАЗЕННОЕ УЧРЕЖДЕНИЕ ВОЛГОГРАДСКОЙ ОБЛАСТИ ""ЦЕНТР ОРГАНИЗАЦИИ ЗАКУПОК""";19.02.2026;02.03.2026;Закупка завершена;;;27.02.2026;
44-ФЗ;№0830500000226000198;Открытый конкурс в электронной форме на проведение работ по строительству, реконструкции, кап. ремонту, сносу объекта кап. строительства в соответствии с п. 8 ч. 1 ст. 33 Закона № 44-ФЗ;Капитальный ремонт МУ «Шекснинская спортивная школа» (здание спорткомплекса) по адресу: Вологодская область, Шекснинский район, д. Прогресс ул. Центральная, д. 52;;'263350001885135000100100110014120243;;;31735530.00;RUB;0;;;;;;АДМИНИСТРАЦИЯ ШЕКСНИНСКОГО МУНИЦИПАЛЬНОГО ОКРУГА ВОЛОГОДСКОЙ ОБЛАСТИ;"ГОСУДАРСТВЕННОЕ КАЗЕННОЕ УЧРЕЖДЕНИЕ ВОЛОГОДСКОЙ ОБЛАСТИ ""ЦЕНТР ЗАКУПОК""";05.02.2026;02.03.2026;Закупка завершена;;;26.02.2026;
44-ФЗ;№0808600000126000010;Электронный аукцион;Выполнение работ по зимнему содержанию набережной реки Малая Кокшага от Вознесенского моста до пешеходного моста «Гоголевский» городского округа «Город Йошкар-Ола» в 2026 году;;'263120000740712000100100220018129244;;;33000000.00;RUB;0;;;;;;"МУНИЦИПАЛЬНОЕ КАЗЁННОЕ УЧРЕЖДЕНИЕ ""ДИРЕКЦИЯ ГОРОДСКОГО ХОЗЯЙСТВА"" ГОРОДСКОГО ОКРУГА ""ГОРОД ЙОШКАР-ОЛА""";"МУНИЦИПАЛЬНОЕ КАЗЁННОЕ УЧРЕЖДЕНИЕ ""ДИРЕКЦИЯ ГОРОДСКОГО ХОЗЯЙСТВА"" ГОРОДСКОГО ОКРУГА ""ГОРОД ЙОШКАР-ОЛА""";19.02.2026;02.03.2026;Закупка завершена;;;27.02.2026;
44-ФЗ;№0119300019826000136;Электронный аукцион;Выполнение работ по благоустройству общественных территорий, определенных по результатам рейтингового голосования, в г. Красноярске;;'263246621501224630100100820014399244;;;115770593.14;RUB;0;;;;;;"МУНИЦИПАЛЬНОЕ КАЗЕННОЕ УЧРЕЖДЕНИЕ ГОРОДА КРАСНОЯРСКА ""УПРАВЛЕНИЕ ДОРОГ, ИНФРАСТРУКТУРЫ И БЛАГОУСТРОЙСТВА""";ДЕПАРТАМЕНТ МУНИЦИПАЛЬНОГО ЗАКАЗА АДМИНИСТРАЦИИ ГОРОДА КРАСНОЯРСКА;18.02.2026;02.03.2026;Закупка завершена;;;26.02.2026;
44-ФЗ;№0869200000226001016;Электронный аукцион;Выполнение работ, связанных с осуществлением регулярных перевозок пассажиров и багажа по регулируемым тарифам;;'262745145069374510100100030514931244;;;240982252.90;RUB;0;;;;;;"ОБЛАСТНОЕ ГОСУДАРСТВЕННОЕ КАЗЕННОЕ УЧРЕЖДЕНИЕ ""ОРГАНИЗАТОР ПЕРЕВОЗОК ЧЕЛЯБИНСКОЙ ОБЛАСТИ""";"ГОСУДАРСТВЕННОЕ КАЗЕННОЕ УЧРЕЖДЕНИЕ ""ЦЕНТР ОРГАНИЗАЦИИ ЗАКУПОК ЧЕЛЯБИНСКОЙ ОБЛАСТИ""";18.02.2026;02.03.2026;Закупка завершена;;;26.02.2026;
44-ФЗ;№0169300035826000034;Электронный аукцион;Выполнение работ по благоустройству дворовой территории многоквартирных домов №№ 62, 64 по ул. Богдана Хмельницкого в г. Миассе;;'263741503192274150100100410014211244;;;11901437.00;RUB;0;;;;;;АДМИНИСТРАЦИЯ МИАССКОГО ГОРОДСКОГО ОКРУГА ЧЕЛЯБИНСКОЙ ОБЛАСТИ;АДМИНИСТРАЦИЯ МИАССКОГО ГОРОДСКОГО ОКРУГА ЧЕЛЯБИНСКОЙ ОБЛАСТИ;19.02.2026;02.03.2026;Закупка завершена;;;27.02.2026;
44-ФЗ;№0160300005426000008;Электронный аукцион;Ремонт подвесных пешеходных  мостов  через реку Чернава в селе Ивантеевка Ивантеевского муниципального образования  Ивантеевского муниципального района Саратовской области;;'263641400632964140100100130084213244;;;6713312.31;RUB;0;;;;;;"МУНИЦИПАЛЬНОЕ БЮДЖЕТНОЕ УЧРЕЖДЕНИЕ ""ИВАНТЕЕВСКОЕ""";АДМИНИСТРАЦИЯ ИВАНТЕЕВСКОГО МУНИЦИПАЛЬНОГО РАЙОНА САРАТОВСКОЙ ОБЛАСТИ;19.02.2026;02.03.2026;Закупка завершена;;;27.02.2026;
44-ФЗ;№0830500000226000348;Электронный аукцион;Поставка лекарственного препарата для медицинского применения Аллергены бактерий.;;'262352508746235250100100030062120244;;;7665000.00;RUB;0;;;;;;"БЮДЖЕТНОЕ УЧРЕЖДЕНИЕ ЗДРАВООХРАНЕНИЯ ВОЛОГОДСКОЙ ОБЛАСТИ  ""ВОЛОГОДСКИЙ ОБЛАСТНОЙ ЦЕНТР ПО ПРОФИЛАКТИКЕ И БОРЬБЕ СО СПИД И ИНФЕКЦИОННЫМИ ЗАБОЛЕВАНИЯМИ""";"ГОСУДАРСТВЕННОЕ КАЗЕННОЕ УЧРЕЖДЕНИЕ ВОЛОГОДСКОЙ ОБЛАСТИ ""ЦЕНТР ЗАКУПОК""";16.02.2026;02.03.2026;Закупка завершена;;;26.02.2026;
44-ФЗ;№0118300016426000014;Электронный аукцион;Ямочный ремонт покрытия автомобильных дорог на территории Белореченского городского поселения Белореченского района на 1-е полугодие 2026 г.;;'263230302368123030100100360014211244;;;10000000.00;RUB;0;;;;;;АДМИНИСТРАЦИЯ БЕЛОРЕЧЕНСКОГО ГОРОДСКОГО ПОСЕЛЕНИЯ БЕЛОРЕЧЕНСКОГО РАЙОНА;АДМИНИСТРАЦИЯ БЕЛОРЕЧЕНСКОГО ГОРОДСКОГО ПОСЕЛЕНИЯ БЕЛОРЕЧЕНСКОГО РАЙОНА;18.02.2026;02.03.2026;Закупка завершена;;;26.02.2026;
44-ФЗ;№0361200015026000612;Электронный аукцион;Поставка лекарственного препарата для медицинского применения КЕТОАНАЛОГИ АМИНОКИСЛОТ для обеспечения отдельных категорий граждан федеральной ответственности в 2026 году;;'262650102496665010100103270012120323;;;11034000.00;RUB;0;;;;;;МИНИСТЕРСТВО ЗДРАВООХРАНЕНИЯ САХАЛИНСКОЙ ОБЛАСТИ;"ГОСУДАРСТВЕННОЕ КАЗЕННОЕ УЧРЕЖДЕНИЕ ""ЦЕНТР ГОСУДАРСТВЕННЫХ ЗАКУПОК САХАЛИНСКОЙ ОБЛАСТИ""";19.02.2026;02.03.2026;Закупка завершена;;;27.02.2026;
44-ФЗ;№0160300058626000002;Электронный аукцион;Работы по ремонту автомобильных дорог общего пользования местного значения;;'263643800678364380100100030024211244;;;6141000.00;RUB;0;;;;;;АДМИНИСТРАЦИЯ ОЗЕРНОГО МУНИЦИПАЛЬНОГО ОБРАЗОВАНИЯ АТКАРСКОГО МУНИЦИПАЛЬНОГО РАЙОНА САРАТОВСКОЙ ОБЛАСТИ;АДМИНИСТРАЦИЯ ОЗЕРНОГО МУНИЦИПАЛЬНОГО ОБРАЗОВАНИЯ АТКАРСКОГО МУНИЦИПАЛЬНОГО РАЙОНА САРАТОВСКОЙ ОБЛАСТИ;19.02.2026;02.03.2026;Закупка завершена;;;27.02.2026;
44-ФЗ;№0169300035826000041;Электронный аукцион;Выполнение работ по благоустройству дворовой территории многоквартирных домов №№ 43, 45, 47, 53 по пр. Октября в г. Миассе;;'263741503192274150100100520014211244;;;14079720.87;RUB;0;;;;;;АДМИНИСТРАЦИЯ МИАССКОГО ГОРОДСКОГО ОКРУГА ЧЕЛЯБИНСКОЙ ОБЛАСТИ;АДМИНИСТРАЦИЯ МИАССКОГО ГОРОДСКОГО ОКРУГА ЧЕЛЯБИНСКОЙ ОБЛАСТИ;19.02.2026;02.03.2026;Закупка завершена;;;27.02.2026;
44-ФЗ;№0131300013226000001;Открытый конкурс в электронной форме;Обустройство парка Победы по ул. Коминтерна 31 а села Белогорье Подгоренского района Воронежской области;;'263362400108936240100100020014299244;;;16694706.32;RUB;0;;;;;;АДМИНИСТРАЦИЯ БЕЛОГОРЬЕВСКОГО СЕЛЬСКОГО ПОСЕЛЕНИЯ ПОДГОРЕНСКОГО МУНИЦИПАЛЬНОГО РАЙОНА ВОРОНЕЖСКОЙ ОБЛАСТИ;АДМИНИСТРАЦИЯ БЕЛОГОРЬЕВСКОГО СЕЛЬСКОГО ПОСЕЛЕНИЯ ПОДГОРЕНСКОГО МУНИЦИПАЛЬНОГО РАЙОНА ВОРОНЕЖСКОЙ ОБЛАСТИ;09.02.2026;02.03.2026;Закупка завершена;;;26.02.2026;
44-ФЗ;№0131300021826000007;Электронный аукцион;Содержание и обслуживание мест массового отдыха городского поселения -город Павловск Павловского муниципального района Воронежской области;;'263362000023936200100100630018129244;;;10816392.02;RUB;0;;;;;;АДМИНИСТРАЦИЯ ГОРОДСКОГО ПОСЕЛЕНИЯ ГОРОД ПАВЛОВСК ПАВЛОВСКОГО МУНИЦИПАЛЬНОГО РАЙОНА ВОРОНЕЖСКОЙ ОБЛАСТИ;АДМИНИСТРАЦИЯ ГОРОДСКОГО ПОСЕЛЕНИЯ ГОРОД ПАВЛОВСК ПАВЛОВСКОГО МУНИЦИПАЛЬНОГО РАЙОНА ВОРОНЕЖСКОЙ ОБЛАСТИ;18.02.2026;02.03.2026;Закупка завершена;;;26.02.2026;
44-ФЗ;№0830500000226000391;Электронный аукцион;Оказание услуг по проведению расширенного неонатального скрининга.;;'262352502347635250100100150028690244;;;24629514.00;RUB;0;;;;;;"БЮДЖЕТНОЕ УЧРЕЖДЕНИЕ ЗДРАВООХРАНЕНИЯ ВОЛОГОДСКОЙ ОБЛАСТИ ""ВОЛОГОДСКАЯ ОБЛАСТНАЯ КЛИНИЧЕСКАЯ БОЛЬНИЦА""";"ГОСУДАРСТВЕННОЕ КАЗЕННОЕ УЧРЕЖДЕНИЕ ВОЛОГОДСКОЙ ОБЛАСТИ ""ЦЕНТР ЗАКУПОК""";19.02.2026;02.03.2026;Закупка завершена;;;27.02.2026;
44-ФЗ;№0319300215926000001;Электронный аукцион на проведение работ по строительству, реконструкции, кап. ремонту, сносу объекта кап. строительства в соответствии с п. 8 ч. 1 ст. 33 Закона № 44-ФЗ;Капитальный ремонт дома, находящегося в муниципальной собственности;;'263880101088788010100100060014299243;;;10482685.58;RUB;0;;;;;;АДМИНИСТРАЦИЯ ПОСЕЛКА ЭКОНДА ЭВЕНКИЙСКОГО МУНИЦИПАЛЬНОГО РАЙОНА КРАСНОЯРСКОГО КРАЯ;АДМИНИСТРАЦИЯ ПОСЕЛКА ЭКОНДА ЭВЕНКИЙСКОГО МУНИЦИПАЛЬНОГО РАЙОНА КРАСНОЯРСКОГО КРАЯ;18.02.2026;02.03.2026;Закупка завершена;;;27.02.2026;
44-ФЗ;№0829500001126000850;Электронный аукцион;Поставка лекарственного препарата для медицинского применения Трипторелин;;'262344390134534430100101980012120244;;;5538360.00;RUB;0;;;;;;"ГОСУДАРСТВЕННОЕ БЮДЖЕТНОЕ УЧРЕЖДЕНИЕ ЗДРАВООХРАНЕНИЯ ""ВОЛГОГРАДСКИЙ ОБЛАСТНОЙ КЛИНИЧЕСКИЙ ОНКОЛОГИЧЕСКИЙ ДИСПАНСЕР""";"ГОСУДАРСТВЕННОЕ КАЗЕННОЕ УЧРЕЖДЕНИЕ  ""ЦЕНТР СОПРОВОЖДЕНИЯ ЗАКУПОК ГОСУДАРСТВЕННЫХ УЧРЕЖДЕНИЙ ЗДРАВООХРАНЕНИЯ ВОЛГОГРАДСКОЙ ОБЛАСТИ""";17.02.2026;02.03.2026;Закупка завершена;;;27.02.2026;
44-ФЗ;№0373200045226000268;Электронный аукцион;Электронный  аукцион на поставку лекарственных средств (МНН Иммуноглобулин антитимоцитарный лошадиный) (Повторно) для нужд ГБУЗ ММНКЦ имени С.П. Боткина ДЗМ.;;'262771408263677140100103550010000244;;;17784672.00;RUB;0;;;;;;"ГОСУДАРСТВЕННОЕ БЮДЖЕТНОЕ УЧРЕЖДЕНИЕ ЗДРАВООХРАНЕНИЯ ГОРОДА МОСКВЫ ""МОСКОВСКИЙ МНОГОПРОФИЛЬНЫЙ НАУЧНО-КЛИНИЧЕСКИЙ ЦЕНТР ИМЕНИ С.П. БОТКИНА"" ДЕПАРТАМЕНТА ЗДРАВООХРАНЕНИЯ ГОРОДА МОСКВЫ";"ГОСУДАРСТВЕННОЕ БЮДЖЕТНОЕ УЧРЕЖДЕНИЕ ЗДРАВООХРАНЕНИЯ ГОРОДА МОСКВЫ ""МОСКОВСКИЙ МНОГОПРОФИЛЬНЫЙ НАУЧНО-КЛИНИЧЕСКИЙ ЦЕНТР ИМЕНИ С.П. БОТКИНА"" ДЕПАРТАМЕНТА ЗДРАВООХРАНЕНИЯ ГОРОДА МОСКВЫ";17.02.2026;02.03.2026;Закупка завершена;;;26.02.2026;
44-ФЗ;№0319300219926000002;Электронный аукцион на проведение работ по строительству, реконструкции, кап. ремонту, сносу объекта кап. строительства в соответствии с п. 8 ч. 1 ст. 33 Закона № 44-ФЗ;Капитальный ремонт квартиры, находящейся в муниципальной собственности;;'263880101100988010100100050014299243;;;5624508.34;RUB;0;;;;;;АДМИНИСТРАЦИЯ ПОСЕЛКА ЧИРИНДА ЭВЕНКИЙСКОГО МУНИЦИПАЛЬНОГО РАЙОНА КРАСНОЯРСКОГО КРАЯ;АДМИНИСТРАЦИЯ ПОСЕЛКА ЧИРИНДА ЭВЕНКИЙСКОГО МУНИЦИПАЛЬНОГО РАЙОНА КРАСНОЯРСКОГО КРАЯ;19.02.2026;02.03.2026;Закупка завершена;;;27.02.2026;
44-ФЗ;№0820500000826000501;Электронный аукцион;Буферный промывающий раствор ИВД, автоматические/полуавтоматические системы;;'262253701738725370100100120020000244;;;6835741.92;RUB;0;;;;;;"КРАЕВОЕ ГОСУДАРСТВЕННОЕ БЮДЖЕТНОЕ УЧРЕЖДЕНИЕ ЗДРАВООХРАНЕНИЯ ""ВЛАДИВОСТОКСКИЙ КЛИНИЧЕСКИЙ МНОГОПРОФИЛЬНЫЙ МЕДИЦИНСКИЙ ЦЕНТР № 1""";"КРАЕВОЕ ГОСУДАРСТВЕННОЕ КАЗЕННОЕ УЧРЕЖДЕНИЕ ""ЦЕНТР ГОСУДАРСТВЕННЫХ ЗАКУПОК ПРИМОРСКОГО КРАЯ""";16.02.2026;02.03.2026;Закупка завершена;;;26.02.2026;
44-ФЗ;№0122300002626000001;Электронный аукцион;Приобретение и поставка модульной станция водоподготовки;;'263271100673327110100100230012829244;;;14187203.33;RUB;0;;;;;;"АДМИНИСТРАЦИЯ ГОРОДСКОГО ПОСЕЛЕНИЯ ""ГОРОД ВЯЗЕМСКИЙ"" ВЯЗЕМСКОГО МУНИЦИПАЛЬНОГО РАЙОНА ХАБАРОВСКОГО КРАЯ";"АДМИНИСТРАЦИЯ ГОРОДСКОГО ПОСЕЛЕНИЯ ""ГОРОД ВЯЗЕМСКИЙ"" ВЯЗЕМСКОГО МУНИЦИПАЛЬНОГО РАЙОНА ХАБАРОВСКОГО КРАЯ";18.02.2026;02.03.2026;Закупка завершена;;;26.02.2026;
44-ФЗ;№0356500001426000816;Электронный аукцион;"Услуги по организации лечебного питания пациентов ГБУЗ ПК ""Чайковская ЦГБ""";;'262592004644659200100100160010000244;;;66172658.91;RUB;0;;;;;;"ГОСУДАРСТВЕННОЕ БЮДЖЕТНОЕ УЧРЕЖДЕНИЕ ЗДРАВООХРАНЕНИЯ ПЕРМСКОГО КРАЯ ""ЧАЙКОВСКАЯ ЦЕНТРАЛЬНАЯ ГОРОДСКАЯ БОЛЬНИЦА""";"ГОСУДАРСТВЕННОЕ КАЗЕННОЕ УЧРЕЖДЕНИЕ ПЕРМСКОГО КРАЯ ""ЦЕНТР ОРГАНИЗАЦИИ ЗАКУПОК""";18.02.2026;02.03.2026;Закупка завершена;;;26.02.2026;
44-ФЗ;№0869200000226000946;Электронный аукцион;Выполнение работ, связанных с осуществлением регулярных перевозок пассажиров и багажа по регулируемым тарифам;;'262745145069374510100100030214931244;;;26643200.00;RUB;0;;;;;;"ОБЛАСТНОЕ ГОСУДАРСТВЕННОЕ КАЗЕННОЕ УЧРЕЖДЕНИЕ ""ОРГАНИЗАТОР ПЕРЕВОЗОК ЧЕЛЯБИНСКОЙ ОБЛАСТИ""";"ГОСУДАРСТВЕННОЕ КАЗЕННОЕ УЧРЕЖДЕНИЕ ""ЦЕНТР ОРГАНИЗАЦИИ ЗАКУПОК ЧЕЛЯБИНСКОЙ ОБЛАСТИ""";17.02.2026;02.03.2026;Закупка завершена;;;26.02.2026;
44-ФЗ;№0302300048726000173;Электронный аукцион;Разработка проектной и рабочей документации, прохождение государственных экспертиз по объекту: «Реконструкция системы очистки дымовых газов котельной микрорайона Загорск с сухой на мокрую»;;'263030002355203000100100060017112244;;;13006500.00;RUB;0;;;;;;"МУНИЦИПАЛЬНОЕ КАЗЕННОЕ УЧРЕЖДЕНИЕ ""УПРАВЛЕНИЕ ПО РЕАЛИЗАЦИИ ПРОЕКТА ""ЧИСТЫЙ ВОЗДУХ"" НА ТЕРРИТОРИИ Г. УЛАН-УДЭ""";"МУНИЦИПАЛЬНОЕ УЧРЕЖДЕНИЕ ""УПРАВЛЕНИЕ ПО МУНИЦИПАЛЬНЫМ ЗАКУПКАМ АДМИНИСТРАЦИИ Г.УЛАН-УДЭ""";19.02.2026;02.03.2026;Закупка завершена;;;27.02.2026;
44-ФЗ;№0356500001426000846;Запрос котировок в электронной форме;Поставка лекарственного препарата Трикафта;;'262590229330859020100101090010000323;;;19303622.52;RUB;0;;;;;;МИНИСТЕРСТВО ЗДРАВООХРАНЕНИЯ ПЕРМСКОГО КРАЯ;"ГОСУДАРСТВЕННОЕ КАЗЕННОЕ УЧРЕЖДЕНИЕ ПЕРМСКОГО КРАЯ ""ЦЕНТР ОРГАНИЗАЦИИ ЗАКУПОК""";18.02.2026;02.03.2026;Закупка завершена;;;26.02.2026;
44-ФЗ;№0373200067026000112;Электронный аукцион;"Поставка тележек для уборки помещений ГБУЗ ""НИИ СП им. Н.В. Склифосовского ДЗМ""";;'262770203632177020100101460010000244;;;5749800.00;RUB;0;;;;;;"ГОСУДАРСТВЕННОЕ БЮДЖЕТНОЕ УЧРЕЖДЕНИЕ ЗДРАВООХРАНЕНИЯ ГОРОДА МОСКВЫ ""НАУЧНО-ИССЛЕДОВАТЕЛЬСКИЙ ИНСТИТУТ СКОРОЙ ПОМОЩИ ИМ. Н.В. СКЛИФОСОВСКОГО ДЕПАРТАМЕНТА ЗДРАВООХРАНЕНИЯ ГОРОДА МОСКВЫ""";"ГОСУДАРСТВЕННОЕ БЮДЖЕТНОЕ УЧРЕЖДЕНИЕ ЗДРАВООХРАНЕНИЯ ГОРОДА МОСКВЫ ""НАУЧНО-ИССЛЕДОВАТЕЛЬСКИЙ ИНСТИТУТ СКОРОЙ ПОМОЩИ ИМ. Н.В. СКЛИФОСОВСКОГО ДЕПАРТАМЕНТА ЗДРАВООХРАНЕНИЯ ГОРОДА МОСКВЫ""";17.02.2026;02.03.2026;Закупка завершена;;;26.02.2026;
44-ФЗ;№0157600003326000009;Электронный аукцион;Выполнение работ по замене участка тепловых сетей от котельной № 4 МУП «ЖКХ» в микрорайоне «Остров-2»;;'263600001488660000100100520014322244;;;14999363.31;RUB;0;;;;;;АДМИНИСТРАЦИЯ ОСТРОВСКОГО МУНИЦИПАЛЬНОГО ОКРУГА;АДМИНИСТРАЦИЯ ОСТРОВСКОГО МУНИЦИПАЛЬНОГО ОКРУГА;18.02.2026;02.03.2026;Закупка завершена;;;27.02.2026;
44-ФЗ;№0112200000826000671;Запрос котировок в электронной форме;Комплект новорожденного для нужд ГБУЗ РТ «Перинатальный центр РТ» на 2026 г.;;'262170102642517010100100410013299244;;;10000000.00;RUB;0;;;;;;"ГОСУДАРСТВЕННОЕ БЮДЖЕТНОЕ УЧРЕЖДЕНИЕ ЗДРАВООХРАНЕНИЯ РЕСПУБЛИКИ ТЫВА ""ПЕРИНАТАЛЬНЫЙ ЦЕНТР РЕСПУБЛИКИ ТЫВА""";МИНИСТЕРСТВО РЕСПУБЛИКИ ТЫВА ПО РЕГУЛИРОВАНИЮ КОНТРАКТНОЙ СИСТЕМЫ В СФЕРЕ ЗАКУПОК;17.02.2026;02.03.2026;Закупка завершена;;;27.02.2026;
44-ФЗ;№0351200003326000311;Запрос котировок в электронной форме;2026-№327 Поставка лекарственных препаратов для медицинского применения: Трикафта;;'262540215512354020100100150080000244;;;51855804.00;RUB;0;;;;;;"ГОСУДАРСТВЕННОЕ КАЗЕННОЕ УЧРЕЖДЕНИЕ НОВОСИБИРСКОЙ ОБЛАСТИ ""НОВОСИБОБЛФАРМ""";"ГОСУДАРСТВЕННОЕ КАЗЕННОЕ УЧРЕЖДЕНИЕ НОВОСИБИРСКОЙ ОБЛАСТИ ""НОВОСИБОБЛФАРМ""";16.02.2026;02.03.2026;Закупка завершена;;;24.02.2026;
44-ФЗ;№0362300178026000022;Электронный аукцион;Работы, связанные с осуществлением регулярных перевозок пассажиров и багажа автомобильным транспортом по регулируемым тарифам на городских маршрутах;;'263662902196966820100100070014931244;;;6417672.14;RUB;0;;;;;;"МУНИЦИПАЛЬНОЕ КАЗЕННОЕ УЧРЕЖДЕНИЕ ""УПРАВЛЕНИЕ ГОРОДСКОГО ХОЗЯЙСТВА"" НОВОУРАЛЬСКОГО ГОРОДСКОГО ОКРУГА";"МУНИЦИПАЛЬНОЕ КАЗЕННОЕ УЧРЕЖДЕНИЕ ""УПРАВЛЕНИЕ ГОРОДСКОГО ХОЗЯЙСТВА"" НОВОУРАЛЬСКОГО ГОРОДСКОГО ОКРУГА";18.02.2026;02.03.2026;Закупка завершена;;;26.02.2026;
44-ФЗ;№0177200000926000190;Электронный аукцион;Поставка жилого помещения для государственных нужд в рамках реализации основного мероприятия «Формирование специализированного жилищного фонда для детей-сирот, детей, оставшихся без попечения родителей, лиц из числа детей-сирот и детей, оставшихся без попечения родителей» подпрограммы «Охрана семьи и детей» государственной программы «Обеспечение социальной защищенности и занятости населения» (с.Чемал,  Республика Алтай);;'262041112026204110100100570016810412;;;5780411.01;RUB;0;;;;;;"КАЗЕННОЕ УЧРЕЖДЕНИЕ РЕСПУБЛИКИ АЛТАЙ ""КОМПЛЕКСНЫЙ ЦЕНТР СОЦИАЛЬНОГО ОБСЛУЖИВАНИЯ НАСЕЛЕНИЯ""";МИНИСТЕРСТВО ЭКОНОМИЧЕСКОГО РАЗВИТИЯ РЕСПУБЛИКИ АЛТАЙ;13.02.2026;02.03.2026;Закупка завершена;;;27.02.2026;
44-ФЗ;№0180300003226000004;Электронный аукцион;Выполнение работ по ремонту автомобильных дорог, обеспечивающих подъезд к земельным участкам, выделенным льготной категории граждан для ИЖС;;'263190901040019090100100190014211244;;;6235295.00;RUB;0;;;;;;АДМИНИСТРАЦИЯ ГОРОДСКОГО ОКРУГА ГОРОДА АБАЗЫ РЕСПУБЛИКИ ХАКАСИЯ;АДМИНИСТРАЦИЯ ГОРОДСКОГО ОКРУГА ГОРОДА АБАЗЫ РЕСПУБЛИКИ ХАКАСИЯ;19.02.2026;02.03.2026;Закупка завершена;;;27.02.2026;
44-ФЗ;№0152300011926000121;Электронный аукцион;Оказание услуг по предоставлению денежных средств в рамках кредитной линии на финансирование дефицита бюджета города Омска и погашение муниципальных долговых обязательств (Реестровый номер 32.0130.26);;'263550302370155030100100200016419730;;;95000000.00;RUB;0;;;;;;ДЕПАРТАМЕНТ ФИНАНСОВ АДМИНИСТРАЦИИ ГОРОДА ОМСКА;ДЕПАРТАМЕНТ КОНТРАКТНОЙ СИСТЕМЫ В СФЕРЕ ЗАКУПОК АДМИНИСТРАЦИИ ГОРОДА ОМСКА;19.02.2026;02.03.2026;Закупка завершена;;;27.02.2026;
44-ФЗ;№0152300011926000117;Электронный аукцион;Оказание услуг по предоставлению денежных средств в рамках кредитной линии на финансирование дефицита бюджета города Омска и погашение муниципальных долговых обязательств (Реестровый номер 32.0127.26);;'263550302370155030100100170016419730;;;95000000.00;RUB;0;;;;;;ДЕПАРТАМЕНТ ФИНАНСОВ АДМИНИСТРАЦИИ ГОРОДА ОМСКА;ДЕПАРТАМЕНТ КОНТРАКТНОЙ СИСТЕМЫ В СФЕРЕ ЗАКУПОК АДМИНИСТРАЦИИ ГОРОДА ОМСКА;19.02.2026;02.03.2026;Закупка завершена;;;27.02.2026;
44-ФЗ;№0362300178026000021;Электронный аукцион;Работы, связанные с осуществлением регулярных перевозок пассажиров и багажа автомобильным транспортом по регулируемым тарифам на маршруте №76;;'263662902196966820100100050014931244;;;9851820.00;RUB;0;;;;;;"МУНИЦИПАЛЬНОЕ КАЗЕННОЕ УЧРЕЖДЕНИЕ ""УПРАВЛЕНИЕ ГОРОДСКОГО ХОЗЯЙСТВА"" НОВОУРАЛЬСКОГО ГОРОДСКОГО ОКРУГА";"МУНИЦИПАЛЬНОЕ КАЗЕННОЕ УЧРЕЖДЕНИЕ ""УПРАВЛЕНИЕ ГОРОДСКОГО ХОЗЯЙСТВА"" НОВОУРАЛЬСКОГО ГОРОДСКОГО ОКРУГА";18.02.2026;02.03.2026;Закупка завершена;;;26.02.2026;
44-ФЗ;№0356100029526000048;Электронный аукцион;Поставка медицинских расходных материалов;;'261590229378859020100100020260000244;;;15000000.00;RUB;0;;;;;;"ФЕДЕРАЛЬНОЕ ГОСУДАРСТВЕННОЕ БЮДЖЕТНОЕ УЧРЕЖДЕНИЕ ""ФЕДЕРАЛЬНЫЙ ЦЕНТР СЕРДЕЧНО-СОСУДИСТОЙ ХИРУРГИИ ИМЕНИ С.Г. СУХАНОВА"" МИНИСТЕРСТВА ЗДРАВООХРАНЕНИЯ РОССИЙСКОЙ ФЕДЕРАЦИИ (Г. ПЕРМЬ)";"ФЕДЕРАЛЬНОЕ ГОСУДАРСТВЕННОЕ БЮДЖЕТНОЕ УЧРЕЖДЕНИЕ ""ФЕДЕРАЛЬНЫЙ ЦЕНТР СЕРДЕЧНО-СОСУДИСТОЙ ХИРУРГИИ ИМЕНИ С.Г. СУХАНОВА"" МИНИСТЕРСТВА ЗДРАВООХРАНЕНИЯ РОССИЙСКОЙ ФЕДЕРАЦИИ (Г. ПЕРМЬ)";19.02.2026;02.03.2026;Закупка завершена;;;27.02.2026;
44-ФЗ;№0356100029526000049;Запрос котировок в электронной форме;Поставка комплектующих к системе желудочковой вспомогательной имплантируемой;;'261590229378859020100100020270000244;;;10000000.00;RUB;0;;;;;;"ФЕДЕРАЛЬНОЕ ГОСУДАРСТВЕННОЕ БЮДЖЕТНОЕ УЧРЕЖДЕНИЕ ""ФЕДЕРАЛЬНЫЙ ЦЕНТР СЕРДЕЧНО-СОСУДИСТОЙ ХИРУРГИИ ИМЕНИ С.Г. СУХАНОВА"" МИНИСТЕРСТВА ЗДРАВООХРАНЕНИЯ РОССИЙСКОЙ ФЕДЕРАЦИИ (Г. ПЕРМЬ)";"ФЕДЕРАЛЬНОЕ ГОСУДАРСТВЕННОЕ БЮДЖЕТНОЕ УЧРЕЖДЕНИЕ ""ФЕДЕРАЛЬНЫЙ ЦЕНТР СЕРДЕЧНО-СОСУДИСТОЙ ХИРУРГИИ ИМЕНИ С.Г. СУХАНОВА"" МИНИСТЕРСТВА ЗДРАВООХРАНЕНИЯ РОССИЙСКОЙ ФЕДЕРАЦИИ (Г. ПЕРМЬ)";19.02.2026;02.03.2026;Закупка завершена;;;27.02.2026;
44-ФЗ;№0356500001426000835;Электронный аукцион;Оказание комплекса услуг по созданию (организации) постоянной экспозиции Советского искусства, первая половина XX в. (1920-1950 гг.)  ;;'262590229248859020100100060010000244;;;9800000.00;RUB;0;;;;;;"ГОСУДАРСТВЕННОЕ КРАЕВОЕ БЮДЖЕТНОЕ УЧРЕЖДЕНИЕ КУЛЬТУРЫ ""ПЕРМСКАЯ ГОСУДАРСТВЕННАЯ ХУДОЖЕСТВЕННАЯ ГАЛЕРЕЯ""";"ГОСУДАРСТВЕННОЕ КАЗЕННОЕ УЧРЕЖДЕНИЕ ПЕРМСКОГО КРАЯ ""ЦЕНТР ОРГАНИЗАЦИИ ЗАКУПОК""";18.02.2026;02.03.2026;Закупка завершена;;;26.02.2026;
44-ФЗ;№0356500001426000838;Электронный аукцион;Оказание комплекса услуг по созданию (организации) постоянной экспозиции Народного искусства ;;'262590229248859020100100070010000244;;;6885000.00;RUB;0;;;;;;"ГОСУДАРСТВЕННОЕ КРАЕВОЕ БЮДЖЕТНОЕ УЧРЕЖДЕНИЕ КУЛЬТУРЫ ""ПЕРМСКАЯ ГОСУДАРСТВЕННАЯ ХУДОЖЕСТВЕННАЯ ГАЛЕРЕЯ""";"ГОСУДАРСТВЕННОЕ КАЗЕННОЕ УЧРЕЖДЕНИЕ ПЕРМСКОГО КРАЯ ""ЦЕНТР ОРГАНИЗАЦИИ ЗАКУПОК""";18.02.2026;02.03.2026;Закупка завершена;;;26.02.2026;
44-ФЗ;№0161300011126000024;Электронный аукцион;Капитальный ремонт объектов водоснабжения Поронайского муниципального округа (ремонт ограждения ВНС Гончарово);;'263650701422765070100100900014329243;;;5140211.92;RUB;0;;;;;;ДЕПАРТАМЕНТ МУНИЦИПАЛЬНОГО ЗАКАЗА АДМИНИСТРАЦИИ ПОРОНАЙСКОГО МУНИЦИПАЛЬНОГО ОКРУГА САХАЛИНСКОЙ ОБЛАСТИ;ДЕПАРТАМЕНТ МУНИЦИПАЛЬНОГО ЗАКАЗА АДМИНИСТРАЦИИ ПОРОНАЙСКОГО МУНИЦИПАЛЬНОГО ОКРУГА САХАЛИНСКОЙ ОБЛАСТИ;18.02.2026;02.03.2026;Закупка завершена;;;26.02.2026;
44-ФЗ;№0356500001426000732;Электронный аукцион;Поставка лекарственного препарата для медицинского применения (Пеметрексед);;262590500335059050100100720010000244, 262598100789259810100100430010000244;;;24973305.50;RUB;0;;;;;;;"ГОСУДАРСТВЕННОЕ КАЗЕННОЕ УЧРЕЖДЕНИЕ ПЕРМСКОГО КРАЯ ""ЦЕНТР ОРГАНИЗАЦИИ ЗАКУПОК""";16.02.2026;02.03.2026;Закупка завершена;;;26.02.2026;
44-ФЗ;№0117300067826000014;Электронный аукцион на проведение работ по строительству, реконструкции, кап. ремонту, сносу объекта кап. строительства в соответствии с п. 8 ч. 1 ст. 33 Закона № 44-ФЗ;"МБОУ ""Средняя общеобразовательная школа №31 имени Героя Советского Союза А.В. Спекова"" на 350 мест по адресу: ул. Волочаевская, 6 в г. Бийске (Наружные сети канализации)";;'263222602106022040100100090014299414;;;26570315.19;RUB;0;;;;;;"МУНИЦИПАЛЬНОЕ КАЗЕННОЕ УЧРЕЖДЕНИЕ ""УПРАВЛЕНИЕ КАПИТАЛЬНОГО СТРОИТЕЛЬСТВА АДМИНИСТРАЦИИ ГОРОДА БИЙСКА""";АДМИНИСТРАЦИЯ ГОРОДА БИЙСКА;19.02.2026;02.03.2026;Закупка завершена;;;27.02.2026;
44-ФЗ;№0356500001426000746;Электронный аукцион;Поставка лекарственных препаратов (Йопромид);;'262590229228759040100100310010000244;;;12209040.00;RUB;0;;;;;;"ГОСУДАРСТВЕННОЕ БЮДЖЕТНОЕ УЧРЕЖДЕНИЕ ЗДРАВООХРАНЕНИЯ ПЕРМСКОГО КРАЯ ""КЛИНИЧЕСКИЙ КАРДИОЛОГИЧЕСКИЙ ДИСПАНСЕР""";"ГОСУДАРСТВЕННОЕ КАЗЕННОЕ УЧРЕЖДЕНИЕ ПЕРМСКОГО КРАЯ ""ЦЕНТР ОРГАНИЗАЦИИ ЗАКУПОК""";16.02.2026;02.03.2026;Закупка завершена;;;26.02.2026;
44-ФЗ;№0869200000226001050;Электронный аукцион;На поставку Специализированных продуктов лечебного питания;;'262745313582774530100100010040000323;;;39131910.56;RUB;0;;;;;;МИНИСТЕРСТВО ЗДРАВООХРАНЕНИЯ ЧЕЛЯБИНСКОЙ ОБЛАСТИ;"ГОСУДАРСТВЕННОЕ КАЗЕННОЕ УЧРЕЖДЕНИЕ ""ЦЕНТР ОРГАНИЗАЦИИ ЗАКУПОК ЧЕЛЯБИНСКОЙ ОБЛАСТИ""";19.02.2026;02.03.2026;Закупка завершена;;;27.02.2026;
44-ФЗ;№0190200000326001163;Электронный аукцион;Поставка лекарственного препарата для медицинского применения Дапаглифлозин;;'262890100700689010100100180090000323;;;5003779.80;RUB;0;;;;;;"ГОСУДАРСТВЕННОЕ КАЗЁННОЕ УЧРЕЖДЕНИЕ ЯМАЛО-НЕНЕЦКОГО АВТОНОМНОГО ОКРУГА ""ЦЕНТР РЕСУРСНОГО ОБЕСПЕЧЕНИЯ В СФЕРЕ ЗДРАВООХРАНЕНИЯ""";ДЕПАРТАМЕНТ ГОСУДАРСТВЕННОГО ЗАКАЗА ЯМАЛО-НЕНЕЦКОГО АВТОНОМНОГО ОКРУГА;16.02.2026;02.03.2026;Закупка завершена;;;26.02.2026;
44-ФЗ;№0180300000226000048;Электронный аукцион;Выполнение работ по ремонту асфальтового покрытия (ямочный ремонт) улично-дорожной сети города Абакана, расположенной севернее железной дороги;;'263190112923419010100100070014211244;;;7275000.00;RUB;0;;;;;;"МУНИЦИПАЛЬНОЕ КАЗЁННОЕ УЧРЕЖДЕНИЕ ГОРОДА АБАКАНА ""СПЕЦАВТОБАЗА ЖИЛИЩНО-КОММУНАЛЬНОГО ХОЗЯЙСТВА""";КОМИТЕТ МУНИЦИПАЛЬНОЙ ЭКОНОМИКИ АДМИНИСТРАЦИИ ГОРОДА АБАКАНА;18.02.2026;02.03.2026;Закупка завершена;;;26.02.2026;
44-ФЗ;№0180300000226000062;Электронный аукцион;Услуги по предоставлению кредита (оплата процентов за пользование кредитом);;'263190102030019010100100280016419730;;;28791915.54;RUB;0;;;;;;АДМИНИСТРАЦИЯ ГОРОДА АБАКАНА;КОМИТЕТ МУНИЦИПАЛЬНОЙ ЭКОНОМИКИ АДМИНИСТРАЦИИ ГОРОДА АБАКАНА;19.02.2026;02.03.2026;Закупка завершена;;;27.02.2026;
44-ФЗ;№0180300000226000061;Электронный аукцион;Услуги по предоставлению кредита (оплата процентов за пользование кредитом);;'263190102030019010100100270016419730;;;35989894.46;RUB;0;;;;;;АДМИНИСТРАЦИЯ ГОРОДА АБАКАНА;КОМИТЕТ МУНИЦИПАЛЬНОЙ ЭКОНОМИКИ АДМИНИСТРАЦИИ ГОРОДА АБАКАНА;19.02.2026;02.03.2026;Закупка завершена;;;27.02.2026;
44-ФЗ;№0180300000226000060;Электронный аукцион;Услуги по предоставлению кредита (оплата процентов за пользование кредитом);;'263190102030019010100100260016419730;;;35989894.46;RUB;0;;;;;;АДМИНИСТРАЦИЯ ГОРОДА АБАКАНА;КОМИТЕТ МУНИЦИПАЛЬНОЙ ЭКОНОМИКИ АДМИНИСТРАЦИИ ГОРОДА АБАКАНА;19.02.2026;02.03.2026;Закупка завершена;;;27.02.2026;
44-ФЗ;№0180300000226000058;Электронный аукцион;Услуги по предоставлению кредита (оплата процентов за пользование кредитом);;'263190102030019010100100250016419730;;;35989894.46;RUB;0;;;;;;АДМИНИСТРАЦИЯ ГОРОДА АБАКАНА;КОМИТЕТ МУНИЦИПАЛЬНОЙ ЭКОНОМИКИ АДМИНИСТРАЦИИ ГОРОДА АБАКАНА;19.02.2026;02.03.2026;Закупка завершена;;;27.02.2026;
44-ФЗ;№0860100002126000005;Электронный аукцион;Многофункциональные устройства (МФУ) в рамках государственного оборонного заказа на 2026 год в целях обеспечения государственной программы вооружения ;;'261631832039564510100100000232620211;;;6221500.00;RUB;0;;;;;;"ФЕДЕРАЛЬНОЕ КАЗЕННОЕ УЧРЕЖДЕНИЕ ""ЦЕНТР ИНЖЕНЕРНО-ТЕХНИЧЕСКОГО ОБЕСПЕЧЕНИЯ И ВООРУЖЕНИЯ УПРАВЛЕНИЯ ФЕДЕРАЛЬНОЙ СЛУЖБЫ ИСПОЛНЕНИЯ НАКАЗАНИЙ ПО САРАТОВСКОЙ ОБЛАСТИ""";"ФЕДЕРАЛЬНОЕ КАЗЕННОЕ УЧРЕЖДЕНИЕ ""ЦЕНТР ИНЖЕНЕРНО-ТЕХНИЧЕСКОГО ОБЕСПЕЧЕНИЯ И ВООРУЖЕНИЯ УПРАВЛЕНИЯ ФЕДЕРАЛЬНОЙ СЛУЖБЫ ИСПОЛНЕНИЯ НАКАЗАНИЙ ПО САРАТОВСКОЙ ОБЛАСТИ""";18.02.2026;02.03.2026;Закупка завершена;;;27.02.2026;
44-ФЗ;№0167300017626000007;Электронный аукцион;Строительство участка автомобильной дороги с. Зиново, ул. Молодежная;;'263720701256672070100100050014211414;;;13634145.38;RUB;0;;;;;;"МУНИЦИПАЛЬНОЕ КАЗЁННОЕ УЧРЕЖДЕНИЕ ЯЛУТОРОВСКОГО МУНИЦИПАЛЬНОГО ОКРУГА ""СЛУЖБА ЗАКАЗЧИКА""";АДМИНИСТРАЦИЯ ЯЛУТОРОВСКОГО МУНИЦИПАЛЬНОГО ОКРУГА;19.02.2026;02.03.2026;Закупка завершена;;;27.02.2026;
44-ФЗ;№0380200000126000784;Электронный аукцион;Выполнение работ по ремонту автомобильной дороги Шира-Новоселово на участке км 17+000 - км 19+900 в Ширинском районе Республики Хакасия;;'262190108224019010100100120014211244;;;69995013.65;RUB;0;;;;;;"ГОСУДАРСТВЕННОЕ КАЗЕННОЕ УЧРЕЖДЕНИЕ РЕСПУБЛИКИ ХАКАСИЯ ""УПРАВЛЕНИЕ АВТОМОБИЛЬНЫХ ДОРОГ РЕСПУБЛИКИ ХАКАСИЯ""";ГОСУДАРСТВЕННЫЙ КОМИТЕТ ПО РЕГУЛИРОВАНИЮ КОНТРАКТНОЙ СИСТЕМЫ В СФЕРЕ ЗАКУПОК РЕСПУБЛИКИ ХАКАСИЯ;18.02.2026;02.03.2026;Закупка завершена;;;26.02.2026;
44-ФЗ;№0317300301926000117;Электронный аукцион;Приобретение жилого помещения (квартиры) в муниципальную собственность;;'263222501830722250100100670016810412;;;6929418.56;RUB;0;;;;;;КОМИТЕТ ЖИЛИЩНО-КОММУНАЛЬНОГО ХОЗЯЙСТВА ГОРОДА БАРНАУЛА;КОМИТЕТ МУНИЦИПАЛЬНОГО ЗАКАЗА ГОРОДА БАРНАУЛА;18.02.2026;02.03.2026;Закупка завершена;;;26.02.2026;
44-ФЗ;№0817200000326001337;Электронный аукцион;Поставка медицинских изделий в 2026-2027 годах (Лот 7.1);;'262222401314422240100102160130000244;;;6583000.00;RUB;0;;;;;;"КРАЕВОЕ ГОСУДАРСТВЕННОЕ БЮДЖЕТНОЕ УЧРЕЖДЕНИЕ ЗДРАВООХРАНЕНИЯ ""КРАЕВАЯ КЛИНИЧЕСКАЯ БОЛЬНИЦА СКОРОЙ МЕДИЦИНСКОЙ ПОМОЩИ""";"КРАЕВОЕ ГОСУДАРСТВЕННОЕ КАЗЕННОЕ УЧРЕЖДЕНИЕ ""ЦЕНТР ГОСУДАРСТВЕННЫХ ЗАКУПОК АЛТАЙСКОГО КРАЯ""";18.02.2026;02.03.2026;Закупка завершена;;;27.02.2026;
44-ФЗ;№0369300076126000002;Электронный аукцион;Капитальный ремонт автомобильной дороги по ул. Набережная д. Сухоруково Еткульского района Челябинской области;;'263743000835774300100100030014211243;;;8996771.77;RUB;0;;;;;;"МУНИЦИПАЛЬНОЕ КАЗЕННОЕ УЧРЕЖДЕНИЕ ""СЛУЖБА ЖИЛИЩНО-КОММУНАЛЬНОГО ХОЗЯЙСТВА И ИНЖЕНЕРНОЙ ИНФРАСТРУКТУРЫ""";"МУНИЦИПАЛЬНОЕ КАЗЕННОЕ УЧРЕЖДЕНИЕ ""СЛУЖБА ЖИЛИЩНО-КОММУНАЛЬНОГО ХОЗЯЙСТВА И ИНЖЕНЕРНОЙ ИНФРАСТРУКТУРЫ""";18.02.2026;02.03.2026;Закупка завершена;;;26.02.2026;
44-ФЗ;№0138200002126000006;Электронный аукцион;Приобретение квартиры  в собственность Камчатского края;;'262410112131241010100100440016810412;;;7915294.00;RUB;0;;;;;;МИНИСТЕРСТВО ИМУЩЕСТВЕННЫХ И ЗЕМЕЛЬНЫХ ОТНОШЕНИЙ КАМЧАТСКОГО КРАЯ;МИНИСТЕРСТВО ИМУЩЕСТВЕННЫХ И ЗЕМЕЛЬНЫХ ОТНОШЕНИЙ КАМЧАТСКОГО КРАЯ;19.02.2026;02.03.2026;Закупка завершена;;;27.02.2026;
44-ФЗ;№0138200002126000005;Электронный аукцион;Приобретение квартиры  в собственность Камчатского края;;'262410112131241010100100430016810412;;;7721995.00;RUB;0;;;;;;МИНИСТЕРСТВО ИМУЩЕСТВЕННЫХ И ЗЕМЕЛЬНЫХ ОТНОШЕНИЙ КАМЧАТСКОГО КРАЯ;МИНИСТЕРСТВО ИМУЩЕСТВЕННЫХ И ЗЕМЕЛЬНЫХ ОТНОШЕНИЙ КАМЧАТСКОГО КРАЯ;18.02.2026;02.03.2026;Закупка завершена;;;26.02.2026;
44-ФЗ;№0820500000826000592;Электронный аукцион на проведение работ по строительству, реконструкции, кап. ремонту, сносу объекта кап. строительства в соответствии с п. 8 ч. 1 ст. 33 Закона № 44-ФЗ;Выполнение работ по капитальному ремонту объекта капитального строительства в сфере здравоохранения (Капитальный ремонт крыши здания хирургического корпуса КГБУЗ «ВКБ №1» по адресу: Приморский край, г Владивосток, ул. Садовая 22);;'262250400167025400100100550014120243;;;25197089.55;RUB;0;;;;;;"КРАЕВОЕ ГОСУДАРСТВЕННОЕ БЮДЖЕТНОЕ УЧРЕЖДЕНИЕ ЗДРАВООХРАНЕНИЯ ""ВЛАДИВОСТОКСКАЯ КЛИНИЧЕСКАЯ БОЛЬНИЦА № 1""";"КРАЕВОЕ ГОСУДАРСТВЕННОЕ КАЗЕННОЕ УЧРЕЖДЕНИЕ ""ЦЕНТР ГОСУДАРСТВЕННЫХ ЗАКУПОК ПРИМОРСКОГО КРАЯ""";18.02.2026;02.03.2026;Закупка завершена;;;26.02.2026;
44-ФЗ;№1002500003326000010;Электронный аукцион;Оказание авиационных транспортных услуг на среднем вертолете с экипажем для проведения работ по тушению лесных пожаров на территории лесного фонда Республики Бурятия силами Автономного учреждения Республики Бурятия «Забайкальская база авиационной охраны лесов» в 2026 году;;'262032653673503260100100110015229244;;;35402432.00;RUB;0;;;;;;"АВТОНОМНОЕ УЧРЕЖДЕНИЕ РЕСПУБЛИКИ БУРЯТИЯ ""ЗАБАЙКАЛЬСКАЯ БАЗА АВИАЦИОННОЙ ОХРАНЫ ЛЕСОВ""";"АВТОНОМНОЕ УЧРЕЖДЕНИЕ РЕСПУБЛИКИ БУРЯТИЯ ""ЗАБАЙКАЛЬСКАЯ БАЗА АВИАЦИОННОЙ ОХРАНЫ ЛЕСОВ""";19.02.2026;02.03.2026;Закупка завершена;;;27.02.2026;
44-ФЗ;№0339100004526000006;Электронный аукцион на проведение работ по строительству, реконструкции, кап. ремонту, сносу объекта кап. строительства в соответствии с п. 8 ч. 1 ст. 33 Закона № 44-ФЗ;Выполнение работ по капитальному ремонту объекта государственного имущества ФКУ БМТиВС ГУФСИН России по Кемеровской области - Кузбассу нежилого здания Литер А (общестроительные работы 2-го этажа), расположенного по адресу: г. Кемерово, пр. Кузнецкий, д. 37;;'261753604988242050100100130014339243;;;5252805.09;RUB;0;;;;;;"ФЕДЕРАЛЬНОЕ КАЗЕННОЕ УЧРЕЖДЕНИЕ ""БАЗА МАТЕРИАЛЬНО-ТЕХНИЧЕСКОГО И ВОЕННОГО СНАБЖЕНИЯ ГЛАВНОГО УПРАВЛЕНИЯ ФЕДЕРАЛЬНОЙ СЛУЖБЫ ИСПОЛНЕНИЯ НАКАЗАНИЙ ПО КЕМЕРОВСКОЙ ОБЛАСТИ - КУЗБАССУ""";"ФЕДЕРАЛЬНОЕ КАЗЕННОЕ УЧРЕЖДЕНИЕ ""БАЗА МАТЕРИАЛЬНО-ТЕХНИЧЕСКОГО И ВОЕННОГО СНАБЖЕНИЯ ГЛАВНОГО УПРАВЛЕНИЯ ФЕДЕРАЛЬНОЙ СЛУЖБЫ ИСПОЛНЕНИЯ НАКАЗАНИЙ ПО КЕМЕРОВСКОЙ ОБЛАСТИ - КУЗБАССУ""";19.02.2026;02.03.2026;Закупка завершена;;;27.02.2026;
44-ФЗ;№0320300031126000024;Электронный аукцион;Выполнение работ по содержанию действующей сети автомобильных дорог местного значения, расположенных в границах населенных пунктов Воздвиженской территории, Краснояровской территории, Кондратеновской территории, Раковской территории в период с 01.04.2026 по 31.10.2026;;'263251103194025110100100050014211244;;;18060134.62;RUB;0;;;;;;"МУНИЦИПАЛЬНОЕ КАЗЁННОЕ УЧРЕЖДЕНИЕ ""СЛУЖБА ЕДИНОГО ЗАКАЗЧИКА - ЗАСТРОЙЩИКА"" УССУРИЙСКОГО ГОРОДСКОГО ОКРУГА ПРИМОРСКОГО КРАЯ";"МУНИЦИПАЛЬНОЕ КАЗЁННОЕ УЧРЕЖДЕНИЕ ""СЛУЖБА ЕДИНОГО ЗАКАЗЧИКА - ЗАСТРОЙЩИКА"" УССУРИЙСКОГО ГОРОДСКОГО ОКРУГА ПРИМОРСКОГО КРАЯ";19.02.2026;02.03.2026;Закупка завершена;;;27.02.2026;
44-ФЗ;№0351300097126000003;Электронный аукцион;оказание услуг по физической охране учреждений;;263545120250654510100100050018010244, 263545110554154510100100070018010244, 263545110550254510100100080018010244, 263545110549254510100100060018010244, 263545110560854510100100080018010244, 263545120299354510100100070018010244, 263545120275354510100100070018010244, 263545110556654510100100090018010244, 263545110562254510100100080018010244, 263545120276054510100100070018010244, 263545110454854510100100080018010244, 263545110345654510100100060018010244, 263545110561554510100100160018010244, 263545120263354510100100090018010244, 263545111297254510100100070018010244, 263545120252054510100100060018010244, 263545120272154510100100070018010244;;;13833072.00;RUB;0;;;;;;;"МУНИЦИПАЛЬНОЕ КАЗЕННОЕ УЧРЕЖДЕНИЕ ""ЦЕНТР БУХГАЛТЕРСКОГО И МАТЕРИАЛЬНО-ТЕХНИЧЕСКОГО ОБЕСПЕЧЕНИЯ БАРАБИНСКОГО РАЙОНА НОВОСИБИРСКОЙ ОБЛАСТИ""";19.02.2026;02.03.2026;Закупка завершена;;;27.02.2026;
44-ФЗ;№0152300011926000124;Электронный аукцион;Оказание услуг по предоставлению денежных средств в рамках кредитной линии на финансирование дефицита бюджета города Омска и погашение муниципальных долговых обязательств (Реестровый номер 32.0132.26);;'263550302370155030100100220016419730;;;95000000.00;RUB;0;;;;;;ДЕПАРТАМЕНТ ФИНАНСОВ АДМИНИСТРАЦИИ ГОРОДА ОМСКА;ДЕПАРТАМЕНТ КОНТРАКТНОЙ СИСТЕМЫ В СФЕРЕ ЗАКУПОК АДМИНИСТРАЦИИ ГОРОДА ОМСКА;19.02.2026;02.03.2026;Закупка завершена;;;27.02.2026;
44-ФЗ;№0152300011926000122;Электронный аукцион;Оказание услуг по предоставлению денежных средств в рамках кредитной линии на финансирование дефицита бюджета города Омска и погашение муниципальных долговых обязательств (Реестровый номер 32.0131.26);;'263550302370155030100100210016419730;;;95000000.00;RUB;0;;;;;;ДЕПАРТАМЕНТ ФИНАНСОВ АДМИНИСТРАЦИИ ГОРОДА ОМСКА;ДЕПАРТАМЕНТ КОНТРАКТНОЙ СИСТЕМЫ В СФЕРЕ ЗАКУПОК АДМИНИСТРАЦИИ ГОРОДА ОМСКА;19.02.2026;02.03.2026;Закупка завершена;;;27.02.2026;
44-ФЗ;№0152300011926000119;Электронный аукцион;Оказание услуг по предоставлению денежных средств в рамках кредитной линии на финансирование дефицита бюджета города Омска и погашение муниципальных долговых обязательств (Реестровый номер 32.0128.26);;'263550302370155030100100180016419730;;;95000000.00;RUB;0;;;;;;ДЕПАРТАМЕНТ ФИНАНСОВ АДМИНИСТРАЦИИ ГОРОДА ОМСКА;ДЕПАРТАМЕНТ КОНТРАКТНОЙ СИСТЕМЫ В СФЕРЕ ЗАКУПОК АДМИНИСТРАЦИИ ГОРОДА ОМСКА;19.02.2026;02.03.2026;Закупка завершена;;;27.02.2026;
44-ФЗ;№0820500000826000185;Электронный аукцион;оказание услуг по эксплуатационно-техническому обслуживанию комплексов аппаратно-программных «Вокорд-Трафик Р» автоматической фиксации нарушений Правил дорожного движения РФ на территории Приморского края;;'262254005661125430100100110014211244;;;5780000.00;RUB;0;;;;;;"КРАЕВОЕ ГОСУДАРСТВЕННОЕ КАЗЕННОЕ УЧРЕЖДЕНИЕ ""ПРИМГОСАВТОНАДЗОР""";"КРАЕВОЕ ГОСУДАРСТВЕННОЕ КАЗЕННОЕ УЧРЕЖДЕНИЕ ""ЦЕНТР ГОСУДАРСТВЕННЫХ ЗАКУПОК ПРИМОРСКОГО КРАЯ""";03.02.2026;02.03.2026;Закупка завершена;;;27.02.2026;
44-ФЗ;№0338100001826000039;Электронный аукцион на проведение работ по строительству, реконструкции, кап. ремонту, сносу объекта кап. строительства в соответствии с п. 8 ч. 1 ст. 33 Закона № 44-ФЗ;Выполнение работ по капитальному ремонту объекта капитального строительства;;'261410000114041010100100020104120243;;;9988947.08;RUB;0;;;;;;"ФЕДЕРАЛЬНОЕ ГОСУДАРСТВЕННОЕ БЮДЖЕТНОЕ ОБРАЗОВАТЕЛЬНОЕ УЧРЕЖДЕНИЕ ВЫСШЕГО ОБРАЗОВАНИЯ ""КАМЧАТСКИЙ ГОСУДАРСТВЕННЫЙ ТЕХНИЧЕСКИЙ УНИВЕРСИТЕТ""";"ФЕДЕРАЛЬНОЕ ГОСУДАРСТВЕННОЕ БЮДЖЕТНОЕ ОБРАЗОВАТЕЛЬНОЕ УЧРЕЖДЕНИЕ ВЫСШЕГО ОБРАЗОВАНИЯ ""КАМЧАТСКИЙ ГОСУДАРСТВЕННЫЙ ТЕХНИЧЕСКИЙ УНИВЕРСИТЕТ""";17.02.2026;02.03.2026;Закупка завершена;;;26.02.2026;
44-ФЗ;№0152300011926000120;Электронный аукцион;Оказание услуг по предоставлению денежных средств в рамках кредитной линии на финансирование дефицита бюджета города Омска и погашение муниципальных долговых обязательств (Реестровый номер 32.0129.26);;'263550302370155030100100190016419730;;;95000000.00;RUB;0;;;;;;ДЕПАРТАМЕНТ ФИНАНСОВ АДМИНИСТРАЦИИ ГОРОДА ОМСКА;ДЕПАРТАМЕНТ КОНТРАКТНОЙ СИСТЕМЫ В СФЕРЕ ЗАКУПОК АДМИНИСТРАЦИИ ГОРОДА ОМСКА;19.02.2026;02.03.2026;Закупка завершена;;;27.02.2026;
44-ФЗ;№0152300011926000112;Электронный аукцион на проведение работ по строительству, реконструкции, кап. ремонту, сносу объекта кап. строительства в соответствии с п. 8 ч. 1 ст. 33 Закона № 44-ФЗ;"Выполнение работ по капитальному ремонту объекта: ""Капитальный ремонт здания БОУ г. Омска «Средняя общеобразовательная школа № 134», расположенного по адресу: г. Омск, Космический проспект, д. 79"" (Реестровый номер 33.0126.26)";;'263550305358355030100100130014120243;;;73362557.88;RUB;0;;;;;;ДЕПАРТАМЕНТ СТРОИТЕЛЬСТВА АДМИНИСТРАЦИИ ГОРОДА ОМСКА;ДЕПАРТАМЕНТ КОНТРАКТНОЙ СИСТЕМЫ В СФЕРЕ ЗАКУПОК АДМИНИСТРАЦИИ ГОРОДА ОМСКА;18.02.2026;02.03.2026;Закупка завершена;;;26.02.2026;
44-ФЗ;№0302300048726000175;Электронный аукцион на проведение работ по строительству, реконструкции, кап. ремонту, сносу объекта кап. строительства в соответствии с п. 8 ч. 1 ст. 33 Закона № 44-ФЗ;"Перевод угольной котельной муниципального автономного общеобразовательного учреждения ""Основная общеобразовательная школа №23"" на электрические котлы";;'263030002355203000100100110014322244;;;9043076.82;RUB;0;;;;;;"МУНИЦИПАЛЬНОЕ КАЗЕННОЕ УЧРЕЖДЕНИЕ ""УПРАВЛЕНИЕ ПО РЕАЛИЗАЦИИ ПРОЕКТА ""ЧИСТЫЙ ВОЗДУХ"" НА ТЕРРИТОРИИ Г. УЛАН-УДЭ""";"МУНИЦИПАЛЬНОЕ УЧРЕЖДЕНИЕ ""УПРАВЛЕНИЕ ПО МУНИЦИПАЛЬНЫМ ЗАКУПКАМ АДМИНИСТРАЦИИ Г.УЛАН-УДЭ""";19.02.2026;02.03.2026;Закупка завершена;;;27.02.2026;
44-ФЗ;№0152300011926000098;Электронный аукцион на проведение работ по строительству, реконструкции, кап. ремонту, сносу объекта кап. строительства в соответствии с п. 8 ч. 1 ст. 33 Закона № 44-ФЗ;"Выполнение работ по капитальному ремонту объекта: ""Капитальный ремонт здания БОУ г. Омска «Средняя общеобразовательная школа № 122» расположенной по адресу: 644030, г. Омск, ул. Полторацкого, 51"" (Реестровый номер 33.0098.26)";;'263550305358355030100100120014120243;;;94312481.99;RUB;0;;;;;;ДЕПАРТАМЕНТ СТРОИТЕЛЬСТВА АДМИНИСТРАЦИИ ГОРОДА ОМСКА;ДЕПАРТАМЕНТ КОНТРАКТНОЙ СИСТЕМЫ В СФЕРЕ ЗАКУПОК АДМИНИСТРАЦИИ ГОРОДА ОМСКА;13.02.2026;02.03.2026;Закупка завершена;;;26.02.2026;
44-ФЗ;№0391600000826000001;Электронный аукцион;"Обустройство придомовой территории по улице Российская, д.3, в пгт. Новокручининский, Читинского района, Забайкальского края в рамках реализации Плана ЦЭР ""Благоустройство дальневосточных дворов""";;'263752418796975240100100030014299244;;;7830350.57;RUB;0;;;;;;"МУНИЦИПАЛЬНОЕ БЮДЖЕТНОЕ УЧРЕЖДЕНИЕ ""ЦЕНТР МАТЕРИАЛЬНО-ТЕХНИЧЕСКОГО И ТРАНСПОРТНОГО ОБСЛУЖИВАНИЯ НОВОКРУЧИНИНСКОЙ ГОРОДСКОЙ АДМИНИСТРАЦИИ АДМИНИСТРАЦИИ ЧИТИНСКОГО МУНИЦИПАЛЬНОГО ОКРУГА ЗАБАЙКАЛЬСКОГО КРАЯ""";"МУНИЦИПАЛЬНОЕ БЮДЖЕТНОЕ УЧРЕЖДЕНИЕ ""ЦЕНТР МАТЕРИАЛЬНО-ТЕХНИЧЕСКОГО И ТРАНСПОРТНОГО ОБСЛУЖИВАНИЯ НОВОКРУЧИНИНСКОЙ ГОРОДСКОЙ АДМИНИСТРАЦИИ АДМИНИСТРАЦИИ ЧИТИНСКОГО МУНИЦИПАЛЬНОГО ОКРУГА ЗАБАЙКАЛЬСКОГО КРАЯ""";19.02.2026;02.03.2026;Закупка завершена;;;27.02.2026;
44-ФЗ;№0351100012926000014;Электронный аукцион;Ткань камвольная шерстяная костюмная (для сотрудников МВД);;'261540511269654050100100420221320244;;;6259985.00;RUB;0;;;;;;"ФЕДЕРАЛЬНОЕ КАЗЕННОЕ УЧРЕЖДЕНИЕ ""ИСПРАВИТЕЛЬНАЯ КОЛОНИЯ № 9 ГЛАВНОГО УПРАВЛЕНИЯ ФЕДЕРАЛЬНОЙ СЛУЖБЫ ИСПОЛНЕНИЯ НАКАЗАНИЙ ПО НОВОСИБИРСКОЙ ОБЛАСТИ""";"ФЕДЕРАЛЬНОЕ КАЗЕННОЕ УЧРЕЖДЕНИЕ ""ИСПРАВИТЕЛЬНАЯ КОЛОНИЯ № 9 ГЛАВНОГО УПРАВЛЕНИЯ ФЕДЕРАЛЬНОЙ СЛУЖБЫ ИСПОЛНЕНИЯ НАКАЗАНИЙ ПО НОВОСИБИРСКОЙ ОБЛАСТИ""";18.02.2026;02.03.2026;Закупка завершена;;;26.02.2026;
44-ФЗ;№0878500000226000099;Запрос котировок в электронной форме;Поставка изделий медицинского назначения (проводник для системы внутрисосудистого гемодинамического мониторинга);;'262790000171579010100100310013250244;;;7651599.60;RUB;0;;;;;;"ОБЛАСТНОЕ ГОСУДАРСТВЕННОЕ БЮДЖЕТНОЕ УЧРЕЖДЕНИЕ ЗДРАВООХРАНЕНИЯ ""ОБЛАСТНАЯ БОЛЬНИЦА""";"ОБЛАСТНОЕ ГОСУДАРСТВЕННОЕ КАЗЕННОЕ УЧРЕЖДЕНИЕ ""ЦЕНТР ГОСУДАРСТВЕННЫХ ЗАКУПОК ЕВРЕЙСКОЙ АВТОНОМНОЙ ОБЛАСТИ""";17.02.2026;02.03.2026;Закупка завершена;;;26.02.2026;
44-ФЗ;№0122200002526000320;Электронный аукцион;Поставка накопителей данных;;'262272119458927210100100080012620242;;;18698413.20;RUB;0;;;;;;МИНИСТЕРСТВО ЦИФРОВОГО РАЗВИТИЯ И СВЯЗИ ХАБАРОВСКОГО КРАЯ;КОМИТЕТ ГОСУДАРСТВЕННОГО ЗАКАЗА ПРАВИТЕЛЬСТВА ХАБАРОВСКОГО КРАЯ;13.02.2026;02.03.2026;Закупка завершена;;;24.02.2026;
44-ФЗ;№0122200002526000371;Запрос котировок в электронной форме;Поставка лекарственного препарата для медицинского применения ЭПОЭТИН АЛЬФА;;'262272400261627240100100520022120244;;;6276915.00;RUB;0;;;;;;"КРАЕВОЕ ГОСУДАРСТВЕННОЕ БЮДЖЕТНОЕ УЧРЕЖДЕНИЕ ЗДРАВООХРАНЕНИЯ ""КРАЕВАЯ КЛИНИЧЕСКАЯ БОЛЬНИЦА"" ИМЕНИ ПРОФЕССОРА С.И. СЕРГЕЕВА МИНИСТЕРСТВА ЗДРАВООХРАНЕНИЯ ХАБАРОВСКОГО КРАЯ";КОМИТЕТ ГОСУДАРСТВЕННОГО ЗАКАЗА ПРАВИТЕЛЬСТВА ХАБАРОВСКОГО КРАЯ;18.02.2026;02.03.2026;Закупка завершена;;;27.02.2026;
44-ФЗ;№0122200002526000372;Запрос котировок в электронной форме;Поставка лекарственного препарата для медицинского применения ТОРГОВОЕ НАИМЕНОВАНИЕ: ЦИСТАДРОПС (МНН: МЕРКАПТАМИН) для обеспечения пациента по решению врачебной комиссии;;'262272316632227230100100580010000244;;;6676805.20;RUB;0;;;;;;"КРАЕВОЕ ГОСУДАРСТВЕННОЕ БЮДЖЕТНОЕ УЧРЕЖДЕНИЕ ЗДРАВООХРАНЕНИЯ ""ДЕТСКАЯ КРАЕВАЯ КЛИНИЧЕСКАЯ БОЛЬНИЦА"" ИМЕНИ А. К. ПИОТРОВИЧА МИНИСТЕРСТВА ЗДРАВООХРАНЕНИЯ ХАБАРОВСКОГО КРАЯ";КОМИТЕТ ГОСУДАРСТВЕННОГО ЗАКАЗА ПРАВИТЕЛЬСТВА ХАБАРОВСКОГО КРАЯ;18.02.2026;02.03.2026;Закупка завершена;;;27.02.2026;
44-ФЗ;№0391200025826000006;Электронный аукцион;Приобретение медицинского оборудования (Программируемый наружный многофункциональный электрокардиостимулятор для электрофизиологического исследования);;'262753601222675360100100070072660244;;;7000000.00;RUB;0;;;;;;"ГОСУДАРСТВЕННОЕ АВТОНОМНОЕ УЧРЕЖДЕНИЕ ЗДРАВООХРАНЕНИЯ ""ЗАБАЙКАЛЬСКАЯ КРАЕВАЯ КЛИНИЧЕСКАЯ БОЛЬНИЦА""";"ГОСУДАРСТВЕННОЕ АВТОНОМНОЕ УЧРЕЖДЕНИЕ ЗДРАВООХРАНЕНИЯ ""ЗАБАЙКАЛЬСКАЯ КРАЕВАЯ КЛИНИЧЕСКАЯ БОЛЬНИЦА""";19.02.2026;02.03.2026;Закупка завершена;;;27.02.2026;
44-ФЗ;№0891200000626000590;Электронный аукцион;Поставка тракторов с навесным оборудованием (00000709-ЭА);;'262753615108275360100100200012830244;;;121559466.56;RUB;0;;;;;;"ГОСУДАРСТВЕННОЕ УЧРЕЖДЕНИЕ ""ЦЕНТР ОБЕСПЕЧЕНИЯ ДЕЯТЕЛЬНОСТИ В ОБЛАСТИ ГРАЖДАНСКОЙ ОБОРОНЫ И ПОЖАРНОЙ БЕЗОПАСНОСТИ ЗАБАЙКАЛЬСКОГО КРАЯ""";"ГОСУДАРСТВЕННОЕ КАЗЕННОЕ УЧРЕЖДЕНИЕ ""ЗАБАЙКАЛЬСКИЙ ЦЕНТР ГОСУДАРСТВЕННЫХ ЗАКУПОК""";06.02.2026;02.03.2026;Закупка завершена;;;16.02.2026;
44-ФЗ;№0120300016726000011;Электронный аукцион на проведение работ по строительству, реконструкции, кап. ремонту, сносу объекта кап. строительства в соответствии с п. 8 ч. 1 ст. 33 Закона № 44-ФЗ;Капитальный ремонт по замене полов в коридорах на этажах, в фойе на этажах, в столовой МБОУ ЦО «Сапсан» МО г.Партизанск, расположенного по адресу: г.Партизанск.Приморский край ул.Пушкинская 82 А.;;'263250901020625090100100110014120243;;;5792223.60;RUB;0;;;;;;"МУНИЦИПАЛЬНОЕ БЮДЖЕТНОЕ ОБЩЕОБРАЗОВАТЕЛЬНОЕ УЧРЕЖДЕНИЕ ""ЦЕНТР ОБРАЗОВАНИЯ ""САПСАН"" МУНИЦИПАЛЬНОГО ОКРУГА ГОРОД ПАРТИЗАНСК ПРИМОРСКОГО КРАЯ";АДМИНИСТРАЦИЯ МУНИЦИПАЛЬНОГО ОКРУГА ГОРОД ПАРТИЗАНСК ПРИМОРСКОГО КРАЯ;19.02.2026;02.03.2026;Закупка завершена;;;27.02.2026;
44-ФЗ;№0138300000426000096;Запрос котировок в электронной форме;Поставка (приобретение) жилого помещения (квартиры) в целях обеспечения детей-сирот и детей, оставшихся без попечения родителей, лиц из числа детей-сирот и детей, оставшихся без попечения родителей, жилыми помещениями;;'263410115660441010100100640016810412;;;5633333.33;RUB;0;;;;;;УПРАВЛЕНИЕ КОММУНАЛЬНОГО ХОЗЯЙСТВА И ЖИЛИЩНОГО ФОНДА АДМИНИСТРАЦИИ ПЕТРОПАВЛОВСК-КАМЧАТСКОГО ГОРОДСКОГО ОКРУГА-МУНИЦИПАЛЬНОЕ УЧРЕЖДЕНИЕ;УПРАВЛЕНИЕ ОРГАНИЗАЦИИ МУНИЦИПАЛЬНЫХ ЗАКУПОК АДМИНИСТРАЦИИ ПЕТРОПАВЛОВСК-КАМЧАТСКОГО ГОРОДСКОГО ОКРУГА - МУНИЦИПАЛЬНОЕ УЧРЕЖДЕНИЕ;17.02.2026;02.03.2026;Закупка завершена;;;27.02.2026;
44-ФЗ;№0138300000426000093;Запрос котировок в электронной форме;Поставка (приобретение) жилого помещения (квартиры) в целях обеспечения детей-сирот и детей, оставшихся без попечения родителей, лиц из числа детей-сирот и детей, оставшихся без попечения родителей, жилыми помещениями;;'263410115660441010100100130016810412;;;5166666.67;RUB;0;;;;;;УПРАВЛЕНИЕ КОММУНАЛЬНОГО ХОЗЯЙСТВА И ЖИЛИЩНОГО ФОНДА АДМИНИСТРАЦИИ ПЕТРОПАВЛОВСК-КАМЧАТСКОГО ГОРОДСКОГО ОКРУГА-МУНИЦИПАЛЬНОЕ УЧРЕЖДЕНИЕ;УПРАВЛЕНИЕ ОРГАНИЗАЦИИ МУНИЦИПАЛЬНЫХ ЗАКУПОК АДМИНИСТРАЦИИ ПЕТРОПАВЛОВСК-КАМЧАТСКОГО ГОРОДСКОГО ОКРУГА - МУНИЦИПАЛЬНОЕ УЧРЕЖДЕНИЕ;17.02.2026;02.03.2026;Закупка завершена;;;27.02.2026;
44-ФЗ;№0365100014826000035;Электронный аукцион;Работы строительные, монтажные, по текущему ремонту и обслуживанию зданий, помещений, оборудования: организация и проведение комплекса мероприятий по уборке и поддержанию чистоты прилегающих территорий;;'261701801361370170100100090050000244;;;7571017.44;RUB;0;;;;;;"ФЕДЕРАЛЬНОЕ ГОСУДАРСТВЕННОЕ БЮДЖЕТНОЕ ОБРАЗОВАТЕЛЬНОЕ УЧРЕЖДЕНИЕ ВЫСШЕГО ОБРАЗОВАНИЯ ""СИБИРСКИЙ ГОСУДАРСТВЕННЫЙ МЕДИЦИНСКИЙ УНИВЕРСИТЕТ"" МИНИСТЕРСТВА ЗДРАВООХРАНЕНИЯ РОССИЙСКОЙ ФЕДЕРАЦИИ";"ФЕДЕРАЛЬНОЕ ГОСУДАРСТВЕННОЕ БЮДЖЕТНОЕ ОБРАЗОВАТЕЛЬНОЕ УЧРЕЖДЕНИЕ ВЫСШЕГО ОБРАЗОВАНИЯ ""СИБИРСКИЙ ГОСУДАРСТВЕННЫЙ МЕДИЦИНСКИЙ УНИВЕРСИТЕТ"" МИНИСТЕРСТВА ЗДРАВООХРАНЕНИЯ РОССИЙСКОЙ ФЕДЕРАЦИИ";17.02.2026;02.03.2026;Закупка завершена;;;27.02.2026;
44-ФЗ;№0138300000426000091;Запрос котировок в электронной форме;Поставка (приобретение) жилого помещения (квартиры) в целях обеспечения детей-сирот и детей, оставшихся без попечения родителей, лиц из числа детей-сирот и детей, оставшихся без попечения родителей, жилыми помещениями;;'263410115660441010100100150016810412;;;5166666.67;RUB;0;;;;;;УПРАВЛЕНИЕ КОММУНАЛЬНОГО ХОЗЯЙСТВА И ЖИЛИЩНОГО ФОНДА АДМИНИСТРАЦИИ ПЕТРОПАВЛОВСК-КАМЧАТСКОГО ГОРОДСКОГО ОКРУГА-МУНИЦИПАЛЬНОЕ УЧРЕЖДЕНИЕ;УПРАВЛЕНИЕ ОРГАНИЗАЦИИ МУНИЦИПАЛЬНЫХ ЗАКУПОК АДМИНИСТРАЦИИ ПЕТРОПАВЛОВСК-КАМЧАТСКОГО ГОРОДСКОГО ОКРУГА - МУНИЦИПАЛЬНОЕ УЧРЕЖДЕНИЕ;17.02.2026;02.03.2026;Закупка завершена;;;27.02.2026;
44-ФЗ;№0138300000426000092;Запрос котировок в электронной форме;Поставка (приобретение) жилого помещения (квартиры) в целях обеспечения детей-сирот и детей, оставшихся без попечения родителей, лиц из числа детей-сирот и детей, оставшихся без попечения родителей, жилыми помещениями;;'263410115660441010100100610016810412;;;5633333.33;RUB;0;;;;;;УПРАВЛЕНИЕ КОММУНАЛЬНОГО ХОЗЯЙСТВА И ЖИЛИЩНОГО ФОНДА АДМИНИСТРАЦИИ ПЕТРОПАВЛОВСК-КАМЧАТСКОГО ГОРОДСКОГО ОКРУГА-МУНИЦИПАЛЬНОЕ УЧРЕЖДЕНИЕ;УПРАВЛЕНИЕ ОРГАНИЗАЦИИ МУНИЦИПАЛЬНЫХ ЗАКУПОК АДМИНИСТРАЦИИ ПЕТРОПАВЛОВСК-КАМЧАТСКОГО ГОРОДСКОГО ОКРУГА - МУНИЦИПАЛЬНОЕ УЧРЕЖДЕНИЕ;17.02.2026;02.03.2026;Закупка завершена;;;27.02.2026;
44-ФЗ;№0391200025826000004;Электронный аукцион;Приобретение медицинского оборудования (Радиочастотный генератор с температурным контролем);;'262753601222675360100100020022660244;;;9500000.00;RUB;0;;;;;;"ГОСУДАРСТВЕННОЕ АВТОНОМНОЕ УЧРЕЖДЕНИЕ ЗДРАВООХРАНЕНИЯ ""ЗАБАЙКАЛЬСКАЯ КРАЕВАЯ КЛИНИЧЕСКАЯ БОЛЬНИЦА""";"ГОСУДАРСТВЕННОЕ АВТОНОМНОЕ УЧРЕЖДЕНИЕ ЗДРАВООХРАНЕНИЯ ""ЗАБАЙКАЛЬСКАЯ КРАЕВАЯ КЛИНИЧЕСКАЯ БОЛЬНИЦА""";19.02.2026;02.03.2026;Закупка завершена;;;27.02.2026;
44-ФЗ;№0138300000426000090;Запрос котировок в электронной форме;Поставка (приобретение) жилого помещения (квартиры) в целях обеспечения детей-сирот и детей, оставшихся без попечения родителей, лиц из числа детей-сирот и детей, оставшихся без попечения родителей, жилыми помещениями;;'263410115660441010100100280016810412;;;5200000.00;RUB;0;;;;;;УПРАВЛЕНИЕ КОММУНАЛЬНОГО ХОЗЯЙСТВА И ЖИЛИЩНОГО ФОНДА АДМИНИСТРАЦИИ ПЕТРОПАВЛОВСК-КАМЧАТСКОГО ГОРОДСКОГО ОКРУГА-МУНИЦИПАЛЬНОЕ УЧРЕЖДЕНИЕ;УПРАВЛЕНИЕ ОРГАНИЗАЦИИ МУНИЦИПАЛЬНЫХ ЗАКУПОК АДМИНИСТРАЦИИ ПЕТРОПАВЛОВСК-КАМЧАТСКОГО ГОРОДСКОГО ОКРУГА - МУНИЦИПАЛЬНОЕ УЧРЕЖДЕНИЕ;17.02.2026;02.03.2026;Закупка завершена;;;27.02.2026;
44-ФЗ;№0138300000426000095;Запрос котировок в электронной форме;Поставка (приобретение) жилого помещения (квартиры) в целях обеспечения детей-сирот и детей, оставшихся без попечения родителей, лиц из числа детей-сирот и детей, оставшихся без попечения родителей, жилыми помещениями;;'263410115660441010100100140016810412;;;5166666.67;RUB;0;;;;;;УПРАВЛЕНИЕ КОММУНАЛЬНОГО ХОЗЯЙСТВА И ЖИЛИЩНОГО ФОНДА АДМИНИСТРАЦИИ ПЕТРОПАВЛОВСК-КАМЧАТСКОГО ГОРОДСКОГО ОКРУГА-МУНИЦИПАЛЬНОЕ УЧРЕЖДЕНИЕ;УПРАВЛЕНИЕ ОРГАНИЗАЦИИ МУНИЦИПАЛЬНЫХ ЗАКУПОК АДМИНИСТРАЦИИ ПЕТРОПАВЛОВСК-КАМЧАТСКОГО ГОРОДСКОГО ОКРУГА - МУНИЦИПАЛЬНОЕ УЧРЕЖДЕНИЕ;17.02.2026;02.03.2026;Закупка завершена;;;27.02.2026;
44-ФЗ;№0380200000126000662;Электронный аукцион;Поставка лекарственного препарата для медицинского применения в пользу граждан в целях их социального обеспечения РЛО (ОСИЛОДРОСТАТ) в 2026 году;;'262190113011019010100100400022120323;;;5016009.60;RUB;0;;;;;;"ГОСУДАРСТВЕННОЕ БЮДЖЕТНОЕ УЧРЕЖДЕНИЕ РЕСПУБЛИКИ ХАКАСИЯ ""РЕСФАРМАЦИЯ""";ГОСУДАРСТВЕННЫЙ КОМИТЕТ ПО РЕГУЛИРОВАНИЮ КОНТРАКТНОЙ СИСТЕМЫ В СФЕРЕ ЗАКУПОК РЕСПУБЛИКИ ХАКАСИЯ;18.02.2026;02.03.2026;Закупка завершена;;;26.02.2026;
44-ФЗ;№0120600003326000007;Электронный аукцион;Выполнение работ по ремонту автомобильной дороги Амгу-Максимовка км 21-24 в Тернейском муниципальном округе Приморского края (ремонт мостов на км 21+400 км 22+800 км, труб на км 22+000, км 23+700.).;;'263252800169425280100100240014211244;;;144329896.91;RUB;0;;;;;;АДМИНИСТРАЦИЯ ТЕРНЕЙСКОГО МУНИЦИПАЛЬНОГО ОКРУГА ПРИМОРСКОГО КРАЯ;АДМИНИСТРАЦИЯ ТЕРНЕЙСКОГО МУНИЦИПАЛЬНОГО ОКРУГА ПРИМОРСКОГО КРАЯ;19.02.2026;02.03.2026;Закупка завершена;;;27.02.2026;
44-ФЗ;№0120600003926000010;Электронный аукцион на проведение работ по строительству, реконструкции, кап. ремонту, сносу объекта кап. строительства в соответствии с п. 8 ч. 1 ст. 33 Закона № 44-ФЗ;Выполнение работ по капитальному ремонту ветхих и аварийных сетей водоснабжения в Октябрьском округе;;'263252200437825220100100220014221243;;;61858803.25;RUB;0;;;;;;АДМИНИСТРАЦИЯ ОКТЯБРЬСКОГО МУНИЦИПАЛЬНОГО ОКРУГА ПРИМОРСКОГО КРАЯ;АДМИНИСТРАЦИЯ ОКТЯБРЬСКОГО МУНИЦИПАЛЬНОГО ОКРУГА ПРИМОРСКОГО КРАЯ;19.02.2026;02.03.2026;Закупка завершена;;;27.02.2026;
44-ФЗ;№0120300012726000050;Электронный аукцион;Выполнение работ, связанных с осуществлением регулярных перевозок пассажиров и багажа автомобильным транспортом по маршрутам регулярных перевозок по регулируемым тарифам на территории Владивостокского городского округа;;'263253632132025360100100010094931244;;;15984281.25;RUB;0;;;;;;УПРАВЛЕНИЕ ТРАНСПОРТА АДМИНИСТРАЦИИ ГОРОДА ВЛАДИВОСТОКА;АДМИНИСТРАЦИЯ ГОРОДА ВЛАДИВОСТОКА;18.02.2026;02.03.2026;Закупка завершена;;;26.02.2026;
44-ФЗ;№0122600004826000007;Электронный аукцион;Выполнение работ по устройству пешеходного тротуара «Школьная Аллея» по адресу: Хабаровский край,  Солнечный район, п. Березовый, ул. Школьная;;'263270006295127000100100050014211244;;;13751146.44;RUB;0;;;;;;"ТЕРРИТОРИАЛЬНОЕ УПРАВЛЕНИЕ ""БЕРЕЗОВЫЙ"" АДМИНИСТРАЦИИ СОЛНЕЧНОГО МУНИЦИПАЛЬНОГО ОКРУГА ХАБАРОВСКОГО КРАЯ";АДМИНИСТРАЦИЯ СОЛНЕЧНОГО МУНИЦИПАЛЬНОГО ОКРУГА ХАБАРОВСКОГО КРАЯ;18.02.2026;02.03.2026;Закупка завершена;;;27.02.2026;
44-ФЗ;№0816300009426000010;Электронный аукцион;Выполнение работ по содержанию дорог общего пользования в г. Ленске;;'263141401205914140100100060050000244;;;10821604.29;RUB;0;;;;;;"МУНИЦИПАЛЬНОЕ КАЗЕННОЕ УЧРЕЖДЕНИЕ ""КОМИТЕТ ИМУЩЕСТВЕННЫХ ОТНОШЕНИЙ"" ГОРОДСКОГО ПОСЕЛЕНИЯ ""ГОРОД ЛЕНСК"" МУНИЦИПАЛЬНОГО РАЙОНА ""ЛЕНСКИЙ РАЙОН"" РЕСПУБЛИКИ САХА (ЯКУТИЯ)";"МУНИЦИПАЛЬНОЕ КАЗЕННОЕ УЧРЕЖДЕНИЕ ""КОМИТЕТ ИМУЩЕСТВЕННЫХ ОТНОШЕНИЙ"" ГОРОДСКОГО ПОСЕЛЕНИЯ ""ГОРОД ЛЕНСК"" МУНИЦИПАЛЬНОГО РАЙОНА ""ЛЕНСКИЙ РАЙОН"" РЕСПУБЛИКИ САХА (ЯКУТИЯ)";19.02.2026;02.03.2026;Закупка завершена;;;27.02.2026;
44-ФЗ;№0251100003726000041;Электронный аукцион;Капитальный ремонт нежилых помещений ОСФР по Новосибирской области по адресу: г.Новосибирск, ул.Иванова, 4;;'261540610310154060100100760014339243;;;5001800.00;RUB;0;;;;;;ОТДЕЛЕНИЕ ФОНДА ПЕНСИОННОГО И СОЦИАЛЬНОГО СТРАХОВАНИЯ РОССИЙСКОЙ ФЕДЕРАЦИИ ПО НОВОСИБИРСКОЙ ОБЛАСТИ;ОТДЕЛЕНИЕ ФОНДА ПЕНСИОННОГО И СОЦИАЛЬНОГО СТРАХОВАНИЯ РОССИЙСКОЙ ФЕДЕРАЦИИ ПО НОВОСИБИРСКОЙ ОБЛАСТИ;12.02.2026;02.03.2026;Закупка завершена;;;26.02.2026;
44-ФЗ;№0138300002126000015;Электронный аукцион;Поставка дизельной электростанции в блок-контейнере типа «Север» для резервного электроснабжения котельной № 16 в г. Елизово;;'263410503152541050100100110012711244;;;8220166.67;RUB;0;;;;;;УПРАВЛЕНИЕ ЖИЛИЩНО-КОММУНАЛЬНОГО ХОЗЯЙСТВА АДМИНИСТРАЦИИ ЕЛИЗОВСКОГО ГОРОДСКОГО ПОСЕЛЕНИЯ;УПРАВЛЕНИЕ ФИНАНСОВ И ЭКОНОМИЧЕСКОГО РАЗВИТИЯ АДМИНИСТРАЦИИ ЕЛИЗОВСКОГО ГОРОДСКОГО ПОСЕЛЕНИЯ;18.02.2026;02.03.2026;Закупка завершена;;;26.02.2026;
44-ФЗ;№0116300000226000017;Электронный аукцион;Оказание услуг по организации горячего питания для учащихся 1-11 классов;;'263143301548914330100100070015629244;;;7811268.13;RUB;0;;;;;;"МУНИЦИПАЛЬНОЕ АВТОНОМНОЕ ОБЩЕОБРАЗОВАТЕЛЬНОЕ УЧРЕЖДЕНИЕ ""СРЕДНЯЯ ОБЩЕОБРАЗОВАТЕЛЬНАЯ ШКОЛА № 1"" МУНИЦИПАЛЬНОГО РАЙОНА ""МИРНИНСКИЙ РАЙОН"" РЕСПУБЛИКИ САХА (ЯКУТИЯ)";"АДМИНИСТРАЦИЯ МУНИЦИПАЛЬНОГО РАЙОНА ""МИРНИНСКИЙ РАЙОН"" РЕСПУБЛИКИ САХА (ЯКУТИЯ)";19.02.2026;02.03.2026;Закупка завершена;;;27.02.2026;
44-ФЗ;№0120300012726000052;Электронный аукцион;Выполнение работ, связанных с осуществлением регулярных перевозок пассажиров и багажа автомобильным транспортом по маршрутам регулярных перевозок по регулируемым тарифам на территории Владивостокского городского округа;;'263253632132025360100100010064931244;;;49656391.91;RUB;0;;;;;;УПРАВЛЕНИЕ ТРАНСПОРТА АДМИНИСТРАЦИИ ГОРОДА ВЛАДИВОСТОКА;АДМИНИСТРАЦИЯ ГОРОДА ВЛАДИВОСТОКА;18.02.2026;02.03.2026;Закупка завершена;;;26.02.2026;
44-ФЗ;№0161300011126000025;Электронный аукцион;"Приобретение жилых помещений в рамках мероприятия ""Обеспечение благоустроенным жильем граждан, проживающих в аварийном/непригодном для проживания жилищном фонде (с. Гастелло)""";;'263650701422765070100100060026810412;;;7475782.50;RUB;0;;;;;;ДЕПАРТАМЕНТ МУНИЦИПАЛЬНОГО ЗАКАЗА АДМИНИСТРАЦИИ ПОРОНАЙСКОГО МУНИЦИПАЛЬНОГО ОКРУГА САХАЛИНСКОЙ ОБЛАСТИ;ДЕПАРТАМЕНТ МУНИЦИПАЛЬНОГО ЗАКАЗА АДМИНИСТРАЦИИ ПОРОНАЙСКОГО МУНИЦИПАЛЬНОГО ОКРУГА САХАЛИНСКОЙ ОБЛАСТИ;19.02.2026;02.03.2026;Закупка завершена;;;27.02.2026;
44-ФЗ;№0161300011126000026;Электронный аукцион;"Приобретение жилых помещений в рамках мероприятия ""Обеспечение благоустроенным жильем граждан, проживающих в аварийном/непригодном для проживания жилищном фонде (с. Гастелло)""";;'263650701422765070100100070026810412;;;7005607.50;RUB;0;;;;;;ДЕПАРТАМЕНТ МУНИЦИПАЛЬНОГО ЗАКАЗА АДМИНИСТРАЦИИ ПОРОНАЙСКОГО МУНИЦИПАЛЬНОГО ОКРУГА САХАЛИНСКОЙ ОБЛАСТИ;ДЕПАРТАМЕНТ МУНИЦИПАЛЬНОГО ЗАКАЗА АДМИНИСТРАЦИИ ПОРОНАЙСКОГО МУНИЦИПАЛЬНОГО ОКРУГА САХАЛИНСКОЙ ОБЛАСТИ;19.02.2026;02.03.2026;Закупка завершена;;;27.02.2026;
44-ФЗ;№0161300011126000027;Электронный аукцион;"Приобретение жилых помещений в рамках мероприятия ""Обеспечение благоустроенным жильем граждан, проживающих в аварийном/непригодном для проживания жилищном фонде (с. Гастелло)""";;'263650701422765070100100100026810412;;;9513207.50;RUB;0;;;;;;ДЕПАРТАМЕНТ МУНИЦИПАЛЬНОГО ЗАКАЗА АДМИНИСТРАЦИИ ПОРОНАЙСКОГО МУНИЦИПАЛЬНОГО ОКРУГА САХАЛИНСКОЙ ОБЛАСТИ;ДЕПАРТАМЕНТ МУНИЦИПАЛЬНОГО ЗАКАЗА АДМИНИСТРАЦИИ ПОРОНАЙСКОГО МУНИЦИПАЛЬНОГО ОКРУГА САХАЛИНСКОЙ ОБЛАСТИ;19.02.2026;02.03.2026;Закупка завершена;;;27.02.2026;
44-ФЗ;№0120600006026000030;Электронный аукцион;"Выполнение работ по ремонту автомобильной дороги ""Федосьевка - Верхний Перевал"" (34 км - 37,5 км). Местоположение: Приморский край, Пожарский район, примерно в 9 км по направлению на запад от здания школы по ул. Школьная, 2, с. Верхний Перевал";;'263251112233025110100100560014211244;;;36622812.39;RUB;0;;;;;;АДМИНИСТРАЦИЯ ПОЖАРСКОГО МУНИЦИПАЛЬНОГО ОКРУГА ПРИМОРСКОГО КРАЯ;АДМИНИСТРАЦИЯ ПОЖАРСКОГО МУНИЦИПАЛЬНОГО ОКРУГА ПРИМОРСКОГО КРАЯ;19.02.2026;02.03.2026;Закупка завершена;;;27.02.2026;
44-ФЗ;№0161300011126000028;Электронный аукцион;"Приобретение жилых помещений в рамках мероприятия ""Обеспечение благоустроенным жильем граждан, проживающих в аварийном/непригодном для проживания жилищном фонде (с. Гастелло)""";;'263650701422765070100100020026810412;;;10484902.50;RUB;0;;;;;;ДЕПАРТАМЕНТ МУНИЦИПАЛЬНОГО ЗАКАЗА АДМИНИСТРАЦИИ ПОРОНАЙСКОГО МУНИЦИПАЛЬНОГО ОКРУГА САХАЛИНСКОЙ ОБЛАСТИ;ДЕПАРТАМЕНТ МУНИЦИПАЛЬНОГО ЗАКАЗА АДМИНИСТРАЦИИ ПОРОНАЙСКОГО МУНИЦИПАЛЬНОГО ОКРУГА САХАЛИНСКОЙ ОБЛАСТИ;19.02.2026;02.03.2026;Закупка завершена;;;27.02.2026;
44-ФЗ;№0161300011126000029;Электронный аукцион;"Приобретение жилых помещений в рамках мероприятия ""Обеспечение благоустроенным жильем граждан, проживающих в аварийном/непригодном для проживания жилищном фонде (с. Гастелло)""";;'263650701422765070100100080026810412;;;10500575.00;RUB;0;;;;;;ДЕПАРТАМЕНТ МУНИЦИПАЛЬНОГО ЗАКАЗА АДМИНИСТРАЦИИ ПОРОНАЙСКОГО МУНИЦИПАЛЬНОГО ОКРУГА САХАЛИНСКОЙ ОБЛАСТИ;ДЕПАРТАМЕНТ МУНИЦИПАЛЬНОГО ЗАКАЗА АДМИНИСТРАЦИИ ПОРОНАЙСКОГО МУНИЦИПАЛЬНОГО ОКРУГА САХАЛИНСКОЙ ОБЛАСТИ;19.02.2026;02.03.2026;Закупка завершена;;;27.02.2026;
44-ФЗ;№0161300011126000030;Электронный аукцион;"Приобретение жилых помещений в рамках мероприятия ""Обеспечение благоустроенным жильем граждан, проживающих в аварийном/непригодном для проживания жилищном фонде (с. Гастелло)""";;'263650701422765070100100030026810412;;;10672972.50;RUB;0;;;;;;ДЕПАРТАМЕНТ МУНИЦИПАЛЬНОГО ЗАКАЗА АДМИНИСТРАЦИИ ПОРОНАЙСКОГО МУНИЦИПАЛЬНОГО ОКРУГА САХАЛИНСКОЙ ОБЛАСТИ;ДЕПАРТАМЕНТ МУНИЦИПАЛЬНОГО ЗАКАЗА АДМИНИСТРАЦИИ ПОРОНАЙСКОГО МУНИЦИПАЛЬНОГО ОКРУГА САХАЛИНСКОЙ ОБЛАСТИ;19.02.2026;02.03.2026;Закупка завершена;;;27.02.2026;
44-ФЗ;№0161300011126000031;Электронный аукцион;"Приобретение жилых помещений в рамках мероприятия ""Обеспечение благоустроенным жильем граждан, проживающих в аварийном/непригодном для проживания жилищном фонде (с. Гастелло)""";;'263650701422765070100100090026810412;;;10218470.00;RUB;0;;;;;;ДЕПАРТАМЕНТ МУНИЦИПАЛЬНОГО ЗАКАЗА АДМИНИСТРАЦИИ ПОРОНАЙСКОГО МУНИЦИПАЛЬНОГО ОКРУГА САХАЛИНСКОЙ ОБЛАСТИ;ДЕПАРТАМЕНТ МУНИЦИПАЛЬНОГО ЗАКАЗА АДМИНИСТРАЦИИ ПОРОНАЙСКОГО МУНИЦИПАЛЬНОГО ОКРУГА САХАЛИНСКОЙ ОБЛАСТИ;19.02.2026;02.03.2026;Закупка завершена;;;27.02.2026;
44-ФЗ;№0161300011126000033;Электронный аукцион;"Приобретение жилых помещений в рамках мероприятия ""Обеспечение благоустроенным жильем граждан, проживающих в аварийном/непригодном для проживания жилищном фонде (с. Гастелло)""";;'263650701422765070100100040026810412;;;11080457.50;RUB;0;;;;;;ДЕПАРТАМЕНТ МУНИЦИПАЛЬНОГО ЗАКАЗА АДМИНИСТРАЦИИ ПОРОНАЙСКОГО МУНИЦИПАЛЬНОГО ОКРУГА САХАЛИНСКОЙ ОБЛАСТИ;ДЕПАРТАМЕНТ МУНИЦИПАЛЬНОГО ЗАКАЗА АДМИНИСТРАЦИИ ПОРОНАЙСКОГО МУНИЦИПАЛЬНОГО ОКРУГА САХАЛИНСКОЙ ОБЛАСТИ;19.02.2026;02.03.2026;Закупка завершена;;;27.02.2026;
44-ФЗ;№0161300011126000034;Электронный аукцион;"Приобретение жилых помещений в рамках мероприятия ""Обеспечение благоустроенным жильем граждан, проживающих в аварийном/непригодном для проживания жилищном фонде (с. Гастелло)""";;'263650701422765070100100110026810412;;;11190165.00;RUB;0;;;;;;ДЕПАРТАМЕНТ МУНИЦИПАЛЬНОГО ЗАКАЗА АДМИНИСТРАЦИИ ПОРОНАЙСКОГО МУНИЦИПАЛЬНОГО ОКРУГА САХАЛИНСКОЙ ОБЛАСТИ;ДЕПАРТАМЕНТ МУНИЦИПАЛЬНОГО ЗАКАЗА АДМИНИСТРАЦИИ ПОРОНАЙСКОГО МУНИЦИПАЛЬНОГО ОКРУГА САХАЛИНСКОЙ ОБЛАСТИ;19.02.2026;02.03.2026;Закупка завершена;;;27.02.2026;
44-ФЗ;№0161300011126000035;Электронный аукцион;"Приобретение жилых помещений в рамках мероприятия ""Обеспечение благоустроенным жильем граждан, проживающих в аварийном/непригодном для проживания жилищном фонде (с. Гастелло)""";;'263650701422765070100100120026810412;;;11127475.00;RUB;0;;;;;;ДЕПАРТАМЕНТ МУНИЦИПАЛЬНОГО ЗАКАЗА АДМИНИСТРАЦИИ ПОРОНАЙСКОГО МУНИЦИПАЛЬНОГО ОКРУГА САХАЛИНСКОЙ ОБЛАСТИ;ДЕПАРТАМЕНТ МУНИЦИПАЛЬНОГО ЗАКАЗА АДМИНИСТРАЦИИ ПОРОНАЙСКОГО МУНИЦИПАЛЬНОГО ОКРУГА САХАЛИНСКОЙ ОБЛАСТИ;19.02.2026;02.03.2026;Закупка завершена;;;27.02.2026;
44-ФЗ;№0161300011126000036;Электронный аукцион;"Приобретение жилых помещений в рамках мероприятия ""Обеспечение благоустроенным жильем граждан, проживающих в аварийном/непригодном для проживания жилищном фонде (с. Гастелло)""";;'263650701422765070100100050026810412;;;12490982.50;RUB;0;;;;;;ДЕПАРТАМЕНТ МУНИЦИПАЛЬНОГО ЗАКАЗА АДМИНИСТРАЦИИ ПОРОНАЙСКОГО МУНИЦИПАЛЬНОГО ОКРУГА САХАЛИНСКОЙ ОБЛАСТИ;ДЕПАРТАМЕНТ МУНИЦИПАЛЬНОГО ЗАКАЗА АДМИНИСТРАЦИИ ПОРОНАЙСКОГО МУНИЦИПАЛЬНОГО ОКРУГА САХАЛИНСКОЙ ОБЛАСТИ;19.02.2026;02.03.2026;Закупка завершена;;;27.02.2026;
44-ФЗ;№0138300000426000094;Запрос котировок в электронной форме;Поставка (приобретение) жилого помещения (квартиры) в целях обеспечения детей-сирот и детей, оставшихся без попечения родителей, лиц из числа детей-сирот и детей, оставшихся без попечения родителей, жилыми помещениями;;'263410115660441010100100630016810412;;;5633333.33;RUB;0;;;;;;УПРАВЛЕНИЕ КОММУНАЛЬНОГО ХОЗЯЙСТВА И ЖИЛИЩНОГО ФОНДА АДМИНИСТРАЦИИ ПЕТРОПАВЛОВСК-КАМЧАТСКОГО ГОРОДСКОГО ОКРУГА-МУНИЦИПАЛЬНОЕ УЧРЕЖДЕНИЕ;УПРАВЛЕНИЕ ОРГАНИЗАЦИИ МУНИЦИПАЛЬНЫХ ЗАКУПОК АДМИНИСТРАЦИИ ПЕТРОПАВЛОВСК-КАМЧАТСКОГО ГОРОДСКОГО ОКРУГА - МУНИЦИПАЛЬНОЕ УЧРЕЖДЕНИЕ;17.02.2026;02.03.2026;Закупка завершена;;;27.02.2026;
44-ФЗ;№0120300012726000055;Электронный аукцион;Выполнение работ, связанных с осуществлением регулярных перевозок пассажиров и багажа автомобильным транспортом по маршрутам регулярных перевозок по регулируемым тарифам на территории Владивостокского городского округа;;'263253632132025360100100010104931244;;;61382456.03;RUB;0;;;;;;УПРАВЛЕНИЕ ТРАНСПОРТА АДМИНИСТРАЦИИ ГОРОДА ВЛАДИВОСТОКА;АДМИНИСТРАЦИЯ ГОРОДА ВЛАДИВОСТОКА;18.02.2026;02.03.2026;Закупка завершена;;;26.02.2026;
44-ФЗ;№0888500000226000027;Электронный аукцион;Приобретение и установка модульных центров культуры и досуга в с. Энмелен, с. Сиреники;;'262870901298887090100100010012511244;;;94000000.00;RUB;0;;;;;;"ГОСУДАРСТВЕННОЕ КАЗЁННОЕ УЧРЕЖДЕНИЕ ""УПРАВЛЕНИЕ КАПИТАЛЬНОГО СТРОИТЕЛЬСТВА ЧУКОТСКОГО АВТОНОМНОГО ОКРУГА""";"ГОСУДАРСТВЕННОЕ КАЗЁННОЕ УЧРЕЖДЕНИЕ ""УПРАВЛЕНИЕ ГОСУДАРСТВЕННЫХ ЗАКУПОК ЧУКОТСКОГО АВТОНОМНОГО ОКРУГА""";30.01.2026;02.03.2026;Закупка завершена;;;09.02.2026;
44-ФЗ;№0120300012726000051;Электронный аукцион;Выполнение работ, связанных с осуществлением регулярных перевозок пассажиров и багажа автомобильным транспортом по маршрутам регулярных перевозок по регулируемым тарифам на территории Владивостокского городского округа;;'263253632132025360100100010044931244;;;41424685.61;RUB;0;;;;;;УПРАВЛЕНИЕ ТРАНСПОРТА АДМИНИСТРАЦИИ ГОРОДА ВЛАДИВОСТОКА;АДМИНИСТРАЦИЯ ГОРОДА ВЛАДИВОСТОКА;18.02.2026;02.03.2026;Закупка завершена;;;26.02.2026;
44-ФЗ;№0147300002126000001;Электронный аукцион;Золотое сердце Севера: проект благоустройства территории общего пользования по ул. Ленина д.6-д.16;;'263490510113049050100100040014299244;;;76189558.82;RUB;0;;;;;;УПРАВЛЕНИЕ ГОРОДСКОГО ХОЗЯЙСТВА И ЖИЗНЕОБЕСПЕЧЕНИЯ ТЕРРИТОРИИ СУСУМАНСКОГО МУНИЦИПАЛЬНОГО ОКРУГА МАГАДАНСКОЙ ОБЛАСТИ;УПРАВЛЕНИЕ ГОРОДСКОГО ХОЗЯЙСТВА И ЖИЗНЕОБЕСПЕЧЕНИЯ ТЕРРИТОРИИ СУСУМАНСКОГО МУНИЦИПАЛЬНОГО ОКРУГА МАГАДАНСКОЙ ОБЛАСТИ;17.02.2026;02.03.2026;Закупка завершена;;;27.02.2026;
44-ФЗ;№0120300012726000056;Электронный аукцион;Выполнение работ, связанных с осуществлением регулярных перевозок пассажиров и багажа автомобильным транспортом по маршрутам регулярных перевозок по регулируемым тарифам на территории Владивостокского городского округа;;'263253632132025360100100010114931244;;;63629583.97;RUB;0;;;;;;УПРАВЛЕНИЕ ТРАНСПОРТА АДМИНИСТРАЦИИ ГОРОДА ВЛАДИВОСТОКА;АДМИНИСТРАЦИЯ ГОРОДА ВЛАДИВОСТОКА;18.02.2026;02.03.2026;Закупка завершена;;;26.02.2026;
44-ФЗ;№0147300002126000002;Электронный аукцион;Золотое сердце Севера: проект благоустройства территории общего пользования по ул. Ленина д.6-д.16 устройство покрытия;;'263490510113049050100100050014211244;;;33810441.18;RUB;0;;;;;;УПРАВЛЕНИЕ ГОРОДСКОГО ХОЗЯЙСТВА И ЖИЗНЕОБЕСПЕЧЕНИЯ ТЕРРИТОРИИ СУСУМАНСКОГО МУНИЦИПАЛЬНОГО ОКРУГА МАГАДАНСКОЙ ОБЛАСТИ;УПРАВЛЕНИЕ ГОРОДСКОГО ХОЗЯЙСТВА И ЖИЗНЕОБЕСПЕЧЕНИЯ ТЕРРИТОРИИ СУСУМАНСКОГО МУНИЦИПАЛЬНОГО ОКРУГА МАГАДАНСКОЙ ОБЛАСТИ;18.02.2026;02.03.2026;Закупка завершена;;;27.02.2026;
44-ФЗ;№0338300007826000016;Электронный аукцион;Оказание услуг по утилизации и вызову медицинских отходов ;;'262410103612041010100100260013812244;;;7418627.50;RUB;0;;;;;;"ГОСУДАРСТВЕННОЕ БЮДЖЕТНОЕ УЧРЕЖДЕНИЕ ЗДРАВООХРАНЕНИЯ ""КАМЧАТСКИЙ КРАЕВОЙ РОДИЛЬНЫЙ ДОМ""";"ГОСУДАРСТВЕННОЕ БЮДЖЕТНОЕ УЧРЕЖДЕНИЕ ЗДРАВООХРАНЕНИЯ ""КАМЧАТСКИЙ КРАЕВОЙ РОДИЛЬНЫЙ ДОМ""";18.02.2026;02.03.2026;Закупка завершена;;;26.02.2026;
44-ФЗ;№0120300001726000033;Запрос котировок в электронной форме;Выполнение работ по капитальному ремонту подпорной стенки, расположенной по адресу: г. Фокино, ул. Карла Маркса, д. 9;;'263251230575325120100100240014299243;;;6258885.94;RUB;0;;;;;;УПРАВЛЕНИЕ ЖИЛИЩНО-КОММУНАЛЬНОГО ХОЗЯЙСТВА, БЛАГОУСТРОЙСТВА И СТРОИТЕЛЬСТВА АДМИНИСТРАЦИИ ГОРОДСКОГО ОКРУГА ЗАТО ФОКИНО;АДМИНИСТРАЦИЯ ГОРОДСКОГО ОКРУГА ЗАТО ФОКИНО;17.02.2026;02.03.2026;Закупка завершена;;;27.02.2026;
44-ФЗ;№0138300000426000089;Запрос котировок в электронной форме;Поставка (приобретение) жилого помещения (квартиры) в целях обеспечения детей-сирот и детей, оставшихся без попечения родителей, лиц из числа детей-сирот и детей, оставшихся без попечения родителей, жилыми помещениями;;'263410115660441010100100270016810412;;;5200000.00;RUB;0;;;;;;УПРАВЛЕНИЕ КОММУНАЛЬНОГО ХОЗЯЙСТВА И ЖИЛИЩНОГО ФОНДА АДМИНИСТРАЦИИ ПЕТРОПАВЛОВСК-КАМЧАТСКОГО ГОРОДСКОГО ОКРУГА-МУНИЦИПАЛЬНОЕ УЧРЕЖДЕНИЕ;УПРАВЛЕНИЕ ОРГАНИЗАЦИИ МУНИЦИПАЛЬНЫХ ЗАКУПОК АДМИНИСТРАЦИИ ПЕТРОПАВЛОВСК-КАМЧАТСКОГО ГОРОДСКОГО ОКРУГА - МУНИЦИПАЛЬНОЕ УЧРЕЖДЕНИЕ;17.02.2026;02.03.2026;Закупка завершена;;;27.02.2026;
44-ФЗ;№0847500000926000254;Электронный аукцион;"Выполнение авиационных работ в целях оказания медицинской помощи на территории Магаданской области; в акватории Охотского моря, в том числе за границей Российской Федерации";;'262490900121749090100100090015223244;;;249000000.00;RUB;0;;;;;;"МАГАДАНСКОЕ ОБЛАСТНОЕ ГОСУДАРСТВЕННОЕ БЮДЖЕТНОЕ УЧРЕЖДЕНИЕ ЗДРАВООХРАНЕНИЯ ""СТАНЦИЯ СКОРОЙ МЕДИЦИНСКОЙ ПОМОЩИ""";"МАГАДАНСКОЕ ОБЛАСТНОЕ ГОСУДАРСТВЕННОЕ КАЗЕННОЕ УЧРЕЖДЕНИЕ ""ЦЕНТР ЗАКУПОК МАГАДАНСКОЙ ОБЛАСТИ""";18.02.2026;02.03.2026;Закупка завершена;;;27.02.2026;
223-ФЗ;№32615608569;Иной способ;Выполнение работ по текущему ремонту, замена люминесцентных светильников на светодиодные в здании ВИП-терминала инв. № МА011187, для нужд АО «Международный аэропорт Сочи»;;;1;Выполнение работ по текущему ремонту, замена люминесцентных светильников на светодиодные в здании ВИП-терминала;8500000.00;RUB;8500000.00;;;;43.39.11.190: Работы отделочные декоративные прочие, не включенные в другие группировки;;"АКЦИОНЕРНОЕ ОБЩЕСТВО ""МЕЖДУНАРОДНЫЙ АЭРОПОРТ СОЧИ""";"АКЦИОНЕРНОЕ ОБЩЕСТВО ""МЕЖДУНАРОДНЫЙ АЭРОПОРТ ""КРАСНОДАР""";15.01.2026;28.02.2026;Закупка завершена;;;27.01.2026 16:00;
44-ФЗ;№0319100023226000006;Электронный аукцион;заготовка древесины;;'261242000649624200100100160010240244;;;84480000.00;RUB;0;;;;;;"ФЕДЕРАЛЬНОЕ КАЗЕННОЕ УЧРЕЖДЕНИЕ ""КОЛОНИЯ-ПОСЕЛЕНИЕ № 13 С ОСОБЫМИ УСЛОВИЯМИ ХОЗЯЙСТВЕННОЙ ДЕЯТЕЛЬНОСТИ ГЛАВНОГО УПРАВЛЕНИЯ ФЕДЕРАЛЬНОЙ СЛУЖБЫ ИСПОЛНЕНИЯ НАКАЗАНИЙ ПО КРАСНОЯРСКОМУ КРАЮ""";"ФЕДЕРАЛЬНОЕ КАЗЕННОЕ УЧРЕЖДЕНИЕ ""КОЛОНИЯ-ПОСЕЛЕНИЕ № 13 С ОСОБЫМИ УСЛОВИЯМИ ХОЗЯЙСТВЕННОЙ ДЕЯТЕЛЬНОСТИ ГЛАВНОГО УПРАВЛЕНИЯ ФЕДЕРАЛЬНОЙ СЛУЖБЫ ИСПОЛНЕНИЯ НАКАЗАНИЙ ПО КРАСНОЯРСКОМУ КРАЮ""";19.02.2026;28.02.2026;Закупка завершена;;;27.02.2026;
44-ФЗ;№0319100023226000007;Электронный аукцион;заготовка древесины;;'261242000649624200100100150010240244;;;84480000.00;RUB;0;;;;;;"ФЕДЕРАЛЬНОЕ КАЗЕННОЕ УЧРЕЖДЕНИЕ ""КОЛОНИЯ-ПОСЕЛЕНИЕ № 13 С ОСОБЫМИ УСЛОВИЯМИ ХОЗЯЙСТВЕННОЙ ДЕЯТЕЛЬНОСТИ ГЛАВНОГО УПРАВЛЕНИЯ ФЕДЕРАЛЬНОЙ СЛУЖБЫ ИСПОЛНЕНИЯ НАКАЗАНИЙ ПО КРАСНОЯРСКОМУ КРАЮ""";"ФЕДЕРАЛЬНОЕ КАЗЕННОЕ УЧРЕЖДЕНИЕ ""КОЛОНИЯ-ПОСЕЛЕНИЕ № 13 С ОСОБЫМИ УСЛОВИЯМИ ХОЗЯЙСТВЕННОЙ ДЕЯТЕЛЬНОСТИ ГЛАВНОГО УПРАВЛЕНИЯ ФЕДЕРАЛЬНОЙ СЛУЖБЫ ИСПОЛНЕНИЯ НАКАЗАНИЙ ПО КРАСНОЯРСКОМУ КРАЮ""";19.02.2026;28.02.2026;Закупка завершена;;;27.02.2026;
223-ФЗ;№32615687670;Аукцион в электронной форме, участниками которого могут быть только субъекты малого и среднего предпринимательства;Право заключения договора на ОКПД2 42.12.10.110 Поставка материалов для устройства путей перекатки открытой установки трансформаторов в рамках комплекса генподрядных работ для реализации проекта «Строительство Хабаровской ТЭЦ-4 с внеплощадочной инфраструктурой» Этап 3, 4 (Лот № 0165-КС ДОХ-2026-УСГС );;;1;ОКПД2 42.12.10.110 Поставка материалов для устройства путей перекатки открытой установки трансформаторов в рамках комплекса генподрядных работ для реализации проекта «Строительство Хабаровской ТЭЦ-4 с внеплощадочной инфраструктурой» Этап 3, 4;11200250.40;RUB;11200250.40;;;;42.12.10.110: Полотно железнодорожное для железных дорог;;"АКЦИОНЕРНОЕ ОБЩЕСТВО ""УСТЬ-СРЕДНЕКАНГЭССТРОЙ""";"АКЦИОНЕРНОЕ ОБЩЕСТВО ""УСТЬ-СРЕДНЕКАНГЭССТРОЙ""";10.02.2026;28.02.2026;Закупка завершена;;;17.02.2026 16:00;
44-ФЗ;№0372100049626000049;Электронный аукцион;Поставка стентов для сосудов головного мозга металлических непокрытых;;'261780203042978140100100140070000244;;;28784493.96;RUB;0;;;;;;"ФЕДЕРАЛЬНОЕ ГОСУДАРСТВЕННОЕ БЮДЖЕТНОЕ УЧРЕЖДЕНИЕ ""НАЦИОНАЛЬНЫЙ МЕДИЦИНСКИЙ ИССЛЕДОВАТЕЛЬСКИЙ ЦЕНТР ИМЕНИ В.А. АЛМАЗОВА"" МИНИСТЕРСТВА ЗДРАВООХРАНЕНИЯ РОССИЙСКОЙ ФЕДЕРАЦИИ";"ФЕДЕРАЛЬНОЕ ГОСУДАРСТВЕННОЕ БЮДЖЕТНОЕ УЧРЕЖДЕНИЕ ""НАЦИОНАЛЬНЫЙ МЕДИЦИНСКИЙ ИССЛЕДОВАТЕЛЬСКИЙ ЦЕНТР ИМЕНИ В.А. АЛМАЗОВА"" МИНИСТЕРСТВА ЗДРАВООХРАНЕНИЯ РОССИЙСКОЙ ФЕДЕРАЦИИ";17.02.2026;27.02.2026;Закупка завершена;;;25.02.2026;
44-ФЗ;№0372100049626000057;Электронный аукцион;Поставка  спиралей для эмболизации сосудов головного мозга;;'261780203042978140100100140110000244;;;9684762.50;RUB;0;;;;;;"ФЕДЕРАЛЬНОЕ ГОСУДАРСТВЕННОЕ БЮДЖЕТНОЕ УЧРЕЖДЕНИЕ ""НАЦИОНАЛЬНЫЙ МЕДИЦИНСКИЙ ИССЛЕДОВАТЕЛЬСКИЙ ЦЕНТР ИМЕНИ В.А. АЛМАЗОВА"" МИНИСТЕРСТВА ЗДРАВООХРАНЕНИЯ РОССИЙСКОЙ ФЕДЕРАЦИИ";"ФЕДЕРАЛЬНОЕ ГОСУДАРСТВЕННОЕ БЮДЖЕТНОЕ УЧРЕЖДЕНИЕ ""НАЦИОНАЛЬНЫЙ МЕДИЦИНСКИЙ ИССЛЕДОВАТЕЛЬСКИЙ ЦЕНТР ИМЕНИ В.А. АЛМАЗОВА"" МИНИСТЕРСТВА ЗДРАВООХРАНЕНИЯ РОССИЙСКОЙ ФЕДЕРАЦИИ";17.02.2026;27.02.2026;Закупка завершена;;;25.02.2026;
44-ФЗ;№0372100049626000075;Запрос котировок в электронной форме;Поставка лекарственного препарата МНН ВЕНЕТОКЛАКС;;'261780203042978140100100130162120244;;;9998100.00;RUB;0;;;;;;"ФЕДЕРАЛЬНОЕ ГОСУДАРСТВЕННОЕ БЮДЖЕТНОЕ УЧРЕЖДЕНИЕ ""НАЦИОНАЛЬНЫЙ МЕДИЦИНСКИЙ ИССЛЕДОВАТЕЛЬСКИЙ ЦЕНТР ИМЕНИ В.А. АЛМАЗОВА"" МИНИСТЕРСТВА ЗДРАВООХРАНЕНИЯ РОССИЙСКОЙ ФЕДЕРАЦИИ";"ФЕДЕРАЛЬНОЕ ГОСУДАРСТВЕННОЕ БЮДЖЕТНОЕ УЧРЕЖДЕНИЕ ""НАЦИОНАЛЬНЫЙ МЕДИЦИНСКИЙ ИССЛЕДОВАТЕЛЬСКИЙ ЦЕНТР ИМЕНИ В.А. АЛМАЗОВА"" МИНИСТЕРСТВА ЗДРАВООХРАНЕНИЯ РОССИЙСКОЙ ФЕДЕРАЦИИ";17.02.2026;27.02.2026;Закупка завершена;;;26.02.2026;
44-ФЗ;№0372100049626000091;Электронный аукцион;Поставка материала для эмболизации сосудов головного мозга;;'261780203042978140100100140400000244;;;6747839.60;RUB;0;;;;;;"ФЕДЕРАЛЬНОЕ ГОСУДАРСТВЕННОЕ БЮДЖЕТНОЕ УЧРЕЖДЕНИЕ ""НАЦИОНАЛЬНЫЙ МЕДИЦИНСКИЙ ИССЛЕДОВАТЕЛЬСКИЙ ЦЕНТР ИМЕНИ В.А. АЛМАЗОВА"" МИНИСТЕРСТВА ЗДРАВООХРАНЕНИЯ РОССИЙСКОЙ ФЕДЕРАЦИИ";"ФЕДЕРАЛЬНОЕ ГОСУДАРСТВЕННОЕ БЮДЖЕТНОЕ УЧРЕЖДЕНИЕ ""НАЦИОНАЛЬНЫЙ МЕДИЦИНСКИЙ ИССЛЕДОВАТЕЛЬСКИЙ ЦЕНТР ИМЕНИ В.А. АЛМАЗОВА"" МИНИСТЕРСТВА ЗДРАВООХРАНЕНИЯ РОССИЙСКОЙ ФЕДЕРАЦИИ";17.02.2026;27.02.2026;Закупка завершена;;;26.02.2026;
44-ФЗ;№0372100049626000062;Электронный аукцион;Поставка стентов для сосудов головного мозга металлических непокрытых;;'261780203042978140100100140150000244;;;7080279.55;RUB;0;;;;;;"ФЕДЕРАЛЬНОЕ ГОСУДАРСТВЕННОЕ БЮДЖЕТНОЕ УЧРЕЖДЕНИЕ ""НАЦИОНАЛЬНЫЙ МЕДИЦИНСКИЙ ИССЛЕДОВАТЕЛЬСКИЙ ЦЕНТР ИМЕНИ В.А. АЛМАЗОВА"" МИНИСТЕРСТВА ЗДРАВООХРАНЕНИЯ РОССИЙСКОЙ ФЕДЕРАЦИИ";"ФЕДЕРАЛЬНОЕ ГОСУДАРСТВЕННОЕ БЮДЖЕТНОЕ УЧРЕЖДЕНИЕ ""НАЦИОНАЛЬНЫЙ МЕДИЦИНСКИЙ ИССЛЕДОВАТЕЛЬСКИЙ ЦЕНТР ИМЕНИ В.А. АЛМАЗОВА"" МИНИСТЕРСТВА ЗДРАВООХРАНЕНИЯ РОССИЙСКОЙ ФЕДЕРАЦИИ";17.02.2026;27.02.2026;Закупка завершена;;;26.02.2026;
44-ФЗ;№0372100049626000086;Электронный аукцион;Поставка  наборов трубок и коннекторов, предназначенных для удлинения трубки из набора для внутривенных вливаний;;'261780203042978140100100140390000244;;;5872951.00;RUB;0;;;;;;"ФЕДЕРАЛЬНОЕ ГОСУДАРСТВЕННОЕ БЮДЖЕТНОЕ УЧРЕЖДЕНИЕ ""НАЦИОНАЛЬНЫЙ МЕДИЦИНСКИЙ ИССЛЕДОВАТЕЛЬСКИЙ ЦЕНТР ИМЕНИ В.А. АЛМАЗОВА"" МИНИСТЕРСТВА ЗДРАВООХРАНЕНИЯ РОССИЙСКОЙ ФЕДЕРАЦИИ";"ФЕДЕРАЛЬНОЕ ГОСУДАРСТВЕННОЕ БЮДЖЕТНОЕ УЧРЕЖДЕНИЕ ""НАЦИОНАЛЬНЫЙ МЕДИЦИНСКИЙ ИССЛЕДОВАТЕЛЬСКИЙ ЦЕНТР ИМЕНИ В.А. АЛМАЗОВА"" МИНИСТЕРСТВА ЗДРАВООХРАНЕНИЯ РОССИЙСКОЙ ФЕДЕРАЦИИ";17.02.2026;27.02.2026;Закупка завершена;;;26.02.2026;
44-ФЗ;№0373100091426000130;Электронный аукцион;"Поставка систем желудочковых вспомогательных имплантируемых для нужд ФГБУ ""НМИЦ ТИО им. ак. В.И. Шумакова"" Минздрава России   ";;'261773401280677340100100120730000244;;;40000000.00;RUB;0;;;;;;"ФЕДЕРАЛЬНОЕ ГОСУДАРСТВЕННОЕ БЮДЖЕТНОЕ УЧРЕЖДЕНИЕ ""НАЦИОНАЛЬНЫЙ МЕДИЦИНСКИЙ ИССЛЕДОВАТЕЛЬСКИЙ ЦЕНТР ТРАНСПЛАНТОЛОГИИ И ИСКУССТВЕННЫХ ОРГАНОВ ИМЕНИ АКАДЕМИКА В.И. ШУМАКОВА"" МИНИСТЕРСТВА ЗДРАВООХРАНЕНИЯ РОССИЙСКОЙ ФЕДЕРАЦИИ";"ФЕДЕРАЛЬНОЕ ГОСУДАРСТВЕННОЕ БЮДЖЕТНОЕ УЧРЕЖДЕНИЕ ""НАЦИОНАЛЬНЫЙ МЕДИЦИНСКИЙ ИССЛЕДОВАТЕЛЬСКИЙ ЦЕНТР ТРАНСПЛАНТОЛОГИИ И ИСКУССТВЕННЫХ ОРГАНОВ ИМЕНИ АКАДЕМИКА В.И. ШУМАКОВА"" МИНИСТЕРСТВА ЗДРАВООХРАНЕНИЯ РОССИЙСКОЙ ФЕДЕРАЦИИ";19.02.2026;27.02.2026;Закупка завершена;;;27.02.2026;
44-ФЗ;№0373100091426000129;Электронный аукцион;"Поставка систем желудочковых вспомогательных имплантируемых для нужд ФГБУ ""НМИЦ ТИО им. ак. В.И. Шумакова"" Минздрава России   ";;'261773401280677340100100120710000244;;;40000000.00;RUB;0;;;;;;"ФЕДЕРАЛЬНОЕ ГОСУДАРСТВЕННОЕ БЮДЖЕТНОЕ УЧРЕЖДЕНИЕ ""НАЦИОНАЛЬНЫЙ МЕДИЦИНСКИЙ ИССЛЕДОВАТЕЛЬСКИЙ ЦЕНТР ТРАНСПЛАНТОЛОГИИ И ИСКУССТВЕННЫХ ОРГАНОВ ИМЕНИ АКАДЕМИКА В.И. ШУМАКОВА"" МИНИСТЕРСТВА ЗДРАВООХРАНЕНИЯ РОССИЙСКОЙ ФЕДЕРАЦИИ";"ФЕДЕРАЛЬНОЕ ГОСУДАРСТВЕННОЕ БЮДЖЕТНОЕ УЧРЕЖДЕНИЕ ""НАЦИОНАЛЬНЫЙ МЕДИЦИНСКИЙ ИССЛЕДОВАТЕЛЬСКИЙ ЦЕНТР ТРАНСПЛАНТОЛОГИИ И ИСКУССТВЕННЫХ ОРГАНОВ ИМЕНИ АКАДЕМИКА В.И. ШУМАКОВА"" МИНИСТЕРСТВА ЗДРАВООХРАНЕНИЯ РОССИЙСКОЙ ФЕДЕРАЦИИ";19.02.2026;27.02.2026;Закупка завершена;;;27.02.2026;
44-ФЗ;№0373100091426000119;Электронный аукцион;"Поставка биопротезов сердечного аортального клапана для транскатетерной имплантации, с каркасом в форме стента для нужд ФГБУ ""НМИЦ ТИО им. ак. В.И. Шумакова"" Минздрава России     ";;'261773401280677340100100120660000244;;;14986666.70;RUB;0;;;;;;"ФЕДЕРАЛЬНОЕ ГОСУДАРСТВЕННОЕ БЮДЖЕТНОЕ УЧРЕЖДЕНИЕ ""НАЦИОНАЛЬНЫЙ МЕДИЦИНСКИЙ ИССЛЕДОВАТЕЛЬСКИЙ ЦЕНТР ТРАНСПЛАНТОЛОГИИ И ИСКУССТВЕННЫХ ОРГАНОВ ИМЕНИ АКАДЕМИКА В.И. ШУМАКОВА"" МИНИСТЕРСТВА ЗДРАВООХРАНЕНИЯ РОССИЙСКОЙ ФЕДЕРАЦИИ";"ФЕДЕРАЛЬНОЕ ГОСУДАРСТВЕННОЕ БЮДЖЕТНОЕ УЧРЕЖДЕНИЕ ""НАЦИОНАЛЬНЫЙ МЕДИЦИНСКИЙ ИССЛЕДОВАТЕЛЬСКИЙ ЦЕНТР ТРАНСПЛАНТОЛОГИИ И ИСКУССТВЕННЫХ ОРГАНОВ ИМЕНИ АКАДЕМИКА В.И. ШУМАКОВА"" МИНИСТЕРСТВА ЗДРАВООХРАНЕНИЯ РОССИЙСКОЙ ФЕДЕРАЦИИ";18.02.2026;27.02.2026;Закупка завершена;;;26.02.2026;
44-ФЗ;№0373100091426000117;Электронный аукцион;"Поставка биопротезов сердечного аортального клапана для транскатетерной имплантации, с каркасом в форме стента для нужд ФГБУ ""НМИЦ ТИО им. ак. В.И. Шумакова"" Минздрава России     ";;'261773401280677340100100120650000244;;;14986666.70;RUB;0;;;;;;"ФЕДЕРАЛЬНОЕ ГОСУДАРСТВЕННОЕ БЮДЖЕТНОЕ УЧРЕЖДЕНИЕ ""НАЦИОНАЛЬНЫЙ МЕДИЦИНСКИЙ ИССЛЕДОВАТЕЛЬСКИЙ ЦЕНТР ТРАНСПЛАНТОЛОГИИ И ИСКУССТВЕННЫХ ОРГАНОВ ИМЕНИ АКАДЕМИКА В.И. ШУМАКОВА"" МИНИСТЕРСТВА ЗДРАВООХРАНЕНИЯ РОССИЙСКОЙ ФЕДЕРАЦИИ";"ФЕДЕРАЛЬНОЕ ГОСУДАРСТВЕННОЕ БЮДЖЕТНОЕ УЧРЕЖДЕНИЕ ""НАЦИОНАЛЬНЫЙ МЕДИЦИНСКИЙ ИССЛЕДОВАТЕЛЬСКИЙ ЦЕНТР ТРАНСПЛАНТОЛОГИИ И ИСКУССТВЕННЫХ ОРГАНОВ ИМЕНИ АКАДЕМИКА В.И. ШУМАКОВА"" МИНИСТЕРСТВА ЗДРАВООХРАНЕНИЯ РОССИЙСКОЙ ФЕДЕРАЦИИ";18.02.2026;27.02.2026;Закупка завершена;;;26.02.2026;
44-ФЗ;№0373100091426000115;Электронный аукцион;"Поставка биопротезов сердечного аортального клапана для транскатетерной имплантации, с каркасом в форме стента для нужд ФГБУ ""НМИЦ ТИО им. ак. В.И. Шумакова"" Минздрава России     ";;'261773401280677340100100120640000244;;;14986666.70;RUB;0;;;;;;"ФЕДЕРАЛЬНОЕ ГОСУДАРСТВЕННОЕ БЮДЖЕТНОЕ УЧРЕЖДЕНИЕ ""НАЦИОНАЛЬНЫЙ МЕДИЦИНСКИЙ ИССЛЕДОВАТЕЛЬСКИЙ ЦЕНТР ТРАНСПЛАНТОЛОГИИ И ИСКУССТВЕННЫХ ОРГАНОВ ИМЕНИ АКАДЕМИКА В.И. ШУМАКОВА"" МИНИСТЕРСТВА ЗДРАВООХРАНЕНИЯ РОССИЙСКОЙ ФЕДЕРАЦИИ";"ФЕДЕРАЛЬНОЕ ГОСУДАРСТВЕННОЕ БЮДЖЕТНОЕ УЧРЕЖДЕНИЕ ""НАЦИОНАЛЬНЫЙ МЕДИЦИНСКИЙ ИССЛЕДОВАТЕЛЬСКИЙ ЦЕНТР ТРАНСПЛАНТОЛОГИИ И ИСКУССТВЕННЫХ ОРГАНОВ ИМЕНИ АКАДЕМИКА В.И. ШУМАКОВА"" МИНИСТЕРСТВА ЗДРАВООХРАНЕНИЯ РОССИЙСКОЙ ФЕДЕРАЦИИ";18.02.2026;27.02.2026;Закупка завершена;;;26.02.2026;
223-ФЗ;№32615753141;Иной способ;"Выполнение работ по разработке проектно-сметной документации на выполнение работ по капитальному ремонту зданий учебного корпуса, спортивного зала, мастерской и благоустройству территории КГА ПОУ ""НГГПК"" по адресу г. Находка, проспект Находкинский, 34";;;1;"Выполнение работ по разработке проектно-сметной документации на выполнение работ по капитальному ремонту зданий учебного корпуса, спортивного зала, мастерской и благоустройству территории КГА ПОУ ""НГГПК"" по адресу г. Находка, проспект Находкинский, 34";9000000.00;RUB;9000000.00;;;;71.1: Услуги в области архитектуры, инженерно-технического проектирования и связанные технические консультативные услуги;;"КРАЕВОЕ ГОСУДАРСТВЕННОЕ АВТОНОМНОЕ ПРОФЕССИОНАЛЬНОЕ ОБРАЗОВАТЕЛЬНОЕ УЧРЕЖДЕНИЕ ""НАХОДКИНСКИЙ ГОСУДАРСТВЕННЫЙ ГУМАНИТАРНО-ПОЛИТЕХНИЧЕСКИЙ КОЛЛЕДЖ""";"КРАЕВОЕ ГОСУДАРСТВЕННОЕ АВТОНОМНОЕ ПРОФЕССИОНАЛЬНОЕ ОБРАЗОВАТЕЛЬНОЕ УЧРЕЖДЕНИЕ ""НАХОДКИНСКИЙ ГОСУДАРСТВЕННЫЙ ГУМАНИТАРНО-ПОЛИТЕХНИЧЕСКИЙ КОЛЛЕДЖ""";27.02.2026;27.02.2026;Закупка завершена;;;27.02.2026 20:40;
44-ФЗ;№0373100091426000123;Электронный аукцион;"Поставка протезов клапана сердца аортальных и систем доставки для нужд ФГБУ ""НМИЦ ТИО им. ак. В.И. Шумакова"" Минздрава России";;'261773401280677340100100120680000244;;;20000000.00;RUB;0;;;;;;"ФЕДЕРАЛЬНОЕ ГОСУДАРСТВЕННОЕ БЮДЖЕТНОЕ УЧРЕЖДЕНИЕ ""НАЦИОНАЛЬНЫЙ МЕДИЦИНСКИЙ ИССЛЕДОВАТЕЛЬСКИЙ ЦЕНТР ТРАНСПЛАНТОЛОГИИ И ИСКУССТВЕННЫХ ОРГАНОВ ИМЕНИ АКАДЕМИКА В.И. ШУМАКОВА"" МИНИСТЕРСТВА ЗДРАВООХРАНЕНИЯ РОССИЙСКОЙ ФЕДЕРАЦИИ";"ФЕДЕРАЛЬНОЕ ГОСУДАРСТВЕННОЕ БЮДЖЕТНОЕ УЧРЕЖДЕНИЕ ""НАЦИОНАЛЬНЫЙ МЕДИЦИНСКИЙ ИССЛЕДОВАТЕЛЬСКИЙ ЦЕНТР ТРАНСПЛАНТОЛОГИИ И ИСКУССТВЕННЫХ ОРГАНОВ ИМЕНИ АКАДЕМИКА В.И. ШУМАКОВА"" МИНИСТЕРСТВА ЗДРАВООХРАНЕНИЯ РОССИЙСКОЙ ФЕДЕРАЦИИ";18.02.2026;27.02.2026;Закупка завершена;;;26.02.2026;
