Закупки по;Реестровый номер закупки;Способ определения поставщика (подрядчика, исполнителя), подрядной организации (размещения закупки);Наименование закупки;Предмет электронного аукциона (только для ПП РФ 615);Идентификационный код закупки;Номер лота;Наименование лота;Начальная (максимальная) цена контракта;Валюта;Начальная (максимальная) цена в валюте контракта;Валюта контракта;Классификация по ОКДП;Классификация по ОКПД;Классификация по ОКПД2;Код позиции;Наименование Заказчика;Организация, осуществляющая размещение ;Дата размещения;Дата обновления;Этап закупки;Особенности размещения заказа\ Преимущества (44-ФЗ);Дата начала подачи заявок;Дата окончания подачи заявок;Дата проведения электронного аукциона
44-ФЗ;№0124300021026000112;Запрос котировок в электронной форме;Приобретение жилого помещения (квартиры) путем участия в долевом строительстве многоквартирного жилого дома в городе Архангельске для предоставления гражданам, переселяемым из аварийного жилищного фонда ;;'263290126558129010100100020666810412;;;8117990.30;RUB;0;;;;;;"ДЕПАРТАМЕНТ ГОРОДСКОГО ХОЗЯЙСТВА АДМИНИСТРАЦИИ ГОРОДСКОГО ОКРУГА ""ГОРОД АРХАНГЕЛЬСК""";"АДМИНИСТРАЦИЯ ГОРОДСКОГО ОКРУГА ""ГОРОД АРХАНГЕЛЬСК""";17.02.2026;26.02.2026;Закупка завершена;;;26.02.2026;
44-ФЗ;№0744200000226000922;Запрос котировок в электронной форме;Поставка лекарственных препаратов МНН Адалимумаб, (торговое наименование Хумира);;'262462904003746320100100090410000000;;;7258027.36;RUB;0;;;;;;МИНИСТЕРСТВО ЗДРАВООХРАНЕНИЯ КУРСКОЙ ОБЛАСТИ;"ОБЛАСТНОЕ КАЗЕННОЕ УЧРЕЖДЕНИЕ ""ЦЕНТР ЗАКУПОК КУРСКОЙ ОБЛАСТИ""";16.02.2026;26.02.2026;Закупка завершена;;;25.02.2026;
44-ФЗ;№0134200000126000443;Электронный аукцион;Поставка горюче-смазочных материалов;;'262381901229038510100101220011920244;;;5966405.00;RUB;0;;;;;;"ОБЛАСТНОЕ ГОСУДАРСТВЕННОЕ БЮДЖЕТНОЕ УЧРЕЖДЕНИЕ ЗДРАВООХРАНЕНИЯ ""УСОЛЬСКАЯ ГОРОДСКАЯ БОЛЬНИЦА""";МИНИСТЕРСТВО ПО РЕГУЛИРОВАНИЮ КОНТРАКТНОЙ СИСТЕМЫ В СФЕРЕ ЗАКУПОК ИРКУТСКОЙ ОБЛАСТИ;17.02.2026;26.02.2026;Закупка завершена;;;26.02.2026;
44-ФЗ;№0848600007426000013;Открытый конкурс в электронной форме;Выполнение работ по текущему ремонту Выполнение работ по ремонту автомобильных дорог общего пользования местного значения на территории муниципального округа Серебряные Пруды Московской области;;'263507600024050760100100160014211244;;;13877574.59;RUB;0;;;;;;АДМИНИСТРАЦИЯ МУНИЦИПАЛЬНОГО ОКРУГА СЕРЕБРЯНЫЕ ПРУДЫ МОСКОВСКОЙ ОБЛАСТИ;"МУНИЦИПАЛЬНОЕ КАЗЁННОЕ УЧРЕЖДЕНИЕ ""ЦЕНТР ТОРГОВ МУНИЦИПАЛЬНОГО ОКРУГА СЕРЕБРЯНЫЕ ПРУДЫ""";09.02.2026;26.02.2026;Закупка завершена;;;25.02.2026;
44-ФЗ;№0184300000426000029;Электронный аукцион;Оказание услуг по регулярным перевозкам пассажиров автобусом;;'263298300393029830100100110014939244;;;19960593.77;RUB;0;;;;;;"АДМИНИСТРАЦИЯ МУНИЦИПАЛЬНОГО РАЙОНА ""ЗАПОЛЯРНЫЙ РАЙОН"" НЕНЕЦКОГО АВТОНОМНОГО ОКРУГА""";УПРАВЛЕНИЕ МУНИЦИПАЛЬНОГО ИМУЩЕСТВА АДМИНИСТРАЦИИ ЗАПОЛЯРНОГО РАЙОНА;16.02.2026;26.02.2026;Закупка завершена;;;24.02.2026;
44-ФЗ;№0869200000226001003;Электронный аукцион;Выполнение работ, связанных с осуществлением регулярных перевозок пассажиров и багажа по регулируемым тарифам;;'262745145069374510100100030434931244;;;25717651.20;RUB;0;;;;;;"ОБЛАСТНОЕ ГОСУДАРСТВЕННОЕ КАЗЕННОЕ УЧРЕЖДЕНИЕ ""ОРГАНИЗАТОР ПЕРЕВОЗОК ЧЕЛЯБИНСКОЙ ОБЛАСТИ""";"ГОСУДАРСТВЕННОЕ КАЗЕННОЕ УЧРЕЖДЕНИЕ ""ЦЕНТР ОРГАНИЗАЦИИ ЗАКУПОК ЧЕЛЯБИНСКОЙ ОБЛАСТИ""";18.02.2026;26.02.2026;Закупка завершена;;;26.02.2026;
44-ФЗ;№0869200000226000969;Электронный аукцион;Выполнение работ, связанных с осуществлением регулярных перевозок пассажиров и багажа по регулируемым тарифам;;'262745145069374510100100030364931244;;;9913790.25;RUB;0;;;;;;"ОБЛАСТНОЕ ГОСУДАРСТВЕННОЕ КАЗЕННОЕ УЧРЕЖДЕНИЕ ""ОРГАНИЗАТОР ПЕРЕВОЗОК ЧЕЛЯБИНСКОЙ ОБЛАСТИ""";"ГОСУДАРСТВЕННОЕ КАЗЕННОЕ УЧРЕЖДЕНИЕ ""ЦЕНТР ОРГАНИЗАЦИИ ЗАКУПОК ЧЕЛЯБИНСКОЙ ОБЛАСТИ""";18.02.2026;26.02.2026;Закупка завершена;;;26.02.2026;
44-ФЗ;№0869200000226000971;Электронный аукцион;Выполнение работ, связанных с осуществлением регулярных перевозок пассажиров и багажа по регулируемым тарифам;;'262745145069374510100100030374931244;;;6625794.30;RUB;0;;;;;;"ОБЛАСТНОЕ ГОСУДАРСТВЕННОЕ КАЗЕННОЕ УЧРЕЖДЕНИЕ ""ОРГАНИЗАТОР ПЕРЕВОЗОК ЧЕЛЯБИНСКОЙ ОБЛАСТИ""";"ГОСУДАРСТВЕННОЕ КАЗЕННОЕ УЧРЕЖДЕНИЕ ""ЦЕНТР ОРГАНИЗАЦИИ ЗАКУПОК ЧЕЛЯБИНСКОЙ ОБЛАСТИ""";18.02.2026;26.02.2026;Закупка завершена;;;26.02.2026;
44-ФЗ;№0365100000926000044;Электронный аукцион;Поставка Лекарственного препарата МНН «АТЕЗОЛИЗУМАБ»  для нужд НИИ онкологии Томского НИМЦ;;'261701901197970170100101130012120244;;;16626610.00;RUB;0;;;;;;"ФЕДЕРАЛЬНОЕ ГОСУДАРСТВЕННОЕ БЮДЖЕТНОЕ НАУЧНОЕ УЧРЕЖДЕНИЕ ""ТОМСКИЙ НАЦИОНАЛЬНЫЙ ИССЛЕДОВАТЕЛЬСКИЙ МЕДИЦИНСКИЙ ЦЕНТР РОССИЙСКОЙ АКАДЕМИИ НАУК""";"ФЕДЕРАЛЬНОЕ ГОСУДАРСТВЕННОЕ БЮДЖЕТНОЕ НАУЧНОЕ УЧРЕЖДЕНИЕ ""ТОМСКИЙ НАЦИОНАЛЬНЫЙ ИССЛЕДОВАТЕЛЬСКИЙ МЕДИЦИНСКИЙ ЦЕНТР РОССИЙСКОЙ АКАДЕМИИ НАУК""";18.02.2026;26.02.2026;Закупка завершена;;;26.02.2026;
44-ФЗ;№0869200000226000975;Электронный аукцион;Выполнение работ, связанных с осуществлением регулярных перевозок пассажиров и багажа по регулируемым тарифам;;'262745145069374510100100030394931244;;;6151950.00;RUB;0;;;;;;"ОБЛАСТНОЕ ГОСУДАРСТВЕННОЕ КАЗЕННОЕ УЧРЕЖДЕНИЕ ""ОРГАНИЗАТОР ПЕРЕВОЗОК ЧЕЛЯБИНСКОЙ ОБЛАСТИ""";"ГОСУДАРСТВЕННОЕ КАЗЕННОЕ УЧРЕЖДЕНИЕ ""ЦЕНТР ОРГАНИЗАЦИИ ЗАКУПОК ЧЕЛЯБИНСКОЙ ОБЛАСТИ""";18.02.2026;26.02.2026;Закупка завершена;;;26.02.2026;
44-ФЗ;№0869200000226000973;Электронный аукцион;Выполнение работ, связанных с осуществлением регулярных перевозок пассажиров и багажа по регулируемым тарифам;;'262745145069374510100100030384931244;;;6052725.00;RUB;0;;;;;;"ОБЛАСТНОЕ ГОСУДАРСТВЕННОЕ КАЗЕННОЕ УЧРЕЖДЕНИЕ ""ОРГАНИЗАТОР ПЕРЕВОЗОК ЧЕЛЯБИНСКОЙ ОБЛАСТИ""";"ГОСУДАРСТВЕННОЕ КАЗЕННОЕ УЧРЕЖДЕНИЕ ""ЦЕНТР ОРГАНИЗАЦИИ ЗАКУПОК ЧЕЛЯБИНСКОЙ ОБЛАСТИ""";18.02.2026;26.02.2026;Закупка завершена;;;26.02.2026;
44-ФЗ;№0869200000226000960;Электронный аукцион;Выполнение работ, связанных с осуществлением регулярных перевозок пассажиров и багажа по регулируемым тарифам;;'262745145069374510100100030494931244;;;10990851.90;RUB;0;;;;;;"ОБЛАСТНОЕ ГОСУДАРСТВЕННОЕ КАЗЕННОЕ УЧРЕЖДЕНИЕ ""ОРГАНИЗАТОР ПЕРЕВОЗОК ЧЕЛЯБИНСКОЙ ОБЛАСТИ""";"ГОСУДАРСТВЕННОЕ КАЗЕННОЕ УЧРЕЖДЕНИЕ ""ЦЕНТР ОРГАНИЗАЦИИ ЗАКУПОК ЧЕЛЯБИНСКОЙ ОБЛАСТИ""";18.02.2026;26.02.2026;Закупка завершена;;;26.02.2026;
44-ФЗ;№0869200000226000964;Электронный аукцион;Выполнение работ, связанных с осуществлением регулярных перевозок пассажиров и багажа по регулируемым тарифам;;'262745145069374510100100030234931244;;;7260768.00;RUB;0;;;;;;"ОБЛАСТНОЕ ГОСУДАРСТВЕННОЕ КАЗЕННОЕ УЧРЕЖДЕНИЕ ""ОРГАНИЗАТОР ПЕРЕВОЗОК ЧЕЛЯБИНСКОЙ ОБЛАСТИ""";"ГОСУДАРСТВЕННОЕ КАЗЕННОЕ УЧРЕЖДЕНИЕ ""ЦЕНТР ОРГАНИЗАЦИИ ЗАКУПОК ЧЕЛЯБИНСКОЙ ОБЛАСТИ""";18.02.2026;26.02.2026;Закупка завершена;;;26.02.2026;
44-ФЗ;№0744200000226000999;Электронный аукцион;Поставка лекарственных препаратов (МНН Инсулин аспарт);;'262462904003746320100100022172120000;;;5723877.45;RUB;0;;;;;;МИНИСТЕРСТВО ЗДРАВООХРАНЕНИЯ КУРСКОЙ ОБЛАСТИ;"ОБЛАСТНОЕ КАЗЕННОЕ УЧРЕЖДЕНИЕ ""ЦЕНТР ЗАКУПОК КУРСКОЙ ОБЛАСТИ""";18.02.2026;26.02.2026;Закупка завершена;;;26.02.2026;
44-ФЗ;№0158300003226000014;Электронный аукцион;Ремонт внутрипоселковой дороги п. Подлесный, ул. Заводская, от границы п. Подлесный далее в западном направлении до жилого дома № 16 ул. Заводская;;'263611900308861190100100110014211244;;;12410639.56;RUB;0;;;;;;АДМИНИСТРАЦИЯ МАТВЕЕВО-КУРГАНСКОГО РАЙОНА;АДМИНИСТРАЦИЯ МАТВЕЕВО-КУРГАНСКОГО РАЙОНА;13.02.2026;26.02.2026;Закупка завершена;;;25.02.2026;
44-ФЗ;№0869200000226000961;Электронный аукцион;Выполнение работ, связанных с осуществлением регулярных перевозок пассажиров и багажа по регулируемым тарифам;;'262745145069374510100100030454931244;;;44676765.00;RUB;0;;;;;;"ОБЛАСТНОЕ ГОСУДАРСТВЕННОЕ КАЗЕННОЕ УЧРЕЖДЕНИЕ ""ОРГАНИЗАТОР ПЕРЕВОЗОК ЧЕЛЯБИНСКОЙ ОБЛАСТИ""";"ГОСУДАРСТВЕННОЕ КАЗЕННОЕ УЧРЕЖДЕНИЕ ""ЦЕНТР ОРГАНИЗАЦИИ ЗАКУПОК ЧЕЛЯБИНСКОЙ ОБЛАСТИ""";18.02.2026;26.02.2026;Закупка завершена;;;26.02.2026;
44-ФЗ;№0869200000226000949;Электронный аукцион;Выполнение работ, связанных с осуществлением регулярных перевозок пассажиров и багажа по регулируемым тарифам;;'262745145069374510100100030244931244;;;5457348.00;RUB;0;;;;;;"ОБЛАСТНОЕ ГОСУДАРСТВЕННОЕ КАЗЕННОЕ УЧРЕЖДЕНИЕ ""ОРГАНИЗАТОР ПЕРЕВОЗОК ЧЕЛЯБИНСКОЙ ОБЛАСТИ""";"ГОСУДАРСТВЕННОЕ КАЗЕННОЕ УЧРЕЖДЕНИЕ ""ЦЕНТР ОРГАНИЗАЦИИ ЗАКУПОК ЧЕЛЯБИНСКОЙ ОБЛАСТИ""";17.02.2026;26.02.2026;Закупка завершена;;;26.02.2026;
44-ФЗ;№0869200000226000928;Электронный аукцион;Выполнение работ, связанных с осуществлением регулярных перевозок пассажиров и багажа по регулируемым тарифам;;'262745145069374510100100030254931244;;;5919264.00;RUB;0;;;;;;"ОБЛАСТНОЕ ГОСУДАРСТВЕННОЕ КАЗЕННОЕ УЧРЕЖДЕНИЕ ""ОРГАНИЗАТОР ПЕРЕВОЗОК ЧЕЛЯБИНСКОЙ ОБЛАСТИ""";"ГОСУДАРСТВЕННОЕ КАЗЕННОЕ УЧРЕЖДЕНИЕ ""ЦЕНТР ОРГАНИЗАЦИИ ЗАКУПОК ЧЕЛЯБИНСКОЙ ОБЛАСТИ""";17.02.2026;26.02.2026;Закупка завершена;;;26.02.2026;
44-ФЗ;№0373200152826000034;Открытый конкурс в электронной форме;"Поставка продуктов питания для нужд ГБУЗ ""ГКБ им. А.К. Ерамишанцева ДЗМ"" (Молочная продукция, овощи)";;'262771603570577160100100470010000244;;;20376440.50;RUB;0;;;;;;"ГОСУДАРСТВЕННОЕ БЮДЖЕТНОЕ УЧРЕЖДЕНИЕ ЗДРАВООХРАНЕНИЯ ГОРОДА МОСКВЫ ""ГОРОДСКАЯ КЛИНИЧЕСКАЯ БОЛЬНИЦА ИМЕНИ А.К. ЕРАМИШАНЦЕВА ДЕПАРТАМЕНТА ЗДРАВООХРАНЕНИЯ ГОРОДА МОСКВЫ""";"ГОСУДАРСТВЕННОЕ БЮДЖЕТНОЕ УЧРЕЖДЕНИЕ ЗДРАВООХРАНЕНИЯ ГОРОДА МОСКВЫ ""ГОРОДСКАЯ КЛИНИЧЕСКАЯ БОЛЬНИЦА ИМЕНИ А.К. ЕРАМИШАНЦЕВА ДЕПАРТАМЕНТА ЗДРАВООХРАНЕНИЯ ГОРОДА МОСКВЫ""";04.02.2026;26.02.2026;Закупка завершена;;;20.02.2026;
44-ФЗ;№0869600056226000019;Электронный аукцион;Содержание автомобильных дорог общего пользования местного значения на территории Копейского городского округа;;'263741101506074300100100120014211244;;;128045514.00;RUB;0;;;;;;"МУНИЦИПАЛЬНОЕ УЧРЕЖДЕНИЕ КОПЕЙСКОГО ГОРОДСКОГО ОКРУГА ""ГОРОДСКАЯ СЛУЖБА ЗАКАЗЧИКА""";"МУНИЦИПАЛЬНОЕ КАЗЕННОЕ УЧРЕЖДЕНИЕ КОПЕЙСКОГО ГОРОДСКОГО ОКРУГА ""УПРАВЛЕНИЕ ЗАКУПОК И ОБЕСПЕЧЕНИЯ""";17.02.2026;26.02.2026;Закупка завершена;;;25.02.2026;
44-ФЗ;№0124300021026000111;Запрос котировок в электронной форме;Приобретение жилого помещения (квартиры) путем участия в долевом строительстве многоквартирного жилого дома в городе Архангельске для предоставления гражданам, переселяемым из аварийного жилищного фонда ;;'263290126558129010100100020686810412;;;6718336.80;RUB;0;;;;;;"ДЕПАРТАМЕНТ ГОРОДСКОГО ХОЗЯЙСТВА АДМИНИСТРАЦИИ ГОРОДСКОГО ОКРУГА ""ГОРОД АРХАНГЕЛЬСК""";"АДМИНИСТРАЦИЯ ГОРОДСКОГО ОКРУГА ""ГОРОД АРХАНГЕЛЬСК""";17.02.2026;26.02.2026;Закупка завершена;;;26.02.2026;
44-ФЗ;№0869200000226000942;Электронный аукцион;Выполнение работ, связанных с осуществлением регулярных перевозок пассажиров и багажа по регулируемым тарифам;;'262745145069374510100100030354931244;;;7832448.00;RUB;0;;;;;;"ОБЛАСТНОЕ ГОСУДАРСТВЕННОЕ КАЗЕННОЕ УЧРЕЖДЕНИЕ ""ОРГАНИЗАТОР ПЕРЕВОЗОК ЧЕЛЯБИНСКОЙ ОБЛАСТИ""";"ГОСУДАРСТВЕННОЕ КАЗЕННОЕ УЧРЕЖДЕНИЕ ""ЦЕНТР ОРГАНИЗАЦИИ ЗАКУПОК ЧЕЛЯБИНСКОЙ ОБЛАСТИ""";17.02.2026;26.02.2026;Закупка завершена;;;26.02.2026;
44-ФЗ;№0369100032526000046;Электронный аукцион;Поставка интродьюсеров для ввода медицинских инструментов при сердечно-сосудистых заболеваниях для нужд ФГБУ «ФЦССХ» Минздрава России (г. Челябинск);;'261745321598474530100100010420000244;;;9420900.00;RUB;0;;;;;;"ФЕДЕРАЛЬНОЕ ГОСУДАРСТВЕННОЕ БЮДЖЕТНОЕ УЧРЕЖДЕНИЕ ""ФЕДЕРАЛЬНЫЙ ЦЕНТР СЕРДЕЧНО-СОСУДИСТОЙ ХИРУРГИИ"" МИНИСТЕРСТВА ЗДРАВООХРАНЕНИЯ РОССИЙСКОЙ ФЕДЕРАЦИИ (Г. ЧЕЛЯБИНСК)";"ФЕДЕРАЛЬНОЕ ГОСУДАРСТВЕННОЕ БЮДЖЕТНОЕ УЧРЕЖДЕНИЕ ""ФЕДЕРАЛЬНЫЙ ЦЕНТР СЕРДЕЧНО-СОСУДИСТОЙ ХИРУРГИИ"" МИНИСТЕРСТВА ЗДРАВООХРАНЕНИЯ РОССИЙСКОЙ ФЕДЕРАЦИИ (Г. ЧЕЛЯБИНСК)";16.02.2026;26.02.2026;Закупка завершена;;;24.02.2026;
44-ФЗ;№0373200018126000018;Электронный аукцион;Закупка лекарственного препарата (МНН: Адеметионин) для нужд ГБУЗ «ТБ им.А.Е.Рабухина ДЗМ» в 2026 году;;'262504401563850440100100220010000244;;;5714900.00;RUB;0;;;;;;"ГОСУДАРСТВЕННОЕ БЮДЖЕТНОЕ УЧРЕЖДЕНИЕ ЗДРАВООХРАНЕНИЯ ГОРОДА МОСКВЫ ""ТУБЕРКУЛЕЗНАЯ БОЛЬНИЦА ИМЕНИ А.Е.РАБУХИНА ДЕПАРТАМЕНТА ЗДРАВООХРАНЕНИЯ ГОРОДА МОСКВЫ""";"ГОСУДАРСТВЕННОЕ БЮДЖЕТНОЕ УЧРЕЖДЕНИЕ ЗДРАВООХРАНЕНИЯ ГОРОДА МОСКВЫ ""ТУБЕРКУЛЕЗНАЯ БОЛЬНИЦА ИМЕНИ А.Е.РАБУХИНА ДЕПАРТАМЕНТА ЗДРАВООХРАНЕНИЯ ГОРОДА МОСКВЫ""";16.02.2026;26.02.2026;Закупка завершена;;;25.02.2026;
44-ФЗ;№0373200152826000035;Открытый конкурс в электронной форме;"Поставка продуктов питания для нужд ГБУЗ ""ГКБ им. А.К. Ерамишанцева ДЗМ"" (Мясо птицы, яйца, овощи)";;'262771603570577160100100450010000244;;;9741575.10;RUB;0;;;;;;"ГОСУДАРСТВЕННОЕ БЮДЖЕТНОЕ УЧРЕЖДЕНИЕ ЗДРАВООХРАНЕНИЯ ГОРОДА МОСКВЫ ""ГОРОДСКАЯ КЛИНИЧЕСКАЯ БОЛЬНИЦА ИМЕНИ А.К. ЕРАМИШАНЦЕВА ДЕПАРТАМЕНТА ЗДРАВООХРАНЕНИЯ ГОРОДА МОСКВЫ""";"ГОСУДАРСТВЕННОЕ БЮДЖЕТНОЕ УЧРЕЖДЕНИЕ ЗДРАВООХРАНЕНИЯ ГОРОДА МОСКВЫ ""ГОРОДСКАЯ КЛИНИЧЕСКАЯ БОЛЬНИЦА ИМЕНИ А.К. ЕРАМИШАНЦЕВА ДЕПАРТАМЕНТА ЗДРАВООХРАНЕНИЯ ГОРОДА МОСКВЫ""";04.02.2026;26.02.2026;Закупка завершена;;;20.02.2026;
44-ФЗ;№0367100000826000022;Электронный аукцион;Поставка изделий медицинского назначения;;'261720415236472030100100040110000244;;;8830000.00;RUB;0;;;;;;"ФЕДЕРАЛЬНОЕ ГОСУДАРСТВЕННОЕ БЮДЖЕТНОЕ УЧРЕЖДЕНИЕ ""ФЕДЕРАЛЬНЫЙ ЦЕНТР НЕЙРОХИРУРГИИ"" МИНИСТЕРСТВА ЗДРАВООХРАНЕНИЯ РОССИЙСКОЙ ФЕДЕРАЦИИ (Г.ТЮМЕНЬ)";"ФЕДЕРАЛЬНОЕ ГОСУДАРСТВЕННОЕ БЮДЖЕТНОЕ УЧРЕЖДЕНИЕ ""ФЕДЕРАЛЬНЫЙ ЦЕНТР НЕЙРОХИРУРГИИ"" МИНИСТЕРСТВА ЗДРАВООХРАНЕНИЯ РОССИЙСКОЙ ФЕДЕРАЦИИ (Г.ТЮМЕНЬ)";16.02.2026;26.02.2026;Закупка завершена;;;24.02.2026;
44-ФЗ;№0869200000226000906;Электронный аукцион;Выполнение работ, связанных с осуществлением регулярных перевозок пассажиров и багажа по регулируемым тарифам;;'262745145069374510100100030264931244;;;7063461.60;RUB;0;;;;;;"ОБЛАСТНОЕ ГОСУДАРСТВЕННОЕ КАЗЕННОЕ УЧРЕЖДЕНИЕ ""ОРГАНИЗАТОР ПЕРЕВОЗОК ЧЕЛЯБИНСКОЙ ОБЛАСТИ""";"ГОСУДАРСТВЕННОЕ КАЗЕННОЕ УЧРЕЖДЕНИЕ ""ЦЕНТР ОРГАНИЗАЦИИ ЗАКУПОК ЧЕЛЯБИНСКОЙ ОБЛАСТИ""";17.02.2026;26.02.2026;Закупка завершена;;;26.02.2026;
44-ФЗ;№0869600056226000020;Электронный аукцион;Благоустройство сквера в районе ДК им. П.П. Бажова ;;'263743003109974300100100140014399244;;;11115458.97;RUB;0;;;;;;"МУНИЦИПАЛЬНОЕ КАЗЕННОЕ УЧРЕЖДЕНИЕ КОПЕЙСКОГО ГОРОДСКОГО ОКРУГА ""УПРАВЛЕНИЕ БЛАГОУСТРОЙСТВА""";"МУНИЦИПАЛЬНОЕ КАЗЕННОЕ УЧРЕЖДЕНИЕ КОПЕЙСКОГО ГОРОДСКОГО ОКРУГА ""УПРАВЛЕНИЕ ЗАКУПОК И ОБЕСПЕЧЕНИЯ""";17.02.2026;26.02.2026;Закупка завершена;;;25.02.2026;
44-ФЗ;№0373200646826000001;Электронный аукцион;Поставка хозяйственных товаров (мусорные мешки) для нужд образовательных организаций, подведомственных Департаменту образования и науки города Москвы;;262771903199577190100100050010000244, 262771928610477190100100080010000244, 262771921712577190100100070010000244, 262771989483277190100100040010000244, 262771941872077190100100050010000244, 262771903347077190100100050010000244, 262771902584077190100100070010000244, 262771910684177190100100040010000244, 262771903513277190100100050010000244, 262771986605677190100100050010000000, 262771986709977190100100050010000244, 262771982593477190100100060010000244;;;8434225.33;RUB;0;;;;;;;"ГОСУДАРСТВЕННОЕ БЮДЖЕТНОЕ ОБЩЕОБРАЗОВАТЕЛЬНОЕ УЧРЕЖДЕНИЕ ГОРОДА МОСКВЫ ""ШКОЛА № 1811 ""ВОСТОЧНОЕ ИЗМАЙЛОВО""";16.02.2026;26.02.2026;Закупка завершена;;;25.02.2026;
44-ФЗ;№0869600056226000021;Электронный аукцион;Благоустройство Сада шахтеров в районе школы № 45 по ул. Мира;;'263743003109974300100100150014399244;;;12568411.61;RUB;0;;;;;;"МУНИЦИПАЛЬНОЕ КАЗЕННОЕ УЧРЕЖДЕНИЕ КОПЕЙСКОГО ГОРОДСКОГО ОКРУГА ""УПРАВЛЕНИЕ БЛАГОУСТРОЙСТВА""";"МУНИЦИПАЛЬНОЕ КАЗЕННОЕ УЧРЕЖДЕНИЕ КОПЕЙСКОГО ГОРОДСКОГО ОКРУГА ""УПРАВЛЕНИЕ ЗАКУПОК И ОБЕСПЕЧЕНИЯ""";17.02.2026;26.02.2026;Закупка завершена;;;25.02.2026;
44-ФЗ;№0869200000226000894;Электронный аукцион;Выполнение работ, связанных с осуществлением регулярных перевозок пассажиров и багажа по регулируемым тарифам;;'262745145069374510100100030224931244;;;5337560.80;RUB;0;;;;;;"ОБЛАСТНОЕ ГОСУДАРСТВЕННОЕ КАЗЕННОЕ УЧРЕЖДЕНИЕ ""ОРГАНИЗАТОР ПЕРЕВОЗОК ЧЕЛЯБИНСКОЙ ОБЛАСТИ""";"ГОСУДАРСТВЕННОЕ КАЗЕННОЕ УЧРЕЖДЕНИЕ ""ЦЕНТР ОРГАНИЗАЦИИ ЗАКУПОК ЧЕЛЯБИНСКОЙ ОБЛАСТИ""";17.02.2026;26.02.2026;Закупка завершена;;;26.02.2026;
44-ФЗ;№0136300012526000011;Электронный аукцион;Оказание услуги по финансовой аренды (лизинга) на приобретение автогрейдера;;'263692501055869250100100180017712244;;;13695451.43;RUB;0;;;;;;"МУНИЦИПАЛЬНОЕ БЮДЖЕТНОЕ УЧРЕЖДЕНИЕ ""ЖИЛИЩНО-КОММУНАЛЬНОЕ ХОЗЯЙСТВО КАЛЯЗИНСКОГО РАЙОНА""";АДМИНИСТРАЦИЯ КАЛЯЗИНСКОГО МУНИЦИПАЛЬНОГО ОКРУГА  ТВЕРСКОЙ ОБЛАСТИ;12.02.2026;26.02.2026;Закупка завершена;;;25.02.2026;
44-ФЗ;№0869200000226000893;Электронный аукцион;Выполнение работ, связанных с осуществлением регулярных перевозок пассажиров и багажа по регулируемым тарифам;;'262745145069374510100100030204931244;;;17739744.00;RUB;0;;;;;;"ОБЛАСТНОЕ ГОСУДАРСТВЕННОЕ КАЗЕННОЕ УЧРЕЖДЕНИЕ ""ОРГАНИЗАТОР ПЕРЕВОЗОК ЧЕЛЯБИНСКОЙ ОБЛАСТИ""";"ГОСУДАРСТВЕННОЕ КАЗЕННОЕ УЧРЕЖДЕНИЕ ""ЦЕНТР ОРГАНИЗАЦИИ ЗАКУПОК ЧЕЛЯБИНСКОЙ ОБЛАСТИ""";17.02.2026;26.02.2026;Закупка завершена;;;26.02.2026;
44-ФЗ;№0368300000126000153;Открытый конкурс в электронной форме;Оказание услуги по обеспечению бесплатным горячим питанием обучающихся по образовательным программам начального общего образования в муниципальных обще-образовательных организациях муниципального образования «город Ульяновск» в период их обучения по указанным программам, путем доставки готового питания в общеобразовательную организацию;;'263732804119173280100100050015629244;;;7749812.10;RUB;0;;;;;;"МУНИЦИПАЛЬНОЕ БЮДЖЕТНОЕ ОБЩЕОБРАЗОВАТЕЛЬНОЕ УЧРЕЖДЕНИЕ ГОРОДА УЛЬЯНОВСКА ""СРЕДНЯЯ ШКОЛА №86 ИМЕНИ КОНТР-АДМИРАЛА И.И.ВЕРЕНИКИНА""";УПРАВЛЕНИЕ ПО МУНИЦИПАЛЬНЫМ ЗАКУПКАМ И РЕГУЛИРОВАНИЮ ТАРИФОВ АДМИНИСТРАЦИИ ГОРОДА УЛЬЯНОВСКА;04.02.2026;26.02.2026;Закупка завершена;;;25.02.2026;
44-ФЗ;№0124300021026000109;Запрос котировок в электронной форме;Приобретение жилого помещения (квартиры) путем участия в долевом строительстве многоквартирного жилого дома в городе Архангельске для предоставления гражданам, переселяемым из аварийного жилищного фонда ;;'263290126558129010100100020696810412;;;6815704.00;RUB;0;;;;;;"ДЕПАРТАМЕНТ ГОРОДСКОГО ХОЗЯЙСТВА АДМИНИСТРАЦИИ ГОРОДСКОГО ОКРУГА ""ГОРОД АРХАНГЕЛЬСК""";"АДМИНИСТРАЦИЯ ГОРОДСКОГО ОКРУГА ""ГОРОД АРХАНГЕЛЬСК""";17.02.2026;26.02.2026;Закупка завершена;;;26.02.2026;
44-ФЗ;№0846600002026000005;Электронный аукцион;Пешеходная зона по ул. Октябрьская с. Измалково, 1 этап;;'263482899693448280100100070014399244;;;5102040.82;RUB;0;;;;;;ИЗМАЛКОВСКИЙ ТЕРРИТОРИАЛЬНЫЙ ОТДЕЛ АДМИНИСТРАЦИИ ИЗМАЛКОВСКОГО МУНИЦИПАЛЬНОГО ОКРУГА ЛИПЕЦКОЙ ОБЛАСТИ РОССИЙСКОЙ ФЕДЕРАЦИИ;"МУНИЦИПАЛЬНОЕ КАЗЕННОЕ УЧРЕЖДЕНИЕ ИЗМАЛКОВСКОГО РАЙОНА ЛИПЕЦКОЙ ОБЛАСТИ ""ЦЕНТР КОМПЕТЕНЦИИ В СФЕРЕ БУХГАЛТЕРСКОГО УЧЕТА И МУНИЦИПАЛЬНОГО ЗАКАЗА""";16.02.2026;26.02.2026;Закупка завершена;;;24.02.2026;
44-ФЗ;№0158300003226000015;Электронный аукцион;Ремонт врутрипоселковой дороги с. Латоново, ул. Октябрьская, от жилого дома № 2 ул. Октябрьская в западном направлении до жилого дома № 52 поворот на север до пересечения ул. Ленина, далее от жилого дома № 52 в западном направлении до жилого дома № 78, далее поворот на север от жилого дома № 78 до пересечения ул. Ленина, затем от жилого дома № 78 в западном направлении до жилого дома № 90, ул. Октябрьская;;'263611900308861190100100120014211244;;;36876543.60;RUB;0;;;;;;АДМИНИСТРАЦИЯ МАТВЕЕВО-КУРГАНСКОГО РАЙОНА;АДМИНИСТРАЦИЯ МАТВЕЕВО-КУРГАНСКОГО РАЙОНА;16.02.2026;26.02.2026;Закупка завершена;;;25.02.2026;
44-ФЗ;№0317300301926000111;Электронный аукцион;Приобретение жилого помещения (квартиры) в муниципальную собственность;;'263222501830722250100100190016810412;;;6984109.91;RUB;0;;;;;;КОМИТЕТ ЖИЛИЩНО-КОММУНАЛЬНОГО ХОЗЯЙСТВА ГОРОДА БАРНАУЛА;КОМИТЕТ МУНИЦИПАЛЬНОГО ЗАКАЗА ГОРОДА БАРНАУЛА;17.02.2026;26.02.2026;Закупка завершена;;;25.02.2026;
44-ФЗ;№0373200082125000901;Электронный аукцион;Поставка каналопромывочных машин;;'252770203815077020100107400010000000;;;22935066.66;RUB;0;;;;;;"ГОСУДАРСТВЕННОЕ УНИТАРНОЕ ПРЕДПРИЯТИЕ ГОРОДА МОСКВЫ ""МОСКОВСКИЙ ОРДЕНА ЛЕНИНА И ОРДЕНА ТРУДОВОГО КРАСНОГО ЗНАМЕНИ МЕТРОПОЛИТЕН ИМЕНИ В.И.ЛЕНИНА""";"ГОСУДАРСТВЕННОЕ КАЗЕННОЕ УЧРЕЖДЕНИЕ ГОРОДА МОСКВЫ ""ДИРЕКЦИЯ ТРАНСПОРТНЫХ ЗАКУПОК""";19.12.2025;26.02.2026;Закупка завершена;;;16.01.2026;
44-ФЗ;№0873500001826002258;Запрос котировок в электронной форме;Поставка лекарственного препарата (Буросумаб (ТН: Крисвита)) для обеспечения пациента на основании решения врачебной комиссии (УНЗ: Z265701);;'262771433860977344300100276070000323;;;19172515.86;RUB;0;;;;;;"ФИЛИАЛ № 1 ГКУ ""АЗ (КС) ДЗМ""";"ФИЛИАЛ № 1 ГКУ ""АЗ (КС) ДЗМ""";18.02.2026;26.02.2026;Закупка завершена;;;26.02.2026;
44-ФЗ;№0111300025026000019;Электронный аукцион;Зимнее содержание объектов благоустройства и автомобильных дорог местного значения дорожно-уличной сети г. Арск, д. Васильева Бужа, с. Старый Айван, с. Тюбяк-Чекурча, с. Большие Верези в 2026-2028 г.;;'263160901277316090100100040014211244;;;17500854.30;RUB;0;;;;;;ИСПОЛНИТЕЛЬНЫЙ КОМИТЕТ ГОРОДА АРСК;ИСПОЛНИТЕЛЬНЫЙ КОМИТЕТ АРСКОГО МУНИЦИПАЛЬНОГО РАЙОНА РЕСПУБЛИКИ ТАТАРСТАН;18.02.2026;26.02.2026;Закупка завершена;;;26.02.2026;
44-ФЗ;№0348100023126000005;Электронный аукцион;Поставка медицинских изделий, применяемых в медицинских целях;;'261505301350050530100100010050000244;;;8255474.00;RUB;0;;;;;;"ФЕДЕРАЛЬНОЕ ГОСУДАРСТВЕННОЕ БЮДЖЕТНОЕ УЧРЕЖДЕНИЕ ЗДРАВООХРАНЕНИЯ ""КЛИНИЧЕСКАЯ БОЛЬНИЦА № 21 ФЕДЕРАЛЬНОГО МЕДИКО-БИОЛОГИЧЕСКОГО АГЕНТСТВА""";"ФЕДЕРАЛЬНОЕ ГОСУДАРСТВЕННОЕ БЮДЖЕТНОЕ УЧРЕЖДЕНИЕ ЗДРАВООХРАНЕНИЯ ""КЛИНИЧЕСКАЯ БОЛЬНИЦА № 21 ФЕДЕРАЛЬНОГО МЕДИКО-БИОЛОГИЧЕСКОГО АГЕНТСТВА""";18.02.2026;26.02.2026;Закупка завершена;;;26.02.2026;
44-ФЗ;№0801500001126000043;Открытый конкурс в электронной форме;"Выполнение работ по благоустройству пешеходной дорожки с освещением в с. Верхние Татышлы, МР Татышлинский район, Республики Башкортостан (в рамках Национального проекта ""Инфраструктура для жизни"" регионального проекта ""Формирование комфортной городской среды"").";;'263024300041102430100100050014299244;;;6881590.56;RUB;0;;;;;;АДМИНИСТРАЦИЯ СЕЛЬСКОГО ПОСЕЛЕНИЯ ВЕРХНЕТАТЫШЛИНСКИЙ СЕЛЬСОВЕТ МУНИЦИПАЛЬНОГО РАЙОНА ТАТЫШЛИНСКИЙ РАЙОН РЕСПУБЛИКИ БАШКОРТОСТАН;"ГОСУДАРСТВЕННОЕ КАЗЕННОЕ УЧРЕЖДЕНИЕ РЕСПУБЛИКИ БАШКОРТОСТАН ""РЕСПУБЛИКАНСКИЙ ЦЕНТР ТОРГОВ""";11.02.2026;26.02.2026;Закупка завершена;;;25.02.2026;
44-ФЗ;№0356500001426000556;Электронный аукцион;Оказание услуг по ведению бухгалтерского учета и расчета заработной платы, отдельных направлений кадрового учета ;;'262592004644659200100100100010000244;;;32268639.00;RUB;0;;;;;;"ГОСУДАРСТВЕННОЕ БЮДЖЕТНОЕ УЧРЕЖДЕНИЕ ЗДРАВООХРАНЕНИЯ ПЕРМСКОГО КРАЯ ""ЧАЙКОВСКАЯ ЦЕНТРАЛЬНАЯ ГОРОДСКАЯ БОЛЬНИЦА""";"ГОСУДАРСТВЕННОЕ КАЗЕННОЕ УЧРЕЖДЕНИЕ ПЕРМСКОГО КРАЯ ""ЦЕНТР ОРГАНИЗАЦИИ ЗАКУПОК""";11.02.2026;26.02.2026;Закупка завершена;;;24.02.2026;
44-ФЗ;№0326100004126000003;Электронный аукцион;Оказание услуг по предоставлению простой (неисключительной) лицензии на расширение функциональных возможностей автоматизированной системы управления университетом;;'261312301779331230100100150015829244;;;5200000.00;RUB;0;;;;;;"ФЕДЕРАЛЬНОЕ ГОСУДАРСТВЕННОЕ БЮДЖЕТНОЕ ОБРАЗОВАТЕЛЬНОЕ УЧРЕЖДЕНИЕ ВЫСШЕГО ОБРАЗОВАНИЯ ""БЕЛГОРОДСКИЙ ГОСУДАРСТВЕННЫЙ ТЕХНОЛОГИЧЕСКИЙ УНИВЕРСИТЕТ ИМ. В.Г. ШУХОВА""";"ФЕДЕРАЛЬНОЕ ГОСУДАРСТВЕННОЕ БЮДЖЕТНОЕ ОБРАЗОВАТЕЛЬНОЕ УЧРЕЖДЕНИЕ ВЫСШЕГО ОБРАЗОВАНИЯ ""БЕЛГОРОДСКИЙ ГОСУДАРСТВЕННЫЙ ТЕХНОЛОГИЧЕСКИЙ УНИВЕРСИТЕТ ИМ. В.Г. ШУХОВА""";09.02.2026;26.02.2026;Закупка завершена;;;25.02.2026;
44-ФЗ;№0372200204826000010;Электронный аукцион;Поставка оригинальных запасных частей для автомобилей Джак;;'262780303130578410100100240012932244;;;20000000.00;RUB;0;;;;;;"САНКТ-ПЕТЕРБУРГСКОЕ ГОСУДАРСТВЕННОЕ БЮДЖЕТНОЕ УЧРЕЖДЕНИЕ ЗДРАВООХРАНЕНИЯ ""МЕДИЦИНСКИЙ САНИТАРНЫЙ ТРАНСПОРТ""";"САНКТ-ПЕТЕРБУРГСКОЕ ГОСУДАРСТВЕННОЕ БЮДЖЕТНОЕ УЧРЕЖДЕНИЕ ЗДРАВООХРАНЕНИЯ ""МЕДИЦИНСКИЙ САНИТАРНЫЙ ТРАНСПОРТ""";13.02.2026;26.02.2026;Закупка завершена;;;24.02.2026;
44-ФЗ;№0358300275026000041;Электронный аукцион;Поставка автомобильного топлива;;'262612500239661250100100260011920244;;;5613430.50;RUB;0;;;;;;"ГОСУДАРСТВЕННОЕ БЮДЖЕТНОЕ УЧРЕЖДЕНИЕ РОСТОВСКОЙ ОБЛАСТИ ""ЦЕНТРАЛЬНАЯ РАЙОННАЯ БОЛЬНИЦА"" В ОКТЯБРЬСКОМ РАЙОНЕ";"ГОСУДАРСТВЕННОЕ БЮДЖЕТНОЕ УЧРЕЖДЕНИЕ РОСТОВСКОЙ ОБЛАСТИ ""ЦЕНТРАЛЬНАЯ РАЙОННАЯ БОЛЬНИЦА"" В ОКТЯБРЬСКОМ РАЙОНЕ";18.02.2026;26.02.2026;Закупка завершена;;;26.02.2026;
44-ФЗ;№0121200004726000057;Электронный аукцион;"Оказание услуг по устройству дорожного основания методом холодной регенерации для обеспечения нужд Ипатовского филиала ГБУ СК ""Стававтодор""";;'262263524419426084300101590015221244;;;9713208.00;RUB;0;;;;;;"ИПАТОВСКИЙ ФИЛИАЛ ГОСУДАРСТВЕННОГО БЮДЖЕТНОГО УЧРЕЖДЕНИЯ СТАВРОПОЛЬСКОГО КРАЯ ""СТАВАВТОДОР"" (ИПАТОВСКИЙ ФИЛИАЛ ГБУ СК ""СТАВАТОДОР"")";КОМИТЕТ СТАВРОПОЛЬСКОГО КРАЯ ПО ГОСУДАРСТВЕННЫМ ЗАКУПКАМ;03.02.2026;26.02.2026;Закупка завершена;;;12.02.2026;
44-ФЗ;№0323100000426000007;Электронный аукцион;Выполнение работ по текущему ремонту рентгенкабинета, процедурной и лаборатории поликлиники клиники кардиохирургии, расположенной по адресу: ул. Ленина 124;;'261280103106828010100100030014339244;;;5100000.00;RUB;0;;;;;;"ФЕДЕРАЛЬНОЕ ГОСУДАРСТВЕННОЕ БЮДЖЕТНОЕ ОБРАЗОВАТЕЛЬНОЕ УЧРЕЖДЕНИЕ ВЫСШЕГО ОБРАЗОВАНИЯ ""АМУРСКАЯ ГОСУДАРСТВЕННАЯ МЕДИЦИНСКАЯ АКАДЕМИЯ"" МИНИСТЕРСТВА ЗДРАВООХРАНЕНИЯ РОССИЙСКОЙ ФЕДЕРАЦИИ";"ФЕДЕРАЛЬНОЕ ГОСУДАРСТВЕННОЕ БЮДЖЕТНОЕ ОБРАЗОВАТЕЛЬНОЕ УЧРЕЖДЕНИЕ ВЫСШЕГО ОБРАЗОВАНИЯ ""АМУРСКАЯ ГОСУДАРСТВЕННАЯ МЕДИЦИНСКАЯ АКАДЕМИЯ"" МИНИСТЕРСТВА ЗДРАВООХРАНЕНИЯ РОССИЙСКОЙ ФЕДЕРАЦИИ";16.02.2026;26.02.2026;Закупка завершена;;;24.02.2026;
44-ФЗ;№0121600019026000024;Электронный аукцион;Ремонт тротуарных дорожек по ул. Гагарина ст. Ессентукская (от ул. Юцкая до ул. Буденного) ПМО СК (вне рамок кап.вложений) ;;'263261802440026180100100190024211244;;;7054674.10;RUB;0;;;;;;"МУНИЦИПАЛЬНОЕ КАЗЕННОЕ УЧРЕЖДЕНИЕ ""ЖИЛИЩНО-КОММУНАЛЬНОГО ХОЗЯЙСТВА И БЛАГОУСТРОЙСТВА"" ПРЕДГОРНОГО МУНИЦИПАЛЬНОГО ОКРУГА СТАВРОПОЛЬСКОГО КРАЯ";АДМИНИСТРАЦИЯ ПРЕДГОРНОГО МУНИЦИПАЛЬНОГО ОКРУГА СТАВРОПОЛЬСКОГО КРАЯ;13.02.2026;26.02.2026;Закупка завершена;;;24.02.2026;
44-ФЗ;№0873500001826002007;Электронный аукцион;Аукцион в электронной форме на право заключения контракта на поставку лекарственных препаратов (Промазин) для обеспечения граждан, имеющих право на получение государственной социальной помощи в городе Москве (УНЗ Z264486);;'262771433860977344300114140010000323;;;5995000.00;RUB;0;;;;;;"ФИЛИАЛ № 1 ГКУ ""АЗ (КС) ДЗМ""";"ФИЛИАЛ № 1 ГКУ ""АЗ (КС) ДЗМ""";13.02.2026;26.02.2026;Закупка завершена;;;24.02.2026;
44-ФЗ;№0329100015226000007;Электронный аукцион;Поставка топлива печного бытового;;'261341006036934100100100360011920244;;;8766666.00;RUB;0;;;;;;"ФЕДЕРАЛЬНОЕ КАЗЕННОЕ УЧРЕЖДЕНИЕ ""ВОЛГОГРАДСКАЯ ПСИХИАТРИЧЕСКАЯ БОЛЬНИЦА (СТАЦИОНАР) СПЕЦИАЛИЗИРОВАННОГО ТИПА С ИНТЕНСИВНЫМ НАБЛЮДЕНИЕМ"" МИНИСТЕРСТВА ЗДРАВООХРАНЕНИЯ РОССИЙСКОЙ ФЕДЕРАЦИИ";"ФЕДЕРАЛЬНОЕ КАЗЕННОЕ УЧРЕЖДЕНИЕ ""ВОЛГОГРАДСКАЯ ПСИХИАТРИЧЕСКАЯ БОЛЬНИЦА (СТАЦИОНАР) СПЕЦИАЛИЗИРОВАННОГО ТИПА С ИНТЕНСИВНЫМ НАБЛЮДЕНИЕМ"" МИНИСТЕРСТВА ЗДРАВООХРАНЕНИЯ РОССИЙСКОЙ ФЕДЕРАЦИИ";13.02.2026;26.02.2026;Закупка завершена;;;24.02.2026;
44-ФЗ;№0164100008526000005;Электронный аукцион;Свинина замороженная. В рамках государственного оборонного заказа;;'261683100529568290100100000141011223;;;26250300.00;RUB;0;;;;;;УПРАВЛЕНИЕ ФЕДЕРАЛЬНОЙ СЛУЖБЫ ИСПОЛНЕНИЯ НАКАЗАНИЙ ПО ТАМБОВСКОЙ ОБЛАСТИ;УПРАВЛЕНИЕ ФЕДЕРАЛЬНОЙ СЛУЖБЫ ИСПОЛНЕНИЯ НАКАЗАНИЙ ПО ТАМБОВСКОЙ ОБЛАСТИ;05.02.2026;26.02.2026;Закупка завершена;;;24.02.2026;
44-ФЗ;№0873500001826001919;Электронный аукцион;Аукцион в электронной форме на право заключения контракта на поставку лекарственных препаратов (Палиперидон) для обеспечения граждан, имеющих право на получение государственной социальной помощи в городе Москве (УНЗ Z266042);;'262771433860977344300114070010000323;;;13649778.00;RUB;0;;;;;;"ФИЛИАЛ № 1 ГКУ ""АЗ (КС) ДЗМ""";"ФИЛИАЛ № 1 ГКУ ""АЗ (КС) ДЗМ""";13.02.2026;26.02.2026;Закупка завершена;;;24.02.2026;
44-ФЗ;№0172300010026000004;Открытый конкурс в электронной форме;Выполнение работ по содержанию внутриквартальных территорий в части обеспечения ремонта покрытий, расположенных на территориях МО г.Ломоносов. ;;'263781902525878190100100110014211244;;;13585691.25;RUB;0;;;;;;МЕСТНАЯ АДМИНИСТРАЦИЯ МУНИЦИПАЛЬНОГО ОБРАЗОВАНИЯ ГОРОД ЛОМОНОСОВ;МЕСТНАЯ АДМИНИСТРАЦИЯ МУНИЦИПАЛЬНОГО ОБРАЗОВАНИЯ ГОРОД ЛОМОНОСОВ;05.02.2026;26.02.2026;Закупка завершена;;;24.02.2026;
44-ФЗ;№0391200025826000001;Электронный аукцион;Закупка аппарата для интраоперационного сбора крови и сепарации форменных элементов;;'262753601222675360100100050053250244;;;11000000.00;RUB;0;;;;;;"ГОСУДАРСТВЕННОЕ АВТОНОМНОЕ УЧРЕЖДЕНИЕ ЗДРАВООХРАНЕНИЯ ""ЗАБАЙКАЛЬСКАЯ КРАЕВАЯ КЛИНИЧЕСКАЯ БОЛЬНИЦА""";"ГОСУДАРСТВЕННОЕ АВТОНОМНОЕ УЧРЕЖДЕНИЕ ЗДРАВООХРАНЕНИЯ ""ЗАБАЙКАЛЬСКАЯ КРАЕВАЯ КЛИНИЧЕСКАЯ БОЛЬНИЦА""";17.02.2026;26.02.2026;Закупка завершена;;;25.02.2026;
44-ФЗ;№0187300003526000052;Электронный аукцион;Приобретение жилого помещения (квартиры, жилого дома, жилого дома блокированной застройки) в капитальном исполнении в пгт. Междуреченский Кондинского района Ханты-Мансийского автономного округа – Югры (для СМП/СОНКО);;'263861600385386160100100570016810412;;;6662040.00;RUB;0;;;;;;КОМИТЕТ ПО УПРАВЛЕНИЮ МУНИЦИПАЛЬНЫМ ИМУЩЕСТВОМ АДМИНИСТРАЦИИ КОНДИНСКОГО РАЙОНА;АДМИНИСТРАЦИЯ КОНДИНСКОГО РАЙОНА;17.02.2026;26.02.2026;Закупка завершена;;;25.02.2026;
44-ФЗ;№0139200000126001025;Запрос котировок в электронной форме;Поставка лекарственных препаратов в целях социального обеспечения граждан;;'262420702215042050100100030052120323;;;7511724.00;RUB;0;;;;;;МИНИСТЕРСТВО ЗДРАВООХРАНЕНИЯ КУЗБАССА;ДЕПАРТАМЕНТ КОНТРАКТНОЙ СИСТЕМЫ КУЗБАССА;13.02.2026;26.02.2026;Закупка завершена;;;25.02.2026;
44-ФЗ;№0107300009526000032;Электронный аукцион;Выполнение работ по ремонту тротуара по Печорскому пр. от д.№ 35 до д.№ 57, от пл. Победы до ул. Мира (нечетная сторона) (И4);;'263110501278111050100100050014211244;;;15293334.00;RUB;0;;;;;;"АДМИНИСТРАЦИЯ МУНИЦИПАЛЬНОГО РАЙОНА ""ПЕЧОРА""";"УПРАВЛЕНИЕ ФИНАНСОВ МУНИЦИПАЛЬНОГО РАЙОНА ""ПЕЧОРА""";17.02.2026;26.02.2026;Закупка завершена;;;25.02.2026;
44-ФЗ;№0843500000226000497;Электронный аукцион;На поставку лекарственных препаратов для медицинского применения в целях социального обеспечения (Нусинерсен);;'262450109049045010100100050202120323;;;13508000.00;RUB;0;;;;;;"ГОСУДАРСТВЕННОЕ КАЗЕННОЕ УЧРЕЖДЕНИЕ ""МЕДИЦИНСКИЙ ИНФОРМАЦИОННО-АНАЛИТИЧЕСКИЙ ЦЕНТР В КУРГАНСКОЙ ОБЛАСТИ""";"ГОСУДАРСТВЕННОЕ КАЗЕННОЕ УЧРЕЖДЕНИЕ ""ЦЕНТР ЗАКУПОК И БУХГАЛТЕРСКОГО УЧЕТА КУРГАНСКОЙ ОБЛАСТИ""";16.02.2026;26.02.2026;Закупка завершена;;;26.02.2026;
44-ФЗ;№0328300032826000027;Электронный аукцион;Выполнение работ по благоустройству прилегающей территории от д.10а до д.28 по ул. Комиссарова в городе Владимире (в рамках текущих расходов);;'263330201198133280100100160014299244;;;24213126.33;RUB;0;;;;;;УПРАВЛЕНИЕ ЖИЛИЩНО-КОММУНАЛЬНОГО ХОЗЯЙСТВА АДМИНИСТРАЦИИ ГОРОДА ВЛАДИМИРА;УПРАВЛЕНИЕ МУНИЦИПАЛЬНОГО ЗАКАЗА АДМИНИСТРАЦИИ ГОРОДА ВЛАДИМИРА;13.02.2026;26.02.2026;Закупка завершена;;;24.02.2026;
44-ФЗ;№0187300003526000048;Электронный аукцион;Приобретение жилого помещения (квартиры, жилого дома, жилого дома блокированной застройки) в капитальном исполнении в пгт. Междуреченский Кондинского района Ханты-Мансийского автономного округа – Югры (для СМП/СОНКО);;'263861600385386160100100580016810412;;;5710320.00;RUB;0;;;;;;КОМИТЕТ ПО УПРАВЛЕНИЮ МУНИЦИПАЛЬНЫМ ИМУЩЕСТВОМ АДМИНИСТРАЦИИ КОНДИНСКОГО РАЙОНА;АДМИНИСТРАЦИЯ КОНДИНСКОГО РАЙОНА;17.02.2026;26.02.2026;Закупка завершена;;;25.02.2026;
44-ФЗ;№0367100005926000049;Электронный аукцион;Поставка лекарственного препарата для медицинского применения (АЛИРОКУМАБ);;'261550201837872030200100060192120244;;;13142934.00;RUB;0;;;;;;"ТЮМЕНСКАЯ БОЛЬНИЦА ФЕДЕРАЛЬНОГО ГОСУДАРСТВЕННОГО БЮДЖЕТНОГО УЧРЕЖДЕНИЯ ЗДРАВООХРАНЕНИЯ ""ЗАПАДНО-СИБИРСКИЙ МЕДИЦИНСКИЙ ЦЕНТР ФЕДЕРАЛЬНОГО МЕДИКО-БИОЛОГИЧЕСКОГО АГЕНТСТВА""";"ТЮМЕНСКАЯ БОЛЬНИЦА ФЕДЕРАЛЬНОГО ГОСУДАРСТВЕННОГО БЮДЖЕТНОГО УЧРЕЖДЕНИЯ ЗДРАВООХРАНЕНИЯ ""ЗАПАДНО-СИБИРСКИЙ МЕДИЦИНСКИЙ ЦЕНТР ФЕДЕРАЛЬНОГО МЕДИКО-БИОЛОГИЧЕСКОГО АГЕНТСТВА""";13.02.2026;26.02.2026;Закупка завершена;;;24.02.2026;
44-ФЗ;№0318300009626000012;Электронный аукцион;Содержание автомобильных дорог общего пользования местного значения Стародеревянковского сельского поселения Каневского района;;'263233401966023340100100060014211244;;;5000000.00;RUB;0;;;;;;АДМИНИСТРАЦИЯ СТАРОДЕРЕВЯНКОВСКОГО СЕЛЬСКОГО ПОСЕЛЕНИЯ КАНЕВСКОГО МУНИЦИПАЛЬНОГО РАЙОНА КРАСНОДАРСКОГО КРАЯ;АДМИНИСТРАЦИЯ МУНИЦИПАЛЬНОГО ОБРАЗОВАНИЯ КАНЕВСКОЙ МУНИЦИПАЛЬНЫЙ РАЙОН КРАСНОДАРСКОГО КРАЯ;12.02.2026;26.02.2026;Закупка завершена;;;24.02.2026;
223-ФЗ;№32615744244;Иной способ;мясная продукция (птица);;;1;мясная продукция (птица);18122569.85;RUB;18122569.85;;;;10.12.20.110: Мясо кур, в том числе цыплят (включая цыплят-бройлеров) замороженное;;"АВТОНОМНАЯ НЕКОММЕРЧЕСКАЯ ОРГАНИЗАЦИЯ ""ШКОЛЬНОЕ ПИТАНИЕ""";"АВТОНОМНАЯ НЕКОММЕРЧЕСКАЯ ОРГАНИЗАЦИЯ ""ШКОЛЬНОЕ ПИТАНИЕ""";26.02.2026;26.02.2026;Закупка завершена;;;26.02.2026 15:00;
44-ФЗ;№0136500001126000643;Электронный аукцион на проведение работ по строительству, реконструкции, кап. ремонту, сносу объекта кап. строительства в соответствии с п. 8 ч. 1 ст. 33 Закона № 44-ФЗ;Выполнение работ по капитальному ремонту автомобильной дороги;;'263694000062869400100100190014211243;;;9680907.92;RUB;0;;;;;;АДМИНИСТРАЦИЯ СОНКОВСКОГО МУНИЦИПАЛЬНОГО ОКРУГА ТВЕРСКОЙ ОБЛАСТИ;КОМИТЕТ ГОСУДАРСТВЕННОГО ЗАКАЗА ТВЕРСКОЙ ОБЛАСТИ;16.02.2026;26.02.2026;Закупка завершена;;;26.02.2026;
44-ФЗ;№0400600002926000002;Электронный аукцион;Поставка дров топливных шестиметровых различных пород древесины;;'263523700388652370100100010020220000;;;10800000.00;RUB;0;;;;;;"МУНИЦИПАЛЬНОЕ УНИТАРНОЕ ПРЕДПРИЯТИЕ ШАРАНГСКОГО МУНИЦИПАЛЬНОГО ОКРУГА ""КОММУНСЕРВИС""";"МУНИЦИПАЛЬНОЕ УНИТАРНОЕ ПРЕДПРИЯТИЕ ШАРАНГСКОГО МУНИЦИПАЛЬНОГО ОКРУГА ""КОММУНСЕРВИС""";18.02.2026;26.02.2026;Закупка завершена;;;26.02.2026;
44-ФЗ;№0165200003326000014;Открытый конкурс в электронной форме;выполнение работ по благоустройству общественной территории «Парк отдыха-Березовая роща» (Березовая роща рядом с БСШ № 2), в р.п. Белый Яр, ул. Ленина, 4, Верхнекетского района Томской области, осуществляемое в рамках муниципальной программы «Формирование современной городской среды» (2 этап);;'263700400509870040100100050014399244;;;6806010.84;RUB;0;;;;;;АДМИНИСТРАЦИЯ БЕЛОЯРСКОГО ГОРОДСКОГО ПОСЕЛЕНИЯ;ДЕПАРТАМЕНТ ГОСУДАРСТВЕННОГО ЗАКАЗА ТОМСКОЙ ОБЛАСТИ;04.02.2026;26.02.2026;Закупка завершена;;;20.02.2026;
44-ФЗ;№0187300003526000051;Электронный аукцион;Приобретение квартиры в многоквартирном доме в капитальном исполнении в г. Урай Ханты-Мансийского автономного округа – Югры (для СМП/СОНКО);;'263861600385386160100100530016810412;;;7376400.00;RUB;0;;;;;;КОМИТЕТ ПО УПРАВЛЕНИЮ МУНИЦИПАЛЬНЫМ ИМУЩЕСТВОМ АДМИНИСТРАЦИИ КОНДИНСКОГО РАЙОНА;АДМИНИСТРАЦИЯ КОНДИНСКОГО РАЙОНА;17.02.2026;26.02.2026;Закупка завершена;;;25.02.2026;
44-ФЗ;№0356500001426000640;Электронный аукцион;Поставка сыворотки иммунной (Паливизумаб);;'262590615288359060100100100010000244;;;19404847.00;RUB;0;;;;;;"ГОСУДАРСТВЕННОЕ БЮДЖЕТНОЕ УЧРЕЖДЕНИЕ ЗДРАВООХРАНЕНИЯ ПЕРМСКОГО КРАЯ ""ДЕТСКАЯ КЛИНИЧЕСКАЯ БОЛЬНИЦА № 13""";"ГОСУДАРСТВЕННОЕ КАЗЕННОЕ УЧРЕЖДЕНИЕ ПЕРМСКОГО КРАЯ ""ЦЕНТР ОРГАНИЗАЦИИ ЗАКУПОК""";12.02.2026;26.02.2026;Закупка завершена;;;24.02.2026;
44-ФЗ;№0356500001426000624;Электронный аукцион;Поставка лекарственного препарата для медицинского применения Филграстим.;;'262590500335059050100100260010000244;;;21108114.00;RUB;0;;;;;;"ГОСУДАРСТВЕННОЕ БЮДЖЕТНОЕ УЧРЕЖДЕНИЕ ЗДРАВООХРАНЕНИЯ ПЕРМСКОГО КРАЯ ""ПЕРМСКИЙ КРАЕВОЙ ОНКОЛОГИЧЕСКИЙ ДИСПАНСЕР""";"ГОСУДАРСТВЕННОЕ КАЗЕННОЕ УЧРЕЖДЕНИЕ ПЕРМСКОГО КРАЯ ""ЦЕНТР ОРГАНИЗАЦИИ ЗАКУПОК""";12.02.2026;26.02.2026;Закупка завершена;;;24.02.2026;
44-ФЗ;№0356500001426000586;Электронный аукцион;Поставка лекарственного препарата (Голимумаб) 0,45 мл;;'262590506107059050100100680010000244;;;5832631.53;RUB;0;;;;;;"ГОСУДАРСТВЕННОЕ БЮДЖЕТНОЕ УЧРЕЖДЕНИЕ ЗДРАВООХРАНЕНИЯ ПЕРМСКОГО КРАЯ ""КРАЕВАЯ ДЕТСКАЯ КЛИНИЧЕСКАЯ БОЛЬНИЦА""";"ГОСУДАРСТВЕННОЕ КАЗЕННОЕ УЧРЕЖДЕНИЕ ПЕРМСКОГО КРАЯ ""ЦЕНТР ОРГАНИЗАЦИИ ЗАКУПОК""";11.02.2026;26.02.2026;Закупка завершена;;;24.02.2026;
44-ФЗ;№0356500001426000591;Электронный аукцион;Поставка лекарственного препарата (Голимумаб);;'262590506107059050100100670010000244;;;5302392.50;RUB;0;;;;;;"ГОСУДАРСТВЕННОЕ БЮДЖЕТНОЕ УЧРЕЖДЕНИЕ ЗДРАВООХРАНЕНИЯ ПЕРМСКОГО КРАЯ ""КРАЕВАЯ ДЕТСКАЯ КЛИНИЧЕСКАЯ БОЛЬНИЦА""";"ГОСУДАРСТВЕННОЕ КАЗЕННОЕ УЧРЕЖДЕНИЕ ПЕРМСКОГО КРАЯ ""ЦЕНТР ОРГАНИЗАЦИИ ЗАКУПОК""";11.02.2026;26.02.2026;Закупка завершена;;;24.02.2026;
44-ФЗ;№0356500001426000620;Электронный аукцион;ПОСТАВКА ЛЕКАРСТВЕННОГО ПРЕПАРАТА ДЛЯ МЕДИЦИНСКОГО ПРИМЕНЕНИЯ (ГОЛИМУМАБ);;'262590229047359020100100730010000244;;;10021521.82;RUB;0;;;;;;"ГОСУДАРСТВЕННОЕ БЮДЖЕТНОЕ УЧРЕЖДЕНИЕ ЗДРАВООХРАНЕНИЯ ПЕРМСКОГО КРАЯ ""ОРДЕНА ""ЗНАК ПОЧЁТА"" ПЕРМСКАЯ КРАЕВАЯ КЛИНИЧЕСКАЯ БОЛЬНИЦА""";"ГОСУДАРСТВЕННОЕ КАЗЕННОЕ УЧРЕЖДЕНИЕ ПЕРМСКОГО КРАЯ ""ЦЕНТР ОРГАНИЗАЦИИ ЗАКУПОК""";12.02.2026;26.02.2026;Закупка завершена;;;24.02.2026;
44-ФЗ;№0187300003526000049;Электронный аукцион;Приобретение квартиры в многоквартирном доме в капитальном исполнении в г. Урай Ханты-Мансийского автономного округа – Югры (для СМП/СОНКО);;'263861600385386160100100520016810412;;;5999472.00;RUB;0;;;;;;КОМИТЕТ ПО УПРАВЛЕНИЮ МУНИЦИПАЛЬНЫМ ИМУЩЕСТВОМ АДМИНИСТРАЦИИ КОНДИНСКОГО РАЙОНА;АДМИНИСТРАЦИЯ КОНДИНСКОГО РАЙОНА;17.02.2026;26.02.2026;Закупка завершена;;;25.02.2026;
44-ФЗ;№0155200000926000057;Электронный аукцион;Оказание услуг по техническому обслуживанию медицинской техники в 2026 году;;'262583506524758350100100540013313244;;;11721200.00;RUB;0;;;;;;"ГОСУДАРСТВЕННОЕ БЮДЖЕТНОЕ УЧРЕЖДЕНИЕ ЗДРАВООХРАНЕНИЯ ""КЛИНИЧЕСКАЯ БОЛЬНИЦА № 6 ИМЕНИ Г.А. ЗАХАРЬИНА""";МИНИСТЕРСТВО ЭКОНОМИЧЕСКОГО РАЗВИТИЯ И ПРОМЫШЛЕННОСТИ ПЕНЗЕНСКОЙ ОБЛАСТИ;09.02.2026;26.02.2026;Закупка завершена;;;17.02.2026;
44-ФЗ;№0102600002326000001;Открытый конкурс в электронной форме;Строительство индивидуальных жилых домов №1 - №10 по ул.Алексеева М.М. в п. Темник Селенгинского района;;'263030001930903000100100010014120414;;;94007158.00;RUB;0;;;;;;"МУНИЦИПАЛЬНОЕ КАЗЕННОЕ УЧРЕЖДЕНИЕ ""КОМИТЕТ ПО ИНФРАСТРУКТУРЕ"" АДМИНИСТРАЦИИ МО ""СЕЛЕНГИНСКИЙ РАЙОН""";"МУНИЦИПАЛЬНОЕ КАЗЕННОЕ УЧРЕЖДЕНИЕ ""КОМИТЕТ ПО ИНФРАСТРУКТУРЕ"" АДМИНИСТРАЦИИ МО ""СЕЛЕНГИНСКИЙ РАЙОН""";05.02.2026;26.02.2026;Закупка завершена;;;24.02.2026;
44-ФЗ;№0873500001826001921;Электронный аукцион;Аукцион в электронной форме на право заключения контракта на поставку лекарственных препаратов (Тапентадол) для обеспечения граждан, имеющих право на получение государственной социальной помощи в городе Москве (УНЗ Z267095 - повторная закупка);;'262771433860977344300114300010000323;;;5099882.00;RUB;0;;;;;;"ФИЛИАЛ № 1 ГКУ ""АЗ (КС) ДЗМ""";"ФИЛИАЛ № 1 ГКУ ""АЗ (КС) ДЗМ""";13.02.2026;26.02.2026;Закупка завершена;;;24.02.2026;
44-ФЗ;№0169300044226000021;Электронный аукцион;"Разработка проектно-сметной документации ""Капитальный ремонт водовода от пускорезервной котельной ФГУП ПО Маяк до котельной пос. Метлино""";;'263742204240374130100100020027112243;;;5531007.00;RUB;0;;;;;;"МУНИЦИПАЛЬНОЕ КАЗЕННОЕ УЧРЕЖДЕНИЕ ""УПРАВЛЕНИЕ КАПИТАЛЬНОГО СТРОИТЕЛЬСТВА ОЗЕРСКОГО ГОРОДСКОГО ОКРУГА""";АДМИНИСТРАЦИЯ ОЗЕРСКОГО ГОРОДСКОГО ОКРУГА ЧЕЛЯБИНСКОЙ ОБЛАСТИ;17.02.2026;26.02.2026;Закупка завершена;;;25.02.2026;
44-ФЗ;№0380200000126000777;Электронный аукцион;Услуги по предоставлению кредита;;'262190101994719010100100040016419720;;;179701549.53;RUB;0;;;;;;МИНИСТЕРСТВО ФИНАНСОВ РЕСПУБЛИКИ ХАКАСИЯ;ГОСУДАРСТВЕННЫЙ КОМИТЕТ ПО РЕГУЛИРОВАНИЮ КОНТРАКТНОЙ СИСТЕМЫ В СФЕРЕ ЗАКУПОК РЕСПУБЛИКИ ХАКАСИЯ;18.02.2026;26.02.2026;Закупка завершена;;;26.02.2026;
44-ФЗ;№0846500000326000001;Электронный аукцион;Содержание мостовых сооружений на автомобильных дорогах общего пользования регионального значения в районах Липецкой области в 2026 году;;'262482612972848260100100140014213244;;;149852648.80;RUB;0;;;;;;"ОБЛАСТНОЕ КАЗЕННОЕ УЧРЕЖДЕНИЕ ""ДОРОЖНОЕ АГЕНТСТВО ЛИПЕЦКОЙ ОБЛАСТИ""";"ОБЛАСТНОЕ КАЗЕННОЕ УЧРЕЖДЕНИЕ ""ДОРОЖНОЕ АГЕНТСТВО ЛИПЕЦКОЙ ОБЛАСТИ""";16.02.2026;26.02.2026;Закупка завершена;;;25.02.2026;
44-ФЗ;№0378300016426000001;Электронный аукцион;Приобретение мебели в для МБОУ «СОШ № 18 п. Приамурский», с учетом поставки, доставки, разгрузки и сборки;;'263790300315779030100100030010000244;;;5762486.00;RUB;0;;;;;;"МУНИЦИПАЛЬНОЕ БЮДЖЕТНОЕ ОБЩЕОБРАЗОВАТЕЛЬНОЕ УЧРЕЖДЕНИЕ ""СРЕДНЯЯ ОБЩЕОБРАЗОВАТЕЛЬНАЯ ШКОЛА №18 П. ПРИАМУРСКИЙ""";"МУНИЦИПАЛЬНОЕ БЮДЖЕТНОЕ ОБЩЕОБРАЗОВАТЕЛЬНОЕ УЧРЕЖДЕНИЕ ""СРЕДНЯЯ ОБЩЕОБРАЗОВАТЕЛЬНАЯ ШКОЛА №18 П. ПРИАМУРСКИЙ""";18.02.2026;26.02.2026;Закупка завершена;;;26.02.2026;
44-ФЗ;№0134200000126000238;Открытый конкурс в электронной форме;Услуги по организации отдыха детей и их оздоровления;;'262380817098638080100100370118541323;;;7035840.00;RUB;0;;;;;;МИНИСТЕРСТВО СОЦИАЛЬНОГО РАЗВИТИЯ, ОПЕКИ И ПОПЕЧИТЕЛЬСТВА ИРКУТСКОЙ ОБЛАСТИ;МИНИСТЕРСТВО ПО РЕГУЛИРОВАНИЮ КОНТРАКТНОЙ СИСТЕМЫ В СФЕРЕ ЗАКУПОК ИРКУТСКОЙ ОБЛАСТИ;06.02.2026;26.02.2026;Закупка завершена;;;25.02.2026;
44-ФЗ;№0137200001226001053;Электронный аукцион;Выполнение работ по развитию Системы обеспечения информационной безопасности в рамках модернизации Интеллектуальной транспортной системы Калужской городской агломерации;;'262402711458840290100100340016201242;;;10991580.00;RUB;0;;;;;;"ГОСУДАРСТВЕННОЕ КАЗЕННОЕ УЧРЕЖДЕНИЕ КАЛУЖСКОЙ ОБЛАСТИ ""ЦЕНТР БЕЗОПАСНОСТИ ДОРОЖНОГО ДВИЖЕНИЯ""";МИНИСТЕРСТВО КОНКУРЕНТНОЙ ПОЛИТИКИ КАЛУЖСКОЙ ОБЛАСТИ;18.02.2026;26.02.2026;Закупка завершена;;;26.02.2026;
44-ФЗ;№0134200000126000453;Электронный аукцион;поставка угля;;'262380817182038080100100030020510244;;;79051800.00;RUB;0;;;;;;МИНИСТЕРСТВО ЖИЛИЩНОЙ ПОЛИТИКИ И ЭНЕРГЕТИКИ ИРКУТСКОЙ ОБЛАСТИ;МИНИСТЕРСТВО ПО РЕГУЛИРОВАНИЮ КОНТРАКТНОЙ СИСТЕМЫ В СФЕРЕ ЗАКУПОК ИРКУТСКОЙ ОБЛАСТИ;18.02.2026;26.02.2026;Закупка завершена;;;26.02.2026;
44-ФЗ;№0373200657326000032;Электронный аукцион;Оказание услуг по ремонту и техническому обслуживанию грузовой техники с разрешенной максимальной массой менее 10 тонн с запасными частями исполнителя без потери гарантийных обязательств для нужд структурных подразделений ГБУ «Ритуал».;;'262774309622477430100101430010000244;;;15458222.41;RUB;0;;;;;;"ГОСУДАРСТВЕННОЕ БЮДЖЕТНОЕ УЧРЕЖДЕНИЕ ГОРОДА МОСКВЫ ""РИТУАЛ""";"ГОСУДАРСТВЕННОЕ БЮДЖЕТНОЕ УЧРЕЖДЕНИЕ ГОРОДА МОСКВЫ ""РИТУАЛ""";16.02.2026;26.02.2026;Закупка завершена;;;24.02.2026;
44-ФЗ;№0380200000126000591;Электронный аукцион на проведение работ по строительству, реконструкции, кап. ремонту, сносу объекта кап. строительства в соответствии с п. 8 ч. 1 ст. 33 Закона № 44-ФЗ;Выполнение работ по капитальному ремонту сетей теплоснабжения и холодного водоснабжения муниципального образования город Абаза Республики Хакасия;;'263190901040019090100100170014399243;;;35946533.78;RUB;0;;;;;;АДМИНИСТРАЦИЯ ГОРОДСКОГО ОКРУГА ГОРОДА АБАЗЫ РЕСПУБЛИКИ ХАКАСИЯ;ГОСУДАРСТВЕННЫЙ КОМИТЕТ ПО РЕГУЛИРОВАНИЮ КОНТРАКТНОЙ СИСТЕМЫ В СФЕРЕ ЗАКУПОК РЕСПУБЛИКИ ХАКАСИЯ;13.02.2026;26.02.2026;Закупка завершена;;;24.02.2026;
44-ФЗ;№0873500001826001896;Электронный аукцион;Аукцион в электронной форме на право заключения контракта на поставку лекарственных препаратов (Дупилумаб) для индивидуального обеспечения отдельных категорий граждан, имеющих право на получение государственной социальной помощи (в соответствии с решениями врачебных комиссий) в городе Москве (УНЗ Z266114).;;'262771433860977344300114150010000323;;;8309055.04;RUB;0;;;;;;"ФИЛИАЛ № 1 ГКУ ""АЗ (КС) ДЗМ""";"ФИЛИАЛ № 1 ГКУ ""АЗ (КС) ДЗМ""";13.02.2026;26.02.2026;Закупка завершена;;;24.02.2026;
223-ФЗ;№32615743544;Иной способ;Выполнение работ на  объекте:  «Реконструкция котельной «Районная» со строительством пристроя и установкой водогрейного котла марки «КВ-ГМ-35-150,  1 - ый этап, по адресу:  Челябинская область, г. Копейск,  ул. Энергетиков, 1» (Конструктивные решения. Здание проектируемой котельной (сваи, фундаменты теплого перехода, металлоконструкции каркаса и теплого перехода, лестницы, ограждения, стаканы монтажные, антикоррозийная защита), согласно техническому заданию;;;1;Выполнение работ на  объекте:  «Реконструкция котельной «Районная» со строительством пристроя и установкой водогрейного котла марки «КВ-ГМ-35-150,  1 - ый этап, по адресу:  Челябинская область, г. Копейск,  ул. Энергетиков, 1» (Конструктивные решения. Здание проектируемой котельной (сваи, фундаменты теплого перехода, металлоконструкции каркаса и теплого перехода, лестницы, ограждения, стаканы монтажные, антикоррозийная защита), согласно техническому заданию;17712868.94;RUB;17712868.94;;;;43.29.19.190: Работы монтажные прочие, не включенные в другие группировки;;"АКЦИОНЕРНОЕ ОБЩЕСТВО ""ЧЕЛЯБОБЛКОММУНЭНЕРГО""";"АКЦИОНЕРНОЕ ОБЩЕСТВО ""ЧЕЛЯБОБЛКОММУНЭНЕРГО""";26.02.2026;26.02.2026;Закупка завершена;;;27.02.2026 09:00;
223-ФЗ;№32615743540;Иной способ;Приобретение путевок для организации отдыха и оздоровления детей в детских загородных лагерях во время каникул;;;1;Приобретение путевок для организации отдыха и оздоровления детей в детских загородных лагерях во время каникул;6750000.00;RUB;6750000.00;;;;85.41.99.100: Услуги по организации отдыха детей и их оздоровления;;"МУНИЦИПАЛЬНОЕ АВТОНОМНОЕ УЧРЕЖДЕНИЕ ДОПОЛНИТЕЛЬНОГО ОБРАЗОВАНИЯ ""ЦЕНТР ДОПОЛНИТЕЛЬНОГО ОБРАЗОВАНИЯ""";"МУНИЦИПАЛЬНОЕ АВТОНОМНОЕ УЧРЕЖДЕНИЕ ДОПОЛНИТЕЛЬНОГО ОБРАЗОВАНИЯ ""ЦЕНТР ДОПОЛНИТЕЛЬНОГО ОБРАЗОВАНИЯ""";26.02.2026;26.02.2026;Закупка завершена;;;26.02.2026 16:30;
44-ФЗ;№0873500001826002005;Электронный аукцион;Аукцион в электронной форме на право заключения контракта на поставку лекарственных препаратов (Иммуноглобулин человека нормальный) для индивидуального обеспечения отдельных категорий граждан, имеющих право на получение государственной социальной помощи (в соответствии с решениями врачебных комиссий) в городе Москве (УНЗ Z266098);;'262771433860977344300114010010000323;;;13340250.00;RUB;0;;;;;;"ФИЛИАЛ № 1 ГКУ ""АЗ (КС) ДЗМ""";"ФИЛИАЛ № 1 ГКУ ""АЗ (КС) ДЗМ""";13.02.2026;26.02.2026;Закупка завершена;;;24.02.2026;
44-ФЗ;№0134200000126000470;Электронный аукцион;поставка угля;;'262380817182038080100100030030510244;;;51167800.00;RUB;0;;;;;;МИНИСТЕРСТВО ЖИЛИЩНОЙ ПОЛИТИКИ И ЭНЕРГЕТИКИ ИРКУТСКОЙ ОБЛАСТИ;МИНИСТЕРСТВО ПО РЕГУЛИРОВАНИЮ КОНТРАКТНОЙ СИСТЕМЫ В СФЕРЕ ЗАКУПОК ИРКУТСКОЙ ОБЛАСТИ;18.02.2026;26.02.2026;Закупка завершена;;;26.02.2026;
44-ФЗ;№0151300052026000002;Электронный аукцион на проведение работ по строительству, реконструкции, кап. ремонту, сносу объекта кап. строительства в соответствии с п. 8 ч. 1 ст. 33 Закона № 44-ФЗ;Капитальный ремонт клуба п. Прогресс Боровского сельсовета;;'263543310746554330100100020014120243;;;9538756.58;RUB;0;;;;;;АДМИНИСТРАЦИЯ БОРОВСКОГО СЕЛЬСОВЕТА НОВОСИБИРСКОГО РАЙОНА НОВОСИБИРСКОЙ ОБЛАСТИ;АДМИНИСТРАЦИЯ БОРОВСКОГО СЕЛЬСОВЕТА НОВОСИБИРСКОГО РАЙОНА НОВОСИБИРСКОЙ ОБЛАСТИ;18.02.2026;26.02.2026;Закупка завершена;;;26.02.2026;
44-ФЗ;№0123300008226000035;Электронный аукцион;Поставка плит железобетонных для покрытий дорог;;'263280128330828010100100160012361244;;;6982500.00;RUB;0;;;;;;"МУНИЦИПАЛЬНОЕ БЮДЖЕТНОЕ УЧРЕЖДЕНИЕ ""ГОРОДСКОЙ СЕРВИСНО-ТОРГОВЫЙ КОМПЛЕКС""";АДМИНИСТРАЦИЯ ГОРОДА БЛАГОВЕЩЕНСКА;13.02.2026;26.02.2026;Закупка завершена;;;24.02.2026;
44-ФЗ;№0360100026226000057;Электронный аукцион;"Оказание комплекса услуг по организации и проведению учений с использованием мобильных лабораторий быстрого реагирования (Федеральный проект  ""Санитарный щит"")   ";;'261645202447064520100100540058230244;;;5998100.00;RUB;0;;;;;;"ФЕДЕРАЛЬНОЕ КАЗЕННОЕ УЧРЕЖДЕНИЕ НАУКИ ""РОССИЙСКИЙ НАУЧНО-ИССЛЕДОВАТЕЛЬСКИЙ ПРОТИВОЧУМНЫЙ ИНСТИТУТ ""МИКРОБ"" ФЕДЕРАЛЬНОЙ СЛУЖБЫ ПО НАДЗОРУ В СФЕРЕ ЗАЩИТЫ ПРАВ ПОТРЕБИТЕЛЕЙ И БЛАГОПОЛУЧИЯ ЧЕЛОВЕКА";"ФЕДЕРАЛЬНОЕ КАЗЕННОЕ УЧРЕЖДЕНИЕ НАУКИ ""РОССИЙСКИЙ НАУЧНО-ИССЛЕДОВАТЕЛЬСКИЙ ПРОТИВОЧУМНЫЙ ИНСТИТУТ ""МИКРОБ"" ФЕДЕРАЛЬНОЙ СЛУЖБЫ ПО НАДЗОРУ В СФЕРЕ ЗАЩИТЫ ПРАВ ПОТРЕБИТЕЛЕЙ И БЛАГОПОЛУЧИЯ ЧЕЛОВЕКА";17.02.2026;26.02.2026;Закупка завершена;;;25.02.2026;
44-ФЗ;№0848300046026000020;Открытый конкурс в электронной форме;Выполнение работ по ремонту дворовых территорий в муниципальном округе Егорьевск Московской области в 2026 году;;'263501102549350110100100130014299244;;;38901526.22;RUB;0;;;;;;"МУНИЦИПАЛЬНОЕ КАЗЕННОЕ УЧРЕЖДЕНИЕ ""ЕГОРЬЕВСКАЯ СЛУЖБА ЕДИНОГО ЗАКАЗЧИКА""";"МУНИЦИПАЛЬНОЕ КАЗЕННОЕ УЧРЕЖДЕНИЕ ""ЕГОРЬЕВСКИЙ ЦЕНТР ЗАКУПОК""";04.02.2026;26.02.2026;Закупка завершена;;;25.02.2026;
44-ФЗ;№0816500000626001803;Электронный аукцион на проведение работ по строительству, реконструкции, кап. ремонту, сносу объекта кап. строительства в соответствии с п. 8 ч. 1 ст. 33 Закона № 44-ФЗ;"Капитальный ремонт МБОУ ""Урицкая средняя общеобразовательная школа"" МР ""Олекминский район""";;'263142100715514210100100040014339243;;;30378695.66;RUB;0;;;;;;"МУНИЦИПАЛЬНОЕ БЮДЖЕТНОЕ ОБЩЕОБРАЗОВАТЕЛЬНОЕ УЧРЕЖДЕНИЕ ""УРИЦКАЯ СРЕДНЯЯ ОБЩЕОБРАЗОВАТЕЛЬНАЯ ШКОЛА"" МУНИЦИПАЛЬНОГО РАЙОНА ""ОЛЁКМИНСКИЙ РАЙОН"" РЕСПУБЛИКИ САХА (ЯКУТИЯ)";"ГОСУДАРСТВЕННОЕ КАЗЕННОЕ УЧРЕЖДЕНИЕ РЕСПУБЛИКИ САХА (ЯКУТИЯ) ""ЦЕНТР ЗАКУПОК РЕСПУБЛИКИ САХА (ЯКУТИЯ)""";16.02.2026;26.02.2026;Закупка завершена;;;25.02.2026;
44-ФЗ;№0873500001826001915;Электронный аукцион;Аукцион в электронной форме на право заключения контракта на поставку лекарственных препаратов (Иммуноглобулин человека нормальный) для индивидуального обеспечения отдельных категорий граждан, имеющих право на получение государственной социальной помощи (в соответствии с решениями врачебных комиссий) в городе Москве (УНЗ Z266092);;'262771433860977344300113990010000323;;;10516302.00;RUB;0;;;;;;"ФИЛИАЛ № 1 ГКУ ""АЗ (КС) ДЗМ""";"ФИЛИАЛ № 1 ГКУ ""АЗ (КС) ДЗМ""";13.02.2026;26.02.2026;Закупка завершена;;;24.02.2026;
44-ФЗ;№0587600003226000001;Электронный аукцион на проведение работ по строительству, реконструкции, кап. ремонту, сносу объекта кап. строительства в соответствии с п. 8 ч. 1 ст. 33 Закона № 44-ФЗ;Капитальный ремонт магистральных тепловых сетей от МТК№4 до МТК№6 с.п. Нижнесортымский;;'263861702822686170100100010014221000;;;27056381.24;RUB;0;;;;;;"МУНИЦИПАЛЬНОЕ УНИТАРНОЕ ПРЕДПРИЯТИЕ ""УПРАВЛЕНИЕ ТЕПЛОВОДОСНАБЖЕНИЯ И ВОДООТВЕДЕНИЯ "" СИБИРЯК"" МУНИЦИПАЛЬНОГО ОБРАЗОВАНИЯ СЕЛЬСКОЕ ПОСЕЛЕНИЕ НИЖНЕСОРТЫМСКИЙ";"МУНИЦИПАЛЬНОЕ УНИТАРНОЕ ПРЕДПРИЯТИЕ ""УПРАВЛЕНИЕ ТЕПЛОВОДОСНАБЖЕНИЯ И ВОДООТВЕДЕНИЯ "" СИБИРЯК"" МУНИЦИПАЛЬНОГО ОБРАЗОВАНИЯ СЕЛЬСКОЕ ПОСЕЛЕНИЕ НИЖНЕСОРТЫМСКИЙ";17.02.2026;26.02.2026;Закупка завершена;;;25.02.2026;
44-ФЗ;№0169100000626000003;Открытый конкурс в электронной форме на проведение работ по строительству, реконструкции, кап. ремонту, сносу объекта кап. строительства в соответствии с п. 8 ч. 1 ст. 33 Закона № 44-ФЗ;Выборочный капитальный ремонт (ремонт кровли) Орджоникидзевского районного суда  г. Магнитогорска  Челябинской области;;'261745304838874530100100210014339243;;;19798700.00;RUB;0;;;;;;УПРАВЛЕНИЕ СУДЕБНОГО ДЕПАРТАМЕНТА В ЧЕЛЯБИНСКОЙ ОБЛАСТИ;УПРАВЛЕНИЕ СУДЕБНОГО ДЕПАРТАМЕНТА В ЧЕЛЯБИНСКОЙ ОБЛАСТИ;04.02.2026;26.02.2026;Закупка завершена;;;24.02.2026;
44-ФЗ;№0869200000226000935;Электронный аукцион;на поставку Множественных CD-клеточных маркеров ИВД, антитела для цитофлуориметра Navios (Beckman Coulter);;'262745313582774530100100180010000244;;;11514501.20;RUB;0;;;;;;МИНИСТЕРСТВО ЗДРАВООХРАНЕНИЯ ЧЕЛЯБИНСКОЙ ОБЛАСТИ;"ГОСУДАРСТВЕННОЕ КАЗЕННОЕ УЧРЕЖДЕНИЕ ""ЦЕНТР ОРГАНИЗАЦИИ ЗАКУПОК ЧЕЛЯБИНСКОЙ ОБЛАСТИ""";17.02.2026;26.02.2026;Закупка завершена;;;25.02.2026;
44-ФЗ;№0361200015026000578;Запрос котировок в электронной форме;Поставка лекарственного препарата для медицинского применения, химиопрепарат КАПИВАСЕРТИБ;;'262650106867465010100101240012120244;;;9746795.52;RUB;0;;;;;;"ГОСУДАРСТВЕННОЕ БЮДЖЕТНОЕ УЧРЕЖДЕНИЕ ЗДРАВООХРАНЕНИЯ ""САХАЛИНСКИЙ ОБЛАСТНОЙ КЛИНИЧЕСКИЙ ОНКОЛОГИЧЕСКИЙ ДИСПАНСЕР""";"ГОСУДАРСТВЕННОЕ КАЗЕННОЕ УЧРЕЖДЕНИЕ ""ЦЕНТР ГОСУДАРСТВЕННЫХ ЗАКУПОК САХАЛИНСКОЙ ОБЛАСТИ""";18.02.2026;26.02.2026;Закупка завершена;;;26.02.2026;
44-ФЗ;№0171200001926000359;Электронный аукцион;Оказание услуг по технической поддержке подсистемы «Центральный архив медицинских изображений» регионального сегмента Единой государственной информационной системы в сфере здравоохранения Ярославской области;;'262760609547676060100100380016203244;;;15272000.00;RUB;0;;;;;;"ГОСУДАРСТВЕННОЕ БЮДЖЕТНОЕ УЧРЕЖДЕНИЕ ЯРОСЛАВСКОЙ ОБЛАСТИ ""ЭЛЕКТРОННЫЙ РЕГИОН""";МИНИСТЕРСТВО КОНКУРЕНТНОЙ ПОЛИТИКИ ЯРОСЛАВСКОЙ ОБЛАСТИ;17.02.2026;26.02.2026;Закупка завершена;;;26.02.2026;
44-ФЗ;№0817200000326001312;Электронный аукцион;Поставка жилых помещений в административных границах г. Барнаула в государственную собственность  Алтайского края в целях обеспечения жилыми помещениями детей-сирот и детей, оставшихся без попечения родителей, лиц из числа детей-сирот и детей, оставшихся без попечения родителей;;'262222122882522210100100110016810412;;;5494226.40;RUB;0;;;;;;"КРАЕВОЕ ГОСУДАРСТВЕННОЕ КАЗЕННОЕ УЧРЕЖДЕНИЕ ""РЕГИОНАЛЬНОЕ ЖИЛИЩНОЕ УПРАВЛЕНИЕ""";"КРАЕВОЕ ГОСУДАРСТВЕННОЕ КАЗЕННОЕ УЧРЕЖДЕНИЕ ""ЦЕНТР ГОСУДАРСТВЕННЫХ ЗАКУПОК АЛТАЙСКОГО КРАЯ""";17.02.2026;26.02.2026;Закупка завершена;;;26.02.2026;
44-ФЗ;№0108500000426000676;Запрос котировок в электронной форме;Поставка лекарственного препарата для медицинского применения «Иммуноглобулин человека нормальный» в целях социального обеспечения граждан;;'262120000088112150100100720022120323;;;10873350.00;RUB;0;;;;;;МИНИСТЕРСТВО ЗДРАВООХРАНЕНИЯ РЕСПУБЛИКИ МАРИЙ ЭЛ;КОМИТЕТ ПО РЕГУЛИРОВАНИЮ КОНТРАКТНОЙ СИСТЕМЫ В СФЕРЕ ЗАКУПОК РЕСПУБЛИКИ МАРИЙ ЭЛ;17.02.2026;26.02.2026;Закупка завершена;;;26.02.2026;
223-ФЗ;№32615743480;Иной способ;Организация отдыха детей и их оздоровление в каникулярное время на базе санаториев, санаторно-оздоровительных учреждений (приобретение путевок);;;1;Организация отдыха детей и их оздоровление в каникулярное время на базе санаториев, санаторно-оздоровительных учреждений (приобретение путевок);13000000.00;RUB;13000000.00;;;;85.41.99.100: Услуги по организации отдыха детей и их оздоровления;;"МУНИЦИПАЛЬНОЕ АВТОНОМНОЕ УЧРЕЖДЕНИЕ ДОПОЛНИТЕЛЬНОГО ОБРАЗОВАНИЯ ""ЦЕНТР ДОПОЛНИТЕЛЬНОГО ОБРАЗОВАНИЯ""";"МУНИЦИПАЛЬНОЕ АВТОНОМНОЕ УЧРЕЖДЕНИЕ ДОПОЛНИТЕЛЬНОГО ОБРАЗОВАНИЯ ""ЦЕНТР ДОПОЛНИТЕЛЬНОГО ОБРАЗОВАНИЯ""";26.02.2026;26.02.2026;Закупка завершена;;;26.02.2026 16:30;
44-ФЗ;№0163300041626000009;Открытый конкурс в электронной форме на проведение работ по строительству, реконструкции, кап. ремонту, сносу объекта кап. строительства в соответствии с п. 8 ч. 1 ст. 33 Закона № 44-ФЗ;Капитальный ремонт наружных сетей ливневой канализации 3-го, 4-го, 8-го микрорайонов г. Десногорска Смоленской области;;'263672400561467240100100030014322243;;;38827956.40;RUB;0;;;;;;"УПРАВЛЕНИЕ ПО ГОРОДСКОМУ ХОЗЯЙСТВУ И ПРОМЫШЛЕННОМУ КОМПЛЕКСУ АДМИНИСТРАЦИИ МУНИЦИПАЛЬНОГО ОБРАЗОВАНИЯ ""ГОРОД ДЕСНОГОРСК"" СМОЛЕНСКОЙ ОБЛАСТИ";"АДМИНИСТРАЦИЯ МУНИЦИПАЛЬНОГО ОБРАЗОВАНИЯ ""ГОРОД ДЕСНОГОРСК"" СМОЛЕНСКОЙ ОБЛАСТИ";05.02.2026;26.02.2026;Закупка завершена;;;24.02.2026;
223-ФЗ;№32615641245;Конкурс в электронной форме, участниками которого могут быть только субъекты малого и среднего предпринимательства;Экспертиза промышленной безопасности, техническое освидетельствование, обследование тепломеханического оборудования, грузоподъемных механизмов, зданий и сооружений;;;1;Экспертиза промышленной безопасности, техническое освидетельствование, обследование тепломеханического оборудования, грузоподъемных механизмов, зданий и сооружений;20097968.00;RUB;20097968.00;;;;71.20.12.000: Услуги в области испытаний, исследований и анализа физико-механических свойств материалов и веществ;;"ОБЩЕСТВО С ОГРАНИЧЕННОЙ ОТВЕТСТВЕННОСТЬЮ ""ЛУКОЙЛ-ВОЛГОГРАДЭНЕРГО""";"ОБЩЕСТВО С ОГРАНИЧЕННОЙ ОТВЕТСТВЕННОСТЬЮ ""ЛУКОЙЛ-ВОЛГОГРАДЭНЕРГО""";27.01.2026;26.02.2026;Закупка завершена;;;12.02.2026 09:00;
44-ФЗ;№0820500000826000525;Электронный аукцион;ЭНЗАЛУТАМИД;;'262254001814025400100100010010000244;;;17987860.80;RUB;0;;;;;;"КРАЕВОЕ ГОСУДАРСТВЕННОЕ БЮДЖЕТНОЕ УЧРЕЖДЕНИЕ ЗДРАВООХРАНЕНИЯ ""ВЛАДИВОСТОКСКАЯ ПОЛИКЛИНИКА № 1""";"КРАЕВОЕ ГОСУДАРСТВЕННОЕ КАЗЕННОЕ УЧРЕЖДЕНИЕ ""ЦЕНТР ГОСУДАРСТВЕННЫХ ЗАКУПОК ПРИМОРСКОГО КРАЯ""";16.02.2026;26.02.2026;Закупка завершена;;;25.02.2026;
44-ФЗ;№0362100030226000005;Электронный аукцион;Поставка лекарственных препаратов (авелумаб);;'261666001346266290100100050012120244;;;13225334.40;RUB;0;;;;;;"ФЕДЕРАЛЬНОЕ ГОСУДАРСТВЕННОЕ БЮДЖЕТНОЕ УЧРЕЖДЕНИЕ ЗДРАВООХРАНЕНИЯ ""ЦЕНТРАЛЬНАЯ МЕДИКО-САНИТАРНАЯ ЧАСТЬ № 31 ФЕДЕРАЛЬНОГО МЕДИКО-БИОЛОГИЧЕСКОГО АГЕНТСТВА""";"ФЕДЕРАЛЬНОЕ ГОСУДАРСТВЕННОЕ БЮДЖЕТНОЕ УЧРЕЖДЕНИЕ ЗДРАВООХРАНЕНИЯ ""ЦЕНТРАЛЬНАЯ МЕДИКО-САНИТАРНАЯ ЧАСТЬ № 31 ФЕДЕРАЛЬНОГО МЕДИКО-БИОЛОГИЧЕСКОГО АГЕНТСТВА""";13.02.2026;26.02.2026;Закупка завершена;;;25.02.2026;
44-ФЗ;№0816500000626000772;Электронный аукцион;Поставка изделий медицинского назначения на 2026 год Лот 2 (Набор для катетеризации центральных вен, кратковременного использования);;'262143511125114350100100380013250244;;;7656514.20;RUB;0;;;;;;"ГОСУДАРСТВЕННОЕ БЮДЖЕТНОЕ УЧРЕЖДЕНИЕ РЕСПУБЛИКИ САХА (ЯКУТИЯ) ""РЕСПУБЛИКАНСКАЯ БОЛЬНИЦА № 2 - ЦЕНТР ЭКСТРЕННОЙ МЕДИЦИНСКОЙ ПОМОЩИ""";"ГОСУДАРСТВЕННОЕ КАЗЕННОЕ УЧРЕЖДЕНИЕ РЕСПУБЛИКИ САХА (ЯКУТИЯ) ""ЦЕНТР ЗАКУПОК РЕСПУБЛИКИ САХА (ЯКУТИЯ)""";03.02.2026;26.02.2026;Закупка завершена;;;16.02.2026;
44-ФЗ;№0873500001826001892;Электронный аукцион;Аукцион в электронной форме на право заключения контракта на поставку лекарственных препаратов (Илопрост) для индивидуального обеспечения отдельных категорий граждан, имеющих право на получение государственной социальной помощи (в соответствии с решениями врачебных комиссий) в городе Москве (УНЗ Z265915).;;'262771433860977344300115020010000323;;;5202516.00;RUB;0;;;;;;"ФИЛИАЛ № 1 ГКУ ""АЗ (КС) ДЗМ""";"ФИЛИАЛ № 1 ГКУ ""АЗ (КС) ДЗМ""";13.02.2026;26.02.2026;Закупка завершена;;;24.02.2026;
44-ФЗ;№0878500000226000072;Электронный аукцион;Оказание авиационных услуг с применением вертолета;;'262790153560779010100100230015223244;;;10999999.80;RUB;0;;;;;;ДЕПАРТАМЕНТ УПРАВЛЕНИЯ ЛЕСАМИ ПРАВИТЕЛЬСТВА ЕВРЕЙСКОЙ АВТОНОМНОЙ ОБЛАСТИ;"ОБЛАСТНОЕ ГОСУДАРСТВЕННОЕ КАЗЕННОЕ УЧРЕЖДЕНИЕ ""ЦЕНТР ГОСУДАРСТВЕННЫХ ЗАКУПОК ЕВРЕЙСКОЙ АВТОНОМНОЙ ОБЛАСТИ""";11.02.2026;26.02.2026;Закупка завершена;;;24.02.2026;
44-ФЗ;№0252100000226000008;Электронный аукцион;Поставка Получателям слуховых аппаратов с ушным вкладышем индивидуального изготовления в целях социального обеспечения получателей в 2026 году;;'261550000005455030100100120010000323;;;5882333.74;RUB;0;;;;;;ОТДЕЛЕНИЕ ФОНДА ПЕНСИОННОГО И СОЦИАЛЬНОГО СТРАХОВАНИЯ РОССИЙСКОЙ ФЕДЕРАЦИИ ПО ОМСКОЙ ОБЛАСТИ;ОТДЕЛЕНИЕ ФОНДА ПЕНСИОННОГО И СОЦИАЛЬНОГО СТРАХОВАНИЯ РОССИЙСКОЙ ФЕДЕРАЦИИ ПО ОМСКОЙ ОБЛАСТИ;09.02.2026;26.02.2026;Закупка завершена;;;24.02.2026;
44-ФЗ;№0873500001826001988;Электронный аукцион;Аукцион в электронной форме на право заключения контракта на поставку лекарственных препаратов (Иммуноглобулин человека нормальный) для обеспечения граждан, имеющих право на получение государственной социальной помощи в городе Москве (УНЗ Z261797);;'262771433860977344300114910010000323;;;5142187.50;RUB;0;;;;;;"ФИЛИАЛ № 1 ГКУ ""АЗ (КС) ДЗМ""";"ФИЛИАЛ № 1 ГКУ ""АЗ (КС) ДЗМ""";13.02.2026;26.02.2026;Закупка завершена;;;24.02.2026;
44-ФЗ;№0873500001826001984;Электронный аукцион;Аукцион в электронной форме на право заключения контракта на поставку лекарственных препаратов (Иммуноглобулин человека нормальный) для обеспечения граждан, имеющих право на получение государственной социальной помощи в городе Москве (УНЗ Z261782);;'262771433860977344300114860010000323;;;19250000.00;RUB;0;;;;;;"ФИЛИАЛ № 1 ГКУ ""АЗ (КС) ДЗМ""";"ФИЛИАЛ № 1 ГКУ ""АЗ (КС) ДЗМ""";13.02.2026;26.02.2026;Закупка завершена;;;24.02.2026;
44-ФЗ;№0361200015026000522;Электронный аукцион;Поставка лекарственного препарата для медицинского применения, химиопрепарат СОТОРАСИБ;;'262650106867465010100101220012120244;;;11999760.00;RUB;0;;;;;;"ГОСУДАРСТВЕННОЕ БЮДЖЕТНОЕ УЧРЕЖДЕНИЕ ЗДРАВООХРАНЕНИЯ ""САХАЛИНСКИЙ ОБЛАСТНОЙ КЛИНИЧЕСКИЙ ОНКОЛОГИЧЕСКИЙ ДИСПАНСЕР""";"ГОСУДАРСТВЕННОЕ КАЗЕННОЕ УЧРЕЖДЕНИЕ ""ЦЕНТР ГОСУДАРСТВЕННЫХ ЗАКУПОК САХАЛИНСКОЙ ОБЛАСТИ""";16.02.2026;26.02.2026;Закупка завершена;;;26.02.2026;
44-ФЗ;№0377300038626000004;Открытый конкурс в электронной форме;Ремонт автомобильной дороги по ул.Березовая от дома №24 по ул. Подгорная до дома №20Б по ул. Березовая с. Майма, Республика Алтай;;'263041114199204110100100050014211244;;;22563137.60;RUB;0;;;;;;"МУНИЦИПАЛЬНОЕ АВТОНОМНОЕ УЧРЕЖДЕНИЕ ""ОТДЕЛ КАПИТАЛЬНОГО СТРОИТЕЛЬСТВА МУНИЦИПАЛЬНОГО ОБРАЗОВАНИЯ ""МАЙМИНСКИЙ РАЙОН""";"МУНИЦИПАЛЬНОЕ АВТОНОМНОЕ УЧРЕЖДЕНИЕ ""ОТДЕЛ КАПИТАЛЬНОГО СТРОИТЕЛЬСТВА МУНИЦИПАЛЬНОГО ОБРАЗОВАНИЯ ""МАЙМИНСКИЙ РАЙОН""";09.02.2026;26.02.2026;Закупка завершена;;;26.02.2026;
44-ФЗ;№0111300004526000006;Электронный аукцион на проведение работ по строительству, реконструкции, кап. ремонту, сносу объекта кап. строительства в соответствии с п. 8 ч. 1 ст. 33 Закона № 44-ФЗ;"Строительство малоэтажного жилого комплекса в с.Старая Салаусь Балтасинского муниципального района Республики Татарстан (Строительство домов 72 кв.м. по адресу: Балтасинский район, с. Старая Салаусь, кадастровый номер  з/у 16:12:110101:55; кадастровый номер  з/у 16:12:110101:1281; кадастровый номер  з/у 16:12:110101:56; кадастровый номер  з/у 16:12:110101:59; кадастровый номер  з/у 16:12:110101:60; кадастровый номер  з/у 16:12:110101:61; кадастровый номер  з/у 16:12:110101:62; Строительство дома 90 кв.м. по адресу: Балтасинский район, с. Старая Салаусь, кадастровый номер  з/у 16:12:110101:1280;  кадастровый номер  з/у 16:12:110101:1279; кадастровый номер  з/у 16:12:110101:1278)";;'263161200581816120100100150024120414;;;33219981.71;RUB;0;;;;;;БАЛТАСИНСКИЙ РАЙОННЫЙ ИСПОЛНИТЕЛЬНЫЙ КОМИТЕТ РЕСПУБЛИКИ ТАТАРСТАН;БАЛТАСИНСКИЙ РАЙОННЫЙ ИСПОЛНИТЕЛЬНЫЙ КОМИТЕТ РЕСПУБЛИКИ ТАТАРСТАН;16.02.2026;26.02.2026;Закупка завершена;;;25.02.2026;
44-ФЗ;№0373200067026000105;Электронный аукцион;"Электронный аукцион на поставку  медицинских изделий: расходный материал для восстановления двигательных функций (ФМ-13-2026); для оказания медицинской помощи в отделениях ГБУЗ «НИИ СП им Н. В. Склифосовского ДЗМ»";;'262770203632177020100101140010000244;;;29997536.21;RUB;0;;;;;;"ГОСУДАРСТВЕННОЕ БЮДЖЕТНОЕ УЧРЕЖДЕНИЕ ЗДРАВООХРАНЕНИЯ ГОРОДА МОСКВЫ ""НАУЧНО-ИССЛЕДОВАТЕЛЬСКИЙ ИНСТИТУТ СКОРОЙ ПОМОЩИ ИМ. Н.В. СКЛИФОСОВСКОГО ДЕПАРТАМЕНТА ЗДРАВООХРАНЕНИЯ ГОРОДА МОСКВЫ""";"ГОСУДАРСТВЕННОЕ БЮДЖЕТНОЕ УЧРЕЖДЕНИЕ ЗДРАВООХРАНЕНИЯ ГОРОДА МОСКВЫ ""НАУЧНО-ИССЛЕДОВАТЕЛЬСКИЙ ИНСТИТУТ СКОРОЙ ПОМОЩИ ИМ. Н.В. СКЛИФОСОВСКОГО ДЕПАРТАМЕНТА ЗДРАВООХРАНЕНИЯ ГОРОДА МОСКВЫ""";16.02.2026;26.02.2026;Закупка завершена;;;24.02.2026;
44-ФЗ;№0817200000326001310;Электронный аукцион;Поставка жилых помещений в административных границах г. Барнаула в государственную собственность  Алтайского края в целях обеспечения жилыми помещениями детей-сирот и детей, оставшихся без попечения родителей, лиц из числа детей-сирот и детей, оставшихся без попечения родителей;;'262222122882522210100100150016810412;;;5071593.60;RUB;0;;;;;;"КРАЕВОЕ ГОСУДАРСТВЕННОЕ КАЗЕННОЕ УЧРЕЖДЕНИЕ ""РЕГИОНАЛЬНОЕ ЖИЛИЩНОЕ УПРАВЛЕНИЕ""";"КРАЕВОЕ ГОСУДАРСТВЕННОЕ КАЗЕННОЕ УЧРЕЖДЕНИЕ ""ЦЕНТР ГОСУДАРСТВЕННЫХ ЗАКУПОК АЛТАЙСКОГО КРАЯ""";17.02.2026;26.02.2026;Закупка завершена;;;26.02.2026;
44-ФЗ;№0813500000126002012;Запрос котировок в электронной форме;зз-0018-05770 - 2026 Оказание услуг по обеспечению питания больных, находящихся на стационарном лечении;;'263182901568118370100100650015629244;;;9999999.00;RUB;0;;;;;;"БЮДЖЕТНОЕ УЧРЕЖДЕНИЕ ЗДРАВООХРАНЕНИЯ УДМУРТСКОЙ РЕСПУБЛИКИ ""ГЛАЗОВСКАЯ МЕЖРАЙОННАЯ БОЛЬНИЦА МИНИСТЕРСТВА ЗДРАВООХРАНЕНИЯ УДМУРТСКОЙ РЕСПУБЛИКИ""";"ГОСУДАРСТВЕННОЕ КАЗЕННОЕ УЧРЕЖДЕНИЕ УДМУРТСКОЙ РЕСПУБЛИКИ ""РЕГИОНАЛЬНЫЙ ЦЕНТР ЗАКУПОК УДМУРТСКОЙ РЕСПУБЛИКИ""";18.02.2026;26.02.2026;Закупка завершена;;;26.02.2026;
44-ФЗ;№0162300054226000004;Электронный аукцион;"Выполнение проектно-изыскательских и строительно-монтажных работ по объекту: ""Строительство тепловой сети для подключения к системе централизованного теплоснабжения объекта капитального строительства: ""Детское дошкольное общеобразовательное учреждение на 270 мест по адресу: Свердловская область, Сысертский район, село Патруши, земельный участок расположен в 150 метрах по направлению на юго-запад относительно ориентира земельный участок, расположенного за пределами участка, адрес ориентира: Свердловская область, Сысертский район, село Патруши, улица Юго-Западная, 3""""";;'263665200491566850100100240010000414;;;125553700.23;RUB;0;;;;;;АДМИНИСТРАЦИЯ СЫСЕРТСКОГО МУНИЦИПАЛЬНОГО ОКРУГА;АДМИНИСТРАЦИЯ СЫСЕРТСКОГО МУНИЦИПАЛЬНОГО ОКРУГА;13.02.2026;26.02.2026;Закупка завершена;;;24.02.2026;
44-ФЗ;№0332100025126000092;Электронный аукцион;Приобретение расходных материалов для анализатора Кобас Интегра  е 601	;;'261525400211352540100100230502120244;;;6838397.42;RUB;0;;;;;;"ФЕДЕРАЛЬНОЕ ГОСУДАРСТВЕННОЕ БЮДЖЕТНОЕ  УЧРЕЖДЕНИЕ ЗДРАВООХРАНЕНИЯ  ""КЛИНИЧЕСКАЯ БОЛЬНИЦА № 50 ФЕДЕРАЛЬНОГО  МЕДИКО-БИОЛОГИЧЕСКОГО АГЕНТСТВА""";"ФЕДЕРАЛЬНОЕ ГОСУДАРСТВЕННОЕ БЮДЖЕТНОЕ  УЧРЕЖДЕНИЕ ЗДРАВООХРАНЕНИЯ  ""КЛИНИЧЕСКАЯ БОЛЬНИЦА № 50 ФЕДЕРАЛЬНОГО  МЕДИКО-БИОЛОГИЧЕСКОГО АГЕНТСТВА""";17.02.2026;26.02.2026;Закупка завершена;;;25.02.2026;
44-ФЗ;№0869200000226000952;Запрос котировок в электронной форме;на поставку лекарственного препарата для медицинского применения – ЛОРЛАТИНИБ для обеспечения вне федеральных перечней льготных категорий граждан дорогостоящими лекарственными препаратами, в том числе предназначенными для лечения больных гемофилией, муковисцидозом, гипофизарным нанизмом, болезнью Гоше, злокачественными новообразованиями лимфоидной, кроветворной и родственных им тканей, рассеянным склерозом, гемолитико-уремическим синдромом, юношеским артритом с системным началом, мукополисахаридозом I, II и VI типов, апластической анемией неуточненной, наследственным дефицитом факторов II (фибриногена), VII (лабильного), X (Стюарта-Прауэра), а также после трансплантации органов и (или) тканей, включая обеспечение по решениям суда;;'262745313582774530100100290420000323;;;5633445.60;RUB;0;;;;;;МИНИСТЕРСТВО ЗДРАВООХРАНЕНИЯ ЧЕЛЯБИНСКОЙ ОБЛАСТИ;"ГОСУДАРСТВЕННОЕ КАЗЕННОЕ УЧРЕЖДЕНИЕ ""ЦЕНТР ОРГАНИЗАЦИИ ЗАКУПОК ЧЕЛЯБИНСКОЙ ОБЛАСТИ""";17.02.2026;26.02.2026;Закупка завершена;;;25.02.2026;
44-ФЗ;№0869200000226000951;Электронный аукцион;на поставку лекарственного препарата для медицинского применения – ИММУНОГЛОБУЛИН ЧЕЛОВЕКА НОРМАЛЬНЫЙ для реализации отдельных полномочий в области лекарственного обеспечения;;'262745313582774530100100300070000323;;;22185900.00;RUB;0;;;;;;МИНИСТЕРСТВО ЗДРАВООХРАНЕНИЯ ЧЕЛЯБИНСКОЙ ОБЛАСТИ;"ГОСУДАРСТВЕННОЕ КАЗЕННОЕ УЧРЕЖДЕНИЕ ""ЦЕНТР ОРГАНИЗАЦИИ ЗАКУПОК ЧЕЛЯБИНСКОЙ ОБЛАСТИ""";17.02.2026;26.02.2026;Закупка завершена;;;25.02.2026;
44-ФЗ;№0351100033226000036;Электронный аукцион;Оказание услуг по проведению прижизненных патолого-анатомических исследований;;'261540333827154030100100020110000244;;;10379500.00;RUB;0;;;;;;"ФЕДЕРАЛЬНОЕ ГОСУДАРСТВЕННОЕ БЮДЖЕТНОЕ УЧРЕЖДЕНИЕ ""ФЕДЕРАЛЬНЫЙ ЦЕНТР НЕЙРОХИРУРГИИ"" МИНИСТЕРСТВА ЗДРАВООХРАНЕНИЯ РОССИЙСКОЙ ФЕДЕРАЦИИ (Г. НОВОСИБИРСК)";"ФЕДЕРАЛЬНОЕ ГОСУДАРСТВЕННОЕ БЮДЖЕТНОЕ УЧРЕЖДЕНИЕ ""ФЕДЕРАЛЬНЫЙ ЦЕНТР НЕЙРОХИРУРГИИ"" МИНИСТЕРСТВА ЗДРАВООХРАНЕНИЯ РОССИЙСКОЙ ФЕДЕРАЦИИ (Г. НОВОСИБИРСК)";18.02.2026;26.02.2026;Закупка завершена;;;26.02.2026;
44-ФЗ;№0261100000126000024;Запрос котировок в электронной форме;Оказание услуг по предоставлению санаторно-курортной организацией санаторно-курортного лечения, осуществляемого в целях профилактики основных заболеваний, гражданам, имеющим право на получение государственной социальной помощи в виде набора социальных услуг (исключая детей-инвалидов), и сопровождающим их лицам на основании путевок в 2026 году.;;'261650000555165010100100470018690323;;;5629100.40;RUB;0;;;;;;ОТДЕЛЕНИЕ ФОНДА ПЕНСИОННОГО И СОЦИАЛЬНОГО СТРАХОВАНИЯ РОССИЙСКОЙ ФЕДЕРАЦИИ ПО САХАЛИНСКОЙ ОБЛАСТИ;ОТДЕЛЕНИЕ ФОНДА ПЕНСИОННОГО И СОЦИАЛЬНОГО СТРАХОВАНИЯ РОССИЙСКОЙ ФЕДЕРАЦИИ ПО САХАЛИНСКОЙ ОБЛАСТИ;10.02.2026;26.02.2026;Закупка завершена;;;19.02.2026;
44-ФЗ;№0187300001926000014;Запрос котировок в электронной форме на проведение работ по строительству, реконструкции, кап. ремонту, сносу объекта кап. строительства в соответствии с п. 8 ч. 1 ст. 33 Закона № 44-ФЗ ;Выполнение работ по сносу строения, разборке конструкций, вывозу строительного мусора и отсыпке участка под домом песком в рамках реализации мероприятий по освобождению земельных участков, планируемых  для размещения жилищного строительства;;'263860601523286060100100550024311244;;;6339528.49;RUB;0;;;;;;"МУНИЦИПАЛЬНОЕ КАЗЕННОЕ УЧРЕЖДЕНИЕ ""УПРАВЛЕНИЕ ЖИЛИЩНО-КОММУНАЛЬНОГО ХОЗЯЙСТВА ГОРОДА УРАЙ""";АДМИНИСТРАЦИЯ ГОРОДА УРАЙ;16.02.2026;26.02.2026;Закупка завершена;;;24.02.2026;
44-ФЗ;№0351300298326000032;Электронный аукцион;Поставка топлива для нужд администрации Новосибирского района Новосибирской области;;'263543318161354330100100420011920244;;;19258050.00;RUB;0;;;;;;"МУНИЦИПАЛЬНОЕ КАЗЕННОЕ УЧРЕЖДЕНИЕ НОВОСИБИРСКОГО РАЙОНА НОВОСИБИРСКОЙ ОБЛАСТИ ""УПРАВЛЯЮЩАЯ КОМПАНИЯ ЕДИНОГО ЗАКАЗЧИКА ЖИЛИЩНО-КОММУНАЛЬНОГО ХОЗЯЙСТВА И СТРОИТЕЛЬСТВА""";"МУНИЦИПАЛЬНОЕ КАЗЕННОЕ УЧРЕЖДЕНИЕ НОВОСИБИРСКОГО РАЙОНА НОВОСИБИРСКОЙ ОБЛАСТИ ""УПРАВЛЯЮЩАЯ КОМПАНИЯ ЕДИНОГО ЗАКАЗЧИКА ЖИЛИЩНО-КОММУНАЛЬНОГО ХОЗЯЙСТВА И СТРОИТЕЛЬСТВА""";17.02.2026;26.02.2026;Закупка завершена;;;26.02.2026;
44-ФЗ;№0119300019826000128;Электронный аукцион;Выполнение работ по благоустройству общественных территорий, определенных по результатам рейтингового голосования, в городе Красноярске в 2026 году;;'263246621501224630100100830014399244;;;118002396.55;RUB;0;;;;;;"МУНИЦИПАЛЬНОЕ КАЗЕННОЕ УЧРЕЖДЕНИЕ ГОРОДА КРАСНОЯРСКА ""УПРАВЛЕНИЕ ДОРОГ, ИНФРАСТРУКТУРЫ И БЛАГОУСТРОЙСТВА""";ДЕПАРТАМЕНТ МУНИЦИПАЛЬНОГО ЗАКАЗА АДМИНИСТРАЦИИ ГОРОДА КРАСНОЯРСКА;13.02.2026;26.02.2026;Закупка завершена;;;24.02.2026;
44-ФЗ;№0369600055426000001;Электронный аукцион;Выполнение строительно-монтажных работ по ремонту автомобильных дорог в п. Увельский;;'263745147136574510100100030014211244;;;61253328.45;RUB;0;;;;;;"МУНИЦИПАЛЬНОЕ БЮДЖЕТНОЕ УЧРЕЖДЕНИЕ ""ВЕКТОР""";"МУНИЦИПАЛЬНОЕ БЮДЖЕТНОЕ УЧРЕЖДЕНИЕ ""ВЕКТОР""";16.02.2026;26.02.2026;Закупка завершена;;;24.02.2026;
44-ФЗ;№0851100001926000067;Электронный аукцион;Оказание услуг по комплексному обслуживанию административных зданий (помещений) и прилегающей территории для обеспечения государственных нужд Управления Федерального казначейства по Новосибирской области и Межрегионального филиала Федерального казенного учреждения «Центр по обеспечению деятельности Казначейства России» в г. Новосибирске;;'261770989550954024300100190960000244;;;14000000.00;RUB;0;;;;;;"МЕЖРЕГИОНАЛЬНЫЙ ФИЛИАЛ ФЕДЕРАЛЬНОГО КАЗЕННОГО УЧРЕЖДЕНИЯ ""ЦЕНТР ПО ОБЕСПЕЧЕНИЮ ДЕЯТЕЛЬНОСТИ КАЗНАЧЕЙСТВА РОССИИ"" В Г. НОВОСИБИРСКЕ";"МЕЖРЕГИОНАЛЬНЫЙ ФИЛИАЛ ФЕДЕРАЛЬНОГО КАЗЕННОГО УЧРЕЖДЕНИЯ ""ЦЕНТР ПО ОБЕСПЕЧЕНИЮ ДЕЯТЕЛЬНОСТИ КАЗНАЧЕЙСТВА РОССИИ"" В Г. НОВОСИБИРСКЕ";17.02.2026;26.02.2026;Закупка завершена;;;25.02.2026;
44-ФЗ;№0380200000126000781;Электронный аукцион;Услуги по предоставлению кредита;;'262190101994719010100100060016419720;;;192999464.12;RUB;0;;;;;;МИНИСТЕРСТВО ФИНАНСОВ РЕСПУБЛИКИ ХАКАСИЯ;ГОСУДАРСТВЕННЫЙ КОМИТЕТ ПО РЕГУЛИРОВАНИЮ КОНТРАКТНОЙ СИСТЕМЫ В СФЕРЕ ЗАКУПОК РЕСПУБЛИКИ ХАКАСИЯ;18.02.2026;26.02.2026;Закупка завершена;;;26.02.2026;
44-ФЗ;№0817200000326001307;Электронный аукцион;Поставка жилых помещений в административных границах г. Барнаула в государственную собственность  Алтайского края в целях обеспечения жилыми помещениями детей-сирот и детей, оставшихся без попечения родителей, лиц из числа детей-сирот и детей, оставшихся без попечения родителей;;'262222122882522210100100130016810412;;;5494226.40;RUB;0;;;;;;"КРАЕВОЕ ГОСУДАРСТВЕННОЕ КАЗЕННОЕ УЧРЕЖДЕНИЕ ""РЕГИОНАЛЬНОЕ ЖИЛИЩНОЕ УПРАВЛЕНИЕ""";"КРАЕВОЕ ГОСУДАРСТВЕННОЕ КАЗЕННОЕ УЧРЕЖДЕНИЕ ""ЦЕНТР ГОСУДАРСТВЕННЫХ ЗАКУПОК АЛТАЙСКОГО КРАЯ""";17.02.2026;26.02.2026;Закупка завершена;;;26.02.2026;
44-ФЗ;№0817200000326001311;Электронный аукцион;Поставка жилых помещений в административных границах г. Барнаула в государственную собственность  Алтайского края в целях обеспечения жилыми помещениями детей-сирот и детей, оставшихся без попечения родителей, лиц из числа детей-сирот и детей, оставшихся без попечения родителей;;'262222122882522210100100120016810412;;;5494226.40;RUB;0;;;;;;"КРАЕВОЕ ГОСУДАРСТВЕННОЕ КАЗЕННОЕ УЧРЕЖДЕНИЕ ""РЕГИОНАЛЬНОЕ ЖИЛИЩНОЕ УПРАВЛЕНИЕ""";"КРАЕВОЕ ГОСУДАРСТВЕННОЕ КАЗЕННОЕ УЧРЕЖДЕНИЕ ""ЦЕНТР ГОСУДАРСТВЕННЫХ ЗАКУПОК АЛТАЙСКОГО КРАЯ""";17.02.2026;26.02.2026;Закупка завершена;;;26.02.2026;
44-ФЗ;№0817200000326001313;Электронный аукцион;Поставка жилых помещений в административных границах г. Барнаула в государственную собственность  Алтайского края в целях обеспечения жилыми помещениями детей-сирот и детей, оставшихся без попечения родителей, лиц из числа детей-сирот и детей, оставшихся без попечения родителей;;'262222122882522210100100160016810412;;;5212471.20;RUB;0;;;;;;"КРАЕВОЕ ГОСУДАРСТВЕННОЕ КАЗЕННОЕ УЧРЕЖДЕНИЕ ""РЕГИОНАЛЬНОЕ ЖИЛИЩНОЕ УПРАВЛЕНИЕ""";"КРАЕВОЕ ГОСУДАРСТВЕННОЕ КАЗЕННОЕ УЧРЕЖДЕНИЕ ""ЦЕНТР ГОСУДАРСТВЕННЫХ ЗАКУПОК АЛТАЙСКОГО КРАЯ""";17.02.2026;26.02.2026;Закупка завершена;;;26.02.2026;
44-ФЗ;№0320100011226000020;Электронный аукцион;Разработка проектно-сметной документации по объекту: «Замена паровых котлов, газификация здания котельной ФГБОУ ВДЦ «Океан» номинальной мощностью 45 тонн пара/час, по адресу: Приморский край, г. Владивосток, ул. Артековская, 1Г»;;'261253900998425390100100100017112243;;;20186766.60;RUB;0;;;;;;"ФЕДЕРАЛЬНОЕ ГОСУДАРСТВЕННОЕ БЮДЖЕТНОЕ ОБРАЗОВАТЕЛЬНОЕ УЧРЕЖДЕНИЕ ""ВСЕРОССИЙСКИЙ ДЕТСКИЙ ЦЕНТР ""ОКЕАН""";"ФЕДЕРАЛЬНОЕ ГОСУДАРСТВЕННОЕ БЮДЖЕТНОЕ ОБРАЗОВАТЕЛЬНОЕ УЧРЕЖДЕНИЕ ""ВСЕРОССИЙСКИЙ ДЕТСКИЙ ЦЕНТР ""ОКЕАН""";18.02.2026;26.02.2026;Закупка завершена;;;26.02.2026;
44-ФЗ;№0360300274426000001;Электронный аукцион;Поставка продуктов питания (мясо говядины, мясо кур).;;263644400619664440100100060010000244, 263644400614064440100100050010000244, 263644400574964440100100040010000244, 263644400611864440100100050020000244, 263644400623864440100100060010000244, 263644400858864440100100070010000244, 263644400578864440100100060010000244, 263644400613264440100100050010000244, 263644400626064440100100080010000244, 263644400590064440100100070010000244, 263644400879664440100100060010000244, 263644400591864440100100040020000244, 263644400575664440100100050010000244, 263644400607664440100100040010000244, 263644400602064440100100040010000244, 263644400571764440100100030010000244, 263644400593264440100100040010000244, 263644400876464440100100060010000244, 263644400577064440100100040010000244;;;12508937.07;RUB;0;;;;;;;"МУНИЦИПАЛЬНОЕ БЮДЖЕТНОЕ ОБЩЕОБРАЗОВАТЕЛЬНОЕ УЧРЕЖДЕНИЕ ""СРЕДНЯЯ ОБЩЕОБРАЗОВАТЕЛЬНАЯ ШКОЛА № 8 Г. ПЕТРОВСКА САРАТОВСКОЙ ОБЛАСТИ""";16.02.2026;26.02.2026;Закупка завершена;;;24.02.2026;
44-ФЗ;№0101100007326000003;Электронный аукцион;Поставка запасных частей для проведения ТО и текущих ремонтов пожарной и автомобильной (грузовой) техники Главного управления МЧС России по Республике Башкортостан;;'261027810643302780100100420242932244;;;16753033.00;RUB;0;;;;;;ГЛАВНОЕ УПРАВЛЕНИЕ МИНИСТЕРСТВА РОССИЙСКОЙ ФЕДЕРАЦИИ ПО ДЕЛАМ ГРАЖДАНСКОЙ ОБОРОНЫ, ЧРЕЗВЫЧАЙНЫМ СИТУАЦИЯМ И ЛИКВИДАЦИИ ПОСЛЕДСТВИЙ СТИХИЙНЫХ БЕДСТВИЙ ПО РЕСПУБЛИКЕ БАШКОРТОСТАН;ГЛАВНОЕ УПРАВЛЕНИЕ МИНИСТЕРСТВА РОССИЙСКОЙ ФЕДЕРАЦИИ ПО ДЕЛАМ ГРАЖДАНСКОЙ ОБОРОНЫ, ЧРЕЗВЫЧАЙНЫМ СИТУАЦИЯМ И ЛИКВИДАЦИИ ПОСЛЕДСТВИЙ СТИХИЙНЫХ БЕДСТВИЙ ПО РЕСПУБЛИКЕ БАШКОРТОСТАН;17.02.2026;26.02.2026;Закупка завершена;;;25.02.2026;
44-ФЗ;№1051300004226000002;Электронный аукцион;Текущий ремонт центрального крыльца и навеса здания МКУ КДиСО с.Криводановка, Криводановский сельсовет;;'263543310818754330100100060024399244;;;8955120.00;RUB;0;;;;;;"МУНИЦИПАЛЬНОЕ КАЗЕННОЕ УЧРЕЖДЕНИЕ ""КУЛЬТУРНО-ДОСУГОВОЕ И СПОРТИВНОЕ ОБЪЕДИНЕНИЕ"" СЕЛА КРИВОДАНОВКА";"МУНИЦИПАЛЬНОЕ КАЗЕННОЕ УЧРЕЖДЕНИЕ ""КУЛЬТУРНО-ДОСУГОВОЕ И СПОРТИВНОЕ ОБЪЕДИНЕНИЕ"" СЕЛА КРИВОДАНОВКА";16.02.2026;26.02.2026;Закупка завершена;;;25.02.2026;
44-ФЗ;№0373200188026000042;Электронный аукцион;Закупка растворов для гемодиализа для нужд ГБУЗ «ДГКБ № 9 им. Г.Н. Сперанского ДЗМ»;;'262770302732077030100100470010000244;;;5103000.00;RUB;0;;;;;;"ГОСУДАРСТВЕННОЕ БЮДЖЕТНОЕ УЧРЕЖДЕНИЕ ЗДРАВООХРАНЕНИЯ ГОРОДА МОСКВЫ ""ДЕТСКАЯ ГОРОДСКАЯ КЛИНИЧЕСКАЯ БОЛЬНИЦА № 9 ИМ. Г.Н. СПЕРАНСКОГО ДЕПАРТАМЕНТА ЗДРАВООХРАНЕНИЯ ГОРОДА МОСКВЫ""";"ГОСУДАРСТВЕННОЕ БЮДЖЕТНОЕ УЧРЕЖДЕНИЕ ЗДРАВООХРАНЕНИЯ ГОРОДА МОСКВЫ ""ДЕТСКАЯ ГОРОДСКАЯ КЛИНИЧЕСКАЯ БОЛЬНИЦА № 9 ИМ. Г.Н. СПЕРАНСКОГО ДЕПАРТАМЕНТА ЗДРАВООХРАНЕНИЯ ГОРОДА МОСКВЫ""";16.02.2026;26.02.2026;Закупка завершена;;;24.02.2026;
44-ФЗ;№0139300000426000012;Электронный аукцион;Благоустройство Городского парка по ул. С. Перовской (2 этап) (в рамках текущего ремонта);;'263424600947342460100100190014299244;;;12573840.00;RUB;0;;;;;;"МУНИЦИПАЛЬНОЕ БЮДЖЕТНОЕ УЧРЕЖДЕНИЕ АНЖЕРО-СУДЖЕНСКОГО ГОРОДСКОГО ОКРУГА ""УПРАВЛЕНИЕ ЖИЗНЕОБЕСПЕЧЕНИЯ""";АДМИНИСТРАЦИЯ АНЖЕРО-СУДЖЕНСКОГО ГОРОДСКОГО ОКРУГА;12.02.2026;26.02.2026;Закупка завершена;;;24.02.2026;
44-ФЗ;№0134200000126000439;Электронный аукцион;Поставка лекарственного препарата для медицинского применения РУКСОЛИТИНИБ;;'262380817232738080100100920492120323;;;72168818.40;RUB;0;;;;;;МИНИСТЕРСТВО ЗДРАВООХРАНЕНИЯ ИРКУТСКОЙ ОБЛАСТИ;МИНИСТЕРСТВО ПО РЕГУЛИРОВАНИЮ КОНТРАКТНОЙ СИСТЕМЫ В СФЕРЕ ЗАКУПОК ИРКУТСКОЙ ОБЛАСТИ;17.02.2026;26.02.2026;Закупка завершена;;;26.02.2026;
44-ФЗ;№0134200000126000394;Электронный аукцион;Поставка лекарственных препаратов для медицинского применения ИНСУЛИН АСПАРТ;;'262380817232738080100100800382120323;;;14695275.00;RUB;0;;;;;;МИНИСТЕРСТВО ЗДРАВООХРАНЕНИЯ ИРКУТСКОЙ ОБЛАСТИ;МИНИСТЕРСТВО ПО РЕГУЛИРОВАНИЮ КОНТРАКТНОЙ СИСТЕМЫ В СФЕРЕ ЗАКУПОК ИРКУТСКОЙ ОБЛАСТИ;16.02.2026;26.02.2026;Закупка завершена;;;26.02.2026;
44-ФЗ;№0187300003526000046;Электронный аукцион;Приобретение квартиры в многоквартирном доме в капитальном исполнении в г. Урай Ханты-Мансийского автономного округа – Югры (для СМП/СОНКО);;'263861600385386160100100490016810412;;;5999472.00;RUB;0;;;;;;КОМИТЕТ ПО УПРАВЛЕНИЮ МУНИЦИПАЛЬНЫМ ИМУЩЕСТВОМ АДМИНИСТРАЦИИ КОНДИНСКОГО РАЙОНА;АДМИНИСТРАЦИЯ КОНДИНСКОГО РАЙОНА;17.02.2026;26.02.2026;Закупка завершена;;;25.02.2026;
44-ФЗ;№0190200000326001246;Электронный аукцион;Поставка лекарственного препарата для применения в медицинских целях МНН Альбумин человека;;'262890401271089040100100040502120244;;;6082375.00;RUB;0;;;;;;"ГОСУДАРСТВЕННОЕ БЮДЖЕТНОЕ УЧРЕЖДЕНИЕ ЗДРАВООХРАНЕНИЯ ЯМАЛО-НЕНЕЦКОГО АВТОНОМНОГО ОКРУГА ""НОВОУРЕНГОЙСКАЯ ЦЕНТРАЛЬНАЯ ГОРОДСКАЯ БОЛЬНИЦА""";ДЕПАРТАМЕНТ ГОСУДАРСТВЕННОГО ЗАКАЗА ЯМАЛО-НЕНЕЦКОГО АВТОНОМНОГО ОКРУГА;18.02.2026;26.02.2026;Закупка завершена;;;26.02.2026;
44-ФЗ;№0380200000126000778;Электронный аукцион;Услуги по предоставлению кредита;;'262190101994719010100100030016419720;;;179701549.53;RUB;0;;;;;;МИНИСТЕРСТВО ФИНАНСОВ РЕСПУБЛИКИ ХАКАСИЯ;ГОСУДАРСТВЕННЫЙ КОМИТЕТ ПО РЕГУЛИРОВАНИЮ КОНТРАКТНОЙ СИСТЕМЫ В СФЕРЕ ЗАКУПОК РЕСПУБЛИКИ ХАКАСИЯ;18.02.2026;26.02.2026;Закупка завершена;;;26.02.2026;
44-ФЗ;№0817200000326001371;Электронный аукцион;Поставка жилых помещений в административных границах г. Барнаула в государственную собственность  Алтайского края в целях обеспечения жилыми помещениями детей-сирот и детей, оставшихся без попечения родителей, лиц из числа детей-сирот и детей, оставшихся без попечения родителей;;'262222122882522210100100060016810412;;;5494226.40;RUB;0;;;;;;"КРАЕВОЕ ГОСУДАРСТВЕННОЕ КАЗЕННОЕ УЧРЕЖДЕНИЕ ""РЕГИОНАЛЬНОЕ ЖИЛИЩНОЕ УПРАВЛЕНИЕ""";"КРАЕВОЕ ГОСУДАРСТВЕННОЕ КАЗЕННОЕ УЧРЕЖДЕНИЕ ""ЦЕНТР ГОСУДАРСТВЕННЫХ ЗАКУПОК АЛТАЙСКОГО КРАЯ""";18.02.2026;26.02.2026;Закупка завершена;;;26.02.2026;
44-ФЗ;№0134200000126000237;Открытый конкурс в электронной форме;Услуги по организации отдыха детей и их оздоровления;;'262380817098638080100100350118541323;;;21668220.00;RUB;0;;;;;;МИНИСТЕРСТВО СОЦИАЛЬНОГО РАЗВИТИЯ, ОПЕКИ И ПОПЕЧИТЕЛЬСТВА ИРКУТСКОЙ ОБЛАСТИ;МИНИСТЕРСТВО ПО РЕГУЛИРОВАНИЮ КОНТРАКТНОЙ СИСТЕМЫ В СФЕРЕ ЗАКУПОК ИРКУТСКОЙ ОБЛАСТИ;06.02.2026;26.02.2026;Закупка завершена;;;26.02.2026;
44-ФЗ;№0134200000126000392;Электронный аукцион;Поставка лекарственного препарата для медицинского применения АЛЛЕРГЕН ТУБЕРКУЛЕЗНЫЙ РЕКОМБИНАНТНЫЙ В СТАНДАРТНОМ РАЗВЕДЕНИИ;;'262380817232738080100100890062120244;;;30063000.00;RUB;0;;;;;;МИНИСТЕРСТВО ЗДРАВООХРАНЕНИЯ ИРКУТСКОЙ ОБЛАСТИ;МИНИСТЕРСТВО ПО РЕГУЛИРОВАНИЮ КОНТРАКТНОЙ СИСТЕМЫ В СФЕРЕ ЗАКУПОК ИРКУТСКОЙ ОБЛАСТИ;16.02.2026;26.02.2026;Закупка завершена;;;26.02.2026;
44-ФЗ;№0167200003426001005;Электронный аукцион;Поставка лекарственных препаратов для медицинского применения МНН ИНСУЛИН ГЛУЛИЗИН;;'262720216180772030100100040952120323;;;12940200.00;RUB;0;;;;;;ДЕПАРТАМЕНТ ЗДРАВООХРАНЕНИЯ ТЮМЕНСКОЙ ОБЛАСТИ;УПРАВЛЕНИЕ ГОСУДАРСТВЕННЫХ ЗАКУПОК ТЮМЕНСКОЙ ОБЛАСТИ;18.02.2026;26.02.2026;Закупка завершена;;;26.02.2026;
44-ФЗ;№0319100031926000003;Электронный аукцион;Оказание комплексных клининговых услуг по уборке внутренних помещений и прилегающей территории спортивных объектов СибГУ им. М.Ф. Решетнева;;'261246200332024620100100060028121244;;;5002214.47;RUB;0;;;;;;"ФЕДЕРАЛЬНОЕ ГОСУДАРСТВЕННОЕ БЮДЖЕТНОЕ ОБРАЗОВАТЕЛЬНОЕ УЧРЕЖДЕНИЕ ВЫСШЕГО ОБРАЗОВАНИЯ ""СИБИРСКИЙ ГОСУДАРСТВЕННЫЙ УНИВЕРСИТЕТ НАУКИ И ТЕХНОЛОГИЙ ИМЕНИ АКАДЕМИКА М.Ф. РЕШЕТНЕВА""";"ФЕДЕРАЛЬНОЕ ГОСУДАРСТВЕННОЕ БЮДЖЕТНОЕ ОБРАЗОВАТЕЛЬНОЕ УЧРЕЖДЕНИЕ ВЫСШЕГО ОБРАЗОВАНИЯ ""СИБИРСКИЙ ГОСУДАРСТВЕННЫЙ УНИВЕРСИТЕТ НАУКИ И ТЕХНОЛОГИЙ ИМЕНИ АКАДЕМИКА М.Ф. РЕШЕТНЕВА""";02.02.2026;26.02.2026;Закупка завершена;;;10.02.2026;
44-ФЗ;№0869200000226000976;Электронный аукцион;Выполнение работ, связанных с осуществлением регулярных перевозок пассажиров и багажа по регулируемым тарифам;;'262745145069374510100100030474931244;;;11171029.80;RUB;0;;;;;;"ОБЛАСТНОЕ ГОСУДАРСТВЕННОЕ КАЗЕННОЕ УЧРЕЖДЕНИЕ ""ОРГАНИЗАТОР ПЕРЕВОЗОК ЧЕЛЯБИНСКОЙ ОБЛАСТИ""";"ГОСУДАРСТВЕННОЕ КАЗЕННОЕ УЧРЕЖДЕНИЕ ""ЦЕНТР ОРГАНИЗАЦИИ ЗАКУПОК ЧЕЛЯБИНСКОЙ ОБЛАСТИ""";18.02.2026;26.02.2026;Закупка завершена;;;26.02.2026;
44-ФЗ;№0169600028026000022;Электронный аукцион;Благоустройство общественной территории по адресу: Челябинская область, Сосновский район, д. Касарги, ул. Школьная;;'263746007303274600100100340014299244;;;8379864.07;RUB;0;;;;;;АДМИНИСТРАЦИЯ СОСНОВСКОГО МУНИЦИПАЛЬНОГО ОКРУГА ЧЕЛЯБИНСКОЙ ОБЛАСТИ;АДМИНИСТРАЦИЯ СОСНОВСКОГО МУНИЦИПАЛЬНОГО ОКРУГА ЧЕЛЯБИНСКОЙ ОБЛАСТИ;17.02.2026;26.02.2026;Закупка завершена;;;25.02.2026;
44-ФЗ;№0802600001926000006;Электронный аукцион;"Выполнение работ по благоустройству дворовой территории по адресу: Муйский муниципальный округ, пгт. Таксимо ул. Октябрьская 12, в рамках реализации программы ""Благоустройство дальневосточных дворов""";;'263031331695803130100100700014299244;;;8434343.00;RUB;0;;;;;;"МУНИЦИПАЛЬНОЕ КАЗЕННОЕ УЧРЕЖДЕНИЕ ""УПРАВЛЕНИЕ ПО РАЗВИТИЮ ИНФРАСТРУКТУРЫ""";"МУНИЦИПАЛЬНОЕ КАЗЕННОЕ УЧРЕЖДЕНИЕ ""УПРАВЛЕНИЕ ПО РАЗВИТИЮ ИНФРАСТРУКТУРЫ""";17.02.2026;26.02.2026;Закупка завершена;;;26.02.2026;
44-ФЗ;№0134300021626000006;Запрос котировок в электронной форме;Оборудование трибунами стадиона спорткомплекса МБУ ДО ДЮСШ, г. Тулун, мкр. Угольщиков, 42Б;;'263381600199938160100101250013230244;;;5660000.00;RUB;0;;;;;;"МУНИЦИПАЛЬНОЕ УЧРЕЖДЕНИЕ ""АДМИНИСТРАЦИЯ ГОРОДСКОГО ОКРУГА МУНИЦИПАЛЬНОГО ОБРАЗОВАНИЯ - ""ГОРОД ТУЛУН""";"МУНИЦИПАЛЬНОЕ УЧРЕЖДЕНИЕ ""АДМИНИСТРАЦИЯ ГОРОДСКОГО ОКРУГА МУНИЦИПАЛЬНОГО ОБРАЗОВАНИЯ - ""ГОРОД ТУЛУН""";16.02.2026;26.02.2026;Закупка завершена;;;24.02.2026;
44-ФЗ;№0813500000126001958;Запрос котировок в электронной форме;зз-0019-04937 - 2026 Поставка лекарственного(-ых) препарата(-ов) для медицинского применения ВАКЦИНА ДЛЯ ПРОФИЛАКТИКИ ПНЕВМОКОККОВЫХ ИНФЕКЦИЙ в рамках реализации мероприятий по профилактике инфекционных заболеваний в Удмуртской Республике;;'262183104497918410100100350032120244;;;53511300.00;RUB;0;;;;;;МИНИСТЕРСТВО ЗДРАВООХРАНЕНИЯ УДМУРТСКОЙ РЕСПУБЛИКИ;"ГОСУДАРСТВЕННОЕ КАЗЕННОЕ УЧРЕЖДЕНИЕ УДМУРТСКОЙ РЕСПУБЛИКИ ""РЕГИОНАЛЬНЫЙ ЦЕНТР ЗАКУПОК УДМУРТСКОЙ РЕСПУБЛИКИ""";17.02.2026;26.02.2026;Закупка завершена;;;26.02.2026;
44-ФЗ;№0869200000226000956;Запрос котировок в электронной форме;На поставку лекарственного препарата для медицинского применения – РАВУЛИЗУМАБ для обеспечения лекарственными препаратами и специализированными продуктами лечебного питания граждан, страдающих жизнеугрожающими и хроническими прогрессирующими редкими (орфанными) заболеваниями, приводящими к сокращению продолжительности жизни граждан или их инвалидности;;'262745313582774530100100250240000323;;;16708574.85;RUB;0;;;;;;МИНИСТЕРСТВО ЗДРАВООХРАНЕНИЯ ЧЕЛЯБИНСКОЙ ОБЛАСТИ;"ГОСУДАРСТВЕННОЕ КАЗЕННОЕ УЧРЕЖДЕНИЕ ""ЦЕНТР ОРГАНИЗАЦИИ ЗАКУПОК ЧЕЛЯБИНСКОЙ ОБЛАСТИ""";18.02.2026;26.02.2026;Закупка завершена;;;26.02.2026;
44-ФЗ;№0169600014126000006;Электронный аукцион;Ремонт автодороги по ул.Центральная в с.Новобурино Кунашакского муниципального округа Челябинской области;;'263743802882074600100100120014211244;;;19000000.00;RUB;0;;;;;;УПРАВЛЕНИЕ ПО ЖИЛИЩНО - КОММУНАЛЬНОМУ ХОЗЯЙСТВУ, СТРОИТЕЛЬСТВУ И ЭНЕРГООБЕСПЕЧЕНИЮ АДМИНИСТРАЦИИ КУНАШАКСКОГО МУНИЦИПАЛЬНОГО ОКРУГА ЧЕЛЯБИНСКОЙ ОБЛАСТИ;УПРАВЛЕНИЕ ПО ЖИЛИЩНО - КОММУНАЛЬНОМУ ХОЗЯЙСТВУ, СТРОИТЕЛЬСТВУ И ЭНЕРГООБЕСПЕЧЕНИЮ АДМИНИСТРАЦИИ КУНАШАКСКОГО МУНИЦИПАЛЬНОГО ОКРУГА ЧЕЛЯБИНСКОЙ ОБЛАСТИ;02.02.2026;26.02.2026;Определение поставщика отменено;;;10.02.2026;
44-ФЗ;№0169600014126000007;Электронный аукцион;Ремонт автодороги по ул.Кирова в с.Большой Куяш Кунашакского муниципального округа Челябинской области;;'263743802882074600100100130014211244;;;8008593.50;RUB;0;;;;;;УПРАВЛЕНИЕ ПО ЖИЛИЩНО - КОММУНАЛЬНОМУ ХОЗЯЙСТВУ, СТРОИТЕЛЬСТВУ И ЭНЕРГООБЕСПЕЧЕНИЮ АДМИНИСТРАЦИИ КУНАШАКСКОГО МУНИЦИПАЛЬНОГО ОКРУГА ЧЕЛЯБИНСКОЙ ОБЛАСТИ;УПРАВЛЕНИЕ ПО ЖИЛИЩНО - КОММУНАЛЬНОМУ ХОЗЯЙСТВУ, СТРОИТЕЛЬСТВУ И ЭНЕРГООБЕСПЕЧЕНИЮ АДМИНИСТРАЦИИ КУНАШАКСКОГО МУНИЦИПАЛЬНОГО ОКРУГА ЧЕЛЯБИНСКОЙ ОБЛАСТИ;02.02.2026;26.02.2026;Определение поставщика отменено;;;10.02.2026;
44-ФЗ;№0362300178026000020;Электронный аукцион;Работы, связанные с осуществлением регулярных перевозок пассажиров и багажа автомобильным транспортом по регулируемым тарифам (СНП, сады);;'263662902196966820100100030014931244;;;11691064.88;RUB;0;;;;;;"МУНИЦИПАЛЬНОЕ КАЗЕННОЕ УЧРЕЖДЕНИЕ ""УПРАВЛЕНИЕ ГОРОДСКОГО ХОЗЯЙСТВА"" НОВОУРАЛЬСКОГО ГОРОДСКОГО ОКРУГА";"МУНИЦИПАЛЬНОЕ КАЗЕННОЕ УЧРЕЖДЕНИЕ ""УПРАВЛЕНИЕ ГОРОДСКОГО ХОЗЯЙСТВА"" НОВОУРАЛЬСКОГО ГОРОДСКОГО ОКРУГА";17.02.2026;26.02.2026;Закупка завершена;;;25.02.2026;
44-ФЗ;№0813500000126001965;Запрос котировок в электронной форме;зз-0019-04683 - 2026 Поставка лекарственного(-ых) препарата(-ов) для медицинского применения ВАКЦИНА ДЛЯ ПРОФИЛАКТИКИ БЕШЕНСТВА в рамках реализации мероприятий по профилактике инфекционных заболеваний в Удмуртской Республике;;'262183104497918410100100350012120244;;;9320000.00;RUB;0;;;;;;МИНИСТЕРСТВО ЗДРАВООХРАНЕНИЯ УДМУРТСКОЙ РЕСПУБЛИКИ;"ГОСУДАРСТВЕННОЕ КАЗЕННОЕ УЧРЕЖДЕНИЕ УДМУРТСКОЙ РЕСПУБЛИКИ ""РЕГИОНАЛЬНЫЙ ЦЕНТР ЗАКУПОК УДМУРТСКОЙ РЕСПУБЛИКИ""";17.02.2026;26.02.2026;Закупка завершена;;;26.02.2026;
44-ФЗ;№0820500000826000519;Электронный аукцион;Лекарственный препарат: БУСЕРЕЛИН;;'262254001845425400100100080310000244;;;46624500.00;RUB;0;;;;;;МИНИСТЕРСТВО ЗДРАВООХРАНЕНИЯ ПРИМОРСКОГО КРАЯ;"КРАЕВОЕ ГОСУДАРСТВЕННОЕ КАЗЕННОЕ УЧРЕЖДЕНИЕ ""ЦЕНТР ГОСУДАРСТВЕННЫХ ЗАКУПОК ПРИМОРСКОГО КРАЯ""";16.02.2026;26.02.2026;Закупка завершена;;;26.02.2026;
44-ФЗ;№0869300001626000014;Электронный аукцион;Восстановление оснований и покрытий из песчано-щебеночной смеси на автомобильной дороге по ул. Звездная в с. Миасское Красноармейского округа Челябинской области ;;'263743001376674300100100020030000244;;;11792462.22;RUB;0;;;;;;УПРАВЛЕНИЕ СТРОИТЕЛЬСТВА И ИНЖЕНЕРНОЙ ИНФРАСТРУКТУРЫ АДМИНИСТРАЦИИ КРАСНОАРМЕЙСКОГО МУНИЦИПАЛЬНОГО ОКРУГА;УПРАВЛЕНИЕ СТРОИТЕЛЬСТВА И ИНЖЕНЕРНОЙ ИНФРАСТРУКТУРЫ АДМИНИСТРАЦИИ КРАСНОАРМЕЙСКОГО МУНИЦИПАЛЬНОГО ОКРУГА;16.02.2026;26.02.2026;Закупка завершена;;;24.02.2026;
44-ФЗ;№0820500000826000457;Электронный аукцион;"Лекарственный препарат: ДАКЛАТАСВИР для обеспечения в амбулаторных условиях противовирусными лекарственными препаратами лиц, находящихся под диспансерным наблюдением, с диагнозом ""хронический вирусный гепатит С""";;'262254001845425400100100240022120244;;;19790760.00;RUB;0;;;;;;МИНИСТЕРСТВО ЗДРАВООХРАНЕНИЯ ПРИМОРСКОГО КРАЯ;"КРАЕВОЕ ГОСУДАРСТВЕННОЕ КАЗЕННОЕ УЧРЕЖДЕНИЕ ""ЦЕНТР ГОСУДАРСТВЕННЫХ ЗАКУПОК ПРИМОРСКОГО КРАЯ""";13.02.2026;26.02.2026;Закупка завершена;;;25.02.2026;
44-ФЗ;№0820500000826000359;Электронный аукцион;Лекарственный препарат: АДАЛИМУМАБ в пользу граждан в целях их социального обеспечения;;'262254001845425400100100150020000323;;;6491468.00;RUB;0;;;;;;МИНИСТЕРСТВО ЗДРАВООХРАНЕНИЯ ПРИМОРСКОГО КРАЯ;"КРАЕВОЕ ГОСУДАРСТВЕННОЕ КАЗЕННОЕ УЧРЕЖДЕНИЕ ""ЦЕНТР ГОСУДАРСТВЕННЫХ ЗАКУПОК ПРИМОРСКОГО КРАЯ""";11.02.2026;26.02.2026;Закупка завершена;;;25.02.2026;
44-ФЗ;№0365100014826000034;Электронный аукцион;Работы строительные, монтажные, по текущему ремонту и обслуживанию зданий, помещений, оборудования: проведение ежедневной комплексной уборки и мытья окон помещений (Московский тракт 6/1, Московский тракт 6/2, Московский тракт 6/1 (паспортный стол), Московский тракт 6/1 (молодежный центр));;'261701801361370170100100090010000244;;;8385489.28;RUB;0;;;;;;"ФЕДЕРАЛЬНОЕ ГОСУДАРСТВЕННОЕ БЮДЖЕТНОЕ ОБРАЗОВАТЕЛЬНОЕ УЧРЕЖДЕНИЕ ВЫСШЕГО ОБРАЗОВАНИЯ ""СИБИРСКИЙ ГОСУДАРСТВЕННЫЙ МЕДИЦИНСКИЙ УНИВЕРСИТЕТ"" МИНИСТЕРСТВА ЗДРАВООХРАНЕНИЯ РОССИЙСКОЙ ФЕДЕРАЦИИ";"ФЕДЕРАЛЬНОЕ ГОСУДАРСТВЕННОЕ БЮДЖЕТНОЕ ОБРАЗОВАТЕЛЬНОЕ УЧРЕЖДЕНИЕ ВЫСШЕГО ОБРАЗОВАНИЯ ""СИБИРСКИЙ ГОСУДАРСТВЕННЫЙ МЕДИЦИНСКИЙ УНИВЕРСИТЕТ"" МИНИСТЕРСТВА ЗДРАВООХРАНЕНИЯ РОССИЙСКОЙ ФЕДЕРАЦИИ";16.02.2026;26.02.2026;Закупка завершена;;;25.02.2026;
44-ФЗ;№0380200000126000779;Электронный аукцион;Услуги по предоставлению кредита;;'262190101994719010100100050016419720;;;204859766.39;RUB;0;;;;;;МИНИСТЕРСТВО ФИНАНСОВ РЕСПУБЛИКИ ХАКАСИЯ;ГОСУДАРСТВЕННЫЙ КОМИТЕТ ПО РЕГУЛИРОВАНИЮ КОНТРАКТНОЙ СИСТЕМЫ В СФЕРЕ ЗАКУПОК РЕСПУБЛИКИ ХАКАСИЯ;18.02.2026;26.02.2026;Закупка завершена;;;26.02.2026;
44-ФЗ;№0820600001326000003;Электронный аукцион;Выполнение работ по благоустройству аллеи в районе ул. Ивановская, 3-19 в г. Владивостоке;;'263254313958425430100100090014299244;;;51758417.75;RUB;0;;;;;;"МУНИЦИПАЛЬНОЕ КАЗЕННОЕ УЧРЕЖДЕНИЕ ""ЗЕЛЕНЫЙ ВЛАДИВОСТОК""";"МУНИЦИПАЛЬНОЕ КАЗЕННОЕ УЧРЕЖДЕНИЕ ""ЗЕЛЕНЫЙ ВЛАДИВОСТОК""";13.02.2026;26.02.2026;Закупка завершена;;;24.02.2026;
44-ФЗ;№0190200000326001110;Электронный аукцион;Оказание услуг по фиксации и маркировке животных в период проведения противоэпизоотических мероприятий;;'262890102228389010100100590017500244;;;10057054.50;RUB;0;;;;;;"ГОСУДАРСТВЕННОЕ БЮДЖЕТНОЕ УЧРЕЖДЕНИЕ ""ОКРУЖНОЙ ЦЕНТР ВЕТЕРИНАРИИ""";ДЕПАРТАМЕНТ ГОСУДАРСТВЕННОГО ЗАКАЗА ЯМАЛО-НЕНЕЦКОГО АВТОНОМНОГО ОКРУГА;16.02.2026;26.02.2026;Закупка завершена;;;24.02.2026;
44-ФЗ;№0320300143926000002;Электронный аукцион;Оказание услуг по обязательному страхованию авто гражданской ответственности (ОСАГО) (вн. код 82);;'263253623856025430100100150016512244;;;6574724.87;RUB;0;;;;;;"МУНИЦИПАЛЬНОЕ БЮДЖЕТНОЕ УЧРЕЖДЕНИЕ ""СОДЕРЖАНИЕ ГОРОДСКИХ ТЕРРИТОРИЙ""";"МУНИЦИПАЛЬНОЕ БЮДЖЕТНОЕ УЧРЕЖДЕНИЕ ""СОДЕРЖАНИЕ ГОРОДСКИХ ТЕРРИТОРИЙ""";17.02.2026;26.02.2026;Закупка завершена;;;25.02.2026;
44-ФЗ;№0120600008026000013;Электронный аукцион на проведение работ по строительству, реконструкции, кап. ремонту, сносу объекта кап. строительства в соответствии с п. 8 ч. 1 ст. 33 Закона № 44-ФЗ;Капитальный ремонт здания дома культуры, расположенного по адресу: Приморский край, с. Голубовка, ул. Партизанская, д. 8а;;'263252413770425240100100090014120243;;;5373420.00;RUB;0;;;;;;"МУНИЦИПАЛЬНОЕ КАЗЕННОЕ УЧРЕЖДЕНИЕ ""ДВОРЕЦ КУЛЬТУРЫ"" ПАРТИЗАНСКОГО МУНИЦИПАЛЬНОГО ОКРУГА ПРИМОРСКОГО КРАЯ";АДМИНИСТРАЦИЯ ПАРТИЗАНСКОГО МУНИЦИПАЛЬНОГО ОКРУГА ПРИМОРСКОГО КРАЯ;16.02.2026;26.02.2026;Закупка завершена;;;25.02.2026;
44-ФЗ;№0869300001626000011;Электронный аукцион;Обустройство территории под размещение картодрома и лыжероллерной трассы в селе Миасское на земельном участке с кадастровым номером  № 74:12:1301001:52;;'263743001376674300100100140014299244;;;15354668.80;RUB;0;;;;;;УПРАВЛЕНИЕ СТРОИТЕЛЬСТВА И ИНЖЕНЕРНОЙ ИНФРАСТРУКТУРЫ АДМИНИСТРАЦИИ КРАСНОАРМЕЙСКОГО МУНИЦИПАЛЬНОГО ОКРУГА;УПРАВЛЕНИЕ СТРОИТЕЛЬСТВА И ИНЖЕНЕРНОЙ ИНФРАСТРУКТУРЫ АДМИНИСТРАЦИИ КРАСНОАРМЕЙСКОГО МУНИЦИПАЛЬНОГО ОКРУГА;13.02.2026;26.02.2026;Закупка завершена;;;24.02.2026;
44-ФЗ;№0361200015026000566;Электронный аукцион;Оказание телекоммуникационных услуг по передаче видеоизображений и аудиоданных с видеокамер терминалов связи с экстренными оперативными службами в центр обработки и хранения данных и передаче аудиоинформации с терминалов связи с экстренными оперативными службами в центр обработки вызовов системы обеспечения, вызовов экстренных оперативных служб по единому номеру «112» Сахалинской области;;'262650115633865010100100070016190244;;;9938128.00;RUB;0;;;;;;"ОБЛАСТНОЕ КАЗЕННОЕ УЧРЕЖДЕНИЕ ""УПРАВЛЕНИЕ ОБЕСПЕЧЕНИЯ МЕРОПРИЯТИЙ В ОБЛАСТИ ГРАЖДАНСКОЙ ОБОРОНЫ, ЗАЩИТЫ ОТ ЧРЕЗВЫЧАЙНЫХ СИТУАЦИЙ И ПОЖАРНОЙ БЕЗОПАСНОСТИ САХАЛИНСКОЙ ОБЛАСТИ""";"ГОСУДАРСТВЕННОЕ КАЗЕННОЕ УЧРЕЖДЕНИЕ ""ЦЕНТР ГОСУДАРСТВЕННЫХ ЗАКУПОК САХАЛИНСКОЙ ОБЛАСТИ""";18.02.2026;26.02.2026;Закупка завершена;;;26.02.2026;
44-ФЗ;№0134200000126000393;Электронный аукцион;Поставка лекарственного препарата для медицинского применения ВАКЦИНА ДЛЯ ПРОФИЛАКТИКИ ВЕТРЯНОЙ ОСПЫ;;'262380817232738080100100890072120244;;;7629930.00;RUB;0;;;;;;МИНИСТЕРСТВО ЗДРАВООХРАНЕНИЯ ИРКУТСКОЙ ОБЛАСТИ;МИНИСТЕРСТВО ПО РЕГУЛИРОВАНИЮ КОНТРАКТНОЙ СИСТЕМЫ В СФЕРЕ ЗАКУПОК ИРКУТСКОЙ ОБЛАСТИ;16.02.2026;26.02.2026;Закупка завершена;;;26.02.2026;
44-ФЗ;№0820200000526000011;Запрос котировок в электронной форме;Оказание услуг по организации отдыха и оздоровления детей, находящихся в трудной жизненной ситуации, в целях их социального обеспечения, в профильной смене загородного стационарного оздоровительного лагеря (закупка № 8);;'262253710846825360100100060088541323;;;5375644.12;RUB;0;;;;;;"КРАЕВОЕ ГОСУДАРСТВЕННОЕ КАЗЕННОЕ УЧРЕЖДЕНИЕ ""ЦЕНТР СОЦИАЛЬНОЙ ПОДДЕРЖКИ НАСЕЛЕНИЯ ПРИМОРСКОГО КРАЯ""";"КРАЕВОЕ ГОСУДАРСТВЕННОЕ КАЗЕННОЕ УЧРЕЖДЕНИЕ ""ЦЕНТР СОЦИАЛЬНОЙ ПОДДЕРЖКИ НАСЕЛЕНИЯ ПРИМОРСКОГО КРАЯ""";16.02.2026;26.02.2026;Закупка завершена;;;25.02.2026;
44-ФЗ;№0151200006026000005;Электронный аукцион на проведение работ по строительству, реконструкции, кап. ремонту, сносу объекта кап. строительства в соответствии с п. 8 ч. 1 ст. 33 Закона № 44-ФЗ;Выполнение работ по строительству объекта: «Многоквартирный жилой дом для обеспечения жилыми помещениями  детей-сирот и детей, оставшихся без попечения родителей, лиц из числа детей-сирот и детей, оставшихся без попечения родителей» по адресу: Новосибирская область, Убинский муниципальный округ, село Убинское»;;'263540209018754020100100020024120414;;;47870200.00;RUB;0;;;;;;АДМИНИСТРАЦИЯ УБИНСКОГО МУНИЦИПАЛЬНОГО ОКРУГА НОВОСИБИРСКОЙ ОБЛАСТИ;МИНИСТЕРСТВО СТРОИТЕЛЬСТВА НОВОСИБИРСКОЙ ОБЛАСТИ;18.02.2026;26.02.2026;Закупка завершена;;;26.02.2026;
44-ФЗ;№0123300001926000009;Открытый конкурс в электронной форме;"Выполнение проектно-изыскательских работ по объекту: ""Строительство автомобильных дорог общего пользования в мкр. Транспортный (77 квартал) города Белогорск Амурской области""";;'263280401353228040100100240017112244;;;16012573.14;RUB;0;;;;;;"МУНИЦИПАЛЬНОЕ КАЗЕННОЕ УЧРЕЖДЕНИЕ ""УПРАВЛЕНИЕ ЖИЛИЩНО-КОММУНАЛЬНОГО ХОЗЯЙСТВА АДМИНИСТРАЦИИ ГОРОДА БЕЛОГОРСК""";АДМИНИСТРАЦИЯ ГОРОДА БЕЛОГОРСК;27.01.2026;26.02.2026;Закупка завершена;;;12.02.2026;
44-ФЗ;№0123200000326000192;Электронный аукцион;"Поставка лекарственного препарата для медицинского применения ""ИПРАГЛИФЛОЗИН"" в рамках государственной программы «Развитие здравоохранения Амурской области» мероприятия «Обеспечение больных сахарным диабетом современными лекарственными препаратами, высококачественными инсулинами, сахароснижающими препаратами и средствами самоконтроля»";;'262280112372028010100101780012120244;;;21075750.00;RUB;0;;;;;;МИНИСТЕРСТВО ЗДРАВООХРАНЕНИЯ АМУРСКОЙ ОБЛАСТИ;УПРАВЛЕНИЕ ГОСУДАРСТВЕННОГО ЗАКАЗА АМУРСКОЙ ОБЛАСТИ;16.02.2026;26.02.2026;Закупка завершена;;;25.02.2026;
44-ФЗ;№0122200002526000317;Электронный аукцион;Поставка лекарственного препарата для медицинского применения Софосбувир;;'262272601107727030100100320012120244;;;7315000.00;RUB;0;;;;;;"КРАЕВОЕ ГОСУДАРСТВЕННОЕ БЮДЖЕТНОЕ УЧРЕЖДЕНИЕ ЗДРАВООХРАНЕНИЯ ""ГОРОДСКАЯ БОЛЬНИЦА"" ИМЕНИ М.И. ШЕВЧУК МИНИСТЕРСТВА ЗДРАВООХРАНЕНИЯ ХАБАРОВСКОГО КРАЯ";КОМИТЕТ ГОСУДАРСТВЕННОГО ЗАКАЗА ПРАВИТЕЛЬСТВА ХАБАРОВСКОГО КРАЯ;13.02.2026;26.02.2026;Закупка завершена;;;25.02.2026;
44-ФЗ;№0851300006226000017;Запрос котировок в электронной форме;Выполнение работ по содержанию автомобильных дорог (погрузка и вывоз снега);;'263540137523954010100100020030000244;;;6743100.00;RUB;0;;;;;;"МУНИЦИПАЛЬНОЕ КАЗЕННОЕ УЧРЕЖДЕНИЕ ГОРОДА НОВОСИБИРСКА ""ДЗЕРЖИНКА""";"МУНИЦИПАЛЬНОЕ КАЗЕННОЕ УЧРЕЖДЕНИЕ ГОРОДА НОВОСИБИРСКА ""ДЗЕРЖИНКА""";18.02.2026;26.02.2026;Закупка завершена;;;26.02.2026;
44-ФЗ;№0322100013826000005;Электронный аукцион;Молоко питьевое ( в целях выполнения государственного оборонного заказа);;'261272203130827220100100000111051223;;;24161401.53;RUB;0;;;;;;"ФЕДЕРАЛЬНОЕ КАЗЕННОЕ УЧРЕЖДЕНИЕ ""БАЗА МАТЕРИАЛЬНО-ТЕХНИЧЕСКОГО И ВОЕННОГО СНАБЖЕНИЯ УПРАВЛЕНИЯ ФЕДЕРАЛЬНОЙ СЛУЖБЫ ИСПОЛНЕНИЯ НАКАЗАНИЙ ПО ХАБАРОВСКОМУ КРАЮ""";"ФЕДЕРАЛЬНОЕ КАЗЕННОЕ УЧРЕЖДЕНИЕ ""БАЗА МАТЕРИАЛЬНО-ТЕХНИЧЕСКОГО И ВОЕННОГО СНАБЖЕНИЯ УПРАВЛЕНИЯ ФЕДЕРАЛЬНОЙ СЛУЖБЫ ИСПОЛНЕНИЯ НАКАЗАНИЙ ПО ХАБАРОВСКОМУ КРАЮ""";16.02.2026;26.02.2026;Закупка завершена;;;25.02.2026;
44-ФЗ;№0820500000826000461;Электронный аукцион;Техническое обслуживание медицинского оборудования;;'262253601068525360100100340013313244;;;5160980.00;RUB;0;;;;;;"КРАЕВОЕ ГОСУДАРСТВЕННОЕ  БЮДЖЕТНОЕ УЧРЕЖДЕНИЕ ЗДРАВООХРАНЕНИЯ ""ВЛАДИВОСТОКСКАЯ КЛИНИЧЕСКАЯ БОЛЬНИЦА № 4 """;"КРАЕВОЕ ГОСУДАРСТВЕННОЕ КАЗЕННОЕ УЧРЕЖДЕНИЕ ""ЦЕНТР ГОСУДАРСТВЕННЫХ ЗАКУПОК ПРИМОРСКОГО КРАЯ""";13.02.2026;26.02.2026;Закупка завершена;;;26.02.2026;
44-ФЗ;№0180300000226000035;Электронный аукцион на проведение работ по строительству, реконструкции, кап. ремонту, сносу объекта кап. строительства в соответствии с п. 8 ч. 1 ст. 33 Закона № 44-ФЗ;Выполнение работ по наружному электроосвещению в рамках капитального ремонта  ул. Саянская (ул. Декабристов - ул. Рублева);;'263190103485719010100100360014211243;;;8634801.89;RUB;0;;;;;;"МУНИЦИПАЛЬНОЕ КАЗЕННОЕ УЧРЕЖДЕНИЕ ГОРОДА АБАКАНА ""АРХИТЕКТУРА И ГРАДОСТРОИТЕЛЬСТВО""";КОМИТЕТ МУНИЦИПАЛЬНОЙ ЭКОНОМИКИ АДМИНИСТРАЦИИ ГОРОДА АБАКАНА;12.02.2026;26.02.2026;Закупка завершена;;;24.02.2026;
44-ФЗ;№0180300000226000043;Электронный аукцион;Оказание услуг по содержанию и обслуживанию муниципальных кладбищ города Абакана;;'263190104486219010100100070019603244;;;12600000.00;RUB;0;;;;;;"""УПРАВЛЕНИЕ КОММУНАЛЬНОГО ХОЗЯЙСТВА И ТРАНСПОРТА АДМИНИСТРАЦИИ ГОРОДА АБАКАНА""";КОМИТЕТ МУНИЦИПАЛЬНОЙ ЭКОНОМИКИ АДМИНИСТРАЦИИ ГОРОДА АБАКАНА;16.02.2026;26.02.2026;Закупка завершена;;;24.02.2026;
44-ФЗ;№0180300000226000038;Электронный аукцион;"Выполнение работ по устройству тротуара в рамках благоустройства объекта: ""Парк Победы""";;'263190103485719010100100350014399244;;;7570432.77;RUB;0;;;;;;"МУНИЦИПАЛЬНОЕ КАЗЕННОЕ УЧРЕЖДЕНИЕ ГОРОДА АБАКАНА ""АРХИТЕКТУРА И ГРАДОСТРОИТЕЛЬСТВО""";КОМИТЕТ МУНИЦИПАЛЬНОЙ ЭКОНОМИКИ АДМИНИСТРАЦИИ ГОРОДА АБАКАНА;13.02.2026;26.02.2026;Закупка завершена;;;24.02.2026;
44-ФЗ;№0162200011826000291;Электронный аукцион;Поставка иммунобиологического лекарственного препарата для медицинского применения;;'262666001041566710100100010070000244;;;37284000.00;RUB;0;;;;;;МИНИСТЕРСТВО ЗДРАВООХРАНЕНИЯ СВЕРДЛОВСКОЙ ОБЛАСТИ;ДЕПАРТАМЕНТ ГОСУДАРСТВЕННЫХ ЗАКУПОК СВЕРДЛОВСКОЙ ОБЛАСТИ;18.02.2026;26.02.2026;Закупка завершена;;;26.02.2026;
44-ФЗ;№0817200000326001309;Электронный аукцион;Поставка жилых помещений в административных границах г. Барнаула в государственную собственность  Алтайского края в целях обеспечения жилыми помещениями детей-сирот и детей, оставшихся без попечения родителей, лиц из числа детей-сирот и детей, оставшихся без попечения родителей;;'262222122882522210100100140016810412;;;5071593.60;RUB;0;;;;;;"КРАЕВОЕ ГОСУДАРСТВЕННОЕ КАЗЕННОЕ УЧРЕЖДЕНИЕ ""РЕГИОНАЛЬНОЕ ЖИЛИЩНОЕ УПРАВЛЕНИЕ""";"КРАЕВОЕ ГОСУДАРСТВЕННОЕ КАЗЕННОЕ УЧРЕЖДЕНИЕ ""ЦЕНТР ГОСУДАРСТВЕННЫХ ЗАКУПОК АЛТАЙСКОГО КРАЯ""";17.02.2026;26.02.2026;Закупка завершена;;;26.02.2026;
44-ФЗ;№0361200015026000513;Электронный аукцион;Поставка бумаги для офисной техники;;262650107054665010100100250011712244, 262650107694065010100100160011712244, 262650114038465010100100100011712244, 263651000545565100100100060011712244, 263651090274465100100100050011712244, 262651300132165130100100120011712244, 262650107349865010100100140011712244, 263650123853465100100100110011712244, 262651300125865130100100380011712244, 262650114127565010100100040011712244;;;5003461.86;RUB;0;;;;;;;"ГОСУДАРСТВЕННОЕ КАЗЕННОЕ УЧРЕЖДЕНИЕ ""ЦЕНТР ГОСУДАРСТВЕННЫХ ЗАКУПОК САХАЛИНСКОЙ ОБЛАСТИ""";16.02.2026;26.02.2026;Закупка завершена;;;25.02.2026;
44-ФЗ;№0361200015026000564;Электронный аукцион;Поставка бумаги для офисной техники;;262650107458065010100100730011712244, 263650125254665100100100190011712244, 262651700061865170100100130011712244, 262650901243365090100100840011712244, 262650123866165010100100020011712244, 262651700176365170100100060011712244, 262650600642465060100100020011712244, 262650102496665010100103160011712244, 263651000559065100100100040011712244, 263651000542365100100100070011712244, 262650129597365010100100170011712244, 262650102632165010100101260011712244, 262650118378065010100100040011712244;;;5102038.31;RUB;0;;;;;;;"ГОСУДАРСТВЕННОЕ КАЗЕННОЕ УЧРЕЖДЕНИЕ ""ЦЕНТР ГОСУДАРСТВЕННЫХ ЗАКУПОК САХАЛИНСКОЙ ОБЛАСТИ""";17.02.2026;26.02.2026;Закупка завершена;;;26.02.2026;
44-ФЗ;№0316100000626000012;Открытый конкурс в электронной форме;"Ликвидация последствий обвалов, осыпей, оползней и селевых потоков на отдельных участках автомобильной дороги Р-504 ""Колыма"" км 826 - км 1143, Республика Саха (Якутия)";;'261143519312714350100100240014211244;;;75618624.00;RUB;0;;;;;;"ФЕДЕРАЛЬНОЕ КАЗЕННОЕ УЧРЕЖДЕНИЕ ""УПРАВЛЕНИЕ АВТОМОБИЛЬНОЙ ДОРОГИ ОБЩЕГО ПОЛЬЗОВАНИЯ ФЕДЕРАЛЬНОГО ЗНАЧЕНИЯ ""ВИЛЮЙ"" ФЕДЕРАЛЬНОГО ДОРОЖНОГО АГЕНТСТВА""";"ФЕДЕРАЛЬНОЕ КАЗЕННОЕ УЧРЕЖДЕНИЕ ""УПРАВЛЕНИЕ АВТОМОБИЛЬНОЙ ДОРОГИ ОБЩЕГО ПОЛЬЗОВАНИЯ ФЕДЕРАЛЬНОГО ЗНАЧЕНИЯ ""ВИЛЮЙ"" ФЕДЕРАЛЬНОГО ДОРОЖНОГО АГЕНТСТВА""";10.02.2026;26.02.2026;Закупка завершена;;;26.02.2026;
44-ФЗ;№0317300301926000100;Электронный аукцион на проведение работ по строительству, реконструкции, кап. ремонту, сносу объекта кап. строительства в соответствии с п. 8 ч. 1 ст. 33 Закона № 44-ФЗ;Выполнение работ по капитальному ремонту многоквартирного дома;;'263222501830722250100100440014399243;;;23855078.96;RUB;0;;;;;;КОМИТЕТ ЖИЛИЩНО-КОММУНАЛЬНОГО ХОЗЯЙСТВА ГОРОДА БАРНАУЛА;КОМИТЕТ МУНИЦИПАЛЬНОГО ЗАКАЗА ГОРОДА БАРНАУЛА;13.02.2026;26.02.2026;Закупка завершена;;;26.02.2026;
44-ФЗ;№0322100013826000004;Электронный аукцион;Говядина замороженная в рамках гоз;;'261272203130827220100100000091011223;;;7657288.80;RUB;0;;;;;;"ФЕДЕРАЛЬНОЕ КАЗЕННОЕ УЧРЕЖДЕНИЕ ""БАЗА МАТЕРИАЛЬНО-ТЕХНИЧЕСКОГО И ВОЕННОГО СНАБЖЕНИЯ УПРАВЛЕНИЯ ФЕДЕРАЛЬНОЙ СЛУЖБЫ ИСПОЛНЕНИЯ НАКАЗАНИЙ ПО ХАБАРОВСКОМУ КРАЮ""";"ФЕДЕРАЛЬНОЕ КАЗЕННОЕ УЧРЕЖДЕНИЕ ""БАЗА МАТЕРИАЛЬНО-ТЕХНИЧЕСКОГО И ВОЕННОГО СНАБЖЕНИЯ УПРАВЛЕНИЯ ФЕДЕРАЛЬНОЙ СЛУЖБЫ ИСПОЛНЕНИЯ НАКАЗАНИЙ ПО ХАБАРОВСКОМУ КРАЮ""";12.02.2026;26.02.2026;Закупка завершена;;;24.02.2026;
44-ФЗ;№0322100012926000008;Электронный аукцион;Выполнение работ по текущему ремонту ауд. № 410 и № 412 в учебном корпусе по ул. Серышева, 47;;'261272401815827240100100460014339244;;;6019079.80;RUB;0;;;;;;"ФЕДЕРАЛЬНОЕ ГОСУДАРСТВЕННОЕ БЮДЖЕТНОЕ ОБРАЗОВАТЕЛЬНОЕ УЧРЕЖДЕНИЕ ВЫСШЕГО ОБРАЗОВАНИЯ ""ДАЛЬНЕВОСТОЧНЫЙ ГОСУДАРСТВЕННЫЙ УНИВЕРСИТЕТ ПУТЕЙ СООБЩЕНИЯ""";"ФЕДЕРАЛЬНОЕ ГОСУДАРСТВЕННОЕ БЮДЖЕТНОЕ ОБРАЗОВАТЕЛЬНОЕ УЧРЕЖДЕНИЕ ВЫСШЕГО ОБРАЗОВАНИЯ ""ДАЛЬНЕВОСТОЧНЫЙ ГОСУДАРСТВЕННЫЙ УНИВЕРСИТЕТ ПУТЕЙ СООБЩЕНИЯ""";16.02.2026;26.02.2026;Закупка завершена;;;24.02.2026;
44-ФЗ;№0302100009026000001;Электронный аукцион;Оказание услуг по проведению поверки, калибровки средств измерений и аттестации испытательного оборудования;;'261032312195803230100100100017112244;;;7186506.93;RUB;0;;;;;;"ФЕДЕРАЛЬНОЕ БЮДЖЕТНОЕ УЧРЕЖДЕНИЕ ЗДРАВООХРАНЕНИЯ ""ЦЕНТР ГИГИЕНЫ И ЭПИДЕМИОЛОГИИ В РЕСПУБЛИКЕ БУРЯТИЯ""";"ФЕДЕРАЛЬНОЕ БЮДЖЕТНОЕ УЧРЕЖДЕНИЕ ЗДРАВООХРАНЕНИЯ ""ЦЕНТР ГИГИЕНЫ И ЭПИДЕМИОЛОГИИ В РЕСПУБЛИКЕ БУРЯТИЯ""";17.02.2026;26.02.2026;Закупка завершена;;;25.02.2026;
44-ФЗ;№0847500000926000233;Электронный аукцион;Оказание услуг по осуществлению строительного контроля на объекте: «Капитальный ремонт моста через р. Большая Купка на км 107+115 автомобильной дороги «Герба-Омсукчан» (1 этап км 107+050 - км 107+609) в Магаданской области»;;'262490911772649090100100110017112243;;;7953147.00;RUB;0;;;;;;"МАГАДАНСКОЕ ОБЛАСТНОЕ ГОСУДАРСТВЕННОЕ КАЗЕННОЕ УЧРЕЖДЕНИЕ ""УПРАВЛЕНИЕ ЭКСПЛУАТАЦИИ И СТРОИТЕЛЬСТВА ДОРОЖНО-ТРАНСПОРТНОГО КОМПЛЕКСА""";"МАГАДАНСКОЕ ОБЛАСТНОЕ ГОСУДАРСТВЕННОЕ КАЗЕННОЕ УЧРЕЖДЕНИЕ ""ЦЕНТР ЗАКУПОК МАГАДАНСКОЙ ОБЛАСТИ""";13.02.2026;26.02.2026;Закупка завершена;;;24.02.2026;
44-ФЗ;№0320100011226000013;Электронный аукцион;Поставка фруктов и зелени свежих;;'261253900998425390100100040040000244;;;5086527.65;RUB;0;;;;;;"ФЕДЕРАЛЬНОЕ ГОСУДАРСТВЕННОЕ БЮДЖЕТНОЕ ОБРАЗОВАТЕЛЬНОЕ УЧРЕЖДЕНИЕ ""ВСЕРОССИЙСКИЙ ДЕТСКИЙ ЦЕНТР ""ОКЕАН""";"ФЕДЕРАЛЬНОЕ ГОСУДАРСТВЕННОЕ БЮДЖЕТНОЕ ОБРАЗОВАТЕЛЬНОЕ УЧРЕЖДЕНИЕ ""ВСЕРОССИЙСКИЙ ДЕТСКИЙ ЦЕНТР ""ОКЕАН""";17.02.2026;26.02.2026;Закупка завершена;;;26.02.2026;
44-ФЗ;№0320200017926000001;Запрос котировок в электронной форме;Ремонт ограждения КГБУСО «Кавалеровский СРЦН «Детство», расположенного по адресу: Приморский край, м.о. Кавалеровский, ул. Братьев Форостян, д. 2, пгт. Кавалерово (в целях капитального ремонта);;'262251500848425150100100050014299243;;;5977940.00;RUB;0;;;;;;"КРАЕВОЕ ГОСУДАРСТВЕННОЕ БЮДЖЕТНОЕ УЧРЕЖДЕНИЕ СОЦИАЛЬНОГО ОБСЛУЖИВАНИЯ ""КАВАЛЕРОВСКИЙ СОЦИАЛЬНО-РЕАБИЛИТАЦИОННЫЙ ЦЕНТР ДЛЯ НЕСОВЕРШЕННОЛЕТНИХ ""ДЕТСТВО""";"КРАЕВОЕ ГОСУДАРСТВЕННОЕ БЮДЖЕТНОЕ УЧРЕЖДЕНИЕ СОЦИАЛЬНОГО ОБСЛУЖИВАНИЯ ""КАВАЛЕРОВСКИЙ СОЦИАЛЬНО-РЕАБИЛИТАЦИОННЫЙ ЦЕНТР ДЛЯ НЕСОВЕРШЕННОЛЕТНИХ ""ДЕТСТВО""";18.02.2026;26.02.2026;Закупка завершена;;;26.02.2026;
44-ФЗ;№0116300000126000006;Открытый конкурс в электронной форме;Выполнение работ по разработке проектно-сметной документации по объекту: «Капитальный ремонт УДС квартала многодетных семей в с. Кильдямцы»;;'263143511283314350100100060010000244;;;10175884.21;RUB;0;;;;;;"МУНИЦИПАЛЬНОЕ КАЗЕННОЕ УЧРЕЖДЕНИЕ ""ГЛАВСТРОЙ"" ГОРОДСКОГО ОКРУГА ""ГОРОД ЯКУТСК""";ОКРУЖНАЯ АДМИНИСТРАЦИЯ ГОРОДА ЯКУТСКА;22.01.2026;26.02.2026;Закупка завершена;;;09.02.2026;
44-ФЗ;№0851200000626000777;Электронный аукцион на проведение работ по строительству, реконструкции, кап. ремонту, сносу объекта кап. строительства в соответствии с п. 8 ч. 1 ст. 33 Закона № 44-ФЗ;"Выполнение работ по объекту: ""Реконструкция самотечного канализационного коллектора, расположенного в г. Черепаново Черепановского района Новосибирской области"" 1 этап";;'263544010249054400100100040014221414;;;111146174.49;RUB;0;;;;;;АДМИНИСТРАЦИЯ ГОРОДА ЧЕРЕПАНОВО ЧЕРЕПАНОВСКОГО РАЙОНА НОВОСИБИРСКОЙ ОБЛАСТИ;"ГОСУДАРСТВЕННОЕ КАЗЕННОЕ УЧРЕЖДЕНИЕ НОВОСИБИРСКОЙ ОБЛАСТИ ""УПРАВЛЕНИЕ КОНТРАКТНОЙ СИСТЕМЫ""";18.02.2026;26.02.2026;Закупка завершена;;;26.02.2026;
44-ФЗ;№0816500000626001825;Электронный аукцион;Оказание авиационных услуг;;'262143518405914350100100020155223244;;;8970944.00;RUB;0;;;;;;"ГОСУДАРСТВЕННОЕ БЮДЖЕТНОЕ УЧРЕЖДЕНИЕ РЕСПУБЛИКИ САХА (ЯКУТИЯ) ""ЯКУТСКАЯ БАЗА АВИАЦИОННОЙ ОХРАНЫ ЛЕСОВ""";"ГОСУДАРСТВЕННОЕ КАЗЕННОЕ УЧРЕЖДЕНИЕ РЕСПУБЛИКИ САХА (ЯКУТИЯ) ""ЦЕНТР ЗАКУПОК РЕСПУБЛИКИ САХА (ЯКУТИЯ)""";17.02.2026;26.02.2026;Закупка завершена;;;26.02.2026;
44-ФЗ;№0816500000626001827;Электронный аукцион;Оказание авиационных услуг;;'262143518405914350100100020075223244;;;13378546.00;RUB;0;;;;;;"ГОСУДАРСТВЕННОЕ БЮДЖЕТНОЕ УЧРЕЖДЕНИЕ РЕСПУБЛИКИ САХА (ЯКУТИЯ) ""ЯКУТСКАЯ БАЗА АВИАЦИОННОЙ ОХРАНЫ ЛЕСОВ""";"ГОСУДАРСТВЕННОЕ КАЗЕННОЕ УЧРЕЖДЕНИЕ РЕСПУБЛИКИ САХА (ЯКУТИЯ) ""ЦЕНТР ЗАКУПОК РЕСПУБЛИКИ САХА (ЯКУТИЯ)""";17.02.2026;26.02.2026;Закупка завершена;;;26.02.2026;
44-ФЗ;№0816500000626001828;Электронный аукцион;Оказание авиационных услуг;;'262143518405914350100100020085223244;;;13378546.00;RUB;0;;;;;;"ГОСУДАРСТВЕННОЕ БЮДЖЕТНОЕ УЧРЕЖДЕНИЕ РЕСПУБЛИКИ САХА (ЯКУТИЯ) ""ЯКУТСКАЯ БАЗА АВИАЦИОННОЙ ОХРАНЫ ЛЕСОВ""";"ГОСУДАРСТВЕННОЕ КАЗЕННОЕ УЧРЕЖДЕНИЕ РЕСПУБЛИКИ САХА (ЯКУТИЯ) ""ЦЕНТР ЗАКУПОК РЕСПУБЛИКИ САХА (ЯКУТИЯ)""";17.02.2026;26.02.2026;Закупка завершена;;;26.02.2026;
44-ФЗ;№0134200000126000322;Запрос котировок в электронной форме;Поставка лекарственного препарата для медицинского применения МАЦИТЕНТАН;;'262380817232738080100100920412120323;;;5239664.64;RUB;0;;;;;;МИНИСТЕРСТВО ЗДРАВООХРАНЕНИЯ ИРКУТСКОЙ ОБЛАСТИ;МИНИСТЕРСТВО ПО РЕГУЛИРОВАНИЮ КОНТРАКТНОЙ СИСТЕМЫ В СФЕРЕ ЗАКУПОК ИРКУТСКОЙ ОБЛАСТИ;11.02.2026;26.02.2026;Закупка завершена;;;26.02.2026;
44-ФЗ;№0816500000626001829;Электронный аукцион;Оказание авиационных услуг;;'262143518405914350100100020065223244;;;15050864.25;RUB;0;;;;;;"ГОСУДАРСТВЕННОЕ БЮДЖЕТНОЕ УЧРЕЖДЕНИЕ РЕСПУБЛИКИ САХА (ЯКУТИЯ) ""ЯКУТСКАЯ БАЗА АВИАЦИОННОЙ ОХРАНЫ ЛЕСОВ""";"ГОСУДАРСТВЕННОЕ КАЗЕННОЕ УЧРЕЖДЕНИЕ РЕСПУБЛИКИ САХА (ЯКУТИЯ) ""ЦЕНТР ЗАКУПОК РЕСПУБЛИКИ САХА (ЯКУТИЯ)""";17.02.2026;26.02.2026;Закупка завершена;;;26.02.2026;
44-ФЗ;№0139300018726000016;Электронный аукцион;Ремонт автомобильной дороги по адресу: Кемеровская область - Кузбасс, г. Тайга, ул. Калинина (от Западного переезда до ул. Савинова);;'263424600107242460100100050014211244;;;93691127.70;RUB;0;;;;;;УПРАВЛЕНИЕ ЖИЛИЩНО-КОММУНАЛЬНОГО И ДОРОЖНОГО ХОЗЯЙСТВА АДМИНИСТРАЦИИ ТАЙГИНСКОГО ГОРОДСКОГО ОКРУГА;АДМИНИСТРАЦИЯ ТАЙГИНСКОГО ГОРОДСКОГО ОКРУГА;17.02.2026;26.02.2026;Закупка завершена;;;25.02.2026;
44-ФЗ;№0320300073226000020;Электронный аукцион;Содержание автомобильных дорог (нанесение дорожной разметки);;'263250203995025020100100040050000244;;;15000000.00;RUB;0;;;;;;"МУНИЦИПАЛЬНОЕ КАЗЕННОЕ УЧРЕЖДЕНИЕ ""УПРАВЛЕНИЕ БЛАГОУСТРОЙСТВА"" ГОРОДА АРТЕМА";"МУНИЦИПАЛЬНОЕ КАЗЕННОЕ УЧРЕЖДЕНИЕ ""УПРАВЛЕНИЕ БЛАГОУСТРОЙСТВА"" ГОРОДА АРТЕМА";18.02.2026;26.02.2026;Закупка завершена;;;26.02.2026;
44-ФЗ;№0134200000126000400;Электронный аукцион;Поставка лекарственного препарата для медицинского применения ИНСУЛИН АСПАРТ;;'262380817232738080100100920432120323;;;14779248.00;RUB;0;;;;;;МИНИСТЕРСТВО ЗДРАВООХРАНЕНИЯ ИРКУТСКОЙ ОБЛАСТИ;МИНИСТЕРСТВО ПО РЕГУЛИРОВАНИЮ КОНТРАКТНОЙ СИСТЕМЫ В СФЕРЕ ЗАКУПОК ИРКУТСКОЙ ОБЛАСТИ;16.02.2026;26.02.2026;Закупка завершена;;;26.02.2026;
44-ФЗ;№0351100002326000001;Электронный аукцион;Поставка системы лазерной литотрипсии;;'261540110939654020100100030012660244;;;8200000.00;RUB;0;;;;;;"ФЕДЕРАЛЬНОЕ ГОСУДАРСТВЕННОЕ БЮДЖЕТНОЕ УЧРЕЖДЕНИЕ ""НОВОСИБИРСКИЙ НАУЧНО-ИССЛЕДОВАТЕЛЬСКИЙ ИНСТИТУТ ТУБЕРКУЛЕЗА"" МИНИСТЕРСТВА ЗДРАВООХРАНЕНИЯ РОССИЙСКОЙ ФЕДЕРАЦИИ";"ФЕДЕРАЛЬНОЕ ГОСУДАРСТВЕННОЕ БЮДЖЕТНОЕ УЧРЕЖДЕНИЕ ""НОВОСИБИРСКИЙ НАУЧНО-ИССЛЕДОВАТЕЛЬСКИЙ ИНСТИТУТ ТУБЕРКУЛЕЗА"" МИНИСТЕРСТВА ЗДРАВООХРАНЕНИЯ РОССИЙСКОЙ ФЕДЕРАЦИИ";12.02.2026;26.02.2026;Закупка завершена;;;25.02.2026;
44-ФЗ;№0134200000126000398;Электронный аукцион;Поставка лекарственного препарата для медицинского применения ВАКЦИНА ДЛЯ ПРОФИЛАКТИКИ ПНЕВМОКОККОВЫХ ИНФЕКЦИЙ;;'262380817232738080100100890082120244;;;7717600.00;RUB;0;;;;;;МИНИСТЕРСТВО ЗДРАВООХРАНЕНИЯ ИРКУТСКОЙ ОБЛАСТИ;МИНИСТЕРСТВО ПО РЕГУЛИРОВАНИЮ КОНТРАКТНОЙ СИСТЕМЫ В СФЕРЕ ЗАКУПОК ИРКУТСКОЙ ОБЛАСТИ;16.02.2026;26.02.2026;Закупка завершена;;;26.02.2026;
44-ФЗ;№0134200000126000371;Электронный аукцион;Поставка лекарственного препарата для медицинского применения КАРБОПЛАТИН;;'262380901633838490100100140182120244;;;18888000.00;RUB;0;;;;;;"ГОСУДАРСТВЕННОЕ БЮДЖЕТНОЕ УЧРЕЖДЕНИЕ ЗДРАВООХРАНЕНИЯ ""ОБЛАСТНОЙ ОНКОЛОГИЧЕСКИЙ ДИСПАНСЕР""";МИНИСТЕРСТВО ПО РЕГУЛИРОВАНИЮ КОНТРАКТНОЙ СИСТЕМЫ В СФЕРЕ ЗАКУПОК ИРКУТСКОЙ ОБЛАСТИ;13.02.2026;26.02.2026;Закупка завершена;;;26.02.2026;
44-ФЗ;№0380300039226000002;Электронный аукцион на проведение работ по строительству, реконструкции, кап. ремонту, сносу объекта кап. строительства в соответствии с п. 8 ч. 1 ст. 33 Закона № 44-ФЗ;Капитальный ремонт здания школы МБОУ Фыркальская основная школа № 13, расположеного по адресу: 655232, Хакасия Респ, Ширинский р-н, Фыркал с, Набережная ул, дом № 1А;;'263191100515719110100100040014120243;;;89017200.00;RUB;0;;;;;;МУНИЦИПАЛЬНОЕ БЮДЖЕТНОЕ ОБЩЕОБРАЗОВАТЕЛЬНОЕ УЧРЕЖДЕНИЕ ФЫРКАЛЬСКАЯ ОСНОВНАЯ ШКОЛА № 13;МУНИЦИПАЛЬНОЕ БЮДЖЕТНОЕ ОБЩЕОБРАЗОВАТЕЛЬНОЕ УЧРЕЖДЕНИЕ ФЫРКАЛЬСКАЯ ОСНОВНАЯ ШКОЛА № 13;17.02.2026;26.02.2026;Закупка завершена;;;25.02.2026;
44-ФЗ;№0380300038826000002;Электронный аукцион на проведение работ по строительству, реконструкции, кап. ремонту, сносу объекта кап. строительства в соответствии с п. 8 ч. 1 ст. 33 Закона № 44-ФЗ;Капитальный ремонт здания МБОУ Туимская средняя школа № 3, расположенного по адресу: 655225, Республика Хакасия, Ширинский район, с.Туим, ул.Первомайская, 2;;'263191100517119110100100050014120243;;;269077000.00;RUB;0;;;;;;МУНИЦИПАЛЬНОЕ БЮДЖЕТНОЕ ОБЩЕОБРАЗОВАТЕЛЬНОЕ УЧРЕЖДЕНИЕ ТУИМСКАЯ СРЕДНЯЯ ШКОЛА № 3;МУНИЦИПАЛЬНОЕ БЮДЖЕТНОЕ ОБЩЕОБРАЗОВАТЕЛЬНОЕ УЧРЕЖДЕНИЕ ТУИМСКАЯ СРЕДНЯЯ ШКОЛА № 3;17.02.2026;26.02.2026;Закупка завершена;;;25.02.2026;
44-ФЗ;№0819400002426000011;Электронный аукцион;Оказание услуг по погрузке и вывозке лесоматериалов круглых;;'261381603197938160100100240010000244;;;15004000.00;RUB;0;;;;;;"ФЕДЕРАЛЬНОЕ КАЗЕННОЕ УЧРЕЖДЕНИЕ ""ИСПРАВИТЕЛЬНАЯ КОЛОНИЯ № 24 С ОСОБЫМИ УСЛОВИЯМИ ХОЗЯЙСТВЕННОЙ ДЕЯТЕЛЬНОСТИ ГЛАВНОГО УПРАВЛЕНИЯ ФЕДЕРАЛЬНОЙ СЛУЖБЫ ИСПОЛНЕНИЯ НАКАЗАНИЙ ПО КРАСНОЯРСКОМУ КРАЮ""";"ФЕДЕРАЛЬНОЕ КАЗЕННОЕ УЧРЕЖДЕНИЕ ""ИСПРАВИТЕЛЬНАЯ КОЛОНИЯ № 24 С ОСОБЫМИ УСЛОВИЯМИ ХОЗЯЙСТВЕННОЙ ДЕЯТЕЛЬНОСТИ ГЛАВНОГО УПРАВЛЕНИЯ ФЕДЕРАЛЬНОЙ СЛУЖБЫ ИСПОЛНЕНИЯ НАКАЗАНИЙ ПО КРАСНОЯРСКОМУ КРАЮ""";16.02.2026;26.02.2026;Закупка завершена;;;25.02.2026;
44-ФЗ;№0134600005126000014;Электронный аукцион;Ликвидация мест несанкционированного размещения отходов, расположенных в городе Черемхово Иркутской области;;'263382001069038510100100090013811244;;;14404625.00;RUB;0;;;;;;ОТДЕЛ КАПИТАЛЬНОГО СТРОИТЕЛЬСТВА АДМИНИСТРАЦИИ ГОРОДА ЧЕРЕМХОВО;ОТДЕЛ ПО РЕГУЛИРОВАНИЮ КОНТРАКТНОЙ СИСТЕМЫ В СФЕРЕ ЗАКУПОК АДМИНИСТРАЦИИ ГОРОДА ЧЕРЕМХОВО;16.02.2026;26.02.2026;Закупка завершена;;;26.02.2026;
44-ФЗ;№0380300038726000002;Электронный аукцион на проведение работ по строительству, реконструкции, кап. ремонту, сносу объекта кап. строительства в соответствии с п. 8 ч. 1 ст. 33 Закона № 44-ФЗ;Капитальный ремонт здания МБДОУ Детский сад №1, расположенного по адресу: Республика Хакасия, Ширинский район, с. Коммунар, ул. 50 лет ВЛКСМ, 13;;'263191100483719110100100050014120243;;;43600556.00;RUB;0;;;;;;МУНИЦИПАЛЬНОЕ БЮДЖЕТНОЕ ДОШКОЛЬНОЕ ОБРАЗОВАТЕЛЬНОЕ УЧРЕЖДЕНИЕ ДЕТСКИЙ САД №1;МУНИЦИПАЛЬНОЕ БЮДЖЕТНОЕ ДОШКОЛЬНОЕ ОБРАЗОВАТЕЛЬНОЕ УЧРЕЖДЕНИЕ ДЕТСКИЙ САД №1;17.02.2026;26.02.2026;Закупка завершена;;;25.02.2026;
44-ФЗ;№0347100003826000005;Электронный аукцион;Оснащение техническими средствами охраны и системами обеспечения безопасности зданий федеральных судов;;'261490907392749090100100250014321244;;;5939795.90;RUB;0;;;;;;УПРАВЛЕНИЕ СУДЕБНОГО ДЕПАРТАМЕНТА В МАГАДАНСКОЙ ОБЛАСТИ;УПРАВЛЕНИЕ СУДЕБНОГО ДЕПАРТАМЕНТА В МАГАДАНСКОЙ ОБЛАСТИ;12.02.2026;26.02.2026;Закупка завершена;;;25.02.2026;
44-ФЗ;№0122300006326000019;Электронный аукцион;"Выполнение работ по благоустройству общественной территории устройство ""огня Памяти"" на памятнике ""Фронтовое письмо в городском поселении ""Город Николаевск-на-Амуре""";;'263270509413927050100100090014399244;;;18771512.60;RUB;0;;;;;;"МУНИЦИПАЛЬНОЕ КАЗЕННОЕ УЧРЕЖДЕНИЕ ""СЛУЖБА ЗАКАЗЧИКА ГОРОДСКОГО ПОСЕЛЕНИЯ ""ГОРОД НИКОЛАЕВСК-НА-АМУРЕ""";АДМИНИСТРАЦИЯ НИКОЛАЕВСКОГО МУНИЦИПАЛЬНОГО РАЙОНА ХАБАРОВСКОГО КРАЯ;18.02.2026;26.02.2026;Закупка завершена;;;26.02.2026;
44-ФЗ;№0122300003726000051;Электронный аукцион;Поставка продуктов питания в 2026 году (молоко питьевое, сметана);;263270300385927030100100050120000244, 263270300405927030100100140130000244, 263272600447127030100100050130000244, 263272702779227030100100090130000244;;;5621850.00;RUB;0;;;;;;;УПРАВЛЕНИЕ ОБРАЗОВАНИЯ АДМИНИСТРАЦИИ ГОРОДА КОМСОМОЛЬСКА-НА-АМУРЕ ХАБАРОВСКОГО КРАЯ;17.02.2026;26.02.2026;Закупка завершена;;;25.02.2026;
44-ФЗ;№0320300143726000008;Электронный аукцион;Выполнение работ по благоустройству дворовых территорий многоквартирных домов № 15 по улице Пионерской и № 9 по улице Химиков в городе Дальнегорске;;'263250500320825050100100100014399244;;;14118099.87;RUB;0;;;;;;АДМИНИСТРАЦИЯ ДАЛЬНЕГОРСКОГО МУНИЦИПАЛЬНОГО ОКРУГА ПРИМОРСКОГО КРАЯ;"МУНИЦИПАЛЬНОЕ КАЗЕННОЕ УЧРЕЖДЕНИЕ ""ОБСЛУЖИВАЮЩЕЕ УЧРЕЖДЕНИЕ""";18.02.2026;26.02.2026;Закупка завершена;;;26.02.2026;
44-ФЗ;№0320300031126000018;Электронный аукцион;Выполнение работ по содержанию действующей сети автомобильных дорог общего пользования местного значения, а именно: устранение деформации и повреждений дорожного покрытия в г. Уссурийске;;'263251103194025110100100390014211244;;;9992918.85;RUB;0;;;;;;"МУНИЦИПАЛЬНОЕ КАЗЁННОЕ УЧРЕЖДЕНИЕ ""СЛУЖБА ЕДИНОГО ЗАКАЗЧИКА - ЗАСТРОЙЩИКА"" УССУРИЙСКОГО ГОРОДСКОГО ОКРУГА ПРИМОРСКОГО КРАЯ";"МУНИЦИПАЛЬНОЕ КАЗЁННОЕ УЧРЕЖДЕНИЕ ""СЛУЖБА ЕДИНОГО ЗАКАЗЧИКА - ЗАСТРОЙЩИКА"" УССУРИЙСКОГО ГОРОДСКОГО ОКРУГА ПРИМОРСКОГО КРАЯ";13.02.2026;26.02.2026;Закупка завершена;;;25.02.2026;
44-ФЗ;№0123600001526000004;Открытый конкурс в электронной форме;Выполнение работ по восстановлению дорожной одежды, устройству кюветов и водопропускных труб в селах Белогорского муниципального округа;;'263281107691028110100100070014211244;;;16034107.23;RUB;0;;;;;;МУНИЦИПАЛЬНОЕ КАЗЕННОЕ УЧРЕЖДЕНИЕ УПРАВЛЕНИЕ ЖИЗНЕОБЕСПЕЧЕНИЯ АДМИНИСТРАЦИИ БЕЛОГОРСКОГО МУНИЦИПАЛЬНОГО ОКРУГА;АДМИНИСТРАЦИЯ БЕЛОГОРСКОГО МУНИЦИПАЛЬНОГО ОКРУГА;06.02.2026;26.02.2026;Закупка завершена;;;25.02.2026;
44-ФЗ;№0816500000626001810;Электронный аукцион;Оказание авиационных услуг;;'262143518405914350100100020115223244;;;19960350.40;RUB;0;;;;;;"ГОСУДАРСТВЕННОЕ БЮДЖЕТНОЕ УЧРЕЖДЕНИЕ РЕСПУБЛИКИ САХА (ЯКУТИЯ) ""ЯКУТСКАЯ БАЗА АВИАЦИОННОЙ ОХРАНЫ ЛЕСОВ""";"ГОСУДАРСТВЕННОЕ КАЗЕННОЕ УЧРЕЖДЕНИЕ РЕСПУБЛИКИ САХА (ЯКУТИЯ) ""ЦЕНТР ЗАКУПОК РЕСПУБЛИКИ САХА (ЯКУТИЯ)""";17.02.2026;26.02.2026;Закупка завершена;;;26.02.2026;
44-ФЗ;№0820300018126000015;Запрос котировок в электронной форме на проведение работ по строительству, реконструкции, кап. ремонту, сносу объекта кап. строительства в соответствии с п. 8 ч. 1 ст. 33 Закона № 44-ФЗ ;Выполнение работ по капитальному ремонту  участка тепловой сети от ТК 18 до ТК 15 котельной № 1, г. Дальнереченск, Приморский край;;'263250601014125060100100140014221243;;;8275341.62;RUB;0;;;;;;"МУНИЦИПАЛЬНОЕ КАЗЕННОЕ УЧРЕЖДЕНИЕ ""УПРАВЛЕНИЕ ЖИЛИЩНО-КОММУНАЛЬНОГО ХОЗЯЙСТВА ДАЛЬНЕРЕЧЕНСКОГО ГОРОДСКОГО ОКРУГА""";"МУНИЦИПАЛЬНОЕ КАЗЕННОЕ УЧРЕЖДЕНИЕ ""УПРАВЛЕНИЕ ЖИЛИЩНО-КОММУНАЛЬНОГО ХОЗЯЙСТВА ДАЛЬНЕРЕЧЕНСКОГО ГОРОДСКОГО ОКРУГА""";17.02.2026;26.02.2026;Закупка завершена;;;25.02.2026;
44-ФЗ;№0816500000626001843;Электронный аукцион;Оказание авиационных услуг;;'262143518405914350100100020195223244;;;14562784.00;RUB;0;;;;;;"ГОСУДАРСТВЕННОЕ БЮДЖЕТНОЕ УЧРЕЖДЕНИЕ РЕСПУБЛИКИ САХА (ЯКУТИЯ) ""ЯКУТСКАЯ БАЗА АВИАЦИОННОЙ ОХРАНЫ ЛЕСОВ""";"ГОСУДАРСТВЕННОЕ КАЗЕННОЕ УЧРЕЖДЕНИЕ РЕСПУБЛИКИ САХА (ЯКУТИЯ) ""ЦЕНТР ЗАКУПОК РЕСПУБЛИКИ САХА (ЯКУТИЯ)""";17.02.2026;26.02.2026;Закупка завершена;;;26.02.2026;
44-ФЗ;№0816500000626001782;Электронный аукцион;Оказание авиационных услуг;;'262143518405914350100100020055223244;;;15050864.25;RUB;0;;;;;;"ГОСУДАРСТВЕННОЕ БЮДЖЕТНОЕ УЧРЕЖДЕНИЕ РЕСПУБЛИКИ САХА (ЯКУТИЯ) ""ЯКУТСКАЯ БАЗА АВИАЦИОННОЙ ОХРАНЫ ЛЕСОВ""";"ГОСУДАРСТВЕННОЕ КАЗЕННОЕ УЧРЕЖДЕНИЕ РЕСПУБЛИКИ САХА (ЯКУТИЯ) ""ЦЕНТР ЗАКУПОК РЕСПУБЛИКИ САХА (ЯКУТИЯ)""";16.02.2026;26.02.2026;Закупка завершена;;;26.02.2026;
44-ФЗ;№0120200004726000002;Электронный аукцион на проведение работ по строительству, реконструкции, кап. ремонту, сносу объекта кап. строительства в соответствии с п. 8 ч. 1 ст. 33 Закона № 44-ФЗ;Капитальный ремонт здания, расположенного по адресу: Приморский край, г. Уссурийск, ул. Суханова, д. 66;;'262251101235225110100100010014120243;;;110823824.98;RUB;0;;;;;;"КРАЕВОЕ ГОСУДАРСТВЕННОЕ АВТОНОМНОЕ  ПРОФЕССИОНАЛЬНОЕ ОБРАЗОВАТЕЛЬНОЕ УЧРЕЖДЕНИЕ ""РЕГИОНАЛЬНЫЙ ЖЕЛЕЗНОДОРОЖНЫЙ КОЛЛЕДЖ""";МИНИСТЕРСТВО ПО РЕГУЛИРОВАНИЮ КОНТРАКТНОЙ СИСТЕМЫ В СФЕРЕ ЗАКУПОК ПРИМОРСКОГО КРАЯ;17.02.2026;26.02.2026;Закупка завершена;;;25.02.2026;
44-ФЗ;№0178600000926000003;Электронный аукцион;Приобретение, доставка и установка контейнерных площадок в рамках текущего ремонта на территории Смидовичского муниципального района ;;'263790000285379000100100040014399244;;;11239152.46;RUB;0;;;;;;УПРАВЛЕНИЕ ЖИЛИЩНО-КОММУНАЛЬНОГО ХОЗЯЙСТВА АДМИНИСТРАЦИИ СМИДОВИЧСКОГО МУНИЦИПАЛЬНОГО РАЙОНА ЕВРЕЙСКОЙ АВТОНОМНОЙ ОБЛАСТИ;УПРАВЛЕНИЕ ЖИЛИЩНО-КОММУНАЛЬНОГО ХОЗЯЙСТВА АДМИНИСТРАЦИИ СМИДОВИЧСКОГО МУНИЦИПАЛЬНОГО РАЙОНА ЕВРЕЙСКОЙ АВТОНОМНОЙ ОБЛАСТИ;17.02.2026;26.02.2026;Закупка завершена;;;25.02.2026;
44-ФЗ;№0361200015026000516;Электронный аукцион;Поставка бумаги для офисной техники;;262650600309265060100100510011712244, 263650600762965060100100070011712244, 262650110509065010100100090011712244, 263650600796465060100100050011712244, 263650124479265100100100160011712244, 263650129088765010100100060011712244, 263650701015965070100100040011712244, 262650102556865010100101320011712244, 262650102607165010100100230011712244, 262650402067065040100100510011712244;;;5050006.18;RUB;0;;;;;;;"ГОСУДАРСТВЕННОЕ КАЗЕННОЕ УЧРЕЖДЕНИЕ ""ЦЕНТР ГОСУДАРСТВЕННЫХ ЗАКУПОК САХАЛИНСКОЙ ОБЛАСТИ""";16.02.2026;26.02.2026;Закупка завершена;;;25.02.2026;
44-ФЗ;№0820500000826000556;Электронный аукцион;ЭНЗАЛУТАМИД;;'262250700119625070100100020022120244;;;9850555.00;RUB;0;;;;;;"КРАЕВОЕ ГОСУДАРСТВЕННОЕ БЮДЖЕТНОЕ УЧРЕЖДЕНИЕ ЗДРАВООХРАНЕНИЯ ""ЛЕСОЗАВОДСКАЯ ЦЕНТРАЛЬНАЯ ГОРОДСКАЯ БОЛЬНИЦА""";"КРАЕВОЕ ГОСУДАРСТВЕННОЕ КАЗЕННОЕ УЧРЕЖДЕНИЕ ""ЦЕНТР ГОСУДАРСТВЕННЫХ ЗАКУПОК ПРИМОРСКОГО КРАЯ""";16.02.2026;26.02.2026;Закупка завершена;;;26.02.2026;
44-ФЗ;№0122300009526000008;Электронный аукцион;«Выполнение работ по устройству пешеходного тротуара с асфальтобетонным покрытием и пешеходного ограждения  на территории городского поселения «Рабочий поселок Чегдомын» – ул. Шоссейная в 2026 году»;;'263271001242027100100100470019609244;;;19374164.00;RUB;0;;;;;;"АДМИНИСТРАЦИЯ ГОРОДСКОГО ПОСЕЛЕНИЯ ""РАБОЧИЙ ПОСЕЛОК ЧЕГДОМЫН"" ВЕРХНЕБУРЕИНСКОГО МУНИЦИПАЛЬНОГО РАЙОНА ХАБАРОВСКОГО КРАЯ";"АДМИНИСТРАЦИЯ ГОРОДСКОГО ПОСЕЛЕНИЯ ""РАБОЧИЙ ПОСЕЛОК ЧЕГДОМЫН"" ВЕРХНЕБУРЕИНСКОГО МУНИЦИПАЛЬНОГО РАЙОНА ХАБАРОВСКОГО КРАЯ";18.02.2026;26.02.2026;Закупка завершена;;;26.02.2026;
44-ФЗ;№0122300009526000007;Электронный аукцион;«Выполнение работ по ремонту автомобильной дороги общего пользования на территории городского поселения «Рабочий поселок Чегдомын» - ул. Мира в 2026 году».;;'263271001242027100100100460014211244;;;31412085.65;RUB;0;;;;;;"АДМИНИСТРАЦИЯ ГОРОДСКОГО ПОСЕЛЕНИЯ ""РАБОЧИЙ ПОСЕЛОК ЧЕГДОМЫН"" ВЕРХНЕБУРЕИНСКОГО МУНИЦИПАЛЬНОГО РАЙОНА ХАБАРОВСКОГО КРАЯ";"АДМИНИСТРАЦИЯ ГОРОДСКОГО ПОСЕЛЕНИЯ ""РАБОЧИЙ ПОСЕЛОК ЧЕГДОМЫН"" ВЕРХНЕБУРЕИНСКОГО МУНИЦИПАЛЬНОГО РАЙОНА ХАБАРОВСКОГО КРАЯ";18.02.2026;26.02.2026;Закупка завершена;;;26.02.2026;
44-ФЗ;№0120600006026000026;Запрос котировок в электронной форме;Ремонт пешеходной зоны 4 микрорайон вдоль административного здания № 2 пгт. Лучегорск;;'263251112233025110100100140014399244;;;6466759.00;RUB;0;;;;;;АДМИНИСТРАЦИЯ ПОЖАРСКОГО МУНИЦИПАЛЬНОГО ОКРУГА ПРИМОРСКОГО КРАЯ;АДМИНИСТРАЦИЯ ПОЖАРСКОГО МУНИЦИПАЛЬНОГО ОКРУГА ПРИМОРСКОГО КРАЯ;17.02.2026;26.02.2026;Закупка завершена;;;25.02.2026;
44-ФЗ;№0120600006026000028;Запрос котировок в электронной форме;Ремонт тротуаров по улицам Поликлиническая-Виниченко 4 микрорайон пгт. Лучегорск;;'263251112233025110100100120014399244;;;7054785.00;RUB;0;;;;;;АДМИНИСТРАЦИЯ ПОЖАРСКОГО МУНИЦИПАЛЬНОГО ОКРУГА ПРИМОРСКОГО КРАЯ;АДМИНИСТРАЦИЯ ПОЖАРСКОГО МУНИЦИПАЛЬНОГО ОКРУГА ПРИМОРСКОГО КРАЯ;17.02.2026;26.02.2026;Закупка завершена;;;25.02.2026;
44-ФЗ;№0361200015026000524;Электронный аукцион;Оказание транспортных услуг по обеспечению проведения мониторинга пожарной опасности в лесах и лесных пожаров и транспортных услуг при тушении лесных пожаров;;'262650131239365010100100040035223244;;;14062547.72;RUB;0;;;;;;АГЕНТСТВО ЛЕСНОГО И ОХОТНИЧЬЕГО ХОЗЯЙСТВА САХАЛИНСКОЙ ОБЛАСТИ;"ГОСУДАРСТВЕННОЕ КАЗЕННОЕ УЧРЕЖДЕНИЕ ""ЦЕНТР ГОСУДАРСТВЕННЫХ ЗАКУПОК САХАЛИНСКОЙ ОБЛАСТИ""";16.02.2026;26.02.2026;Закупка завершена;;;26.02.2026;
44-ФЗ;№0138300000126000050;Электронный аукцион;ЭА45-26 Приобретение однокомнатной благоустроенной квартиры в собственность Елизовского муниципального района для обеспечения детей-сирот и детей, оставшихся без попечения родителей жилыми помещениями в соответствии с Федеральным законом от 21.12.1996 № 159-ФЗ, Законом Камчатского края от 09.10.2012 № 135-ФЗ;;'263410504135441050100100210016810412;;;6392216.25;RUB;0;;;;;;УПРАВЛЕНИЕ ИМУЩЕСТВЕННЫХ ОТНОШЕНИЙ АДМИНИСТРАЦИИ ЕЛИЗОВСКОГО МУНИЦИПАЛЬНОГО РАЙОНА - МУНИЦИПАЛЬНОЕ КАЗЕННОЕ УЧРЕЖДЕНИЕ;УПРАВЛЕНИЕ ЭКОНОМИЧЕСКОГО РАЗВИТИЯ АДМИНИСТРАЦИИ ЕЛИЗОВСКОГО МУНИЦИПАЛЬНОГО РАЙОНА - МУНИЦИПАЛЬНОЕ КАЗЕННОЕ УЧРЕЖДЕНИЕ;17.02.2026;26.02.2026;Закупка завершена;;;26.02.2026;
44-ФЗ;№0138300000126000051;Электронный аукцион;ЭА46-26 Приобретение однокомнатной благоустроенной квартиры в собственность Елизовского муниципального района для обеспечения детей-сирот и детей, оставшихся без попечения родителей жилыми помещениями в соответствии с Федеральным законом от 21.12.1996 № 159-ФЗ, Законом Камчатского края от 09.10.2012 № 135-ФЗ;;'263410504135441050100100200016810412;;;6087825.00;RUB;0;;;;;;УПРАВЛЕНИЕ ИМУЩЕСТВЕННЫХ ОТНОШЕНИЙ АДМИНИСТРАЦИИ ЕЛИЗОВСКОГО МУНИЦИПАЛЬНОГО РАЙОНА - МУНИЦИПАЛЬНОЕ КАЗЕННОЕ УЧРЕЖДЕНИЕ;УПРАВЛЕНИЕ ЭКОНОМИЧЕСКОГО РАЗВИТИЯ АДМИНИСТРАЦИИ ЕЛИЗОВСКОГО МУНИЦИПАЛЬНОГО РАЙОНА - МУНИЦИПАЛЬНОЕ КАЗЕННОЕ УЧРЕЖДЕНИЕ;17.02.2026;26.02.2026;Закупка завершена;;;26.02.2026;
44-ФЗ;№0138300000126000047;Электронный аукцион;ЭА49-26 Приобретение однокомнатной благоустроенной квартиры в собственность Елизовского муниципального района для обеспечения детей-сирот и детей, оставшихся без попечения родителей жилыми помещениями в соответствии с Федеральным законом от 21.12.1996 № 159-ФЗ, Законом Камчатского края от 09.10.2012 № 135-ФЗ;;'263410504135441050100100040016810412;;;5812908.75;RUB;0;;;;;;УПРАВЛЕНИЕ ИМУЩЕСТВЕННЫХ ОТНОШЕНИЙ АДМИНИСТРАЦИИ ЕЛИЗОВСКОГО МУНИЦИПАЛЬНОГО РАЙОНА - МУНИЦИПАЛЬНОЕ КАЗЕННОЕ УЧРЕЖДЕНИЕ;УПРАВЛЕНИЕ ЭКОНОМИЧЕСКОГО РАЗВИТИЯ АДМИНИСТРАЦИИ ЕЛИЗОВСКОГО МУНИЦИПАЛЬНОГО РАЙОНА - МУНИЦИПАЛЬНОЕ КАЗЕННОЕ УЧРЕЖДЕНИЕ;17.02.2026;26.02.2026;Закупка завершена;;;26.02.2026;
44-ФЗ;№0138300000126000053;Электронный аукцион;ЭА47-26 Приобретение однокомнатной благоустроенной квартиры в собственность Елизовского муниципального района для обеспечения детей-сирот и детей, оставшихся без попечения родителей жилыми помещениями в соответствии с Федеральным законом от 21.12.1996 № 159-ФЗ, Законом Камчатского края от 09.10.2012 № 135-ФЗ;;'263410504135441050100100170016810412;;;6087825.00;RUB;0;;;;;;УПРАВЛЕНИЕ ИМУЩЕСТВЕННЫХ ОТНОШЕНИЙ АДМИНИСТРАЦИИ ЕЛИЗОВСКОГО МУНИЦИПАЛЬНОГО РАЙОНА - МУНИЦИПАЛЬНОЕ КАЗЕННОЕ УЧРЕЖДЕНИЕ;УПРАВЛЕНИЕ ЭКОНОМИЧЕСКОГО РАЗВИТИЯ АДМИНИСТРАЦИИ ЕЛИЗОВСКОГО МУНИЦИПАЛЬНОГО РАЙОНА - МУНИЦИПАЛЬНОЕ КАЗЕННОЕ УЧРЕЖДЕНИЕ;17.02.2026;26.02.2026;Закупка завершена;;;26.02.2026;
44-ФЗ;№0138300000126000054;Электронный аукцион;ЭА48-26 Приобретение однокомнатной благоустроенной квартиры в собственность Елизовского муниципального района для обеспечения детей-сирот и детей, оставшихся без попечения родителей жилыми помещениями в соответствии с Федеральным законом от 21.12.1996 № 159-ФЗ, Законом Камчатского края от 09.10.2012 № 135-ФЗ;;'263410504135441050100100160016810412;;;5812908.75;RUB;0;;;;;;УПРАВЛЕНИЕ ИМУЩЕСТВЕННЫХ ОТНОШЕНИЙ АДМИНИСТРАЦИИ ЕЛИЗОВСКОГО МУНИЦИПАЛЬНОГО РАЙОНА - МУНИЦИПАЛЬНОЕ КАЗЕННОЕ УЧРЕЖДЕНИЕ;УПРАВЛЕНИЕ ЭКОНОМИЧЕСКОГО РАЗВИТИЯ АДМИНИСТРАЦИИ ЕЛИЗОВСКОГО МУНИЦИПАЛЬНОГО РАЙОНА - МУНИЦИПАЛЬНОЕ КАЗЕННОЕ УЧРЕЖДЕНИЕ;17.02.2026;26.02.2026;Закупка завершена;;;26.02.2026;
44-ФЗ;№0161600001326000013;Электронный аукцион;Капитальный ремонт оборудования на объекте электроснабжения в г.Северо-Курильск;;'263650000620265000100100030013314243;;;15349012.76;RUB;0;;;;;;"МУНИЦИПАЛЬНОЕ КАЗЕННОЕ УЧРЕЖДЕНИЕ ""УПРАВЛЕНИЕ СТРОИТЕЛЬСТВА, МУНИЦИПАЛЬНОГО ЗАКАЗА И КОММУНАЛЬНОГО ХОЗЯЙСТВА СЕВЕРО-КУРИЛЬСКОГО МУНИЦИПАЛЬНОГО ОКРУГА""";"МУНИЦИПАЛЬНОЕ КАЗЕННОЕ УЧРЕЖДЕНИЕ ""УПРАВЛЕНИЕ СТРОИТЕЛЬСТВА, МУНИЦИПАЛЬНОГО ЗАКАЗА И КОММУНАЛЬНОГО ХОЗЯЙСТВА СЕВЕРО-КУРИЛЬСКОГО МУНИЦИПАЛЬНОГО ОКРУГА""";18.02.2026;26.02.2026;Закупка завершена;;;26.02.2026;
44-ФЗ;№0161600001326000012;Электронный аукцион;Капитальный ремонт оборудования на объекте электроснабжения в г.Северо-Курильск;;'263650000620265000100100020013314243;;;53307945.77;RUB;0;;;;;;"МУНИЦИПАЛЬНОЕ КАЗЕННОЕ УЧРЕЖДЕНИЕ ""УПРАВЛЕНИЕ СТРОИТЕЛЬСТВА, МУНИЦИПАЛЬНОГО ЗАКАЗА И КОММУНАЛЬНОГО ХОЗЯЙСТВА СЕВЕРО-КУРИЛЬСКОГО МУНИЦИПАЛЬНОГО ОКРУГА""";"МУНИЦИПАЛЬНОЕ КАЗЕННОЕ УЧРЕЖДЕНИЕ ""УПРАВЛЕНИЕ СТРОИТЕЛЬСТВА, МУНИЦИПАЛЬНОГО ЗАКАЗА И КОММУНАЛЬНОГО ХОЗЯЙСТВА СЕВЕРО-КУРИЛЬСКОГО МУНИЦИПАЛЬНОГО ОКРУГА""";18.02.2026;26.02.2026;Закупка завершена;;;26.02.2026;
44-ФЗ;№0122200002526000365;Запрос котировок в электронной форме;Поставка лекарственного препарата для медицинского применения Йопромид;;'262272102605527250100101570012120244;;;15347976.00;RUB;0;;;;;;"КРАЕВОЕ ГОСУДАРСТВЕННОЕ БЮДЖЕТНОЕ УЧРЕЖДЕНИЕ ЗДРАВООХРАНЕНИЯ ""КРАЕВОЙ КЛИНИЧЕСКИЙ ЦЕНТР ОНКОЛОГИИ"" МИНИСТЕРСТВА ЗДРАВООХРАНЕНИЯ ХАБАРОВСКОГО КРАЯ";КОМИТЕТ ГОСУДАРСТВЕННОГО ЗАКАЗА ПРАВИТЕЛЬСТВА ХАБАРОВСКОГО КРАЯ;17.02.2026;26.02.2026;Закупка завершена;;;26.02.2026;
44-ФЗ;№0820600002026000018;Электронный аукцион;Поставка гражданам твердого топлива (дров) по ценам не превышающим предельную цену на твердое топливо, установленную департаментом по тарифам Приморского края;;'263250802000025080100100230010220244;;;10007198.97;RUB;0;;;;;;АДМИНИСТРАЦИЯ НАХОДКИНСКОГО ГОРОДСКОГО ОКРУГА;"МУНИЦИПАЛЬНОЕ КАЗЕННОЕ УЧРЕЖДЕНИЕ ""УПРАВЛЕНИЕ ПО ОБЕСПЕЧЕНИЮ ДЕЯТЕЛЬНОСТИ ОРГАНОВ МЕСТНОГО САМОУПРАВЛЕНИЯ НАХОДКИНСКОГО ГОРОДСКОГО ОКРУГА""";17.02.2026;26.02.2026;Закупка завершена;;;25.02.2026;
44-ФЗ;№0347300000526000040;Электронный аукцион;Приобретение благоустроенного жилого помещения для обеспечения в 2026 году детей-сирот и детей, оставшихся без попечения родителей, специализированными жилыми помещениями на основании Закона Магаданской области от 22.06.2007 № 875-ОЗ «О наделении органов местного самоуправления государственными полномочиями Магаданской области по обеспечению отдельных категорий граждан жилыми помещениями», вне рамок государственного оборонного заказа.;;'263490911173149090100101010014120412;;;6544593.00;RUB;0;;;;;;ДЕПАРТАМЕНТ ИМУЩЕСТВЕННЫХ И ЖИЛИЩНЫХ ОТНОШЕНИЙ МЭРИИ ГОРОДА МАГАДАНА;МЭРИЯ ГОРОДА МАГАДАНА;17.02.2026;26.02.2026;Закупка завершена;;;26.02.2026;
44-ФЗ;№0820500000826000506;Электронный аукцион;Лекарственный препарат: ТАФАМИДИС;;'262254001845425400100100080320000244;;;22203688.50;RUB;0;;;;;;МИНИСТЕРСТВО ЗДРАВООХРАНЕНИЯ ПРИМОРСКОГО КРАЯ;"КРАЕВОЕ ГОСУДАРСТВЕННОЕ КАЗЕННОЕ УЧРЕЖДЕНИЕ ""ЦЕНТР ГОСУДАРСТВЕННЫХ ЗАКУПОК ПРИМОРСКОГО КРАЯ""";16.02.2026;26.02.2026;Закупка завершена;;;26.02.2026;
44-ФЗ;№0138200002126000003;Электронный аукцион;Приобретение квартиры  в собственность Камчатского края;;'262410112131241010100100410016810412;;;5748298.00;RUB;0;;;;;;МИНИСТЕРСТВО ИМУЩЕСТВЕННЫХ И ЗЕМЕЛЬНЫХ ОТНОШЕНИЙ КАМЧАТСКОГО КРАЯ;МИНИСТЕРСТВО ИМУЩЕСТВЕННЫХ И ЗЕМЕЛЬНЫХ ОТНОШЕНИЙ КАМЧАТСКОГО КРАЯ;18.02.2026;26.02.2026;Закупка завершена;;;26.02.2026;
44-ФЗ;№0361200015026000529;Электронный аукцион;Поставка лекарственного препарата для медицинского применения, химиопрепарат ТРАСТУЗУМАБ ДЕРУКСТЕКАН;;'262650106867465010100101200012120244;;;32821250.00;RUB;0;;;;;;"ГОСУДАРСТВЕННОЕ БЮДЖЕТНОЕ УЧРЕЖДЕНИЕ ЗДРАВООХРАНЕНИЯ ""САХАЛИНСКИЙ ОБЛАСТНОЙ КЛИНИЧЕСКИЙ ОНКОЛОГИЧЕСКИЙ ДИСПАНСЕР""";"ГОСУДАРСТВЕННОЕ КАЗЕННОЕ УЧРЕЖДЕНИЕ ""ЦЕНТР ГОСУДАРСТВЕННЫХ ЗАКУПОК САХАЛИНСКОЙ ОБЛАСТИ""";16.02.2026;26.02.2026;Закупка завершена;;;26.02.2026;
44-ФЗ;№0338100001826000035;Электронный аукцион; Оборудование электрическое прочее, не включенное в другие группировки – Установка замкнутого водоснабжения для морской воды;;'261410000114041010100100110060000244;;;5250000.00;RUB;0;;;;;;"ФЕДЕРАЛЬНОЕ ГОСУДАРСТВЕННОЕ БЮДЖЕТНОЕ ОБРАЗОВАТЕЛЬНОЕ УЧРЕЖДЕНИЕ ВЫСШЕГО ОБРАЗОВАНИЯ ""КАМЧАТСКИЙ ГОСУДАРСТВЕННЫЙ ТЕХНИЧЕСКИЙ УНИВЕРСИТЕТ""";"ФЕДЕРАЛЬНОЕ ГОСУДАРСТВЕННОЕ БЮДЖЕТНОЕ ОБРАЗОВАТЕЛЬНОЕ УЧРЕЖДЕНИЕ ВЫСШЕГО ОБРАЗОВАНИЯ ""КАМЧАТСКИЙ ГОСУДАРСТВЕННЫЙ ТЕХНИЧЕСКИЙ УНИВЕРСИТЕТ""";12.02.2026;26.02.2026;Закупка завершена;;;24.02.2026;
44-ФЗ;№0338100001826000037;Запрос котировок в электронной форме на проведение работ по строительству, реконструкции, кап. ремонту, сносу объекта кап. строительства в соответствии с п. 8 ч. 1 ст. 33 Закона № 44-ФЗ ;Выполнение работ по капитальному ремонту объекта капитального строительства - по капитальному ремонту  коридоров 2 этажа в УК-2;;'261410000114041010100100020084120243;;;9374347.63;RUB;0;;;;;;"ФЕДЕРАЛЬНОЕ ГОСУДАРСТВЕННОЕ БЮДЖЕТНОЕ ОБРАЗОВАТЕЛЬНОЕ УЧРЕЖДЕНИЕ ВЫСШЕГО ОБРАЗОВАНИЯ ""КАМЧАТСКИЙ ГОСУДАРСТВЕННЫЙ ТЕХНИЧЕСКИЙ УНИВЕРСИТЕТ""";"ФЕДЕРАЛЬНОЕ ГОСУДАРСТВЕННОЕ БЮДЖЕТНОЕ ОБРАЗОВАТЕЛЬНОЕ УЧРЕЖДЕНИЕ ВЫСШЕГО ОБРАЗОВАНИЯ ""КАМЧАТСКИЙ ГОСУДАРСТВЕННЫЙ ТЕХНИЧЕСКИЙ УНИВЕРСИТЕТ""";15.02.2026;26.02.2026;Закупка завершена;;;24.02.2026;
44-ФЗ;№0338100001826000034;Электронный аукцион на проведение работ по строительству, реконструкции, кап. ремонту, сносу объекта кап. строительства в соответствии с п. 8 ч. 1 ст. 33 Закона № 44-ФЗ;Выполнение работ по капитальному ремонту объекта капитального строительства;;'261410000114041010100100020064120243;;;9800356.00;RUB;0;;;;;;"ФЕДЕРАЛЬНОЕ ГОСУДАРСТВЕННОЕ БЮДЖЕТНОЕ ОБРАЗОВАТЕЛЬНОЕ УЧРЕЖДЕНИЕ ВЫСШЕГО ОБРАЗОВАНИЯ ""КАМЧАТСКИЙ ГОСУДАРСТВЕННЫЙ ТЕХНИЧЕСКИЙ УНИВЕРСИТЕТ""";"ФЕДЕРАЛЬНОЕ ГОСУДАРСТВЕННОЕ БЮДЖЕТНОЕ ОБРАЗОВАТЕЛЬНОЕ УЧРЕЖДЕНИЕ ВЫСШЕГО ОБРАЗОВАНИЯ ""КАМЧАТСКИЙ ГОСУДАРСТВЕННЫЙ ТЕХНИЧЕСКИЙ УНИВЕРСИТЕТ""";12.02.2026;26.02.2026;Закупка завершена;;;24.02.2026;
44-ФЗ;№0338100001826000033;Электронный аукцион на проведение работ по строительству, реконструкции, кап. ремонту, сносу объекта кап. строительства в соответствии с п. 8 ч. 1 ст. 33 Закона № 44-ФЗ;Выполнение работ по капитальному ремонту объекта капитального строительства;;'261410000114041010100100020054120243;;;8780310.71;RUB;0;;;;;;"ФЕДЕРАЛЬНОЕ ГОСУДАРСТВЕННОЕ БЮДЖЕТНОЕ ОБРАЗОВАТЕЛЬНОЕ УЧРЕЖДЕНИЕ ВЫСШЕГО ОБРАЗОВАНИЯ ""КАМЧАТСКИЙ ГОСУДАРСТВЕННЫЙ ТЕХНИЧЕСКИЙ УНИВЕРСИТЕТ""";"ФЕДЕРАЛЬНОЕ ГОСУДАРСТВЕННОЕ БЮДЖЕТНОЕ ОБРАЗОВАТЕЛЬНОЕ УЧРЕЖДЕНИЕ ВЫСШЕГО ОБРАЗОВАНИЯ ""КАМЧАТСКИЙ ГОСУДАРСТВЕННЫЙ ТЕХНИЧЕСКИЙ УНИВЕРСИТЕТ""";12.02.2026;26.02.2026;Закупка завершена;;;24.02.2026;
44-ФЗ;№0338100001826000036;Запрос котировок в электронной форме на проведение работ по строительству, реконструкции, кап. ремонту, сносу объекта кап. строительства в соответствии с п. 8 ч. 1 ст. 33 Закона № 44-ФЗ ;Выполнение работ по капитальному ремонту объекта капитального строительства - по капитальному ремонту помещений 11, 31 на 3 этаже, 11, 17, 36 на 2 этаже в УК-2;;'261410000114041010100100020074120243;;;8446090.16;RUB;0;;;;;;"ФЕДЕРАЛЬНОЕ ГОСУДАРСТВЕННОЕ БЮДЖЕТНОЕ ОБРАЗОВАТЕЛЬНОЕ УЧРЕЖДЕНИЕ ВЫСШЕГО ОБРАЗОВАНИЯ ""КАМЧАТСКИЙ ГОСУДАРСТВЕННЫЙ ТЕХНИЧЕСКИЙ УНИВЕРСИТЕТ""";"ФЕДЕРАЛЬНОЕ ГОСУДАРСТВЕННОЕ БЮДЖЕТНОЕ ОБРАЗОВАТЕЛЬНОЕ УЧРЕЖДЕНИЕ ВЫСШЕГО ОБРАЗОВАНИЯ ""КАМЧАТСКИЙ ГОСУДАРСТВЕННЫЙ ТЕХНИЧЕСКИЙ УНИВЕРСИТЕТ""";13.02.2026;26.02.2026;Закупка завершена;;;24.02.2026;
44-ФЗ;№0161300005626000002;Электронный аукцион;Содержание автомобильных дорог общего пользования местного значения;;'263650200577265020100100040014211244;;;40400538.51;RUB;0;;;;;;"МУНИЦИПАЛЬНОЕ КАЗЕННОЕ УЧРЕЖДЕНИЕ ""СЛУЖБА ""ЗАКАЗЧИК"" АЛЕКСАНДРОВСК-САХАЛИНСКОГО МУНИЦИПАЛЬНОГО ОКРУГА";"МУНИЦИПАЛЬНОЕ КАЗЕННОЕ УЧРЕЖДЕНИЕ ""СЛУЖБА ""ЗАКАЗЧИК"" АЛЕКСАНДРОВСК-САХАЛИНСКОГО МУНИЦИПАЛЬНОГО ОКРУГА";16.02.2026;26.02.2026;Закупка завершена;;;26.02.2026;
44-ФЗ;№0138200002126000002;Электронный аукцион;Приобретение квартиры  в собственность Камчатского края;;'262410112131241010100100400016810412;;;5653764.00;RUB;0;;;;;;МИНИСТЕРСТВО ИМУЩЕСТВЕННЫХ И ЗЕМЕЛЬНЫХ ОТНОШЕНИЙ КАМЧАТСКОГО КРАЯ;МИНИСТЕРСТВО ИМУЩЕСТВЕННЫХ И ЗЕМЕЛЬНЫХ ОТНОШЕНИЙ КАМЧАТСКОГО КРАЯ;17.02.2026;26.02.2026;Закупка завершена;;;25.02.2026;
44-ФЗ;№0138200002126000001;Электронный аукцион;Приобретение квартиры  в собственность Камчатского края;;'262410112131241010100100070016810412;;;5287312.00;RUB;0;;;;;;МИНИСТЕРСТВО ИМУЩЕСТВЕННЫХ И ЗЕМЕЛЬНЫХ ОТНОШЕНИЙ КАМЧАТСКОГО КРАЯ;МИНИСТЕРСТВО ИМУЩЕСТВЕННЫХ И ЗЕМЕЛЬНЫХ ОТНОШЕНИЙ КАМЧАТСКОГО КРАЯ;17.02.2026;26.02.2026;Закупка завершена;;;25.02.2026;
223-ФЗ;№32615743130;Иной способ;Оказание услуг по организации питания проживающих в гостинице;;;1;Оказание услуг по организации питания проживающих в гостинице;5000000.00;RUB;5000000.00;;;;56.10.11.120: Услуги по обеспечению питанием в ресторанах, кафе и прочих предприятиях без сопровождения развлекательных программ;;"ОБЩЕСТВО С ОГРАНИЧЕННОЙ ОТВЕТСТВЕННОСТЬЮ ""ГОСТИНИЦА ""АГИДЕЛЬ""";"ОБЩЕСТВО С ОГРАНИЧЕННОЙ ОТВЕТСТВЕННОСТЬЮ ""ГОСТИНИЦА ""АГИДЕЛЬ""";26.02.2026;26.02.2026;Закупка завершена;;;27.02.2026 08:00;
44-ФЗ;№0361200015026000176;Электронный аукцион на проведение работ по строительству, реконструкции, кап. ремонту, сносу объекта кап. строительства в соответствии с п. 8 ч. 1 ст. 33 Закона № 44-ФЗ;Капитальный ремонт внутренних помещений корпуса № 2 по адресу: 693022, г. Южно-Сахалинск, ул.2-я Комсомольская, 21 (корпус № 2);;'262650107618565010100100170014120243;;;81003500.00;RUB;0;;;;;;"ГОСУДАРСТВЕННОЕ БЮДЖЕТНОЕ УЧРЕЖДЕНИЕ ЗДРАВООХРАНЕНИЯ САХАЛИНСКОЙ ОБЛАСТИ ""ГОРОДСКАЯ ПОЛИКЛИНИКА № 6 ГОРОДА ЮЖНО-САХАЛИНСКА""";"ГОСУДАРСТВЕННОЕ КАЗЕННОЕ УЧРЕЖДЕНИЕ ""ЦЕНТР ГОСУДАРСТВЕННЫХ ЗАКУПОК САХАЛИНСКОЙ ОБЛАСТИ""";30.01.2026;26.02.2026;Закупка завершена;;;11.02.2026;
44-ФЗ;№0138300000126000048;Электронный аукцион;ЭА44-26 Приобретение однокомнатной благоустроенной квартиры в собственность Елизовского муниципального района для обеспечения детей-сирот и детей, оставшихся без попечения родителей жилыми помещениями в соответствии с Федеральным законом от 21.12.1996 № 159-ФЗ, Законом Камчатского края от 09.10.2012 № 135-ФЗ;;'263410504135441050100100220016810412;;;6189288.75;RUB;0;;;;;;УПРАВЛЕНИЕ ИМУЩЕСТВЕННЫХ ОТНОШЕНИЙ АДМИНИСТРАЦИИ ЕЛИЗОВСКОГО МУНИЦИПАЛЬНОГО РАЙОНА - МУНИЦИПАЛЬНОЕ КАЗЕННОЕ УЧРЕЖДЕНИЕ;УПРАВЛЕНИЕ ЭКОНОМИЧЕСКОГО РАЗВИТИЯ АДМИНИСТРАЦИИ ЕЛИЗОВСКОГО МУНИЦИПАЛЬНОГО РАЙОНА - МУНИЦИПАЛЬНОЕ КАЗЕННОЕ УЧРЕЖДЕНИЕ;17.02.2026;26.02.2026;Закупка завершена;;;26.02.2026;
44-ФЗ;№0156100010826000003;Электронный аукцион;Поставка запасных частей для автотранспортных средств марки УРАЛ Главного управления МЧС России по Пермскому краю;;'261590229344259020100100010010000244;;;17000000.00;RUB;0;;;;;;ГЛАВНОЕ УПРАВЛЕНИЕ МИНИСТЕРСТВА РОССИЙСКОЙ ФЕДЕРАЦИИ ПО ДЕЛАМ ГРАЖДАНСКОЙ ОБОРОНЫ, ЧРЕЗВЫЧАЙНЫМ СИТУАЦИЯМ И ЛИКВИДАЦИИ ПОСЛЕДСТВИЙ СТИХИЙНЫХ БЕДСТВИЙ ПО ПЕРМСКОМУ КРАЮ;ГЛАВНОЕ УПРАВЛЕНИЕ МИНИСТЕРСТВА РОССИЙСКОЙ ФЕДЕРАЦИИ ПО ДЕЛАМ ГРАЖДАНСКОЙ ОБОРОНЫ, ЧРЕЗВЫЧАЙНЫМ СИТУАЦИЯМ И ЛИКВИДАЦИИ ПОСЛЕДСТВИЙ СТИХИЙНЫХ БЕДСТВИЙ ПО ПЕРМСКОМУ КРАЮ;12.02.2026;26.02.2026;Закупка завершена;;;20.02.2026;
44-ФЗ;№0171200001926000358;Электронный аукцион;поставка лекарственных препаратов для медицинского применения (Сатрализумаб) на 2026 год;;'262760404472676040100100140150000323;;;18784168.50;RUB;0;;;;;;МИНИСТЕРСТВО ЗДРАВООХРАНЕНИЯ ЯРОСЛАВСКОЙ ОБЛАСТИ;МИНИСТЕРСТВО КОНКУРЕНТНОЙ ПОЛИТИКИ ЯРОСЛАВСКОЙ ОБЛАСТИ;16.02.2026;25.02.2026;Закупка завершена;;;24.02.2026;
44-ФЗ;№0379200000426000040;Электронный аукцион;Изделия медицинские, в том числе хирургические, прочие, не включенные в другие группировки;;'262090102116509010100100370013250244;;;6729483.80;RUB;0;;;;;;"РЕСПУБЛИКАНСКОЕ ГОСУДАРСТВЕННОЕ БЮДЖЕТНОЕ ЛЕЧЕБНО-ПРОФИЛАКТИЧЕСКОЕ УЧРЕЖДЕНИЕ ""КАРАЧАЕВО-ЧЕРКЕССКАЯ РЕСПУБЛИКАНСКАЯ КЛИНИЧЕСКАЯ БОЛЬНИЦА""";"РЕСПУБЛИКАНСКОЕ ГОСУДАРСТВЕННОЕ БЮДЖЕТНОЕ ЛЕЧЕБНО-ПРОФИЛАКТИЧЕСКОЕ УЧРЕЖДЕНИЕ ""КАРАЧАЕВО-ЧЕРКЕССКАЯ РЕСПУБЛИКАНСКАЯ КЛИНИЧЕСКАЯ БОЛЬНИЦА""";12.02.2026;25.02.2026;Закупка завершена;;;20.02.2026;
44-ФЗ;№0379200000426000041;Электронный аукцион;Услуги по прокату бытовых бельевых изделий;;'262090102116509010100100230027729244;;;5760000.00;RUB;0;;;;;;"РЕСПУБЛИКАНСКОЕ ГОСУДАРСТВЕННОЕ БЮДЖЕТНОЕ ЛЕЧЕБНО-ПРОФИЛАКТИЧЕСКОЕ УЧРЕЖДЕНИЕ ""КАРАЧАЕВО-ЧЕРКЕССКАЯ РЕСПУБЛИКАНСКАЯ КЛИНИЧЕСКАЯ БОЛЬНИЦА""";"РЕСПУБЛИКАНСКОЕ ГОСУДАРСТВЕННОЕ БЮДЖЕТНОЕ ЛЕЧЕБНО-ПРОФИЛАКТИЧЕСКОЕ УЧРЕЖДЕНИЕ ""КАРАЧАЕВО-ЧЕРКЕССКАЯ РЕСПУБЛИКАНСКАЯ КЛИНИЧЕСКАЯ БОЛЬНИЦА""";12.02.2026;25.02.2026;Закупка завершена;;;20.02.2026;
44-ФЗ;№0173100009126000036;Электронный аукцион;Закупка медицинского оборудования;;'261773452141977340100100110032660244;;;68161264.00;RUB;0;;;;;;ФЕДЕРАЛЬНОЕ МЕДИКО-БИОЛОГИЧЕСКОЕ АГЕНТСТВО;ФЕДЕРАЛЬНОЕ МЕДИКО-БИОЛОГИЧЕСКОЕ АГЕНТСТВО;04.02.2026;25.02.2026;Закупка завершена;;;13.02.2026;
44-ФЗ;№0330100003126000009;Электронный аукцион;Поставка сухого полнорационного корма (корм для непродуктивных животных) для служебных собак, в рамках государственного оборонного заказа, в соответствии с техническим заданием и спецификацией.;;'261352509286435250100100000161092223;;;7201149.00;RUB;0;;;;;;УПРАВЛЕНИЕ ФЕДЕРАЛЬНОЙ СЛУЖБЫ ИСПОЛНЕНИЯ НАКАЗАНИЙ ПО ВОЛОГОДСКОЙ ОБЛАСТИ;УПРАВЛЕНИЕ ФЕДЕРАЛЬНОЙ СЛУЖБЫ ИСПОЛНЕНИЯ НАКАЗАНИЙ ПО ВОЛОГОДСКОЙ ОБЛАСТИ;14.02.2026;25.02.2026;Закупка завершена;;;24.02.2026;
44-ФЗ;№0173100009126000028;Электронный аукцион;Закупка медицинского оборудования;;'261773452141977340100100110012660244;;;26516000.00;RUB;0;;;;;;ФЕДЕРАЛЬНОЕ МЕДИКО-БИОЛОГИЧЕСКОЕ АГЕНТСТВО;ФЕДЕРАЛЬНОЕ МЕДИКО-БИОЛОГИЧЕСКОЕ АГЕНТСТВО;03.02.2026;25.02.2026;Закупка завершена;;;11.02.2026;
44-ФЗ;№0172200000326000004;Открытый конкурс в электронной форме;Выполнение работ по ремонту, реставрации и приспособлению для современного использования в части  гидроизоляции крылец, помещений первого этажа (102,109) здания – Отдела-дворца регистрации актов гражданского состояния Пушкинского района Санкт-Петербурга, расположенного по адресу: Санкт-Петербург, г. Пушкин, ул. Садовая, д. 22, лит. А (крыльца 1 и 2) ;;'262782505267678400100100010010000244;;;24535263.00;RUB;0;;;;;;КОМИТЕТ ПО ДЕЛАМ ЗАПИСИ АКТОВ ГРАЖДАНСКОГО СОСТОЯНИЯ;КОМИТЕТ ПО ДЕЛАМ ЗАПИСИ АКТОВ ГРАЖДАНСКОГО СОСТОЯНИЯ;04.02.2026;25.02.2026;Закупка завершена;;;20.02.2026;
44-ФЗ;№0335200014926000217;Электронный аукцион;Благоустройство территорий общего пользования в г. Светлогорске Калининградской области по объекту: ОТИУМ-ПАРК;;'263391250270139120100100010014399244;;;228177513.37;RUB;0;;;;;;"МУНИЦИПАЛЬНОЕ БЮДЖЕТНОЕ УЧРЕЖДЕНИЕ ""ОТДЕЛ КАПИТАЛЬНОГО СТРОИТЕЛЬСТВА СВЕТЛОГОРСКОГО ГОРОДСКОГО ОКРУГА""";"ГОСУДАРСТВЕННОЕ КАЗЕННОЕ УЧРЕЖДЕНИЕ КАЛИНИНГРАДСКОЙ ОБЛАСТИ ""ЦЕНТР ОБЕСПЕЧЕНИЯ ОРГАНИЗАЦИИ И ПРОВЕДЕНИЯ ТОРГОВ""";09.02.2026;25.02.2026;Закупка завершена;;;20.02.2026;
44-ФЗ;№0359100004826000004;Электронный аукцион на проведение работ по строительству, реконструкции, кап. ремонту, сносу объекта кап. строительства в соответствии с п. 8 ч. 1 ст. 33 Закона № 44-ФЗ;Выполнение работ по капитальному ремонту помещения кухни и санузла на 1 этаже 8-этажного здания (общежитие) (Литера М) Академии ФСИН России ;;'261623101212462340100100090010000243;;;8910670.94;RUB;0;;;;;;"ФЕДЕРАЛЬНОЕ КАЗЕННОЕ ОБРАЗОВАТЕЛЬНОЕ УЧРЕЖДЕНИЕ ВЫСШЕГО ОБРАЗОВАНИЯ ""АКАДЕМИЯ ПРАВА И УПРАВЛЕНИЯ ФЕДЕРАЛЬНОЙ СЛУЖБЫ ИСПОЛНЕНИЯ НАКАЗАНИЙ""";"ФЕДЕРАЛЬНОЕ КАЗЕННОЕ ОБРАЗОВАТЕЛЬНОЕ УЧРЕЖДЕНИЕ ВЫСШЕГО ОБРАЗОВАНИЯ ""АКАДЕМИЯ ПРАВА И УПРАВЛЕНИЯ ФЕДЕРАЛЬНОЙ СЛУЖБЫ ИСПОЛНЕНИЯ НАКАЗАНИЙ""";13.02.2026;25.02.2026;Закупка завершена;;;24.02.2026;
44-ФЗ;№0373200087826000379;Запрос котировок в электронной форме;Поставка расходных материалов для аппаратов упаковки биологических образцов Tissue/Seal Safe для нужд ГБУЗ «ММКЦ «Коммунарка» ДЗМ».								 								 ;;'262771609955477510100103960010000244;;;6773170.00;RUB;0;;;;;;"ГОСУДАРСТВЕННОЕ БЮДЖЕТНОЕ УЧРЕЖДЕНИЕ ЗДРАВООХРАНЕНИЯ ГОРОДА МОСКВЫ ""МОСКОВСКИЙ МНОГОПРОФИЛЬНЫЙ КЛИНИЧЕСКИЙ ЦЕНТР ""КОММУНАРКА"" ДЕПАРТАМЕНТА ЗДРАВООХРАНЕНИЯ ГОРОДА МОСКВЫ""";"ГОСУДАРСТВЕННОЕ БЮДЖЕТНОЕ УЧРЕЖДЕНИЕ ЗДРАВООХРАНЕНИЯ ГОРОДА МОСКВЫ ""МОСКОВСКИЙ МНОГОПРОФИЛЬНЫЙ КЛИНИЧЕСКИЙ ЦЕНТР ""КОММУНАРКА"" ДЕПАРТАМЕНТА ЗДРАВООХРАНЕНИЯ ГОРОДА МОСКВЫ""";17.02.2026;25.02.2026;Закупка завершена;;;25.02.2026;
44-ФЗ;№0373200087826000394;Запрос котировок в электронной форме;Поставка лекарственного препарата МНН: Омепразол для нужд ГБУЗ «ММКЦ «Коммунарка» ДЗМ»;;'262771609955477510100103940010000244;;;5662080.00;RUB;0;;;;;;"ГОСУДАРСТВЕННОЕ БЮДЖЕТНОЕ УЧРЕЖДЕНИЕ ЗДРАВООХРАНЕНИЯ ГОРОДА МОСКВЫ ""МОСКОВСКИЙ МНОГОПРОФИЛЬНЫЙ КЛИНИЧЕСКИЙ ЦЕНТР ""КОММУНАРКА"" ДЕПАРТАМЕНТА ЗДРАВООХРАНЕНИЯ ГОРОДА МОСКВЫ""";"ГОСУДАРСТВЕННОЕ БЮДЖЕТНОЕ УЧРЕЖДЕНИЕ ЗДРАВООХРАНЕНИЯ ГОРОДА МОСКВЫ ""МОСКОВСКИЙ МНОГОПРОФИЛЬНЫЙ КЛИНИЧЕСКИЙ ЦЕНТР ""КОММУНАРКА"" ДЕПАРТАМЕНТА ЗДРАВООХРАНЕНИЯ ГОРОДА МОСКВЫ""";17.02.2026;25.02.2026;Закупка завершена;;;25.02.2026;
44-ФЗ;№0373200087826000395;Электронный аукцион;Поставка лекарственного препарата МНН: Аминокислоты для парентерального питания+Прочие препараты [Жировые эмульсии для парентерального питания+Декстроза+Минералы] для нужд ГБУЗ «ММКЦ «Коммунарка» ДЗМ»;;'262771609955477510100103950010000244;;;13202376.96;RUB;0;;;;;;"ГОСУДАРСТВЕННОЕ БЮДЖЕТНОЕ УЧРЕЖДЕНИЕ ЗДРАВООХРАНЕНИЯ ГОРОДА МОСКВЫ ""МОСКОВСКИЙ МНОГОПРОФИЛЬНЫЙ КЛИНИЧЕСКИЙ ЦЕНТР ""КОММУНАРКА"" ДЕПАРТАМЕНТА ЗДРАВООХРАНЕНИЯ ГОРОДА МОСКВЫ""";"ГОСУДАРСТВЕННОЕ БЮДЖЕТНОЕ УЧРЕЖДЕНИЕ ЗДРАВООХРАНЕНИЯ ГОРОДА МОСКВЫ ""МОСКОВСКИЙ МНОГОПРОФИЛЬНЫЙ КЛИНИЧЕСКИЙ ЦЕНТР ""КОММУНАРКА"" ДЕПАРТАМЕНТА ЗДРАВООХРАНЕНИЯ ГОРОДА МОСКВЫ""";17.02.2026;25.02.2026;Закупка завершена;;;25.02.2026;
44-ФЗ;№0145100003726000001;Электронный аукцион;Приобретение служебного жилья для нужд прокуратуры Ленинградской области;;'261780201578078140100100210016810412;;;18779055.74;RUB;0;;;;;;ПРОКУРАТУРА ЛЕНИНГРАДСКОЙ ОБЛАСТИ;ПРОКУРАТУРА ЛЕНИНГРАДСКОЙ ОБЛАСТИ;17.02.2026;25.02.2026;Закупка завершена;;;25.02.2026;
44-ФЗ;№0373200087826000381;Электронный аукцион;"Поставка изделий медицинского назначения ""Катетер для периферических сосудов"" для нужд ГБУЗ «ММКЦ «Коммунарка» ДЗМ».";;'262771609955477510100104050010000244;;;27491091.60;RUB;0;;;;;;"ГОСУДАРСТВЕННОЕ БЮДЖЕТНОЕ УЧРЕЖДЕНИЕ ЗДРАВООХРАНЕНИЯ ГОРОДА МОСКВЫ ""МОСКОВСКИЙ МНОГОПРОФИЛЬНЫЙ КЛИНИЧЕСКИЙ ЦЕНТР ""КОММУНАРКА"" ДЕПАРТАМЕНТА ЗДРАВООХРАНЕНИЯ ГОРОДА МОСКВЫ""";"ГОСУДАРСТВЕННОЕ БЮДЖЕТНОЕ УЧРЕЖДЕНИЕ ЗДРАВООХРАНЕНИЯ ГОРОДА МОСКВЫ ""МОСКОВСКИЙ МНОГОПРОФИЛЬНЫЙ КЛИНИЧЕСКИЙ ЦЕНТР ""КОММУНАРКА"" ДЕПАРТАМЕНТА ЗДРАВООХРАНЕНИЯ ГОРОДА МОСКВЫ""";17.02.2026;25.02.2026;Закупка завершена;;;25.02.2026;
44-ФЗ;№0373200087826000296;Открытый конкурс в электронной форме;Оказание услуг по выполнению функций младшего медицинского персонала по адресу: г. Москва, п. Сосенское, п. Коммунарка, ул. Сосенский стан, д. 8;;'262771609955477510100101780010000244;;;27918181.44;RUB;0;;;;;;"ГОСУДАРСТВЕННОЕ БЮДЖЕТНОЕ УЧРЕЖДЕНИЕ ЗДРАВООХРАНЕНИЯ ГОРОДА МОСКВЫ ""МОСКОВСКИЙ МНОГОПРОФИЛЬНЫЙ КЛИНИЧЕСКИЙ ЦЕНТР ""КОММУНАРКА"" ДЕПАРТАМЕНТА ЗДРАВООХРАНЕНИЯ ГОРОДА МОСКВЫ""";"ГОСУДАРСТВЕННОЕ БЮДЖЕТНОЕ УЧРЕЖДЕНИЕ ЗДРАВООХРАНЕНИЯ ГОРОДА МОСКВЫ ""МОСКОВСКИЙ МНОГОПРОФИЛЬНЫЙ КЛИНИЧЕСКИЙ ЦЕНТР ""КОММУНАРКА"" ДЕПАРТАМЕНТА ЗДРАВООХРАНЕНИЯ ГОРОДА МОСКВЫ""";09.02.2026;25.02.2026;Закупка завершена;;;25.02.2026;
44-ФЗ;№0373200087826000392;Электронный аукцион;"Поставка лекарственного препарата МНН: Индоцианин зеленый для нужд ГБУЗ ""ММКЦ ""Коммунарка"" ДЗМ""";;'262771609955477510100103910010000244;;;14406070.25;RUB;0;;;;;;"ГОСУДАРСТВЕННОЕ БЮДЖЕТНОЕ УЧРЕЖДЕНИЕ ЗДРАВООХРАНЕНИЯ ГОРОДА МОСКВЫ ""МОСКОВСКИЙ МНОГОПРОФИЛЬНЫЙ КЛИНИЧЕСКИЙ ЦЕНТР ""КОММУНАРКА"" ДЕПАРТАМЕНТА ЗДРАВООХРАНЕНИЯ ГОРОДА МОСКВЫ""";"ГОСУДАРСТВЕННОЕ БЮДЖЕТНОЕ УЧРЕЖДЕНИЕ ЗДРАВООХРАНЕНИЯ ГОРОДА МОСКВЫ ""МОСКОВСКИЙ МНОГОПРОФИЛЬНЫЙ КЛИНИЧЕСКИЙ ЦЕНТР ""КОММУНАРКА"" ДЕПАРТАМЕНТА ЗДРАВООХРАНЕНИЯ ГОРОДА МОСКВЫ""";17.02.2026;25.02.2026;Закупка завершена;;;25.02.2026;
44-ФЗ;№0373200087826000380;Электронный аукцион;Поставка изделий медицинского назначения «Инфузионный мешок» для нужд ГБУЗ «ММКЦ «Коммунарка» ДЗМ».;;'262771609955477510100103990010000244;;;5444400.00;RUB;0;;;;;;"ГОСУДАРСТВЕННОЕ БЮДЖЕТНОЕ УЧРЕЖДЕНИЕ ЗДРАВООХРАНЕНИЯ ГОРОДА МОСКВЫ ""МОСКОВСКИЙ МНОГОПРОФИЛЬНЫЙ КЛИНИЧЕСКИЙ ЦЕНТР ""КОММУНАРКА"" ДЕПАРТАМЕНТА ЗДРАВООХРАНЕНИЯ ГОРОДА МОСКВЫ""";"ГОСУДАРСТВЕННОЕ БЮДЖЕТНОЕ УЧРЕЖДЕНИЕ ЗДРАВООХРАНЕНИЯ ГОРОДА МОСКВЫ ""МОСКОВСКИЙ МНОГОПРОФИЛЬНЫЙ КЛИНИЧЕСКИЙ ЦЕНТР ""КОММУНАРКА"" ДЕПАРТАМЕНТА ЗДРАВООХРАНЕНИЯ ГОРОДА МОСКВЫ""";17.02.2026;25.02.2026;Закупка завершена;;;25.02.2026;
44-ФЗ;№0373200087826000390;Электронный аукцион;"Поставка изделий медицинского назначения ""Контур дыхательный анестезиологический, одноразового использования"" для нужд ГБУЗ ""ММКЦ ""Коммунарка"" ДЗМ"".";;'262771609955477510100100540010000244;;;29940360.00;RUB;0;;;;;;"ГОСУДАРСТВЕННОЕ БЮДЖЕТНОЕ УЧРЕЖДЕНИЕ ЗДРАВООХРАНЕНИЯ ГОРОДА МОСКВЫ ""МОСКОВСКИЙ МНОГОПРОФИЛЬНЫЙ КЛИНИЧЕСКИЙ ЦЕНТР ""КОММУНАРКА"" ДЕПАРТАМЕНТА ЗДРАВООХРАНЕНИЯ ГОРОДА МОСКВЫ""";"ГОСУДАРСТВЕННОЕ БЮДЖЕТНОЕ УЧРЕЖДЕНИЕ ЗДРАВООХРАНЕНИЯ ГОРОДА МОСКВЫ ""МОСКОВСКИЙ МНОГОПРОФИЛЬНЫЙ КЛИНИЧЕСКИЙ ЦЕНТР ""КОММУНАРКА"" ДЕПАРТАМЕНТА ЗДРАВООХРАНЕНИЯ ГОРОДА МОСКВЫ""";17.02.2026;25.02.2026;Закупка завершена;;;25.02.2026;
44-ФЗ;№0373200087826000350;Электронный аукцион;Поставка медицинского изделия «Катетер для доступа и доставки системы прямой визуализации для холангиоскопии» для нужд ГБУЗ «ММКЦ «Коммунарка» ДЗМ»;;'262771609955477510100103290010000244;;;6080000.00;RUB;0;;;;;;"ГОСУДАРСТВЕННОЕ БЮДЖЕТНОЕ УЧРЕЖДЕНИЕ ЗДРАВООХРАНЕНИЯ ГОРОДА МОСКВЫ ""МОСКОВСКИЙ МНОГОПРОФИЛЬНЫЙ КЛИНИЧЕСКИЙ ЦЕНТР ""КОММУНАРКА"" ДЕПАРТАМЕНТА ЗДРАВООХРАНЕНИЯ ГОРОДА МОСКВЫ""";"ГОСУДАРСТВЕННОЕ БЮДЖЕТНОЕ УЧРЕЖДЕНИЕ ЗДРАВООХРАНЕНИЯ ГОРОДА МОСКВЫ ""МОСКОВСКИЙ МНОГОПРОФИЛЬНЫЙ КЛИНИЧЕСКИЙ ЦЕНТР ""КОММУНАРКА"" ДЕПАРТАМЕНТА ЗДРАВООХРАНЕНИЯ ГОРОДА МОСКВЫ""";13.02.2026;25.02.2026;Закупка завершена;;;24.02.2026;
44-ФЗ;№0111300074026000009;Электронный аукцион;Выполнение работ по вывозу снега г. Чистополь в 2026г.;;'263165201179016520100100100018129244;;;5000000.00;RUB;0;;;;;;ЧИСТОПОЛЬСКИЙ ГОРОДСКОЙ ИСПОЛНИТЕЛЬНЫЙ КОМИТЕТ ЧИСТОПОЛЬСКОГО МУНИЦИПАЛЬНОГО РАЙОНА РЕСПУБЛИКИ ТАТАРСТАН;ИСПОЛНИТЕЛЬНЫЙ КОМИТЕТ ЧИСТОПОЛЬСКОГО МУНИЦИПАЛЬНОГО РАЙОНА РЕСПУБЛИКИ ТАТАРСТАН;13.02.2026;25.02.2026;Закупка завершена;;;24.02.2026;
44-ФЗ;№0127300011126000002;Электронный аукцион на проведение работ по строительству, реконструкции, кап. ремонту, сносу объекта кап. строительства в соответствии с п. 8 ч. 1 ст. 33 Закона № 44-ФЗ;Капитальный ремонт сетей водоснабжения по ул.Садовой, ул.Нагорной, ул.Колхозной, ул.Затинской, ул.Первомайской, ул.Октябрьской и ул.Стародубской в г.Почеп Брянской области;;'263322400181732520100100400014221243;;;14234776.55;RUB;0;;;;;;АДМИНИСТРАЦИЯ ПОЧЕПСКОГО РАЙОНА;АДМИНИСТРАЦИЯ ПОЧЕПСКОГО РАЙОНА;13.02.2026;25.02.2026;Закупка завершена;;;24.02.2026;
44-ФЗ;№0335200014926000244;Электронный аукцион;"Ремонт дорожного покрытия по ул. Заливная (от ул. Советская до магазина ""Рыбный""), пос. Взморье, Калининградская область";;'263391300051039130100101100014211244;;;8372848.37;RUB;0;;;;;;"АДМИНИСТРАЦИЯ МУНИЦИПАЛЬНОГО ОБРАЗОВАНИЯ ""СВЕТЛОВСКИЙ ГОРОДСКОЙ ОКРУГ"" КАЛИНИНГРАДСКОЙ ОБЛАСТИ";"ГОСУДАРСТВЕННОЕ КАЗЕННОЕ УЧРЕЖДЕНИЕ КАЛИНИНГРАДСКОЙ ОБЛАСТИ ""ЦЕНТР ОБЕСПЕЧЕНИЯ ОРГАНИЗАЦИИ И ПРОВЕДЕНИЯ ТОРГОВ""";11.02.2026;25.02.2026;Закупка завершена;;;20.02.2026;
44-ФЗ;№0144100008026000011;Электронный аукцион на проведение работ по строительству, реконструкции, кап. ремонту, сносу объекта кап. строительства в соответствии с п. 8 ч. 1 ст. 33 Закона № 44-ФЗ;Капитальный ремонт фасадов зданий Советского районного суда Курской области и Ленинского районного суда г. Курска;;'261462904618046320100100050014120243;;;13380500.00;RUB;0;;;;;;УПРАВЛЕНИЕ СУДЕБНОГО ДЕПАРТАМЕНТА В КУРСКОЙ ОБЛАСТИ;УПРАВЛЕНИЕ СУДЕБНОГО ДЕПАРТАМЕНТА В КУРСКОЙ ОБЛАСТИ;11.02.2026;25.02.2026;Закупка завершена;;;19.02.2026;
44-ФЗ;№0818500000826000784;Электронный аукцион;Поставка лекарственных препаратов для медицинского применения: Иммуноглобулин человека нормальный;;'262230905305823100100104850012120323;;;147056312.00;RUB;0;;;;;;МИНИСТЕРСТВО ЗДРАВООХРАНЕНИЯ КРАСНОДАРСКОГО КРАЯ;"ГОСУДАРСТВЕННОЕ КАЗЕННОЕ УЧРЕЖДЕНИЕ КРАСНОДАРСКОГО КРАЯ ""ДИРЕКЦИЯ ГОСУДАРСТВЕННЫХ ЗАКУПОК""";13.02.2026;25.02.2026;Закупка завершена;;;24.02.2026;
44-ФЗ;№0818500000826000779;Электронный аукцион;Оказание услуг по  ремонту и техническому обслуживанию электронного и оптического оборудования с заменой запасных частей;;'262230910215323090100100050023313244;;;5876196.35;RUB;0;;;;;;"ГОСУДАРСТВЕННОЕ БЮДЖЕТНОЕ УЧРЕЖДЕНИЕ ЗДРАВООХРАНЕНИЯ ""КЛИНИЧЕСКИЙ ОНКОЛОГИЧЕСКИЙ ДИСПАНСЕР № 1"" МИНИСТЕРСТВА ЗДРАВООХРАНЕНИЯ КРАСНОДАРСКОГО КРАЯ";"ГОСУДАРСТВЕННОЕ КАЗЕННОЕ УЧРЕЖДЕНИЕ КРАСНОДАРСКОГО КРАЯ ""ДИРЕКЦИЯ ГОСУДАРСТВЕННЫХ ЗАКУПОК""";13.02.2026;25.02.2026;Закупка завершена;;;24.02.2026;
44-ФЗ;№0818500000826000904;Электронный аукцион;Поставка лекарственных препаратов для медицинского применения: Омализумаб;;'262230905305823100100104840012120323;;;10854462.00;RUB;0;;;;;;МИНИСТЕРСТВО ЗДРАВООХРАНЕНИЯ КРАСНОДАРСКОГО КРАЯ;"ГОСУДАРСТВЕННОЕ КАЗЕННОЕ УЧРЕЖДЕНИЕ КРАСНОДАРСКОГО КРАЯ ""ДИРЕКЦИЯ ГОСУДАРСТВЕННЫХ ЗАКУПОК""";16.02.2026;25.02.2026;Закупка завершена;;;24.02.2026;
44-ФЗ;№0818500000826000905;Электронный аукцион;Поставка лекарственных препаратов для медицинского применения: Лейпрорелин;;'262230905305823100100104900012120323;;;9982714.50;RUB;0;;;;;;МИНИСТЕРСТВО ЗДРАВООХРАНЕНИЯ КРАСНОДАРСКОГО КРАЯ;"ГОСУДАРСТВЕННОЕ КАЗЕННОЕ УЧРЕЖДЕНИЕ КРАСНОДАРСКОГО КРАЯ ""ДИРЕКЦИЯ ГОСУДАРСТВЕННЫХ ЗАКУПОК""";16.02.2026;25.02.2026;Закупка завершена;;;24.02.2026;
44-ФЗ;№0818500000826000781;Электронный аукцион;Поставка медицинских расходных материалов для заготовки крови и её компонентов (наборы для донорской крови);;'262230907774023090100100150013250244;;;11790000.00;RUB;0;;;;;;"ГОСУДАРСТВЕННОЕ БЮДЖЕТНОЕ УЧРЕЖДЕНИЕ ЗДРАВООХРАНЕНИЯ ""СТАНЦИЯ ПЕРЕЛИВАНИЯ КРОВИ"" МИНИСТЕРСТВА ЗДРАВООХРАНЕНИЯ КРАСНОДАРСКОГО КРАЯ";"ГОСУДАРСТВЕННОЕ КАЗЕННОЕ УЧРЕЖДЕНИЕ КРАСНОДАРСКОГО КРАЯ ""ДИРЕКЦИЯ ГОСУДАРСТВЕННЫХ ЗАКУПОК""";13.02.2026;25.02.2026;Закупка завершена;;;24.02.2026;
44-ФЗ;№0335200014926000295;Электронный аукцион;на поставку лекарственных препаратов для медицинского применения (МНН: Ланаделумаб);;'262391751525339060100100050980000323;;;56500001.00;RUB;0;;;;;;"ГОСУДАРСТВЕННОЕ КАЗЕННОЕ УЧРЕЖДЕНИЕ ""КАЛИНИНГРАДСКАЯ ОБЛАСТНАЯ ФАРМАЦЕВТИЧЕСКАЯ КОМПАНИЯ""";"ГОСУДАРСТВЕННОЕ КАЗЕННОЕ УЧРЕЖДЕНИЕ КАЛИНИНГРАДСКОЙ ОБЛАСТИ ""ЦЕНТР ОБЕСПЕЧЕНИЯ ОРГАНИЗАЦИИ И ПРОВЕДЕНИЯ ТОРГОВ""";12.02.2026;25.02.2026;Закупка завершена;;;25.02.2026;
44-ФЗ;№0335200014926000294;Электронный аукцион;"на оказание услуг по техническому обслуживанию оборудования ЦСО (централизованное стерилизационное отделение) для нужд Государственного бюджетного учреждения здравоохранения ""Онкологический Центр Калининградской области""";;'262390696244339060100100140013312244;;;9465885.00;RUB;0;;;;;;"ГОСУДАРСТВЕННОЕ БЮДЖЕТНОЕ УЧРЕЖДЕНИЕ ЗДРАВООХРАНЕНИЯ ""ОНКОЛОГИЧЕСКИЙ ЦЕНТР КАЛИНИНГРАДСКОЙ ОБЛАСТИ""";"ГОСУДАРСТВЕННОЕ КАЗЕННОЕ УЧРЕЖДЕНИЕ КАЛИНИНГРАДСКОЙ ОБЛАСТИ ""ЦЕНТР ОБЕСПЕЧЕНИЯ ОРГАНИЗАЦИИ И ПРОВЕДЕНИЯ ТОРГОВ""";13.02.2026;25.02.2026;Закупка завершена;;;24.02.2026;
44-ФЗ;№0875300055826000001;Электронный аукцион;Закупка и установка модульного здания (конструкции) «Модульный дом культуры» в с. Криничное Белогорского района Республики Крым;;'263910900723391090100100110012511244;;;23404255.32;RUB;0;;;;;;"МУНИЦИПАЛЬНОЕ КАЗЕННОЕ УЧРЕЖДЕНИЕ КУЛЬТУРЫ ""ЦЕНТРАЛИЗОВАННАЯ КЛУБНАЯ СИСТЕМА БЕЛОГОРСКОГО РАЙОНА"" РЕСПУБЛИКИ КРЫМ";"МУНИЦИПАЛЬНОЕ КАЗЕННОЕ УЧРЕЖДЕНИЕ КУЛЬТУРЫ ""ЦЕНТРАЛИЗОВАННАЯ КЛУБНАЯ СИСТЕМА БЕЛОГОРСКОГО РАЙОНА"" РЕСПУБЛИКИ КРЫМ";12.02.2026;25.02.2026;Закупка завершена;;;20.02.2026;
44-ФЗ;№0335200014926000243;Электронный аукцион;"Установка детской игровой и спортивной площадки (воркаут) по ул. Заливная,36А в пос. Взморье, МО ""Светловский городской округ"" Калининградской области";;'263391300051039130100101110014399244;;;5800403.54;RUB;0;;;;;;"АДМИНИСТРАЦИЯ МУНИЦИПАЛЬНОГО ОБРАЗОВАНИЯ ""СВЕТЛОВСКИЙ ГОРОДСКОЙ ОКРУГ"" КАЛИНИНГРАДСКОЙ ОБЛАСТИ";"ГОСУДАРСТВЕННОЕ КАЗЕННОЕ УЧРЕЖДЕНИЕ КАЛИНИНГРАДСКОЙ ОБЛАСТИ ""ЦЕНТР ОБЕСПЕЧЕНИЯ ОРГАНИЗАЦИИ И ПРОВЕДЕНИЯ ТОРГОВ""";11.02.2026;25.02.2026;Закупка завершена;;;20.02.2026;
44-ФЗ;№0373100031926000110;Запрос котировок в электронной форме;Поставка лекарственного препарата для медицинского применения МНН Альбумин человека;;'261770503432277050100100220542120244;;;9265500.00;RUB;0;;;;;;"ФЕДЕРАЛЬНОЕ ГОСУДАРСТВЕННОЕ БЮДЖЕТНОЕ УЧРЕЖДЕНИЕ ""НАЦИОНАЛЬНЫЙ МЕДИЦИНСКИЙ ИССЛЕДОВАТЕЛЬСКИЙ ЦЕНТР ХИРУРГИИ ИМЕНИ А.В. ВИШНЕВСКОГО"" МИНИСТЕРСТВА ЗДРАВООХРАНЕНИЯ РОССИЙСКОЙ ФЕДЕРАЦИИ";"ФЕДЕРАЛЬНОЕ ГОСУДАРСТВЕННОЕ БЮДЖЕТНОЕ УЧРЕЖДЕНИЕ ""НАЦИОНАЛЬНЫЙ МЕДИЦИНСКИЙ ИССЛЕДОВАТЕЛЬСКИЙ ЦЕНТР ХИРУРГИИ ИМЕНИ А.В. ВИШНЕВСКОГО"" МИНИСТЕРСТВА ЗДРАВООХРАНЕНИЯ РОССИЙСКОЙ ФЕДЕРАЦИИ";16.02.2026;25.02.2026;Закупка завершена;;;25.02.2026;
44-ФЗ;№0335200014926000271;Электронный аукцион;на оказание охранных услуг;;'262390801098639060100100140018010244;;;7109760.00;RUB;0;;;;;;"ГОСУДАРСТВЕННОЕ БЮДЖЕТНОЕ УЧРЕЖДЕНИЕ ЗДРАВООХРАНЕНИЯ КАЛИНИНГРАДСКОЙ ОБЛАСТИ ""ЦЕНТРАЛЬНАЯ ГОРОДСКАЯ КЛИНИЧЕСКАЯ БОЛЬНИЦА""";"ГОСУДАРСТВЕННОЕ КАЗЕННОЕ УЧРЕЖДЕНИЕ КАЛИНИНГРАДСКОЙ ОБЛАСТИ ""ЦЕНТР ОБЕСПЕЧЕНИЯ ОРГАНИЗАЦИИ И ПРОВЕДЕНИЯ ТОРГОВ""";12.02.2026;25.02.2026;Закупка завершена;;;24.02.2026;
44-ФЗ;№0818500000826000906;Электронный аукцион;Поставка лекарственных препаратов для медицинского применения: Дазатиниб;;'262230905305823100100105040012120323;;;14414496.00;RUB;0;;;;;;МИНИСТЕРСТВО ЗДРАВООХРАНЕНИЯ КРАСНОДАРСКОГО КРАЯ;"ГОСУДАРСТВЕННОЕ КАЗЕННОЕ УЧРЕЖДЕНИЕ КРАСНОДАРСКОГО КРАЯ ""ДИРЕКЦИЯ ГОСУДАРСТВЕННЫХ ЗАКУПОК""";16.02.2026;25.02.2026;Закупка завершена;;;24.02.2026;
44-ФЗ;№0818500000826000777;Электронный аукцион;Оказание услуг по техническому обслуживанию  электронного и оптического оборудования с заменой запасных частей;;'262230910215323090100100050033313244;;;8637158.57;RUB;0;;;;;;"ГОСУДАРСТВЕННОЕ БЮДЖЕТНОЕ УЧРЕЖДЕНИЕ ЗДРАВООХРАНЕНИЯ ""КЛИНИЧЕСКИЙ ОНКОЛОГИЧЕСКИЙ ДИСПАНСЕР № 1"" МИНИСТЕРСТВА ЗДРАВООХРАНЕНИЯ КРАСНОДАРСКОГО КРАЯ";"ГОСУДАРСТВЕННОЕ КАЗЕННОЕ УЧРЕЖДЕНИЕ КРАСНОДАРСКОГО КРАЯ ""ДИРЕКЦИЯ ГОСУДАРСТВЕННЫХ ЗАКУПОК""";13.02.2026;25.02.2026;Закупка завершена;;;24.02.2026;
44-ФЗ;№0818500000826000808;Электронный аукцион;Поставка лекарственного препарата для медицинского применения: Пембролизумаб;;'263234000265823400100101650012120244;;;7500000.00;RUB;0;;;;;;"ГОСУДАРСТВЕННОЕ БЮДЖЕТНОЕ УЧРЕЖДЕНИЕ ЗДРАВООХРАНЕНИЯ ""КУЩЕВСКАЯ ЦЕНТРАЛЬНАЯ РАЙОННАЯ БОЛЬНИЦА"" МИНИСТЕРСТВА ЗДРАВООХРАНЕНИЯ КРАСНОДАРСКОГО КРАЯ";"ГОСУДАРСТВЕННОЕ КАЗЕННОЕ УЧРЕЖДЕНИЕ КРАСНОДАРСКОГО КРАЯ ""ДИРЕКЦИЯ ГОСУДАРСТВЕННЫХ ЗАКУПОК""";13.02.2026;25.02.2026;Закупка завершена;;;24.02.2026;
44-ФЗ;№0818500000826000774;Электронный аукцион;Поставка лекарственных препаратов для медицинского применения: Ибрутиниб;;'262230905305823100100105060012120323;;;84811140.00;RUB;0;;;;;;МИНИСТЕРСТВО ЗДРАВООХРАНЕНИЯ КРАСНОДАРСКОГО КРАЯ;"ГОСУДАРСТВЕННОЕ КАЗЕННОЕ УЧРЕЖДЕНИЕ КРАСНОДАРСКОГО КРАЯ ""ДИРЕКЦИЯ ГОСУДАРСТВЕННЫХ ЗАКУПОК""";13.02.2026;25.02.2026;Закупка завершена;;;24.02.2026;
44-ФЗ;№0818500000826000809;Электронный аукцион;Поставка лекарственных препаратов для медицинского применения: Бозутиниб;;'262230905305823100100104980012120323;;;5841435.60;RUB;0;;;;;;МИНИСТЕРСТВО ЗДРАВООХРАНЕНИЯ КРАСНОДАРСКОГО КРАЯ;"ГОСУДАРСТВЕННОЕ КАЗЕННОЕ УЧРЕЖДЕНИЕ КРАСНОДАРСКОГО КРАЯ ""ДИРЕКЦИЯ ГОСУДАРСТВЕННЫХ ЗАКУПОК""";13.02.2026;25.02.2026;Закупка завершена;;;24.02.2026;
44-ФЗ;№0818500000826000763;Электронный аукцион;Поставка медицинских изделий для in vitro диагностики;;'262230910215323090100100150130000244;;;10663049.76;RUB;0;;;;;;"ГОСУДАРСТВЕННОЕ БЮДЖЕТНОЕ УЧРЕЖДЕНИЕ ЗДРАВООХРАНЕНИЯ ""КЛИНИЧЕСКИЙ ОНКОЛОГИЧЕСКИЙ ДИСПАНСЕР № 1"" МИНИСТЕРСТВА ЗДРАВООХРАНЕНИЯ КРАСНОДАРСКОГО КРАЯ";"ГОСУДАРСТВЕННОЕ КАЗЕННОЕ УЧРЕЖДЕНИЕ КРАСНОДАРСКОГО КРАЯ ""ДИРЕКЦИЯ ГОСУДАРСТВЕННЫХ ЗАКУПОК""";13.02.2026;25.02.2026;Закупка завершена;;;24.02.2026;
44-ФЗ;№0321100017226000010;Электронный аукцион на проведение работ по строительству, реконструкции, кап. ремонту, сносу объекта кап. строительства в соответствии с п. 8 ч. 1 ст. 33 Закона № 44-ФЗ;Выполнение работ по капитальному ремонту нежилого здания Депо, расположенного по адресу: Ставропольский край, Арзгирский район, с. Арзгир, ул. Шаумяна, д.1 (УИС);;'261263507714426350100100640204339243;;;46822001.80;RUB;0;;;;;;ГЛАВНОЕ УПРАВЛЕНИЕ МИНИСТЕРСТВА РОССИЙСКОЙ ФЕДЕРАЦИИ ПО ДЕЛАМ ГРАЖДАНСКОЙ ОБОРОНЫ, ЧРЕЗВЫЧАЙНЫМ СИТУАЦИЯМ И ЛИКВИДАЦИИ ПОСЛЕДСТВИЙ СТИХИЙНЫХ БЕДСТВИЙ ПО СТАВРОПОЛЬСКОМУ КРАЮ;ГЛАВНОЕ УПРАВЛЕНИЕ МИНИСТЕРСТВА РОССИЙСКОЙ ФЕДЕРАЦИИ ПО ДЕЛАМ ГРАЖДАНСКОЙ ОБОРОНЫ, ЧРЕЗВЫЧАЙНЫМ СИТУАЦИЯМ И ЛИКВИДАЦИИ ПОСЛЕДСТВИЙ СТИХИЙНЫХ БЕДСТВИЙ ПО СТАВРОПОЛЬСКОМУ КРАЮ;12.02.2026;25.02.2026;Закупка завершена;;;20.02.2026;
44-ФЗ;№0373100013126000052;Электронный аукцион;поставка расходных материалов для клинической деятельности;;'261772809483277280100100010550000244;;;14938560.00;RUB;0;;;;;;"ФЕДЕРАЛЬНОЕ ГОСУДАРСТВЕННОЕ БЮДЖЕТНОЕ УЧРЕЖДЕНИЕ ""НАЦИОНАЛЬНЫЙ МЕДИЦИНСКИЙ ИССЛЕДОВАТЕЛЬСКИЙ ЦЕНТР АКУШЕРСТВА, ГИНЕКОЛОГИИ И ПЕРИНАТОЛОГИИ ИМЕНИ АКАДЕМИКА В.И.КУЛАКОВА"" МИНИСТЕРСТВА ЗДРАВООХРАНЕНИЯ РОССИЙСКОЙ ФЕДЕРАЦИИ";"ФЕДЕРАЛЬНОЕ ГОСУДАРСТВЕННОЕ БЮДЖЕТНОЕ УЧРЕЖДЕНИЕ ""НАЦИОНАЛЬНЫЙ МЕДИЦИНСКИЙ ИССЛЕДОВАТЕЛЬСКИЙ ЦЕНТР АКУШЕРСТВА, ГИНЕКОЛОГИИ И ПЕРИНАТОЛОГИИ ИМЕНИ АКАДЕМИКА В.И.КУЛАКОВА"" МИНИСТЕРСТВА ЗДРАВООХРАНЕНИЯ РОССИЙСКОЙ ФЕДЕРАЦИИ";16.02.2026;25.02.2026;Закупка завершена;;;25.02.2026;
44-ФЗ;№0372200021526000001;Электронный аукцион;Оказание комплекса услуг по техническому обеспечению спектаклей на льду 11 и 12 марта  2026 г. в СК «Юбилейный» для СПб ГБУК «Санкт-Петербургский детский ледовый театр»;;'262781608838778160100100050019002244;;;19995754.67;RUB;0;;;;;;"САНКТ-ПЕТЕРБУРГСКОЕ ГОСУДАРСТВЕННОЕ БЮДЖЕТНОЕ УЧРЕЖДЕНИЕ КУЛЬТУРЫ ""САНКТ-ПЕТЕРБУРГСКИЙ ДЕТСКИЙ ЛЕДОВЫЙ ТЕАТР""";"САНКТ-ПЕТЕРБУРГСКОЕ ГОСУДАРСТВЕННОЕ БЮДЖЕТНОЕ УЧРЕЖДЕНИЕ КУЛЬТУРЫ ""САНКТ-ПЕТЕРБУРГСКИЙ ДЕТСКИЙ ЛЕДОВЫЙ ТЕАТР""";17.02.2026;25.02.2026;Закупка завершена;;;25.02.2026;
44-ФЗ;№0179200001926000048;Электронный аукцион;Выполнение работ по формированию ИТ-инфраструктуры в государственных и муниципальных образовательных организациях для обеспечения в помещениях безопасного доступа к государственным, муниципальным и иным   информационным системам, а также к информационно-телекоммуникационной сети «Интернет»  ;;'262091704091009170100100090010000244;;;26253980.65;RUB;0;;;;;;МИНИСТЕРСТВО ЦИФРОВОГО РАЗВИТИЯ КАРАЧАЕВО-ЧЕРКЕССКОЙ РЕСПУБЛИКИ;УПРАВЛЕНИЕ КАРАЧАЕВО-ЧЕРКЕССКОЙ РЕСПУБЛИКИ В СФЕРЕ ЗАКУПОК;12.02.2026;25.02.2026;Закупка завершена;;;24.02.2026;
44-ФЗ;№0348200081026000742;Электронный аукцион;Оказание услуг по предоставлению прав на условиях простой (неисключительной) лицензии на использование программного обеспечения для обеспечения информационной безопасности в инфраструктуре доступа организаций государственной системы здравоохранения Московской области к информационным ресурсам Московской области в 2026 году;;'262502406865650240100107780016201242;;;33021000.00;RUB;0;;;;;;"ГОСУДАРСТВЕННОЕ КАЗЕННОЕ УЧРЕЖДЕНИЕ МОСКОВСКОЙ ОБЛАСТИ ""ДИРЕКЦИЯ ЕДИНОГО ЗАКАЗЧИКА МИНИСТЕРСТВА ЗДРАВООХРАНЕНИЯ МОСКОВСКОЙ ОБЛАСТИ""";"ГОСУДАРСТВЕННОЕ КАЗЕННОЕ УЧРЕЖДЕНИЕ МОСКОВСКОЙ ОБЛАСТИ ""ДИРЕКЦИЯ ЕДИНОГО ЗАКАЗЧИКА МИНИСТЕРСТВА ЗДРАВООХРАНЕНИЯ МОСКОВСКОЙ ОБЛАСТИ""";17.02.2026;25.02.2026;Закупка завершена;;;25.02.2026;
44-ФЗ;№0373100034326000001;Электронный аукцион;Оказание услуг по техническому обслуживанию и планово-предупредительному ремонту и(или) замене оборудования и материалов комплекса противопожарных систем и систем безопасности помещений зданий Государственного театра наций;;'261770707930477070100100120013312244;;;67169244.38;RUB;0;;;;;;"ФЕДЕРАЛЬНОЕ ГОСУДАРСТВЕННОЕ БЮДЖЕТНОЕ УЧРЕЖДЕНИЕ КУЛЬТУРЫ ""ГОСУДАРСТВЕННЫЙ ТЕАТР НАЦИЙ""";"ФЕДЕРАЛЬНОЕ ГОСУДАРСТВЕННОЕ БЮДЖЕТНОЕ УЧРЕЖДЕНИЕ КУЛЬТУРЫ ""ГОСУДАРСТВЕННЫЙ ТЕАТР НАЦИЙ""";12.02.2026;25.02.2026;Закупка завершена;;;24.02.2026;
44-ФЗ;№0160300014426000008;Электронный аукцион;Выполнение работ по ремонту пешеходных зон и тротуаров;;'263644400386164440100100060024211244;;;5000000.00;RUB;0;;;;;;АДМИНИСТРАЦИЯ ПЕТРОВСКОГО МУНИЦИПАЛЬНОГО РАЙОНА САРАТОВСКОЙ ОБЛАСТИ;АДМИНИСТРАЦИЯ ПЕТРОВСКОГО МУНИЦИПАЛЬНОГО РАЙОНА САРАТОВСКОЙ ОБЛАСТИ;13.02.2026;25.02.2026;Закупка завершена;;;24.02.2026;
44-ФЗ;№0335300000226000058;Электронный аукцион на проведение работ по строительству, реконструкции, кап. ремонту, сносу объекта кап. строительства в соответствии с п. 8 ч. 1 ст. 33 Закона № 44-ФЗ;выполнение работ по объекту: «Капитальный ремонт участка тепловой сети от ТК 6-27-5 до ТК 6-27-11 по ул. Согласия в г. Калининграде»;;'263390300337539060100100100014221000;;;73705611.49;RUB;0;;;;;;"МУНИЦИПАЛЬНОЕ ПРЕДПРИЯТИЕ  ""КАЛИНИНГРАДТЕПЛОСЕТЬ"" ГОРОДСКОГО ОКРУГА ""ГОРОД КАЛИНИНГРАД""";"КОМИТЕТ ПО ФИНАНСАМ АДМИНИСТРАЦИИ ГОРОДСКОГО ОКРУГА ""ГОРОД КАЛИНИНГРАД""";13.02.2026;25.02.2026;Закупка завершена;;;25.02.2026;
44-ФЗ;№0131200001026000277;Электронный аукцион;2026-00241/*Поставка медицинских изделий в фармацевтическую организацию для их последующего отпуска гражданам, имеющим право на льготное лекарственное обеспечение при амбулаторном лечении за счет средств областного бюджета (Глюкоза ИВД, реагент);;'262366615952936640100100780010000323;;;6569100.00;RUB;0;;;;;;МИНИСТЕРСТВО ЗДРАВООХРАНЕНИЯ ВОРОНЕЖСКОЙ ОБЛАСТИ;МИНИСТЕРСТВО ПО РЕГУЛИРОВАНИЮ КОНТРАКТНОЙ СИСТЕМЫ В СФЕРЕ ЗАКУПОК ВОРОНЕЖСКОЙ ОБЛАСТИ;12.02.2026;25.02.2026;Закупка завершена;;;20.02.2026;
44-ФЗ;№0373100091426000086;Электронный аукцион;"Оказание услуг по вывозу, обезвреживанию и утилизации медицинских отходов класса ""Б"", ""В"", ""Г"" для нужд ФГБУ ""НМИЦ ТИО им. ак. В.И. Шумакова"" Минздрава России";;'261773401280677340100100100060000244;;;6315865.00;RUB;0;;;;;;"ФЕДЕРАЛЬНОЕ ГОСУДАРСТВЕННОЕ БЮДЖЕТНОЕ УЧРЕЖДЕНИЕ ""НАЦИОНАЛЬНЫЙ МЕДИЦИНСКИЙ ИССЛЕДОВАТЕЛЬСКИЙ ЦЕНТР ТРАНСПЛАНТОЛОГИИ И ИСКУССТВЕННЫХ ОРГАНОВ ИМЕНИ АКАДЕМИКА В.И. ШУМАКОВА"" МИНИСТЕРСТВА ЗДРАВООХРАНЕНИЯ РОССИЙСКОЙ ФЕДЕРАЦИИ";"ФЕДЕРАЛЬНОЕ ГОСУДАРСТВЕННОЕ БЮДЖЕТНОЕ УЧРЕЖДЕНИЕ ""НАЦИОНАЛЬНЫЙ МЕДИЦИНСКИЙ ИССЛЕДОВАТЕЛЬСКИЙ ЦЕНТР ТРАНСПЛАНТОЛОГИИ И ИСКУССТВЕННЫХ ОРГАНОВ ИМЕНИ АКАДЕМИКА В.И. ШУМАКОВА"" МИНИСТЕРСТВА ЗДРАВООХРАНЕНИЯ РОССИЙСКОЙ ФЕДЕРАЦИИ";13.02.2026;25.02.2026;Закупка завершена;;;24.02.2026;
44-ФЗ;№0121200004726000092;Электронный аукцион;поставка медицинского оборудования;;'262263206459526320100100090012660244;;;64244874.00;RUB;0;;;;;;"ГОСУДАРСТВЕННОЕ БЮДЖЕТНОЕ УЧРЕЖДЕНИЕ ЗДРАВООХРАНЕНИЯ СТАВРОПОЛЬСКОГО КРАЯ ""ГОРОДСКАЯ КЛИНИЧЕСКАЯ БОЛЬНИЦА"" ГОРОДА ПЯТИГОРСКА";КОМИТЕТ СТАВРОПОЛЬСКОГО КРАЯ ПО ГОСУДАРСТВЕННЫМ ЗАКУПКАМ;11.02.2026;25.02.2026;Закупка завершена;;;20.02.2026;
44-ФЗ;№0172200002726000002;Электронный аукцион;"Выполнение работ по ремонту пустующих жилых помещений, являющихся собственностью Санкт-Петербурга по Центральному району по адресам:  Санкт-Петербург, Литейный пр., д. 15, лит. А, кв. 92; ул. Рылеева, д. 25, лит. А, кв. 34; Литейный пр., д. 51, лит. А, кв. 105; ул. К. Заслонова, д.11, лит. А, кв. 41";;'262782568008578420100100200014339244;;;5916069.44;RUB;0;;;;;;"САНКТ-ПЕТЕРБУРГСКОЕ ГОСУДАРСТВЕННОЕ КАЗЕННОЕ УЧРЕЖДЕНИЕ ""ЖИЛИЩНОЕ АГЕНТСТВО ЦЕНТРАЛЬНОГО РАЙОНА САНКТ-ПЕТЕРБУРГА""";АДМИНИСТРАЦИЯ ЦЕНТРАЛЬНОГО РАЙОНА САНКТ-ПЕТЕРБУРГА;16.02.2026;25.02.2026;Закупка завершена;;;24.02.2026;
44-ФЗ;№0173100010926000001;Электронный аукцион;Поставка комплектов геодезического оборудования с геодезическими приемниками ;;'261770656053677090100100080012651244;;;238326000.00;RUB;0;;;;;;ФЕДЕРАЛЬНАЯ СЛУЖБА ГОСУДАРСТВЕННОЙ РЕГИСТРАЦИИ, КАДАСТРА И КАРТОГРАФИИ;ФЕДЕРАЛЬНАЯ СЛУЖБА ГОСУДАРСТВЕННОЙ РЕГИСТРАЦИИ, КАДАСТРА И КАРТОГРАФИИ;11.02.2026;25.02.2026;Закупка завершена;;;20.02.2026;
44-ФЗ;№0145200000426000131;Электронный аукцион;Поставка в 2026, 2027 году лекарственного препарата Леветирацетам;;'262470000118078420100100160192120323;;;21461432.10;RUB;0;;;;;;КОМИТЕТ ПО ЗДРАВООХРАНЕНИЮ ЛЕНИНГРАДСКОЙ ОБЛАСТИ;КОМИТЕТ ГОСУДАРСТВЕННОГО ЗАКАЗА ЛЕНИНГРАДСКОЙ ОБЛАСТИ;12.02.2026;25.02.2026;Закупка завершена;;;20.02.2026;
44-ФЗ;№0157600001926000005;Электронный аукцион;Выполнение работ по объекту: «Капитальный ремонт Красногородского дома культуры, Псковская область, р.п. Красногородск, ул. Комсомольская, д.13»;;'263600000663860000100100050014120244;;;38477286.57;RUB;0;;;;;;АДМИНИСТРАЦИЯ КРАСНОГОРОДСКОГО МУНИЦИПАЛЬНОГО ОКРУГА ПСКОВСКОЙ ОБЛАСТИ;АДМИНИСТРАЦИЯ КРАСНОГОРОДСКОГО МУНИЦИПАЛЬНОГО ОКРУГА ПСКОВСКОЙ ОБЛАСТИ;12.02.2026;25.02.2026;Закупка завершена;;;24.02.2026;
44-ФЗ;№0826600004226000007;Открытый конкурс в электронной форме;Выполнение работ по объекту: «Благоустройство сквера Гагарина (от памятника Кириленко до площади Никольская) в г. Алексеевка Белгородской области»;;'263312201485631220100100070014399244;;;17896110.34;RUB;0;;;;;;АДМИНИСТРАЦИЯ АЛЕКСЕЕВСКОГО МУНИЦИПАЛЬНОГО ОКРУГА БЕЛГОРОДСКОЙ ОБЛАСТИ;"МУНИЦИПАЛЬНОЕ КАЗЕННОЕ УЧРЕЖДЕНИЕ ""УПРАВЛЕНИЕ МУНИЦИПАЛЬНОГО ЗАКАЗА АЛЕКСЕЕВСКОГО МУНИЦИПАЛЬНОГО ОКРУГА""";04.02.2026;25.02.2026;Закупка завершена;;;20.02.2026;
44-ФЗ;№0173100007926000013;Электронный аукцион;Вакцина для профилактики гриппа [инактивированная]*  *вакцина для профилактики гриппа у взрослого человека;;'261770656271077060100100050012120244;;;28223464.50;RUB;0;;;;;;ФЕДЕРАЛЬНАЯ СЛУЖБА ИСПОЛНЕНИЯ НАКАЗАНИЙ;ФЕДЕРАЛЬНАЯ СЛУЖБА ИСПОЛНЕНИЯ НАКАЗАНИЙ;13.02.2026;25.02.2026;Закупка завершена;;;24.02.2026;
44-ФЗ;№0173100007926000012;Электронный аукцион;Детектор нелинейных переходов;;'261770656271077060100105000142651211;;;11371213.33;RUB;0;;;;;;ФЕДЕРАЛЬНАЯ СЛУЖБА ИСПОЛНЕНИЯ НАКАЗАНИЙ;ФЕДЕРАЛЬНАЯ СЛУЖБА ИСПОЛНЕНИЯ НАКАЗАНИЙ;11.02.2026;25.02.2026;Закупка завершена;;;20.02.2026;
44-ФЗ;№0145200000426000129;Электронный аукцион;Поставка в 2026, 2027 году лекарственного препарата Упадацитиниб;;'262470000118078420100100160222120323;;;54090360.00;RUB;0;;;;;;КОМИТЕТ ПО ЗДРАВООХРАНЕНИЮ ЛЕНИНГРАДСКОЙ ОБЛАСТИ;КОМИТЕТ ГОСУДАРСТВЕННОГО ЗАКАЗА ЛЕНИНГРАДСКОЙ ОБЛАСТИ;12.02.2026;25.02.2026;Закупка завершена;;;20.02.2026;
44-ФЗ;№0179200001926000032;Открытый конкурс в электронной форме;"Разработка рабочей документации по объекту: ""Капитальный ремонт автомобильной дороги межмуниципального значения ""Лермонтов-Черкесск- подъезд к пгт. Ударный"" км 4+000- км 8+000""";;'262090104855109010100100050014110243;;;7000000.00;RUB;0;;;;;;"РЕСПУБЛИКАНСКОЕ ГОСУДАРСТВЕННОЕ КАЗЕННОЕ УЧРЕЖДЕНИЕ ""КАРАЧАЕВО-ЧЕРКЕССКОЕ РЕСПУБЛИКАНСКОЕ УПРАВЛЕНИЕ АВТОМОБИЛЬНЫХ ДОРОГ ОБЩЕГО ПОЛЬЗОВАНИЯ ТЕРРИТОРИАЛЬНОГО ЗНАЧЕНИЯ ""КАРАЧАЕВОЧЕРКЕСАВТОДОР""";УПРАВЛЕНИЕ КАРАЧАЕВО-ЧЕРКЕССКОЙ РЕСПУБЛИКИ В СФЕРЕ ЗАКУПОК;04.02.2026;25.02.2026;Закупка завершена;;;20.02.2026;
44-ФЗ;№0133200001726000155;Электронный аукцион на проведение работ по строительству, реконструкции, кап. ремонту, сносу объекта кап. строительства в соответствии с п. 8 ч. 1 ст. 33 Закона № 44-ФЗ;Выполнение работ по капитальному ремонту искусственного сооружения через реку Тюлех на км 10+125 автомобильной дороги Мыт-Верхний Ландех-Затеиха в Верхнеландеховском районе Ивановской области;;'262372801282537020100100080014211243;;;21865850.00;RUB;0;;;;;;ДЕПАРТАМЕНТ ДОРОЖНОГО ХОЗЯЙСТВА И ТРАНСПОРТА ИВАНОВСКОЙ ОБЛАСТИ;ДЕПАРТАМЕНТ КОНКУРСОВ И АУКЦИОНОВ ИВАНОВСКОЙ ОБЛАСТИ;10.02.2026;25.02.2026;Закупка завершена;;;20.02.2026;
44-ФЗ;№0179200001926000028;Открытый конкурс в электронной форме;"Разработка проекта ""Руслоочистительные и дноуглубительные работы на р. Теберда в районе аулов Верхняя Теберда и Новая Теберда, КЧР""";;'262091704038909170100100100017112244;;;5300000.00;RUB;0;;;;;;МИНИСТЕРСТВО ПРИРОДНЫХ РЕСУРСОВ  И ЭКОЛОГИИ КАРАЧАЕВО-ЧЕРКЕССКОЙ РЕСПУБЛИКИ;УПРАВЛЕНИЕ КАРАЧАЕВО-ЧЕРКЕССКОЙ РЕСПУБЛИКИ В СФЕРЕ ЗАКУПОК;04.02.2026;25.02.2026;Закупка завершена;;;25.02.2026;
44-ФЗ;№0145200000426000125;Электронный аукцион;Поставка в 2026, 2027 году лекарственного препарата Иммуноглобулин человека нормальный;;'262470000118078420100100160202120323;;;130944000.00;RUB;0;;;;;;КОМИТЕТ ПО ЗДРАВООХРАНЕНИЮ ЛЕНИНГРАДСКОЙ ОБЛАСТИ;КОМИТЕТ ГОСУДАРСТВЕННОГО ЗАКАЗА ЛЕНИНГРАДСКОЙ ОБЛАСТИ;12.02.2026;25.02.2026;Закупка завершена;;;20.02.2026;
44-ФЗ;№0163300047426000005;Открытый конкурс в электронной форме;Ремонт автомобильной дороги общего пользования по ул. Новая, дер. Алексеевка, Гагаринский муниципальный округ, Смоленской области.;;'263672202949767220100100190014211244;;;15962560.74;RUB;0;;;;;;"УПРАВЛЕНИЕ ПО СТРОИТЕЛЬСТВУ, ЖИЛИЩНО-КОММУНАЛЬНОМУ ХОЗЯЙСТВУ И ДОРОЖНОЙ ДЕЯТЕЛЬНОСТИ АДМИНИСТРАЦИИ МУНИЦИПАЛЬНОГО ОБРАЗОВАНИЯ ""ГАГАРИНСКИЙ МУНИЦИПАЛЬНЫЙ ОКРУГ"" СМОЛЕНСКОЙ ОБЛАСТИ";"УПРАВЛЕНИЕ ПО СТРОИТЕЛЬСТВУ, ЖИЛИЩНО-КОММУНАЛЬНОМУ ХОЗЯЙСТВУ И ДОРОЖНОЙ ДЕЯТЕЛЬНОСТИ АДМИНИСТРАЦИИ МУНИЦИПАЛЬНОГО ОБРАЗОВАНИЯ ""ГАГАРИНСКИЙ МУНИЦИПАЛЬНЫЙ ОКРУГ"" СМОЛЕНСКОЙ ОБЛАСТИ";04.02.2026;25.02.2026;Закупка завершена;;;20.02.2026;
44-ФЗ;№0373100124226000005;Электронный аукцион;Оказание услуг по организационно-техническому, творческому обеспечению и проведению Всероссийского фестиваля-конкурса любительских творческих коллективов с вручением грантов его победителям. Зональный отборочный (очный) этап для коллективов Центрального федерального округа.;;'261770102168277010100100030019002244;;;5180000.00;RUB;0;;;;;;"ФЕДЕРАЛЬНОЕ ГОСУДАРСТВЕННОЕ БЮДЖЕТНОЕ УЧРЕЖДЕНИЕ КУЛЬТУРЫ ""ГОСУДАРСТВЕННЫЙ РОССИЙСКИЙ ДОМ НАРОДНОГО ТВОРЧЕСТВА ИМЕНИ В.Д. ПОЛЕНОВА""";"ФЕДЕРАЛЬНОЕ ГОСУДАРСТВЕННОЕ БЮДЖЕТНОЕ УЧРЕЖДЕНИЕ КУЛЬТУРЫ ""ГОСУДАРСТВЕННЫЙ РОССИЙСКИЙ ДОМ НАРОДНОГО ТВОРЧЕСТВА ИМЕНИ В.Д. ПОЛЕНОВА""";13.02.2026;25.02.2026;Закупка завершена;;;24.02.2026;
44-ФЗ;№0175200000426000205;Электронный аукцион;Бевацизумаб;;'262910207039591020100100540012120244;;;71190680.00;RUB;0;;;;;;"ГОСУДАРСТВЕННОЕ БЮДЖЕТНОЕ УЧРЕЖДЕНИЕ ЗДРАВООХРАНЕНИЯ РЕСПУБЛИКИ КРЫМ ""КРЫМСКИЙ РЕСПУБЛИКАНСКИЙ ОНКОЛОГИЧЕСКИЙ КЛИНИЧЕСКИЙ ДИСПАНСЕР ИМЕНИ В.М. ЕФЕТОВА""";ГОСУДАРСТВЕННЫЙ КОМИТЕТ КОНКУРЕНТНОЙ ПОЛИТИКИ РЕСПУБЛИКИ КРЫМ;13.02.2026;25.02.2026;Закупка завершена;;;25.02.2026;
44-ФЗ;№0859200001126001079;Запрос котировок в электронной форме;Поставка лекарственного препарата для медицинского применения Паливизумаб для нужд Государственного бюджетного учреждения Рязанской области «Областная детская клиническая больница им. Н.В. Дмитриевой»;;'262622901971862290100100950012120244;;;8456000.00;RUB;0;;;;;;"ГОСУДАРСТВЕННОЕ БЮДЖЕТНОЕ УЧРЕЖДЕНИЕ РЯЗАНСКОЙ ОБЛАСТИ ""ОБЛАСТНАЯ ДЕТСКАЯ КЛИНИЧЕСКАЯ БОЛЬНИЦА ИМЕНИ Н.В. ДМИТРИЕВОЙ""";"ГОСУДАРСТВЕННОЕ КАЗЕННОЕ УЧРЕЖДЕНИЕ РЯЗАНСКОЙ ОБЛАСТИ ""ЦЕНТР ЗАКУПОК РЯЗАНСКОЙ ОБЛАСТИ""";17.02.2026;25.02.2026;Закупка завершена;;;25.02.2026;
44-ФЗ;№0172200002526000007;Электронный аукцион;Поставка № 61 лекарственного препарата АДАЛИМУМАБ для обеспечения отдельных категорий граждан  в 2026 году.;;'262780804383378410100100200012120323;;;127498364.28;RUB;0;;;;;;КОМИТЕТ ПО ЗДРАВООХРАНЕНИЮ;КОМИТЕТ ПО ГОСУДАРСТВЕННОМУ ЗАКАЗУ САНКТ-ПЕТЕРБУРГА;12.02.2026;25.02.2026;Закупка завершена;;;20.02.2026;
44-ФЗ;№0883600000526000001;Электронный аукцион;"Работы по реализации программы формирования современной городской среды: ""Благоустройство  территории бульвара и площади по проспекту Ленина"" по объекту: бульвар и площадь по проспекту Ленина";;'262940601440294060100100130014399244;;;52012215.00;RUB;0;;;;;;АДМИНИСТРАЦИЯ ГОРОДСКОГО ОКРУГА МУНИЦИПАЛЬНОЕ ОБРАЗОВАНИЕ ГОРОДСКОЙ ОКРУГ ГОРОД АЛЧЕВСК ЛУГАНСКОЙ НАРОДНОЙ РЕСПУБЛИКИ;"МУНИЦИПАЛЬНОЕ КАЗЕННОЕ УЧРЕЖДЕНИЕ ""ЦЕНТР КОМПЛЕКСНОГО ОБЕСПЕЧЕНИЯ ДЕЯТЕЛЬНОСТИ ОРГАНОВ МЕСТНОГО САМОУПРАВЛЕНИЯ""";16.02.2026;25.02.2026;Закупка завершена;;;24.02.2026;
223-ФЗ;№32615691827;Иной способ;Выполнение работ по единой технической ревизии (ТО-3) и деповскому ремонту (ДР) электрооборудования пассажирских вагонов;;;1;Выполнение работ по единой технической ревизии (ТО-3) и деповскому ремонту (ДР) электрооборудования пассажирских вагонов;118413046.11;RUB;118413046.11;;;;33.17.11.000: Услуги по ремонту и техническому обслуживанию железнодорожных локомотивов и подвижного состава;;"ОБЩЕСТВО С ОГРАНИЧЕННОЙ ОТВЕТСТВЕННОСТЬЮ ""ГРАНДТЕХСЕРВИС""";"ОБЩЕСТВО С ОГРАНИЧЕННОЙ ОТВЕТСТВЕННОСТЬЮ ""ГРАНДТЕХСЕРВИС""";10.02.2026;25.02.2026;Закупка завершена;;;26.02.2026 11:30;
44-ФЗ;№0375300160426000001;Электронный аукцион;приобретение и установка модульного здания Дома культуры в с. Филатовка ;;'263910600731691060100100090012511244;;;23404255.32;RUB;0;;;;;;"МУНИЦИПАЛЬНОЕ БЮДЖЕТНОЕ УЧРЕЖДЕНИЕ КУЛЬТУРЫ ""ЦЕНТР НАРОДНОГО ТВОРЧЕСТВА"" МУНИЦИПАЛЬНОГО ОБРАЗОВАНИЯ КРАСНОПЕРЕКОПСКИЙ РАЙОН РЕСПУБЛИКИ КРЫМ";"МУНИЦИПАЛЬНОЕ БЮДЖЕТНОЕ УЧРЕЖДЕНИЕ КУЛЬТУРЫ ""ЦЕНТР НАРОДНОГО ТВОРЧЕСТВА"" МУНИЦИПАЛЬНОГО ОБРАЗОВАНИЯ КРАСНОПЕРЕКОПСКИЙ РАЙОН РЕСПУБЛИКИ КРЫМ";13.02.2026;25.02.2026;Закупка завершена;;;24.02.2026;
44-ФЗ;№0335200014926000281;Электронный аукцион;На оказание услуг по организации и обеспечению питанием;;'263392000130739200100100040015629244;;;5221798.00;RUB;0;;;;;;"ГОСУДАРСТВЕННОЕ БЮДЖЕТНОЕ УЧРЕЖДЕНИЕ КАЛИНИНГРАДСКОЙ ОБЛАСТИ ""ОБЛАСТНОЙ ЦЕНТР ДЕТСКОГО И МОЛОДЕЖНОГО ОТДЫХА ""ЖЕМЧУЖИНА""";"ГОСУДАРСТВЕННОЕ КАЗЕННОЕ УЧРЕЖДЕНИЕ КАЛИНИНГРАДСКОЙ ОБЛАСТИ ""ЦЕНТР ОБЕСПЕЧЕНИЯ ОРГАНИЗАЦИИ И ПРОВЕДЕНИЯ ТОРГОВ""";13.02.2026;25.02.2026;Закупка завершена;;;24.02.2026;
44-ФЗ;№0175200000426000209;Электронный аукцион;Поставка и устройство сельского модульного клуба в селе Оленевка Черноморского района Республики Крым;;'263911008722691100100100020012511244;;;19900000.00;RUB;0;;;;;;"МУНИЦИПАЛЬНОЕ БЮДЖЕТНОЕ УЧРЕЖДЕНИЕ КУЛЬТУРЫ ""ЦЕНТРАЛИЗОВАННАЯ КЛУБНАЯ СИСТЕМА"" МУНИЦИПАЛЬНОГО ОБРАЗОВАНИЯ ЧЕРНОМОРСКИЙ РАЙОН РЕСПУБЛИКИ КРЫМ";ГОСУДАРСТВЕННЫЙ КОМИТЕТ КОНКУРЕНТНОЙ ПОЛИТИКИ РЕСПУБЛИКИ КРЫМ;16.02.2026;25.02.2026;Закупка завершена;;;25.02.2026;
223-ФЗ;№32615672987;Конкурс в электронной форме, участниками которого могут быть только субъекты малого и среднего предпринимательства;Право заключения Договора на оказание услуг по физической и вооруженной охране для нужд ПАО «Россети Центр» (филиала «Воронежэнерго»);;;1;Оказание услуг по физической и вооруженной охране для нужд ПАО «Россети Центр» (филиала «Воронежэнерго»);100517068.80;RUB;100517068.80;;;;"80.10.12.200: Услуги частных охранных организаций Эта группировка включает: - защиту жизни и здоровья граждан; - охрану объектов и (или) имущества (в том числе при его транспортировке); - консультирование и подготовку рекомендаций клиентам по вопросам правомерной";;"ПУБЛИЧНОЕ АКЦИОНЕРНОЕ ОБЩЕСТВО ""РОССЕТИ ЦЕНТР""";"ПУБЛИЧНОЕ АКЦИОНЕРНОЕ ОБЩЕСТВО ""РОССЕТИ ЦЕНТР""";04.02.2026;25.02.2026;Закупка завершена;;;20.02.2026 12:00;
44-ФЗ;№0175200000426000222;Электронный аукцион;"Поставка изделий медицинского назначения ""Расходные материалы для ЭФИ"" 2";;'261910206500391020100102080013250244;;;31579960.00;RUB;0;;;;;;"ГОСУДАРСТВЕННОЕ БЮДЖЕТНОЕ УЧРЕЖДЕНИЕ ЗДРАВООХРАНЕНИЯ РЕСПУБЛИКИ КРЫМ ""РЕСПУБЛИКАНСКАЯ КЛИНИЧЕСКАЯ БОЛЬНИЦА ИМ. Н.А. СЕМАШКО""";ГОСУДАРСТВЕННЫЙ КОМИТЕТ КОНКУРЕНТНОЙ ПОЛИТИКИ РЕСПУБЛИКИ КРЫМ;16.02.2026;25.02.2026;Закупка завершена;;;25.02.2026;
44-ФЗ;№0105100000426000007;Электронный аукцион на проведение работ по строительству, реконструкции, кап. ремонту, сносу объекта кап. строительства в соответствии с п. 8 ч. 1 ст. 33 Закона № 44-ФЗ;Выполнение работ по капитальному ремонту административного здания Управления Роспотребнадзора по Республике Калмыкия, расположенного по адресу: 358000 Республика Калмыкия, г. Элиста, ул. Горького, д. 9.    ;;'261081416323708160100100210014339243;;;6671410.00;RUB;0;;;;;;УПРАВЛЕНИЕ ФЕДЕРАЛЬНОЙ СЛУЖБЫ ПО НАДЗОРУ В СФЕРЕ ЗАЩИТЫ ПРАВ ПОТРЕБИТЕЛЕЙ И БЛАГОПОЛУЧИЯ ЧЕЛОВЕКА ПО РЕСПУБЛИКЕ КАЛМЫКИЯ;УПРАВЛЕНИЕ ФЕДЕРАЛЬНОЙ СЛУЖБЫ ПО НАДЗОРУ В СФЕРЕ ЗАЩИТЫ ПРАВ ПОТРЕБИТЕЛЕЙ И БЛАГОПОЛУЧИЯ ЧЕЛОВЕКА ПО РЕСПУБЛИКЕ КАЛМЫКИЯ;12.02.2026;25.02.2026;Закупка завершена;;;24.02.2026;
44-ФЗ;№0175200000426000221;Электронный аукцион;"Поставка изделий медицинского назначения ""Расходные материалы для ЭФИ"" 4";;'261910206500391020100102100013250244;;;6847500.00;RUB;0;;;;;;"ГОСУДАРСТВЕННОЕ БЮДЖЕТНОЕ УЧРЕЖДЕНИЕ ЗДРАВООХРАНЕНИЯ РЕСПУБЛИКИ КРЫМ ""РЕСПУБЛИКАНСКАЯ КЛИНИЧЕСКАЯ БОЛЬНИЦА ИМ. Н.А. СЕМАШКО""";ГОСУДАРСТВЕННЫЙ КОМИТЕТ КОНКУРЕНТНОЙ ПОЛИТИКИ РЕСПУБЛИКИ КРЫМ;16.02.2026;25.02.2026;Закупка завершена;;;25.02.2026;
44-ФЗ;№0175200000426000216;Электронный аукцион;"Поставка изделий медицинского назначения ""Расходные материалы для ЭФИ""";;'261910206500391020100102070013250244;;;14732380.15;RUB;0;;;;;;"ГОСУДАРСТВЕННОЕ БЮДЖЕТНОЕ УЧРЕЖДЕНИЕ ЗДРАВООХРАНЕНИЯ РЕСПУБЛИКИ КРЫМ ""РЕСПУБЛИКАНСКАЯ КЛИНИЧЕСКАЯ БОЛЬНИЦА ИМ. Н.А. СЕМАШКО""";ГОСУДАРСТВЕННЫЙ КОМИТЕТ КОНКУРЕНТНОЙ ПОЛИТИКИ РЕСПУБЛИКИ КРЫМ;13.02.2026;25.02.2026;Закупка завершена;;;25.02.2026;
44-ФЗ;№0358200000226000099;Электронный аукцион;Поставка лекарственных препаратов для медицинского применения;;'262616800106961680100100020450000244;;;9169344.95;RUB;0;;;;;;"ГОСУДАРСТВЕННОЕ БЮДЖЕТНОЕ УЧРЕЖДЕНИЕ РОСТОВСКОЙ ОБЛАСТИ ""ОБЛАСТНАЯ ДЕТСКАЯ КЛИНИЧЕСКАЯ БОЛЬНИЦА""";"ГОСУДАРСТВЕННОЕ БЮДЖЕТНОЕ УЧРЕЖДЕНИЕ РОСТОВСКОЙ ОБЛАСТИ ""ОБЛАСТНАЯ ДЕТСКАЯ КЛИНИЧЕСКАЯ БОЛЬНИЦА""";13.02.2026;25.02.2026;Закупка завершена;;;24.02.2026;
44-ФЗ;№0372100032726000005;Электронный аукцион;Оказание услуг по осуществлению строительного контроля ;;'261780900304778390100100100017112407;;;14889030.00;RUB;0;;;;;;"ФЕДЕРАЛЬНОЕ ГОСУДАРСТВЕННОЕ БЮДЖЕТНОЕ ОБРАЗОВАТЕЛЬНОЕ УЧРЕЖДЕНИЕ ВЫСШЕГО ОБРАЗОВАНИЯ ""БАЛТИЙСКИЙ ГОСУДАРСТВЕННЫЙ ТЕХНИЧЕСКИЙ УНИВЕРСИТЕТ ""ВОЕНМЕХ"" ИМ. Д.Ф. УСТИНОВА""";"ФЕДЕРАЛЬНОЕ ГОСУДАРСТВЕННОЕ БЮДЖЕТНОЕ ОБРАЗОВАТЕЛЬНОЕ УЧРЕЖДЕНИЕ ВЫСШЕГО ОБРАЗОВАНИЯ ""БАЛТИЙСКИЙ ГОСУДАРСТВЕННЫЙ ТЕХНИЧЕСКИЙ УНИВЕРСИТЕТ ""ВОЕНМЕХ"" ИМ. Д.Ф. УСТИНОВА""";12.02.2026;25.02.2026;Закупка завершена;;;20.02.2026;
44-ФЗ;№0175200000426000217;Электронный аукцион;Поставка лекарственного препарата для медицинского применения (Альбумин человека);;'261910206500391020100102410012120244;;;6132950.00;RUB;0;;;;;;"ГОСУДАРСТВЕННОЕ БЮДЖЕТНОЕ УЧРЕЖДЕНИЕ ЗДРАВООХРАНЕНИЯ РЕСПУБЛИКИ КРЫМ ""РЕСПУБЛИКАНСКАЯ КЛИНИЧЕСКАЯ БОЛЬНИЦА ИМ. Н.А. СЕМАШКО""";ГОСУДАРСТВЕННЫЙ КОМИТЕТ КОНКУРЕНТНОЙ ПОЛИТИКИ РЕСПУБЛИКИ КРЫМ;13.02.2026;25.02.2026;Закупка завершена;;;25.02.2026;
44-ФЗ;№0175200000426000220;Электронный аукцион;"Поставка изделий медицинского назначения ""Расходные материалы для ЭФИ"" 8";;'261910206500391020100102140013250244;;;9262693.20;RUB;0;;;;;;"ГОСУДАРСТВЕННОЕ БЮДЖЕТНОЕ УЧРЕЖДЕНИЕ ЗДРАВООХРАНЕНИЯ РЕСПУБЛИКИ КРЫМ ""РЕСПУБЛИКАНСКАЯ КЛИНИЧЕСКАЯ БОЛЬНИЦА ИМ. Н.А. СЕМАШКО""";ГОСУДАРСТВЕННЫЙ КОМИТЕТ КОНКУРЕНТНОЙ ПОЛИТИКИ РЕСПУБЛИКИ КРЫМ;16.02.2026;25.02.2026;Закупка завершена;;;25.02.2026;
44-ФЗ;№0358200007026000017;Электронный аукцион;Поставка наборов для измерения давления для оказания высокотехнологичной медицинской помощи по профилю «Сердечно-сосудистая хирургия» в 2026 году;;'262616800135861680100100260012660244;;;6800000.00;RUB;0;;;;;;"ГОСУДАРСТВЕННОЕ БЮДЖЕТНОЕ УЧРЕЖДЕНИЕ РОСТОВСКОЙ ОБЛАСТИ ""РОСТОВСКАЯ ОБЛАСТНАЯ КЛИНИЧЕСКАЯ БОЛЬНИЦА""";"ГОСУДАРСТВЕННОЕ БЮДЖЕТНОЕ УЧРЕЖДЕНИЕ РОСТОВСКОЙ ОБЛАСТИ ""РОСТОВСКАЯ ОБЛАСТНАЯ КЛИНИЧЕСКАЯ БОЛЬНИЦА""";30.01.2026;25.02.2026;Закупка завершена;;;09.02.2026;
44-ФЗ;№0358200000226000100;Запрос котировок в электронной форме;Поставка лекарственных препаратов для медицинского применения;;'262616800106961680100100020460000244;;;9781750.00;RUB;0;;;;;;"ГОСУДАРСТВЕННОЕ БЮДЖЕТНОЕ УЧРЕЖДЕНИЕ РОСТОВСКОЙ ОБЛАСТИ ""ОБЛАСТНАЯ ДЕТСКАЯ КЛИНИЧЕСКАЯ БОЛЬНИЦА""";"ГОСУДАРСТВЕННОЕ БЮДЖЕТНОЕ УЧРЕЖДЕНИЕ РОСТОВСКОЙ ОБЛАСТИ ""ОБЛАСТНАЯ ДЕТСКАЯ КЛИНИЧЕСКАЯ БОЛЬНИЦА""";13.02.2026;25.02.2026;Закупка завершена;;;24.02.2026;
223-ФЗ;№32615742772;Иной способ;Запасные части для грузовых автомобилей;;;1;Запасные части для грузовых автомобилей;6287738.60;RUB;6287738.60;;;;29.32.30.390: Части и принадлежности для автотранспортных средств прочие, не включенные в другие группировки;;"АКЦИОНЕРНОЕ ОБЩЕСТВО ""ДОРОЖНАЯ СЛУЖБА""";"АКЦИОНЕРНОЕ ОБЩЕСТВО ""ДОРОЖНАЯ СЛУЖБА""";25.02.2026;25.02.2026;Закупка завершена;;;27.02.2026 12:00;
44-ФЗ;№0358200000226000098;Запрос котировок в электронной форме;Поставка медицинских изделий;;'262616800106961680100100030420000244;;;9549514.54;RUB;0;;;;;;"ГОСУДАРСТВЕННОЕ БЮДЖЕТНОЕ УЧРЕЖДЕНИЕ РОСТОВСКОЙ ОБЛАСТИ ""ОБЛАСТНАЯ ДЕТСКАЯ КЛИНИЧЕСКАЯ БОЛЬНИЦА""";"ГОСУДАРСТВЕННОЕ БЮДЖЕТНОЕ УЧРЕЖДЕНИЕ РОСТОВСКОЙ ОБЛАСТИ ""ОБЛАСТНАЯ ДЕТСКАЯ КЛИНИЧЕСКАЯ БОЛЬНИЦА""";13.02.2026;25.02.2026;Закупка завершена;;;20.02.2026;
44-ФЗ;№0373200001326000168;Электронный аукцион;"Электронный аукцион на поставку расходных материалов (Салфетка марлевая тканая) для отделений стационара и филиала ГБУЗ ""ГКБ им. В.В. Вересаева ДЗМ» на 2026 год за единицу продукции";;'262771303416477130100101800010000244;;;5574500.00;RUB;0;;;;;;"ГОСУДАРСТВЕННОЕ БЮДЖЕТНОЕ УЧРЕЖДЕНИЕ ЗДРАВООХРАНЕНИЯ ГОРОДА МОСКВЫ ""ГОРОДСКАЯ КЛИНИЧЕСКАЯ БОЛЬНИЦА ИМЕНИ В.В. ВЕРЕСАЕВА ДЕПАРТАМЕНТА ЗДРАВООХРАНЕНИЯ ГОРОДА МОСКВЫ""";"ГОСУДАРСТВЕННОЕ БЮДЖЕТНОЕ УЧРЕЖДЕНИЕ ЗДРАВООХРАНЕНИЯ ГОРОДА МОСКВЫ ""ГОРОДСКАЯ КЛИНИЧЕСКАЯ БОЛЬНИЦА ИМЕНИ В.В. ВЕРЕСАЕВА ДЕПАРТАМЕНТА ЗДРАВООХРАНЕНИЯ ГОРОДА МОСКВЫ""";11.02.2026;25.02.2026;Закупка завершена;;;25.02.2026;
223-ФЗ;№32615739809;Иной способ;"Оказание услуг по поставке тепловой энергии и теплоносителя в филиале ""Аэропорт Нерюнгри"" ФКП ""Аэропорты Севера""";;;1;"Оказание услуг по поставке тепловой энергии и теплоносителя в филиале ""Аэропорт Нерюнгри"" ФКП ""Аэропорты Севера"" ";18481447.87;RUB;18481447.87;;;;35.30.11.120: Энергия тепловая, отпущенная котельными;;"ФЕДЕРАЛЬНОЕ КАЗЕННОЕ ПРЕДПРИЯТИЕ ""АЭРОПОРТЫ СЕВЕРА""";"ФЕДЕРАЛЬНОЕ КАЗЕННОЕ ПРЕДПРИЯТИЕ ""АЭРОПОРТЫ СЕВЕРА""";25.02.2026;25.02.2026;Закупка завершена;;;25.02.2026 12:00;
44-ФЗ;№0175200000426000207;Электронный аукцион;Аппарат для контактной литотрипсии;;'262911008712091100100100380012660244;;;13950000.00;RUB;0;;;;;;"ГОСУДАРСТВЕННОЕ БЮДЖЕТНОЕ УЧРЕЖДЕНИЕ ЗДРАВООХРАНЕНИЯ РЕСПУБЛИКИ КРЫМ ""ЕВПАТОРИЙСКАЯ ГОРОДСКАЯ БОЛЬНИЦА""";ГОСУДАРСТВЕННЫЙ КОМИТЕТ КОНКУРЕНТНОЙ ПОЛИТИКИ РЕСПУБЛИКИ КРЫМ;13.02.2026;25.02.2026;Закупка завершена;;;25.02.2026;
44-ФЗ;№0373200001326000198;Электронный аукцион;"Электронный аукцион на техническое обслуживание систем противопожарной защиты ГБУЗ ""ГКБ им. В.В. Вересаева ДЗМ"" по адресу:127644, г. Москва, ул. Лобненская, д.10, стр.10, КПП №3, авто КПП, КПП №2";;'262771303416477130100102320010000244;;;9929513.44;RUB;0;;;;;;"ГОСУДАРСТВЕННОЕ БЮДЖЕТНОЕ УЧРЕЖДЕНИЕ ЗДРАВООХРАНЕНИЯ ГОРОДА МОСКВЫ ""ГОРОДСКАЯ КЛИНИЧЕСКАЯ БОЛЬНИЦА ИМЕНИ В.В. ВЕРЕСАЕВА ДЕПАРТАМЕНТА ЗДРАВООХРАНЕНИЯ ГОРОДА МОСКВЫ""";"ГОСУДАРСТВЕННОЕ БЮДЖЕТНОЕ УЧРЕЖДЕНИЕ ЗДРАВООХРАНЕНИЯ ГОРОДА МОСКВЫ ""ГОРОДСКАЯ КЛИНИЧЕСКАЯ БОЛЬНИЦА ИМЕНИ В.В. ВЕРЕСАЕВА ДЕПАРТАМЕНТА ЗДРАВООХРАНЕНИЯ ГОРОДА МОСКВЫ""";16.02.2026;25.02.2026;Закупка завершена;;;25.02.2026;
44-ФЗ;№0175200000426000226;Электронный аукцион;Оказание услуг по обеспечению видеопротоколирования и видеотрансляции проведения, обработки и проверки экзаменационных материалов единого государственного экзамена в Республике Крым;;'262910205719391020100100010016311244;;;42350000.00;RUB;0;;;;;;"ГОСУДАРСТВЕННОЕ КАЗЕННОЕ УЧРЕЖДЕНИЕ РЕСПУБЛИКИ КРЫМ ""ЦЕНТР ОЦЕНКИ И МОНИТОРИНГА КАЧЕСТВА ОБРАЗОВАНИЯ""";ГОСУДАРСТВЕННЫЙ КОМИТЕТ КОНКУРЕНТНОЙ ПОЛИТИКИ РЕСПУБЛИКИ КРЫМ;17.02.2026;25.02.2026;Закупка завершена;;;25.02.2026;
44-ФЗ;№0373200001326000201;Электронный аукцион;Электронный аукцион на поставку расходных материалов для  ГБУЗ «ГКБ им. В.В. Вересаева ДЗМ» в 2026 году за единицу продукции;;'262771303416477130100102370010000244;;;13773139.20;RUB;0;;;;;;"ГОСУДАРСТВЕННОЕ БЮДЖЕТНОЕ УЧРЕЖДЕНИЕ ЗДРАВООХРАНЕНИЯ ГОРОДА МОСКВЫ ""ГОРОДСКАЯ КЛИНИЧЕСКАЯ БОЛЬНИЦА ИМЕНИ В.В. ВЕРЕСАЕВА ДЕПАРТАМЕНТА ЗДРАВООХРАНЕНИЯ ГОРОДА МОСКВЫ""";"ГОСУДАРСТВЕННОЕ БЮДЖЕТНОЕ УЧРЕЖДЕНИЕ ЗДРАВООХРАНЕНИЯ ГОРОДА МОСКВЫ ""ГОРОДСКАЯ КЛИНИЧЕСКАЯ БОЛЬНИЦА ИМЕНИ В.В. ВЕРЕСАЕВА ДЕПАРТАМЕНТА ЗДРАВООХРАНЕНИЯ ГОРОДА МОСКВЫ""";16.02.2026;25.02.2026;Закупка завершена;;;25.02.2026;
44-ФЗ;№0149200002326000528;Электронный аукцион;Выполнение работ по ремонту и техническому обслуживанию систем гарантированного питания (СГП);;'262519080011451900100100230010000244;;;7764426.00;RUB;0;;;;;;"ГОСУДАРСТВЕННОЕ ОБЛАСТНОЕ БЮДЖЕТНОЕ УЧРЕЖДЕНИЕ ЗДРАВООХРАНЕНИЯ ""МУРМАНСКАЯ ОБЛАСТНАЯ КЛИНИЧЕСКАЯ БОЛЬНИЦА ИМЕНИ П.А. БАЯНДИНА""";КОМИТЕТ ПО КОНКУРЕНТНОЙ ПОЛИТИКЕ МУРМАНСКОЙ ОБЛАСТИ;13.02.2026;25.02.2026;Закупка завершена;;;25.02.2026;
44-ФЗ;№0172200001926000138;Запрос котировок в электронной форме;Поставка № 249 лекарственного препарата  НИЛОТИНИБ  для обеспечения отдельных категорий граждан в  2026 году;;'262780804383378410100100010712120323;;;11747268.00;RUB;0;;;;;;КОМИТЕТ ПО ЗДРАВООХРАНЕНИЮ;КОМИТЕТ ПО ЗДРАВООХРАНЕНИЮ;12.02.2026;25.02.2026;Закупка завершена;;;20.02.2026;
44-ФЗ;№0848300066126000010;Открытый конкурс в электронной форме;Выполнение работ по ремонту дворовых территорий в Солнечногорском городском округе Московской области в 2026 году (лот 1);;'263504409080450440100100100014299244;;;38333449.97;RUB;0;;;;;;"МУНИЦИПАЛЬНОЕ БЮДЖЕТНОЕ УЧРЕЖДЕНИЕ ""ДИРЕКЦИЯ ЕДИНОГО ЗАКАЗЧИКА ГОРОДСКОГО ОКРУГА СОЛНЕЧНОГОРСК""";"МУНИЦИПАЛЬНОЕ КАЗЕННОЕ УЧРЕЖДЕНИЕ ГОРОДСКОГО ОКРУГА СОЛНЕЧНОГОРСК МОСКОВСКОЙ ОБЛАСТИ ""ЗАКУПКИ""";03.02.2026;25.02.2026;Закупка завершена;;;19.02.2026;
44-ФЗ;№0173100009126000043;Электронный аукцион;Выполнение работ (оказание услуг) по заготовке, хранению, транспортировке и обеспечению безопасности донорской крови и (или) ее компонентов;;'261773452141977340100100050298690244;;;10925098.70;RUB;0;;;;;;ФЕДЕРАЛЬНОЕ МЕДИКО-БИОЛОГИЧЕСКОЕ АГЕНТСТВО;ФЕДЕРАЛЬНОЕ МЕДИКО-БИОЛОГИЧЕСКОЕ АГЕНТСТВО;16.02.2026;25.02.2026;Закупка завершена;;;24.02.2026;
44-ФЗ;№0173100009126000042;Электронный аукцион;Выполнение работ (оказание услуг) по заготовке, хранению, транспортировке и обеспечению безопасности донорской крови и (или) ее компонентов;;'261773452141977340100100050288690244;;;36895588.26;RUB;0;;;;;;ФЕДЕРАЛЬНОЕ МЕДИКО-БИОЛОГИЧЕСКОЕ АГЕНТСТВО;ФЕДЕРАЛЬНОЕ МЕДИКО-БИОЛОГИЧЕСКОЕ АГЕНТСТВО;16.02.2026;25.02.2026;Закупка завершена;;;24.02.2026;
44-ФЗ;№0173100009126000041;Электронный аукцион;Выполнение работ (оказание услуг) по заготовке, хранению, транспортировке и обеспечению безопасности донорской крови и (или) ее компонентов;;'261773452141977340100100050278690244;;;41502210.50;RUB;0;;;;;;ФЕДЕРАЛЬНОЕ МЕДИКО-БИОЛОГИЧЕСКОЕ АГЕНТСТВО;ФЕДЕРАЛЬНОЕ МЕДИКО-БИОЛОГИЧЕСКОЕ АГЕНТСТВО;13.02.2026;25.02.2026;Закупка завершена;;;24.02.2026;
44-ФЗ;№0172200001926000137;Запрос котировок в электронной форме;Поставка № 248 лекарственного препарата  ИЛОПРОСТ  для обеспечения отдельных категорий граждан в  2026 году;;'262780804383378410100100010702120323;;;34059960.00;RUB;0;;;;;;КОМИТЕТ ПО ЗДРАВООХРАНЕНИЮ;КОМИТЕТ ПО ЗДРАВООХРАНЕНИЮ;12.02.2026;25.02.2026;Закупка завершена;;;20.02.2026;
44-ФЗ;№0172200001926000136;Запрос котировок в электронной форме;Поставка № 247 лекарственного препарата  ТИОКТОВАЯ КИСЛОТА  для обеспечения отдельных категорий граждан в  2026 году;;'262780804383378410100100010732120323;;;38610000.00;RUB;0;;;;;;КОМИТЕТ ПО ЗДРАВООХРАНЕНИЮ;КОМИТЕТ ПО ЗДРАВООХРАНЕНИЮ;12.02.2026;25.02.2026;Закупка завершена;;;20.02.2026;
44-ФЗ;№0136500001126000548;Электронный аукцион;Выполнение работ по ремонту подъездных путей (площадок) к образовательным учреждениям на территории Центрального района города Твери;;'263695015531769500100100320014211244;;;28459181.96;RUB;0;;;;;;ДЕПАРТАМЕНТ ДОРОЖНОГО ХОЗЯЙСТВА,БЛАГОУСТРОЙСТВА И ТРАНСПОРТА АДМИНИСТРАЦИИ ГОРОДА ТВЕРИ;КОМИТЕТ ГОСУДАРСТВЕННОГО ЗАКАЗА ТВЕРСКОЙ ОБЛАСТИ;12.02.2026;25.02.2026;Закупка завершена;;;20.02.2026;
44-ФЗ;№0136500001126000543;Электронный аукцион;Выполнение работ по ремонту подъездных путей (площадок) к образовательным учреждениям на территории Заволжского и Центрального районов города Твери;;'263695015531769500100100330014211244;;;28649791.21;RUB;0;;;;;;ДЕПАРТАМЕНТ ДОРОЖНОГО ХОЗЯЙСТВА,БЛАГОУСТРОЙСТВА И ТРАНСПОРТА АДМИНИСТРАЦИИ ГОРОДА ТВЕРИ;КОМИТЕТ ГОСУДАРСТВЕННОГО ЗАКАЗА ТВЕРСКОЙ ОБЛАСТИ;12.02.2026;25.02.2026;Закупка завершена;;;20.02.2026;
44-ФЗ;№0163200000326000294;Открытый конкурс в электронной форме;0014-эк Оказание услуг по уборке и вывозу снега;;'262673102076567300100100840014211244;;;29000000.00;RUB;0;;;;;;"СМОЛЕНСКОЕ ОБЛАСТНОЕ ГОСУДАРСТВЕННОЕ БЮДЖЕТНОЕ УЧРЕЖДЕНИЕ ""УПРАВЛЕНИЕ ОБЛАСТНЫХ АВТОМОБИЛЬНЫХ ДОРОГ""";ГЛАВНОЕ УПРАВЛЕНИЕ СМОЛЕНСКОЙ ОБЛАСТИ ПО РЕГУЛИРОВАНИЮ КОНТРАКТНОЙ СИСТЕМЫ;05.02.2026;25.02.2026;Закупка завершена;;;25.02.2026;
44-ФЗ;№0362100043526000002;Открытый конкурс в электронной форме;Оказание услуг по технической поддержке сегмента «Исполнение государственных услуг» государственной информационной системы «Цифровая платформа «Водные данные»;;'261667035735061630100100180016202244;;;13437800.00;RUB;0;;;;;;"ФЕДЕРАЛЬНОЕ ГОСУДАРСТВЕННОЕ БЮДЖЕТНОЕ УЧРЕЖДЕНИЕ ""РОССИЙСКИЙ НАУЧНО-ИССЛЕДОВАТЕЛЬСКИЙ ИНСТИТУТ КОМПЛЕКСНОГО ИСПОЛЬЗОВАНИЯ И ОХРАНЫ ВОДНЫХ РЕСУРСОВ""";"ФЕДЕРАЛЬНОЕ ГОСУДАРСТВЕННОЕ БЮДЖЕТНОЕ УЧРЕЖДЕНИЕ ""РОССИЙСКИЙ НАУЧНО-ИССЛЕДОВАТЕЛЬСКИЙ ИНСТИТУТ КОМПЛЕКСНОГО ИСПОЛЬЗОВАНИЯ И ОХРАНЫ ВОДНЫХ РЕСУРСОВ""";02.02.2026;25.02.2026;Закупка завершена;;;25.02.2026;
44-ФЗ;№0826600004226000008;Открытый конкурс в электронной форме;Выполнение работ по объекту: «Благоустройство сквера Гагарина (от памятника неизвестному солдату до фонтана) в г. Алексеевка Белгородской области»;;'263312201485631220100100080014399244;;;19210489.66;RUB;0;;;;;;АДМИНИСТРАЦИЯ АЛЕКСЕЕВСКОГО МУНИЦИПАЛЬНОГО ОКРУГА БЕЛГОРОДСКОЙ ОБЛАСТИ;"МУНИЦИПАЛЬНОЕ КАЗЕННОЕ УЧРЕЖДЕНИЕ ""УПРАВЛЕНИЕ МУНИЦИПАЛЬНОГО ЗАКАЗА АЛЕКСЕЕВСКОГО МУНИЦИПАЛЬНОГО ОКРУГА""";04.02.2026;25.02.2026;Закупка завершена;;;20.02.2026;
44-ФЗ;№0360300298226000014;Электронный аукцион;Благоустройство общественной территории «Парк на  ул. им. А.П. Шехурдина» 1 этап ;;'263645004047764530100100120014399244;;;157089150.00;RUB;0;;;;;;"МУНИЦИПАЛЬНОЕ КАЗЕННОЕ УЧРЕЖДЕНИЕ ""КАПИТАЛЬНОЕ СТРОИТЕЛЬСТВО""";"МУНИЦИПАЛЬНОЕ КАЗЕННОЕ УЧРЕЖДЕНИЕ ""КАПИТАЛЬНОЕ СТРОИТЕЛЬСТВО""";11.02.2026;25.02.2026;Закупка завершена;;;20.02.2026;
44-ФЗ;№0358300409226000007;Запрос котировок в электронной форме;Услуги частной охраны (Выставление поста охраны) в 2026 году;;'262616102552961610100100160018010244;;;6672170.88;RUB;0;;;;;;"ГОСУДАРСТВЕННОЕ БЮДЖЕТНОЕ УЧРЕЖДЕНИЕ РОСТОВСКОЙ ОБЛАСТИ ""ДЕТСКАЯ ГОРОДСКАЯ ПОЛИКЛИНИКА № 17"" В Г. РОСТОВЕ-НА-ДОНУ";"ГОСУДАРСТВЕННОЕ БЮДЖЕТНОЕ УЧРЕЖДЕНИЕ РОСТОВСКОЙ ОБЛАСТИ ""ДЕТСКАЯ ГОРОДСКАЯ ПОЛИКЛИНИКА № 17"" В Г. РОСТОВЕ-НА-ДОНУ";15.02.2026;25.02.2026;Закупка завершена;;;24.02.2026;
44-ФЗ;№0172200001926000134;Запрос котировок в электронной форме;Поставка № 181 лекарственного препарата ТАФАМИДИС для обеспечения пациента ЛА на основании решения врачебной комиссии в 2026 году;;'262780804383378410100100060570000323;;;17977942.80;RUB;0;;;;;;КОМИТЕТ ПО ЗДРАВООХРАНЕНИЮ;КОМИТЕТ ПО ЗДРАВООХРАНЕНИЮ;11.02.2026;25.02.2026;Закупка завершена;;;20.02.2026;
44-ФЗ;№0173200001426000158;Электронный аукцион;Электронный аукцион на поставку лекарственных препаратов МНН Натрия хлорид.;;'262502400148250240100100870010000244;;;41741664.00;RUB;0;;;;;;"ГОСУДАРСТВЕННОЕ БЮДЖЕТНОЕ УЧРЕЖДЕНИЕ ЗДРАВООХРАНЕНИЯ ГОРОДА МОСКВЫ ""МОСКОВСКАЯ ГОРОДСКАЯ ОНКОЛОГИЧЕСКАЯ БОЛЬНИЦА № 62 ДЕПАРТАМЕНТА ЗДРАВООХРАНЕНИЯ ГОРОДА МОСКВЫ""";ДЕПАРТАМЕНТ ГОРОДА МОСКВЫ ПО КОНКУРЕНТНОЙ ПОЛИТИКЕ;12.02.2026;25.02.2026;Закупка завершена;;;20.02.2026;
44-ФЗ;№2100700003726000002;Электронный аукцион для торгов по обращению с твердыми коммунальными отходами;Оказание услуг по транспортированию твердых коммунальных отходов на территории Шебекинского, Валуйского и Волоконовского муниципальных округов Белгородской области;;;;;258068759.07;RUB;0;;;;;;"ОБЩЕСТВО С ОГРАНИЧЕННОЙ ОТВЕТСТВЕННОСТЬЮ ""ЦЕНТР ЭКОЛОГИЧЕСКОЙ БЕЗОПАСНОСТИ"" БЕЛГОРОДСКОЙ ОБЛАСТИ";"ОБЩЕСТВО С ОГРАНИЧЕННОЙ ОТВЕТСТВЕННОСТЬЮ ""ЦЕНТР ЭКОЛОГИЧЕСКОЙ БЕЗОПАСНОСТИ"" БЕЛГОРОДСКОЙ ОБЛАСТИ";17.02.2026;25.02.2026;Закупка завершена;;;25.02.2026;
44-ФЗ;№0173200001426000099;Открытый конкурс в электронной форме;Выполнение работ по развитию государственной информационной системы: автоматизированная информационная система «Душевная Москва» и поддержание ее работоспособности в 2026-2027 гг.;;'262770135608677030100100020010000244;;;285406560.67;RUB;0;;;;;;"ГОСУДАРСТВЕННОЕ КАЗЕННОЕ УЧРЕЖДЕНИЕ ГОРОДА МОСКВЫ ""ИНФОРМАЦИОННЫЙ ГОРОД""";ДЕПАРТАМЕНТ ГОРОДА МОСКВЫ ПО КОНКУРЕНТНОЙ ПОЛИТИКЕ;04.02.2026;25.02.2026;Закупка завершена;;;20.02.2026;
44-ФЗ;№0173200001426000143;Электронный аукцион;"Электронный аукцион на поставку центрифуг низкоскоростных, с охлаждением для нужд ГБУЗ ""МНПЦЛИ ДЗМ""";;'262772401520577240100100790010000244;;;36549724.00;RUB;0;;;;;;"ГОСУДАРСТВЕННОЕ БЮДЖЕТНОЕ УЧРЕЖДЕНИЕ ЗДРАВООХРАНЕНИЯ ГОРОДА МОСКВЫ ""МОСКОВСКИЙ НАУЧНО-ПРАКТИЧЕСКИЙ ЦЕНТР ЛАБОРАТОРНЫХ ИССЛЕДОВАНИЙ ДЕПАРТАМЕНТА ЗДРАВООХРАНЕНИЯ ГОРОДА МОСКВЫ""";ДЕПАРТАМЕНТ ГОРОДА МОСКВЫ ПО КОНКУРЕНТНОЙ ПОЛИТИКЕ;11.02.2026;25.02.2026;Закупка завершена;;;20.02.2026;
44-ФЗ;№0173200001426000156;Электронный аукцион;Поставка сертификата продления технической поддержки для СХД TATLIN.UNIFIED;;'262771016851577100100100040010000244;;;16504363.86;RUB;0;;;;;;ДЕПАРТАМЕНТ ЭКОНОМИЧЕСКОЙ ПОЛИТИКИ И РАЗВИТИЯ ГОРОДА МОСКВЫ;ДЕПАРТАМЕНТ ГОРОДА МОСКВЫ ПО КОНКУРЕНТНОЙ ПОЛИТИКЕ;12.02.2026;25.02.2026;Закупка завершена;;;20.02.2026;
44-ФЗ;№0173200001426000096;Открытый конкурс в электронной форме;Выполнение работ по обустройству микрорайона в районе домов № 10,12 по ул. Большая Очаковская и Очаковский 1-й пер., д. 3;;'262773141398377310100100020010000243;;;285837210.00;RUB;0;;;;;;"ГОСУДАРСТВЕННОЕ БЮДЖЕТНОЕ УЧРЕЖДЕНИЕ ГОРОДА МОСКВЫ ""АВТОМОБИЛЬНЫЕ ДОРОГИ ЗАПАДНОГО АДМИНИСТРАТИВНОГО ОКРУГА""";ДЕПАРТАМЕНТ ГОРОДА МОСКВЫ ПО КОНКУРЕНТНОЙ ПОЛИТИКЕ;04.02.2026;25.02.2026;Закупка завершена;;;20.02.2026;
44-ФЗ;№0173200001426000150;Электронный аукцион;Электронный аукцион на поставку лекарственных средств (МНН Ниволумаб) для нужд ГБУЗ ММНКЦ им. С.П. Боткина ДЗМ.;;'262771408263677140100100220010000244;;;233836476.00;RUB;0;;;;;;"ГОСУДАРСТВЕННОЕ БЮДЖЕТНОЕ УЧРЕЖДЕНИЕ ЗДРАВООХРАНЕНИЯ ГОРОДА МОСКВЫ ""МОСКОВСКИЙ МНОГОПРОФИЛЬНЫЙ НАУЧНО-КЛИНИЧЕСКИЙ ЦЕНТР ИМЕНИ С.П. БОТКИНА"" ДЕПАРТАМЕНТА ЗДРАВООХРАНЕНИЯ ГОРОДА МОСКВЫ";ДЕПАРТАМЕНТ ГОРОДА МОСКВЫ ПО КОНКУРЕНТНОЙ ПОЛИТИКЕ;12.02.2026;25.02.2026;Закупка завершена;;;20.02.2026;
44-ФЗ;№0173200001426000151;Электронный аукцион;Оказание услуг по комплексному содержанию объектов дорожного хозяйства территории района Бекасово;;'262775133397677510100100030010000244;;;281108159.80;RUB;0;;;;;;"ГОСУДАРСТВЕННОЕ БЮДЖЕТНОЕ УЧРЕЖДЕНИЕ ГОРОДА МОСКВЫ ""ЖИЛИЩНИК РАЙОНА БЕКАСОВО""";ДЕПАРТАМЕНТ ГОРОДА МОСКВЫ ПО КОНКУРЕНТНОЙ ПОЛИТИКЕ;12.02.2026;25.02.2026;Закупка завершена;;;20.02.2026;
44-ФЗ;№0173200001426000154;Электронный аукцион;Аукцион в электронной форме на поставку реагентов для цитометров проточных серии «AQUIOS» ВИЧ - инфекции (МИ2026-10П2) ;;'262771433860977140100102090010000244;;;44441000.00;RUB;0;;;;;;"ГОСУДАРСТВЕННОЕ КАЗЕННОЕ УЧРЕЖДЕНИЕ ГОРОДА МОСКВЫ ""АГЕНТСТВО ПО ЗАКУПКАМ (КОНТРАКТНАЯ СЛУЖБА) ДЕПАРТАМЕНТА ЗДРАВООХРАНЕНИЯ ГОРОДА МОСКВЫ""";ДЕПАРТАМЕНТ ГОРОДА МОСКВЫ ПО КОНКУРЕНТНОЙ ПОЛИТИКЕ;12.02.2026;25.02.2026;Закупка завершена;;;20.02.2026;
44-ФЗ;№0173200001426000155;Электронный аукцион;"Оказание услуг по вывозу снега с территории Зеленоградского АО г. Москвы обслуживаемой ГБУ ""Автомобильные дороги ЗелАО"" в 2026-2028 гг";;'262773558046377350100100150010000244;;;47513800.00;RUB;0;;;;;;"ГОСУДАРСТВЕННОЕ БЮДЖЕТНОЕ УЧРЕЖДЕНИЕ ГОРОДА МОСКВЫ ""АВТОМОБИЛЬНЫЕ ДОРОГИ ЗЕЛЕНОГРАДСКОГО АДМИНИСТРАТИВНОГО ОКРУГА""";ДЕПАРТАМЕНТ ГОРОДА МОСКВЫ ПО КОНКУРЕНТНОЙ ПОЛИТИКЕ;12.02.2026;25.02.2026;Закупка завершена;;;20.02.2026;
44-ФЗ;№0373200010826000101;Электронный аукцион;Электронный аукцион на поставку дезинфицирующих средств (3) для нужд ГБУЗ «ГКБ им. Д.Д. Плетнёва ДЗМ»;;'262771904718477190100100320010000244;;;6887968.35;RUB;0;;;;;;"ГОСУДАРСТВЕННОЕ БЮДЖЕТНОЕ УЧРЕЖДЕНИЕ ЗДРАВООХРАНЕНИЯ ГОРОДА МОСКВЫ ""ГОРОДСКАЯ КЛИНИЧЕСКАЯ БОЛЬНИЦА ИМЕНИ Д.Д. ПЛЕТНЁВА ДЕПАРТАМЕНТА ЗДРАВООХРАНЕНИЯ ГОРОДА МОСКВЫ""";"ГОСУДАРСТВЕННОЕ БЮДЖЕТНОЕ УЧРЕЖДЕНИЕ ЗДРАВООХРАНЕНИЯ ГОРОДА МОСКВЫ ""ГОРОДСКАЯ КЛИНИЧЕСКАЯ БОЛЬНИЦА ИМЕНИ Д.Д. ПЛЕТНЁВА ДЕПАРТАМЕНТА ЗДРАВООХРАНЕНИЯ ГОРОДА МОСКВЫ""";13.02.2026;25.02.2026;Закупка завершена;;;24.02.2026;
44-ФЗ;№0121600009426000022;Электронный аукцион;Выполнение работ по ямочному ремонту асфальтобетонного покрытия автомобильных дорог общего пользования местного значения Нефтекумского муниципального округа Ставропольского края для обеспечения муниципальных нужд Нефтекумского муниципального округа Ставропольского края ;;'263261402154226140100100380014211244;;;8499256.98;RUB;0;;;;;;АДМИНИСТРАЦИЯ НЕФТЕКУМСКОГО МУНИЦИПАЛЬНОГО ОКРУГА СТАВРОПОЛЬСКОГО КРАЯ;АДМИНИСТРАЦИЯ НЕФТЕКУМСКОГО МУНИЦИПАЛЬНОГО ОКРУГА СТАВРОПОЛЬСКОГО КРАЯ;11.02.2026;25.02.2026;Закупка завершена;;;20.02.2026;
44-ФЗ;№0121600009426000023;Электронный аукцион;Выполнение работ по установке технических средств организации дорожного движения и нанесению горизонтальной дорожной разметки на автомобильных дорогах общего пользования местного значения для обеспечения муниципальных нужд Нефтекумского муниципального округа Ставропольского края;;'263261402154226140100100620014211244;;;6934013.84;RUB;0;;;;;;АДМИНИСТРАЦИЯ НЕФТЕКУМСКОГО МУНИЦИПАЛЬНОГО ОКРУГА СТАВРОПОЛЬСКОГО КРАЯ;АДМИНИСТРАЦИЯ НЕФТЕКУМСКОГО МУНИЦИПАЛЬНОГО ОКРУГА СТАВРОПОЛЬСКОГО КРАЯ;11.02.2026;25.02.2026;Закупка завершена;;;20.02.2026;
44-ФЗ;№0158300034526000012;Открытый конкурс в электронной форме;Поставка продуктов питания в 2026 году;;263610200924361020100100050030000244, 263610200526361020100100080040000244, 263610201503961020100100030030000244, 263610207522161020100100040040000244, 263610206642861020100100080030000244, 263610200528861020100100090010000244, 263610200933161020100100120040000244, 263610203132061020100100070040000244, 263610201606461020100100100040000244, 263610206162061020100100190040000244, 263610201311261020100100080040000244, 263610201650861020100100040040000244, 263610201479761020100100050030000244, 263610200554561020100100080040000244, 263610201842461020100100060040000244, 263610201571261020100100170030000244, 263610200862761020100100210040000244, 263610204126161020100100060040000244, 263610200825761020100100090030000244, 263610201111561020100100060030000244, 263610206461461020100100090040000244, 263610206414961020100100040030000244, 263610207766061020100100050040000244;;;8737670.48;RUB;0;;;;;;;АДМИНИСТРАЦИЯ АКСАЙСКОГО РАЙОНА;04.02.2026;25.02.2026;Закупка завершена;;;20.02.2026;
44-ФЗ;№0174100000826000001;Электронный аукцион на проведение работ по строительству, реконструкции, кап. ремонту, сносу объекта кап. строительства в соответствии с п. 8 ч. 1 ст. 33 Закона № 44-ФЗ;Выполнение работ по капитальному  ремонту кровли и ограждающих конструкций зданий аппарата прокуратуры города Севастополя, расположенных по адресу: г. Севастополь,ул. Л. Павличенко, д. 1, 1А;;'261771096104092040100100180014391243;;;12576346.29;RUB;0;;;;;;ПРОКУРАТУРА ГОРОДА СЕВАСТОПОЛЯ;ПРОКУРАТУРА ГОРОДА СЕВАСТОПОЛЯ;12.02.2026;25.02.2026;Закупка завершена;;;20.02.2026;
44-ФЗ;№0373100086926000055;Электронный аукцион;Поставка медицинских расходных материалов (перевязочный материал) для отделений больницы для нужд ФГБУ ГНЦ ФМБЦ им. А.И. Бурназяна ФМБА											;;'261773458113677340100100090570000244;;;6387239.00;RUB;0;;;;;;"ФЕДЕРАЛЬНОЕ ГОСУДАРСТВЕННОЕ БЮДЖЕТНОЕ УЧРЕЖДЕНИЕ ""ГОСУДАРСТВЕННЫЙ НАУЧНЫЙ ЦЕНТР РОССИЙСКОЙ ФЕДЕРАЦИИ - ФЕДЕРАЛЬНЫЙ МЕДИЦИНСКИЙ БИОФИЗИЧЕСКИЙ ЦЕНТР ИМЕНИ А.И. БУРНАЗЯНА""";"ФЕДЕРАЛЬНОЕ ГОСУДАРСТВЕННОЕ БЮДЖЕТНОЕ УЧРЕЖДЕНИЕ ""ГОСУДАРСТВЕННЫЙ НАУЧНЫЙ ЦЕНТР РОССИЙСКОЙ ФЕДЕРАЦИИ - ФЕДЕРАЛЬНЫЙ МЕДИЦИНСКИЙ БИОФИЗИЧЕСКИЙ ЦЕНТР ИМЕНИ А.И. БУРНАЗЯНА""";11.02.2026;25.02.2026;Закупка завершена;;;24.02.2026;
44-ФЗ;№0859200001126001029;Электронный аукцион на проведение работ по строительству, реконструкции, кап. ремонту, сносу объекта кап. строительства в соответствии с п. 8 ч. 1 ст. 33 Закона № 44-ФЗ;Капитальный ремонт здания учебного корпуса Областного государственного бюджетного профессионального образовательного учреждения «Рязанский технологический колледж», расположенного по адресу: г. Рязань, ул. Гоголя, д.28;;'262623411055362340100100090014120243;;;105641210.00;RUB;0;;;;;;"ОБЛАСТНОЕ ГОСУДАРСТВЕННОЕ БЮДЖЕТНОЕ ПРОФЕССИОНАЛЬНОЕ ОБРАЗОВАТЕЛЬНОЕ УЧРЕЖДЕНИЕ ""РЯЗАНСКИЙ ТЕХНОЛОГИЧЕСКИЙ КОЛЛЕДЖ""";"ГОСУДАРСТВЕННОЕ КАЗЕННОЕ УЧРЕЖДЕНИЕ РЯЗАНСКОЙ ОБЛАСТИ ""ЦЕНТР ЗАКУПОК РЯЗАНСКОЙ ОБЛАСТИ""";16.02.2026;25.02.2026;Закупка завершена;;;25.02.2026;
44-ФЗ;№0809500000326000241;Электронный аукцион;оказание услуг по предоставлению кредитными организациями возобновляемой кредитной линии с лимитом задолженности в размере 1 300 000 000,00 рублей для погашения муниципальных долговых обязательств городского округа Саранск;;'263132619589313260100100030016419730;;;160060273.97;RUB;0;;;;;;ДЕПАРТАМЕНТ ФИНАНСОВ АДМИНИСТРАЦИИ ГОРОДСКОГО ОКРУГА САРАНСК;"ГОСУДАРСТВЕННОЕ КАЗЕННОЕ УЧРЕЖДЕНИЕ РЕСПУБЛИКИ МОРДОВИЯ ""РЕГИОНАЛЬНЫЙ ЦЕНТР ОРГАНИЗАЦИИ ЗАКУПОК""";12.02.2026;25.02.2026;Закупка завершена;;;25.02.2026;
44-ФЗ;№0859200001126001027;Электронный аукцион на проведение работ по строительству, реконструкции, кап. ремонту, сносу объекта кап. строительства в соответствии с п. 8 ч. 1 ст. 33 Закона № 44-ФЗ;"""Капитальный ремонт здания Муниципального бюджетного общеобразовательного учреждения ""Спасская гимназия"" Спасского муниципального округа Рязанской области"" по адресу: 391050, Рязанская область, г. Спасск-Рязанский, улица Ломоносова, д. 34";;'263622000320962200100100110014120243;;;27721500.72;RUB;0;;;;;;"МУНИЦИПАЛЬНОЕ БЮДЖЕТНОЕ ОБЩЕОБРАЗОВАТЕЛЬНОЕ УЧРЕЖДЕНИЕ ""СПАССКАЯ ГИМНАЗИЯ"" СПАССКОГО МУНИЦИПАЛЬНОГО ОКРУГА РЯЗАНСКОЙ ОБЛАСТИ";"ГОСУДАРСТВЕННОЕ КАЗЕННОЕ УЧРЕЖДЕНИЕ РЯЗАНСКОЙ ОБЛАСТИ ""ЦЕНТР ЗАКУПОК РЯЗАНСКОЙ ОБЛАСТИ""";16.02.2026;25.02.2026;Закупка завершена;;;25.02.2026;
44-ФЗ;№0859200001126000894;Электронный аукцион на проведение работ по строительству, реконструкции, кап. ремонту, сносу объекта кап. строительства в соответствии с п. 8 ч. 1 ст. 33 Закона № 44-ФЗ;Выполнение работ по разработке проектной документации объекта на выполнение работ по капитальному ремонту объекта капитального строительства в сфере образования, выполнение работ по капитальному ремонту объекта капитального строительства в сфере образования: «Капитальный ремонт МБОУ «Школа №19(25)» по адресу: г. Рязань, ул. Островского, д. 24»;;'263622803842962340100100100010000243;;;79751528.35;RUB;0;;;;;;"МУНИЦИПАЛЬНОЕ БЮДЖЕТНОЕ ОБЩЕОБРАЗОВАТЕЛЬНОЕ УЧРЕЖДЕНИЕ ""ШКОЛА № 19(25) ИМЕНИ ВИЦЕ-АДМИРАЛА В.М. ГОЛОВНИНА""";"ГОСУДАРСТВЕННОЕ КАЗЕННОЕ УЧРЕЖДЕНИЕ РЯЗАНСКОЙ ОБЛАСТИ ""ЦЕНТР ЗАКУПОК РЯЗАНСКОЙ ОБЛАСТИ""";12.02.2026;25.02.2026;Закупка завершена;;;24.02.2026;
44-ФЗ;№0860200000826000663;Электронный аукцион;Поставка специализированных лечебных продуктов питания для детей с наследственными болезнями обмена;;'262645501336464540100101020011086244;;;9108728.00;RUB;0;;;;;;"ГОСУДАРСТВЕННОЕ УЧРЕЖДЕНИЕ ЗДРАВООХРАНЕНИЯ ""САРАТОВСКАЯ ОБЛАСТНАЯ ДЕТСКАЯ КЛИНИЧЕСКАЯ БОЛЬНИЦА""";"ГОСУДАРСТВЕННОЕ КАЗЕННОЕ УЧРЕЖДЕНИЕ САРАТОВСКОЙ ОБЛАСТИ ""ГОСУДАРСТВЕННОЕ АГЕНТСТВО ПО ЦЕНТРАЛИЗАЦИИ ЗАКУПОК""";13.02.2026;25.02.2026;Закупка завершена;;;25.02.2026;
44-ФЗ;№0373200248026000004;Электронный аукцион;Оказание услуг по перевозке групп детей для нужд образовательных организаций, подведомственных Департаменту образования и науки города Москвы;;262772115120077210100100080010000244, 262770374292277210100100050010000244, 262772122337377210100100070010000244, 262772126776577210100100030010000244, 262772169254477210100100050010000244, 262772174933577210100100050010000244, 262772121988177210100100070010000244, 262772114693077210100100040010000244, 262772185462977210100100060010000244, 262772117935777210100100040010000244, 262772180514977210100100050010000244, 262772180974677210100100050010000244, 262772167616577210100100030010000244, 262772180474877210100100070010000244;;;25970600.27;RUB;0;;;;;;;"ГОСУДАРСТВЕННОЕ БЮДЖЕТНОЕ ОБЩЕОБРАЗОВАТЕЛЬНОЕ УЧРЕЖДЕНИЕ ГОРОДА МОСКВЫ ""ШКОЛА № 1363""";13.02.2026;25.02.2026;Закупка завершена;;;25.02.2026;
44-ФЗ;№0173200001726000006;Электронный аукцион;Выполнение работ по изготовлению форменных костюмов;;'262771017093077100100100730010000244;;;5229510.00;RUB;0;;;;;;МОСКОВСКАЯ ГОРОДСКАЯ ДУМА;МОСКОВСКАЯ ГОРОДСКАЯ ДУМА;12.02.2026;25.02.2026;Закупка завершена;;;20.02.2026;
44-ФЗ;№0103200008426000426;Электронный аукцион;Поставка лекарственных препаратов на 2026г. АЛЕКТИНИБ;;'262056001456705730100100020192120244;;;19661214.72;RUB;0;;;;;;"ГОСУДАРСТВЕННОЕ БЮДЖЕТНОЕ УЧРЕЖДЕНИЕ РЕСПУБЛИКИ ДАГЕСТАН ""РЕСПУБЛИКАНСКИЙ ОНКОЛОГИЧЕСКИЙ ЦЕНТР""";КОМИТЕТ ПО ГОСУДАРСТВЕННЫМ ЗАКУПКАМ РЕСПУБЛИКИ ДАГЕСТАН;16.02.2026;25.02.2026;Закупка завершена;;;25.02.2026;
44-ФЗ;№0172200004726000011;Электронный аукцион;Поставка дезинфицирующих средств для нужд государственных учреждений здравоохранения, находящихся в ведении Администрации Невского района Санкт-Петербурга в 2026 году;;262781112999278110100100250012020244, 262781104073778110100100380012020244, 262781112997878110100100380012020244, 262781113061378110100100250012020244, 262781100032578110100100250012020244, 262781112972078110100100200012020244, 262471902334047050100100070012020244, 262781100082278110100100150012020244, 262781104024778110100100240012020244, 262781100029078110100100130012020244, 262781113203278110100100170012020244, 262781112934378110100100210012020244, 262781100138278110100100180012020244, 262781104046278110100100180012020244, 262781113148778110100100210012020244, 262781113003578110100100230012020244;;;12430055.44;RUB;0;;;;;;;АДМИНИСТРАЦИЯ НЕВСКОГО РАЙОНА САНКТ-ПЕТЕРБУРГА;11.02.2026;25.02.2026;Закупка завершена;;;19.02.2026;
44-ФЗ;№0145200000426000128;Электронный аукцион;Поставка нефтепродуктов наливом;;'262470608686447060100100160011920244;;;20783106.00;RUB;0;;;;;;"ГОСУДАРСТВЕННОЕ БЮДЖЕТНОЕ УЧРЕЖДЕНИЕ ЛЕНИНГРАДСКОЙ ОБЛАСТИ ""КИРИШСКОЕ ДОРОЖНОЕ РЕМОНТНО-СТРОИТЕЛЬНОЕ УПРАВЛЕНИЕ""";КОМИТЕТ ГОСУДАРСТВЕННОГО ЗАКАЗА ЛЕНИНГРАДСКОЙ ОБЛАСТИ;12.02.2026;25.02.2026;Закупка завершена;;;20.02.2026;
44-ФЗ;№0127200000226000742;Электронный аукцион на проведение работ по строительству, реконструкции, кап. ремонту, сносу объекта кап. строительства в соответствии с п. 8 ч. 1 ст. 33 Закона № 44-ФЗ;Капитальный ремонт кровли МБУ ДО «СШ «Электрон» по адресу: 243300, Брянская область, г. Унеча, ул. Ленина, д. 98, к. Б;;'263323100667932310100100050014391243;;;11415116.18;RUB;0;;;;;;"МУНИЦИПАЛЬНОЕ БЮДЖЕТНОЕ УЧРЕЖДЕНИЕ ДОПОЛНИТЕЛЬНОГО ОБРАЗОВАНИЯ ""СПОРТИВНАЯ ШКОЛА ""ЭЛЕКТРОН""";УПРАВЛЕНИЕ ГОСУДАРСТВЕННЫХ ЗАКУПОК БРЯНСКОЙ ОБЛАСТИ;16.02.2026;25.02.2026;Закупка завершена;;;24.02.2026;
44-ФЗ;№0127200000226000734;Электронный аукцион на проведение работ по строительству, реконструкции, кап. ремонту, сносу объекта кап. строительства в соответствии с п. 8 ч. 1 ст. 33 Закона № 44-ФЗ;Капитальный ремонт автомобильной дороги по ул.Согласия, устройство тротуара, в г.Мглин Брянской области;;'263322000168632200100100180014211243;;;11062130.00;RUB;0;;;;;;АДМИНИСТРАЦИЯ МГЛИНСКОГО РАЙОНА;УПРАВЛЕНИЕ ГОСУДАРСТВЕННЫХ ЗАКУПОК БРЯНСКОЙ ОБЛАСТИ;16.02.2026;25.02.2026;Закупка завершена;;;24.02.2026;
44-ФЗ;№0127200000226000699;Электронный аукцион;"Выполнение подрядных работ по объекту: ""Ремонт автомобильной дороги ""Брянск-Смоленск""- Немерь на участке ж/д переезд Немерь км 1+810 - км 8+412 в Дубровском районе Брянской области""";;'262323404616532570100100270024211244;;;104242524.30;RUB;0;;;;;;"ГОСУДАРСТВЕННОЕ КАЗЕННОЕ УЧРЕЖДЕНИЕ ""УПРАВЛЕНИЕ АВТОМОБИЛЬНЫХ ДОРОГ БРЯНСКОЙ ОБЛАСТИ""";УПРАВЛЕНИЕ ГОСУДАРСТВЕННЫХ ЗАКУПОК БРЯНСКОЙ ОБЛАСТИ;13.02.2026;25.02.2026;Закупка завершена;;;24.02.2026;
44-ФЗ;№0127200000226000702;Электронный аукцион;"Выполнение подрядных работ по объекту: ""Ремонт автомобильной дороги ""Брянск - Новозыбков"" - Тиганово - Трубчино на участке км 3+934 - км 5+805 в Брянском районе Брянской области""";;'262323404616532570100100050014211244;;;34694804.41;RUB;0;;;;;;"ГОСУДАРСТВЕННОЕ КАЗЕННОЕ УЧРЕЖДЕНИЕ ""УПРАВЛЕНИЕ АВТОМОБИЛЬНЫХ ДОРОГ БРЯНСКОЙ ОБЛАСТИ""";УПРАВЛЕНИЕ ГОСУДАРСТВЕННЫХ ЗАКУПОК БРЯНСКОЙ ОБЛАСТИ;13.02.2026;25.02.2026;Закупка завершена;;;24.02.2026;
44-ФЗ;№0127200000226000754;Электронный аукцион;Закупка лекарственных препаратов, изделий медицинского назначения, продуктов специализированного питания в целях обеспечения при амбулаторном лечении граждан в соответствии с территориальной программой государственных гарантий оказания населению Брянской области бесплатной медицинской помощи;;'262320100491732570100100010980000323;;;9759946.56;RUB;0;;;;;;ДЕПАРТАМЕНТ ЗДРАВООХРАНЕНИЯ БРЯНСКОЙ ОБЛАСТИ;УПРАВЛЕНИЕ ГОСУДАРСТВЕННЫХ ЗАКУПОК БРЯНСКОЙ ОБЛАСТИ;16.02.2026;25.02.2026;Закупка завершена;;;24.02.2026;
44-ФЗ;№0127200000226000701;Электронный аукцион на проведение работ по строительству, реконструкции, кап. ремонту, сносу объекта кап. строительства в соответствии с п. 8 ч. 1 ст. 33 Закона № 44-ФЗ;"Выполнение подрядных работ по объекту: ""Капитальный ремонт с дооборудованием автомобильной дороги Подъезд к с. Толмачево, устройство недостающего электроосвещения на участках км 0+290 - км 0+751, км 1+261 - км 2+089, недостающего тротуара на участках км 0+290 - км 0+743, км 1+155 - км 1+660 в Брянском районе Брянской области""";;'262323404616532570100100080014211243;;;12729988.03;RUB;0;;;;;;"ГОСУДАРСТВЕННОЕ КАЗЕННОЕ УЧРЕЖДЕНИЕ ""УПРАВЛЕНИЕ АВТОМОБИЛЬНЫХ ДОРОГ БРЯНСКОЙ ОБЛАСТИ""";УПРАВЛЕНИЕ ГОСУДАРСТВЕННЫХ ЗАКУПОК БРЯНСКОЙ ОБЛАСТИ;13.02.2026;25.02.2026;Закупка завершена;;;24.02.2026;
44-ФЗ;№0173100013825000018;Запрос котировок в электронной форме;Оказание услуг по поддержанию и восстановлению функциональных и пользовательских характеристик оборудования и программного обеспчения серверных мощностей Единой информационной системы Федеральной службы по надзору в сфере связи, информационных технологий и массовых коммуникаций;;'251770584623677050100100420016202242;;;9995991.46;RUB;0;;;;;;ФЕДЕРАЛЬНАЯ СЛУЖБА ПО НАДЗОРУ В СФЕРЕ СВЯЗИ, ИНФОРМАЦИОННЫХ ТЕХНОЛОГИЙ И МАССОВЫХ КОММУНИКАЦИЙ;ФЕДЕРАЛЬНАЯ СЛУЖБА ПО НАДЗОРУ В СФЕРЕ СВЯЗИ, ИНФОРМАЦИОННЫХ ТЕХНОЛОГИЙ И МАССОВЫХ КОММУНИКАЦИЙ;15.12.2025;25.02.2026;Определение поставщика отменено;;;22.12.2025;
44-ФЗ;№0157600002126000029;Электронный аукцион;"Выполнение работ по объекту: ""Благоустройство общественной территории г. Невель, пешеходная зона вдоль ул. К. Либкнехта и территория старого фонтана в городском парке""";;'263600000660660000100100210014299244;;;5465829.14;RUB;0;;;;;;АДМИНИСТРАЦИЯ НЕВЕЛЬСКОГО МУНИЦИПАЛЬНОГО ОКРУГА;АДМИНИСТРАЦИЯ НЕВЕЛЬСКОГО МУНИЦИПАЛЬНОГО ОКРУГА;17.02.2026;25.02.2026;Закупка завершена;;;25.02.2026;
44-ФЗ;№0373200086726000059;Электронный аукцион;Оказание услуг по техническому обслуживанию и ремонту автотранспорта;;'262772673861977260100100110010000244;;;6000000.00;RUB;0;;;;;;"ГОСУДАРСТВЕННОЕ БЮДЖЕТНОЕ УЧРЕЖДЕНИЕ ГОРОДА МОСКВЫ ""ЖИЛИЩНИК НАГОРНОГО РАЙОНА""";"ГОСУДАРСТВЕННОЕ КАЗЕННОЕ УЧРЕЖДЕНИЕ ГОРОДА МОСКВЫ ""ДИРЕКЦИЯ ЗАКАЗЧИКА ЖИЛИЩНО-КОММУНАЛЬНОГО ХОЗЯЙСТВА И БЛАГОУСТРОЙСТВА ЮЖНОГО АДМИНИСТРАТИВНОГО ОКРУГА""";17.02.2026;25.02.2026;Закупка завершена;;;25.02.2026;
44-ФЗ;№0136500001126000652;Электронный аукцион;Разработка проектной документации и выполнение инженерных изысканий, выполнение работ по капитальному ремонту объекта капитального строительства в сфере образования;;'262690300564269500100100040010000243;;;110783900.00;RUB;0;;;;;;ГОСУДАРСТВЕННОЕ БЮДЖЕТНОЕ ПРОФЕССИОНАЛЬНОЕ ОБРАЗОВАТЕЛЬНОЕ УЧРЕЖДЕНИЕ ТВЕРСКОЙ ТЕХНОЛОГИЧЕСКИЙ КОЛЛЕДЖ;КОМИТЕТ ГОСУДАРСТВЕННОГО ЗАКАЗА ТВЕРСКОЙ ОБЛАСТИ;17.02.2026;25.02.2026;Закупка завершена;;;25.02.2026;
44-ФЗ;№0127200000226000722;Электронный аукцион;"Поставка магистралей для инактивации патогенов и лейкоцитов в плазме донора в 2026 году для нужд ГБУЗ ""Брянская областная станция переливания крови""";;'262320100388932570100100400013250244;;;8820510.00;RUB;0;;;;;;"ГОСУДАРСТВЕННОЕ БЮДЖЕТНОЕ УЧРЕЖДЕНИЕ ЗДРАВООХРАНЕНИЯ ""БРЯНСКАЯ ОБЛАСТНАЯ СТАНЦИЯ ПЕРЕЛИВАНИЯ КРОВИ""";УПРАВЛЕНИЕ ГОСУДАРСТВЕННЫХ ЗАКУПОК БРЯНСКОЙ ОБЛАСТИ;13.02.2026;25.02.2026;Закупка завершена;;;25.02.2026;
44-ФЗ;№0132600032726000022;Открытый конкурс в электронной форме на проведение работ по строительству, реконструкции, кап. ремонту, сносу объекта кап. строительства в соответствии с п. 8 ч. 1 ст. 33 Закона № 44-ФЗ;"Завершение работ по объекту: Капитальный ремонт здания МБОУ ""Школа №123"", расположенного по адресу: город Нижний Новгород, улица Гвоздильная, дом 9";;'263525300185452600100100170014399243;;;136588390.33;RUB;0;;;;;;"МУНИЦИПАЛЬНОЕ КАЗЕННОЕ УЧРЕЖДЕНИЕ ""ГЛАВНОЕ УПРАВЛЕНИЕ ПО КАПИТАЛЬНОМУ СТРОИТЕЛЬСТВУ ГОРОДА НИЖНЕГО НОВГОРОДА""";Департамент экономического развития и инвестиций администрации города Нижнего Новгорода;09.02.2026;25.02.2026;Закупка завершена;;;25.02.2026;
44-ФЗ;№0848300051626000059;Открытый конкурс в электронной форме;Выполнение работ по ремонту дворовых территорий в Раменском муниципальном округе (Лот 1) Московской области в 2026 году;;'263504015080550400100102140024299244;;;43872610.16;RUB;0;;;;;;"МУНИЦИПАЛЬНОЕ БЮДЖЕТНОЕ УЧРЕЖДЕНИЕ ""СОДЕРЖАНИЕ И БЛАГОУСТРОЙСТВО"" РАМЕНСКОГО МУНИЦИПАЛЬНОГО ОКРУГА";"МУНИЦИПАЛЬНОЕ КАЗЕННОЕ УЧРЕЖДЕНИЕ ""ЦЕНТР ЗАКУПОК"" РАМЕНСКОГО МУНИЦИПАЛЬНОГО ОКРУГА МОСКОВСКОЙ ОБЛАСТИ";06.02.2026;25.02.2026;Закупка завершена;;;24.02.2026;
44-ФЗ;№0373200329726000016;Электронный аукцион;Поставка текстильной продукции для палаточных лагерей (шорты);;'262772302967877010100100270010000244;;;29034200.00;RUB;0;;;;;;"ГОСУДАРСТВЕННОЕ БЮДЖЕТНОЕ ОБРАЗОВАТЕЛЬНОЕ УЧРЕЖДЕНИЕ ДОПОЛНИТЕЛЬНОГО ПРОФЕССИОНАЛЬНОГО ОБРАЗОВАНИЯ ГОРОДА МОСКВЫ ""МОСКОВСКИЙ ЦЕНТР ВОСПИТАТЕЛЬНЫХ ПРАКТИК""";"ГОСУДАРСТВЕННОЕ БЮДЖЕТНОЕ ОБРАЗОВАТЕЛЬНОЕ УЧРЕЖДЕНИЕ ДОПОЛНИТЕЛЬНОГО ПРОФЕССИОНАЛЬНОГО ОБРАЗОВАНИЯ ГОРОДА МОСКВЫ ""МОСКОВСКИЙ ЦЕНТР ВОСПИТАТЕЛЬНЫХ ПРАКТИК""";12.02.2026;25.02.2026;Закупка завершена;;;20.02.2026;
44-ФЗ;№0831600000126000002;Открытый конкурс в электронной форме на проведение работ по строительству, реконструкции, кап. ремонту, сносу объекта кап. строительства в соответствии с п. 8 ч. 1 ст. 33 Закона № 44-ФЗ;"Капитальный ремонт Спортивно-оздоровительного комплекса МКУ ДО ""Россошанская спортивная школа"", расположенного по адресу: Воронежская обл., г. Россошь, ул. Дзержинского, зд. 66Б";;'263362700994636270100100080014120243;;;15475565.83;RUB;0;;;;;;ОТДЕЛ ОБРАЗОВАНИЯ И МОЛОДЕЖНОЙ ПОЛИТИКИ АДМИНИСТРАЦИИ РОССОШАНСКОГО МУНИЦИПАЛЬНОГО РАЙОНА ВОРОНЕЖСКОЙ ОБЛАСТИ;"МУНИЦИПАЛЬНОЕ КАЗЕННОЕ УЧРЕЖДЕНИЕ РОССОШАНСКОГО МУНИЦИПАЛЬНОГО РАЙОНА ""СЛУЖБА ПО АДМИНИСТРИРОВАНИЮ ПЛАТЕЖЕЙ И ВЕДЕНИЮ РЕЕСТРА""";09.02.2026;25.02.2026;Закупка завершена;;;25.02.2026;
44-ФЗ;№0131300045126000004;Электронный аукцион;Устройство тротуара по ул. Чапаева (от д. №5 до ул. Трудовые резервы) и ул. Алексея Толстого (от ул. Трудовые Резервы до ул. Индустриальная д. №9) в г. Лиски;;'263365200848836520100100060014211244;;;11664194.14;RUB;0;;;;;;АДМИНИСТРАЦИЯ ГОРОДСКОГО ПОСЕЛЕНИЯ-ГОРОД ЛИСКИ ЛИСКИНСКОГО МУНИЦИПАЛЬНОГО РАЙОНА ВОРОНЕЖСКОЙ ОБЛАСТИ;АДМИНИСТРАЦИЯ ГОРОДСКОГО ПОСЕЛЕНИЯ-ГОРОД ЛИСКИ ЛИСКИНСКОГО МУНИЦИПАЛЬНОГО РАЙОНА ВОРОНЕЖСКОЙ ОБЛАСТИ;13.02.2026;25.02.2026;Закупка завершена;;;24.02.2026;
44-ФЗ;№0163600006826000003;Открытый конкурс в электронной форме;"Ремонт автомобильных дорог общего пользования местного значения на территории муниципального образования ""Духовщинский муниципальный округ"" Смоленской области";;'263670002743267000100100130014211244;;;20214623.40;RUB;0;;;;;;"АДМИНИСТРАЦИЯ МУНИЦИПАЛЬНОГО ОБРАЗОВАНИЯ ""ДУХОВЩИНСКИЙ МУНИЦИПАЛЬНЫЙ ОКРУГ"" СМОЛЕНСКОЙ ОБЛАСТИ";"АДМИНИСТРАЦИЯ МУНИЦИПАЛЬНОГО ОБРАЗОВАНИЯ ""ДУХОВЩИНСКИЙ МУНИЦИПАЛЬНЫЙ ОКРУГ"" СМОЛЕНСКОЙ ОБЛАСТИ";04.02.2026;25.02.2026;Закупка завершена;;;20.02.2026;
44-ФЗ;№0131200001026000245;Электронный аукцион на проведение работ по строительству, реконструкции, кап. ремонту, сносу объекта кап. строительства в соответствии с п. 8 ч. 1 ст. 33 Закона № 44-ФЗ;2026-00238:) Выполнение работ по капитальному ремонту объекта культурного наследия «Дом Жилой», Воронежская область, город Воронеж, ул. Средне-Московская, 22/24, ул. Никитинская, 26 (ГБПОУ «Воронежская специальная музыкальная школа (колледж));;'262366607540636660100100030024120243;;;18114241.60;RUB;0;;;;;;"ГОСУДАРСТВЕННОЕ БЮДЖЕТНОЕ ПРОФЕССИОНАЛЬНОЕ ОБРАЗОВАТЕЛЬНОЕ УЧРЕЖДЕНИЕ ""ВОРОНЕЖСКАЯ СПЕЦИАЛЬНАЯ МУЗЫКАЛЬНАЯ ШКОЛА (КОЛЛЕДЖ)""";МИНИСТЕРСТВО ПО РЕГУЛИРОВАНИЮ КОНТРАКТНОЙ СИСТЕМЫ В СФЕРЕ ЗАКУПОК ВОРОНЕЖСКОЙ ОБЛАСТИ;11.02.2026;25.02.2026;Закупка завершена;;;20.02.2026;
44-ФЗ;№0162300005326000104;Электронный аукцион;Обеспечение мероприятий по обустройству физкультурно-спортивной зоны по адресу: г. Екатеринбург, пр. Решетникова, 10;;'263667124849866710100100240014299243;;;24521074.15;RUB;0;;;;;;"МУНИЦИПАЛЬНОЕ КАЗЕННОЕ УЧРЕЖДЕНИЕ ""УПРАВЛЕНИЕ ЗАКАЗЧИКА ПО КАПИТАЛЬНОМУ РЕМОНТУ""";АДМИНИСТРАЦИЯ ГОРОДА ЕКАТЕРИНБУРГА;06.02.2026;25.02.2026;Закупка завершена;;;16.02.2026;
44-ФЗ;№0127200000226000735;Электронный аукцион на проведение работ по строительству, реконструкции, кап. ремонту, сносу объекта кап. строительства в соответствии с п. 8 ч. 1 ст. 33 Закона № 44-ФЗ;Капитальный ремонт здания РМБУК СМЦББО им. А.В. Софронова по адресу: 242190, Брянская область, Суземский район, п. Суземка, пл. Ленина, д. 2;;'263322800346032520100100070014399243;;;34792369.00;RUB;0;;;;;;"РАЙОННОЕ МУНИЦИПАЛЬНОЕ БЮДЖЕТНОЕ УЧРЕЖДЕНИЕ КУЛЬТУРЫ ""СУЗЕМСКАЯ МЕЖПОСЕЛЕНЧЕСКАЯ ЦЕНТРАЛЬНАЯ БИБЛИОТЕКА-БИБЛИОТЕЧНОЕ ОБЪЕДИНЕНИЕ"" ИМЕНИ ПИСАТЕЛЯ А.В.СОФРОНОВА";УПРАВЛЕНИЕ ГОСУДАРСТВЕННЫХ ЗАКУПОК БРЯНСКОЙ ОБЛАСТИ;16.02.2026;25.02.2026;Закупка завершена;;;24.02.2026;
44-ФЗ;№0131200001026000244;Электронный аукцион;"2026-00180:) Выполнение работ по ремонту помещений кардиологического отделения в корпусе №1 БУЗ ВО ""ВГКБСМП№10""";;'262366100688936610100101250014339244;;;5927630.96;RUB;0;;;;;;"БЮДЖЕТНОЕ УЧРЕЖДЕНИЕ ЗДРАВООХРАНЕНИЯ ВОРОНЕЖСКОЙ ОБЛАСТИ ""ВОРОНЕЖСКАЯ ГОРОДСКАЯ КЛИНИЧЕСКАЯ БОЛЬНИЦА СКОРОЙ МЕДИЦИНСКОЙ ПОМОЩИ № 10""";МИНИСТЕРСТВО ПО РЕГУЛИРОВАНИЮ КОНТРАКТНОЙ СИСТЕМЫ В СФЕРЕ ЗАКУПОК ВОРОНЕЖСКОЙ ОБЛАСТИ;11.02.2026;25.02.2026;Закупка завершена;;;20.02.2026;
44-ФЗ;№0857200000226000047;Электронный аукцион;Поставка топлива дизельного по сезону;;'262602714346260270100100530011920244;;;14950214.08;RUB;0;;;;;;"ГОСУДАРСТВЕННОЕ БЮДЖЕТНОЕ УЧРЕЖДЕНИЕ ПСКОВСКОЙ ОБЛАСТИ ""УПРАВЛЕНИЕ АВТОМОБИЛЬНЫХ ДОРОГ ПСКОВСКОЙ ОБЛАСТИ""";"ГОСУДАРСТВЕННОЕ БЮДЖЕТНОЕ УЧРЕЖДЕНИЕ ПСКОВСКОЙ ОБЛАСТИ ""УПРАВЛЕНИЕ АВТОМОБИЛЬНЫХ ДОРОГ ПСКОВСКОЙ ОБЛАСТИ""";17.02.2026;25.02.2026;Закупка завершена;;;25.02.2026;
44-ФЗ;№0124300021026000104;Запрос котировок в электронной форме;Приобретение жилого помещения (квартиры) путем участия в долевом строительстве многоквартирного жилого дома в городе Архангельске для предоставления гражданам, переселяемым из аварийного жилищного фонда ;;'263290126558129010100100020636810412;;;9456789.30;RUB;0;;;;;;"ДЕПАРТАМЕНТ ГОРОДСКОГО ХОЗЯЙСТВА АДМИНИСТРАЦИИ ГОРОДСКОГО ОКРУГА ""ГОРОД АРХАНГЕЛЬСК""";"АДМИНИСТРАЦИЯ ГОРОДСКОГО ОКРУГА ""ГОРОД АРХАНГЕЛЬСК""";17.02.2026;25.02.2026;Закупка завершена;;;25.02.2026;
44-ФЗ;№0829500001126000549;Электронный аукцион;Поставка изделий медицинского назначения для трансфеморальной имплантации аортального клапана;;'262344390133834600100100160013250244;;;7620932.91;RUB;0;;;;;;"ГОСУДАРСТВЕННОЕ БЮДЖЕТНОЕ УЧРЕЖДЕНИЕ ЗДРАВООХРАНЕНИЯ ""ВОЛГОГРАДСКИЙ ОБЛАСТНОЙ КЛИНИЧЕСКИЙ КАРДИОЛОГИЧЕСКИЙ ЦЕНТР"", ВОЛГОГРАД";"ГОСУДАРСТВЕННОЕ КАЗЕННОЕ УЧРЕЖДЕНИЕ  ""ЦЕНТР СОПРОВОЖДЕНИЯ ЗАКУПОК ГОСУДАРСТВЕННЫХ УЧРЕЖДЕНИЙ ЗДРАВООХРАНЕНИЯ ВОЛГОГРАДСКОЙ ОБЛАСТИ""";09.02.2026;25.02.2026;Закупка завершена;;;20.02.2026;
44-ФЗ;№0873500000426000006;Запрос котировок в электронной форме;Оказание услуг по организации перевозок пассажиров и багажа легковым такси (категория 1, 2) для ДОНМ в 2026-2027 годах (среди СМП и СОНО);;'262770502029577050100100150010000244;;;9661610.00;RUB;0;;;;;;ГОСУДАРСТВЕННОЕ КАЗЕННОЕ УЧРЕЖДЕНИЕ ГОРОДА МОСКВЫ ДИРЕКЦИЯ ИНФРАСТРУКТУРЫ ДЕПАРТАМЕНТА ОБРАЗОВАНИЯ И НАУКИ ГОРОДА МОСКВЫ;ГОСУДАРСТВЕННОЕ КАЗЕННОЕ УЧРЕЖДЕНИЕ ГОРОДА МОСКВЫ ДИРЕКЦИЯ ИНФРАСТРУКТУРЫ ДЕПАРТАМЕНТА ОБРАЗОВАНИЯ И НАУКИ ГОРОДА МОСКВЫ;17.02.2026;25.02.2026;Закупка завершена;;;25.02.2026;
44-ФЗ;№0154300004226000005;Электронный аукцион на проведение работ по строительству, реконструкции, кап. ремонту, сносу объекта кап. строительства в соответствии с п. 8 ч. 1 ст. 33 Закона № 44-ФЗ;Капитальный ремонт автомобильной дороги общего пользования местного значения ул. Первомайская от д.1 до д.59 в г. Дмитровск Дмитровского района Орловской области;;'263570700129457070100100080014211243;;;10141565.30;RUB;0;;;;;;АДМИНИСТРАЦИЯ ДМИТРОВСКОГО РАЙОНА  ОРЛОВСКОЙ ОБЛАСТИ;АДМИНИСТРАЦИЯ ДМИТРОВСКОГО РАЙОНА  ОРЛОВСКОЙ ОБЛАСТИ;13.02.2026;25.02.2026;Закупка завершена;;;24.02.2026;
44-ФЗ;№0142200001326002216;Электронный аукцион на проведение работ по строительству, реконструкции, кап. ремонту, сносу объекта кап. строительства в соответствии с п. 8 ч. 1 ст. 33 Закона № 44-ФЗ;Капитальный ремонт тепловых сетей в селе Большая Глушица муниципального района Большеглушицкий Самарской области;;'263636400056963640100100070014339243;;;30385276.60;RUB;0;;;;;;МУНИЦИПАЛЬНОЕ УЧРЕЖДЕНИЕ АДМИНИСТРАЦИЯ МУНИЦИПАЛЬНОГО РАЙОНА БОЛЬШЕГЛУШИЦКИЙ САМАРСКОЙ ОБЛАСТИ;КОМИТЕТ ПО ОРГАНИЗАЦИИ ТОРГОВ САМАРСКОЙ ОБЛАСТИ;12.02.2026;25.02.2026;Закупка завершена;;;20.02.2026;
44-ФЗ;№0124300021026000106;Запрос котировок в электронной форме;Приобретение жилого помещения (квартиры) путем участия в долевом строительстве многоквартирного жилого дома в городе Архангельске для предоставления гражданам, переселяемым из аварийного жилищного фонда ;;'263290126558129010100100020646810412;;;6657482.30;RUB;0;;;;;;"ДЕПАРТАМЕНТ ГОРОДСКОГО ХОЗЯЙСТВА АДМИНИСТРАЦИИ ГОРОДСКОГО ОКРУГА ""ГОРОД АРХАНГЕЛЬСК""";"АДМИНИСТРАЦИЯ ГОРОДСКОГО ОКРУГА ""ГОРОД АРХАНГЕЛЬСК""";17.02.2026;25.02.2026;Закупка завершена;;;25.02.2026;
44-ФЗ;№0163600006826000004;Открытый конкурс в электронной форме;"Ремонт автомобильных дорог общего пользования местного значения на территории муниципального образования ""Духовщинский муниципальный округ"" Смоленской области";;'263670002743267000100100120014211244;;;25362308.11;RUB;0;;;;;;"АДМИНИСТРАЦИЯ МУНИЦИПАЛЬНОГО ОБРАЗОВАНИЯ ""ДУХОВЩИНСКИЙ МУНИЦИПАЛЬНЫЙ ОКРУГ"" СМОЛЕНСКОЙ ОБЛАСТИ";"АДМИНИСТРАЦИЯ МУНИЦИПАЛЬНОГО ОБРАЗОВАНИЯ ""ДУХОВЩИНСКИЙ МУНИЦИПАЛЬНЫЙ ОКРУГ"" СМОЛЕНСКОЙ ОБЛАСТИ";04.02.2026;25.02.2026;Закупка завершена;;;20.02.2026;
44-ФЗ;№0124300021026000107;Запрос котировок в электронной форме;Приобретение жилого помещения (квартиры) путем участия в долевом строительстве многоквартирного жилого дома в городе Архангельске для предоставления гражданам, переселяемым из аварийного жилищного фонда ;;'263290126558129010100100020656810412;;;5586443.10;RUB;0;;;;;;"ДЕПАРТАМЕНТ ГОРОДСКОГО ХОЗЯЙСТВА АДМИНИСТРАЦИИ ГОРОДСКОГО ОКРУГА ""ГОРОД АРХАНГЕЛЬСК""";"АДМИНИСТРАЦИЯ ГОРОДСКОГО ОКРУГА ""ГОРОД АРХАНГЕЛЬСК""";17.02.2026;25.02.2026;Закупка завершена;;;25.02.2026;
44-ФЗ;№0121200004726000088;Электронный аукцион;Реконструкция моста через реку Большая Дарья на км 26+310 автомобильной дороги «Ессентуки-Бекешевская-Суворовская» (разработка проектной документации);;'262263524419426350100100160017112407;;;17610000.00;RUB;0;;;;;;"ГОСУДАРСТВЕННОЕ БЮДЖЕТНОЕ УЧРЕЖДЕНИЕ СТАВРОПОЛЬСКОГО КРАЯ ""СТАВАВТОДОР""";КОМИТЕТ СТАВРОПОЛЬСКОГО КРАЯ ПО ГОСУДАРСТВЕННЫМ ЗАКУПКАМ;11.02.2026;25.02.2026;Закупка завершена;;;20.02.2026;
44-ФЗ;№0310200000326000308;Электронный аукцион;"Закупка горюче-смазочных материалов для нужд  ГБУЗ ""ССМП"" МЗ РСО-Алания.";;'262150000344215000100100250011920244;;;9514700.00;RUB;0;;;;;;"ГОСУДАРСТВЕННОЕ БЮДЖЕТНОЕ УЧРЕЖДЕНИЕ ЗДРАВООХРАНЕНИЯ ""СТАНЦИЯ СКОРОЙ МЕДИЦИНСКОЙ ПОМОЩИ"" МИНИСТЕРСТВА ЗДРАВООХРАНЕНИЯ РЕСПУБЛИКИ СЕВЕРНАЯ ОСЕТИЯ-АЛАНИЯ";УПРАВЛЕНИЕ РЕСПУБЛИКИ СЕВЕРНАЯ ОСЕТИЯ-АЛАНИЯ ПО ПРОВЕДЕНИЮ ЗАКУПОК ДЛЯ ГОСУДАРСТВЕННЫХ НУЖД;12.02.2026;25.02.2026;Закупка завершена;;;20.02.2026;
44-ФЗ;№0124300021026000102;Запрос котировок в электронной форме;Приобретение жилого помещения (квартиры) путем участия в долевом строительстве многоквартирного жилого дома в городе Архангельске для предоставления гражданам, переселяемым из аварийного жилищного фонда ;;'263290126558129010100100020596810412;;;7436419.90;RUB;0;;;;;;"ДЕПАРТАМЕНТ ГОРОДСКОГО ХОЗЯЙСТВА АДМИНИСТРАЦИИ ГОРОДСКОГО ОКРУГА ""ГОРОД АРХАНГЕЛЬСК""";"АДМИНИСТРАЦИЯ ГОРОДСКОГО ОКРУГА ""ГОРОД АРХАНГЕЛЬСК""";17.02.2026;25.02.2026;Закупка завершена;;;25.02.2026;
44-ФЗ;№0372100033826000083;Электронный аукцион;Оказание охранных услуг для нужд ФГБУ «СПб НИИФ» Минздрава России в 2026 году (Cанаторий Жемчужина);;'261781502228878420100100050180000244;;;5128168.32;RUB;0;;;;;;"ФЕДЕРАЛЬНОЕ ГОСУДАРСТВЕННОЕ БЮДЖЕТНОЕ УЧРЕЖДЕНИЕ ""САНКТ-ПЕТЕРБУРГСКИЙ НАУЧНО-ИССЛЕДОВАТЕЛЬСКИЙ ИНСТИТУТ ФТИЗИОПУЛЬМОНОЛОГИИ"" МИНИСТЕРСТВА ЗДРАВООХРАНЕНИЯ РОССИЙСКОЙ ФЕДЕРАЦИИ";"ФЕДЕРАЛЬНОЕ ГОСУДАРСТВЕННОЕ БЮДЖЕТНОЕ УЧРЕЖДЕНИЕ ""САНКТ-ПЕТЕРБУРГСКИЙ НАУЧНО-ИССЛЕДОВАТЕЛЬСКИЙ ИНСТИТУТ ФТИЗИОПУЛЬМОНОЛОГИИ"" МИНИСТЕРСТВА ЗДРАВООХРАНЕНИЯ РОССИЙСКОЙ ФЕДЕРАЦИИ";17.02.2026;25.02.2026;Закупка завершена;;;25.02.2026;
44-ФЗ;№0829500001126000690;Электронный аукцион;Поставка реагентов для анализаторов серии Ventana BenchMark (лот 6);;'262344390134534430100101010012120244;;;8624404.80;RUB;0;;;;;;"ГОСУДАРСТВЕННОЕ БЮДЖЕТНОЕ УЧРЕЖДЕНИЕ ЗДРАВООХРАНЕНИЯ ""ВОЛГОГРАДСКИЙ ОБЛАСТНОЙ КЛИНИЧЕСКИЙ ОНКОЛОГИЧЕСКИЙ ДИСПАНСЕР""";"ГОСУДАРСТВЕННОЕ КАЗЕННОЕ УЧРЕЖДЕНИЕ  ""ЦЕНТР СОПРОВОЖДЕНИЯ ЗАКУПОК ГОСУДАРСТВЕННЫХ УЧРЕЖДЕНИЙ ЗДРАВООХРАНЕНИЯ ВОЛГОГРАДСКОЙ ОБЛАСТИ""";12.02.2026;25.02.2026;Закупка завершена;;;20.02.2026;
44-ФЗ;№0335300000226000073;Электронный аукцион на проведение работ по строительству, реконструкции, кап. ремонту, сносу объекта кап. строительства в соответствии с п. 8 ч. 1 ст. 33 Закона № 44-ФЗ;Выполнение строительно-монтажных работ по объекту: «Строительство модульной котельной для обеспечения теплоснабжением многоквартирного жилого дома по ул. Ю. Гагарина, 41-45 и МАОУ СОШ № 2 по ул. Ю. Гагарина, 55  в г. Калининграде»;;'263390300337539060100100010014221000;;;69521932.92;RUB;0;;;;;;"МУНИЦИПАЛЬНОЕ ПРЕДПРИЯТИЕ  ""КАЛИНИНГРАДТЕПЛОСЕТЬ"" ГОРОДСКОГО ОКРУГА ""ГОРОД КАЛИНИНГРАД""";"КОМИТЕТ ПО ФИНАНСАМ АДМИНИСТРАЦИИ ГОРОДСКОГО ОКРУГА ""ГОРОД КАЛИНИНГРАД""";17.02.2026;25.02.2026;Закупка завершена;;;25.02.2026;
44-ФЗ;№0372200219626000024;Электронный аукцион;Поставка изделий медицинского назначения (Зеркало вагинальное, одноразового использования);;262781113203278110100100130013250244, 262781104024778110100100140013250244, 262781112999278110100100160013250244, 262781100138278110100100150013250244, 262781112972078110100100190013250244, 262781113061378110100100220013250244, 262781104046278110100100150013250244;;;5095150.00;RUB;0;;;;;;;"САНКТ-ПЕТЕРБУРГСКОЕ ГОСУДАРСТВЕННОЕ КАЗЕННОЕ УЧРЕЖДЕНИЕ ""ДИРЕКЦИЯ ПО ЗАКУПКАМ КОМИТЕТА ПО ЗДРАВООХРАНЕНИЮ""";11.02.2026;25.02.2026;Закупка завершена;;;20.02.2026;
44-ФЗ;№0124300021026000103;Запрос котировок в электронной форме;Приобретение жилого помещения (квартиры) путем участия в долевом строительстве многоквартирного жилого дома в городе Архангельске для предоставления гражданам, переселяемым из аварийного жилищного фонда ;;'263290126558129010100100020606810412;;;8349237.40;RUB;0;;;;;;"ДЕПАРТАМЕНТ ГОРОДСКОГО ХОЗЯЙСТВА АДМИНИСТРАЦИИ ГОРОДСКОГО ОКРУГА ""ГОРОД АРХАНГЕЛЬСК""";"АДМИНИСТРАЦИЯ ГОРОДСКОГО ОКРУГА ""ГОРОД АРХАНГЕЛЬСК""";17.02.2026;25.02.2026;Закупка завершена;;;25.02.2026;
44-ФЗ;№0813500000126000598;Открытый конкурс в электронной форме на проведение работ по строительству, реконструкции, кап. ремонту, сносу объекта кап. строительства в соответствии с п. 8 ч. 1 ст. 33 Закона № 44-ФЗ;"зз-0017-01230 - 2026 Строительство объекта ""Система канализации д. Адам Глазовского района Удмуртской Республики""";;'263183702097418370100100190014221414;;;127093773.46;RUB;0;;;;;;"АДМИНИСТРАЦИЯ МУНИЦИПАЛЬНОГО ОБРАЗОВАНИЯ ""МУНИЦИПАЛЬНЫЙ ОКРУГ ГЛАЗОВСКИЙ РАЙОН УДМУРТСКОЙ РЕСПУБЛИКИ""";"ГОСУДАРСТВЕННОЕ КАЗЕННОЕ УЧРЕЖДЕНИЕ УДМУРТСКОЙ РЕСПУБЛИКИ ""РЕГИОНАЛЬНЫЙ ЦЕНТР ЗАКУПОК УДМУРТСКОЙ РЕСПУБЛИКИ""";09.02.2026;25.02.2026;Закупка завершена;;;20.02.2026;
44-ФЗ;№0372200219626000027;Электронный аукцион;Поставка лекарственного препарата для медицинского применения (МНН Золедроновая кислота) в 2026 году;;262782001368078200100100150012120244, 262781025874878100100100180012120244, 262781703392078170100100240012120244, 262780604491278060100100470012120244, 262780701278378070100100180012120244, 262781604073078160100100120012120244, 262781413442278140100100170012120244, 262780107502578010100100070012120244;;;5272660.00;RUB;0;;;;;;;"САНКТ-ПЕТЕРБУРГСКОЕ ГОСУДАРСТВЕННОЕ КАЗЕННОЕ УЧРЕЖДЕНИЕ ""ДИРЕКЦИЯ ПО ЗАКУПКАМ КОМИТЕТА ПО ЗДРАВООХРАНЕНИЮ""";12.02.2026;25.02.2026;Закупка завершена;;;20.02.2026;
44-ФЗ;№0173100013126000003;Открытый конкурс в электронной форме;Выполнение комплекса работ в рамках мероприятия «Подготовка материалов для национальных докладов о выполнении обязательств Российской Федерации, вытекающих из Конвенции о ядерной безопасности от 17 июня 1994 г. и из Объединенной конвенции о безопасности обращения с отработавшим топливом и о безопасности обращения с радиоактивными отходами от 5 сентября 1997 г., в отношении объектов ядерного наследия» федеральной целевой программы «Обеспечение ядерной и радиационной безопасности на 2016 – 2020 годы и на период до 2035 года»;;'261770956177877090100100700018425244;;;13640400.00;RUB;0;;;;;;ФЕДЕРАЛЬНАЯ СЛУЖБА ПО ЭКОЛОГИЧЕСКОМУ, ТЕХНОЛОГИЧЕСКОМУ И АТОМНОМУ НАДЗОРУ;ФЕДЕРАЛЬНАЯ СЛУЖБА ПО ЭКОЛОГИЧЕСКОМУ, ТЕХНОЛОГИЧЕСКОМУ И АТОМНОМУ НАДЗОРУ;06.02.2026;25.02.2026;Закупка завершена;;;24.02.2026;
223-ФЗ;№32615742435;Иной способ;Оказание  услуг по пошиву и поставке форменной одежды;;;1;Оказание  услуг по пошиву и поставке форменной одежды;7345382.79;RUB;7345382.79;;;;14.12.30: Спецодежда прочая;;"АКЦИОНЕРНОЕ ОБЩЕСТВО ""КУБАНЬ ЭКСПРЕСС-ПРИГОРОД""";"АКЦИОНЕРНОЕ ОБЩЕСТВО ""КУБАНЬ ЭКСПРЕСС-ПРИГОРОД""";25.02.2026;25.02.2026;Закупка завершена;;;27.02.2026 09:00;
44-ФЗ;№0124300021026000105;Запрос котировок в электронной форме;Приобретение жилого помещения (квартиры) путем участия в долевом строительстве многоквартирного жилого дома в городе Архангельске для предоставления гражданам, переселяемым из аварийного жилищного фонда ;;'263290126558129010100100020616810412;;;5708152.10;RUB;0;;;;;;"ДЕПАРТАМЕНТ ГОРОДСКОГО ХОЗЯЙСТВА АДМИНИСТРАЦИИ ГОРОДСКОГО ОКРУГА ""ГОРОД АРХАНГЕЛЬСК""";"АДМИНИСТРАЦИЯ ГОРОДСКОГО ОКРУГА ""ГОРОД АРХАНГЕЛЬСК""";17.02.2026;25.02.2026;Закупка завершена;;;25.02.2026;
44-ФЗ;№0859200001126000866;Электронный аукцион;Поставка ГСМ (бензин АИ-92, топливо дизельное) через АЗС г. Рязани;;'262623101117762340100100010011920244;;;6000000.00;RUB;0;;;;;;"ГОСУДАРСТВЕННОЕ БЮДЖЕТНОЕ УЧРЕЖДЕНИЕ РЯЗАНСКОЙ ОБЛАСТИ ""ОБЛАСТНАЯ КЛИНИЧЕСКАЯ СТАНЦИЯ СКОРОЙ МЕДИЦИНСКОЙ ПОМОЩИ""";"ГОСУДАРСТВЕННОЕ КАЗЕННОЕ УЧРЕЖДЕНИЕ РЯЗАНСКОЙ ОБЛАСТИ ""ЦЕНТР ЗАКУПОК РЯЗАНСКОЙ ОБЛАСТИ""";12.02.2026;25.02.2026;Закупка завершена;;;25.02.2026;
44-ФЗ;№0163300029426000053;Открытый конкурс в электронной форме;Восстановление асфальтобетонного покрытия, после выполнения работ по реконструкции сетей водоснабжения по ул. Соболева (от ул. Большая Советская до пересечения с ул. Верхний Волок) и ул. Студенческой (от пересечения с улицей Большая Краснофлотская до ул. Большая Советская) в г. Смоленске;;'263673007528967300100100440014211244;;;57962746.40;RUB;0;;;;;;УПРАВЛЕНИЕ ЖИЛИЩНО-КОММУНАЛЬНОГО ХОЗЯЙСТВА АДМИНИСТРАЦИИ ГОРОДА СМОЛЕНСКА;АДМИНИСТРАЦИЯ ГОРОДА СМОЛЕНСКА;02.02.2026;25.02.2026;Закупка завершена;;;19.02.2026;
44-ФЗ;№0366200035626000658;Запрос котировок в электронной форме;Централизованная поставка лекарственного препарата для медицинского применения МЕТФОРМИН (Сахарный диабет);;'262710700631171070100100671310000323;;;8520000.00;RUB;0;;;;;;МИНИСТЕРСТВО ЗДРАВООХРАНЕНИЯ ТУЛЬСКОЙ ОБЛАСТИ;"ГОСУДАРСТВЕННОЕ КАЗЕННОЕ УЧРЕЖДЕНИЕ ТУЛЬСКОЙ ОБЛАСТИ ""ЦЕНТР ОРГАНИЗАЦИИ ЗАКУПОК""";13.02.2026;25.02.2026;Закупка завершена;;;20.02.2026;
44-ФЗ;№0841200000726000188;Электронный аукцион;Поставка лекарственных препаратов с МНН МАЦИТЕНТАН;;'262444302135044010100100140012120000;;;5105161.60;RUB;0;;;;;;"ГОСУДАРСТВЕННОЕ УНИТАРНОЕ ПРЕДПРИЯТИЕ ""КОСТРОМСКАЯ ОБЛАСТНАЯ АПТЕЧНАЯ БАЗА""";"ОБЛАСТНОЕ ГОСУДАРСТВЕННОЕ КАЗЕННОЕ УЧРЕЖДЕНИЕ ""АГЕНТСТВО ГОСУДАРСТВЕННЫХ ЗАКУПОК КОСТРОМСКОЙ ОБЛАСТИ""";13.02.2026;25.02.2026;Закупка завершена;;;25.02.2026;
44-ФЗ;№0172200000726000040;Электронный аукцион;Выполнение работ по сносу аварийных расселенных многоквартирных жилых домов, все помещения в которых находятся в собственности Санкт-Петербурга в Красногвардейском районе Санкт-Петербурга для нужд Санкт-Петербурга в 2026 году;;'262780604226378060100100040030000000;;;12983300.00;RUB;0;;;;;;АДМИНИСТРАЦИЯ КРАСНОГВАРДЕЙСКОГО РАЙОНА САНКТ-ПЕТЕРБУРГА;АДМИНИСТРАЦИЯ КРАСНОГВАРДЕЙСКОГО РАЙОНА САНКТ-ПЕТЕРБУРГА;12.02.2026;25.02.2026;Закупка завершена;;;20.02.2026;
44-ФЗ;№0103200008426000453;Электронный аукцион;Поставка лекарственных препаратов на 2026г. ПАНИТУМУМАБ;;'262056001456705730100100020212120244;;;22232790.00;RUB;0;;;;;;"ГОСУДАРСТВЕННОЕ БЮДЖЕТНОЕ УЧРЕЖДЕНИЕ РЕСПУБЛИКИ ДАГЕСТАН ""РЕСПУБЛИКАНСКИЙ ОНКОЛОГИЧЕСКИЙ ЦЕНТР""";КОМИТЕТ ПО ГОСУДАРСТВЕННЫМ ЗАКУПКАМ РЕСПУБЛИКИ ДАГЕСТАН;17.02.2026;25.02.2026;Закупка завершена;;;25.02.2026;
44-ФЗ;№0173100013126000004;Открытый конкурс в электронной форме;Выполнение комплекса работ в рамках мероприятия «Оценка безопасности объектов ядерного наследия, комплексный анализ ядерной и радиационной безопасности объектов и (или) видов деятельности в области использования атомной энергии» федеральной целевой программы «Обеспечение ядерной и радиационной безопасности на 2016 - 2020 годы и на период до 2035 года»;;'261770956177877090100100730018425244;;;25230500.00;RUB;0;;;;;;ФЕДЕРАЛЬНАЯ СЛУЖБА ПО ЭКОЛОГИЧЕСКОМУ, ТЕХНОЛОГИЧЕСКОМУ И АТОМНОМУ НАДЗОРУ;ФЕДЕРАЛЬНАЯ СЛУЖБА ПО ЭКОЛОГИЧЕСКОМУ, ТЕХНОЛОГИЧЕСКОМУ И АТОМНОМУ НАДЗОРУ;06.02.2026;25.02.2026;Закупка завершена;;;24.02.2026;
44-ФЗ;№0103200008425008974;Открытый конкурс в электронной форме;Поставка, монтаж и ввод в эксплуатацию быстровозводимой модульной конструкции;;'252057200045605720100100280014120244;;;12233333.33;RUB;0;;;;;;"ГОСУДАРСТВЕННОЕ БЮДЖЕТНОЕ УЧРЕЖДЕНИЕ РЕСПУБЛИКИ ДАГЕСТАН ""РЕСПУБЛИКАНСКИЙ НАРКОЛОГИЧЕСКИЙ ДИСПАНСЕР""";КОМИТЕТ ПО ГОСУДАРСТВЕННЫМ ЗАКУПКАМ РЕСПУБЛИКИ ДАГЕСТАН;05.12.2025;25.02.2026;Закупка завершена;;;16.02.2026;
44-ФЗ;№0137200001226000839;Электронный аукцион;Выполнение работ по содержанию автомобильных дорог общего пользования регионального или межмуниципального значения в Медынском муниципальном округе Калужской области;;'262402707413440270100101050014211244;;;126328211.79;RUB;0;;;;;;"ГОСУДАРСТВЕННОЕ КАЗЕННОЕ УЧРЕЖДЕНИЕ КАЛУЖСКОЙ ОБЛАСТИ ""КАЛУГАДОРЗАКАЗЧИК""";МИНИСТЕРСТВО КОНКУРЕНТНОЙ ПОЛИТИКИ КАЛУЖСКОЙ ОБЛАСТИ;12.02.2026;25.02.2026;Закупка завершена;;;25.02.2026;
44-ФЗ;№0134600014426000031;Открытый конкурс в электронной форме на проведение работ по строительству, реконструкции, кап. ремонту, сносу объекта кап. строительства в соответствии с п. 8 ч. 1 ст. 33 Закона № 44-ФЗ;Строительство индивидуального жилого дома, расположенного по адресу: Иркутская область, Заларинский муниципальный округ,  с. Бажир, мкр. Северный, ул. Сельская, уч. 51, кадастровый номер земельного участка: 38:04:040903:1238;;'263382500229038250100100090014120412;;;7895664.00;RUB;0;;;;;;КОМИТЕТ ПО УПРАВЛЕНИЮ МУНИЦИПАЛЬНЫМ ИМУЩЕСТВОМ ЗАЛАРИНСКОГО МУНИЦИПАЛЬНОГО ОКРУГА ИРКУТСКОЙ ОБЛАСТИ;АДМИНИСТРАЦИЯ ЗАЛАРИНСКОГО МУНИЦИПАЛЬНОГО ОКРУГА ИРКУТСКОЙ ОБЛАСТИ;05.02.2026;25.02.2026;Закупка завершена;;;24.02.2026;
44-ФЗ;№0373200122126000059;Открытый конкурс в электронной форме;Выполнение работ по ремонту помещений в ГБУЗ «ПКБ № 4 ДЗМ» по адресу: город Москва, ул. Потешная дом 3, корпус 4, 1-й этаж и лестничный марш;;'262771808494877180100100620010000244;;;10479030.91;RUB;0;;;;;;"ГОСУДАРСТВЕННОЕ БЮДЖЕТНОЕ УЧРЕЖДЕНИЕ ЗДРАВООХРАНЕНИЯ ГОРОДА МОСКВЫ ""ПСИХИАТРИЧЕСКАЯ КЛИНИЧЕСКАЯ БОЛЬНИЦА № 4 ИМ. П.Б. ГАННУШКИНА ДЕПАРТАМЕНТА ЗДРАВООХРАНЕНИЯ ГОРОДА МОСКВЫ""";"ГОСУДАРСТВЕННОЕ БЮДЖЕТНОЕ УЧРЕЖДЕНИЕ ЗДРАВООХРАНЕНИЯ ГОРОДА МОСКВЫ ""ПСИХИАТРИЧЕСКАЯ КЛИНИЧЕСКАЯ БОЛЬНИЦА № 4 ИМ. П.Б. ГАННУШКИНА ДЕПАРТАМЕНТА ЗДРАВООХРАНЕНИЯ ГОРОДА МОСКВЫ""";04.02.2026;25.02.2026;Закупка завершена;;;20.02.2026;
44-ФЗ;№0136500001126000641;Запрос котировок в электронной форме;Поставка лекарственных препаратов для медицинского применения (Риоцигуат) на 2026 год;;'262690504495069500100100010900000323;;;9988831.44;RUB;0;;;;;;МИНИСТЕРСТВО ЗДРАВООХРАНЕНИЯ ТВЕРСКОЙ ОБЛАСТИ;КОМИТЕТ ГОСУДАРСТВЕННОГО ЗАКАЗА ТВЕРСКОЙ ОБЛАСТИ;16.02.2026;25.02.2026;Закупка завершена;;;24.02.2026;
44-ФЗ;№0330300198126000009;Электронный аукцион;Оказание услуг по диагностике, техническому обслуживанию и ремонту автотранспортных средств;;'263352527147935250100100020070000244;;;14392000.00;RUB;0;;;;;;"МУНИЦИПАЛЬНОЕ КАЗЕННОЕ УЧРЕЖДЕНИЕ ""ЗЕЛЕНСТРОЙ""";"МУНИЦИПАЛЬНОЕ КАЗЕННОЕ УЧРЕЖДЕНИЕ ""ЗЕЛЕНСТРОЙ""";12.02.2026;25.02.2026;Закупка завершена;;;20.02.2026;
44-ФЗ;№0149200002326000517;Электронный аукцион на проведение работ по строительству, реконструкции, кап. ремонту, сносу объекта кап. строительства в соответствии с п. 8 ч. 1 ст. 33 Закона № 44-ФЗ;"Капитальный ремонт муниципального бюджетного учреждения дополнительного образования ""Детско-юношеская спортивная школа №1"" (МБУДО ""ДЮСШ №1"")";;'263511000420851100100100220014120243;;;50793764.63;RUB;0;;;;;;"МУНИЦИПАЛЬНОЕ БЮДЖЕТНОЕ УЧРЕЖДЕНИЕ ""АДМИНИСТРАТИВНО-ХОЗЯЙСТВЕННОЕ И ТРАНСПОРТНОЕ ОБСЛУЖИВАНИЕ""";КОМИТЕТ ПО КОНКУРЕНТНОЙ ПОЛИТИКЕ МУРМАНСКОЙ ОБЛАСТИ;13.02.2026;25.02.2026;Закупка завершена;;;25.02.2026;
44-ФЗ;№0306200018126000001;Электронный аукцион;Оказание авиационных услуг для проведения лесоавиационных работ по авиапатрулированию, проведению воздушных тренировок, тушению лесных пожаров с предоставлением вертолета МИ-8 с экипажем;;'262100125826910010100100190025223244;;;7222150.00;RUB;0;;;;;;"АВТОНОМНОЕ УЧРЕЖДЕНИЕ РЕСПУБЛИКИ КАРЕЛИЯ ""КАРЕЛЬСКИЙ ЦЕНТР АВИАЦИОННОЙ И НАЗЕМНОЙ ОХРАНЫ ЛЕСОВ""";"АВТОНОМНОЕ УЧРЕЖДЕНИЕ РЕСПУБЛИКИ КАРЕЛИЯ ""КАРЕЛЬСКИЙ ЦЕНТР АВИАЦИОННОЙ И НАЗЕМНОЙ ОХРАНЫ ЛЕСОВ""";12.02.2026;25.02.2026;Закупка завершена;;;20.02.2026;
44-ФЗ;№0373200045226000229;Электронный аукцион;Электронный аукцион на поставку расходного медицинского материала  для отделений на 2026- 2027 г.г.  (лот 2.15) и для  оказания ВМП на 2026 г.      ГБУЗ ММНКЦ им. С.П. Боткина   ДЗМ. ;;'262771408263677140100102590010000244;;;17140080.00;RUB;0;;;;;;"ГОСУДАРСТВЕННОЕ БЮДЖЕТНОЕ УЧРЕЖДЕНИЕ ЗДРАВООХРАНЕНИЯ ГОРОДА МОСКВЫ ""МОСКОВСКИЙ МНОГОПРОФИЛЬНЫЙ НАУЧНО-КЛИНИЧЕСКИЙ ЦЕНТР ИМЕНИ С.П. БОТКИНА"" ДЕПАРТАМЕНТА ЗДРАВООХРАНЕНИЯ ГОРОДА МОСКВЫ";"ГОСУДАРСТВЕННОЕ БЮДЖЕТНОЕ УЧРЕЖДЕНИЕ ЗДРАВООХРАНЕНИЯ ГОРОДА МОСКВЫ ""МОСКОВСКИЙ МНОГОПРОФИЛЬНЫЙ НАУЧНО-КЛИНИЧЕСКИЙ ЦЕНТР ИМЕНИ С.П. БОТКИНА"" ДЕПАРТАМЕНТА ЗДРАВООХРАНЕНИЯ ГОРОДА МОСКВЫ";11.02.2026;25.02.2026;Закупка завершена;;;20.02.2026;
44-ФЗ;№0373200557926000020;Электронный аукцион;Поставка кистей и валиков (СМП и СОНО);;'262772276542877220100100270010000244;;;5767090.00;RUB;0;;;;;;"ГОСУДАРСТВЕННОЕ БЮДЖЕТНОЕ УЧРЕЖДЕНИЕ ГОРОДА МОСКВЫ ПО ЭКСПЛУАТАЦИИ И РЕМОНТУ ИНЖЕНЕРНЫХ СООРУЖЕНИЙ ""ГОРМОСТ""";"ГОСУДАРСТВЕННОЕ БЮДЖЕТНОЕ УЧРЕЖДЕНИЕ ГОРОДА МОСКВЫ ПО ЭКСПЛУАТАЦИИ И РЕМОНТУ ИНЖЕНЕРНЫХ СООРУЖЕНИЙ ""ГОРМОСТ""";16.02.2026;25.02.2026;Закупка завершена;;;25.02.2026;
44-ФЗ;№0160300004726000007;Открытый конкурс в электронной форме;Ремонт автомобильных дорог с.Питерка, п.Нариманово, ст.Питерка Питерского сельского поселения Питерского муниципального района Саратовской области;;'263642600367564260100100130014211244;;;15836955.49;RUB;0;;;;;;АДМИНИСТРАЦИЯ ПИТЕРСКОГО МУНИЦИПАЛЬНОГО РАЙОНА САРАТОВСКОЙ ОБЛАСТИ;АДМИНИСТРАЦИЯ ПИТЕРСКОГО МУНИЦИПАЛЬНОГО РАЙОНА САРАТОВСКОЙ ОБЛАСТИ;05.02.2026;25.02.2026;Закупка завершена;;;24.02.2026;
44-ФЗ;№0142200001326002223;Электронный аукцион;поставка пульта помощника режиссера;;'263631570242063170100100070012733244;;;9223106.00;RUB;0;;;;;;"МУНИЦИПАЛЬНОЕ БЮДЖЕТНОЕ УЧРЕЖДЕНИЕ КУЛЬТУРЫ ГОРОДСКОГО ОКРУГА САМАРА ""ТЕАТР ДРАМЫ ""КАМЕРНАЯ СЦЕНА""";КОМИТЕТ ПО ОРГАНИЗАЦИИ ТОРГОВ САМАРСКОЙ ОБЛАСТИ;12.02.2026;25.02.2026;Закупка завершена;;;20.02.2026;
44-ФЗ;№0833600000826000054;Электронный аукцион;Оказание услуги по содержанию тротуаров и пешеходных зон города Иваново в 2026 году (участок №1);;'263370000043537000100100120018129244;;;7000000.00;RUB;0;;;;;;"МУНИЦИПАЛЬНОЕ КАЗЕННОЕ УЧРЕЖДЕНИЕ ""ДОРОЖНОЕ ГОРОДСКОЕ ХОЗЯЙСТВО""";"МУНИЦИПАЛЬНОЕ КАЗЕННОЕ УЧРЕЖДЕНИЕ ""УПРАВЛЕНИЕ МУНИЦИПАЛЬНЫМИ ЗАКУПКАМИ""";10.02.2026;25.02.2026;Закупка завершена;;;20.02.2026;
44-ФЗ;№0155200000926000054;Открытый конкурс в электронной форме;"«Ремонт автодороги «М-5 «Урал» - с. Степановка – с. Тумалейка» (Обход с. Степановка) км 4+200 – км 15+650 Городищенского района Пензенской области» I этап –  км 4+200 – км 11+200; II этап – км 11+200- км 15+650» II этап – км 11+200- км 15+650»";;'262583601371758360100100500034211244;;;111763134.05;RUB;0;;;;;;"ГОСУДАРСТВЕННОЕ КАЗЕННОЕ УЧРЕЖДЕНИЕ ""УПРАВЛЕНИЕ СТРОИТЕЛЬСТВА И ДОРОЖНОГО ХОЗЯЙСТВА ПЕНЗЕНСКОЙ ОБЛАСТИ""";МИНИСТЕРСТВО ЭКОНОМИЧЕСКОГО РАЗВИТИЯ И ПРОМЫШЛЕННОСТИ ПЕНЗЕНСКОЙ ОБЛАСТИ;06.02.2026;25.02.2026;Закупка завершена;;;25.02.2026;
44-ФЗ;№0833600000826000058;Электронный аукцион;Оказание услуги по содержанию тротуаров и пешеходных зон города Иваново в 2026 году (участок №2);;'263370000043537000100100140018129244;;;14000000.00;RUB;0;;;;;;"МУНИЦИПАЛЬНОЕ КАЗЕННОЕ УЧРЕЖДЕНИЕ ""ДОРОЖНОЕ ГОРОДСКОЕ ХОЗЯЙСТВО""";"МУНИЦИПАЛЬНОЕ КАЗЕННОЕ УЧРЕЖДЕНИЕ ""УПРАВЛЕНИЕ МУНИЦИПАЛЬНЫМИ ЗАКУПКАМИ""";11.02.2026;25.02.2026;Закупка завершена;;;20.02.2026;
44-ФЗ;№0134600014426000002;Открытый конкурс в электронной форме на проведение работ по строительству, реконструкции, кап. ремонту, сносу объекта кап. строительства в соответствии с п. 8 ч. 1 ст. 33 Закона № 44-ФЗ;Строительство индивидуального жилого дома, расположенного по адресу: Иркутская область, Заларинский муниципальный округ,  с. Бажир, мкр. Северный, ул. Сельская, уч. 35, кадастровый номер земельного участка: 38:04:040903:1229;;'263382500229038250100100300014120412;;;7895664.00;RUB;0;;;;;;КОМИТЕТ ПО УПРАВЛЕНИЮ МУНИЦИПАЛЬНЫМ ИМУЩЕСТВОМ ЗАЛАРИНСКОГО МУНИЦИПАЛЬНОГО ОКРУГА ИРКУТСКОЙ ОБЛАСТИ;АДМИНИСТРАЦИЯ ЗАЛАРИНСКОГО МУНИЦИПАЛЬНОГО ОКРУГА ИРКУТСКОЙ ОБЛАСТИ;04.02.2026;25.02.2026;Закупка завершена;;;20.02.2026;
44-ФЗ;№0163600009426000053;Открытый конкурс в электронной форме;ремонт покрытия автомобильной дороги общего пользования местного значения  по ул. Суворова в г. Сафоново Сафоновского муниципального округа  Смоленской области;;'263670002775367000100100080074211244;;;7954804.82;RUB;0;;;;;;"ОТДЕЛ ТРАНСПОРТА И ДОРОЖНОГО ХОЗЯЙСТВА АДМИНИСТРАЦИИ МУНИЦИПАЛЬНОГО ОБРАЗОВАНИЯ ""САФОНОВСКИЙ МУНИЦИПАЛЬНЫЙ ОКРУГ"" СМОЛЕНСКОЙ ОБЛАСТИ";"АДМИНИСТРАЦИЯ МУНИЦИПАЛЬНОГО ОБРАЗОВАНИЯ ""САФОНОВСКИЙ МУНИЦИПАЛЬНЫЙ ОКРУГ"" СМОЛЕНСКОЙ ОБЛАСТИ";06.02.2026;25.02.2026;Закупка завершена;;;24.02.2026;
44-ФЗ;№0310200000326000395;Электронный аукцион;Сопровождение и развитие программ для ЭВМ в составе автоматизированной системы управления бюджетным процессом;;'262150100754515130100100020010000244;;;40909930.00;RUB;0;;;;;;МИНИСТЕРСТВО ФИНАНСОВ РЕСПУБЛИКИ СЕВЕРНАЯ ОСЕТИЯ-АЛАНИЯ;УПРАВЛЕНИЕ РЕСПУБЛИКИ СЕВЕРНАЯ ОСЕТИЯ-АЛАНИЯ ПО ПРОВЕДЕНИЮ ЗАКУПОК ДЛЯ ГОСУДАРСТВЕННЫХ НУЖД;17.02.2026;25.02.2026;Закупка завершена;;;25.02.2026;
44-ФЗ;№0815500000526001490;Запрос котировок в электронной форме;Поставка бензина автомобильного (розничная реализация);;'262210100271321220100100440011920244;;;5567100.00;RUB;0;;;;;;"БЮДЖЕТНОЕ УЧРЕЖДЕНИЕ ЧУВАШСКОЙ РЕСПУБЛИКИ ""ЦЕНТРАЛЬНАЯ РАЙОННАЯ БОЛЬНИЦА АЛАТЫРСКОГО РАЙОНА"" МИНИСТЕРСТВА ЗДРАВООХРАНЕНИЯ ЧУВАШСКОЙ РЕСПУБЛИКИ";"КАЗЕННОЕ УЧРЕЖДЕНИЕ ЧУВАШСКОЙ РЕСПУБЛИКИ ""РЕГИОНАЛЬНЫЙ ЦЕНТР ЗАКУПОК ЧУВАШСКОЙ РЕСПУБЛИКИ""";13.02.2026;25.02.2026;Закупка завершена;;;20.02.2026;
44-ФЗ;№0167200003426000937;Электронный аукцион;Поставка лекарственных препаратов для медицинского применения МНН ИНСУЛИН ЛИЗПРО;;'262720216180772030100100250492120323;;;8962200.00;RUB;0;;;;;;ДЕПАРТАМЕНТ ЗДРАВООХРАНЕНИЯ ТЮМЕНСКОЙ ОБЛАСТИ;УПРАВЛЕНИЕ ГОСУДАРСТВЕННЫХ ЗАКУПОК ТЮМЕНСКОЙ ОБЛАСТИ;17.02.2026;25.02.2026;Закупка завершена;;;25.02.2026;
44-ФЗ;№0121200004726000113;Электронный аукцион;Поставка смеси горячей асфальтобетонной;;'262263524419426234300100710032399243;;;5632000.00;RUB;0;;;;;;"ШПАКОВСКИЙ ФИЛИАЛ ГОСУДАРСТВЕННОГО БЮДЖЕТНОГО УЧРЕЖДЕНИЯ СТАВРОПОЛЬСКОГО КРАЯ ""СТАВАВТОДОР""";КОМИТЕТ СТАВРОПОЛЬСКОГО КРАЯ ПО ГОСУДАРСТВЕННЫМ ЗАКУПКАМ;16.02.2026;25.02.2026;Закупка завершена;;;25.02.2026;
44-ФЗ;№0373100047026000005;Электронный аукцион;Оказание услуг санаторно-курортных организаций для действующих судей (и членов их семьи) и судей в отставке;;'261770320458677040100100050018690000;;;31084600.00;RUB;0;;;;;;УПРАВЛЕНИЕ СУДЕБНОГО ДЕПАРТАМЕНТА В Г. МОСКВЕ;УПРАВЛЕНИЕ СУДЕБНОГО ДЕПАРТАМЕНТА В Г. МОСКВЕ;16.02.2026;25.02.2026;Закупка завершена;;;24.02.2026;
44-ФЗ;№0163600009426000055;Открытый конкурс в электронной форме;ремонт покрытия автомобильной дороги общего пользования местного значения  по ул. Школьная в г. Сафоново Сафоновского муниципального округа  Смоленской области;;'263670002775367000100100080084211244;;;7002215.97;RUB;0;;;;;;"ОТДЕЛ ТРАНСПОРТА И ДОРОЖНОГО ХОЗЯЙСТВА АДМИНИСТРАЦИИ МУНИЦИПАЛЬНОГО ОБРАЗОВАНИЯ ""САФОНОВСКИЙ МУНИЦИПАЛЬНЫЙ ОКРУГ"" СМОЛЕНСКОЙ ОБЛАСТИ";"АДМИНИСТРАЦИЯ МУНИЦИПАЛЬНОГО ОБРАЗОВАНИЯ ""САФОНОВСКИЙ МУНИЦИПАЛЬНЫЙ ОКРУГ"" СМОЛЕНСКОЙ ОБЛАСТИ";06.02.2026;25.02.2026;Закупка завершена;;;24.02.2026;
44-ФЗ;№0881500000126000003;Электронный аукцион;Оказание услуг по техническому обслуживанию подсистемы фотовидеофиксации событий (правонарушений) на дорогах в федеральной территории «Сириус» ;;'262236702622223780100101280013313242;;;95875000.00;RUB;0;;;;;;"МУНИЦИПАЛЬНОЕ КАЗЕННОЕ УЧРЕЖДЕНИЕ ""ЦИФРА.ФТ""";"МУНИЦИПАЛЬНОЕ КАЗЕННОЕ УЧРЕЖДЕНИЕ ""ЦИФРА.ФТ""";17.02.2026;25.02.2026;Закупка завершена;;;25.02.2026;
44-ФЗ;№0348600004326000003;Электронный аукцион;Услуги по аренде транспортных средств с водителем в 2026 году;;'263501818589850180100100160014941244;;;5000000.00;RUB;0;;;;;;"МУНИЦИПАЛЬНОЕ БЮДЖЕТНОЕ УЧРЕЖДЕНИЕ ГОРОДСКОГО ОКРУГА КОРОЛЁВ МОСКОВСКОЙ ОБЛАСТИ ПО КОМПЛЕКСНОМУ СОДЕРЖАНИЮ ОБЪЕКТОВ ДОРОЖНОГО ХОЗЯЙСТВА И БЛАГОУСТРОЙСТВУ ""АВТОБЫТДОР""";"МУНИЦИПАЛЬНОЕ БЮДЖЕТНОЕ УЧРЕЖДЕНИЕ ГОРОДСКОГО ОКРУГА КОРОЛЁВ МОСКОВСКОЙ ОБЛАСТИ ПО КОМПЛЕКСНОМУ СОДЕРЖАНИЮ ОБЪЕКТОВ ДОРОЖНОГО ХОЗЯЙСТВА И БЛАГОУСТРОЙСТВУ ""АВТОБЫТДОР""";13.02.2026;25.02.2026;Закупка завершена;;;24.02.2026;
44-ФЗ;№0121200004726000115;Электронный аукцион;поставка лекарственного препарата ВАКЦИНА ДЛЯ ПРОФИЛАКТИКИ ПНЕВМОКОККОВЫХ ИНФЕКЦИЙ для медицинского применения  для обеспечения государственных нужд Ставропольского края;;'262263300599426340100101120012120244;;;23262600.00;RUB;0;;;;;;МИНИСТЕРСТВО ЗДРАВООХРАНЕНИЯ СТАВРОПОЛЬСКОГО КРАЯ;КОМИТЕТ СТАВРОПОЛЬСКОГО КРАЯ ПО ГОСУДАРСТВЕННЫМ ЗАКУПКАМ;16.02.2026;25.02.2026;Закупка завершена;;;25.02.2026;
44-ФЗ;№0134600014426000001;Открытый конкурс в электронной форме на проведение работ по строительству, реконструкции, кап. ремонту, сносу объекта кап. строительства в соответствии с п. 8 ч. 1 ст. 33 Закона № 44-ФЗ;Строительство индивидуального жилого дома, расположенного по адресу: Иркутская область, Заларинский муниципальный округ,  с. Бажир, мкр. Северный, ул. Сельская, уч. 37, кадастровый номер земельного участка: 38:04:040903:1230;;'263382500229038250100100320014120412;;;7895664.00;RUB;0;;;;;;КОМИТЕТ ПО УПРАВЛЕНИЮ МУНИЦИПАЛЬНЫМ ИМУЩЕСТВОМ ЗАЛАРИНСКОГО МУНИЦИПАЛЬНОГО ОКРУГА ИРКУТСКОЙ ОБЛАСТИ;АДМИНИСТРАЦИЯ ЗАЛАРИНСКОГО МУНИЦИПАЛЬНОГО ОКРУГА ИРКУТСКОЙ ОБЛАСТИ;04.02.2026;25.02.2026;Закупка завершена;;;24.02.2026;
44-ФЗ;№0163600009426000056;Открытый конкурс в электронной форме;Ремонт покрытия автомобильной дороги общего пользования местного значения  по 3-й проезд Володарского в г. Сафоново Сафоновского муниципального округа  Смоленской области;;'263670002775367000100100080024211244;;;7423092.78;RUB;0;;;;;;"ОТДЕЛ ТРАНСПОРТА И ДОРОЖНОГО ХОЗЯЙСТВА АДМИНИСТРАЦИИ МУНИЦИПАЛЬНОГО ОБРАЗОВАНИЯ ""САФОНОВСКИЙ МУНИЦИПАЛЬНЫЙ ОКРУГ"" СМОЛЕНСКОЙ ОБЛАСТИ";"АДМИНИСТРАЦИЯ МУНИЦИПАЛЬНОГО ОБРАЗОВАНИЯ ""САФОНОВСКИЙ МУНИЦИПАЛЬНЫЙ ОКРУГ"" СМОЛЕНСКОЙ ОБЛАСТИ";06.02.2026;25.02.2026;Закупка завершена;;;24.02.2026;
44-ФЗ;№0124200000626000335;Электронный аукцион;Выполнение работ по развитию подсистемы светофорного управления и подсистемы видеонаблюдения, детектирования ДТП и ЧС интеллектуальной транспортной системы Архангельской городской агломерации в 2026 году;;'262290111828029010100100010010000244;;;26704285.71;RUB;0;;;;;;"ГОСУДАРСТВЕННОЕ БЮДЖЕТНОЕ УЧРЕЖДЕНИЕ АРХАНГЕЛЬСКОЙ ОБЛАСТИ ""АРХАНГЕЛЬСКИЙ ТЕЛЕКОММУНИКАЦИОННЫЙ ЦЕНТР""";КОНТРАКТНОЕ АГЕНТСТВО АРХАНГЕЛЬСКОЙ ОБЛАСТИ;05.02.2026;25.02.2026;Закупка завершена;;;20.02.2026;
44-ФЗ;№0373200306226000001;Электронный аукцион;Поставка строительных и лакокрасочных материалов;;262774304364977430100100040010000244, 262771303905077130100100040010000244, 262774393532877430100100040010000244, 262774302352277430100100030010000244, 262774302123677430100100040010000244, 262774390434477430100100040010000244, 262774391172977430100100050010000244, 262774361948177430100100040010000244, 262774386811077430100100040010000244, 262774302620277430100100050010000244, 262774302435777430100100030010000244, 262774302406877430100100050010000244, 262774302130077430100100050010000244, 262774394059077430100100040010000244, 262774301890077430100100040010000244, 262774302492877430100100050010000244, 262774308554377430100100020010000244, 262771202255077430100100050010000244, 262774393735777430100100030010000244;;;11112754.80;RUB;0;;;;;;;"ГОСУДАРСТВЕННОЕ БЮДЖЕТНОЕ ОБЩЕОБРАЗОВАТЕЛЬНОЕ УЧРЕЖДЕНИЕ ГОРОДА МОСКВЫ ""ШКОЛА № 1576""";12.02.2026;25.02.2026;Закупка завершена;;;20.02.2026;
44-ФЗ;№0348100008826000005;Электронный аукцион;Поставка  павильонов с установкой  по  адресу: Московская область, г. Бронницы, ул. Москворецкая, д. 46;;'261500200241150020100100060012511244;;;19694207.44;RUB;0;;;;;;"ФЕДЕРАЛЬНОЕ ГОСУДАРСТВЕННОЕ БЮДЖЕТНОЕ УЧРЕЖДЕНИЕ ПРОФЕССИОНАЛЬНАЯ ОБРАЗОВАТЕЛЬНАЯ ОРГАНИЗАЦИЯ ""ГОСУДАРСТВЕННОЕ УЧИЛИЩЕ (ТЕХНИКУМ) ОЛИМПИЙСКОГО РЕЗЕРВА Г.БРОННИЦЫ МОСКОВСКОЙ ОБЛАСТИ""";"ФЕДЕРАЛЬНОЕ ГОСУДАРСТВЕННОЕ БЮДЖЕТНОЕ УЧРЕЖДЕНИЕ ПРОФЕССИОНАЛЬНАЯ ОБРАЗОВАТЕЛЬНАЯ ОРГАНИЗАЦИЯ ""ГОСУДАРСТВЕННОЕ УЧИЛИЩЕ (ТЕХНИКУМ) ОЛИМПИЙСКОГО РЕЗЕРВА Г.БРОННИЦЫ МОСКОВСКОЙ ОБЛАСТИ""";17.02.2026;25.02.2026;Закупка завершена;;;25.02.2026;
44-ФЗ;№0848300045426000035;Открытый конкурс в электронной форме;Выполнение работ по ремонту дворовых территорий (лот 7) в Одинцовском городском округе Московской области в 2026 году;;'263503200422250320100100410014299244;;;16537193.04;RUB;0;;;;;;АДМИНИСТРАЦИЯ ОДИНЦОВСКОГО ГОРОДСКОГО ОКРУГА МОСКОВСКОЙ ОБЛАСТИ;"МУНИЦИПАЛЬНОЕ КАЗЕННОЕ УЧРЕЖДЕНИЕ ""ЦЕНТР МУНИЦИПАЛЬНЫХ ЗАКУПОК"" ОДИНЦОВСКОГО ГОРОДСКОГО ОКРУГА МОСКОВСКОЙ ОБЛАСТИ";09.02.2026;25.02.2026;Закупка завершена;;;25.02.2026;
44-ФЗ;№0163600009426000059;Открытый конкурс в электронной форме;ремонт покрытия автомобильной дороги общего пользования местного значения  по ул. Луговая в г. Сафоново Сафоновского муниципального округа  Смоленской области;;'263670002775367000100100080054211244;;;6528475.25;RUB;0;;;;;;"ОТДЕЛ ТРАНСПОРТА И ДОРОЖНОГО ХОЗЯЙСТВА АДМИНИСТРАЦИИ МУНИЦИПАЛЬНОГО ОБРАЗОВАНИЯ ""САФОНОВСКИЙ МУНИЦИПАЛЬНЫЙ ОКРУГ"" СМОЛЕНСКОЙ ОБЛАСТИ";"АДМИНИСТРАЦИЯ МУНИЦИПАЛЬНОГО ОБРАЗОВАНИЯ ""САФОНОВСКИЙ МУНИЦИПАЛЬНЫЙ ОКРУГ"" СМОЛЕНСКОЙ ОБЛАСТИ";06.02.2026;25.02.2026;Закупка завершена;;;24.02.2026;
44-ФЗ;№0163600009426000058;Открытый конкурс в электронной форме;ремонт покрытия автомобильной дороги общего пользования местного значения  по ул. Железнодорожная в г. Сафоново Сафоновского муниципального округа  Смоленской области;;'263670002775367000100100080044211244;;;7078120.84;RUB;0;;;;;;"ОТДЕЛ ТРАНСПОРТА И ДОРОЖНОГО ХОЗЯЙСТВА АДМИНИСТРАЦИИ МУНИЦИПАЛЬНОГО ОБРАЗОВАНИЯ ""САФОНОВСКИЙ МУНИЦИПАЛЬНЫЙ ОКРУГ"" СМОЛЕНСКОЙ ОБЛАСТИ";"АДМИНИСТРАЦИЯ МУНИЦИПАЛЬНОГО ОБРАЗОВАНИЯ ""САФОНОВСКИЙ МУНИЦИПАЛЬНЫЙ ОКРУГ"" СМОЛЕНСКОЙ ОБЛАСТИ";06.02.2026;25.02.2026;Закупка завершена;;;24.02.2026;
44-ФЗ;№0848300062226000062;Электронный аукцион;Поставка бумаги для офисной техники;;'263503612636650360100100160011712244;;;5973000.00;RUB;0;;;;;;"МУНИЦИПАЛЬНОЕ БЮДЖЕТНОЕ УЧРЕЖДЕНИЕ ГОРОДСКОГО ОКРУГА ПОДОЛЬСК ""МНОГОФУНКЦИОНАЛЬНЫЙ ЦЕНТР ПРЕДОСТАВЛЕНИЯ ГОСУДАРСТВЕННЫХ И МУНИЦИПАЛЬНЫХ УСЛУГ""";"МУНИЦИПАЛЬНОЕ КАЗЕННОЕ УЧРЕЖДЕНИЕ ""ЦЕНТР ТОРГОВ""";16.02.2026;25.02.2026;Закупка завершена;;;25.02.2026;
44-ФЗ;№0359100009826000001;Электронный аукцион;Поставка лекарственных препаратов (Иммуноглобулин человека нормальный);;'261622801319962340100102240010000244;;;6084925.00;RUB;0;;;;;;"ФЕДЕРАЛЬНОЕ ГОСУДАРСТВЕННОЕ БЮДЖЕТНОЕ ОБРАЗОВАТЕЛЬНОЕ УЧРЕЖДЕНИЕ ВЫСШЕГО ОБРАЗОВАНИЯ ""РЯЗАНСКИЙ ГОСУДАРСТВЕННЫЙ МЕДИЦИНСКИЙ УНИВЕРСИТЕТ ИМЕНИ АКАДЕМИКА И.П. ПАВЛОВА"" МИНИСТЕРСТВА ЗДРАВООХРАНЕНИЯ РОССИЙСКОЙ ФЕДЕРАЦИИ";"ФЕДЕРАЛЬНОЕ ГОСУДАРСТВЕННОЕ БЮДЖЕТНОЕ ОБРАЗОВАТЕЛЬНОЕ УЧРЕЖДЕНИЕ ВЫСШЕГО ОБРАЗОВАНИЯ ""РЯЗАНСКИЙ ГОСУДАРСТВЕННЫЙ МЕДИЦИНСКИЙ УНИВЕРСИТЕТ ИМЕНИ АКАДЕМИКА И.П. ПАВЛОВА"" МИНИСТЕРСТВА ЗДРАВООХРАНЕНИЯ РОССИЙСКОЙ ФЕДЕРАЦИИ";16.02.2026;25.02.2026;Закупка завершена;;;24.02.2026;
44-ФЗ;№0172300007126000002;Электронный аукцион;Выполнение работ по благоустройству территории МО поселок Парголово в 2026 году, включая поставку товаров ;;'263780223225678020100100080010000244;;;29328564.03;RUB;0;;;;;;МЕСТНАЯ АДМИНИСТРАЦИЯ ВНУТРИГОРОДСКОГО МУНИЦИПАЛЬНОГО ОБРАЗОВАНИЯ ГОРОДА ФЕДЕРАЛЬНОГО ЗНАЧЕНИЯ САНКТ-ПЕТЕРБУРГА ПОСЕЛОК ПАРГОЛОВО;МЕСТНАЯ АДМИНИСТРАЦИЯ ВНУТРИГОРОДСКОГО МУНИЦИПАЛЬНОГО ОБРАЗОВАНИЯ ГОРОДА ФЕДЕРАЛЬНОГО ЗНАЧЕНИЯ САНКТ-ПЕТЕРБУРГА ПОСЕЛОК ПАРГОЛОВО;16.02.2026;25.02.2026;Закупка завершена;;;25.02.2026;
44-ФЗ;№0124200000626000223;Открытый конкурс в электронной форме на проведение работ по строительству, реконструкции, кап. ремонту, сносу объекта кап. строительства в соответствии с п. 8 ч. 1 ст. 33 Закона № 44-ФЗ;Выполнение работ по капитальному ремонту общежития ГБПОУ АО «Архангельский педколледж имени Р.Е. Шаниной», г. Архангельск, ул. Урицкого, 68;;'262290113104129010100100100014120243;;;124999984.14;RUB;0;;;;;;"ГОСУДАРСТВЕННОЕ КАЗЕННОЕ УЧРЕЖДЕНИЕ АРХАНГЕЛЬСКОЙ ОБЛАСТИ ""ГЛАВНОЕ УПРАВЛЕНИЕ КАПИТАЛЬНОГО СТРОИТЕЛЬСТВА""";КОНТРАКТНОЕ АГЕНТСТВО АРХАНГЕЛЬСКОЙ ОБЛАСТИ;02.02.2026;25.02.2026;Закупка завершена;;;20.02.2026;
44-ФЗ;№0344300069026000028;Открытый конкурс в электронной форме;Проведение противопаводковых  мероприятий;;'263463001179246320100100050224291244;;;6500000.00;RUB;0;;;;;;АДМИНИСТРАЦИЯ СЕЙМСКОГО ОКРУГА ГОРОДА КУРСКА;"МУНИЦИПАЛЬНОЕ КАЗЕННОЕ УЧРЕЖДЕНИЕ ""ЦЕНТР ЗАКУПОК И РАЗВИТИЯ СОЦИАЛЬНЫХ ИНИЦИАТИВ ГОРОДА КУРСКА""";09.02.2026;25.02.2026;Закупка завершена;;;25.02.2026;
44-ФЗ;№0121600026926000001;Электронный аукцион;Ремонт участка автомобильной дороги общего пользования местного значения по ул. Сумского в селе Калиновское Александровского муниципального округа Ставропольского края;;'263260100351426010100100030014211244;;;12735134.33;RUB;0;;;;;;КАЛИНОВСКИЙ ТЕРРИТОРИАЛЬНЫЙ ОТДЕЛ АДМИНИСТРАЦИИ АЛЕКСАНДРОВСКОГО МУНИЦИПАЛЬНОГО ОКРУГА СТАВРОПОЛЬСКОГО КРАЯ;КАЛИНОВСКИЙ ТЕРРИТОРИАЛЬНЫЙ ОТДЕЛ АДМИНИСТРАЦИИ АЛЕКСАНДРОВСКОГО МУНИЦИПАЛЬНОГО ОКРУГА СТАВРОПОЛЬСКОГО КРАЯ;13.02.2026;25.02.2026;Закупка завершена;;;24.02.2026;
44-ФЗ;№0363100015126000012;Электронный аукцион;Поставка эндопротезов тазобедренного сустава тотальных с парой трения металл-полиэтилен;;'261673203380967320100100060110000244;;;6370000.00;RUB;0;;;;;;"ФЕДЕРАЛЬНОЕ ГОСУДАРСТВЕННОЕ БЮДЖЕТНОЕ УЧРЕЖДЕНИЕ ""ФЕДЕРАЛЬНЫЙ ЦЕНТР ТРАВМАТОЛОГИИ, ОРТОПЕДИИ И ЭНДОПРОТЕЗИРОВАНИЯ"" МИНИСТЕРСТВА ЗДРАВООХРАНЕНИЯ РОССИЙСКОЙ ФЕДЕРАЦИИ (Г. СМОЛЕНСК)";"ФЕДЕРАЛЬНОЕ ГОСУДАРСТВЕННОЕ БЮДЖЕТНОЕ УЧРЕЖДЕНИЕ ""ФЕДЕРАЛЬНЫЙ ЦЕНТР ТРАВМАТОЛОГИИ, ОРТОПЕДИИ И ЭНДОПРОТЕЗИРОВАНИЯ"" МИНИСТЕРСТВА ЗДРАВООХРАНЕНИЯ РОССИЙСКОЙ ФЕДЕРАЦИИ (Г. СМОЛЕНСК)";13.02.2026;25.02.2026;Закупка завершена;;;24.02.2026;
44-ФЗ;№0848300058126000023;Запрос котировок в электронной форме;Поставка дизельного топлива;;'263501002346150100100100080011920244;;;5539300.00;RUB;0;;;;;;"МУНИЦИПАЛЬНОЕ БЮДЖЕТНОЕ УЧРЕЖДЕНИЕ ГОРОДА ДУБНЫ МОСКОВСКОЙ ОБЛАСТИ ""ДЕТСКИЙ ОЗДОРОВИТЕЛЬНЫЙ ЛАГЕРЬ ""СОСНОВЫЙ БОР""";МУНИЦИПАЛЬНОЕ КАЗЁННОЕ УЧРЕЖДЕНИЕ КОНТРАКТНАЯ СЛУЖБА ГОРОДА ДУБНЫ МОСКОВСКОЙ ОБЛАСТИ;16.02.2026;25.02.2026;Закупка завершена;;;24.02.2026;
44-ФЗ;№0348100018726000016;Электронный аукцион;Плуг оборотный;;'261503202613877310100100330012830244;;;10866666.66;RUB;0;;;;;;"ФЕДЕРАЛЬНОЕ ГОСУДАРСТВЕННОЕ БЮДЖЕТНОЕ НАУЧНОЕ УЧРЕЖДЕНИЕ ""ФЕДЕРАЛЬНЫЙ ИССЛЕДОВАТЕЛЬСКИЙ ЦЕНТР ""НЕМЧИНОВКА""";"ФЕДЕРАЛЬНОЕ ГОСУДАРСТВЕННОЕ БЮДЖЕТНОЕ НАУЧНОЕ УЧРЕЖДЕНИЕ ""ФЕДЕРАЛЬНЫЙ ИССЛЕДОВАТЕЛЬСКИЙ ЦЕНТР ""НЕМЧИНОВКА""";13.02.2026;25.02.2026;Закупка завершена;;;24.02.2026;
44-ФЗ;№0841200000726000189;Электронный аукцион;Поставка лекарственных препаратов с МНН АКАЛАБРУТИНИБ;;'262444302135044010100100120012120000;;;16136901.00;RUB;0;;;;;;"ГОСУДАРСТВЕННОЕ УНИТАРНОЕ ПРЕДПРИЯТИЕ ""КОСТРОМСКАЯ ОБЛАСТНАЯ АПТЕЧНАЯ БАЗА""";"ОБЛАСТНОЕ ГОСУДАРСТВЕННОЕ КАЗЕННОЕ УЧРЕЖДЕНИЕ ""АГЕНТСТВО ГОСУДАРСТВЕННЫХ ЗАКУПОК КОСТРОМСКОЙ ОБЛАСТИ""";13.02.2026;25.02.2026;Закупка завершена;;;25.02.2026;
44-ФЗ;№0373200027426000287;Электронный аукцион;"Электронный аукцион на оказание услуг по выполнению функций младшего медицинского персонала в ГБУЗ ""ГКБ им. С.С.Юдина ДЗМ"" (СЗ-073)";;'262772407087077240100102780010000244;;;29999846.20;RUB;0;;;;;;"ГОСУДАРСТВЕННОЕ БЮДЖЕТНОЕ УЧРЕЖДЕНИЕ ЗДРАВООХРАНЕНИЯ ГОРОДА МОСКВЫ ""ГОРОДСКАЯ КЛИНИЧЕСКАЯ БОЛЬНИЦА ИМЕНИ С.С. ЮДИНА ДЕПАРТАМЕНТА ЗДРАВООХРАНЕНИЯ ГОРОДА МОСКВЫ""";"ГОСУДАРСТВЕННОЕ БЮДЖЕТНОЕ УЧРЕЖДЕНИЕ ЗДРАВООХРАНЕНИЯ ГОРОДА МОСКВЫ ""ГОРОДСКАЯ КЛИНИЧЕСКАЯ БОЛЬНИЦА ИМЕНИ С.С. ЮДИНА ДЕПАРТАМЕНТА ЗДРАВООХРАНЕНИЯ ГОРОДА МОСКВЫ""";16.02.2026;25.02.2026;Закупка завершена;;;24.02.2026;
44-ФЗ;№0846600002126000070;Электронный аукцион;Поставка дизельного топлива и бензина на 1-2 квартал 2026 года;;'263482511529648250100100290011920244;;;26888060.00;RUB;0;;;;;;"МУНИЦИПАЛЬНОЕ БЮДЖЕТНОЕ УЧРЕЖДЕНИЕ ""УПРАВЛЕНИЕ БЛАГОУСТРОЙСТВА Г. ЛИПЕЦКА""";"МУНИЦИПАЛЬНОЕ КАЗЕННОЕ УЧРЕЖДЕНИЕ ""УПРАВЛЕНИЕ МУНИЦИПАЛЬНОГО ЗАКАЗА ГОРОДА ЛИПЕЦКА""";17.02.2026;25.02.2026;Закупка завершена;;;25.02.2026;
44-ФЗ;№0340200003326001365;Электронный аукцион;Выполнение работ по ремонту(строительству) тротуаров по нечетной стороне ул. Федосеева от проезда между улицами Федосеева и Коммуны до ул. Заводская г. Нолинске в рамках реализации муниципальной программы муниципального образования Нолинское городское поселение Нолинского района Кировской области «Формирование современной городской среды на 2018 - 2030 годы»;;'263432100601943210100100320014211244;;;6886990.89;RUB;0;;;;;;АДМИНИСТРАЦИЯ МУНИЦИПАЛЬНОГО ОБРАЗОВАНИЯ НОЛИНСКОЕ ГОРОДСКОЕ ПОСЕЛЕНИЕ НОЛИНСКОГО РАЙОНА КИРОВСКОЙ ОБЛАСТИ;"КИРОВСКОЕ ОБЛАСТНОЕ ГОСУДАРСТВЕННОЕ КАЗЕННОЕ УЧРЕЖДЕНИЕ ""ЦЕНТР ПО ТЕХНИЧЕСКОМУ СОПРОВОЖДЕНИЮ ГОСУДАРСТВЕННЫХ ЗАКУПОК""";12.02.2026;25.02.2026;Закупка завершена;;;20.02.2026;
44-ФЗ;№0148300062726000069;Электронный аукцион;Выполнение работ по зимнему содержанию улично-дорожной сети населенных пунктов Наро-Фоминского городского округа;;'263503008526550300100100190018129244;;;10000000.00;RUB;0;;;;;;"МУНИЦИПАЛЬНОЕ БЮДЖЕТНОЕ УЧРЕЖДЕНИЕ НАРО-ФОМИНСКОГО ГОРОДСКОГО ОКРУГА ""БЛАГОУСТРОЙСТВО И ДОРОЖНОЕ ХОЗЯЙСТВО""";"МУНИЦИПАЛЬНОЕ КАЗЕННОЕ УЧРЕЖДЕНИЕ ""ЦЕНТР ТОРГОВ НАРО-ФОМИНСКОГО ГОРОДСКОГО ОКРУГА""";17.02.2026;25.02.2026;Закупка завершена;;;25.02.2026;
44-ФЗ;№0348200027026000080;Электронный аукцион;Поставка расходных медицинских материалов в 2026 году (расходные материалы для патологоанатомического отделения (гистология) лот 6);;'262770206615777020100100910012120244;;;7587269.42;RUB;0;;;;;;"ГОСУДАРСТВЕННОЕ БЮДЖЕТНОЕ УЧРЕЖДЕНИЕ ЗДРАВООХРАНЕНИЯ МОСКОВСКОЙ ОБЛАСТИ ""МОСКОВСКИЙ ОБЛАСТНОЙ НАУЧНО-ИССЛЕДОВАТЕЛЬСКИЙ КЛИНИЧЕСКИЙ ИНСТИТУТ ИМ. М.Ф.ВЛАДИМИРСКОГО""";"ГОСУДАРСТВЕННОЕ БЮДЖЕТНОЕ УЧРЕЖДЕНИЕ ЗДРАВООХРАНЕНИЯ МОСКОВСКОЙ ОБЛАСТИ ""МОСКОВСКИЙ ОБЛАСТНОЙ НАУЧНО-ИССЛЕДОВАТЕЛЬСКИЙ КЛИНИЧЕСКИЙ ИНСТИТУТ ИМ. М.Ф.ВЛАДИМИРСКОГО""";16.02.2026;25.02.2026;Закупка завершена;;;24.02.2026;
44-ФЗ;№0363100015126000016;Электронный аукцион;Поставка эндопротезов коленного сустава тотальных с сохранением крестообразной связки;;'261673203380967320100100060150000244;;;11137500.00;RUB;0;;;;;;"ФЕДЕРАЛЬНОЕ ГОСУДАРСТВЕННОЕ БЮДЖЕТНОЕ УЧРЕЖДЕНИЕ ""ФЕДЕРАЛЬНЫЙ ЦЕНТР ТРАВМАТОЛОГИИ, ОРТОПЕДИИ И ЭНДОПРОТЕЗИРОВАНИЯ"" МИНИСТЕРСТВА ЗДРАВООХРАНЕНИЯ РОССИЙСКОЙ ФЕДЕРАЦИИ (Г. СМОЛЕНСК)";"ФЕДЕРАЛЬНОЕ ГОСУДАРСТВЕННОЕ БЮДЖЕТНОЕ УЧРЕЖДЕНИЕ ""ФЕДЕРАЛЬНЫЙ ЦЕНТР ТРАВМАТОЛОГИИ, ОРТОПЕДИИ И ЭНДОПРОТЕЗИРОВАНИЯ"" МИНИСТЕРСТВА ЗДРАВООХРАНЕНИЯ РОССИЙСКОЙ ФЕДЕРАЦИИ (Г. СМОЛЕНСК)";13.02.2026;25.02.2026;Закупка завершена;;;24.02.2026;
44-ФЗ;№0121200004726000118;Электронный аукцион;"Поставка инертных материалов для нужд Буденновского филиала ГБУ СК ""Стававтодор""";;'262263524419426244300100230040812244;;;10905713.32;RUB;0;;;;;;"БУДЕННОВСКИЙ ФИЛИАЛ ГОСУДАРСТВЕННОГО БЮДЖЕТНОГО УЧРЕЖДЕНИЯ СТАВРОПОЛЬСКОГО КРАЯ ""СТАВАВТОДОР"" (БУДЕННОВСКИЙ ФИЛИАЛ ГБУ СК ""СТАВАВТОДОР"")";КОМИТЕТ СТАВРОПОЛЬСКОГО КРАЯ ПО ГОСУДАРСТВЕННЫМ ЗАКУПКАМ;17.02.2026;25.02.2026;Закупка завершена;;;25.02.2026;
44-ФЗ;№0366200035626000524;Электронный аукцион;ШИФР: 70-2026- нр55590, нрА5590 Поставка учебных наборов для кабинета физики;;263711600684771160100100090013299244, 263711700374371170100100210013299244, 263711200455071120100100180013299244, 263711500755971150100100190013299244;;;7800000.00;RUB;0;;;;;;;"ГОСУДАРСТВЕННОЕ КАЗЕННОЕ УЧРЕЖДЕНИЕ ТУЛЬСКОЙ ОБЛАСТИ ""ЦЕНТР ОРГАНИЗАЦИИ ЗАКУПОК""";11.02.2026;25.02.2026;Закупка завершена;;;20.02.2026;
44-ФЗ;№0366200035626000516;Запрос котировок в электронной форме;Поставка лекарственного препарата для медицинского применения ЭПОЭТИН АЛЬФА;;'262710700631171070100100711800000323;;;9192915.00;RUB;0;;;;;;МИНИСТЕРСТВО ЗДРАВООХРАНЕНИЯ ТУЛЬСКОЙ ОБЛАСТИ;"ГОСУДАРСТВЕННОЕ КАЗЕННОЕ УЧРЕЖДЕНИЕ ТУЛЬСКОЙ ОБЛАСТИ ""ЦЕНТР ОРГАНИЗАЦИИ ЗАКУПОК""";11.02.2026;25.02.2026;Закупка завершена;;;20.02.2026;
44-ФЗ;№0373200024426000245;Электронный аукцион;Поставка лекарственных средств (Афлиберцепт);;'262772000185077200100102640010000244;;;5946347.94;RUB;0;;;;;;"ГОСУДАРСТВЕННОЕ БЮДЖЕТНОЕ УЧРЕЖДЕНИЕ ЗДРАВООХРАНЕНИЯ ГОРОДА МОСКВЫ ""ГОРОДСКАЯ КЛИНИЧЕСКАЯ БОЛЬНИЦА № 15 ИМЕНИ О.М. ФИЛАТОВА ДЕПАРТАМЕНТА ЗДРАВООХРАНЕНИЯ ГОРОДА МОСКВЫ""";"ГОСУДАРСТВЕННОЕ БЮДЖЕТНОЕ УЧРЕЖДЕНИЕ ЗДРАВООХРАНЕНИЯ ГОРОДА МОСКВЫ ""ГОРОДСКАЯ КЛИНИЧЕСКАЯ БОЛЬНИЦА № 15 ИМЕНИ О.М. ФИЛАТОВА ДЕПАРТАМЕНТА ЗДРАВООХРАНЕНИЯ ГОРОДА МОСКВЫ""";16.02.2026;25.02.2026;Закупка завершена;;;24.02.2026;
44-ФЗ;№0366200035626000536;Электронный аукцион;Выполнение работ по благоустройству дворовых территорий многоквартирных домов муниципального образования город Тула в 2026 году в рамках реализации национального проекта «Инфраструктура для жизни»;;'263710604694671060100100050030000244;;;10372855.85;RUB;0;;;;;;"МУНИЦИПАЛЬНОЕ УЧРЕЖДЕНИЕ ""ГОРОДСКАЯ СЛУЖБА ЕДИНОГО ЗАКАЗЧИКА""";"ГОСУДАРСТВЕННОЕ КАЗЕННОЕ УЧРЕЖДЕНИЕ ТУЛЬСКОЙ ОБЛАСТИ ""ЦЕНТР ОРГАНИЗАЦИИ ЗАКУПОК""";12.02.2026;25.02.2026;Закупка завершена;;;20.02.2026;
