Закупки по;Реестровый номер закупки;Способ определения поставщика (подрядчика, исполнителя), подрядной организации (размещения закупки);Наименование закупки;Предмет электронного аукциона (только для ПП РФ 615);Идентификационный код закупки;Номер лота;Наименование лота;Начальная (максимальная) цена контракта;Валюта;Начальная (максимальная) цена в валюте контракта;Валюта контракта;Классификация по ОКДП;Классификация по ОКПД;Классификация по ОКПД2;Код позиции;Наименование Заказчика;Организация, осуществляющая размещение ;Дата размещения;Дата обновления;Этап закупки;Особенности размещения заказа\ Преимущества (44-ФЗ);Дата начала подачи заявок;Дата окончания подачи заявок;Дата проведения электронного аукциона
44-ФЗ;№0891200000626005023;Открытый конкурс в электронной форме;Ремонт моста через ручей на км 161+441 автомобильной дороги Могойтуй - Сретенск - Олочи в Нерчинском муниципальном округе Забайкальского края (00005297-ОК);;'262753605002075360100100690034213244;;;111151655.95;RUB;0;;;;;;"ГОСУДАРСТВЕННОЕ КАЗЕННОЕ УЧРЕЖДЕНИЕ ""УПРАВЛЕНИЕ АВТОМОБИЛЬНЫХ ДОРОГ ЗАБАЙКАЛЬСКОГО КРАЯ""";"ГОСУДАРСТВЕННОЕ КАЗЕННОЕ УЧРЕЖДЕНИЕ ""ЗАБАЙКАЛЬСКИЙ ЦЕНТР ГОСУДАРСТВЕННЫХ ЗАКУПОК""";07.05.2026;29.05.2026;Закупка завершена;;;26.05.2026;
44-ФЗ;№0841200000726000991;Электронный аукцион на проведение работ по строительству, реконструкции, кап. ремонту, сносу объекта кап. строительства в соответствии с п. 8 ч. 1 ст. 33 Закона № 44-ФЗ;Выполнение работ по капитальному ремонту административно-управленческого здания по адресу: г. Кострома, ул. Дзержинского, д. 15/16;;'262440107131044010100100150014120243;;;5996100.00;RUB;0;;;;;;"ОБЛАСТНОЕ ГОСУДАРСТВЕННОЕ БЮДЖЕТНОЕ УЧРЕЖДЕНИЕ ""УПРАВЛЕНИЕ АДМИНИСТРАТИВНЫМИ ЗДАНИЯМИ АДМИНИСТРАЦИИ КОСТРОМСКОЙ ОБЛАСТИ""";"ОБЛАСТНОЕ ГОСУДАРСТВЕННОЕ КАЗЕННОЕ УЧРЕЖДЕНИЕ ""АГЕНТСТВО ГОСУДАРСТВЕННЫХ ЗАКУПОК КОСТРОМСКОЙ ОБЛАСТИ""";21.05.2026;29.05.2026;Закупка завершена;;;29.05.2026;
44-ФЗ;№0187300004626000066;Электронный аукцион;"Выполнение работ по содержанию автомобильной дороги общего пользования местного значения ""Подъезд к п. Агириш""";;'263861500729186150100100490014211244;;;13221858.83;RUB;0;;;;;;АДМИНИСТРАЦИЯ СОВЕТСКОГО РАЙОНА;АДМИНИСТРАЦИЯ СОВЕТСКОГО РАЙОНА;21.05.2026;29.05.2026;Закупка завершена;;;29.05.2026;
223-ФЗ;№32615825320;Конкурс в электронной форме, участниками которого могут быть только субъекты малого и среднего предпринимательства;"ОКПД2: 26.20. Приобретение периферийного оборудования (ОС до 100 т.р.) для нужд ПАО ""ДЭК"", Владивосток, Хабаровск, Благовещенск, Биробиджан, Якутск, Петропавловск-Камчатский, Южно-Сахалинск.";;;1;"ОКПД2: 26.20. Приобретение периферийного оборудования (ОС до 100 т.р.) для нужд ПАО ""ДЭК"", Владивосток, Хабаровск, Благовещенск, Биробиджан, Якутск, Петропавловск-Камчатский, Южно-Сахалинск.";18541935.25;RUB;18541935.25;;;;26.20.2: Устройства запоминающие и прочие устройства хранения данных;;"ПУБЛИЧНОЕ АКЦИОНЕРНОЕ ОБЩЕСТВО ""ДАЛЬНЕВОСТОЧНАЯ ЭНЕРГЕТИЧЕСКАЯ КОМПАНИЯ""";"ПУБЛИЧНОЕ АКЦИОНЕРНОЕ ОБЩЕСТВО ""ДАЛЬНЕВОСТОЧНАЯ ЭНЕРГЕТИЧЕСКАЯ КОМПАНИЯ""";23.03.2026;29.05.2026;Закупка завершена;;;05.05.2026 14:00;
44-ФЗ;№0372100032426000027;Электронный аукцион;Выполнение работ по капитальному ремонту судна;;'261782544665678420100100170013315243;;;5699903.30;RUB;0;;;;;;"ФЕДЕРАЛЬНОЕ ГОСУДАРСТВЕННОЕ БЮДЖЕТНОЕ УЧРЕЖДЕНИЕ ""БАЛТИЙСКО-АРКТИЧЕСКАЯ ДИРЕКЦИЯ ПО ТЕХНИЧЕСКОМУ ОБЕСПЕЧЕНИЮ НАДЗОРА НА МОРЕ""";"ФЕДЕРАЛЬНОЕ ГОСУДАРСТВЕННОЕ БЮДЖЕТНОЕ УЧРЕЖДЕНИЕ ""БАЛТИЙСКО-АРКТИЧЕСКАЯ ДИРЕКЦИЯ ПО ТЕХНИЧЕСКОМУ ОБЕСПЕЧЕНИЮ НАДЗОРА НА МОРЕ""";21.05.2026;29.05.2026;Закупка завершена;;;29.05.2026;
44-ФЗ;№0365100002426000002;Электронный аукцион;Оказание услуг по комплексной уборке внутренних помещений учебных корпусов;;'261702000008070170100100350358121244;;;11630500.00;RUB;0;;;;;;"ФЕДЕРАЛЬНОЕ ГОСУДАРСТВЕННОЕ БЮДЖЕТНОЕ ОБРАЗОВАТЕЛЬНОЕ УЧРЕЖДЕНИЕ ВЫСШЕГО ОБРАЗОВАНИЯ ""ТОМСКИЙ ГОСУДАРСТВЕННЫЙ АРХИТЕКТУРНО-СТРОИТЕЛЬНЫЙ УНИВЕРСИТЕТ""";"ФЕДЕРАЛЬНОЕ ГОСУДАРСТВЕННОЕ БЮДЖЕТНОЕ ОБРАЗОВАТЕЛЬНОЕ УЧРЕЖДЕНИЕ ВЫСШЕГО ОБРАЗОВАНИЯ ""ТОМСКИЙ ГОСУДАРСТВЕННЫЙ АРХИТЕКТУРНО-СТРОИТЕЛЬНЫЙ УНИВЕРСИТЕТ""";21.05.2026;29.05.2026;Закупка завершена;;;29.05.2026;
44-ФЗ;№0319100004926000659;Электронный аукцион;№ 1343/26 на поставку медицинских изделий, ввод в эксплуатацию медицинских изделий, обучение правилам эксплуатации специалистов, эксплуатирующих медицинские изделия для нужд ФГБУ ФСНКЦ ФМБА России  (для субъектов малого предпринимательства, социально ориентированных некоммерческих организаций);;'261246200396224620100100360050000244;;;12335700.00;RUB;0;;;;;;"ФЕДЕРАЛЬНОЕ ГОСУДАРСТВЕННОЕ БЮДЖЕТНОЕ УЧРЕЖДЕНИЕ ""ФЕДЕРАЛЬНЫЙ СИБИРСКИЙ НАУЧНО-КЛИНИЧЕСКИЙ ЦЕНТР ФЕДЕРАЛЬНОГО МЕДИКО-БИОЛОГИЧЕСКОГО АГЕНТСТВА""";"ФЕДЕРАЛЬНОЕ ГОСУДАРСТВЕННОЕ БЮДЖЕТНОЕ УЧРЕЖДЕНИЕ ""ФЕДЕРАЛЬНЫЙ СИБИРСКИЙ НАУЧНО-КЛИНИЧЕСКИЙ ЦЕНТР ФЕДЕРАЛЬНОГО МЕДИКО-БИОЛОГИЧЕСКОГО АГЕНТСТВА""";21.05.2026;29.05.2026;Закупка завершена;;;29.05.2026;
223-ФЗ;№32616061212;Иной способ;Оказание услуг сортировщиков на объекте заказчика ООО «ЭкоСпутник»;;;1;Оказание услуг сортировщиков на объекте заказчика ООО «ЭкоСпутник»;15000000.00;RUB;15000000.00;;;;38.11.19.000: Услуги по сбору прочих неопасных отходов, пригодных для повторного использования;;"ОБЩЕСТВО С ОГРАНИЧЕННОЙ ОТВЕТСТВЕННОСТЬЮ ""ЭКОСПУТНИК""";"ОБЩЕСТВО С ОГРАНИЧЕННОЙ ОТВЕТСТВЕННОСТЬЮ ""ЭКОСПУТНИК""";29.05.2026;29.05.2026;Закупка завершена;;;01.06.2026 10:00;
44-ФЗ;№0172300005626000026;Электронный аукцион;Выполнение работ по содержанию, ремонту, размещению детского игрового, спортивного оборудования, МАФ и ремонту покрытий детских и спортивных площадок.;;'263780731088578070100100040290000244;;;18700000.00;RUB;0;;;;;;МЕСТНАЯ АДМИНИСТРАЦИЯ ВНУТРИГОРОДСКОГО МУНИЦИПАЛЬНОГО ОБРАЗОВАНИЯ ГОРОДА ФЕДЕРАЛЬНОГО ЗНАЧЕНИЯ САНКТ-ПЕТЕРБУРГА МУНИЦИПАЛЬНЫЙ ОКРУГ ЮЖНО-ПРИМОРСКИЙ;МЕСТНАЯ АДМИНИСТРАЦИЯ ВНУТРИГОРОДСКОГО МУНИЦИПАЛЬНОГО ОБРАЗОВАНИЯ ГОРОДА ФЕДЕРАЛЬНОГО ЗНАЧЕНИЯ САНКТ-ПЕТЕРБУРГА МУНИЦИПАЛЬНЫЙ ОКРУГ ЮЖНО-ПРИМОРСКИЙ;19.05.2026;29.05.2026;Закупка завершена;;;27.05.2026;
44-ФЗ;№0432200000826002715;Запрос котировок в электронной форме;Ц-6528_Закупка лекарственных средств_ИКСАЗОМИБ;;'262526013629952600100100135280000000;;;5417278.56;RUB;0;;;;;;"ГОСУДАРСТВЕННОЕ ПРЕДПРИЯТИЕ НИЖЕГОРОДСКОЙ ОБЛАСТИ ""НИЖЕГОРОДСКАЯ ОБЛАСТНАЯ ФАРМАЦИЯ""";"ГОСУДАРСТВЕННОЕ ПРЕДПРИЯТИЕ НИЖЕГОРОДСКОЙ ОБЛАСТИ ""НИЖЕГОРОДСКАЯ ОБЛАСТНАЯ ФАРМАЦИЯ""";20.05.2026;29.05.2026;Закупка завершена;;;29.05.2026;
44-ФЗ;№0373100084626000314;Электронный аукцион;МНН – ТРОМБИН+ФИБРИНОГЕН;;'261773408769677340100100011970000244;;;6251476.60;RUB;0;;;;;;"ФЕДЕРАЛЬНОЕ ГОСУДАРСТВЕННОЕ БЮДЖЕТНОЕ УЧРЕЖДЕНИЕ ""НАЦИОНАЛЬНЫЙ МЕДИЦИНСКИЙ ИССЛЕДОВАТЕЛЬСКИЙ ЦЕНТР КОЛОПРОКТОЛОГИИ ИМЕНИ А.Н. РЫЖИХ"" МИНИСТЕРСТВА ЗДРАВООХРАНЕНИЯ РОССИЙСКОЙ ФЕДЕРАЦИИ";"ФЕДЕРАЛЬНОЕ ГОСУДАРСТВЕННОЕ БЮДЖЕТНОЕ УЧРЕЖДЕНИЕ ""НАЦИОНАЛЬНЫЙ МЕДИЦИНСКИЙ ИССЛЕДОВАТЕЛЬСКИЙ ЦЕНТР КОЛОПРОКТОЛОГИИ ИМЕНИ А.Н. РЫЖИХ"" МИНИСТЕРСТВА ЗДРАВООХРАНЕНИЯ РОССИЙСКОЙ ФЕДЕРАЦИИ";20.05.2026;29.05.2026;Закупка завершена;;;29.05.2026;
44-ФЗ;№0373200041126000301;Электронный аукцион;Выполнение технологических работ для облагораживания объектов сезонной инфраструктуры;;'262772381433277230100101110010000243;;;28611830.60;RUB;0;;;;;;"ГОСУДАРСТВЕННОЕ БЮДЖЕТНОЕ УЧРЕЖДЕНИЕ ГОРОДА МОСКВЫ ""АВТОМОБИЛЬНЫЕ ДОРОГИ ЮГО-ВОСТОЧНОГО АДМИНИСТРАТИВНОГО ОКРУГА""";"ГОСУДАРСТВЕННОЕ КАЗЕННОЕ УЧРЕЖДЕНИЕ ГОРОДА МОСКВЫ ""ДИРЕКЦИЯ ЗАКАЗЧИКА ЖИЛИЩНО-КОММУНАЛЬНОГО ХОЗЯЙСТВА И БЛАГОУСТРОЙСТВА ЮГО-ВОСТОЧНОГО АДМИНИСТРАТИВНОГО ОКРУГА""";20.05.2026;29.05.2026;Закупка завершена;;;28.05.2026;
44-ФЗ;№0124200000626003471;Электронный аукцион;Поставка лекарственного препарата для медицинского применения Олапариб;;'262290103458429010100101330022120244;;;70322112.00;RUB;0;;;;;;"ГОСУДАРСТВЕННОЕ БЮДЖЕТНОЕ УЧРЕЖДЕНИЕ ЗДРАВООХРАНЕНИЯ АРХАНГЕЛЬСКОЙ ОБЛАСТИ ""АРХАНГЕЛЬСКИЙ КЛИНИЧЕСКИЙ ОНКОЛОГИЧЕСКИЙ ДИСПАНСЕР""";КОНТРАКТНОЕ АГЕНТСТВО АРХАНГЕЛЬСКОЙ ОБЛАСТИ;20.05.2026;29.05.2026;Закупка завершена;;;29.05.2026;
44-ФЗ;№0373100104326000409;Запрос котировок в электронной форме;Оказание услуг спортивных объектов, включенных во Всероссийский реестр объектов спорта;;'261770929576677090100100023600000244;;;7012500.00;RUB;0;;;;;;"ФЕДЕРАЛЬНОЕ ГОСУДАРСТВЕННОЕ БЮДЖЕТНОЕ УЧРЕЖДЕНИЕ ""ЦЕНТР СПОРТИВНОЙ ПОДГОТОВКИ СБОРНЫХ КОМАНД РОССИИ""";"ФЕДЕРАЛЬНОЕ ГОСУДАРСТВЕННОЕ БЮДЖЕТНОЕ УЧРЕЖДЕНИЕ ""ЦЕНТР СПОРТИВНОЙ ПОДГОТОВКИ СБОРНЫХ КОМАНД РОССИИ""";22.05.2026;29.05.2026;Закупка завершена;;;29.05.2026;
44-ФЗ;№0848300062726000157;Открытый конкурс в электронной форме на проведение работ по строительству, реконструкции, кап. ремонту, сносу объекта кап. строительства в соответствии с п. 8 ч. 1 ст. 33 Закона № 44-ФЗ;Выполнение работ по капитальному ремонту дороги по адресу: г.о. Мытищи,  д. Шолохово, ул. Автомобилистов;;'263502926916250290100101180014211243;;;11921864.69;RUB;0;;;;;;"МУНИЦИПАЛЬНОЕ КАЗЕННОЕ УЧРЕЖДЕНИЕ ""УПРАВЛЕНИЕ ТРАНСПОРТА И ДОРОЖНОГО ХОЗЯЙСТВА ГОРОДСКОГО ОКРУГА МЫТИЩИ МОСКОВСКОЙ ОБЛАСТИ""";"МУНИЦИПАЛЬНОЕ КАЗЕННОЕ УЧРЕЖДЕНИЕ ""УПРАВЛЕНИЕ В СФЕРЕ ЗАКУПОК ДЛЯ МУНИЦИПАЛЬНЫХ НУЖД""";05.05.2026;29.05.2026;Закупка завершена;;;27.05.2026;
44-ФЗ;№0848300066126000090;Электронный аукцион;Выполнение работ по текущему ремонту : ямочный ремонт на дорогах общего пользования местного значения городского округа Солнечногорск (лот 2);;'263504409080450440100100610014211244;;;15000000.00;RUB;0;;;;;;"МУНИЦИПАЛЬНОЕ БЮДЖЕТНОЕ УЧРЕЖДЕНИЕ ""ДИРЕКЦИЯ ЕДИНОГО ЗАКАЗЧИКА ГОРОДСКОГО ОКРУГА СОЛНЕЧНОГОРСК""";"МУНИЦИПАЛЬНОЕ КАЗЕННОЕ УЧРЕЖДЕНИЕ ГОРОДСКОГО ОКРУГА СОЛНЕЧНОГОРСК МОСКОВСКОЙ ОБЛАСТИ ""ЗАКУПКИ""";19.05.2026;29.05.2026;Закупка завершена;;;27.05.2026;
44-ФЗ;№0848300062726000160;Электронный аукцион на проведение работ по строительству, реконструкции, кап. ремонту, сносу объекта кап. строительства в соответствии с п. 8 ч. 1 ст. 33 Закона № 44-ФЗ;Выполнение работ по капитальному ремонту дороги по адресу: г.о. Мытищи, д. Большая Чёрная, ул. Славянская;;'263502926916250290100101110014211243;;;12294310.53;RUB;0;;;;;;"МУНИЦИПАЛЬНОЕ КАЗЕННОЕ УЧРЕЖДЕНИЕ ""УПРАВЛЕНИЕ ТРАНСПОРТА И ДОРОЖНОГО ХОЗЯЙСТВА ГОРОДСКОГО ОКРУГА МЫТИЩИ МОСКОВСКОЙ ОБЛАСТИ""";"МУНИЦИПАЛЬНОЕ КАЗЕННОЕ УЧРЕЖДЕНИЕ ""УПРАВЛЕНИЕ В СФЕРЕ ЗАКУПОК ДЛЯ МУНИЦИПАЛЬНЫХ НУЖД""";05.05.2026;29.05.2026;Закупка завершена;;;27.05.2026;
44-ФЗ;№0380200000126003758;Электронный аукцион;Поставка противоопухолевых препаратов (ПЕМБРОЛИЗУМАБ);;'262190101507519010100102860012120244;;;26136000.00;RUB;0;;;;;;"ГОСУДАРСТВЕННОЕ БЮДЖЕТНОЕ УЧРЕЖДЕНИЕ ЗДРАВООХРАНЕНИЯ РЕСПУБЛИКИ ХАКАСИЯ ""РЕСПУБЛИКАНСКИЙ КЛИНИЧЕСКИЙ ОНКОЛОГИЧЕСКИЙ ДИСПАНСЕР""";ГОСУДАРСТВЕННЫЙ КОМИТЕТ ПО РЕГУЛИРОВАНИЮ КОНТРАКТНОЙ СИСТЕМЫ В СФЕРЕ ЗАКУПОК РЕСПУБЛИКИ ХАКАСИЯ;19.05.2026;29.05.2026;Закупка завершена;;;27.05.2026;
44-ФЗ;№0145300013026000010;Электронный аукцион;Приобретение в муниципальную собственность жилого помещения (квартиры) в г. Кировск Ленинградской области для переселения граждан из аварийного жилищного фонда (условный номер квартиры № 3);;'263470602394547060100100360066810412;;;5462819.87;RUB;0;;;;;;АДМИНИСТРАЦИЯ НАЗИЕВСКОГО ГОРОДСКОГО ПОСЕЛЕНИЯ КИРОВСКОГО МУНИЦИПАЛЬНОГО РАЙОНА ЛЕНИНГРАДСКОЙ ОБЛАСТИ;АДМИНИСТРАЦИЯ НАЗИЕВСКОГО ГОРОДСКОГО ПОСЕЛЕНИЯ КИРОВСКОГО МУНИЦИПАЛЬНОГО РАЙОНА ЛЕНИНГРАДСКОЙ ОБЛАСТИ;20.05.2026;29.05.2026;Закупка завершена;;;29.05.2026;
44-ФЗ;№0887300002226000019;Запрос котировок в электронной форме;Приспособление жилых помещений и общего имущества в многоквартирных домах с учетом потребностей инвалидов.;;'263861702195086170100100210010000244;;;6000000.00;RUB;0;;;;;;АДМИНИСТРАЦИЯ СЕЛЬСКОГО ПОСЕЛЕНИЯ СОЛНЕЧНЫЙ;"МУНИЦИПАЛЬНОЕ КАЗЁННОЕ УЧРЕЖДЕНИЕ ""АДМИНИСТРАТИВНО-ХОЗЯЙСТВЕННОЕ УПРАВЛЕНИЕ АДМИНИСТРАЦИИ СЕЛЬСКОГО ПОСЕЛЕНИЯ СОЛНЕЧНЫЙ""";20.05.2026;29.05.2026;Закупка завершена;;;27.05.2026;
44-ФЗ;№0358300284526000127;Электронный аукцион;Устранение деформаций и повреждений асфальтобетонных покрытий на улично-дорожной сети города Ростова-на-Дону: традиционной асфальтобетонной смесью, устройство шва-стыка с использованием стыковочной ленты, восстановление дорожной одежды на пучинистых участках, струйно-инъекционным методом, санация трещин;;'263616429485861640100100220374211244;;;5000000.00;RUB;0;;;;;;"МУНИЦИПАЛЬНОЕ КАЗЁННОЕ  УЧРЕЖДЕНИЕ ""ДИРЕКЦИЯ ПО СТРОИТЕЛЬСТВУ ОБЪЕКТОВ ТРАНСПОРТНОЙ ИНФРАСТРУКТУРЫ Г. РОСТОВА-НА-ДОНУ""";"МУНИЦИПАЛЬНОЕ КАЗЁННОЕ  УЧРЕЖДЕНИЕ ""ДИРЕКЦИЯ ПО СТРОИТЕЛЬСТВУ ОБЪЕКТОВ ТРАНСПОРТНОЙ ИНФРАСТРУКТУРЫ Г. РОСТОВА-НА-ДОНУ""";21.05.2026;29.05.2026;Закупка завершена;;;29.05.2026;
44-ФЗ;№0816500000626008856;Электронный аукцион;Приобретение 3 (трех) жилых помещений (благоустроенных квартир) у лица, являющегося застройщиком, в строящемся жилом доме в с. Борогонцы, Усть-Алданского района, Республики Саха (Якутия), в рамках реализации республиканской адресной программы «Переселение граждан из аварийного жилищного фонда на 2025-2028 года».;;'262143533916814350100100820014120412;;;18826969.88;RUB;0;;;;;;"ГОСУДАРСТВЕННОЕ КАЗЕННОЕ УЧРЕЖДЕНИЕ РЕСПУБЛИКИ САХА (ЯКУТИЯ) ""ДИРЕКЦИЯ ЖИЛИЩНОГО СТРОИТЕЛЬСТВА РЕСПУБЛИКИ САХА (ЯКУТИЯ)""";"ГОСУДАРСТВЕННОЕ КАЗЕННОЕ УЧРЕЖДЕНИЕ РЕСПУБЛИКИ САХА (ЯКУТИЯ) ""ЦЕНТР ЗАКУПОК РЕСПУБЛИКИ САХА (ЯКУТИЯ)""";21.05.2026;29.05.2026;Закупка завершена;;;29.05.2026;
44-ФЗ;№0816500000626008726;Электронный аукцион;Поставка и монтаж быстровозводимых сборно-разборных модульных конструкций – пожарное депо на 2 автохода с гаражом и административно-бытовым корпусом в селе Арылах МР «Мирнинский район»;;'262143521130514350100100270010000244;;;65654190.00;RUB;0;;;;;;"ГОСУДАРСТВЕННОЕ БЮДЖЕТНОЕ УЧРЕЖДЕНИЕ РЕСПУБЛИКИ САХА (ЯКУТИЯ) ""ГОСУДАРСТВЕННАЯ ПРОТИВОПОЖАРНАЯ СЛУЖБА РЕСПУБЛИКИ САХА(ЯКУТИЯ)""";"ГОСУДАРСТВЕННОЕ КАЗЕННОЕ УЧРЕЖДЕНИЕ РЕСПУБЛИКИ САХА (ЯКУТИЯ) ""ЦЕНТР ЗАКУПОК РЕСПУБЛИКИ САХА (ЯКУТИЯ)""";20.05.2026;29.05.2026;Закупка завершена;;;28.05.2026;
44-ФЗ;№0816500000626008857;Электронный аукцион;Приобретение 2 (двух) жилых помещений (благоустроенных квартир) у лица, являющегося застройщиком, в строящемся жилом доме в с. Борогонцы, Усть-Алданского района, Республики Саха (Якутия), в рамках реализации республиканской адресной программы «Переселение граждан из аварийного жилищного фонда на 2025-2028 года».;;'262143533916814350100100830014120412;;;18654663.83;RUB;0;;;;;;"ГОСУДАРСТВЕННОЕ КАЗЕННОЕ УЧРЕЖДЕНИЕ РЕСПУБЛИКИ САХА (ЯКУТИЯ) ""ДИРЕКЦИЯ ЖИЛИЩНОГО СТРОИТЕЛЬСТВА РЕСПУБЛИКИ САХА (ЯКУТИЯ)""";"ГОСУДАРСТВЕННОЕ КАЗЕННОЕ УЧРЕЖДЕНИЕ РЕСПУБЛИКИ САХА (ЯКУТИЯ) ""ЦЕНТР ЗАКУПОК РЕСПУБЛИКИ САХА (ЯКУТИЯ)""";21.05.2026;29.05.2026;Закупка завершена;;;29.05.2026;
44-ФЗ;№0816500000626008863;Электронный аукцион;Приобретение 3 (трех) жилых помещений (благоустроенных квартир) у лица, являющегося застройщиком, в строящемся жилом доме в г. Олекминск, Олекминского района, Республики Саха (Якутия), в рамках реализации республиканской адресной программы «Переселение граждан из аварийного жилищного фонда на 2025-2028 года».;;'262143533916814350100101040014120412;;;19929552.30;RUB;0;;;;;;"ГОСУДАРСТВЕННОЕ КАЗЕННОЕ УЧРЕЖДЕНИЕ РЕСПУБЛИКИ САХА (ЯКУТИЯ) ""ДИРЕКЦИЯ ЖИЛИЩНОГО СТРОИТЕЛЬСТВА РЕСПУБЛИКИ САХА (ЯКУТИЯ)""";"ГОСУДАРСТВЕННОЕ КАЗЕННОЕ УЧРЕЖДЕНИЕ РЕСПУБЛИКИ САХА (ЯКУТИЯ) ""ЦЕНТР ЗАКУПОК РЕСПУБЛИКИ САХА (ЯКУТИЯ)""";21.05.2026;29.05.2026;Закупка завершена;;;29.05.2026;
44-ФЗ;№0816500000626008866;Электронный аукцион;Приобретение 2 (двух) жилых помещений (благоустроенных квартир) у лица, являющегося застройщиком, в строящемся жилом доме в г. Олекминск, Олекминского района, Республики Саха (Якутия), в рамках реализации республиканской адресной программы «Переселение граждан из аварийного жилищного фонда на 2025-2028 года».;;'262143533916814350100101060014120412;;;19334453.30;RUB;0;;;;;;"ГОСУДАРСТВЕННОЕ КАЗЕННОЕ УЧРЕЖДЕНИЕ РЕСПУБЛИКИ САХА (ЯКУТИЯ) ""ДИРЕКЦИЯ ЖИЛИЩНОГО СТРОИТЕЛЬСТВА РЕСПУБЛИКИ САХА (ЯКУТИЯ)""";"ГОСУДАРСТВЕННОЕ КАЗЕННОЕ УЧРЕЖДЕНИЕ РЕСПУБЛИКИ САХА (ЯКУТИЯ) ""ЦЕНТР ЗАКУПОК РЕСПУБЛИКИ САХА (ЯКУТИЯ)""";21.05.2026;29.05.2026;Закупка завершена;;;29.05.2026;
44-ФЗ;№0816500000626008864;Электронный аукцион;Приобретение 2 (двух) жилых помещений (благоустроенных квартир) у лица, являющегося застройщиком, в строящемся жилом доме в г. Олекминск, Олекминского района, Республики Саха (Якутия), в рамках реализации республиканской адресной программы «Переселение граждан из аварийного жилищного фонда на 2025-2028 года».;;'262143533916814350100101050014120412;;;19253018.70;RUB;0;;;;;;"ГОСУДАРСТВЕННОЕ КАЗЕННОЕ УЧРЕЖДЕНИЕ РЕСПУБЛИКИ САХА (ЯКУТИЯ) ""ДИРЕКЦИЯ ЖИЛИЩНОГО СТРОИТЕЛЬСТВА РЕСПУБЛИКИ САХА (ЯКУТИЯ)""";"ГОСУДАРСТВЕННОЕ КАЗЕННОЕ УЧРЕЖДЕНИЕ РЕСПУБЛИКИ САХА (ЯКУТИЯ) ""ЦЕНТР ЗАКУПОК РЕСПУБЛИКИ САХА (ЯКУТИЯ)""";21.05.2026;29.05.2026;Закупка завершена;;;29.05.2026;
44-ФЗ;№0373200032126000028;Электронный аукцион;"Выполнение работ по текущему ремонту помещений в ГБУ ""НПРЦ"" по адресу: г. Москва, ул. Абрамцевская, д.15, корп.1, стр.7";;'262771509215477150100100530010000244;;;10000000.00;RUB;0;;;;;;"ГОСУДАРСТВЕННОЕ БЮДЖЕТНОЕ УЧРЕЖДЕНИЕ ГОРОДА МОСКВЫ ""НАУЧНО-ПРАКТИЧЕСКИЙ РЕАБИЛИТАЦИОННЫЙ ЦЕНТР""";"ГОСУДАРСТВЕННОЕ БЮДЖЕТНОЕ УЧРЕЖДЕНИЕ ГОРОДА МОСКВЫ ""НАУЧНО-ПРАКТИЧЕСКИЙ РЕАБИЛИТАЦИОННЫЙ ЦЕНТР""";20.05.2026;29.05.2026;Закупка завершена;;;28.05.2026;
44-ФЗ;№0369100000226000019;Запрос котировок в электронной форме;Выполнение работ по разработке проектно-сметной документации на оснащение автоматизированным комплексом обнаружения делящихся и радиоактивных материалов (АКДРМ) в ЖДПП Карталы для нужд Челябинского филиала ФГКУ Росгранстрой;;'261770982726674474300100890017112244;;;8178136.33;RUB;0;;;;;;"ФИЛИАЛ ФЕДЕРАЛЬНОГО ГОСУДАРСТВЕННОГО КАЗЕННОГО УЧРЕЖДЕНИЯ ""ДИРЕКЦИЯ ПО СТРОИТЕЛЬСТВУ И ЭКСПЛУАТАЦИИ ОБЪЕКТОВ РОСГРАНИЦЫ"" В Г. ЧЕЛЯБИНСКЕ";"ФИЛИАЛ ФЕДЕРАЛЬНОГО ГОСУДАРСТВЕННОГО КАЗЕННОГО УЧРЕЖДЕНИЯ ""ДИРЕКЦИЯ ПО СТРОИТЕЛЬСТВУ И ЭКСПЛУАТАЦИИ ОБЪЕКТОВ РОСГРАНИЦЫ"" В Г. ЧЕЛЯБИНСКЕ";21.05.2026;29.05.2026;Закупка завершена;;;28.05.2026;
44-ФЗ;№0372200168326000037;Электронный аукцион;Выполнение проектно-изыскательские работы по строительству стоянки для хранения разукомплектованных транспортных средств, расположенной по адресу: Санкт-Петербург, Поперечная улица (южнее дома 15, литера Б по Лесопарковой улице), участок 5 с кадастровым номером 78:11:0613703:1008, участок 4 с кадастровым номером 78:11:0613703:1005, участок 3 с кадастровым номером 78:11:0613703:1006.;;'262783844475178410100100680017111244;;;5366666.67;RUB;0;;;;;;"САНКТ-ПЕТЕРБУРГСКОЕ ГОСУДАРСТВЕННОЕ КАЗЕННОЕ УЧРЕЖДЕНИЕ ""АГЕНТСТВО ВНЕШНЕГО ТРАНСПОРТА""";"САНКТ-ПЕТЕРБУРГСКОЕ ГОСУДАРСТВЕННОЕ КАЗЕННОЕ УЧРЕЖДЕНИЕ ""АГЕНТСТВО ВНЕШНЕГО ТРАНСПОРТА""";20.05.2026;29.05.2026;Закупка завершена;;;29.05.2026;
44-ФЗ;№0373200152826000512;Электронный аукцион;Поставка эндопротезов тазобедренного сустава для нужд ГБУЗ «ГКБ им. А.К. Ерамишанцева ДЗМ»;;'262771603570577160100105160010000244;;;29368000.00;RUB;0;;;;;;"ГОСУДАРСТВЕННОЕ БЮДЖЕТНОЕ УЧРЕЖДЕНИЕ ЗДРАВООХРАНЕНИЯ ГОРОДА МОСКВЫ ""ГОРОДСКАЯ КЛИНИЧЕСКАЯ БОЛЬНИЦА ИМЕНИ А.К. ЕРАМИШАНЦЕВА ДЕПАРТАМЕНТА ЗДРАВООХРАНЕНИЯ ГОРОДА МОСКВЫ""";"ГОСУДАРСТВЕННОЕ БЮДЖЕТНОЕ УЧРЕЖДЕНИЕ ЗДРАВООХРАНЕНИЯ ГОРОДА МОСКВЫ ""ГОРОДСКАЯ КЛИНИЧЕСКАЯ БОЛЬНИЦА ИМЕНИ А.К. ЕРАМИШАНЦЕВА ДЕПАРТАМЕНТА ЗДРАВООХРАНЕНИЯ ГОРОДА МОСКВЫ""";19.05.2026;29.05.2026;Закупка завершена;;;27.05.2026;
44-ФЗ;№0432200000826002698;Электронный аукцион;Ц-6432_Закупка лекарственных средств_МЕТОПРОЛОЛ;;'262526013629952600100100100330000000;;;18764100.00;RUB;0;;;;;;"ГОСУДАРСТВЕННОЕ ПРЕДПРИЯТИЕ НИЖЕГОРОДСКОЙ ОБЛАСТИ ""НИЖЕГОРОДСКАЯ ОБЛАСТНАЯ ФАРМАЦИЯ""";"ГОСУДАРСТВЕННОЕ ПРЕДПРИЯТИЕ НИЖЕГОРОДСКОЙ ОБЛАСТИ ""НИЖЕГОРОДСКАЯ ОБЛАСТНАЯ ФАРМАЦИЯ""";20.05.2026;29.05.2026;Закупка завершена;;;29.05.2026;
44-ФЗ;№0150200003926000614;Электронный аукцион;Поставка лекарственных препаратов для медицинского применения МНН Нусинерсен (с целью оказания отдельным категориям граждан социальной поддержки по обеспечению лекарственными препаратами);;'262532102896053210100100410270000323;;;6754000.00;RUB;0;;;;;;МИНИСТЕРСТВО ЗДРАВООХРАНЕНИЯ НОВГОРОДСКОЙ ОБЛАСТИ;АДМИНИСТРАЦИЯ ГУБЕРНАТОРА НОВГОРОДСКОЙ ОБЛАСТИ;19.05.2026;29.05.2026;Закупка завершена;;;28.05.2026;
44-ФЗ;№0863500000626001217;Электронный аукцион;Поставка лекарственного(-ых) препарата(-ов) для медицинского применения (Карбоплатин);;'262673102041267310100100090930000244;;;7881120.00;RUB;0;;;;;;"ОБЛАСТНОЕ ГОСУДАРСТВЕННОЕ БЮДЖЕТНОЕ УЧРЕЖДЕНИЕ ЗДРАВООХРАНЕНИЯ ""СМОЛЕНСКИЙ ОБЛАСТНОЙ ОНКОЛОГИЧЕСКИЙ КЛИНИЧЕСКИЙ ДИСПАНСЕР""";"СМОЛЕНСКОЕ ОБЛАСТНОЕ ГОСУДАРСТВЕННОЕ КАЗЕННОЕ УЧРЕЖДЕНИЕ ""РЕГИОНАЛЬНЫЙ ЦЕНТР ЗАКУПОК""";20.05.2026;29.05.2026;Закупка завершена;;;29.05.2026;
44-ФЗ;№0171200001926002122;Запрос котировок в электронной форме;Поставка продуктов питания (картофель продовольственный, лук репчатый, морковь столовая) для ГБУЗ ЯО «ОКБ»;;'262760300410376030100103800010113244;;;5777700.00;RUB;0;;;;;;"ГОСУДАРСТВЕННОЕ БЮДЖЕТНОЕ УЧРЕЖДЕНИЕ ЗДРАВООХРАНЕНИЯ ЯРОСЛАВСКОЙ ОБЛАСТИ ""ОБЛАСТНАЯ КЛИНИЧЕСКАЯ БОЛЬНИЦА""";МИНИСТЕРСТВО КОНКУРЕНТНОЙ ПОЛИТИКИ ЯРОСЛАВСКОЙ ОБЛАСТИ;20.05.2026;29.05.2026;Закупка завершена;;;28.05.2026;
44-ФЗ;№0863500000626001216;Электронный аукцион;Поставка лекарственного(-ых) препарата(-ов) для медицинского применения (Карбоплатин);;'262673102041267310100100090940000244;;;12422070.00;RUB;0;;;;;;"ОБЛАСТНОЕ ГОСУДАРСТВЕННОЕ БЮДЖЕТНОЕ УЧРЕЖДЕНИЕ ЗДРАВООХРАНЕНИЯ ""СМОЛЕНСКИЙ ОБЛАСТНОЙ ОНКОЛОГИЧЕСКИЙ КЛИНИЧЕСКИЙ ДИСПАНСЕР""";"СМОЛЕНСКОЕ ОБЛАСТНОЕ ГОСУДАРСТВЕННОЕ КАЗЕННОЕ УЧРЕЖДЕНИЕ ""РЕГИОНАЛЬНЫЙ ЦЕНТР ЗАКУПОК""";20.05.2026;29.05.2026;Закупка завершена;;;29.05.2026;
44-ФЗ;№0848300062226000329;Открытый конкурс в электронной форме;Выполнение работ по устройству и модернизации контейнерных площадок в Городском округе Подольск Московской области;;'263503615479750360100100210014399244;;;10965000.00;RUB;0;;;;;;КОМИТЕТ ПО ЖИЛИЩНО-КОММУНАЛЬНОМУ ХОЗЯЙСТВУ АДМИНИСТРАЦИИ ГОРОДСКОГО  ОКРУГА ПОДОЛЬСК;"МУНИЦИПАЛЬНОЕ КАЗЕННОЕ УЧРЕЖДЕНИЕ ""ЦЕНТР ТОРГОВ""";21.04.2026;29.05.2026;Закупка завершена;;;19.05.2026;
44-ФЗ;№0848300062226000331;Открытый конкурс в электронной форме;Выполнение работ по устройству и модернизации контейнерных площадок в Городском округе Подольск Московской области;;'263503615479750360100100220014399244;;;10965000.00;RUB;0;;;;;;КОМИТЕТ ПО ЖИЛИЩНО-КОММУНАЛЬНОМУ ХОЗЯЙСТВУ АДМИНИСТРАЦИИ ГОРОДСКОГО  ОКРУГА ПОДОЛЬСК;"МУНИЦИПАЛЬНОЕ КАЗЕННОЕ УЧРЕЖДЕНИЕ ""ЦЕНТР ТОРГОВ""";21.04.2026;29.05.2026;Закупка завершена;;;07.05.2026;
44-ФЗ;№0848300062226000350;Открытый конкурс в электронной форме;Выполнение работ по благоустройству подъездных путей к контейнерным площадкам в Городском округе Подольск Московской области 2026 году;;'263503615479750360100100230014399244;;;19775000.00;RUB;0;;;;;;КОМИТЕТ ПО ЖИЛИЩНО-КОММУНАЛЬНОМУ ХОЗЯЙСТВУ АДМИНИСТРАЦИИ ГОРОДСКОГО  ОКРУГА ПОДОЛЬСК;"МУНИЦИПАЛЬНОЕ КАЗЕННОЕ УЧРЕЖДЕНИЕ ""ЦЕНТР ТОРГОВ""";27.04.2026;29.05.2026;Закупка завершена;;;29.05.2026;
44-ФЗ;№0848300062226000417;Открытый конкурс в электронной форме;"Выполнение работ по текущему ремонту автомобильных дорог по адресам: Московская область, Городской округ Подольск, д. Бережки, ул. Строителей от д. 1 до д. 10; Московская область, Городской округ Подольск, автомобильная дорога от автодороги М-2 «Крым»-Павловское-Федюково-Быковка до СНТ «Энергетик»";;'263503615483950360100100550014211244;;;7210814.32;RUB;0;;;;;;КОМИТЕТ ПО БЛАГОУСТРОЙСТВУ И ДОРОЖНОМУ ХОЗЯЙСТВУ АДМИНИСТРАЦИИ ГОРОДСКОГО ОКРУГА ПОДОЛЬСК;"МУНИЦИПАЛЬНОЕ КАЗЕННОЕ УЧРЕЖДЕНИЕ ""ЦЕНТР ТОРГОВ""";13.05.2026;29.05.2026;Закупка завершена;;;29.05.2026;
44-ФЗ;№0891200000626004993;Открытый конкурс в электронной форме;Выполнение работ по содержанию (нанесению горизонтальной дорожной разметки) на региональных и межмуниципальных автомобильных дорогах Каларского, Карымского, Красночикойского, Петровск - Забайкальского, Улетовского, Хилокского и Читинского районов Забайкальского края (00005460-ОК);;'262753605002075360100100760014211244;;;62426913.51;RUB;0;;;;;;"ГОСУДАРСТВЕННОЕ КАЗЕННОЕ УЧРЕЖДЕНИЕ ""УПРАВЛЕНИЕ АВТОМОБИЛЬНЫХ ДОРОГ ЗАБАЙКАЛЬСКОГО КРАЯ""";"ГОСУДАРСТВЕННОЕ КАЗЕННОЕ УЧРЕЖДЕНИЕ ""ЗАБАЙКАЛЬСКИЙ ЦЕНТР ГОСУДАРСТВЕННЫХ ЗАКУПОК""";07.05.2026;29.05.2026;Закупка завершена;;;26.05.2026;
44-ФЗ;№0813500000126009658;Электронный аукцион;зз-0014-24949 - 2026 Расходные материалы для ангиографии;;'263182901568118370100101840013250244;;;6500000.00;RUB;0;;;;;;"БЮДЖЕТНОЕ УЧРЕЖДЕНИЕ ЗДРАВООХРАНЕНИЯ УДМУРТСКОЙ РЕСПУБЛИКИ ""ГЛАЗОВСКАЯ МЕЖРАЙОННАЯ БОЛЬНИЦА МИНИСТЕРСТВА ЗДРАВООХРАНЕНИЯ УДМУРТСКОЙ РЕСПУБЛИКИ""";"ГОСУДАРСТВЕННОЕ КАЗЕННОЕ УЧРЕЖДЕНИЕ УДМУРТСКОЙ РЕСПУБЛИКИ ""РЕГИОНАЛЬНЫЙ ЦЕНТР ЗАКУПОК УДМУРТСКОЙ РЕСПУБЛИКИ""";21.05.2026;29.05.2026;Закупка завершена;;;29.05.2026;
44-ФЗ;№0817200000326007573;Электронный аукцион;Поставка жилых помещений в административных границах г. Бийска в государственную собственность  Алтайского края в целях обеспечения жилыми помещениями детей-сирот и детей, оставшихся без попечения родителей, лиц из числа детей-сирот и детей, оставшихся без попечения родителей;;'262222122882522210100100400016810412;;;12405967.26;RUB;0;;;;;;"КРАЕВОЕ ГОСУДАРСТВЕННОЕ КАЗЕННОЕ УЧРЕЖДЕНИЕ ""РЕГИОНАЛЬНОЕ ЖИЛИЩНОЕ УПРАВЛЕНИЕ""";"КРАЕВОЕ ГОСУДАРСТВЕННОЕ КАЗЕННОЕ УЧРЕЖДЕНИЕ ""ЦЕНТР ГОСУДАРСТВЕННЫХ ЗАКУПОК АЛТАЙСКОГО КРАЯ""";21.05.2026;29.05.2026;Закупка завершена;;;29.05.2026;
44-ФЗ;№0891200000626004995;Открытый конкурс в электронной форме;Выполнение работ по содержанию (нанесению горизонтальной дорожной разметки) на региональных и межмуниципальных автомобильных дорогах Александрово - Заводского, Балейского, Газимуро - Заводского, Забайкальского, Калганского, Краснокаменского, Могочинского, Нерчинского, Нерчинско - Заводского, Приаргунского, Сретенского, Чернышевского, Шелопугинского и Шилкинского районов Забайкальского края (00005480-ОК);;'262753605002075360100100750014211244;;;58000521.00;RUB;0;;;;;;"ГОСУДАРСТВЕННОЕ КАЗЕННОЕ УЧРЕЖДЕНИЕ ""УПРАВЛЕНИЕ АВТОМОБИЛЬНЫХ ДОРОГ ЗАБАЙКАЛЬСКОГО КРАЯ""";"ГОСУДАРСТВЕННОЕ КАЗЕННОЕ УЧРЕЖДЕНИЕ ""ЗАБАЙКАЛЬСКИЙ ЦЕНТР ГОСУДАРСТВЕННЫХ ЗАКУПОК""";07.05.2026;29.05.2026;Закупка завершена;;;26.05.2026;
44-ФЗ;№0813500000126008836;Открытый конкурс в электронной форме;№ 11256 Молочные продукты для нужд учреждений Октябрьского р-на г.Ижевска;;263183106304018310100100030110000244, 263183106389018310100100060030000244, 263183109044618310100100060090000244, 263183109043918310100100060090000244, 263183106394018310100100050100000244, 263183105534618310100100060100000244, 263183106300118310100100060160000244, 263183106296018310100100050160000244, 263183106316018310100100060110000244, 263183106390018310100100040040000244, 263183106314618310100100060100000244, 263183106315318310100100030110000244, 263183106321018310100100070100000244, 263183112991118310100100040210000244, 263183106320218310100100170011051244, 263183106313918310100100040150000244, 263183106302618310100100040100000244, 263183106310718310100100040090000244;;;12218566.32;RUB;0;;;;;;;"ГОСУДАРСТВЕННОЕ КАЗЕННОЕ УЧРЕЖДЕНИЕ УДМУРТСКОЙ РЕСПУБЛИКИ ""РЕГИОНАЛЬНЫЙ ЦЕНТР ЗАКУПОК УДМУРТСКОЙ РЕСПУБЛИКИ""";13.05.2026;29.05.2026;Закупка завершена;;;29.05.2026;
44-ФЗ;№0306300031626000143;Электронный аукцион;Поставка эндопротезов тазобедренного сустава;;'262100111753210010100101410010000244;;;6812250.00;RUB;0;;;;;;"ГОСУДАРСТВЕННОЕ БЮДЖЕТНОЕ УЧРЕЖДЕНИЕ ЗДРАВООХРАНЕНИЯ РЕСПУБЛИКИ КАРЕЛИЯ ""РЕСПУБЛИКАНСКАЯ БОЛЬНИЦА СКОРОЙ И ЭКСТРЕННОЙ МЕДИЦИНСКОЙ ПОМОЩИ""";"ГОСУДАРСТВЕННОЕ БЮДЖЕТНОЕ УЧРЕЖДЕНИЕ ЗДРАВООХРАНЕНИЯ РЕСПУБЛИКИ КАРЕЛИЯ ""РЕСПУБЛИКАНСКАЯ БОЛЬНИЦА СКОРОЙ И ЭКСТРЕННОЙ МЕДИЦИНСКОЙ ПОМОЩИ""";19.05.2026;29.05.2026;Закупка завершена;;;27.05.2026;
44-ФЗ;№0163200000326002851;Запрос котировок в электронной форме;№ 1792-эзк битум нефтяной дорожный БНД 70/100;;'262673102076567300100103330011920244;;;5264986.54;RUB;0;;;;;;"СМОЛЕНСКОЕ ОБЛАСТНОЕ ГОСУДАРСТВЕННОЕ БЮДЖЕТНОЕ УЧРЕЖДЕНИЕ ""УПРАВЛЕНИЕ ОБЛАСТНЫХ АВТОМОБИЛЬНЫХ ДОРОГ""";ГЛАВНОЕ УПРАВЛЕНИЕ СМОЛЕНСКОЙ ОБЛАСТИ ПО РЕГУЛИРОВАНИЮ КОНТРАКТНОЙ СИСТЕМЫ;21.05.2026;29.05.2026;Закупка завершена;;;28.05.2026;
44-ФЗ;№0817200000326007578;Электронный аукцион;Поставка жилых помещений в административных границах г. Бийска в государственную собственность  Алтайского края в целях обеспечения жилыми помещениями детей-сирот и детей, оставшихся без попечения родителей, лиц из числа детей-сирот и детей, оставшихся без попечения родителей;;'262222122882522210100100540016810412;;;14108747.08;RUB;0;;;;;;"КРАЕВОЕ ГОСУДАРСТВЕННОЕ КАЗЕННОЕ УЧРЕЖДЕНИЕ ""РЕГИОНАЛЬНОЕ ЖИЛИЩНОЕ УПРАВЛЕНИЕ""";"КРАЕВОЕ ГОСУДАРСТВЕННОЕ КАЗЕННОЕ УЧРЕЖДЕНИЕ ""ЦЕНТР ГОСУДАРСТВЕННЫХ ЗАКУПОК АЛТАЙСКОГО КРАЯ""";21.05.2026;29.05.2026;Закупка завершена;;;29.05.2026;
44-ФЗ;№0348200081026002997;Электронный аукцион;Закупка лекарственного препарата Асциминиб для обеспечения отдельных категорий граждан, в отношении которых установлены меры социальной поддержки Л264301 Л264539 Л264969 Л265031;;'262502406865650240100117830072120323;;;7505784.00;RUB;0;;;;;;"ГОСУДАРСТВЕННОЕ КАЗЕННОЕ УЧРЕЖДЕНИЕ МОСКОВСКОЙ ОБЛАСТИ ""ДИРЕКЦИЯ ЕДИНОГО ЗАКАЗЧИКА МИНИСТЕРСТВА ЗДРАВООХРАНЕНИЯ МОСКОВСКОЙ ОБЛАСТИ""";"ГОСУДАРСТВЕННОЕ КАЗЕННОЕ УЧРЕЖДЕНИЕ МОСКОВСКОЙ ОБЛАСТИ ""ДИРЕКЦИЯ ЕДИНОГО ЗАКАЗЧИКА МИНИСТЕРСТВА ЗДРАВООХРАНЕНИЯ МОСКОВСКОЙ ОБЛАСТИ""";19.05.2026;29.05.2026;Закупка завершена;;;29.05.2026;
44-ФЗ;№0348200081026002994;Электронный аукцион;Закупка лекарственного препарата Инсулин аспарт для обеспечения отдельных категорий граждан, имеющих группу инвалидности Л270442 в 2027 году;;'262502406865650240100119140022120323;;;40138170.60;RUB;0;;;;;;"ГОСУДАРСТВЕННОЕ КАЗЕННОЕ УЧРЕЖДЕНИЕ МОСКОВСКОЙ ОБЛАСТИ ""ДИРЕКЦИЯ ЕДИНОГО ЗАКАЗЧИКА МИНИСТЕРСТВА ЗДРАВООХРАНЕНИЯ МОСКОВСКОЙ ОБЛАСТИ""";"ГОСУДАРСТВЕННОЕ КАЗЕННОЕ УЧРЕЖДЕНИЕ МОСКОВСКОЙ ОБЛАСТИ ""ДИРЕКЦИЯ ЕДИНОГО ЗАКАЗЧИКА МИНИСТЕРСТВА ЗДРАВООХРАНЕНИЯ МОСКОВСКОЙ ОБЛАСТИ""";19.05.2026;29.05.2026;Закупка завершена;;;29.05.2026;
44-ФЗ;№0348200081026003035;Электронный аукцион;Закупка лекарственного препарата Эрдафитиниб для обеспечения отдельных категорий граждан, в отношении которых установлены меры социальной поддержки Л265045;;'262502406865650240100119220012120323;;;6206277.00;RUB;0;;;;;;"ГОСУДАРСТВЕННОЕ КАЗЕННОЕ УЧРЕЖДЕНИЕ МОСКОВСКОЙ ОБЛАСТИ ""ДИРЕКЦИЯ ЕДИНОГО ЗАКАЗЧИКА МИНИСТЕРСТВА ЗДРАВООХРАНЕНИЯ МОСКОВСКОЙ ОБЛАСТИ""";"ГОСУДАРСТВЕННОЕ КАЗЕННОЕ УЧРЕЖДЕНИЕ МОСКОВСКОЙ ОБЛАСТИ ""ДИРЕКЦИЯ ЕДИНОГО ЗАКАЗЧИКА МИНИСТЕРСТВА ЗДРАВООХРАНЕНИЯ МОСКОВСКОЙ ОБЛАСТИ""";20.05.2026;29.05.2026;Закупка завершена;;;29.05.2026;
223-ФЗ;№32616060674;Иной способ;Поставка медицинских изделий, косметических товаров, парафармацевтической продукции;;;1;Поставка медицинских изделий, косметических товаров, парафармацевтической продукции;5502992.59;RUB;5502992.59;;;;20.42: Средства парфюмерные и косметические;;"АКЦИОНЕРНОЕ ОБЩЕСТВО ""ГУБЕРНСКИЕ АПТЕКИ""";"АКЦИОНЕРНОЕ ОБЩЕСТВО ""ГУБЕРНСКИЕ АПТЕКИ""";29.05.2026;29.05.2026;Закупка завершена;;;29.05.2026 10:45;
44-ФЗ;№0362100030226000235;Электронный аукцион;Поставка реагентов для амплификатора Rotor-Gene (фирма-производитель амплификатора Qiagen GmbH, Германия);;'261666001346266290100101430012120244;;;8105045.24;RUB;0;;;;;;"ФЕДЕРАЛЬНОЕ ГОСУДАРСТВЕННОЕ БЮДЖЕТНОЕ УЧРЕЖДЕНИЕ ЗДРАВООХРАНЕНИЯ ""ЦЕНТРАЛЬНАЯ МЕДИКО-САНИТАРНАЯ ЧАСТЬ № 31 ФЕДЕРАЛЬНОГО МЕДИКО-БИОЛОГИЧЕСКОГО АГЕНТСТВА""";"ФЕДЕРАЛЬНОЕ ГОСУДАРСТВЕННОЕ БЮДЖЕТНОЕ УЧРЕЖДЕНИЕ ЗДРАВООХРАНЕНИЯ ""ЦЕНТРАЛЬНАЯ МЕДИКО-САНИТАРНАЯ ЧАСТЬ № 31 ФЕДЕРАЛЬНОГО МЕДИКО-БИОЛОГИЧЕСКОГО АГЕНТСТВА""";18.05.2026;29.05.2026;Закупка завершена;;;28.05.2026;
223-ФЗ;№32616060672;Иной способ;Поставка лекарственных препаратов;;;1;Поставка лекарственных препаратов;19189737.02;RUB;19189737.02;;;;21.20.10.211: Препараты противоопухолевые;;"АКЦИОНЕРНОЕ ОБЩЕСТВО ""ГУБЕРНСКИЕ АПТЕКИ""";"АКЦИОНЕРНОЕ ОБЩЕСТВО ""ГУБЕРНСКИЕ АПТЕКИ""";29.05.2026;29.05.2026;Закупка завершена;;;29.05.2026 10:45;
44-ФЗ;№0149600001526000056;Электронный аукцион;Выполнение работ по благоустройству территории МБУ «ЦПиРМИ» в г. Заполярный ;;'263510900253451090100100070014399244;;;5968127.52;RUB;0;;;;;;"МУНИЦИПАЛЬНОЕ БЮДЖЕТНОЕ УЧРЕЖДЕНИЕ ""ЦЕНТР ПОДДЕРЖКИ И РАЗВИТИЯ МОЛОДЕЖНЫХ ИНИЦИАТИВ ПЕЧЕНГСКОГО МУНИЦИПАЛЬНОГО ОКРУГА""";АДМИНИСТРАЦИЯ ПЕЧЕНГСКОГО МУНИЦИПАЛЬНОГО ОКРУГА МУРМАНСКОЙ ОБЛАСТИ;20.05.2026;29.05.2026;Закупка завершена;;;28.05.2026;
44-ФЗ;№0137200001226004349;Электронный аукцион;Поставка лекарственного препарата для медицинского применения (МНН Инсулин деглудек);;'262402702230540270100106500012120000;;;124594750.66;RUB;0;;;;;;"ГОСУДАРСТВЕННОЕ ПРЕДПРИЯТИЕ КАЛУЖСКОЙ ОБЛАСТИ ""КАЛУГАФАРМАЦИЯ""";МИНИСТЕРСТВО КОНКУРЕНТНОЙ ПОЛИТИКИ КАЛУЖСКОЙ ОБЛАСТИ;21.05.2026;29.05.2026;Закупка завершена;;;29.05.2026;
44-ФЗ;№0848300059126000095;Электронный аукцион;Поставка дизельного и бензинового топлива для технических средств организации;;'263507502771450750100100630011920244;;;28105600.00;RUB;0;;;;;;"МУНИЦИПАЛЬНОЕ БЮДЖЕТНОЕ УЧРЕЖДЕНИЕ РУЗСКОГО МУНИЦИПАЛЬНОГО ОКРУГА ""БЛАГОУСТРОЙСТВО""";"МУНИЦИПАЛЬНОЕ КАЗЕННОЕ УЧРЕЖДЕНИЕ ""ЦЕНТР ЗАКУПОК РУЗСКОГО МУНИЦИПАЛЬНОГО ОКРУГА""";20.05.2026;29.05.2026;Закупка завершена;;;29.05.2026;
44-ФЗ;№0846600002126000289;Электронный аукцион;Приобретение двухкомнатной квартиры по решению суда;;'263482505489348250100100310016810412;;;6853713.00;RUB;0;;;;;;"МУНИЦИПАЛЬНОЕ УЧРЕЖДЕНИЕ ""УПРАВЛЕНИЕ КАПИТАЛЬНОГО РЕМОНТА"" Г. ЛИПЕЦКА";"МУНИЦИПАЛЬНОЕ КАЗЕННОЕ УЧРЕЖДЕНИЕ ""УПРАВЛЕНИЕ МУНИЦИПАЛЬНОГО ЗАКАЗА ГОРОДА ЛИПЕЦКА""";20.05.2026;29.05.2026;Закупка завершена;;;28.05.2026;
44-ФЗ;№0137200001226004382;Электронный аукцион;Поставка лекарственного препарата для медицинского применения (МНН Капивасертиб);;'262402702230540270100109740012120000;;;37876931.40;RUB;0;;;;;;"ГОСУДАРСТВЕННОЕ ПРЕДПРИЯТИЕ КАЛУЖСКОЙ ОБЛАСТИ ""КАЛУГАФАРМАЦИЯ""";МИНИСТЕРСТВО КОНКУРЕНТНОЙ ПОЛИТИКИ КАЛУЖСКОЙ ОБЛАСТИ;21.05.2026;29.05.2026;Закупка завершена;;;29.05.2026;
44-ФЗ;№0813500000126008833;Открытый конкурс в электронной форме;№ 11252 Молочные продукты для нужд учреждений Индустриального р-на г.Ижевска;;263183302288218400100100050080000244, 263183302271618400100100040160000244, 262183101818218400100100190011051244, 263183302267418400100100050040000244, 263183302254718400100100060040000244, 263183303190418400100100060030000244, 263183302260318400100100050030000244, 263183302297018400100100030100000244, 263183301659018400100100030100000244, 263183302300418400100100030110000244, 263183301660018400100100040100000244, 263184001131318400100100040090000244, 263183302381518400100100060090000244, 263183302274818400100100030110000244, 263183302292418400100100040100000244, 263183302286818400100100040180000244, 263183302253018400100100070110000244, 263183303831418400100100030010000244, 263183302264218400100100060030000244, 263183302257918400100100050100000244, 263183302272318400100100060100000244, 263183302265018400100100050040000244, 263183302256118400100100050100000244;;;11907597.66;RUB;0;;;;;;;"ГОСУДАРСТВЕННОЕ КАЗЕННОЕ УЧРЕЖДЕНИЕ УДМУРТСКОЙ РЕСПУБЛИКИ ""РЕГИОНАЛЬНЫЙ ЦЕНТР ЗАКУПОК УДМУРТСКОЙ РЕСПУБЛИКИ""";13.05.2026;29.05.2026;Закупка завершена;;;29.05.2026;
44-ФЗ;№0149200002326002827;Запрос котировок в электронной форме;Поставка лекарственного препарата для медицинского применения ИНСУЛИН ГЛУЛИЗИН;;'262519010997251900100100013700000323;;;5800662.00;RUB;0;;;;;;МИНИСТЕРСТВО ЗДРАВООХРАНЕНИЯ  МУРМАНСКОЙ ОБЛАСТИ;КОМИТЕТ ПО КОНКУРЕНТНОЙ ПОЛИТИКЕ МУРМАНСКОЙ ОБЛАСТИ;20.05.2026;29.05.2026;Закупка завершена;;;29.05.2026;
44-ФЗ;№0891200000626005596;Электронный аукцион;Оказание услуг по приемке, хранению, сборке, выдаче и доставке иммунобиологических лекарственных препаратов (00006116-ЭА);;'262753611570475360100101160018690244;;;8043799.64;RUB;0;;;;;;"ГОСУДАРСТВЕННОЕ УЧРЕЖДЕНИЕ ЗДРАВООХРАНЕНИЯ ""КРАЕВАЯ КЛИНИЧЕСКАЯ ИНФЕКЦИОННАЯ БОЛЬНИЦА""";"ГОСУДАРСТВЕННОЕ КАЗЕННОЕ УЧРЕЖДЕНИЕ ""ЗАБАЙКАЛЬСКИЙ ЦЕНТР ГОСУДАРСТВЕННЫХ ЗАКУПОК""";20.05.2026;29.05.2026;Закупка завершена;;;29.05.2026;
44-ФЗ;№0356500001426004285;Электронный аукцион;ПОСТАВКА ЛЕКАРСТВЕННЫХ ПРЕПАРАТОВ ДЛЯ МЕДИЦИНСКОГО ПРИМЕНЕНИЯ (БРОЛУЦИЗУМАБ);;'262590229047359020100105890010000244;;;5466257.72;RUB;0;;;;;;"ГОСУДАРСТВЕННОЕ БЮДЖЕТНОЕ УЧРЕЖДЕНИЕ ЗДРАВООХРАНЕНИЯ ПЕРМСКОГО КРАЯ ""ОРДЕНА ""ЗНАК ПОЧЁТА"" ПЕРМСКАЯ КРАЕВАЯ КЛИНИЧЕСКАЯ БОЛЬНИЦА""";"ГОСУДАРСТВЕННОЕ КАЗЕННОЕ УЧРЕЖДЕНИЕ ПЕРМСКОГО КРАЯ ""ЦЕНТР ОРГАНИЗАЦИИ ЗАКУПОК""";15.05.2026;29.05.2026;Закупка завершена;;;27.05.2026;
44-ФЗ;№0860200000826004501;Электронный аукцион;Приобретение жилого помещения (квартиры) путем участия в долевом строительстве многоквартирного дома в г. Балаково Саратовской области для последующего предоставления многодетной семье;;'262645291171564520100104080026810412;;;5697993.10;RUB;0;;;;;;МИНИСТЕРСТВО СТРОИТЕЛЬСТВА И ЖИЛИЩНО-КОММУНАЛЬНОГО ХОЗЯЙСТВА САРАТОВСКОЙ ОБЛАСТИ;"ГОСУДАРСТВЕННОЕ КАЗЕННОЕ УЧРЕЖДЕНИЕ САРАТОВСКОЙ ОБЛАСТИ ""ГОСУДАРСТВЕННОЕ АГЕНТСТВО ПО ЦЕНТРАЛИЗАЦИИ ЗАКУПОК""";20.05.2026;29.05.2026;Закупка завершена;;;29.05.2026;
44-ФЗ;№0891200000626004994;Открытый конкурс в электронной форме;Выполнение работ по содержанию (нанесению горизонтальной дорожной разметки) на региональных и межмуниципальных автомобильных дорогах Агинского, Акшинского, Борзинского, Дульдургинского, Кыринского, Могойтуйского, Оловяннинского и Ононского районов Забайкальского края (00005471-ОК);;'262753605002075360100100740014211244;;;61683859.63;RUB;0;;;;;;"ГОСУДАРСТВЕННОЕ КАЗЕННОЕ УЧРЕЖДЕНИЕ ""УПРАВЛЕНИЕ АВТОМОБИЛЬНЫХ ДОРОГ ЗАБАЙКАЛЬСКОГО КРАЯ""";"ГОСУДАРСТВЕННОЕ КАЗЕННОЕ УЧРЕЖДЕНИЕ ""ЗАБАЙКАЛЬСКИЙ ЦЕНТР ГОСУДАРСТВЕННЫХ ЗАКУПОК""";07.05.2026;29.05.2026;Закупка завершена;;;26.05.2026;
44-ФЗ;№0133200001726001486;Электронный аукцион;Обеспечение граждан лекарственными препаратами (МНН - Нусинерсен), специализированными продуктами лечебного питания, медицинскими изделиями во исполнение судебных актов;;'262372901059537020100100540062120323;;;12294545.60;RUB;0;;;;;;ДЕПАРТАМЕНТ ЗДРАВООХРАНЕНИЯ ИВАНОВСКОЙ ОБЛАСТИ;ДЕПАРТАМЕНТ КОНКУРСОВ И АУКЦИОНОВ ИВАНОВСКОЙ ОБЛАСТИ;19.05.2026;29.05.2026;Закупка завершена;;;29.05.2026;
44-ФЗ;№0841200000726000969;Электронный аукцион на проведение работ по строительству, реконструкции, кап. ремонту, сносу объекта кап. строительства в соответствии с п. 8 ч. 1 ст. 33 Закона № 44-ФЗ;Выполнение работ по капитальному ремонту объекта капитального строительства: «Капитальный ремонт ОГБУЗ «Костромской областной врачебно-физкультурный диспансер» по адресу: г. Кострома, ул. Профсоюзная, д. 26 б»;;'262444302559444010100100120017112243;;;13139430.00;RUB;0;;;;;;"ОБЛАСТНОЕ ГОСУДАРСТВЕННОЕ  БЮДЖЕТНОЕ УЧРЕЖДЕНИЕ ЗДРАВООХРАНЕНИЯ ""КОСТРОМСКОЙ ОБЛАСТНОЙ ВРАЧЕБНО-ФИЗКУЛЬТУРНЫЙ ДИСПАНСЕР""";"ОБЛАСТНОЕ ГОСУДАРСТВЕННОЕ КАЗЕННОЕ УЧРЕЖДЕНИЕ ""АГЕНТСТВО ГОСУДАРСТВЕННЫХ ЗАКУПОК КОСТРОМСКОЙ ОБЛАСТИ""";19.05.2026;29.05.2026;Закупка завершена;;;27.05.2026;
44-ФЗ;№0136500001126003009;Электронный аукцион;Оказание услуг по информированию населения Тверской области о деятельности исполнительных органов Тверской области, государственных органов Тверской области через средства массовой информации;;'262690500005469500100100070126391244;;;5156350.00;RUB;0;;;;;;ПРАВИТЕЛЬСТВО ТВЕРСКОЙ ОБЛАСТИ;КОМИТЕТ ГОСУДАРСТВЕННОГО ЗАКАЗА ТВЕРСКОЙ ОБЛАСТИ;15.05.2026;29.05.2026;Закупка завершена;;;27.05.2026;
44-ФЗ;№0891200000626005574;Электронный аукцион;Приобретение лекарственных препаратов в целях социального обеспечения отдельных категорий граждан (субвенции) 2026 г. (00005969-ЭА);;'262753609569575360100105690012120323;;;5722156.80;RUB;0;;;;;;МИНИСТЕРСТВО ЗДРАВООХРАНЕНИЯ ЗАБАЙКАЛЬСКОГО КРАЯ;"ГОСУДАРСТВЕННОЕ КАЗЕННОЕ УЧРЕЖДЕНИЕ ""ЗАБАЙКАЛЬСКИЙ ЦЕНТР ГОСУДАРСТВЕННЫХ ЗАКУПОК""";20.05.2026;29.05.2026;Закупка завершена;;;29.05.2026;
44-ФЗ;№0816500000626008517;Электронный аукцион;Выполнение отделочных сантехнических и электромонтажных работ в отделении Пульмонологии;;'262143502651014350100100030230000244;;;17964336.20;RUB;0;;;;;;"ГОСУДАРСТВЕННОЕ БЮДЖЕТНОЕ УЧРЕЖДЕНИЕ РЕСПУБЛИКИ САХА (ЯКУТИЯ) ""ЯКУТСКАЯ РЕСПУБЛИКАНСКАЯ КЛИНИЧЕСКАЯ БОЛЬНИЦА""";"ГОСУДАРСТВЕННОЕ КАЗЕННОЕ УЧРЕЖДЕНИЕ РЕСПУБЛИКИ САХА (ЯКУТИЯ) ""ЦЕНТР ЗАКУПОК РЕСПУБЛИКИ САХА (ЯКУТИЯ)""";18.05.2026;29.05.2026;Закупка завершена;;;27.05.2026;
44-ФЗ;№0360300033226000014;Электронный аукцион;Поставка продуктов питания (Мясо сельскохозяйственной птицы охлажденное) ;;263645316575664530100100070011012244, 263645312932464530100100060011012244, 263645305834564530100100060011012244, 263645312245664530100100060011012244, 263645304208864530100100060011012244, 263645304310964530100100070011012244, 263645304211264530100100090011012244, 263645304277964530100100070011012244, 263645304245864530100100070011012244, 263645304251464530100100050011012244, 263645314333664530100100070011012244, 263645304248064530100100060011012244, 263645307216364530100100060011012244, 263645317317964530100100060011012244, 263645316391064530100100060011012244, 263645303684964530100100080011012244, 263645304196964530100100060011012244, 263645304266664530100100060011012244, 263645307172364530100100070011012244, 263645304261064530100100060011012244, 263645305400564530100100060011012244, 263645304302864530100100060011012244, 263645311979964530100100060011012244, 263645304257864530100100060011012244, 263645317994264530100100060011012244, 263645304264164530100100060011012244, 263645305019164530100100060011012244, 263645304327564530100100050011012244, 263645304157464530100100060011012244, 263645305718064530100100060011012244, 263645307217064530100100070011012244, 263645312246364530100100060011012244, 263645304260264530100100060011012244;;;5363151.50;RUB;0;;;;;;;"МУНИЦИПАЛЬНОЕ КАЗЁННОЕ УЧРЕЖДЕНИЕ ""ЦЕНТРАЛИЗОВАННАЯ БУХГАЛТЕРИЯ УЧРЕЖДЕНИЙ ОБРАЗОВАНИЯ ЛЕНИНСКОГО РАЙОНА ГОРОДА САРАТОВА""";19.05.2026;29.05.2026;Закупка завершена;;;27.05.2026;
44-ФЗ;№0841600008126000324;Запрос котировок в электронной форме;Выполнение работ по реализации мероприятий по капитальному ремонту теплосетевого комплекса и наружных систем водоснабжения города Костромы Костромской области, источником финансового обеспечения расходов на реализацию которых являются специальные казначейские кредиты, в соответствии с детализированным перечнем мероприятий, реализуемых в рамках мероприятий по проектированию, строительству, реконструкции (модернизации), капитальному ремонту объектов коммунальной инфраструктуры (в сферах теплоснабжения, водоснабжения и водоотведения);;'263440110690044010100102110024221243;;;9800000.00;RUB;0;;;;;;"МУНИЦИПАЛЬНОЕ БЮДЖЕТНОЕ УЧРЕЖДЕНИЕ ГОРОДА КОСТРОМЫ ""КОСТРОМАСТРОЙЗАКАЗЧИК""";"МУНИЦИПАЛЬНОЕ КАЗЕННОЕ УЧРЕЖДЕНИЕ ГОРОДА КОСТРОМЫ ""ДИРЕКЦИЯ ПРОГРАММ""";22.05.2026;29.05.2026;Закупка завершена;;;29.05.2026;
44-ФЗ;№0139200000126005876;Электронный аукцион;Поставка оборудования;;'262422100220442210100100150010000244;;;8828371.75;RUB;0;;;;;;"ГОСУДАРСТВЕННОЕ ПРОФЕССИОНАЛЬНОЕ ОБРАЗОВАТЕЛЬНОЕ УЧРЕЖДЕНИЕ ""ПРОФЕССИОНАЛЬНЫЙ КОЛЛЕДЖ Г. НОВОКУЗНЕЦКА"" ИМЕНИ КУЧЕРЯВЕНКО ТАМАРЫ АЛЕКСАНДРОВНЫ";ДЕПАРТАМЕНТ КОНТРАКТНОЙ СИСТЕМЫ КУЗБАССА;13.05.2026;29.05.2026;Закупка завершена;;;28.05.2026;
44-ФЗ;№0362100027626000019;Запрос котировок в электронной форме;Дилатометр горизонтальный;;'261666000861766700100100170012651244;;;7054167.33;RUB;0;;;;;;ФЕДЕРАЛЬНОЕ ГОСУДАРСТВЕННОЕ БЮДЖЕТНОЕ УЧРЕЖДЕНИЕ НАУКИ ИНСТИТУТ ВЫСОКОТЕМПЕРАТУРНОЙ ЭЛЕКТРОХИМИИ УРАЛЬСКОГО ОТДЕЛЕНИЯ РОССИЙСКОЙ АКАДЕМИИ НАУК;ФЕДЕРАЛЬНОЕ ГОСУДАРСТВЕННОЕ БЮДЖЕТНОЕ УЧРЕЖДЕНИЕ НАУКИ ИНСТИТУТ ВЫСОКОТЕМПЕРАТУРНОЙ ЭЛЕКТРОХИМИИ УРАЛЬСКОГО ОТДЕЛЕНИЯ РОССИЙСКОЙ АКАДЕМИИ НАУК;22.05.2026;29.05.2026;Закупка завершена;;;29.05.2026;
44-ФЗ;№0301100000426000036;Запрос котировок в электронной форме;Оказание услуг по откачке и вывозу хозяйственно-бытовых сточных вод с судов Заказчика;;'261590229019102780200100280043700247;;;5806625.07;RUB;0;;;;;;"БЕЛЬСКИЙ РАЙОН ВОДНЫХ ПУТЕЙ И СУДОХОДСТВА-ФИЛИАЛ ФБУ ""АДМИНИСТРАЦИЯ КАМСКОГО БАССЕЙНА ВНУТРЕННИХ ВОДНЫХ ПУТЕЙ""";"БЕЛЬСКИЙ РАЙОН ВОДНЫХ ПУТЕЙ И СУДОХОДСТВА-ФИЛИАЛ ФБУ ""АДМИНИСТРАЦИЯ КАМСКОГО БАССЕЙНА ВНУТРЕННИХ ВОДНЫХ ПУТЕЙ""";20.05.2026;29.05.2026;Закупка завершена;;;28.05.2026;
44-ФЗ;№0145600006926000162;Запрос котировок в электронной форме;Приобретение в муниципальную собственность жилого помещения (квартиры) на территории города Гатчины для переселения граждан из аварийного жилищного фонда (условный номер квартиры № 3);;'263470512167547050100100840016810412;;;5185000.00;RUB;0;;;;;;АДМИНИСТРАЦИЯ МУНИЦИПАЛЬНОГО ОБРАЗОВАНИЯ ГАТЧИНСКИЙ МУНИЦИПАЛЬНЫЙ ОКРУГ ЛЕНИНГРАДСКОЙ ОБЛАСТИ;АДМИНИСТРАЦИЯ МУНИЦИПАЛЬНОГО ОБРАЗОВАНИЯ ГАТЧИНСКИЙ МУНИЦИПАЛЬНЫЙ ОКРУГ ЛЕНИНГРАДСКОЙ ОБЛАСТИ;22.05.2026;29.05.2026;Закупка завершена;;;29.05.2026;
44-ФЗ;№0848300062726000181;Электронный аукцион;Выполнение работ по комплексному благоустройству дворовых территорий (Лот 2);;'263502926917050290100100590010000244;;;49249276.12;RUB;0;;;;;;"МУНИЦИПАЛЬНОЕ КАЗЕННОЕ УЧРЕЖДЕНИЕ ""УПРАВЛЕНИЕ БЛАГОУСТРОЙСТВА ГОРОДСКОГО ОКРУГА МЫТИЩИ МОСКОВСКОЙ ОБЛАСТИ""";"МУНИЦИПАЛЬНОЕ КАЗЕННОЕ УЧРЕЖДЕНИЕ ""УПРАВЛЕНИЕ В СФЕРЕ ЗАКУПОК ДЛЯ МУНИЦИПАЛЬНЫХ НУЖД""";19.05.2026;29.05.2026;Закупка завершена;;;27.05.2026;
44-ФЗ;№0139300020926000079;Электронный аукцион;Благоустройство (текущий ремонт) парка отдыха им. Гагарина, парковки пгт. Краснобродский;;'263422312629042230100100480014399244;;;26786235.08;RUB;0;;;;;;"МУНИЦИПАЛЬНОЕ КАЗЕННОЕ УЧРЕЖДЕНИЕ ""ТЕРРИТОРИАЛЬНОЕ УПРАВЛЕНИЕ  ПРОКОПЬЕВСКОГО МУНИЦИПАЛЬНОГО ОКРУГА""";АДМИНИСТРАЦИЯ ПРОКОПЬЕВСКОГО МУНИЦИПАЛЬНОГО ОКРУГА;21.05.2026;29.05.2026;Закупка завершена;;;29.05.2026;
44-ФЗ;№0131100011426000026;Открытый конкурс в электронной форме на проведение работ по строительству, реконструкции, кап. ремонту, сносу объекта кап. строительства в соответствии с п. 8 ч. 1 ст. 33 Закона № 44-ФЗ;Проведение капитального ремонта здания прокуратуры по надзору за соблюдением  законов в исправительных учреждениях, Воронежской межрайонной природоохранной прокуратуры;;'261366401252036640100100500014391243;;;7999829.24;RUB;0;;;;;;ПРОКУРАТУРА ВОРОНЕЖСКОЙ ОБЛАСТИ;ПРОКУРАТУРА ВОРОНЕЖСКОЙ ОБЛАСТИ;13.05.2026;29.05.2026;Закупка завершена;;;29.05.2026;
44-ФЗ;№0873200009826002308;Запрос котировок в электронной форме;Поставка лекарственного препарата (Глицирризиновая кислота+Фосфолипиды) для обеспечения граждан, имеющих право на получение государственной социальной помощи в городе Москве (УНЗ: Z2618728 - повторная закупка);;'262771433860977140100119790010000323;;;9572000.00;RUB;0;;;;;;"ГОСУДАРСТВЕННОЕ КАЗЕННОЕ УЧРЕЖДЕНИЕ ГОРОДА МОСКВЫ ""АГЕНТСТВО ПО ЗАКУПКАМ (КОНТРАКТНАЯ СЛУЖБА) ДЕПАРТАМЕНТА ЗДРАВООХРАНЕНИЯ ГОРОДА МОСКВЫ""";"ГОСУДАРСТВЕННОЕ КАЗЕННОЕ УЧРЕЖДЕНИЕ ГОРОДА МОСКВЫ ""АГЕНТСТВО ПО ЗАКУПКАМ (КОНТРАКТНАЯ СЛУЖБА) ДЕПАРТАМЕНТА ЗДРАВООХРАНЕНИЯ ГОРОДА МОСКВЫ""";22.05.2026;29.05.2026;Закупка завершена;;;29.05.2026;
44-ФЗ;№0373100040326000026;Запрос котировок в электронной форме;На оказание услуг по предоставлению стойко-мест и оборудования в центре обработки данных для размещения ИТ-оборудования ФГБУ «СИЦ Минтранса России»;;'261770411620577080100100330023320244;;;5956040.00;RUB;0;;;;;;"ФЕДЕРАЛЬНОЕ ГОСУДАРСТВЕННОЕ БЮДЖЕТНОЕ УЧРЕЖДЕНИЕ ""СИТУАЦИОННО-ИНФОРМАЦИОННЫЙ ЦЕНТР МИНИСТЕРСТВА ТРАНСПОРТА РОССИЙСКОЙ ФЕДЕРАЦИИ""";"ФЕДЕРАЛЬНОЕ ГОСУДАРСТВЕННОЕ БЮДЖЕТНОЕ УЧРЕЖДЕНИЕ ""СИТУАЦИОННО-ИНФОРМАЦИОННЫЙ ЦЕНТР МИНИСТЕРСТВА ТРАНСПОРТА РОССИЙСКОЙ ФЕДЕРАЦИИ""";23.05.2026;29.05.2026;Закупка завершена;;;29.05.2026;
44-ФЗ;№0119200000126007746;Открытый конкурс в электронной форме;ОК-№-8194/26 «Организация и выполнение всего комплекса работ на разработку инженерных изысканий, осуществление подготовки проектной и рабочей документации в целях капитального ремонта объекта капитального строительства «Мост через реку Миндерла на км 4+340 автомобильной дороги Талое – Булановка в Емельяновском муниципальном округе Красноярского края»»;;'262246001772024600100100850017112243;;;8125432.76;RUB;0;;;;;;"КРАЕВОЕ ГОСУДАРСТВЕННОЕ КАЗЁННОЕ УЧРЕЖДЕНИЕ ""УПРАВЛЕНИЕ АВТОМОБИЛЬНЫХ ДОРОГ ПО КРАСНОЯРСКОМУ КРАЮ""";АГЕНТСТВО ГОСУДАРСТВЕННОГО ЗАКАЗА КРАСНОЯРСКОГО КРАЯ;30.04.2026;29.05.2026;Закупка завершена;;;20.05.2026;
44-ФЗ;№0163200000326002929;Запрос котировок в электронной форме;Услуги по обеспечению питанием, осуществляемых по договору (1805-эзк);;'262673102041267310100100150025629244;;;9999990.00;RUB;0;;;;;;"ОБЛАСТНОЕ ГОСУДАРСТВЕННОЕ БЮДЖЕТНОЕ УЧРЕЖДЕНИЕ ЗДРАВООХРАНЕНИЯ ""СМОЛЕНСКИЙ ОБЛАСТНОЙ ОНКОЛОГИЧЕСКИЙ КЛИНИЧЕСКИЙ ДИСПАНСЕР""";ГЛАВНОЕ УПРАВЛЕНИЕ СМОЛЕНСКОЙ ОБЛАСТИ ПО РЕГУЛИРОВАНИЮ КОНТРАКТНОЙ СИСТЕМЫ;22.05.2026;29.05.2026;Закупка завершена;;;29.05.2026;
44-ФЗ;№0119200000126007747;Открытый конкурс в электронной форме;ОК-№-8195/26 «Организация и выполнение всего комплекса работ на разработку инженерных изысканий, осуществление подготовки проектной и рабочей документации в целях капитального ремонта объекта капитального строительства «Мост через реку Арангаш на км 12+540 автомобильной дороги Талое - Успенка в Ирбейско-Саянском муниципальном округе Красноярского края»»;;'262246001772024600100100840017112243;;;6919398.97;RUB;0;;;;;;"КРАЕВОЕ ГОСУДАРСТВЕННОЕ КАЗЁННОЕ УЧРЕЖДЕНИЕ ""УПРАВЛЕНИЕ АВТОМОБИЛЬНЫХ ДОРОГ ПО КРАСНОЯРСКОМУ КРАЮ""";АГЕНТСТВО ГОСУДАРСТВЕННОГО ЗАКАЗА КРАСНОЯРСКОГО КРАЯ;30.04.2026;29.05.2026;Закупка завершена;;;20.05.2026;
44-ФЗ;№0373200619126000005;Электронный аукцион;Оказание услуг по химчистке текстильных изделий и мягкого инвентаря для нужд организаций, подведомственных Департаменту образования и науки города Москвы (совместная закупка среди СМП и СОНО) (бюджет 2026-2027гг.);;262770137765777010100100270010000244, 262770505241077050100100420010000244, 262770411813977040100100270010000244, 262770934423777090100100090010000244, 262771408170677140100100170010000244, 262770815520577080100100330010000244, 262770283335977020100100370010000244, 262770994480577090100100720010000244, 262770279752777020100100250010000244, 262770680772077060100100170010000244, 262772568726377250100100200010000244, 262770555255777050100100170010000244, 262770548039877050100100200010000244, 262771375704377050100100390010000244, 262770915709077090100100310010000244, 262770805798477080100100230010000244, 262770551373477050100100430010000244, 262770938794677090100100330010000244;;;12135793.72;RUB;0;;;;;;;"ГОСУДАРСТВЕННОЕ БЮДЖЕТНОЕ ОБЩЕОБРАЗОВАТЕЛЬНОЕ УЧРЕЖДЕНИЕ ГОРОДА МОСКВЫ ""ШКОЛА НА ЯУЗЕ""";20.05.2026;29.05.2026;Закупка завершена;;;28.05.2026;
44-ФЗ;№0848600003326000365;Электронный аукцион;Приобретение жилого помещения в многоквартирном доме гражданам, переселяемым из аварийного многоквартирного жилого дома;;'263503807939050380100100580016810412;;;6829817.66;RUB;0;;;;;;"МУНИЦИПАЛЬНОЕ КАЗЕННОЕ УЧРЕЖДЕНИЕ ""УПРАВЛЕНИЕ КАПИТАЛЬНОГО СТРОИТЕЛЬСТВА"" ГОРОДСКОГО ОКРУГА ПУШКИНСКИЙ";"МУНИЦИПАЛЬНОЕ КАЗЁННОЕ УЧРЕЖДЕНИЕ ГОРОДСКОГО ОКРУГА ПУШКИНСКИЙ МОСКОВСКОЙ ОБЛАСТИ ""ЦЕНТР ОРГАНИЗАЦИИ ТОРГОВ""";19.05.2026;29.05.2026;Закупка завершена;;;28.05.2026;
44-ФЗ;№0119200000126008769;Электронный аукцион;ЭА-№-9418/26 «Выполнение работ по ремонту (текущему) дороги по ул. Советская в г.п.Козулька Козульского муниципального округа Красноярского края.»;;'263242100434024210100100610014211244;;;13271450.00;RUB;0;;;;;;АДМИНИСТРАЦИЯ КОЗУЛЬСКОГО МУНИЦИПАЛЬНОГО ОКРУГА;АГЕНТСТВО ГОСУДАРСТВЕННОГО ЗАКАЗА КРАСНОЯРСКОГО КРАЯ;14.05.2026;29.05.2026;Закупка завершена;;;27.05.2026;
44-ФЗ;№0869200000226004179;Электронный аукцион;Поставка системы ультразвуковой визуализации универсальная, с питанием от сети;;'262745100216274530100100130100000244;;;24976480.00;RUB;0;;;;;;"ГОСУДАРСТВЕННОЕ БЮДЖЕТНОЕ УЧРЕЖДЕНИЕ ЗДРАВООХРАНЕНИЯ ""ОБЛАСТНОЙ ПЕРИНАТАЛЬНЫЙ ЦЕНТР""";"ГОСУДАРСТВЕННОЕ КАЗЕННОЕ УЧРЕЖДЕНИЕ ""ЦЕНТР ОРГАНИЗАЦИИ ЗАКУПОК ЧЕЛЯБИНСКОЙ ОБЛАСТИ""";14.05.2026;29.05.2026;Закупка завершена;;;22.05.2026;
44-ФЗ;№0148200005426000230;Электронный аукцион;Выполнение работ по подготовке проектной документации и выполнению инженерных изысканий, выполнение работ по капитальному ремонту, и поставке и вводу в эксплуатацию компьютерного томографа в целях ввода в эксплуатацию объекта - лот 55.1.2;;'262502406865650240100116940010000000;;;79537358.18;RUB;0;;;;;;"ГОСУДАРСТВЕННОЕ КАЗЕННОЕ УЧРЕЖДЕНИЕ МОСКОВСКОЙ ОБЛАСТИ ""ДИРЕКЦИЯ ЕДИНОГО ЗАКАЗЧИКА МИНИСТЕРСТВА ЗДРАВООХРАНЕНИЯ МОСКОВСКОЙ ОБЛАСТИ""";КОМИТЕТ ПО КОНКУРЕНТНОЙ ПОЛИТИКЕ МОСКОВСКОЙ ОБЛАСТИ;20.05.2026;29.05.2026;Закупка завершена;;;29.05.2026;
44-ФЗ;№0173200001426000907;Электронный аукцион;Аукцион в электронной форме на право заключения контракта на поставку лекарственных препаратов (Инсулин аспарт) для обеспечения граждан, имеющих право на получение государственной социальной помощи в городе Москве (УНЗ Z2617707 - повторная закупка);;'262771433860977140100112690010000323;;;128101597.20;RUB;0;;;;;;"ГОСУДАРСТВЕННОЕ КАЗЕННОЕ УЧРЕЖДЕНИЕ ГОРОДА МОСКВЫ ""АГЕНТСТВО ПО ЗАКУПКАМ (КОНТРАКТНАЯ СЛУЖБА) ДЕПАРТАМЕНТА ЗДРАВООХРАНЕНИЯ ГОРОДА МОСКВЫ""";ДЕПАРТАМЕНТ ГОРОДА МОСКВЫ ПО КОНКУРЕНТНОЙ ПОЛИТИКЕ;19.05.2026;29.05.2026;Закупка завершена;;;27.05.2026;
44-ФЗ;№0145600006926000160;Запрос котировок в электронной форме;Приобретение в муниципальную собственность жилого помещения (квартиры) на территории города Гатчины для переселения граждан из аварийного жилищного фонда (условный номер квартиры № 2);;'263470512167547050100100830016810412;;;5185000.00;RUB;0;;;;;;АДМИНИСТРАЦИЯ МУНИЦИПАЛЬНОГО ОБРАЗОВАНИЯ ГАТЧИНСКИЙ МУНИЦИПАЛЬНЫЙ ОКРУГ ЛЕНИНГРАДСКОЙ ОБЛАСТИ;АДМИНИСТРАЦИЯ МУНИЦИПАЛЬНОГО ОБРАЗОВАНИЯ ГАТЧИНСКИЙ МУНИЦИПАЛЬНЫЙ ОКРУГ ЛЕНИНГРАДСКОЙ ОБЛАСТИ;22.05.2026;29.05.2026;Закупка завершена;;;29.05.2026;
44-ФЗ;№0148200005426000234;Электронный аукцион;Выполнение работ по подготовке проектной документации и выполнению инженерных изысканий, выполнение работ по капитальному ремонту, и поставке и вводу в эксплуатацию компьютерного томографа в целях ввода в эксплуатацию объекта - лот 48.1.2;;'262502406865650240100114470010000000;;;79537358.18;RUB;0;;;;;;"ГОСУДАРСТВЕННОЕ КАЗЕННОЕ УЧРЕЖДЕНИЕ МОСКОВСКОЙ ОБЛАСТИ ""ДИРЕКЦИЯ ЕДИНОГО ЗАКАЗЧИКА МИНИСТЕРСТВА ЗДРАВООХРАНЕНИЯ МОСКОВСКОЙ ОБЛАСТИ""";КОМИТЕТ ПО КОНКУРЕНТНОЙ ПОЛИТИКЕ МОСКОВСКОЙ ОБЛАСТИ;21.05.2026;29.05.2026;Закупка завершена;;;29.05.2026;
44-ФЗ;№0119200000126008983;Электронный аукцион на проведение работ по строительству, реконструкции, кап. ремонту, сносу объекта кап. строительства в соответствии с п. 8 ч. 1 ст. 33 Закона № 44-ФЗ;ЭА-№-9074/26 ««Капитальный ремонт здания учебного корпуса №2 КГБПОУ «Шушенский сельскохозяйственный колледж», по адресу: Красноярский край, Шушенский район, пгт. Шушенское, кв. СХТ, 20»»;;'262244200714024420100100020024120243;;;60266990.00;RUB;0;;;;;;"КРАЕВОЕ ГОСУДАРСТВЕННОЕ БЮДЖЕТНОЕ ПРОФЕССИОНАЛЬНОЕ ОБРАЗОВАТЕЛЬНОЕ УЧРЕЖДЕНИЕ ""ШУШЕНСКИЙ СЕЛЬСКОХОЗЯЙСТВЕННЫЙ КОЛЛЕДЖ""";АГЕНТСТВО ГОСУДАРСТВЕННОГО ЗАКАЗА КРАСНОЯРСКОГО КРАЯ;18.05.2026;29.05.2026;Закупка завершена;;;27.05.2026;
44-ФЗ;№0119200000126007745;Открытый конкурс в электронной форме;ОК-№-8193/26 «Организация и выполнение всего комплекса работ на разработку инженерных изысканий, осуществление подготовки проектной и рабочей документации в целях капитального ремонта объекта капитального строительства «Мост через реку Каргала на км 2+330 автомобильной дороги Глядень – Антропово в Назаровском муниципальном округе Красноярского края»»;;'262246001772024600100100860017112243;;;6756948.61;RUB;0;;;;;;"КРАЕВОЕ ГОСУДАРСТВЕННОЕ КАЗЁННОЕ УЧРЕЖДЕНИЕ ""УПРАВЛЕНИЕ АВТОМОБИЛЬНЫХ ДОРОГ ПО КРАСНОЯРСКОМУ КРАЮ""";АГЕНТСТВО ГОСУДАРСТВЕННОГО ЗАКАЗА КРАСНОЯРСКОГО КРАЯ;30.04.2026;29.05.2026;Закупка завершена;;;20.05.2026;
44-ФЗ;№0142200001326011535;Электронный аукцион;Поставка лекарственного препарата «Аллерген туберкулезный рекомбинантный в стандартном разведении» в рамках профилактики инфекционных заболеваний, иммунопрофилактики в 2026 году.;;'262631819736763180100100250850000244;;;23079365.10;RUB;0;;;;;;"ГОСУДАРСТВЕННОЕ КАЗЕННОЕ УЧРЕЖДЕНИЕ САМАРСКОЙ ОБЛАСТИ ""САМАРАФАРМАЦИЯ""";КОМИТЕТ ПО ОРГАНИЗАЦИИ ТОРГОВ САМАРСКОЙ ОБЛАСТИ;21.05.2026;29.05.2026;Закупка завершена;;;29.05.2026;
44-ФЗ;№0104200000726000140;Открытый конкурс в электронной форме на проведение работ по строительству, реконструкции, кап. ремонту, сносу объекта кап. строительства в соответствии с п. 8 ч. 1 ст. 33 Закона № 44-ФЗ;"Капитальный ремонт здания учебного корпуса №№1,2 Майского филиала государственного бюджетного профессионального  образовательного учреждения ""Кабардино-Балкарский агропромышленный колледж им.Б.Г.Хамдохова""";;'262070700724007070100100080044120243;;;64122490.98;RUB;0;;;;;;"ГОСУДАРСТВЕННОЕ БЮДЖЕТНОЕ ПРОФЕССИОНАЛЬНОЕ ОБРАЗОВАТЕЛЬНОЕ УЧРЕЖДЕНИЕ ""КАБАРДИНО-БАЛКАРСКИЙ АГРОПРОМЫШЛЕННЫЙ КОЛЛЕДЖ ИМ.Б.Г.ХАМДОХОВА""";МИНИСТЕРСТВО ПРОСВЕЩЕНИЯ И НАУКИ КАБАРДИНО-БАЛКАРСКОЙ РЕСПУБЛИКИ;19.03.2026;29.05.2026;Закупка завершена;;;12.05.2026;
44-ФЗ;№0360300033226000016;Электронный аукцион;Поставка продуктов питания (Масло сливочное);;263645304239164530100100080011051244, 263645304932664530100100070011051244, 263645305605964530100100070011051244, 263645304249764530100100070011051244, 263645304329064530100100080011051244, 263645313738964530100100070011051244, 263645304252164530100100070011051244, 263645314166764530100100070011051244, 263645304221864530100100080011051244, 263645313490264530100100110051051244, 263645304216964530100100090011051244, 263645311978164530100100070011051244, 263645304207064530100100080011051244, 263645304215164530100100070011051244, 263645305716564530100100070011051244, 263645304240164530100100080011051244, 263645305807064530100100070011051244, 263645305719764530100100070011051244, 263645304930164530100100070011051244, 263645304276164530100100070021051244, 263645304274764530100100070011051244, 263645304244064530100100080011051244;;;7739485.60;RUB;0;;;;;;;"МУНИЦИПАЛЬНОЕ КАЗЁННОЕ УЧРЕЖДЕНИЕ ""ЦЕНТРАЛИЗОВАННАЯ БУХГАЛТЕРИЯ УЧРЕЖДЕНИЙ ОБРАЗОВАНИЯ ЛЕНИНСКОГО РАЙОНА ГОРОДА САРАТОВА""";19.05.2026;29.05.2026;Закупка завершена;;;27.05.2026;
44-ФЗ;№0816500000626008493;Электронный аукцион на проведение работ по строительству, реконструкции, кап. ремонту, сносу объекта кап. строительства в соответствии с п. 8 ч. 1 ст. 33 Закона № 44-ФЗ;Капитальный ремонт помещений группы №3 в здании ГКУ РС (Я) «РДСДСО» п. Серебряный Бор;;'262140200816014340100100280014339243;;;7401550.47;RUB;0;;;;;;"ГОСУДАРСТВЕННОЕ КАЗЕННОЕ УЧРЕЖДЕНИЕ РЕСПУБЛИКИ САХА (ЯКУТИЯ) ""РЕСПУБЛИКАНСКИЙ ДЕТСКИЙ СПЕЦИАЛИЗИРОВАННЫЙ ДОМ СОЦИАЛЬНОГО ОБСЛУЖИВАНИЯ""";"ГОСУДАРСТВЕННОЕ КАЗЕННОЕ УЧРЕЖДЕНИЕ РЕСПУБЛИКИ САХА (ЯКУТИЯ) ""ЦЕНТР ЗАКУПОК РЕСПУБЛИКИ САХА (ЯКУТИЯ)""";18.05.2026;29.05.2026;Закупка завершена;;;27.05.2026;
44-ФЗ;№0813500000126008830;Открытый конкурс в электронной форме;№ 11257 Молочные продукты для нужд учреждений Ленинского р-на г.Ижевска;;263183203185218320100100050080000244, 263183202254418320100100100080000244, 263183202672518320100100040130000244, 263183202659518320100100070090000244, 263183202665118320100100050100000244, 263183201930118320100100050080000244, 263183203675518320100100040110000244, 263183201929118320100100040090000244, 263183204100018320100100060090000244, 263183202654918320100100080090000244, 263183202658818320100100040100000244, 263183202660518320100100080100000244, 263183202673218320100100040080000244, 263183206771418320100100070090000244, 263183202661218320100100050090000244, 263183202537618320100100050090000244, 263183202192818320100100070050000244, 263183202162118320100100030170000244, 263183206685518320100100050090000244, 263183202655618320100100060090000244;;;16430668.67;RUB;0;;;;;;;"ГОСУДАРСТВЕННОЕ КАЗЕННОЕ УЧРЕЖДЕНИЕ УДМУРТСКОЙ РЕСПУБЛИКИ ""РЕГИОНАЛЬНЫЙ ЦЕНТР ЗАКУПОК УДМУРТСКОЙ РЕСПУБЛИКИ""";13.05.2026;29.05.2026;Закупка завершена;;;29.05.2026;
44-ФЗ;№0859200001126006335;Электронный аукцион;"Текущий ремонт Гулынского сельского клуба - структурного подразделения Муниципального бюджетного учреждения культуры ""Клубное объединение Старожиловского муниципального округа Рязанской области"" расположенного по адресу: Рязанская область, Старожиловский район, с.Гулынки, д.133";;'263622100240962210100100070014339244;;;5093160.43;RUB;0;;;;;;"МУНИЦИПАЛЬНОЕ БЮДЖЕТНОЕ УЧРЕЖДЕНИЕ КУЛЬТУРЫ ""КЛУБНОЕ ОБЪЕДИНЕНИЕ СТАРОЖИЛОВСКОГО МУНИЦИПАЛЬНОГО ОКРУГА РЯЗАНСКОЙ ОБЛАСТИ""";"ГОСУДАРСТВЕННОЕ КАЗЕННОЕ УЧРЕЖДЕНИЕ РЯЗАНСКОЙ ОБЛАСТИ ""ЦЕНТР ЗАКУПОК РЯЗАНСКОЙ ОБЛАСТИ""";21.05.2026;29.05.2026;Закупка завершена;;;29.05.2026;
44-ФЗ;№0813500000126008834;Открытый конкурс в электронной форме;№ 11254 Молочные продукты для нужд учреждений Первомайского р-на г.Ижевска;;263183503168118410100100050110000244, 263183503348818410100100050090000244, 263183503278018410100100040100000244, 263183506345018410100100030150000244, 263183504150618410100100070090000244, 263183503691518410100100040040000244, 263183504156018410100100060170000244, 263183504929418410100100080090000244, 263183504138318410100100070100000244, 263183504141818410100100030090000244, 263183503615018410100100050100000244, 263183504145718410100100040090000244, 263183504159118410100100080110000244, 263183503448118410100100110090000244, 263183504154518410100100070080000244, 263183504135118410100100040100000244, 263183504137618410100100060090000244, 263183505130318410100100060170000244, 263183503604818410100100050090000244, 263183504155218410100100080100000244, 263183504891018410100100070090000244, 263183504143218410100100050100000244, 263183504152018410100100070090000244;;;9384314.00;RUB;0;;;;;;;"ГОСУДАРСТВЕННОЕ КАЗЕННОЕ УЧРЕЖДЕНИЕ УДМУРТСКОЙ РЕСПУБЛИКИ ""РЕГИОНАЛЬНЫЙ ЦЕНТР ЗАКУПОК УДМУРТСКОЙ РЕСПУБЛИКИ""";13.05.2026;29.05.2026;Закупка завершена;;;29.05.2026;
44-ФЗ;№0307200030626001060;Электронный аукцион;Поставка лекарственного препарата для медицинского применения Бортезомиб для нужд Государственного учреждения «Коми республиканский клинический онкологический диспансер»;;'262110148715011010100102580012120244;;;5766341.00;RUB;0;;;;;;"ГОСУДАРСТВЕННОЕ УЧРЕЖДЕНИЕ ""КОМИ РЕСПУБЛИКАНСКИЙ КЛИНИЧЕСКИЙ ОНКОЛОГИЧЕСКИЙ ДИСПАНСЕР""";"ГОСУДАРСТВЕННОЕ КАЗЕННОЕ УЧРЕЖДЕНИЕ РЕСПУБЛИКИ КОМИ ""ЦЕНТР ОБЕСПЕЧЕНИЯ ОРГАНИЗАЦИИ И ПРОВЕДЕНИЯ ТОРГОВ""";18.05.2026;29.05.2026;Закупка завершена;;;29.05.2026;
44-ФЗ;№0360300033226000015;Электронный аукцион;Поставка продуктов питания (Говядина охлажденная);;263645304277964530100100090011011244, 263645312932464530100100080011011244, 263645304157464530100100080011011244, 263645307217064530100100090011011244, 263645304302864530100100080011011244, 263645304251464530100100070011011244, 263645305834564530100100080011011244, 263645304327564530100100070011011244, 263645312246364530100100080011011244, 263645304310964530100100090011011244, 263645312245664530100100080011011244, 263645307216364530100100080011011244, 263645314333664530100100090011011244, 263645304257864530100100080011011244, 263645311979964530100100080011011244, 263645307172364530100100090011011244, 263645305400564530100100080011011244, 263645304264164530100100080011011244, 263645304196964530100100080011011244;;;9992168.00;RUB;0;;;;;;;"МУНИЦИПАЛЬНОЕ КАЗЁННОЕ УЧРЕЖДЕНИЕ ""ЦЕНТРАЛИЗОВАННАЯ БУХГАЛТЕРИЯ УЧРЕЖДЕНИЙ ОБРАЗОВАНИЯ ЛЕНИНСКОГО РАЙОНА ГОРОДА САРАТОВА""";19.05.2026;29.05.2026;Закупка завершена;;;27.05.2026;
223-ФЗ;№32615998939;Иной способ;224990_Гидродинамическая установка высокого давления на передвижной тележке в сборе для Харанорской ГРЭС;;;1;Гидродинамическая установка высокого давления на передвижной тележке в сборе для Харанорской ГРЭС;6631950.00;RUB;6631950.00;;;;28.13.12.120: Насосы плунжерные;;"АКЦИОНЕРНОЕ ОБЩЕСТВО ""ИНТЕР РАО-ЭЛЕКТРОГЕНЕРАЦИЯ""";"ОБЩЕСТВО С ОГРАНИЧЕННОЙ ОТВЕТСТВЕННОСТЬЮ ""ИНТЕР РАО-ЦЕНТР УПРАВЛЕНИЯ ЗАКУПКАМИ""";12.05.2026;29.05.2026;Закупка завершена;;;01.06.2026 12:00;
44-ФЗ;№0119200000126009052;Электронный аукцион;ЭА-№-9103/26 «Ремонт и техническое обслуживание аппаратов искусственной вентиляции лёгких MAQUET SERVO-I»;;'262246503087624650100105700013313244;;;10496078.39;RUB;0;;;;;;"КРАЕВОЕ ГОСУДАРСТВЕННОЕ БЮДЖЕТНОЕ УЧРЕЖДЕНИЕ ЗДРАВООХРАНЕНИЯ ""КРАЕВАЯ КЛИНИЧЕСКАЯ БОЛЬНИЦА""";АГЕНТСТВО ГОСУДАРСТВЕННОГО ЗАКАЗА КРАСНОЯРСКОГО КРАЯ;19.05.2026;29.05.2026;Закупка завершена;;;27.05.2026;
44-ФЗ;№0873200009826002237;Электронный аукцион;Оказание услуги по обслуживанию санитарным автотранспортом (автомобилем скорой медицинской помощи) для нужд ГБУЗ «МНПЦ наркологии ДЗМ»;;'262772335638677230100103270010000244;;;5075882.88;RUB;0;;;;;;"ГОСУДАРСТВЕННОЕ БЮДЖЕТНОЕ УЧРЕЖДЕНИЕ ЗДРАВООХРАНЕНИЯ ГОРОДА МОСКВЫ ""МОСКОВСКИЙ НАУЧНО-ПРАКТИЧЕСКИЙ ЦЕНТР НАРКОЛОГИИ ДЕПАРТАМЕНТА ЗДРАВООХРАНЕНИЯ ГОРОДА МОСКВЫ""";"ГОСУДАРСТВЕННОЕ КАЗЕННОЕ УЧРЕЖДЕНИЕ ГОРОДА МОСКВЫ ""АГЕНТСТВО ПО ЗАКУПКАМ (КОНТРАКТНАЯ СЛУЖБА) ДЕПАРТАМЕНТА ЗДРАВООХРАНЕНИЯ ГОРОДА МОСКВЫ""";21.05.2026;29.05.2026;Закупка завершена;;;29.05.2026;
44-ФЗ;№0813500000126009596;Электронный аукцион;зз-0018-23834 - 2026 Оказание услуг по лечебному питанию;;'262183450065118400100101410015629244;;;6000000.00;RUB;0;;;;;;"БЮДЖЕТНОЕ УЧРЕЖДЕНИЕ ЗДРАВООХРАНЕНИЯ УДМУРТСКОЙ РЕСПУБЛИКИ ""РЕСПУБЛИКАНСКАЯ КЛИНИЧЕСКАЯ ИНФЕКЦИОННАЯ БОЛЬНИЦА МИНИСТЕРСТВА ЗДРАВООХРАНЕНИЯ УДМУРТСКОЙ РЕСПУБЛИКИ""";"ГОСУДАРСТВЕННОЕ КАЗЕННОЕ УЧРЕЖДЕНИЕ УДМУРТСКОЙ РЕСПУБЛИКИ ""РЕГИОНАЛЬНЫЙ ЦЕНТР ЗАКУПОК УДМУРТСКОЙ РЕСПУБЛИКИ""";21.05.2026;29.05.2026;Закупка завершена;;;29.05.2026;
44-ФЗ;№0360300033226000011;Электронный аукцион;Поставка продуктов питания (Масло сливочное);;263645314333664530100100080011051244, 263645305400564530100100070011051244, 263645304264164530100100070011051244, 263645311979964530100100070011051244, 263645304257864530100100070011051244, 263645317317964530100100070011051244, 263645307216364530100100070011051244, 263645316391064530100100070011051244, 263645304211264530100100100011051244, 263645317994264530100100070011051244, 263645304310964530100100080011051244, 263645303684964530100100090011051244, 263645305019164530100100070011051244, 263645304260264530100100070011051244, 263645316575664530100100080011051244, 263645304261064530100100070011051244, 263645305834564530100100070011051244, 263645304251464530100100060011051244, 263645312246364530100100070011051244, 263645304302864530100100070011051244, 263645312932464530100100070011051244, 263645307217064530100100080011051244, 263645312245664530100100070011051244, 263645305718064530100100070011051244, 263645304266664530100100070011051244, 263645304208864530100100070011051244, 263645304248064530100100070011051244, 263645304327564530100100060011051244, 263645307172364530100100080011051244, 263645304277964530100100080011051244, 263645304245864530100100080011051244, 263645304157464530100100070011051244, 263645304196964530100100070011051244;;;13017558.40;RUB;0;;;;;;;"МУНИЦИПАЛЬНОЕ КАЗЁННОЕ УЧРЕЖДЕНИЕ ""ЦЕНТРАЛИЗОВАННАЯ БУХГАЛТЕРИЯ УЧРЕЖДЕНИЙ ОБРАЗОВАНИЯ ЛЕНИНСКОГО РАЙОНА ГОРОДА САРАТОВА""";19.05.2026;29.05.2026;Закупка завершена;;;27.05.2026;
44-ФЗ;№0373200114226000246;Электронный аукцион;Электронный аукцион  на оказание услуги по сопровождению лифтов лифтерами для нужд ГБУЗ «ДГКБ им. Н.Ф. Филатова ДЗМ» на 12 месяцев;;'262770311106777030100102440010000244;;;12178562.06;RUB;0;;;;;;"ГОСУДАРСТВЕННОЕ БЮДЖЕТНОЕ УЧРЕЖДЕНИЕ ЗДРАВООХРАНЕНИЯ ГОРОДА МОСКВЫ ""ДЕТСКАЯ ГОРОДСКАЯ КЛИНИЧЕСКАЯ БОЛЬНИЦА ИМЕНИ Н.Ф. ФИЛАТОВА ДЕПАРТАМЕНТА ЗДРАВООХРАНЕНИЯ ГОРОДА МОСКВЫ""";"ГОСУДАРСТВЕННОЕ БЮДЖЕТНОЕ УЧРЕЖДЕНИЕ ЗДРАВООХРАНЕНИЯ ГОРОДА МОСКВЫ ""ДЕТСКАЯ ГОРОДСКАЯ КЛИНИЧЕСКАЯ БОЛЬНИЦА ИМЕНИ Н.Ф. ФИЛАТОВА ДЕПАРТАМЕНТА ЗДРАВООХРАНЕНИЯ ГОРОДА МОСКВЫ""";19.05.2026;29.05.2026;Закупка завершена;;;27.05.2026;
44-ФЗ;№0813500000126009384;Электронный аукцион;№ 24628 Хлеб (Якшур-Бодьинский р-н, г. Ижевск);;262182600067018400100100850250000244, 262183503717918410100100110011071244, 262183300285418400100107580011071244, 262183105175018320100100830160000244;;;7956690.00;RUB;0;;;;;;;"ГОСУДАРСТВЕННОЕ КАЗЕННОЕ УЧРЕЖДЕНИЕ УДМУРТСКОЙ РЕСПУБЛИКИ ""РЕГИОНАЛЬНЫЙ ЦЕНТР ЗАКУПОК УДМУРТСКОЙ РЕСПУБЛИКИ""";20.05.2026;29.05.2026;Закупка завершена;;;29.05.2026;
44-ФЗ;№0136500001126003130;Электронный аукцион;Приобретение жилого помещения для обеспечения малоимущей многодетной семьи, нуждающейся в жилом помещении;;'263692500658369250100100870016810412;;;5160276.00;RUB;0;;;;;;ОТДЕЛ ЖИЛИЩНО-КОММУНАЛЬНОГО ХОЗЯЙСТВА, ТРАНСПОРТА И СВЯЗИ АДМИНИСТРАЦИИ КАЛЯЗИНСКОГО МУНИЦИПАЛЬНОГО ОКРУГА ТВЕРСКОЙ ОБЛАСТИ;КОМИТЕТ ГОСУДАРСТВЕННОГО ЗАКАЗА ТВЕРСКОЙ ОБЛАСТИ;21.05.2026;29.05.2026;Закупка завершена;;;29.05.2026;
44-ФЗ;№0373200114226000245;Электронный аукцион;Электронный аукцион на выполнение работ (оказание услуг) по техническому обслуживанию и текущему ремонту зданий, а так же аварийно  восстановительному ремонту систем инженерно-технического обеспечения зданий и сооружений  Государственного бюджетного учреждения здравоохранения «Детской городской клинической больницы им. Н.Ф.  Филатова ДЗМ»;;'262770311106777030100102430010000244;;;29000000.00;RUB;0;;;;;;"ГОСУДАРСТВЕННОЕ БЮДЖЕТНОЕ УЧРЕЖДЕНИЕ ЗДРАВООХРАНЕНИЯ ГОРОДА МОСКВЫ ""ДЕТСКАЯ ГОРОДСКАЯ КЛИНИЧЕСКАЯ БОЛЬНИЦА ИМЕНИ Н.Ф. ФИЛАТОВА ДЕПАРТАМЕНТА ЗДРАВООХРАНЕНИЯ ГОРОДА МОСКВЫ""";"ГОСУДАРСТВЕННОЕ БЮДЖЕТНОЕ УЧРЕЖДЕНИЕ ЗДРАВООХРАНЕНИЯ ГОРОДА МОСКВЫ ""ДЕТСКАЯ ГОРОДСКАЯ КЛИНИЧЕСКАЯ БОЛЬНИЦА ИМЕНИ Н.Ф. ФИЛАТОВА ДЕПАРТАМЕНТА ЗДРАВООХРАНЕНИЯ ГОРОДА МОСКВЫ""";19.05.2026;29.05.2026;Закупка завершена;;;27.05.2026;
44-ФЗ;№0891200000626005616;Запрос котировок в электронной форме на проведение работ по строительству, реконструкции, кап. ремонту, сносу объекта кап. строительства в соответствии с п. 8 ч. 1 ст. 33 Закона № 44-ФЗ ;Капитальный ремонт системы пожарной сигнализации и системы оповещения и управления эвакуацией людей при пожаре (00006154-ЗК);;'262753100658975310100100580014321243;;;6164722.65;RUB;0;;;;;;"ГОСУДАРСТВЕННОЕ УЧРЕЖДЕНИЕ ЗДРАВООХРАНЕНИЯ ""ПЕТРОВСК-ЗАБАЙКАЛЬСКАЯ ЦЕНТРАЛЬНАЯ РАЙОННАЯ БОЛЬНИЦА""";"ГОСУДАРСТВЕННОЕ КАЗЕННОЕ УЧРЕЖДЕНИЕ ""ЗАБАЙКАЛЬСКИЙ ЦЕНТР ГОСУДАРСТВЕННЫХ ЗАКУПОК""";20.05.2026;29.05.2026;Закупка завершена;;;28.05.2026;
44-ФЗ;№0855300002926000027;Электронный аукцион;Оказание услуг по организации бесплатного горячего питания обучающихся, получающих начальное общее образование в образовательных учреждениях ;;263580210086658020100100130015629244, 263580210105958020100100120015629244, 263580210087358020100100150015629244, 263580210099358020100100130015629244;;;5449351.14;RUB;0;;;;;;;"МУНИЦИПАЛЬНОЕ КАЗЕННОЕ УЧРЕЖДЕНИЕ ""УПРАВЛЕНИЕ ПО ОСУЩЕСТВЛЕНИЮ ЗАКУПОК КАМЕНСКОГО РАЙОНА ПЕНЗЕНСКОЙ ОБЛАСТИ""";20.05.2026;29.05.2026;Закупка завершена;;;28.05.2026;
44-ФЗ;№0509200000426000356;Электронный аукцион;Поставка лекарственных препаратов для медицинского применения МНН Нетакимаб;;'262130000294913270100100013320000000;;;12820000.00;RUB;0;;;;;;"ГОСУДАРСТВЕННОЕ УНИТАРНОЕ ПРЕДПРИЯТИЕ РЕСПУБЛИКИ МОРДОВИЯ ""ФАРМАЦИЯ""";"ГОСУДАРСТВЕННОЕ УНИТАРНОЕ ПРЕДПРИЯТИЕ РЕСПУБЛИКИ МОРДОВИЯ ""ФАРМАЦИЯ""";21.05.2026;29.05.2026;Закупка завершена;;;29.05.2026;
44-ФЗ;№0150200003926000528;Электронный аукцион;Поставка медицинских изделий: Система рентгеновская (флюорографическая) для скрининга органов грудной клетки, ввод в эксплуатацию медицинских изделий, обучение правилам эксплуатации специалистов, эксплуатирующих медицинские изделия, и специалистов, осуществляющих техническое обслуживание медицинских изделий.;;262150102392415020100102820012660244, 262683100324168290100100240012660244, 262032305651503260100101960012660244, 262532102896053210100100620012660244, 263010100215601010100100250012660244, 262010200241601010100101170012660244;;;70453332.00;RUB;0;;;;;;;АДМИНИСТРАЦИЯ ГУБЕРНАТОРА НОВГОРОДСКОЙ ОБЛАСТИ;28.04.2026;29.05.2026;Закупка завершена;;;19.05.2026;
44-ФЗ;№0813500000126008827;Открытый конкурс в электронной форме;№ 11660 Мясо птицы охлажденное;;263183001175518390100100050090000244, 263180870115018410100100260011012244, 263183001174818390100100090130000244, 263180400658018280100100100170000244, 262181600164218210100100980011012244, 263180835166818410100100130011012244, 263180870062218410100100290011012244, 263180400700818280100100080030000244, 263180400693518280100100100040000244, 263182400178018310100100090140000244, 263180400655818280100100090100000244, 262182600067018400100100850140000244, 263180870033318410100100330011012244, 263180870058018410100100210011012244, 263184104688718410100100220011012244, 263184103550018410100100290011012244, 263180870065418410100100270011012244, 263182801004918280100100070010000244, 263182800935718280100100070010000244, 263182800932518280100100070010000244, 263182800998118280100100070010000244, 263182800990318280100100070010000244, 263182800975918280100100070010000244, 263182801005618280100100070010000244, 263180400706118280100100070010000244, 263182800931818280100100070010000244, 263182801622718280100100070010000244, 263182800936418280100100070010000244, 263182800986118280100100070010000244, 263182800940618280100100080010000244, 263182800925118280100100070010000244, 263182800938918280100100070010000244, 263182800995018280100100070010000244, 262183300285418400100107670011012244, 263182800985418280100100070010000244, 263182800934018280100100070010000244, 263182800933218280100100070010000244, 263182800937118280100100070010000244, 263182800984718280100100070010000244, 263182801789418280100100070010000244, 263182800883618280100100080010000244, 263182800927618280100100070010000244, 263182800939618280100100070010000244, 263182802429918280100100070010000244;;;6797398.07;RUB;0;;;;;;;"ГОСУДАРСТВЕННОЕ КАЗЕННОЕ УЧРЕЖДЕНИЕ УДМУРТСКОЙ РЕСПУБЛИКИ ""РЕГИОНАЛЬНЫЙ ЦЕНТР ЗАКУПОК УДМУРТСКОЙ РЕСПУБЛИКИ""";13.05.2026;29.05.2026;Закупка завершена;;;29.05.2026;
44-ФЗ;№0855300002926000028;Электронный аукцион;Оказание услуг по организации бесплатного горячего питания обучающихся, получающих начальное общее образование в образовательных учреждениях ;;263581500261958020100100100015629244, 263581500260158020100100100015629244, 263581500241858020100100090015629244, 263581500248958020100100090015629244, 263581500259158020100100100015629244, 263580210089858020100100140015629244, 263581500256058020100100090015629244, 263581500254558020100100100015629244, 263580210093058020100100130015629244, 263581500250658020100100100015629244, 263581500252058020100100110015629244, 263581500251358020100100100015629244, 263580210088058020100100150015629244;;;7108637.76;RUB;0;;;;;;;"МУНИЦИПАЛЬНОЕ КАЗЕННОЕ УЧРЕЖДЕНИЕ ""УПРАВЛЕНИЕ ПО ОСУЩЕСТВЛЕНИЮ ЗАКУПОК КАМЕНСКОГО РАЙОНА ПЕНЗЕНСКОЙ ОБЛАСТИ""";21.05.2026;29.05.2026;Закупка завершена;;;29.05.2026;
44-ФЗ;№0869200000226004413;Электронный аукцион;Поставка оборудования пунктов речевого оповещения, включая его монтаж и наладку;;'262744705047774470100100060022630242;;;5750000.00;RUB;0;;;;;;"ОБЛАСТНОЕ ГОСУДАРСТВЕННОЕ КАЗЕННОЕ УЧРЕЖДЕНИЕ ""ЦЕНТР ГРАЖДАНСКОЙ ОБОРОНЫ И ЗАЩИТЫ НАСЕЛЕНИЯ ЧЕЛЯБИНСКОЙ ОБЛАСТИ""";"ГОСУДАРСТВЕННОЕ КАЗЕННОЕ УЧРЕЖДЕНИЕ ""ЦЕНТР ОРГАНИЗАЦИИ ЗАКУПОК ЧЕЛЯБИНСКОЙ ОБЛАСТИ""";21.05.2026;29.05.2026;Закупка завершена;;;29.05.2026;
44-ФЗ;№0318300225026000096;Электронный аукцион;Поставка горюче-смазочных материалов на третий квартал 2026 года;;'263234902657223490100100390010000244;;;12408612.00;RUB;0;;;;;;"МУНИЦИПАЛЬНОЕ КАЗЕННОЕ УЧРЕЖДЕНИЕ ""ОБЩЕСТВЕННО-СОЦИАЛЬНЫЙ ЦЕНТР СЛАВЯНСКОГО ГОРОДСКОГО ПОСЕЛЕНИЯ СЛАВЯНСКОГО РАЙОНА""";АДМИНИСТРАЦИЯ МУНИЦИПАЛЬНОГО ОБРАЗОВАНИЯ СЛАВЯНСКИЙ РАЙОН;21.05.2026;29.05.2026;Закупка завершена;;;29.05.2026;
44-ФЗ;№0332100021326000439;Запрос котировок в электронной форме;Запрос котировок №236. Поставка расходных материалов, применяемых в медицинских целях (26.60.11.130-00000021 Источник радионуклидный для брахитерапии с ручной загрузкой, постоянный имплантат -150 шт.);;'261526010135252600100100013740000244;;;9340200.00;RUB;0;;;;;;"ФЕДЕРАЛЬНОЕ БЮДЖЕТНОЕ УЧРЕЖДЕНИЕ ЗДРАВООХРАНЕНИЯ ""ПРИВОЛЖСКИЙ ОКРУЖНОЙ МЕДИЦИНСКИЙ ЦЕНТР""  ФЕДЕРАЛЬНОГО МЕДИКО-БИОЛОГИЧЕСКОГО АГЕНТСТВА";"ФЕДЕРАЛЬНОЕ БЮДЖЕТНОЕ УЧРЕЖДЕНИЕ ЗДРАВООХРАНЕНИЯ ""ПРИВОЛЖСКИЙ ОКРУЖНОЙ МЕДИЦИНСКИЙ ЦЕНТР""  ФЕДЕРАЛЬНОГО МЕДИКО-БИОЛОГИЧЕСКОГО АГЕНТСТВА";20.05.2026;29.05.2026;Закупка завершена;;;28.05.2026;
44-ФЗ;№0400600008726000051;Электронный аукцион для торгов по обращению с твердыми коммунальными отходами;оказание услуг по транспортированию твердых коммунальных отходов на территории Городского округа – города Бердск;;;;;55781120.00;RUB;0;;;;;;"АКЦИОНЕРНОЕ ОБЩЕСТВО ""СПЕЦАВТОХОЗЯЙСТВО""";"АКЦИОНЕРНОЕ ОБЩЕСТВО ""СПЕЦАВТОХОЗЯЙСТВО""";20.05.2026;29.05.2026;Закупка завершена;;;28.05.2026;
44-ФЗ;№0400600008726000057;Электронный аукцион для торгов по обращению с твердыми коммунальными отходами;оказание услуг по транспортированию твердых коммунальных отходов на территории Новосибирского муниципального района сельского поселения Кудряшовского сельсовета;;;;;5747833.00;RUB;0;;;;;;"АКЦИОНЕРНОЕ ОБЩЕСТВО ""СПЕЦАВТОХОЗЯЙСТВО""";"АКЦИОНЕРНОЕ ОБЩЕСТВО ""СПЕЦАВТОХОЗЯЙСТВО""";20.05.2026;29.05.2026;Закупка завершена;;;28.05.2026;
44-ФЗ;№0400600008726000056;Электронный аукцион для торгов по обращению с твердыми коммунальными отходами;оказание услуг по транспортированию твердых коммунальных отходов на территории Новосибирского муниципального района сельского поселения Каменского сельсовета;;;;;7119340.50;RUB;0;;;;;;"АКЦИОНЕРНОЕ ОБЩЕСТВО ""СПЕЦАВТОХОЗЯЙСТВО""";"АКЦИОНЕРНОЕ ОБЩЕСТВО ""СПЕЦАВТОХОЗЯЙСТВО""";20.05.2026;29.05.2026;Закупка завершена;;;28.05.2026;
44-ФЗ;№0400600008726000053;Электронный аукцион для торгов по обращению с твердыми коммунальными отходами;оказание услуг по транспортированию твердых коммунальных отходов на территории Новосибирского муниципального района сельского поселения Станционного сельсовета;;;;;8067553.50;RUB;0;;;;;;"АКЦИОНЕРНОЕ ОБЩЕСТВО ""СПЕЦАВТОХОЗЯЙСТВО""";"АКЦИОНЕРНОЕ ОБЩЕСТВО ""СПЕЦАВТОХОЗЯЙСТВО""";20.05.2026;29.05.2026;Закупка завершена;;;28.05.2026;
44-ФЗ;№0400600008726000052;Электронный аукцион для торгов по обращению с твердыми коммунальными отходами;оказание услуг по транспортированию твердых коммунальных отходов на территории Центрального района города Новосибирска  ;;;;;55266719.50;RUB;0;;;;;;"АКЦИОНЕРНОЕ ОБЩЕСТВО ""СПЕЦАВТОХОЗЯЙСТВО""";"АКЦИОНЕРНОЕ ОБЩЕСТВО ""СПЕЦАВТОХОЗЯЙСТВО""";20.05.2026;29.05.2026;Закупка завершена;;;28.05.2026;
44-ФЗ;№0400600008726000058;Электронный аукцион для торгов по обращению с твердыми коммунальными отходами;оказание услуг по транспортированию твердых коммунальных отходов на территории Новосибирского муниципального района сельского поселения Криводановского сельсовета;;;;;12793189.50;RUB;0;;;;;;"АКЦИОНЕРНОЕ ОБЩЕСТВО ""СПЕЦАВТОХОЗЯЙСТВО""";"АКЦИОНЕРНОЕ ОБЩЕСТВО ""СПЕЦАВТОХОЗЯЙСТВО""";20.05.2026;29.05.2026;Закупка завершена;;;28.05.2026;
44-ФЗ;№0373100013426000305;Электронный аукцион;Поставка комплекса аппаратно-программный для исследований на базе хроматографа с проведением пуско-наладочных работ и инструктажа сотрудников (1);;'261770401401077040100100012600000000;;;5141671.62;RUB;0;;;;;;"ФЕДЕРАЛЬНОЕ ГОСУДАРСТВЕННОЕ БЮДЖЕТНОЕ УЧРЕЖДЕНИЕ ""ФЕДЕРАЛЬНЫЙ НАУЧНО-КЛИНИЧЕСКИЙ ЦЕНТР ФИЗИКО-ХИМИЧЕСКОЙ МЕДИЦИНЫ ИМЕНИ АКАДЕМИКА Ю.М. ЛОПУХИНА ФЕДЕРАЛЬНОГО МЕДИКО-БИОЛОГИЧЕСКОГО АГЕНТСТВА""";"ФЕДЕРАЛЬНОЕ ГОСУДАРСТВЕННОЕ БЮДЖЕТНОЕ УЧРЕЖДЕНИЕ ""ФЕДЕРАЛЬНЫЙ НАУЧНО-КЛИНИЧЕСКИЙ ЦЕНТР ФИЗИКО-ХИМИЧЕСКОЙ МЕДИЦИНЫ ИМЕНИ АКАДЕМИКА Ю.М. ЛОПУХИНА ФЕДЕРАЛЬНОГО МЕДИКО-БИОЛОГИЧЕСКОГО АГЕНТСТВА""";21.05.2026;29.05.2026;Закупка завершена;;;29.05.2026;
44-ФЗ;№0373100013426000306;Электронный аукцион;Поставка комплекса аппаратно-программный для исследований на базе хроматографа с проведением пуско-наладочных работ и инструктажа сотрудников (2);;'261770401401077040100100012610000000;;;14349812.22;RUB;0;;;;;;"ФЕДЕРАЛЬНОЕ ГОСУДАРСТВЕННОЕ БЮДЖЕТНОЕ УЧРЕЖДЕНИЕ ""ФЕДЕРАЛЬНЫЙ НАУЧНО-КЛИНИЧЕСКИЙ ЦЕНТР ФИЗИКО-ХИМИЧЕСКОЙ МЕДИЦИНЫ ИМЕНИ АКАДЕМИКА Ю.М. ЛОПУХИНА ФЕДЕРАЛЬНОГО МЕДИКО-БИОЛОГИЧЕСКОГО АГЕНТСТВА""";"ФЕДЕРАЛЬНОЕ ГОСУДАРСТВЕННОЕ БЮДЖЕТНОЕ УЧРЕЖДЕНИЕ ""ФЕДЕРАЛЬНЫЙ НАУЧНО-КЛИНИЧЕСКИЙ ЦЕНТР ФИЗИКО-ХИМИЧЕСКОЙ МЕДИЦИНЫ ИМЕНИ АКАДЕМИКА Ю.М. ЛОПУХИНА ФЕДЕРАЛЬНОГО МЕДИКО-БИОЛОГИЧЕСКОГО АГЕНТСТВА""";21.05.2026;29.05.2026;Закупка завершена;;;29.05.2026;
44-ФЗ;№0119200000126009051;Электронный аукцион;ЭА-№-9155/26 «Поставка сеялки для последующей передачи в федеральную собственность в целях государственной поддержки сельскохозяйственного производства, осуществляемого федеральными казенными учреждениями федеральной службы исполнения наказаний, расположенными на территории края»;;'262246621384024660100103830012830244;;;11472955.00;RUB;0;;;;;;МИНИСТЕРСТВО СЕЛЬСКОГО ХОЗЯЙСТВА КРАСНОЯРСКОГО КРАЯ;АГЕНТСТВО ГОСУДАРСТВЕННОГО ЗАКАЗА КРАСНОЯРСКОГО КРАЯ;19.05.2026;29.05.2026;Закупка завершена;;;27.05.2026;
44-ФЗ;№0119200000126009049;Электронный аукцион;ЭА-№-9080/26 «Поставка с доставкой транспондера для КГБУЗ «КМБ №2»»;;'262246501277124650100101610012651244;;;7575499.20;RUB;0;;;;;;"КРАЕВОЕ ГОСУДАРСТВЕННОЕ БЮДЖЕТНОЕ УЧРЕЖДЕНИЕ ЗДРАВООХРАНЕНИЯ ""КРАСНОЯРСКАЯ МЕЖРАЙОННАЯ БОЛЬНИЦА № 2""";АГЕНТСТВО ГОСУДАРСТВЕННОГО ЗАКАЗА КРАСНОЯРСКОГО КРАЯ;19.05.2026;29.05.2026;Закупка завершена;;;27.05.2026;
44-ФЗ;№0373200114226000244;Электронный аукцион;Электронный аукцион на поставку электродов биполярных универсальных к электрохирургической диатермической системе, одноразового использования (Лот 1) для нужд ГБУЗ «ДГКБ им. Н.Ф.Филатова ДЗМ»;;'262770311106777030100102450010000244;;;6934073.90;RUB;0;;;;;;"ГОСУДАРСТВЕННОЕ БЮДЖЕТНОЕ УЧРЕЖДЕНИЕ ЗДРАВООХРАНЕНИЯ ГОРОДА МОСКВЫ ""ДЕТСКАЯ ГОРОДСКАЯ КЛИНИЧЕСКАЯ БОЛЬНИЦА ИМЕНИ Н.Ф. ФИЛАТОВА ДЕПАРТАМЕНТА ЗДРАВООХРАНЕНИЯ ГОРОДА МОСКВЫ""";"ГОСУДАРСТВЕННОЕ БЮДЖЕТНОЕ УЧРЕЖДЕНИЕ ЗДРАВООХРАНЕНИЯ ГОРОДА МОСКВЫ ""ДЕТСКАЯ ГОРОДСКАЯ КЛИНИЧЕСКАЯ БОЛЬНИЦА ИМЕНИ Н.Ф. ФИЛАТОВА ДЕПАРТАМЕНТА ЗДРАВООХРАНЕНИЯ ГОРОДА МОСКВЫ""";19.05.2026;29.05.2026;Закупка завершена;;;27.05.2026;
44-ФЗ;№0119200000126009048;Электронный аукцион;ЭА-№-9048/26 «Ремонт и техническое обслуживание аппаратов искусственной вентиляции лёгких MAQUET SERVO-AIR»;;'262246503087624650100105720013313244;;;8096218.60;RUB;0;;;;;;"КРАЕВОЕ ГОСУДАРСТВЕННОЕ БЮДЖЕТНОЕ УЧРЕЖДЕНИЕ ЗДРАВООХРАНЕНИЯ ""КРАЕВАЯ КЛИНИЧЕСКАЯ БОЛЬНИЦА""";АГЕНТСТВО ГОСУДАРСТВЕННОГО ЗАКАЗА КРАСНОЯРСКОГО КРАЯ;19.05.2026;29.05.2026;Закупка завершена;;;27.05.2026;
44-ФЗ;№0119200000126008476;Открытый конкурс в электронной форме;ОК-№-7831/26 «Оказание охранных услуг для нужд КГБУЗ КККОД им. А.И. Крыжановского»;;'262246503513724650100102510018010244;;;19792320.26;RUB;0;;;;;;"КРАЕВОЕ ГОСУДАРСТВЕННОЕ БЮДЖЕТНОЕ УЧРЕЖДЕНИЕ ЗДРАВООХРАНЕНИЯ ""КРАСНОЯРСКИЙ КРАЕВОЙ КЛИНИЧЕСКИЙ ОНКОЛОГИЧЕСКИЙ ДИСПАНСЕР ИМЕНИ А.И. КРЫЖАНОВСКОГО""";АГЕНТСТВО ГОСУДАРСТВЕННОГО ЗАКАЗА КРАСНОЯРСКОГО КРАЯ;08.05.2026;29.05.2026;Закупка завершена;;;26.05.2026;
44-ФЗ;№0142200001326011540;Электронный аукцион;Поставка лекарственного препарата «Руксолитиниб» в рамках льготного лекарственного обеспечения на 2026 г.( п26-01-2921);;'262631819736763180100100951530000000;;;22638507.36;RUB;0;;;;;;"ГОСУДАРСТВЕННОЕ КАЗЕННОЕ УЧРЕЖДЕНИЕ САМАРСКОЙ ОБЛАСТИ ""САМАРАФАРМАЦИЯ""";КОМИТЕТ ПО ОРГАНИЗАЦИИ ТОРГОВ САМАРСКОЙ ОБЛАСТИ;21.05.2026;29.05.2026;Закупка завершена;;;29.05.2026;
44-ФЗ;№0809500000326001787;Открытый конкурс в электронной форме;Оказание услуг по организации отдыха детей и их оздоровления в целях социального обеспечения;;'262132619621613260100100180018541323;;;9520311.40;RUB;0;;;;;;МИНИСТЕРСТВО СОЦИАЛЬНОЙ ЗАЩИТЫ, ТРУДА И ЗАНЯТОСТИ НАСЕЛЕНИЯ РЕСПУБЛИКИ МОРДОВИЯ;"ГОСУДАРСТВЕННОЕ КАЗЕННОЕ УЧРЕЖДЕНИЕ РЕСПУБЛИКИ МОРДОВИЯ ""РЕГИОНАЛЬНЫЙ ЦЕНТР ОРГАНИЗАЦИИ ЗАКУПОК""";13.05.2026;29.05.2026;Закупка завершена;;;29.05.2026;
44-ФЗ;№0145600006926000159;Запрос котировок в электронной форме;Приобретение в муниципальную собственность жилого помещения (квартиры) на территории города Гатчины для переселения граждан из аварийного жилищного фонда (условный номер квартиры № 1);;'263470512167547050100100820016810412;;;5185000.00;RUB;0;;;;;;АДМИНИСТРАЦИЯ МУНИЦИПАЛЬНОГО ОБРАЗОВАНИЯ ГАТЧИНСКИЙ МУНИЦИПАЛЬНЫЙ ОКРУГ ЛЕНИНГРАДСКОЙ ОБЛАСТИ;АДМИНИСТРАЦИЯ МУНИЦИПАЛЬНОГО ОБРАЗОВАНИЯ ГАТЧИНСКИЙ МУНИЦИПАЛЬНЫЙ ОКРУГ ЛЕНИНГРАДСКОЙ ОБЛАСТИ;22.05.2026;29.05.2026;Закупка завершена;;;29.05.2026;
44-ФЗ;№0142200001326011440;Электронный аукцион;"Поставка нефтепродуктов для нужд ГБУЗ ""СОССМП"" на 3 кв. 2026 г.";;'262633003207263300100100220011920244;;;7627000.00;RUB;0;;;;;;"ГОСУДАРСТВЕННОЕ БЮДЖЕТНОЕ УЧРЕЖДЕНИЕ ЗДРАВООХРАНЕНИЯ ""САМАРСКАЯ ОБЛАСТНАЯ СТАНЦИЯ СКОРОЙ МЕДИЦИНСКОЙ ПОМОЩИ""";КОМИТЕТ ПО ОРГАНИЗАЦИИ ТОРГОВ САМАРСКОЙ ОБЛАСТИ;20.05.2026;29.05.2026;Закупка завершена;;;28.05.2026;
44-ФЗ;№0373200333826000007;Электронный аукцион;Выполнение работ по проведению текущего ремонта зданий (адрес: МО, г. Видное, р. п. Новодрожжино, д. 10);;'262772720379077270100100270010000244;;;5582266.89;RUB;0;;;;;;"ГОСУДАРСТВЕННОЕ БЮДЖЕТНОЕ ОБЩЕОБРАЗОВАТЕЛЬНОЕ УЧРЕЖДЕНИЕ ГОРОДА МОСКВЫ ""ШКОЛА № 1355""";"ГОСУДАРСТВЕННОЕ БЮДЖЕТНОЕ ОБЩЕОБРАЗОВАТЕЛЬНОЕ УЧРЕЖДЕНИЕ ГОРОДА МОСКВЫ ""ШКОЛА № 1355""";29.04.2026;29.05.2026;Закупка завершена;;;14.05.2026;
44-ФЗ;№0366200035626003509;Электронный аукцион;Оказание услуг по предоставлению ледового катка для проведения учебно-тренировочных занятий;;'262710601633171060100100140019311244;;;9980000.00;RUB;0;;;;;;"ГОСУДАРСТВЕННОЕ УЧРЕЖДЕНИЕ ДОПОЛНИТЕЛЬНОГО ОБРАЗОВАНИЯ ТУЛЬСКОЙ ОБЛАСТИ ""ОБЛАСТНАЯ КОМПЛЕКСНАЯ СПОРТИВНАЯ ШКОЛА ОЛИМПИЙСКОГО РЕЗЕРВА""";"ГОСУДАРСТВЕННОЕ КАЗЕННОЕ УЧРЕЖДЕНИЕ ТУЛЬСКОЙ ОБЛАСТИ ""ЦЕНТР ОРГАНИЗАЦИИ ЗАКУПОК""";21.05.2026;29.05.2026;Закупка завершена;;;29.05.2026;
44-ФЗ;№0169300000126000779;Электронный аукцион;26-125185Э Выполнение работ по ремонту асфальтового покрытия проездов, тротуаров, парковки в Тракторозаводском районе города Челябинска;;'263745216821074520100100810014211244;;;9764197.13;RUB;0;;;;;;АДМИНИСТРАЦИЯ ТРАКТОРОЗАВОДСКОГО РАЙОНА ГОРОДА ЧЕЛЯБИНСКА;УПРАВЛЕНИЕ МУНИЦИПАЛЬНЫХ ЗАКУПОК АДМИНИСТРАЦИИ ГОРОДА ЧЕЛЯБИНСКА;20.05.2026;29.05.2026;Закупка завершена;;;28.05.2026;
44-ФЗ;№0373100060026000049;Электронный аукцион;Изготовление и поставка стеллажей складских металлических;;'261773008740977300100100570013109244;;;17549414.12;RUB;0;;;;;;"ФЕДЕРАЛЬНОЕ КАЗЕННОЕ УЧРЕЖДЕНИЕ ""ГОСУДАРСТВЕННОЕ УЧРЕЖДЕНИЕ ПО ФОРМИРОВАНИЮ ГОСУДАРСТВЕННОГО ФОНДА ДРАГОЦЕННЫХ МЕТАЛЛОВ И ДРАГОЦЕННЫХ КАМНЕЙ РОССИЙСКОЙ ФЕДЕРАЦИИ, ХРАНЕНИЮ, ОТПУСКУ И ИСПОЛЬЗОВАНИЮ ДРАГОЦЕННЫХ МЕТАЛЛОВ И ДРАГОЦЕННЫХ КАМНЕЙ (ГОХРАН РОССИИ) ПРИ МИНИСТЕРСТВЕ ФИНАНСОВ РОССИЙСКОЙ ФЕДЕРАЦИИ""";"ФЕДЕРАЛЬНОЕ КАЗЕННОЕ УЧРЕЖДЕНИЕ ""ГОСУДАРСТВЕННОЕ УЧРЕЖДЕНИЕ ПО ФОРМИРОВАНИЮ ГОСУДАРСТВЕННОГО ФОНДА ДРАГОЦЕННЫХ МЕТАЛЛОВ И ДРАГОЦЕННЫХ КАМНЕЙ РОССИЙСКОЙ ФЕДЕРАЦИИ, ХРАНЕНИЮ, ОТПУСКУ И ИСПОЛЬЗОВАНИЮ ДРАГОЦЕННЫХ МЕТАЛЛОВ И ДРАГОЦЕННЫХ КАМНЕЙ (ГОХРАН РОССИИ) ПРИ МИНИСТЕРСТВЕ ФИНАНСОВ РОССИЙСКОЙ ФЕДЕРАЦИИ""";15.05.2026;29.05.2026;Закупка завершена;;;27.05.2026;
44-ФЗ;№0372100011726000409;Электронный аукцион;Оказание услуг по техническому обслуживанию медицинского (эндоскопического) оборудования;;'261780204820078020100100080180000244;;;12742044.00;RUB;0;;;;;;"ФЕДЕРАЛЬНОЕ ГОСУДАРСТВЕННОЕ БЮДЖЕТНОЕ УЧРЕЖДЕНИЕ ""СЕВЕРО-ЗАПАДНЫЙ ОКРУЖНОЙ НАУЧНО-КЛИНИЧЕСКИЙ ЦЕНТР ИМЕНИ Л.Г. СОКОЛОВА ФЕДЕРАЛЬНОГО МЕДИКО-БИОЛОГИЧЕСКОГО АГЕНТСТВА""";"ФЕДЕРАЛЬНОЕ ГОСУДАРСТВЕННОЕ БЮДЖЕТНОЕ УЧРЕЖДЕНИЕ ""СЕВЕРО-ЗАПАДНЫЙ ОКРУЖНОЙ НАУЧНО-КЛИНИЧЕСКИЙ ЦЕНТР ИМЕНИ Л.Г. СОКОЛОВА ФЕДЕРАЛЬНОГО МЕДИКО-БИОЛОГИЧЕСКОГО АГЕНТСТВА""";20.05.2026;29.05.2026;Закупка завершена;;;28.05.2026;
44-ФЗ;№0169300000126000776;Электронный аукцион;26-125228Э Приобретение жилых помещений (благоустроенных квартир) для обеспечения предоставления жилых помещений детям-сиротам и детям, оставшимся без попечения родителей, лицам из их числа;;'263745316723374530100100360046810412;;;16760487.10;RUB;0;;;;;;УПРАВЛЕНИЕ КАПИТАЛЬНОГО СТРОИТЕЛЬСТВА АДМИНИСТРАЦИИ ГОРОДА ЧЕЛЯБИНСКА;УПРАВЛЕНИЕ МУНИЦИПАЛЬНЫХ ЗАКУПОК АДМИНИСТРАЦИИ ГОРОДА ЧЕЛЯБИНСКА;20.05.2026;29.05.2026;Закупка завершена;;;28.05.2026;
223-ФЗ;№32616061638;Иной способ;Поставка овощей, фруктов и зелени ;;;1;Поставка овощей, фруктов и зелени ;10000000.00;RUB;10000000.00;;;;10.89.19.290: Продукты пищевые прочие, не включенные в другие группировки;;"АКЦИОНЕРНОЕ ОБЩЕСТВО ""КОМБИНАТ СОЦИАЛЬНОГО ПИТАНИЯ КОЛПИНСКОГО РАЙОНА""";"АКЦИОНЕРНОЕ ОБЩЕСТВО ""КОМБИНАТ СОЦИАЛЬНОГО ПИТАНИЯ КОЛПИНСКОГО РАЙОНА""";29.05.2026;29.05.2026;Закупка завершена;;;29.05.2026 14:00;
44-ФЗ;№0128600006826000194;Электронный аукцион на проведение работ по строительству, реконструкции, кап. ремонту, сносу объекта кап. строительства в соответствии с п. 8 ч. 1 ст. 33 Закона № 44-ФЗ;Капитальный ремонт и приспособление объекта культурного наследия регионального значения «Дом купцов Первушина и Жихарева, нач. ХХ в.» по адресу: Владимирская область, г. Александров, ул. Советская, д.16 (ремонт фасада и кровли, приспособление помещений цокольного этажа под инфраструктуру музея);;'263330101032933010100100140014399243;;;28000000.00;RUB;0;;;;;;"МУНИЦИПАЛЬНОЕ БЮДЖЕТНОЕ УЧРЕЖДЕНИЕ КУЛЬТУРЫ МУНИЦИПАЛЬНОГО ОБРАЗОВАНИЯ ГОРОД АЛЕКСАНДРОВ ""АЛЕКСАНДРОВСКИЙ ХУДОЖЕСТВЕННО-КРАЕВЕДЧЕСКИЙ МУЗЕЙ""";КОМИТЕТ ПО УПРАВЛЕНИЮ МУНИЦИПАЛЬНЫМ ИМУЩЕСТВОМ АДМИНИСТРАЦИИ АЛЕКСАНДРОВСКОГО МУНИЦИПАЛЬНОГО ОКРУГА ВЛАДИМИРСКОЙ ОБЛАСТИ;19.05.2026;29.05.2026;Закупка завершена;;;29.05.2026;
44-ФЗ;№0136500001126003038;Электронный аукцион;Поставка лекарственных препаратов для медицинского применения (Софосбувир);;'262690500772669500100100100062120244;;;9817500.00;RUB;0;;;;;;"ГОСУДАРСТВЕННОЕ БЮДЖЕТНОЕ УЧРЕЖДЕНИЕ ЗДРАВООХРАНЕНИЯ ТВЕРСКОЙ ОБЛАСТИ ""ГОРОДСКАЯ КЛИНИЧЕСКАЯ БОЛЬНИЦА №1 ИМЕНИ В.В. УСПЕНСКОГО""";КОМИТЕТ ГОСУДАРСТВЕННОГО ЗАКАЗА ТВЕРСКОЙ ОБЛАСТИ;18.05.2026;29.05.2026;Закупка завершена;;;29.05.2026;
44-ФЗ;№0859200001126006309;Электронный аукцион;Поставка топлива;;'263623418763762340100100810011920244;;;6000000.00;RUB;0;;;;;;"МУНИЦИПАЛЬНОЕ БЮДЖЕТНОЕ УЧРЕЖДЕНИЕ ""УПРАВЛЕНИЕ ПО ДЕЛАМ ТЕРРИТОРИИ ГОРОДА РЯЗАНИ""";"ГОСУДАРСТВЕННОЕ КАЗЕННОЕ УЧРЕЖДЕНИЕ РЯЗАНСКОЙ ОБЛАСТИ ""ЦЕНТР ЗАКУПОК РЯЗАНСКОЙ ОБЛАСТИ""";20.05.2026;29.05.2026;Закупка завершена;;;29.05.2026;
44-ФЗ;№0873200009826002272;Запрос котировок в электронной форме;Поставка лекарственного препарата (Имиглюцераза (ТН: Церезим)) для обеспечения пациента на основании решения врачебной комиссии (УНЗ: Z2618312);;'262771433860977140100108844100000323;;;13713408.00;RUB;0;;;;;;"ГОСУДАРСТВЕННОЕ КАЗЕННОЕ УЧРЕЖДЕНИЕ ГОРОДА МОСКВЫ ""АГЕНТСТВО ПО ЗАКУПКАМ (КОНТРАКТНАЯ СЛУЖБА) ДЕПАРТАМЕНТА ЗДРАВООХРАНЕНИЯ ГОРОДА МОСКВЫ""";"ГОСУДАРСТВЕННОЕ КАЗЕННОЕ УЧРЕЖДЕНИЕ ГОРОДА МОСКВЫ ""АГЕНТСТВО ПО ЗАКУПКАМ (КОНТРАКТНАЯ СЛУЖБА) ДЕПАРТАМЕНТА ЗДРАВООХРАНЕНИЯ ГОРОДА МОСКВЫ""";22.05.2026;29.05.2026;Закупка завершена;;;29.05.2026;
44-ФЗ;№0126600001526000030;Электронный аукцион;Выполнение работ, связанных с осуществлением регулярных перевозок пассажиров и багажа автомобильным транспортом по регулируемым тарифам;;'263310800868131080100100120014931244;;;9468581.64;RUB;0;;;;;;АДМИНИСТРАЦИЯ ГРАЙВОРОНСКОГО МУНИЦИПАЛЬНОГО ОКРУГА БЕЛГОРОДСКОЙ ОБЛАСТИ;АДМИНИСТРАЦИЯ ГРАЙВОРОНСКОГО МУНИЦИПАЛЬНОГО ОКРУГА БЕЛГОРОДСКОЙ ОБЛАСТИ;21.05.2026;29.05.2026;Закупка завершена;;;29.05.2026;
44-ФЗ;№0334100017626000183;Электронный аукцион на проведение работ по строительству, реконструкции, кап. ремонту, сносу объекта кап. строительства в соответствии с п. 8 ч. 1 ст. 33 Закона № 44-ФЗ;"Капитальный ремонт конструкций крыши (стропильная система, кровельное покрытие) и чердачного перекрытия с целью сохранения здания, входящего в состав выявленного объекта культурного наследия «Учебные корпуса мединститута (Два здания)», 1 пол. XIXв.; 1930г., расположенное по адресу: г. Иркутск, ул. Красного Восстания, 1-3 Литера А";;'261381102209638080100101752564391243;;;42594521.00;RUB;0;;;;;;"ФЕДЕРАЛЬНОЕ ГОСУДАРСТВЕННОЕ БЮДЖЕТНОЕ ОБРАЗОВАТЕЛЬНОЕ УЧРЕЖДЕНИЕ ВЫСШЕГО ОБРАЗОВАНИЯ ""ИРКУТСКИЙ ГОСУДАРСТВЕННЫЙ МЕДИЦИНСКИЙ УНИВЕРСИТЕТ"" МИНИСТЕРСТВА ЗДРАВООХРАНЕНИЯ РОССИЙСКОЙ ФЕДЕРАЦИИ";"ФЕДЕРАЛЬНОЕ ГОСУДАРСТВЕННОЕ БЮДЖЕТНОЕ ОБРАЗОВАТЕЛЬНОЕ УЧРЕЖДЕНИЕ ВЫСШЕГО ОБРАЗОВАНИЯ ""ИРКУТСКИЙ ГОСУДАРСТВЕННЫЙ МЕДИЦИНСКИЙ УНИВЕРСИТЕТ"" МИНИСТЕРСТВА ЗДРАВООХРАНЕНИЯ РОССИЙСКОЙ ФЕДЕРАЦИИ";21.05.2026;29.05.2026;Закупка завершена;;;29.05.2026;
44-ФЗ;№0801500001126000971;Электронный аукцион;Поставка медицинских изделий для внутисосудистых и внутрикардиальных исследований;;'262027403310302740100102260012660244;;;26932000.00;RUB;0;;;;;;ГОСУДАРСТВЕННОЕ БЮДЖЕТНОЕ УЧРЕЖДЕНИЕ ЗДРАВООХРАНЕНИЯ РЕСПУБЛИКАНСКИЙ КАРДИОЛОГИЧЕСКИЙ ЦЕНТР;"ГОСУДАРСТВЕННОЕ КАЗЕННОЕ УЧРЕЖДЕНИЕ РЕСПУБЛИКИ БАШКОРТОСТАН ""РЕСПУБЛИКАНСКИЙ ЦЕНТР ТОРГОВ""";21.05.2026;29.05.2026;Закупка завершена;;;29.05.2026;
44-ФЗ;№0817200000326007937;Электронный аукцион;Поставка расходных материалов;;'262222100785822210100100890022120244;;;29070000.00;RUB;0;;;;;;МИНИСТЕРСТВО ЗДРАВООХРАНЕНИЯ АЛТАЙСКОГО КРАЯ;"КРАЕВОЕ ГОСУДАРСТВЕННОЕ КАЗЕННОЕ УЧРЕЖДЕНИЕ ""ЦЕНТР ГОСУДАРСТВЕННЫХ ЗАКУПОК АЛТАЙСКОГО КРАЯ""";21.05.2026;29.05.2026;Закупка завершена;;;29.05.2026;
44-ФЗ;№0848600008926000204;Электронный аукцион;Оказание услуг по предоставлению видеоизображения для системы технологического обеспечения региональной общественной безопасности и оперативного управления «Безопасный регион» на территории Московской области для нужд городского округа Ступино Московской области;;'263504506235950450100100520016311244;;;19966147.20;RUB;0;;;;;;АДМИНИСТРАЦИЯ ГОРОДСКОГО ОКРУГА СТУПИНО МОСКОВСКОЙ ОБЛАСТИ;"МУНИЦИПАЛЬНОЕ КАЗЁННОЕ УЧРЕЖДЕНИЕ ""СТУПИНСКИЙ ЦЕНТР ЗАКУПОК"" ГОРОДСКОГО ОКРУГА СТУПИНО МОСКОВСКОЙ ОБЛАСТИ";20.05.2026;29.05.2026;Закупка завершена;;;28.05.2026;
44-ФЗ;№0744200000226004370;Электронный аукцион;Поставка лекарственного препарата (МНН КАРБОПЛАТИН);;'262462901772946110100100030440000244;;;6059400.00;RUB;0;;;;;;"ОБЛАСТНОЕ БЮДЖЕТНОЕ УЧРЕЖДЕНИЕ ЗДРАВООХРАНЕНИЯ ""КУРСКИЙ ОНКОЛОГИЧЕСКИЙ НАУЧНО-КЛИНИЧЕСКИЙ ЦЕНТР ИМЕНИ Г.Е. ОСТРОВЕРХОВА""";"ОБЛАСТНОЕ КАЗЕННОЕ УЧРЕЖДЕНИЕ ""ЦЕНТР ЗАКУПОК КУРСКОЙ ОБЛАСТИ""";21.05.2026;29.05.2026;Закупка завершена;;;29.05.2026;
44-ФЗ;№0817200000326007617;Электронный аукцион;Поставка лекарственных препаратов для медицинского применения;;'262222100785822210100100080312120000;;;9067410.00;RUB;0;;;;;;МИНИСТЕРСТВО ЗДРАВООХРАНЕНИЯ АЛТАЙСКОГО КРАЯ;"КРАЕВОЕ ГОСУДАРСТВЕННОЕ КАЗЕННОЕ УЧРЕЖДЕНИЕ ""ЦЕНТР ГОСУДАРСТВЕННЫХ ЗАКУПОК АЛТАЙСКОГО КРАЯ""";19.05.2026;29.05.2026;Закупка завершена;;;29.05.2026;
44-ФЗ;№0319100004926000658;Электронный аукцион;№ 1341/26 на поставку медицинских изделий, ввод в эксплуатацию медицинских изделий, обучение правилам эксплуатации специалистов, эксплуатирующих медицинские изделия для нужд ФГБУ ФСНКЦ ФМБА России  (для субъектов малого предпринимательства, социально ориентированных некоммерческих организаций);;'261246200396224620100100370090000244;;;9266200.00;RUB;0;;;;;;"ФЕДЕРАЛЬНОЕ ГОСУДАРСТВЕННОЕ БЮДЖЕТНОЕ УЧРЕЖДЕНИЕ ""ФЕДЕРАЛЬНЫЙ СИБИРСКИЙ НАУЧНО-КЛИНИЧЕСКИЙ ЦЕНТР ФЕДЕРАЛЬНОГО МЕДИКО-БИОЛОГИЧЕСКОГО АГЕНТСТВА""";"ФЕДЕРАЛЬНОЕ ГОСУДАРСТВЕННОЕ БЮДЖЕТНОЕ УЧРЕЖДЕНИЕ ""ФЕДЕРАЛЬНЫЙ СИБИРСКИЙ НАУЧНО-КЛИНИЧЕСКИЙ ЦЕНТР ФЕДЕРАЛЬНОГО МЕДИКО-БИОЛОГИЧЕСКОГО АГЕНТСТВА""";21.05.2026;29.05.2026;Закупка завершена;;;29.05.2026;
44-ФЗ;№0865200000326000595;Открытый конкурс в электронной форме;Выполнение работ по формированию и ведению банка данных о фактическом состоянии автомобильных дорог в Томском и Тегульдетском районах Томской области и искусственных сооружений на них, находящихся в ведении Областного государственного казенного учреждения «Управление автомобильных дорог Томской области» (ОГКУ «Томскавтодор»);;'262701800270070170100100180016311244;;;11000000.00;RUB;0;;;;;;"ОБЛАСТНОЕ ГОСУДАРСТВЕННОЕ КАЗЕННОЕ УЧРЕЖДЕНИЕ ""УПРАВЛЕНИЕ АВТОМОБИЛЬНЫХ ДОРОГ ТОМСКОЙ ОБЛАСТИ""";"ОБЛАСТНОЕ ГОСУДАРСТВЕННОЕ КАЗЕННОЕ УЧРЕЖДЕНИЕ ""ЦЕНТР ГОСУДАРСТВЕННЫХ ЗАКУПОК ТОМСКОЙ ОБЛАСТИ""";07.05.2026;29.05.2026;Закупка завершена;;;26.05.2026;
44-ФЗ;№0316100000826000001;Электронный аукцион на проведение работ по строительству, реконструкции, кап. ремонту, сносу объекта кап. строительства в соответствии с п. 8 ч. 1 ст. 33 Закона № 44-ФЗ;Капитальный ремонт Стрелкового тира по адресу: Республика Саха (Якутия), Чурапчинский улус, село Чурапча, микрорайон школа-интернат;;'261143000687014300100100110014120243;;;9983293.52;RUB;0;;;;;;"ФЕДЕРАЛЬНОЕ ГОСУДАРСТВЕННОЕ БЮДЖЕТНОЕ ОБРАЗОВАТЕЛЬНОЕ УЧРЕЖДЕНИЕ ВЫСШЕГО ОБРАЗОВАНИЯ ""ЧУРАПЧИНСКИЙ ГОСУДАРСТВЕННЫЙ ИНСТИТУТ ФИЗИЧЕСКОЙ КУЛЬТУРЫ И СПОРТА"".";"ФЕДЕРАЛЬНОЕ ГОСУДАРСТВЕННОЕ БЮДЖЕТНОЕ ОБРАЗОВАТЕЛЬНОЕ УЧРЕЖДЕНИЕ ВЫСШЕГО ОБРАЗОВАНИЯ ""ЧУРАПЧИНСКИЙ ГОСУДАРСТВЕННЫЙ ИНСТИТУТ ФИЗИЧЕСКОЙ КУЛЬТУРЫ И СПОРТА"".";20.05.2026;29.05.2026;Закупка завершена;;;28.05.2026;
223-ФЗ;№32615944871;Запрос предложений в электронной форме, участниками которого могут быть только субъекты малого и среднего предпринимательства;"Поставка светильников и ламп освещения для нужд филиала ПАО ""Россети Центр и Приволжье"" - ""Ивэнерго""";;;1;Поставка светильников и ламп освещения;6088170.88;RUB;6088170.88;;;;27.11.50.110: Элементы балластные для газоразрядных ламп или трубок,27.33.12.000: Патроны для ламп на напряжение не более 1 кВ,27.40.15.150: Лампы светодиодные,27.40.25.121: Устройства осветительные электрические подвесные, потолочные, встраиваемые и настенные, предназначенные для использования с лампами накаливания, не имеющие встроенную аккумуляторную батарею и режим работы от нее,27.40.25.123: Устройства осветительные электрические подвесные, потолочные, встраиваемые и настенные, предназначенные для использования со светодиодными лампами и прочими светодиодными источниками света, не имеющие встроенную аккумуляторную батарею и режим работы от нее,27.40.33.130: Прожекторы и аналогичные светильники узконаправленного света, предназначенные для использования со светодиодными лампами и прочими светодиодными источниками света,27.40.39.113: Светильники и устройства осветительные прочие, не включенные в другие группировки, предназначенные для использования со светодиодными лампами и прочими светодиодными источниками света,27.40.42.112: Блоки питания электронные, применяемые в светотехническом оборудовании;;"ПУБЛИЧНОЕ АКЦИОНЕРНОЕ ОБЩЕСТВО ""РОССЕТИ ЦЕНТР И ПРИВОЛЖЬЕ""";"ФИЛИАЛ ПАО ""РОССЕТИ ЦЕНТР И ПРИВОЛЖЬЕ""-""ИВЭНЕРГО""";23.04.2026;29.05.2026;Закупка завершена;;;07.05.2026 12:00;
44-ФЗ;№0169300000326001200;Электронный аукцион;Выполнение работ, связанных с осуществлением регулярных перевозок пассажиров и багажа городским наземным электрическим транспортом по регулируемым тарифам;;'263745605171074560100100180014931244;;;162291525.50;RUB;0;;;;;;УПРАВЛЕНИЕ ТРАНСПОРТА И КОММУНАЛЬНОГО ХОЗЯЙСТВА АДМИНИСТРАЦИИ ГОРОДА МАГНИТОГОРСКА;АДМИНИСТРАЦИЯ ГОРОДА МАГНИТОГОРСКА;20.05.2026;29.05.2026;Закупка завершена;;;28.05.2026;
44-ФЗ;№0849300005926000116;Электронный аукцион;Выполнение капитальных ремонтных работ в здании МБДОУ № 5 г. Кировска, расположенного по адресу: Мурманская область, г. Кировск, пр. Ленина, д.13а;;'263510330064751030100101370014339243;;;8400000.00;RUB;0;;;;;;"МУНИЦИПАЛЬНОЕ КАЗЕННОЕ УЧРЕЖДЕНИЕ ""ЦЕНТР МАТЕРИАЛЬНО-ТЕХНИЧЕСКОГО ОБЕСПЕЧЕНИЯ И ОБСЛУЖИВАНИЯ МУНИЦИПАЛЬНЫХ УЧРЕЖДЕНИЙ ГОРОДА КИРОВСКА""";"МУНИЦИПАЛЬНОЕ КАЗЕННОЕ УЧРЕЖДЕНИЕ ""ЦЕНТР УЧЕТА И ОТЧЕТНОСТИ МУНИЦИПАЛЬНЫХ УЧРЕЖДЕНИЙ ГОРОДА КИРОВСКА""";04.05.2026;29.05.2026;Закупка завершена;;;28.05.2026;
44-ФЗ;№0373100037226000494;Электронный аукцион;Поставка лекарственных препаратов (ИММУНОГЛОБУЛИН ЧЕЛОВЕКА НОРМАЛЬНЫЙ).;;'261772404418977240100100451792120244;;;6356864.00;RUB;0;;;;;;"ФЕДЕРАЛЬНОЕ ГОСУДАРСТВЕННОЕ БЮДЖЕТНОЕ УЧРЕЖДЕНИЕ ""ФЕДЕРАЛЬНЫЙ НАУЧНО-КЛИНИЧЕСКИЙ ЦЕНТР СПЕЦИАЛИЗИРОВАННЫХ ВИДОВ МЕДИЦИНСКОЙ ПОМОЩИ И МЕДИЦИНСКИХ ТЕХНОЛОГИЙ ФЕДЕРАЛЬНОГО МЕДИКО-БИОЛОГИЧЕСКОГО АГЕНТСТВА""";"ФЕДЕРАЛЬНОЕ ГОСУДАРСТВЕННОЕ БЮДЖЕТНОЕ УЧРЕЖДЕНИЕ ""ФЕДЕРАЛЬНЫЙ НАУЧНО-КЛИНИЧЕСКИЙ ЦЕНТР СПЕЦИАЛИЗИРОВАННЫХ ВИДОВ МЕДИЦИНСКОЙ ПОМОЩИ И МЕДИЦИНСКИХ ТЕХНОЛОГИЙ ФЕДЕРАЛЬНОГО МЕДИКО-БИОЛОГИЧЕСКОГО АГЕНТСТВА""";19.05.2026;29.05.2026;Закупка завершена;;;27.05.2026;
44-ФЗ;№0801500001126000911;Открытый конкурс в электронной форме;Оказание санитарно-противоэпидемических (профилактических) услуг в рамках оказания медицинской помощи с целью охраны здоровья граждан для нужд ГБУЗ РБ РКПБ;;'262027806783302730100102250018690244;;;49501691.59;RUB;0;;;;;;ГОСУДАРСТВЕННОЕ БЮДЖЕТНОЕ УЧРЕЖДЕНИЕ ЗДРАВООХРАНЕНИЯ РЕСПУБЛИКИ БАШКОРТОСТАН РЕСПУБЛИКАНСКАЯ КЛИНИЧЕСКАЯ ПСИХИАТРИЧЕСКАЯ БОЛЬНИЦА;"ГОСУДАРСТВЕННОЕ КАЗЕННОЕ УЧРЕЖДЕНИЕ РЕСПУБЛИКИ БАШКОРТОСТАН ""РЕСПУБЛИКАНСКИЙ ЦЕНТР ТОРГОВ""";12.05.2026;29.05.2026;Закупка завершена;;;28.05.2026;
44-ФЗ;№0432200000826002673;Электронный аукцион;Ц-6431_Закупка лекарственных средств_БРИВАРАЦЕТАМ;;'262526013629952600100100134310000000;;;10525760.00;RUB;0;;;;;;"ГОСУДАРСТВЕННОЕ ПРЕДПРИЯТИЕ НИЖЕГОРОДСКОЙ ОБЛАСТИ ""НИЖЕГОРОДСКАЯ ОБЛАСТНАЯ ФАРМАЦИЯ""";"ГОСУДАРСТВЕННОЕ ПРЕДПРИЯТИЕ НИЖЕГОРОДСКОЙ ОБЛАСТИ ""НИЖЕГОРОДСКАЯ ОБЛАСТНАЯ ФАРМАЦИЯ""";19.05.2026;29.05.2026;Закупка завершена;;;27.05.2026;
44-ФЗ;№0301600005726000019;Электронный аукцион;Капитальный ремонт сооружения коммунального хозяйства, сети теплоснабжения, расположенные по адресу Республика Башкортостан, г. Кумертау, ул. Магистральная д.6;;'263026203456802620100100230024221243;;;5842000.71;RUB;0;;;;;;МУНИЦИПАЛЬНОЕ БЮДЖЕТНОЕ УЧРЕЖДЕНИЕ ДОРОЖНО-ОЗЕЛЕНИТЕЛЬНЫХ РАБОТ ГОРОДСКОГО ОКРУГА ГОРОД КУМЕРТАУ РЕСПУБЛИКИ БАШКОРТОСТАН;МУНИЦИПАЛЬНОЕ БЮДЖЕТНОЕ УЧРЕЖДЕНИЕ ДОРОЖНО-ОЗЕЛЕНИТЕЛЬНЫХ РАБОТ ГОРОДСКОГО ОКРУГА ГОРОД КУМЕРТАУ РЕСПУБЛИКИ БАШКОРТОСТАН;21.05.2026;29.05.2026;Закупка завершена;;;29.05.2026;
44-ФЗ;№0173200002626000120;Электронный аукцион;Оказание услуг по предоставлению спутникового канала связи передачи данных для автомобилей связи;;'262773459740077030100100630010000244;;;14894000.28;RUB;0;;;;;;"ГОСУДАРСТВЕННОЕ КАЗЕННОЕ УЧРЕЖДЕНИЕ ГОРОДА МОСКВЫ ""ПОЖАРНО-СПАСАТЕЛЬНЫЙ ЦЕНТР""";ДЕПАРТАМЕНТ ПО ДЕЛАМ ГРАЖДАНСКОЙ ОБОРОНЫ, ЧРЕЗВЫЧАЙНЫМ СИТУАЦИЯМ И ПОЖАРНОЙ БЕЗОПАСНОСТИ ГОРОДА МОСКВЫ;20.05.2026;29.05.2026;Закупка завершена;;;28.05.2026;
44-ФЗ;№0173200002626000121;Электронный аукцион;Поставка топлива регулируемой топливной картой на автозаправочной станции;;'262773459740077030100100640010000244;;;21742620.00;RUB;0;;;;;;"ГОСУДАРСТВЕННОЕ КАЗЕННОЕ УЧРЕЖДЕНИЕ ГОРОДА МОСКВЫ ""ПОЖАРНО-СПАСАТЕЛЬНЫЙ ЦЕНТР""";ДЕПАРТАМЕНТ ПО ДЕЛАМ ГРАЖДАНСКОЙ ОБОРОНЫ, ЧРЕЗВЫЧАЙНЫМ СИТУАЦИЯМ И ПОЖАРНОЙ БЕЗОПАСНОСТИ ГОРОДА МОСКВЫ;20.05.2026;29.05.2026;Закупка завершена;;;28.05.2026;
44-ФЗ;№0373200067026000377;Электронный аукцион;"Электронный аукцион на поставку  медицинских изделий: нить хирургическая из полиэфира, нерассасывающаяся, полинить; для оказания медицинской помощи в отделениях ГБУЗ «НИИ СП им Н. В. Склифосовского ДЗМ» (С.А.-2026)";;'262770203632177020100104400010000244;;;11897605.20;RUB;0;;;;;;"ГОСУДАРСТВЕННОЕ БЮДЖЕТНОЕ УЧРЕЖДЕНИЕ ЗДРАВООХРАНЕНИЯ ГОРОДА МОСКВЫ ""НАУЧНО-ИССЛЕДОВАТЕЛЬСКИЙ ИНСТИТУТ СКОРОЙ ПОМОЩИ ИМ. Н.В. СКЛИФОСОВСКОГО ДЕПАРТАМЕНТА ЗДРАВООХРАНЕНИЯ ГОРОДА МОСКВЫ""";"ГОСУДАРСТВЕННОЕ БЮДЖЕТНОЕ УЧРЕЖДЕНИЕ ЗДРАВООХРАНЕНИЯ ГОРОДА МОСКВЫ ""НАУЧНО-ИССЛЕДОВАТЕЛЬСКИЙ ИНСТИТУТ СКОРОЙ ПОМОЩИ ИМ. Н.В. СКЛИФОСОВСКОГО ДЕПАРТАМЕНТА ЗДРАВООХРАНЕНИЯ ГОРОДА МОСКВЫ""";19.05.2026;29.05.2026;Закупка завершена;;;27.05.2026;
44-ФЗ;№0813500000126009453;Электронный аукцион;зз-0019-24889 - 2026 Лекарственный препарат Пеметрексед;;'262183503379118410100100090622120244;;;9500000.00;RUB;0;;;;;;"БЮДЖЕТНОЕ УЧРЕЖДЕНИЕ ЗДРАВООХРАНЕНИЯ  УДМУРТСКОЙ РЕСПУБЛИКИ ""РЕСПУБЛИКАНСКИЙ КЛИНИЧЕСКИЙ ОНКОЛОГИЧЕСКИЙ ДИСПАНСЕР ИМЕНИ СЕРГЕЯ ГРИГОРЬЕВИЧА ПРИМУШКО МИНИСТЕРСТВА ЗДРАВООХРАНЕНИЯ УДМУРТСКОЙ РЕСПУБЛИКИ""";"ГОСУДАРСТВЕННОЕ КАЗЕННОЕ УЧРЕЖДЕНИЕ УДМУРТСКОЙ РЕСПУБЛИКИ ""РЕГИОНАЛЬНЫЙ ЦЕНТР ЗАКУПОК УДМУРТСКОЙ РЕСПУБЛИКИ""";20.05.2026;29.05.2026;Закупка завершена;;;29.05.2026;
44-ФЗ;№0367300047426000131;Электронный аукцион;Приобретение квартир для переселения граждан, проживающих в аварийном жилищном фонде;;'263720600113872060100100110044120412;;;17829000.00;RUB;0;;;;;;ДЕПАРТАМЕНТ ИМУЩЕСТВЕННЫХ ОТНОШЕНИЙ АДМИНИСТРАЦИИ ГОРОДА ТОБОЛЬСКА;"МУНИЦИПАЛЬНОЕ КАЗЕННОЕ УЧРЕЖДЕНИЕ Г. ТОБОЛЬСКА ""УПРАВЛЕНИЕ АДМИНИСТРАТИВНО-ХОЗЯЙСТВЕННОГО ОБСЛУЖИВАНИЯ""";21.05.2026;29.05.2026;Закупка завершена;;;29.05.2026;
44-ФЗ;№0131200001026002988;Электронный аукцион;2026-03013 / Поставка лекарственного препарата для медицинского применения этанол;;262366609171136660100100740032120244, 262362200224936220100100160192120244, 262366101139936610100100740022120244, 262366604853036660100100020112120244, 262366601806036660100100200212120244, 262362800271036280100100460022120244, 262361800140436180100100230270000244, 262366203464936620100100530010000244, 262366602447236660100100640022120244, 262360400634636040100100270032120244, 262360800335336080100100200032120244, 262366204418936650100100340132120244, 262363200176636320100100260020000244, 262360200410336020100100680042120244;;;5522560.00;RUB;0;;;;;;;МИНИСТЕРСТВО ПО РЕГУЛИРОВАНИЮ КОНТРАКТНОЙ СИСТЕМЫ В СФЕРЕ ЗАКУПОК ВОРОНЕЖСКОЙ ОБЛАСТИ;21.05.2026;29.05.2026;Закупка завершена;;;29.05.2026;
44-ФЗ;№0367300047426000130;Электронный аукцион;Приобретение квартир для переселения граждан, проживающих в аварийном жилищном фонде;;'263720600113872060100100110034120412;;;17640000.00;RUB;0;;;;;;ДЕПАРТАМЕНТ ИМУЩЕСТВЕННЫХ ОТНОШЕНИЙ АДМИНИСТРАЦИИ ГОРОДА ТОБОЛЬСКА;"МУНИЦИПАЛЬНОЕ КАЗЕННОЕ УЧРЕЖДЕНИЕ Г. ТОБОЛЬСКА ""УПРАВЛЕНИЕ АДМИНИСТРАТИВНО-ХОЗЯЙСТВЕННОГО ОБСЛУЖИВАНИЯ""";21.05.2026;29.05.2026;Закупка завершена;;;29.05.2026;
44-ФЗ;№0118600008226000082;Открытый конкурс в электронной форме;"Выполнение инженерных изысканий, осуществление подготовки проектной, рабочей документации и разработки информационной модели (BIM-модель) в целях реконструкции объекта капитального строительства ""Здание спортивного комплекса с плавательным бассейном по адресу: Краснодарский край, г. Кореновск, ул. Запорожская, 2Б""";;'263237301800423730100100060017112414;;;30909700.00;RUB;0;;;;;;"МУНИЦИПАЛЬНОЕ КАЗЕННОЕ УЧРЕЖДЕНИЕ МУНИЦИПАЛЬНОГО ОБРАЗОВАНИЯ КОРЕНОВСКИЙ РАЙОН ""УПРАВЛЕНИЕ КАПИТАЛЬНОГО СТРОИТЕЛЬСТВА""";УПРАВЛЕНИЕ ЗАКУПОК АДМИНИСТРАЦИИ МУНИЦИПАЛЬНОГО ОБРАЗОВАНИЯ КОРЕНОВСКИЙ МУНИЦИПАЛЬНЫЙ РАЙОН КРАСНОДАРСКОГО КРАЯ;06.05.2026;29.05.2026;Закупка завершена;;;22.05.2026;
44-ФЗ;№0235100000126000065;Электронный аукцион;Поставка автомобилей получателям в целях их социального обеспечения в 2026 году;;'261390400051439060100100660012910323;;;10627600.02;RUB;0;;;;;;ОТДЕЛЕНИЕ ФОНДА ПЕНСИОННОГО И СОЦИАЛЬНОГО СТРАХОВАНИЯ РОССИЙСКОЙ ФЕДЕРАЦИИ ПО КАЛИНИНГРАДСКОЙ ОБЛАСТИ;ОТДЕЛЕНИЕ ФОНДА ПЕНСИОННОГО И СОЦИАЛЬНОГО СТРАХОВАНИЯ РОССИЙСКОЙ ФЕДЕРАЦИИ ПО КАЛИНИНГРАДСКОЙ ОБЛАСТИ;18.05.2026;29.05.2026;Закупка завершена;;;27.05.2026;
44-ФЗ;№0317300301926000699;Электронный аукцион на проведение работ по строительству, реконструкции, кап. ремонту, сносу объекта кап. строительства в соответствии с п. 8 ч. 1 ст. 33 Закона № 44-ФЗ;Выполнение работ по капитальному ремонту объекта капитального строительства в сфере образования (ремонт кровли здания);;'263222404398122240100100100014120243;;;7096275.11;RUB;0;;;;;;"МУНИЦИПАЛЬНОЕ БЮДЖЕТНОЕ ОБЩЕОБРАЗОВАТЕЛЬНОЕ УЧРЕЖДЕНИЕ ""ГИМНАЗИЯ №40"" ИМЕНИ НАРОДНОГО УЧИТЕЛЯ СССР ОВСИЕВСКОЙ РУФИНЫ СЕРАФИМОВНЫ";КОМИТЕТ МУНИЦИПАЛЬНОГО ЗАКАЗА ГОРОДА БАРНАУЛА;14.05.2026;29.05.2026;Закупка завершена;;;27.05.2026;
44-ФЗ;№0813500000126008838;Открытый конкурс в электронной форме;№ 11250 Молочные продукты для нужд учреждений Устиновского р-на г.Ижевска;;263183430050018400100100060150000244, 262183104832418400100100140100000244, 263183430015518400100100060100000244, 262183430051818400100100130090000244, 263183404690318400100100030100000244, 263183430013018400100100030090000244, 263183402961918400100100040080000244, 263183430084618400100100170100000244, 263183430024318400100100050090000244, 263183430081418400100100090110000244, 263183430007418400100100050100000244, 263183430040518400100100050240000244, 263183430054018400100100060090000244, 263183430016218400100100050110000244, 263183430049018400100100040100000244, 263183430055718400100100050090000244, 263183430085318400100100070110000244, 263183430068418400100100040090000244, 263183430072618400100100030160000244, 263183430067718400100100060100000244, 263183430086018400100100080090000244, 263183430078018400100100040100000244, 263183430080718400100100060080000244, 263183430074018400100100040090000244, 263183430014818400100100070160000244, 263183430071918400100100030110000244, 263183430087818400100100030080000244, 263183430042018400100100050090000244, 263183402722718400100100060110000244;;;18228715.40;RUB;0;;;;;;;"ГОСУДАРСТВЕННОЕ КАЗЕННОЕ УЧРЕЖДЕНИЕ УДМУРТСКОЙ РЕСПУБЛИКИ ""РЕГИОНАЛЬНЫЙ ЦЕНТР ЗАКУПОК УДМУРТСКОЙ РЕСПУБЛИКИ""";13.05.2026;29.05.2026;Закупка завершена;;;29.05.2026;
44-ФЗ;№0317300301926000704;Электронный аукцион;Выполнение работ по монтажу системы автоматической пожарной сигнализации и системы оповещения и управления эвакуацией в здании муниципального бюджетного общеобразовательного учреждения «Средняя общеобразовательная школа № 89 с углубленным изучением отдельных предметов» расположенного по адресу: г. Барнаул, ул. Солнечная поляна, 11 в рамках текущего ремонта здания.;;'263222303381422230100100090014321244;;;5959160.35;RUB;0;;;;;;"МУНИЦИПАЛЬНОЕ БЮДЖЕТНОЕ ОБЩЕОБРАЗОВАТЕЛЬНОЕ УЧРЕЖДЕНИЕ ""СРЕДНЯЯ ОБЩЕОБРАЗОВАТЕЛЬНАЯ ШКОЛА № 89 С УГЛУБЛЕННЫМ ИЗУЧЕНИЕМ ОТДЕЛЬНЫХ ПРЕДМЕТОВ""";КОМИТЕТ МУНИЦИПАЛЬНОГО ЗАКАЗА ГОРОДА БАРНАУЛА;14.05.2026;29.05.2026;Закупка завершена;;;27.05.2026;
44-ФЗ;№0157600001826000028;Электронный аукцион;Выполнение работ по ремонту автомобильных дорог общего пользования местного значения в р.п. Струги Красные.;;'263600000656460000100100280014211244;;;7379646.66;RUB;0;;;;;;АДМИНИСТРАЦИЯ СТРУГО-КРАСНЕНСКОГО МУНИЦИПАЛЬНОГО ОКРУГА;АДМИНИСТРАЦИЯ СТРУГО-КРАСНЕНСКОГО МУНИЦИПАЛЬНОГО ОКРУГА;18.05.2026;29.05.2026;Закупка завершена;;;27.05.2026;
44-ФЗ;№0317300301926000727;Электронный аукцион на проведение работ по строительству, реконструкции, кап. ремонту, сносу объекта кап. строительства в соответствии с п. 8 ч. 1 ст. 33 Закона № 44-ФЗ;Выполнение работ по капитальному ремонту объекта капитального строительства в сфере образования (ремонт кровли здания);;'263222404524122240100100170014120243;;;7300764.99;RUB;0;;;;;;"МУНИЦИПАЛЬНОЕ БЮДЖЕТНОЕ ОБЩЕОБРАЗОВАТЕЛЬНОЕ УЧРЕЖДЕНИЕ ""СРЕДНЯЯ ОБЩЕОБРАЗОВАТЕЛЬНАЯ ШКОЛА № 59""";КОМИТЕТ МУНИЦИПАЛЬНОГО ЗАКАЗА ГОРОДА БАРНАУЛА;18.05.2026;29.05.2026;Закупка завершена;;;27.05.2026;
44-ФЗ;№0174500001126003102;Запрос котировок в электронной форме;на поставку топлива дизельного (розничная реализация);;'262920400744192040100100110021920244;;;9654000.00;RUB;0;;;;;;"ГОСУДАРСТВЕННОЕ КАЗЕННОЕ УЧРЕЖДЕНИЕ ""СПАСАТЕЛЬНАЯ СЛУЖБА СЕВАСТОПОЛЯ""";ДЕПАРТАМЕНТ АДМИНИСТРАТИВНО-ХОЗЯЙСТВЕННОГО ОБЕСПЕЧЕНИЯ ИСПОЛНИТЕЛЬНЫХ ОРГАНОВ ГОРОДА СЕВАСТОПОЛЯ;20.05.2026;29.05.2026;Закупка завершена;;;29.05.2026;
44-ФЗ;№0136500001126003133;Электронный аукцион;Выполнение работ по ремонту автомобильной дороги по ул.Слободская в д.Савино Калининского муниципального округа Тверской области (этап 1);;'263692400322069490100106650024211244;;;35217158.12;RUB;0;;;;;;АДМИНИСТРАЦИЯ КАЛИНИНСКОГО МУНИЦИПАЛЬНОГО ОКРУГА ТВЕРСКОЙ ОБЛАСТИ;КОМИТЕТ ГОСУДАРСТВЕННОГО ЗАКАЗА ТВЕРСКОЙ ОБЛАСТИ;21.05.2026;29.05.2026;Закупка завершена;;;29.05.2026;
44-ФЗ;№0121300003226000086;Электронный аукцион;поставка легкового автомобиля;;'263263180496026310100100170012910244;;;14455000.00;RUB;0;;;;;;"МУНИЦИПАЛЬНОЕ БЮДЖЕТНОЕ УЧРЕЖДЕНИЕ ""ЦЕНТР АДМИНИСТРАТИВНО-ХОЗЯЙСТВЕННОГО ОБСЛУЖИВАНИЯ"" ГОРОДА НЕВИННОМЫССКА";АДМИНИСТРАЦИЯ ГОРОДА НЕВИННОМЫССКА СТАВРОПОЛЬСКОГО КРАЯ;21.05.2026;29.05.2026;Закупка завершена;;;29.05.2026;
44-ФЗ;№0813500000126008831;Открытый конкурс в электронной форме;№ 11059 Мясо птицы охлажденное для нужд учреждений Ленинского р-на г.Ижевска;;263183202162118320100100030080000244, 263183202192818320100100070010000244, 263183202672518320100100040080000244, 263183201930118320100100050100000244, 263183202665118320100100050120000244, 263183201929118320100100040110000244, 263183202655618320100100060110000244, 263183206685518320100100050110000244, 263183202659518320100100070110000244, 263183206771418320100100070110000244, 263183202673218320100100040100000244, 263183203675518320100100040130000244, 263183202254418320100100100100000244, 263183203185218320100100050100000244, 263183204100018320100100060110000244, 263183202660518320100100080120000244, 263183202658818320100100040120000244, 263183202537618320100100050110000244, 263183202661218320100100050110000244, 263183202654918320100100080110000244;;;7821093.54;RUB;0;;;;;;;"ГОСУДАРСТВЕННОЕ КАЗЕННОЕ УЧРЕЖДЕНИЕ УДМУРТСКОЙ РЕСПУБЛИКИ ""РЕГИОНАЛЬНЫЙ ЦЕНТР ЗАКУПОК УДМУРТСКОЙ РЕСПУБЛИКИ""";13.05.2026;29.05.2026;Закупка завершена;;;29.05.2026;
44-ФЗ;№0801500001126000925;Электронный аукцион;Поставка лекарственного(-ых) препарата(-ов) для медицинского применения (Тезепелумаб) для обеспечения отдельных групп населения и граждан по категориям заболеваний, имеющих право на меры социальной поддержки при оказании амбулаторно-поликлинической помощи за счет средств бюджета Республики Башкортостан в 2026 году.;;'262027415782102740100107280012120323;;;12862076.45;RUB;0;;;;;;ГОСУДАРСТВЕННОЕ КАЗЕННОЕ УЧРЕЖДЕНИЕ УПРАВЛЕНИЕ МАТЕРИАЛЬНО-ТЕХНИЧЕСКОГО ОБЕСПЕЧЕНИЯ МИНИСТЕРСТВА ЗДРАВООХРАНЕНИЯ РЕСПУБЛИКИ БАШКОРТОСТАН;"ГОСУДАРСТВЕННОЕ КАЗЕННОЕ УЧРЕЖДЕНИЕ РЕСПУБЛИКИ БАШКОРТОСТАН ""РЕСПУБЛИКАНСКИЙ ЦЕНТР ТОРГОВ""";15.05.2026;29.05.2026;Закупка завершена;;;29.05.2026;
44-ФЗ;№0813500000126008829;Открытый конкурс в электронной форме;№ 11058 Мясо птицы охлажденное для нужд учреждений Октябрьского р-на г.Ижевска;;263183106310718310100100040110000244, 263183106320218310100100080011012244, 263183106304018310100100030130000244, 263183106390018310100100040050000244, 263183106389018310100100060040000244, 263183106313918310100100040090000244, 263183106302618310100100040120000244, 263183112991118310100100040230000244, 263183106315318310100100030130000244, 263183106321018310100100070120000244, 263183109043918310100100060110000244, 263183109044618310100100060110000244, 263183106314618310100100060120000244, 263183106300118310100100060080000244, 263183106296018310100100050070000244, 263183106316018310100100060120000244, 263183105534618310100100060120000244, 263183106394018310100100050120000244;;;6690239.58;RUB;0;;;;;;;"ГОСУДАРСТВЕННОЕ КАЗЕННОЕ УЧРЕЖДЕНИЕ УДМУРТСКОЙ РЕСПУБЛИКИ ""РЕГИОНАЛЬНЫЙ ЦЕНТР ЗАКУПОК УДМУРТСКОЙ РЕСПУБЛИКИ""";13.05.2026;29.05.2026;Закупка завершена;;;29.05.2026;
44-ФЗ;№0869200000226004420;Запрос котировок в электронной форме;Оказание услуги по предоставлению лицензии на использование обновлений программного обеспечения CommuniGate Pro;;'262745333346674530100100770025829242;;;6860440.00;RUB;0;;;;;;"ОБЛАСТНОЕ ГОСУДАРСТВЕННОЕ КАЗЕННОЕ УЧРЕЖДЕНИЕ ""ЦЕНТР ИНФОРМАЦИОННО-ТЕХНИЧЕСКОГО ОБСЛУЖИВАНИЯ""";"ГОСУДАРСТВЕННОЕ КАЗЕННОЕ УЧРЕЖДЕНИЕ ""ЦЕНТР ОРГАНИЗАЦИИ ЗАКУПОК ЧЕЛЯБИНСКОЙ ОБЛАСТИ""";21.05.2026;29.05.2026;Закупка завершена;;;28.05.2026;
44-ФЗ;№0813500000126008835;Открытый конкурс в электронной форме;№ 11057 Мясо птицы охлажденное для нужд учреждений Первомайского р-на г.Ижевска;;263183504154518410100100070100000244, 263183503448118410100100110110000244, 263183504138318410100100070120000244, 263183504929418410100100080110000244, 263183504159118410100100080130000244, 263183504145718410100100040110000244, 263183504152018410100100070110000244, 263183504143218410100100050120000244, 263183504137618410100100060110000244, 263183504135118410100100040120000244, 263183503615018410100100050120000244, 263183504141818410100100030110000244, 263183504891018410100100070110000244, 263183504155218410100100080120000244, 263183506345018410100100030070000244, 263183503348818410100100050040000244, 263183503278018410100100040120000244, 263183503604818410100100050110000244, 263183505130318410100100060080000244, 263183504150618410100100070040000244, 263183504156018410100100060080000244;;;5378666.16;RUB;0;;;;;;;"ГОСУДАРСТВЕННОЕ КАЗЕННОЕ УЧРЕЖДЕНИЕ УДМУРТСКОЙ РЕСПУБЛИКИ ""РЕГИОНАЛЬНЫЙ ЦЕНТР ЗАКУПОК УДМУРТСКОЙ РЕСПУБЛИКИ""";13.05.2026;29.05.2026;Закупка завершена;;;29.05.2026;
44-ФЗ;№0813500000126008826;Открытый конкурс в электронной форме;№ 11055 Мясо птицы охлажденное для нужд учреждений Индустриального р-на г.Ижевска;;263183302254718400100100060050000244, 263183302267418400100100050050000244, 263183302260318400100100050040000244, 263183303190418400100100060050000244, 263183301659018400100100030120000244, 263183302297018400100100030120000244, 263183301660018400100100040120000244, 263183302300418400100100030130000244, 263183302381518400100100060070000244, 263184001131318400100100040110000244, 263183302292418400100100040120000244, 263183302274818400100100030130000244, 263183302265018400100100050050000244, 263183302253018400100100070130000244, 263183302264218400100100060050000244, 263183303831418400100100030100000244, 263183302272318400100100060120000244, 263183302257918400100100050120000244, 263183302256118400100100050120000244, 263183302286818400100100040080000244, 263183302271618400100100040080000244, 263183302288218400100100050100000244;;;5691029.14;RUB;0;;;;;;;"ГОСУДАРСТВЕННОЕ КАЗЕННОЕ УЧРЕЖДЕНИЕ УДМУРТСКОЙ РЕСПУБЛИКИ ""РЕГИОНАЛЬНЫЙ ЦЕНТР ЗАКУПОК УДМУРТСКОЙ РЕСПУБЛИКИ""";13.05.2026;29.05.2026;Закупка завершена;;;29.05.2026;
44-ФЗ;№0145600007626000019;Открытый конкурс в электронной форме;Создание мест (площадок) накопления твердых   коммунальных отходов на территории Сусанинского территориального управления;;'263470512181247050100100280014399244;;;6252631.58;RUB;0;;;;;;СУСАНИНСКОЕ ТЕРРИТОРИАЛЬНОЕ УПРАВЛЕНИЕ АДМИНИСТРАЦИИ МУНИЦИПАЛЬНОГО ОБРАЗОВАНИЯ ГАТЧИНСКИЙ МУНИЦИПАЛЬНЫЙ ОКРУГ ЛЕНИНГРАДСКОЙ ОБЛАСТИ;СУСАНИНСКОЕ ТЕРРИТОРИАЛЬНОЕ УПРАВЛЕНИЕ АДМИНИСТРАЦИИ МУНИЦИПАЛЬНОГО ОБРАЗОВАНИЯ ГАТЧИНСКИЙ МУНИЦИПАЛЬНЫЙ ОКРУГ ЛЕНИНГРАДСКОЙ ОБЛАСТИ;30.04.2026;29.05.2026;Закупка завершена;;;26.05.2026;
44-ФЗ;№0368400000326000004;Запрос котировок в электронной форме;"Комплекс работ по обустройству экологической тропы «Шиловская лесостепь» на территории ФГБУ «Национальный парк «Сенгилеевские горы» в рамках реализации мероприятий федерального проекта ""Сохранение биологического разнообразия и развитие экологического туризма""";;'261732100586073210100100130024299244;;;6153299.00;RUB;0;;;;;;"ФЕДЕРАЛЬНОЕ ГОСУДАРСТВЕННОЕ БЮДЖЕТНОЕ УЧРЕЖДЕНИЕ ""НАЦИОНАЛЬНЫЙ ПАРК ""СЕНГИЛЕЕВСКИЕ ГОРЫ""";"ФЕДЕРАЛЬНОЕ ГОСУДАРСТВЕННОЕ БЮДЖЕТНОЕ УЧРЕЖДЕНИЕ ""НАЦИОНАЛЬНЫЙ ПАРК ""СЕНГИЛЕЕВСКИЕ ГОРЫ""";20.05.2026;29.05.2026;Закупка завершена;;;27.05.2026;
44-ФЗ;№0137200001226004377;Электронный аукцион;Поставка лекарственного препарата для медицинского применения (МНН Атезолизумаб) (Лот 8);;'262402702230540270100109750012120000;;;117573500.00;RUB;0;;;;;;"ГОСУДАРСТВЕННОЕ ПРЕДПРИЯТИЕ КАЛУЖСКОЙ ОБЛАСТИ ""КАЛУГАФАРМАЦИЯ""";МИНИСТЕРСТВО КОНКУРЕНТНОЙ ПОЛИТИКИ КАЛУЖСКОЙ ОБЛАСТИ;21.05.2026;29.05.2026;Закупка завершена;;;29.05.2026;
44-ФЗ;№0813500000126008824;Открытый конкурс в электронной форме;№ 11053 Мясо птицы охлажденное для нужд учреждений Устиновского р-на г.Ижевска;;263183430078018400100100040120000244, 263183430086018400100100080110000244, 263183430074018400100100040110000244, 263183430080718400100100060100000244, 263183430014818400100100070070000244, 263183430071918400100100030130000244, 263183430042018400100100050110000244, 263183430087818400100100030100000244, 263183430050018400100100060130000244, 262183430051818400100100130040000244, 263183430040518400100100050040000244, 263183430015518400100100060040000244, 263183430013018400100100030110000244, 263183404690318400100100030120000244, 263183430084618400100100170120000244, 263183402961918400100100040110000244, 263183402722718400100100060130000244, 263183430016218400100100050130000244, 263183430054018400100100060110000244, 263183430055718400100100050110000244, 263183430049018400100100040120000244, 263183430068418400100100040110000244, 263183430085318400100100070120000244, 263183430072618400100100030060000244, 263183430067718400100100060110000244, 263183430024318400100100050040000244, 263183430081418400100100090130000244, 262183104832418400100100140120000244, 263183430007418400100100050040000244;;;7869948.60;RUB;0;;;;;;;"ГОСУДАРСТВЕННОЕ КАЗЕННОЕ УЧРЕЖДЕНИЕ УДМУРТСКОЙ РЕСПУБЛИКИ ""РЕГИОНАЛЬНЫЙ ЦЕНТР ЗАКУПОК УДМУРТСКОЙ РЕСПУБЛИКИ""";13.05.2026;29.05.2026;Закупка завершена;;;29.05.2026;
44-ФЗ;№0860200000826004467;Электронный аукцион;Услуги по предоставлению кредитов финансовыми организациями юридическим лицам;;'263644901538864490100100010046419730;;;15500000.00;RUB;0;;;;;;КОМИТЕТ ФИНАНСОВ АДМИНИСТРАЦИИ ЭНГЕЛЬССКОГО МУНИЦИПАЛЬНОГО РАЙОНА;"ГОСУДАРСТВЕННОЕ КАЗЕННОЕ УЧРЕЖДЕНИЕ САРАТОВСКОЙ ОБЛАСТИ ""ГОСУДАРСТВЕННОЕ АГЕНТСТВО ПО ЦЕНТРАЛИЗАЦИИ ЗАКУПОК""";19.05.2026;29.05.2026;Закупка завершена;;;27.05.2026;
44-ФЗ;№0860200000826004468;Электронный аукцион;Услуги по предоставлению кредитов финансовыми организациями юридическим лицам;;'263644901538864490100100010066419730;;;15500000.00;RUB;0;;;;;;КОМИТЕТ ФИНАНСОВ АДМИНИСТРАЦИИ ЭНГЕЛЬССКОГО МУНИЦИПАЛЬНОГО РАЙОНА;"ГОСУДАРСТВЕННОЕ КАЗЕННОЕ УЧРЕЖДЕНИЕ САРАТОВСКОЙ ОБЛАСТИ ""ГОСУДАРСТВЕННОЕ АГЕНТСТВО ПО ЦЕНТРАЛИЗАЦИИ ЗАКУПОК""";19.05.2026;29.05.2026;Закупка завершена;;;27.05.2026;
44-ФЗ;№0820500000826002651;Электронный аукцион;ПАЛБОЦИКЛИБ;;'262251107670125110100100060242120244;;;6224739.55;RUB;0;;;;;;"КРАЕВОЕ ГОСУДАРСТВЕННОЕ БЮДЖЕТНОЕ УЧРЕЖДЕНИЕ ЗДРАВООХРАНЕНИЯ ""УССУРИЙСКАЯ ЦЕНТРАЛЬНАЯ ГОРОДСКАЯ БОЛЬНИЦА""";"КРАЕВОЕ ГОСУДАРСТВЕННОЕ КАЗЕННОЕ УЧРЕЖДЕНИЕ ""ЦЕНТР ГОСУДАРСТВЕННЫХ ЗАКУПОК ПРИМОРСКОГО КРАЯ""";19.05.2026;29.05.2026;Закупка завершена;;;28.05.2026;
44-ФЗ;№0816500000626008874;Электронный аукцион;Приобретение 3 (трех) жилых помещений (благоустроенных квартир) у застройщика в жилом доме, введенном в эксплуатацию, в с. Нуорагана, Мегино-Кангаласского района, Республики Саха (Якутия), в рамках реализации республиканской адресной программы «Переселение граждан из аварийного жилищного фонда на 2025-2028 года».;;'262143533916814350100101180014120412;;;14943502.80;RUB;0;;;;;;"ГОСУДАРСТВЕННОЕ КАЗЕННОЕ УЧРЕЖДЕНИЕ РЕСПУБЛИКИ САХА (ЯКУТИЯ) ""ДИРЕКЦИЯ ЖИЛИЩНОГО СТРОИТЕЛЬСТВА РЕСПУБЛИКИ САХА (ЯКУТИЯ)""";"ГОСУДАРСТВЕННОЕ КАЗЕННОЕ УЧРЕЖДЕНИЕ РЕСПУБЛИКИ САХА (ЯКУТИЯ) ""ЦЕНТР ЗАКУПОК РЕСПУБЛИКИ САХА (ЯКУТИЯ)""";21.05.2026;29.05.2026;Закупка завершена;;;29.05.2026;
44-ФЗ;№0816500000626008870;Электронный аукцион;Приобретение 3 (трех) жилых помещений (благоустроенных квартир) у лица, являющегося застройщиком, в строящемся жилом доме в г. Олекминск, Олекминского района, Республики Саха (Якутия), в рамках реализации республиканской адресной программы «Переселение граждан из аварийного жилищного фонда на 2025-2028 года».;;'262143533916814350100101120014120412;;;18828619.15;RUB;0;;;;;;"ГОСУДАРСТВЕННОЕ КАЗЕННОЕ УЧРЕЖДЕНИЕ РЕСПУБЛИКИ САХА (ЯКУТИЯ) ""ДИРЕКЦИЯ ЖИЛИЩНОГО СТРОИТЕЛЬСТВА РЕСПУБЛИКИ САХА (ЯКУТИЯ)""";"ГОСУДАРСТВЕННОЕ КАЗЕННОЕ УЧРЕЖДЕНИЕ РЕСПУБЛИКИ САХА (ЯКУТИЯ) ""ЦЕНТР ЗАКУПОК РЕСПУБЛИКИ САХА (ЯКУТИЯ)""";21.05.2026;29.05.2026;Закупка завершена;;;29.05.2026;
44-ФЗ;№0816500000626008875;Электронный аукцион;Приобретение 3 (трех) жилых помещений (благоустроенных квартир) у лица, являющегося застройщиком, в строящемся жилом доме в г. Олекминск, Олекминского района, Республики Саха (Якутия), в рамках реализации республиканской адресной программы «Переселение граждан из аварийного жилищного фонда на 2025-2028 года».;;'262143533916814350100101100014120412;;;17715940.63;RUB;0;;;;;;"ГОСУДАРСТВЕННОЕ КАЗЕННОЕ УЧРЕЖДЕНИЕ РЕСПУБЛИКИ САХА (ЯКУТИЯ) ""ДИРЕКЦИЯ ЖИЛИЩНОГО СТРОИТЕЛЬСТВА РЕСПУБЛИКИ САХА (ЯКУТИЯ)""";"ГОСУДАРСТВЕННОЕ КАЗЕННОЕ УЧРЕЖДЕНИЕ РЕСПУБЛИКИ САХА (ЯКУТИЯ) ""ЦЕНТР ЗАКУПОК РЕСПУБЛИКИ САХА (ЯКУТИЯ)""";21.05.2026;29.05.2026;Закупка завершена;;;29.05.2026;
44-ФЗ;№0816500000626008702;Электронный аукцион;Приобретение 2 (двух) жилых помещений (благоустроенных квартир) у лица, являющегося застройщиком, в строящемся жилом доме в с. Борогонцы, Усть-Алданского района, Республики Саха (Якутия), в рамках реализации республиканской адресной программы «Переселение граждан из аварийного жилищного фонда на 2025-2028 года».;;'262143533916814350100100850014120412;;;16024462.65;RUB;0;;;;;;"ГОСУДАРСТВЕННОЕ КАЗЕННОЕ УЧРЕЖДЕНИЕ РЕСПУБЛИКИ САХА (ЯКУТИЯ) ""ДИРЕКЦИЯ ЖИЛИЩНОГО СТРОИТЕЛЬСТВА РЕСПУБЛИКИ САХА (ЯКУТИЯ)""";"ГОСУДАРСТВЕННОЕ КАЗЕННОЕ УЧРЕЖДЕНИЕ РЕСПУБЛИКИ САХА (ЯКУТИЯ) ""ЦЕНТР ЗАКУПОК РЕСПУБЛИКИ САХА (ЯКУТИЯ)""";20.05.2026;29.05.2026;Закупка завершена;;;28.05.2026;
44-ФЗ;№0816500000626008876;Электронный аукцион;Приобретение 2 (двух) жилых помещений (благоустроенных квартир) у лица, являющегося застройщиком, в строящемся жилом доме в г. Олекминск, Олекминского района, Республики Саха (Якутия), в рамках реализации республиканской адресной программы «Переселение граждан из аварийного жилищного фонда на 2025-2028 года».;;'262143533916814350100101110014120412;;;17051935.43;RUB;0;;;;;;"ГОСУДАРСТВЕННОЕ КАЗЕННОЕ УЧРЕЖДЕНИЕ РЕСПУБЛИКИ САХА (ЯКУТИЯ) ""ДИРЕКЦИЯ ЖИЛИЩНОГО СТРОИТЕЛЬСТВА РЕСПУБЛИКИ САХА (ЯКУТИЯ)""";"ГОСУДАРСТВЕННОЕ КАЗЕННОЕ УЧРЕЖДЕНИЕ РЕСПУБЛИКИ САХА (ЯКУТИЯ) ""ЦЕНТР ЗАКУПОК РЕСПУБЛИКИ САХА (ЯКУТИЯ)""";21.05.2026;29.05.2026;Закупка завершена;;;29.05.2026;
44-ФЗ;№0816500000626008705;Электронный аукцион;Приобретение 3 (трех) жилых помещений (благоустроенных квартир) у лица, являющегося застройщиком, в строящемся жилом доме в с. Борогонцы, Усть-Алданского района, Республики Саха (Якутия), в рамках реализации республиканской адресной программы «Переселение граждан из аварийного жилищного фонда на 2025-2028 года».;;'262143533916814350100100840014120412;;;18304983.90;RUB;0;;;;;;"ГОСУДАРСТВЕННОЕ КАЗЕННОЕ УЧРЕЖДЕНИЕ РЕСПУБЛИКИ САХА (ЯКУТИЯ) ""ДИРЕКЦИЯ ЖИЛИЩНОГО СТРОИТЕЛЬСТВА РЕСПУБЛИКИ САХА (ЯКУТИЯ)""";"ГОСУДАРСТВЕННОЕ КАЗЕННОЕ УЧРЕЖДЕНИЕ РЕСПУБЛИКИ САХА (ЯКУТИЯ) ""ЦЕНТР ЗАКУПОК РЕСПУБЛИКИ САХА (ЯКУТИЯ)""";20.05.2026;29.05.2026;Закупка завершена;;;28.05.2026;
44-ФЗ;№0816500000626008697;Электронный аукцион;Приобретение 2 (двух) жилых помещений (благоустроенных квартир) путем участия в долевом строительстве многоквартирного дома в г. Алдан, Алданского района, Республики Саха (Якутия), в рамках реализации республиканской адресной программы «Переселение граждан из аварийного жилищного фонда на 2025-2028 года».;;'262143533916814350100100720014120412;;;17631809.44;RUB;0;;;;;;"ГОСУДАРСТВЕННОЕ КАЗЕННОЕ УЧРЕЖДЕНИЕ РЕСПУБЛИКИ САХА (ЯКУТИЯ) ""ДИРЕКЦИЯ ЖИЛИЩНОГО СТРОИТЕЛЬСТВА РЕСПУБЛИКИ САХА (ЯКУТИЯ)""";"ГОСУДАРСТВЕННОЕ КАЗЕННОЕ УЧРЕЖДЕНИЕ РЕСПУБЛИКИ САХА (ЯКУТИЯ) ""ЦЕНТР ЗАКУПОК РЕСПУБЛИКИ САХА (ЯКУТИЯ)""";20.05.2026;29.05.2026;Закупка завершена;;;28.05.2026;
44-ФЗ;№0816500000626008709;Электронный аукцион;Приобретение 2 (двух) жилых помещений (благоустроенных квартир) у лица, являющегося застройщиком, в строящемся жилом доме в с. Борогонцы, Усть-Алданского района, Республики Саха (Якутия), в рамках реализации республиканской адресной программы «Переселение граждан из аварийного жилищного фонда на 2025-2028 года».;;'262143533916814350100100860014120412;;;19186785.45;RUB;0;;;;;;"ГОСУДАРСТВЕННОЕ КАЗЕННОЕ УЧРЕЖДЕНИЕ РЕСПУБЛИКИ САХА (ЯКУТИЯ) ""ДИРЕКЦИЯ ЖИЛИЩНОГО СТРОИТЕЛЬСТВА РЕСПУБЛИКИ САХА (ЯКУТИЯ)""";"ГОСУДАРСТВЕННОЕ КАЗЕННОЕ УЧРЕЖДЕНИЕ РЕСПУБЛИКИ САХА (ЯКУТИЯ) ""ЦЕНТР ЗАКУПОК РЕСПУБЛИКИ САХА (ЯКУТИЯ)""";20.05.2026;29.05.2026;Закупка завершена;;;28.05.2026;
44-ФЗ;№0816500000626008691;Электронный аукцион;Приобретение 1 (одного) жилого помещения (благоустроенной квартиры) путем участия в долевом строительстве многоквартирного дома в г. Алдан, Алданского района, Республики Саха (Якутия), в рамках реализации республиканской адресной программы «Переселение граждан из аварийного жилищного фонда на 2025-2028 года».;;'262143533916814350100100310014120412;;;8482840.80;RUB;0;;;;;;"ГОСУДАРСТВЕННОЕ КАЗЕННОЕ УЧРЕЖДЕНИЕ РЕСПУБЛИКИ САХА (ЯКУТИЯ) ""ДИРЕКЦИЯ ЖИЛИЩНОГО СТРОИТЕЛЬСТВА РЕСПУБЛИКИ САХА (ЯКУТИЯ)""";"ГОСУДАРСТВЕННОЕ КАЗЕННОЕ УЧРЕЖДЕНИЕ РЕСПУБЛИКИ САХА (ЯКУТИЯ) ""ЦЕНТР ЗАКУПОК РЕСПУБЛИКИ САХА (ЯКУТИЯ)""";20.05.2026;29.05.2026;Закупка завершена;;;28.05.2026;
44-ФЗ;№0816500000626008693;Электронный аукцион;Приобретение 1 (одного) жилого помещения (благоустроенной квартиры) путем участия в долевом строительстве многоквартирного дома в г. Алдан, Алданского района, Республики Саха (Якутия), в рамках реализации республиканской адресной программы «Переселение граждан из аварийного жилищного фонда на 2025-2028 года».;;'262143533916814350100100320014120412;;;10501040.48;RUB;0;;;;;;"ГОСУДАРСТВЕННОЕ КАЗЕННОЕ УЧРЕЖДЕНИЕ РЕСПУБЛИКИ САХА (ЯКУТИЯ) ""ДИРЕКЦИЯ ЖИЛИЩНОГО СТРОИТЕЛЬСТВА РЕСПУБЛИКИ САХА (ЯКУТИЯ)""";"ГОСУДАРСТВЕННОЕ КАЗЕННОЕ УЧРЕЖДЕНИЕ РЕСПУБЛИКИ САХА (ЯКУТИЯ) ""ЦЕНТР ЗАКУПОК РЕСПУБЛИКИ САХА (ЯКУТИЯ)""";20.05.2026;29.05.2026;Закупка завершена;;;28.05.2026;
44-ФЗ;№0139200000126005993;Запрос котировок в электронной форме;Поставка лекарственных препаратов (приобретение товаров в пользу граждан в целях их социального обеспечения);;'262420534966442050100100844132120323;;;6894169.20;RUB;0;;;;;;"ГОСУДАРСТВЕННОЕ КАЗЕННОЕ УЧРЕЖДЕНИЕ ЗДРАВООХРАНЕНИЯ ""АГЕНТСТВО ПО ЗАКУПКАМ В СФЕРЕ ЗДРАВООХРАНЕНИЯ""";ДЕПАРТАМЕНТ КОНТРАКТНОЙ СИСТЕМЫ КУЗБАССА;15.05.2026;29.05.2026;Закупка завершена;;;28.05.2026;
44-ФЗ;№0860200000826004469;Электронный аукцион;Услуги по предоставлению кредитов финансовыми организациями юридическим лицам;;'263644901538864490100100010096419730;;;17553114.50;RUB;0;;;;;;КОМИТЕТ ФИНАНСОВ АДМИНИСТРАЦИИ ЭНГЕЛЬССКОГО МУНИЦИПАЛЬНОГО РАЙОНА;"ГОСУДАРСТВЕННОЕ КАЗЕННОЕ УЧРЕЖДЕНИЕ САРАТОВСКОЙ ОБЛАСТИ ""ГОСУДАРСТВЕННОЕ АГЕНТСТВО ПО ЦЕНТРАЛИЗАЦИИ ЗАКУПОК""";19.05.2026;29.05.2026;Закупка завершена;;;27.05.2026;
44-ФЗ;№0801500001126000965;Электронный аукцион;Поставка специализированного продукта лечебного питания (Специализированный продукт детского диетического лечебного питания для детей старше 1 года, больных фенилкетонурией) для обеспечения отдельных категорий граждан, имеющих право на меры социальной поддержки, страдающих жизнеугрожающими и хроническими прогрессирующими редкими (орфанными) заболеваниями при оказании амбулаторно-поликлинической помощи за счет средств бюджета Республики Башкортостан в 2026г.;;'262027415782102740100106480021086323;;;26847488.00;RUB;0;;;;;;ГОСУДАРСТВЕННОЕ КАЗЕННОЕ УЧРЕЖДЕНИЕ УПРАВЛЕНИЕ МАТЕРИАЛЬНО-ТЕХНИЧЕСКОГО ОБЕСПЕЧЕНИЯ МИНИСТЕРСТВА ЗДРАВООХРАНЕНИЯ РЕСПУБЛИКИ БАШКОРТОСТАН;"ГОСУДАРСТВЕННОЕ КАЗЕННОЕ УЧРЕЖДЕНИЕ РЕСПУБЛИКИ БАШКОРТОСТАН ""РЕСПУБЛИКАНСКИЙ ЦЕНТР ТОРГОВ""";21.05.2026;29.05.2026;Закупка завершена;;;29.05.2026;
44-ФЗ;№0873200009826002313;Запрос котировок в электронной форме;Поставка лекарственного препарата (Иммуноглобулин человека нормальный  (ТН: Иммуноглобулин Сигардис МТ)) для обеспечения пациента на основании решения врачебной комиссии (УНЗ: Z2618467 - повторная закупка);;'262771433860977140100108844090000323;;;5121720.00;RUB;0;;;;;;"ГОСУДАРСТВЕННОЕ КАЗЕННОЕ УЧРЕЖДЕНИЕ ГОРОДА МОСКВЫ ""АГЕНТСТВО ПО ЗАКУПКАМ (КОНТРАКТНАЯ СЛУЖБА) ДЕПАРТАМЕНТА ЗДРАВООХРАНЕНИЯ ГОРОДА МОСКВЫ""";"ГОСУДАРСТВЕННОЕ КАЗЕННОЕ УЧРЕЖДЕНИЕ ГОРОДА МОСКВЫ ""АГЕНТСТВО ПО ЗАКУПКАМ (КОНТРАКТНАЯ СЛУЖБА) ДЕПАРТАМЕНТА ЗДРАВООХРАНЕНИЯ ГОРОДА МОСКВЫ""";22.05.2026;29.05.2026;Закупка завершена;;;29.05.2026;
44-ФЗ;№0869200000226004391;Электронный аукцион;Выполнение работ, связанных с осуществлением регулярных перевозок по регулируемым тарифам по межмуниципальному маршруту № 215 «Микрорайон Дарьино - Город Челябинск (улица Академика Сахарова)»;;'262745145069374510100100200024931244;;;39591180.00;RUB;0;;;;;;"ОБЛАСТНОЕ ГОСУДАРСТВЕННОЕ КАЗЕННОЕ УЧРЕЖДЕНИЕ ""ОРГАНИЗАТОР ПЕРЕВОЗОК ЧЕЛЯБИНСКОЙ ОБЛАСТИ""";"ГОСУДАРСТВЕННОЕ КАЗЕННОЕ УЧРЕЖДЕНИЕ ""ЦЕНТР ОРГАНИЗАЦИИ ЗАКУПОК ЧЕЛЯБИНСКОЙ ОБЛАСТИ""";20.05.2026;29.05.2026;Закупка завершена;;;28.05.2026;
44-ФЗ;№0860200000826004473;Электронный аукцион;Услуги по предоставлению кредитов финансовыми организациями юридическим лицам;;'263644901538864490100100010056419730;;;15500000.00;RUB;0;;;;;;КОМИТЕТ ФИНАНСОВ АДМИНИСТРАЦИИ ЭНГЕЛЬССКОГО МУНИЦИПАЛЬНОГО РАЙОНА;"ГОСУДАРСТВЕННОЕ КАЗЕННОЕ УЧРЕЖДЕНИЕ САРАТОВСКОЙ ОБЛАСТИ ""ГОСУДАРСТВЕННОЕ АГЕНТСТВО ПО ЦЕНТРАЛИЗАЦИИ ЗАКУПОК""";19.05.2026;29.05.2026;Закупка завершена;;;27.05.2026;
44-ФЗ;№0329200021026000001;Электронный аукцион;Выполнение работ по капитальному ремонту авиационной техники (планеров самолетов АН-2);;'262344506679534540100100030013030244;;;36600000.00;RUB;0;;;;;;"ГОСУДАРСТВЕННОЕ АВТОНОМНОЕ УЧРЕЖДЕНИЕ ДОПОЛНИТЕЛЬНОГО ОБРАЗОВАНИЯ ВОЛГОГРАДСКОЙ ОБЛАСТИ ""СПОРТИВНАЯ ШКОЛА ""ЮНЫЙ ЯСТРЕБ""  ИМЕНИ ГЕРОЯ СОВЕТСКОГО СОЮЗА А.М.ЧИСЛОВА""";"ГОСУДАРСТВЕННОЕ АВТОНОМНОЕ УЧРЕЖДЕНИЕ ДОПОЛНИТЕЛЬНОГО ОБРАЗОВАНИЯ ВОЛГОГРАДСКОЙ ОБЛАСТИ ""СПОРТИВНАЯ ШКОЛА ""ЮНЫЙ ЯСТРЕБ""  ИМЕНИ ГЕРОЯ СОВЕТСКОГО СОЮЗА А.М.ЧИСЛОВА""";20.05.2026;29.05.2026;Закупка завершена;;;28.05.2026;
44-ФЗ;№0351300298626000067;Электронный аукцион;Выполнение работ по нанесению горизонтальной дорожной разметки лакокрасочными материалами в городе Новосибирск;;'263540707033954060100100920014211244;;;7500000.00;RUB;0;;;;;;"МУНИЦИПАЛЬНОЕ БЮДЖЕТНОЕ УЧРЕЖДЕНИЕ ГОРОДА НОВОСИБИРСКА ""ГОРОДСКОЙ ЦЕНТР ОРГАНИЗАЦИИ ДОРОЖНОГО ДВИЖЕНИЯ""";"МУНИЦИПАЛЬНОЕ БЮДЖЕТНОЕ УЧРЕЖДЕНИЕ ГОРОДА НОВОСИБИРСКА ""ГОРОДСКОЙ ЦЕНТР ОРГАНИЗАЦИИ ДОРОЖНОГО ДВИЖЕНИЯ""";21.05.2026;29.05.2026;Закупка завершена;;;29.05.2026;
44-ФЗ;№0191300003826000124;Запрос котировок в электронной форме;Приобретение в муниципальную собственность благоустроенного жилого помещения (2 комнатная квартира) на территории пгт. Новая Чара Каларского округа Забайкальского края, по решению Каларского районного суда. Лот №2;;'263750600031175060100101640016810412;;;6333333.33;RUB;0;;;;;;АДМИНИСТРАЦИЯ КАЛАРСКОГО МУНИЦИПАЛЬНОГО ОКРУГА ЗАБАЙКАЛЬСКОГО КРАЯ;АДМИНИСТРАЦИЯ КАЛАРСКОГО МУНИЦИПАЛЬНОГО ОКРУГА ЗАБАЙКАЛЬСКОГО КРАЯ;20.05.2026;29.05.2026;Закупка завершена;;;27.05.2026;
223-ФЗ;№32615891013;Иной способ;КО-035-ПИР-СМР-ИП-26 в электронной форме на электронной торговой площадке на право заключения договора на выполнение комплекса работ по объектам: Объект № 1 - Реконструкция скважин по адресу Тюменская область, Исетский район, 700 м северо-восточнее с.Слобода-Бешкиль, сооружение 1, сооружение 2, сооружение 3 в составе мероприятия «Реконструкция скважин водозабора с. Слобода-Бешкиль». Объект № 2 – Реконструкция скважин водозабора с. Рафайлово.проводимый централизованно ООО «УК «РОСВОДОКАНАЛ» для нужд ООО «Тюмень Водоканал»;;;1;Выполнение комплекса работ по объектам:  Объект № 1 - Реконструкция скважин по адресу Тюменская область, Исетский район, 700 м северо-восточнее с.Слобода-Бешкиль, сооружение 1, сооружение 2, сооружение 3 в составе мероприятия «Реконструкция скважин водозабора с. Слобода-Бешкиль».  Объект № 2 - Реконструкция скважин водозабора с. Рафайлово;34548705.30;RUB;34548705.30;;;;71.12.19.100: Услуги по инженерно-техническому проектированию прочих объектов, кроме объектов культурного наследия,42.21.13.110: Скважина водозаборная;;"ОБЩЕСТВО С ОГРАНИЧЕННОЙ ОТВЕТСТВЕННОСТЬЮ ""ТЮМЕНЬ ВОДОКАНАЛ""";"ОБЩЕСТВО С ОГРАНИЧЕННОЙ ОТВЕТСТВЕННОСТЬЮ ""ТЮМЕНЬ ВОДОКАНАЛ""";08.04.2026;29.05.2026;Закупка завершена;;;06.05.2026 14:00;
44-ФЗ;№0860200000826004472;Электронный аукцион;Услуги по предоставлению кредитов финансовыми организациями юридическим лицам;;'263644901538864490100100010076419730;;;15500000.00;RUB;0;;;;;;КОМИТЕТ ФИНАНСОВ АДМИНИСТРАЦИИ ЭНГЕЛЬССКОГО МУНИЦИПАЛЬНОГО РАЙОНА;"ГОСУДАРСТВЕННОЕ КАЗЕННОЕ УЧРЕЖДЕНИЕ САРАТОВСКОЙ ОБЛАСТИ ""ГОСУДАРСТВЕННОЕ АГЕНТСТВО ПО ЦЕНТРАЛИЗАЦИИ ЗАКУПОК""";19.05.2026;29.05.2026;Закупка завершена;;;27.05.2026;
44-ФЗ;№0121200004726000612;Электронный аукцион;Поставка ГСМ;;'262260800372126080100100160021920244;;;9476550.00;RUB;0;;;;;;"ГОСУДАРСТВЕННОЕ БЮДЖЕТНОЕ УЧРЕЖДЕНИЕ ЗДРАВООХРАНЕНИЯ СТАВРОПОЛЬСКОГО КРАЯ ""ИПАТОВСКАЯ РАЙОННАЯ БОЛЬНИЦА""";КОМИТЕТ СТАВРОПОЛЬСКОГО КРАЯ ПО ГОСУДАРСТВЕННЫМ ЗАКУПКАМ;21.05.2026;29.05.2026;Закупка завершена;;;29.05.2026;
44-ФЗ;№0860200000826004470;Электронный аукцион;Услуги по предоставлению кредитов финансовыми организациями юридическим лицам;;'263644901538864490100100010086419730;;;15500000.00;RUB;0;;;;;;КОМИТЕТ ФИНАНСОВ АДМИНИСТРАЦИИ ЭНГЕЛЬССКОГО МУНИЦИПАЛЬНОГО РАЙОНА;"ГОСУДАРСТВЕННОЕ КАЗЕННОЕ УЧРЕЖДЕНИЕ САРАТОВСКОЙ ОБЛАСТИ ""ГОСУДАРСТВЕННОЕ АГЕНТСТВО ПО ЦЕНТРАЛИЗАЦИИ ЗАКУПОК""";19.05.2026;29.05.2026;Закупка завершена;;;27.05.2026;
223-ФЗ;№32616060778;Иной способ;Поставка спецодежды, спецобуви, СИЗ и форменной одежды;;;1;Поставка спецодежды, спецобуви, СИЗ и форменной одежды;10000000.00;RUB;10000000.00;;;;14.12.11.120: Костюмы мужские производственные и профессиональные,14.12.21.110: Комплекты женские производственные и профессиональные,14.12.11.130: Куртки (пиджаки) и блейзеры мужские производственные и профессиональные,14.12.12.120: Комбинезоны мужские с нагрудниками и лямками (полукомбинезоны) производственные и профессиональные,14.12.30.111: Пальто, полупальто и плащи мужские производственные и профессиональные,14.12.12.110: Брюки мужские производственные и профессиональные,14.12.21.130: Куртки (жакеты) и блейзеры женские производственные и профессиональные,14.12.22.110: Брюки женские производственные и профессиональные,14.12.30.131: Халаты, фартуки, жилеты и сорочки мужские производственные и профессиональные,14.14.12.110: Кальсоны мужские или для мальчиков трикотажные или вязаные,14.14.30.110: Футболки трикотажные или вязаные,14.12.30.150: Рукавицы, перчатки производственные и профессиональные,14.19.42.141: Фуражки и кепи швейные мужские или для мальчиков,32.99.11.160: Средства защиты головы и лица,14.19.43.119: Уборы головные мужские или для мальчиков меховые комбинированные с другими материалами,32.50.42.120: Очки защитные,32.99.11.170: Средства защиты органов слуха,32.99.11.120: Респираторы,15.20.32.122: Обувь специальная кожаная для защиты от механических воздействий,15.20.32.128: Обувь специальная из полимерных материалов для защиты от механических воздействий,22.19.72.000: Покрытия и коврики напольные из вулканизированной резины, кроме пористой,15.20.32.126: Обувь специальная валяная для защиты от повышенных температур,14.12.30.132: Юбки, халаты, блузки, фартуки, жилеты, платья и сорочки женские производственные и профессиональные,14.39.10.110: Джемперы трикотажные или вязаные,14.12.30.112: Пальто, полупальто и плащи женские производственные и профессиональные,14.19.13.000: Перчатки, рукавицы (варежки) и митенки трикотажные или вязаные,14.19.31.119: Перчатки защитные, рукавицы, варежки, митенки из натуральной или композиционной кожи, не включенные в другие группировки,15.20.31.000: Обувь с защитным металлическим подноском,15.20.12.121: Сандалии, босоножки, туфли открытые женские и для девочек на подошве и с верхом из резины или пластмассы,15.20.11.113: Сапоги резиновые,21.20.10.243: Препараты для уничтожения эктопаразитов (включая чесоточного клеща), инсектициды и репелленты,20.42.15.120: Средства для очистки кожи лица (в том числе для удаления косметики и грима),20.42.15.150: Средства защитные для кожи (включая солнцезащитные и для загара), не включенные в другие группировки,20.42.15.190: Средства косметические для ухода за кожей прочие, не включенные в другие группировки,32.99.11.199: Средства индивидуальной защиты прочие, не включенные в другие группировки;;"ОБЩЕСТВО С ОГРАНИЧЕННОЙ ОТВЕТСТВЕННОСТЬЮ ""НИЖНЕВАРТОВСК АЭРО""";"ОБЩЕСТВО С ОГРАНИЧЕННОЙ ОТВЕТСТВЕННОСТЬЮ ""НИЖНЕВАРТОВСК АЭРО""";29.05.2026;29.05.2026;Закупка завершена;;;29.05.2026 14:00;
44-ФЗ;№0102200001626001288;Электронный аукцион;Оказание услуг по предоставлению сертификата на осуществление круглосуточного мониторинга и реагирования на инциденты информационной безопасности с предоставлением прав на программное обеспечение;;'262030000711003000100100960016202244;;;5706700.00;RUB;0;;;;;;"ГОСУДАРСТВЕННОЕ БЮДЖЕТНОЕ УЧРЕЖДЕНИЕ РЕСПУБЛИКИ БУРЯТИЯ ""ИНФОРМАЦИОННО-ТЕХНОЛОГИЧЕСКИЙ ЦЕНТР""";РЕСПУБЛИКАНСКОЕ АГЕНТСТВО ПО ГОСУДАРСТВЕННЫМ ЗАКУПКАМ;20.05.2026;29.05.2026;Закупка завершена;;;29.05.2026;
44-ФЗ;№0111300000826000153;Электронный аукцион;Выполнение работ по содержанию и ремонту дорог, мостов, подземных переходов и объектов дорожного хозяйства, содержанию и уходу за зелёными насаждениями и объектами благоустройства для нужд МКУ «Исполнительный комитет муниципального образования город Набережные Челны Республики Татарстан»;;'263165013516616500100100580014211244;;;175822320.00;RUB;0;;;;;;"МУНИЦИПАЛЬНОЕ КАЗЕННОЕ УЧРЕЖДЕНИЕ ""ИСПОЛНИТЕЛЬНЫЙ КОМИТЕТ МУНИЦИПАЛЬНОГО ОБРАЗОВАНИЯ ГОРОД НАБЕРЕЖНЫЕ ЧЕЛНЫ РЕСПУБЛИКИ ТАТАРСТАН""";"МУНИЦИПАЛЬНОЕ КАЗЕННОЕ УЧРЕЖДЕНИЕ ""ИСПОЛНИТЕЛЬНЫЙ КОМИТЕТ МУНИЦИПАЛЬНОГО ОБРАЗОВАНИЯ ГОРОД НАБЕРЕЖНЫЕ ЧЕЛНЫ РЕСПУБЛИКИ ТАТАРСТАН""";21.05.2026;29.05.2026;Закупка завершена;;;29.05.2026;
44-ФЗ;№0351100002926000753;Электронный аукцион;Поставка лекарственного препарата для медицинского применения (БЕВАЦИЗУМАБ);;'261540810634854080100100032780000244;;;8963560.00;RUB;0;;;;;;"ФЕДЕРАЛЬНОЕ ГОСУДАРСТВЕННОЕ БЮДЖЕТНОЕ УЧРЕЖДЕНИЕ ""НАЦИОНАЛЬНЫЙ МЕДИЦИНСКИЙ ИССЛЕДОВАТЕЛЬСКИЙ ЦЕНТР ИМЕНИ АКАДЕМИКА Е.Н. МЕШАЛКИНА"" МИНИСТЕРСТВА ЗДРАВООХРАНЕНИЯ РОССИЙСКОЙ ФЕДЕРАЦИИ";"ФЕДЕРАЛЬНОЕ ГОСУДАРСТВЕННОЕ БЮДЖЕТНОЕ УЧРЕЖДЕНИЕ ""НАЦИОНАЛЬНЫЙ МЕДИЦИНСКИЙ ИССЛЕДОВАТЕЛЬСКИЙ ЦЕНТР ИМЕНИ АКАДЕМИКА Е.Н. МЕШАЛКИНА"" МИНИСТЕРСТВА ЗДРАВООХРАНЕНИЯ РОССИЙСКОЙ ФЕДЕРАЦИИ";21.05.2026;29.05.2026;Закупка завершена;;;29.05.2026;
44-ФЗ;№0380100006126000064;Электронный аукцион на проведение работ по строительству, реконструкции, кап. ремонту, сносу объекта кап. строительства в соответствии с п. 8 ч. 1 ст. 33 Закона № 44-ФЗ;на выполнение работ по проведению капитального ремонта системы вентиляции корпуса «Чайка».;;'261191100065619110100101170014322243;;;7738247.22;RUB;0;;;;;;"ФЕДЕРАЛЬНОЕ ГОСУДАРСТВЕННОЕ БЮДЖЕТНОЕ УЧРЕЖДЕНИЕ ДЕТСКИЙ САНАТОРИЙ ""ОЗЕРО ШИРА"" МИНИСТЕРСТВА ЗДРАВООХРАНЕНИЯ РОССИЙСКОЙ ФЕДЕРАЦИИ";"ФЕДЕРАЛЬНОЕ ГОСУДАРСТВЕННОЕ БЮДЖЕТНОЕ УЧРЕЖДЕНИЕ ДЕТСКИЙ САНАТОРИЙ ""ОЗЕРО ШИРА"" МИНИСТЕРСТВА ЗДРАВООХРАНЕНИЯ РОССИЙСКОЙ ФЕДЕРАЦИИ";20.05.2026;29.05.2026;Закупка завершена;;;28.05.2026;
44-ФЗ;№0815500000526006782;Запрос котировок в электронной форме;на поставку медицинского изделия - Система мониторинга нескольких жизненно важных физиологических показателей, клиническая (Оснащение (дооснащение и (или) переоснащение) медицинскими изделиями перинатальных центров и родильных домов (отделений), в том числе в составе других организаций), ввод в эксплуатацию медицинского изделия, обучение правилам эксплуатации специалистов, эксплуатирующих медицинское изделие;;'262213009761421300100101110012660244;;;8982000.00;RUB;0;;;;;;"КАЗЕННОЕ УЧРЕЖДЕНИЕ ЧУВАШСКОЙ РЕСПУБЛИКИ ""ЦЕНТР РЕСУРСНОГО ОБЕСПЕЧЕНИЯ ГОСУДАРСТВЕННЫХ УЧРЕЖДЕНИЙ ЗДРАВООХРАНЕНИЯ"" МИНИСТЕРСТВА ЗДРАВООХРАНЕНИЯ ЧУВАШСКОЙ РЕСПУБЛИКИ";"КАЗЕННОЕ УЧРЕЖДЕНИЕ ЧУВАШСКОЙ РЕСПУБЛИКИ ""РЕГИОНАЛЬНЫЙ ЦЕНТР ЗАКУПОК ЧУВАШСКОЙ РЕСПУБЛИКИ""";08.05.2026;29.05.2026;Закупка завершена;;;18.05.2026;
223-ФЗ;№32616061329;Иной способ;«Оказание комплекса услуг по обслуживанию автоматизированной системы учета электроэнергии (АСУЭ) на объектах филиала ПАО «Россети Центр и Приволжье» - «Тулэнерго».;;;1;Оказание комплекса услуг по обслуживанию автоматизированной системы учета электроэнергии (АСУЭ) на объектах филиала ПАО «Россети Центр и Приволжье» - «Тулэнерго»;56100000.00;RUB;56100000.00;;;;43.21.10.290: Работы электромонтажные прочие, не включенные в другие группировки;;"ОБЩЕСТВО С ОГРАНИЧЕННОЙ ОТВЕТСТВЕННОСТЬЮ ""ИНФРАСТРУКТУРНЫЕ ИНВЕСТИЦИИ-3""";"ОБЩЕСТВО С ОГРАНИЧЕННОЙ ОТВЕТСТВЕННОСТЬЮ ""ИНФРАСТРУКТУРНЫЕ ИНВЕСТИЦИИ-3""";29.05.2026;29.05.2026;Закупка завершена;;;29.05.2026 12:00;
44-ФЗ;№0301100049626000739;Электронный аукцион;Текущий ремонт центральной части подвальных помещений учебного корпуса №13 ФГБОУ ВО БГМУ Минздрава России;;'261027402308802740100100600044399244;;;8839474.50;RUB;0;;;;;;"ФЕДЕРАЛЬНОЕ ГОСУДАРСТВЕННОЕ БЮДЖЕТНОЕ ОБРАЗОВАТЕЛЬНОЕ УЧРЕЖДЕНИЕ ВЫСШЕГО ОБРАЗОВАНИЯ ""БАШКИРСКИЙ ГОСУДАРСТВЕННЫЙ МЕДИЦИНСКИЙ УНИВЕРСИТЕТ"" МИНИСТЕРСТВА ЗДРАВООХРАНЕНИЯ РОССИЙСКОЙ ФЕДЕРАЦИИ";"ФЕДЕРАЛЬНОЕ ГОСУДАРСТВЕННОЕ БЮДЖЕТНОЕ ОБРАЗОВАТЕЛЬНОЕ УЧРЕЖДЕНИЕ ВЫСШЕГО ОБРАЗОВАНИЯ ""БАШКИРСКИЙ ГОСУДАРСТВЕННЫЙ МЕДИЦИНСКИЙ УНИВЕРСИТЕТ"" МИНИСТЕРСТВА ЗДРАВООХРАНЕНИЯ РОССИЙСКОЙ ФЕДЕРАЦИИ";18.05.2026;29.05.2026;Закупка завершена;;;28.05.2026;
44-ФЗ;№0801500001126000921;Электронный аукцион;Поставка лекарственного(-ых) препарата(-ов) для медицинского применения (Кабозантиниб) для обеспечения отдельных групп населения и граждан по категориям заболеваний, имеющих право на меры социальной поддержки при оказании амбулаторно-поликлинической помощи за счет средств бюджета Республики Башкортостан в 2026 году.;;'262027415782102740100101240022120323;;;26992350.00;RUB;0;;;;;;ГОСУДАРСТВЕННОЕ КАЗЕННОЕ УЧРЕЖДЕНИЕ УПРАВЛЕНИЕ МАТЕРИАЛЬНО-ТЕХНИЧЕСКОГО ОБЕСПЕЧЕНИЯ МИНИСТЕРСТВА ЗДРАВООХРАНЕНИЯ РЕСПУБЛИКИ БАШКОРТОСТАН;"ГОСУДАРСТВЕННОЕ КАЗЕННОЕ УЧРЕЖДЕНИЕ РЕСПУБЛИКИ БАШКОРТОСТАН ""РЕСПУБЛИКАНСКИЙ ЦЕНТР ТОРГОВ""";14.05.2026;29.05.2026;Закупка завершена;;;29.05.2026;
44-ФЗ;№0164200001926001872;Электронный аукцион;Поставка иммунобиологического препарата для медицинского применения Аллерген туберкулезный рекомбинантный в стандартном разведении;;'262683100324168290100100150012120244;;;11318719.50;RUB;0;;;;;;МИНИСТЕРСТВО ЗДРАВООХРАНЕНИЯ ТАМБОВСКОЙ ОБЛАСТИ;МИНИСТЕРСТВО ИМУЩЕСТВЕННЫХ ОТНОШЕНИЙ И ГОСУДАРСТВЕННОГО ЗАКАЗА ТАМБОВСКОЙ ОБЛАСТИ;18.05.2026;29.05.2026;Закупка завершена;;;28.05.2026;
44-ФЗ;№0843500000226002733;Электронный аукцион;Поставка продуктов питания (молоко и кисломолочные продукты) на 2 полугодие 2026 года;;263450110702345010100100050011051244, 263450105627345010100100190011051244, 263450103421645010100100140011051244, 263450103193845010100100170011051244, 263450103234645010100100080011051244, 263450105016945010100100080011051244, 263450103133545010100100120011051244, 263450103186445010100100080011051244, 263450103277045010100100100011051244, 263450103433645010100100080011051244, 263450000150745000100100120011051244, 263450103322045010100100160011051244, 263450104976645010100100180011051244, 263450110706245010100100100011051244, 263450103506545010100100050011051244, 263450103251545010100100140011051244, 263450110966245010100100080011051244, 263450103295645010100100140011051244, 263450103828145010100100070011051244;;;21997998.30;RUB;0;;;;;;;"ГОСУДАРСТВЕННОЕ КАЗЕННОЕ УЧРЕЖДЕНИЕ ""ЦЕНТР ЗАКУПОК И БУХГАЛТЕРСКОГО УЧЕТА КУРГАНСКОЙ ОБЛАСТИ""";18.05.2026;29.05.2026;Закупка завершена;;;27.05.2026;
44-ФЗ;№0117300085526000116;Электронный аукцион;Выполнение строительных работ на объекте «Строительство городского кладбища»;;'263220901023722090100100110024299414;;;9091074.94;RUB;0;;;;;;"МУНИЦИПАЛЬНОЕ КАЗЕННОЕ УЧРЕЖДЕНИЕ ""УПРАВЛЕНИЕ КАПИТАЛЬНОГО СТРОИТЕЛЬСТВА"" ГОРОДА РУБЦОВСКА";АДМИНИСТРАЦИЯ ГОРОДА РУБЦОВСКА АЛТАЙСКОГО КРАЯ;20.05.2026;29.05.2026;Закупка завершена;;;28.05.2026;
44-ФЗ;№0340100000226000439;Электронный аукцион;Поставка лекарственного средства «МОСУНЕТУЗУМАБ»;;'261434600765643450100100144502120244;;;10541520.00;RUB;0;;;;;;"ФЕДЕРАЛЬНОЕ ГОСУДАРСТВЕННОЕ БЮДЖЕТНОЕ УЧРЕЖДЕНИЕ  НАУКИ ""КИРОВСКИЙ НАУЧНО-ИССЛЕДОВАТЕЛЬСКИЙ ИНСТИТУТ ГЕМАТОЛОГИИ И ПЕРЕЛИВАНИЯ КРОВИ ФЕДЕРАЛЬНОГО МЕДИКО-БИОЛОГИЧЕСКОГО АГЕНТСТВА""";"ФЕДЕРАЛЬНОЕ ГОСУДАРСТВЕННОЕ БЮДЖЕТНОЕ УЧРЕЖДЕНИЕ  НАУКИ ""КИРОВСКИЙ НАУЧНО-ИССЛЕДОВАТЕЛЬСКИЙ ИНСТИТУТ ГЕМАТОЛОГИИ И ПЕРЕЛИВАНИЯ КРОВИ ФЕДЕРАЛЬНОГО МЕДИКО-БИОЛОГИЧЕСКОГО АГЕНТСТВА""";15.05.2026;29.05.2026;Закупка завершена;;;28.05.2026;
44-ФЗ;№0364100001526000050;Электронный аукцион на проведение работ по строительству, реконструкции, кап. ремонту, сносу объекта кап. строительства в соответствии с п. 8 ч. 1 ст. 33 Закона № 44-ФЗ;Выполнение работ по комплексному капитальному ремонту здания Первомайского районного суда Тамбовской области.;;'261683101776668290100100570034339243;;;65140290.19;RUB;0;;;;;;УПРАВЛЕНИЕ СУДЕБНОГО ДЕПАРТАМЕНТА В ТАМБОВСКОЙ ОБЛАСТИ;УПРАВЛЕНИЕ СУДЕБНОГО ДЕПАРТАМЕНТА В ТАМБОВСКОЙ ОБЛАСТИ;20.05.2026;29.05.2026;Закупка завершена;;;28.05.2026;
44-ФЗ;№0141300028526000010;Электронный аукцион;Поставка теплообменников для котлов КВУ-1500;;'263440600343344060100100080012825244;;;6992000.00;RUB;0;;;;;;УПРАВЛЕНИЕ ЭКОНОМИКИ, ИМУЩЕСТВЕННО-ЗЕМЕЛЬНЫХ ОТНОШЕНИЙ И СЕЛЬСКОГО ХОЗЯЙСТВА АДМИНИСТРАЦИИ НЕЙСКОГО МУНИЦИПАЛЬНОГО ОКРУГА КОСТРОМСКОЙ ОБЛАСТИ;УПРАВЛЕНИЕ ЭКОНОМИКИ, ИМУЩЕСТВЕННО-ЗЕМЕЛЬНЫХ ОТНОШЕНИЙ И СЕЛЬСКОГО ХОЗЯЙСТВА АДМИНИСТРАЦИИ НЕЙСКОГО МУНИЦИПАЛЬНОГО ОКРУГА КОСТРОМСКОЙ ОБЛАСТИ;19.05.2026;29.05.2026;Закупка завершена;;;27.05.2026;
44-ФЗ;№0873200009826002333;Запрос котировок в электронной форме;Поставка лекарственного препарата (Леналидомид) для обеспечения граждан, имеющих право на получение государственной социальной помощи в городе Москве (УНЗ: Z2618700);;'262771433860977140100119830010000323;;;17264187.36;RUB;0;;;;;;"ГОСУДАРСТВЕННОЕ КАЗЕННОЕ УЧРЕЖДЕНИЕ ГОРОДА МОСКВЫ ""АГЕНТСТВО ПО ЗАКУПКАМ (КОНТРАКТНАЯ СЛУЖБА) ДЕПАРТАМЕНТА ЗДРАВООХРАНЕНИЯ ГОРОДА МОСКВЫ""";"ГОСУДАРСТВЕННОЕ КАЗЕННОЕ УЧРЕЖДЕНИЕ ГОРОДА МОСКВЫ ""АГЕНТСТВО ПО ЗАКУПКАМ (КОНТРАКТНАЯ СЛУЖБА) ДЕПАРТАМЕНТА ЗДРАВООХРАНЕНИЯ ГОРОДА МОСКВЫ""";22.05.2026;29.05.2026;Закупка завершена;;;29.05.2026;
44-ФЗ;№0122300006626000013;Электронный аукцион;Выполнение работ по текущему ремонту автомобильной дороги общего пользования местного значения «Подъезд к с. Павленково»;;'263271300691527130100100350014211244;;;8337808.14;RUB;0;;;;;;АДМИНИСТРАЦИЯ МУНИЦИПАЛЬНОГО РАЙОНА ИМЕНИ ЛАЗО ХАБАРОВСКОГО КРАЯ;АДМИНИСТРАЦИЯ МУНИЦИПАЛЬНОГО РАЙОНА ИМЕНИ ЛАЗО ХАБАРОВСКОГО КРАЯ;20.05.2026;29.05.2026;Закупка завершена;;;28.05.2026;
44-ФЗ;№0387200009126002178;Электронный аукцион;Поставка лекарственного препарата для медицинского применения Эноксапарин натрия;;'262861700564586020100100440462120244;;;10951360.00;RUB;0;;;;;;"БЮДЖЕТНОЕ УЧРЕЖДЕНИЕ ХАНТЫ-МАНСИЙСКОГО АВТОНОМНОГО ОКРУГА - ЮГРЫ ""СУРГУТСКАЯ ОКРУЖНАЯ КЛИНИЧЕСКАЯ БОЛЬНИЦА""";"КАЗЕННОЕ УЧРЕЖДЕНИЕ ХАНТЫ-МАНСИЙСКОГО АВТОНОМНОГО ОКРУГА - ЮГРЫ ""ЦЕНТР ЛЕКАРСТВЕННОГО МОНИТОРИНГА""";19.05.2026;29.05.2026;Закупка завершена;;;28.05.2026;
44-ФЗ;№0387200009126002170;Электронный аукцион;Поставка стентов для периферических артерий выделяющих лекарственное средство;;'262861700564586020100100380463250244;;;14035083.20;RUB;0;;;;;;"БЮДЖЕТНОЕ УЧРЕЖДЕНИЕ ХАНТЫ-МАНСИЙСКОГО АВТОНОМНОГО ОКРУГА - ЮГРЫ ""СУРГУТСКАЯ ОКРУЖНАЯ КЛИНИЧЕСКАЯ БОЛЬНИЦА""";"КАЗЕННОЕ УЧРЕЖДЕНИЕ ХАНТЫ-МАНСИЙСКОГО АВТОНОМНОГО ОКРУГА - ЮГРЫ ""ЦЕНТР ЛЕКАРСТВЕННОГО МОНИТОРИНГА""";18.05.2026;29.05.2026;Закупка завершена;;;28.05.2026;
44-ФЗ;№0888600000526000110;Запрос котировок в электронной форме;Приобретение жилого помещения (квартиры) в сельском поселении Лорино  Чукотского района Чукотского АО на вторичном рынке жилья;;'263870700085087070100100100034120412;;;10892360.36;RUB;0;;;;;;АДМИНИСТРАЦИЯ МУНИЦИПАЛЬНОГО ОБРАЗОВАНИЯ ЧУКОТСКИЙ МУНИЦИПАЛЬНЫЙ РАЙОН;"МУНИЦИПАЛЬНОЕ КАЗЕННОЕ УЧРЕЖДЕНИЕ ""УПРАВЛЕНИЕ ДЕЛАМИ И АРХИВАМИ АДМИНИСТРАЦИИ МУНИЦИПАЛЬНОГО ОБРАЗОВАНИЯ ЧУКОТСКИЙ МУНИЦИПАЛЬНЫЙ РАЙОН""";22.05.2026;29.05.2026;Закупка завершена;;;29.05.2026;
44-ФЗ;№0122200002526001815;Электронный аукцион;Выполнение работ по текущему ремонту помещений 10-го этажа административного здания;;'262272100181527210100101820014339244;;;6281955.56;RUB;0;;;;;;"КРАЕВОЕ ГОСУДАРСТВЕННОЕ КАЗЕННОЕ УЧРЕЖДЕНИЕ ""УПРАВЛЕНИЕ АДМИНИСТРАТИВНЫМИ ЗДАНИЯМИ ПРАВИТЕЛЬСТВА ХАБАРОВСКОГО КРАЯ""";КОМИТЕТ ГОСУДАРСТВЕННОГО ЗАКАЗА ПРАВИТЕЛЬСТВА ХАБАРОВСКОГО КРАЯ;19.05.2026;29.05.2026;Закупка завершена;;;28.05.2026;
44-ФЗ;№0379200000426000113;Электронный аукцион;Реагенты диагностические;;'262090102116509010100102020012120244;;;16521740.00;RUB;0;;;;;;"РЕСПУБЛИКАНСКОЕ ГОСУДАРСТВЕННОЕ БЮДЖЕТНОЕ ЛЕЧЕБНО-ПРОФИЛАКТИЧЕСКОЕ УЧРЕЖДЕНИЕ ""КАРАЧАЕВО-ЧЕРКЕССКАЯ РЕСПУБЛИКАНСКАЯ КЛИНИЧЕСКАЯ БОЛЬНИЦА""";"РЕСПУБЛИКАНСКОЕ ГОСУДАРСТВЕННОЕ БЮДЖЕТНОЕ ЛЕЧЕБНО-ПРОФИЛАКТИЧЕСКОЕ УЧРЕЖДЕНИЕ ""КАРАЧАЕВО-ЧЕРКЕССКАЯ РЕСПУБЛИКАНСКАЯ КЛИНИЧЕСКАЯ БОЛЬНИЦА""";19.05.2026;29.05.2026;Закупка завершена;;;27.05.2026;
44-ФЗ;№0873200009826002264;Запрос котировок в электронной форме;Поставка лекарственного препарата (Вальпроевая кислота) для обеспечения граждан, имеющих право на получение государственной социальной помощи в городе Москве (УНЗ Z2618735— повторная закупка).;;'262771433860977140100119800010000323;;;5817602.25;RUB;0;;;;;;"ГОСУДАРСТВЕННОЕ КАЗЕННОЕ УЧРЕЖДЕНИЕ ГОРОДА МОСКВЫ ""АГЕНТСТВО ПО ЗАКУПКАМ (КОНТРАКТНАЯ СЛУЖБА) ДЕПАРТАМЕНТА ЗДРАВООХРАНЕНИЯ ГОРОДА МОСКВЫ""";"ГОСУДАРСТВЕННОЕ КАЗЕННОЕ УЧРЕЖДЕНИЕ ГОРОДА МОСКВЫ ""АГЕНТСТВО ПО ЗАКУПКАМ (КОНТРАКТНАЯ СЛУЖБА) ДЕПАРТАМЕНТА ЗДРАВООХРАНЕНИЯ ГОРОДА МОСКВЫ""";22.05.2026;29.05.2026;Закупка завершена;;;29.05.2026;
44-ФЗ;№0187300001726000191;Электронный аукцион;Купля - продажа жилого помещения (квартиры) в гп. Пойковский  на территории Нефтеюганского района;;'263861900502386190100100090926810412;;;5812028.60;RUB;0;;;;;;ДЕПАРТАМЕНТ ИМУЩЕСТВЕННЫХ ОТНОШЕНИЙ НЕФТЕЮГАНСКОГО РАЙОНА;АДМИНИСТРАЦИЯ НЕФТЕЮГАНСКОГО РАЙОНА;18.05.2026;29.05.2026;Закупка завершена;;;27.05.2026;
44-ФЗ;№0187300001726000182;Электронный аукцион;Купля - продажа жилого помещения (квартиры) в гп. Пойковский  на территории Нефтеюганского района;;'263861900502386190100100090856810412;;;8053198.30;RUB;0;;;;;;ДЕПАРТАМЕНТ ИМУЩЕСТВЕННЫХ ОТНОШЕНИЙ НЕФТЕЮГАНСКОГО РАЙОНА;АДМИНИСТРАЦИЯ НЕФТЕЮГАНСКОГО РАЙОНА;18.05.2026;29.05.2026;Закупка завершена;;;27.05.2026;
44-ФЗ;№0187300001726000186;Электронный аукцион;Купля - продажа жилого помещения (квартиры) в гп. Пойковский  на территории Нефтеюганского района;;'263861900502386190100100090896810412;;;5812028.60;RUB;0;;;;;;ДЕПАРТАМЕНТ ИМУЩЕСТВЕННЫХ ОТНОШЕНИЙ НЕФТЕЮГАНСКОГО РАЙОНА;АДМИНИСТРАЦИЯ НЕФТЕЮГАНСКОГО РАЙОНА;18.05.2026;29.05.2026;Закупка завершена;;;27.05.2026;
44-ФЗ;№0187300001726000185;Электронный аукцион;Купля - продажа жилого помещения (квартиры) в гп. Пойковский  на территории Нефтеюганского района;;'263861900502386190100100090886810412;;;5812028.60;RUB;0;;;;;;ДЕПАРТАМЕНТ ИМУЩЕСТВЕННЫХ ОТНОШЕНИЙ НЕФТЕЮГАНСКОГО РАЙОНА;АДМИНИСТРАЦИЯ НЕФТЕЮГАНСКОГО РАЙОНА;18.05.2026;29.05.2026;Закупка завершена;;;27.05.2026;
44-ФЗ;№0187300001726000197;Электронный аукцион;Купля - продажа жилого помещения (квартиры) в гп. Пойковский  на территории Нефтеюганского района;;'263861900502386190100100090986810412;;;5812028.60;RUB;0;;;;;;ДЕПАРТАМЕНТ ИМУЩЕСТВЕННЫХ ОТНОШЕНИЙ НЕФТЕЮГАНСКОГО РАЙОНА;АДМИНИСТРАЦИЯ НЕФТЕЮГАНСКОГО РАЙОНА;18.05.2026;29.05.2026;Закупка завершена;;;27.05.2026;
44-ФЗ;№0387200009126002244;Электронный аукцион;Поставка иммунобиологического лекарственного препарата для медицинского применения Вакцина для профилактики клещевого энцефалита, в рамках реализации государственной программы Ханты-Мансийского автономного округа - Югры «Современное здравоохранение» на 2026 год;;'262860103583886020100100560132120244;;;16960500.00;RUB;0;;;;;;"КАЗЕННОЕ УЧРЕЖДЕНИЕ ХАНТЫ-МАНСИЙСКОГО АВТОНОМНОГО ОКРУГА - ЮГРЫ ""ЦЕНТР ЛЕКАРСТВЕННОГО МОНИТОРИНГА""";"КАЗЕННОЕ УЧРЕЖДЕНИЕ ХАНТЫ-МАНСИЙСКОГО АВТОНОМНОГО ОКРУГА - ЮГРЫ ""ЦЕНТР ЛЕКАРСТВЕННОГО МОНИТОРИНГА""";21.05.2026;29.05.2026;Закупка завершена;;;29.05.2026;
44-ФЗ;№0873200009826002292;Запрос котировок в электронной форме;Поставка лекарственного препарата (Инсулин лизпро) для обеспечения граждан, имеющих право на получение государственной социальной помощи в городе Москве (УНЗ: Z2618731 - повторная закупка);;'262771433860977140100119770010000323;;;10665000.00;RUB;0;;;;;;"ГОСУДАРСТВЕННОЕ КАЗЕННОЕ УЧРЕЖДЕНИЕ ГОРОДА МОСКВЫ ""АГЕНТСТВО ПО ЗАКУПКАМ (КОНТРАКТНАЯ СЛУЖБА) ДЕПАРТАМЕНТА ЗДРАВООХРАНЕНИЯ ГОРОДА МОСКВЫ""";"ГОСУДАРСТВЕННОЕ КАЗЕННОЕ УЧРЕЖДЕНИЕ ГОРОДА МОСКВЫ ""АГЕНТСТВО ПО ЗАКУПКАМ (КОНТРАКТНАЯ СЛУЖБА) ДЕПАРТАМЕНТА ЗДРАВООХРАНЕНИЯ ГОРОДА МОСКВЫ""";22.05.2026;29.05.2026;Закупка завершена;;;29.05.2026;
44-ФЗ;№0311100013026000031;Электронный аукцион на проведение работ по строительству, реконструкции, кап. ремонту, сносу объекта кап. строительства в соответствии с п. 8 ч. 1 ст. 33 Закона № 44-ФЗ;Капитальный ремонт фасада здания, расположенного по адресу: Республика Татарстан, г. Казань, ул. Мазита Гафури, зд. 71А;;'261165705125016550100100240014339243;;;28626680.00;RUB;0;;;;;;"ФЕДЕРАЛЬНОЕ КАЗЕННОЕ УЧРЕЖДЕНИЕ ""ГЛАВНОЕ БЮРО МЕДИКО-СОЦИАЛЬНОЙ ЭКСПЕРТИЗЫ ПО РЕСПУБЛИКЕ ТАТАРСТАН (ТАТАРСТАН)"" МИНИСТЕРСТВА ТРУДА И СОЦИАЛЬНОЙ ЗАЩИТЫ РОССИЙСКОЙ ФЕДЕРАЦИИ";"ФЕДЕРАЛЬНОЕ КАЗЕННОЕ УЧРЕЖДЕНИЕ ""ГЛАВНОЕ БЮРО МЕДИКО-СОЦИАЛЬНОЙ ЭКСПЕРТИЗЫ ПО РЕСПУБЛИКЕ ТАТАРСТАН (ТАТАРСТАН)"" МИНИСТЕРСТВА ТРУДА И СОЦИАЛЬНОЙ ЗАЩИТЫ РОССИЙСКОЙ ФЕДЕРАЦИИ";21.05.2026;29.05.2026;Закупка завершена;;;29.05.2026;
44-ФЗ;№0331300056926000112;Электронный аукцион;"Приобретение автобуса для нужд МКУ ДО ""РЦФКС""";;'263362501113936250100100120012910244;;;12550000.00;RUB;0;;;;;;"МУНИЦИПАЛЬНОЕ КАЗЕННОЕ УЧРЕЖДЕНИЕ ДОПОЛНИТЕЛЬНОГО ОБРАЗОВАНИЯ ""РАМОНСКИЙ ЦЕНТР ФИЗИЧЕСКОЙ КУЛЬТУРЫ И СПОРТА"" РАМОНСКОГО МУНИЦИПАЛЬНОГО РАЙОНА ВОРОНЕЖСКОЙ ОБЛАСТИ";АДМИНИСТРАЦИЯ РАМОНСКОГО МУНИЦИПАЛЬНОГО РАЙОНА ВОРОНЕЖСКОЙ ОБЛАСТИ;20.05.2026;29.05.2026;Закупка завершена;;;28.05.2026;
44-ФЗ;№0187300001726000179;Электронный аукцион;Купля - продажа жилого помещения (квартиры) в гп. Пойковский  на территории Нефтеюганского района;;'263861900502386190100100090816810412;;;8053198.30;RUB;0;;;;;;ДЕПАРТАМЕНТ ИМУЩЕСТВЕННЫХ ОТНОШЕНИЙ НЕФТЕЮГАНСКОГО РАЙОНА;АДМИНИСТРАЦИЯ НЕФТЕЮГАНСКОГО РАЙОНА;18.05.2026;29.05.2026;Закупка завершена;;;27.05.2026;
44-ФЗ;№0187300001726000198;Электронный аукцион;Купля - продажа жилого помещения (квартиры) в гп. Пойковский  на территории Нефтеюганского района;;'263861900502386190100100091016810412;;;5812028.60;RUB;0;;;;;;ДЕПАРТАМЕНТ ИМУЩЕСТВЕННЫХ ОТНОШЕНИЙ НЕФТЕЮГАНСКОГО РАЙОНА;АДМИНИСТРАЦИЯ НЕФТЕЮГАНСКОГО РАЙОНА;18.05.2026;29.05.2026;Закупка завершена;;;27.05.2026;
44-ФЗ;№0187300001726000184;Электронный аукцион;Купля - продажа жилого помещения (квартиры) в гп. Пойковский  на территории Нефтеюганского района;;'263861900502386190100100090876810412;;;5812028.60;RUB;0;;;;;;ДЕПАРТАМЕНТ ИМУЩЕСТВЕННЫХ ОТНОШЕНИЙ НЕФТЕЮГАНСКОГО РАЙОНА;АДМИНИСТРАЦИЯ НЕФТЕЮГАНСКОГО РАЙОНА;18.05.2026;29.05.2026;Закупка завершена;;;27.05.2026;
44-ФЗ;№0187300001726000188;Электронный аукцион;Купля - продажа жилого помещения (квартиры) в гп. Пойковский  на территории Нефтеюганского района;;'263861900502386190100100090996810412;;;5812028.60;RUB;0;;;;;;ДЕПАРТАМЕНТ ИМУЩЕСТВЕННЫХ ОТНОШЕНИЙ НЕФТЕЮГАНСКОГО РАЙОНА;АДМИНИСТРАЦИЯ НЕФТЕЮГАНСКОГО РАЙОНА;18.05.2026;29.05.2026;Закупка завершена;;;27.05.2026;
44-ФЗ;№0187300001726000178;Электронный аукцион;Купля - продажа жилого помещения (квартиры) в гп. Пойковский  на территории Нефтеюганского района;;'263861900502386190100100090806810412;;;8053198.30;RUB;0;;;;;;ДЕПАРТАМЕНТ ИМУЩЕСТВЕННЫХ ОТНОШЕНИЙ НЕФТЕЮГАНСКОГО РАЙОНА;АДМИНИСТРАЦИЯ НЕФТЕЮГАНСКОГО РАЙОНА;18.05.2026;29.05.2026;Закупка завершена;;;27.05.2026;
44-ФЗ;№0187300001726000187;Электронный аукцион;Купля - продажа жилого помещения (квартиры) в гп. Пойковский  на территории Нефтеюганского района;;'263861900502386190100100091006810412;;;5812028.60;RUB;0;;;;;;ДЕПАРТАМЕНТ ИМУЩЕСТВЕННЫХ ОТНОШЕНИЙ НЕФТЕЮГАНСКОГО РАЙОНА;АДМИНИСТРАЦИЯ НЕФТЕЮГАНСКОГО РАЙОНА;18.05.2026;29.05.2026;Закупка завершена;;;27.05.2026;
44-ФЗ;№0187300001726000194;Электронный аукцион;Купля - продажа жилого помещения (квартиры) в гп. Пойковский  на территории Нефтеюганского района;;'263861900502386190100100090956810412;;;5812028.60;RUB;0;;;;;;ДЕПАРТАМЕНТ ИМУЩЕСТВЕННЫХ ОТНОШЕНИЙ НЕФТЕЮГАНСКОГО РАЙОНА;АДМИНИСТРАЦИЯ НЕФТЕЮГАНСКОГО РАЙОНА;18.05.2026;29.05.2026;Закупка завершена;;;27.05.2026;
44-ФЗ;№0187300001726000180;Электронный аукцион;Купля - продажа жилого помещения (квартиры) в гп. Пойковский  на территории Нефтеюганского района;;'263861900502386190100100090826810412;;;8053198.30;RUB;0;;;;;;ДЕПАРТАМЕНТ ИМУЩЕСТВЕННЫХ ОТНОШЕНИЙ НЕФТЕЮГАНСКОГО РАЙОНА;АДМИНИСТРАЦИЯ НЕФТЕЮГАНСКОГО РАЙОНА;18.05.2026;29.05.2026;Закупка завершена;;;27.05.2026;
44-ФЗ;№0187300001726000181;Электронный аукцион;Купля - продажа жилого помещения (квартиры) в гп. Пойковский  на территории Нефтеюганского района;;'263861900502386190100100090846810412;;;8053198.30;RUB;0;;;;;;ДЕПАРТАМЕНТ ИМУЩЕСТВЕННЫХ ОТНОШЕНИЙ НЕФТЕЮГАНСКОГО РАЙОНА;АДМИНИСТРАЦИЯ НЕФТЕЮГАНСКОГО РАЙОНА;18.05.2026;29.05.2026;Закупка завершена;;;27.05.2026;
44-ФЗ;№0873200009826002281;Запрос котировок в электронной форме;Поставка лекарственного препарата (Глицирризиновая кислота+Фосфолипиды) для обеспечения граждан, имеющих право на получение государственной социальной помощи в городе Москве (УНЗ: Z2618726 - повторная закупка);;'262771433860977140100119640010000323;;;8375500.00;RUB;0;;;;;;"ГОСУДАРСТВЕННОЕ КАЗЕННОЕ УЧРЕЖДЕНИЕ ГОРОДА МОСКВЫ ""АГЕНТСТВО ПО ЗАКУПКАМ (КОНТРАКТНАЯ СЛУЖБА) ДЕПАРТАМЕНТА ЗДРАВООХРАНЕНИЯ ГОРОДА МОСКВЫ""";"ГОСУДАРСТВЕННОЕ КАЗЕННОЕ УЧРЕЖДЕНИЕ ГОРОДА МОСКВЫ ""АГЕНТСТВО ПО ЗАКУПКАМ (КОНТРАКТНАЯ СЛУЖБА) ДЕПАРТАМЕНТА ЗДРАВООХРАНЕНИЯ ГОРОДА МОСКВЫ""";22.05.2026;29.05.2026;Закупка завершена;;;29.05.2026;
44-ФЗ;№0187300001726000200;Электронный аукцион;Купля - продажа жилого помещения (квартиры) в гп. Пойковский  на территории Нефтеюганского района;;'263861900502386190100100090836810412;;;8053198.30;RUB;0;;;;;;ДЕПАРТАМЕНТ ИМУЩЕСТВЕННЫХ ОТНОШЕНИЙ НЕФТЕЮГАНСКОГО РАЙОНА;АДМИНИСТРАЦИЯ НЕФТЕЮГАНСКОГО РАЙОНА;18.05.2026;29.05.2026;Закупка завершена;;;27.05.2026;
44-ФЗ;№0187300001726000183;Электронный аукцион;Купля - продажа жилого помещения (квартиры) в гп. Пойковский  на территории Нефтеюганского района;;'263861900502386190100100090866810412;;;8053198.30;RUB;0;;;;;;ДЕПАРТАМЕНТ ИМУЩЕСТВЕННЫХ ОТНОШЕНИЙ НЕФТЕЮГАНСКОГО РАЙОНА;АДМИНИСТРАЦИЯ НЕФТЕЮГАНСКОГО РАЙОНА;18.05.2026;29.05.2026;Закупка завершена;;;27.05.2026;
44-ФЗ;№0187300001726000199;Электронный аукцион;Купля - продажа жилого помещения (квартиры) в гп. Пойковский  на территории Нефтеюганского района;;'263861900502386190100100091026810412;;;5812028.60;RUB;0;;;;;;ДЕПАРТАМЕНТ ИМУЩЕСТВЕННЫХ ОТНОШЕНИЙ НЕФТЕЮГАНСКОГО РАЙОНА;АДМИНИСТРАЦИЯ НЕФТЕЮГАНСКОГО РАЙОНА;18.05.2026;29.05.2026;Закупка завершена;;;27.05.2026;
44-ФЗ;№0187300001726000177;Электронный аукцион;Купля - продажа жилого помещения (квартиры) в гп. Пойковский  на территории Нефтеюганского района;;'263861900502386190100100090796810412;;;8053198.30;RUB;0;;;;;;ДЕПАРТАМЕНТ ИМУЩЕСТВЕННЫХ ОТНОШЕНИЙ НЕФТЕЮГАНСКОГО РАЙОНА;АДМИНИСТРАЦИЯ НЕФТЕЮГАНСКОГО РАЙОНА;18.05.2026;29.05.2026;Закупка завершена;;;27.05.2026;
44-ФЗ;№0187300001726000192;Электронный аукцион;Купля - продажа жилого помещения (квартиры) в гп. Пойковский  на территории Нефтеюганского района;;'263861900502386190100100090936810412;;;5812028.60;RUB;0;;;;;;ДЕПАРТАМЕНТ ИМУЩЕСТВЕННЫХ ОТНОШЕНИЙ НЕФТЕЮГАНСКОГО РАЙОНА;АДМИНИСТРАЦИЯ НЕФТЕЮГАНСКОГО РАЙОНА;18.05.2026;29.05.2026;Закупка завершена;;;27.05.2026;
44-ФЗ;№0187300001726000189;Электронный аукцион;Купля - продажа жилого помещения (квартиры) в гп. Пойковский  на территории Нефтеюганского района;;'263861900502386190100100090906810412;;;5812028.60;RUB;0;;;;;;ДЕПАРТАМЕНТ ИМУЩЕСТВЕННЫХ ОТНОШЕНИЙ НЕФТЕЮГАНСКОГО РАЙОНА;АДМИНИСТРАЦИЯ НЕФТЕЮГАНСКОГО РАЙОНА;18.05.2026;29.05.2026;Закупка завершена;;;27.05.2026;
44-ФЗ;№0187300001726000195;Электронный аукцион;Купля - продажа жилого помещения (квартиры) в гп. Пойковский  на территории Нефтеюганского района;;'263861900502386190100100090966810412;;;5812028.60;RUB;0;;;;;;ДЕПАРТАМЕНТ ИМУЩЕСТВЕННЫХ ОТНОШЕНИЙ НЕФТЕЮГАНСКОГО РАЙОНА;АДМИНИСТРАЦИЯ НЕФТЕЮГАНСКОГО РАЙОНА;18.05.2026;29.05.2026;Закупка завершена;;;27.05.2026;
44-ФЗ;№0187300001726000193;Электронный аукцион;Купля - продажа жилого помещения (квартиры) в гп. Пойковский  на территории Нефтеюганского района;;'263861900502386190100100090946810412;;;5812028.60;RUB;0;;;;;;ДЕПАРТАМЕНТ ИМУЩЕСТВЕННЫХ ОТНОШЕНИЙ НЕФТЕЮГАНСКОГО РАЙОНА;АДМИНИСТРАЦИЯ НЕФТЕЮГАНСКОГО РАЙОНА;18.05.2026;29.05.2026;Закупка завершена;;;27.05.2026;
44-ФЗ;№0187300001726000196;Электронный аукцион;Купля - продажа жилого помещения (квартиры) в гп. Пойковский  на территории Нефтеюганского района;;'263861900502386190100100090976810412;;;5812028.60;RUB;0;;;;;;ДЕПАРТАМЕНТ ИМУЩЕСТВЕННЫХ ОТНОШЕНИЙ НЕФТЕЮГАНСКОГО РАЙОНА;АДМИНИСТРАЦИЯ НЕФТЕЮГАНСКОГО РАЙОНА;18.05.2026;29.05.2026;Закупка завершена;;;27.05.2026;
44-ФЗ;№0187300001726000190;Электронный аукцион;Купля - продажа жилого помещения (квартиры) в гп. Пойковский  на территории Нефтеюганского района;;'263861900502386190100100090916810412;;;5812028.60;RUB;0;;;;;;ДЕПАРТАМЕНТ ИМУЩЕСТВЕННЫХ ОТНОШЕНИЙ НЕФТЕЮГАНСКОГО РАЙОНА;АДМИНИСТРАЦИЯ НЕФТЕЮГАНСКОГО РАЙОНА;18.05.2026;29.05.2026;Закупка завершена;;;27.05.2026;
44-ФЗ;№0830500000226001289;Открытый конкурс в электронной форме;Услуги частной охраны (Выставление поста охраны);;'262352507832335250100100150028010244;;;5126087.29;RUB;0;;;;;;"БЮДЖЕТНОЕ УЧРЕЖДЕНИЕ ЗДРАВООХРАНЕНИЯ ВОЛОГОДСКОЙ ОБЛАСТИ ""ВОЛОГОДСКИЙ ОБЛАСТНОЙ КОЖНО-ВЕНЕРОЛОГИЧЕСКИЙ ДИСПАНСЕР""";"ГОСУДАРСТВЕННОЕ КАЗЕННОЕ УЧРЕЖДЕНИЕ ВОЛОГОДСКОЙ ОБЛАСТИ ""ЦЕНТР ЗАКУПОК""";08.05.2026;29.05.2026;Закупка завершена;;;27.05.2026;
44-ФЗ;№0373100056626000660;Электронный аукцион;Поставка товаров (Иммуноглобулин антитимоцитарный);;'261771406175677140100100023340000244;;;8731750.00;RUB;0;;;;;;"ФЕДЕРАЛЬНОЕ ГОСУДАРСТВЕННОЕ БЮДЖЕТНОЕ УЧРЕЖДЕНИЕ ""НАЦИОНАЛЬНЫЙ МЕДИЦИНСКИЙ ИССЛЕДОВАТЕЛЬСКИЙ ЦЕНТР ГЕМАТОЛОГИИ"" МИНИСТЕРСТВА ЗДРАВООХРАНЕНИЯ РОССИЙСКОЙ ФЕДЕРАЦИИ";"ФЕДЕРАЛЬНОЕ ГОСУДАРСТВЕННОЕ БЮДЖЕТНОЕ УЧРЕЖДЕНИЕ ""НАЦИОНАЛЬНЫЙ МЕДИЦИНСКИЙ ИССЛЕДОВАТЕЛЬСКИЙ ЦЕНТР ГЕМАТОЛОГИИ"" МИНИСТЕРСТВА ЗДРАВООХРАНЕНИЯ РОССИЙСКОЙ ФЕДЕРАЦИИ";21.05.2026;29.05.2026;Закупка завершена;;;29.05.2026;
44-ФЗ;№0137200001226002094;Электронный аукцион;поставка и монтаж оборудования для создания в том числе в опорных населенных пунктах, малых городах и на сельских территориях модульных спортивных сооружений, обеспечивающих достижение показателей и результатов федерального проекта «Развитие физической культуры и массового спорта» государственной программы Российской Федерации «Развитие физической культуры и спорта»;;'262402708836040280100100050010000244;;;300000000.00;RUB;0;;;;;;МИНИСТЕРСТВО СПОРТА КАЛУЖСКОЙ ОБЛАСТИ;МИНИСТЕРСТВО КОНКУРЕНТНОЙ ПОЛИТИКИ КАЛУЖСКОЙ ОБЛАСТИ;19.03.2026;29.05.2026;Закупка завершена;;;20.04.2026;
44-ФЗ;№1011500002126000064;Электронный аукцион;Оказание услуг по предоставлению во временное пользование мягкого инвентаря и спецодежды;;'262166107075316610100100790017729244;;;6098014.46;RUB;0;;;;;;"ГОСУДАРСТВЕННОЕ АВТОНОМНОЕ УЧРЕЖДЕНИЕ ЗДРАВООХРАНЕНИЯ ""ГОРОДСКАЯ КЛИНИЧЕСКАЯ БОЛЬНИЦА № 12"" Г.КАЗАНИ";"ГОСУДАРСТВЕННОЕ АВТОНОМНОЕ УЧРЕЖДЕНИЕ ЗДРАВООХРАНЕНИЯ ""ГОРОДСКАЯ КЛИНИЧЕСКАЯ БОЛЬНИЦА № 12"" Г.КАЗАНИ";20.05.2026;29.05.2026;Закупка завершена;;;28.05.2026;
44-ФЗ;№0816500000626008752;Электронный аукцион;Приобретение 3 (трех) жилых помещений (благоустроенных квартир) у лица, являющегося застройщиком, в строящемся жилом доме в с. Борогонцы, Усть-Алданского района, Республики Саха (Якутия), в рамках реализации республиканской адресной программы «Переселение граждан из аварийного жилищного фонда на 2025-2028 года».;;'262143533916814350100100760014120412;;;17055403.06;RUB;0;;;;;;"ГОСУДАРСТВЕННОЕ КАЗЕННОЕ УЧРЕЖДЕНИЕ РЕСПУБЛИКИ САХА (ЯКУТИЯ) ""ДИРЕКЦИЯ ЖИЛИЩНОГО СТРОИТЕЛЬСТВА РЕСПУБЛИКИ САХА (ЯКУТИЯ)""";"ГОСУДАРСТВЕННОЕ КАЗЕННОЕ УЧРЕЖДЕНИЕ РЕСПУБЛИКИ САХА (ЯКУТИЯ) ""ЦЕНТР ЗАКУПОК РЕСПУБЛИКИ САХА (ЯКУТИЯ)""";20.05.2026;29.05.2026;Закупка завершена;;;28.05.2026;
44-ФЗ;№0816500000626008750;Электронный аукцион;Приобретение 2 (двух) жилых помещений (благоустроенных квартир) у лица, являющегося застройщиком, в строящемся жилом доме в с. Борогонцы, Усть-Алданского района, Республики Саха (Якутия), в рамках реализации республиканской адресной программы «Переселение граждан из аварийного жилищного фонда на 2025-2028 годы».;;'262143533916814350100100740014120412;;;14772709.88;RUB;0;;;;;;"ГОСУДАРСТВЕННОЕ КАЗЕННОЕ УЧРЕЖДЕНИЕ РЕСПУБЛИКИ САХА (ЯКУТИЯ) ""ДИРЕКЦИЯ ЖИЛИЩНОГО СТРОИТЕЛЬСТВА РЕСПУБЛИКИ САХА (ЯКУТИЯ)""";"ГОСУДАРСТВЕННОЕ КАЗЕННОЕ УЧРЕЖДЕНИЕ РЕСПУБЛИКИ САХА (ЯКУТИЯ) ""ЦЕНТР ЗАКУПОК РЕСПУБЛИКИ САХА (ЯКУТИЯ)""";20.05.2026;29.05.2026;Закупка завершена;;;28.05.2026;
44-ФЗ;№0816500000626008751;Электронный аукцион;Приобретение 2 (двух) жилых помещений (благоустроенных квартир) у лица, являющегося застройщиком, в строящемся жилом доме в с. Борогонцы, Усть-Алданского района, Республики Саха (Якутия), в рамках реализации республиканской адресной программы «Переселение граждан из аварийного жилищного фонда на 2025-2028 года».;;'262143533916814350100100750014120412;;;12725308.58;RUB;0;;;;;;"ГОСУДАРСТВЕННОЕ КАЗЕННОЕ УЧРЕЖДЕНИЕ РЕСПУБЛИКИ САХА (ЯКУТИЯ) ""ДИРЕКЦИЯ ЖИЛИЩНОГО СТРОИТЕЛЬСТВА РЕСПУБЛИКИ САХА (ЯКУТИЯ)""";"ГОСУДАРСТВЕННОЕ КАЗЕННОЕ УЧРЕЖДЕНИЕ РЕСПУБЛИКИ САХА (ЯКУТИЯ) ""ЦЕНТР ЗАКУПОК РЕСПУБЛИКИ САХА (ЯКУТИЯ)""";20.05.2026;29.05.2026;Закупка завершена;;;28.05.2026;
44-ФЗ;№0373200032226000433;Электронный аукцион;Поставка и монтаж технических средств организации дорожного движения для нужд ГБУ «Автомобильные дороги ЮЗАО».;;'262772776315077280100100950010000244;;;29990000.00;RUB;0;;;;;;"ГОСУДАРСТВЕННОЕ БЮДЖЕТНОЕ УЧРЕЖДЕНИЕ ГОРОДА МОСКВЫ ""АВТОМОБИЛЬНЫЕ ДОРОГИ ЮГО-ЗАПАДНОГО АДМИНИСТРАТИВНОГО ОКРУГА""";"ГОСУДАРСТВЕННОЕ КАЗЕННОЕ УЧРЕЖДЕНИЕ ГОРОДА МОСКВЫ ""ДИРЕКЦИЯ ЗАКАЗЧИКА ЖИЛИЩНО-КОММУНАЛЬНОГО ХОЗЯЙСТВА И БЛАГОУСТРОЙСТВА ЮГО-ЗАПАДНОГО АДМИНИСТРАТИВНОГО ОКРУГА""";18.05.2026;29.05.2026;Закупка завершена;;;28.05.2026;
44-ФЗ;№0187300010326000281;Электронный аукцион;Оказание услуг по модернизации системы контроля и управления доступом (СКУД);;'263862001937386200100101520010000244;;;6700000.00;RUB;0;;;;;;"МУНИЦИПАЛЬНОЕ КАЗЕННОЕ УЧРЕЖДЕНИЕ ""УЧРЕЖДЕНИЕ ПО МАТЕРИАЛЬНО-ТЕХНИЧЕСКОМУ ОБЕСПЕЧЕНИЮ ДЕЯТЕЛЬНОСТИ ОРГАНОВ МЕСТНОГО САМОУПРАВЛЕНИЯ""";АДМИНИСТРАЦИЯ НИЖНЕВАРТОВСКОГО РАЙОНА;19.05.2026;29.05.2026;Закупка завершена;;;27.05.2026;
44-ФЗ;№0116300003626000005;Запрос котировок в электронной форме;Услуги по организации отдыха детей и их оздоровления;;'263143402704614340100100260018541313;;;6799797.42;RUB;0;;;;;;НЕРЮНГРИНСКАЯ РАЙОННАЯ АДМИНИСТРАЦИЯ;НЕРЮНГРИНСКАЯ РАЙОННАЯ АДМИНИСТРАЦИЯ;20.05.2026;29.05.2026;Закупка завершена;;;28.05.2026;
44-ФЗ;№2042500000126000369;Электронный аукцион;Выполнение работ по обследованию технического состояния многоквартирных домов (их конструктивных элементов/внутридомовых инженерных систем), включенных в региональную программу капитального ремонта общего имущества в многоквартирных домах в Самарской области;;'262631599066663150100100060017112000;;;16587000.00;RUB;0;;;;;;"НЕКОММЕРЧЕСКАЯ ОРГАНИЗАЦИЯ ""РЕГИОНАЛЬНЫЙ ОПЕРАТОР САМАРСКОЙ ОБЛАСТИ ""ФОНД КАПИТАЛЬНОГО РЕМОНТА""";"НЕКОММЕРЧЕСКАЯ ОРГАНИЗАЦИЯ ""РЕГИОНАЛЬНЫЙ ОПЕРАТОР САМАРСКОЙ ОБЛАСТИ ""ФОНД КАПИТАЛЬНОГО РЕМОНТА""";15.05.2026;29.05.2026;Закупка завершена;;;28.05.2026;
44-ФЗ;№0869200000226004347;Электронный аукцион на проведение работ по строительству, реконструкции, кап. ремонту, сносу объекта кап. строительства в соответствии с п. 8 ч. 1 ст. 33 Закона № 44-ФЗ;Выполнение работ по капитальному ремонту здания учебно-производственного корпуса №2, расположенного по адресу: Челябинская область, г. Миасс, пр. Автозаводцев, 43.;;'262741501020074150100100130024120243;;;36592866.00;RUB;0;;;;;;"ГОСУДАРСТВЕННОЕ БЮДЖЕТНОЕ ПРОФЕССИОНАЛЬНОЕ ОБРАЗОВАТЕЛЬНОЕ УЧРЕЖДЕНИЕ ""МИАССКИЙ ГЕОЛОГОРАЗВЕДОЧНЫЙ КОЛЛЕДЖ""";"ГОСУДАРСТВЕННОЕ КАЗЕННОЕ УЧРЕЖДЕНИЕ ""ЦЕНТР ОРГАНИЗАЦИИ ЗАКУПОК ЧЕЛЯБИНСКОЙ ОБЛАСТИ""";19.05.2026;29.05.2026;Закупка завершена;;;27.05.2026;
223-ФЗ;№32615879888;Запрос предложений в электронной форме, участниками которого могут быть только субъекты малого и среднего предпринимательства;Поставка комплектов штанг для установки переносных заземлений с земли, универсальных для ВЛ 0,4-10кВ для нужд филиала ПАО «Россети Центр и Приволжье» - «Тулэнерго»;;;1;Поставка комплектов штанг для установки переносных заземлений с земли, универсальных для ВЛ 0,4-10кВ для нужд филиала ПАО «Россети Центр и Приволжье» - «Тулэнерго»;9855086.80;RUB;9855086.80;;;;27.12.10.190: Устройства для коммутации или защиты электрических цепей на напряжение более 1 кВ прочие, не включенные в другие группировки;;"ПУБЛИЧНОЕ АКЦИОНЕРНОЕ ОБЩЕСТВО ""РОССЕТИ ЦЕНТР И ПРИВОЛЖЬЕ""";"публичное акционерное общество ""Межрегиональная распределительная сетевая компания Центра и Приволжья"" филиал ""Тулэнерго""";06.04.2026;29.05.2026;Закупка завершена;;;14.04.2026 12:00;
44-ФЗ;№0869200000226004348;Электронный аукцион на проведение работ по строительству, реконструкции, кап. ремонту, сносу объекта кап. строительства в соответствии с п. 8 ч. 1 ст. 33 Закона № 44-ФЗ;Проведение капитального ремонта;;'262741501020074150100100130034120243;;;13453610.00;RUB;0;;;;;;"ГОСУДАРСТВЕННОЕ БЮДЖЕТНОЕ ПРОФЕССИОНАЛЬНОЕ ОБРАЗОВАТЕЛЬНОЕ УЧРЕЖДЕНИЕ ""МИАССКИЙ ГЕОЛОГОРАЗВЕДОЧНЫЙ КОЛЛЕДЖ""";"ГОСУДАРСТВЕННОЕ КАЗЕННОЕ УЧРЕЖДЕНИЕ ""ЦЕНТР ОРГАНИЗАЦИИ ЗАКУПОК ЧЕЛЯБИНСКОЙ ОБЛАСТИ""";19.05.2026;29.05.2026;Закупка завершена;;;27.05.2026;
44-ФЗ;№0319300010126000278;Электронный аукцион;Выполнение работ по устройству проезда от улицы Вальковская до домов № 4 и № 6 улицы Югославская;;'263245704934424570100100310314211244;;;8440342.18;RUB;0;;;;;;"МУНИЦИПАЛЬНОЕ КАЗЕННОЕ УЧРЕЖДЕНИЕ ""УПРАВЛЕНИЕ АВТОМОБИЛЬНЫХ ДОРОГ ГОРОДА НОРИЛЬСКА""";"МУНИЦИПАЛЬНОЕ КАЗЕННОЕ УЧРЕЖДЕНИЕ ""УПРАВЛЕНИЕ МУНИЦИПАЛЬНЫХ ЗАКУПОК""";21.05.2026;29.05.2026;Закупка завершена;;;29.05.2026;
44-ФЗ;№0123600007526000012;Электронный аукцион;Выполнение работ по замене трубопроводов отопления и холодного водоснабжения по ул Пионерской на участке от Пионерской, 21а до Ленина, 1;;'263280402098828040100100130014322244;;;6528911.31;RUB;0;;;;;;УПРАВЛЕНИЕ ЖИЗНЕОБЕСПЕЧЕНИЯ АДМИНИСТРАЦИИ СЕРЫШЕВСКОГО МУНИЦИПАЛЬНОГО ОКРУГА;УПРАВЛЕНИЕ ЖИЗНЕОБЕСПЕЧЕНИЯ АДМИНИСТРАЦИИ СЕРЫШЕВСКОГО МУНИЦИПАЛЬНОГО ОКРУГА;20.05.2026;29.05.2026;Закупка завершена;;;29.05.2026;
44-ФЗ;№0848200001126000383;Электронный аукцион;Изготовление и поставка штор в территориальное структурное подразделение ЗАГС;;'262504102008350240100105390010000244;;;6021456.67;RUB;0;;;;;;"ГОСУДАРСТВЕННОЕ КАЗЕННОЕ УЧРЕЖДЕНИЕ МОСКОВСКОЙ ОБЛАСТИ ""ДИРЕКЦИЯ ЕДИНОГО ЗАКАЗЧИКА МИНИСТЕРСТВА СОЦИАЛЬНОГО РАЗВИТИЯ МОСКОВСКОЙ ОБЛАСТИ""";"ГОСУДАРСТВЕННОЕ КАЗЕННОЕ УЧРЕЖДЕНИЕ МОСКОВСКОЙ ОБЛАСТИ ""ДИРЕКЦИЯ ЕДИНОГО ЗАКАЗЧИКА МИНИСТЕРСТВА СОЦИАЛЬНОГО РАЗВИТИЯ МОСКОВСКОЙ ОБЛАСТИ""";20.05.2026;29.05.2026;Закупка завершена;;;28.05.2026;
44-ФЗ;№0372100003426000356;Электронный аукцион;Предоставление права использования программы для ЭВМ  на условиях простой (неисключительной) лицензии;;'261780100227478010100100011750000244;;;7366660.00;RUB;0;;;;;;"ФЕДЕРАЛЬНОЕ ГОСУДАРСТВЕННОЕ БЮДЖЕТНОЕ ОБРАЗОВАТЕЛЬНОЕ УЧРЕЖДЕНИЕ ВЫСШЕГО ОБРАЗОВАНИЯ ""САНКТ-ПЕТЕРБУРГСКИЙ ГОСУДАРСТВЕННЫЙ УНИВЕРСИТЕТ""";"ФЕДЕРАЛЬНОЕ ГОСУДАРСТВЕННОЕ БЮДЖЕТНОЕ ОБРАЗОВАТЕЛЬНОЕ УЧРЕЖДЕНИЕ ВЫСШЕГО ОБРАЗОВАНИЯ ""САНКТ-ПЕТЕРБУРГСКИЙ ГОСУДАРСТВЕННЫЙ УНИВЕРСИТЕТ""";19.05.2026;29.05.2026;Закупка завершена;;;27.05.2026;
44-ФЗ;№0432200000826002462;Запрос котировок в электронной форме;Ц-6398_Закупка медицинских изделий;;'262526013629952600100100392930000000;;;6823738.00;RUB;0;;;;;;"ГОСУДАРСТВЕННОЕ ПРЕДПРИЯТИЕ НИЖЕГОРОДСКОЙ ОБЛАСТИ ""НИЖЕГОРОДСКАЯ ОБЛАСТНАЯ ФАРМАЦИЯ""";"ГОСУДАРСТВЕННОЕ ПРЕДПРИЯТИЕ НИЖЕГОРОДСКОЙ ОБЛАСТИ ""НИЖЕГОРОДСКАЯ ОБЛАСТНАЯ ФАРМАЦИЯ""";14.05.2026;29.05.2026;Закупка завершена;;;27.05.2026;
44-ФЗ;№0818500000826003251;Электронный аукцион;Поставка лекарственных препаратов для медицинского применения: Руксолитиниб;;'262230905305823100100110310012120323;;;10505788.80;RUB;0;;;;;;МИНИСТЕРСТВО ЗДРАВООХРАНЕНИЯ КРАСНОДАРСКОГО КРАЯ;"ГОСУДАРСТВЕННОЕ КАЗЕННОЕ УЧРЕЖДЕНИЕ КРАСНОДАРСКОГО КРАЯ ""ДИРЕКЦИЯ ГОСУДАРСТВЕННЫХ ЗАКУПОК""";21.05.2026;29.05.2026;Закупка завершена;;;29.05.2026;
44-ФЗ;№0860200000826004558;Запрос котировок в электронной форме;Поставка молочной продукции;;'262640600038764400100102410021051244;;;7346972.30;RUB;0;;;;;;"ГОСУДАРСТВЕННОЕ УЧРЕЖДЕНИЕ ЗДРАВООХРАНЕНИЯ САРАТОВСКОЙ ОБЛАСТИ ""БАЛАШОВСКАЯ РАЙОННАЯ БОЛЬНИЦА""";"ГОСУДАРСТВЕННОЕ КАЗЕННОЕ УЧРЕЖДЕНИЕ САРАТОВСКОЙ ОБЛАСТИ ""ГОСУДАРСТВЕННОЕ АГЕНТСТВО ПО ЦЕНТРАЛИЗАЦИИ ЗАКУПОК""";21.05.2026;29.05.2026;Закупка завершена;;;28.05.2026;
44-ФЗ;№0848200001126000381;Электронный аукцион;Оказание услуг подвижной радиотелефонной связи для нужд подведомственных учреждений Министерства социального развития Московской области в 2026-2028 г. в том числе для датчиков БНСО;;'262504102008350240100105430016120242;;;10660000.08;RUB;0;;;;;;"ГОСУДАРСТВЕННОЕ КАЗЕННОЕ УЧРЕЖДЕНИЕ МОСКОВСКОЙ ОБЛАСТИ ""ДИРЕКЦИЯ ЕДИНОГО ЗАКАЗЧИКА МИНИСТЕРСТВА СОЦИАЛЬНОГО РАЗВИТИЯ МОСКОВСКОЙ ОБЛАСТИ""";"ГОСУДАРСТВЕННОЕ КАЗЕННОЕ УЧРЕЖДЕНИЕ МОСКОВСКОЙ ОБЛАСТИ ""ДИРЕКЦИЯ ЕДИНОГО ЗАКАЗЧИКА МИНИСТЕРСТВА СОЦИАЛЬНОГО РАЗВИТИЯ МОСКОВСКОЙ ОБЛАСТИ""";19.05.2026;29.05.2026;Закупка завершена;;;27.05.2026;
44-ФЗ;№0865200000326000614;Открытый конкурс в электронной форме;Оказание услуг по организации отдыха детей и их оздоровления (на базе организаций отдыха детей и их оздоровления, расположенных в курортной зоне Российской Федерации);;'262701717698270170100101000018541323;;;9450000.00;RUB;0;;;;;;ДЕПАРТАМЕНТ ПО ВОПРОСАМ СЕМЬИ И ДЕТЕЙ ТОМСКОЙ ОБЛАСТИ;"ОБЛАСТНОЕ ГОСУДАРСТВЕННОЕ КАЗЕННОЕ УЧРЕЖДЕНИЕ ""ЦЕНТР ГОСУДАРСТВЕННЫХ ЗАКУПОК ТОМСКОЙ ОБЛАСТИ""";08.05.2026;29.05.2026;Закупка завершена;;;26.05.2026;
44-ФЗ;№0362100033826000187;Электронный аукцион;Поставка Цитометра проточного для выполнения государственного задания на осуществление научной деятельности (311цс/2026);;'261665802145966580100100110100000244;;;18000000.00;RUB;0;;;;;;"ФЕДЕРАЛЬНОЕ ГОСУДАРСТВЕННОЕ БЮДЖЕТНОЕ УЧРЕЖДЕНИЕ ""УРАЛЬСКИЙ НАУЧНО-ИССЛЕДОВАТЕЛЬСКИЙ ИНСТИТУТ ОХРАНЫ МАТЕРИНСТВА И МЛАДЕНЧЕСТВА"" МИНИСТЕРСТВА ЗДРАВООХРАНЕНИЯ РОССИЙСКОЙ ФЕДЕРАЦИИ";"ФЕДЕРАЛЬНОЕ ГОСУДАРСТВЕННОЕ БЮДЖЕТНОЕ УЧРЕЖДЕНИЕ ""УРАЛЬСКИЙ НАУЧНО-ИССЛЕДОВАТЕЛЬСКИЙ ИНСТИТУТ ОХРАНЫ МАТЕРИНСТВА И МЛАДЕНЧЕСТВА"" МИНИСТЕРСТВА ЗДРАВООХРАНЕНИЯ РОССИЙСКОЙ ФЕДЕРАЦИИ";21.05.2026;29.05.2026;Закупка завершена;;;29.05.2026;
44-ФЗ;№0356500001426004012;Открытый конкурс в электронной форме;Выполнение проектно-изыскательских работ по объекту «Строительство очистных сооружений и водоотвода ливневых стоков по ул. Куйбышева, 1 от ул. Петропавловской до выпуска» ;;'263590229343559020100100040010000414;;;7750564.63;RUB;0;;;;;;"МУНИЦИПАЛЬНОЕ КАЗЕННОЕ УЧРЕЖДЕНИЕ ""ПЕРМБЛАГОУСТРОЙСТВО""";"ГОСУДАРСТВЕННОЕ КАЗЕННОЕ УЧРЕЖДЕНИЕ ПЕРМСКОГО КРАЯ ""ЦЕНТР ОРГАНИЗАЦИИ ЗАКУПОК""";08.05.2026;29.05.2026;Закупка завершена;;;28.05.2026;
44-ФЗ;№0134200000126002221;Электронный аукцион;Поставка средства дезинфицирующего;;'262380901633838490100102200012020244;;;9828336.00;RUB;0;;;;;;"ГОСУДАРСТВЕННОЕ БЮДЖЕТНОЕ УЧРЕЖДЕНИЕ ЗДРАВООХРАНЕНИЯ ""ОБЛАСТНОЙ ОНКОЛОГИЧЕСКИЙ ДИСПАНСЕР""";МИНИСТЕРСТВО ПО РЕГУЛИРОВАНИЮ КОНТРАКТНОЙ СИСТЕМЫ В СФЕРЕ ЗАКУПОК ИРКУТСКОЙ ОБЛАСТИ;19.05.2026;29.05.2026;Закупка завершена;;;28.05.2026;
44-ФЗ;№0122200002526001794;Электронный аукцион;Оказание услуг по ремонту томографа рентгеновского компьютерного OPTIMA CT540;;'262270304426027030100100170013313244;;;23387525.00;RUB;0;;;;;;"КРАЕВОЕ ГОСУДАРСТВЕННОЕ БЮДЖЕТНОЕ УЧРЕЖДЕНИЕ ЗДРАВООХРАНЕНИЯ ""ТЕРРИТОРИАЛЬНЫЙ КОНСУЛЬТАТИВНО-ДИАГНОСТИЧЕСКИЙ ЦЕНТР"" МИНИСТЕРСТВА ЗДРАВООХРАНЕНИЯ ХАБАРОВСКОГО КРАЯ";КОМИТЕТ ГОСУДАРСТВЕННОГО ЗАКАЗА ПРАВИТЕЛЬСТВА ХАБАРОВСКОГО КРАЯ;19.05.2026;29.05.2026;Закупка завершена;;;28.05.2026;
44-ФЗ;№0122200002526001826;Электронный аукцион на проведение работ по строительству, реконструкции, кап. ремонту, сносу объекта кап. строительства в соответствии с п. 8 ч. 1 ст. 33 Закона № 44-ФЗ;Выполнение работ по капитальному ремонту здания (Замена лифтового оборудования и ремонт лифтовых шахт);;'262272400261627240100104010014120243;;;43534040.00;RUB;0;;;;;;"КРАЕВОЕ ГОСУДАРСТВЕННОЕ БЮДЖЕТНОЕ УЧРЕЖДЕНИЕ ЗДРАВООХРАНЕНИЯ ""КРАЕВАЯ КЛИНИЧЕСКАЯ БОЛЬНИЦА"" ИМЕНИ ПРОФЕССОРА С.И. СЕРГЕЕВА МИНИСТЕРСТВА ЗДРАВООХРАНЕНИЯ ХАБАРОВСКОГО КРАЯ";КОМИТЕТ ГОСУДАРСТВЕННОГО ЗАКАЗА ПРАВИТЕЛЬСТВА ХАБАРОВСКОГО КРАЯ;20.05.2026;29.05.2026;Закупка завершена;;;28.05.2026;
44-ФЗ;№0432200000826002596;Запрос котировок в электронной форме;Ц-6334_Закупка медицинских изделий;;'262526013629952600100100403980000000;;;5113600.00;RUB;0;;;;;;"ГОСУДАРСТВЕННОЕ ПРЕДПРИЯТИЕ НИЖЕГОРОДСКОЙ ОБЛАСТИ ""НИЖЕГОРОДСКАЯ ОБЛАСТНАЯ ФАРМАЦИЯ""";"ГОСУДАРСТВЕННОЕ ПРЕДПРИЯТИЕ НИЖЕГОРОДСКОЙ ОБЛАСТИ ""НИЖЕГОРОДСКАЯ ОБЛАСТНАЯ ФАРМАЦИЯ""";18.05.2026;29.05.2026;Закупка завершена;;;27.05.2026;
44-ФЗ;№0134200000126002095;Электронный аукцион;Приобретение жилого помещения г. Иркутск (за исключением ул. Хейфеца, д. 31, ул. Баумана, д. 271/1, д. 271/2, ул. Пискунова, д. 158/1, ул. Пискунова, д. 40, мкр. Топкинский, д. 81, д. 82, мкр. Вересовка, ст. Батарейная, ул. Авиастроителей, д. 28а, д. 28а/1, д. 28а/2, д. 28а/3, д. 28б/1, д. 28б/2, д. 28б/3, пер. Пограничный, д. 1а, д. 1б, д. 1в, д. 1г, д. 1д, д. 1е, д. 1ж);;'262380817461338080100103540016810412;;;5075000.00;RUB;0;;;;;;МИНИСТЕРСТВО ИМУЩЕСТВЕННЫХ ОТНОШЕНИЙ ИРКУТСКОЙ ОБЛАСТИ;МИНИСТЕРСТВО ПО РЕГУЛИРОВАНИЮ КОНТРАКТНОЙ СИСТЕМЫ В СФЕРЕ ЗАКУПОК ИРКУТСКОЙ ОБЛАСТИ;12.05.2026;29.05.2026;Закупка завершена;;;28.05.2026;
44-ФЗ;№0167300007826000013;Электронный аукцион;Техническое перевооружение газовой котельной, расположенной по адресу: Тюменская область, Сладковский район, с. Сладково ул. Ленина, 138 а (СХТ);;'263722100303472050100100280014399244;;;15657961.55;RUB;0;;;;;;"МУНИЦИПАЛЬНОЕ КАЗЕННОЕ УЧРЕЖДЕНИЕ ""УПРАВЛЕНИЕ ЖИЛИЩНО-КОММУНАЛЬНОГО ХОЗЯЙСТВА""";АДМИНИСТРАЦИЯ СЛАДКОВСКОГО МУНИЦИПАЛЬНОГО ОКРУГА;14.05.2026;29.05.2026;Закупка завершена;;;27.05.2026;
44-ФЗ;№0432200000826002436;Запрос котировок в электронной форме;Ц-6203_Закупка  медицинских изделий ;;'262526013629952600100100402780000000;;;13000000.00;RUB;0;;;;;;"ГОСУДАРСТВЕННОЕ ПРЕДПРИЯТИЕ НИЖЕГОРОДСКОЙ ОБЛАСТИ ""НИЖЕГОРОДСКАЯ ОБЛАСТНАЯ ФАРМАЦИЯ""";"ГОСУДАРСТВЕННОЕ ПРЕДПРИЯТИЕ НИЖЕГОРОДСКОЙ ОБЛАСТИ ""НИЖЕГОРОДСКАЯ ОБЛАСТНАЯ ФАРМАЦИЯ""";14.05.2026;29.05.2026;Закупка завершена;;;27.05.2026;
44-ФЗ;№0190300001326000435;Электронный аукцион на проведение работ по строительству, реконструкции, кап. ремонту, сносу объекта кап. строительства в соответствии с п. 8 ч. 1 ст. 33 Закона № 44-ФЗ;"Завершение работ по объекту: ""Капитальный ремонт автодорог подъездов к дачам № 1, 2, 3 в г. Тарко-Сале Пуровского района""";;'263891102465089110100101070014211243;;;101100991.53;RUB;0;;;;;;"МУНИЦИПАЛЬНОЕ КАЗЕННОЕ УЧРЕЖДЕНИЕ ""УПРАВЛЕНИЕ ГОРОДСКОГО ХОЗЯЙСТВА""";АДМИНИСТРАЦИЯ ПУРОВСКОГО РАЙОНА;20.05.2026;29.05.2026;Закупка завершена;;;28.05.2026;
44-ФЗ;№0101300047926000002;Электронный аукцион;Укрепление оврага у д. Абдуллино Бураевского района Республики Башкортостан (территории находящейся на балансе сельского поселения);;'263021700142602170100100070014299244;;;9928616.72;RUB;0;;;;;;АДМИНИСТРАЦИЯ СЕЛЬСКОГО ПОСЕЛЕНИЯ КУЗБАЕВСКИЙ СЕЛЬСОВЕТ МУНИЦИПАЛЬНОГО РАЙОНА БУРАЕВСКИЙ РАЙОН РЕСПУБЛИКИ БАШКОРТОСТАН;АДМИНИСТРАЦИЯ СЕЛЬСКОГО ПОСЕЛЕНИЯ КУЗБАЕВСКИЙ СЕЛЬСОВЕТ МУНИЦИПАЛЬНОГО РАЙОНА БУРАЕВСКИЙ РАЙОН РЕСПУБЛИКИ БАШКОРТОСТАН;20.05.2026;29.05.2026;Закупка завершена;;;28.05.2026;
44-ФЗ;№0134300097526000282;Открытый конкурс в электронной форме;Выполнение работ по восстановлению профиля автомобильных дорог с добавлением щебеночных материалов в мкр. Иркутск-2 в г. Иркутске;;'263380821942338080100101150034211244;;;11561317.19;RUB;0;;;;;;КОМИТЕТ ГОРОДСКОГО ОБУСТРОЙСТВА АДМИНИСТРАЦИИ ГОРОДА ИРКУТСКА;КОМИТЕТ ПО ЭКОНОМИКЕ И СТРАТЕГИЧЕСКОМУ ПЛАНИРОВАНИЮ АДМИНИСТРАЦИИ ГОРОДА ИРКУТСКА;07.05.2026;29.05.2026;Закупка завершена;;;26.05.2026;
44-ФЗ;№0356500001426004377;Электронный аукцион;Оказание услуг по предоставлению неисключительных прав на средства антивирусной защиты информации (четвёртая очередь);;'262590222142359020100100330010000242;;;44242457.74;RUB;0;;;;;;МИНИСТЕРСТВО ИНФОРМАЦИОННОГО РАЗВИТИЯ И СВЯЗИ ПЕРМСКОГО КРАЯ;"ГОСУДАРСТВЕННОЕ КАЗЕННОЕ УЧРЕЖДЕНИЕ ПЕРМСКОГО КРАЯ ""ЦЕНТР ОРГАНИЗАЦИИ ЗАКУПОК""";19.05.2026;29.05.2026;Закупка завершена;;;27.05.2026;
44-ФЗ;№0817200000326007687;Запрос котировок в электронной форме;Поставка медицинского оборудования, ввод в эксплуатацию медицинского оборудования, обучение правилам эксплуатации специалистов, эксплуатирующих медицинское оборудование, и специалистов, осуществляющих техническое обслуживание медицинского оборудования;;'262222407747622240100101570012660244;;;6130000.00;RUB;0;;;;;;"КРАЕВОЕ ГОСУДАРСТВЕННОЕ БЮДЖЕТНОЕ УЧРЕЖДЕНИЕ ЗДРАВООХРАНЕНИЯ ""КОНСУЛЬТАТИВНО-ДИАГНОСТИЧЕСКИЙ ЦЕНТР АЛТАЙСКОГО КРАЯ""";"КРАЕВОЕ ГОСУДАРСТВЕННОЕ КАЗЕННОЕ УЧРЕЖДЕНИЕ ""ЦЕНТР ГОСУДАРСТВЕННЫХ ЗАКУПОК АЛТАЙСКОГО КРАЯ""";19.05.2026;29.05.2026;Закупка завершена;;;26.05.2026;
44-ФЗ;№0169300044226000112;Запрос котировок в электронной форме;Выполнение работ по нанесению разметки на улично-дорожной сети г. Озерска;;'263742201794374130100100470014211244;;;6212984.16;RUB;0;;;;;;УПРАВЛЕНИЕ КАПИТАЛЬНОГО СТРОИТЕЛЬСТВА И БЛАГОУСТРОЙСТВА АДМИНИСТРАЦИИ ОЗЕРСКОГО ГОРОДСКОГО ОКРУГА ЧЕЛЯБИНСКОЙ ОБЛАСТИ;АДМИНИСТРАЦИЯ ОЗЕРСКОГО ГОРОДСКОГО ОКРУГА ЧЕЛЯБИНСКОЙ ОБЛАСТИ;21.05.2026;29.05.2026;Закупка завершена;;;28.05.2026;
44-ФЗ;№0324100005826000011;Электронный аукцион;Изготовление, поставка и монтаж многофункционального модульного здания, оснащенного инженерным, сантехническим, немонтируемым оборудованием и комплектами мебели;;'261290111081329010100100050012511244;;;80000000.00;RUB;0;;;;;;ФЕДЕРАЛЬНОЕ ГОСУДАРСТВЕННОЕ БЮДЖЕТНОЕ УЧРЕЖДЕНИЕ НАУКИ ФЕДЕРАЛЬНЫЙ ИССЛЕДОВАТЕЛЬСКИЙ ЦЕНТР КОМПЛЕКСНОГО ИЗУЧЕНИЯ АРКТИКИ ИМЕНИ АКАДЕМИКА Н.П. ЛАВЕРОВА УРАЛЬСКОГО ОТДЕЛЕНИЯ РОССИЙСКОЙ АКАДЕМИИ НАУК;ФЕДЕРАЛЬНОЕ ГОСУДАРСТВЕННОЕ БЮДЖЕТНОЕ УЧРЕЖДЕНИЕ НАУКИ ФЕДЕРАЛЬНЫЙ ИССЛЕДОВАТЕЛЬСКИЙ ЦЕНТР КОМПЛЕКСНОГО ИЗУЧЕНИЯ АРКТИКИ ИМЕНИ АКАДЕМИКА Н.П. ЛАВЕРОВА УРАЛЬСКОГО ОТДЕЛЕНИЯ РОССИЙСКОЙ АКАДЕМИИ НАУК;13.05.2026;29.05.2026;Закупка завершена;;;28.05.2026;
44-ФЗ;№0134300025826000146;Электронный аукцион;Услуги по предоставлению кредитных ресурсов;;'263380310118538040100100050036419730;;;60282580.28;RUB;0;;;;;;КОМИТЕТ ФИНАНСОВ АДМИНИСТРАЦИИ ГОРОДА БРАТСКА ИРКУТСКОЙ ОБЛАСТИ;АДМИНИСТРАЦИЯ ГОРОДСКОГО ОКРУГА МУНИЦИПАЛЬНОГО ОБРАЗОВАНИЯ ГОРОДА БРАТСКА ИРКУТСКОЙ ОБЛАСТИ;20.05.2026;29.05.2026;Закупка завершена;;;28.05.2026;
44-ФЗ;№0817200000326007582;Электронный аукцион;Оказание услуг по производству и размещению информационных, информационно-аналитических материалов (сообщений) в эфире телеканала и радиоканала;;'262222416412922240100100800016391244;;;14237580.00;RUB;0;;;;;;УПРАВЛЕНИЕ ПЕЧАТИ И МАССОВЫХ КОММУНИКАЦИЙ АЛТАЙСКОГО КРАЯ;"КРАЕВОЕ ГОСУДАРСТВЕННОЕ КАЗЕННОЕ УЧРЕЖДЕНИЕ ""ЦЕНТР ГОСУДАРСТВЕННЫХ ЗАКУПОК АЛТАЙСКОГО КРАЯ""";19.05.2026;29.05.2026;Закупка завершена;;;29.05.2026;
44-ФЗ;№0356500001426004372;Запрос котировок в электронной форме;Текущий ремонт помещений по адресу: г. Пермь, ул. Социалистическая, 20;;'262590703427259070100100520010000244;;;6370421.53;RUB;0;;;;;;"ГОСУДАРСТВЕННОЕ БЮДЖЕТНОЕ УЧРЕЖДЕНИЕ ЗДРАВООХРАНЕНИЯ ПЕРМСКОГО КРАЯ ""ГОРОДСКАЯ ДЕТСКАЯ ПОЛИКЛИНИКА № 3""";"ГОСУДАРСТВЕННОЕ КАЗЕННОЕ УЧРЕЖДЕНИЕ ПЕРМСКОГО КРАЯ ""ЦЕНТР ОРГАНИЗАЦИИ ЗАКУПОК""";19.05.2026;29.05.2026;Закупка завершена;;;27.05.2026;
44-ФЗ;№0356500001426004292;Электронный аукцион;Поставка лекарственного препарата для медицинского применения Рамуцирумаб.;;'262590500335059050100102320010000244;;;26250420.00;RUB;0;;;;;;"ГОСУДАРСТВЕННОЕ БЮДЖЕТНОЕ УЧРЕЖДЕНИЕ ЗДРАВООХРАНЕНИЯ ПЕРМСКОГО КРАЯ ""ПЕРМСКИЙ КРАЕВОЙ ОНКОЛОГИЧЕСКИЙ ДИСПАНСЕР""";"ГОСУДАРСТВЕННОЕ КАЗЕННОЕ УЧРЕЖДЕНИЕ ПЕРМСКОГО КРАЯ ""ЦЕНТР ОРГАНИЗАЦИИ ЗАКУПОК""";15.05.2026;29.05.2026;Закупка завершена;;;27.05.2026;
44-ФЗ;№0356500001426004379;Электронный аукцион;Поставка набора для экстракции/изоляции нуклеиновых кислот ИВД, с использованием сорбента или суспензии магнитных частиц;;'262590229129059050100101000010000244;;;5356513.47;RUB;0;;;;;;"ГОСУДАРСТВЕННОЕ БЮДЖЕТНОЕ УЧРЕЖДЕНИЕ ЗДРАВООХРАНЕНИЯ ПЕРМСКОГО КРАЯ ""ПЕРМСКИЙ КРАЕВОЙ ЦЕНТР ПО ПРОФИЛАКТИКЕ И БОРЬБЕ СО СПИД И ИНФЕКЦИОННЫМИ ЗАБОЛЕВАНИЯМИ""";"ГОСУДАРСТВЕННОЕ КАЗЕННОЕ УЧРЕЖДЕНИЕ ПЕРМСКОГО КРАЯ ""ЦЕНТР ОРГАНИЗАЦИИ ЗАКУПОК""";19.05.2026;29.05.2026;Закупка завершена;;;27.05.2026;
44-ФЗ;№0356500001426004368;Электронный аукцион;Поставка лекарственного препарата (Цетуксимаб);;'262591108100359110100102530010000244;;;12600000.00;RUB;0;;;;;;"ГОСУДАРСТВЕННОЕ БЮДЖЕТНОЕ УЧРЕЖДЕНИЕ ЗДРАВООХРАНЕНИЯ ПЕРМСКОГО КРАЯ ""КРАЕВАЯ БОЛЬНИЦА ИМЕНИ АКАДЕМИКА ВАГНЕРА ЕВГЕНИЯ АНТОНОВИЧА"" Г. БЕРЕЗНИКИ";"ГОСУДАРСТВЕННОЕ КАЗЕННОЕ УЧРЕЖДЕНИЕ ПЕРМСКОГО КРАЯ ""ЦЕНТР ОРГАНИЗАЦИИ ЗАКУПОК""";19.05.2026;29.05.2026;Закупка завершена;;;27.05.2026;
44-ФЗ;№0351300069026000439;Электронный аукцион;Поставка лекарственных препаратов (заявка № А-238/26);;'262540110990354010100103900022120244;;;8127232.96;RUB;0;;;;;;"ГОСУДАРСТВЕННОЕ БЮДЖЕТНОЕ УЧРЕЖДЕНИЕ ЗДРАВООХРАНЕНИЯ НОВОСИБИРСКОЙ ОБЛАСТИ ""ГОРОДСКАЯ КЛИНИЧЕСКАЯ БОЛЬНИЦА № 2""";"ГОСУДАРСТВЕННОЕ БЮДЖЕТНОЕ УЧРЕЖДЕНИЕ ЗДРАВООХРАНЕНИЯ НОВОСИБИРСКОЙ ОБЛАСТИ ""ГОРОДСКАЯ КЛИНИЧЕСКАЯ БОЛЬНИЦА № 2""";21.05.2026;29.05.2026;Закупка завершена;;;29.05.2026;
44-ФЗ;№0134300025826000145;Электронный аукцион;Восстановление изношенной горизонтальной разметки автомобильных дорог общего пользования местного значения;;'263380310146738040100100170014211244;;;10040126.26;RUB;0;;;;;;КОМИТЕТ ЖИЛИЩНО-КОММУНАЛЬНОГО ХОЗЯЙСТВА АДМИНИСТРАЦИИ ГОРОДА БРАТСКА;АДМИНИСТРАЦИЯ ГОРОДСКОГО ОКРУГА МУНИЦИПАЛЬНОГО ОБРАЗОВАНИЯ ГОРОДА БРАТСКА ИРКУТСКОЙ ОБЛАСТИ;20.05.2026;29.05.2026;Закупка завершена;;;28.05.2026;
44-ФЗ;№0356500001426004278;Электронный аукцион;Поставка лекарственного препарата для медицинского применения (Ниволумаб) на 2026-2027 г.;;'262591902821059190100102840010000244;;;10290000.00;RUB;0;;;;;;"ГОСУДАРСТВЕННОЕ БЮДЖЕТНОЕ УЧРЕЖДЕНИЕ ЗДРАВООХРАНЕНИЯ ПЕРМСКОГО КРАЯ ""ГОРОДСКАЯ БОЛЬНИЦА Г. СОЛИКАМСК""";"ГОСУДАРСТВЕННОЕ КАЗЕННОЕ УЧРЕЖДЕНИЕ ПЕРМСКОГО КРАЯ ""ЦЕНТР ОРГАНИЗАЦИИ ЗАКУПОК""";15.05.2026;29.05.2026;Закупка завершена;;;27.05.2026;
44-ФЗ;№0356500001426004276;Электронный аукцион;Поставка лекарственных препаратов (Цетуксимаб);;'262591603241959160100102410010000244;;;10000000.00;RUB;0;;;;;;"ГОСУДАРСТВЕННОЕ БЮДЖЕТНОЕ УЧРЕЖДЕНИЕ ЗДРАВООХРАНЕНИЯ ПЕРМСКОГО КРАЯ ""КРАСНОКАМСКАЯ ГОРОДСКАЯ БОЛЬНИЦА""";"ГОСУДАРСТВЕННОЕ КАЗЕННОЕ УЧРЕЖДЕНИЕ ПЕРМСКОГО КРАЯ ""ЦЕНТР ОРГАНИЗАЦИИ ЗАКУПОК""";15.05.2026;29.05.2026;Закупка завершена;;;27.05.2026;
44-ФЗ;№0356500001426004280;Электронный аукцион;Поставка лекарственного препарата для медицинского применения Пролголимаб.;;'262590500335059050100102490010000244;;;15814867.20;RUB;0;;;;;;"ГОСУДАРСТВЕННОЕ БЮДЖЕТНОЕ УЧРЕЖДЕНИЕ ЗДРАВООХРАНЕНИЯ ПЕРМСКОГО КРАЯ ""ПЕРМСКИЙ КРАЕВОЙ ОНКОЛОГИЧЕСКИЙ ДИСПАНСЕР""";"ГОСУДАРСТВЕННОЕ КАЗЕННОЕ УЧРЕЖДЕНИЕ ПЕРМСКОГО КРАЯ ""ЦЕНТР ОРГАНИЗАЦИИ ЗАКУПОК""";15.05.2026;29.05.2026;Закупка завершена;;;27.05.2026;
44-ФЗ;№0356500001426004274;Электронный аукцион;Поставка лекарственного препарата для медицинского применения Ритуксимаб.;;'262590500335059050100102330010000244;;;38054366.40;RUB;0;;;;;;"ГОСУДАРСТВЕННОЕ БЮДЖЕТНОЕ УЧРЕЖДЕНИЕ ЗДРАВООХРАНЕНИЯ ПЕРМСКОГО КРАЯ ""ПЕРМСКИЙ КРАЕВОЙ ОНКОЛОГИЧЕСКИЙ ДИСПАНСЕР""";"ГОСУДАРСТВЕННОЕ КАЗЕННОЕ УЧРЕЖДЕНИЕ ПЕРМСКОГО КРАЯ ""ЦЕНТР ОРГАНИЗАЦИИ ЗАКУПОК""";15.05.2026;29.05.2026;Закупка завершена;;;27.05.2026;
44-ФЗ;№0219100000226000178;Запрос котировок в электронной форме;Оказание услуг по санаторно-курортному лечению граждан,  в том числе детей-инвалидов, имеющих право на получение государственной социальной помощи, на территории Красноярского края, Иркутской области, Кемеровской области, Новосибирской области, Республики Хакасии (Профили лечения – болезни системы кровообращения, болезни костно-мышечной системы и соединительной ткани, болезни эндокринной системы);;'261246600188524650100101990028690323;;;7295898.96;RUB;0;;;;;;ОТДЕЛЕНИЕ ФОНДА ПЕНСИОННОГО И СОЦИАЛЬНОГО СТРАХОВАНИЯ РОССИЙСКОЙ ФЕДЕРАЦИИ ПО КРАСНОЯРСКОМУ КРАЮ;ОТДЕЛЕНИЕ ФОНДА ПЕНСИОННОГО И СОЦИАЛЬНОГО СТРАХОВАНИЯ РОССИЙСКОЙ ФЕДЕРАЦИИ ПО КРАСНОЯРСКОМУ КРАЮ;15.05.2026;29.05.2026;Закупка завершена;;;27.05.2026;
44-ФЗ;№0351100002326000142;Электронный аукцион на проведение работ по строительству, реконструкции, кап. ремонту, сносу объекта кап. строительства в соответствии с п. 8 ч. 1 ст. 33 Закона № 44-ФЗ;Выполнение работ по капитальному ремонту аварийного участка теплотрассы и водовода   ХВС и ГВС от ЦТП до пищеблока ФГБУ «ННИИТ» Минздрава России по адресу: г. Новосибирск,  ул. Охотская, д. 81А ;;'261540110939654020100100690014322243;;;7480116.82;RUB;0;;;;;;"ФЕДЕРАЛЬНОЕ ГОСУДАРСТВЕННОЕ БЮДЖЕТНОЕ УЧРЕЖДЕНИЕ ""НОВОСИБИРСКИЙ НАУЧНО-ИССЛЕДОВАТЕЛЬСКИЙ ИНСТИТУТ ТУБЕРКУЛЕЗА"" МИНИСТЕРСТВА ЗДРАВООХРАНЕНИЯ РОССИЙСКОЙ ФЕДЕРАЦИИ";"ФЕДЕРАЛЬНОЕ ГОСУДАРСТВЕННОЕ БЮДЖЕТНОЕ УЧРЕЖДЕНИЕ ""НОВОСИБИРСКИЙ НАУЧНО-ИССЛЕДОВАТЕЛЬСКИЙ ИНСТИТУТ ТУБЕРКУЛЕЗА"" МИНИСТЕРСТВА ЗДРАВООХРАНЕНИЯ РОССИЙСКОЙ ФЕДЕРАЦИИ";18.05.2026;29.05.2026;Закупка завершена;;;27.05.2026;
44-ФЗ;№0356500001426004286;Электронный аукцион;ПОСТАВКА ЛЕКАРСТВЕННОГО ПРЕПАРАТА ДЛЯ МЕДИЦИНСКОГО ПРИМЕНЕНИЯ (АЗАЦИТИДИН);;'262590229047359020100106820010000244;;;5098050.00;RUB;0;;;;;;"ГОСУДАРСТВЕННОЕ БЮДЖЕТНОЕ УЧРЕЖДЕНИЕ ЗДРАВООХРАНЕНИЯ ПЕРМСКОГО КРАЯ ""ОРДЕНА ""ЗНАК ПОЧЁТА"" ПЕРМСКАЯ КРАЕВАЯ КЛИНИЧЕСКАЯ БОЛЬНИЦА""";"ГОСУДАРСТВЕННОЕ КАЗЕННОЕ УЧРЕЖДЕНИЕ ПЕРМСКОГО КРАЯ ""ЦЕНТР ОРГАНИЗАЦИИ ЗАКУПОК""";15.05.2026;29.05.2026;Закупка завершена;;;27.05.2026;
44-ФЗ;№0820500000826002423;Электронный аукцион;Выполнение работ по развитию (модернизации) интеллектуальной транспортной системы в целях реализации мероприятия «Внедрение интеллектуальных транспортных систем, предусматривающих автоматизацию процессов управления дорожным движением в городских агломерациях, включающих города с населением свыше 300 тысяч человек» во Владивостокской городской агломерации;;'262253803058125380100100190016202244;;;35373333.33;RUB;0;;;;;;МИНИСТЕРСТВО ТРАНСПОРТА И ДОРОЖНОГО ХОЗЯЙСТВА ПРИМОРСКОГО КРАЯ;"КРАЕВОЕ ГОСУДАРСТВЕННОЕ КАЗЕННОЕ УЧРЕЖДЕНИЕ ""ЦЕНТР ГОСУДАРСТВЕННЫХ ЗАКУПОК ПРИМОРСКОГО КРАЯ""";08.05.2026;29.05.2026;Закупка завершена;;;20.05.2026;
44-ФЗ;№0356500001426003858;Открытый конкурс в электронной форме;Оказание услуг по организации подготовки и размещения информационных материалов в печатных средствах массовой информации, с дублированием их на сайтах или в сетевых изданиях и (или) в аккаунтах печатных средств массовой информации в социальных сетях в информационно-телекоммуникационной сети «Интернет», о социально значимых событиях и приоритетных направлениях социально-экономического развития Пермского края;;'262590229320259020100100230010000244;;;24613890.00;RUB;0;;;;;;АДМИНИСТРАЦИЯ ГУБЕРНАТОРА ПЕРМСКОГО КРАЯ;"ГОСУДАРСТВЕННОЕ КАЗЕННОЕ УЧРЕЖДЕНИЕ ПЕРМСКОГО КРАЯ ""ЦЕНТР ОРГАНИЗАЦИИ ЗАКУПОК""";05.05.2026;29.05.2026;Закупка завершена;;;27.05.2026;
44-ФЗ;№0387200015626000014;Электронный аукцион;Поставка продуктов питания (говядина замороженная);;'262860200248086020100100730011011244;;;7550000.00;RUB;0;;;;;;"БЮДЖЕТНОЕ УЧРЕЖДЕНИЕ ХАНТЫ-МАНСИЙСКОГО АВТОНОМНОГО ОКРУГА - ЮГРЫ ""ГЕРОНТОЛОГИЧЕСКИЙ ЦЕНТР""";"БЮДЖЕТНОЕ УЧРЕЖДЕНИЕ ХАНТЫ-МАНСИЙСКОГО АВТОНОМНОГО ОКРУГА - ЮГРЫ ""ГЕРОНТОЛОГИЧЕСКИЙ ЦЕНТР""";18.05.2026;29.05.2026;Закупка завершена;;;28.05.2026;
44-ФЗ;№0219100000226000169;Электронный аукцион;"Поставка специальных устройств для чтения ""говорящих книг"" на флэш-картах в 2026 году, в целях социального обеспечения";;'261246600188524650100102360012640323;;;5959443.50;RUB;0;;;;;;ОТДЕЛЕНИЕ ФОНДА ПЕНСИОННОГО И СОЦИАЛЬНОГО СТРАХОВАНИЯ РОССИЙСКОЙ ФЕДЕРАЦИИ ПО КРАСНОЯРСКОМУ КРАЮ;ОТДЕЛЕНИЕ ФОНДА ПЕНСИОННОГО И СОЦИАЛЬНОГО СТРАХОВАНИЯ РОССИЙСКОЙ ФЕДЕРАЦИИ ПО КРАСНОЯРСКОМУ КРАЮ;14.05.2026;29.05.2026;Закупка завершена;;;27.05.2026;
44-ФЗ;№0817200000326007561;Электронный аукцион;Выполнение работ по ремонту автомобильных дорог общего пользования местного значения в городе Алейске Алтайского края пер. Солончаковый, ул. Сердюка (Гаврилина – Ульяновский).;;'263220100777922010100100040034211244;;;57502310.61;RUB;0;;;;;;КОМИТЕТ ПО ЖИЛИЩНО-КОММУНАЛЬНОМУ ХОЗЯЙСТВУ, ТРАНСПОРТУ, СТРОИТЕЛЬСТВУ И АРХИТЕКТУРЕ АДМИНИСТРАЦИИ ГОРОДА АЛЕЙСКА;"КРАЕВОЕ ГОСУДАРСТВЕННОЕ КАЗЕННОЕ УЧРЕЖДЕНИЕ ""ЦЕНТР ГОСУДАРСТВЕННЫХ ЗАКУПОК АЛТАЙСКОГО КРАЯ""";20.05.2026;29.05.2026;Закупка завершена;;;29.05.2026;
44-ФЗ;№0134300025826000147;Электронный аукцион;Услуги по предоставлению кредитных ресурсов;;'263380310118538040100100060026419730;;;69597506.76;RUB;0;;;;;;КОМИТЕТ ФИНАНСОВ АДМИНИСТРАЦИИ ГОРОДА БРАТСКА ИРКУТСКОЙ ОБЛАСТИ;АДМИНИСТРАЦИЯ ГОРОДСКОГО ОКРУГА МУНИЦИПАЛЬНОГО ОБРАЗОВАНИЯ ГОРОДА БРАТСКА ИРКУТСКОЙ ОБЛАСТИ;20.05.2026;29.05.2026;Закупка завершена;;;28.05.2026;
44-ФЗ;№0387200009126002166;Электронный аукцион;Поставка реагентов для проведения  молекулярно-цитогенетических исследований;;'262861700564586020100100440432120244;;;10492272.00;RUB;0;;;;;;"БЮДЖЕТНОЕ УЧРЕЖДЕНИЕ ХАНТЫ-МАНСИЙСКОГО АВТОНОМНОГО ОКРУГА - ЮГРЫ ""СУРГУТСКАЯ ОКРУЖНАЯ КЛИНИЧЕСКАЯ БОЛЬНИЦА""";"КАЗЕННОЕ УЧРЕЖДЕНИЕ ХАНТЫ-МАНСИЙСКОГО АВТОНОМНОГО ОКРУГА - ЮГРЫ ""ЦЕНТР ЛЕКАРСТВЕННОГО МОНИТОРИНГА""";18.05.2026;29.05.2026;Закупка завершена;;;28.05.2026;
44-ФЗ;№0138300000426000384;Электронный аукцион;Ремонт внутренних помещений;;'263410000485641010100100110014339244;;;10461258.02;RUB;0;;;;;;"МУНИЦИПАЛЬНОЕ БЮДЖЕТНОЕ ОБЩЕОБРАЗОВАТЕЛЬНОЕ УЧРЕЖДЕНИЕ ""СРЕДНЯЯ ШКОЛА № 34 С УГЛУБЛЕННЫМ ИЗУЧЕНИЕМ ОТДЕЛЬНЫХ ПРЕДМЕТОВ"" ПЕТРОПАВЛОВСК-КАМЧАТСКОГО ГОРОДСКОГО ОКРУГА";УПРАВЛЕНИЕ ОРГАНИЗАЦИИ МУНИЦИПАЛЬНЫХ ЗАКУПОК АДМИНИСТРАЦИИ ПЕТРОПАВЛОВСК-КАМЧАТСКОГО ГОРОДСКОГО ОКРУГА - МУНИЦИПАЛЬНОЕ УЧРЕЖДЕНИЕ;15.05.2026;29.05.2026;Закупка завершена;;;28.05.2026;
44-ФЗ;№0869200000226003357;Запрос котировок в электронной форме;на поставку Устройства для смешивания растворов для внутривенного введения;;'262745313582774530100100370220000244;;;5858800.00;RUB;0;;;;;;МИНИСТЕРСТВО ЗДРАВООХРАНЕНИЯ ЧЕЛЯБИНСКОЙ ОБЛАСТИ;"ГОСУДАРСТВЕННОЕ КАЗЕННОЕ УЧРЕЖДЕНИЕ ""ЦЕНТР ОРГАНИЗАЦИИ ЗАКУПОК ЧЕЛЯБИНСКОЙ ОБЛАСТИ""";20.04.2026;29.05.2026;Закупка завершена;;;18.05.2026;
44-ФЗ;№0134200000126002188;Электронный аукцион;на выполнение инженерных изысканий, осуществление подготовки проектной и рабочей документации в целях строительства объекта капитального строительства «Полигон ТКО в городе Усть-Илимске с мусоросортировочной линией»;;'262380805225238490100100230017112414;;;51570000.00;RUB;0;;;;;;"ОБЛАСТНОЕ ГОСУДАРСТВЕННОЕ КАЗЕННОЕ УЧРЕЖДЕНИЕ ""ЕДИНЫЙ ЗАКАЗЧИК В СФЕРЕ СТРОИТЕЛЬСТВА ИРКУТСКОЙ ОБЛАСТИ""";МИНИСТЕРСТВО ПО РЕГУЛИРОВАНИЮ КОНТРАКТНОЙ СИСТЕМЫ В СФЕРЕ ЗАКУПОК ИРКУТСКОЙ ОБЛАСТИ;18.05.2026;29.05.2026;Закупка завершена;;;29.05.2026;
44-ФЗ;№0317300301926000679;Электронный аукцион;Выполнение работ по оценке технического состояния по показателям ровности покрытия и наличию основных дефектов автомобильных дорог г. Барнаула;;'263222523158622250100100360014211244;;;5440461.96;RUB;0;;;;;;КОМИТЕТ ПО ДОРОЖНОМУ ХОЗЯЙСТВУ И ТРАНСПОРТУ ГОРОДА БАРНАУЛА;КОМИТЕТ МУНИЦИПАЛЬНОГО ЗАКАЗА ГОРОДА БАРНАУЛА;12.05.2026;29.05.2026;Закупка завершена;;;27.05.2026;
44-ФЗ;№0351300019226000004;Электронный аукцион;Поставка вакуумной машины на базе шасси ГАЗ-С41R13 (или эквивалент);;'263543511177054350100100070012910244;;;6081666.67;RUB;0;;;;;;"МУНИЦИПАЛЬНОЕ КАЗЕННОЕ УЧРЕЖДЕНИЕ ЖИЛИЩНО-КОММУНАЛЬНОГО ХОЗЯЙСТВА ""СЕВЕРНОЕ""  СЕВЕРНОГО МУНИЦИПАЛЬНОГО ОКРУГА НОВОСИБИРСКОЙ ОБЛАСТИ";"МУНИЦИПАЛЬНОЕ КАЗЕННОЕ УЧРЕЖДЕНИЕ ЖИЛИЩНО-КОММУНАЛЬНОГО ХОЗЯЙСТВА ""СЕВЕРНОЕ""  СЕВЕРНОГО МУНИЦИПАЛЬНОГО ОКРУГА НОВОСИБИРСКОЙ ОБЛАСТИ";15.05.2026;29.05.2026;Закупка завершена;;;29.05.2026;
44-ФЗ;№0187300007826000122;Открытый конкурс в электронной форме;Выполнение работ по содержанию автомобильных дорог. Устройство слоев износа на проезжей части автомобильной дороги города Радужный.;;'263860901420586090100100660014211244;;;17669000.58;RUB;0;;;;;;"КАЗЕННОЕ УЧРЕЖДЕНИЕ ""ДИРЕКЦИЯ ЕДИНОГО ЗАКАЗЧИКА ПО ГОРОДСКОМУ ХОЗЯЙСТВУ"" ГОРОДСКОГО ОКРУГА РАДУЖНЫЙ ХАНТЫ-МАНСИЙСКОГО АВТОНОМНОГО ОКРУГА-ЮГРЫ";АДМИНИСТРАЦИЯ ГОРОДА РАДУЖНЫЙ;12.05.2026;29.05.2026;Закупка завершена;;;28.05.2026;
44-ФЗ;№0138300000426000402;Электронный аукцион;Мясо замороженное;;263410001813641010100100070020000244, 263410001846441010100100090020000244, 263410001824941010100100080020000244, 263410001834441010100100080020000244, 263410001436441010100100070020000244, 263410001844041010100100040020000244, 263410001839041010100100100020000244, 263410001452641010100100090020000244, 263410001433241010100100130020000244, 263410001431841010100100080020000244, 263410001817541010100100110020000244, 263410001434041010100100110020000244, 263410109428141010100100080020000244, 263410001843241010100100110020000244, 263410001828841010100100100020000244, 263410001847141010100100100020000244, 263410001832041010100100080020000244, 263410001851341010100100070020000244;;;18479182.07;RUB;0;;;;;;;УПРАВЛЕНИЕ ОРГАНИЗАЦИИ МУНИЦИПАЛЬНЫХ ЗАКУПОК АДМИНИСТРАЦИИ ПЕТРОПАВЛОВСК-КАМЧАТСКОГО ГОРОДСКОГО ОКРУГА - МУНИЦИПАЛЬНОЕ УЧРЕЖДЕНИЕ;19.05.2026;29.05.2026;Закупка завершена;;;28.05.2026;
44-ФЗ;№0138300000426000401;Электронный аукцион;Мясо замороженное;;263410001426941010100100080030000244, 263410001439641010100100100020000244, 263410001419541010100100110020000244, 263410001836941010100100090020000244, 263410001455841010100100080020000244, 263410001827041010100100070020000244, 263410001448441010100100060020000244, 263410000485641010100100100010000244, 263410110645941010100100170020000244, 263410001429041010100100100040000244, 263410001443841010100100110020000244, 263410001427641010100100060020000244;;;11043107.10;RUB;0;;;;;;;УПРАВЛЕНИЕ ОРГАНИЗАЦИИ МУНИЦИПАЛЬНЫХ ЗАКУПОК АДМИНИСТРАЦИИ ПЕТРОПАВЛОВСК-КАМЧАТСКОГО ГОРОДСКОГО ОКРУГА - МУНИЦИПАЛЬНОЕ УЧРЕЖДЕНИЕ;19.05.2026;29.05.2026;Закупка завершена;;;28.05.2026;
44-ФЗ;№0319100037926000003;Электронный аукцион;Оказание услуг по ликвидации несанкционированных свалок (объектов накопленного экологического вреда) на территории государственного природного заповедника «Путоранский» (Красноярский край, Таймырский Долгано-Ненецкий муниципальный район, окрестности озера Аян);;'261245707507024570100100180013812244;;;44479400.00;RUB;0;;;;;;"ФЕДЕРАЛЬНОЕ ГОСУДАРСТВЕННОЕ БЮДЖЕТНОЕ УЧРЕЖДЕНИЕ ""ОБЪЕДИНЕННАЯ ДИРЕКЦИЯ ЗАПОВЕДНИКОВ ТАЙМЫРА""";"ФЕДЕРАЛЬНОЕ ГОСУДАРСТВЕННОЕ БЮДЖЕТНОЕ УЧРЕЖДЕНИЕ ""ОБЪЕДИНЕННАЯ ДИРЕКЦИЯ ЗАПОВЕДНИКОВ ТАЙМЫРА""";14.05.2026;29.05.2026;Закупка завершена;;;22.05.2026;
44-ФЗ;№0362300026426000001;Запрос котировок в электронной форме;Выполнение работ по благоустройству территории МБОУ СОШ № 13, расположенного по адресу: Свердловская область, Режевской район, с. Черемисское, ул. Ленина, д. 35;;'263662800915866770100100030014399243;;;5246615.01;RUB;0;;;;;;"МУНИЦИПАЛЬНОЕ БЮДЖЕТНОЕ ОБЩЕОБРАЗОВАТЕЛЬНОЕ УЧРЕЖДЕНИЕ ""СРЕДНЯЯ ОБЩЕОБРАЗОВАТЕЛЬНАЯ ШКОЛА № 13""";"МУНИЦИПАЛЬНОЕ БЮДЖЕТНОЕ ОБЩЕОБРАЗОВАТЕЛЬНОЕ УЧРЕЖДЕНИЕ ""СРЕДНЯЯ ОБЩЕОБРАЗОВАТЕЛЬНАЯ ШКОЛА № 13""";22.05.2026;29.05.2026;Закупка завершена;;;29.05.2026;
44-ФЗ;№0134200000126002187;Электронный аукцион;"на выполнение инженерных изысканий, осуществление подготовки проектной и рабочей документации в целях строительства объекта капитального строительства ""Мусороперегрузочная станция в п. Хужир Ольхонского района""";;'262380805225238490100100220017112414;;;25000000.00;RUB;0;;;;;;"ОБЛАСТНОЕ ГОСУДАРСТВЕННОЕ КАЗЕННОЕ УЧРЕЖДЕНИЕ ""ЕДИНЫЙ ЗАКАЗЧИК В СФЕРЕ СТРОИТЕЛЬСТВА ИРКУТСКОЙ ОБЛАСТИ""";МИНИСТЕРСТВО ПО РЕГУЛИРОВАНИЮ КОНТРАКТНОЙ СИСТЕМЫ В СФЕРЕ ЗАКУПОК ИРКУТСКОЙ ОБЛАСТИ;18.05.2026;29.05.2026;Закупка завершена;;;29.05.2026;
44-ФЗ;№0161300000126000455;Запрос котировок в электронной форме;Приобретение жилого помещения для детей-сирот и детей, оставшихся без попечения родителей, лиц из числа детей-сирот и детей, оставшихся без попечения родителей;;'263650129297265010100100260026810412;;;8158800.00;RUB;0;;;;;;"МУНИЦИПАЛЬНОЕ КАЗЕННОЕ УЧРЕЖДЕНИЕ ""УПРАВЛЕНИЕ ЖИЛИЩНОЙ ПОЛИТИКИ ГОРОДА ЮЖНО-САХАЛИНСКА""";АДМИНИСТРАЦИЯ ГОРОДА ЮЖНО-САХАЛИНСКА;20.05.2026;29.05.2026;Закупка завершена;;;28.05.2026;
44-ФЗ;№0380200000126003753;Электронный аукцион;Поставка лекарственного препарата для медицинского применения в пользу граждан в целях их социального обеспечения РЛО, страдающих орфанными заболеваниями (РОМИПЛОСТИМ) в 2026 году;;'262190113011019010100101330032120323;;;7144018.20;RUB;0;;;;;;"ГОСУДАРСТВЕННОЕ БЮДЖЕТНОЕ УЧРЕЖДЕНИЕ РЕСПУБЛИКИ ХАКАСИЯ ""РЕСФАРМАЦИЯ""";ГОСУДАРСТВЕННЫЙ КОМИТЕТ ПО РЕГУЛИРОВАНИЮ КОНТРАКТНОЙ СИСТЕМЫ В СФЕРЕ ЗАКУПОК РЕСПУБЛИКИ ХАКАСИЯ;19.05.2026;29.05.2026;Закупка завершена;;;27.05.2026;
44-ФЗ;№0869200000226004229;Электронный аукцион;Приобретение жилых помещений в государственную собственность Челябинской области в целях предоставления медицинским работникам, состоящим в трудовых отношениях с ГАУЗ «ГБ № 2 г. Миасс»;;'263741500432674150100100060016810406;;;6876004.71;RUB;0;;;;;;"ГОСУДАРСТВЕННОЕ АВТОНОМНОЕ УЧРЕЖДЕНИЕ ЗДРАВООХРАНЕНИЯ ""ГОРОДСКАЯ БОЛЬНИЦА № 2 Г. МИАСС""";"ГОСУДАРСТВЕННОЕ КАЗЕННОЕ УЧРЕЖДЕНИЕ ""ЦЕНТР ОРГАНИЗАЦИИ ЗАКУПОК ЧЕЛЯБИНСКОЙ ОБЛАСТИ""";15.05.2026;29.05.2026;Закупка завершена;;;27.05.2026;
44-ФЗ;№0862300041926000008;Электронный аукцион;Выполнение работ по ремонту автомобильных дорог местного значения на территории г. Невьянска;;'263668200067566820100100080014211244;;;10042835.92;RUB;0;;;;;;"МУНИЦИПАЛЬНОЕ КАЗЕННОЕ УЧРЕЖДЕНИЕ ""ЕДИНАЯ ДЕЖУРНО-ДИСПЕТЧЕРСКАЯ СЛУЖБА НЕВЬЯНСКОГО МУНИЦИПАЛЬНОГО ОКРУГА""";"МУНИЦИПАЛЬНОЕ КАЗЕННОЕ УЧРЕЖДЕНИЕ ""ЕДИНАЯ ДЕЖУРНО-ДИСПЕТЧЕРСКАЯ СЛУЖБА НЕВЬЯНСКОГО МУНИЦИПАЛЬНОГО ОКРУГА""";20.05.2026;29.05.2026;Закупка завершена;;;28.05.2026;
44-ФЗ;№0816500000626008530;Электронный аукцион;Поставка подъемника бытового для перемещения инвалидов;;'262143513355114350100100070022822323;;;5375000.00;RUB;0;;;;;;"ГОСУДАРСТВЕННОЕ КАЗЕННОЕ УЧРЕЖДЕНИЕ РЕСПУБЛИКИ САХА (ЯКУТИЯ) ""УПРАВЛЕНИЕ СОЦИАЛЬНОЙ ЗАЩИТЫ НАСЕЛЕНИЯ И ТРУДА Г. ЯКУТСКА ПРИ МИНИСТЕРСТВЕ ТРУДА И СОЦИАЛЬНОГО РАЗВИТИЯ РЕСПУБЛИКИ САХА (ЯКУТИЯ)""";"ГОСУДАРСТВЕННОЕ КАЗЕННОЕ УЧРЕЖДЕНИЕ РЕСПУБЛИКИ САХА (ЯКУТИЯ) ""ЦЕНТР ЗАКУПОК РЕСПУБЛИКИ САХА (ЯКУТИЯ)""";18.05.2026;29.05.2026;Закупка завершена;;;27.05.2026;
44-ФЗ;№0338200013626000006;Электронный аукцион;Поставка простой (неисключительной) лицензии на право использования СУБД Postgres Pro Enterprise для 1С (сертифицированная версия) или эквивалент;;'262410117182841010100100980025829242;;;7159736.00;RUB;0;;;;;;"КРАЕВОЕ ГОСУДАРСТВЕННОЕ КАЗЕННОЕ УЧРЕЖДЕНИЕ ""ЦЕНТР ФИНАНСОВОГО ОБЕСПЕЧЕНИЯ""";"КРАЕВОЕ ГОСУДАРСТВЕННОЕ КАЗЕННОЕ УЧРЕЖДЕНИЕ ""ЦЕНТР ФИНАНСОВОГО ОБЕСПЕЧЕНИЯ""";20.05.2026;29.05.2026;Закупка завершена;;;28.05.2026;
44-ФЗ;№0134200000126002179;Электронный аукцион;Выполнение работ по комплексному техническому обслуживанию Интеллектуальной Транспортной Системы Иркутской области, находящейся в защищенном информационном контуре;;'262380829142038490100100300014211246;;;69942437.33;RUB;0;;;;;;"ОБЛАСТНОЕ ГОСУДАРСТВЕННОЕ КАЗЕННОЕ УЧРЕЖДЕНИЕ ""ЦЕНТР ОРГАНИЗАЦИИ ДОРОЖНОГО ДВИЖЕНИЯ ИРКУТСКОЙ ОБЛАСТИ""";МИНИСТЕРСТВО ПО РЕГУЛИРОВАНИЮ КОНТРАКТНОЙ СИСТЕМЫ В СФЕРЕ ЗАКУПОК ИРКУТСКОЙ ОБЛАСТИ;18.05.2026;29.05.2026;Закупка завершена;;;29.05.2026;
44-ФЗ;№0134200000126002134;Электронный аукцион;"Выполнение работ по  текущему ремонту кровли и вентиляции здания пищеблока ГБУЗ Иркутская ордена ""Знак Почета"" областная клиническая больница";;'262381201469038120100104160014391244;;;5856117.25;RUB;0;;;;;;"ГОСУДАРСТВЕННОЕ БЮДЖЕТНОЕ УЧРЕЖДЕНИЕ ЗДРАВООХРАНЕНИЯ ИРКУТСКАЯ ОРДЕНА ""ЗНАК ПОЧЕТА"" ОБЛАСТНАЯ КЛИНИЧЕСКАЯ БОЛЬНИЦА";МИНИСТЕРСТВО ПО РЕГУЛИРОВАНИЮ КОНТРАКТНОЙ СИСТЕМЫ В СФЕРЕ ЗАКУПОК ИРКУТСКОЙ ОБЛАСТИ;14.05.2026;29.05.2026;Закупка завершена;;;28.05.2026;
44-ФЗ;№0816500000626008502;Электронный аукцион;Поставка лекарственных препаратов (МНН: Альбумин человека);;'262143502651014350100100340960000244;;;9396750.00;RUB;0;;;;;;"ГОСУДАРСТВЕННОЕ БЮДЖЕТНОЕ УЧРЕЖДЕНИЕ РЕСПУБЛИКИ САХА (ЯКУТИЯ) ""ЯКУТСКАЯ РЕСПУБЛИКАНСКАЯ КЛИНИЧЕСКАЯ БОЛЬНИЦА""";"ГОСУДАРСТВЕННОЕ КАЗЕННОЕ УЧРЕЖДЕНИЕ РЕСПУБЛИКИ САХА (ЯКУТИЯ) ""ЦЕНТР ЗАКУПОК РЕСПУБЛИКИ САХА (ЯКУТИЯ)""";18.05.2026;29.05.2026;Закупка завершена;;;28.05.2026;
44-ФЗ;№0351100002426000132;Электронный аукцион;Поставка угля;;'261540211649154020100100690010510244;;;8193750.00;RUB;0;;;;;;"ФЕДЕРАЛЬНОЕ КАЗЕННОЕ УЧРЕЖДЕНИЕ ""НОВОСИБИРСКАЯ ПСИХИАТРИЧЕСКАЯ БОЛЬНИЦА (СТАЦИОНАР) СПЕЦИАЛИЗИРОВАННОГО ТИПА С ИНТЕНСИВНЫМ НАБЛЮДЕНИЕМ"" МИНИСТЕРСТВА ЗДРАВООХРАНЕНИЯ РОССИЙСКОЙ ФЕДЕРАЦИИ";"ФЕДЕРАЛЬНОЕ КАЗЕННОЕ УЧРЕЖДЕНИЕ ""НОВОСИБИРСКАЯ ПСИХИАТРИЧЕСКАЯ БОЛЬНИЦА (СТАЦИОНАР) СПЕЦИАЛИЗИРОВАННОГО ТИПА С ИНТЕНСИВНЫМ НАБЛЮДЕНИЕМ"" МИНИСТЕРСТВА ЗДРАВООХРАНЕНИЯ РОССИЙСКОЙ ФЕДЕРАЦИИ";19.05.2026;29.05.2026;Закупка завершена;;;27.05.2026;
44-ФЗ;№0851200000626003528;Электронный аукцион;Корректировка проектной документации по объекту «Строительство полигона ТКО в Кыштовском районе Новосибирской области»;;'263543000004054300100100480017112414;;;10000000.00;RUB;0;;;;;;АДМИНИСТРАЦИЯ КЫШТОВСКОГО РАЙОНА НОВОСИБИРСКОЙ ОБЛАСТИ;"ГОСУДАРСТВЕННОЕ КАЗЕННОЕ УЧРЕЖДЕНИЕ НОВОСИБИРСКОЙ ОБЛАСТИ ""УПРАВЛЕНИЕ КОНТРАКТНОЙ СИСТЕМЫ""";21.05.2026;29.05.2026;Закупка завершена;;;29.05.2026;
44-ФЗ;№0320100018726000172;Электронный аукцион на проведение работ по строительству, реконструкции, кап. ремонту, сносу объекта кап. строительства в соответствии с п. 8 ч. 1 ст. 33 Закона № 44-ФЗ;Выполнение работ по капитальному ремонту лестничного пролета учебного корпуса Сахалинского высшего морского училища им. Т.Б. Гуженко - филиала МГУ им. адм. Г.И. Невельского.;;'261254000978825400100101710014329243;;;9822088.34;RUB;0;;;;;;"ФЕДЕРАЛЬНОЕ ГОСУДАРСТВЕННОЕ БЮДЖЕТНОЕ ОБРАЗОВАТЕЛЬНОЕ УЧРЕЖДЕНИЕ ВЫСШЕГО ОБРАЗОВАНИЯ ""МОРСКОЙ ГОСУДАРСТВЕННЫЙ УНИВЕРСИТЕТ ИМЕНИ АДМИРАЛА Г.И. НЕВЕЛЬСКОГО""";"ФЕДЕРАЛЬНОЕ ГОСУДАРСТВЕННОЕ БЮДЖЕТНОЕ ОБРАЗОВАТЕЛЬНОЕ УЧРЕЖДЕНИЕ ВЫСШЕГО ОБРАЗОВАНИЯ ""МОРСКОЙ ГОСУДАРСТВЕННЫЙ УНИВЕРСИТЕТ ИМЕНИ АДМИРАЛА Г.И. НЕВЕЛЬСКОГО""";21.05.2026;29.05.2026;Закупка завершена;;;29.05.2026;
44-ФЗ;№0165300010526000274;Электронный аукцион;Оказание услуг по предоставлению кредита;;'263702102392570170100100600016419730;;;94141369.86;RUB;0;;;;;;ДЕПАРТАМЕНТ ФИНАНСОВ АДМИНИСТРАЦИИ ГОРОДА ТОМСКА;АДМИНИСТРАЦИЯ ГОРОДА ТОМСКА;23.04.2026;29.05.2026;Закупка завершена;;;29.05.2026;
44-ФЗ;№0165300010526000270;Электронный аукцион;Оказание услуг по предоставлению кредита;;'263702102392570170100100590016419730;;;42311890.41;RUB;0;;;;;;ДЕПАРТАМЕНТ ФИНАНСОВ АДМИНИСТРАЦИИ ГОРОДА ТОМСКА;АДМИНИСТРАЦИЯ ГОРОДА ТОМСКА;22.04.2026;29.05.2026;Закупка завершена;;;29.05.2026;
44-ФЗ;№0165300010526000268;Электронный аукцион;Оказание услуг по предоставлению кредита;;'263702102392570170100100500026419730;;;110435068.49;RUB;0;;;;;;ДЕПАРТАМЕНТ ФИНАНСОВ АДМИНИСТРАЦИИ ГОРОДА ТОМСКА;АДМИНИСТРАЦИЯ ГОРОДА ТОМСКА;22.04.2026;29.05.2026;Закупка завершена;;;29.05.2026;
44-ФЗ;№0369300008426000226;Электронный аукцион;Приобретение в собственность муниципального образования Чебаркульского городского округа жилого помещения (квартиры) для переселения граждан из жилищного фонда, признанного аварийным и подлежащему сносу.;;'263742000366374150100100450026810412;;;5102693.20;RUB;0;;;;;;УПРАВЛЕНИЕ МУНИЦИПАЛЬНОЙ СОБСТВЕННОСТИ АДМИНИСТРАЦИИ ЧЕБАРКУЛЬСКОГО ГОРОДСКОГО ОКРУГА;"АДМИНИСТРАЦИЯ МУНИЦИПАЛЬНОГО ОБРАЗОВАНИЯ ""ЧЕБАРКУЛЬСКИЙ ГОРОДСКОЙ ОКРУГ""";19.05.2026;29.05.2026;Закупка завершена;;;27.05.2026;
44-ФЗ;№0380200000126003712;Электронный аукцион;Выполнение работ по ремонту участка автомобильной дороги, расположенной по адресу: Республика Хакасия, г. Сорск, ул. Кирова от дома №17 до пересечения с ул. 50 лет Октября в районе домов №7, №3;;'263191000281219100100100210014211244;;;21097067.27;RUB;0;;;;;;АДМИНИСТРАЦИЯ ГОРОДА СОРСКА РЕСПУБЛИКИ ХАКАСИЯ;ГОСУДАРСТВЕННЫЙ КОМИТЕТ ПО РЕГУЛИРОВАНИЮ КОНТРАКТНОЙ СИСТЕМЫ В СФЕРЕ ЗАКУПОК РЕСПУБЛИКИ ХАКАСИЯ;19.05.2026;29.05.2026;Закупка завершена;;;27.05.2026;
44-ФЗ;№0819300027826000185;Электронный аукцион;Поставка нефтепродуктов (АИ-92, АИ-95) ;;'263245503334924550100100260021920244;;;5000000.00;RUB;0;;;;;;"МУНИЦИПАЛЬНОЕ КАЗЕННОЕ УЧРЕЖДЕНИЕ ""РЕСУРСНЫЙ ЦЕНТР МИНУСИНСКОГО МУНИЦИПАЛЬНОГО ОКРУГА""";"МУНИЦИПАЛЬНОЕ КАЗЕННОЕ УЧРЕЖДЕНИЕ ""УПРАВЛЕНИЕ МУНИЦИПАЛЬНЫХ ЗАКУПОК""";20.05.2026;29.05.2026;Закупка завершена;;;29.05.2026;
44-ФЗ;№0851300006726000019;Электронный аукцион;Услуги по механизированной уборке дорог и тротуаров на территории Кировского района г. Новосибирска;;'263540335445054030100100070020000244;;;5102046.58;RUB;0;;;;;;"МУНИЦИПАЛЬНОЕ КАЗЕННОЕ УЧРЕЖДЕНИЕ ГОРОДА НОВОСИБИРСКА ""КИРОВСКОЕ""";"МУНИЦИПАЛЬНОЕ КАЗЕННОЕ УЧРЕЖДЕНИЕ ГОРОДА НОВОСИБИРСКА ""КИРОВСКОЕ""";21.05.2026;29.05.2026;Закупка завершена;;;29.05.2026;
44-ФЗ;№0122200002526001876;Запрос котировок в электронной форме;Поставка медицинских изделий: Система стабилографии, ввод в эксплуатацию, обучение правилам эксплуатации специалистов, эксплуатирующих медицинские изделия;;'262272601107727030100101250012660244;;;5299000.00;RUB;0;;;;;;"КРАЕВОЕ ГОСУДАРСТВЕННОЕ БЮДЖЕТНОЕ УЧРЕЖДЕНИЕ ЗДРАВООХРАНЕНИЯ ""ГОРОДСКАЯ БОЛЬНИЦА"" ИМЕНИ М.И. ШЕВЧУК МИНИСТЕРСТВА ЗДРАВООХРАНЕНИЯ ХАБАРОВСКОГО КРАЯ";КОМИТЕТ ГОСУДАРСТВЕННОГО ЗАКАЗА ПРАВИТЕЛЬСТВА ХАБАРОВСКОГО КРАЯ;22.05.2026;29.05.2026;Закупка завершена;;;29.05.2026;
44-ФЗ;№0802600001926000024;Электронный аукцион на проведение работ по строительству, реконструкции, кап. ремонту, сносу объекта кап. строительства в соответствии с п. 8 ч. 1 ст. 33 Закона № 44-ФЗ;Строительство уличного освещения в пгт. Таксимо Муйского района Республики Бурятия по ул. 40 лет Победы ;;'263031331695803130100100840014222243;;;5594414.74;RUB;0;;;;;;"МУНИЦИПАЛЬНОЕ КАЗЕННОЕ УЧРЕЖДЕНИЕ ""УПРАВЛЕНИЕ ПО РАЗВИТИЮ ИНФРАСТРУКТУРЫ""";"МУНИЦИПАЛЬНОЕ КАЗЕННОЕ УЧРЕЖДЕНИЕ ""УПРАВЛЕНИЕ ПО РАЗВИТИЮ ИНФРАСТРУКТУРЫ""";22.05.2026;29.05.2026;Определение поставщика отменено;;;01.06.2026;
44-ФЗ;№0119200000126009232;Электронный аукцион;ЭА-№-9512/26 «Препараты для лечения сахарного диабета(ИНСУЛИН ЛИЗПРО)»;;'262246621260724660100100172910000323;;;19420050.00;RUB;0;;;;;;МИНИСТЕРСТВО ЗДРАВООХРАНЕНИЯ КРАСНОЯРСКОГО КРАЯ;АГЕНТСТВО ГОСУДАРСТВЕННОГО ЗАКАЗА КРАСНОЯРСКОГО КРАЯ;21.05.2026;29.05.2026;Закупка завершена;;;29.05.2026;
44-ФЗ;№0119200000126009233;Электронный аукцион;ЭА-№-9519/26 «Препараты для лечения сахарного диабета (ИНСУЛИН АСПАРТ)»;;'262246621260724660100100172920000323;;;47337600.00;RUB;0;;;;;;МИНИСТЕРСТВО ЗДРАВООХРАНЕНИЯ КРАСНОЯРСКОГО КРАЯ;АГЕНТСТВО ГОСУДАРСТВЕННОГО ЗАКАЗА КРАСНОЯРСКОГО КРАЯ;21.05.2026;29.05.2026;Закупка завершена;;;29.05.2026;
44-ФЗ;№0312300017326000127;Открытый конкурс в электронной форме;Услуги по ремонту и техническому обслуживанию электрического оборудования ( содержание сетей уличного освещения) в г. Кызыле Республики Тыва в 2026 году.;;'263170104834817010100100310024321244;;;24992732.62;RUB;0;;;;;;ДЕПАРТАМЕНТ ГОРОДСКОГО ХОЗЯЙСТВА МЭРИИ ГОРОДА КЫЗЫЛА;МЭРИЯ ГОРОДА КЫЗЫЛА;13.05.2026;29.05.2026;Закупка завершена;;;29.05.2026;
44-ФЗ;№0820500000826002628;Электронный аукцион;ЭНЗАЛУТАМИД;;'262254001814025400100100010210000244;;;17131296.00;RUB;0;;;;;;"КРАЕВОЕ ГОСУДАРСТВЕННОЕ БЮДЖЕТНОЕ УЧРЕЖДЕНИЕ ЗДРАВООХРАНЕНИЯ ""ВЛАДИВОСТОКСКАЯ ПОЛИКЛИНИКА № 1""";"КРАЕВОЕ ГОСУДАРСТВЕННОЕ КАЗЕННОЕ УЧРЕЖДЕНИЕ ""ЦЕНТР ГОСУДАРСТВЕННЫХ ЗАКУПОК ПРИМОРСКОГО КРАЯ""";19.05.2026;29.05.2026;Закупка завершена;;;27.05.2026;
44-ФЗ;№0119200000126009083;Электронный аукцион;ЭА-№-9572/26 «Препараты для лечения заболеваний кожи прочие ДУПИЛУМАБ»;;'262246621260724660100100172460000323;;;15384376.00;RUB;0;;;;;;МИНИСТЕРСТВО ЗДРАВООХРАНЕНИЯ КРАСНОЯРСКОГО КРАЯ;АГЕНТСТВО ГОСУДАРСТВЕННОГО ЗАКАЗА КРАСНОЯРСКОГО КРАЯ;19.05.2026;29.05.2026;Закупка завершена;;;29.05.2026;
44-ФЗ;№0119200000126009224;Электронный аукцион;ЭА-№-9580/26 «Препараты противоопухолевые гормональные АБИРАТЕРОН»;;'262246621260724660100100172420000323;;;10635120.00;RUB;0;;;;;;МИНИСТЕРСТВО ЗДРАВООХРАНЕНИЯ КРАСНОЯРСКОГО КРАЯ;АГЕНТСТВО ГОСУДАРСТВЕННОГО ЗАКАЗА КРАСНОЯРСКОГО КРАЯ;21.05.2026;29.05.2026;Закупка завершена;;;29.05.2026;
44-ФЗ;№0165300010526000262;Электронный аукцион;Оказание услуг по предоставлению кредита;;'263702102392570170100100510026419730;;;143691780.82;RUB;0;;;;;;ДЕПАРТАМЕНТ ФИНАНСОВ АДМИНИСТРАЦИИ ГОРОДА ТОМСКА;АДМИНИСТРАЦИЯ ГОРОДА ТОМСКА;22.04.2026;29.05.2026;Закупка завершена;;;29.05.2026;
44-ФЗ;№0165300010526000259;Электронный аукцион;Оказание услуг по предоставлению кредита;;'263702102392570170100100560016419730;;;110435068.49;RUB;0;;;;;;ДЕПАРТАМЕНТ ФИНАНСОВ АДМИНИСТРАЦИИ ГОРОДА ТОМСКА;АДМИНИСТРАЦИЯ ГОРОДА ТОМСКА;21.04.2026;29.05.2026;Закупка завершена;;;29.05.2026;
44-ФЗ;№0851300007326000106;Электронный аукцион;Приобретение жилого помещения (квартиры) для обеспечения жильем семьи, имеющей ребенка-инвалида, нуждающейся в улучшении жилищных условий на территории городского поселения рабочий поселок Краснообск Новосибирского района Новосибирской области;;'263543310766654330100100100056810412;;;7058180.07;RUB;0;;;;;;АДМИНИСТРАЦИЯ РАБОЧЕГО ПОСЕЛКА КРАСНООБСКА НОВОСИБИРСКОГО РАЙОНА НОВОСИБИРСКОЙ ОБЛАСТИ;"МУНИЦИПАЛЬНОЕ КАЗЕННОЕ УЧРЕЖДЕНИЕ РАБОЧЕГО ПОСЕЛКА КРАСНООБСКА НОВОСИБИРСКОГО РАЙОНА НОВОСИБИРСКОЙ ОБЛАСТИ ""РЕСУРСНО-АДМИНИСТРАТИВНАЯ СЛУЖБА""";21.05.2026;29.05.2026;Закупка завершена;;;29.05.2026;
44-ФЗ;№0820600003726000013;Электронный аукцион;Выполнение работ по строительству автомобильной дороги в с. Новолитовск по ул. Светлая, ул. Солнечная, переулкам: Ручейный, Полевой, Морской, Светлый, Солнечный, Мирный, Лазурный, Заречный в Партизанском муниципальном округе с разработкой проектной документации (1 этап);;'263250814842725080100100230010000414;;;17400000.01;RUB;0;;;;;;"МУНИЦИПАЛЬНОЕ КАЗЕННОЕ УЧРЕЖДЕНИЕ ""УПРАВЛЕНИЕ ДОРОЖНОГО ХОЗЯЙСТВА, ТРАНСПОРТА И БЛАГОУСТРОЙСТВА ПАРТИЗАНСКОГО МУНИЦИПАЛЬНОГО ОКРУГА ПРИМОРСКОГО КРАЯ""";"МУНИЦИПАЛЬНОЕ КАЗЕННОЕ УЧРЕЖДЕНИЕ ""УПРАВЛЕНИЕ ДОРОЖНОГО ХОЗЯЙСТВА, ТРАНСПОРТА И БЛАГОУСТРОЙСТВА ПАРТИЗАНСКОГО МУНИЦИПАЛЬНОГО ОКРУГА ПРИМОРСКОГО КРАЯ""";21.05.2026;29.05.2026;Закупка завершена;;;29.05.2026;
44-ФЗ;№0117300067826000055;Электронный аукцион;Поставка светового потолка в рамках реализации проектов по развитию общественной территории муниципального образования, в том числе мероприятий (результатов) по обустройству туристского центра города на территории муниципального образования в соответствии с туристским кодом центра города;;'263220403653822040100100080012740244;;;11650000.00;RUB;0;;;;;;"МУНИЦИПАЛЬНОЕ КАЗЕННОЕ УЧРЕЖДЕНИЕ ""УПРАВЛЕНИЕ КУЛЬТУРЫ, СПОРТА И МОЛОДЕЖНОЙ ПОЛИТИКИ АДМИНИСТРАЦИИ ГОРОДА БИЙСКА""";АДМИНИСТРАЦИЯ ГОРОДА БИЙСКА;06.05.2026;29.05.2026;Закупка завершена;;;14.05.2026;
44-ФЗ;№0139200000126005970;Электронный аукцион;Поставка лекарственных препаратов;;'262420534966442050100102000152120244;;;6269999.88;RUB;0;;;;;;"ГОСУДАРСТВЕННОЕ КАЗЕННОЕ УЧРЕЖДЕНИЕ ЗДРАВООХРАНЕНИЯ ""АГЕНТСТВО ПО ЗАКУПКАМ В СФЕРЕ ЗДРАВООХРАНЕНИЯ""";ДЕПАРТАМЕНТ КОНТРАКТНОЙ СИСТЕМЫ КУЗБАССА;14.05.2026;29.05.2026;Закупка завершена;;;28.05.2026;
44-ФЗ;№0323100007826000020;Электронный аукцион;Выполнение работ по текущему ремонту наружной и внутренней системы теплоснабжения, водоснабжения и канализации;;'261280102829828010100100240014329244;;;5176547.43;RUB;0;;;;;;"ФЕДЕРАЛЬНОЕ ГОСУДАРСТВЕННОЕ БЮДЖЕТНОЕ ОБРАЗОВАТЕЛЬНОЕ УЧРЕЖДЕНИЕ ВЫСШЕГО ОБРАЗОВАНИЯ ""ДАЛЬНЕВОСТОЧНЫЙ ГОСУДАРСТВЕННЫЙ АГРАРНЫЙ УНИВЕРСИТЕТ""";"ФЕДЕРАЛЬНОЕ ГОСУДАРСТВЕННОЕ БЮДЖЕТНОЕ ОБРАЗОВАТЕЛЬНОЕ УЧРЕЖДЕНИЕ ВЫСШЕГО ОБРАЗОВАНИЯ ""ДАЛЬНЕВОСТОЧНЫЙ ГОСУДАРСТВЕННЫЙ АГРАРНЫЙ УНИВЕРСИТЕТ""";15.05.2026;29.05.2026;Закупка завершена;;;28.05.2026;
44-ФЗ;№0820600002026000070;Электронный аукцион;Приобретение благоустроенного жилого помещения для формирования муниципального специализированного жилищного фонда для обеспечения детей-сирот, детей, оставшихся без попечения родителей, лиц из числа детей-сирот и детей, оставшихся без попечения родителей на территории города Находка Приморского края;;'263250802000025080100100180026810412;;;5166000.00;RUB;0;;;;;;АДМИНИСТРАЦИЯ НАХОДКИНСКОГО ГОРОДСКОГО ОКРУГА;"МУНИЦИПАЛЬНОЕ КАЗЕННОЕ УЧРЕЖДЕНИЕ ""УПРАВЛЕНИЕ ПО ОБЕСПЕЧЕНИЮ ДЕЯТЕЛЬНОСТИ ОРГАНОВ МЕСТНОГО САМОУПРАВЛЕНИЯ НАХОДКИНСКОГО ГОРОДСКОГО ОКРУГА""";25.03.2026;29.05.2026;Закупка завершена;;;29.05.2026;
44-ФЗ;№0312300017326000141;Электронный аукцион;Изготовление, доставка и установка плавучего причального сооружения для приема маломерных пассажирских судов в г. Кызыл;;'263170104500117010100100370010000244;;;17235500.00;RUB;0;;;;;;ДЕПАРТАМЕНТ КАПИТАЛЬНОГО СТРОИТЕЛЬСТВА И РЕАЛИЗАЦИИ ЖИЛИЩНЫХ ПРОГРАММ МЭРИИ ГОРОДА КЫЗЫЛА;МЭРИЯ ГОРОДА КЫЗЫЛА;21.05.2026;29.05.2026;Закупка завершена;;;29.05.2026;
44-ФЗ;№0820500000826002609;Электронный аукцион;Поставка блочно-модульной котельной для Находкинского филиала;;'262253611272925380100100080012530000;;;19005965.12;RUB;0;;;;;;"КРАЕВОЕ ГОСУДАРСТВЕННОЕ УНИТАРНОЕ ПРЕДПРИЯТИЕ ""ПРИМТЕПЛОЭНЕРГО""";"КРАЕВОЕ ГОСУДАРСТВЕННОЕ КАЗЕННОЕ УЧРЕЖДЕНИЕ ""ЦЕНТР ГОСУДАРСТВЕННЫХ ЗАКУПОК ПРИМОРСКОГО КРАЯ""";18.05.2026;29.05.2026;Закупка завершена;;;27.05.2026;
44-ФЗ;№0820500000826002566;Электронный аукцион;Поставка блочно-модульной котельной для Большекаменского филиала;;'262253611272925380100100100012530000;;;14164788.16;RUB;0;;;;;;"КРАЕВОЕ ГОСУДАРСТВЕННОЕ УНИТАРНОЕ ПРЕДПРИЯТИЕ ""ПРИМТЕПЛОЭНЕРГО""";"КРАЕВОЕ ГОСУДАРСТВЕННОЕ КАЗЕННОЕ УЧРЕЖДЕНИЕ ""ЦЕНТР ГОСУДАРСТВЕННЫХ ЗАКУПОК ПРИМОРСКОГО КРАЯ""";15.05.2026;29.05.2026;Закупка завершена;;;27.05.2026;
44-ФЗ;№0820500000826002629;Электронный аукцион;Оказание услуг по уборке помещений.;;'262252202007325220100100090018121244;;;19629045.19;RUB;0;;;;;;"КРАЕВОЕ ГОСУДАРСТВЕННОЕ БЮДЖЕТНОЕ УЧРЕЖДЕНИЕ ЗДРАВООХРАНЕНИЯ ""ОКТЯБРЬСКАЯ ЦЕНТРАЛЬНАЯ РАЙОННАЯ БОЛЬНИЦА""";"КРАЕВОЕ ГОСУДАРСТВЕННОЕ КАЗЕННОЕ УЧРЕЖДЕНИЕ ""ЦЕНТР ГОСУДАРСТВЕННЫХ ЗАКУПОК ПРИМОРСКОГО КРАЯ""";20.05.2026;29.05.2026;Закупка завершена;;;28.05.2026;
44-ФЗ;№0820500000826002690;Электронный аукцион;КАБОЗАНТИНИБ;;'262250809953025080100100260142120244;;;9312138.00;RUB;0;;;;;;"КРАЕВОЕ ГОСУДАРСТВЕННОЕ БЮДЖЕТНОЕ УЧРЕЖДЕНИЕ ЗДРАВООХРАНЕНИЯ ""НАХОДКИНСКАЯ ГОРОДСКАЯ БОЛЬНИЦА""";"КРАЕВОЕ ГОСУДАРСТВЕННОЕ КАЗЕННОЕ УЧРЕЖДЕНИЕ ""ЦЕНТР ГОСУДАРСТВЕННЫХ ЗАКУПОК ПРИМОРСКОГО КРАЯ""";21.05.2026;29.05.2026;Закупка завершена;;;29.05.2026;
44-ФЗ;№0134300045926000073;Электронный аукцион;Выполнение работ по содержанию автомобильных дорог;;'263382302873738230100100350014211244;;;10400020.59;RUB;0;;;;;;"АДМИНИСТРАЦИЯ МУНИЦИПАЛЬНОГО ОБРАЗОВАНИЯ ""БРАТСКИЙ РАЙОН""";"АДМИНИСТРАЦИЯ МУНИЦИПАЛЬНОГО ОБРАЗОВАНИЯ ""БРАТСКИЙ РАЙОН""";19.05.2026;29.05.2026;Закупка завершена;;;28.05.2026;
44-ФЗ;№0816500000626007745;Электронный аукцион;Поставка и установка комплексов фотовидеофиксации;;'262143523881114350100100360020000244;;;58500000.00;RUB;0;;;;;;"ГОСУДАРСТВЕННОЕ КАЗЕННОЕ УЧРЕЖДЕНИЕ ""УПРАВЛЕНИЕ АВТОМОБИЛЬНЫХ ДОРОГ РЕСПУБЛИКИ САХА (ЯКУТИЯ)""";"ГОСУДАРСТВЕННОЕ КАЗЕННОЕ УЧРЕЖДЕНИЕ РЕСПУБЛИКИ САХА (ЯКУТИЯ) ""ЦЕНТР ЗАКУПОК РЕСПУБЛИКИ САХА (ЯКУТИЯ)""";05.05.2026;29.05.2026;Определение поставщика отменено;;;14.05.2026;
44-ФЗ;№0128200000126003050;Электронный аукцион;"Поставка лекарственного препарата (Бевацизумаб) для медицинского применения для нужд ГБУЗВО ""ОКОД""";;'262332900914733280100102360012120244;;;25288298.48;RUB;0;;;;;;"ГОСУДАРСТВЕННОЕ БЮДЖЕТНОЕ УЧРЕЖДЕНИЕ ЗДРАВООХРАНЕНИЯ ВЛАДИМИРСКОЙ ОБЛАСТИ ""ОБЛАСТНОЙ КЛИНИЧЕСКИЙ ОНКОЛОГИЧЕСКИЙ ДИСПАНСЕР""";МИНИСТЕРСТВО ИМУЩЕСТВЕННЫХ И ЗЕМЕЛЬНЫХ ОТНОШЕНИЙ ВЛАДИМИРСКОЙ ОБЛАСТИ;20.05.2026;29.05.2026;Закупка завершена;;;28.05.2026;
44-ФЗ;№0816500000626008904;Запрос котировок в электронной форме на проведение работ по строительству, реконструкции, кап. ремонту, сносу объекта кап. строительства в соответствии с п. 8 ч. 1 ст. 33 Закона № 44-ФЗ ;Выполнение работ по капитальному ремонту слаботочных систем в здании родильного дома ГБУ РС(Я) «Мирнинской ЦРБ»;;'262143300936514330100100430010000243;;;9253599.26;RUB;0;;;;;;"ГОСУДАРСТВЕННОЕ БЮДЖЕТНОЕ УЧРЕЖДЕНИЕ РЕСПУБЛИКИ САХА (ЯКУТИЯ) ""МИРНИНСКАЯ ЦЕНТРАЛЬНАЯ РАЙОННАЯ БОЛЬНИЦА""";"ГОСУДАРСТВЕННОЕ КАЗЕННОЕ УЧРЕЖДЕНИЕ РЕСПУБЛИКИ САХА (ЯКУТИЯ) ""ЦЕНТР ЗАКУПОК РЕСПУБЛИКИ САХА (ЯКУТИЯ)""";22.05.2026;29.05.2026;Закупка завершена;;;29.05.2026;
44-ФЗ;№0816300017026000035;Запрос котировок в электронной форме; Благоустройство  территории ДШИ п. Чульман филиал МБУ ДО ДШИ г. Нерюнгри;;'263143401831614340100100200014399244;;;7495670.59;RUB;0;;;;;;МУНИЦИПАЛЬНОЕ БЮДЖЕТНОЕ УЧРЕЖДЕНИЕ ДОПОЛНИТЕЛЬНОГО ОБРАЗОВАНИЯ ДЕТСКАЯ ШКОЛА ИСКУССТВ Г. НЕРЮНГРИ;"МУНИЦИПАЛЬНОЕ КАЗЕННОЕ УЧРЕЖДЕНИЕ ""КОМИТЕТ ЗЕМЕЛЬНЫХ И ИМУЩЕСТВЕННЫХ ОТНОШЕНИЙ НЕРЮНГРИНСКОГО РАЙОНА""";20.05.2026;29.05.2026;Закупка завершена;;;27.05.2026;
44-ФЗ;№0138300000126000221;Электронный аукцион на проведение работ по строительству, реконструкции, кап. ремонту, сносу объекта кап. строительства в соответствии с п. 8 ч. 1 ст. 33 Закона № 44-ФЗ;ЭА214-26 Выполнение работ по капитальному ремонту пищеблока МБОУ ЕСШ №1 им. М.В. Ломоносова;;'263410501704841050100100030034120243;;;46672720.00;RUB;0;;;;;;"МУНИЦИПАЛЬНОЕ БЮДЖЕТНОЕ ОБЩЕОБРАЗОВАТЕЛЬНОЕ УЧРЕЖДЕНИЕ ""ЕЛИЗОВСКАЯ СРЕДНЯЯ ШКОЛА №1 ИМЕНИ М.В.ЛОМОНОСОВА""";УПРАВЛЕНИЕ ЭКОНОМИЧЕСКОГО РАЗВИТИЯ АДМИНИСТРАЦИИ ЕЛИЗОВСКОГО МУНИЦИПАЛЬНОГО РАЙОНА - МУНИЦИПАЛЬНОЕ КАЗЕННОЕ УЧРЕЖДЕНИЕ;15.05.2026;29.05.2026;Закупка завершена;;;27.05.2026;
44-ФЗ;№0116100001026000034;Электронный аукцион;Выборочный капитальный ремонт кровли административного здания Верховного Суда Республики Саха (Якутия);;'261143504234314350100100630014391243;;;7329410.52;RUB;0;;;;;;ВЕРХОВНЫЙ СУД РЕСПУБЛИКИ САХА (ЯКУТИЯ);ВЕРХОВНЫЙ СУД РЕСПУБЛИКИ САХА (ЯКУТИЯ);18.05.2026;29.05.2026;Закупка завершена;;;26.05.2026;
44-ФЗ;№0138300000426000434;Запрос котировок в электронной форме;Поставка (приобретение) жилого помещения (квартиры) в целях обеспечения детей-сирот и детей, оставшихся без попечения родителей, лиц из числа детей-сирот и детей, оставшихся без попечения родителей, жилыми помещениями;;'263410115660441010100100710016810412;;;5150000.00;RUB;0;;;;;;УПРАВЛЕНИЕ КОММУНАЛЬНОГО ХОЗЯЙСТВА И ЖИЛИЩНОГО ФОНДА АДМИНИСТРАЦИИ ПЕТРОПАВЛОВСК-КАМЧАТСКОГО ГОРОДСКОГО ОКРУГА-МУНИЦИПАЛЬНОЕ УЧРЕЖДЕНИЕ;УПРАВЛЕНИЕ ОРГАНИЗАЦИИ МУНИЦИПАЛЬНЫХ ЗАКУПОК АДМИНИСТРАЦИИ ПЕТРОПАВЛОВСК-КАМЧАТСКОГО ГОРОДСКОГО ОКРУГА - МУНИЦИПАЛЬНОЕ УЧРЕЖДЕНИЕ;20.05.2026;29.05.2026;Закупка завершена;;;28.05.2026;
44-ФЗ;№0122200002526001849;Электронный аукцион на проведение работ по строительству, реконструкции, кап. ремонту, сносу объекта кап. строительства в соответствии с п. 8 ч. 1 ст. 33 Закона № 44-ФЗ;Выполнение работ по капитальному ремонту кровли здания КГКОУ ШИ 20;;'263270480091327040100100070024120243;;;58063810.00;RUB;0;;;;;;"КРАЕВОЕ ГОСУДАРСТВЕННОЕ КАЗЕННОЕ ОБЩЕОБРАЗОВАТЕЛЬНОЕ УЧРЕЖДЕНИЕ,РЕАЛИЗУЮЩЕЕ АДАПТИРОВАННЫЕ ОСНОВНЫЕ ОБЩЕОБРАЗОВАТЕЛЬНЫЕ ПРОГРАММЫ ""ШКОЛА-ИНТЕРНАТ № 20""";КОМИТЕТ ГОСУДАРСТВЕННОГО ЗАКАЗА ПРАВИТЕЛЬСТВА ХАБАРОВСКОГО КРАЯ;21.05.2026;29.05.2026;Закупка завершена;;;29.05.2026;
44-ФЗ;№0138300000426000435;Запрос котировок в электронной форме;Поставка (приобретение) жилого помещения (квартиры) в целях обеспечения детей-сирот и детей, оставшихся без попечения родителей, лиц из числа детей-сирот и детей, оставшихся без попечения родителей, жилыми помещениями;;'263410115660441010100100780016810412;;;5070000.00;RUB;0;;;;;;УПРАВЛЕНИЕ КОММУНАЛЬНОГО ХОЗЯЙСТВА И ЖИЛИЩНОГО ФОНДА АДМИНИСТРАЦИИ ПЕТРОПАВЛОВСК-КАМЧАТСКОГО ГОРОДСКОГО ОКРУГА-МУНИЦИПАЛЬНОЕ УЧРЕЖДЕНИЕ;УПРАВЛЕНИЕ ОРГАНИЗАЦИИ МУНИЦИПАЛЬНЫХ ЗАКУПОК АДМИНИСТРАЦИИ ПЕТРОПАВЛОВСК-КАМЧАТСКОГО ГОРОДСКОГО ОКРУГА - МУНИЦИПАЛЬНОЕ УЧРЕЖДЕНИЕ;20.05.2026;29.05.2026;Закупка завершена;;;28.05.2026;
44-ФЗ;№0138300000426000438;Запрос котировок в электронной форме;Поставка (приобретение) жилого помещения (квартиры) в целях обеспечения детей-сирот и детей, оставшихся без попечения родителей, лиц из числа детей-сирот и детей, оставшихся без попечения родителей, жилыми помещениями;;'263410115660441010100100790016810412;;;5070000.00;RUB;0;;;;;;УПРАВЛЕНИЕ КОММУНАЛЬНОГО ХОЗЯЙСТВА И ЖИЛИЩНОГО ФОНДА АДМИНИСТРАЦИИ ПЕТРОПАВЛОВСК-КАМЧАТСКОГО ГОРОДСКОГО ОКРУГА-МУНИЦИПАЛЬНОЕ УЧРЕЖДЕНИЕ;УПРАВЛЕНИЕ ОРГАНИЗАЦИИ МУНИЦИПАЛЬНЫХ ЗАКУПОК АДМИНИСТРАЦИИ ПЕТРОПАВЛОВСК-КАМЧАТСКОГО ГОРОДСКОГО ОКРУГА - МУНИЦИПАЛЬНОЕ УЧРЕЖДЕНИЕ;20.05.2026;29.05.2026;Закупка завершена;;;28.05.2026;
44-ФЗ;№0320300150426000115;Запрос котировок в электронной форме;C-реактивный белок (СРБ) ИВД, набор, нефелометрический/турбидиметрический анализ;;'262250809953025080100100040900000244;;;5850000.00;RUB;0;;;;;;"КРАЕВОЕ ГОСУДАРСТВЕННОЕ БЮДЖЕТНОЕ УЧРЕЖДЕНИЕ ЗДРАВООХРАНЕНИЯ ""НАХОДКИНСКАЯ ГОРОДСКАЯ БОЛЬНИЦА""";"КРАЕВОЕ ГОСУДАРСТВЕННОЕ БЮДЖЕТНОЕ УЧРЕЖДЕНИЕ ЗДРАВООХРАНЕНИЯ ""НАХОДКИНСКАЯ ГОРОДСКАЯ БОЛЬНИЦА""";19.05.2026;29.05.2026;Закупка завершена;;;27.05.2026;
44-ФЗ;№0138300000426000437;Запрос котировок в электронной форме;Поставка (приобретение) жилого помещения (квартиры) в целях обеспечения детей-сирот и детей, оставшихся без попечения родителей, лиц из числа детей-сирот и детей, оставшихся без попечения родителей, жилыми помещениями;;'263410115660441010100100700016810412;;;5150000.00;RUB;0;;;;;;УПРАВЛЕНИЕ КОММУНАЛЬНОГО ХОЗЯЙСТВА И ЖИЛИЩНОГО ФОНДА АДМИНИСТРАЦИИ ПЕТРОПАВЛОВСК-КАМЧАТСКОГО ГОРОДСКОГО ОКРУГА-МУНИЦИПАЛЬНОЕ УЧРЕЖДЕНИЕ;УПРАВЛЕНИЕ ОРГАНИЗАЦИИ МУНИЦИПАЛЬНЫХ ЗАКУПОК АДМИНИСТРАЦИИ ПЕТРОПАВЛОВСК-КАМЧАТСКОГО ГОРОДСКОГО ОКРУГА - МУНИЦИПАЛЬНОЕ УЧРЕЖДЕНИЕ;20.05.2026;29.05.2026;Закупка завершена;;;28.05.2026;
44-ФЗ;№0323300111026000056;Электронный аукцион;Выполнение  работ по ремонту автомобильной дороги в пгт. Новобурейский, Бурейского муниципального округа, Амурской области, ул. Героя Суворова, участок протяженностью 440 м;;'263281301115428130100100180034211244;;;16248986.14;RUB;0;;;;;;АДМИНИСТРАЦИЯ БУРЕЙСКОГО МУНИЦИПАЛЬНОГО ОКРУГА АМУРСКОЙ ОБЛАСТИ;"МУНИЦИПАЛЬНОЕ КАЗЕННОЕ УЧРЕЖДЕНИЕ БУРЕЙСКОГО МУНИЦИПАЛЬНОГО ОКРУГА ""ЦЕНТР ТЕХНИЧЕСКОГО И ХОЗЯЙСТВЕННОГО ОБСЛУЖИВАНИЯ""";21.05.2026;29.05.2026;Закупка завершена;;;29.05.2026;
44-ФЗ;№0888600000426000105;Электронный аукцион;Комплект акустической системы;;'263870901442487010100100120042640244;;;5997310.00;RUB;0;;;;;;"МУНИЦИПАЛЬНОЕ БЮДЖЕТНОЕ УЧРЕЖДЕНИЕ  ""ЦЕНТР КУЛЬТУРЫ И ДОСУГА"" АНАДЫРСКОГО МУНИЦИПАЛЬНОГО РАЙОНА";"МУНИЦИПАЛЬНОЕ КАЗЕННОЕ УЧРЕЖДЕНИЕ ""УПРАВЛЕНИЕ ТЕХНИЧЕСКОГО ОБЕСПЕЧЕНИЯ И ЭКСПЛУАТАЦИИ ИМУЩЕСТВА АНАДЫРСКОГО МУНИЦИПАЛЬНОГО ОКРУГА""";14.05.2026;29.05.2026;Закупка завершена;;;22.05.2026;
44-ФЗ;№0847500000926001295;Запрос котировок в электронной форме;Поставка лекарственного препарата для медицинского применения (Дупилумаб) для обеспечения граждан, категорий граждан, проживающих на территории Магаданской области, в рамках постановления Администрации Магаданской области от 27.09.2012г. №659-па «О порядке обеспечения бесплатными лекарственными препаратами отдельных категорий граждан на территории Магаданской области и возмещения расходов на указанные цели» .;;'262490908578549090100100050552120323;;;7268518.40;RUB;0;;;;;;МИНИСТЕРСТВО ЗДРАВООХРАНЕНИЯ И ДЕМОГРАФИЧЕСКОЙ ПОЛИТИКИ МАГАДАНСКОЙ ОБЛАСТИ;"МАГАДАНСКОЕ ОБЛАСТНОЕ ГОСУДАРСТВЕННОЕ КАЗЕННОЕ УЧРЕЖДЕНИЕ ""ЦЕНТР ЗАКУПОК МАГАДАНСКОЙ ОБЛАСТИ""";21.05.2026;29.05.2026;Закупка завершена;;;29.05.2026;
44-ФЗ;№0391300031526000003;Запрос котировок в электронной форме;Демонтаж и устройство хоккейной площадки;;'263753602620475360100100410014399244;;;5014547.19;RUB;0;;;;;;"МУНИЦИПАЛЬНОЕ БЮДЖЕТНОЕ УЧРЕЖДЕНИЕ ДОПОЛНИТЕЛЬНОГО ОБРАЗОВАНИЯ ""СПОРТИВНАЯ ШКОЛА ОЛИМПИЙСКОГО РЕЗЕРВА № 5"" ГОРОДСКОГО ОКРУГА ""ГОРОД ЧИТА""";"МУНИЦИПАЛЬНОЕ БЮДЖЕТНОЕ УЧРЕЖДЕНИЕ ДОПОЛНИТЕЛЬНОГО ОБРАЗОВАНИЯ ""СПОРТИВНАЯ ШКОЛА ОЛИМПИЙСКОГО РЕЗЕРВА № 5"" ГОРОДСКОГО ОКРУГА ""ГОРОД ЧИТА""";22.05.2026;29.05.2026;Закупка завершена;;;29.05.2026;
44-ФЗ;№0847500000926001278;Электронный аукцион;"Выполнение работ по ремонту автомобильной дороги ""Герба - Омсукчан» км 114+300 – км 114+800 в Магаданской области";;'262490911772649090100100460014211244;;;41503904.07;RUB;0;;;;;;"МАГАДАНСКОЕ ОБЛАСТНОЕ ГОСУДАРСТВЕННОЕ КАЗЕННОЕ УЧРЕЖДЕНИЕ ""УПРАВЛЕНИЕ ЭКСПЛУАТАЦИИ И СТРОИТЕЛЬСТВА ДОРОЖНО-ТРАНСПОРТНОГО КОМПЛЕКСА""";"МАГАДАНСКОЕ ОБЛАСТНОЕ ГОСУДАРСТВЕННОЕ КАЗЕННОЕ УЧРЕЖДЕНИЕ ""ЦЕНТР ЗАКУПОК МАГАДАНСКОЙ ОБЛАСТИ""";20.05.2026;29.05.2026;Закупка завершена;;;29.05.2026;
44-ФЗ;№0361200015026002256;Электронный аукцион;Оказание услуг по осуществлению организационных мероприятий по обеспечению льготной категории граждан региональной ответственности лекарственными препаратами, медицинскими изделиями и специализированными продуктами лечебного питания с 01.11.2026-31.12.2026.;;'262650102496665010100105070014646244;;;24742666.70;RUB;0;;;;;;МИНИСТЕРСТВО ЗДРАВООХРАНЕНИЯ САХАЛИНСКОЙ ОБЛАСТИ;"ГОСУДАРСТВЕННОЕ КАЗЕННОЕ УЧРЕЖДЕНИЕ ""ЦЕНТР ГОСУДАРСТВЕННЫХ ЗАКУПОК САХАЛИНСКОЙ ОБЛАСТИ""";21.05.2026;29.05.2026;Закупка завершена;;;29.05.2026;
44-ФЗ;№0320100029326000018;Запрос котировок в электронной форме;Выполнение работ по переносу  комплексной системы безопасности в МАПП Краскино для нужд Владивостокского филиала ФГКУ Росгранстрой;;'261770982726625364300101360018020244;;;12350436.66;RUB;0;;;;;;"ФИЛИАЛ ФЕДЕРАЛЬНОГО ГОСУДАРСТВЕННОГО КАЗЕННОГО УЧРЕЖДЕНИЯ ""ДИРЕКЦИЯ ПО СТРОИТЕЛЬСТВУ И ЭКСПЛУАТАЦИИ ОБЪЕКТОВ РОСГРАНИЦЫ"" В Г. ВЛАДИВОСТОКЕ";"ФИЛИАЛ ФЕДЕРАЛЬНОГО ГОСУДАРСТВЕННОГО КАЗЕННОГО УЧРЕЖДЕНИЯ ""ДИРЕКЦИЯ ПО СТРОИТЕЛЬСТВУ И ЭКСПЛУАТАЦИИ ОБЪЕКТОВ РОСГРАНИЦЫ"" В Г. ВЛАДИВОСТОКЕ";21.05.2026;29.05.2026;Закупка завершена;;;28.05.2026;
44-ФЗ;№0888500000226000275;Электронный аукцион;Выполнение проектно-изыскательских работ для капитального ремонта здания «Окружной дом народного творчества в г. Анадырь»;;'262870901298887090100100270017112243;;;24995000.00;RUB;0;;;;;;"ГОСУДАРСТВЕННОЕ КАЗЁННОЕ УЧРЕЖДЕНИЕ ""УПРАВЛЕНИЕ КАПИТАЛЬНОГО СТРОИТЕЛЬСТВА ЧУКОТСКОГО АВТОНОМНОГО ОКРУГА""";"ГОСУДАРСТВЕННОЕ КАЗЁННОЕ УЧРЕЖДЕНИЕ ""УПРАВЛЕНИЕ ГОСУДАРСТВЕННЫХ ЗАКУПОК ЧУКОТСКОГО АВТОНОМНОГО ОКРУГА""";19.05.2026;29.05.2026;Закупка завершена;;;27.05.2026;
44-ФЗ;№0820500000826002620;Электронный аукцион;КАРБОПЛАТИН;;262250809953025080100100060382120244, 262254001589425400100100120420000244, 262253701738725370100100070180000244, 262250201380025020100101570032120244, 262250101574925010100100030350000244, 262251107670125110100100090330000244, 262254001814025400100100030340000244, 262254019241325430100100260152120244, 262250700119625070100101370032120244;;;22996763.06;RUB;0;;;;;;;"КРАЕВОЕ ГОСУДАРСТВЕННОЕ КАЗЕННОЕ УЧРЕЖДЕНИЕ ""ЦЕНТР ГОСУДАРСТВЕННЫХ ЗАКУПОК ПРИМОРСКОГО КРАЯ""";19.05.2026;29.05.2026;Закупка завершена;;;29.05.2026;
44-ФЗ;№0378300012826000015;Запрос котировок в электронной форме;Приобретение жилого помещения (квартиры) в рамках реализации программы по переселению граждан из аварийного жилищного фонда, признанного таковым до 1 января 2017 года (общей площадь не менее 62,0 кв. м.);;'263790352612579030100100180026810412;;;5580000.00;RUB;0;;;;;;АДМИНИСТРАЦИЯ ПРИАМУРСКОГО ГОРОДСКОГО ПОСЕЛЕНИЯ СМИДОВИЧСКОГО МУНИЦИПАЛЬНОГО РАЙОНА ЕВРЕЙСКОЙ АВТОНОМНОЙ ОБЛАСТИ;АДМИНИСТРАЦИЯ ПРИАМУРСКОГО ГОРОДСКОГО ПОСЕЛЕНИЯ СМИДОВИЧСКОГО МУНИЦИПАЛЬНОГО РАЙОНА ЕВРЕЙСКОЙ АВТОНОМНОЙ ОБЛАСТИ;21.05.2026;29.05.2026;Закупка завершена;;;28.05.2026;
44-ФЗ;№0320100011026000127;Электронный аукцион на проведение работ по строительству, реконструкции, кап. ремонту, сносу объекта кап. строительства в соответствии с п. 8 ч. 1 ст. 33 Закона № 44-ФЗ;Выполнение работ по выборочному капитальному ремонту помещений цокольного этажа учебного корпуса «А» и ремонту помещений 3 этажа общежития № 4 ФГБОУ ВО «Дальрыбвтуз» по адресам: Приморский край, г. Владивосток, ул. Луговая, 52а и ул. Луговая, 48.;;'261253800858625380100100890104339243;;;36573837.05;RUB;0;;;;;;"ФЕДЕРАЛЬНОЕ ГОСУДАРСТВЕННОЕ БЮДЖЕТНОЕ ОБРАЗОВАТЕЛЬНОЕ УЧРЕЖДЕНИЕ ВЫСШЕГО ОБРАЗОВАНИЯ ""ДАЛЬНЕВОСТОЧНЫЙ ГОСУДАРСТВЕННЫЙ ТЕХНИЧЕСКИЙ РЫБОХОЗЯЙСТВЕННЫЙ УНИВЕРСИТЕТ""";"ФЕДЕРАЛЬНОЕ ГОСУДАРСТВЕННОЕ БЮДЖЕТНОЕ ОБРАЗОВАТЕЛЬНОЕ УЧРЕЖДЕНИЕ ВЫСШЕГО ОБРАЗОВАНИЯ ""ДАЛЬНЕВОСТОЧНЫЙ ГОСУДАРСТВЕННЫЙ ТЕХНИЧЕСКИЙ РЫБОХОЗЯЙСТВЕННЫЙ УНИВЕРСИТЕТ""";20.05.2026;29.05.2026;Закупка завершена;;;28.05.2026;
44-ФЗ;№0138200003126000004;Электронный аукцион;Поставка подметально-уборочных прицепов;;'262410112433841010100100020022892244;;;16300000.00;RUB;0;;;;;;МИНИСТЕРСТВО ТРАНСПОРТА И ДОРОЖНОГО СТРОИТЕЛЬСТВА КАМЧАТСКОГО КРАЯ;МИНИСТЕРСТВО ТРАНСПОРТА И ДОРОЖНОГО СТРОИТЕЛЬСТВА КАМЧАТСКОГО КРАЯ;20.05.2026;29.05.2026;Закупка завершена;;;28.05.2026;
44-ФЗ;№0320300074526000023;Электронный аукцион на проведение работ по строительству, реконструкции, кап. ремонту, сносу объекта кап. строительства в соответствии с п. 8 ч. 1 ст. 33 Закона № 44-ФЗ;Строительство КНС автоматического режима и напорного коллектора 2ДН110 мм от КНС до самотечной сети Д200 мм по ул. 2-й Рабочей, 23 в г. Артеме;;'263250203507125020100100340024322414;;;22709861.40;RUB;0;;;;;;"МУНИЦИПАЛЬНОЕ КАЗЕННОЕ УЧРЕЖДЕНИЕ ""УПРАВЛЕНИЕ СТРОИТЕЛЬСТВА И КАПИТАЛЬНОГО РЕМОНТА Г. АРТЕМА""";"МУНИЦИПАЛЬНОЕ КАЗЕННОЕ УЧРЕЖДЕНИЕ ""УПРАВЛЕНИЕ СТРОИТЕЛЬСТВА И КАПИТАЛЬНОГО РЕМОНТА Г. АРТЕМА""";12.05.2026;29.05.2026;Закупка завершена;;;21.05.2026;
44-ФЗ;№0888500000226000295;Запрос котировок в электронной форме;Выполнение работ по текущему ремонту объекта: 689300, Чукотский автономный округ, Чукотский муниципальный район, с. Лаврентия, ул. Сычева, д. 34 (помещение Государственного казённого учреждения Чукотского автономного округа «Межрайонный центр занятости населения»);;'262870901494687090100100520024339244;;;7573667.12;RUB;0;;;;;;"ГОСУДАРСТВЕННОЕ КАЗЁННОЕ УЧРЕЖДЕНИЕ ЧУКОТСКОГО АВТОНОМНОГО ОКРУГА ""МЕЖРАЙОННЫЙ ЦЕНТР ЗАНЯТОСТИ НАСЕЛЕНИЯ""";"ГОСУДАРСТВЕННОЕ КАЗЁННОЕ УЧРЕЖДЕНИЕ ""УПРАВЛЕНИЕ ГОСУДАРСТВЕННЫХ ЗАКУПОК ЧУКОТСКОГО АВТОНОМНОГО ОКРУГА""";22.05.2026;29.05.2026;Закупка завершена;;;29.05.2026;
44-ФЗ;№0320100011026000126;Электронный аукцион;"Поставка лабораторного комплекса для нужд ФГБОУ ВО ""Дальрыбвтуз""";;'261253800858625380100101110013299244;;;10877792.67;RUB;0;;;;;;"ФЕДЕРАЛЬНОЕ ГОСУДАРСТВЕННОЕ БЮДЖЕТНОЕ ОБРАЗОВАТЕЛЬНОЕ УЧРЕЖДЕНИЕ ВЫСШЕГО ОБРАЗОВАНИЯ ""ДАЛЬНЕВОСТОЧНЫЙ ГОСУДАРСТВЕННЫЙ ТЕХНИЧЕСКИЙ РЫБОХОЗЯЙСТВЕННЫЙ УНИВЕРСИТЕТ""";"ФЕДЕРАЛЬНОЕ ГОСУДАРСТВЕННОЕ БЮДЖЕТНОЕ ОБРАЗОВАТЕЛЬНОЕ УЧРЕЖДЕНИЕ ВЫСШЕГО ОБРАЗОВАНИЯ ""ДАЛЬНЕВОСТОЧНЫЙ ГОСУДАРСТВЕННЫЙ ТЕХНИЧЕСКИЙ РЫБОХОЗЯЙСТВЕННЫЙ УНИВЕРСИТЕТ""";20.05.2026;29.05.2026;Закупка завершена;;;28.05.2026;
44-ФЗ;№0347300000526000241;Электронный аукцион;Приобретение благоустроенного жилого помещения для обеспечения в 2026 году детей-сирот и детей, оставшихся без попечения родителей, специализированными жилыми помещениями на основании Закона Магаданской области от 22.06.2007 № 875-ОЗ «О наделении органов местного самоуправления государственными полномочиями Магаданской области по обеспечению отдельных категорий граждан жилыми помещениями», вне рамок государственного оборонного заказа.;;'263490911173149090100100620014120412;;;5317033.50;RUB;0;;;;;;ДЕПАРТАМЕНТ ИМУЩЕСТВЕННЫХ И ЖИЛИЩНЫХ ОТНОШЕНИЙ МЭРИИ ГОРОДА МАГАДАНА;МЭРИЯ ГОРОДА МАГАДАНА;20.05.2026;29.05.2026;Закупка завершена;;;29.05.2026;
44-ФЗ;№0347300000526000243;Электронный аукцион;Приобретение благоустроенного жилого помещения для обеспечения в 2026 году детей-сирот и детей, оставшихся без попечения родителей, специализированными жилыми помещениями на основании Закона Магаданской области от 22.06.2007 № 875-ОЗ «О наделении органов местного самоуправления государственными полномочиями Магаданской области по обеспечению отдельных категорий граждан жилыми помещениями», вне рамок государственного оборонного заказа.;;'263490911173149090100100610014120412;;;5317033.50;RUB;0;;;;;;ДЕПАРТАМЕНТ ИМУЩЕСТВЕННЫХ И ЖИЛИЩНЫХ ОТНОШЕНИЙ МЭРИИ ГОРОДА МАГАДАНА;МЭРИЯ ГОРОДА МАГАДАНА;20.05.2026;29.05.2026;Закупка завершена;;;29.05.2026;
44-ФЗ;№0347300000526000240;Электронный аукцион;Приобретение благоустроенного жилого помещения для обеспечения в 2026 году детей-сирот и детей, оставшихся без попечения родителей, специализированными жилыми помещениями на основании Закона Магаданской области от 22.06.2007 № 875-ОЗ «О наделении органов местного самоуправления государственными полномочиями Магаданской области по обеспечению отдельных категорий граждан жилыми помещениями», вне рамок государственного оборонного заказа.;;'263490911173149090100100600014120412;;;5317033.50;RUB;0;;;;;;ДЕПАРТАМЕНТ ИМУЩЕСТВЕННЫХ И ЖИЛИЩНЫХ ОТНОШЕНИЙ МЭРИИ ГОРОДА МАГАДАНА;МЭРИЯ ГОРОДА МАГАДАНА;20.05.2026;29.05.2026;Закупка завершена;;;29.05.2026;
44-ФЗ;№0161300006326000047;Электронный аукцион;Благоустройство территорий в границах населенных пунктов муниципального образования Долинский муниципальный округ;;'263650300045665030100100380014299244;;;9954500.00;RUB;0;;;;;;АДМИНИСТРАЦИЯ МУНИЦИПАЛЬНОГО ОБРАЗОВАНИЯ ДОЛИНСКИЙ МУНИЦИПАЛЬНЫЙ ОКРУГ САХАЛИНСКОЙ ОБЛАСТИ;АДМИНИСТРАЦИЯ МУНИЦИПАЛЬНОГО ОБРАЗОВАНИЯ ДОЛИНСКИЙ МУНИЦИПАЛЬНЫЙ ОКРУГ САХАЛИНСКОЙ ОБЛАСТИ;21.05.2026;29.05.2026;Закупка завершена;;;29.05.2026;
44-ФЗ;№0161600001326000044;Запрос котировок в электронной форме;Приобретение жилого помещения;;'263651500078965150100100200016810412;;;6976550.00;RUB;0;;;;;;КОМИТЕТ ПО УПРАВЛЕНИЮ МУНИЦИПАЛЬНОЙ СОБСТВЕННОСТЬЮ СЕВЕРО-КУРИЛЬСКОГО МУНИЦИПАЛЬНОГО ОКРУГА;"МУНИЦИПАЛЬНОЕ КАЗЕННОЕ УЧРЕЖДЕНИЕ ""УПРАВЛЕНИЕ СТРОИТЕЛЬСТВА, МУНИЦИПАЛЬНОГО ЗАКАЗА И КОММУНАЛЬНОГО ХОЗЯЙСТВА СЕВЕРО-КУРИЛЬСКОГО МУНИЦИПАЛЬНОГО ОКРУГА""";22.05.2026;29.05.2026;Закупка завершена;;;29.05.2026;
44-ФЗ;№0123600011326000013;Открытый конкурс в электронной форме;Ремонт моста через ручей Южный по улице Южная в с. Екатеринославка;;'263280000163128000100100130014213244;;;7302230.47;RUB;0;;;;;;АДМИНИСТРАЦИЯ ОКТЯБРЬСКОГО МУНИЦИПАЛЬНОГО ОКРУГА АМУРСКОЙ ОБЛАСТИ;АДМИНИСТРАЦИЯ ОКТЯБРЬСКОГО МУНИЦИПАЛЬНОГО ОКРУГА АМУРСКОЙ ОБЛАСТИ;13.05.2026;29.05.2026;Закупка завершена;;;29.05.2026;
44-ФЗ;№0378300011626000010;Электронный аукцион;Ремонт автомобильной дороги по ул.Ургальская пос.Известковый Облученского муниципального района ЕАО (в рамках текущего ремонта);;'263790252598679020100100170114211244;;;6571537.65;RUB;0;;;;;;АДМИНИСТРАЦИЯ ИЗВЕСТКОВСКОГО ГОРОДСКОГО ПОСЕЛЕНИЯ ОБЛУЧЕНСКОГО МУНИЦИПАЛЬНОГО РАЙОНА ЕВРЕЙСКОЙ АВТОНОМНОЙ ОБЛАСТИ;АДМИНИСТРАЦИЯ ИЗВЕСТКОВСКОГО ГОРОДСКОГО ПОСЕЛЕНИЯ ОБЛУЧЕНСКОГО МУНИЦИПАЛЬНОГО РАЙОНА ЕВРЕЙСКОЙ АВТОНОМНОЙ ОБЛАСТИ;20.05.2026;29.05.2026;Закупка завершена;;;28.05.2026;
44-ФЗ;№0861600003826000075;Запрос котировок в электронной форме;Приобретение жилого помещения (квартиры) на первичном рынке на территории Углегорского муниципального округа Сахалинской области;;'263650800290865080100100360016810412;;;7648180.00;RUB;0;;;;;;КОМИТЕТ ПО УПРАВЛЕНИЮ МУНИЦИПАЛЬНОЙ СОБСТВЕННОСТЬЮ УГЛЕГОРСКОГО МУНИЦИПАЛЬНОГО ОКРУГА САХАЛИНСКОЙ ОБЛАСТИ;"МУНИЦИПАЛЬНОЕ КАЗЕННОЕ УЧРЕЖДЕНИЕ ""КОНТРАКТНАЯ СЛУЖБА"" УГЛЕГОРСКОГО МУНИЦИПАЛЬНОГО ОКРУГА";19.05.2026;29.05.2026;Закупка завершена;;;27.05.2026;
44-ФЗ;№0861600003826000074;Запрос котировок в электронной форме;Приобретение жилого помещения (квартиры) на первичном рынке на территории Углегорского муниципального округа Сахалинской области;;'263650800290865080100100300016810412;;;7648180.00;RUB;0;;;;;;КОМИТЕТ ПО УПРАВЛЕНИЮ МУНИЦИПАЛЬНОЙ СОБСТВЕННОСТЬЮ УГЛЕГОРСКОГО МУНИЦИПАЛЬНОГО ОКРУГА САХАЛИНСКОЙ ОБЛАСТИ;"МУНИЦИПАЛЬНОЕ КАЗЕННОЕ УЧРЕЖДЕНИЕ ""КОНТРАКТНАЯ СЛУЖБА"" УГЛЕГОРСКОГО МУНИЦИПАЛЬНОГО ОКРУГА";19.05.2026;29.05.2026;Закупка завершена;;;27.05.2026;
44-ФЗ;№0861600003826000073;Запрос котировок в электронной форме;Приобретение жилого помещения (квартиры) на первичном рынке на территории Углегорского муниципального округа Сахалинской области;;'263650800290865080100100350016810412;;;7287712.50;RUB;0;;;;;;КОМИТЕТ ПО УПРАВЛЕНИЮ МУНИЦИПАЛЬНОЙ СОБСТВЕННОСТЬЮ УГЛЕГОРСКОГО МУНИЦИПАЛЬНОГО ОКРУГА САХАЛИНСКОЙ ОБЛАСТИ;"МУНИЦИПАЛЬНОЕ КАЗЕННОЕ УЧРЕЖДЕНИЕ ""КОНТРАКТНАЯ СЛУЖБА"" УГЛЕГОРСКОГО МУНИЦИПАЛЬНОГО ОКРУГА";19.05.2026;29.05.2026;Закупка завершена;;;27.05.2026;
44-ФЗ;№0861600003826000071;Запрос котировок в электронной форме;Приобретение жилого помещения (квартиры) на первичном рынке на территории Углегорского муниципального округа Сахалинской области;;'263650800290865080100100170016810412;;;7287712.50;RUB;0;;;;;;КОМИТЕТ ПО УПРАВЛЕНИЮ МУНИЦИПАЛЬНОЙ СОБСТВЕННОСТЬЮ УГЛЕГОРСКОГО МУНИЦИПАЛЬНОГО ОКРУГА САХАЛИНСКОЙ ОБЛАСТИ;"МУНИЦИПАЛЬНОЕ КАЗЕННОЕ УЧРЕЖДЕНИЕ ""КОНТРАКТНАЯ СЛУЖБА"" УГЛЕГОРСКОГО МУНИЦИПАЛЬНОГО ОКРУГА";19.05.2026;29.05.2026;Закупка завершена;;;27.05.2026;
44-ФЗ;№0861600003826000070;Запрос котировок в электронной форме;Приобретение жилого помещения (квартиры) на первичном рынке на территории Углегорского муниципального округа Сахалинской области;;'263650800290865080100100230016810412;;;7256367.50;RUB;0;;;;;;КОМИТЕТ ПО УПРАВЛЕНИЮ МУНИЦИПАЛЬНОЙ СОБСТВЕННОСТЬЮ УГЛЕГОРСКОГО МУНИЦИПАЛЬНОГО ОКРУГА САХАЛИНСКОЙ ОБЛАСТИ;"МУНИЦИПАЛЬНОЕ КАЗЕННОЕ УЧРЕЖДЕНИЕ ""КОНТРАКТНАЯ СЛУЖБА"" УГЛЕГОРСКОГО МУНИЦИПАЛЬНОГО ОКРУГА";19.05.2026;29.05.2026;Закупка завершена;;;27.05.2026;
44-ФЗ;№0347300000526000238;Электронный аукцион;Приобретение благоустроенного жилого помещения для обеспечения в 2026 году детей-сирот и детей, оставшихся без попечения родителей, специализированными жилыми помещениями на основании Закона Магаданской области от 22.06.2007 № 875-ОЗ «О наделении органов местного самоуправления государственными полномочиями Магаданской области по обеспечению отдельных категорий граждан жилыми помещениями», вне рамок государственного оборонного заказа.;;'263490911173149090100100670014120412;;;5317033.50;RUB;0;;;;;;ДЕПАРТАМЕНТ ИМУЩЕСТВЕННЫХ И ЖИЛИЩНЫХ ОТНОШЕНИЙ МЭРИИ ГОРОДА МАГАДАНА;МЭРИЯ ГОРОДА МАГАДАНА;20.05.2026;29.05.2026;Закупка завершена;;;29.05.2026;
44-ФЗ;№0347300000526000239;Электронный аукцион;Приобретение благоустроенного жилого помещения для обеспечения в 2026 году детей-сирот и детей, оставшихся без попечения родителей, специализированными жилыми помещениями на основании Закона Магаданской области от 22.06.2007 № 875-ОЗ «О наделении органов местного самоуправления государственными полномочиями Магаданской области по обеспечению отдельных категорий граждан жилыми помещениями», вне рамок государственного оборонного заказа.;;'263490911173149090100100660014120412;;;5317033.50;RUB;0;;;;;;ДЕПАРТАМЕНТ ИМУЩЕСТВЕННЫХ И ЖИЛИЩНЫХ ОТНОШЕНИЙ МЭРИИ ГОРОДА МАГАДАНА;МЭРИЯ ГОРОДА МАГАДАНА;20.05.2026;29.05.2026;Закупка завершена;;;29.05.2026;
44-ФЗ;№0861600003826000082;Запрос котировок в электронной форме;Приобретение жилого помещения (квартиры) на первичном рынке на территории Углегорского муниципального округа Сахалинской области;;'263650800290865080100100260016810412;;;5203270.00;RUB;0;;;;;;КОМИТЕТ ПО УПРАВЛЕНИЮ МУНИЦИПАЛЬНОЙ СОБСТВЕННОСТЬЮ УГЛЕГОРСКОГО МУНИЦИПАЛЬНОГО ОКРУГА САХАЛИНСКОЙ ОБЛАСТИ;"МУНИЦИПАЛЬНОЕ КАЗЕННОЕ УЧРЕЖДЕНИЕ ""КОНТРАКТНАЯ СЛУЖБА"" УГЛЕГОРСКОГО МУНИЦИПАЛЬНОГО ОКРУГА";20.05.2026;29.05.2026;Закупка завершена;;;28.05.2026;
44-ФЗ;№0861600003826000083;Запрос котировок в электронной форме;Приобретение жилого помещения (квартиры) на первичном рынке на территории Углегорского муниципального округа Сахалинской области;;'263650800290865080100100380016810412;;;5218942.50;RUB;0;;;;;;КОМИТЕТ ПО УПРАВЛЕНИЮ МУНИЦИПАЛЬНОЙ СОБСТВЕННОСТЬЮ УГЛЕГОРСКОГО МУНИЦИПАЛЬНОГО ОКРУГА САХАЛИНСКОЙ ОБЛАСТИ;"МУНИЦИПАЛЬНОЕ КАЗЕННОЕ УЧРЕЖДЕНИЕ ""КОНТРАКТНАЯ СЛУЖБА"" УГЛЕГОРСКОГО МУНИЦИПАЛЬНОГО ОКРУГА";20.05.2026;29.05.2026;Закупка завершена;;;28.05.2026;
44-ФЗ;№0304200009026001196;Электронный аукцион;ЭА.26-932-0141892015 Поставка лекарственных препаратов;;'262072106027807250100100010982120244;;;9697053.60;RUB;0;;;;;;"ГОСУДАРСТВЕННОЕ КАЗЕННОЕ УЧРЕЖДЕНИЕ ЗДРАВООХРАНЕНИЯ ""ФАРМЕДТЕХ"" МИНИСТЕРСТВА ЗДРАВООХРАНЕНИЯ КАБАРДИНО-БАЛКАРСКОЙ РЕСПУБЛИКИ";"ГОСУДАРСТВЕННОЕ КАЗЕННОЕ УЧРЕЖДЕНИЕ ЗДРАВООХРАНЕНИЯ ""ФАРМЕДТЕХ"" МИНИСТЕРСТВА ЗДРАВООХРАНЕНИЯ КАБАРДИНО-БАЛКАРСКОЙ РЕСПУБЛИКИ";20.05.2026;29.05.2026;Закупка завершена;;;28.05.2026;
44-ФЗ;№0861600003826000080;Запрос котировок в электронной форме;Приобретение жилого помещения (квартиры) на первичном рынке на территории Углегорского муниципального округа Сахалинской области;;'263650800290865080100100320016810412;;;5250287.50;RUB;0;;;;;;КОМИТЕТ ПО УПРАВЛЕНИЮ МУНИЦИПАЛЬНОЙ СОБСТВЕННОСТЬЮ УГЛЕГОРСКОГО МУНИЦИПАЛЬНОГО ОКРУГА САХАЛИНСКОЙ ОБЛАСТИ;"МУНИЦИПАЛЬНОЕ КАЗЕННОЕ УЧРЕЖДЕНИЕ ""КОНТРАКТНАЯ СЛУЖБА"" УГЛЕГОРСКОГО МУНИЦИПАЛЬНОГО ОКРУГА";20.05.2026;29.05.2026;Закупка завершена;;;28.05.2026;
44-ФЗ;№0361300025726000046;Запрос котировок в электронной форме;"""Благоустройство территорий Невельского муниципального округа""";;'263650500592565050100100580014299244;;;6674900.00;RUB;0;;;;;;ОТДЕЛ КАПИТАЛЬНОГО СТРОИТЕЛЬСТВА И ЖИЛИЩНО-КОММУНАЛЬНОГО ХОЗЯЙСТВА АДМИНИСТРАЦИИ НЕВЕЛЬСКОГО МУНИЦИПАЛЬНОГО ОКРУГА;АДМИНИСТРАЦИЯ НЕВЕЛЬСКОГО МУНИЦИПАЛЬНОГО ОКРУГА;20.05.2026;29.05.2026;Закупка завершена;;;27.05.2026;
44-ФЗ;№0138300000426000436;Запрос котировок в электронной форме;Поставка (приобретение) жилого помещения (квартиры) в целях обеспечения детей-сирот и детей, оставшихся без попечения родителей, лиц из числа детей-сирот и детей, оставшихся без попечения родителей, жилыми помещениями;;'263410115660441010100100720016810412;;;5150000.00;RUB;0;;;;;;УПРАВЛЕНИЕ КОММУНАЛЬНОГО ХОЗЯЙСТВА И ЖИЛИЩНОГО ФОНДА АДМИНИСТРАЦИИ ПЕТРОПАВЛОВСК-КАМЧАТСКОГО ГОРОДСКОГО ОКРУГА-МУНИЦИПАЛЬНОЕ УЧРЕЖДЕНИЕ;УПРАВЛЕНИЕ ОРГАНИЗАЦИИ МУНИЦИПАЛЬНЫХ ЗАКУПОК АДМИНИСТРАЦИИ ПЕТРОПАВЛОВСК-КАМЧАТСКОГО ГОРОДСКОГО ОКРУГА - МУНИЦИПАЛЬНОЕ УЧРЕЖДЕНИЕ;20.05.2026;29.05.2026;Закупка завершена;;;28.05.2026;
223-ФЗ;№32616060244;Иной способ;Капитальный ремонт здания бассейна МАУ ДО СШ №2 МР Ишимбайский район РБ (этап 3);;;1;Капитальный ремонт здания бассейна МАУ ДО СШ №2 МР Ишимбайский район РБ (этап 3);57270855.70;RUB;57270855.70;;;;41.20.40: Работы строительные по возведению нежилых зданий и сооружений (работы по строительству новых объектов, возведению пристроек, реконструкции и ремонту зданий);;МУНИЦИПАЛЬНОЕ АВТОНОМНОЕ УЧРЕЖДЕНИЕ ДОПОЛНИТЕЛЬНОГО ОБРАЗОВАНИЯ СПОРТИВНАЯ ШКОЛА № 2 МУНИЦИПАЛЬНОГО РАЙОНА ИШИМБАЙСКИЙ РАЙОН РЕСПУБЛИКИ БАШКОРТОСТАН;МУНИЦИПАЛЬНОЕ АВТОНОМНОЕ УЧРЕЖДЕНИЕ ДОПОЛНИТЕЛЬНОГО ОБРАЗОВАНИЯ СПОРТИВНАЯ ШКОЛА № 2 МУНИЦИПАЛЬНОГО РАЙОНА ИШИМБАЙСКИЙ РАЙОН РЕСПУБЛИКИ БАШКОРТОСТАН;28.05.2026;28.05.2026;Закупка завершена;;;30.05.2026 12:00;
44-ФЗ;№0373100095226000399;Электронный аукцион;Поставка перевязочных средств;;'261770613767377060100100070512120244;;;5719500.00;RUB;0;;;;;;"ФЕДЕРАЛЬНОЕ ГОСУДАРСТВЕННОЕ БЮДЖЕТНОЕ УЧРЕЖДЕНИЕ ""НАЦИОНАЛЬНЫЙ МЕДИЦИНСКИЙ ИССЛЕДОВАТЕЛЬСКИЙ ЦЕНТР СЕРДЕЧНО-СОСУДИСТОЙ ХИРУРГИИ ИМЕНИ А.Н. БАКУЛЕВА"" МИНИСТЕРСТВА ЗДРАВООХРАНЕНИЯ РОССИЙСКОЙ ФЕДЕРАЦИИ";"ФЕДЕРАЛЬНОЕ ГОСУДАРСТВЕННОЕ БЮДЖЕТНОЕ УЧРЕЖДЕНИЕ ""НАЦИОНАЛЬНЫЙ МЕДИЦИНСКИЙ ИССЛЕДОВАТЕЛЬСКИЙ ЦЕНТР СЕРДЕЧНО-СОСУДИСТОЙ ХИРУРГИИ ИМЕНИ А.Н. БАКУЛЕВА"" МИНИСТЕРСТВА ЗДРАВООХРАНЕНИЯ РОССИЙСКОЙ ФЕДЕРАЦИИ";19.05.2026;28.05.2026;Закупка завершена;;;27.05.2026;
44-ФЗ;№0373100095226000454;Электронный аукцион;Поставка электрокардиостимуляторов имплантируемых однокамерных, частотно-адаптивных.;;'261770613767377060100100080072660244;;;17401250.00;RUB;0;;;;;;"ФЕДЕРАЛЬНОЕ ГОСУДАРСТВЕННОЕ БЮДЖЕТНОЕ УЧРЕЖДЕНИЕ ""НАЦИОНАЛЬНЫЙ МЕДИЦИНСКИЙ ИССЛЕДОВАТЕЛЬСКИЙ ЦЕНТР СЕРДЕЧНО-СОСУДИСТОЙ ХИРУРГИИ ИМЕНИ А.Н. БАКУЛЕВА"" МИНИСТЕРСТВА ЗДРАВООХРАНЕНИЯ РОССИЙСКОЙ ФЕДЕРАЦИИ";"ФЕДЕРАЛЬНОЕ ГОСУДАРСТВЕННОЕ БЮДЖЕТНОЕ УЧРЕЖДЕНИЕ ""НАЦИОНАЛЬНЫЙ МЕДИЦИНСКИЙ ИССЛЕДОВАТЕЛЬСКИЙ ЦЕНТР СЕРДЕЧНО-СОСУДИСТОЙ ХИРУРГИИ ИМЕНИ А.Н. БАКУЛЕВА"" МИНИСТЕРСТВА ЗДРАВООХРАНЕНИЯ РОССИЙСКОЙ ФЕДЕРАЦИИ";20.05.2026;28.05.2026;Закупка завершена;;;28.05.2026;
44-ФЗ;№0358100005526000024;Электронный аукцион;ДНК-амплификатор (с поверкой);;'261616708015661670100100190012651244;;;6445434.00;RUB;0;;;;;;"ФЕДЕРАЛЬНОЕ БЮДЖЕТНОЕ УЧРЕЖДЕНИЕ ЗДРАВООХРАНЕНИЯ ""ЦЕНТР ГИГИЕНЫ И ЭПИДЕМИОЛОГИИ В РОСТОВСКОЙ ОБЛАСТИ""";"ФЕДЕРАЛЬНОЕ БЮДЖЕТНОЕ УЧРЕЖДЕНИЕ ЗДРАВООХРАНЕНИЯ ""ЦЕНТР ГИГИЕНЫ И ЭПИДЕМИОЛОГИИ В РОСТОВСКОЙ ОБЛАСТИ""";20.05.2026;28.05.2026;Закупка завершена;;;28.05.2026;
44-ФЗ;№0373200014226000323;Электронный аукцион;Поставка нерудных материалов и сырья;;'262773141398377310100100690010000244;;;23796416.44;RUB;0;;;;;;"ГОСУДАРСТВЕННОЕ БЮДЖЕТНОЕ УЧРЕЖДЕНИЕ ГОРОДА МОСКВЫ ""АВТОМОБИЛЬНЫЕ ДОРОГИ ЗАПАДНОГО АДМИНИСТРАТИВНОГО ОКРУГА""";"ГОСУДАРСТВЕННОЕ КАЗЕННОЕ УЧРЕЖДЕНИЕ ГОРОДА МОСКВЫ ""ДИРЕКЦИЯ ЗАКАЗЧИКА ЖИЛИЩНО-КОММУНАЛЬНОГО ХОЗЯЙСТВА И БЛАГОУСТРОЙСТВА ЗАПАДНОГО АДМИНИСТРАТИВНОГО ОКРУГА""";18.05.2026;28.05.2026;Закупка завершена;;;26.05.2026;
44-ФЗ;№0358100005526000023;Электронный аукцион;Поставка боксов микробиологической безопасности класса II;;'261616708015661670100100180013250244;;;5358030.00;RUB;0;;;;;;"ФЕДЕРАЛЬНОЕ БЮДЖЕТНОЕ УЧРЕЖДЕНИЕ ЗДРАВООХРАНЕНИЯ ""ЦЕНТР ГИГИЕНЫ И ЭПИДЕМИОЛОГИИ В РОСТОВСКОЙ ОБЛАСТИ""";"ФЕДЕРАЛЬНОЕ БЮДЖЕТНОЕ УЧРЕЖДЕНИЕ ЗДРАВООХРАНЕНИЯ ""ЦЕНТР ГИГИЕНЫ И ЭПИДЕМИОЛОГИИ В РОСТОВСКОЙ ОБЛАСТИ""";20.05.2026;28.05.2026;Закупка завершена;;;28.05.2026;
44-ФЗ;№0372100049626001102;Запрос котировок в электронной форме;Поставка расходных медицинских изделий для работы нейрохирургических отделений;;'261780203042978140100100144920000244;;;8281336.35;RUB;0;;;;;;"ФЕДЕРАЛЬНОЕ ГОСУДАРСТВЕННОЕ БЮДЖЕТНОЕ УЧРЕЖДЕНИЕ ""НАЦИОНАЛЬНЫЙ МЕДИЦИНСКИЙ ИССЛЕДОВАТЕЛЬСКИЙ ЦЕНТР ИМЕНИ В.А. АЛМАЗОВА"" МИНИСТЕРСТВА ЗДРАВООХРАНЕНИЯ РОССИЙСКОЙ ФЕДЕРАЦИИ";"ФЕДЕРАЛЬНОЕ ГОСУДАРСТВЕННОЕ БЮДЖЕТНОЕ УЧРЕЖДЕНИЕ ""НАЦИОНАЛЬНЫЙ МЕДИЦИНСКИЙ ИССЛЕДОВАТЕЛЬСКИЙ ЦЕНТР ИМЕНИ В.А. АЛМАЗОВА"" МИНИСТЕРСТВА ЗДРАВООХРАНЕНИЯ РОССИЙСКОЙ ФЕДЕРАЦИИ";18.05.2026;28.05.2026;Закупка завершена;;;26.05.2026;
44-ФЗ;№0848300048226000187;Электронный аукцион;Оснащение помещений здания по адресу: Московская обл., м. о. Истра, д. Красный Посёлок, б-р Школьный, д.1 (Лот №31);;'263501711152650170100100150012790244;;;8195875.65;RUB;0;;;;;;"МУНИЦИПАЛЬНОЕ КАЗЕННОЕ УЧРЕЖДЕНИЕ ""УПРАВЛЕНИЕ КАПИТАЛЬНОГО СТРОИТЕЛЬСТВА МУНИЦИПАЛЬНОГО ОКРУГА ИСТРА""";"МУНИЦИПАЛЬНОЕ КАЗЕННОЕ УЧРЕЖДЕНИЕ ""ЦЕНТР ЗАКУПОК""";13.05.2026;28.05.2026;Закупка завершена;;;26.05.2026;
44-ФЗ;№0587600003926000025;Открытый конкурс в электронной форме на проведение работ по строительству, реконструкции, кап. ремонту, сносу объекта кап. строительства в соответствии с п. 8 ч. 1 ст. 33 Закона № 44-ФЗ;Строительство сетей водоснабжения с. Елизарово, Ханты-Мансийского района	;;'263861800534186180100100190014221000;;;8833510.39;RUB;0;;;;;;"МУНИЦИПАЛЬНОЕ ПРЕДПРИЯТИЕ ""ЖЭК-3"" ХАНТЫ-МАНСИЙСКОГО РАЙОНА";"МУНИЦИПАЛЬНОЕ ПРЕДПРИЯТИЕ ""ЖЭК-3"" ХАНТЫ-МАНСИЙСКОГО РАЙОНА";12.05.2026;28.05.2026;Закупка завершена;;;28.05.2026;
44-ФЗ;№0579600001526000025;Электронный аукцион;Поставка лекарственного препарата для медицинского применения с международным непатентованным наименованием (МНН) Висмута трикалия дицитрат (ОКПД2 21.20.10.112: Препараты для лечения заболеваний, связанных с нарушением кислотности);;'263091601129709160100100240012120000;;;5060000.00;RUB;0;;;;;;"МУНИЦИПАЛЬНОЕ УНИТАРНОЕ ПРЕДПРИЯТИЕ ""ЦЕНТР МУНИЦИПАЛЬНОГО ЗАКАЗА УСТЬ-ДЖЕГУТИНСКОГО МУНИЦИПАЛЬНОГО РАЙОНА""";"МУНИЦИПАЛЬНОЕ УНИТАРНОЕ ПРЕДПРИЯТИЕ ""ЦЕНТР МУНИЦИПАЛЬНОГО ЗАКАЗА УСТЬ-ДЖЕГУТИНСКОГО МУНИЦИПАЛЬНОГО РАЙОНА""";19.05.2026;28.05.2026;Закупка завершена;;;28.05.2026;
44-ФЗ;№0373100033226000004;Открытый конкурс в электронной форме;Оказание информационно-консультационных услуг (Лот 2);;'261770503503777060100100230017490244;;;14375035.87;RUB;0;;;;;;"ФЕДЕРАЛЬНОЕ БЮДЖЕТНОЕ УЧРЕЖДЕНИЕ ""ГОСУДАРСТВЕННЫЙ ИНСТИТУТ ЛЕКАРСТВЕННЫХ СРЕДСТВ И НАДЛЕЖАЩИХ ПРАКТИК""";"ФЕДЕРАЛЬНОЕ БЮДЖЕТНОЕ УЧРЕЖДЕНИЕ ""ГОСУДАРСТВЕННЫЙ ИНСТИТУТ ЛЕКАРСТВЕННЫХ СРЕДСТВ И НАДЛЕЖАЩИХ ПРАКТИК""";12.05.2026;28.05.2026;Закупка завершена;;;28.05.2026;
44-ФЗ;№0373100033226000003;Открытый конкурс в электронной форме;Оказание информационно-консультационных услуг (Лот 1);;'261770503503777060100100220017490244;;;18500000.00;RUB;0;;;;;;"ФЕДЕРАЛЬНОЕ БЮДЖЕТНОЕ УЧРЕЖДЕНИЕ ""ГОСУДАРСТВЕННЫЙ ИНСТИТУТ ЛЕКАРСТВЕННЫХ СРЕДСТВ И НАДЛЕЖАЩИХ ПРАКТИК""";"ФЕДЕРАЛЬНОЕ БЮДЖЕТНОЕ УЧРЕЖДЕНИЕ ""ГОСУДАРСТВЕННЫЙ ИНСТИТУТ ЛЕКАРСТВЕННЫХ СРЕДСТВ И НАДЛЕЖАЩИХ ПРАКТИК""";12.05.2026;28.05.2026;Закупка завершена;;;28.05.2026;
223-ФЗ;№32615992608;Запрос предложений в электронной форме, участниками которого могут быть только субъекты малого и среднего предпринимательства;Право заключения Договора на поставку пунктов секционирования (реклоузеров) 10кВ для технологического присоединения Шахунского РЭС и 6кВ для технологического присоединения Дивеевского РЭС для нужд филиала ПАО «Россети Центр и Приволжье» - «Нижновэнерго»;;;1;Поставка пунктов секционирования (реклоузеров) 10кВ для технологического присоединения Шахунского РЭС и 6кВ для технологического присоединения Дивеевского РЭС;6302032.00;RUB;6302032.00;;;;27.12.10.190: Устройства для коммутации или защиты электрических цепей на напряжение более 1 кВ прочие, не включенные в другие группировки;;"ПУБЛИЧНОЕ АКЦИОНЕРНОЕ ОБЩЕСТВО ""РОССЕТИ ЦЕНТР И ПРИВОЛЖЬЕ""";"ФИЛИАЛ ПАО ""РОССЕТИ ЦЕНТР И ПРИВОЛЖЬЕ""-""НИЖНОВЭНЕРГО""";08.05.2026;28.05.2026;Закупка завершена;;;20.05.2026 11:00;
44-ФЗ;№0579600001526000018;Электронный аукцион;Поставка лекарственных препаратов для медицинского применения с международным непатентованным наименованием (МНН) Аллопуринол (ОКПД2 21.20.10.226: Препараты противоподагрические);;'263091601129709160100100170012120000;;;5065214.00;RUB;0;;;;;;"МУНИЦИПАЛЬНОЕ УНИТАРНОЕ ПРЕДПРИЯТИЕ ""ЦЕНТР МУНИЦИПАЛЬНОГО ЗАКАЗА УСТЬ-ДЖЕГУТИНСКОГО МУНИЦИПАЛЬНОГО РАЙОНА""";"МУНИЦИПАЛЬНОЕ УНИТАРНОЕ ПРЕДПРИЯТИЕ ""ЦЕНТР МУНИЦИПАЛЬНОГО ЗАКАЗА УСТЬ-ДЖЕГУТИНСКОГО МУНИЦИПАЛЬНОГО РАЙОНА""";19.05.2026;28.05.2026;Закупка завершена;;;28.05.2026;
44-ФЗ;№0579600001526000042;Электронный аукцион;Поставка лекарственных препаратов для медицинского применения с международным непатентованным наименованием (МНН) Флувоксамин (ОКПД2 21.20.10.236: Психоаналептики);;'263091601129709160100100410012120000;;;7809000.00;RUB;0;;;;;;"МУНИЦИПАЛЬНОЕ УНИТАРНОЕ ПРЕДПРИЯТИЕ ""ЦЕНТР МУНИЦИПАЛЬНОГО ЗАКАЗА УСТЬ-ДЖЕГУТИНСКОГО МУНИЦИПАЛЬНОГО РАЙОНА""";"МУНИЦИПАЛЬНОЕ УНИТАРНОЕ ПРЕДПРИЯТИЕ ""ЦЕНТР МУНИЦИПАЛЬНОГО ЗАКАЗА УСТЬ-ДЖЕГУТИНСКОГО МУНИЦИПАЛЬНОГО РАЙОНА""";20.05.2026;28.05.2026;Закупка завершена;;;28.05.2026;
44-ФЗ;№0579600001526000039;Электронный аукцион;Поставка лекарственного препарата для медицинского применения с международным непатентованным наименованием (МНН) Кокарбоксилаза (ОКПД2 21.10.51.124: Витамин B1 и его комбинация с витаминами B6 и B12);;'263091601129709160100100380012110000;;;5250000.00;RUB;0;;;;;;"МУНИЦИПАЛЬНОЕ УНИТАРНОЕ ПРЕДПРИЯТИЕ ""ЦЕНТР МУНИЦИПАЛЬНОГО ЗАКАЗА УСТЬ-ДЖЕГУТИНСКОГО МУНИЦИПАЛЬНОГО РАЙОНА""";"МУНИЦИПАЛЬНОЕ УНИТАРНОЕ ПРЕДПРИЯТИЕ ""ЦЕНТР МУНИЦИПАЛЬНОГО ЗАКАЗА УСТЬ-ДЖЕГУТИНСКОГО МУНИЦИПАЛЬНОГО РАЙОНА""";20.05.2026;28.05.2026;Закупка завершена;;;28.05.2026;
44-ФЗ;№0373200331726000002;Электронный аукцион;Оказание услуг по уборке внутренних помещений (бюджет 2026-2027гг.);;262770138494377010100100180010000244, 262770815520577080100100350010000244, 262770190550877010100100420010000244;;;29651295.00;RUB;0;;;;;;;"ГОСУДАРСТВЕННОЕ БЮДЖЕТНОЕ ОБЩЕОБРАЗОВАТЕЛЬНОЕ УЧРЕЖДЕНИЕ ГОРОДА МОСКВЫ ""ШКОЛА № 1284 ИМЕНИ ГЕРОЯ СОВЕТСКОГО СОЮЗА Н.В. КОВШОВОЙ""";04.05.2026;28.05.2026;Закупка завершена;;;12.05.2026;
44-ФЗ;№0348100026526000082;Электронный аукцион;Выполнение работ по текущему ремонту Спального корпуса № 2 на территории ФГБУ «МФК Минфина России»;;'261500906786650090100101060014120244;;;12158431.93;RUB;0;;;;;;"ФЕДЕРАЛЬНОЕ ГОСУДАРСТВЕННОЕ БЮДЖЕТНОЕ УЧРЕЖДЕНИЕ ""МНОГОФУНКЦИОНАЛЬНЫЙ КОМПЛЕКС МИНИСТЕРСТВА ФИНАНСОВ РОССИЙСКОЙ ФЕДЕРАЦИИ""";"ФЕДЕРАЛЬНОЕ ГОСУДАРСТВЕННОЕ БЮДЖЕТНОЕ УЧРЕЖДЕНИЕ ""МНОГОФУНКЦИОНАЛЬНЫЙ КОМПЛЕКС МИНИСТЕРСТВА ФИНАНСОВ РОССИЙСКОЙ ФЕДЕРАЦИИ""";20.05.2026;28.05.2026;Закупка завершена;;;28.05.2026;
44-ФЗ;№0373100049226000009;Электронный аукцион;Поставка аппаратно-программного комплекса для производства криминалистических экспертиз звукозаписей экспертом-акустиком;;'261770405513677090100100490010000244;;;5483223.33;RUB;0;;;;;;ФЕДЕРАЛЬНОЕ БЮДЖЕТНОЕ УЧРЕЖДЕНИЕ РОССИЙСКИЙ ФЕДЕРАЛЬНЫЙ ЦЕНТР СУДЕБНОЙ ЭКСПЕРТИЗЫ ИМЕНИ ПРОФЕССОРА А.Р. ШЛЯХОВА ПРИ МИНИСТЕРСТВЕ ЮСТИЦИИ РОССИЙСКОЙ ФЕДЕРАЦИИ;ФЕДЕРАЛЬНОЕ БЮДЖЕТНОЕ УЧРЕЖДЕНИЕ РОССИЙСКИЙ ФЕДЕРАЛЬНЫЙ ЦЕНТР СУДЕБНОЙ ЭКСПЕРТИЗЫ ИМЕНИ ПРОФЕССОРА А.Р. ШЛЯХОВА ПРИ МИНИСТЕРСТВЕ ЮСТИЦИИ РОССИЙСКОЙ ФЕДЕРАЦИИ;15.05.2026;28.05.2026;Закупка завершена;;;26.05.2026;
44-ФЗ;№0304200009026001030;Электронный аукцион;ЭА.26-754-01201R1110 поставка изделий медицинского назначения;;'262072106027807250100102350040000244;;;94277922.33;RUB;0;;;;;;"ГОСУДАРСТВЕННОЕ КАЗЕННОЕ УЧРЕЖДЕНИЕ ЗДРАВООХРАНЕНИЯ ""ФАРМЕДТЕХ"" МИНИСТЕРСТВА ЗДРАВООХРАНЕНИЯ КАБАРДИНО-БАЛКАРСКОЙ РЕСПУБЛИКИ";"ГОСУДАРСТВЕННОЕ КАЗЕННОЕ УЧРЕЖДЕНИЕ ЗДРАВООХРАНЕНИЯ ""ФАРМЕДТЕХ"" МИНИСТЕРСТВА ЗДРАВООХРАНЕНИЯ КАБАРДИНО-БАЛКАРСКОЙ РЕСПУБЛИКИ";30.04.2026;28.05.2026;Закупка завершена;;;12.05.2026;
44-ФЗ;№0335200014926001827;Электронный аукцион;Выполнение работ по объекту: «Благоустройство общественного пространства в г. Краснознаменске на улице Парковая (парковая зона)»;;'263391900049039190100100880014399244;;;10352908.07;RUB;0;;;;;;"АДМИНИСТРАЦИЯ МУНИЦИПАЛЬНОГО ОБРАЗОВАНИЯ ""КРАСНОЗНАМЕНСКИЙ МУНИЦИПАЛЬНЫЙ ОКРУГ КАЛИНИНГРАДСКОЙ ОБЛАСТИ""";"ГОСУДАРСТВЕННОЕ КАЗЕННОЕ УЧРЕЖДЕНИЕ КАЛИНИНГРАДСКОЙ ОБЛАСТИ ""ЦЕНТР ОБЕСПЕЧЕНИЯ ОРГАНИЗАЦИИ И ПРОВЕДЕНИЯ ТОРГОВ""";15.05.2026;28.05.2026;Закупка завершена;;;27.05.2026;
44-ФЗ;№0318300552926000354;Электронный аукцион;Гидродинамическая прочистка ливневой канализации на территории муниципального образования городской округ город Армавир Краснодарского края;;'263237200793023720100100260013700244;;;7250000.00;RUB;0;;;;;;УПРАВЛЕНИЕ ЖИЛИЩНО-КОММУНАЛЬНОГО ХОЗЯЙСТВА АДМИНИСТРАЦИИ МУНИЦИПАЛЬНОГО ОБРАЗОВАНИЯ ГОРОДСКОЙ ОКРУГ ГОРОД АРМАВИР КРАСНОДАРСКОГО КРАЯ;УПРАВЛЕНИЕ ПО ЗАКУПКАМ ДЛЯ МУНИЦИПАЛЬНЫХ НУЖД АДМИНИСТРАЦИИ МУНИЦИПАЛЬНОГО ОБРАЗОВАНИЯ ГОРОДСКОЙ ОКРУГ ГОРОД АРМАВИР КРАСНОДАРСКОГО КРАЯ;19.05.2026;28.05.2026;Закупка завершена;;;27.05.2026;
44-ФЗ;№0144200002426000168;Открытый конкурс в электронной форме на проведение работ по строительству, реконструкции, кап. ремонту, сносу объекта кап. строительства в соответствии с п. 8 ч. 1 ст. 33 Закона № 44-ФЗ;"Капитальный ремонт конструктивных и архитектурных решений МБОУ ""Средняя общеобразовательная школа № 31 имени А.М. Ломакина""";;'263462904271846320100100340024120243;;;152956330.00;RUB;0;;;;;;КОМИТЕТ ОБРАЗОВАНИЯ ГОРОДА КУРСКА;МИНИСТЕРСТВО ГРАДОСТРОИТЕЛЬНОЙ ПОЛИТИКИ, ИМУЩЕСТВЕННЫХ И ЗЕМЕЛЬНЫХ ОТНОШЕНИЙ КУРСКОЙ ОБЛАСТИ;28.04.2026;28.05.2026;Закупка завершена;;;14.05.2026;
44-ФЗ;№0335200014926001749;Электронный аукцион;Поставка программного обеспечения (Средства автоматизированного проектирования);;'262391100115639110100100220015829244;;;8690833.33;RUB;0;;;;;;"ГОСУДАРСТВЕННОЕ БЮДЖЕТНОЕ УЧРЕЖДЕНИЕ КАЛИНИНГРАДСКОЙ ОБЛАСТИ  ПРОФЕССИОНАЛЬНАЯ ОБРАЗОВАТЕЛЬНАЯ ОРГАНИЗАЦИЯ  ""ТЕХНОЛОГИЧЕСКИЙ КОЛЛЕДЖ""";"ГОСУДАРСТВЕННОЕ КАЗЕННОЕ УЧРЕЖДЕНИЕ КАЛИНИНГРАДСКОЙ ОБЛАСТИ ""ЦЕНТР ОБЕСПЕЧЕНИЯ ОРГАНИЗАЦИИ И ПРОВЕДЕНИЯ ТОРГОВ""";13.05.2026;28.05.2026;Закупка завершена;;;26.05.2026;
44-ФЗ;№0144200002426000190;Открытый конкурс в электронной форме на проведение работ по строительству, реконструкции, кап. ремонту, сносу объекта кап. строительства в соответствии с п. 8 ч. 1 ст. 33 Закона № 44-ФЗ;"Капитальный ремонт на замену двух пассажирских, двух больничных и одного грузового лифта ОБУССОКО ""Железногорский ДСО"", расположенного по адресу: Курская область, г. Жедезногорск, ул. Проезд ветеранов, 10";;'262463300367046330100100060014329243;;;29249010.00;RUB;0;;;;;;"ОБЛАСТНОЕ БЮДЖЕТНОЕ УЧРЕЖДЕНИЕ СПЕЦИАЛИЗИРОВАННОГО СОЦИАЛЬНОГО ОБСЛУЖИВАНИЯ КУРСКОЙ ОБЛАСТИ ""ЖЕЛЕЗНОГОРСКИЙ ДОМ СОЦИАЛЬНОГО ОБСЛУЖИВАНИЯ""";МИНИСТЕРСТВО ГРАДОСТРОИТЕЛЬНОЙ ПОЛИТИКИ, ИМУЩЕСТВЕННЫХ И ЗЕМЕЛЬНЫХ ОТНОШЕНИЙ КУРСКОЙ ОБЛАСТИ;06.05.2026;28.05.2026;Закупка завершена;;;26.05.2026;
44-ФЗ;№0432200000826002263;Запрос котировок в электронной форме;Ц-6185_Закупка медицинских изделий;;'262526013629952600100100401890000000;;;9503550.00;RUB;0;;;;;;"ГОСУДАРСТВЕННОЕ ПРЕДПРИЯТИЕ НИЖЕГОРОДСКОЙ ОБЛАСТИ ""НИЖЕГОРОДСКАЯ ОБЛАСТНАЯ ФАРМАЦИЯ""";"ГОСУДАРСТВЕННОЕ ПРЕДПРИЯТИЕ НИЖЕГОРОДСКОЙ ОБЛАСТИ ""НИЖЕГОРОДСКАЯ ОБЛАСТНАЯ ФАРМАЦИЯ""";07.05.2026;28.05.2026;Закупка завершена;;;15.05.2026;
44-ФЗ;№0335200014926001648;Электронный аукцион;на поставку изделий медицинского назначения (Кассета сменная к эндоскопическому артикуляционному линейному сшивающе-режущему аппарату ) для нужд Государственного бюджетного учреждения здравоохранения «Онкологический центр Калининградской области»;;'262390696244339060100100030100000244;;;10140000.00;RUB;0;;;;;;"ГОСУДАРСТВЕННОЕ БЮДЖЕТНОЕ УЧРЕЖДЕНИЕ ЗДРАВООХРАНЕНИЯ ""ОНКОЛОГИЧЕСКИЙ ЦЕНТР КАЛИНИНГРАДСКОЙ ОБЛАСТИ""";"ГОСУДАРСТВЕННОЕ КАЗЕННОЕ УЧРЕЖДЕНИЕ КАЛИНИНГРАДСКОЙ ОБЛАСТИ ""ЦЕНТР ОБЕСПЕЧЕНИЯ ОРГАНИЗАЦИИ И ПРОВЕДЕНИЯ ТОРГОВ""";05.05.2026;28.05.2026;Закупка завершена;;;19.05.2026;
44-ФЗ;№0579600001526000020;Электронный аукцион;Поставка лекарственных препаратов для медицинского применения с международным непатентованным наименованием (МНН) Валсартан (ОКПД2 21.20.10.148: Препараты, влияющие на систему ренин-ангиотензин);;'263091601129709160100100190012120000;;;6717500.00;RUB;0;;;;;;"МУНИЦИПАЛЬНОЕ УНИТАРНОЕ ПРЕДПРИЯТИЕ ""ЦЕНТР МУНИЦИПАЛЬНОГО ЗАКАЗА УСТЬ-ДЖЕГУТИНСКОГО МУНИЦИПАЛЬНОГО РАЙОНА""";"МУНИЦИПАЛЬНОЕ УНИТАРНОЕ ПРЕДПРИЯТИЕ ""ЦЕНТР МУНИЦИПАЛЬНОГО ЗАКАЗА УСТЬ-ДЖЕГУТИНСКОГО МУНИЦИПАЛЬНОГО РАЙОНА""";19.05.2026;28.05.2026;Закупка завершена;;;28.05.2026;
44-ФЗ;№0118300018726000502;Электронный аукцион;Благоустройство территории сквера на земельном участке с кадастровым номером 23:49:0420002:1271;;'263231702286423170100100260014299244;;;8000000.00;RUB;0;;;;;;АДМИНИСТРАЦИЯ КРАСНОПОЛЯНСКОГО ПОСЕЛКОВОГО ОКРУГА МУНИЦИПАЛЬНОГО ОБРАЗОВАНИЯ ГОРОДСКОЙ ОКРУГ ГОРОД-КУРОРТ СОЧИ КРАСНОДАРСКОГО КРАЯ;АДМИНИСТРАЦИЯ МУНИЦИПАЛЬНОГО ОБРАЗОВАНИЯ ГОРОДСКОЙ ОКРУГ ГОРОД-КУРОРТ СОЧИ КРАСНОДАРСКОГО КРАЯ;15.05.2026;28.05.2026;Закупка завершена;;;26.05.2026;
44-ФЗ;№0373100005026000335;Открытый конкурс в электронной форме;Выполнение составной части прикладной научно-исследовательской работы по теме: Разработка системы медико-биологического сопровождения спортсменов-паралимпийцев с последствиями травмы спинного мозга» (шифр: «Результат 26-28/4»);;'261773010211077300100100220047219241;;;14149338.35;RUB;0;;;;;;"ФЕДЕРАЛЬНОЕ ГОСУДАРСТВЕННОЕ БЮДЖЕТНОЕ УЧРЕЖДЕНИЕ ""НАЦИОНАЛЬНЫЙ ЦЕНТР СПОРТИВНОЙ МЕДИЦИНЫ ФЕДЕРАЛЬНОГО МЕДИКО-БИОЛОГИЧЕСКОГО АГЕНТСТВА""";"ФЕДЕРАЛЬНОЕ ГОСУДАРСТВЕННОЕ БЮДЖЕТНОЕ УЧРЕЖДЕНИЕ ""НАЦИОНАЛЬНЫЙ ЦЕНТР СПОРТИВНОЙ МЕДИЦИНЫ ФЕДЕРАЛЬНОГО МЕДИКО-БИОЛОГИЧЕСКОГО АГЕНТСТВА""";16.04.2026;28.05.2026;Закупка завершена;;;04.05.2026;
44-ФЗ;№0118300018726000470;Открытый конкурс в электронной форме;Ликвидация мест несанкционированного размещения отходов строительства и ремонта на земельных участках, находящихся в муниципальной собственности муниципального образования городской округ город-курорт Сочи Краснодарского края, и земельных участках, государственная собственность на которые не разграничена на территории Адлерского внутригородского района муниципального образования городской округ город-курорт Сочи Краснодарского края в 2026 году (июнь- сентябрь);;'263231701505623170100100120018129244;;;46998249.13;RUB;0;;;;;;АДМИНИСТРАЦИЯ АДЛЕРСКОГО ВНУТРИГОРОДСКОГО РАЙОНА МУНИЦИПАЛЬНОГО ОБРАЗОВАНИЯ ГОРОДСКОЙ ОКРУГ ГОРОД-КУРОРТ СОЧИ КРАСНОДАРСКОГО КРАЯ;АДМИНИСТРАЦИЯ МУНИЦИПАЛЬНОГО ОБРАЗОВАНИЯ ГОРОДСКОЙ ОКРУГ ГОРОД-КУРОРТ СОЧИ КРАСНОДАРСКОГО КРАЯ;06.05.2026;28.05.2026;Закупка завершена;;;25.05.2026;
44-ФЗ;№0373100001026000255;Электронный аукцион;Поставка канцелярских товаров;;'261773411103577340100103210010000244;;;6765706.73;RUB;0;;;;;;"ФЕДЕРАЛЬНОЕ ГОСУДАРСТВЕННОЕ БЮДЖЕТНОЕ УЧРЕЖДЕНИЕ ""НАЦИОНАЛЬНЫЙ ИССЛЕДОВАТЕЛЬСКИЙ ЦЕНТР ""КУРЧАТОВСКИЙ ИНСТИТУТ""";"ФЕДЕРАЛЬНОЕ ГОСУДАРСТВЕННОЕ БЮДЖЕТНОЕ УЧРЕЖДЕНИЕ ""НАЦИОНАЛЬНЫЙ ИССЛЕДОВАТЕЛЬСКИЙ ЦЕНТР ""КУРЧАТОВСКИЙ ИНСТИТУТ""";14.05.2026;28.05.2026;Закупка завершена;;;26.05.2026;
44-ФЗ;№0335200014926001878;Электронный аукцион;на поставку лекарственных препаратов для медицинского применения (МНН: АЛЛЕРГЕН ТУБЕРКУЛЕЗНЫЙ РЕКОМБИНАНТНЫЙ В СТАНДАРТНОМ РАЗВЕДЕНИИ);;262391100843339110100100070120000244, 262392400035039240100100030300000244, 263392200071839220100100020300000244, 262392300370439230100100040320000244, 262390200141739020100100030420000244, 262391800673139180100100210370000244, 262390603254339060100100610020000244, 262391900051739190100100070290000244, 262391000340039100100100070310000244, 262390501406939060100100510010000244, 262391101196539110100100300020000244, 263392100192739210100100150020000244, 262391400265539140100100090420000244, 263390100115739010100100340020000244, 262391700777139170100100370020000244, 262391500455039150100100030320000244, 262391500472939150100100040220000244, 262391600318939160100100030160000244, 262391200810839120100100020090000244, 262390901057039090100100110020000244, 262392000119139200100100060020000244, 263391300262039130100100070290000244;;;8472134.46;RUB;0;;;;;;;"ГОСУДАРСТВЕННОЕ КАЗЕННОЕ УЧРЕЖДЕНИЕ КАЛИНИНГРАДСКОЙ ОБЛАСТИ ""ЦЕНТР ОБЕСПЕЧЕНИЯ ОРГАНИЗАЦИИ И ПРОВЕДЕНИЯ ТОРГОВ""";20.05.2026;28.05.2026;Закупка завершена;;;28.05.2026;
44-ФЗ;№0310200000326001799;Электронный аукцион;"Оказание комплекса услуг по выполнению требований по защите информации для Государственного казенного учреждения ""Центр занятости населения Республики Северная Осетия-Алания""";;'262150002544615000100100270026202244;;;30829022.23;RUB;0;;;;;;"ГОСУДАРСТВЕННОЕ КАЗЕННОЕ УЧРЕЖДЕНИЕ ""ЦЕНТР ЗАНЯТОСТИ НАСЕЛЕНИЯ РЕСПУБЛИКИ СЕВЕРНАЯ ОСЕТИЯ-АЛАНИЯ""";УПРАВЛЕНИЕ РЕСПУБЛИКИ СЕВЕРНАЯ ОСЕТИЯ-АЛАНИЯ ПО ПРОВЕДЕНИЮ ЗАКУПОК ДЛЯ ГОСУДАРСТВЕННЫХ НУЖД;18.05.2026;28.05.2026;Закупка завершена;;;26.05.2026;
44-ФЗ;№0373200041526000343;Открытый конкурс в электронной форме на проведение работ по строительству, реконструкции, кап. ремонту, сносу объекта кап. строительства в соответствии с п. 8 ч. 1 ст. 33 Закона № 44-ФЗ;Выполнение работ по капитальному ремонту в учреждении, подведомственном ДТСЗН г.Москвы (Закупка 130);;'262770182732077080100104010010000243;;;29994851.39;RUB;0;;;;;;"ГОСУДАРСТВЕННОЕ КАЗЕННОЕ УЧРЕЖДЕНИЕ ГОРОДА МОСКВЫ ""ДИРЕКЦИЯ ПО ОБЕСПЕЧЕНИЮ ДЕЯТЕЛЬНОСТИ ОРГАНИЗАЦИЙ ТРУДА И СОЦИАЛЬНОЙ ЗАЩИТЫ НАСЕЛЕНИЯ ГОРОДА МОСКВЫ""";"ГОСУДАРСТВЕННОЕ КАЗЕННОЕ УЧРЕЖДЕНИЕ ГОРОДА МОСКВЫ ""ДИРЕКЦИЯ ПО ОБЕСПЕЧЕНИЮ ДЕЯТЕЛЬНОСТИ ОРГАНИЗАЦИЙ ТРУДА И СОЦИАЛЬНОЙ ЗАЩИТЫ НАСЕЛЕНИЯ ГОРОДА МОСКВЫ""";06.05.2026;28.05.2026;Закупка завершена;;;27.05.2026;
44-ФЗ;№0373200041526000342;Открытый конкурс в электронной форме на проведение работ по строительству, реконструкции, кап. ремонту, сносу объекта кап. строительства в соответствии с п. 8 ч. 1 ст. 33 Закона № 44-ФЗ;Выполнение работ по капитальному ремонту в учреждении, подведомственном ДТСЗН г.Москвы (Закупка 231);;'262770182732077080100104060010000243;;;29574883.48;RUB;0;;;;;;"ГОСУДАРСТВЕННОЕ КАЗЕННОЕ УЧРЕЖДЕНИЕ ГОРОДА МОСКВЫ ""ДИРЕКЦИЯ ПО ОБЕСПЕЧЕНИЮ ДЕЯТЕЛЬНОСТИ ОРГАНИЗАЦИЙ ТРУДА И СОЦИАЛЬНОЙ ЗАЩИТЫ НАСЕЛЕНИЯ ГОРОДА МОСКВЫ""";"ГОСУДАРСТВЕННОЕ КАЗЕННОЕ УЧРЕЖДЕНИЕ ГОРОДА МОСКВЫ ""ДИРЕКЦИЯ ПО ОБЕСПЕЧЕНИЮ ДЕЯТЕЛЬНОСТИ ОРГАНИЗАЦИЙ ТРУДА И СОЦИАЛЬНОЙ ЗАЩИТЫ НАСЕЛЕНИЯ ГОРОДА МОСКВЫ""";06.05.2026;28.05.2026;Закупка завершена;;;27.05.2026;
44-ФЗ;№0373200041526000341;Открытый конкурс в электронной форме на проведение работ по строительству, реконструкции, кап. ремонту, сносу объекта кап. строительства в соответствии с п. 8 ч. 1 ст. 33 Закона № 44-ФЗ;Выполнение работ по капитальному ремонту в учреждении, подведомственном ДТСЗН г.Москвы (Закупка 153);;'262770182732077080100104030010000243;;;29654310.19;RUB;0;;;;;;"ГОСУДАРСТВЕННОЕ КАЗЕННОЕ УЧРЕЖДЕНИЕ ГОРОДА МОСКВЫ ""ДИРЕКЦИЯ ПО ОБЕСПЕЧЕНИЮ ДЕЯТЕЛЬНОСТИ ОРГАНИЗАЦИЙ ТРУДА И СОЦИАЛЬНОЙ ЗАЩИТЫ НАСЕЛЕНИЯ ГОРОДА МОСКВЫ""";"ГОСУДАРСТВЕННОЕ КАЗЕННОЕ УЧРЕЖДЕНИЕ ГОРОДА МОСКВЫ ""ДИРЕКЦИЯ ПО ОБЕСПЕЧЕНИЮ ДЕЯТЕЛЬНОСТИ ОРГАНИЗАЦИЙ ТРУДА И СОЦИАЛЬНОЙ ЗАЩИТЫ НАСЕЛЕНИЯ ГОРОДА МОСКВЫ""";06.05.2026;28.05.2026;Закупка завершена;;;27.05.2026;
44-ФЗ;№0373200041526000324;Открытый конкурс в электронной форме на проведение работ по строительству, реконструкции, кап. ремонту, сносу объекта кап. строительства в соответствии с п. 8 ч. 1 ст. 33 Закона № 44-ФЗ;"Выполнение работ по капитальному ремонту в ГБУ Социальный дом ""Люблино""";;'262770182732077080100103810010000243;;;29726052.20;RUB;0;;;;;;"ГОСУДАРСТВЕННОЕ КАЗЕННОЕ УЧРЕЖДЕНИЕ ГОРОДА МОСКВЫ ""ДИРЕКЦИЯ ПО ОБЕСПЕЧЕНИЮ ДЕЯТЕЛЬНОСТИ ОРГАНИЗАЦИЙ ТРУДА И СОЦИАЛЬНОЙ ЗАЩИТЫ НАСЕЛЕНИЯ ГОРОДА МОСКВЫ""";"ГОСУДАРСТВЕННОЕ КАЗЕННОЕ УЧРЕЖДЕНИЕ ГОРОДА МОСКВЫ ""ДИРЕКЦИЯ ПО ОБЕСПЕЧЕНИЮ ДЕЯТЕЛЬНОСТИ ОРГАНИЗАЦИЙ ТРУДА И СОЦИАЛЬНОЙ ЗАЩИТЫ НАСЕЛЕНИЯ ГОРОДА МОСКВЫ""";29.04.2026;28.05.2026;Закупка завершена;;;26.05.2026;
44-ФЗ;№0373200041526000323;Открытый конкурс в электронной форме на проведение работ по строительству, реконструкции, кап. ремонту, сносу объекта кап. строительства в соответствии с п. 8 ч. 1 ст. 33 Закона № 44-ФЗ;"Выполнение работ по капитальному ремонту в ГБУ КРОЦ ОСП ""Солнечный круг""";;'262770182732077080100103800010000243;;;29487187.82;RUB;0;;;;;;"ГОСУДАРСТВЕННОЕ КАЗЕННОЕ УЧРЕЖДЕНИЕ ГОРОДА МОСКВЫ ""ДИРЕКЦИЯ ПО ОБЕСПЕЧЕНИЮ ДЕЯТЕЛЬНОСТИ ОРГАНИЗАЦИЙ ТРУДА И СОЦИАЛЬНОЙ ЗАЩИТЫ НАСЕЛЕНИЯ ГОРОДА МОСКВЫ""";"ГОСУДАРСТВЕННОЕ КАЗЕННОЕ УЧРЕЖДЕНИЕ ГОРОДА МОСКВЫ ""ДИРЕКЦИЯ ПО ОБЕСПЕЧЕНИЮ ДЕЯТЕЛЬНОСТИ ОРГАНИЗАЦИЙ ТРУДА И СОЦИАЛЬНОЙ ЗАЩИТЫ НАСЕЛЕНИЯ ГОРОДА МОСКВЫ""";29.04.2026;28.05.2026;Закупка завершена;;;26.05.2026;
44-ФЗ;№0145200000426000602;Открытый конкурс в электронной форме;Проведение работ по сохранению (в целях реставрации) объектов культурного наследия - памятников военной истории, расположенных на территории Всеволожского и Тосненского районов Ленинградской области;;'262470315158647030100100220014399243;;;115938447.25;RUB;0;;;;;;"ГОСУДАРСТВЕННОЕ КАЗЕННОЕ УЧРЕЖДЕНИЕ ЛЕНИНГРАДСКОЙ ОБЛАСТИ ""ДИРЕКЦИЯ ПО СОХРАНЕНИЮ ОБЪЕКТОВ КУЛЬТУРНОГО НАСЛЕДИЯ""";КОМИТЕТ ГОСУДАРСТВЕННОГО ЗАКАЗА ЛЕНИНГРАДСКОЙ ОБЛАСТИ;21.04.2026;28.05.2026;Закупка завершена;;;07.05.2026;
44-ФЗ;№0121200004726000610;Электронный аукцион;Поставка медицинских изделий (Стерилизатор плазменный), ввод в эксплуатацию медицинских изделий, обучение правилам эксплуатации специалистов, эксплуатирующих медицинские изделия для обеспечения нужд Государственного бюджетного учреждения здравоохранения Ставропольского края «Пятигорский межрайонный родильный дом»;;'262263203456926320100100110030000244;;;9306500.00;RUB;0;;;;;;"ГОСУДАРСТВЕННОЕ БЮДЖЕТНОЕ УЧРЕЖДЕНИЕ ЗДРАВООХРАНЕНИЯ СТАВРОПОЛЬСКОГО КРАЯ ""ПЯТИГОРСКИЙ МЕЖРАЙОННЫЙ РОДИЛЬНЫЙ ДОМ""";КОМИТЕТ СТАВРОПОЛЬСКОГО КРАЯ ПО ГОСУДАРСТВЕННЫМ ЗАКУПКАМ;20.05.2026;28.05.2026;Закупка завершена;;;28.05.2026;
223-ФЗ;№32616037864;Конкурс в электронной форме, участниками которого могут быть только субъекты малого и среднего предпринимательства;Выполнение работ по ремонту инженерных систем МКД;;;1;Выполнение работ по ремонту инженерных систем МКД;25669246.36;RUB;25669246.36;;;;43.22.11.190: Работы по монтажу водопроводных и канализационных систем прочие, не включенные в другие группировки,41.20.30.100: Работы по возведению жилых зданий, кроме работ по сохранению и воссозданию объектов культурного наследия;;"ГОСУДАРСТВЕННОЕ БЮДЖЕТНОЕ УЧРЕЖДЕНИЕ ГОРОДА МОСКВЫ ""ЖИЛИЩНИК РАЙОНА СЕВЕРНОЕ БУТОВО""";"ГОСУДАРСТВЕННОЕ БЮДЖЕТНОЕ УЧРЕЖДЕНИЕ ГОРОДА МОСКВЫ ""ЖИЛИЩНИК РАЙОНА СЕВЕРНОЕ БУТОВО""";22.05.2026;28.05.2026;Закупка завершена;;;01.06.2026 06:00;
44-ФЗ;№0818500000826003299;Запрос котировок в электронной форме;"Поставка аппарата вентиляции легких положительным давлением терапевтического; шифр регионального проекта Краснодарского края 00Я3012101933";;'262230905305823100100110170013250244;;;9399874.00;RUB;0;;;;;;МИНИСТЕРСТВО ЗДРАВООХРАНЕНИЯ КРАСНОДАРСКОГО КРАЯ;"ГОСУДАРСТВЕННОЕ КАЗЕННОЕ УЧРЕЖДЕНИЕ КРАСНОДАРСКОГО КРАЯ ""ДИРЕКЦИЯ ГОСУДАРСТВЕННЫХ ЗАКУПОК""";21.05.2026;28.05.2026;Закупка завершена;;;28.05.2026;
44-ФЗ;№0818500000826003298;Запрос котировок в электронной форме;"Поставка аппарата вентиляции легких положительным давлением терапевтического; шифр регионального проекта Краснодарского края 00Я3012101933";;'262230905305823100100110180013250244;;;9399874.00;RUB;0;;;;;;МИНИСТЕРСТВО ЗДРАВООХРАНЕНИЯ КРАСНОДАРСКОГО КРАЯ;"ГОСУДАРСТВЕННОЕ КАЗЕННОЕ УЧРЕЖДЕНИЕ КРАСНОДАРСКОГО КРАЯ ""ДИРЕКЦИЯ ГОСУДАРСТВЕННЫХ ЗАКУПОК""";21.05.2026;28.05.2026;Закупка завершена;;;28.05.2026;
44-ФЗ;№0818500000826003223;Электронный аукцион;Поставка медицинских изделий (Перчатки хирургические из латекса гевеи, неопудренные);;'262231104008823110100110400012219244;;;8111000.00;RUB;0;;;;;;"ГОСУДАРСТВЕННОЕ БЮДЖЕТНОЕ УЧРЕЖДЕНИЕ ЗДРАВООХРАНЕНИЯ ""НАУЧНО-ИССЛЕДОВАТЕЛЬСКИЙ ИНСТИТУТ - КРАЕВАЯ КЛИНИЧЕСКАЯ БОЛЬНИЦА № 1 ИМЕНИ ПРОФЕССОРА С.В.ОЧАПОВСКОГО"" МИНИСТЕРСТВА ЗДРАВООХРАНЕНИЯ КРАСНОДАРСКОГО КРАЯ";"ГОСУДАРСТВЕННОЕ КАЗЕННОЕ УЧРЕЖДЕНИЕ КРАСНОДАРСКОГО КРАЯ ""ДИРЕКЦИЯ ГОСУДАРСТВЕННЫХ ЗАКУПОК""";19.05.2026;28.05.2026;Закупка завершена;;;27.05.2026;
44-ФЗ;№0818500000826003159;Электронный аукцион;Поставка лекарственного препарата для медицинского применения (МНН Брентуксимаб ведотин);;'262230910215323090100100200762120244;;;36346800.00;RUB;0;;;;;;"ГОСУДАРСТВЕННОЕ БЮДЖЕТНОЕ УЧРЕЖДЕНИЕ ЗДРАВООХРАНЕНИЯ ""КЛИНИЧЕСКИЙ ОНКОЛОГИЧЕСКИЙ ДИСПАНСЕР № 1"" МИНИСТЕРСТВА ЗДРАВООХРАНЕНИЯ КРАСНОДАРСКОГО КРАЯ";"ГОСУДАРСТВЕННОЕ КАЗЕННОЕ УЧРЕЖДЕНИЕ КРАСНОДАРСКОГО КРАЯ ""ДИРЕКЦИЯ ГОСУДАРСТВЕННЫХ ЗАКУПОК""";15.05.2026;28.05.2026;Закупка завершена;;;26.05.2026;
44-ФЗ;№0818500000826003235;Электронный аукцион;Поставка лекарственных препаратов для медицинского применения: Элтромбопаг;;'262230905305823100100110280012120323;;;9410688.00;RUB;0;;;;;;МИНИСТЕРСТВО ЗДРАВООХРАНЕНИЯ КРАСНОДАРСКОГО КРАЯ;"ГОСУДАРСТВЕННОЕ КАЗЕННОЕ УЧРЕЖДЕНИЕ КРАСНОДАРСКОГО КРАЯ ""ДИРЕКЦИЯ ГОСУДАРСТВЕННЫХ ЗАКУПОК""";19.05.2026;28.05.2026;Закупка завершена;;;27.05.2026;
44-ФЗ;№0373100068026000025;Электронный аукцион;Поставка химических реактивов;;'261772913350977080100100050092059244;;;7933606.09;RUB;0;;;;;;"ФЕДЕРАЛЬНОЕ ГОСУДАРСТВЕННОЕ БЮДЖЕТНОЕ УЧРЕЖДЕНИЕ ""ФЕДЕРАЛЬНЫЙ ЦЕНТР ОЦЕНКИ БЕЗОПАСНОСТИ И КАЧЕСТВА ПРОДУКЦИИ АГРОПРОМЫШЛЕННОГО КОМПЛЕКСА""";"ФЕДЕРАЛЬНОЕ ГОСУДАРСТВЕННОЕ БЮДЖЕТНОЕ УЧРЕЖДЕНИЕ ""ФЕДЕРАЛЬНЫЙ ЦЕНТР ОЦЕНКИ БЕЗОПАСНОСТИ И КАЧЕСТВА ПРОДУКЦИИ АГРОПРОМЫШЛЕННОГО КОМПЛЕКСА""";19.05.2026;28.05.2026;Закупка завершена;;;27.05.2026;
44-ФЗ;№0818500000826003219;Электронный аукцион;Поставка медицинских изделий для остеосинтеза (винт костный ортопедический, нерассасывающийся, нестерильный);;'262231104008823110100108060013250244;;;17229998.00;RUB;0;;;;;;"ГОСУДАРСТВЕННОЕ БЮДЖЕТНОЕ УЧРЕЖДЕНИЕ ЗДРАВООХРАНЕНИЯ ""НАУЧНО-ИССЛЕДОВАТЕЛЬСКИЙ ИНСТИТУТ - КРАЕВАЯ КЛИНИЧЕСКАЯ БОЛЬНИЦА № 1 ИМЕНИ ПРОФЕССОРА С.В.ОЧАПОВСКОГО"" МИНИСТЕРСТВА ЗДРАВООХРАНЕНИЯ КРАСНОДАРСКОГО КРАЯ";"ГОСУДАРСТВЕННОЕ КАЗЕННОЕ УЧРЕЖДЕНИЕ КРАСНОДАРСКОГО КРАЯ ""ДИРЕКЦИЯ ГОСУДАРСТВЕННЫХ ЗАКУПОК""";19.05.2026;28.05.2026;Закупка завершена;;;27.05.2026;
44-ФЗ;№1011500001526000009;Электронный аукцион;Система гардеробная автоматическая комплектная;;'262165108083316510100100160021013244;;;11893600.00;RUB;0;;;;;;"ГОСУДАРСТВЕННОЕ АВТОНОМНОЕ ПРОФЕССИОНАЛЬНОЕ ОБРАЗОВАТЕЛЬНОЕ УЧРЕЖДЕНИЕ ""КОЛЛЕДЖ НЕФТЕХИМИИ И НЕФТЕПЕРЕРАБОТКИ ИМЕНИ Н.В.ЛЕМАЕВА""";"ГОСУДАРСТВЕННОЕ АВТОНОМНОЕ ПРОФЕССИОНАЛЬНОЕ ОБРАЗОВАТЕЛЬНОЕ УЧРЕЖДЕНИЕ ""КОЛЛЕДЖ НЕФТЕХИМИИ И НЕФТЕПЕРЕРАБОТКИ ИМЕНИ Н.В.ЛЕМАЕВА""";06.05.2026;28.05.2026;Закупка завершена;;;14.05.2026;
44-ФЗ;№0818500000826003301;Запрос котировок в электронной форме;"Поставка аппарата вентиляции легких положительным давлением терапевтического; шифр регионального проекта Краснодарского края 00Я3012101933";;'262230905305823100100110150013250244;;;9399874.00;RUB;0;;;;;;МИНИСТЕРСТВО ЗДРАВООХРАНЕНИЯ КРАСНОДАРСКОГО КРАЯ;"ГОСУДАРСТВЕННОЕ КАЗЕННОЕ УЧРЕЖДЕНИЕ КРАСНОДАРСКОГО КРАЯ ""ДИРЕКЦИЯ ГОСУДАРСТВЕННЫХ ЗАКУПОК""";21.05.2026;28.05.2026;Закупка завершена;;;28.05.2026;
44-ФЗ;№0818500000826003312;Запрос котировок в электронной форме;Поставка аппарата искусственной вентиляции легких портативного электрического;;'262230905305823100100110420013250244;;;7940976.99;RUB;0;;;;;;МИНИСТЕРСТВО ЗДРАВООХРАНЕНИЯ КРАСНОДАРСКОГО КРАЯ;"ГОСУДАРСТВЕННОЕ КАЗЕННОЕ УЧРЕЖДЕНИЕ КРАСНОДАРСКОГО КРАЯ ""ДИРЕКЦИЯ ГОСУДАРСТВЕННЫХ ЗАКУПОК""";21.05.2026;28.05.2026;Закупка завершена;;;28.05.2026;
44-ФЗ;№0818500000826003313;Запрос котировок в электронной форме;Поставка аппарата искусственной вентиляции легких портативного электрического;;'262230905305823100100109410023250244;;;7940976.99;RUB;0;;;;;;МИНИСТЕРСТВО ЗДРАВООХРАНЕНИЯ КРАСНОДАРСКОГО КРАЯ;"ГОСУДАРСТВЕННОЕ КАЗЕННОЕ УЧРЕЖДЕНИЕ КРАСНОДАРСКОГО КРАЯ ""ДИРЕКЦИЯ ГОСУДАРСТВЕННЫХ ЗАКУПОК""";21.05.2026;28.05.2026;Закупка завершена;;;28.05.2026;
44-ФЗ;№0818500000826003296;Запрос котировок в электронной форме;"Поставка аппарата вентиляции легких положительным давлением терапевтического; шифр регионального проекта Краснодарского края 00Я3012101933";;'262230905305823100100109180023250244;;;9399874.00;RUB;0;;;;;;МИНИСТЕРСТВО ЗДРАВООХРАНЕНИЯ КРАСНОДАРСКОГО КРАЯ;"ГОСУДАРСТВЕННОЕ КАЗЕННОЕ УЧРЕЖДЕНИЕ КРАСНОДАРСКОГО КРАЯ ""ДИРЕКЦИЯ ГОСУДАРСТВЕННЫХ ЗАКУПОК""";21.05.2026;28.05.2026;Закупка завершена;;;28.05.2026;
44-ФЗ;№0818500000826003213;Электронный аукцион;Поставка лекарственных препаратов для медицинского применения: Устекинумаб;;'262230905305823100100110290012120323;;;12674138.00;RUB;0;;;;;;МИНИСТЕРСТВО ЗДРАВООХРАНЕНИЯ КРАСНОДАРСКОГО КРАЯ;"ГОСУДАРСТВЕННОЕ КАЗЕННОЕ УЧРЕЖДЕНИЕ КРАСНОДАРСКОГО КРАЯ ""ДИРЕКЦИЯ ГОСУДАРСТВЕННЫХ ЗАКУПОК""";18.05.2026;28.05.2026;Закупка завершена;;;26.05.2026;
44-ФЗ;№0818500000826003311;Запрос котировок в электронной форме;Поставка аппарата искусственной вентиляции легких портативного электрического;;'262230905305823100100110410013250244;;;7940976.99;RUB;0;;;;;;МИНИСТЕРСТВО ЗДРАВООХРАНЕНИЯ КРАСНОДАРСКОГО КРАЯ;"ГОСУДАРСТВЕННОЕ КАЗЕННОЕ УЧРЕЖДЕНИЕ КРАСНОДАРСКОГО КРАЯ ""ДИРЕКЦИЯ ГОСУДАРСТВЕННЫХ ЗАКУПОК""";21.05.2026;28.05.2026;Закупка завершена;;;28.05.2026;
44-ФЗ;№0818500000826003237;Электронный аукцион;Поставка лекарственного препарата для медицинского применения (МНН Трастузумаб эмтанзин);;'262231507458523150100100600012120244;;;42655984.00;RUB;0;;;;;;"ГОСУДАРСТВЕННОЕ БЮДЖЕТНОЕ УЧРЕЖДЕНИЕ ЗДРАВООХРАНЕНИЯ ""ОНКОЛОГИЧЕСКИЙ ДИСПАНСЕР № 3"" МИНИСТЕРСТВА ЗДРАВООХРАНЕНИЯ КРАСНОДАРСКОГО КРАЯ";"ГОСУДАРСТВЕННОЕ КАЗЕННОЕ УЧРЕЖДЕНИЕ КРАСНОДАРСКОГО КРАЯ ""ДИРЕКЦИЯ ГОСУДАРСТВЕННЫХ ЗАКУПОК""";19.05.2026;28.05.2026;Закупка завершена;;;27.05.2026;
44-ФЗ;№0145200000426000820;Электронный аукцион;Приобретение квартиры для нужд  ГБУЗ «ЛОЦПЗ»;;'262470000118078420100100930016810412;;;7871357.34;RUB;0;;;;;;КОМИТЕТ ПО ЗДРАВООХРАНЕНИЮ ЛЕНИНГРАДСКОЙ ОБЛАСТИ;КОМИТЕТ ГОСУДАРСТВЕННОГО ЗАКАЗА ЛЕНИНГРАДСКОЙ ОБЛАСТИ;20.05.2026;28.05.2026;Закупка завершена;;;28.05.2026;
44-ФЗ;№0818500000826003300;Запрос котировок в электронной форме;"Поставка аппарата вентиляции легких положительным давлением терапевтического; шифр регионального проекта Краснодарского края 00Я3012101933";;'262230905305823100100110160013250244;;;9399874.00;RUB;0;;;;;;МИНИСТЕРСТВО ЗДРАВООХРАНЕНИЯ КРАСНОДАРСКОГО КРАЯ;"ГОСУДАРСТВЕННОЕ КАЗЕННОЕ УЧРЕЖДЕНИЕ КРАСНОДАРСКОГО КРАЯ ""ДИРЕКЦИЯ ГОСУДАРСТВЕННЫХ ЗАКУПОК""";21.05.2026;28.05.2026;Закупка завершена;;;28.05.2026;
44-ФЗ;№0818500000826003229;Электронный аукцион;Оказание услуг по техническому сопровождению информационной системы ведения централизованного бюджетного учета и формирования бюджетной отчетности;;'262230826429623080100100240016209244;;;6844200.00;RUB;0;;;;;;"ГОСУДАРСТВЕННОЕ КАЗЕННОЕ УЧРЕЖДЕНИЕ КРАСНОДАРСКОГО КРАЯ ""ЦЕНТР БУХГАЛТЕРСКОГО УЧЕТА""";"ГОСУДАРСТВЕННОЕ КАЗЕННОЕ УЧРЕЖДЕНИЕ КРАСНОДАРСКОГО КРАЯ ""ДИРЕКЦИЯ ГОСУДАРСТВЕННЫХ ЗАКУПОК""";19.05.2026;28.05.2026;Закупка завершена;;;27.05.2026;
44-ФЗ;№0818500000826003180;Электронный аукцион;Оказание услуг по стирке, дезинфекционной обработке, сушке и глаженью текстильных изделий;;'263233400658023340100101570019601244;;;5400000.00;RUB;0;;;;;;"ГОСУДАРСТВЕННОЕ БЮДЖЕТНОЕ УЧРЕЖДЕНИЕ ЗДРАВООХРАНЕНИЯ ""КАНЕВСКАЯ ЦЕНТРАЛЬНАЯ РАЙОННАЯ БОЛЬНИЦА"" МИНИСТЕРСТВА ЗДРАВООХРАНЕНИЯ КРАСНОДАРСКОГО КРАЯ";"ГОСУДАРСТВЕННОЕ КАЗЕННОЕ УЧРЕЖДЕНИЕ КРАСНОДАРСКОГО КРАЯ ""ДИРЕКЦИЯ ГОСУДАРСТВЕННЫХ ЗАКУПОК""";18.05.2026;28.05.2026;Закупка завершена;;;26.05.2026;
44-ФЗ;№0818500000826003297;Запрос котировок в электронной форме;"Поставка аппарата вентиляции легких положительным давлением терапевтического; шифр регионального проекта Краснодарского края 00Я3012101933";;'262230905305823100100110190013250244;;;9399874.00;RUB;0;;;;;;МИНИСТЕРСТВО ЗДРАВООХРАНЕНИЯ КРАСНОДАРСКОГО КРАЯ;"ГОСУДАРСТВЕННОЕ КАЗЕННОЕ УЧРЕЖДЕНИЕ КРАСНОДАРСКОГО КРАЯ ""ДИРЕКЦИЯ ГОСУДАРСТВЕННЫХ ЗАКУПОК""";21.05.2026;28.05.2026;Закупка завершена;;;28.05.2026;
44-ФЗ;№0818500000826003314;Запрос котировок в электронной форме;Поставка аппарата искусственной вентиляции легких портативного электрического;;'262230905305823100100110400013250244;;;7940976.99;RUB;0;;;;;;МИНИСТЕРСТВО ЗДРАВООХРАНЕНИЯ КРАСНОДАРСКОГО КРАЯ;"ГОСУДАРСТВЕННОЕ КАЗЕННОЕ УЧРЕЖДЕНИЕ КРАСНОДАРСКОГО КРАЯ ""ДИРЕКЦИЯ ГОСУДАРСТВЕННЫХ ЗАКУПОК""";21.05.2026;28.05.2026;Закупка завершена;;;28.05.2026;
44-ФЗ;№0136500001126003111;Электронный аукцион;Поставка быстровозводимой конструкции тепличного комплекса по выращиванию посадочного материала сеянцев;;'262690202535769520100100900020000244;;;34300300.00;RUB;0;;;;;;"ГОСУДАРСТВЕННОЕ БЮДЖЕТНОЕ УЧРЕЖДЕНИЕ ТВЕРСКОЙ ОБЛАСТИ ""ЛЕСОЗАЩИТНЫЙ ПРОТИВОПОЖАРНЫЙ ЦЕНТР - ТВЕРЬЛЕС""";КОМИТЕТ ГОСУДАРСТВЕННОГО ЗАКАЗА ТВЕРСКОЙ ОБЛАСТИ;20.05.2026;28.05.2026;Закупка завершена;;;28.05.2026;
44-ФЗ;№0133200001726001139;Открытый конкурс в электронной форме на проведение работ по строительству, реконструкции, кап. ремонту, сносу объекта кап. строительства в соответствии с п. 8 ч. 1 ст. 33 Закона № 44-ФЗ;"Выполнение работ по капитальному ремонту здания МБУ ДО ""Южская ДШИ"" по адресу:  155630, Ивановская обл., Южский р-н, г. Южа, ул. Советская, д. 15»";;'263372600081737260100100070014120243;;;29063346.32;RUB;0;;;;;;"МУНИЦИПАЛЬНОЕ БЮДЖЕТНОЕ УЧРЕЖДЕНИЕ ДОПОЛНИТЕЛЬНОГО ОБРАЗОВАНИЯ ""ЮЖСКАЯ ДЕТСКАЯ ШКОЛА ИСКУССТВ""";ДЕПАРТАМЕНТ КОНКУРСОВ И АУКЦИОНОВ ИВАНОВСКОЙ ОБЛАСТИ;17.04.2026;28.05.2026;Закупка завершена;;;25.05.2026;
44-ФЗ;№0173100005026000004;Электронный аукцион;Оказание услуг ОСАГО для нужд межрегиональных территориальных управлений Ространснадзора;;'261771454975177140100100340016512244;;;6254303.55;RUB;0;;;;;;ФЕДЕРАЛЬНАЯ СЛУЖБА ПО НАДЗОРУ В СФЕРЕ ТРАНСПОРТА;ФЕДЕРАЛЬНАЯ СЛУЖБА ПО НАДЗОРУ В СФЕРЕ ТРАНСПОРТА;19.05.2026;28.05.2026;Закупка завершена;;;27.05.2026;
223-ФЗ;№32615975060;Иной способ;Оказание транспортных услуг Русское Лот 3.3;;;1;Оказание транспортных услуг Русское Лот 3.3;129377074.64;RUB;129377074.64;;;;49.39.39.000: Услуги по перевозке пассажиров сухопутным транспортом прочие, не включенные в другие группировки;;"ОБЩЕСТВО С ОГРАНИЧЕННОЙ ОТВЕТСТВЕННОСТЬЮ ""БОРЕЦ-МУРАВЛЕНКО""";"ОБЩЕСТВО С ОГРАНИЧЕННОЙ ОТВЕТСТВЕННОСТЬЮ ""ПРОИЗВОДСТВЕННАЯ КОМПАНИЯ ""БОРЕЦ""";04.05.2026;28.05.2026;Закупка завершена;;;13.05.2026 12:00;
223-ФЗ;№32616057849;Иной способ;Поставка персональных компьютеров в сборе;;;1;Поставка персональных компьютеров в сборе;5545857.67;RUB;5545857.67;;;;26.20.1: Компьютеры, их части и принадлежности;;"ОБЩЕСТВО С ОГРАНИЧЕННОЙ ОТВЕТСТВЕННОСТЬЮ ""СОВРУДНИК""";"ОБЩЕСТВО С ОГРАНИЧЕННОЙ ОТВЕТСТВЕННОСТЬЮ ""СОВРУДНИК""";28.05.2026;28.05.2026;Закупка завершена;;;29.05.2026 18:00;
44-ФЗ;№0144200002426000206;Электронный аукцион на проведение работ по строительству, реконструкции, кап. ремонту, сносу объекта кап. строительства в соответствии с п. 8 ч. 1 ст. 33 Закона № 44-ФЗ;"Капитальный ремонт здания ОБПОУ ""КГТТС""(кровля и фасад), расположенного по адресу: г. Курск ул. Пучковка, д.35";;'262463002178346320100100080014339243;;;17282475.00;RUB;0;;;;;;"ОБЛАСТНОЕ БЮДЖЕТНОЕ ПРОФЕССИОНАЛЬНОЕ ОБРАЗОВАТЕЛЬНОЕ УЧРЕЖДЕНИЕ ""КУРСКИЙ ГОСУДАРСТВЕННЫЙ ТЕХНИКУМ ТЕХНОЛОГИЙ И СЕРВИСА""";МИНИСТЕРСТВО ГРАДОСТРОИТЕЛЬНОЙ ПОЛИТИКИ, ИМУЩЕСТВЕННЫХ И ЗЕМЕЛЬНЫХ ОТНОШЕНИЙ КУРСКОЙ ОБЛАСТИ;19.05.2026;28.05.2026;Закупка завершена;;;28.05.2026;
